# Blender 4.3.2
# www.blender.org
o model
v -0.449556 1.642645 -0.115063
v -0.464194 1.635576 -0.123712
v -0.470715 1.629268 -0.147885
v -0.442329 1.630385 -0.129776
v -0.429369 1.656277 -0.136307
v -0.440802 1.642866 -0.150742
v -0.444180 1.660971 -0.128902
v -0.451121 1.661030 -0.116089
v -0.465603 1.652550 -0.129041
v -0.434519 1.647190 -0.102168
v -0.426647 1.638970 -0.113561
v -0.414604 1.626428 -0.126260
v -0.422271 1.620127 -0.141525
v -0.404215 1.648063 -0.129213
v -0.391083 1.644423 -0.108078
v -0.378588 1.636195 -0.118816
v -0.382512 1.636155 -0.136950
v -0.370705 1.633182 -0.084332
v -0.361397 1.625522 -0.108077
v -0.354106 1.620964 -0.133565
v -0.256469 1.576453 -0.141021
v -0.254882 1.564197 -0.140927
v -0.234425 1.577079 -0.132201
v -0.231132 1.584933 -0.127179
v -0.256364 1.568223 -0.132833
v -0.238336 1.576569 -0.126688
v -0.234291 1.581586 -0.120799
v -0.240696 1.587346 -0.118568
v -0.239413 1.586452 -0.124944
v -0.259106 1.575029 -0.122444
v -0.259849 1.579521 -0.131684
v -0.261579 1.584664 -0.119774
v -0.350965 1.537669 -0.202007
v -0.358789 1.523820 -0.209006
v -0.353364 1.521659 -0.193763
v -0.355021 1.528630 -0.184421
v -0.330846 1.524464 -0.189029
v -0.340533 1.543038 -0.176295
v -0.331107 1.550283 -0.186798
v -0.323213 1.517054 -0.202941
v 0.083884 1.473216 -0.146281
v 0.086210 1.477333 -0.154595
v 0.087688 1.471052 -0.159754
v 0.083540 1.465026 -0.150502
v 0.100386 1.471115 -0.154019
v 0.099114 1.479168 -0.160320
v 0.093051 1.486434 -0.154899
v 0.099386 1.469957 -0.147045
v -0.254882 0.977255 0.022230
v -0.255138 0.964419 -0.008571
v -0.248467 0.951454 0.005473
v -0.242669 0.969866 0.032370
v -0.220658 0.805645 -0.179163
v -0.220302 0.806976 -0.160584
v -0.223307 0.794183 -0.163619
v -0.223950 0.792409 -0.178157
v -0.232746 0.808978 -0.150874
v -0.231341 0.794921 -0.156815
v -0.350702 0.714905 -0.118558
v -0.362530 0.683613 -0.119926
v -0.353581 0.685653 -0.133772
v -0.336589 0.707934 -0.127176
v -0.355722 0.715949 -0.147063
v -0.343680 0.710449 -0.148330
v -0.366518 0.682140 -0.143333
v -0.379077 0.650701 -0.122388
v -0.376599 0.650242 -0.132694
v -0.366918 0.627739 -0.127360
v -0.375028 0.635383 -0.120758
v -0.314820 0.753923 -0.129283
v -0.335354 0.713951 -0.137660
v -0.307187 0.745453 -0.141466
v -0.314487 0.753764 -0.153519
v -0.245447 0.838810 -0.131206
v -0.266902 0.837825 -0.120205
v -0.277577 0.795745 -0.128608
v -0.248918 0.808487 -0.142163
v -0.288853 0.846498 -0.111259
v -0.304307 0.808944 -0.124239
v -0.243218 0.793239 -0.162188
v -0.264784 0.779757 -0.149687
v -0.328350 0.762995 -0.122086
v -0.266684 0.798120 -0.162556
v -0.240323 0.806771 -0.175266
v -0.228801 0.833101 -0.176216
v -0.244491 0.836519 -0.164693
v -0.260381 0.843040 -0.149454
v -0.285870 0.805489 -0.151444
v 0.257545 0.960928 -0.038414
v 0.259614 0.945340 -0.039579
v 0.274943 0.960659 -0.045191
v 0.274251 0.973528 -0.030665
v 0.274451 0.990660 -0.033250
v 0.274000 0.992572 -0.046401
v 0.273469 0.993004 -0.062035
v 0.277355 0.959587 -0.061902
v 0.262921 0.996991 -0.008345
v 0.255642 1.013294 -0.024830
v 0.257746 1.022329 -0.042740
v -0.032553 0.718837 0.131058
v -0.041117 0.720586 0.136130
v -0.041111 0.709185 0.134469
v -0.038095 0.703274 0.132140
v -0.040703 0.707854 0.112721
v -0.054754 0.720361 0.116599
v -0.025798 0.769724 0.118523
v -0.017864 0.794962 0.120801
v -0.009261 0.787145 0.131761
v -0.025058 0.766488 0.132155
v -0.002295 0.838540 0.121322
v 0.008206 0.833548 0.132313
v -0.032531 0.768133 0.135985
v -0.025822 0.795099 0.136282
v -0.012243 0.840252 0.138142
v -0.001898 0.835837 0.147183
v 0.091266 0.967626 0.159213
v 0.070175 0.963705 0.162421
v 0.071250 0.930465 0.169203
v 0.082711 0.938957 0.166325
v 0.063641 0.906825 0.163607
v 0.089461 0.931019 0.156539
v 0.051791 0.921068 0.161573
v 0.095757 0.966205 0.141370
v 0.355234 0.765503 -0.145819
v 0.369745 0.773149 -0.146288
v 0.367904 0.745528 -0.140948
v 0.366600 0.747665 -0.141860
v -0.216923 0.946723 0.009159
v -0.222968 0.922949 0.013464
v -0.228556 0.927996 0.016463
v -0.223418 0.946986 0.014015
v -0.225630 0.913363 0.013812
v -0.230430 0.921052 0.010852
v -0.224870 0.942176 0.003170
v -0.229379 0.914664 -0.007625
v -0.223161 0.937391 -0.012829
v -0.226570 0.904497 0.004725
v -0.217531 0.933105 -0.033143
v -0.221254 0.915548 -0.033361
v -0.221971 0.900454 -0.038598
v -0.231054 0.897365 -0.017920
v -0.230520 0.894743 -0.005537
v -0.182104 0.980359 -0.049619
v -0.181047 0.958772 -0.053377
v -0.195260 0.953395 -0.038174
v -0.200173 0.962401 -0.027480
v -0.184408 0.933393 -0.053452
v -0.201126 0.933452 -0.032836
v -0.207785 0.935282 -0.018269
v -0.219347 0.916637 0.001467
v -0.156203 0.869377 -0.085428
v -0.150492 0.900768 -0.079212
v -0.082592 0.886566 -0.074557
v -0.090656 0.838351 -0.076860
v -0.148338 0.926420 -0.077022
v -0.095760 0.919951 -0.080619
v -0.050420 0.924267 -0.062558
v -0.043231 0.903920 -0.043101
v -0.243042 0.618781 0.084985
v -0.236328 0.620699 0.069454
v -0.258034 0.580890 0.060779
v -0.263661 0.590653 0.074894
v -0.324902 0.003339 0.234935
v -0.308394 0.002350 0.224282
v -0.287997 0.002827 0.242319
v -0.287093 0.009602 0.252431
v -0.255719 0.010391 0.238813
v -0.265933 0.001912 0.226504
v -0.286228 0.001809 0.212355
v -0.298248 0.005575 0.125825
v -0.273257 0.007062 0.130285
v -0.281515 0.001178 0.172931
v -0.304650 0.000799 0.182042
v -0.262860 0.001375 0.186444
v -0.250085 0.007964 0.130569
v -0.260922 0.045783 0.236091
v -0.281815 0.061313 0.222846
v -0.298554 0.053379 0.239052
v -0.293794 0.036020 0.247846
v -0.307662 0.062382 0.206787
v -0.323753 0.051999 0.217811
v -0.328825 0.031601 0.225981
v -0.268400 0.071574 0.187358
v -0.307021 0.068807 0.179698
v -0.339715 0.052745 0.174896
v -0.327732 0.063530 0.121652
v -0.342446 0.032518 0.116793
v -0.346527 0.029290 0.174954
v -0.354025 0.012459 0.176723
v -0.346336 0.016110 0.113638
v -0.230856 0.008817 0.127932
v -0.223826 0.024576 0.068914
v -0.228137 0.043460 0.063270
v -0.223371 0.021809 0.126967
v -0.220286 0.046547 0.130537
v -0.219256 0.076950 0.079781
v -0.213254 0.098456 0.047506
v -0.219040 0.054893 0.038911
v -0.217211 0.032938 0.036799
v -0.286142 0.018459 -0.033195
v -0.285313 0.026036 -0.000571
v -0.300130 0.032737 -0.007825
v -0.299641 0.031577 -0.036777
v -0.286745 0.027966 0.028801
v -0.303102 0.030164 0.026434
v -0.293793 0.053522 -0.030314
v -0.298018 0.049089 -0.003679
v -0.308833 0.043226 0.030338
v -0.302796 0.079557 0.002792
v -0.295930 0.090190 -0.029502
v -0.260987 0.115726 0.108314
v -0.290728 0.105260 0.105640
v -0.294249 0.093382 0.129847
v -0.261655 0.091218 0.143986
v -0.321363 0.075588 0.096768
v -0.237727 0.018596 -0.054655
v -0.238868 0.019167 -0.078081
v -0.215933 0.022882 -0.074603
v -0.212315 0.020914 -0.054585
v -0.242723 0.033909 -0.093305
v -0.211545 0.036162 -0.082443
v -0.196986 0.035541 -0.057499
v -0.282184 0.031926 -0.076746
v -0.278838 0.055466 -0.074700
v -0.275542 0.098752 -0.064510
v -0.210249 0.057864 0.010597
v -0.205373 0.093551 0.011298
v -0.197785 0.120642 0.013321
v -0.196175 0.116211 0.034670
v -0.233851 0.105511 0.098727
v -0.234863 0.131379 0.074211
v -0.225042 0.143060 0.081760
v -0.203722 0.123619 0.060980
v -0.301551 0.140195 -0.007825
v -0.283884 0.147313 -0.051251
v -0.306973 0.115083 0.024976
v -0.301627 0.144115 0.065987
v -0.297515 0.164995 0.048269
v -0.298056 0.183121 0.035805
v -0.299049 0.165496 -0.005229
v -0.300543 0.175429 -0.024571
v -0.246844 0.098948 -0.085027
v -0.247617 0.145885 -0.080118
v -0.293322 0.184642 -0.027463
v -0.274174 0.167383 -0.055279
v -0.247596 0.163190 -0.068266
v -0.302166 0.200183 0.024984
v -0.196195 0.126242 -0.018300
v -0.199445 0.132151 -0.044979
v -0.195004 0.172981 -0.025861
v -0.198993 0.163977 -0.001871
v -0.217201 0.140561 -0.072746
v -0.220690 0.165368 -0.059655
v -0.215777 0.198781 -0.062273
v -0.201344 0.201815 -0.028907
v -0.205883 0.211073 0.009244
v -0.203925 0.196783 0.016070
v -0.265016 0.233926 0.063551
v -0.272260 0.213464 0.059853
v -0.234033 0.208831 0.064600
v -0.248776 0.235344 0.070318
v -0.265965 0.191592 0.070168
v -0.227786 0.182917 0.066477
v -0.237989 0.229587 0.065681
v -0.215851 0.207938 0.049185
v -0.261026 0.237712 0.053411
v -0.271982 0.223390 0.041181
v -0.292115 0.207973 0.015549
v -0.224505 0.213818 0.043672
v -0.241171 0.234937 0.056170
v -0.252146 0.247113 0.062392
v -0.248537 0.233716 0.039459
v -0.267795 0.231497 0.028696
v -0.226080 0.224187 0.033588
v -0.221636 0.257816 0.022796
v -0.244957 0.262422 0.031123
v -0.263837 0.265481 0.020310
v -0.288324 0.268661 -0.035326
v -0.288516 0.330949 -0.039909
v -0.264608 0.312832 -0.071315
v -0.269666 0.269002 -0.065550
v -0.242631 0.267937 -0.073479
v -0.237604 0.328199 -0.081289
v -0.202012 0.441460 0.090018
v -0.232358 0.465798 0.082044
v -0.247563 0.450075 0.090771
v -0.242511 0.426812 0.089905
v -0.278637 0.464700 0.060034
v -0.273596 0.477507 0.046859
v -0.234053 0.423274 0.063409
v -0.183228 0.424978 0.050084
v -0.182553 0.433967 0.055663
v -0.233814 0.426412 0.066926
v -0.139688 0.427795 0.005611
v -0.138340 0.437968 0.001490
v -0.122064 0.448815 0.003573
v -0.163591 0.450360 0.055201
v -0.186417 0.462578 0.080079
v -0.304623 0.457845 -0.043253
v -0.290563 0.468850 -0.048081
v -0.280511 0.463399 -0.072541
v -0.286300 0.450001 -0.076671
v -0.265914 0.487060 -0.060689
v -0.252176 0.467004 -0.087666
v -0.246322 0.449195 -0.103521
v -0.292936 0.470379 -0.004328
v -0.287123 0.485774 -0.010429
v -0.287710 0.505043 -0.015266
v -0.259532 0.499087 -0.065977
v -0.136446 0.473552 -0.004846
v -0.133036 0.486028 -0.010837
v -0.141858 0.484486 0.028656
v -0.141618 0.478048 0.045223
v -0.132257 0.506384 -0.009696
v -0.144404 0.500201 0.039175
v -0.154335 0.493562 0.063861
v -0.276121 0.498707 0.035501
v -0.188433 0.512173 0.095302
v -0.210529 0.492258 0.094130
v -0.214740 0.482960 0.084194
v -0.186212 0.499781 0.083276
v -0.235943 0.502103 0.085943
v -0.257934 0.501791 0.056378
v -0.276266 0.519715 -0.010800
v -0.252141 0.519586 -0.062120
v -0.197652 0.505568 -0.095014
v -0.201950 0.500445 -0.076730
v -0.160322 0.485463 -0.053899
v -0.153982 0.494668 -0.062179
v -0.154731 0.513741 -0.054592
v -0.197725 0.526325 -0.072983
v -0.245419 0.538105 -0.053415
v -0.249929 0.524089 0.079510
v -0.264806 0.536606 0.038522
v -0.146528 0.522635 0.044331
v -0.142061 0.561063 0.059688
v -0.162552 0.532159 0.078711
v -0.165525 0.514624 0.069990
v -0.148041 0.572556 0.097084
v -0.185500 0.545910 0.117685
v -0.194184 0.531368 0.122161
v -0.212145 0.512072 0.127319
v -0.204989 0.505911 0.121703
v -0.205290 0.543165 0.126395
v -0.197150 0.577702 0.134999
v -0.180625 0.574968 0.126604
v -0.207441 0.499902 0.110865
v -0.164540 0.594488 0.120666
v -0.116449 0.590426 0.000456
v -0.130993 0.602873 0.065203
v -0.125985 0.558620 -0.001004
v -0.142988 0.596464 0.093656
v -0.151475 0.604683 0.112157
v -0.242095 0.609009 0.101158
v -0.253912 0.584006 0.098523
v -0.251769 0.547324 0.101279
v -0.258055 0.547387 0.090151
v -0.263104 0.548075 0.070571
v -0.187002 0.604822 0.127949
v -0.271076 0.552092 0.036882
v -0.256359 0.582753 0.038310
v -0.247304 0.630201 0.049620
v -0.234276 0.579948 0.118012
v -0.226219 0.608001 0.116880
v -0.217719 0.643909 0.096900
v -0.222161 0.634691 0.111763
v -0.217011 0.625484 0.114412
v -0.173245 0.620850 0.122534
v -0.149012 0.564638 -0.040063
v -0.187962 0.575415 -0.062490
v -0.176128 0.610778 -0.063377
v -0.137793 0.599974 -0.044440
v -0.131323 0.647655 -0.044153
v -0.171842 0.656399 -0.060611
v -0.217739 0.667720 -0.051731
v -0.227660 0.619474 -0.052138
v -0.234876 0.582943 -0.047637
v -0.209157 0.609207 0.131638
v -0.199648 0.630330 0.126431
v -0.191434 0.646358 0.125169
v -0.230210 0.646599 0.074384
v -0.243405 0.674368 0.055198
v -0.216280 0.670833 0.093595
v -0.211596 0.952559 -0.036130
v -0.199526 0.943789 -0.058259
v -0.190057 0.957654 -0.065859
v -0.195199 0.975585 -0.055089
v -0.158195 0.978862 -0.087994
v -0.162956 0.958069 -0.088238
v -0.168009 0.939299 -0.087876
v -0.211291 0.892780 -0.031794
v -0.224840 0.887319 -0.021921
v -0.216244 0.903643 -0.012014
v -0.205497 0.909570 -0.029976
v -0.234056 0.885466 -0.014856
v 0.231589 0.811537 -0.061183
v 0.225952 0.809170 -0.059221
v 0.224930 0.808072 -0.066070
v 0.228046 0.810711 -0.068489
v 0.316228 0.035319 0.184802
v 0.300833 0.057121 0.190784
v 0.294118 0.051749 0.219921
v 0.299471 0.034866 0.224704
v 0.266210 0.068062 0.200335
v 0.268856 0.057781 0.230381
v 0.268980 0.037665 0.246226
v 0.289251 0.002840 0.221647
v 0.261804 0.005411 0.242499
v 0.261345 0.003245 0.227988
v 0.276999 0.001850 0.208199
v 0.236160 0.003794 0.231880
v 0.247478 0.002415 0.217950
v 0.262625 0.001598 0.197495
v 0.232285 0.063211 0.205773
v 0.242099 0.056814 0.229877
v 0.233420 0.040231 0.238242
v 0.210860 0.046964 0.208279
v 0.305051 0.000903 0.172988
v 0.296960 0.004203 0.112104
v 0.317730 0.003620 0.111945
v 0.318307 0.004086 0.177847
v 0.319795 0.018885 0.180827
v 0.317130 0.022890 0.123704
v 0.232855 0.001797 0.195592
v 0.248068 0.001572 0.185536
v 0.269275 0.000954 0.164563
v 0.246807 0.001629 0.161678
v 0.223629 0.002077 0.160917
v 0.293676 0.036839 0.071100
v 0.290624 0.021613 0.063744
v 0.277791 0.018358 0.063622
v 0.276783 0.032187 0.025722
v 0.279834 0.047638 0.034156
v 0.294288 0.059942 0.083084
v 0.285265 0.085291 0.045831
v 0.271479 0.035682 -0.021919
v 0.262085 0.053036 -0.023074
v 0.196333 0.034086 0.165228
v 0.194639 0.054679 0.115906
v 0.197388 0.037815 0.110681
v 0.190032 0.017424 0.163707
v 0.202581 0.003193 0.161682
v 0.203663 0.015827 0.110961
v 0.183744 0.074557 0.073056
v 0.198503 0.041387 0.061669
v 0.194823 0.024801 0.064481
v 0.194645 0.018964 -0.040674
v 0.190445 0.019367 -0.063670
v 0.207530 0.019422 -0.066531
v 0.216868 0.018962 -0.046492
v 0.179484 0.019795 -0.074579
v 0.212527 0.019882 -0.082473
v 0.235636 0.019261 -0.055286
v 0.174623 0.020026 -0.039496
v 0.274483 0.103217 0.005014
v 0.271825 0.135862 -0.008389
v 0.284474 0.123022 0.044714
v 0.272430 0.127733 0.047608
v 0.249887 0.149205 0.073284
v 0.257989 0.160953 0.078453
v 0.257000 0.036592 -0.068657
v 0.254749 0.061738 -0.068724
v 0.182830 0.088693 0.040133
v 0.191301 0.050096 0.035244
v 0.268710 0.163968 -0.013569
v 0.273139 0.163686 0.028658
v 0.248634 0.178358 0.066735
v 0.168207 0.074697 -0.020076
v 0.178954 0.049383 0.007653
v 0.187109 0.033128 0.033160
v 0.177146 0.032707 0.003241
v 0.269599 0.114722 0.065855
v 0.162551 0.028874 -0.041507
v 0.162177 0.043693 -0.044592
v 0.164137 0.070546 -0.053576
v 0.254225 0.107430 -0.054209
v 0.173841 0.111407 -0.049297
v 0.167736 0.111767 -0.011520
v 0.170179 0.126941 0.039046
v 0.198040 0.115786 0.086153
v 0.194499 0.134083 0.069861
v 0.185440 0.151531 0.074272
v 0.271936 0.187402 0.020640
v 0.271241 0.206442 0.035646
v 0.243563 0.221194 0.059466
v 0.246565 0.198175 0.058103
v 0.215455 0.202807 0.072010
v 0.215870 0.222703 0.069387
v 0.226487 0.240159 0.054458
v 0.230815 0.241604 0.056189
v 0.233652 0.229046 0.045835
v 0.257445 0.213101 0.026351
v 0.208975 0.234720 0.065888
v 0.271451 0.199704 -0.000158
v 0.248159 0.222313 0.019229
v 0.258711 0.205957 -0.007055
v 0.257294 0.177721 -0.039622
v 0.212987 0.230979 0.051968
v 0.215078 0.238833 0.057143
v 0.202291 0.228523 0.058027
v 0.229408 0.229529 0.036088
v 0.205292 0.225764 0.040754
v 0.199773 0.222511 0.063604
v 0.191988 0.204260 0.057620
v 0.193488 0.215238 0.048266
v 0.255663 0.143037 -0.048726
v 0.227335 0.151704 -0.075670
v 0.228192 0.177274 -0.065831
v 0.173003 0.197506 0.041914
v 0.174999 0.173796 0.031525
v 0.187844 0.179808 0.063940
v 0.214485 0.184430 0.081105
v 0.177853 0.201445 0.029281
v 0.228044 0.251949 0.029539
v 0.204149 0.244692 0.033466
v 0.182056 0.209788 0.023254
v 0.168100 0.196703 0.014694
v 0.169906 0.192880 -0.003224
v 0.170573 0.154131 -0.006612
v 0.171801 0.230619 -0.046356
v 0.173926 0.184511 -0.042440
v 0.170757 0.227007 -0.010199
v 0.182889 0.234690 0.018379
v 0.266993 0.382997 -0.028904
v 0.260793 0.310949 -0.022771
v 0.251249 0.312742 -0.057295
v 0.252932 0.377694 -0.071496
v 0.229207 0.238121 -0.071574
v 0.220773 0.309472 -0.076162
v 0.253649 0.237901 -0.051341
v 0.259371 0.241165 -0.016575
v 0.218730 0.370033 -0.094091
v 0.189079 0.304171 -0.074709
v 0.178632 0.367920 -0.093984
v 0.123376 0.403879 -0.055916
v 0.169049 0.406704 -0.088127
v 0.139477 0.352333 -0.056264
v 0.159506 0.295283 -0.052276
v 0.175043 0.434715 0.089992
v 0.221779 0.436380 0.084569
v 0.207938 0.449223 0.088544
v 0.185292 0.454052 0.086192
v 0.213940 0.411987 -0.092180
v 0.212427 0.430345 0.064549
v 0.246483 0.449603 0.032420
v 0.256898 0.463574 0.043707
v 0.219898 0.430477 0.072711
v 0.248415 0.473051 0.034827
v 0.256659 0.475971 -0.035190
v 0.271508 0.460006 -0.020799
v 0.265415 0.448469 -0.021139
v 0.242845 0.512513 0.035080
v 0.215162 0.511987 0.075650
v 0.200421 0.491201 0.078853
v 0.244085 0.495698 0.035114
v 0.203361 0.502161 0.110509
v 0.183775 0.492202 0.112004
v 0.240579 0.479295 0.035880
v 0.252365 0.485500 -0.028014
v 0.213388 0.492014 -0.071193
v 0.213321 0.478833 -0.080529
v 0.259338 0.450935 -0.070430
v 0.249139 0.465715 -0.068319
v 0.106291 0.434862 -0.003137
v 0.131039 0.432695 0.039992
v 0.119962 0.442076 0.032875
v 0.102294 0.439473 -0.002385
v 0.132654 0.451079 0.058008
v 0.098697 0.439847 0.002110
v 0.134944 0.442775 0.060117
v 0.194330 0.508824 0.126467
v 0.184677 0.503270 0.128083
v 0.181161 0.546863 0.131199
v 0.166596 0.538369 0.123360
v 0.150076 0.525117 0.105200
v 0.219501 0.451310 -0.103626
v 0.215217 0.464858 -0.091513
v 0.223325 0.556213 0.101952
v 0.200106 0.553379 0.120875
v 0.201406 0.523916 0.119293
v 0.214124 0.521429 0.105199
v 0.166492 0.473495 0.081231
v 0.135517 0.491029 0.074095
v 0.112999 0.465529 0.051037
v 0.174454 0.427282 0.077858
v 0.105001 0.476760 0.034360
v 0.100636 0.487211 0.000641
v 0.105498 0.472486 -0.010726
v 0.096143 0.461723 0.001453
v 0.122395 0.471411 -0.050262
v 0.122765 0.485272 -0.049104
v 0.151092 0.509312 0.084951
v 0.122449 0.533899 0.057617
v 0.128079 0.538804 0.084975
v 0.238270 0.528118 -0.018201
v 0.237781 0.553660 -0.016775
v 0.232148 0.560672 0.037181
v 0.235333 0.531943 0.032768
v 0.225938 0.565152 -0.011080
v 0.229970 0.575007 0.033352
v 0.212939 0.601886 0.059986
v 0.218695 0.599980 0.065803
v 0.221395 0.529055 0.075672
v 0.232995 0.557233 0.074147
v 0.229949 0.599005 0.085517
v 0.125393 0.571768 0.113603
v 0.116733 0.572363 0.093242
v 0.106224 0.570538 0.063254
v 0.228910 0.604412 0.028693
v 0.214836 0.618500 0.054198
v 0.192674 0.644263 0.083689
v 0.202939 0.668301 0.075608
v 0.220889 0.669202 0.032413
v 0.102549 0.508829 0.002331
v 0.119110 0.503673 0.048369
v 0.098513 0.530099 0.004299
v 0.090507 0.562401 0.006017
v 0.199491 0.632923 0.102021
v 0.195527 0.620347 0.110192
v 0.216261 0.594530 0.109501
v 0.193793 0.593679 0.129588
v 0.178752 0.624855 0.123174
v 0.176006 0.645069 0.120998
v 0.125466 0.616038 0.108970
v 0.108406 0.594047 0.096942
v 0.113450 0.590674 0.111942
v 0.133196 0.607548 0.120467
v 0.148150 0.583874 0.128511
v 0.164667 0.751094 0.109872
v 0.169455 0.678479 0.101917
v 0.196818 0.754301 0.080800
v 0.170253 0.662231 0.104468
v 0.214834 0.748908 0.032413
v 0.121979 0.620781 0.094744
v 0.111302 0.594095 0.085110
v 0.100037 0.599413 0.062403
v 0.084231 0.595073 0.002385
v 0.069587 0.635669 0.000439
v 0.096774 0.644745 -0.043108
v 0.104929 0.598230 -0.043471
v 0.152790 0.600546 -0.061589
v 0.147028 0.651318 -0.061177
v 0.067087 0.679798 -0.003436
v 0.093012 0.694770 -0.053190
v 0.139688 0.715442 -0.070490
v 0.076899 0.738290 -0.070178
v 0.130344 0.778017 -0.084148
v 0.144255 0.759515 -0.071513
v 0.088969 0.720469 -0.060054
v 0.180518 0.732103 -0.052482
v 0.181285 0.775167 -0.051816
v 0.187318 0.809205 -0.045513
v 0.184652 0.826088 -0.061896
v 0.158713 0.825483 -0.069677
v 0.114301 0.789181 -0.078884
v 0.128291 0.826186 -0.079537
v 0.061759 0.812329 -0.065429
v 0.072434 0.764709 -0.062355
v 0.121028 0.819331 0.129736
v 0.093929 0.809679 0.130862
v 0.083830 0.748778 0.100079
v 0.125595 0.748905 0.114590
v 0.042576 0.727922 0.052090
v 0.057367 0.717555 0.051697
v 0.070757 0.749556 0.106195
v 0.073798 0.808985 0.111819
v 0.210606 0.869018 0.026832
v 0.201464 0.886233 0.060894
v 0.192942 0.883363 0.078719
v 0.210875 0.855934 0.030036
v 0.216487 0.816573 0.029572
v 0.194774 0.832256 0.083515
v 0.158019 0.843438 0.119092
v 0.165616 0.913590 0.115134
v 0.149286 0.901818 -0.066993
v 0.161424 0.883812 -0.060768
v 0.132841 0.864589 -0.080226
v 0.120145 0.889070 -0.083114
v 0.052917 0.883763 -0.072750
v 0.054502 0.857639 -0.067836
v 0.178675 0.869385 -0.046533
v 0.166273 0.853098 -0.060056
v 0.040530 0.748403 0.044350
v 0.054863 0.767214 0.084418
v 0.046683 0.803971 0.083445
v 0.183260 0.923657 -0.029570
v 0.188077 0.899486 -0.025745
v 0.181759 0.903396 -0.035422
v 0.175504 0.920031 -0.041015
v 0.163862 0.912520 -0.054195
v 0.175075 0.894728 -0.046216
v 0.186358 0.881507 -0.033045
v 0.206404 0.847701 -0.022258
v 0.205137 0.834374 -0.016177
v 0.209785 0.799712 -0.014519
v 0.054510 0.924994 -0.081511
v 0.051779 0.957560 -0.092951
v 0.089683 0.963819 -0.091971
v 0.105676 0.941588 -0.083621
v 0.127153 0.957237 -0.074784
v 0.098349 0.981731 -0.092908
v 0.048311 0.979655 -0.102795
v 0.217626 0.889361 -0.030658
v 0.231648 0.865396 -0.023374
v 0.226794 0.849586 -0.045747
v 0.210030 0.879394 -0.055184
v 0.233899 0.848817 -0.010537
v 0.233752 0.831073 -0.031670
v 0.227429 0.815359 -0.046950
v 0.231984 0.823763 -0.053614
v 0.227334 0.827130 -0.061380
v 0.217943 0.844317 -0.057747
v 0.203409 0.868418 -0.070735
v 0.217146 0.931356 0.002928
v 0.215605 0.942513 0.038109
v 0.221625 0.917538 0.034599
v 0.222065 0.904818 0.005618
v 0.232531 0.886904 0.011645
v 0.225982 0.912120 0.051151
v 0.209698 0.945397 0.068424
v 0.220653 0.823488 -0.064108
v 0.118350 0.875405 0.134408
v 0.142807 0.882912 0.137657
v 0.140334 0.929787 0.131130
v 0.026384 0.800169 0.034176
v 0.188197 0.917631 -0.038624
v 0.192802 0.899506 -0.033954
v 0.193433 0.884140 -0.039480
v 0.183707 0.902633 -0.054334
v 0.192541 0.925163 0.094696
v 0.208599 0.896310 0.069415
v 0.181816 0.897763 -0.090850
v 0.200279 0.907017 -0.064216
v 0.199462 0.856363 -0.078470
v 0.178568 0.875805 -0.097270
v 0.193884 0.930122 -0.067495
v 0.170513 0.924036 -0.095984
v 0.135119 0.920380 -0.120018
v 0.142530 0.902166 -0.117932
v 0.147047 0.884154 -0.117217
v 0.184778 0.849768 -0.055674
v 0.104997 0.937131 0.132567
v 0.192071 0.868155 -0.048945
v 0.183564 0.877121 -0.061837
v 0.166871 0.933966 -0.068689
v 0.174015 0.903346 -0.068235
v 0.173155 0.938968 -0.059591
v 0.179444 0.947237 -0.046053
v 0.173867 0.880790 -0.073168
v 0.221472 0.845323 -0.014480
v 0.217652 0.829813 -0.040634
v 0.217111 0.822146 -0.053298
v 0.201730 0.830108 -0.066403
v 0.188522 0.832737 -0.078160
v 0.181016 0.838702 -0.072742
v 0.182083 0.856077 -0.068099
v 0.150327 0.964238 0.121702
v 0.170677 0.933852 0.106488
v 0.162548 0.964632 0.119308
v 0.177512 0.970271 0.115250
v 0.235346 0.883588 -0.096857
v 0.219979 0.916996 -0.087115
v 0.181528 0.904471 -0.124746
v 0.208464 0.875368 -0.116787
v 0.211670 0.936109 -0.083107
v 0.176698 0.933646 -0.122045
v 0.132733 0.936570 -0.143675
v 0.134549 0.911772 -0.150535
v 0.188607 0.862762 -0.125883
v 0.155588 0.878771 -0.141346
v 0.110423 0.941428 -0.147301
v 0.134101 0.955283 -0.134531
v 0.121798 0.965330 -0.133331
v 0.160779 0.965121 -0.110939
v 0.168791 0.953937 -0.115602
v 0.109891 0.975143 -0.103700
v 0.109239 0.954775 -0.106183
v 0.133452 0.946624 -0.094146
v 0.143627 0.956059 -0.085959
v 0.157197 0.928248 -0.079648
v 0.139310 0.925848 -0.093306
v 0.108054 0.931242 -0.109197
v 0.238520 0.921675 -0.070510
v 0.254149 0.889114 -0.092880
v 0.276477 0.889205 -0.087159
v 0.251629 0.919702 -0.053859
v 0.265583 0.916224 -0.039471
v 0.290556 0.892396 -0.067926
v 0.263988 0.861786 -0.107565
v 0.278492 0.870617 -0.104278
v 0.294769 0.847070 -0.109196
v 0.307007 0.859675 -0.094762
v 0.383944 0.839185 -0.080001
v 0.380200 0.835058 -0.073797
v 0.388370 0.827963 -0.078153
v 0.390222 0.830161 -0.083130
v 0.378674 0.833352 -0.084935
v 0.387298 0.827197 -0.084370
v 0.382214 0.837343 -0.091237
v 0.389860 0.827387 -0.090617
v 0.356301 0.860390 -0.066507
v 0.349270 0.855156 -0.078486
v 0.363731 0.840772 -0.084993
v 0.370045 0.846776 -0.070311
v 0.359760 0.845008 -0.111889
v 0.370332 0.850740 -0.093522
v 0.353258 0.834509 -0.098874
v 0.339220 0.847777 -0.089833
v 0.374005 0.852333 -0.077352
v 0.360845 0.867457 -0.074495
v 0.357028 0.867281 -0.091240
v 0.347579 0.862774 -0.109046
v 0.129895 0.842970 -0.139716
v 0.172162 0.844582 -0.128546
v 0.209294 0.827025 -0.128411
v 0.179883 0.811104 -0.121193
v 0.127797 0.805836 -0.127029
v 0.338099 0.782366 -0.126286
v 0.359367 0.800465 -0.122345
v 0.343805 0.821658 -0.109452
v 0.324063 0.806824 -0.116308
v 0.306756 0.829643 -0.111902
v 0.325566 0.839004 -0.100727
v 0.356749 0.802813 -0.139824
v 0.344813 0.828095 -0.129334
v -0.188151 0.911133 -0.053390
v -0.190669 0.891608 -0.054795
v -0.195599 0.883951 -0.058540
v -0.180892 0.863862 -0.080605
v 0.272869 0.827320 -0.124948
v -0.072303 1.003103 -0.108425
v -0.095837 1.003838 -0.104036
v -0.095797 1.012887 -0.105958
v -0.077652 1.019316 -0.110950
v -0.141709 1.012989 -0.080602
v -0.144644 1.023427 -0.083650
v -0.150016 1.010467 -0.086988
v -0.102809 1.000540 -0.109386
v -0.067371 0.998449 -0.121647
v -0.061605 1.013831 -0.117466
v -0.054332 1.018140 -0.112550
v 0.309120 0.796681 -0.127525
v 0.326122 0.780067 -0.126485
v 0.309311 0.799747 -0.144047
v 0.322599 0.780422 -0.140485
v 0.337543 0.783473 -0.146252
v 0.083560 0.910414 -0.143994
v 0.076842 0.899095 -0.147117
v 0.079397 0.905020 -0.155934
v 0.078109 0.921696 -0.146313
v 0.078025 0.884124 -0.155525
v 0.086169 0.897776 -0.155532
v 0.089079 0.921232 -0.154089
v -0.043962 1.005247 -0.108719
v 0.371866 0.771494 -0.129205
v 0.356904 0.764630 -0.130009
v -0.187093 0.868278 -0.080443
v -0.204344 0.885546 -0.062784
v -0.203668 0.897386 -0.063504
v -0.176361 0.878614 -0.089928
v -0.168943 0.856259 -0.096955
v -0.182236 0.858403 -0.087632
v -0.191304 0.811666 -0.064655
v -0.200190 0.835525 -0.073477
v -0.187224 0.841926 -0.091749
v 0.014802 0.894538 -0.025544
v 0.007824 0.912977 -0.033709
v 0.056839 0.906096 -0.074114
v 0.004995 0.901168 0.019372
v -0.003870 0.916837 0.014906
v 0.010501 0.930848 -0.058858
v -0.013318 0.926753 0.011232
v -0.007062 0.931374 -0.022411
v -0.004888 0.942410 -0.049020
v -0.203589 0.914260 -0.060567
v -0.175218 0.901353 -0.088231
v -0.135812 0.851187 -0.113607
v -0.138922 0.869275 -0.110636
v -0.139897 0.886314 -0.108966
v -0.168048 0.841021 -0.108606
v 0.247531 0.715707 -0.135664
v 0.273069 0.686886 -0.129479
v 0.267789 0.690781 -0.113534
v 0.247015 0.718122 -0.119640
v 0.322377 0.557503 -0.104675
v 0.328490 0.550831 -0.106627
v 0.325944 0.548362 -0.101720
v 0.324710 0.563744 -0.101257
v 0.341123 0.578816 -0.123830
v 0.342584 0.585099 -0.110956
v 0.322969 0.559699 -0.113740
v 0.327562 0.553874 -0.117384
v 0.332180 0.575825 -0.134360
v 0.322803 0.580054 -0.125922
v 0.320575 0.584786 -0.112825
v 0.314625 0.662055 -0.118685
v 0.297891 0.657213 -0.112152
v 0.304791 0.624849 -0.119321
v 0.323409 0.627553 -0.116341
v 0.297922 0.652951 -0.145817
v 0.311968 0.619750 -0.139201
v 0.289696 0.652020 -0.127406
v 0.328197 0.586640 -0.107358
v 0.330181 0.667661 -0.125192
v 0.321991 0.692920 -0.122615
v 0.301326 0.691525 -0.119644
v 0.343736 0.687104 -0.132839
v 0.332629 0.706081 -0.132306
v 0.337131 0.679711 -0.132675
v 0.348600 0.676785 -0.134873
v 0.343754 0.672665 -0.138098
v 0.344951 0.686650 -0.146057
v 0.348938 0.675550 -0.142834
v 0.348388 0.668977 -0.152135
v 0.337968 0.681561 -0.150427
v 0.262944 0.723134 -0.116177
v 0.283650 0.690619 -0.112897
v 0.315000 0.659758 -0.153319
v 0.299120 0.690947 -0.152792
v 0.320072 0.694565 -0.152540
v 0.329881 0.666634 -0.140942
v 0.332044 0.707616 -0.145420
v 0.303980 0.741586 -0.146429
v 0.294164 0.733155 -0.154491
v 0.277113 0.725479 -0.151852
v 0.085530 0.892711 -0.144244
v 0.324439 0.814848 -0.149338
v 0.331821 0.852829 -0.129306
v 0.310690 0.839322 -0.143072
v -0.229006 0.824502 -0.023003
v -0.235015 0.794061 -0.016934
v -0.151230 0.803023 -0.080589
v 0.083413 0.866623 -0.148713
v 0.089207 0.869457 -0.151255
v 0.128361 0.862736 -0.127797
v 0.107792 0.856154 -0.145132
v 0.099722 0.866746 -0.141094
v 0.119004 0.879387 -0.131280
v -0.247224 0.837480 -0.044677
v -0.234442 0.834049 -0.032784
v -0.246971 0.829046 0.009974
v -0.254850 0.827450 -0.012454
v -0.237428 0.835492 0.046440
v -0.258341 0.824721 -0.001940
v -0.252041 0.836510 0.016422
v 0.220430 0.968682 -0.015528
v 0.229192 0.969753 0.002574
v 0.221367 0.989672 0.016093
v 0.214148 0.982325 -0.012002
v 0.236469 0.970114 0.015247
v 0.232873 0.990116 0.024488
v 0.206689 0.981455 -0.007853
v 0.207954 0.990603 0.023371
v 0.191697 0.771676 -0.117677
v 0.133630 0.774115 -0.113140
v 0.145279 0.748541 -0.103061
v 0.184306 0.756199 -0.123008
v 0.181720 0.754339 -0.128749
v 0.147611 0.742486 -0.120569
v 0.092644 0.774608 -0.126607
v 0.095764 0.745700 -0.119565
v 0.109879 0.728774 -0.127167
v -0.194474 0.843572 -0.101798
v -0.214060 0.836101 -0.076282
v 0.248869 0.850242 -0.111685
v 0.257854 0.813852 -0.121962
v 0.279865 0.826710 -0.131182
v 0.241630 0.763472 -0.128015
v 0.222260 0.791700 -0.131019
v 0.231034 0.755824 -0.133903
v 0.207761 0.746308 -0.133895
v 0.112002 0.892557 -0.133356
v -0.267034 0.820841 0.002593
v -0.266250 0.834480 -0.006199
v -0.264482 0.827359 -0.010683
v -0.260419 0.835883 -0.021329
v -0.261388 0.851224 -0.016933
v 0.204410 1.011704 0.062789
v 0.181231 1.031821 0.097574
v 0.169669 1.020801 0.102355
v 0.197957 1.005433 0.064731
v 0.197845 0.992621 0.069675
v 0.177870 0.997373 0.102428
v 0.138663 1.062223 0.128633
v 0.131369 1.058263 0.116828
v 0.121394 1.047997 0.127614
v 0.151540 1.019055 0.121942
v 0.164702 0.998104 0.120877
v 0.205323 0.749657 -0.141778
v 0.231553 0.755537 -0.142590
v 0.280380 0.778888 -0.129762
v 0.280764 0.779066 -0.145529
v 0.271342 0.809219 -0.140326
v -0.238676 0.793440 0.050664
v -0.242549 0.865097 0.047945
v -0.223257 0.881802 0.081602
v -0.260476 0.837165 0.020197
v -0.246314 0.862473 0.033445
v -0.252254 0.866055 0.027420
v -0.263193 0.868965 0.021799
v -0.269060 0.842262 0.024982
v 0.272546 0.773777 -0.155443
v 0.263086 0.808484 -0.153005
v 0.053225 0.693462 -0.134531
v 0.063710 0.690884 -0.132681
v 0.061985 0.702038 -0.123106
v 0.055252 0.704329 -0.130960
v 0.121566 0.885021 -0.151250
v 0.092109 0.799785 -0.133651
v 0.098981 0.826612 -0.139482
v 0.102470 0.841979 -0.137283
v 0.201313 0.756987 -0.147781
v 0.232014 0.757499 -0.151335
v 0.260300 0.716706 -0.149182
v 0.192380 0.777793 -0.152136
v 0.216494 0.788215 -0.160228
v 0.067450 0.778286 -0.139797
v 0.068352 0.755641 -0.133232
v 0.089152 0.711868 -0.130451
v 0.076953 0.722065 -0.120598
v 0.064017 0.733517 -0.129970
v 0.101088 0.890534 -0.154193
v 0.132901 0.845121 -0.124050
v 0.131094 0.845398 -0.109217
v 0.103409 0.844818 -0.122495
v 0.058752 0.806997 -0.150566
v 0.065256 0.827628 -0.150527
v 0.066013 0.845161 -0.143058
v -0.271142 0.829954 0.012147
v -0.266157 0.849140 0.002886
v -0.261815 0.863716 -0.007397
v -0.260654 0.881675 0.012649
v -0.234678 0.899190 0.050567
v -0.250026 0.908082 0.051705
v -0.249794 0.917204 0.043730
v -0.249354 0.883343 -0.035731
v -0.248260 0.855098 -0.044616
v -0.255346 0.890860 -0.014055
v -0.247587 0.935660 -0.001954
v -0.241649 0.927620 -0.032168
v -0.226535 0.868459 -0.072995
v -0.229026 0.893327 -0.066346
v -0.228552 0.928068 -0.058135
v -0.229383 0.903760 0.061856
v -0.238869 0.880814 0.046825
v -0.233711 0.889491 0.056984
v -0.023598 0.635986 -0.120668
v -0.032204 0.635775 -0.119379
v -0.026244 0.624651 -0.117075
v -0.023865 0.624590 -0.122375
v -0.032163 0.648651 -0.123998
v -0.020099 0.648119 -0.123025
v -0.026688 0.621157 -0.131872
v -0.022429 0.631567 -0.132135
v -0.015915 0.642398 -0.133412
v -0.035218 0.632785 -0.129700
v -0.030289 0.630211 -0.138292
v -0.031355 0.622787 -0.125610
v -0.024363 0.631097 -0.140008
v -0.029093 0.641468 -0.145368
v -0.020962 0.640266 -0.142666
v -0.026471 0.685398 -0.132870
v -0.035671 0.686835 -0.133679
v -0.036049 0.663768 -0.140393
v -0.029097 0.664622 -0.128266
v -0.045409 0.685698 -0.137765
v -0.039899 0.666029 -0.146121
v -0.031990 0.681559 -0.159870
v -0.024217 0.682045 -0.159257
v -0.036557 0.646028 -0.134837
v -0.023435 0.655665 -0.153540
v -0.015649 0.678863 -0.157702
v 0.065439 0.697358 -0.146072
v 0.080720 0.721065 -0.148577
v 0.060500 0.737412 -0.148224
v 0.079981 0.742887 -0.153549
v 0.056253 0.712357 -0.143438
v 0.110156 0.737857 -0.141285
v 0.104540 0.752545 -0.146886
v 0.106518 0.985867 0.123570
v 0.129602 0.987663 0.118542
v 0.103151 0.994915 0.137590
v 0.092639 0.990980 0.132541
v 0.089737 1.008942 0.150634
v 0.237361 0.980568 -0.013502
v 0.229539 1.001884 -0.011333
v 0.229691 1.003470 0.014978
v 0.240478 0.976983 0.003930
v 0.226296 1.018493 -0.014398
v 0.224974 1.023256 0.009729
v 0.215569 1.016952 0.065274
v 0.216540 1.028821 0.053817
v 0.217529 1.037635 0.042450
v 0.203632 1.061485 0.057015
v 0.201652 1.052119 0.083912
v 0.154855 1.083410 0.125153
v 0.157160 1.096379 0.107063
v 0.157211 1.114333 0.096841
v 0.195466 1.080821 0.041943
v 0.217813 1.040250 0.001176
v 0.278508 0.926224 -0.052693
v 0.282187 0.923058 -0.039832
v 0.243770 0.961807 -0.035897
v 0.246418 0.960936 -0.021122
v -0.249864 0.927812 0.026032
v -0.257190 0.896858 0.005924
v 0.193569 0.814902 -0.152625
v 0.226164 0.843251 -0.146242
v 0.242756 0.801030 -0.157694
v 0.265250 0.844301 -0.140476
v 0.255152 0.888881 -0.116752
v 0.233091 0.890628 -0.122275
v 0.210745 0.903748 -0.134071
v 0.186956 0.853895 -0.150326
v 0.246545 1.011222 -0.029497
v 0.257136 0.987355 -0.013984
v -0.199480 0.929700 0.088066
v -0.201295 0.945174 0.086798
v 0.183988 0.800462 -0.146946
v 0.167459 0.777464 -0.135560
v 0.163117 0.799623 -0.139839
v 0.170087 0.822689 -0.145222
v 0.011961 0.912321 0.066099
v 0.033762 0.926791 0.104172
v 0.015572 0.952036 0.095044
v 0.001109 0.932650 0.060143
v 0.068903 0.936137 0.126114
v 0.056978 0.959214 0.119451
v 0.053384 0.973344 0.115962
v 0.014075 0.968399 0.106050
v -0.017525 0.936954 0.056756
v -0.030276 0.956510 0.093668
v -0.026046 0.972629 0.106860
v 0.021067 0.855904 -0.143197
v -0.038897 0.858839 -0.142116
v -0.038547 0.842550 -0.148044
v 0.020291 0.840480 -0.153243
v -0.096273 0.864056 -0.127360
v -0.097602 0.848815 -0.129747
v -0.031310 0.812111 -0.148162
v -0.008593 0.813034 -0.150303
v -0.065153 0.844711 -0.149963
v 0.030653 0.811325 -0.153672
v 0.242176 0.961414 -0.053434
v 0.256589 0.958401 -0.053513
v -0.204993 0.912818 0.087210
v 0.227435 1.027501 -0.021861
v 0.202683 1.058533 -0.007086
v 0.204622 1.044230 -0.042301
v 0.211208 1.029787 -0.028939
v 0.236635 0.935074 -0.095647
v 0.240199 0.958920 -0.072324
v 0.256688 0.953396 -0.071035
v 0.253106 0.930930 -0.092010
v 0.262675 0.983145 -0.082022
v 0.265944 0.956002 -0.077512
v 0.256903 0.984762 -0.067699
v 0.263924 0.930791 -0.090340
v 0.242590 1.009638 -0.049719
v 0.256517 0.985820 -0.047168
v 0.227435 1.027501 -0.021861
v 0.239460 1.037803 -0.016263
v 0.225063 1.028432 -0.034281
v 0.221327 1.021996 -0.029119
v 0.220568 1.034859 -0.014020
v 0.223733 1.027923 -0.046412
v 0.213686 1.037529 -0.042089
v 0.234853 1.040891 -0.056390
v -0.028182 0.921069 0.056877
v -0.050766 0.935516 0.100514
v 0.062731 0.799147 -0.146829
v 0.032434 0.758095 -0.159878
v 0.048303 0.795072 -0.165685
v 0.023269 0.767030 -0.147222
v 0.054537 0.830699 -0.179364
v 0.222615 0.998307 -0.054757
v 0.210884 1.014405 -0.055758
v 0.226916 1.001096 -0.029859
v 0.200693 1.027990 -0.052038
v 0.060727 0.781127 -0.159848
v 0.075307 0.791765 -0.165682
v 0.077166 0.860277 -0.178953
v -0.176998 0.950165 -0.105374
v -0.189513 0.939517 -0.098018
v -0.199385 0.959687 -0.085418
v -0.194559 0.973698 -0.086922
v -0.209009 0.931899 -0.082052
v -0.212484 0.959660 -0.071292
v -0.210347 0.978369 -0.068351
v 0.025148 0.808373 -0.176817
v 0.022438 0.876931 -0.177776
v 0.036809 1.059844 0.146374
v 0.002632 1.044600 0.151793
v 0.013048 0.999872 0.141969
v 0.049957 1.035475 0.143554
v 0.069623 1.018055 0.145235
v 0.050616 0.976242 0.144991
v 0.035953 0.934127 0.144749
v -0.006213 0.951683 0.141942
v -0.116973 0.883738 -0.141325
v -0.098262 0.890119 -0.148643
v -0.083159 0.854679 -0.154157
v -0.110525 0.861703 -0.144747
v -0.103481 0.845136 -0.139710
v -0.100699 0.895914 -0.157331
v -0.082261 0.854076 -0.169340
v 0.196240 1.043743 -0.047892
v 0.205428 1.042546 -0.055826
v -0.448581 0.771111 -0.080221
v -0.451065 0.755998 -0.071529
v -0.450194 0.763382 -0.069578
v -0.450157 0.773744 -0.074016
v -0.448493 0.774984 -0.067283
v -0.445343 0.765512 -0.065010
v -0.444858 0.764843 -0.066492
v -0.441011 0.770847 -0.071079
v -0.442343 0.769982 -0.077920
v -0.444439 0.774319 -0.064724
v -0.423846 0.793255 -0.079225
v -0.429988 0.798186 -0.072305
v -0.438674 0.777305 -0.067487
v -0.437361 0.803381 -0.067275
v -0.315516 0.905336 -0.085941
v -0.321670 0.867052 -0.104377
v -0.310269 0.855561 -0.107586
v -0.296334 0.893801 -0.088898
v -0.275795 0.886945 -0.092535
v -0.323964 0.816783 -0.111992
v -0.325189 0.820496 -0.130793
v -0.310957 0.853814 -0.124119
v -0.322073 0.858882 -0.116909
v 0.182241 1.095069 -0.033371
v 0.173305 1.087011 -0.087758
v 0.182255 1.107750 0.034860
v 0.180279 1.140513 0.030935
v 0.173907 1.128342 -0.030948
v -0.244627 0.988754 -0.009684
v -0.241717 0.962897 -0.024282
v -0.271336 0.940983 -0.069575
v -0.281713 0.944257 -0.054748
v -0.337899 0.869366 -0.097437
v -0.345477 0.892540 -0.081941
v 0.231231 1.034832 -0.081562
v 0.190925 1.052418 -0.077166
v 0.147461 1.074843 -0.103818
v -0.112751 0.923855 -0.148856
v -0.130972 0.921188 -0.153503
v -0.119178 0.903651 -0.161339
v -0.078231 0.854349 -0.179942
v -0.066824 0.870563 -0.177356
v -0.114266 0.937251 -0.171520
v -0.306111 0.815070 -0.145687
v -0.282703 0.849207 -0.135896
v -0.273780 0.882663 -0.123474
v -0.306999 0.878978 -0.122773
v -0.116076 0.913105 0.125120
v -0.097965 0.947115 0.125595
v -0.144712 0.954287 0.126381
v -0.160325 0.920229 0.122246
v -0.082102 0.969284 0.121805
v -0.135246 0.972512 0.123842
v 0.084888 1.050079 0.138752
v 0.060244 1.061603 0.144020
v 0.089630 1.066586 0.134290
v 0.048079 1.079377 0.150918
v -0.225234 0.971765 0.062883
v -0.239165 0.961251 0.035616
v -0.227965 0.992569 0.057754
v -0.227431 0.878539 -0.159798
v -0.246728 0.882840 -0.141789
v -0.243742 0.930088 -0.123830
v -0.214925 0.923061 -0.150978
v -0.282620 0.912588 -0.107719
v -0.200258 0.960327 -0.145112
v -0.223984 0.975778 -0.124144
v -0.416028 0.843827 -0.069106
v -0.407758 0.837927 -0.075965
v -0.376942 0.877370 -0.073833
v -0.388621 0.881073 -0.067129
v -0.348737 0.907948 -0.054012
v -0.370802 0.895861 -0.053892
v -0.380334 0.896436 -0.056013
v -0.220587 0.961167 0.081561
v -0.163167 0.995246 0.123373
v -0.182320 1.008095 0.105494
v -0.195008 1.022153 0.086622
v 0.006646 1.101097 0.161464
v 0.002363 1.075998 0.149577
v 0.044125 1.099919 0.143857
v 0.093811 1.079743 0.132187
v -0.239373 0.999937 0.050159
v -0.239862 1.007472 0.017163
v -0.236938 1.015666 -0.007736
v -0.235869 1.002803 -0.024506
v -0.159611 0.953155 -0.165931
v -0.161239 0.928454 -0.160090
v -0.093836 1.011249 0.122977
v -0.058871 0.993826 0.120088
v -0.074135 0.977335 0.136464
v -0.082987 0.989927 0.148008
v -0.182602 0.956054 -0.157067
v -0.193681 0.923817 -0.163375
v -0.166648 0.937176 -0.146324
v -0.180689 0.920289 -0.146313
v -0.153268 0.927185 -0.154431
v -0.132297 0.984584 0.124282
v -0.072374 0.983962 0.121997
v -0.100824 1.020898 0.126328
v 0.183481 1.047548 -0.063939
v 0.166233 1.044192 -0.086436
v 0.197352 1.047892 -0.071303
v 0.122951 1.040429 -0.123675
v 0.220849 1.027336 -0.082455
v -0.388574 0.880401 -0.091097
v -0.393443 0.882678 -0.074688
v -0.374517 0.905323 -0.059926
v -0.364530 0.906489 -0.081699
v -0.338926 0.927674 -0.069787
v -0.347354 0.928802 -0.048049
v -0.387151 0.895055 -0.042170
v -0.379764 0.912677 -0.038505
v -0.349206 0.933142 -0.028512
v 0.284933 1.336422 -0.131489
v 0.290777 1.351587 -0.133562
v 0.284991 1.351210 -0.118155
v 0.276703 1.341047 -0.114019
v 0.278923 1.369643 -0.135191
v 0.275382 1.365718 -0.117523
v 0.264702 1.357967 -0.108799
v 0.264611 1.334642 -0.131143
v 0.268209 1.334843 -0.147464
v 0.292032 1.339619 -0.155053
v 0.291618 1.338966 -0.179458
v 0.278142 1.324384 -0.155613
v 0.252290 1.352366 -0.128241
v 0.252748 1.354740 -0.143603
v 0.251425 1.357426 -0.159516
v 0.264191 1.339385 -0.160192
v 0.269370 1.327806 -0.162450
v 0.252677 1.351787 -0.112756
v 0.258383 1.335683 -0.115576
v 0.277619 1.295255 -0.167136
v 0.282006 1.302432 -0.154925
v 0.272866 1.292023 -0.142451
v 0.269641 1.288079 -0.151804
v 0.270992 1.311909 -0.150555
v 0.264322 1.297701 -0.145057
v 0.287125 1.316190 -0.175857
v 0.290614 1.331993 -0.198660
v 0.277147 1.352712 -0.224440
v 0.281453 1.356524 -0.210373
v 0.288062 1.336001 -0.215231
v 0.287292 1.358539 -0.189765
v 0.284385 1.309372 -0.187042
v 0.286449 1.318868 -0.205666
v 0.284246 1.326234 -0.223177
v 0.268827 1.343654 -0.234602
v 0.260656 1.344848 -0.195001
v 0.260576 1.344330 -0.213046
v 0.268292 1.335926 -0.211803
v 0.268838 1.334107 -0.198030
v 0.263483 1.343106 -0.225740
v 0.274253 1.330307 -0.219927
v 0.276502 1.323310 -0.204111
v 0.207429 1.382858 -0.224179
v 0.215499 1.394324 -0.230070
v 0.247861 1.353670 -0.239778
v 0.242753 1.349617 -0.225871
v 0.258683 1.369072 -0.227783
v 0.226749 1.400425 -0.219279
v 0.078622 1.805556 -0.031482
v 0.084448 1.824957 0.006773
v 0.118830 1.765632 0.007641
v 0.107517 1.778647 -0.019101
v 0.091814 1.789407 0.077305
v 0.115497 1.739977 0.048697
v 0.122505 1.710806 0.031296
v 0.120240 1.728715 -0.011060
v 0.034642 1.844891 -0.062309
v 0.034413 1.867594 -0.036172
v 0.026582 1.877249 -0.010591
v 0.047222 1.858762 0.034194
v 0.059545 1.821791 0.100785
v 0.103986 1.730726 -0.041125
v 0.108900 1.749750 -0.036341
v 0.072667 1.742029 -0.072658
v 0.072698 1.761314 -0.067243
v 0.074504 1.782952 -0.056852
v 0.103264 1.767674 -0.036691
v 0.165784 1.693173 0.002726
v 0.168838 1.671350 -0.003845
v 0.157076 1.678070 -0.055132
v 0.150152 1.702351 -0.039944
v 0.172367 1.645533 -0.006664
v 0.165754 1.648601 -0.051470
v 0.145143 1.632928 -0.093272
v 0.135317 1.647813 -0.090310
v 0.126391 1.673225 -0.096452
v 0.137925 1.698272 -0.081021
v 0.133119 1.715357 -0.067543
v 0.236455 1.600823 -0.032844
v 0.225022 1.615782 -0.027392
v 0.223147 1.620206 0.002010
v 0.226354 1.601383 -0.001946
v 0.210217 1.597122 0.031865
v 0.199488 1.613987 0.034600
v 0.182859 1.627312 0.030471
v 0.197335 1.631957 -0.008447
v 0.288564 1.558789 -0.044738
v 0.300718 1.568945 -0.032667
v 0.290955 1.564138 -0.011994
v 0.283200 1.549642 -0.029968
v 0.313144 1.582096 -0.022783
v 0.301216 1.574631 -0.003551
v 0.301918 1.538617 -0.028910
v 0.310576 1.546467 -0.002416
v 0.282679 1.564325 0.022411
v 0.280152 1.552716 0.017521
v 0.712527 1.339177 0.175572
v 0.715659 1.328676 0.171800
v 0.728063 1.336982 0.173208
v 0.722036 1.346999 0.166738
v 0.696778 1.336423 0.158539
v 0.709523 1.334478 0.150924
v 0.700158 1.363141 0.139686
v 0.691669 1.352827 0.162318
v 0.713699 1.346030 0.147836
v 0.699914 1.361992 0.114162
v 0.717323 1.383942 0.132645
v 0.685037 1.382103 0.136137
v 0.726909 1.369851 0.123162
v 0.734310 1.365421 0.103805
v 0.664124 1.369431 0.147002
v 0.782108 1.381139 0.131967
v 0.779382 1.378573 0.143407
v 0.793509 1.373323 0.144675
v 0.795278 1.376861 0.137396
v 0.793431 1.366997 0.132610
v 0.793002 1.363908 0.138450
v 0.777470 1.366843 0.139174
v 0.780402 1.370787 0.126957
v 0.744696 1.359608 0.071564
v 0.762297 1.369179 0.088990
v 0.760423 1.372470 0.104889
v 0.758038 1.375759 0.115583
v 0.757935 1.388717 0.102090
v 0.766704 1.386397 0.102496
v 0.738096 1.400877 0.106297
v 0.758277 1.387663 0.121472
v 0.795119 1.379561 0.105890
v 0.792335 1.368518 0.108068
v 0.814196 1.366238 0.109121
v 0.814536 1.373247 0.110130
v 0.793803 1.365819 0.096848
v 0.815311 1.363959 0.102246
v 0.816701 1.373704 0.102167
v 0.795458 1.374697 0.092964
v 0.705423 1.351458 0.069283
v 0.766072 1.375096 0.073383
v 0.763687 1.364447 0.053362
v 0.753577 1.388631 0.135675
v 0.720679 1.398921 0.128694
v 0.758149 1.382479 0.073889
v 0.738087 1.398759 0.075524
v 0.787204 1.366440 0.071939
v 0.809572 1.360484 0.069833
v 0.813187 1.367953 0.066692
v 0.788586 1.376127 0.067237
v 0.787545 1.369469 0.053050
v 0.812172 1.364333 0.055738
v 0.810195 1.356251 0.061006
v 0.785874 1.359846 0.058646
v 0.669268 1.343718 0.077954
v 0.685470 1.342790 0.118700
v 0.784945 1.365953 0.036698
v 0.759740 1.373109 0.049295
v 0.784708 1.355652 0.037560
v 0.801714 1.351116 0.029540
v 0.803728 1.361233 0.028575
v 0.781172 1.353689 0.024087
v 0.799407 1.353044 0.022000
v 0.799727 1.359831 0.020787
v 0.781496 1.363819 0.023038
v 0.757914 1.357983 0.025701
v 0.747862 1.352011 0.027369
v 0.731292 1.391978 0.048680
v 0.751606 1.367795 0.025012
v 0.720114 1.381269 0.027155
v 0.680277 1.416038 0.099271
v 0.671571 1.397793 0.122278
v 0.638163 1.432153 0.095012
v 0.630283 1.413024 0.120897
v 0.622140 1.380040 0.127588
v 0.644155 1.377928 0.125715
v 0.703719 1.342285 0.029444
v 0.768136 1.349496 0.013412
v 0.755305 1.353534 0.019814
v 0.764917 1.343294 0.011356
v 0.763151 1.352990 -0.001141
v 0.743244 1.361348 0.006168
v 0.752819 1.357547 0.020809
v 0.768028 1.355514 0.010060
v 0.707775 1.365203 0.013570
v 0.644494 1.352431 0.103579
v 0.664768 1.344988 0.134534
v 0.621484 1.347295 0.106227
v 0.632888 1.354571 0.028239
v 0.658832 1.352299 0.038658
v 0.640544 1.349258 0.067229
v 0.625403 1.341266 0.063951
v 0.666443 1.377868 0.024154
v 0.639768 1.384288 0.015279
v 0.319970 1.508672 0.049086
v 0.333505 1.494173 0.050507
v 0.349472 1.504895 0.006381
v 0.338493 1.516692 0.020128
v 0.388013 1.483153 -0.012696
v 0.349311 1.492084 -0.026523
v 0.387401 1.494557 0.019398
v 0.327327 1.502175 -0.036488
v 0.333723 1.518705 -0.012630
v 0.326215 1.530243 -0.015412
v 0.329490 1.535548 0.001300
v 0.320176 1.528032 0.015205
v 0.321944 1.521083 -0.012122
v 0.330101 1.519923 0.013100
v 0.306501 1.513307 0.047767
v 0.302301 1.523776 0.052109
v 0.321342 1.542248 0.009890
v 0.309728 1.540579 0.025798
v 0.294790 1.534497 0.051564
v 0.326735 1.537655 -0.030553
v 0.328588 1.542155 -0.008958
v 0.283960 1.522674 -0.059550
v 0.309002 1.511601 -0.039341
v 0.313838 1.470660 -0.047059
v 0.282109 1.476787 -0.054695
v 0.254724 1.500354 -0.072191
v 0.294584 1.543807 0.023232
v 0.281515 1.510308 0.071999
v 0.288875 1.492775 0.080630
v 0.317812 1.475034 0.082954
v 0.257903 1.507091 0.078272
v 0.254771 1.481257 0.092148
v 0.298805 1.581161 0.000602
v 0.312970 1.584213 -0.014766
v 0.293488 1.581561 -0.027324
v 0.300637 1.580147 -0.039693
v 0.282035 1.581448 -0.009886
v 0.266470 1.443612 0.089505
v 0.244822 1.448015 0.094413
v 0.238628 1.504735 0.087042
v 0.228595 1.489140 0.101365
v 0.277798 1.532703 0.056324
v 0.278970 1.521754 0.070647
v 0.216337 1.454025 0.098109
v 0.296382 1.431850 -0.040749
v 0.272916 1.427100 -0.055789
v 0.227060 1.492098 -0.066243
v 0.249235 1.467629 -0.065741
v 0.247418 1.431876 -0.058136
v 0.278173 1.575368 -0.041663
v 0.241938 1.569902 -0.064780
v 0.262511 1.584993 -0.020323
v 0.243607 1.585842 0.003694
v 0.226277 1.577181 -0.075448
v 0.224264 1.599497 -0.064724
v 0.218965 1.609304 -0.060611
v 0.257672 1.520651 0.077374
v 0.236214 1.519824 0.082863
v 0.260349 1.538547 0.053708
v 0.255684 1.548689 0.055581
v 0.190377 1.513473 0.102363
v 0.203100 1.493902 0.094135
v 0.227119 1.533552 0.088996
v 0.288069 1.574182 -0.055364
v 0.261785 1.555322 -0.078829
v 0.216216 1.519072 -0.103491
v 0.200114 1.525598 -0.101187
v 0.203562 1.549663 -0.100926
v 0.198742 1.457885 0.087980
v 0.200134 1.571879 -0.100953
v 0.203071 1.621979 -0.055566
v 0.184043 1.632977 -0.053282
v 0.213249 1.628533 -0.028794
v 0.164528 1.636646 0.029476
v 0.269359 1.538096 -0.069460
v 0.267374 1.534076 -0.059241
v 0.233257 1.506711 -0.077204
v 0.228653 1.506866 -0.089420
v 0.217482 1.485935 -0.096426
v 0.214712 1.481350 -0.089534
v 0.206871 1.479234 -0.082436
v 0.213466 1.500349 -0.071434
v 0.213249 1.485009 -0.057202
v 0.201173 1.493266 -0.060038
v 0.190925 1.497674 -0.060955
v 0.192486 1.498600 -0.072389
v 0.194545 1.477260 -0.085002
v 0.002380 1.884904 -0.052124
v 0.002100 1.888892 -0.015169
v 0.014073 1.871267 0.045362
v 0.215935 1.487516 -0.105688
v 0.221482 1.505946 -0.102046
v 0.207217 1.489620 -0.115285
v -0.155423 0.987194 -0.150575
v -0.127741 0.991693 -0.150047
v -0.106076 0.996598 -0.140699
v -0.084008 0.936983 -0.161111
v 0.109855 0.865264 -0.173770
v 0.109731 0.971035 -0.162580
v 0.149560 0.940610 -0.156039
v 0.046033 0.953547 -0.171300
v 0.179005 0.987384 -0.111495
v 0.164382 1.016877 -0.105593
v 0.077012 1.032123 -0.142119
v -0.243316 1.008233 -0.020980
v -0.239694 1.024781 -0.005804
v -0.242166 1.015464 -0.012799
v -0.241088 1.060665 -0.008670
v -0.240609 1.035782 -0.012784
v -0.225099 1.051126 0.000212
v -0.245791 1.024389 -0.046905
v -0.238810 1.036446 -0.047753
v -0.230992 1.046538 -0.065701
v -0.242739 1.025087 -0.065135
v -0.261070 1.031742 -0.045100
v -0.254140 1.035099 -0.057958
v -0.268668 1.044214 -0.049950
v -0.237340 1.064485 -0.058231
v -0.230695 1.016983 -0.094858
v -0.215380 1.041321 -0.096786
v 0.190714 1.493997 -0.122634
v 0.156088 1.527402 -0.126895
v 0.158445 1.512577 -0.125208
v 0.165867 1.500064 -0.140619
v -0.195749 0.981556 -0.141466
v -0.181216 0.982006 -0.145860
v -0.212792 1.003057 -0.120065
v -0.192265 1.025489 -0.116823
v -0.325039 0.948712 0.009193
v -0.331269 0.956253 -0.009297
v -0.342885 0.938537 -0.007420
v -0.320995 0.945670 0.000646
v -0.320518 0.941395 -0.009690
v -0.348816 0.922658 -0.015573
v -0.329711 0.958993 -0.017072
v -0.350246 0.934134 -0.016879
v -0.328871 0.950665 0.040699
v -0.336145 0.960906 0.045121
v -0.341634 0.954229 0.050924
v -0.339239 0.945274 0.046779
v -0.341947 0.959572 0.037748
v -0.346630 0.954125 0.045240
v -0.307616 0.965229 -0.000522
v -0.309594 0.965088 0.013634
v -0.338025 0.961017 0.018695
v -0.326806 0.977013 0.004343
v -0.325686 0.948654 0.023148
v -0.312684 0.964579 0.029407
v -0.344581 0.955227 0.033212
v -0.348684 0.949155 0.040849
v -0.318536 0.965842 0.041917
v -0.327218 0.969948 0.039767
v -0.298558 0.970659 -0.008830
v -0.289157 0.976657 -0.023721
v -0.311737 0.964216 -0.021216
v -0.308375 0.981369 -0.016334
v -0.304622 0.982662 -0.000753
v -0.302843 0.983976 0.013695
v -0.319478 0.934666 -0.025696
v -0.290572 0.959545 -0.015477
v -0.319416 0.981485 -0.024909
v -0.282553 0.976108 -0.041162
v -0.312194 0.950510 -0.040642
v -0.333469 0.969352 0.026997
v -0.321795 0.985704 0.020824
v -0.325886 0.979388 -0.014181
v -0.285830 1.025110 -0.037907
v -0.278385 1.027949 -0.047810
v -0.278388 1.023124 -0.030823
v -0.237737 1.038774 -0.037927
v -0.253931 1.040455 -0.032305
v -0.273224 1.028574 -0.018471
v -0.289158 1.032731 -0.032215
v -0.285625 1.042124 -0.017028
v -0.261719 1.053510 -0.033193
v -0.235428 1.066328 -0.041907
v -0.254292 1.000643 -0.015607
v -0.254988 1.011929 -0.007083
v -0.252017 1.020619 -0.017852
v -0.237329 1.039898 -0.025135
v 0.055769 1.125129 0.169420
v 0.021042 1.129748 0.175305
v 0.029059 1.118344 0.168316
v 0.051780 1.113793 0.162333
v 0.047470 1.108771 0.151792
v 0.013317 1.112739 0.159721
v -0.023345 1.125562 0.162429
v 0.044833 1.702408 0.134069
v 0.039199 1.741011 0.149584
v 0.030327 1.727308 0.157928
v 0.027779 1.697040 0.147261
v 0.014470 1.752503 0.151930
v 0.013421 1.733455 0.160722
v 0.011347 1.696716 0.156549
v 0.000454 0.892674 -0.178690
v -0.020860 0.957200 -0.171448
v 0.014490 0.937722 -0.173018
v 0.009531 0.977546 -0.162317
v -0.028452 1.095239 0.173563
v 0.018141 1.673229 0.131520
v 0.033044 1.680146 0.113754
v 0.061597 1.704860 0.123005
v 0.052937 1.679767 0.106170
v 0.052797 1.651780 0.109740
v 0.037655 1.652570 0.120787
v 0.022510 1.649747 0.132252
v 0.182326 1.487183 -0.065160
v 0.176044 1.499285 -0.064126
v 0.179077 1.496425 -0.079042
v -0.046205 1.080319 0.149140
v -0.105489 1.111348 0.125617
v -0.097802 1.126213 0.128019
v -0.101329 1.144050 0.131279
v 0.108938 1.119359 0.145299
v 0.110186 1.134666 0.144615
v 0.065168 1.150485 0.166082
v 0.060638 1.139860 0.173972
v 0.024214 1.147964 0.175067
v 0.041393 1.169933 0.165432
v 0.108470 1.152009 0.143612
v -0.184567 1.072321 -0.095900
v -0.174424 1.061776 -0.107224
v -0.157101 1.061202 0.110039
v -0.191364 1.072040 0.079987
v -0.212849 1.040719 0.074095
v -0.223281 1.042723 0.034043
v -0.207927 1.077605 0.031281
v 0.091871 1.681162 0.082134
v 0.093388 1.667413 0.070110
v 0.101515 1.669293 0.059699
v 0.101707 1.685126 0.078200
v 0.106517 1.677094 0.088095
v 0.104033 1.662571 0.066913
v 0.093988 1.656791 0.062158
v 0.048142 1.750722 0.139339
v 0.088766 1.698606 0.097186
v 0.076383 1.721438 0.120929
v 0.080845 1.686543 0.104712
v 0.070810 1.680575 0.092722
v 0.113695 1.660829 0.107766
v 0.115020 1.646384 0.084238
v 0.121560 1.640228 0.092842
v 0.122463 1.657836 0.114560
v 0.101555 1.630900 0.081946
v 0.108375 1.621195 0.076168
v 0.102532 1.606600 0.108555
v 0.131776 1.641114 0.098305
v 0.099666 1.606626 0.104393
v 0.126270 1.671254 0.099139
v 0.084077 1.664014 0.079428
v 0.083205 1.652282 0.070207
v 0.099930 1.647461 0.072107
v 0.081936 1.644144 0.060500
v 0.063306 1.647291 0.096782
v 0.048161 1.632121 0.110227
v 0.052997 1.625398 0.101123
v 0.071718 1.666239 0.076473
v 0.067783 1.648474 0.081458
v 0.065138 1.630744 0.076745
v 0.057221 1.620720 0.090952
v 0.079070 1.625189 0.045860
v 0.078413 1.614600 0.048159
v 0.086462 1.631915 0.055020
v 0.086859 1.637701 0.064863
v 0.069695 1.648368 0.070446
v 0.067905 1.639188 0.064703
v 0.079857 1.656673 0.065356
v 0.084935 1.674867 0.090911
v 0.036301 1.626437 0.119109
v 0.036598 1.607680 0.110793
v -0.034248 1.154480 0.161828
v 0.090606 1.632097 0.077694
v 0.102617 1.168676 0.133275
v 0.034077 1.176585 0.145237
v -0.031599 1.186062 0.142166
v -0.032198 1.179804 0.157567
v 0.107327 1.602886 0.110667
v 0.135867 1.635971 0.090371
v 0.064528 1.626943 0.055448
v -0.215880 1.081876 -0.001596
v -0.235412 1.076688 -0.004476
v -0.234885 1.073766 -0.022104
v -0.210896 1.090993 -0.026148
v 0.036433 1.595300 0.099898
v 0.027738 1.596740 0.083940
v 0.047972 1.608183 0.075918
v 0.060748 1.619217 0.067415
v 0.056564 1.720638 -0.148697
v 0.031736 1.709261 -0.154716
v 0.015336 1.734447 -0.161913
v 0.023580 1.747920 -0.158282
v -0.018676 1.702810 -0.156743
v -0.023317 1.735798 -0.160363
v -0.025883 1.752784 -0.158922
v 0.086471 1.612730 0.095027
v 0.092041 1.606361 0.094791
v 0.066647 1.618536 0.053331
v 0.062744 1.611100 0.064019
v 0.067266 1.600184 0.063271
v 0.149118 1.510880 0.116733
v 0.147859 1.525759 0.116394
v 0.126749 1.519115 0.125994
v 0.121958 1.506351 0.125524
v 0.108546 1.513869 0.117267
v 0.116862 1.533527 0.118042
v 0.169895 1.537739 0.097779
v 0.155542 1.552991 0.091368
v 0.139032 1.538743 0.108143
v 0.077458 1.601681 0.071789
v 0.079976 1.610159 0.084474
v -0.007439 1.836705 0.119482
v -0.045594 1.818322 0.117805
v -0.033582 1.780037 0.170443
v 0.002656 1.800179 0.173009
v -0.098403 1.765997 0.092724
v -0.088221 1.733586 0.132410
v 0.000076 1.782154 0.201255
v -0.047373 1.754794 0.182229
v -0.156973 1.089534 -0.111039
v -0.157913 1.073286 -0.117987
v -0.160245 1.038830 -0.129427
v 0.115837 1.484556 0.122404
v 0.148220 1.503219 0.107558
v 0.099951 1.495276 0.117283
v 0.155480 1.481880 0.096072
v 0.129702 1.461239 0.112759
v 0.107247 1.422794 0.137600
v 0.082213 1.448763 0.144776
v 0.066477 1.464531 0.136022
v -0.007525 1.696969 0.154567
v -0.024566 1.692323 0.136546
v -0.015444 1.673305 0.120421
v -0.004466 1.669056 0.138433
v -0.048491 1.685660 0.114289
v -0.035689 1.655874 0.116609
v -0.011587 1.648016 0.132571
v -0.012838 1.746459 0.157446
v -0.018747 1.728081 0.162198
v -0.035507 1.722970 0.148064
v -0.017430 1.756635 0.148317
v -0.138778 1.037585 -0.135242
v -0.127937 1.056439 -0.125814
v 0.157027 1.475437 -0.173441
v 0.138886 1.464681 -0.179713
v 0.120281 1.478077 -0.158900
v 0.139938 1.491613 -0.153389
v 0.129325 1.452119 -0.174978
v 0.115269 1.475597 -0.149910
v 0.111798 1.488974 -0.156807
v 0.130068 1.500535 -0.146047
v 0.138478 1.449683 -0.164726
v 0.122597 1.472194 -0.140069
v 0.106060 1.480595 -0.127606
v 0.087498 1.483198 -0.142757
v -0.018915 1.769473 0.150582
v -0.043173 1.738985 0.142035
v -0.058361 1.696212 0.126533
v -0.068795 1.710323 0.121714
v 0.179479 1.423925 -0.059426
v 0.159140 1.407409 -0.075032
v 0.139532 1.426734 -0.099245
v 0.169553 1.444118 -0.069243
v 0.166408 1.467253 -0.073136
v 0.142628 1.464352 -0.098846
v 0.134062 1.362619 -0.080821
v 0.107874 1.369072 -0.105636
v 0.068947 1.385748 -0.123029
v 0.103470 1.444377 -0.122519
v 0.104708 1.469967 -0.111939
v 0.019814 1.600357 0.120872
v 0.003931 1.597396 0.127332
v 0.002867 1.581822 0.111288
v 0.016445 1.584099 0.107776
v -0.014454 1.602858 0.120076
v -0.013591 1.587945 0.108468
v -0.002149 1.588852 0.092868
v -0.103451 1.074802 -0.132651
v -0.120049 1.061563 -0.127659
v -0.142878 1.115868 -0.101274
v 0.086125 1.496081 0.122768
v 0.054348 1.473862 0.134695
v 0.092534 1.507991 0.123790
v 0.054510 1.484847 0.140682
v 0.082747 1.554566 0.126933
v 0.117599 1.588626 0.107395
v 0.110327 1.593655 0.111535
v 0.079267 1.564459 0.125687
v 0.078308 1.577103 0.133342
v -0.255716 1.108709 -0.056868
v -0.259347 1.102462 -0.064115
v -0.272421 1.101823 -0.051634
v -0.269876 1.105426 -0.046537
v -0.252664 1.101821 -0.053856
v -0.268708 1.101803 -0.046016
v -0.274032 1.102377 -0.037595
v -0.250082 1.107729 -0.047133
v -0.232401 1.113317 -0.067407
v -0.233049 1.100901 -0.079297
v -0.207665 1.111560 -0.068555
v -0.227770 1.103211 -0.063764
v -0.210005 1.107886 -0.087573
v -0.214610 1.122467 -0.075185
v -0.215682 1.118535 -0.089515
v -0.186717 1.121608 -0.091010
v -0.189046 1.126899 -0.075981
v -0.224478 1.116926 -0.048898
v -0.208780 1.124502 -0.061266
v -0.190072 1.131303 -0.066640
v -0.171722 1.139859 -0.077244
v -0.177544 1.136897 -0.064009
v -0.181573 1.136166 -0.053168
v -0.183195 1.157855 -0.069167
v 0.143103 1.632339 0.085839
v -0.089591 1.716465 0.146031
v -0.040061 1.606745 0.095798
v -0.032089 1.603807 0.082485
v 0.027546 1.594991 0.067606
v -0.004869 1.574495 0.073166
v -0.031452 1.594558 0.067842
v -0.033837 1.631873 0.116121
v -0.014005 1.623478 0.128773
v -0.039617 1.618752 0.105627
v -0.053372 1.645958 0.098838
v 0.045020 1.599901 0.067188
v 0.047680 1.588622 0.080825
v 0.020425 1.564970 0.082817
v -0.063827 1.667944 0.099883
v 0.135375 1.474452 -0.133170
v 0.120191 1.485425 -0.120871
v 0.104087 1.491533 -0.115377
v 0.106108 1.511346 -0.135718
v -0.179273 1.142928 -0.039764
v -0.151034 1.156060 -0.057194
v -0.195197 1.142477 -0.083746
v -0.162797 1.154564 -0.084188
v 0.003500 1.554917 0.078087
v 0.120540 1.510458 -0.147839
v 0.151207 1.538774 -0.127500
v 0.104015 1.496437 -0.153088
v 0.141424 1.544609 -0.121024
v 0.080612 1.498749 -0.139073
v 0.073402 1.486722 -0.126077
v 0.093370 1.528298 0.122841
v 0.047112 1.512461 0.150113
v 0.048881 1.498547 0.141898
v 0.088249 1.541046 0.130520
v 0.130396 1.559972 -0.123269
v 0.065797 1.519924 -0.155338
v -0.060515 1.506817 -0.151303
v -0.050592 1.474008 -0.144268
v -0.015513 1.453717 -0.135623
v -0.011487 1.538758 0.091701
v -0.000153 1.529221 0.092468
v -0.149229 1.768694 -0.031671
v -0.144077 1.773843 -0.039469
v -0.136230 1.767098 -0.043229
v -0.129910 1.759682 -0.025244
v -0.118280 1.784636 -0.037186
v -0.111092 1.776354 -0.047564
v -0.110932 1.756207 -0.041446
v -0.089305 1.786232 -0.055030
v -0.085824 1.768527 -0.065221
v -0.083903 1.744505 -0.072661
v -0.106341 1.732501 -0.043684
v -0.159668 1.126503 -0.079302
v -0.150583 1.134710 -0.087397
v -0.136867 1.127761 -0.098401
v -0.165603 1.132583 -0.089992
v -0.165869 1.135536 -0.097847
v -0.056983 1.634543 0.084406
v -0.063082 1.650702 0.075063
v -0.071938 1.666530 0.097359
v 0.072996 1.481033 -0.126095
v 0.102113 1.482993 -0.109999
v -0.080934 1.080052 -0.125946
v -0.172127 1.147930 -0.092072
v -0.116763 1.135250 -0.100788
v -0.052094 1.624675 0.062682
v -0.053203 1.620316 0.076719
v -0.080195 1.682813 0.096135
v -0.039552 1.583574 0.073424
v -0.022243 1.556264 0.085452
v -0.174006 1.148160 -0.022653
v -0.163018 1.151112 -0.028043
v -0.155327 1.161843 -0.032750
v -0.126199 1.162960 -0.069476
v -0.082925 1.659087 0.075420
v -0.072653 1.656521 0.070494
v -0.147393 1.141329 0.077816
v -0.149551 1.147578 0.080680
v -0.102777 1.166959 0.130394
v -0.151544 1.166188 0.084082
v -0.149316 1.772345 -0.024996
v -0.124791 1.775470 -0.005441
v -0.127177 1.723883 -0.003505
v -0.125231 1.732651 0.007582
v -0.100977 1.807664 -0.013358
v -0.123258 1.785859 -0.021376
v -0.104292 1.806085 0.012077
v -0.119086 1.753650 0.022835
v -0.104828 1.792991 0.041289
v -0.022153 1.535672 0.105783
v -0.002642 1.531312 0.111093
v 0.075665 1.455305 -0.135590
v 0.073452 1.479866 -0.126138
v -0.063713 1.613841 0.066512
v -0.054384 1.624639 0.053620
v -0.075964 1.645642 0.066310
v -0.077194 1.638869 0.063663
v -0.085050 1.635135 0.059198
v -0.070228 1.613515 0.068827
v -0.134997 1.686103 -0.086511
v -0.115231 1.710755 -0.107161
v -0.102092 1.695739 -0.113064
v -0.112551 1.672162 -0.103767
v -0.071708 1.653385 -0.134475
v -0.069005 1.697885 -0.133213
v -0.076675 1.727101 -0.137381
v -0.051933 1.582369 0.084323
v -0.071614 1.597520 0.081900
v -0.096678 1.626164 0.070225
v -0.100421 1.667852 0.084481
v -0.103235 1.647257 0.071937
v -0.091244 1.651633 0.057800
v -0.091448 1.670666 0.074231
v -0.074492 1.590438 0.092702
v -0.049244 1.576320 0.096610
v -0.034469 1.549197 0.098152
v -0.040422 1.559296 0.109059
v -0.065649 1.585188 0.113433
v -0.015557 1.435992 0.143657
v -0.062701 1.370307 0.141361
v -0.013240 1.359552 0.151774
v 0.015810 1.413389 0.152060
v 0.023105 1.325378 0.144423
v 0.041004 1.391902 0.152149
v -0.047956 1.320731 0.141293
v -0.010062 1.459889 0.149259
v -0.073655 1.481264 0.125975
v -0.077643 1.469545 0.132956
v -0.102692 1.438489 0.136541
v -0.110241 1.309995 0.113715
v -0.122995 1.353667 0.104425
v -0.031534 1.549098 0.121818
v -0.040946 1.564847 0.132803
v -0.048852 1.573415 0.140352
v -0.081200 1.597884 0.121404
v -0.145408 1.603626 -0.105373
v -0.175420 1.629961 -0.078063
v -0.165299 1.632086 -0.068266
v -0.133685 1.616330 -0.096874
v -0.121345 1.631098 -0.089317
v -0.151342 1.647793 -0.069334
v -0.163811 1.655609 -0.052644
v -0.176964 1.644308 -0.053703
v -0.143867 1.699622 -0.077440
v -0.157071 1.673373 -0.059265
v -0.163767 1.680796 -0.040573
v -0.145576 1.711398 -0.069980
v -0.140707 1.719084 -0.060621
v -0.162065 1.697314 -0.030205
v -0.170714 1.658253 -0.033053
v -0.189634 1.640361 -0.059558
v -0.126588 1.663376 0.064260
v -0.125830 1.676709 0.028525
v -0.134843 1.681011 0.015427
v -0.142910 1.677106 0.029341
v 0.042497 1.256167 -0.083414
v -0.020227 1.272995 -0.089480
v -0.021626 1.315724 -0.104007
v 0.041113 1.300995 -0.097129
v 0.045933 1.333918 -0.115137
v -0.001283 1.361919 -0.132787
v -0.032671 1.392461 -0.140943
v -0.069471 1.329522 -0.121362
v -0.028443 1.242238 0.133531
v -0.036769 1.285568 0.134554
v -0.098738 1.283041 0.117452
v -0.084648 1.254359 0.111223
v -0.127034 1.253632 0.072560
v -0.140092 1.271728 0.073471
v -0.142621 1.295440 0.065804
v -0.111961 1.646354 0.103480
v -0.122208 1.650054 0.111630
v -0.115014 1.632989 0.103767
v -0.105590 1.623531 0.100732
v -0.125022 1.661826 0.089928
v -0.132913 1.656082 0.071712
v -0.142445 1.649818 0.064738
v -0.122023 1.627033 0.096586
v 0.001293 1.433883 -0.131622
v -0.003969 1.452167 -0.129139
v 0.030006 1.409430 -0.138358
v -0.069256 1.474101 -0.125960
v -0.068202 1.457543 -0.132909
v -0.155914 1.686653 0.027707
v -0.125595 1.670893 0.069726
v -0.078366 1.432505 -0.131198
v -0.288706 1.542169 -0.205684
v -0.320857 1.538068 -0.210441
v -0.301883 1.554715 -0.189269
v -0.309875 1.563990 -0.171010
v -0.329872 1.563943 -0.176825
v -0.359056 1.559937 -0.177196
v -0.355541 1.565017 -0.188074
v -0.352322 1.572440 -0.180041
v -0.340720 1.534849 -0.215014
v -0.229668 1.645508 -0.015705
v -0.223296 1.655001 -0.020052
v -0.242138 1.657949 -0.027391
v -0.241210 1.652202 -0.028329
v -0.215548 1.652670 -0.041071
v -0.239791 1.651416 -0.045729
v -0.243667 1.638093 -0.041832
v -0.372848 1.580139 -0.186732
v -0.368437 1.581104 -0.178500
v -0.374957 1.571770 -0.179126
v -0.168530 1.606041 -0.133077
v -0.195853 1.630415 -0.119630
v -0.192495 1.630851 -0.096729
v -0.155491 1.599539 -0.115719
v -0.203671 1.644587 -0.069218
v -0.230614 1.627450 -0.136366
v -0.238370 1.629123 -0.101343
v -0.230896 1.648791 -0.073613
v -0.262217 1.524495 -0.180895
v -0.300235 1.526236 -0.166351
v -0.298298 1.522493 -0.182002
v -0.273856 1.520644 -0.189025
v -0.313231 1.556002 -0.161967
v -0.334265 1.558603 -0.168114
v -0.269313 1.524221 -0.210006
v -0.245344 1.526711 -0.196990
v -0.253289 1.545525 -0.198807
v -0.210900 1.611593 -0.165325
v -0.261145 1.611494 -0.149461
v -0.252057 1.594740 -0.169069
v -0.297268 1.580833 -0.159639
v -0.300646 1.600794 -0.159639
v -0.291725 1.570457 -0.136200
v -0.312824 1.569061 -0.144355
v -0.290789 1.566185 -0.152366
v -0.232238 1.569828 -0.182822
v -0.274595 1.561373 -0.186325
v -0.381704 1.611426 -0.119480
v -0.353252 1.593109 -0.125309
v -0.356703 1.593495 -0.109295
v -0.374630 1.606271 -0.100760
v -0.330083 1.582605 -0.115607
v -0.343239 1.587464 -0.097330
v -0.362695 1.601742 -0.079288
v -0.316995 1.523039 -0.216396
v -0.085231 1.479723 -0.156003
v -0.105366 1.501037 -0.156362
v -0.107893 1.557455 -0.128486
v -0.045473 1.513796 -0.146355
v -0.125402 1.547943 -0.133035
v -0.075278 1.273873 -0.083149
v -0.070380 1.297238 -0.089844
v -0.102562 1.273517 -0.068504
v -0.103361 1.293019 -0.089365
v -0.205063 1.647471 -0.012979
v -0.209568 1.641089 -0.000911
v -0.180156 1.629389 0.023925
v -0.186684 1.642978 -0.007833
v -0.209585 1.626169 -0.007176
v -0.184411 1.609423 0.032859
v -0.170344 1.650657 0.000611
v -0.161288 1.635884 0.040294
v -0.296753 1.546353 -0.151199
v -0.355871 1.566279 -0.170452
v -0.278642 1.262944 -0.056132
v -0.290057 1.265266 -0.059460
v -0.289610 1.253355 -0.047569
v -0.283320 1.252520 -0.048199
v -0.293238 1.256052 -0.066883
v -0.290354 1.246597 -0.052901
v -0.355082 1.279782 -0.044740
v -0.349950 1.276850 -0.045043
v -0.349602 1.270767 -0.029580
v -0.352854 1.271900 -0.032344
v -0.345272 1.279906 -0.040607
v -0.347336 1.275413 -0.031367
v -0.349681 1.274862 -0.029143
v -0.352033 1.284963 -0.038562
v -0.344428 1.281923 -0.035993
v -0.344820 1.282903 -0.029460
v -0.346105 1.285047 -0.101840
v -0.338402 1.291091 -0.087560
v -0.348934 1.304644 -0.092097
v -0.352437 1.297815 -0.108513
v -0.349006 1.284594 -0.064386
v -0.356746 1.289838 -0.063709
v -0.349443 1.298136 -0.054264
v -0.339694 1.314031 -0.075578
v -0.332974 1.323677 -0.125051
v -0.324836 1.330553 -0.112585
v -0.315446 1.337307 -0.096060
v -0.339711 1.299981 -0.047952
v -0.336327 1.295139 -0.050587
v -0.329819 1.298124 -0.108520
v -0.319934 1.308072 -0.099475
v -0.304004 1.311863 -0.089298
v -0.327299 1.299810 -0.074409
v -0.339812 1.289394 -0.057832
v -0.265849 1.338633 -0.165227
v -0.259786 1.343348 -0.160302
v -0.276763 1.342174 -0.143038
v -0.288140 1.332360 -0.148577
v -0.308032 1.317873 -0.124855
v -0.294996 1.325653 -0.114797
v -0.225154 1.344770 -0.148855
v -0.259767 1.303661 -0.130997
v -0.262212 1.330475 -0.145478
v -0.239118 1.343985 -0.162086
v -0.231308 1.345691 -0.174530
v -0.297050 1.361552 -0.134329
v -0.312287 1.347859 -0.154487
v -0.283761 1.355131 -0.175150
v -0.279019 1.366895 -0.164724
v -0.249846 1.394397 -0.148996
v -0.257736 1.395392 -0.128028
v -0.290497 1.359405 -0.108748
v -0.255655 1.390394 -0.109448
v -0.275908 1.332235 -0.175101
v -0.239348 1.340946 -0.188609
v -0.204175 1.369810 -0.203056
v -0.202088 1.376763 -0.189123
v -0.201387 1.382352 -0.171108
v -0.261546 1.333345 -0.090146
v -0.275605 1.345655 -0.093571
v -0.283728 1.325288 -0.083543
v -0.279107 1.321007 -0.085320
v -0.296986 1.318000 -0.080756
v -0.285102 1.317648 -0.094881
v -0.300806 1.334117 -0.081301
v -0.285851 1.299962 -0.081210
v -0.273332 1.314699 -0.084281
v -0.249014 1.322046 -0.090641
v -0.265741 1.294363 -0.075616
v -0.114884 1.438255 -0.178859
v -0.136494 1.437855 -0.174019
v -0.155082 1.419817 -0.192377
v -0.144469 1.418569 -0.202556
v -0.178238 1.397264 -0.210664
v -0.179528 1.403376 -0.196569
v -0.170030 1.423818 -0.168697
v -0.090163 1.477129 -0.142778
v -0.082442 1.488684 -0.133326
v -0.070400 1.483945 -0.124397
v -0.190535 1.571221 -0.166961
v -0.179230 1.541193 -0.146457
v -0.209632 1.541399 -0.176121
v -0.216859 1.622927 -0.052253
v -0.209271 1.621141 -0.035966
v -0.226033 1.635642 -0.028934
v -0.224399 1.612544 -0.025489
v -0.221983 1.609399 0.007402
v -0.195987 1.599383 0.049646
v -0.204473 1.548619 -0.150664
v -0.224113 1.540191 -0.162429
v -0.218289 1.537193 -0.177629
v -0.129757 1.428053 -0.212630
v -0.105239 1.445891 -0.189860
v -0.192609 1.387522 -0.151412
v -0.166889 1.432721 -0.143451
v -0.350583 1.593650 -0.049979
v -0.374023 1.613630 -0.056744
v -0.375639 1.611871 -0.076745
v -0.388086 1.617932 -0.090125
v -0.395393 1.626962 -0.074197
v -0.237097 1.620285 -0.069309
v -0.275454 1.612060 -0.122793
v -0.107135 1.519199 0.125925
v -0.070251 1.502364 0.127734
v -0.099406 1.527634 0.114165
v -0.102294 1.530930 0.117318
v -0.119795 1.548828 0.102453
v -0.128496 1.542770 0.104903
v -0.067985 1.515168 0.131989
v -0.199602 1.419521 -0.206888
v -0.198529 1.427252 -0.191040
v -0.179833 1.444049 -0.194982
v -0.171676 1.439499 -0.200951
v -0.184568 1.451301 -0.168491
v -0.165977 1.461234 -0.178313
v -0.149687 1.458246 -0.179776
v -0.131181 1.266617 -0.047744
v -0.130748 1.297337 -0.068479
v -0.091210 1.337010 -0.109500
v -0.147842 1.268581 0.006456
v -0.147422 1.292217 0.000887
v -0.112420 1.360454 -0.097426
v -0.143524 1.334695 -0.056841
v -0.161776 1.326161 -0.003841
v -0.250950 1.629041 -0.066906
v -0.262861 1.617187 -0.083501
v -0.289002 1.611390 -0.100320
v -0.310061 1.604108 -0.142189
v -0.298249 1.580048 -0.120235
v -0.319888 1.579462 -0.128410
v -0.296363 1.568306 -0.120323
v -0.317967 1.571094 -0.104669
v -0.317254 1.580993 -0.103999
v -0.135577 1.532742 0.115741
v -0.192235 1.612877 -0.055626
v -0.196334 1.616883 -0.062308
v -0.202011 1.608479 -0.067021
v -0.203641 1.608122 -0.054534
v -0.215201 1.605882 -0.062727
v -0.254314 1.610933 -0.070967
v -0.287654 1.527391 -0.151172
v -0.324435 1.533791 -0.143831
v -0.330452 1.560637 -0.119249
v -0.297170 1.558079 -0.134033
v -0.214802 1.604334 -0.055276
v -0.234831 1.603678 -0.061675
v -0.232033 1.603297 -0.044299
v -0.388211 1.517029 -0.080569
v -0.412343 1.520716 -0.074304
v -0.415524 1.521263 -0.076628
v -0.389927 1.516572 -0.090753
v -0.435774 1.531023 -0.046313
v -0.432309 1.537669 -0.049398
v -0.434284 1.537011 -0.053642
v -0.437646 1.531307 -0.052304
v -0.412095 1.537554 -0.054173
v -0.417435 1.538267 -0.062526
v -0.422870 1.528063 -0.066744
v -0.425111 1.527094 -0.050418
v -0.411821 1.519168 -0.058655
v -0.390585 1.547106 -0.069561
v -0.393927 1.544674 -0.082680
v -0.151368 1.546857 -0.144079
v -0.096812 1.471756 -0.174183
v -0.125002 1.454370 -0.186470
v -0.119858 1.482632 -0.163946
v -0.161903 1.435287 -0.206054
v -0.138500 1.455983 -0.182676
v -0.150490 1.433016 -0.209738
v -0.129519 1.478845 -0.158531
v -0.141496 1.505396 -0.136200
v -0.140570 1.515804 -0.140932
v -0.238158 1.587142 0.027055
v -0.250744 1.592305 -0.001894
v -0.263834 1.588512 -0.025631
v -0.366473 1.539516 -0.124677
v -0.363593 1.553051 -0.109574
v -0.363663 1.561585 -0.090873
v -0.341459 1.571387 -0.088525
v -0.328360 1.576254 -0.081289
v -0.290926 1.532346 -0.138842
v -0.319922 1.532746 -0.133675
v -0.109987 1.501698 -0.113324
v -0.127235 1.498009 -0.111639
v -0.125404 1.488214 -0.119175
v -0.115730 1.487181 -0.123688
v -0.130953 1.463407 -0.138423
v -0.140135 1.473143 -0.127164
v -0.143276 1.475839 -0.115342
v -0.116505 1.506837 0.126849
v -0.113147 1.490591 0.121481
v -0.132433 1.482653 0.102709
v -0.139860 1.509503 0.116061
v -0.335517 1.579506 -0.055967
v -0.330620 1.585630 -0.084829
v -0.381988 1.604182 -0.040862
v -0.370508 1.582135 -0.033211
v -0.248430 1.540708 -0.135500
v -0.274610 1.544036 -0.122114
v -0.312856 1.539910 -0.114462
v -0.273938 1.605724 -0.073082
v -0.401168 1.630791 -0.060260
v -0.390340 1.604296 -0.033828
v -0.407096 1.632662 -0.048398
v -0.398602 1.639571 -0.044700
v -0.368730 1.599055 -0.025030
v -0.386568 1.640112 -0.053334
v -0.351942 1.605598 -0.029916
v -0.325972 1.580546 -0.023756
v -0.341121 1.575748 -0.009964
v -0.148803 1.591124 0.075364
v -0.160789 1.581744 0.083109
v -0.115803 1.565964 0.103046
v -0.164439 1.563908 0.085763
v -0.089395 1.497054 -0.115287
v -0.093647 1.486855 -0.116005
v -0.107698 1.492823 -0.109137
v -0.108131 1.502715 -0.105490
v -0.099804 1.475580 -0.119367
v -0.115639 1.486317 -0.107386
v -0.125630 1.495989 -0.102518
v -0.153021 1.477913 -0.160131
v -0.139310 1.479876 -0.156125
v -0.165672 1.480395 -0.148504
v -0.151687 1.497972 -0.138447
v -0.202810 1.579594 0.065801
v -0.268260 1.583265 0.019532
v -0.247524 1.576821 0.055057
v -0.145177 1.393481 -0.096894
v -0.122836 1.418379 -0.112662
v -0.091211 1.394343 -0.119559
v -0.127948 1.472323 -0.103132
v -0.107342 1.455945 -0.113817
v -0.159171 1.447276 -0.096549
v -0.163644 1.428894 -0.076752
v -0.348081 1.569382 -0.061486
v -0.363098 1.562025 -0.069512
v -0.356840 1.551276 -0.044716
v -0.362813 1.560852 -0.040348
v -0.190599 1.402676 -0.096523
v -0.179535 1.455533 -0.090954
v -0.205380 1.415487 -0.095942
v -0.216883 1.427178 -0.101412
v -0.185904 1.463195 -0.091052
v -0.171692 1.494760 -0.081586
v -0.166966 1.486951 -0.070359
v -0.357137 1.555176 -0.012634
v -0.282780 1.585549 -0.001520
v -0.306562 1.574669 -0.014998
v -0.299742 1.584470 -0.028890
v -0.284644 1.594401 -0.055275
v -0.259233 1.598706 -0.056056
v -0.314882 1.549573 -0.054915
v -0.320973 1.548558 -0.034765
v -0.349766 1.536985 -0.057141
v -0.322786 1.554183 -0.017902
v -0.348685 1.550754 -0.022642
v -0.386125 1.540385 -0.056226
v -0.381549 1.525503 -0.056531
v -0.207433 1.557543 0.082023
v -0.341545 1.614059 -0.042751
v -0.314826 1.592338 -0.035829
v -0.141994 1.477297 -0.102088
v -0.159401 1.440659 -0.105830
v -0.186135 1.454441 -0.060327
v -0.315996 1.568972 0.000826
v -0.254625 1.552434 -0.081112
v -0.212726 1.564301 -0.078140
v -0.212720 1.545879 -0.086857
v -0.228270 1.530623 -0.093207
v -0.162737 1.503828 -0.111075
v -0.174946 1.475160 -0.117706
v -0.181217 1.488336 -0.102085
v -0.173975 1.512127 -0.104383
v -0.183576 1.500847 -0.087230
v -0.190484 1.501809 -0.098299
v -0.188297 1.474253 -0.097240
v -0.192413 1.518974 -0.101304
v -0.232665 1.554823 -0.114491
v -0.223383 1.566320 -0.097430
v -0.270609 1.559889 -0.076512
v -0.270572 1.555191 -0.099440
v -0.311343 1.548860 -0.094794
v -0.313778 1.553970 -0.075308
v -0.280698 1.555275 -0.053869
v -0.261248 1.538128 -0.071805
v -0.171053 1.503485 -0.063508
v -0.172972 1.506034 -0.073741
v -0.184974 1.501635 -0.059721
v -0.185255 1.507909 -0.070793
v -0.186781 1.483958 -0.064107
v -0.289903 1.576552 0.010693
v -0.277780 1.573488 0.030479
v -0.267026 1.563368 0.026904
v -0.294207 1.561371 0.005112
v -0.323673 1.557124 -0.001213
v -0.170076 1.428818 0.070078
v -0.157200 1.450972 0.095699
v -0.197266 1.473619 0.091700
v -0.193755 1.434578 0.068995
v -0.213335 1.425901 0.077950
v -0.222700 1.465361 0.101393
v -0.236267 1.504213 0.087027
v -0.221340 1.514739 0.086429
v -0.293016 1.554650 -0.028659
v -0.256845 1.529689 -0.063878
v -0.271545 1.541861 -0.039905
v -0.283549 1.550361 -0.023643
v -0.178269 1.407409 -0.049633
v -0.197891 1.421070 -0.046703
v -0.221357 1.425629 -0.041736
v -0.221330 1.460404 -0.053647
v -0.211776 1.485331 -0.056876
v -0.297603 1.557249 -0.012950
v -0.289430 1.552742 -0.009842
v -0.286683 1.551470 0.003976
v -0.268215 1.552001 0.023245
v -0.203548 1.495835 -0.057193
v -0.211085 1.502441 -0.065446
v -0.228041 1.488978 -0.064987
v -0.212153 1.543942 0.088991
v -0.247222 1.561103 0.066575
v -0.235916 1.544973 0.064187
v -0.214061 1.530441 0.086890
v -0.236293 1.526857 0.079441
v -0.246976 1.518718 0.081943
v -0.261974 1.533769 0.055533
v -0.274811 1.526699 0.065482
v -0.282086 1.500629 0.070987
v -0.242267 1.496189 -0.073388
v -0.222172 1.508216 -0.076177
v -0.230770 1.514504 -0.089799
v -0.281887 1.542249 0.030029
v -0.297353 1.538492 0.037826
v -0.295987 1.544502 0.010050
v -0.308203 1.541843 0.017462
v -0.313114 1.529731 0.012150
v -0.305402 1.515768 0.037228
v -0.297999 1.541753 -0.023938
v -0.305840 1.545917 -0.005501
v -0.315626 1.537052 -0.024357
v -0.326956 1.539466 -0.008078
v -0.320568 1.535033 0.001691
v -0.314552 1.543471 0.005950
v -0.315477 1.527764 -0.012884
v -0.243814 1.421018 -0.046815
v -0.249406 1.461519 -0.064397
v -0.276371 1.471268 -0.062445
v -0.263262 1.480306 -0.074439
v -0.279432 1.457835 -0.055659
v -0.336354 1.504598 0.044139
v -0.322711 1.482911 0.075573
v -0.319095 1.519725 -0.004661
v -0.270233 1.419372 -0.041094
v -0.308089 1.416221 -0.039895
v -0.318679 1.453577 -0.050929
v -0.350301 1.515433 -0.002181
v -0.344612 1.515039 0.013552
v -0.386300 1.487672 0.045959
v -0.377661 1.466722 0.086267
v -0.307530 1.445821 0.092194
v -0.369415 1.435238 0.096390
v -0.447005 1.418441 0.101371
v -0.451986 1.451043 0.088398
v -0.459751 1.476266 0.048996
v -0.465448 1.470161 0.003403
v -0.465210 1.482205 0.027812
v -0.465211 1.480971 0.021114
v -0.502724 1.482769 0.033349
v -0.500081 1.480706 0.070549
v -0.387832 1.493942 0.009308
v -0.496721 1.454439 0.103985
v -0.389380 1.484779 -0.016515
v -0.507655 1.463794 -0.001860
v -0.388906 1.444175 -0.036187
v -0.465579 1.432914 -0.024990
v -0.507352 1.430503 -0.025962
v -0.622783 1.351273 0.110025
v -0.646755 1.352602 0.106935
v -0.646743 1.346023 0.076330
v -0.625628 1.340068 0.076429
v -0.669951 1.342251 0.045847
v -0.630914 1.345322 0.042373
v -0.682389 1.345308 0.079458
v -0.641442 1.434051 0.088648
v -0.678315 1.415954 0.098162
v -0.650188 1.408123 0.113602
v -0.633560 1.417114 0.116795
v -0.624767 1.384953 0.127501
v -0.646254 1.384727 0.125449
v -0.724843 1.335743 0.177608
v -0.727450 1.336447 0.165229
v -0.722402 1.328809 0.165285
v -0.716762 1.331151 0.176301
v -0.703033 1.335263 0.165195
v -0.710919 1.336706 0.148084
v -0.709110 1.351019 0.142109
v -0.709944 1.345880 0.171942
v -0.677344 1.364845 0.154975
v -0.675597 1.399799 0.120151
v -0.698310 1.368918 0.141821
v -0.728889 1.405454 0.100036
v -0.715068 1.401875 0.124751
v -0.711216 1.380053 0.131521
v -0.716673 1.351580 0.162408
v -0.711821 1.368974 0.121540
v -0.697215 1.355314 0.115756
v -0.728206 1.350062 0.059332
v -0.736057 1.361930 0.090018
v -0.755604 1.376373 0.109516
v -0.759719 1.372709 0.050450
v -0.738405 1.387274 0.045214
v -0.735033 1.373452 0.022458
v -0.758588 1.367346 0.026333
v -0.758540 1.357621 0.027793
v -0.747797 1.353824 0.026031
v -0.783778 1.364549 0.036573
v -0.782874 1.364635 0.024203
v -0.799981 1.359513 0.022596
v -0.801479 1.360133 0.029410
v -0.799936 1.351496 0.030234
v -0.797678 1.352426 0.020279
v -0.780919 1.353358 0.024286
v -0.783232 1.354861 0.037058
v -0.749260 1.356580 0.053918
v -0.723090 1.341990 0.031172
v -0.760236 1.362885 0.049122
v -0.737634 1.398391 0.071361
v -0.756959 1.383300 0.074176
v -0.760045 1.376016 0.075927
v -0.767535 1.367848 0.072500
v -0.757285 1.369707 0.085570
v -0.759053 1.384015 0.106036
v -0.767871 1.378937 0.106547
v -0.755646 1.384866 0.113916
v -0.754131 1.391912 0.100764
v -0.748636 1.394811 0.123325
v -0.771280 1.387282 0.097086
v -0.769667 1.375871 0.072106
v -0.792174 1.365008 0.101797
v -0.794319 1.370304 0.092762
v -0.796861 1.379802 0.098522
v -0.814097 1.365401 0.108538
v -0.814299 1.372941 0.108547
v -0.818990 1.366478 0.103866
v -0.816426 1.367731 0.100305
v -0.794153 1.375657 0.108307
v -0.240383 0.018409 -0.025025
v -0.264603 0.018251 -0.027034
v -0.260615 0.018293 -0.050312
v -0.274187 0.018824 -0.068285
v -0.265069 0.025400 0.003462
v -0.244763 0.025620 0.006697
v -0.267927 0.027705 0.031460
v -0.249659 0.027829 0.032572
v -0.215500 0.019861 -0.025048
v -0.225246 0.027248 0.009388
v -0.232253 0.028163 0.034329
v -0.259509 0.018922 0.071993
v -0.241419 0.019389 0.071551
v -0.211090 0.034821 0.011702
v -0.194974 0.033219 -0.025120
v -0.195066 0.055699 -0.026619
v -0.197393 0.056826 -0.059463
v -0.202654 0.095220 -0.054959
v -0.199373 0.092270 -0.024662
v -0.215313 0.057086 -0.082122
v -0.216340 0.098456 -0.081137
v -0.248328 0.057002 -0.089067
v -0.277546 0.018723 0.069870
v -0.319455 0.003664 0.118539
v -0.296993 0.018613 0.066382
v -0.337432 0.002416 0.112242
v -0.314815 0.020345 0.063856
v -0.323709 0.031462 0.069852
v -0.327760 0.050400 0.077907
v -0.315085 0.065300 0.040787
v -0.308757 0.100343 0.052149
v -0.287894 0.131253 0.071591
v -0.257198 0.143578 0.079296
v -0.264562 0.156830 0.083920
v -0.221891 0.162863 0.078167
v -0.265850 0.176816 0.085028
v -0.202787 0.134567 0.047080
v -0.207983 0.161734 0.031184
v -0.346802 0.000000 0.180557
v -0.327456 0.000195 0.180707
v -0.328309 0.017829 0.230085
v -0.290888 0.020290 0.247615
v -0.257924 0.024722 0.235751
v -0.227286 0.010871 0.195170
v -0.228882 0.030299 0.192953
v -0.237170 0.056165 0.193029
v -0.232684 0.072786 0.140270
v -0.241512 0.001239 0.191433
v -0.735101 1.378100 0.134843
v -0.689568 1.403863 0.042561
v -0.690286 1.417475 0.066488
v -0.643160 1.398901 0.016462
v -0.682936 1.385667 0.026491
v -0.647288 1.422119 0.029155
v -0.647626 1.437574 0.056552
v -0.630467 1.423371 0.031737
v -0.631436 1.438188 0.055088
v -0.624716 1.434810 0.083571
v -0.581549 1.454514 0.045348
v -0.575550 1.448809 0.071210
v -0.616958 1.418785 0.109446
v -0.567849 1.429844 0.096220
v -0.534094 1.461599 0.067842
v -0.528431 1.440989 0.095141
v -0.607800 1.389854 0.119986
v -0.560869 1.400859 0.110471
v -0.525027 1.408035 0.107579
v -0.510708 1.446065 0.096749
v -0.506862 1.410609 0.109851
v -0.558660 1.369587 0.095900
v -0.523516 1.374355 0.092135
v -0.504719 1.374731 0.092888
v -0.495917 1.412337 0.114472
v -0.491885 1.371664 0.097365
v -0.525053 1.354425 0.058913
v -0.505179 1.351436 0.058081
v -0.490803 1.344797 0.058155
v -0.444345 1.383200 0.086051
v -0.446423 1.359460 0.052544
v -0.509722 1.357384 0.016220
v -0.496168 1.352056 0.011313
v -0.453390 1.362969 0.009622
v -0.364712 1.381146 0.046001
v -0.371391 1.386116 0.007424
v -0.503025 1.386809 -0.018937
v -0.461546 1.393172 -0.020679
v -0.381466 1.410509 -0.024134
v -0.297941 1.387515 -0.005989
v -0.247382 1.400183 0.035598
v -0.296908 1.388429 0.041607
v -0.257019 1.397884 -0.007809
v -0.246691 1.423633 0.076982
v -0.298216 1.411752 0.075914
v -0.367156 1.399410 0.080669
v -0.262418 1.457350 0.093219
v -0.218177 1.400633 0.033418
v -0.196995 1.414759 0.027951
v -0.230955 1.399804 -0.010834
v -0.208935 1.408614 -0.010594
v -0.178961 1.416047 0.026049
v -0.193173 1.407843 -0.013747
v -0.157423 1.400862 0.081827
v -0.174986 1.395913 0.034317
v -0.181033 1.395656 -0.013877
v -0.169139 1.371250 0.043284
v -0.175739 1.369730 -0.011356
v -0.165427 1.377860 -0.057362
v -0.156918 1.370714 0.086384
v -0.154662 1.334880 0.053701
v -0.515932 1.388747 -0.009014
v -0.520741 1.426867 -0.014730
v -0.535217 1.387971 -0.001810
v -0.539155 1.422860 -0.005834
v -0.539310 1.447463 0.012717
v -0.520454 1.454143 0.006004
v -0.538482 1.463925 0.039198
v -0.518464 1.471892 0.035897
v -0.514269 1.468301 0.067904
v -0.581773 1.437699 0.022114
v -0.582350 1.415016 0.003432
v -0.627371 1.401487 0.019343
v -0.576795 1.383542 0.007801
v -0.622276 1.375684 0.020481
v -0.638020 1.369980 0.017312
v -0.615412 1.354052 0.041726
v -0.674346 1.362950 0.019427
v -0.721619 1.353217 0.008637
v -0.562181 1.355058 0.064116
v -0.609042 1.350292 0.072777
v -0.569746 1.359014 0.030563
v -0.604396 1.362355 0.101111
v -0.529550 1.359575 0.021498
v -0.673102 1.343836 0.142526
v -0.328994 1.490115 -0.041548
v -0.298322 1.489753 -0.039626
v -0.310202 1.509853 -0.021527
v -0.333596 1.509887 -0.025163
v -0.292251 1.495739 -0.051222
v -0.306052 1.516431 -0.031322
v -0.284832 1.507562 -0.065698
v -0.302751 1.526082 -0.043774
v -0.268522 1.517881 -0.064875
v -0.285005 1.532042 -0.041036
v -0.252368 1.541955 0.049403
v -0.180348 1.507806 0.090677
v -0.174521 1.525741 0.104319
v -0.167988 1.542460 0.096614
v -0.131387 1.411837 0.117939
v -0.348760 1.534531 -0.074701
v -0.351204 1.535739 -0.091475
v -0.353525 1.529578 -0.103341
v -0.361358 1.526246 -0.118935
v -0.387403 1.521687 -0.105166
v -0.399612 1.532024 -0.103153
v -0.383664 1.516973 -0.067328
v -0.409887 1.527368 -0.050129
v -0.423686 1.533910 -0.047401
v -0.213589 1.554020 -0.133645
v -0.196781 1.561374 -0.117690
v -0.182149 1.559222 -0.101210
v -0.181480 1.550002 -0.133021
v -0.163640 1.545247 -0.114586
v -0.168690 1.528740 -0.108365
v -0.188035 1.538882 -0.096344
v -0.157227 1.536189 -0.127237
v -0.156352 1.520015 -0.112978
v -0.160108 1.500014 -0.125022
v -0.151262 1.514983 -0.122871
v -0.147084 1.524019 -0.128428
v -0.173151 1.472716 -0.133774
v -0.195319 1.435447 -0.154495
v -0.201649 1.428022 -0.142119
v -0.214662 1.405893 -0.177128
v -0.229159 1.389912 -0.161313
v -0.213300 1.437701 -0.128719
v -0.219402 1.434466 -0.115413
v -0.221746 1.391761 -0.194382
v -0.246712 1.370414 -0.177026
v -0.222120 1.384399 -0.206088
v -0.250251 1.361628 -0.187800
v -0.219771 1.375949 -0.215376
v -0.249972 1.353312 -0.197183
v -0.285819 1.344582 -0.188200
v -0.245200 1.344735 -0.196409
v -0.282790 1.334035 -0.186927
v -0.313467 1.321775 -0.167732
v -0.318312 1.337466 -0.167185
v -0.330441 1.312075 -0.137666
v -0.336547 1.317708 -0.134429
v -0.340413 1.297482 -0.126790
v -0.351681 1.296226 -0.119384
v -0.299437 1.324277 -0.157250
v -0.318505 1.311607 -0.133219
v -0.336497 1.293406 -0.117566
v -0.210291 1.368992 -0.214398
v -0.177662 1.397626 -0.223755
v -0.187404 1.410378 -0.229002
v -0.195393 1.416597 -0.219531
v -0.239988 1.541064 -0.149971
v -0.160738 1.435631 -0.123488
v -0.181888 1.392960 -0.107747
v -0.183624 1.387620 -0.128490
v -0.211627 1.351091 -0.101116
v -0.215638 1.348953 -0.124575
v -0.244983 1.312934 -0.115235
v -0.262739 1.276067 -0.092718
v -0.285428 1.283292 -0.099335
v -0.277266 1.253376 -0.064687
v -0.282390 1.245191 -0.053062
v -0.224715 1.363109 -0.094172
v -0.240483 1.376402 -0.097095
v -0.379484 1.639381 -0.065345
v -0.336706 1.616000 -0.067356
v -0.306429 1.598926 -0.059718
v -0.330508 1.612642 -0.092860
v -0.298288 1.606860 -0.080237
v -0.320644 1.608501 -0.118393
v -0.350660 1.617206 -0.155209
v -0.391410 1.627316 -0.170641
v -0.386246 1.633731 -0.155123
v -0.348723 1.610378 -0.173799
v -0.421545 1.639320 -0.158653
v -0.413630 1.646956 -0.145542
v -0.416585 1.656809 -0.118866
v -0.426977 1.664021 -0.107645
v -0.411805 1.658123 -0.084951
v -0.402207 1.652041 -0.095747
v -0.439010 1.665592 -0.097762
v -0.423027 1.661697 -0.073893
v -0.443953 1.655810 -0.093591
v -0.428631 1.653276 -0.072424
v -0.419580 1.643457 -0.083647
v -0.411675 1.635388 -0.095303
v -0.401376 1.625917 -0.107536
v -0.390398 1.608855 -0.136164
v -0.395077 1.607580 -0.152793
v -0.355487 1.585165 -0.157103
v -0.354082 1.588681 -0.138941
v -0.395859 1.615049 -0.169578
v -0.351936 1.594670 -0.173587
v -0.425839 1.625948 -0.158806
v -0.439064 1.629207 -0.150942
v -0.456118 1.651735 -0.107158
v -0.466330 1.645162 -0.114172
v -0.095215 1.495859 -0.124968
v -0.103948 1.484930 -0.135221
v -0.113696 1.466886 -0.149768
v -0.098084 1.461266 -0.158275
v -0.142890 1.601690 0.075262
v -0.108977 1.573475 0.103561
v -0.130883 1.612466 0.081432
v -0.101413 1.581045 0.106702
v -0.066331 1.528325 0.140976
v -0.059755 1.536125 0.134183
v -0.058784 1.547193 0.139016
v -0.009899 1.525765 0.151859
v -0.011340 1.537976 0.160146
v -0.013038 1.550811 0.168032
v -0.057158 1.557150 0.143758
v -0.098539 1.586776 0.114601
v -0.123094 1.621277 0.086387
v -0.092023 1.595844 0.120299
v -0.054564 1.570476 0.147568
v -0.013124 1.564876 0.166925
v -0.011856 1.564934 0.153977
v 0.033246 1.571346 0.156580
v 0.029170 1.569257 0.144325
v 0.028901 1.560419 0.132747
v -0.010801 1.556343 0.142798
v 0.028909 1.553346 0.120706
v -0.008644 1.544265 0.129714
v 0.029284 1.551594 0.105317
v 0.062726 1.582647 0.100554
v 0.056644 1.579140 0.090315
v 0.066615 1.584154 0.109614
v 0.067975 1.586595 0.119647
v 0.071319 1.589019 0.128220
v 0.037296 1.564302 0.159778
v 0.075029 1.588452 0.134726
v 0.037882 1.550313 0.153115
v 0.036881 1.536806 0.143516
v -0.012229 1.511642 0.161156
v 0.042126 1.529815 0.150309
v -0.011064 1.496438 0.153144
v -0.008526 1.480727 0.144300
v -0.146402 1.643314 0.051055
v -0.161958 1.676592 0.018961
v -0.160124 1.663300 0.007438
v -0.150416 1.704787 -0.022183
v -0.119762 1.708534 -0.052275
v -0.130123 1.720850 -0.052900
v -0.137825 1.700301 -0.018957
v -0.092942 1.719312 -0.086662
v -0.099191 1.731909 -0.086916
v -0.107488 1.744351 -0.089592
v -0.063587 1.742590 -0.117583
v -0.069495 1.753271 -0.119570
v -0.076295 1.751757 -0.129365
v -0.117567 1.739439 -0.099305
v -0.078068 1.740315 -0.135309
v -0.117594 1.724707 -0.103669
v -0.027378 1.765459 -0.152426
v 0.021179 1.762071 -0.142579
v 0.024185 1.758068 -0.154970
v -0.025642 1.766110 -0.139571
v 0.063721 1.749552 -0.132303
v 0.063831 1.735983 -0.142526
v 0.107689 1.726254 -0.110261
v 0.103948 1.705925 -0.118464
v 0.082215 1.674205 -0.129445
v 0.096527 1.636491 -0.124514
v 0.045867 1.609524 -0.150267
v 0.041409 1.647325 -0.154376
v -0.016987 1.604485 -0.152081
v -0.015551 1.641116 -0.158269
v -0.069378 1.630166 -0.124347
v -0.017967 1.574619 -0.146142
v -0.073459 1.602203 -0.118766
v -0.117180 1.649952 -0.097294
v -0.143709 1.664160 -0.074731
v -0.030180 1.535048 -0.152935
v -0.091619 1.576571 -0.123649
v 0.059169 1.528258 -0.153414
v 0.053828 1.548959 -0.149315
v 0.046208 1.578322 -0.145686
v 0.109423 1.593456 -0.124435
v 0.099278 1.610456 -0.119887
v 0.160838 1.613174 -0.095471
v 0.122993 1.576389 -0.130616
v 0.174795 1.594567 -0.093797
v 0.190634 1.584714 -0.098739
v 0.100811 1.739008 -0.097306
v 0.056358 1.750935 -0.119394
v 0.087577 1.727608 -0.089267
v 0.046680 1.732856 -0.115063
v 0.016080 1.753107 -0.135120
v 0.011256 1.737971 -0.131357
v 0.039100 1.734734 -0.103778
v 0.007036 1.740258 -0.120485
v -0.024970 1.753470 -0.137085
v -0.023248 1.739073 -0.133327
v -0.021907 1.743212 -0.122230
v 0.006065 1.757340 -0.115107
v -0.022761 1.759279 -0.115778
v -0.057582 1.731483 -0.115513
v -0.052660 1.737771 -0.105515
v -0.052844 1.755033 -0.099211
v -0.024429 1.782489 -0.107169
v -0.053765 1.778381 -0.091605
v -0.083974 1.725471 -0.077707
v -0.106461 1.715214 -0.046028
v -0.129534 1.702548 -0.014357
v -0.127875 1.710451 -0.011128
v -0.125434 1.687938 0.038747
v -0.124688 1.701331 0.048000
v -0.123596 1.682385 0.078532
v -0.113086 1.685645 0.115722
v -0.117216 1.699107 0.096896
v -0.120688 1.670619 0.100512
v -0.120371 1.723109 0.062584
v -0.089953 1.701024 0.156708
v -0.111495 1.673522 0.129902
v -0.119215 1.659538 0.117362
v -0.098635 1.666488 0.129557
v -0.106803 1.654897 0.113637
v -0.075061 1.693285 0.146646
v -0.082822 1.688127 0.159237
v -0.093848 1.674737 0.118430
v -0.104163 1.661068 0.100009
v -0.094154 1.686337 0.105417
v -0.108322 1.646501 0.088018
v -0.104621 1.623358 0.084866
v -0.076605 1.716137 0.125861
v -0.077387 1.706872 0.135908
v -0.088861 1.692861 0.093875
v -0.045383 1.740259 0.152411
v -0.042259 1.733595 0.166734
v -0.040332 1.725546 0.181104
v -0.002993 1.763162 0.185467
v 0.000956 1.755724 0.202286
v 0.000076 1.755032 0.216015
v -0.045738 1.724021 0.194954
v -0.001684 1.768716 0.214255
v -0.051235 1.737485 0.191211
v 0.038207 1.763698 0.222603
v 0.040606 1.775409 0.216818
v 0.039690 1.785233 0.202639
v 0.069984 1.750114 0.194247
v 0.065702 1.763731 0.181694
v 0.058347 1.785020 0.156988
v 0.033026 1.802262 0.168865
v 0.027062 1.837762 0.113537
v -0.016526 1.870562 0.047723
v -0.025187 1.882945 -0.008110
v -0.062492 1.859840 0.007449
v -0.055571 1.851486 0.052673
v -0.030959 1.879282 -0.045157
v -0.064885 1.851899 -0.021669
v -0.028590 1.855799 -0.071445
v -0.061456 1.836562 -0.051591
v -0.094093 1.799067 -0.038637
v -0.056079 1.808158 -0.078716
v -0.026216 1.814129 -0.094927
v 0.001743 1.857332 -0.076248
v 0.003651 1.811994 -0.098230
v 0.004809 1.780457 -0.108155
v 0.033496 1.806043 -0.085287
v 0.034952 1.775918 -0.094578
v 0.037350 1.752919 -0.099431
v 0.074646 1.725325 -0.077066
v 0.104729 1.716234 -0.048331
v 0.117296 1.718632 -0.056922
v 0.122411 1.710412 -0.021257
v 0.134047 1.708259 -0.027910
v 0.143770 1.692092 0.010072
v 0.123528 1.692671 0.016754
v 0.146955 1.664152 0.052192
v 0.129218 1.666943 0.055710
v 0.126447 1.688080 0.068698
v 0.118215 1.716063 0.086789
v 0.118168 1.697626 0.111070
v 0.117695 1.683908 0.128524
v 0.091894 1.754743 0.124546
v 0.094924 1.732913 0.144287
v 0.098229 1.716885 0.157357
v 0.106871 1.676648 0.130653
v 0.090396 1.705697 0.163747
v 0.067652 1.739559 0.202001
v 0.081777 1.709094 0.154562
v 0.057344 1.742181 0.188052
v 0.034601 1.764774 0.203892
v 0.054263 1.751870 0.171313
v 0.029608 1.773518 0.185936
v 0.081185 1.724781 0.128587
v 0.080793 1.719181 0.141298
v 0.053369 1.758827 0.153824
v 0.024851 1.783528 0.166108
v 0.054609 1.758592 0.139272
v 0.020600 1.785833 0.145686
v -0.010610 1.770847 0.167536
v 0.015446 1.770006 0.140836
v 0.097714 1.701507 0.098105
v 0.100678 1.693524 0.108483
v 0.100517 1.684121 0.120494
v 0.109302 1.669097 0.097853
v 0.164152 1.668130 0.054117
v 0.146640 1.623815 0.073940
v 0.162629 1.651076 0.039796
v 0.146359 1.615256 0.066857
v 0.131155 1.574900 0.098334
v 0.159750 1.607812 0.065646
v 0.124678 1.582939 0.103390
v 0.139538 1.567793 0.094863
v 0.173442 1.597598 0.065963
v 0.188012 1.579523 0.067774
v 0.203126 1.562276 0.076103
v 0.227376 1.580910 0.038222
v 0.216541 1.547851 0.086320
v 0.244236 1.570517 0.050750
v 0.265270 1.578144 0.016154
v 0.258244 1.563497 0.062933
v 0.282248 1.574528 0.026098
v 0.180991 1.524418 0.105041
v -0.397659 1.538858 -0.093924
v -0.142657 1.249945 0.012661
v -0.123300 1.249076 -0.035673
v -0.140647 1.233609 0.014813
v -0.128478 1.231702 -0.034482
v -0.097769 1.244945 -0.064187
v -0.097723 1.223116 -0.062258
v -0.136314 1.204002 -0.033146
v -0.105598 1.197524 -0.068925
v -0.070238 1.242220 -0.078912
v -0.071115 1.217305 -0.078622
v -0.075448 1.197692 -0.087268
v -0.113876 1.177072 -0.072393
v -0.082100 1.175312 -0.096371
v -0.021045 1.206491 -0.083026
v -0.022958 1.193225 -0.097947
v -0.025928 1.170552 -0.107099
v -0.090252 1.151045 -0.099497
v -0.029398 1.142950 -0.108984
v 0.036911 1.174496 -0.105147
v 0.035254 1.154723 -0.111876
v 0.031655 1.130239 -0.110684
v -0.035846 1.116444 -0.112298
v 0.026203 1.103662 -0.122839
v 0.081918 1.129466 -0.106006
v 0.076222 1.112518 -0.105900
v 0.065963 1.089090 -0.117279
v 0.001596 1.056424 -0.143798
v 0.040471 1.035925 -0.138184
v 0.117550 1.101501 -0.106516
v 0.103463 1.082147 -0.117102
v 0.129343 1.109846 -0.085450
v 0.084948 1.154154 -0.102830
v 0.129654 1.137981 -0.080391
v 0.081498 1.181154 -0.091450
v 0.118280 1.177554 -0.068781
v 0.152590 1.175702 -0.020681
v 0.107586 1.206922 -0.064928
v 0.138206 1.214178 -0.023539
v 0.147459 1.211141 0.029027
v 0.162652 1.178198 0.031525
v 0.126811 1.209692 0.075307
v 0.144737 1.186192 0.086807
v 0.158356 1.161021 0.095690
v 0.163062 1.130703 0.100732
v 0.093063 1.187841 0.122156
v 0.082379 1.214870 0.115878
v 0.029212 1.220374 0.138965
v 0.031624 1.190269 0.136031
v -0.028849 1.207600 0.135168
v -0.086684 1.224904 0.115128
v -0.088676 1.200579 0.113768
v -0.099139 1.188342 0.128680
v -0.125519 1.230015 0.072336
v -0.132487 1.207883 0.075453
v -0.147244 1.186714 0.082987
v -0.150502 1.207284 0.017624
v -0.164633 1.182666 0.018137
v -0.169696 1.161551 0.018554
v -0.166848 1.151399 0.018711
v -0.149026 1.180004 -0.033721
v -0.170086 1.147558 0.019322
v -0.151728 1.134813 0.081290
v -0.176642 1.139433 0.021057
v -0.176702 1.133927 -0.018511
v -0.187111 1.119415 0.024326
v -0.193223 1.118112 -0.011560
v -0.176114 1.128955 -0.036124
v -0.188557 1.113441 -0.030862
v -0.173372 1.126338 -0.048969
v -0.184049 1.111441 -0.048375
v -0.204539 1.089086 -0.045218
v -0.179567 1.110385 -0.064301
v -0.199984 1.086677 -0.062204
v -0.174455 1.107678 -0.082825
v -0.196956 1.081415 -0.076134
v -0.167857 1.127430 -0.060932
v -0.165770 1.116147 0.085659
v -0.120476 1.094656 0.120378
v -0.124766 1.041616 0.132120
v -0.063972 1.055541 0.141026
v 0.079016 1.251799 0.113676
v 0.020760 1.267213 0.142078
v 0.090700 1.283642 0.117974
v 0.124507 1.242008 0.073457
v 0.135186 1.266279 0.076133
v 0.138750 1.239340 0.025781
v 0.146795 1.261254 0.024299
v 0.151736 1.303053 0.020123
v 0.142632 1.313625 0.069239
v 0.107128 1.317132 0.109815
v 0.171002 1.349828 0.013134
v 0.157911 1.357076 0.067721
v 0.120027 1.363618 0.108166
v 0.176775 1.381866 0.009922
v 0.164980 1.384731 0.063002
v 0.141297 1.397540 0.112202
v 0.169115 1.410047 0.055070
v 0.153688 1.433009 0.094183
v 0.079432 1.369572 0.136769
v 0.178020 1.425504 0.050697
v 0.171260 1.454799 0.083610
v 0.195733 1.423039 0.053284
v 0.186960 1.411090 0.004722
v 0.202908 1.408795 0.008956
v 0.219638 1.397522 0.013474
v 0.212975 1.408523 0.063164
v 0.245157 1.390121 0.018324
v 0.241507 1.407378 0.064415
v 0.264524 1.392189 0.021106
v 0.262218 1.405636 0.064858
v 0.295319 1.380638 0.024789
v 0.290525 1.397000 0.067870
v 0.300562 1.433302 0.091628
v 0.355788 1.390242 0.073586
v 0.360945 1.424887 0.095224
v 0.368542 1.460577 0.091845
v 0.430484 1.407991 0.099678
v 0.436292 1.444734 0.092125
v 0.440880 1.471162 0.066825
v 0.376828 1.486718 0.061886
v 0.440714 1.481110 0.031937
v 0.470147 1.472531 0.073034
v 0.467081 1.491320 0.033828
v 0.466783 1.471114 -0.004618
v 0.444263 1.469092 -0.002528
v 0.466063 1.439063 -0.023206
v 0.439890 1.441977 -0.019633
v 0.383217 1.456631 -0.028008
v 0.343966 1.464330 -0.044271
v 0.434069 1.408109 -0.017847
v 0.374914 1.424419 -0.021144
v 0.328243 1.425883 -0.041085
v 0.364451 1.392200 -0.002774
v 0.313699 1.393508 -0.014221
v 0.279799 1.401136 -0.016938
v 0.256793 1.396256 -0.025797
v 0.232071 1.402829 -0.029579
v 0.226349 1.435138 -0.049668
v 0.216573 1.410376 -0.028658
v 0.197232 1.454200 -0.057964
v 0.225418 1.464363 -0.054427
v 0.200744 1.431100 -0.053068
v 0.197659 1.411886 -0.031054
v 0.184602 1.403911 -0.033706
v 0.174919 1.399958 0.005469
v 0.178208 1.390247 -0.036248
v 0.165825 1.351181 -0.039314
v 0.116168 1.304342 -0.072859
v 0.142861 1.299391 -0.030144
v 0.083459 1.285459 -0.085684
v 0.090673 1.314260 -0.100037
v 0.108064 1.273584 -0.067520
v 0.138417 1.263525 -0.031811
v 0.099739 1.242754 -0.061980
v 0.129224 1.241132 -0.028475
v 0.076757 1.207345 -0.076779
v 0.077553 1.246840 -0.077535
v 0.040778 1.216076 -0.079183
v -0.020640 1.232794 -0.086231
v 0.038246 1.192564 -0.089862
v 0.189944 1.473878 -0.064738
v 0.162733 1.486008 -0.075923
v 0.136099 1.505464 -0.098255
v 0.159541 1.501061 -0.077573
v 0.139094 1.487051 -0.094632
v 0.146850 1.495145 -0.109604
v 0.165600 1.494604 -0.091652
v 0.159427 1.479562 -0.123121
v 0.175619 1.477007 -0.107192
v 0.185836 1.475545 -0.095272
v 0.191048 1.453031 -0.126741
v 0.201794 1.451849 -0.111867
v 0.207109 1.452082 -0.099749
v 0.220429 1.416933 -0.131236
v 0.222695 1.413794 -0.115212
v 0.224640 1.413123 -0.101325
v 0.214477 1.452739 -0.089567
v 0.236817 1.417760 -0.101894
v 0.223762 1.457429 -0.093863
v 0.244136 1.423388 -0.114244
v 0.229565 1.462755 -0.103499
v 0.246102 1.429443 -0.130429
v 0.228616 1.467353 -0.116688
v 0.241806 1.440092 -0.149424
v 0.220963 1.472074 -0.130614
v 0.219619 1.444142 -0.166971
v 0.199056 1.473766 -0.145515
v 0.198986 1.446495 -0.185277
v 0.177485 1.481691 -0.162938
v 0.187301 1.445031 -0.199263
v 0.238462 1.405451 -0.204612
v 0.172687 1.437138 -0.208560
v 0.165232 1.426407 -0.205415
v 0.210854 1.380272 -0.209088
v 0.169961 1.425086 -0.192500
v 0.220742 1.384026 -0.193904
v 0.180946 1.428591 -0.179075
v 0.153743 1.457131 -0.155935
v 0.195486 1.427200 -0.162677
v 0.174898 1.459003 -0.141827
v 0.210978 1.422166 -0.146081
v 0.226760 1.384546 -0.179280
v 0.233350 1.382343 -0.159826
v 0.236226 1.379853 -0.142018
v 0.237324 1.377268 -0.123463
v 0.240074 1.376260 -0.109009
v 0.251300 1.381911 -0.107862
v 0.259862 1.388413 -0.118205
v 0.263358 1.393687 -0.135751
v 0.281141 1.375215 -0.160761
v 0.264050 1.401261 -0.159883
v 0.274223 1.377911 -0.191053
v 0.251306 1.408432 -0.186677
v 0.267695 1.375861 -0.213734
v 0.292668 1.356510 -0.158929
v 0.249032 1.359309 -0.176843
v 0.261811 1.342772 -0.176214
v 0.246925 1.360061 -0.195206
v 0.268438 1.330961 -0.178343
v 0.244095 1.356567 -0.212619
v 0.357143 1.378912 0.035450
v 0.428639 1.375866 0.004352
v 0.426089 1.361800 0.043246
v 0.427721 1.374897 0.075455
v 0.451305 1.355130 0.043156
v 0.455017 1.368062 0.079076
v 0.461710 1.400503 0.104534
v 0.471237 1.364248 0.081233
v 0.475102 1.398042 0.107175
v 0.482448 1.443553 0.112512
v 0.466651 1.441847 0.102188
v 0.484312 1.481672 0.080111
v 0.499733 1.437737 0.105096
v 0.504628 1.467782 0.074125
v 0.512287 1.474398 0.037378
v 0.488508 1.492994 0.031851
v 0.512159 1.457582 0.004208
v 0.484058 1.469413 -0.004203
v 0.512207 1.431023 -0.018725
v 0.483195 1.437551 -0.025108
v 0.504451 1.395635 -0.018334
v 0.478759 1.398609 -0.023353
v 0.461189 1.401716 -0.020875
v 0.470818 1.361368 0.004436
v 0.454142 1.366588 0.005590
v 0.468335 1.351058 0.043695
v 0.498893 1.360055 0.006738
v 0.495270 1.347553 0.046182
v 0.493418 1.363864 0.082639
v 0.540324 1.354124 0.052601
v 0.537675 1.365899 0.086200
v 0.537636 1.392871 0.105821
v 0.495173 1.396129 0.106351
v 0.541769 1.427572 0.102819
v 0.591329 1.386860 0.112797
v 0.598634 1.416652 0.110936
v 0.608480 1.435869 0.087867
v 0.550651 1.453839 0.079123
v 0.614755 1.444921 0.059225
v 0.560328 1.468438 0.044677
v 0.616998 1.433082 0.035782
v 0.564041 1.450708 0.017617
v 0.617408 1.413940 0.017969
v 0.563161 1.425878 -0.003343
v 0.613563 1.386896 0.016175
v 0.552231 1.392585 -0.001176
v 0.603999 1.361673 0.029630
v 0.546351 1.364497 0.018670
v 0.594800 1.351942 0.061289
v 0.589461 1.363685 0.091767
v 0.643844 1.410005 0.021302
v 0.646914 1.428820 0.038629
v 0.682908 1.409602 0.049004
v 0.675843 1.395113 0.032742
v 0.645604 1.438304 0.065045
v 0.685200 1.418865 0.071692
v -0.056311 1.093132 -0.122967
v -0.033845 1.023628 -0.142598
v -0.100146 1.140007 -0.095401
v -0.061125 1.016649 -0.151084
v -0.086298 1.005596 -0.148741
v -0.053301 0.946741 -0.164462
v -0.025458 0.887140 -0.168778
v -0.050822 0.875554 -0.172139
v -0.011584 0.819704 -0.171047
v -0.028501 0.816793 -0.171595
v -0.041757 0.812349 -0.173733
v -0.027191 0.766525 -0.168063
v -0.041062 0.764180 -0.169141
v -0.050676 0.763608 -0.163420
v -0.056297 0.805929 -0.173247
v -0.049850 0.765321 -0.150758
v -0.059405 0.805042 -0.161037
v -0.037986 0.768447 -0.144447
v -0.051343 0.807100 -0.152079
v -0.018953 0.771320 -0.144945
v -0.032685 0.721971 -0.139137
v -0.020559 0.721937 -0.139044
v -0.008720 0.719463 -0.139114
v 0.000770 0.770019 -0.145294
v 0.004660 0.713293 -0.140476
v -0.016305 0.683321 -0.133459
v -0.008269 0.680496 -0.139471
v -0.008380 0.678441 -0.150006
v 0.009866 0.708685 -0.153019
v -0.000282 0.712061 -0.162575
v 0.018429 0.759091 -0.170978
v -0.011993 0.715818 -0.163810
v 0.001174 0.764358 -0.169575
v 0.005664 0.817714 -0.175075
v -0.012386 0.766912 -0.168224
v -0.022342 0.717523 -0.163708
v -0.032384 0.718050 -0.163640
v -0.038798 0.683391 -0.160729
v -0.045829 0.693113 -0.157181
v -0.043554 0.716709 -0.161854
v -0.048490 0.685469 -0.145741
v -0.044691 0.717654 -0.152998
v -0.043501 0.719736 -0.142555
v -0.010384 0.657790 -0.136177
v -0.012196 0.654506 -0.148550
v -0.019224 0.661948 -0.128780
v -0.328687 1.319079 -0.061636
v -0.320382 1.307879 -0.062658
v -0.345711 1.285525 -0.112501
v -0.369432 1.576733 -0.171863
v -0.184652 1.648726 -0.031979
v -0.199976 1.646792 -0.035538
v -0.341004 1.521040 -0.218209
v -0.147003 1.775034 -0.031074
v -0.194252 1.136540 -0.092243
v -0.189288 1.126849 -0.100330
v -0.207546 1.116063 -0.099458
v 0.005276 1.618331 0.138146
v 0.006283 1.647126 0.140729
v 0.022455 1.621820 0.130501
v 0.006324 1.669155 0.140358
v -0.251617 1.067359 -0.000578
v -0.256514 1.061957 -0.016210
v -0.263997 1.047992 0.018534
v -0.246803 1.060829 0.000857
v -0.272363 1.054004 0.013599
v -0.279640 1.048146 -0.001105
v -0.300343 1.023282 0.034658
v -0.307485 1.020899 0.016055
v -0.310952 1.017908 -0.002972
v -0.312376 1.013595 -0.021285
v -0.306322 1.007013 -0.034774
v -0.296773 1.002892 -0.021060
v -0.294943 1.006692 -0.005350
v -0.269248 1.033990 -0.005608
v -0.292779 1.010600 0.009518
v -0.266120 1.039152 0.007655
v -0.290748 1.014695 0.024996
v -0.302970 0.986000 0.029976
v -0.290518 1.019933 0.040211
v -0.307925 0.986047 0.045976
v -0.318200 0.988439 0.039208
v -0.250401 1.046547 -0.021081
v -0.250920 1.051234 -0.009278
v 0.105539 1.105707 0.148458
v 0.147644 1.070355 0.131672
v 0.101365 1.092579 0.151327
v 0.193618 1.041662 0.095290
v 0.097061 1.084330 0.142770
v -0.269922 0.988476 -0.009202
v -0.271595 0.997833 -0.013628
v -0.248133 1.022460 -0.033020
v -0.264817 1.001013 -0.028945
v -0.259618 1.001329 -0.043847
v -0.257268 1.003009 -0.063329
v -0.277424 0.976541 -0.060192
v -0.308119 0.948041 -0.061676
v -0.246032 0.994458 -0.092710
v -0.266670 0.965322 -0.087039
v -0.298783 0.940921 -0.086427
v -0.326916 0.920781 -0.094524
v -0.314454 0.901473 -0.111445
v -0.353454 0.897736 -0.101498
v -0.345022 0.881252 -0.117662
v -0.333602 0.862651 -0.115757
v -0.381877 0.870815 -0.103645
v -0.378081 0.857025 -0.114216
v -0.414728 0.840508 -0.100948
v -0.406082 0.832476 -0.106949
v -0.368785 0.844320 -0.105331
v -0.402546 0.830085 -0.098217
v -0.431979 0.791668 -0.100761
v -0.423295 0.788125 -0.091265
v -0.367909 0.858009 -0.088565
v -0.400029 0.830812 -0.085275
v -0.438871 0.798864 -0.094328
v -0.441135 0.774298 -0.085751
v -0.443499 0.803204 -0.084111
v -0.419955 0.845375 -0.090327
v -0.443759 0.805409 -0.072714
v -0.421916 0.847743 -0.077664
v -0.267416 0.979484 -0.022306
v -0.286388 0.951256 -0.032048
v -0.261183 0.972654 -0.036605
v -0.319418 0.924780 -0.048816
v -0.349724 0.914317 -0.030800
v -0.378845 0.903261 -0.017604
v -0.372567 0.898357 -0.033237
v -0.391804 0.893932 -0.026425
v -0.245513 0.988204 -0.042955
v -0.252528 0.992514 -0.028461
v -0.252709 0.969715 -0.052485
v -0.239393 1.003326 -0.034519
v -0.225203 1.003776 -0.043802
v -0.231160 1.004301 -0.050216
v -0.235960 0.988374 -0.059042
v -0.213579 1.011488 -0.074085
v -0.220385 0.993252 -0.079727
v -0.241986 0.968977 -0.065788
v -0.228227 0.970025 -0.083698
v -0.197599 0.983617 -0.106346
v -0.208168 0.962329 -0.105188
v -0.255647 0.935344 -0.074580
v -0.240827 0.937382 -0.089409
v -0.219482 0.931934 -0.107660
v -0.187714 0.948601 -0.127861
v -0.199251 0.923154 -0.128017
v -0.255247 0.887382 -0.104869
v -0.231410 0.885316 -0.117995
v -0.214404 0.877799 -0.135812
v -0.198734 0.871146 -0.151719
v -0.228814 0.835554 -0.143639
v -0.216156 0.830456 -0.157875
v -0.190783 0.869207 -0.171296
v -0.213661 0.829525 -0.175430
v -0.210954 0.874258 -0.171847
v -0.152692 0.942971 -0.142382
v -0.175629 0.961673 -0.127718
v -0.139445 0.949206 -0.137348
v -0.163729 0.970222 -0.122713
v -0.186631 0.998244 -0.105723
v -0.159824 0.968986 -0.114443
v -0.178879 0.998473 -0.096684
v -0.206028 1.012032 -0.066994
v -0.186547 0.987081 -0.091089
v -0.206792 0.995385 -0.067026
v -0.225472 0.990712 -0.043073
v -0.225257 0.973330 -0.047129
v -0.226751 0.956626 -0.050750
v -0.235341 0.951088 -0.034792
v -0.167755 0.960195 -0.109851
v -0.157305 0.920885 -0.120886
v -0.145195 0.931698 -0.125424
v -0.136099 0.944387 -0.128931
v -0.127204 0.907138 -0.135406
v -0.112920 0.918464 -0.140929
v -0.140802 0.876587 -0.132387
v -0.145197 0.898314 -0.128704
v -0.168879 0.869807 -0.119095
v -0.170178 0.889272 -0.117127
v -0.175928 0.910351 -0.112031
v -0.197184 0.879994 -0.100648
v -0.202110 0.902477 -0.094180
v -0.223280 0.849426 -0.077149
v -0.195616 0.860958 -0.102612
v -0.169901 0.850360 -0.118600
v -0.139187 0.857051 -0.133686
v -0.138168 0.842037 -0.126213
v -0.371582 0.914811 -0.006212
v -0.383692 0.914261 -0.021072
v 0.185717 0.920850 -0.149803
v 0.202322 0.966399 -0.113353
v 0.187752 1.028486 -0.071367
v 0.197674 1.004646 -0.080307
v 0.215089 0.987792 -0.083196
v 0.219764 0.947496 -0.103777
v 0.227064 0.971673 -0.076652
v 0.230406 0.978976 -0.052171
v 0.233781 0.980402 -0.031592
v 0.154970 0.860033 -0.161950
v 0.134415 0.817891 -0.155419
v 0.098019 0.804782 -0.161089
v 0.130833 0.788220 -0.147022
v 0.100059 0.773855 -0.152810
v 0.078932 0.763651 -0.158352
v 0.061394 0.758425 -0.153474
v 0.135529 0.767912 -0.140057
v 0.175253 0.760518 -0.135113
v 0.143054 0.752358 -0.132973
v 0.270295 1.548894 -0.086630
v 0.296991 1.565727 -0.059489
v 0.303430 1.571050 -0.044693
v 0.750415 1.375989 0.138435
v 0.274017 1.316765 -0.184713
v 0.269108 1.307734 -0.163265
v 0.262317 1.294751 -0.152156
v 0.220763 1.028404 -0.065084
v 0.253786 1.015017 -0.082536
v 0.243716 1.005955 -0.085362
v 0.241777 1.008216 -0.068018
v 0.273991 0.989611 -0.078883
v 0.257591 1.021509 -0.062502
v 0.274325 0.957182 -0.072906
v 0.277372 0.928545 -0.068507
v 0.274370 0.930867 -0.082612
v 0.300872 0.906585 -0.083024
v 0.292419 0.905056 -0.103013
v 0.275347 0.896806 -0.116211
v 0.314704 0.875273 -0.119592
v 0.293200 0.861773 -0.134646
v 0.328151 0.883336 -0.100221
v 0.336041 0.886518 -0.084954
v 0.304754 0.904686 -0.067291
v 0.341852 0.883716 -0.068893
v 0.307786 0.899249 -0.054924
v 0.338960 0.876789 -0.061930
v 0.311024 0.889879 -0.044893
v 0.285613 0.915134 -0.021874
v 0.277332 0.911884 -0.024682
v 0.300273 0.884376 -0.053407
v 0.332385 0.874684 -0.074104
v 0.322376 0.868448 -0.085066
v 0.265141 0.938051 -0.010684
v 0.258406 0.932855 -0.003635
v 0.247681 0.936548 -0.015864
v 0.243581 0.950844 0.009274
v 0.234959 0.952467 -0.002995
v 0.226349 0.954052 -0.020424
v 0.237357 0.940822 -0.030923
v 0.219175 0.955263 -0.045774
v 0.227833 0.941433 -0.053943
v 0.204496 0.954371 -0.078507
v 0.212294 0.968739 -0.041348
v 0.197694 0.969904 -0.075822
v 0.205410 0.980271 -0.038667
v 0.188332 0.980822 -0.071838
v 0.156803 0.968607 -0.102926
v 0.185889 0.965580 -0.068637
v 0.157906 0.958066 -0.100072
v 0.121244 0.951490 -0.123903
v 0.116087 0.964879 -0.126073
v 0.093064 0.938819 -0.138558
v 0.091985 0.946765 -0.147759
v 0.108783 0.915437 -0.152826
v 0.128689 0.936766 -0.121702
v 0.102523 0.926361 -0.134829
v 0.108719 0.910665 -0.133400
v 0.163218 0.940908 -0.098796
v 0.189698 0.948109 -0.068255
v 0.200706 0.972454 -0.036296
v 0.203769 0.956145 -0.035713
v 0.207511 0.939117 -0.034946
v 0.209358 0.968497 -0.003634
v 0.213133 0.952063 -0.000138
v 0.211892 0.917555 -0.033706
v 0.209020 0.982068 0.030080
v 0.211550 0.965617 0.035026
v 0.200987 0.973906 0.070775
v 0.190272 0.976492 0.099940
v 0.206722 0.941256 0.087042
v 0.221206 0.902793 0.065698
v 0.219943 0.866772 0.027477
v 0.231814 0.872106 0.024347
v 0.249976 0.956616 -0.000475
v -0.207552 0.949399 0.091568
v -0.055678 0.997988 0.150378
v -0.019463 0.983569 0.114591
v -0.045424 0.981319 0.128110
v -0.021999 0.972216 0.121989
v 0.014521 0.974269 0.116596
v 0.016183 0.962035 0.118962
v -0.025397 0.957766 0.122916
v 0.016029 0.947276 0.121073
v 0.050300 0.976798 0.123477
v 0.052717 0.962165 0.126909
v 0.052245 0.941176 0.131766
v 0.010918 0.928762 0.120251
v 0.043882 0.919326 0.130223
v 0.077139 0.965754 0.137610
v 0.075234 0.936729 0.142407
v 0.060842 0.908715 0.144069
v 0.022734 0.886785 0.124647
v 0.033429 0.876092 0.138950
v 0.036262 0.870043 0.154651
v 0.013371 0.841482 0.145593
v 0.023188 0.880375 0.156448
v 0.013301 0.889978 0.142048
v -0.014735 0.899593 0.138982
v -0.026616 0.845076 0.140367
v -0.037389 0.800563 0.136688
v -0.041415 0.899841 0.147954
v -0.045342 0.846508 0.145442
v -0.052588 0.806250 0.140632
v -0.062224 0.898818 0.156728
v -0.063468 0.846476 0.150498
v -0.063407 0.815967 0.147201
v -0.073560 0.899516 0.143138
v -0.073359 0.848037 0.142024
v -0.075090 0.816818 0.139278
v -0.054172 0.901334 0.136140
v -0.060042 0.849787 0.130683
v -0.063276 0.807132 0.127483
v -0.030459 0.900676 0.124702
v -0.038810 0.849919 0.126120
v -0.048180 0.806474 0.123147
v -0.062670 0.775253 0.131837
v -0.052107 0.776057 0.120390
v -0.019556 0.845795 0.121545
v -0.032788 0.803356 0.119544
v -0.038380 0.774198 0.115894
v -0.053889 0.746489 0.117713
v -0.040749 0.744952 0.112854
v -0.031688 0.744370 0.117411
v -0.032826 0.721619 0.120397
v -0.031450 0.743062 0.129879
v -0.037266 0.742894 0.137381
v -0.059833 0.721221 0.128087
v -0.061416 0.747269 0.129749
v -0.000157 0.896568 0.118957
v -0.027683 0.935479 0.123619
v -0.054936 0.940371 0.135099
v -0.053662 0.968690 0.132753
v -0.075292 0.943481 0.141124
v -0.066797 0.945679 0.158984
v -0.043623 0.948463 0.149198
v -0.041674 0.770453 0.132337
v -0.054207 0.772706 0.137514
v -0.043965 0.745462 0.131571
v -0.052678 0.753018 0.135194
v 0.075337 0.986863 0.131116
v 0.080140 0.980917 0.122324
v 0.125748 0.964945 0.124180
v 0.093676 0.963498 0.128143
v 0.109026 1.034535 0.137784
v 0.130858 1.012309 0.133617
v 0.148521 0.992645 0.129300
v -0.065764 0.905418 0.101792
v -0.126551 0.880550 0.134769
v -0.075893 0.866821 0.107686
v -0.046117 0.857844 0.050705
v -0.038098 0.896819 0.051252
v -0.045210 0.864346 -0.018187
v -0.034758 0.894355 -0.005665
v -0.024534 0.914064 0.005820
v -0.025497 0.923608 -0.026404
v -0.024665 0.936230 -0.051710
v -0.053531 0.951408 -0.085713
v -0.025989 0.959640 -0.076748
v -0.006534 0.964130 -0.073219
v -0.029347 0.977992 -0.092309
v -0.009045 0.982533 -0.085437
v 0.009041 0.978430 -0.094625
v 0.011585 0.957141 -0.082152
v -0.015441 0.997115 -0.093484
v 0.007230 0.993720 -0.101965
v 0.049001 0.995144 -0.107426
v 0.007262 1.008318 -0.107190
v 0.050454 1.008382 -0.109393
v 0.104550 1.006333 -0.090192
v 0.101727 0.993720 -0.091999
v 0.146245 0.978161 -0.061452
v 0.137667 0.967913 -0.068320
v 0.165753 0.943329 -0.047787
v 0.154702 0.934653 -0.058234
v 0.140860 0.925640 -0.068392
v 0.113606 0.914314 -0.081591
v 0.154005 0.987220 -0.054890
v 0.173669 0.949969 -0.038634
v 0.159665 0.985943 -0.062351
v 0.108500 1.017830 -0.088634
v 0.112414 1.016481 -0.094492
v 0.112157 1.003750 -0.098428
v 0.155311 0.975450 -0.071128
v 0.110858 0.989889 -0.101081
v 0.150246 0.965545 -0.078621
v 0.057785 1.004106 -0.121757
v 0.060262 0.990224 -0.122580
v 0.063017 0.974996 -0.123757
v 0.012566 0.986227 -0.131178
v 0.014217 0.972117 -0.134198
v 0.016163 0.957143 -0.137617
v 0.065120 0.957863 -0.124875
v 0.018857 0.934536 -0.141728
v 0.066358 0.934653 -0.126330
v 0.020677 0.902532 -0.141485
v 0.067273 0.903144 -0.128103
v 0.107151 0.904230 -0.111831
v 0.067435 0.877530 -0.129420
v 0.106257 0.880849 -0.114080
v 0.137404 0.881593 -0.099128
v 0.139287 0.903235 -0.095961
v 0.159716 0.881929 -0.085113
v 0.161345 0.903936 -0.080792
v 0.133933 0.863087 -0.102538
v 0.156431 0.862302 -0.089868
v 0.170943 0.860115 -0.078754
v 0.152502 0.844305 -0.095847
v 0.168807 0.841773 -0.083856
v 0.155008 0.842517 -0.111307
v 0.174694 0.836579 -0.096005
v 0.196138 0.842715 -0.082649
v 0.177408 0.854515 -0.099881
v 0.151721 0.862866 -0.115846
v 0.212385 0.838778 -0.063689
v 0.208490 0.832258 -0.066958
v 0.217346 0.820741 -0.061588
v 0.104605 0.861037 -0.116450
v 0.066316 0.857849 -0.131887
v 0.021853 0.875970 -0.141421
v -0.038140 0.902340 -0.142001
v -0.039543 0.876873 -0.141420
v -0.091162 0.903921 -0.127083
v -0.094280 0.880825 -0.127202
v -0.136815 0.908457 -0.109006
v -0.172109 0.920312 -0.087714
v -0.130298 0.933383 -0.108646
v -0.086387 0.931053 -0.126760
v -0.123895 0.953888 -0.109221
v -0.081704 0.953038 -0.126625
v -0.036877 0.932882 -0.143266
v -0.034861 0.956719 -0.139561
v -0.077420 0.969086 -0.125544
v -0.032881 0.971831 -0.135569
v -0.109959 0.987333 -0.109968
v -0.117081 0.972037 -0.109928
v -0.072786 0.984227 -0.124002
v -0.030835 0.985632 -0.131306
v -0.028658 1.000041 -0.125805
v 0.011320 1.000268 -0.126443
v -0.026718 1.015777 -0.118276
v 0.011212 1.015395 -0.119370
v 0.055062 1.017671 -0.118829
v 0.009416 1.020927 -0.110783
v 0.051819 1.019554 -0.110957
v -0.018459 1.010200 -0.101101
v -0.023485 1.023221 -0.107056
v -0.035500 0.992127 -0.102167
v -0.057134 0.974196 -0.098469
v -0.064743 0.989288 -0.105895
v -0.098450 0.974376 -0.098685
v -0.097458 0.990076 -0.102351
v -0.142847 0.980298 -0.080849
v -0.142318 0.996922 -0.081087
v -0.184716 0.994183 -0.044342
v -0.187442 1.010317 -0.037407
v -0.204215 0.969950 -0.015649
v -0.208025 0.978312 -0.001600
v -0.214701 0.982153 0.003575
v -0.192506 1.020205 -0.036747
v -0.216001 0.974745 -0.006655
v -0.195341 1.008140 -0.042872
v -0.215226 0.964237 -0.021150
v -0.195745 0.991229 -0.049196
v -0.154254 0.995611 -0.087356
v -0.212219 0.942197 -0.005344
v -0.144629 0.956954 -0.078001
v -0.099428 0.952042 -0.090550
v -0.202240 0.928938 -0.058707
v -0.047374 0.812466 0.054553
v -0.045509 0.820818 -0.021799
v -0.067984 0.779985 0.052711
v -0.063713 0.778377 -0.015985
v -0.098441 0.785928 -0.063411
v -0.086736 0.717062 -0.007501
v -0.115033 0.723152 -0.054502
v -0.158884 0.733545 -0.072133
v -0.201937 0.738922 -0.056478
v -0.241936 0.674444 -0.004760
v -0.237134 0.735803 -0.008236
v -0.237221 0.728801 0.051717
v -0.211480 0.724949 0.094871
v -0.201786 0.794405 0.106680
v -0.171491 0.723448 0.110615
v -0.157028 0.789770 0.119493
v -0.141474 0.837627 0.129070
v -0.193828 0.845276 0.117066
v -0.177911 0.890830 0.126578
v -0.109885 0.784533 0.102225
v -0.090861 0.820844 0.112564
v -0.126668 0.722673 0.098726
v -0.088503 0.717967 0.053981
v -0.146898 0.658913 0.101325
v -0.109395 0.643861 0.062908
v -0.103589 0.643404 0.000344
v -0.160850 0.637591 0.101647
v -0.185016 0.657627 0.118128
v -0.182543 0.671902 0.107356
v -0.163775 0.628949 0.111131
v -0.248753 0.625977 -0.003342
v -0.255669 0.585983 -0.001724
v -0.244100 0.561200 -0.052202
v -0.269342 0.556821 -0.006820
v -0.275056 0.533989 -0.012226
v -0.193696 0.550209 -0.068292
v -0.154459 0.537217 -0.047292
v -0.133453 0.524050 -0.007508
v -0.327250 0.762906 -0.150990
v -0.337978 0.769145 -0.145211
v -0.345834 0.772488 -0.130213
v -0.342868 0.770865 -0.115740
v -0.364514 0.720955 -0.141064
v -0.367882 0.722584 -0.127677
v -0.362619 0.720315 -0.116572
v -0.379693 0.684216 -0.125387
v -0.372801 0.684228 -0.115761
v -0.374334 0.652065 -0.115858
v -0.365604 0.652149 -0.118621
v -0.363666 0.651770 -0.128893
v -0.372150 0.639291 -0.114507
v -0.365659 0.637351 -0.118331
v -0.376619 0.682751 -0.137747
v -0.368156 0.656876 -0.139082
v 0.090344 0.873293 0.128177
v 0.057593 0.871557 0.114036
v 0.029650 0.868337 0.073189
v 0.012392 0.867326 0.026019
v 0.017690 0.863669 -0.017761
v 0.023724 0.802067 -0.016399
v 0.041227 0.746761 -0.013275
v 0.043449 0.722422 -0.013584
v 0.056462 0.711252 -0.009938
v 0.072533 0.673810 0.056858
v 0.115736 0.640809 0.097181
v 0.105325 0.676561 0.096024
v 0.086360 0.627842 0.062278
v 0.147999 0.659746 0.108960
v 0.140668 0.681001 0.110847
v 0.173867 0.655170 0.112670
v 0.148718 0.649972 0.116256
v 0.194252 0.635483 0.092173
v 0.149839 0.639208 0.124599
v 0.158179 0.621615 0.127045
v 0.168063 0.591288 0.137395
v 0.255707 0.765555 -0.158179
v 0.053331 0.696916 -0.141897
v -0.040497 0.665915 -0.150766
v 0.282940 0.686852 -0.144511
v 0.293630 0.827795 -0.146023
v 0.304041 0.742161 -0.130431
v 0.270737 0.775295 -0.122308
v 0.293000 0.735672 -0.124807
v 0.257222 0.770129 -0.126150
v 0.278842 0.729083 -0.119415
v 0.242778 0.805650 -0.128246
v 0.229569 0.840486 -0.121755
v 0.326833 0.620553 -0.150149
v 0.338764 0.625644 -0.138102
v 0.339186 0.629077 -0.122284
v 0.285616 0.662724 -0.116795
v -0.219969 0.886971 -0.044232
v -0.230798 0.882471 -0.026756
v -0.222943 0.881143 -0.029752
v -0.215440 0.883522 -0.041586
v 0.366488 0.748463 -0.134767
v 0.374709 0.748901 -0.133508
v 0.208565 0.742421 -0.015145
v 0.188662 0.661989 -0.054490
v 0.213543 0.666685 -0.016679
v 0.194724 0.602492 -0.048051
v 0.227758 0.599202 -0.014621
v 0.200057 0.570807 -0.051430
v 0.160083 0.544739 -0.066894
v 0.155946 0.570765 -0.065413
v 0.205952 0.549085 -0.061132
v 0.116646 0.535761 -0.043563
v 0.114726 0.564048 -0.038448
v 0.117574 0.514427 -0.047245
v 0.160104 0.522915 -0.075384
v 0.110826 0.495886 -0.053568
v 0.154481 0.510807 -0.090128
v 0.208297 0.528683 -0.063473
v 0.214602 0.514272 -0.073625
v 0.161017 0.499937 -0.078595
v 0.216918 0.500050 -0.074281
v 0.247024 0.511749 -0.022371
v 0.259475 0.499500 -0.027355
v 0.162613 0.486405 -0.076383
v 0.116090 0.453468 -0.053477
v 0.159810 0.469173 -0.085896
v 0.093091 0.452291 0.002687
v 0.108619 0.448370 -0.059160
v 0.155921 0.455524 -0.094587
v 0.107794 0.437367 -0.061240
v 0.154447 0.441832 -0.102342
v 0.116815 0.434627 -0.054413
v 0.158994 0.441911 -0.088051
v 0.119746 0.424827 -0.054589
v 0.163242 0.431926 -0.083924
v 0.211760 0.446550 -0.087839
v 0.210833 0.437432 -0.087528
v 0.248991 0.448423 -0.064118
v 0.246259 0.438451 -0.064637
v 0.253113 0.418725 -0.072709
v 0.263029 0.439305 -0.023023
v 0.265731 0.420371 -0.026584
v 0.246311 0.434005 0.028189
v 0.248285 0.413050 0.023884
v 0.250110 0.384276 0.018377
v 0.251686 0.305686 0.011405
v 0.218179 0.402041 0.052632
v 0.221554 0.375478 0.048047
v 0.226706 0.302409 0.035081
v 0.246903 0.248427 0.012407
v 0.182803 0.368183 0.053690
v 0.195077 0.297788 0.037561
v 0.148097 0.359771 0.030468
v 0.167850 0.294429 0.020690
v 0.131859 0.350412 -0.009541
v 0.152488 0.293514 -0.012894
v 0.138918 0.402549 0.036455
v 0.115298 0.403565 -0.006438
v 0.135486 0.425318 0.036361
v 0.111082 0.424109 -0.004489
v 0.179263 0.397874 0.055886
v 0.177661 0.417928 0.060651
v 0.176247 0.427900 0.068049
v 0.214651 0.420814 0.057983
v 0.195187 0.233486 -0.071445
v 0.198501 0.179464 -0.065281
v 0.172542 0.150351 -0.044575
v 0.193786 0.152855 -0.072678
v 0.192215 0.111214 -0.075888
v 0.184828 0.067567 -0.082069
v 0.221409 0.109230 -0.078558
v 0.221565 0.064520 -0.088999
v 0.179975 0.043371 -0.081843
v 0.219998 0.040287 -0.091881
v 0.176869 0.028701 -0.081128
v 0.217189 0.025441 -0.093695
v 0.250660 0.019546 -0.064648
v 0.262140 0.020992 -0.017764
v 0.245237 0.019330 -0.013501
v 0.231669 0.029400 0.025672
v 0.225462 0.018697 -0.009057
v 0.248579 0.029203 0.024620
v 0.264987 0.028909 0.024211
v 0.259818 0.019396 0.063631
v 0.261260 0.009185 0.115623
v 0.242827 0.020253 0.063446
v 0.280650 0.007081 0.114861
v 0.241833 0.010377 0.115891
v 0.227012 0.020691 0.064183
v 0.215097 0.029517 0.027333
v 0.210245 0.021585 0.064162
v 0.199108 0.029865 0.029698
v 0.188668 0.023601 -0.000662
v 0.205776 0.020035 -0.004849
v 0.221125 0.011820 0.113792
v 0.288487 0.000463 0.168897
v 0.216943 0.168244 0.092882
v 0.219331 0.155977 0.081579
v 0.248178 0.133208 0.084878
v 0.222167 0.135377 0.093318
v 0.282539 0.082041 0.105731
v 0.256218 0.095563 0.126910
v 0.227694 0.091502 0.131436
v 0.263178 0.075569 0.165920
v 0.229346 0.069679 0.170849
v 0.204872 0.077266 0.125324
v 0.203867 0.055681 0.169472
v 0.207472 0.025601 0.207665
v 0.232125 0.023271 0.237933
v 0.205034 0.011548 0.209380
v 0.229480 0.012074 0.240175
v 0.266528 0.022998 0.246823
v 0.264463 0.013718 0.251854
v 0.215730 0.002657 0.204214
v 0.300401 0.009160 0.229756
v 0.300239 0.020441 0.226281
v 0.295192 0.061367 0.150419
v 0.312868 0.040347 0.135809
v -0.219985 0.577250 0.137823
v -0.233941 0.548477 0.115138
v -0.221091 0.544152 0.129235
v -0.231012 0.517619 0.119545
v -0.220927 0.522216 0.125081
v -0.238489 0.517037 0.111778
v -0.232790 0.498046 0.104494
v -0.228578 0.499512 0.117288
v -0.243284 0.518062 0.098159
v -0.225703 0.504955 0.123080
v -0.169669 0.479171 0.073075
v -0.149108 0.463227 0.055060
v -0.125966 0.458557 0.000946
v -0.143432 0.451375 -0.055901
v -0.154303 0.468626 -0.051103
v -0.189595 0.461550 -0.090354
v -0.197292 0.483540 -0.078313
v -0.137467 0.438767 -0.058423
v -0.182638 0.443787 -0.101494
v -0.146231 0.433450 -0.050396
v -0.185722 0.440528 -0.085929
v -0.238344 0.446541 -0.090296
v -0.188332 0.427784 -0.082670
v -0.237314 0.431515 -0.090924
v -0.275916 0.432743 -0.073803
v -0.275169 0.448056 -0.070013
v -0.295776 0.429829 -0.040235
v -0.294803 0.445135 -0.038657
v -0.291430 0.425139 0.003384
v -0.293650 0.444276 0.002733
v -0.302620 0.456508 0.002888
v -0.266805 0.437900 0.044555
v -0.272789 0.451246 0.053950
v -0.268126 0.416820 0.039286
v -0.235670 0.406257 0.059074
v -0.269360 0.389121 0.036091
v -0.237577 0.382986 0.053907
v -0.191543 0.382143 0.043946
v -0.186737 0.406696 0.048218
v -0.155838 0.381281 0.003041
v -0.149026 0.412305 0.003201
v -0.157459 0.384428 -0.048209
v -0.149239 0.418398 -0.049521
v -0.194767 0.391916 -0.082306
v -0.178744 0.327365 -0.044667
v -0.205358 0.329333 -0.076003
v -0.237734 0.393445 -0.089471
v -0.273410 0.391734 -0.075977
v -0.299834 0.397865 -0.043064
v -0.288624 0.337287 -0.000404
v -0.290959 0.395590 0.002815
v -0.269538 0.336319 0.030636
v -0.283665 0.268326 -0.002876
v -0.239367 0.334497 0.042985
v -0.202614 0.331391 0.032042
v -0.200169 0.254905 -0.000229
v -0.178105 0.327458 -0.001064
v -0.196299 0.256545 -0.036614
v -0.214224 0.263204 -0.064718
v -0.247711 0.199379 -0.072101
v -0.275728 0.201371 -0.058773
v -0.290624 0.214222 -0.029666
v -0.287079 0.226628 0.005322
v -0.195188 0.187618 0.026988
v -0.032139 0.988022 0.144102
v -0.041285 1.017571 0.139674
v -0.071395 1.374049 -0.124047
v 0.067544 1.337459 0.131718
v -0.154238 1.770736 -0.035267
v -0.161375 1.770429 -0.034379
v -0.149229 1.768694 -0.031671
v -0.154238 1.770736 -0.035267
v -0.154238 1.770736 -0.035267
v -0.147003 1.775034 -0.031074
v -0.154974 1.770505 -0.034563
v 0.227435 1.027501 -0.021861
v 0.220568 1.034859 -0.014020
v 0.239460 1.037803 -0.016263
v -0.755604 1.376373 0.109516
v -0.758679 1.387727 0.121795
v -0.748636 1.394811 0.123325
v 0.083205 1.652282 0.070207
v 0.081936 1.644144 0.060500
v 0.086268 1.644904 0.068074
v -0.271142 0.829954 0.012147
v -0.260476 0.837165 0.020197
v -0.264240 0.824355 0.017813
v -0.747797 1.353824 0.026031
v -0.736474 1.353556 0.005009
v -0.721619 1.353217 0.008637
vn -0.1549 -0.8027 0.5759
vn -0.5966 -0.6516 0.4685
vn -0.7840 -0.3744 -0.4952
vn -0.1870 -0.9509 0.2467
vn 0.0860 0.8798 -0.4675
vn -0.2728 0.3755 -0.8858
vn -0.1310 0.8788 -0.4589
vn -0.4528 0.8914 -0.0186
vn -0.7657 0.6160 -0.1850
vn -0.3894 -0.8282 0.4030
vn -0.3371 -0.8440 0.4173
vn -0.3577 -0.8474 0.3925
vn -0.3862 -0.9148 0.1181
vn 0.4170 0.8866 -0.2003
vn 0.4984 0.8626 -0.0869
vn 0.5000 0.8630 -0.0720
vn 0.4420 0.8854 -0.1439
vn 0.4968 0.8677 -0.0196
vn 0.4648 0.8841 -0.0476
vn 0.4159 0.9065 -0.0733
vn -0.1183 -0.5844 0.8028
vn -0.5254 0.7294 0.4381
vn -0.7447 0.4783 0.4654
vn -0.8973 -0.4004 0.1860
vn -0.2348 0.8323 -0.5020
vn -0.4076 0.8062 -0.4289
vn -0.6529 0.1510 -0.7422
vn -0.1077 -0.6726 -0.7321
vn -0.0956 -0.9794 0.1780
vn -0.1100 0.5573 -0.8230
vn 0.1468 -0.9048 0.3996
vn 0.1363 -0.7752 -0.6169
vn -0.6672 0.6862 -0.2898
vn -0.8525 -0.3423 -0.3950
vn -0.6035 -0.6605 0.4467
vn -0.7059 -0.0386 0.7072
vn -0.1353 -0.8843 0.4469
vn -0.6727 -0.4299 0.6022
vn -0.2356 0.7080 -0.6658
vn -0.0312 -0.9994 0.0155
vn -0.8161 -0.2157 0.5361
vn -0.8028 0.3785 -0.4606
vn -0.3863 -0.2974 -0.8731
vn -0.5129 -0.8482 -0.1324
vn 0.2721 -0.8814 -0.3862
vn -0.0802 0.0013 -0.9968
vn -0.5459 0.7153 -0.4362
vn 0.2062 -0.6695 0.7136
vn -0.9769 -0.0058 0.2135
vn -0.9741 -0.0423 -0.2220
vn -0.9352 -0.3219 0.1478
vn -0.8359 -0.2439 0.4917
vn 0.5739 -0.2754 -0.7712
vn 0.8545 -0.2768 0.4396
vn 0.6434 -0.6929 0.3254
vn 0.3067 -0.7690 -0.5609
vn 0.4603 -0.4005 0.7923
vn 0.2964 -0.7288 0.6172
vn 0.3832 -0.1836 0.9052
vn 0.5628 -0.1637 0.8102
vn 0.8569 -0.4820 -0.1829
vn 0.7587 -0.4713 0.4498
vn -0.2401 -0.0227 -0.9705
vn 0.4039 -0.3994 -0.8230
vn -0.0248 -0.1766 -0.9840
vn -0.9791 -0.1450 0.1423
vn -0.6065 -0.3016 -0.7357
vn 0.2005 -0.9625 -0.1825
vn -0.7319 -0.6139 0.2958
vn 0.5057 -0.3225 0.8002
vn 0.7988 -0.5728 -0.1841
vn 0.7427 -0.6672 -0.0571
vn 0.1225 -0.2460 -0.9615
vn 0.4925 -0.3403 0.8010
vn 0.3469 -0.3451 0.8721
vn 0.3949 -0.3567 0.8467
vn 0.4737 -0.4279 0.7697
vn 0.1873 -0.3639 0.9124
vn 0.2381 -0.2326 0.9430
vn 0.0686 -0.9870 -0.1452
vn 0.5944 -0.8041 -0.0100
vn 0.3204 -0.1403 0.9368
vn -0.2619 -0.1521 -0.9530
vn -0.3735 -0.0995 -0.9223
vn -0.2729 0.1807 -0.9449
vn -0.5264 0.2894 -0.7994
vn -0.4740 0.3382 -0.8130
vn -0.3285 0.2634 -0.9070
vn -0.0570 0.3457 0.9366
vn 0.7762 0.4093 0.4796
vn 0.9047 -0.0653 0.4210
vn 0.7929 -0.2747 0.5439
vn 0.9322 0.3049 0.1950
vn 0.9550 0.2886 0.0689
vn 0.9465 0.3136 -0.0764
vn 0.9972 0.0595 -0.0462
vn 0.2232 0.2006 0.9539
vn 0.3454 0.5739 0.7425
vn 0.6878 0.7166 0.1153
vn 0.9006 -0.2027 0.3844
vn -0.0030 -0.2467 0.9691
vn -0.2243 -0.6392 0.7356
vn 0.2367 -0.9202 0.3119
vn 0.0575 -0.7200 -0.6916
vn -0.7768 -0.3255 -0.5392
vn 0.6469 -0.1578 -0.7460
vn 0.4536 -0.1401 -0.8801
vn 0.8250 -0.4687 0.3158
vn 0.8467 -0.2871 0.4480
vn 0.3763 -0.1388 -0.9160
vn 0.8609 -0.4362 -0.2619
vn 0.0597 -0.0690 0.9958
vn -0.0336 -0.0970 0.9947
vn -0.2065 0.0035 0.9784
vn -0.0039 -0.1816 0.9834
vn 0.7260 0.0514 0.6858
vn -0.1810 0.2306 0.9561
vn 0.0707 -0.1073 0.9917
vn 0.5353 -0.0537 0.8429
vn 0.5098 -0.5724 0.6422
vn 0.8825 -0.4702 0.0074
vn -0.4465 0.1276 0.8856
vn 0.7911 -0.3143 -0.5248
vn -0.4825 -0.4394 -0.7577
vn 0.6470 0.1660 -0.7442
vn 0.4306 -0.8837 -0.1835
vn -0.3856 -0.6863 -0.6167
vn -0.7871 0.0524 -0.6146
vn -0.5675 0.2338 -0.7895
vn 0.4942 -0.1255 -0.8603
vn 0.3945 -0.2943 -0.8705
vn 0.0048 0.6169 -0.7870
vn 0.9265 0.0553 -0.3721
vn 0.9682 -0.2351 0.0858
vn 0.9906 -0.1036 0.0897
vn 0.9492 -0.2060 0.2377
vn 0.1892 0.6854 -0.7031
vn 0.8898 -0.1837 0.4176
vn 0.8871 -0.1915 0.4199
vn 0.8592 -0.1605 0.4857
vn 0.9656 -0.1815 0.1865
vn 0.4252 0.5812 -0.6938
vn -0.7252 0.0967 -0.6818
vn -0.6737 0.0727 -0.7354
vn -0.8111 0.1078 -0.5749
vn -0.8659 0.1292 -0.4832
vn -0.6653 0.0853 -0.7417
vn -0.8371 0.1074 -0.5364
vn -0.8987 0.1335 -0.4178
vn -0.8765 0.2810 -0.3910
vn -0.1582 0.0893 -0.9834
vn -0.2483 0.0878 -0.9647
vn 0.4695 -0.0935 -0.8780
vn 0.4722 -0.1131 -0.8742
vn -0.3343 -0.0170 -0.9423
vn 0.1335 -0.2262 -0.9649
vn 0.5077 -0.4362 -0.7429
vn 0.7476 -0.3965 -0.5329
vn -0.8378 0.5377 0.0950
vn -0.9159 0.3683 0.1598
vn -0.9639 0.2640 0.0354
vn -0.9414 0.3373 -0.0017
vn -0.5069 -0.5840 0.6341
vn -0.0230 -0.9925 0.1204
vn 0.0545 -0.9581 0.2811
vn 0.0657 -0.3406 0.9379
vn 0.5988 -0.3303 0.7297
vn 0.1953 -0.9551 0.2229
vn -0.0005 -0.9997 0.0264
vn 0.0682 -0.9879 -0.1391
vn 0.0492 -0.9878 -0.1477
vn 0.0340 -0.9973 -0.0650
vn 0.0290 -0.9994 -0.0167
vn 0.0184 -0.9990 -0.0410
vn 0.0563 -0.9867 -0.1528
vn 0.5087 0.4601 0.7277
vn 0.0849 0.8854 0.4571
vn -0.2303 0.6860 0.6902
vn -0.1261 0.2853 0.9501
vn -0.2755 0.9288 0.2477
vn -0.6339 0.6339 0.4431
vn -0.7574 0.2574 0.6000
vn 0.1668 0.9157 0.3655
vn -0.3473 0.9066 0.2398
vn -0.7986 0.5862 0.1366
vn -0.8147 0.5795 0.0213
vn -0.9404 0.2908 -0.1762
vn -0.9372 0.3251 0.1264
vn -0.9894 -0.0760 0.1235
vn -0.9436 -0.1544 -0.2928
vn 0.5326 -0.8395 -0.1079
vn 0.7755 -0.6291 -0.0537
vn 0.9912 -0.0531 0.1213
vn 0.9718 -0.2357 -0.0094
vn 0.9919 0.0933 0.0862
vn 0.9866 0.0570 0.1530
vn 0.9211 -0.2057 0.3305
vn 0.9692 -0.0698 0.2364
vn 0.8368 -0.5193 0.1736
vn -0.3904 -0.9207 0.0037
vn -0.2321 -0.9679 0.0962
vn -0.8896 -0.4547 -0.0429
vn -0.9394 -0.2890 -0.1844
vn -0.0814 -0.9903 -0.1129
vn -0.6544 -0.7083 -0.2646
vn -0.9613 0.1109 -0.2524
vn -0.9790 -0.0056 -0.2037
vn -0.9316 -0.1539 -0.3293
vn -0.9748 -0.0229 -0.2220
vn -0.9467 0.0067 -0.3221
vn 0.0791 0.7873 0.6114
vn -0.5548 0.7382 0.3838
vn -0.4336 0.8387 0.3295
vn 0.1703 0.8665 0.4693
vn -0.8619 0.5061 0.0323
vn 0.0562 -0.9980 -0.0305
vn 0.0524 -0.8860 -0.4607
vn 0.4168 -0.8090 -0.4144
vn 0.4246 -0.8982 -0.1140
vn -0.0223 -0.2731 -0.9617
vn 0.6008 -0.2650 -0.7542
vn 0.8973 -0.3521 -0.2661
vn -0.6842 -0.2785 -0.6740
vn -0.7174 0.1578 -0.6785
vn -0.7518 0.0933 -0.6527
vn 0.9535 -0.0421 0.2984
vn 0.9611 -0.2031 0.1869
vn 0.9908 -0.0782 0.1104
vn 0.9727 -0.1719 0.1556
vn 0.7376 0.5058 0.4474
vn 0.4538 -0.0647 0.8888
vn 0.3917 -0.1717 0.9039
vn 0.7116 -0.2771 0.6456
vn -0.9802 0.0202 -0.1970
vn -0.7720 0.1208 -0.6240
vn -0.9955 0.0895 -0.0316
vn -0.8484 0.1276 0.5138
vn -0.9064 0.2746 0.3211
vn -0.9314 0.1206 0.3434
vn -0.9963 -0.0660 -0.0546
vn -0.9137 0.1709 -0.3686
vn -0.1941 0.1272 -0.9727
vn -0.1776 0.2896 -0.9405
vn -0.8685 0.2487 -0.4288
vn -0.6285 0.1248 -0.7677
vn -0.1197 0.1983 -0.9728
vn -0.9222 0.3455 0.1737
vn 0.9982 -0.0510 0.0322
vn 0.9449 0.0763 -0.3184
vn 0.9716 0.0955 -0.2164
vn 0.9973 0.0243 0.0690
vn 0.5639 0.2664 -0.7817
vn 0.6076 0.1733 -0.7751
vn 0.6326 -0.0701 -0.7713
vn 0.9781 0.0071 -0.2079
vn 0.9349 0.1620 0.3159
vn 0.9127 0.3962 0.0998
vn -0.6902 0.3022 0.6575
vn -0.6397 0.2882 0.7125
vn 0.3786 0.0774 0.9223
vn 0.1424 0.4014 0.9048
vn -0.3361 0.4213 0.8424
vn 0.6067 0.3536 0.7119
vn 0.7352 0.4272 0.5263
vn 0.8259 0.4075 0.3898
vn -0.5105 0.8596 -0.0210
vn -0.7009 0.6995 0.1394
vn -0.8402 0.5400 0.0492
vn 0.7351 0.6722 0.0883
vn 0.5977 0.8011 -0.0298
vn 0.0203 0.9809 0.1935
vn 0.0872 0.8707 0.4840
vn -0.6825 0.5492 0.4822
vn 0.7299 0.4270 0.5338
vn 0.5711 -0.0319 0.8202
vn -0.0756 0.0537 0.9957
vn -0.6461 0.0577 0.7611
vn -0.9716 0.0060 -0.2367
vn -0.9595 -0.0892 -0.2671
vn -0.5728 -0.0876 -0.8150
vn -0.6253 -0.0339 -0.7797
vn -0.0401 -0.0899 -0.9951
vn -0.0579 -0.1291 -0.9899
vn 0.3167 -0.4397 0.8404
vn -0.2732 0.2806 0.9201
vn -0.3461 0.3136 0.8842
vn -0.3103 -0.5592 0.7688
vn -0.8516 0.0931 0.5158
vn -0.7318 0.4458 0.5155
vn -0.1945 -0.4505 0.8713
vn 0.5368 -0.3294 0.7768
vn 0.5418 -0.5666 0.6208
vn -0.1774 -0.8713 0.4575
vn 0.8688 -0.3537 0.3465
vn 0.8148 -0.5470 0.1923
vn 0.9437 -0.2869 0.1647
vn 0.6243 -0.5050 0.5960
vn 0.3997 -0.1994 0.8947
vn -0.9778 -0.0165 -0.2090
vn -0.7206 0.6201 -0.3101
vn -0.5766 0.5603 -0.5946
vn -0.7182 -0.3023 -0.6267
vn -0.6555 0.3727 -0.6569
vn -0.2571 0.6055 -0.7532
vn -0.2226 -0.3175 -0.9217
vn -0.8420 0.5281 0.1107
vn -0.9491 0.3120 -0.0423
vn -0.9299 0.3401 -0.1399
vn -0.5841 0.0273 -0.8112
vn 0.9901 0.0813 -0.1141
vn 0.9656 -0.1970 -0.1696
vn 0.9771 0.0415 0.2085
vn 0.9187 0.1252 0.3746
vn 0.9934 0.0580 -0.0991
vn 0.9402 0.0968 0.3267
vn 0.7522 0.0432 0.6575
vn -0.8177 0.4062 0.4078
vn 0.6767 -0.5161 0.5251
vn 0.1426 -0.8573 0.4946
vn -0.1685 -0.2743 0.9468
vn 0.5057 -0.3267 0.7985
vn -0.7062 -0.6192 0.3433
vn -0.8010 0.0230 0.5983
vn -0.9131 0.4030 -0.0621
vn -0.6063 0.3269 -0.7250
vn 0.0477 0.0005 -0.9989
vn -0.0851 -0.4077 -0.9091
vn 0.6473 -0.3291 -0.6876
vn 0.6841 -0.2835 -0.6721
vn 0.7470 0.2420 -0.6192
vn 0.1254 0.4341 -0.8921
vn -0.5983 0.3379 -0.7265
vn -0.9051 -0.3243 0.2750
vn -0.9632 -0.1604 0.2158
vn 0.9190 -0.1094 0.3787
vn 0.8905 -0.3099 0.3331
vn 0.7692 -0.4035 0.4955
vn 0.7482 -0.1853 0.6370
vn 0.8025 -0.3304 0.4969
vn 0.6305 -0.3538 0.6908
vn 0.8840 -0.4606 0.0803
vn 0.1000 -0.2716 0.9572
vn 0.6279 -0.6622 0.4088
vn 0.2644 -0.1873 0.9460
vn 0.2694 -0.0786 0.9598
vn 0.4947 -0.1986 0.8461
vn 0.4197 -0.8694 0.2607
vn 0.5507 -0.0906 0.8298
vn 0.9487 -0.2846 -0.1378
vn 0.8947 -0.2256 0.3854
vn 0.9647 -0.2363 -0.1161
vn 0.8890 -0.0013 0.4578
vn 0.7492 0.1332 0.6488
vn -0.7541 0.3816 0.5346
vn -0.8104 0.1572 0.5644
vn -0.8154 -0.1026 0.5698
vn -0.9446 -0.1869 0.2699
vn -0.9800 -0.1530 0.1272
vn 0.2773 0.1120 0.9542
vn -0.9890 0.0997 0.1096
vn -0.9494 0.2970 0.1024
vn -0.9624 0.1446 0.2299
vn -0.7159 0.1024 0.6906
vn -0.6402 0.2928 0.7102
vn -0.7389 0.4645 0.4880
vn -0.6504 0.4869 0.5830
vn -0.5668 0.2898 0.7712
vn 0.4502 0.1990 0.8705
vn 0.6976 -0.1191 -0.7065
vn 0.1086 0.0500 -0.9928
vn 0.1227 -0.0457 -0.9914
vn 0.6622 -0.1736 -0.7290
vn 0.6373 -0.1632 -0.7531
vn 0.0666 -0.0532 -0.9964
vn -0.6063 0.0708 -0.7921
vn -0.6134 0.0926 -0.7843
vn -0.6186 0.2417 -0.7476
vn -0.2748 0.2996 0.9136
vn -0.1552 0.2490 0.9560
vn -0.0027 0.5118 0.8591
vn -0.8702 0.1655 0.4640
vn -0.9502 0.0890 0.2988
vn -0.6705 0.1265 0.7311
vn 0.8727 -0.1887 0.4503
vn 0.7641 -0.1538 0.6265
vn 0.7040 -0.1586 0.6922
vn 0.7705 -0.2015 0.6047
vn 0.5562 -0.1786 0.8117
vn 0.5576 -0.1414 0.8180
vn 0.5701 -0.1211 0.8126
vn -0.6978 0.5019 -0.5110
vn -0.5512 0.6842 -0.4776
vn -0.7827 0.4155 -0.4633
vn -0.8129 0.2227 -0.5382
vn 0.6007 0.6358 -0.4847
vn 0.9274 -0.3644 -0.0847
vn -0.0890 -0.9862 0.1398
vn -0.1609 -0.7405 -0.6525
vn 0.5163 -0.1955 -0.8338
vn 0.9197 0.3524 0.1733
vn 0.6444 0.7441 0.1764
vn 0.5910 0.6602 0.4636
vn 0.7496 0.2641 0.6069
vn 0.1364 0.9644 0.2265
vn 0.1857 0.7812 0.5961
vn 0.2027 0.2857 0.9366
vn 0.1672 -0.9579 0.2332
vn 0.0098 -0.8976 0.4407
vn 0.0026 -0.9951 0.0992
vn 0.0060 -0.9984 0.0570
vn -0.2148 -0.9098 0.3552
vn -0.0124 -0.9976 0.0675
vn -0.0117 -0.9995 0.0291
vn -0.3469 0.8793 0.3265
vn -0.2546 0.7737 0.5801
vn -0.4784 0.3433 0.8082
vn -0.7760 0.4630 0.4282
vn 0.0878 -0.9958 0.0267
vn -0.0032 -0.9839 -0.1784
vn 0.7322 -0.6113 -0.3004
vn 0.7766 -0.6136 0.1430
vn 0.9827 0.0746 0.1697
vn 0.9715 0.1462 -0.1868
vn -0.0288 -0.9993 0.0227
vn -0.0162 -0.9998 0.0099
vn -0.0330 -0.9971 -0.0693
vn -0.0258 -0.9954 -0.0925
vn -0.0552 -0.9929 -0.1050
vn 0.9361 0.1044 -0.3358
vn 0.6876 -0.5604 -0.4618
vn 0.0436 -0.9581 -0.2831
vn 0.8508 -0.4412 -0.2854
vn 0.9564 0.0254 -0.2908
vn 0.9382 0.3139 -0.1455
vn 0.9761 0.1820 -0.1187
vn 0.9624 -0.1974 -0.1868
vn 0.9659 0.1121 -0.2333
vn -0.9600 0.2217 0.1712
vn -0.9880 0.0739 0.1354
vn -0.9841 -0.1764 -0.0224
vn -0.9703 -0.2335 0.0633
vn -0.4970 -0.8649 -0.0704
vn -0.6348 -0.7556 -0.1616
vn -0.9858 -0.0582 0.1576
vn -0.9879 -0.0926 0.1247
vn -0.7873 -0.6166 -0.0011
vn -0.0498 -0.9984 0.0275
vn -0.0211 -0.9996 -0.0174
vn -0.0004 -0.9997 -0.0260
vn -0.0001 -1.0000 -0.0084
vn -0.3674 -0.8865 -0.2812
vn -0.0471 -0.9506 -0.3067
vn 0.0474 -0.9970 -0.0605
vn -0.4201 -0.9054 0.0613
vn 0.9780 -0.0587 -0.2003
vn 0.9679 -0.0016 -0.2514
vn 0.9801 -0.1031 0.1697
vn 0.8510 -0.1947 0.4877
vn 0.4160 -0.1747 0.8925
vn 0.6019 0.0397 0.7976
vn 0.8161 -0.0984 -0.5695
vn 0.7906 0.1404 -0.5961
vn -0.9570 -0.1488 0.2489
vn -0.9683 -0.0632 0.2417
vn 0.9495 0.1129 -0.2929
vn 0.9643 0.2303 0.1308
vn 0.6501 0.4583 0.6061
vn -0.9869 -0.0206 0.1603
vn -0.9476 -0.0300 0.3182
vn -0.8430 -0.4755 0.2514
vn -0.8320 -0.4427 0.3345
vn 0.8645 0.4364 0.2495
vn -0.9299 -0.3677 0.0105
vn -0.9968 0.0243 -0.0764
vn -0.9574 0.1013 -0.2704
vn 0.8264 0.0519 -0.5607
vn -0.9305 0.1177 -0.3470
vn -0.9992 -0.0117 0.0378
vn -0.9380 -0.0929 0.3341
vn -0.8016 0.3489 0.4855
vn -0.7142 -0.0779 0.6956
vn -0.6840 -0.0820 0.7248
vn 0.9719 0.1740 0.1588
vn 0.8748 0.3249 0.3595
vn 0.6534 0.4353 0.6193
vn 0.6393 0.1154 0.7603
vn -0.0484 0.2401 0.9695
vn -0.0111 0.2014 0.9794
vn 0.0617 0.9195 -0.3883
vn 0.5694 0.7703 0.2872
vn 0.4016 0.8739 -0.2739
vn 0.6438 0.7638 -0.0457
vn -0.3943 0.7139 0.5787
vn 0.8899 0.3950 -0.2282
vn 0.7904 0.5512 0.2674
vn 0.9415 0.3122 -0.1267
vn 0.8486 0.0866 -0.5220
vn -0.3852 0.8204 -0.4226
vn -0.3448 0.8890 -0.3014
vn -0.7594 0.6378 0.1284
vn 0.3963 0.7839 0.4779
vn -0.5310 0.7442 0.4052
vn -0.7114 0.2416 0.6599
vn -0.7326 0.3244 0.5984
vn -0.7561 0.6395 0.1391
vn 0.8194 0.0607 -0.5700
vn 0.3283 0.1682 -0.9295
vn 0.3726 0.0934 -0.9233
vn -0.8816 0.2819 0.3787
vn -0.9708 0.0552 0.2335
vn -0.7583 0.2217 0.6130
vn -0.1162 0.4886 0.8647
vn -0.8248 0.5453 0.1492
vn 0.4401 0.0889 0.8935
vn -0.2550 0.0796 0.9636
vn -0.8203 0.4826 0.3070
vn -0.9361 0.3465 0.0599
vn -0.9965 0.0550 0.0623
vn -0.9996 0.0247 -0.0165
vn -0.8844 -0.1412 -0.4448
vn -0.9185 0.0098 -0.3954
vn -0.9846 -0.0907 0.1492
vn -0.7859 -0.0171 0.6181
vn 0.9997 -0.0264 0.0007
vn 0.9986 -0.0422 0.0325
vn 0.8215 -0.0905 -0.5629
vn 0.7827 -0.0632 -0.6192
vn 0.3315 -0.0692 -0.9409
vn 0.2949 -0.1544 -0.9430
vn 0.8548 -0.0336 -0.5178
vn 0.9968 0.0181 0.0774
vn 0.2626 -0.1017 -0.9595
vn -0.3217 -0.2092 -0.9235
vn -0.3092 -0.1441 -0.9400
vn -0.8382 -0.1610 -0.5211
vn -0.3538 0.0237 -0.9350
vn -0.8153 -0.2779 -0.5079
vn -0.8272 -0.2649 -0.4956
vn -0.2773 -0.3948 0.8759
vn 0.4984 -0.0839 0.8629
vn 0.2900 0.1944 0.9371
vn -0.1551 0.1178 0.9808
vn 0.2030 0.1540 -0.9670
vn 0.3994 -0.8271 0.3953
vn 0.7971 -0.5242 0.2998
vn 0.8963 -0.1035 0.4312
vn 0.5178 -0.7430 0.4241
vn 0.7390 0.5645 0.3677
vn 0.7438 0.6137 -0.2648
vn 0.9994 0.0040 0.0333
vn 0.8677 -0.4951 0.0449
vn 0.9236 0.1710 0.3431
vn 0.8634 -0.3129 0.3957
vn 0.4906 -0.3769 0.7857
vn 0.9074 -0.0129 0.4200
vn 0.7338 -0.5506 0.3980
vn -0.1136 -0.8899 0.4418
vn 0.8320 0.2501 0.4952
vn 0.9657 0.1197 -0.2303
vn 0.4362 0.1017 -0.8941
vn 0.2634 0.6476 -0.7150
vn 0.8377 -0.2373 -0.4919
vn 0.5764 0.6496 -0.4957
vn -0.7490 -0.6417 0.1649
vn -0.6712 -0.5675 0.4769
vn -0.6379 -0.6514 0.4108
vn -0.8128 -0.5734 0.1025
vn -0.6232 -0.3640 0.6922
vn -0.8619 -0.4535 0.2270
vn -0.6118 -0.6076 0.5066
vn 0.4018 -0.3482 0.8470
vn -0.1914 -0.5129 0.8368
vn 0.0934 -0.1046 0.9901
vn -0.4330 -0.2762 0.8580
vn -0.6698 -0.5529 0.4957
vn 0.3287 -0.2771 -0.9029
vn 0.2079 0.6485 -0.7322
vn 0.8451 -0.1056 0.5240
vn 0.5706 -0.0404 0.8202
vn 0.6606 -0.0620 0.7482
vn 0.8620 -0.2570 0.4369
vn -0.2538 -0.0277 0.9669
vn -0.5598 -0.0912 0.8236
vn -0.7630 -0.2011 0.6143
vn -0.2403 -0.8743 0.4217
vn -0.9315 0.1435 0.3343
vn -0.9941 0.1028 -0.0336
vn -0.9513 -0.0218 -0.3074
vn -0.9793 0.1933 -0.0594
vn -0.7705 0.2465 -0.5879
vn -0.6977 -0.3208 -0.6406
vn -0.6076 -0.5054 0.6127
vn -0.8665 -0.2780 0.4145
vn -0.8007 -0.4836 0.3536
vn 0.9192 0.3149 -0.2363
vn 0.9139 0.3025 -0.2705
vn 0.9800 0.1987 0.0053
vn 0.9786 0.1024 0.1784
vn 0.8947 0.3243 -0.3073
vn 0.9574 0.2867 0.0350
vn 0.9253 0.2963 0.2367
vn 0.8693 0.4753 -0.1359
vn 0.9455 -0.1899 0.2647
vn 0.9902 -0.0242 0.1376
vn 0.9145 0.3841 0.1268
vn -0.6624 -0.3364 0.6694
vn -0.8802 -0.3660 0.3020
vn -0.9170 -0.2491 0.3117
vn 0.9823 0.0821 0.1686
vn 0.8644 0.0379 0.5014
vn 0.8367 0.2676 0.4778
vn 0.8107 0.0295 0.5848
vn 0.9857 0.0925 0.1406
vn -0.9963 0.0781 0.0364
vn -0.8659 0.0662 0.4958
vn -0.9866 -0.1632 -0.0025
vn -0.9690 -0.2429 -0.0448
vn 0.7526 0.5850 0.3024
vn 0.6516 0.3639 0.6656
vn 0.7445 0.1976 0.6377
vn 0.4902 0.1760 0.8536
vn 0.3992 0.2834 0.8720
vn 0.3933 0.5113 0.7641
vn -0.7648 0.3921 0.5113
vn -0.9556 0.0885 0.2812
vn -0.7790 -0.0390 0.6258
vn -0.5240 0.1523 0.8380
vn -0.4104 -0.1146 0.9047
vn 0.4558 -0.0557 0.8884
vn 0.4610 0.0113 0.8873
vn 0.8189 0.0045 0.5739
vn 0.4859 0.3615 0.7957
vn 0.9925 0.0266 0.1193
vn -0.8245 0.1193 0.5531
vn -0.9561 0.0390 0.2904
vn -0.8892 -0.2001 0.4115
vn -0.9527 -0.2785 -0.1220
vn -0.9602 -0.2323 -0.1554
vn -0.6375 -0.1561 -0.7545
vn -0.6564 -0.1678 -0.7355
vn -0.0668 -0.0081 -0.9977
vn -0.0283 -0.0733 -0.9969
vn -0.9435 -0.2454 -0.2226
vn -0.5671 -0.2193 -0.7939
vn 0.0381 -0.0888 -0.9953
vn -0.4500 -0.3263 -0.8313
vn 0.1231 -0.0940 -0.9879
vn 0.3138 -0.1822 -0.9318
vn -0.3705 -0.4312 -0.8226
vn 0.6112 0.0092 -0.7914
vn 0.6982 -0.0717 -0.7123
vn 0.8008 -0.1190 -0.5869
vn 0.2426 -0.5777 -0.7794
vn 0.3554 0.0533 -0.9332
vn -0.1919 0.0560 -0.9798
vn 0.0464 0.0231 -0.9987
vn -0.5335 -0.1157 -0.8378
vn -0.6115 -0.0513 -0.7896
vn 0.0600 -0.1510 0.9867
vn -0.2743 -0.1827 0.9441
vn -0.3735 -0.3951 0.8393
vn -0.0265 -0.1696 0.9852
vn -0.7921 -0.5232 0.3143
vn -0.7137 -0.5981 0.3645
vn -0.5515 -0.3956 0.7344
vn -0.6044 -0.1434 0.7837
vn 0.5918 -0.6620 0.4600
vn 0.6703 -0.4892 0.5580
vn 0.8018 -0.1085 0.5876
vn 0.9917 0.0282 0.1255
vn 0.9946 0.0573 0.0868
vn 0.8419 0.0253 0.5390
vn 0.5221 -0.0723 0.8498
vn 0.6376 -0.0113 0.7703
vn 0.5239 0.1159 -0.8439
vn 0.6085 0.0985 -0.7874
vn 0.2369 -0.0036 -0.9715
vn 0.1408 -0.0089 -0.9900
vn -0.4945 -0.1667 -0.8531
vn -0.5264 -0.1463 -0.8376
vn 0.3394 0.3659 -0.8666
vn 0.3973 0.1810 -0.8997
vn -0.9658 -0.1559 0.2070
vn -0.8576 -0.1077 0.5030
vn -0.8432 -0.1459 0.5174
vn -0.0925 -0.2569 -0.9620
vn -0.0891 0.0619 -0.9941
vn 0.8071 0.1101 -0.5801
vn 0.7567 0.1070 -0.6449
vn 0.6569 0.1184 -0.7446
vn 0.7412 0.1174 -0.6610
vn 0.0887 0.4349 -0.8961
vn 0.4718 -0.8331 0.2886
vn 0.9578 -0.0393 -0.2846
vn 0.9263 0.0257 -0.3759
vn -0.2256 -0.4110 -0.8833
vn -0.0824 -0.3954 -0.9148
vn 0.2042 -0.2470 -0.9473
vn 0.2325 -0.1498 -0.9610
vn 0.4768 -0.0225 -0.8787
vn 0.3455 -0.1425 -0.9275
vn 0.0015 -0.3297 -0.9441
vn 0.9011 0.2819 -0.3294
vn 0.9424 0.2343 -0.2385
vn 0.8932 0.2320 -0.3851
vn 0.8443 0.2240 -0.4869
vn 0.8085 -0.5122 0.2898
vn 0.7152 -0.5847 0.3829
vn 0.2132 -0.7867 0.5794
vn 0.9771 0.0624 -0.2033
vn 0.5841 0.3398 -0.7371
vn 0.7096 0.2607 -0.6547
vn 0.7797 0.1472 -0.6086
vn 0.9760 0.1828 -0.1186
vn 0.9674 0.2481 0.0503
vn 0.9417 0.3316 -0.0571
vn 0.9349 0.3085 -0.1758
vn 0.9712 0.2285 -0.0682
vn 0.9652 0.2220 0.1385
vn 0.9359 0.2681 0.2283
vn -0.0834 0.0598 -0.9947
vn -0.0102 -0.0503 0.9987
vn 0.3595 -0.0153 0.9330
vn 0.2798 0.1183 0.9527
vn -0.9610 -0.2034 0.1874
vn -0.9646 -0.2620 0.0285
vn -0.9864 -0.0703 -0.1488
vn -0.9595 0.2239 -0.1712
vn -0.8571 -0.1553 0.4912
vn 0.6013 -0.1968 0.7744
vn 0.5530 -0.4889 0.6747
vn 0.6980 0.1411 -0.7020
vn 0.8479 0.1687 -0.5026
vn 0.7388 0.0603 -0.6712
vn 0.6391 0.0982 -0.7628
vn 0.8245 0.1755 -0.5379
vn 0.6562 0.1401 -0.7414
vn 0.4909 0.0929 -0.8663
vn 0.5023 0.0972 -0.8592
vn 0.5007 0.0880 -0.8611
vn -0.7048 0.3660 -0.6077
vn -0.0668 0.1069 0.9920
vn -0.8837 0.4065 -0.2319
vn -0.8397 -0.0956 0.5345
vn -0.7345 -0.1577 0.6601
vn -0.7498 -0.1474 0.6450
vn -0.8110 -0.1746 0.5583
vn -0.9280 -0.3684 0.0558
vn -0.7169 -0.1219 0.6864
vn -0.1387 -0.8414 0.5223
vn -0.3276 -0.7849 0.5260
vn -0.4870 -0.8490 0.2051
vn -0.0282 -0.9286 -0.3700
vn 0.0535 -0.8729 -0.4850
vn -0.7897 -0.5535 0.2645
vn -0.8460 -0.0536 0.5304
vn 0.1939 -0.0324 0.9805
vn 0.5148 -0.1557 0.8431
vn 0.3443 -0.1525 0.9264
vn 0.5656 -0.0254 0.8243
vn -0.3071 -0.4553 0.8357
vn -0.5308 -0.4525 0.7166
vn -0.5134 -0.2028 0.8338
vn -0.4079 -0.3030 0.8613
vn -0.6640 -0.4607 0.5890
vn -0.5664 -0.3275 0.7563
vn -0.3220 -0.3101 0.8945
vn -0.3120 -0.1110 0.9436
vn -0.2619 -0.0356 0.9644
vn -0.3393 0.0825 0.9371
vn -0.1006 -0.3990 0.9114
vn -0.3613 -0.4737 0.8032
vn -0.1259 -0.7565 0.6417
vn -0.3659 -0.7521 0.5481
vn -0.5325 -0.4755 0.7003
vn -0.4605 -0.1361 0.8771
vn -0.4388 -0.1035 0.8926
vn -0.5140 -0.1106 0.8507
vn -0.5870 -0.1410 0.7972
vn -0.6414 -0.1346 0.7553
vn -0.5253 -0.1032 0.8446
vn -0.4222 -0.0841 0.9026
vn -0.4929 -0.6556 0.5720
vn -0.2019 -0.5939 0.7788
vn -0.3278 -0.7022 0.6320
vn -0.5254 -0.7624 0.3777
vn -0.5624 -0.7848 0.2603
vn -0.4614 -0.8121 0.3571
vn -0.0172 -0.4401 0.8978
vn -0.2436 -0.5379 0.8071
vn -0.2924 -0.5105 0.8087
vn -0.3648 -0.5594 0.7443
vn 0.8065 0.5450 0.2293
vn 0.1205 -0.4026 0.9074
vn 0.3536 -0.6018 0.7161
vn 0.9890 0.0344 0.1439
vn -0.5864 -0.7826 -0.2091
vn -0.0694 -0.9956 -0.0629
vn 0.3393 0.0408 -0.9398
vn 0.4957 -0.3983 -0.7718
vn 0.0605 -0.2002 0.9779
vn -0.4577 -0.6488 0.6079
vn -0.2467 -0.9557 0.1604
vn 0.1204 -0.2631 0.9572
vn 0.8498 -0.0314 -0.5262
vn 0.8022 0.1840 -0.5680
vn 0.3744 -0.8523 0.3653
vn -0.3082 -0.5881 0.7478
vn 0.7744 0.5778 0.2577
vn 0.7193 0.6365 0.2781
vn 0.6513 0.6820 -0.3326
vn 0.5562 0.5857 -0.5896
vn -0.1593 0.2340 0.9591
vn -0.1524 0.1818 0.9714
vn -0.0152 -0.0620 0.9980
vn 0.0366 0.1728 0.9843
vn -0.1697 0.2765 0.9459
vn -0.1641 -0.7110 0.6838
vn 0.7430 0.1331 0.6559
vn 0.4868 -0.4913 0.7222
vn -0.1795 -0.4096 0.8944
vn -0.3146 -0.4751 0.8218
vn -0.2350 -0.4956 0.8362
vn 0.6938 0.4143 -0.5890
vn 0.7579 0.2678 -0.5948
vn -0.6687 0.1582 -0.7265
vn -0.5562 0.4280 -0.7123
vn -0.0722 0.8583 -0.5080
vn -0.1379 0.1680 -0.9761
vn 0.3948 -0.5639 0.7254
vn -0.0787 -0.2183 -0.9727
vn -0.3104 -0.1697 -0.9353
vn -0.0220 -0.9995 -0.0238
vn 0.1121 -0.9821 -0.1511
vn -0.5688 -0.1405 -0.8104
vn -0.0624 -0.9940 0.0903
vn 0.5197 -0.3295 0.7883
vn 0.3319 -0.3001 0.8943
vn 0.2119 -0.3237 0.9221
vn 0.1655 -0.4632 0.8706
vn 0.1391 -0.9505 -0.2779
vn -0.6662 -0.6163 0.4200
vn -0.2849 -0.8416 0.4588
vn -0.5372 -0.4412 -0.7189
vn -0.3713 -0.8078 -0.4578
vn -0.1310 -0.4418 -0.8875
vn 0.6397 0.0469 -0.7672
vn 0.9263 0.1568 -0.3427
vn 0.7488 -0.1771 0.6387
vn 0.9480 -0.2777 -0.1553
vn 0.7697 0.2735 0.5769
vn 0.1967 -0.0225 0.9802
vn 0.2548 -0.2813 0.9251
vn 0.1776 -0.2524 -0.9512
vn 0.8034 0.0185 0.5951
vn -0.4718 -0.5385 0.6982
vn 0.9465 0.2627 0.1872
vn 0.7258 0.4979 0.4746
vn 0.7324 -0.0974 0.6739
vn 0.5802 -0.0819 0.8104
vn 0.5028 -0.3231 0.8017
vn 0.6763 -0.2412 0.6960
vn -0.5255 -0.1381 -0.8395
vn -0.0751 -0.7698 -0.6338
vn 0.4236 -0.8796 0.2166
vn -0.8730 -0.2802 -0.3992
vn -0.7696 -0.4770 -0.4244
vn -0.3698 -0.2567 -0.8929
vn -0.9391 -0.3386 0.0589
vn -0.7882 -0.6139 0.0439
vn -0.5772 -0.5482 -0.6052
vn 0.0545 -0.9975 0.0456
vn -0.2238 -0.9174 -0.3290
vn -0.2514 -0.7761 -0.5784
vn 0.7467 -0.1481 0.6485
vn 0.5784 -0.1021 0.8094
vn 0.3556 -0.4896 0.7962
vn 0.4130 -0.0910 0.9062
vn 0.4258 -0.0685 0.9022
vn 0.0931 -0.9932 0.0699
vn -0.8033 -0.5372 -0.2572
vn -0.7953 -0.5447 -0.2661
vn -0.6296 -0.3701 0.6831
vn -0.7412 -0.2808 0.6098
vn -0.9505 -0.2964 0.0936
vn 0.2016 -0.9795 -0.0020
vn -0.2134 -0.6065 0.7659
vn -0.3000 0.1386 0.9438
vn 0.9267 -0.2716 -0.2598
vn 0.8384 0.0193 0.5446
vn -0.8951 -0.3389 -0.2897
vn -0.0606 -0.8011 -0.5955
vn 0.1320 -0.4894 -0.8620
vn -0.8448 -0.3054 -0.4393
vn -0.9104 -0.0503 0.4106
vn 0.2572 0.0857 0.9626
vn -0.1890 -0.1467 0.9710
vn -0.7628 -0.3307 0.5557
vn 0.1144 0.1223 0.9859
vn -0.6480 -0.3370 -0.6830
vn -0.7397 -0.3825 -0.5536
vn -0.8824 -0.4701 -0.0186
vn -0.0757 0.1898 0.9789
vn 0.7153 0.0795 0.6943
vn 0.3765 0.1064 0.9203
vn 0.2551 0.1476 0.9556
vn 0.7562 0.2280 0.6133
vn 0.7234 0.4489 0.5246
vn 0.4644 -0.5086 0.7251
vn 0.7599 -0.1821 0.6240
vn -0.1330 -0.8904 0.4354
vn 0.7774 0.4291 -0.4600
vn 0.9900 -0.1153 -0.0810
vn 0.2059 -0.6924 -0.6915
vn 0.2023 -0.2406 -0.9493
vn -0.0813 0.1445 0.9862
vn 0.0581 0.0601 0.9965
vn 0.0733 -0.0916 -0.9931
vn -0.1052 -0.1117 -0.9882
vn 0.2822 0.0308 -0.9589
vn 0.8213 -0.0852 -0.5641
vn 0.7039 0.4963 -0.5082
vn 0.7232 0.4876 -0.4890
vn 0.2258 0.1091 -0.9680
vn -0.1009 -0.1350 -0.9857
vn 0.5123 0.1735 -0.8411
vn 0.1442 0.1280 -0.9812
vn 0.4270 0.4771 -0.7682
vn 0.1593 0.3189 -0.9343
vn -0.7190 -0.6199 -0.3143
vn -0.9337 -0.0124 -0.3579
vn -0.0531 -0.1399 -0.9887
vn 0.7000 0.4090 -0.5854
vn 0.4937 0.6716 0.5525
vn 0.4833 -0.0203 -0.8752
vn 0.6095 0.5765 0.5442
vn 0.4792 0.4470 -0.7554
vn 0.4346 0.1276 -0.8915
vn -0.6061 -0.6209 -0.4971
vn -0.1639 -0.9602 -0.2262
vn -0.2330 -0.9527 0.1952
vn -0.0659 -0.9537 -0.2934
vn -0.9275 -0.0986 0.3607
vn -0.0466 -0.9973 0.0561
vn -0.2723 -0.6587 0.7014
vn -0.8175 -0.4763 0.3238
vn -0.7613 -0.4718 0.4447
vn -0.2106 -0.8501 0.4827
vn -0.2981 -0.9072 0.2967
vn 0.1591 -0.2920 0.9431
vn 0.6602 -0.3878 0.6433
vn 0.8522 -0.5232 0.0046
vn 0.8374 -0.4664 0.2851
vn 0.1840 -0.0175 0.9828
vn -0.1211 0.2268 0.9664
vn 0.0870 -0.3699 0.9250
vn 0.1801 -0.6375 0.7491
vn -0.0767 -0.9709 -0.2268
vn 0.2552 -0.9665 -0.0255
vn -0.3484 0.2370 0.9069
vn -0.1973 -0.0766 0.9773
vn 0.4151 -0.8909 0.1842
vn -0.4214 -0.6152 -0.6663
vn -0.3914 -0.7945 -0.4643
vn -0.0928 -0.3782 0.9211
vn 0.0071 -0.1625 0.9867
vn -0.6026 -0.7978 0.0193
vn -0.0932 0.0741 0.9929
vn 0.0702 -0.0131 0.9974
vn -0.2854 -0.5223 0.8036
vn 0.1103 -0.9196 0.3772
vn 0.4110 0.0842 -0.9077
vn -0.5449 -0.8305 0.1157
vn -0.9395 -0.0853 -0.3318
vn -0.5616 -0.6467 -0.5161
vn -0.8516 -0.2327 -0.4698
vn -0.9388 0.1085 -0.3270
vn 0.3642 -0.7156 0.5961
vn 0.3931 -0.4912 0.7773
vn 0.6239 -0.0162 0.7813
vn 0.8191 -0.2220 0.5290
vn 0.9071 0.2401 0.3457
vn 0.7884 0.2936 0.5406
vn 0.0347 -0.6229 0.7815
vn 0.2481 -0.2516 0.9355
vn 0.4369 0.2902 0.8514
vn 0.5462 0.3083 0.7788
vn 0.5890 0.1888 0.7858
vn -0.0831 -0.9342 -0.3468
vn -0.4249 -0.8060 -0.4121
vn 0.7965 0.3078 0.5204
vn 0.8234 0.3666 -0.4331
vn 0.9011 0.2208 -0.3731
vn -0.9662 0.0376 0.2552
vn -0.9217 0.0039 0.3879
vn -0.8177 0.1451 0.5571
vn 0.0091 -0.5617 0.8273
vn -0.7258 -0.2083 0.6556
vn -0.3746 -0.2601 0.8900
vn -0.8690 0.0272 0.4941
vn -0.6984 -0.1039 0.7081
vn 0.3689 0.1567 -0.9162
vn 0.4740 0.2452 -0.8457
vn -0.7696 -0.6248 0.1317
vn 0.1054 -0.9693 0.2221
vn -0.1984 -0.2721 0.9416
vn -0.8542 0.0339 0.5189
vn -0.1953 0.1191 0.9735
vn -0.3247 0.2752 0.9049
vn -0.2295 0.1835 0.9558
vn 0.0703 -0.5549 0.8289
vn -0.2567 -0.5921 -0.7639
vn -0.2163 -0.4274 -0.8778
vn -0.4590 -0.4031 -0.7917
vn -0.3683 -0.1988 -0.9082
vn -0.1307 -0.0402 -0.9906
vn -0.7363 0.1330 0.6635
vn -0.7095 0.1923 0.6779
vn 0.6416 -0.7250 0.2505
vn -0.0955 -0.1009 0.9903
vn -0.7510 0.2417 0.6144
vn -0.1034 0.0934 0.9902
vn 0.3310 -0.7695 -0.5461
vn -0.3097 -0.7654 0.5641
vn -0.2434 -0.7283 0.6406
vn 0.0044 -0.3021 0.9533
vn -0.2086 -0.2366 0.9490
vn -0.1947 -0.5305 0.8250
vn -0.8163 -0.4478 0.3648
vn -0.9769 0.1562 -0.1458
vn -0.9658 0.1707 -0.1950
vn -0.9797 0.2005 -0.0089
vn -0.6464 -0.2366 0.7254
vn -0.7080 -0.1891 0.6804
vn -0.9289 0.2050 0.3084
vn -0.8979 0.1479 -0.4145
vn -0.8517 -0.0132 -0.5238
vn -0.9570 0.1972 -0.2126
vn -0.9896 0.0665 -0.1275
vn -0.9136 0.1589 -0.3742
vn -0.7613 0.0497 -0.6465
vn -0.7962 0.1199 -0.5931
vn -0.8282 0.1581 -0.5377
vn -0.7878 0.1439 0.5989
vn -0.9077 0.1253 0.4006
vn -0.8818 0.2113 0.4217
vn 0.6654 -0.0063 0.7464
vn -0.5241 0.0571 0.8497
vn -0.0852 -0.4351 0.8963
vn 0.7091 -0.5775 0.4047
vn -0.5731 0.2562 0.7784
vn 0.5198 0.0795 0.8506
vn 0.1764 -0.9230 -0.3420
vn 0.8959 -0.4243 -0.1321
vn 0.9251 -0.3498 0.1477
vn -0.9675 -0.2520 -0.0231
vn -0.3883 -0.5682 -0.7255
vn -0.6230 -0.7663 0.1569
vn 0.4953 -0.5497 -0.6727
vn -0.4232 -0.3780 -0.8234
vn 0.5713 -0.5446 -0.6140
vn -0.1356 0.1354 0.9815
vn -0.4020 0.0179 0.9155
vn -0.9536 -0.2963 0.0541
vn -0.3965 0.2130 0.8930
vn -0.7764 -0.1190 0.6189
vn -0.4590 -0.8864 -0.0599
vn 0.1858 -0.4574 -0.8696
vn -0.0787 -0.2899 -0.9538
vn -0.9938 -0.0164 -0.1095
vn -0.1496 -0.3329 -0.9310
vn 0.1723 -0.2774 -0.9452
vn 0.1639 -0.5304 -0.8317
vn 0.2722 -0.4078 -0.8715
vn -0.8408 -0.0062 -0.5414
vn 0.0790 -0.2143 -0.9736
vn -0.8201 0.1212 -0.5592
vn 0.4234 -0.4723 -0.7731
vn 0.3248 -0.2149 -0.9210
vn 0.1201 -0.3972 0.9098
vn 0.0776 -0.2387 0.9680
vn 0.5086 -0.3772 0.7740
vn 0.5244 -0.8471 0.0863
vn 0.1260 0.1923 0.9732
vn 0.9083 0.4047 -0.1064
vn 0.9523 0.2885 -0.0998
vn 0.9620 0.2515 0.1063
vn 0.9358 0.3191 0.1497
vn 0.9608 0.2509 -0.1180
vn 0.9534 0.2920 0.0764
vn 0.7144 -0.3639 0.5977
vn 0.9351 0.2386 0.2619
vn 0.9288 0.3476 0.1284
vn 0.8654 0.4553 0.2091
vn 0.8359 0.3134 0.4506
vn 0.6508 0.3052 0.6952
vn 0.7474 0.4201 0.5147
vn 0.8164 0.1843 0.5472
vn 0.8960 0.4235 0.1334
vn 0.8781 0.4749 -0.0581
vn 0.8515 0.4721 0.2282
vn 0.7513 0.6171 0.2339
vn 0.7118 0.7022 0.0155
vn 0.8368 0.5474 0.0142
vn -0.9598 0.2479 0.1318
vn -0.9773 0.2087 -0.0359
vn -0.1716 0.0567 -0.9835
vn 0.1316 0.2863 -0.9491
vn 0.0564 0.1372 -0.9889
vn 0.1244 0.2422 -0.9622
vn 0.0690 0.4834 -0.8727
vn 0.3418 0.4018 -0.8496
vn 0.5214 0.2476 -0.8166
vn 0.2615 0.0161 -0.9651
vn -0.7077 -0.4889 0.5101
vn -0.5208 -0.4425 0.7300
vn -0.6832 0.1809 0.7075
vn -0.4446 -0.1946 0.8743
vn -0.3845 -0.0820 -0.9195
vn -0.1360 -0.2088 -0.9685
vn -0.0126 -0.2121 -0.9772
vn 0.0676 -0.1865 -0.9801
vn -0.8569 -0.3091 0.4124
vn -0.6487 -0.1633 0.7433
vn -0.4210 -0.4747 0.7730
vn -0.6066 -0.6754 0.4194
vn -0.3379 0.0040 0.9412
vn -0.3529 -0.0113 0.9356
vn -0.1434 -0.5302 0.8357
vn -0.1561 -0.6199 0.7690
vn 0.2386 -0.8633 0.4448
vn 0.2727 -0.5880 0.7615
vn 0.0603 -0.5372 0.8413
vn -0.0910 -0.3250 0.9413
vn 0.1340 -0.2053 0.9695
vn 0.0717 -0.2351 0.9693
vn -0.0217 -0.2873 0.9576
vn 0.3062 -0.1198 0.9444
vn 0.2184 -0.6670 0.7124
vn -0.0500 0.0270 0.9984
vn 0.0706 0.0642 0.9954
vn -0.1771 -0.7098 0.6818
vn 0.0985 -0.0961 0.9905
vn 0.5430 0.8196 -0.1830
vn -0.6412 0.7581 -0.1186
vn -0.7048 0.2364 0.6689
vn 0.8661 0.3494 -0.3574
vn 0.8829 0.4527 -0.1247
vn 0.9069 0.3006 -0.2951
vn 0.6898 0.6006 -0.4043
vn 0.4706 0.4985 -0.7280
vn 0.5488 0.6939 -0.4662
vn -0.3528 0.6438 -0.6790
vn 0.0779 0.5773 -0.8128
vn -0.2404 -0.2216 -0.9450
vn -0.0359 0.2276 -0.9731
vn -0.9311 -0.3261 -0.1635
vn 0.0953 0.5766 -0.8114
vn -0.7798 -0.6194 0.0913
vn -0.9667 -0.2517 0.0456
vn -0.7973 -0.1309 0.5892
vn 0.0929 0.6418 0.7612
vn -0.2442 0.7755 0.5822
vn 0.7417 0.5116 -0.4338
vn 0.5000 0.7830 -0.3700
vn -0.6656 -0.7388 0.1053
vn -0.4971 -0.3673 0.7861
vn 0.4379 0.8911 0.1191
vn 0.7935 -0.4987 0.3487
vn 0.5884 -0.3014 0.7504
vn -0.7242 0.1022 0.6820
vn 0.9320 -0.3445 -0.1128
vn 0.8281 -0.5180 -0.2143
vn 0.4461 -0.0191 0.8948
vn 0.0719 -0.1801 -0.9810
vn 0.8310 0.4435 -0.3357
vn 0.7086 0.5538 -0.4373
vn 0.9192 0.3247 -0.2227
vn 0.7382 0.4476 -0.5047
vn -0.8215 -0.2217 -0.5254
vn 0.1635 -0.2432 -0.9561
vn 0.1397 -0.0248 -0.9899
vn -0.5539 0.1373 -0.8212
vn -0.6093 0.1411 -0.7803
vn -0.6765 0.1642 -0.7179
vn -0.6692 0.1782 -0.7214
vn -0.7185 0.1433 -0.6806
vn -0.7666 0.1725 -0.6186
vn -0.7705 0.1863 -0.6096
vn 0.0453 -0.1281 -0.9907
vn 0.0103 0.0204 -0.9997
vn 0.1022 -0.1128 0.9883
vn -0.0177 -0.1236 0.9922
vn -0.0206 -0.0316 0.9993
vn 0.0765 -0.0384 0.9963
vn -0.0719 0.1624 0.9841
vn -0.2683 0.1387 0.9533
vn -0.3708 0.1400 0.9181
vn 0.0595 0.0056 0.9982
vn -0.3670 0.0455 -0.9291
vn -0.7797 -0.2233 -0.5850
vn -0.7657 -0.5303 -0.3641
vn -0.3342 -0.1985 -0.9214
vn -0.1354 -0.9268 -0.3503
vn -0.8231 -0.5185 0.2317
vn -0.8584 -0.4999 0.1149
vn 0.5745 -0.5785 -0.5790
vn -0.4616 -0.8871 0.0090
vn -0.6753 -0.3128 -0.6679
vn -0.2702 -0.9627 -0.0162
vn -0.8925 -0.1165 0.4357
vn -0.9951 0.0982 -0.0144
vn -0.7855 0.1345 0.6041
vn -0.5303 -0.0820 0.8439
vn 0.3345 -0.5420 0.7709
vn 0.8235 -0.4829 0.2977
vn 0.5879 -0.7268 -0.3553
vn 0.1383 -0.0693 0.9880
vn 0.8081 -0.4427 0.3887
vn 0.6039 -0.2013 0.7712
vn 0.6732 -0.1936 0.7136
vn -0.0965 0.1193 0.9882
vn 0.2475 -0.6392 0.7281
vn -0.0781 -0.6898 0.7198
vn -0.3418 -0.4733 0.8119
vn 0.0254 -0.4564 0.8894
vn 0.2426 -0.4301 0.8696
vn -0.4989 0.0903 0.8619
vn -0.8151 0.4292 -0.3890
vn -0.6889 0.1730 -0.7039
vn -0.5298 -0.7830 -0.3259
vn 0.8821 0.3932 -0.2596
vn 0.6775 0.5308 -0.5092
vn 0.9648 0.2368 0.1148
vn 0.9559 0.2911 0.0387
vn 0.8778 0.2832 -0.3864
vn -0.9156 0.2869 -0.2818
vn -0.9042 0.0878 -0.4180
vn 0.3003 -0.5599 0.7722
vn 0.4694 -0.7075 0.5283
vn 0.3399 -0.6266 0.7013
vn 0.3982 -0.6192 0.6768
vn 0.2530 0.6138 -0.7478
vn 0.6433 -0.1614 -0.7484
vn 0.4809 0.1702 -0.8601
vn -0.6651 -0.6330 0.3961
vn -0.2169 -0.5674 0.7943
vn -0.6952 -0.6984 -0.1702
vn -0.5321 -0.3446 -0.7733
vn 0.0604 0.0845 -0.9946
vn 0.0314 0.1579 -0.9870
vn -0.3827 0.3288 -0.8634
vn -0.3349 0.3464 -0.8763
vn -0.3421 0.3536 -0.8706
vn -0.1594 0.2534 -0.9541
vn 0.1933 0.0196 0.9809
vn 0.2126 -0.0549 0.9756
vn -0.3119 0.1216 0.9423
vn -0.3648 0.2011 0.9091
vn 0.2135 -0.1414 0.9666
vn -0.1664 -0.0555 0.9845
vn 0.2049 0.1621 0.9653
vn 0.1983 -0.0422 0.9792
vn 0.3542 0.1912 0.9154
vn 0.2288 0.0119 0.9734
vn -0.8543 0.1736 0.4900
vn -0.9436 0.0401 0.3287
vn -0.7260 -0.0548 0.6855
vn -0.5518 0.3156 -0.7720
vn -0.5518 0.3315 -0.7652
vn -0.5613 0.3333 -0.7575
vn -0.5446 0.3084 -0.7799
vn -0.3036 0.4508 -0.8394
vn -0.4996 0.3091 -0.8092
vn -0.6076 0.3143 -0.7294
vn -0.1496 0.1082 0.9828
vn 0.4945 -0.3185 0.8087
vn 0.3624 -0.5374 0.7615
vn -0.4161 -0.0618 0.9072
vn 0.4563 -0.8081 0.3725
vn 0.3124 -0.8708 0.3796
vn -0.8715 -0.3322 0.3607
vn -0.7539 0.1308 0.6438
vn -0.3471 -0.0625 0.9357
vn -0.6174 0.1872 0.7641
vn -0.6378 0.1092 0.7625
vn 0.2151 -0.1843 0.9590
vn 0.0623 -0.2536 0.9653
vn 0.1475 -0.3376 0.9297
vn 0.0691 -0.3963 0.9155
vn -0.8641 0.0865 0.4957
vn -0.9205 0.3884 0.0416
vn -0.9378 -0.0251 0.3462
vn -0.8810 -0.4633 -0.0955
vn -0.1340 0.1716 -0.9760
vn 0.1951 -0.6981 -0.6888
vn -0.2969 -0.0190 0.9547
vn -0.3071 -0.9173 0.2535
vn -0.7038 -0.3959 -0.5898
vn -0.7819 -0.1206 0.6117
vn -0.3082 0.2747 -0.9108
vn -0.2479 0.2202 -0.9434
vn 0.2916 -0.5721 0.7666
vn 0.6267 -0.4111 0.6620
vn -0.1077 -0.6639 0.7400
vn -0.0665 -0.1253 0.9899
vn 0.1262 -0.2077 0.9700
vn -0.1623 -0.0336 0.9862
vn 0.6117 -0.5189 -0.5971
vn 0.6468 0.0673 -0.7597
vn -0.3139 -0.8276 -0.4654
vn 0.4005 0.2912 -0.8688
vn -0.5627 -0.5314 -0.6332
vn -0.6138 0.6348 -0.4694
vn -0.7733 0.6298 0.0736
vn -0.6994 0.6774 -0.2280
vn -0.5449 0.7312 -0.4104
vn -0.4909 0.8035 -0.3368
vn -0.5109 0.8098 -0.2885
vn -0.7774 -0.5982 -0.1946
vn -0.7002 0.6585 -0.2759
vn -0.5178 0.7863 -0.3372
vn 0.6090 -0.7655 0.2077
vn 0.9536 0.1318 0.2708
vn 0.7985 0.0891 0.5954
vn 0.4157 -0.5180 0.7476
vn 0.8094 0.5366 0.2388
vn 0.6844 0.4099 0.6030
vn 0.2013 0.0005 0.9795
vn -0.3859 -0.9225 -0.0108
vn -0.4074 -0.9098 0.0789
vn 0.8792 -0.4473 0.1641
vn 0.9964 -0.0637 0.0554
vn 0.3445 -0.3921 0.8530
vn -0.8561 -0.5105 -0.0802
vn -0.8224 -0.5667 -0.0513
vn -0.8038 -0.5938 0.0367
vn -0.8212 -0.5681 0.0540
vn -0.9424 -0.3053 0.1365
vn -0.6297 -0.4534 0.6308
vn -0.4687 -0.7529 0.4621
vn 0.1970 -0.8537 -0.4821
vn 0.8801 -0.1719 0.4425
vn 0.3315 -0.4752 0.8151
vn -0.1325 -0.9890 -0.0653
vn -0.2440 0.5399 0.8055
vn -0.6270 0.0866 0.7742
vn 0.9615 -0.2237 0.1596
vn 0.9942 -0.0328 -0.1023
vn 0.7156 0.3727 -0.5907
vn 0.8557 0.4168 -0.3068
vn 0.9284 0.1147 -0.3533
vn 0.9165 0.3526 -0.1890
vn 0.3395 -0.8497 -0.4035
vn 0.4375 -0.8189 -0.3716
vn 0.3804 -0.6237 -0.6829
vn 0.1714 -0.3253 -0.9299
vn -0.7672 -0.6410 0.0225
vn -0.6537 -0.7522 0.0830
vn -0.7716 -0.6321 -0.0711
vn -0.8400 -0.5358 -0.0860
vn -0.5119 -0.8365 -0.1957
vn -0.6103 -0.7359 -0.2933
vn -0.6765 -0.6908 -0.2552
vn -0.7102 -0.5687 -0.4150
vn -0.1203 0.2181 -0.9685
vn -0.0828 -0.2299 -0.9697
vn -0.5487 -0.8169 -0.1777
vn 0.4770 0.5226 -0.7066
vn 0.3861 0.6142 -0.6883
vn 0.7429 0.4974 -0.4479
vn 0.8050 0.5908 -0.0534
vn 0.9504 0.3071 -0.0495
vn 0.8278 0.4346 -0.3549
vn 0.8385 0.4838 0.2506
vn 0.9511 0.2779 0.1347
vn 0.9906 0.1355 0.0177
vn 0.9732 0.1375 -0.1846
vn 0.6242 0.4951 -0.6044
vn 0.6435 0.7015 -0.3064
vn 0.5291 0.8483 0.0208
vn 0.5969 0.7815 0.1814
vn 0.6629 0.6672 0.3397
vn 0.8061 0.2122 -0.5524
vn 0.8478 0.1543 -0.5073
vn 0.6683 0.2157 -0.7120
vn 0.6558 0.2090 -0.7254
vn 0.6758 0.3559 -0.6455
vn 0.7715 0.3344 -0.5413
vn 0.7136 0.6806 0.1659
vn 0.9875 0.1524 -0.0407
vn 0.8823 0.2784 -0.3795
vn 0.7021 0.7097 -0.0577
vn 0.8278 0.5566 0.0708
vn 0.7738 0.5091 -0.3769
vn 0.4896 0.4550 -0.7438
vn 0.6675 0.1915 -0.7196
vn 0.7159 0.0442 -0.6968
vn 0.8214 0.2974 -0.4867
vn 0.6107 0.7910 -0.0374
vn 0.7015 0.6942 -0.1611
vn 0.7601 0.6454 -0.0752
vn 0.7280 0.6090 0.3149
vn 0.7509 0.5719 0.3303
vn 0.6435 0.5245 0.5575
vn 0.5736 0.5910 0.5672
vn 0.4157 0.7805 0.4670
vn 0.4608 0.8810 0.1072
vn 0.7273 -0.6845 -0.0489
vn 0.7988 -0.5999 -0.0443
vn 0.9835 -0.1741 0.0484
vn 0.9032 0.0378 -0.4275
vn 0.9231 0.3838 -0.0256
vn 0.7968 -0.4983 0.3417
vn 0.4172 0.6747 -0.6088
vn 0.3708 0.9286 0.0135
vn 0.8494 -0.2814 0.4464
vn 0.7753 0.3420 0.5309
vn -0.2310 0.2057 0.9510
vn -0.0932 -0.8436 0.5289
vn 0.7706 -0.4164 0.4824
vn 0.8063 0.5314 0.2597
vn -0.4473 -0.8329 0.3259
vn 0.4191 -0.7924 -0.4433
vn 0.6277 0.4650 0.6243
vn -0.3269 0.2915 0.8990
vn 0.8887 0.0303 -0.4574
vn 0.5000 -0.8653 -0.0368
vn 0.0641 0.1014 0.9928
vn 0.0361 0.5490 0.8351
vn 0.1887 -0.8804 0.4352
vn 0.2208 -0.9429 0.2493
vn -0.4680 0.2276 0.8539
vn 0.4516 0.8126 -0.3684
vn 0.0633 0.4990 0.8643
vn 0.5606 0.1475 0.8148
vn 0.8002 0.5799 -0.1527
vn 0.6277 -0.4746 -0.6171
vn 0.4388 -0.8491 0.2941
vn -0.2462 -0.8410 0.4817
vn 0.2132 -0.4679 -0.8577
vn 0.3295 -0.9237 0.1953
vn 0.2321 -0.9726 0.0162
vn 0.2945 -0.7032 0.6471
vn 0.7179 -0.6921 0.0744
vn 0.7006 0.7117 0.0524
vn 0.4761 0.7942 0.3777
vn 0.3976 0.9094 0.1218
vn 0.5391 0.8354 -0.1073
vn 0.1220 0.8387 0.5308
vn -0.1534 -0.5534 0.8187
vn 0.4682 -0.5209 0.7138
vn 0.5623 0.5249 0.6389
vn 0.0708 -0.9417 -0.3289
vn 0.5599 -0.7740 -0.2956
vn 0.7927 0.3902 -0.4683
vn 0.4111 0.3470 -0.8429
vn 0.1946 -0.9726 0.1270
vn 0.7386 -0.3151 0.5960
vn 0.3798 -0.9141 0.1420
vn 0.1059 0.6892 0.7168
vn 0.0494 0.7296 0.6820
vn 0.4776 0.8597 -0.1811
vn 0.4536 0.8737 -0.1758
vn -0.0403 -0.3702 0.9281
vn 0.4473 -0.4291 0.7847
vn 0.7844 0.5378 0.3088
vn 0.2778 0.9006 0.3343
vn 0.1777 0.3274 -0.9280
vn 0.6656 0.1094 -0.7382
vn 0.4408 -0.8807 -0.1737
vn -0.1523 -0.9532 -0.2610
vn 0.0034 -1.0000 0.0005
vn 0.1776 -0.9700 -0.1662
vn 0.4474 0.7953 0.4091
vn 0.4339 0.8367 -0.3341
vn 0.2183 -0.6483 0.7294
vn 0.6174 -0.6920 0.3741
vn 0.8413 0.4953 0.2164
vn -0.1961 -0.7937 -0.5758
vn 0.3843 -0.6574 -0.6482
vn 0.4547 0.3891 -0.8011
vn 0.0325 0.5888 -0.8076
vn 0.4410 -0.7538 -0.4871
vn 0.2012 -0.9774 -0.0640
vn 0.3917 0.8154 -0.4263
vn 0.3731 0.6955 -0.6140
vn 0.1930 0.7436 -0.6402
vn 0.2483 0.9042 0.3474
vn 0.0121 0.6707 0.7416
vn 0.1597 0.8789 0.4495
vn -0.0302 0.5208 0.8531
vn -0.1948 -0.2094 0.9582
vn -0.2474 -0.0765 0.9659
vn -0.0534 -0.9223 -0.3829
vn 0.9088 -0.0880 0.4079
vn 0.6627 -0.0637 0.7462
vn 0.4333 -0.9006 0.0352
vn 0.2489 0.0086 -0.9685
vn 0.0117 0.1201 -0.9927
vn 0.9011 0.3976 -0.1732
vn 0.8557 0.5120 0.0750
vn -0.0756 -0.0169 -0.9970
vn -0.1340 -0.9273 0.3496
vn -0.5597 -0.7526 0.3469
vn -0.1409 -0.8434 0.5186
vn 0.0172 -0.7492 -0.6621
vn 0.0004 -0.8767 -0.4810
vn 0.0903 -0.9953 -0.0342
vn -0.0613 -0.9952 -0.0764
vn 0.1057 -0.0650 -0.9923
vn 0.1549 -0.1334 -0.9789
vn 0.4434 0.7200 0.5339
vn 0.3625 0.7629 0.5354
vn 0.5048 0.8620 -0.0460
vn 0.5784 0.7572 0.3034
vn 0.3422 0.7234 -0.5996
vn 0.4798 0.5836 -0.6552
vn 0.2470 0.9687 -0.0264
vn 0.4170 0.5065 -0.7547
vn 0.5427 0.7809 -0.3095
vn 0.9181 -0.3865 -0.0882
vn 0.9644 0.1008 0.2446
vn 0.8301 0.3494 0.4346
vn 0.9184 0.2699 -0.2892
vn 0.5235 0.8422 0.1289
vn 0.5572 0.5710 0.6029
vn 0.6776 0.3584 0.6422
vn 0.5879 0.6900 0.4223
vn 0.5008 0.7540 0.4250
vn 0.3741 0.7594 0.5322
vn 0.7660 0.3682 -0.5270
vn 0.7502 0.6523 -0.1086
vn 0.4551 0.2859 -0.8433
vn 0.4893 0.2618 -0.8319
vn 0.2366 0.0598 -0.9698
vn 0.3439 -0.0863 -0.9350
vn 0.2532 -0.0664 -0.9651
vn 0.2396 0.9009 0.3620
vn 0.3865 0.3662 0.8465
vn 0.2500 0.4382 0.8634
vn 0.1096 0.4660 0.8779
vn 0.2675 0.3106 0.9121
vn 0.2746 0.1777 0.9450
vn 0.5922 0.6482 0.4787
vn 0.7098 0.5844 0.3934
vn -0.0399 0.9898 -0.1366
vn 0.4577 0.7807 -0.4255
vn 0.0376 0.9983 0.0448
vn 0.0358 -0.2382 0.9706
vn 0.1175 -0.3263 0.9379
vn 0.2275 0.4174 0.8798
vn 0.0484 0.2227 0.9737
vn 0.2365 0.7930 0.5615
vn 0.3771 0.4294 0.8206
vn -0.2310 -0.3116 0.9217
vn 0.1966 -0.4263 -0.8830
vn 0.2651 -0.4600 -0.8474
vn -0.1291 -0.4892 -0.8625
vn -0.0350 -0.2028 -0.9786
vn -0.1271 -0.3886 -0.9126
vn 0.0675 0.9340 -0.3509
vn 0.4174 0.6392 -0.6459
vn 0.3021 0.9496 -0.0833
vn 0.3880 0.8798 0.2746
vn 0.7101 0.2391 -0.6623
vn 0.6740 0.5021 -0.5420
vn 0.5647 0.6615 -0.4935
vn 0.3142 0.4247 0.8491
vn 0.4438 0.1650 0.8808
vn 0.4890 0.5747 0.6562
vn 0.7806 -0.0072 0.6250
vn 0.2903 -0.1509 0.9450
vn 0.0485 -0.0879 0.9949
vn 0.4517 0.1555 0.8785
vn 0.1479 0.8397 -0.5225
vn 0.0692 0.6657 -0.7430
vn 0.1879 0.4253 -0.8853
vn 0.3765 0.3016 -0.8760
vn 0.5809 0.0683 -0.8111
vn -0.2983 -0.3995 0.8668
vn 0.4430 0.3527 -0.8242
vn 0.4394 0.7708 -0.4613
vn 0.5072 0.7708 -0.3855
vn 0.4793 0.8667 -0.1381
vn 0.8120 0.4162 0.4092
vn 0.7139 -0.6679 -0.2107
vn 0.7565 -0.1868 -0.6267
vn 0.5331 -0.6726 -0.5133
vn 0.7818 -0.5513 -0.2912
vn 0.9979 -0.0580 -0.0287
vn 0.7713 -0.2268 0.5946
vn 0.1224 -0.4565 0.8813
vn 0.1129 -0.9935 -0.0103
vn -0.0506 -0.3343 -0.9411
vn 0.0643 -0.4663 -0.8823
vn 0.1227 -0.5910 -0.7973
vn -0.1376 -0.9289 0.3438
vn -0.3972 -0.5674 0.7213
vn 0.1637 0.8752 -0.4553
vn 0.1400 0.9894 0.0390
vn 0.2160 0.9239 0.3160
vn 0.8778 0.2834 -0.3862
vn 0.7031 -0.0988 -0.7042
vn 0.5258 0.5453 -0.6528
vn -0.1845 0.3800 -0.9064
vn 0.1137 0.3722 -0.9212
vn -0.0239 0.2681 -0.9631
vn 0.0720 0.2532 -0.9647
vn 0.2230 -0.0547 -0.9733
vn 0.2518 0.2953 -0.9216
vn 0.3298 0.2738 -0.9035
vn 0.0402 0.2227 -0.9741
vn 0.4953 0.4939 -0.7147
vn 0.5767 0.4101 -0.7066
vn 0.0894 0.3751 -0.9227
vn 0.2233 -0.8090 0.5438
vn -0.7441 -0.0627 0.6651
vn -0.1442 -0.4713 0.8701
vn 0.0535 -0.1480 0.9875
vn -0.9668 -0.0376 0.2527
vn -0.7613 0.2276 0.6072
vn -0.8514 0.5144 -0.1023
vn -0.8720 -0.4775 -0.1077
vn -0.6592 0.3452 -0.6680
vn -0.8281 0.4847 -0.2815
vn 0.2059 -0.9386 -0.2767
vn -0.1015 -0.5362 -0.8379
vn -0.5954 0.3918 -0.7014
vn -0.5493 0.6442 -0.5322
vn -0.6872 0.4306 -0.5851
vn -0.6039 0.4757 -0.6395
vn 0.4161 0.6410 -0.6450
vn 0.3673 0.2077 -0.9066
vn 0.4211 0.3646 -0.8305
vn 0.2793 0.7421 -0.6093
vn -0.4320 0.3742 -0.8206
vn -0.3444 0.3949 -0.8517
vn -0.5156 0.4052 -0.7550
vn -0.4408 0.4179 -0.7944
vn -0.2716 -0.9403 0.2051
vn -0.9282 0.2846 0.2397
vn -0.5162 -0.0206 0.8562
vn 0.3728 -0.6218 0.6888
vn 0.4530 -0.6782 0.5786
vn 0.4427 -0.7358 0.5124
vn -0.7487 0.4789 -0.4583
vn -0.6159 0.7873 -0.0265
vn 0.4313 -0.7962 0.4243
vn -0.1290 0.5612 0.8176
vn -0.1898 0.1852 0.9642
vn 0.1143 -0.8976 0.4258
vn -0.7196 0.6884 0.0914
vn -0.8474 0.2960 0.4407
vn 0.9314 -0.3221 0.1697
vn 0.8614 -0.4932 0.1216
vn -0.9348 -0.0844 -0.3450
vn -0.9642 0.2649 -0.0126
vn 0.1467 -0.9790 -0.1418
vn 0.8172 -0.5355 0.2133
vn -0.8838 -0.1964 -0.4247
vn -0.8427 -0.5058 -0.1844
vn 0.4581 -0.3207 0.8290
vn -0.5015 0.4481 0.7401
vn -0.1942 0.5281 0.8267
vn -0.6465 0.7274 -0.2301
vn -0.2067 0.6834 -0.7002
vn 0.7886 -0.3552 -0.5019
vn 0.9476 -0.3094 -0.0796
vn 0.9371 -0.3483 0.0232
vn 0.4733 -0.7692 0.4292
vn 0.4850 -0.5664 0.6663
vn -0.3780 -0.0475 -0.9246
vn -0.6828 0.6908 -0.2377
vn -0.5469 0.7832 -0.2958
vn -0.7918 0.6080 0.0578
vn -0.8767 0.4674 0.1136
vn -0.9533 0.2517 -0.1666
vn -0.3160 -0.3361 -0.8872
vn -0.4186 -0.5051 -0.7548
vn 0.5335 -0.8318 -0.1535
vn -0.8482 -0.4322 0.3062
vn 0.2994 -0.9117 0.2813
vn 0.6671 -0.7361 0.1147
vn -0.6846 0.5980 -0.4168
vn -0.6391 0.7550 -0.1468
vn -0.5438 0.8132 -0.2075
vn -0.5443 0.8134 -0.2051
vn 0.6313 -0.5207 0.5747
vn -0.1405 0.1592 0.9772
vn -0.8062 0.5902 0.0425
vn -0.9423 -0.3170 0.1082
vn 0.1995 -0.2607 0.9446
vn -0.1014 -0.3230 0.9410
vn -0.0103 -0.6904 0.7233
vn 0.0255 -0.6191 0.7849
vn -0.0379 -0.7314 0.6809
vn 0.0789 -0.4495 0.8898
vn -0.2202 0.0248 0.9751
vn 0.6276 -0.4242 0.6528
vn 0.5199 0.1767 0.8358
vn 0.4775 -0.0377 0.8778
vn 0.5729 -0.4380 0.6928
vn 0.1580 0.4802 0.8628
vn 0.1610 0.1275 0.9787
vn 0.1863 -0.3723 0.9092
vn -0.1176 0.0232 -0.9928
vn -0.0859 0.1916 -0.9777
vn 0.0363 0.1508 -0.9879
vn 0.0221 0.3225 -0.9463
vn -0.1168 -0.2510 0.9609
vn 0.6363 -0.2435 0.7320
vn 0.5995 -0.2741 0.7519
vn 0.4908 -0.4145 0.7664
vn 0.4842 -0.3382 0.8069
vn 0.6382 -0.0161 0.7697
vn 0.5928 0.0752 0.8018
vn 0.5668 0.0381 0.8230
vn 0.3493 0.1278 -0.9283
vn 0.3300 -0.6455 -0.6888
vn -0.3122 -0.8558 0.4125
vn -0.2820 -0.2314 0.9311
vn -0.5104 0.1101 0.8528
vn -0.5747 -0.0107 0.8183
vn -0.5753 -0.1015 0.8116
vn 0.5836 0.1558 0.7970
vn 0.5863 0.1129 0.8022
vn 0.3851 0.2977 0.8735
vn 0.2874 0.0754 0.9548
vn -0.0477 0.1357 0.9896
vn 0.1755 0.6407 0.7474
vn 0.5223 0.3700 0.7683
vn -0.5930 0.4376 -0.6759
vn -0.5327 0.3669 -0.7626
vn -0.5111 0.2237 0.8299
vn -0.7309 0.3401 0.5917
vn -0.7725 0.2426 0.5869
vn -0.8970 0.3968 0.1947
vn -0.8599 0.4420 0.2554
vn 0.6620 -0.4901 0.5670
vn 0.6377 -0.4107 0.6517
vn -0.1974 -0.4047 0.8929
vn -0.3942 -0.6893 0.6079
vn -0.9824 -0.1679 0.0817
vn -0.8000 0.0727 0.5956
vn 0.0581 -0.0058 0.9983
vn 0.3429 -0.0472 0.9382
vn 0.4643 -0.5445 0.6985
vn 0.0995 -0.5983 0.7951
vn 0.4829 -0.5376 0.6912
vn 0.3098 -0.6148 0.7253
vn -0.6698 -0.6050 0.4305
vn -0.6667 -0.2870 0.6879
vn -0.5682 0.0485 0.8214
vn 0.3764 -0.5078 0.7749
vn -0.2557 0.2888 0.9226
vn -0.3482 0.4590 0.8174
vn 0.0236 0.5711 0.8205
vn 0.6166 0.2291 0.7532
vn -0.5470 0.7831 0.2959
vn 0.9696 0.1003 0.2234
vn 0.2242 -0.6987 0.6793
vn -0.0243 -0.7306 0.6824
vn -0.7488 0.2326 0.6206
vn -0.1044 -0.3991 0.9109
vn 0.8531 -0.1675 0.4941
vn 0.6858 -0.2041 0.6986
vn 0.7633 -0.3206 0.5609
vn 0.4731 -0.6062 0.6393
vn 0.9338 -0.2212 0.2814
vn 0.9203 -0.3551 0.1642
vn 0.8213 -0.4944 0.2847
vn -0.0627 -0.3207 0.9451
vn -0.2093 0.4212 0.8825
vn -0.8502 0.0861 0.5193
vn -0.8164 0.0743 0.5727
vn 0.8206 -0.2966 0.4886
vn 0.7837 -0.4336 0.4446
vn -0.0615 -0.6163 0.7851
vn 0.3953 -0.6351 0.6636
vn 0.6447 -0.2108 0.7348
vn 0.6672 -0.4279 0.6097
vn -0.2998 0.0960 0.9492
vn -0.7464 0.4753 0.4658
vn 0.4198 0.6104 0.6717
vn 0.1699 0.7482 0.6413
vn -0.0604 0.6936 0.7178
vn -0.1332 0.6308 0.7644
vn 0.5196 0.0856 0.8501
vn 0.4592 0.4091 0.7885
vn 0.7866 -0.2812 0.5497
vn -0.7679 0.5817 0.2682
vn -0.4255 0.6793 0.5979
vn -0.5225 0.8380 -0.1574
vn -0.6781 0.7155 -0.1680
vn 0.6135 -0.7717 0.1677
vn 0.4564 -0.8893 0.0287
vn 0.6537 -0.7138 0.2514
vn 0.8823 -0.3609 0.3021
vn 0.4403 0.0304 -0.8973
vn 0.2300 -0.0415 -0.9723
vn 0.1014 -0.0154 -0.9947
vn 0.2209 0.1949 -0.9556
vn -0.1803 -0.0844 -0.9800
vn -0.1979 -0.0274 -0.9798
vn -0.2170 0.2738 -0.9370
vn -0.2822 0.6669 0.6896
vn -0.3213 0.7951 0.5144
vn 0.6967 0.1869 0.6926
vn 0.6646 0.1327 0.7353
vn -0.1124 0.7041 0.7012
vn 0.3936 -0.1658 0.9042
vn 0.2962 0.4007 0.8670
vn 0.0245 0.2261 0.9738
vn -0.0014 -0.1035 0.9946
vn -0.0598 0.0041 0.9982
vn 0.1513 0.3303 0.9317
vn 0.2036 0.5297 0.8234
vn 0.3090 0.4615 0.8315
vn 0.3026 0.5118 0.8040
vn -0.7410 0.6300 0.2323
vn -0.7919 0.5693 0.2209
vn -0.1803 0.8378 0.5154
vn -0.5718 0.6496 0.5011
vn -0.5818 0.6202 0.5263
vn -0.2192 0.8041 0.5526
vn -0.8306 0.3998 0.3877
vn -0.8102 0.4038 0.4250
vn -0.3230 0.7414 0.5882
vn -0.6817 0.5284 0.5061
vn -0.4511 0.3775 -0.8087
vn -0.3738 0.3330 -0.8656
vn -0.3107 0.3782 -0.8720
vn 0.2640 0.0774 0.9614
vn 0.3900 -0.3380 0.8565
vn 0.0634 0.1274 0.9898
vn 0.3522 -0.2125 0.9115
vn 0.5790 0.0201 0.8151
vn 0.4783 -0.0492 0.8768
vn 0.2093 0.1949 0.9582
vn 0.0720 0.3178 0.9454
vn -0.3167 -0.4101 0.8553
vn -0.4783 -0.5055 0.7182
vn -0.5698 -0.1987 0.7974
vn -0.4737 -0.2464 0.8455
vn -0.2529 -0.5232 0.8139
vn -0.5688 -0.1364 0.8111
vn -0.5110 0.0198 0.8594
vn -0.2562 0.4392 0.8611
vn -0.3850 0.0338 0.9223
vn -0.5331 -0.1730 0.8282
vn -0.1736 0.1885 0.9666
vn 0.0372 0.3550 -0.9341
vn -0.1507 0.2763 -0.9492
vn 0.0230 0.7294 -0.6838
vn -0.4237 0.4481 -0.7872
vn -0.3074 0.1992 -0.9305
vn 0.0012 0.6983 -0.7158
vn -0.8324 -0.4416 -0.3348
vn -0.2831 -0.9557 0.0804
vn 0.0489 0.2639 -0.9633
vn 0.2503 0.4239 -0.8704
vn -0.3773 -0.8238 0.4231
vn -0.2608 -0.8658 0.4269
vn -0.7404 -0.5836 0.3335
vn -0.6944 0.3465 0.6306
vn 0.5273 -0.7023 0.4783
vn 0.0435 -0.5388 0.8413
vn -0.4684 -0.4195 0.7776
vn -0.4312 -0.4886 0.7585
vn 0.6109 -0.3379 -0.7159
vn 0.7172 -0.2331 -0.6568
vn 0.5848 -0.1008 -0.8049
vn 0.5833 -0.1066 -0.8052
vn 0.5597 -0.0010 -0.8287
vn 0.5748 0.1044 -0.8116
vn 0.6876 -0.2959 -0.6630
vn 0.4810 -0.2374 -0.8439
vn 0.2928 -0.2122 -0.9324
vn 0.4286 0.0187 -0.9033
vn 0.4400 0.2237 -0.8697
vn 0.4965 -0.5120 0.7010
vn -0.0260 -0.5678 0.8227
vn -0.0816 -0.9554 0.2836
vn 0.3317 -0.9269 0.1753
vn -0.5338 -0.4529 0.7141
vn -0.4784 -0.8435 0.2444
vn -0.1071 -0.9942 0.0135
vn -0.1064 0.3707 -0.9226
vn -0.2771 0.2194 -0.9354
vn -0.3628 0.4575 -0.8118
vn 0.4244 -0.1091 0.8989
vn 0.2542 -0.0446 0.9661
vn 0.3921 -0.1217 0.9118
vn 0.3434 -0.1568 0.9260
vn 0.2977 0.2752 0.9142
vn 0.6126 0.0342 0.7897
vn 0.5628 -0.0201 0.8264
vn 0.4693 -0.0241 0.8827
vn 0.5869 -0.1296 0.7992
vn -0.3251 0.9179 -0.2274
vn -0.5793 -0.3199 -0.7497
vn -0.8107 -0.2963 -0.5049
vn -0.6605 0.7488 -0.0547
vn 0.1577 -0.9503 0.2684
vn -0.2348 -0.9562 0.1748
vn -0.4969 0.0309 0.8672
vn 0.1544 0.2410 0.9582
vn -0.4619 0.8504 -0.2521
vn -0.4501 -0.5994 -0.6619
vn 0.5330 -0.7459 0.3995
vn 0.3170 -0.8854 0.3401
vn 0.1910 -0.8930 -0.4075
vn -0.5956 0.8001 -0.0711
vn -0.6602 0.3232 -0.6780
vn 0.5085 -0.8561 -0.0927
vn 0.5427 -0.7454 0.3871
vn 0.1424 0.3408 0.9293
vn 0.0885 0.3936 0.9150
vn -0.1348 -0.1689 0.9764
vn -0.0466 -0.9982 0.0385
vn -0.5168 -0.8558 0.0236
vn -0.9647 -0.1274 0.2304
vn -0.5791 0.8140 0.0443
vn 0.6377 0.1961 0.7449
vn -0.8258 0.3819 0.4150
vn -0.7275 -0.6382 0.2518
vn -0.6474 -0.7562 0.0948
vn 0.1554 -0.3258 0.9326
vn -0.0185 -0.0512 0.9985
vn -0.5162 -0.2314 0.8246
vn -0.6365 -0.1645 0.7536
vn -0.5222 -0.2088 0.8269
vn -0.7253 -0.3255 0.6067
vn -0.7890 -0.2660 0.5538
vn 0.3081 -0.0866 0.9474
vn -0.2371 0.6658 0.7075
vn -0.3616 0.5586 0.7464
vn -0.3975 -0.5920 0.7011
vn -0.0958 -0.7831 0.6144
vn -0.2027 -0.7634 0.6133
vn 0.1331 -0.7970 -0.5892
vn -0.4330 0.3445 -0.8330
vn -0.8737 0.4473 0.1913
vn -0.3663 0.8957 -0.2522
vn -0.5815 0.7936 -0.1792
vn -0.0614 0.7601 -0.6469
vn -0.0284 0.4426 0.8963
vn -0.0528 0.4622 -0.8852
vn 0.0974 0.4428 -0.8913
vn -0.4656 0.6454 -0.6056
vn 0.1428 0.3372 -0.9305
vn 0.2991 -0.4378 -0.8479
vn 0.2982 -0.4908 -0.8187
vn 0.4569 -0.0766 0.8862
vn 0.3394 -0.2239 0.9136
vn 0.2943 -0.1574 0.9426
vn 0.5031 -0.0059 0.8642
vn 0.4118 0.0838 -0.9074
vn 0.2213 -0.0785 -0.9720
vn 0.0989 0.1543 -0.9831
vn -0.1604 -0.7789 -0.6062
vn -0.1016 -0.6224 -0.7761
vn 0.2666 0.7041 0.6581
vn -0.2211 0.8354 0.5032
vn -0.4399 -0.8963 0.0553
vn -0.5932 0.2929 -0.7499
vn -0.4020 -0.3295 -0.8543
vn -0.8010 -0.5861 -0.1225
vn -0.4182 0.7311 -0.5391
vn -0.4668 0.1933 -0.8630
vn -0.6920 -0.2159 -0.6888
vn -0.6222 0.3374 -0.7064
vn -0.6684 0.1381 -0.7309
vn -0.7322 0.1405 -0.6665
vn -0.8350 0.0813 -0.5442
vn -0.7802 -0.0427 -0.6241
vn -0.5702 -0.6771 -0.4652
vn -0.1810 0.4709 -0.8634
vn 0.0847 -0.9943 -0.0654
vn 0.1510 -0.1997 -0.9682
vn -0.9089 -0.3723 0.1880
vn -0.7588 -0.5613 0.3303
vn -0.4565 -0.6818 0.5716
vn 0.2770 -0.1549 -0.9483
vn 0.4405 -0.0494 -0.8964
vn -0.0268 0.3730 -0.9274
vn -0.1439 0.6840 -0.7152
vn -0.0137 0.6706 -0.7417
vn -0.8100 -0.3890 0.4388
vn -0.8329 -0.5525 0.0316
vn -0.6313 -0.4617 0.6231
vn 0.2454 0.4812 0.8415
vn 0.3465 0.5135 0.7850
vn -0.7513 0.6595 0.0238
vn -0.6691 0.7314 -0.1317
vn -0.8087 0.4713 -0.3519
vn -0.6114 0.3555 -0.7070
vn -0.5690 -0.5156 0.6406
vn -0.2631 -0.6499 0.7131
vn -0.8162 0.1985 0.5426
vn -0.8517 -0.1609 0.4988
vn -0.5640 0.0487 0.8243
vn -0.8608 0.0342 0.5079
vn -0.7483 0.0877 0.6576
vn -0.8916 0.3210 0.3195
vn -0.9729 -0.0664 -0.2213
vn -0.9997 0.0102 0.0209
vn -0.7500 0.6402 -0.1663
vn -0.5855 0.8105 -0.0161
vn -0.8285 0.5401 0.1480
vn -0.9549 0.2087 0.2113
vn -0.8491 0.4414 0.2903
vn 0.5268 0.8494 0.0312
vn -0.1200 0.9821 -0.1451
vn 0.2127 0.1340 -0.9679
vn 0.2482 0.2312 -0.9407
vn 0.3295 0.4276 0.8418
vn -0.0633 0.0151 0.9979
vn 0.1378 -0.3807 0.9144
vn 0.1221 -0.0849 0.9889
vn 0.1454 0.1225 0.9818
vn 0.1695 0.4626 0.8702
vn -0.6997 -0.0596 -0.7120
vn -0.6414 -0.0448 -0.7659
vn -0.5647 -0.1069 -0.8183
vn -0.6140 -0.1166 -0.7806
vn -0.5181 -0.1184 -0.8471
vn -0.4687 -0.0918 -0.8786
vn -0.4992 -0.0629 -0.8642
vn 0.5121 0.6435 0.5689
vn 0.4330 0.6557 0.6185
vn 0.6356 0.4386 0.6354
vn 0.8762 -0.4114 0.2509
vn 0.8568 -0.0819 0.5091
vn 0.0465 -0.3300 0.9429
vn 0.0717 -0.6539 0.7532
vn 0.6152 0.7502 0.2425
vn 0.7218 0.6694 0.1757
vn 0.7005 0.6351 0.3254
vn 0.7830 0.6208 -0.0387
vn 0.6651 0.7466 0.0188
vn -0.0743 0.0646 0.9951
vn -0.2813 -0.0561 0.9580
vn -0.0921 -0.0602 0.9939
vn -0.0470 0.1389 0.9892
vn 0.1287 -0.1287 0.9833
vn 0.1342 -0.0425 0.9900
vn -0.2479 -0.1233 0.9609
vn -0.0084 -0.0544 0.9985
vn -0.1604 0.0661 0.9848
vn -0.2118 0.0993 0.9723
vn -0.3679 0.0466 0.9287
vn -0.6192 -0.0927 0.7797
vn -0.6461 -0.1771 0.7424
vn 0.5774 0.7286 -0.3684
vn 0.5610 0.7497 -0.3512
vn 0.3504 0.9275 0.1302
vn 0.3496 0.7877 0.5072
vn 0.1309 0.6568 -0.7426
vn 0.2261 0.8578 -0.4615
vn -0.1871 0.7092 -0.6798
vn -0.1762 0.5559 -0.8124
vn -0.4702 0.1815 -0.8637
vn -0.5868 0.2629 -0.7658
vn -0.7375 0.3961 -0.5470
vn -0.2852 0.8291 -0.4808
vn -0.8140 0.0903 -0.5738
vn -0.8495 0.1033 -0.5174
vn -0.9559 0.2287 -0.1842
vn -0.8560 0.4047 -0.3217
vn -0.5773 0.8047 0.1384
vn -0.8846 0.4650 0.0345
vn -0.7920 0.6054 -0.0781
vn 0.2072 0.9363 -0.2836
vn -0.6508 0.7152 0.2549
vn -0.7213 0.6376 0.2707
vn -0.3378 0.8204 0.4613
vn 0.1725 0.9076 0.3827
vn 0.0880 -0.1811 -0.9795
vn -0.0459 -0.2136 -0.9758
vn -0.0008 -0.4405 -0.8978
vn 0.0515 -0.3965 -0.9166
vn 0.1322 -0.3745 -0.9178
vn 0.0791 -0.3086 -0.9479
vn -0.0871 -0.0956 -0.9916
vn -0.2074 -0.3888 -0.8977
vn -0.2130 -0.0391 0.9763
vn -0.2137 -0.1366 0.9673
vn -0.5110 -0.2288 0.8286
vn -0.4985 -0.1307 0.8570
vn -0.8279 -0.2506 0.5017
vn -0.8654 -0.2524 0.4329
vn -0.9214 -0.1170 0.3706
vn 0.7732 -0.3056 0.5557
vn -0.6407 -0.3542 0.6812
vn -0.2353 0.0762 0.9689
vn 0.8150 0.5627 0.1385
vn -0.9803 0.0609 0.1879
vn -0.7965 0.3991 0.4541
vn -0.8826 -0.0170 0.4698
vn -0.7629 -0.0104 0.6464
vn -0.0065 0.1454 -0.9894
vn 0.0802 -0.1049 -0.9912
vn 0.0989 -0.0379 -0.9944
vn -0.2470 -0.0165 -0.9689
vn -0.1274 0.1858 -0.9743
vn -0.3655 0.7784 0.5104
vn -0.9775 0.1968 0.0762
vn -0.2784 0.0075 -0.9604
vn 0.0619 0.5683 -0.8205
vn -0.0077 0.6425 -0.7663
vn -0.0976 0.7746 -0.6249
vn -0.3668 0.9277 -0.0694
vn 0.1335 0.9842 -0.1162
vn -0.6109 -0.7805 0.1327
vn -0.0786 -0.0380 -0.9962
vn 0.4703 0.8776 -0.0933
vn -0.2038 0.6033 -0.7711
vn -0.6163 -0.0211 0.7872
vn -0.0195 0.9255 0.3782
vn -0.5195 0.8198 0.2409
vn -0.8865 -0.0205 0.4624
vn 0.2248 0.9689 -0.1031
vn -0.5550 0.8116 -0.1827
vn -0.8863 -0.3431 0.3110
vn -0.5576 0.4435 -0.7017
vn -0.0753 0.9882 0.1333
vn -0.9330 -0.3476 0.0933
vn 0.5845 0.6243 -0.5183
vn 0.2900 0.9321 -0.2171
vn 0.2947 0.9096 -0.2930
vn 0.4674 0.6496 -0.5997
vn 0.2363 0.9300 -0.2816
vn -0.0967 0.9341 -0.3436
vn -0.2818 0.9369 -0.2066
vn -0.2751 0.9085 -0.3146
vn 0.1691 -0.9614 0.2172
vn -0.3142 -0.8502 0.4224
vn -0.0992 -0.9265 0.3629
vn 0.0972 -0.9933 0.0631
vn -0.4827 0.1669 0.8597
vn -0.1835 0.2612 0.9477
vn 0.2867 -0.4923 -0.8219
vn 0.4840 -0.6617 -0.5726
vn 0.2795 0.3335 -0.9003
vn 0.2262 0.6176 -0.7533
vn -0.2337 0.8250 -0.5146
vn -0.1082 0.5441 -0.8320
vn -0.3562 0.1254 -0.9260
vn 0.0737 0.6861 -0.7238
vn 0.0058 -0.9576 0.2882
vn -0.2239 -0.9725 -0.0637
vn -0.4944 -0.4651 0.7343
vn 0.1845 0.3335 -0.9245
vn -0.0672 0.6319 -0.7722
vn -0.5186 -0.8352 0.1828
vn -0.4406 -0.8899 0.1181
vn -0.4964 -0.8680 0.0090
vn -0.5702 -0.8187 0.0677
vn -0.2617 -0.9625 0.0716
vn -0.3878 -0.9201 0.0543
vn -0.5485 -0.8303 0.0988
vn 0.1075 -0.4600 -0.8814
vn 0.5604 -0.4240 -0.7115
vn 0.0377 0.3443 -0.9381
vn -0.0171 0.3948 -0.9186
vn -0.1041 0.3143 -0.9436
vn 0.2337 0.4778 -0.8468
vn -0.2396 -0.3045 -0.9219
vn -0.0535 -0.5367 -0.8421
vn -0.4545 -0.4437 -0.7724
vn -0.3741 -0.4541 -0.8086
vn 0.0721 0.9406 0.3317
vn -0.4802 0.4771 0.7360
vn -0.6194 0.5073 0.5992
vn -0.2402 0.9231 0.3003
vn -0.8488 0.2332 0.4745
vn -0.4771 0.6234 0.6195
vn -0.7031 0.6396 0.3107
vn -0.6911 0.4569 0.5600
vn -0.9276 0.3638 0.0854
vn -0.0881 0.1341 0.9870
vn 0.5953 0.2916 0.7487
vn -0.7190 0.4486 0.5308
vn -0.5256 0.1050 0.8442
vn 0.4242 -0.0253 0.9052
vn -0.7917 -0.4737 -0.3858
vn -0.6158 -0.7618 0.2012
vn -0.9470 -0.3186 -0.0422
vn 0.1499 -0.9170 -0.3696
vn 0.1766 -0.8266 0.5343
vn -0.8032 -0.5676 0.1809
vn 0.8185 -0.5695 -0.0760
vn 0.8653 -0.4562 0.2077
vn -0.3583 0.0519 0.9321
vn -0.7131 0.4818 0.5092
vn 0.8845 -0.1640 0.4368
vn 0.0938 0.4678 0.8788
vn -0.2712 -0.9332 0.2357
vn 0.0701 -0.9946 -0.0761
vn -0.9624 0.2631 0.0674
vn -0.9932 0.0646 0.0965
vn -0.0444 -0.9350 -0.3517
vn -0.9761 -0.1213 -0.1804
vn -0.7181 0.6237 0.3089
vn -0.6486 0.7368 0.1908
vn -0.7794 0.6262 -0.0208
vn -0.7067 0.7041 0.0701
vn -0.5188 0.8061 0.2847
vn 0.0971 0.6290 0.7713
vn 0.8721 -0.2902 0.3939
vn 0.6382 -0.7689 -0.0396
vn 0.5418 -0.8331 -0.1115
vn 0.4336 -0.9001 -0.0438
vn 0.5819 -0.8126 0.0327
vn 0.6912 -0.7219 -0.0339
vn 0.3526 -0.9002 0.2554
vn 0.0667 -0.9896 -0.1272
vn 0.0729 -0.9546 -0.2888
vn 0.5229 -0.8457 0.1071
vn 0.6000 -0.7990 -0.0404
vn 0.1261 -0.9547 -0.2694
vn 0.6270 -0.6749 -0.3891
vn -0.0387 -0.7676 -0.6397
vn -0.2356 -0.6404 -0.7311
vn 0.3517 -0.8992 -0.2602
vn 0.5847 -0.7895 0.1863
vn -0.6477 0.7619 -0.0111
vn -0.6604 0.7256 -0.1934
vn -0.4368 0.7593 -0.4824
vn -0.4731 0.7722 -0.4241
vn -0.4858 0.7307 -0.4797
vn -0.6809 0.7321 0.0185
vn -0.5092 0.7191 0.4730
vn -0.5613 0.5597 0.6096
vn 0.2784 -0.9591 -0.0517
vn 0.3982 -0.9104 -0.1117
vn 0.6610 -0.7476 -0.0639
vn 0.7455 -0.6394 0.1882
vn 0.7760 -0.6308 -0.0036
vn 0.1245 0.1607 0.9791
vn -0.0902 0.4346 0.8961
vn 0.2770 -0.0888 0.9568
vn -0.0108 0.0202 0.9997
vn 0.5123 -0.4480 0.7327
vn -0.5143 -0.8528 0.0902
vn 0.0300 0.6118 0.7904
vn -0.7931 0.4090 0.4513
vn -0.1143 0.3332 0.9359
vn 0.5948 -0.2048 0.7774
vn 0.5572 0.1641 0.8140
vn 0.5033 -0.7938 0.3413
vn 0.3094 -0.7927 0.5253
vn 0.3737 -0.8126 0.4473
vn 0.4555 -0.8630 0.2183
vn 0.6274 -0.7700 0.1162
vn 0.6344 -0.7060 0.3147
vn 0.6503 -0.7144 0.2583
vn 0.1987 -0.8230 0.5322
vn -0.2170 -0.8894 0.4024
vn -0.5332 -0.6664 -0.5211
vn 0.4923 0.1049 -0.8641
vn -0.0756 -0.9555 -0.2850
vn 0.5317 -0.5956 -0.6021
vn -0.3417 -0.7966 0.4987
vn -0.9479 -0.2153 -0.2348
vn -0.5870 -0.7073 0.3939
vn -0.5647 0.8211 -0.0825
vn -0.4971 0.8001 0.3356
vn -0.3348 0.7480 0.5731
vn -0.0583 -0.9269 0.3708
vn 0.2334 -0.9258 0.2974
vn 0.5385 -0.7671 -0.3487
vn 0.6314 -0.2096 -0.7466
vn 0.7771 -0.0920 -0.6226
vn 0.7998 -0.5634 -0.2072
vn 0.8024 -0.5927 0.0699
vn -0.7221 -0.5206 -0.4556
vn -0.5570 -0.7916 -0.2510
vn -0.6001 -0.7887 0.1337
vn -0.5958 -0.7944 0.1183
vn -0.5743 -0.8187 0.0025
vn -0.3404 -0.3269 0.8816
vn -0.2438 0.9621 -0.1220
vn 0.0126 0.3785 0.9255
vn -0.2557 -0.0602 0.9649
vn -0.1298 0.3564 0.9253
vn 0.1623 0.6844 0.7108
vn -0.2899 0.3212 0.9016
vn -0.0903 0.5692 0.8173
vn -0.4986 -0.2654 0.8252
vn -0.6541 0.6415 -0.4008
vn -0.7298 0.6307 -0.2637
vn -0.4214 0.7405 -0.5235
vn -0.2091 0.7529 -0.6240
vn -0.7283 0.6517 -0.2118
vn -0.2623 0.7655 -0.5875
vn 0.0064 0.7354 -0.6776
vn -0.7954 -0.3611 -0.4868
vn -0.7436 -0.3180 -0.5881
vn -0.5603 -0.1468 -0.8152
vn -0.9639 -0.2549 -0.0772
vn -0.9763 -0.1955 -0.0933
vn -0.5734 -0.2489 -0.7805
vn -0.8081 -0.3233 -0.4925
vn -0.9383 -0.3353 -0.0842
vn -0.8931 0.3079 0.3280
vn -0.5119 0.8338 0.2070
vn -0.1569 0.9865 0.0460
vn 0.0995 0.9849 -0.1420
vn -0.3247 -0.8735 -0.3626
vn -0.2342 -0.9394 0.2504
vn -0.2741 0.5529 -0.7869
vn -0.5490 0.5452 -0.6335
vn -0.6015 -0.7171 -0.3521
vn -0.2046 0.4466 0.8710
vn -0.9879 0.0343 -0.1514
vn -0.5769 -0.4656 0.6711
vn -0.1938 0.3994 0.8961
vn -0.4803 0.8528 -0.2048
vn -0.1619 0.5935 0.7884
vn -0.3834 0.4939 0.7804
vn 0.0132 -0.9998 0.0121
vn -0.4941 -0.2973 -0.8170
vn -0.2810 0.7818 -0.5567
vn -0.2465 0.7741 -0.5831
vn -0.1988 0.9761 -0.0879
vn -0.2466 0.7367 0.6296
vn -0.2993 0.9540 -0.0172
vn 0.1412 -0.9899 0.0154
vn -0.7463 -0.6223 -0.2361
vn -0.9471 -0.2430 -0.2098
vn -0.0480 -0.9877 -0.1490
vn -0.6112 -0.3510 0.7094
vn -0.2541 0.7361 0.6274
vn -0.5734 0.7794 -0.2524
vn -0.9586 -0.1962 -0.2063
vn 0.0685 0.7696 0.6349
vn -0.3526 0.9130 -0.2054
vn -0.8340 -0.1486 -0.5314
vn -0.2200 -0.8087 0.5456
vn -0.2156 -0.9238 0.3164
vn -0.4245 0.8968 0.1245
vn -0.5823 0.7487 -0.3169
vn 0.1932 -0.0282 -0.9807
vn 0.6737 0.1502 -0.7236
vn -0.0532 0.6840 -0.7276
vn -0.2469 0.4708 -0.8470
vn -0.1211 0.7616 -0.6366
vn -0.1194 0.7466 -0.6544
vn 0.0545 0.5902 -0.8054
vn -0.3975 0.5441 -0.7389
vn -0.6551 0.3081 -0.6899
vn -0.6839 -0.0208 -0.7293
vn -0.3426 0.8551 0.3891
vn -0.3890 0.9093 0.1480
vn -0.2878 0.9469 0.1430
vn -0.4705 0.1228 -0.8738
vn -0.4026 0.7708 -0.4938
vn -0.4343 0.8749 -0.2142
vn -0.3503 0.9024 -0.2511
vn -0.8325 0.3725 -0.4101
vn 0.0700 -0.9352 0.3471
vn 0.0211 -0.9984 0.0518
vn 0.1370 -0.9302 0.3404
vn 0.5222 -0.8101 0.2666
vn 0.3623 -0.6291 0.6877
vn 0.3285 -0.6596 0.6760
vn 0.4456 -0.7136 0.5406
vn 0.6118 -0.6496 0.4513
vn 0.8188 -0.5572 0.1383
vn -0.2761 -0.0732 0.9583
vn -0.3552 -0.0613 0.9328
vn -0.4428 -0.1033 0.8907
vn -0.4259 -0.1706 0.8885
vn -0.8614 0.1254 -0.4922
vn -0.6632 -0.7314 -0.1586
vn -0.6135 -0.7233 -0.3171
vn -0.9298 -0.3649 0.0487
vn 0.2423 -0.9305 0.2746
vn 0.1500 -0.8921 0.4261
vn 0.2164 -0.9126 0.3469
vn -0.2318 0.8501 0.4728
vn -0.5901 -0.7852 -0.1874
vn -0.7623 -0.3685 0.5321
vn -0.8177 -0.2626 0.5123
vn -0.0860 0.6098 0.7879
vn -0.3008 0.2230 0.9272
vn 0.3482 0.8189 0.4562
vn 0.2796 0.6464 0.7099
vn 0.1622 0.7525 0.6384
vn -0.2036 0.4419 0.8737
vn -0.3873 0.5113 0.7672
vn -0.2608 0.5446 0.7971
vn -0.3791 0.3052 0.8736
vn -0.2257 0.4778 0.8490
vn -0.5511 -0.6372 -0.5387
vn -0.3052 0.2852 -0.9086
vn -0.3366 0.2874 -0.8967
vn -0.2187 -0.6734 -0.7062
vn -0.3735 0.2017 -0.9054
vn -0.3506 0.1632 -0.9222
vn 0.2789 -0.5653 -0.7763
vn -0.1739 0.7474 -0.6412
vn -0.1127 0.6862 -0.7186
vn -0.6049 0.6885 -0.4002
vn -0.4624 0.6394 -0.6143
vn -0.2921 0.6666 0.6858
vn -0.3284 0.8865 0.3259
vn -0.3313 0.7594 0.5599
vn -0.6300 -0.2903 -0.7203
vn -0.4429 -0.0982 -0.8912
vn -0.3961 -0.1606 -0.9040
vn -0.2174 -0.0045 -0.9761
vn -0.4120 0.0539 -0.9096
vn -0.2206 -0.6992 -0.6800
vn -0.7228 -0.3126 -0.6163
vn -0.6587 0.6935 -0.2917
vn -0.5529 0.8248 0.1183
vn -0.6120 -0.5077 0.6065
vn -0.9528 -0.1791 -0.2451
vn 0.3346 -0.2081 0.9191
vn -0.7454 -0.2346 0.6239
vn -0.1418 0.0460 0.9888
vn -0.5666 0.3519 0.7451
vn -0.6533 0.1233 0.7470
vn -0.7521 -0.2965 0.5886
vn -0.9774 0.1035 -0.1844
vn -0.6506 -0.5339 0.5400
vn -0.3158 0.9304 0.1860
vn -0.1646 0.9190 0.3584
vn -0.0639 0.9236 0.3779
vn -0.0404 0.9181 0.3942
vn -0.1954 0.8861 0.4202
vn 0.2143 -0.9754 0.0509
vn 0.0795 -0.9743 0.2106
vn 0.2477 -0.8670 0.4324
vn 0.0493 -0.9743 0.2197
vn -0.2312 -0.9576 0.1719
vn -0.1565 0.4606 0.8737
vn 0.2072 -0.6006 0.7722
vn -0.1889 0.5831 0.7901
vn 0.4238 0.7959 0.4323
vn 0.2601 0.8022 0.5375
vn 0.6699 -0.4824 -0.5644
vn 0.8718 -0.4737 0.1246
vn -0.5556 -0.1857 -0.8105
vn -0.2766 0.4623 0.8425
vn -0.3365 -0.4347 -0.8354
vn -0.2526 -0.4603 -0.8511
vn -0.2209 0.3367 -0.9153
vn -0.3054 0.0909 -0.9479
vn -0.7181 0.3017 -0.6271
vn -0.6835 0.5328 -0.4990
vn -0.7823 0.2304 -0.5787
vn -0.4149 0.0650 -0.9075
vn -0.6011 -0.7255 0.3353
vn -0.5492 -0.4386 -0.7114
vn -0.8749 0.3086 0.3734
vn -0.2675 0.0477 -0.9624
vn 0.2194 -0.9093 0.3535
vn 0.0626 -0.9980 -0.0017
vn -0.1435 -0.9694 -0.1993
vn 0.1753 -0.9206 0.3488
vn 0.2611 -0.9234 0.2812
vn 0.2820 -0.9589 0.0299
vn -0.3103 -0.9247 -0.2204
vn -0.7061 -0.5258 -0.4743
vn -0.6491 -0.4485 -0.6144
vn -0.5887 -0.7882 0.1791
vn -0.1611 -0.4051 -0.9000
vn -0.0814 -0.9896 -0.1188
vn -0.4299 0.1885 -0.8830
vn -0.6098 0.4765 0.6333
vn -0.7490 0.1727 0.6396
vn -0.7376 -0.3635 0.5690
vn -0.4795 -0.5620 0.6740
vn -0.1713 -0.6139 0.7706
vn -0.6311 -0.5024 0.5910
vn -0.4978 -0.1258 0.8582
vn 0.0298 -0.1217 0.9921
vn 0.1665 -0.7407 0.6508
vn 0.2898 -0.6719 0.6816
vn 0.0748 -0.0934 0.9928
vn -0.1486 0.2857 0.9467
vn -0.1074 0.2526 0.9616
vn -0.1793 -0.9834 0.0286
vn -0.7058 -0.2646 -0.6572
vn -0.7987 -0.0697 -0.5976
vn -0.8255 -0.1667 -0.5392
vn -0.7932 -0.3829 -0.4735
vn -0.4533 -0.5908 -0.6674
vn 0.0731 -0.6318 -0.7717
vn 0.0814 -0.2675 -0.9601
vn 0.1012 -0.2028 -0.9740
vn -0.1937 -0.9656 0.1735
vn -1.0000 0.0085 0.0016
vn -0.7555 0.3108 0.5767
vn -0.6451 0.3490 0.6797
vn 0.0430 -0.3260 -0.9444
vn 0.2064 -0.8118 -0.5462
vn 0.3375 -0.3905 -0.8565
vn -0.4315 0.1006 0.8965
vn -0.6617 0.0402 0.7487
vn -0.7048 0.0516 0.7075
vn -0.4180 -0.0440 0.9074
vn -0.2865 0.5286 0.7990
vn -0.2712 0.4503 0.8507
vn -0.2729 0.8045 0.5276
vn -0.4111 0.5800 0.7033
vn -0.3489 0.4188 0.8384
vn 0.0762 -0.0924 -0.9928
vn -0.1626 -0.8375 -0.5217
vn -0.5145 -0.6062 -0.6066
vn -0.2376 0.8916 0.3856
vn -0.5150 0.6993 0.4957
vn -0.2486 0.9358 0.2501
vn -0.5644 0.7198 0.4042
vn -0.7685 0.5045 0.3936
vn -0.5338 0.6121 0.5835
vn -0.3224 0.8108 -0.4885
vn -0.3367 0.9411 -0.0312
vn -0.7500 0.4032 -0.5243
vn -0.9292 0.3099 -0.2015
vn -0.9634 0.1513 0.2212
vn -0.5489 0.7479 0.3733
vn -0.9123 -0.3206 -0.2549
vn 0.0877 -0.6231 -0.7772
vn 0.0936 -0.3817 -0.9195
vn -0.5653 -0.3440 -0.7497
vn -0.1815 -0.2107 -0.9606
vn -0.2627 -0.2642 -0.9280
vn -0.2683 0.8403 0.4710
vn -0.1257 0.6179 0.7762
vn -0.6944 0.6578 -0.2919
vn -0.0358 -0.6267 -0.7784
vn -0.0471 -0.5770 -0.8154
vn -0.1451 -0.0089 -0.9894
vn -0.3819 0.8663 -0.3220
vn -0.3701 0.9208 0.1229
vn -0.2111 0.8970 0.3883
vn -0.0810 0.6142 0.7850
vn 0.0385 -0.0177 0.9991
vn 0.0751 -0.0150 0.9971
vn 0.1865 -0.0374 0.9817
vn 0.1122 0.6148 0.7807
vn 0.0318 0.9463 0.3217
vn -0.1437 0.7663 -0.6262
vn 0.1710 0.9693 -0.1768
vn 0.0582 0.9880 -0.1430
vn -0.3057 0.9415 -0.1418
vn -0.2038 0.8972 0.3918
vn -0.3438 0.9388 -0.0204
vn -0.1349 0.5666 0.8129
vn -0.3532 0.6744 -0.6484
vn -0.3605 0.7071 -0.6084
vn -0.2080 0.0674 -0.9758
vn -0.0794 0.1988 -0.9768
vn -0.3428 0.2105 -0.9155
vn 0.2262 -0.7525 0.6185
vn 0.0916 -0.8835 0.4594
vn -0.0483 -0.9901 0.1318
vn 0.2217 -0.9712 0.0871
vn 0.0327 -0.9720 -0.2328
vn 0.2176 -0.8837 -0.4145
vn -0.0883 -0.9866 0.1376
vn -0.1505 0.9171 0.3692
vn -0.2311 0.8964 0.3783
vn -0.1755 0.5973 0.7826
vn -0.0117 0.6139 0.7893
vn 0.1640 -0.0768 0.9835
vn 0.1119 0.1561 0.9814
vn -0.5347 -0.0605 0.8428
vn -0.9985 0.0079 -0.0549
vn -0.3917 -0.8960 -0.2092
vn 0.2059 -0.7081 0.6755
vn 0.5392 -0.7468 0.3893
vn -0.3058 -0.7799 -0.5461
vn -0.9484 0.0159 -0.3166
vn 0.1083 0.4520 0.8854
vn 0.4150 0.3055 0.8570
vn -0.0137 0.7169 0.6970
vn -0.3930 0.6296 0.6702
vn -0.3178 0.9425 0.1031
vn -0.0888 0.7480 0.6577
vn -0.2753 0.1119 0.9548
vn -0.6238 0.7609 0.1786
vn -0.6203 -0.6881 0.3765
vn -0.3127 -0.9490 -0.0403
vn -0.2722 -0.9432 0.1906
vn -0.3231 -0.8942 0.3098
vn -0.5008 -0.6252 0.5987
vn -0.8171 0.5738 -0.0559
vn -0.4102 0.7986 -0.4405
vn -0.3029 0.5368 -0.7875
vn -0.2242 0.5315 -0.8169
vn -0.1200 -0.7637 -0.6343
vn -0.4747 -0.6799 -0.5589
vn -0.4525 0.6970 0.5562
vn -0.0593 0.6988 -0.7129
vn -0.6455 0.4299 -0.6312
vn -0.8207 0.4589 0.3403
vn -0.6063 -0.6736 0.4227
vn -0.3164 -0.6012 -0.7338
vn 0.2164 -0.7437 -0.6325
vn -0.1687 -0.6926 0.7013
vn -0.4947 -0.8503 0.1794
vn -0.1356 -0.9703 -0.2004
vn -0.4776 -0.7657 0.4309
vn -0.4607 0.8615 -0.2137
vn -0.6126 0.7659 -0.1952
vn -0.9300 -0.2919 0.2234
vn -0.9246 -0.2541 0.2838
vn -0.3175 -0.9407 0.1197
vn -0.5945 0.4903 0.6373
vn -0.2283 -0.0912 0.9693
vn -0.7575 0.0713 0.6490
vn -0.5529 0.8304 0.0695
vn -0.5886 0.5337 0.6073
vn -0.3917 0.9200 -0.0112
vn -0.7872 0.4996 0.3615
vn 0.1013 -0.9669 0.2341
vn -0.3678 -0.2361 -0.8995
vn -0.3763 0.8926 -0.2483
vn -0.2075 -0.8414 0.4991
vn -0.3948 0.4216 0.8163
vn -0.9609 0.1968 0.1947
vn -0.6339 -0.2258 -0.7398
vn -0.0046 0.3060 0.9520
vn 0.0305 -0.9932 0.1121
vn -0.0272 -0.9927 0.1172
vn -0.0007 -0.9999 -0.0140
vn -0.3184 -0.8824 -0.3464
vn -0.0311 -0.9881 0.1507
vn 0.0205 -0.9883 0.1514
vn 0.0068 -0.9970 -0.0768
vn 0.0250 -0.9973 -0.0687
vn 0.3248 -0.9382 0.1194
vn 0.2479 -0.9536 0.1709
vn 0.1875 -0.9806 -0.0568
vn 0.0388 -0.9783 -0.2036
vn 0.1078 -0.9739 -0.1996
vn 0.8086 -0.5041 0.3032
vn 0.8808 -0.4445 0.1630
vn 0.9914 0.0339 0.1264
vn 0.9396 0.0786 -0.3331
vn 0.9423 0.0720 -0.3269
vn 0.9987 -0.0273 0.0431
vn 0.5523 0.1036 -0.8272
vn 0.5565 0.1086 -0.8237
vn -0.1574 0.1280 -0.9792
vn 0.0577 -0.9757 -0.2116
vn 0.0680 -0.9863 -0.1504
vn 0.0306 -0.9687 -0.2463
vn -0.4589 -0.8365 -0.2994
vn -0.4679 -0.7789 -0.4175
vn -0.8843 -0.1874 -0.4276
vn -0.9491 0.1834 -0.2560
vn -0.9647 0.0610 -0.2562
vn -0.9628 0.2600 0.0732
vn -0.6774 0.3021 0.6707
vn -0.0836 0.0903 0.9924
vn -0.2633 0.0117 0.9647
vn 0.6242 0.3298 0.7083
vn -0.2507 0.4416 0.8615
vn 0.9524 0.1402 0.2705
vn 0.9455 0.0485 0.3221
vn -0.5925 -0.7945 0.1334
vn 0.0289 -0.9996 -0.0001
vn -0.7407 0.0600 0.6692
vn -0.0897 0.1841 0.9788
vn 0.6134 0.2001 0.7640
vn 0.8770 -0.3888 0.2822
vn 0.9279 0.1540 0.3394
vn 0.7223 0.5670 0.3961
vn 0.7596 0.5596 0.3315
vn 0.3459 -0.9361 0.0637
vn -0.2697 -0.3460 0.8986
vn -0.3621 0.7253 -0.5856
vn -0.3854 0.9070 -0.1697
vn -0.0809 0.2721 -0.9589
vn -0.1969 0.4512 -0.8704
vn -0.2168 0.6789 -0.7015
vn -0.2483 0.9514 -0.1823
vn -0.1712 0.6964 -0.6969
vn -0.1661 0.9677 -0.1896
vn -0.0498 0.9308 0.3622
vn -0.2950 0.9380 -0.1819
vn -0.1885 0.8956 0.4029
vn 0.1320 0.6555 0.7436
vn -0.0498 0.6242 0.7797
vn -0.2647 0.8787 0.3973
vn -0.1776 0.5784 0.7962
vn 0.3345 -0.0120 0.9423
vn 0.1246 -0.0130 0.9921
vn -0.0325 -0.0248 0.9992
vn -0.4183 0.4939 0.7623
vn -0.2962 -0.0769 0.9520
vn 0.1750 -0.7043 0.6880
vn 0.0424 -0.6736 0.7378
vn -0.2199 -0.6401 0.7361
vn -0.0869 -0.0561 0.9946
vn -0.0169 -0.6368 0.7709
vn -0.0356 -0.9804 0.1936
vn -0.2731 -0.9344 0.2288
vn -0.0306 -0.9734 0.2270
vn 0.2609 -0.6199 0.7400
vn 0.2890 -0.9364 0.1991
vn -0.3645 -0.8343 -0.4136
vn -0.1362 -0.8846 -0.4460
vn 0.2065 -0.8679 -0.4519
vn 0.1821 -0.9578 0.2225
vn 0.1001 -0.9158 -0.3889
vn -0.2642 -0.4384 -0.8591
vn 0.0588 -0.4599 -0.8860
vn -0.0349 -0.5429 -0.8391
vn 0.0881 -0.9352 -0.3429
vn 0.1385 -0.9528 0.2702
vn 0.1725 -0.9507 0.2578
vn 0.0974 -0.9528 -0.2876
vn 0.0697 -0.6757 0.7339
vn 0.1545 -0.6543 0.7403
vn 0.1750 -0.6408 0.7475
vn -0.1045 -0.0541 0.9931
vn 0.2930 -0.9317 0.2148
vn 0.2484 -0.9425 0.2235
vn 0.1978 -0.9349 -0.2947
vn 0.1678 -0.9616 -0.2173
vn -0.5872 -0.7387 0.3309
vn -0.4752 -0.8766 -0.0752
vn -0.8472 -0.1318 0.5146
vn -0.9502 -0.1966 0.2419
vn -0.9125 -0.4078 -0.0331
vn -0.9385 -0.2299 0.2575
vn -0.9507 -0.3003 -0.0767
vn -0.8296 -0.3335 -0.4477
vn -0.8073 -0.2482 0.5354
vn -0.8934 -0.3079 0.3271
vn -0.4623 -0.4165 -0.7828
vn -0.5765 0.1697 -0.7993
vn -0.2484 -0.4228 -0.8715
vn -0.3587 0.2252 -0.9059
vn -0.3660 0.6925 -0.6217
vn -0.5601 0.6305 -0.5374
vn -0.3354 0.9250 -0.1785
vn -0.5302 0.8365 -0.1388
vn -0.4912 0.7906 0.3656
vn -0.3213 0.6852 -0.6537
vn -0.2997 0.2282 -0.9264
vn -0.0964 0.2346 -0.9673
vn -0.1789 -0.4290 -0.8854
vn 0.0534 -0.3970 -0.9163
vn 0.1047 -0.3625 -0.9261
vn 0.2253 -0.8498 -0.4766
vn 0.0379 -0.3376 -0.9405
vn -0.0972 -0.3003 -0.9489
vn 0.0854 -0.9850 0.1498
vn 0.3498 -0.9341 0.0710
vn -0.0445 -0.8883 -0.4571
vn 0.4034 -0.6936 0.5968
vn -0.1510 -0.8763 -0.4576
vn 0.5200 -0.7885 0.3285
vn -0.1691 0.5031 -0.8475
vn -0.5156 0.1821 -0.8372
vn -0.5900 0.4327 -0.6817
vn -0.1685 0.7800 -0.6027
vn -0.7997 -0.1814 -0.5723
vn -0.8841 -0.1732 -0.4340
vn -0.5251 0.1859 -0.8305
vn -0.6667 0.3423 -0.6621
vn -0.2646 0.4345 -0.8609
vn -0.3326 0.6848 -0.6484
vn -0.5934 0.5109 0.6220
vn -0.2884 -0.1806 0.9403
vn -0.3682 -0.0250 0.9294
vn -0.1922 0.4825 0.8546
vn -0.5975 -0.0971 0.7959
vn 0.4175 -0.9070 0.0551
vn 0.3979 -0.9052 0.1490
vn 0.3166 -0.9332 0.1703
vn -0.0526 -0.9143 -0.4017
vn -0.2200 -0.8111 -0.5419
vn -0.7540 0.0873 -0.6511
vn 0.2218 -0.9561 0.1913
vn 0.1391 -0.2660 0.9539
vn 0.1873 0.1411 0.9721
vn 0.1325 -0.9247 0.3570
vn -0.1465 -0.9572 0.2494
vn -0.5882 -0.6749 -0.4457
vn -0.3759 -0.8614 0.3417
vn -0.7468 -0.5955 -0.2963
vn -0.5602 -0.0652 -0.8258
vn -0.3969 0.1542 -0.9048
vn -0.6913 -0.6024 -0.3990
vn -0.7357 -0.0416 -0.6760
vn -0.7668 0.5131 -0.3858
vn -0.8179 0.1417 -0.5576
vn -0.8294 -0.2872 -0.4792
vn -0.8228 0.5422 -0.1705
vn -0.8192 0.5667 -0.0880
vn -0.6279 0.6406 -0.4419
vn -0.7949 0.5962 -0.1126
vn -0.5631 0.6989 -0.4410
vn -0.5827 0.6662 -0.4655
vn -0.7718 0.6184 0.1480
vn -0.7698 0.5908 -0.2415
vn -0.5135 0.7150 -0.4746
vn -0.7341 0.4869 -0.4734
vn -0.5294 0.6639 -0.5282
vn -0.4693 0.0213 -0.8828
vn -0.4269 0.1667 -0.8888
vn -0.4386 0.3050 -0.8454
vn 0.0566 -0.6911 -0.7206
vn -0.1247 -0.6544 -0.7458
vn -0.3140 -0.7190 -0.6201
vn -0.7547 0.2888 -0.5890
vn -0.2807 -0.6587 -0.6981
vn -0.8696 0.2356 -0.4340
vn -0.1459 -0.5940 -0.7911
vn -0.8534 -0.2102 -0.4770
vn 0.3649 -0.9275 -0.0808
vn 0.4507 -0.8609 -0.2361
vn 0.3996 -0.8376 -0.3725
vn 0.2406 -0.6512 -0.7198
vn 0.4242 -0.5096 -0.7486
vn -0.1789 0.3075 -0.9346
vn -0.5080 0.6168 -0.6013
vn 0.2330 -0.9325 0.2758
vn 0.8952 -0.4440 -0.0385
vn 0.7881 -0.4674 0.4005
vn 0.8405 -0.5261 -0.1295
vn 0.6674 -0.4964 0.5551
vn 0.7547 -0.6512 -0.0792
vn 0.7396 -0.6686 -0.0776
vn 0.6939 -0.6911 -0.2020
vn -0.6485 -0.4373 -0.6231
vn 0.6484 -0.7286 -0.2207
vn 0.4403 -0.8769 0.1929
vn 0.1634 -0.0290 0.9861
vn -0.2003 0.2347 0.9512
vn 0.4609 0.8729 0.1601
vn 0.4326 0.8939 0.1171
vn 0.2493 0.9103 0.3303
vn 0.2950 0.9552 0.0244
vn 0.0281 0.9676 0.2507
vn 0.1715 0.9837 -0.0532
vn 0.3587 0.9124 -0.1971
vn 0.0258 0.5138 -0.8575
vn 0.3374 0.8828 -0.3268
vn 0.2368 0.5085 -0.8279
vn -0.1535 0.5260 -0.8365
vn 0.2259 0.8752 -0.4278
vn 0.3872 0.8995 -0.2025
vn 0.2302 0.9660 -0.1175
vn 0.3871 0.9185 0.0803
vn 0.4866 0.8722 -0.0499
vn -0.3204 0.9203 0.2245
vn -0.1676 0.8549 0.4909
vn -0.7884 -0.0924 0.6082
vn -0.8051 -0.1356 0.5774
vn -0.5646 -0.8135 0.1394
vn -0.5475 -0.8160 0.1853
vn -0.5362 -0.8175 0.2102
vn -0.4309 -0.8513 0.2993
vn -0.4584 -0.8859 -0.0713
vn -0.3630 -0.9116 -0.1931
vn -0.4160 -0.8756 0.2456
vn -0.3831 -0.4406 -0.8119
vn -0.0999 -0.4732 -0.8753
vn -0.5080 -0.4729 -0.7199
vn -0.4036 -0.6980 -0.5915
vn -0.6914 -0.0196 0.7222
vn -0.7420 -0.1026 0.6625
vn -0.0566 -0.8696 0.4905
vn 0.2500 -0.6983 0.6708
vn 0.2812 -0.7198 0.6346
vn 0.5840 -0.7150 0.3844
vn -0.5882 0.3113 0.7464
vn -0.4571 0.2488 0.8539
vn -0.6638 0.1900 0.7234
vn -0.6579 -0.0623 0.7505
vn -0.4066 0.1164 0.9061
vn -0.3501 0.2160 0.9114
vn -0.5523 -0.3131 0.7726
vn -0.0850 0.1387 0.9867
vn -0.0930 -0.5022 0.8597
vn -0.1458 -0.2176 0.9651
vn -0.5729 -0.2424 0.7829
vn -0.7225 -0.1799 0.6676
vn -0.8158 -0.1057 0.5686
vn -0.5628 0.0661 0.8240
vn -0.3347 0.4345 0.8361
vn -0.1383 0.6309 0.7635
vn 0.0292 0.9723 -0.2319
vn -0.1015 0.8492 0.5183
vn -0.3573 0.8952 -0.2662
vn -0.4497 0.7722 -0.4488
vn 0.0747 0.7853 -0.6146
vn -0.5202 0.7875 -0.3304
vn 0.0217 0.8191 -0.5732
vn -0.6095 0.7845 0.1142
vn -0.7316 0.6814 0.0217
vn -0.5792 0.7493 0.3211
vn -0.6255 0.7733 0.1037
vn -0.5064 0.8614 0.0386
vn -0.3348 0.9090 0.2482
vn 0.3054 0.0857 0.9484
vn 0.2364 0.5637 0.7914
vn 0.4311 -0.4206 0.7983
vn 0.2613 0.0729 0.9625
vn -0.1278 0.0602 0.9900
vn 0.1789 0.2763 0.9443
vn -0.1295 -0.4053 0.9050
vn -0.1064 -0.1252 0.9864
vn -0.8810 0.0735 0.4674
vn -0.9465 0.1847 0.2647
vn -0.9509 0.2073 0.2298
vn -0.2157 0.9007 0.3770
vn 0.0898 0.9161 0.3908
vn 0.1786 0.8101 0.5585
vn 0.1338 0.9061 0.4014
vn 0.1023 0.8889 0.4466
vn 0.4608 0.5263 0.7147
vn -0.1078 0.9221 0.3715
vn 0.4394 0.3473 0.8284
vn 0.0742 0.8694 0.4886
vn -0.4855 0.7441 -0.4589
vn -0.6750 0.6443 -0.3595
vn -0.5508 0.2156 -0.8063
vn -0.7118 0.1618 -0.6835
vn -0.1891 0.8032 -0.5649
vn 0.1934 0.9740 0.1182
vn 0.2763 0.6459 -0.7117
vn 0.0346 0.8906 0.4535
vn 0.4641 0.8176 -0.3408
vn 0.5305 0.3141 -0.7873
vn 0.6994 0.4904 -0.5199
vn 0.6411 0.0987 -0.7611
vn 0.5213 -0.0038 -0.8534
vn 0.5699 -0.0210 -0.8215
vn 0.2802 -0.1089 -0.9537
vn 0.2662 -0.0309 -0.9634
vn -0.2342 -0.1694 -0.9573
vn -0.1943 -0.0962 -0.9762
vn -0.5339 -0.1893 -0.8241
vn -0.1712 0.0633 -0.9832
vn -0.3987 0.1246 -0.9086
vn -0.6132 -0.1455 -0.7764
vn -0.7070 -0.0397 -0.7061
vn -0.1198 0.1039 -0.9873
vn -0.2057 0.3331 -0.9202
vn 0.0898 0.2092 -0.9737
vn 0.0873 0.1729 -0.9811
vn 0.1782 0.0565 -0.9824
vn 0.2511 0.3543 -0.9008
vn 0.4255 0.1502 -0.8924
vn 0.4902 0.4482 -0.7476
vn 0.3515 0.2238 -0.9090
vn 0.3979 0.4451 -0.8022
vn 0.2831 0.5263 -0.8018
vn 0.3233 0.9305 0.1721
vn -0.0373 0.8463 0.5314
vn -0.0584 0.8910 0.4503
vn -0.1130 0.8468 0.5197
vn -0.0846 0.5186 0.8508
vn -0.0432 0.8155 0.5771
vn 0.4316 0.7737 -0.4638
vn 0.2350 0.7693 -0.5941
vn 0.1836 0.3185 0.9300
vn 0.0527 0.8223 0.5666
vn -0.1942 0.7269 -0.6587
vn 0.2574 0.3027 -0.9177
vn -0.2333 0.3170 -0.9193
vn 0.0503 0.8861 0.4608
vn -0.5531 0.6180 -0.5587
vn -0.5871 0.2425 -0.7723
vn -0.2616 0.3123 -0.9132
vn -0.5784 0.2559 -0.7745
vn -0.6853 0.5967 -0.4175
vn -0.7369 0.5955 -0.3199
vn -0.6159 0.7720 0.1570
vn -0.9682 0.1782 -0.1758
vn -0.9977 0.0485 0.0468
vn -0.9896 0.1043 0.0986
vn -0.9798 0.1292 0.1526
vn -0.9102 0.2582 0.3240
vn -0.9301 0.2199 0.2943
vn -0.9563 0.1809 0.2297
vn -0.9530 0.2124 0.2162
vn -0.7669 0.0500 0.6398
vn -0.7645 -0.1609 0.6242
vn -0.7104 -0.2893 0.6416
vn 0.2963 -0.8156 0.4969
vn 0.5166 -0.7333 0.4421
vn 0.8040 -0.5668 -0.1796
vn 0.0429 -0.7579 0.6510
vn 0.8777 -0.4564 -0.1458
vn 0.9123 -0.4089 0.0218
vn 0.9118 -0.4049 -0.0683
vn 0.9718 -0.0882 0.2186
vn 0.8465 0.4576 0.2721
vn 0.5803 -0.7882 0.2046
vn 0.8415 -0.4116 -0.3499
vn 0.2606 -0.7611 0.5940
vn 0.7099 -0.6795 -0.1850
vn 0.7231 -0.5190 -0.4558
vn 0.6858 -0.7073 -0.1715
vn 0.4740 -0.7423 -0.4736
vn 0.4455 -0.8681 -0.2187
vn 0.0004 -0.5658 0.8245
vn -0.0114 -0.6404 0.7680
vn -0.3593 0.4537 0.8155
vn -0.6551 0.2270 0.7206
vn 0.1432 -0.3666 0.9193
vn 0.3524 0.5613 0.7488
vn 0.3617 0.7915 0.4927
vn 0.8147 0.3192 0.4842
vn 0.7791 0.5498 0.3012
vn 0.7188 0.6065 0.3398
vn 0.3322 0.8197 0.4667
vn 0.2962 0.8428 0.4493
vn -0.2098 0.9134 0.3488
vn -0.3343 0.9385 0.0859
vn -0.6450 0.7576 0.0995
vn -0.5793 0.7385 0.3450
vn -0.4543 0.8145 -0.3608
vn -0.7209 0.6540 -0.2294
vn -0.4053 0.5666 -0.7174
vn -0.6894 0.5035 -0.5208
vn -0.6360 0.5888 -0.4989
vn -0.6103 0.3666 -0.7022
vn -0.3139 0.3951 -0.8633
vn 0.1744 0.5795 -0.7961
vn 0.1893 0.3865 -0.9027
vn 0.2171 0.3056 -0.9271
vn 0.5608 0.3537 -0.7486
vn 0.5371 0.2602 -0.8024
vn 0.5474 0.2483 -0.7992
vn 0.4769 0.8224 -0.3103
vn 0.5182 0.8366 -0.1777
vn 0.1410 0.9511 0.2750
vn 0.6663 0.7443 0.0468
vn 0.2418 0.9411 0.2365
vn 0.1515 0.8993 0.4102
vn 0.7745 0.5782 0.2566
vn 0.1710 0.7986 0.5771
vn 0.7881 0.5303 0.3126
vn 0.9828 0.1776 0.0499
vn 0.9422 0.2896 0.1683
vn 0.9399 0.2626 0.2182
vn 0.8168 -0.1167 0.5651
vn 0.8530 0.4359 0.2870
vn 0.8696 0.4135 0.2697
vn 0.8714 0.1293 0.4732
vn -0.2987 -0.7501 0.5901
vn 0.0773 -0.7035 0.7064
vn 0.2152 -0.5610 0.7994
vn -0.7996 -0.6003 0.0174
vn -0.7129 -0.7003 0.0377
vn -0.2573 -0.9569 -0.1351
vn -0.7825 -0.5908 -0.1965
vn -0.2563 -0.8848 -0.3891
vn -0.7719 -0.6314 0.0749
vn -0.8691 -0.4495 -0.2066
vn -0.7382 -0.6708 -0.0707
vn -0.1975 -0.9488 -0.2465
vn -0.4102 -0.6239 0.6652
vn -0.0440 -0.8614 0.5061
vn 0.5105 -0.7946 -0.3287
vn 0.1618 0.0596 0.9850
vn -0.5457 -0.7364 0.4000
vn -0.9236 -0.3653 -0.1163
vn -0.8783 -0.4765 -0.0395
vn -0.9359 -0.3178 0.1517
vn 0.6904 0.4813 0.5401
vn 0.8830 -0.1563 0.4425
vn 0.9709 -0.0894 0.2222
vn 0.7553 0.2163 0.6187
vn 0.4813 0.2616 0.8366
vn 0.4357 0.5474 0.7145
vn 0.6375 0.1036 0.7634
vn 0.3694 0.3617 0.8560
vn 0.4674 0.4655 0.7516
vn 0.4177 0.5095 0.7523
vn 0.2155 0.6598 0.7198
vn 0.3682 0.8048 0.4655
vn 0.1804 0.5769 0.7966
vn 0.1756 0.8573 0.4839
vn 0.1302 0.9612 0.2434
vn 0.5779 0.4191 0.7003
vn 0.6299 0.5519 0.5465
vn 0.2750 0.1663 0.9469
vn -0.6433 0.6767 -0.3581
vn -0.9711 -0.2369 -0.0296
vn -0.8244 -0.2165 -0.5229
vn -0.9877 0.1560 -0.0087
vn -0.8421 0.1654 -0.5133
vn -0.5802 -0.1511 -0.8003
vn -0.5907 0.1681 -0.7892
vn -0.7983 0.3582 -0.4841
vn -0.5756 0.3641 -0.7321
vn -0.3091 -0.1020 -0.9455
vn -0.2942 0.2374 -0.9258
vn -0.2882 0.4548 -0.8427
vn -0.6055 0.3510 -0.7143
vn -0.3431 0.3082 -0.8873
vn -0.0029 0.3609 -0.9326
vn -0.0144 0.5225 -0.8525
vn -0.0846 0.2346 -0.9684
vn -0.3402 0.1820 -0.9226
vn -0.1059 0.1259 -0.9864
vn 0.1160 0.4440 -0.8885
vn 0.0626 0.1363 -0.9887
vn 0.0629 0.1445 -0.9875
vn -0.0719 0.3340 -0.9398
vn 0.1147 0.3343 -0.9355
vn 0.2802 0.1683 -0.9451
vn 0.1935 0.3018 -0.9335
vn 0.1460 0.3614 -0.9209
vn 0.0256 0.2885 -0.9571
vn 0.0637 0.3191 -0.9456
vn 0.3203 0.4758 -0.8191
vn 0.1898 0.3584 -0.9141
vn 0.5514 0.5218 -0.6510
vn 0.3503 0.2928 -0.8897
vn 0.6281 0.2657 -0.7313
vn 0.3247 0.4433 -0.8355
vn 0.6338 0.3730 -0.6776
vn 0.8479 0.3891 -0.3602
vn 0.6190 0.2539 -0.7433
vn 0.8767 0.2901 -0.3837
vn 0.9282 0.3637 0.0781
vn 0.8894 0.4564 0.0275
vn 0.7668 0.3757 0.5205
vn 0.7048 0.5432 0.4562
vn 0.7835 0.4024 0.4735
vn 0.8262 0.1206 0.5504
vn 0.4012 0.4876 0.7754
vn 0.5008 0.1968 0.8429
vn 0.1577 0.0246 0.9872
vn 0.1440 0.3029 0.9421
vn -0.1743 0.1528 0.9728
vn -0.5194 0.1165 0.8465
vn -0.4270 0.5178 0.7414
vn -0.4352 0.5170 0.7371
vn -0.8484 0.1322 0.5126
vn -0.7495 0.4754 0.4607
vn -0.7774 0.4243 0.4643
vn -0.9009 0.4339 -0.0073
vn -0.9247 0.3801 -0.0225
vn -0.9926 0.1205 0.0146
vn -0.9527 0.2795 0.1194
vn -0.8077 0.3690 -0.4599
vn -0.8263 0.5323 0.1839
vn -0.6508 0.4905 0.5795
vn -0.8113 0.5570 0.1774
vn -0.9078 0.4181 -0.0323
vn -0.8167 0.5348 0.2166
vn -0.8114 0.5831 -0.0391
vn -0.9696 0.2286 -0.0867
vn -0.7652 0.5982 -0.2378
vn -0.9708 0.0524 -0.2339
vn -0.7560 0.5943 -0.2743
vn -0.6549 0.7165 -0.2405
vn -0.7466 0.5929 -0.3016
vn -0.6665 0.6341 -0.3921
vn -0.6654 0.5401 -0.5153
vn -0.6505 0.5207 -0.5529
vn -0.9079 -0.0863 -0.4103
vn -0.6789 0.4280 0.5966
vn -0.4212 0.2342 0.8762
vn -0.3106 0.0906 0.9462
vn -0.2227 -0.0853 0.9712
vn 0.5114 -0.0755 0.8560
vn 0.1175 -0.0731 0.9904
vn 0.4999 -0.1522 0.8526
vn 0.8178 -0.1068 0.5656
vn 0.8256 -0.2328 0.5140
vn 0.9951 -0.0632 0.0758
vn 0.9667 -0.2524 0.0417
vn 0.9680 -0.2455 0.0526
vn 0.8579 -0.1906 0.4772
vn 0.5887 -0.1318 0.7976
vn 0.9522 -0.2962 0.0755
vn 0.8515 -0.2703 0.4493
vn 0.6046 -0.2630 0.7519
vn 0.9840 -0.1426 0.1071
vn 0.9173 -0.1525 0.3678
vn 0.7082 -0.1615 0.6873
vn 0.9041 -0.2405 0.3531
vn 0.7554 -0.0804 0.6503
vn 0.3733 -0.2012 0.9056
vn 0.4099 -0.7496 0.5196
vn 0.3414 -0.3882 0.8560
vn -0.4148 -0.7887 0.4537
vn 0.3305 -0.9295 0.1635
vn -0.3612 -0.9321 0.0277
vn -0.3952 -0.9186 -0.0071
vn -0.3924 -0.7732 0.4981
vn -0.0692 -0.9951 0.0708
vn -0.0636 -0.8082 0.5854
vn -0.0904 -0.9948 0.0459
vn -0.1519 -0.7774 0.6104
vn -0.1782 -0.9836 -0.0265
vn -0.2168 -0.7710 0.5988
vn -0.1091 -0.1929 0.9751
vn -0.1638 -0.7665 0.6210
vn -0.0943 -0.1849 0.9782
vn 0.0301 0.4757 0.8791
vn -0.1697 -0.2182 0.9610
vn -0.0677 0.4517 0.8896
vn -0.0296 0.8474 0.5302
vn 0.1338 0.8733 0.4684
vn 0.0094 0.9998 -0.0162
vn -0.3415 0.7886 0.5115
vn -0.2206 0.9742 -0.0481
vn -0.0833 0.7311 -0.6772
vn 0.0517 0.7561 -0.6524
vn -0.0862 0.2515 -0.9640
vn 0.0249 0.2082 -0.9778
vn 0.2928 0.1407 -0.9458
vn 0.2942 0.0849 -0.9520
vn -0.0868 -0.3282 -0.9406
vn 0.1517 -0.3909 -0.9078
vn 0.1230 -0.4078 -0.9047
vn 0.0068 -0.7962 -0.6049
vn -0.0140 -0.8103 -0.5859
vn 0.0903 -0.8679 -0.4885
vn 0.0745 -0.8977 -0.4343
vn -0.2945 -0.8046 -0.5156
vn -0.1508 -0.4094 -0.8998
vn -0.2296 -0.8426 -0.4871
vn 0.2953 -0.1477 -0.9439
vn -0.1385 -0.2174 -0.9662
vn 0.2988 -0.4579 -0.8373
vn 0.2954 -0.8865 -0.3563
vn 0.7916 -0.5556 -0.2543
vn 0.9132 -0.3682 0.1746
vn 0.9177 -0.2750 -0.2868
vn 0.8700 -0.3358 -0.3609
vn 0.6690 -0.3116 -0.6748
vn 0.8866 -0.2759 -0.3712
vn 0.3198 -0.3555 -0.8783
vn 0.3724 -0.3581 -0.8562
vn 0.6325 -0.2863 -0.7197
vn 0.8719 -0.2631 -0.4131
vn 0.6172 -0.0868 -0.7820
vn 0.8868 -0.0749 -0.4560
vn 0.2911 0.2447 -0.9249
vn 0.3048 -0.1361 -0.9426
vn 0.0870 0.1105 -0.9901
vn -0.0359 -0.0402 -0.9985
vn 0.1152 0.4732 -0.8734
vn 0.3245 -0.0302 -0.9454
vn 0.5780 0.1013 -0.8097
vn 0.2723 -0.9413 -0.1995
vn 0.3169 -0.8028 -0.5050
vn 0.5541 0.0266 -0.8320
vn -0.2592 -0.7963 0.5465
vn -0.4284 -0.8115 0.3975
vn -0.3452 -0.7707 0.5356
vn -0.5512 -0.7091 0.4397
vn -0.5594 -0.6552 0.5077
vn -0.6292 -0.6755 0.3844
vn -0.7133 -0.6146 0.3369
vn -0.7213 -0.5318 0.4437
vn -0.8458 -0.4986 0.1898
vn -0.8923 -0.4224 0.1592
vn -0.5015 -0.3761 0.7791
vn -0.1314 -0.3375 0.9321
vn 0.5110 0.0142 0.8595
vn 0.6489 0.0581 0.7587
vn 0.8660 0.2835 0.4119
vn 0.8891 0.3111 0.3357
vn 0.8994 0.4204 0.1200
vn 0.8587 0.5108 -0.0416
vn 0.7614 0.6014 -0.2421
vn 0.6317 0.6802 -0.3718
vn 0.5502 0.6863 -0.4757
vn 0.5059 0.7177 -0.4784
vn 0.4637 0.7027 -0.5396
vn 0.3589 0.7564 -0.5468
vn 0.2543 0.6813 -0.6864
vn 0.5253 0.6798 -0.5118
vn -0.2219 0.3920 -0.8928
vn -0.7366 -0.4285 -0.5233
vn -0.6109 -0.7273 0.3128
vn -0.5061 -0.7874 0.3520
vn -0.6054 -0.6960 0.3862
vn -0.4371 -0.7230 0.5350
vn -0.2132 -0.7820 0.5857
vn -0.6089 -0.6723 0.4210
vn -0.4609 -0.7449 0.4824
vn -0.7319 -0.5986 0.3256
vn -0.7123 -0.6509 0.2626
vn -0.7989 -0.5763 0.1723
vn -0.8650 -0.4994 0.0497
vn -0.8902 -0.4540 0.0383
vn -0.6136 -0.3988 0.6815
vn 0.3201 0.0576 0.9456
vn 0.7675 0.3828 0.5142
vn 0.8514 0.4768 0.2186
vn 0.8332 0.5528 0.0127
vn 0.8223 0.5651 -0.0672
vn 0.7772 0.5775 -0.2498
vn 0.6559 0.6578 -0.3702
vn 0.6544 0.5958 -0.4657
vn 0.9611 0.2754 0.0223
vn -0.7666 -0.6368 0.0823
vn -0.8288 -0.5595 -0.0034
vn -0.6802 -0.7097 0.1836
vn -0.9222 -0.3760 -0.0908
vn -0.5801 -0.7766 0.2458
vn -0.1304 -0.9915 -0.0015
vn -0.1928 -0.7634 -0.6165
vn -0.2557 -0.9666 0.0153
vn -0.2371 -0.7668 0.5964
vn -0.2741 -0.9614 0.0244
vn -0.2590 -0.7634 0.5917
vn -0.2991 -0.2627 0.9173
vn -0.1653 -0.7864 0.5952
vn -0.1358 -0.3259 0.9356
vn -0.0403 0.3360 0.9410
vn -0.3752 0.3757 0.8474
vn 0.0613 0.8416 0.5367
vn 0.2620 0.3273 0.9079
vn 0.3937 0.7729 0.4976
vn 0.4131 0.9047 -0.1040
vn 0.2272 0.9635 -0.1418
vn 0.3630 0.6943 -0.6215
vn 0.2239 0.7034 -0.6746
vn 0.3070 0.2519 -0.9178
vn 0.1236 0.2684 -0.9553
vn 0.2038 -0.3531 -0.9131
vn -0.0204 -0.3249 -0.9455
vn -0.1757 -0.3126 -0.9335
vn -0.1283 -0.8082 -0.5747
vn -0.2515 -0.7795 -0.5736
vn -0.1761 -0.9838 0.0332
vn 0.1066 -0.8153 -0.5691
vn 0.0141 -0.9990 0.0433
vn -0.0345 -0.7931 0.6081
vn 0.0399 -0.9985 0.0375
vn -0.0552 -0.7993 0.5984
vn -0.0673 -0.2854 0.9560
vn 0.0426 -0.3225 0.9456
vn 0.0451 0.4061 0.9127
vn -0.3079 -0.2244 0.9246
vn -0.1221 0.4858 0.8655
vn 0.0881 0.8580 0.5061
vn 0.1638 0.8194 0.5493
vn 0.2730 0.9617 -0.0252
vn 0.2849 0.9565 -0.0623
vn 0.3205 0.7634 -0.5608
vn 0.3411 0.7348 -0.5862
vn 0.2605 0.3562 -0.8974
vn 0.3493 0.2867 -0.8921
vn 0.1017 -0.2399 -0.9655
vn 0.2611 -0.3485 -0.9002
vn -0.0566 -0.7658 -0.6406
vn 0.1544 -0.8054 -0.5723
vn -0.2064 -0.9777 -0.0388
vn -0.3083 -0.7926 0.5261
vn 0.2878 0.4132 -0.8640
vn 0.3554 0.7605 -0.5434
vn 0.3918 0.7751 -0.4957
vn 0.2880 0.5430 -0.7888
vn 0.3102 0.9494 -0.0490
vn 0.3833 0.9181 -0.1012
vn -0.0878 0.3696 -0.9250
vn 0.0297 0.3237 -0.9457
vn -0.2058 0.4712 -0.8577
vn -0.0488 0.2935 -0.9547
vn -0.2801 0.1476 -0.9486
vn -0.1952 0.1058 -0.9750
vn -0.1493 0.0167 -0.9887
vn 0.1338 0.1199 -0.9837
vn -0.1116 -0.0360 -0.9931
vn 0.1108 -0.0088 -0.9938
vn 0.0945 -0.0513 -0.9942
vn 0.0371 -0.0861 -0.9956
vn -0.2195 -0.1384 -0.9658
vn -0.8751 -0.1836 -0.4478
vn -0.5678 -0.2696 -0.7778
vn -0.8547 -0.0613 0.5155
vn -0.9319 -0.3113 0.1861
vn -0.2737 0.0807 0.9584
vn -0.4750 -0.1194 0.8719
vn 0.0010 0.1120 0.9937
vn -0.1935 0.1320 0.9722
vn 0.0160 0.1353 0.9907
vn 0.1257 0.0921 0.9878
vn 0.0769 0.1141 0.9905
vn 0.5842 -0.1531 0.7970
vn 0.2863 0.1074 0.9521
vn 0.8060 -0.1400 0.5751
vn 0.8611 -0.3379 -0.3798
vn 0.8828 -0.4404 -0.1634
vn 0.3219 -0.2845 -0.9030
vn 0.2419 -0.2245 -0.9440
vn -0.0084 -0.1282 -0.9917
vn -0.1068 -0.0959 -0.9896
vn -0.1513 -0.0583 -0.9868
vn -0.0668 -0.0758 -0.9949
vn -0.0090 -0.1012 -0.9948
vn -0.0597 -0.1001 -0.9932
vn -0.2857 -0.3321 -0.8989
vn -0.7907 -0.0772 -0.6073
vn -0.6125 -0.0785 -0.7865
vn -0.9855 -0.1654 -0.0380
vn -0.9942 -0.0123 -0.1066
vn -0.7708 0.0756 0.6326
vn 0.9395 -0.1505 0.3078
vn 0.7584 -0.3841 -0.5265
vn 0.4231 0.1603 0.8918
vn -0.0425 0.6900 0.7226
vn 0.7009 -0.3124 0.6412
vn -0.1798 -0.9521 -0.2473
vn -0.3326 0.3477 0.8767
vn -0.3007 0.9517 -0.0615
vn 0.1842 0.9816 -0.0506
vn -0.2044 -0.4446 -0.8721
vn -0.4594 0.8877 0.0325
vn -0.4526 0.6584 -0.6013
vn 0.0461 -0.1736 -0.9837
vn -0.1508 -0.2405 -0.9589
vn -0.0038 -0.2776 0.9607
vn 0.0545 -0.0454 0.9975
vn 0.5384 -0.2331 0.8098
vn 0.1657 -0.2882 0.9431
vn -0.1628 0.8637 0.4769
vn -0.5332 0.8279 -0.1740
vn 0.5992 0.0760 0.7969
vn 0.5671 -0.1003 0.8175
vn -0.3378 0.8295 0.4448
vn -0.6285 0.7773 -0.0299
vn -0.5783 0.5984 0.5546
vn -0.8121 0.5733 0.1090
vn -0.8333 0.5526 -0.0166
vn -0.8227 0.4706 -0.3189
vn -0.2286 -0.1336 -0.9643
vn 0.7214 -0.6084 -0.3309
vn 0.8358 -0.5490 -0.0092
vn 0.6963 -0.7051 0.1342
vn 0.8438 -0.5358 0.0310
vn 0.7471 -0.6316 0.2071
vn 0.8478 -0.5093 0.1479
vn 0.9017 -0.3983 0.1684
vn 0.4294 0.0776 0.8998
vn 0.3432 -0.1284 0.9304
vn -0.6952 0.3823 0.6086
vn 0.0406 -0.9871 0.1548
vn 0.4792 -0.7322 0.4840
vn 0.4429 0.0415 0.8956
vn 0.4127 -0.2007 0.8885
vn 0.1294 -0.3983 0.9081
vn 0.6271 -0.2164 0.7482
vn -0.1696 -0.7392 0.6518
vn 0.3194 -0.2874 0.9030
vn -0.7242 0.6097 0.3222
vn -0.8243 0.5522 -0.1248
vn -0.7603 0.6169 -0.2035
vn -0.7959 0.5843 -0.1583
vn -0.7995 0.5307 -0.2813
vn -0.7042 0.6400 -0.3073
vn -0.5436 0.7762 -0.3195
vn -0.7132 0.4088 -0.5694
vn -0.6265 0.4813 -0.6131
vn -0.4248 0.6489 -0.6312
vn -0.3264 0.6924 -0.6434
vn -0.1473 0.4647 -0.8731
vn -0.4017 0.6178 -0.6760
vn -0.2202 0.2488 -0.9432
vn -0.0009 -0.7902 -0.6128
vn -0.4886 0.5094 -0.7084
vn -0.2045 -0.0227 -0.9786
vn -0.5947 0.3711 -0.7132
vn -0.0619 -0.1628 -0.9847
vn 0.4356 -0.8511 -0.2930
vn 0.6671 -0.6836 -0.2960
vn -0.0433 -0.3932 -0.9184
vn 0.7275 -0.6307 -0.2701
vn 0.4810 -0.5896 0.6488
vn 0.6699 -0.5329 0.5170
vn -0.7384 0.1230 -0.6631
vn -0.0942 -0.6148 -0.7830
vn -0.9167 0.2867 -0.2782
vn -0.7582 0.5072 -0.4098
vn -0.8641 0.3543 0.3576
vn -0.8114 0.5462 0.2082
vn 0.6533 -0.5744 0.4933
vn 0.5547 -0.7111 0.4321
vn 0.6483 -0.6001 0.4687
vn 0.4529 -0.8014 0.3908
vn 0.4817 -0.8109 0.3322
vn -0.0976 -0.6572 0.7474
vn 0.3729 -0.8961 0.2406
vn -0.7584 -0.6008 0.2528
vn 0.7238 -0.5110 0.4637
vn 0.6813 -0.5548 0.4776
vn 0.6049 -0.5622 0.5640
vn 0.3997 -0.8637 0.3070
vn -0.5371 -0.6903 -0.4848
vn 0.5273 -0.8275 0.1928
vn 0.7559 -0.4481 0.4773
vn 0.3653 -0.8674 0.3380
vn 0.6960 -0.4079 0.5909
vn 0.6594 -0.4504 0.6019
vn 0.6862 -0.3567 0.6339
vn 0.5050 -0.3963 0.7668
vn 0.6006 -0.3144 0.7351
vn 0.4466 -0.4562 0.7697
vn 0.6036 -0.3821 0.6997
vn 0.5782 -0.3204 0.7503
vn 0.5094 -0.3697 0.7771
vn 0.6050 -0.3177 0.7301
vn 0.4644 -0.3926 0.7938
vn 0.5269 -0.3463 0.7762
vn 0.5988 -0.3380 0.7261
vn 0.7196 -0.3933 0.5723
vn 0.5700 -0.3261 0.7541
vn 0.8029 -0.3452 0.4860
vn 0.7859 -0.2873 -0.5476
vn 0.7065 -0.2006 -0.6787
vn -0.2247 0.2158 -0.9502
vn -0.0011 -0.5682 0.8229
vn 0.2713 -0.4790 0.8348
vn -0.4599 -0.7527 0.4710
vn -0.2955 -0.7204 0.6274
vn -0.0125 -0.7656 0.6432
vn -0.8069 -0.4215 -0.4139
vn -0.7616 -0.6040 -0.2348
vn -0.5076 -0.7566 -0.4121
vn -0.6725 0.1254 -0.7294
vn -0.7610 0.1105 -0.6392
vn -0.8343 0.0884 -0.5442
vn -0.8339 0.1554 -0.5296
vn -0.8416 0.1565 -0.5169
vn -0.8990 0.1180 -0.4217
vn -0.5501 0.1045 -0.8285
vn -0.4609 0.1013 -0.8817
vn -0.4440 0.0816 -0.8923
vn -0.7083 -0.3726 -0.5995
vn -0.3932 0.0688 -0.9169
vn -0.7414 -0.2754 -0.6119
vn -0.4018 0.0464 -0.9145
vn -0.4130 0.0767 -0.9075
vn -0.4849 0.0246 -0.8742
vn -0.4929 0.0677 -0.8674
vn -0.5338 0.1025 -0.8394
vn -0.6219 0.0603 -0.7807
vn -0.6634 0.1056 -0.7408
vn -0.6914 -0.3008 -0.6568
vn -0.6097 -0.0447 -0.7913
vn -0.4282 -0.3789 -0.8204
vn -0.3671 -0.2328 -0.9006
vn -0.0631 -0.9713 -0.2295
vn -0.1998 0.0122 0.9798
vn -0.8158 0.5188 0.2556
vn 0.4470 0.2327 -0.8638
vn 0.5721 0.4550 -0.6824
vn 0.6999 0.4362 -0.5655
vn 0.6131 0.5474 -0.5696
vn 0.6891 0.5081 -0.5167
vn 0.6692 0.3815 -0.6377
vn 0.7732 0.4648 -0.4314
vn 0.8596 0.4622 -0.2179
vn 0.8937 0.4184 -0.1619
vn 0.2960 -0.1050 -0.9494
vn 0.2652 -0.2717 -0.9251
vn 0.2603 -0.2341 -0.9367
vn 0.2730 -0.2443 -0.9305
vn 0.3067 -0.2207 -0.9259
vn 0.0791 -0.2344 -0.9689
vn -0.8652 -0.1095 -0.4893
vn 0.2460 -0.2146 -0.9452
vn -0.1867 -0.5383 -0.8218
vn 0.2484 -0.4945 -0.8329
vn 0.5831 -0.0431 -0.8113
vn 0.8091 0.0086 -0.5876
vn 0.9087 -0.1565 -0.3870
vn -0.1776 -0.5565 0.8117
vn -0.8220 -0.4754 -0.3136
vn -0.9672 -0.1112 -0.2282
vn -0.9600 -0.2575 -0.1101
vn -0.6664 -0.7425 0.0675
vn 0.5165 0.4418 -0.7335
vn -0.4259 -0.3919 -0.8155
vn -0.7592 -0.6507 0.0129
vn 0.7709 0.1724 -0.6132
vn 0.7285 0.6809 -0.0755
vn 0.8402 0.0753 -0.5371
vn 0.8909 0.4420 -0.1044
vn 0.6623 0.5227 -0.5368
vn 0.5792 0.7844 -0.2219
vn 0.4282 0.7049 -0.5655
vn 0.0806 0.5602 -0.8245
vn 0.3568 0.6281 -0.6915
vn 0.0774 0.4621 -0.8835
vn 0.4943 0.7474 -0.4438
vn 0.5451 0.8181 -0.1832
vn 0.5883 0.8086 -0.0060
vn 0.6163 0.7252 0.3069
vn 0.6476 0.7266 0.2296
vn 0.2482 -0.1861 0.9507
vn 0.4764 -0.2484 0.8434
vn 0.6811 0.0667 0.7291
vn -0.2526 -0.7621 0.5962
vn -0.3179 -0.8750 0.3650
vn -0.3806 -0.7852 0.4885
vn -0.3767 -0.6787 0.6305
vn 0.7899 0.3470 0.5056
vn 0.0126 -0.5924 0.8056
vn -0.6023 -0.7501 0.2729
vn 0.0128 -0.4043 0.9146
vn -0.7254 -0.5818 0.3679
vn -0.7673 -0.5770 0.2799
vn -0.6474 -0.7160 0.2611
vn -0.7814 -0.5444 0.3051
vn -0.6803 -0.6292 0.3758
vn -0.7083 -0.4887 0.5094
vn -0.8044 -0.5134 0.2988
vn -0.6422 -0.6002 0.4769
vn -0.0789 -0.9908 0.1099
vn 0.1973 -0.9802 -0.0147
vn 0.3517 -0.8841 -0.3078
vn 0.8301 -0.0543 -0.5550
vn 0.6416 0.0106 -0.7670
vn 0.5349 -0.0209 -0.8447
vn 0.4852 -0.8422 -0.2353
vn 0.7398 -0.1993 -0.6426
vn 0.6049 -0.6234 0.4955
vn -0.1181 -0.1162 0.9862
vn 0.4850 0.0976 -0.8690
vn 0.4174 0.0620 -0.9066
vn 0.4072 0.0770 -0.9101
vn 0.6347 0.1410 -0.7598
vn 0.8147 0.1725 -0.5536
vn 0.9289 -0.2217 -0.2967
vn 0.9267 0.1735 -0.3334
vn 0.9302 0.1784 -0.3208
vn 0.9764 0.1639 -0.1404
vn 0.9760 0.1790 -0.1239
vn 0.9375 0.1713 -0.3029
vn 0.9809 0.1682 0.0979
vn 0.9751 0.1997 0.0966
vn 0.9249 0.2639 0.2738
vn 0.8142 0.2094 0.5415
vn 0.8231 0.0606 0.5647
vn 0.8067 -0.2159 0.5502
vn 0.1497 -0.8297 0.5377
vn 0.8208 -0.4239 0.3830
vn 0.8641 0.3728 0.3382
vn -0.3968 -0.3060 0.8654
vn -0.0008 0.3053 0.9523
vn -0.2189 -0.9754 0.0248
vn -0.2885 -0.4175 -0.8617
vn -0.2202 -0.2931 -0.9304
vn -0.0444 -0.9452 -0.3236
vn 0.0678 -0.1974 -0.9780
vn -0.2165 -0.0432 -0.9753
vn 0.1061 -0.0801 -0.9911
vn 0.3006 -0.8777 -0.3731
vn 0.3122 -0.1921 -0.9304
vn 0.3537 -0.1638 -0.9209
vn 0.0941 -0.0061 -0.9955
vn 0.4043 -0.1516 -0.9020
vn 0.3424 -0.2571 -0.9037
vn 0.4996 -0.3476 -0.7935
vn 0.6583 -0.4500 -0.6035
vn 0.4052 -0.1619 -0.8998
vn 0.7393 -0.4331 -0.5155
vn 0.5973 -0.5608 0.5734
vn 0.6459 -0.5309 0.5485
vn -0.3698 0.0551 0.9275
vn -0.3720 0.1383 0.9179
vn 0.1010 -0.0386 0.9941
vn 0.1421 -0.0709 0.9873
vn 0.1169 -0.1061 0.9875
vn 0.3158 -0.0518 0.9474
vn 0.2951 -0.1075 0.9494
vn -0.1001 -0.2993 0.9489
vn -0.2376 -0.0626 0.9694
vn -0.1976 -0.0977 0.9754
vn -0.2159 -0.4348 0.8743
vn -0.9733 -0.0244 -0.2283
vn -0.9988 0.0328 -0.0350
vn -0.9422 -0.3319 0.0463
vn -0.3859 0.0245 -0.9222
vn -0.4334 0.0948 -0.8962
vn -0.8383 -0.2274 -0.4956
vn -0.2687 0.0271 -0.9628
vn -0.2471 0.0776 -0.9659
vn -0.3025 0.0919 -0.9487
vn -0.9966 -0.0002 0.0820
vn -0.4850 0.0817 -0.8707
vn -0.0661 0.0233 -0.9975
vn -0.0722 0.0841 -0.9938
vn -0.0312 0.0919 -0.9953
vn -0.6082 0.0559 -0.7918
vn 0.0772 0.0301 -0.9966
vn 0.8171 -0.0904 -0.5694
vn 0.8997 -0.1592 -0.4064
vn 0.9119 -0.1438 0.3845
vn 0.0962 -0.0087 0.9953
vn -0.8654 -0.3095 0.3941
vn -0.9396 -0.1072 0.3250
vn 0.0182 -0.0065 -0.9998
vn -0.2452 -0.0007 -0.9695
vn -0.3363 -0.0470 -0.9406
vn -0.2766 -0.1868 -0.9426
vn -0.8821 -0.1389 -0.4500
vn -0.3962 -0.0218 0.9179
vn 0.2460 0.0328 0.9687
vn 0.0016 -0.0486 0.9988
vn -0.1841 -0.0890 0.9789
vn -0.2664 -0.0106 0.9638
vn -0.0809 -0.1257 0.9888
vn 0.3415 -0.8811 -0.3272
vn -0.0088 -0.4043 0.9146
vn 0.1607 0.1995 0.9666
vn -0.0771 0.1677 0.9828
vn 0.2977 0.1977 0.9340
vn 0.3518 -0.0428 0.9351
vn 0.2068 -0.1338 0.9692
vn 0.6508 -0.1865 0.7360
vn 0.1407 0.0269 0.9897
vn 0.6598 -0.0833 0.7468
vn 0.9518 -0.1355 0.2750
vn 0.9018 -0.3297 0.2794
vn 0.9319 -0.1744 -0.3180
vn 0.9105 -0.3804 -0.1621
vn 0.8075 -0.5895 -0.0184
vn 0.6719 -0.6721 -0.3112
vn 0.4761 -0.6833 -0.5535
vn 0.2788 -0.4979 -0.8212
vn 0.3577 -0.5845 -0.7283
vn -0.1541 -0.6400 -0.7528
vn 0.3289 -0.4497 -0.8304
vn -0.0870 -0.5297 -0.8437
vn -0.3209 -0.4675 -0.8237
vn -0.4208 -0.5119 -0.7489
vn 0.0428 -0.4250 -0.9042
vn -0.2455 -0.3948 -0.8854
vn 0.0782 -0.2123 -0.9741
vn -0.1539 -0.3173 -0.9357
vn 0.1382 -0.1505 -0.9789
vn 0.4541 -0.0337 -0.8903
vn 0.4204 -0.0523 -0.9058
vn 0.6151 0.0341 -0.7877
vn 0.5704 0.0271 -0.8209
vn 0.6898 0.0832 -0.7192
vn 0.6074 0.0851 -0.7898
vn 0.4878 0.0802 -0.8692
vn 0.1679 -0.0099 -0.9858
vn -0.0417 -0.5955 -0.8022
vn -0.0810 -0.3609 -0.9291
vn -0.7938 -0.5849 0.1667
vn 0.0957 -0.8143 -0.5725
vn -0.4812 -0.7446 0.4626
vn -0.5103 -0.2205 0.8313
vn -0.7066 -0.2083 0.6763
vn -0.4834 -0.1546 0.8617
vn -0.6470 -0.1662 0.7441
vn -0.2345 -0.2395 0.9422
vn -0.2726 -0.1616 0.9485
vn -0.2992 -0.1437 0.9433
vn -0.0759 -0.2420 0.9673
vn -0.1120 -0.2061 0.9721
vn -0.1401 -0.1773 0.9741
vn -0.3231 -0.1234 0.9383
vn -0.1566 -0.0795 0.9845
vn -0.3356 -0.0832 0.9383
vn -0.1468 -0.0076 0.9891
vn -0.3272 -0.0494 0.9437
vn -0.4101 -0.0748 0.9090
vn -0.3124 -0.0680 0.9475
vn -0.3995 -0.0768 0.9135
vn -0.4811 -0.0881 0.8722
vn -0.5050 -0.0958 0.8578
vn -0.5939 -0.1043 0.7978
vn -0.6316 -0.1249 0.7652
vn -0.4652 -0.1574 0.8711
vn -0.5662 -0.1295 0.8140
vn -0.6709 -0.1189 0.7320
vn -0.4791 -0.6801 0.5548
vn -0.6029 -0.5969 0.5294
vn 0.2425 -0.7788 -0.5785
vn 0.1483 -0.8734 -0.4638
vn 0.6363 -0.2690 -0.7230
vn 0.5988 -0.0980 -0.7949
vn 0.5013 -0.0231 -0.8650
vn 0.5837 0.0998 -0.8058
vn 0.2562 -0.4912 -0.8325
vn -0.6198 -0.6632 -0.4195
vn -0.3942 -0.2221 0.8918
vn -0.2946 -0.3187 0.9009
vn -0.1314 -0.0449 0.9903
vn 0.1339 0.0015 0.9910
vn 0.1325 -0.0255 0.9909
vn 0.3216 -0.0441 0.9458
vn 0.3090 -0.0406 0.9502
vn 0.4258 -0.0857 0.9008
vn 0.5775 -0.1224 0.8071
vn 0.4213 -0.1037 0.9010
vn 0.3345 -0.0761 0.9393
vn 0.4168 -0.1128 0.9020
vn 0.3257 -0.1336 0.9360
vn 0.1386 -0.0696 0.9879
vn 0.1243 -0.1855 0.9747
vn 0.2936 -0.1870 0.9375
vn 0.1021 -0.2355 0.9665
vn 0.3743 -0.1924 0.9071
vn 0.4007 -0.1484 0.9041
vn 0.2553 -0.2379 0.9371
vn 0.0843 -0.2818 0.9558
vn 0.0616 -0.3591 0.9313
vn -0.0309 -0.3281 0.9441
vn 0.0399 -0.6438 0.7642
vn -0.0000 -0.6634 0.7483
vn -0.1451 -0.6909 0.7082
vn -0.0729 -0.9334 -0.3513
vn 0.0894 -0.8920 -0.4431
vn 0.0371 -0.3446 -0.9380
vn 0.0917 -0.9191 -0.3831
vn 0.2816 -0.3491 -0.8938
vn 0.1456 -0.4307 -0.8907
vn 0.0253 -0.3133 -0.9493
vn -0.1909 -0.2714 -0.9433
vn -0.2667 -0.1600 -0.9504
vn -0.5005 -0.0477 -0.8644
vn -0.5481 0.0304 -0.8359
vn -0.7772 0.1252 -0.6166
vn -0.7382 -0.1431 -0.6592
vn -0.9003 0.1364 -0.4133
vn -0.7975 -0.0620 -0.6001
vn 0.3379 -0.5751 -0.7450
vn 0.2186 -0.9399 -0.2622
vn 0.9478 -0.2706 0.1687
vn 0.8144 -0.3452 0.4664
vn 0.9233 -0.2184 0.3159
vn 0.8010 -0.2353 0.5505
vn 0.5544 -0.2087 0.8057
vn -0.9190 0.1476 -0.3656
vn -0.4242 -0.0741 -0.9025
vn -0.0714 -0.3135 -0.9469
vn 0.7579 -0.1559 0.6335
vn 0.9076 -0.2871 0.3064
vn 0.9174 -0.2206 -0.3313
vn 0.8481 -0.4054 0.3412
vn 0.8742 -0.3823 -0.2994
vn 0.5200 -0.2620 -0.8130
vn 0.9187 -0.3002 -0.2566
vn 0.5757 -0.2484 -0.7790
vn -0.0017 -0.1291 -0.9916
vn -0.5863 -0.0103 -0.8100
vn -0.9603 0.1173 -0.2531
vn -0.9507 0.0491 -0.3063
vn -0.9605 0.0538 0.2729
vn -0.6371 0.0117 0.7707
vn -0.6117 -0.0396 0.7901
vn -0.0536 -0.0775 0.9956
vn -0.0190 -0.1792 0.9836
vn 0.0364 -0.1727 0.9843
vn -0.5716 -0.0628 0.8181
vn -0.4618 0.1515 0.8740
vn 0.4979 -0.3133 0.8087
vn 0.5488 -0.2732 0.7900
vn 0.5146 -0.1630 0.8418
vn 0.8919 -0.2555 0.3732
vn 0.5056 -0.1240 0.8538
vn 0.8529 -0.2768 0.4426
vn 0.9452 -0.2605 -0.1967
vn 0.6681 0.0857 0.7391
vn 0.0518 0.4162 0.9078
vn -0.0864 0.0989 0.9913
vn 0.7136 0.3168 0.6248
vn -0.9644 0.1483 -0.2190
vn -0.9321 0.3048 -0.1957
vn -0.6072 0.2977 -0.7367
vn -0.9421 0.2656 -0.2047
vn -0.9694 0.1394 -0.2023
vn 0.1085 0.1930 -0.9752
vn 0.7096 0.0891 -0.6990
vn 0.9914 -0.0286 -0.1273
vn -0.2844 0.1461 -0.9475
vn -0.5682 0.2924 -0.7692
vn -0.8982 0.4089 -0.1615
vn -0.4280 0.1733 0.8870
vn -0.7292 0.2493 -0.6373
vn -0.9359 0.3494 0.0454
vn -0.4062 0.1562 0.9003
vn -0.9775 0.1462 0.1523
vn -0.3648 0.0770 0.9279
vn -0.3341 -0.0042 0.9425
vn 0.7429 -0.0410 0.6681
vn 0.8996 -0.2681 -0.3448
vn -0.2126 -0.2778 0.9368
vn 0.6698 -0.3724 0.6424
vn -0.8052 0.0509 -0.5908
vn 0.1556 -0.2614 -0.9526
vn -0.3115 -0.0508 0.9489
vn -0.6356 -0.1378 0.7596
vn -0.8618 -0.2061 0.4635
vn -0.9728 -0.1969 0.1224
vn -0.9270 -0.1708 -0.3340
vn -0.9242 -0.2112 -0.3181
vn -0.9418 -0.1634 -0.2937
vn -0.8459 -0.4592 -0.2712
vn -0.7709 -0.5840 -0.2544
vn -0.8940 -0.2257 0.3870
vn -0.5819 -0.1355 0.8019
vn -0.5650 -0.1698 0.8074
vn -0.8510 -0.2683 0.4514
vn -0.1351 0.1858 0.9733
vn -0.0714 -0.0717 0.9949
vn 0.4186 0.7141 0.5612
vn -0.3556 0.4733 0.8060
vn 0.7714 0.6356 0.0297
vn -0.3640 0.3940 0.8440
vn -0.1389 0.2009 0.9697
vn -0.0377 0.0585 0.9976
vn -0.0011 -0.0833 -0.9965
vn -0.7419 -0.3616 -0.5646
vn -0.4170 -0.7316 -0.5394
vn -0.5462 -0.3528 -0.7597
vn -0.3710 -0.1880 -0.9094
vn 0.7039 0.4815 0.5222
vn 0.1280 0.0580 0.9901
vn 0.2654 0.1841 0.9464
vn -0.1148 0.0498 0.9921
vn 0.1133 0.1548 0.9814
vn -0.2044 -0.1388 0.9690
vn -0.2541 -0.2901 0.9227
vn 0.1453 -0.2109 -0.9666
vn 0.9008 0.0576 -0.4304
vn 0.8399 0.2039 0.5030
vn -0.7117 -0.4068 0.5727
vn 0.7185 0.4338 0.5436
vn 0.7002 0.7119 0.0544
vn -0.2290 0.9677 -0.1050
vn -0.1430 0.9865 -0.0793
vn -0.4589 -0.6634 0.5910
vn 0.7443 -0.4456 0.4975
vn 0.9240 0.0313 -0.3812
vn 0.5532 0.0314 -0.8325
vn 0.9162 0.1050 -0.3868
vn 0.5555 0.0682 -0.8287
vn 0.9282 0.0677 -0.3658
vn 0.5370 0.2818 -0.7951
vn -0.1792 0.2112 -0.9609
vn -0.1297 0.0935 -0.9871
vn 0.5059 0.3084 -0.8056
vn -0.7662 0.0287 -0.6420
vn -0.7228 -0.1126 -0.6819
vn -0.8090 0.2911 -0.5106
vn -0.2113 0.5187 -0.8284
vn -0.8338 -0.1001 -0.5429
vn -0.2499 0.1013 -0.9630
vn 0.5040 0.4507 -0.7368
vn 0.4913 0.3773 -0.7850
vn -0.1178 -0.4013 -0.9084
vn 0.5076 -0.1122 -0.8543
vn 0.8498 0.4896 -0.1955
vn 0.9702 0.0380 -0.2392
vn -0.2948 0.1777 -0.9389
vn -0.7836 0.4336 -0.4450
vn -0.3110 0.5835 -0.7502
vn -0.9962 -0.0287 0.0825
vn -0.8540 0.2726 -0.4431
vn -0.3476 0.5747 -0.7409
vn -0.7410 -0.5312 -0.4107
vn -0.2824 -0.4121 -0.8662
vn -0.5461 -0.7807 -0.3037
vn -0.0999 -0.8356 -0.5401
vn -0.8114 -0.2388 -0.5336
vn -0.3147 -0.1230 -0.9412
vn 0.2552 -0.7475 -0.6133
vn 0.2197 0.0375 -0.9748
vn 0.6390 -0.6601 -0.3949
vn 0.7553 0.1064 -0.6467
vn 0.7507 0.1863 -0.6338
vn 0.9997 -0.0183 -0.0128
vn 0.9938 0.1115 0.0017
vn 0.8508 -0.1161 0.5125
vn 0.8493 -0.0207 0.5276
vn 0.8562 -0.0358 0.5154
vn 0.8528 -0.0437 0.5204
vn 0.4447 -0.1236 0.8871
vn 0.4527 -0.1053 0.8854
vn 0.4448 -0.0986 0.8902
vn 0.8441 0.0625 0.5325
vn -0.1850 -0.1927 0.9636
vn -0.1951 -0.1846 0.9633
vn -0.7001 -0.2734 0.6597
vn -0.7141 -0.2592 0.6503
vn -0.9379 -0.3198 0.1345
vn -0.9463 -0.2944 0.1332
vn -0.6917 -0.2009 0.6937
vn -0.9595 -0.2353 0.1548
vn -0.6729 -0.3906 0.6282
vn -0.9340 -0.3214 0.1564
vn -0.1990 -0.1776 0.9638
vn -0.2057 -0.4142 0.8866
vn -0.1902 -0.8758 0.4436
vn 0.4541 -0.2859 0.8438
vn -0.3612 -0.1098 -0.9260
vn -0.3986 0.0846 -0.9132
vn -0.9262 0.0738 -0.3696
vn -0.4577 0.1709 -0.8725
vn -0.4869 0.1556 -0.8595
vn -0.5331 0.1419 -0.8341
vn 0.2551 0.1439 -0.9562
vn 0.2060 0.1466 -0.9675
vn -0.6184 0.0634 -0.7833
vn 0.1866 -0.0048 -0.9824
vn -0.6471 -0.3531 -0.6757
vn 0.0714 -0.5022 -0.8618
vn 0.5179 -0.7594 -0.3938
vn 0.4553 -0.8902 -0.0143
vn 0.0518 -0.9916 0.1183
vn -0.0015 -0.9996 0.0283
vn 0.0138 -0.9898 0.1419
vn 0.0123 -0.9999 0.0047
vn 0.2531 -0.9627 -0.0954
vn -0.0692 -0.9740 -0.2158
vn -0.0562 -0.9836 -0.1715
vn -0.0489 -0.9769 -0.2078
vn -0.0851 -0.9848 -0.1516
vn -0.0407 -0.9821 -0.1838
vn -0.0461 -0.9783 -0.2021
vn -0.0348 -0.9989 0.0325
vn -0.1343 -0.9743 -0.1808
vn -0.1973 -0.9796 0.0386
vn -0.2913 -0.9314 0.2184
vn -0.0476 -0.9851 0.1650
vn -0.0935 -0.9775 -0.1893
vn -0.0310 -0.9990 -0.0324
vn -0.0641 0.1009 0.9928
vn -0.0536 -0.1869 0.9809
vn 0.5235 0.5818 0.6225
vn -0.1984 0.5876 0.7845
vn 0.7717 0.6160 0.1583
vn 0.3581 0.8050 0.4730
vn -0.2738 0.7616 0.5873
vn 0.2017 0.9412 0.2709
vn -0.3253 0.8837 0.3364
vn -0.7779 0.4773 0.4087
vn -0.7950 0.5428 0.2710
vn -0.8660 0.2073 0.4550
vn -0.5380 0.2037 0.8180
vn -0.8439 -0.3008 0.4442
vn -0.5506 -0.2576 0.7940
vn 0.1683 0.2042 0.9643
vn 0.0787 -0.2297 0.9701
vn -0.3527 -0.9193 0.1748
vn 0.6567 -0.4326 0.6177
vn 0.7810 0.0911 0.6179
vn 0.6714 0.7371 0.0771
vn 0.9073 0.4115 -0.0869
vn -0.3662 0.0180 0.9304
vn -0.6953 -0.0373 0.7177
vn -0.3662 -0.1282 0.9217
vn -0.6263 -0.0627 0.7770
vn -0.3408 -0.0358 0.9394
vn -0.8109 -0.2113 0.5457
vn -0.5526 -0.7989 0.2375
vn -0.4022 -0.7328 0.5489
vn -0.8860 -0.3952 0.2426
vn -0.3441 -0.3887 0.8547
vn 0.4990 -0.1461 0.8542
vn 0.7676 -0.1809 0.6149
vn 0.9754 0.2178 0.0340
vn 0.8179 0.3261 -0.4741
vn 0.7404 0.4232 -0.5222
vn 0.3109 0.6119 -0.7273
vn 0.2475 0.3762 -0.8929
vn 0.7829 -0.4754 -0.4013
vn 0.3570 -0.3002 -0.8845
vn 0.7137 -0.6196 -0.3267
vn 0.2116 -0.7477 -0.6295
vn -0.1832 -0.7058 -0.6843
vn 0.4007 -0.1410 -0.9053
vn -0.1340 -0.0081 -0.9909
vn -0.6469 0.0838 -0.7579
vn -0.5989 -0.5893 -0.5422
vn -0.9708 0.0543 -0.2337
vn -0.9009 -0.3973 -0.1745
vn -0.9414 -0.0249 0.3365
vn -0.8940 -0.3651 0.2598
vn -0.9651 -0.1255 0.2300
vn -0.7072 -0.4057 0.5790
vn -0.8060 -0.5073 0.3050
vn -0.7121 -0.0958 0.6955
vn -0.1724 -0.1860 0.9673
vn -0.6893 -0.0827 0.7197
vn -0.1483 -0.1879 0.9709
vn 0.5005 -0.2602 0.8257
vn 0.4989 -0.2524 0.8291
vn 0.9022 -0.2967 0.3130
vn 0.9026 -0.3146 0.2939
vn 0.8732 -0.2631 -0.4103
vn 0.8536 -0.2703 -0.4453
vn 0.4229 -0.1408 -0.8952
vn 0.8859 -0.2941 -0.3588
vn 0.4707 -0.1992 -0.8595
vn -0.0997 -0.0678 -0.9927
vn -0.6083 -0.0560 -0.7917
vn -0.9685 -0.0319 -0.2469
vn -0.9408 -0.0842 0.3285
vn -0.9391 -0.0358 0.3419
vn -0.6601 -0.1143 0.7424
vn -0.9374 0.0276 0.3471
vn -0.0974 -0.1888 0.9772
vn 0.5195 -0.2639 0.8127
vn 0.9175 -0.1424 0.3714
vn 0.8906 -0.3194 0.3239
vn 0.9525 -0.1781 -0.2472
vn 0.5708 -0.1459 -0.8080
vn -0.0646 -0.0748 -0.9951
vn -0.6751 -0.0405 -0.7367
vn -0.9695 0.0603 -0.2376
vn -0.9278 0.2556 0.2717
vn 0.9406 0.1116 0.3207
vn 0.1078 0.1219 0.9867
vn -0.0807 0.0464 0.9957
vn -0.4206 -0.1202 -0.8993
vn 0.3767 -0.1523 0.9137
vn -0.8970 -0.1403 -0.4191
vn 0.3495 -0.6427 0.6818
vn 0.7709 0.2452 -0.5879
vn 0.0565 -0.1478 0.9874
vn -0.8265 0.5606 0.0506
vn 0.8523 -0.4840 0.1982
vn 0.2161 -0.4830 -0.8485
vn 0.2660 0.9556 0.1269
vn 0.1876 -0.6289 0.7545
vn 0.3916 -0.9089 0.1436
vn 0.3033 -0.3745 0.8762
vn 0.4569 0.8632 0.2148
vn -0.0207 -0.8815 -0.4716
vn 0.3735 -0.6864 -0.6240
vn -0.0116 0.9952 0.0974
vn -0.8493 -0.0941 0.5194
vt 0.395921 0.009720
vt 0.396442 0.013487
vt 0.391566 0.016638
vt 0.386983 0.008135
vt 0.387451 0.025217
vt 0.383818 0.018162
vt 0.393736 0.026077
vt 0.402796 0.020775
vt 0.399584 0.017318
vt 0.498338 0.968070
vt 0.502755 0.975278
vt 0.496394 0.980665
vt 0.492826 0.971669
vt 0.484651 0.975802
vt 0.485404 0.982482
vt 0.384272 0.034791
vt 0.388041 0.044436
vt 0.380684 0.046259
vt 0.375102 0.040519
vt 0.390209 0.057714
vt 0.379231 0.055444
vt 0.368453 0.051683
vt 0.433943 0.063258
vt 0.438679 0.061516
vt 0.439254 0.072840
vt 0.437106 0.076424
vt 0.413918 0.981471
vt 0.411463 0.987131
vt 0.409448 0.988325
vt 0.411395 0.981569
vt 0.411653 0.989532
vt 0.408098 0.991849
vt 0.413548 0.990335
vt 0.411421 0.991951
vt 0.417719 0.981296
vt 0.429880 0.064596
vt 0.433493 0.074400
vt 0.431085 0.075645
vt 0.425500 0.068154
vt 0.419826 0.982951
vt 0.238558 0.952123
vt 0.243648 0.945936
vt 0.245724 0.952991
vt 0.245187 0.957227
vt 0.256460 0.961404
vt 0.241497 0.965350
vt 0.235563 0.964240
vt 0.257963 0.953857
vt 0.139101 0.029328
vt 0.139309 0.027073
vt 0.140824 0.026924
vt 0.140902 0.029388
vt 0.144358 0.030526
vt 0.144157 0.026287
vt 0.139178 0.023487
vt 0.142646 0.033198
vt 0.210549 0.667231
vt 0.202977 0.658409
vt 0.210789 0.655176
vt 0.217576 0.667217
vt 0.680053 0.369446
vt 0.687352 0.372267
vt 0.683179 0.376658
vt 0.677742 0.375050
vt 0.697435 0.084704
vt 0.693428 0.080648
vt 0.694190 0.076593
vt 0.698978 0.078326
vt 0.644799 0.115683
vt 0.631607 0.116808
vt 0.633327 0.112242
vt 0.644313 0.109736
vt 0.629308 0.411791
vt 0.632001 0.412300
vt 0.626004 0.429659
vt 0.623162 0.430280
vt 0.610982 0.449256
vt 0.616150 0.444346
vt 0.614956 0.452656
vt 0.612607 0.456693
vt 0.664082 0.107116
vt 0.646631 0.106248
vt 0.662111 0.101003
vt 0.642597 0.392565
vt 0.645173 0.394526
vt 0.633943 0.413792
vt 0.705484 0.096728
vt 0.701952 0.105460
vt 0.685286 0.101245
vt 0.694268 0.091281
vt 0.701646 0.115402
vt 0.685261 0.113030
vt 0.689053 0.082724
vt 0.681052 0.090551
vt 0.665065 0.113716
vt 0.662841 0.365598
vt 0.674260 0.365897
vt 0.667714 0.373176
vt 0.660467 0.377479
vt 0.684840 0.355781
vt 0.678641 0.350618
vt 0.672397 0.342928
vt 0.657958 0.359406
vt 0.357905 0.980192
vt 0.350755 0.984993
vt 0.343824 0.977862
vt 0.351420 0.972588
vt 0.352001 0.964811
vt 0.347129 0.962141
vt 0.341167 0.959722
vt 0.334923 0.974336
vt 0.360927 0.966050
vt 0.363502 0.958645
vt 0.355341 0.950181
vt 0.074404 0.792295
vt 0.077085 0.791823
vt 0.074259 0.796479
vt 0.072454 0.798001
vt 0.984150 0.836123
vt 0.985083 0.829574
vt 0.987528 0.828119
vt 0.987207 0.838665
vt 0.076873 0.774464
vt 0.076114 0.767676
vt 0.080375 0.765604
vt 0.079934 0.774799
vt 0.962627 0.883733
vt 0.956985 0.881082
vt 0.964764 0.864675
vt 0.969661 0.866473
vt 0.083236 0.772962
vt 0.086006 0.761410
vt 0.088523 0.743808
vt 0.083544 0.742841
vt 0.079687 0.677740
vt 0.085733 0.683754
vt 0.078613 0.694876
vt 0.076436 0.690233
vt 0.076106 0.704687
vt 0.071530 0.691311
vt 0.083088 0.702341
vt 0.074991 0.677346
vt 0.031213 0.829000
vt 0.026852 0.834365
vt 0.022615 0.824792
vt 0.023490 0.824751
vt 0.414256 0.156335
vt 0.412630 0.150561
vt 0.414985 0.151512
vt 0.416725 0.155403
vt 0.414246 0.148752
vt 0.416494 0.149979
vt 0.420863 0.154413
vt 0.421576 0.147021
vt 0.426055 0.152996
vt 0.416249 0.146311
vt 0.436829 0.154403
vt 0.433639 0.149489
vt 0.964103 0.062192
vt 0.968726 0.063907
vt 0.970775 0.073391
vt 0.964718 0.069315
vt 0.962539 0.074189
vt 0.962817 0.077942
vt 0.409327 0.168512
vt 0.400130 0.168637
vt 0.400460 0.163351
vt 0.406168 0.161779
vt 0.391323 0.168353
vt 0.394256 0.160773
vt 0.400067 0.156096
vt 0.409028 0.147941
vt 0.220022 0.446403
vt 0.219749 0.459147
vt 0.194257 0.459721
vt 0.194732 0.440366
vt 0.924871 0.038817
vt 0.918678 0.016657
vt 0.927564 0.006581
vt 0.934553 0.035042
vt 0.513650 0.249135
vt 0.519780 0.262711
vt 0.504384 0.259984
vt 0.501887 0.245951
vt 0.132695 0.179726
vt 0.138510 0.177602
vt 0.143467 0.195391
vt 0.137429 0.193435
vt 0.886808 0.716097
vt 0.896815 0.713035
vt 0.894712 0.724198
vt 0.888703 0.727760
vt 0.897622 0.549600
vt 0.889625 0.540705
vt 0.894942 0.535272
vt 0.901761 0.544308
vt 0.908252 0.536585
vt 0.905411 0.525993
vt 0.877901 0.671619
vt 0.884324 0.667469
vt 0.896880 0.682461
vt 0.892851 0.689971
vt 0.908865 0.702847
vt 0.905520 0.687536
vt 0.929882 0.570149
vt 0.913187 0.551260
vt 0.921749 0.548497
vt 0.934470 0.562328
vt 0.893151 0.560723
vt 0.890060 0.567784
vt 0.882554 0.557858
vt 0.884003 0.549946
vt 0.856881 0.714135
vt 0.864884 0.717209
vt 0.865597 0.727367
vt 0.857772 0.723710
vt 0.872954 0.718488
vt 0.872596 0.732628
vt 0.844557 0.713549
vt 0.848825 0.704532
vt 0.857783 0.700300
vt 0.843598 0.681368
vt 0.854905 0.677856
vt 0.865883 0.700606
vt 0.871917 0.698949
vt 0.860213 0.675961
vt 0.927150 0.577691
vt 0.942800 0.595273
vt 0.940838 0.603165
vt 0.924363 0.582394
vt 0.919873 0.591845
vt 0.930258 0.612631
vt 0.936835 0.626679
vt 0.947290 0.612109
vt 0.952023 0.604569
vt 0.850006 0.611722
vt 0.850400 0.625038
vt 0.842795 0.625419
vt 0.842298 0.613775
vt 0.852779 0.636401
vt 0.845984 0.639276
vt 0.832927 0.617628
vt 0.835951 0.628501
vt 0.840289 0.642843
vt 0.823207 0.634472
vt 0.818027 0.620691
vt 0.814065 0.687993
vt 0.821198 0.680161
vt 0.830609 0.688266
vt 0.828593 0.699808
vt 0.834122 0.672589
vt 0.861399 0.590272
vt 0.851970 0.585908
vt 0.853815 0.579127
vt 0.859587 0.579605
vt 0.842644 0.583089
vt 0.842582 0.574533
vt 0.984695 0.618274
vt 0.986457 0.609705
vt 0.994335 0.613634
vt 0.994987 0.620745
vt 0.841039 0.597111
vt 0.831632 0.598476
vt 0.813625 0.603165
vt 0.956684 0.618612
vt 0.951124 0.631987
vt 0.947524 0.642609
vt 0.940357 0.638721
vt 0.917829 0.618433
vt 0.919064 0.632648
vt 0.919583 0.639400
vt 0.930840 0.637507
vt 0.797882 0.633603
vt 0.793937 0.612682
vt 0.810218 0.646476
vt 0.800048 0.664559
vt 0.790152 0.658193
vt 0.781901 0.654145
vt 0.787763 0.635633
vt 0.782859 0.627633
vt 0.813753 0.587013
vt 0.795004 0.591375
vt 0.778336 0.625510
vt 0.785423 0.609210
vt 0.786892 0.595419
vt 0.774897 0.648625
vt 0.957057 0.649605
vt 0.966962 0.652666
vt 0.955939 0.669943
vt 0.947516 0.663567
vt 0.980623 0.653965
vt 0.972615 0.669348
vt 0.969347 0.682796
vt 0.954076 0.681739
vt 0.936904 0.682205
vt 0.936387 0.675581
vt 0.900675 0.677210
vt 0.901717 0.667489
vt 0.912971 0.666804
vt 0.907198 0.675872
vt 0.904365 0.657020
vt 0.918003 0.658995
vt 0.911045 0.674671
vt 0.921309 0.671701
vt 0.759882 0.665265
vt 0.762934 0.658043
vt 0.768720 0.665601
vt 0.762997 0.667579
vt 0.777647 0.671394
vt 0.768968 0.645617
vt 0.921345 0.677403
vt 0.911045 0.678219
vt 0.906120 0.679563
vt 0.904844 0.683195
vt 0.910316 0.683977
vt 0.754000 0.661097
vt 0.757780 0.653208
vt 0.921434 0.683430
vt 0.922270 0.699029
vt 0.912693 0.698599
vt 0.743968 0.649658
vt 0.743025 0.657747
vt 0.743515 0.623429
vt 0.717310 0.621325
vt 0.724849 0.606569
vt 0.743051 0.608044
vt 0.743297 0.595756
vt 0.716840 0.596525
vt 0.897400 0.783135
vt 0.885406 0.791770
vt 0.884064 0.784455
vt 0.888778 0.776072
vt 0.654660 0.647486
vt 0.662426 0.659858
vt 0.654333 0.658371
vt 0.648293 0.644863
vt 0.895761 0.766163
vt 0.911823 0.771640
vt 0.909918 0.775703
vt 0.894932 0.767967
vt 0.931523 0.777212
vt 0.932770 0.781608
vt 0.933147 0.789438
vt 0.912410 0.785504
vt 0.901537 0.789745
vt 0.661021 0.618822
vt 0.653732 0.616876
vt 0.655044 0.608702
vt 0.661190 0.607781
vt 0.641334 0.610021
vt 0.649625 0.599870
vt 0.655611 0.595193
vt 0.653072 0.630013
vt 0.646067 0.628878
vt 0.637499 0.627834
vt 0.636296 0.607076
vt 0.170774 0.294789
vt 0.173293 0.299743
vt 0.158994 0.298372
vt 0.153110 0.294418
vt 0.173681 0.307524
vt 0.155683 0.303057
vt 0.145134 0.297315
vt 0.639831 0.641378
vt 0.092639 0.225945
vt 0.104400 0.235716
vt 0.106055 0.240955
vt 0.090061 0.228887
vt 0.120068 0.232459
vt 0.139080 0.232089
vt 0.151613 0.233998
vt 0.112898 0.246144
vt 0.163336 0.225464
vt 0.164406 0.232988
vt 0.233001 0.296261
vt 0.231463 0.304643
vt 0.211058 0.300057
vt 0.211244 0.292828
vt 0.191376 0.295762
vt 0.192761 0.300840
vt 0.192520 0.308643
vt 0.210777 0.310719
vt 0.230220 0.312937
vt 0.130694 0.222233
vt 0.147658 0.216896
vt 0.068344 0.212338
vt 0.070699 0.194469
vt 0.079846 0.211829
vt 0.078650 0.217972
vt 0.081496 0.190354
vt 0.093605 0.206855
vt 0.094360 0.214628
vt 0.104149 0.219684
vt 0.101753 0.221737
vt 0.102377 0.208359
vt 0.101667 0.193107
vt 0.095698 0.192865
vt 0.100531 0.227088
vt 0.091501 0.183983
vt 0.171211 0.340651
vt 0.145932 0.342420
vt 0.147746 0.325996
vt 0.171999 0.327901
vt 0.082444 0.177734
vt 0.088561 0.179232
vt 0.126777 0.183737
vt 0.128532 0.195155
vt 0.125925 0.209977
vt 0.130448 0.210772
vt 0.137997 0.210718
vt 0.101218 0.181129
vt 0.150111 0.209546
vt 0.150936 0.195493
vt 0.147364 0.175516
vt 0.118846 0.195231
vt 0.118203 0.183391
vt 0.124583 0.167085
vt 0.120246 0.172413
vt 0.117289 0.175543
vt 0.097804 0.173082
vt 0.190141 0.328814
vt 0.208625 0.330373
vt 0.206471 0.344665
vt 0.190019 0.343614
vt 0.190604 0.362607
vt 0.207924 0.362727
vt 0.226502 0.363280
vt 0.226793 0.344469
vt 0.228431 0.330232
vt 0.109728 0.181863
vt 0.109239 0.172780
vt 0.108459 0.166029
vt 0.135123 0.167670
vt 0.144946 0.158589
vt 0.125587 0.157066
vt 0.439915 0.160784
vt 0.450147 0.159984
vt 0.455220 0.166662
vt 0.447157 0.168996
vt 0.468471 0.179552
vt 0.468455 0.170543
vt 0.467891 0.162479
vt 0.950414 0.062426
vt 0.955776 0.067178
vt 0.952898 0.072018
vt 0.944754 0.062584
vt 0.959439 0.069832
vt 0.402655 0.144322
vt 0.411909 0.141765
vt 0.495482 0.563686
vt 0.495122 0.565082
vt 0.493594 0.565538
vt 0.493465 0.564434
vt 0.747926 0.415356
vt 0.753748 0.420527
vt 0.744898 0.429611
vt 0.738404 0.427571
vt 0.730660 0.559902
vt 0.742702 0.562362
vt 0.747871 0.568967
vt 0.743278 0.570450
vt 0.748263 0.559175
vt 0.755974 0.565934
vt 0.765405 0.522240
vt 0.758922 0.539049
vt 0.755926 0.529588
vt 0.753231 0.519340
vt 0.748104 0.539067
vt 0.747941 0.530626
vt 0.745431 0.521773
vt 0.726446 0.554380
vt 0.738135 0.557082
vt 0.742289 0.553799
vt 0.728654 0.549626
vt 0.735106 0.404130
vt 0.750389 0.383472
vt 0.754054 0.388836
vt 0.738933 0.409478
vt 0.743756 0.412161
vt 0.757456 0.394822
vt 0.736201 0.529552
vt 0.737724 0.522920
vt 0.736000 0.515845
vt 0.726739 0.518966
vt 0.722205 0.524629
vt 0.774449 0.378151
vt 0.771537 0.372555
vt 0.767595 0.369899
vt 0.781510 0.361821
vt 0.785809 0.367507
vt 0.780280 0.386069
vt 0.796954 0.377905
vt 0.789448 0.345415
vt 0.796944 0.347071
vt 0.710445 0.539624
vt 0.688001 0.537154
vt 0.690130 0.529471
vt 0.714588 0.534694
vt 0.716998 0.529395
vt 0.696754 0.521896
vt 0.668704 0.534714
vt 0.673403 0.519131
vt 0.678432 0.513859
vt 0.651317 0.473452
vt 0.642982 0.469390
vt 0.644989 0.462654
vt 0.656268 0.464634
vt 0.637367 0.470972
vt 0.635818 0.461636
vt 0.651427 0.454800
vt 0.646613 0.479843
vt 0.810887 0.365826
vt 0.825865 0.363731
vt 0.816447 0.382656
vt 0.812671 0.385820
vt 0.817933 0.399196
vt 0.824632 0.398483
vt 0.795099 0.328060
vt 0.804274 0.330631
vt 0.654179 0.531893
vt 0.662680 0.515642
vt 0.837727 0.364754
vt 0.833116 0.380986
vt 0.834048 0.398247
vt 0.637774 0.508440
vt 0.653179 0.507492
vt 0.665634 0.508122
vt 0.655486 0.499459
vt 0.805011 0.389960
vt 0.642378 0.484342
vt 0.638262 0.488382
vt 0.630410 0.495515
vt 0.820266 0.341421
vt 0.620328 0.509956
vt 0.630012 0.523257
vt 0.641043 0.543336
vt 0.664309 0.553756
vt 0.653771 0.557019
vt 0.646631 0.560902
vt 0.842618 0.381885
vt 0.849127 0.387089
vt 0.850749 0.399279
vt 0.842362 0.397444
vt 0.843255 0.408788
vt 0.850784 0.408632
vt 0.858584 0.400968
vt 0.857749 0.402097
vt 0.860256 0.395569
vt 0.855527 0.384893
vt 0.857108 0.409048
vt 0.849722 0.373734
vt 0.861473 0.383477
vt 0.855312 0.370740
vt 0.846344 0.354529
vt 0.862872 0.403573
vt 0.860362 0.404627
vt 0.863508 0.408941
vt 0.864306 0.393841
vt 0.866878 0.402654
vt 0.626046 0.577956
vt 0.629782 0.581681
vt 0.626143 0.582014
vt 0.623612 0.580210
vt 0.635594 0.579957
vt 0.627468 0.572772
vt 0.622270 0.574646
vt 0.833042 0.347704
vt 0.839238 0.332846
vt 0.848788 0.337175
vt 0.622083 0.565214
vt 0.625965 0.556151
vt 0.635803 0.566884
vt 0.642990 0.577880
vt 0.616121 0.565535
vt 0.873940 0.392040
vt 0.873044 0.401656
vt 0.867981 0.408792
vt 0.614334 0.579828
vt 0.611853 0.566638
vt 0.614766 0.558174
vt 0.609599 0.552323
vt 0.619133 0.537983
vt 0.586225 0.549341
vt 0.600156 0.535814
vt 0.596152 0.559889
vt 0.602689 0.571410
vt 0.927402 0.367943
vt 0.897967 0.368713
vt 0.899819 0.354374
vt 0.926503 0.351368
vt 0.872167 0.340209
vt 0.900090 0.338773
vt 0.870476 0.353650
vt 0.869899 0.368899
vt 0.924422 0.335995
vt 0.899057 0.324925
vt 0.923645 0.320261
vt 0.523486 0.595042
vt 0.515750 0.580666
vt 0.528803 0.569645
vt 0.542031 0.580929
vt 0.563338 0.565577
vt 0.553952 0.556421
vt 0.852587 0.129068
vt 0.868812 0.131202
vt 0.863459 0.135838
vt 0.853925 0.135339
vt 0.941334 0.335471
vt 0.940459 0.318001
vt 0.948618 0.406223
vt 0.953365 0.392270
vt 0.961592 0.394732
vt 0.952483 0.407417
vt 0.957354 0.408969
vt 0.967063 0.396226
vt 0.915289 0.151922
vt 0.889092 0.146615
vt 0.890434 0.141212
vt 0.911676 0.142597
vt 0.953504 0.372706
vt 0.958605 0.372569
vt 0.886844 0.161940
vt 0.866816 0.157164
vt 0.856037 0.145948
vt 0.887027 0.155488
vt 0.854015 0.155687
vt 0.848223 0.152776
vt 0.887640 0.149959
vt 0.912491 0.155703
vt 0.933103 0.167353
vt 0.937353 0.161899
vt 0.929381 0.142930
vt 0.928884 0.149658
vt 0.519800 0.615425
vt 0.529209 0.623154
vt 0.522921 0.624447
vt 0.517787 0.617237
vt 0.523365 0.632115
vt 0.516165 0.618893
vt 0.526571 0.631014
vt 0.847217 0.158677
vt 0.844005 0.156408
vt 0.838731 0.170028
vt 0.833350 0.164103
vt 0.829927 0.152747
vt 0.945723 0.149449
vt 0.941495 0.155639
vt 0.858900 0.176618
vt 0.847107 0.173683
vt 0.850604 0.163250
vt 0.858019 0.163310
vt 0.845548 0.139193
vt 0.834430 0.128558
vt 0.830322 0.139727
vt 0.824456 0.130460
vt 0.952519 0.417439
vt 0.957340 0.418652
vt 0.969336 0.429388
vt 0.967215 0.428917
vt 0.815683 0.130376
vt 0.802563 0.129489
vt 0.800809 0.123492
vt 0.806800 0.121332
vt 0.970096 0.179082
vt 0.988767 0.186703
vt 0.982043 0.189470
vt 0.967054 0.184072
vt 0.832568 0.146512
vt 0.811348 0.149579
vt 0.816274 0.157078
vt 0.905367 0.175955
vt 0.902214 0.186473
vt 0.882283 0.185561
vt 0.886233 0.172182
vt 0.899492 0.193256
vt 0.881851 0.192833
vt 0.868408 0.203955
vt 0.866878 0.201008
vt 0.870368 0.165081
vt 0.869292 0.179509
vt 0.860748 0.195443
vt 0.814481 0.175117
vt 0.807443 0.173827
vt 0.800057 0.168414
vt 0.880800 0.205947
vt 0.868885 0.211187
vt 0.851583 0.218334
vt 0.853936 0.228464
vt 0.873201 0.232496
vt 0.799877 0.135118
vt 0.815571 0.140289
vt 0.795495 0.141218
vt 0.789245 0.156454
vt 0.847512 0.209259
vt 0.844436 0.203546
vt 0.851367 0.191393
vt 0.839875 0.189626
vt 0.835568 0.203414
vt 0.835443 0.211650
vt 0.810472 0.199288
vt 0.803056 0.186605
vt 0.808573 0.185711
vt 0.815663 0.195345
vt 0.820570 0.184244
vt 0.827122 0.253177
vt 0.835756 0.227333
vt 0.843666 0.258913
vt 0.836384 0.221058
vt 0.864193 0.262066
vt 0.806378 0.202771
vt 0.800302 0.187610
vt 0.794454 0.186565
vt 0.967308 0.231134
vt 0.964616 0.246714
vt 0.944985 0.244446
vt 0.948502 0.227052
vt 0.930087 0.219637
vt 0.925575 0.240438
vt 0.960646 0.262081
vt 0.941137 0.262917
vt 0.919686 0.266418
vt 0.503275 0.656994
vt 0.495807 0.625231
vt 0.501516 0.621597
vt 0.510067 0.654498
vt 0.941326 0.272492
vt 0.912892 0.282366
vt 0.901788 0.266529
vt 0.896053 0.282201
vt 0.888735 0.293303
vt 0.891596 0.301485
vt 0.486172 0.604732
vt 0.489220 0.578587
vt 0.492178 0.630063
vt 0.483448 0.619987
vt 0.484968 0.655225
vt 0.496480 0.657080
vt 0.138395 0.958374
vt 0.144265 0.948315
vt 0.172625 0.949513
vt 0.167703 0.966404
vt 0.772680 0.231400
vt 0.776631 0.226952
vt 0.794888 0.244879
vt 0.789907 0.246390
vt 0.148965 0.938766
vt 0.173419 0.944149
vt 0.530889 0.547174
vt 0.549184 0.532026
vt 0.555982 0.528753
vt 0.535698 0.550212
vt 0.858155 0.286735
vt 0.853915 0.301529
vt 0.834231 0.304837
vt 0.835311 0.286663
vt 0.580814 0.520772
vt 0.572927 0.535311
vt 0.580045 0.512203
vt 0.460096 0.611707
vt 0.465748 0.600597
vt 0.473754 0.614490
vt 0.466362 0.623478
vt 0.464613 0.658199
vt 0.473244 0.658838
vt 0.468528 0.589137
vt 0.476900 0.590493
vt 0.183654 0.921161
vt 0.190597 0.927137
vt 0.169789 0.931982
vt 0.155283 0.924558
vt 0.443163 0.594482
vt 0.452737 0.590449
vt 0.453533 0.595132
vt 0.447268 0.600119
vt 0.454695 0.605121
vt 0.459404 0.596682
vt 0.460870 0.587361
vt 0.873915 0.304134
vt 0.873434 0.298544
vt 0.876297 0.285583
vt 0.442412 0.654322
vt 0.417967 0.651875
vt 0.422548 0.638300
vt 0.438904 0.634047
vt 0.431168 0.625288
vt 0.410376 0.634355
vt 0.400659 0.650205
vt 0.509598 0.534068
vt 0.511356 0.544113
vt 0.502168 0.552363
vt 0.498053 0.539754
vt 0.513684 0.551452
vt 0.505881 0.559378
vt 0.498282 0.564112
vt 0.496952 0.560582
vt 0.492991 0.560633
vt 0.492911 0.554460
vt 0.488696 0.545832
vt 0.530552 0.511131
vt 0.547499 0.503135
vt 0.541849 0.515744
vt 0.527709 0.523253
vt 0.528134 0.531554
vt 0.547515 0.518540
vt 0.561605 0.500377
vt 0.489718 0.564519
vt 0.116302 0.952380
vt 0.124952 0.972421
vt 0.110789 0.960955
vt 0.092508 0.959694
vt 0.094249 0.972444
vt 0.165009 0.907037
vt 0.442956 0.588936
vt 0.451334 0.587034
vt 0.458027 0.584359
vt 0.444752 0.578165
vt 0.572374 0.510891
vt 0.553603 0.525440
vt 0.479968 0.532164
vt 0.496321 0.527713
vt 0.481338 0.551140
vt 0.472009 0.540464
vt 0.497839 0.517153
vt 0.480530 0.517986
vt 0.460001 0.515203
vt 0.459313 0.523205
vt 0.457199 0.530387
vt 0.475189 0.580582
vt 0.093162 0.942730
vt 0.465394 0.580869
vt 0.456991 0.575187
vt 0.425242 0.579675
vt 0.439760 0.573579
vt 0.426793 0.585533
vt 0.429063 0.593840
vt 0.451475 0.569688
vt 0.512770 0.557575
vt 0.510964 0.561344
vt 0.500531 0.565640
vt 0.494733 0.568566
vt 0.485739 0.569811
vt 0.476324 0.567404
vt 0.474468 0.570783
vt 0.467845 0.573769
vt 0.596986 0.502881
vt 0.580158 0.508376
vt 0.590437 0.496059
vt 0.587259 0.489691
vt 0.185668 0.183209
vt 0.182435 0.166779
vt 0.202938 0.165544
vt 0.198796 0.182157
vt 0.180336 0.157484
vt 0.198059 0.152454
vt 0.213241 0.142383
vt 0.218422 0.152561
vt 0.208751 0.183730
vt 0.218210 0.170647
vt 0.218511 0.136262
vt 0.206642 0.136459
vt 0.207199 0.131505
vt 0.192471 0.136095
vt 0.194548 0.142610
vt 0.389992 0.586463
vt 0.392546 0.577010
vt 0.405052 0.574391
vt 0.406759 0.580366
vt 0.422720 0.574381
vt 0.414876 0.569101
vt 0.398817 0.566088
vt 0.525844 0.464585
vt 0.527485 0.451953
vt 0.532205 0.447563
vt 0.531313 0.461445
vt 0.536397 0.456532
vt 0.537060 0.448226
vt 0.005264 0.896502
vt 0.009972 0.895638
vt 0.011372 0.907393
vt 0.005044 0.909016
vt 0.014168 0.885665
vt 0.017900 0.887800
vt 0.036635 0.881128
vt 0.032093 0.881844
vt 0.032655 0.880416
vt 0.033675 0.880006
vt 0.031026 0.878667
vt 0.032819 0.879590
vt 0.034513 0.877625
vt 0.033591 0.879066
vt 0.031831 0.889732
vt 0.027414 0.885458
vt 0.027071 0.876724
vt 0.032755 0.885246
vt 0.041338 0.867963
vt 0.043876 0.874882
vt 0.027691 0.870206
vt 0.023651 0.878889
vt 0.038687 0.884274
vt 0.042258 0.888318
vt 0.049519 0.881616
vt 0.054126 0.872043
vt 0.235449 0.179080
vt 0.218595 0.187811
vt 0.208113 0.201858
vt 0.222200 0.202816
vt 0.243497 0.193292
vt 0.015398 0.852420
vt 0.025451 0.850743
vt 0.026684 0.864263
vt 0.017399 0.863493
vt 0.015858 0.875464
vt 0.021047 0.877478
vt 0.032098 0.847004
vt 0.038419 0.857393
vt 0.937428 0.052676
vt 0.946200 0.033781
vt 0.945458 0.052293
vt 0.949334 0.052014
vt 0.952876 0.040302
vt 0.005000 0.881395
vt 0.506949 0.209778
vt 0.498418 0.205539
vt 0.497672 0.201329
vt 0.506298 0.204400
vt 0.890851 0.049769
vt 0.886848 0.051885
vt 0.882974 0.030615
vt 0.886516 0.029412
vt 0.881256 0.054339
vt 0.877416 0.032866
vt 0.511397 0.193705
vt 0.513110 0.201239
vt 0.494147 0.195201
vt 0.516044 0.204619
vt 0.011157 0.863037
vt 0.011959 0.854773
vt 0.052447 0.837685
vt 0.044434 0.832631
vt 0.044927 0.826737
vt 0.055885 0.830910
vt 0.038117 0.835844
vt 0.040744 0.827646
vt 0.233970 0.135869
vt 0.236277 0.141966
vt 0.233879 0.142130
vt 0.230569 0.135843
vt 0.238233 0.150648
vt 0.233981 0.146932
vt 0.228547 0.139258
vt 0.518797 0.211568
vt 0.025444 0.658809
vt 0.026020 0.670968
vt 0.015926 0.667975
vt 0.019276 0.658711
vt 0.013607 0.656666
vt 0.009064 0.665014
vt 0.954008 0.042839
vt 0.953941 0.053441
vt 0.452342 0.141454
vt 0.453187 0.136363
vt 0.464465 0.130588
vt 0.469653 0.136130
vt 0.475696 0.126403
vt 0.468861 0.126508
vt 0.227991 0.420305
vt 0.232336 0.430022
vt 0.230516 0.443388
vt 0.228259 0.442233
vt 0.469640 0.118817
vt 0.463132 0.115577
vt 0.457287 0.686413
vt 0.446267 0.684837
vt 0.453145 0.655618
vt 0.128986 0.881032
vt 0.123699 0.875061
vt 0.137151 0.864146
vt 0.141974 0.869842
vt 0.433056 0.674662
vt 0.119957 0.870575
vt 0.127949 0.862031
vt 0.426663 0.682083
vt 0.436517 0.693715
vt 0.449917 0.148329
vt 0.467825 0.145981
vt 0.491616 0.125596
vt 0.488532 0.133643
vt 0.486448 0.141450
vt 0.479600 0.118476
vt 0.663412 0.145913
vt 0.645702 0.139974
vt 0.649324 0.135793
vt 0.665539 0.141154
vt 0.010279 0.777876
vt 0.014916 0.775665
vt 0.014092 0.777631
vt 0.012330 0.781017
vt 0.023827 0.779368
vt 0.019245 0.787464
vt 0.012088 0.771849
vt 0.017231 0.770281
vt 0.027279 0.776645
vt 0.592656 0.123447
vt 0.587895 0.124497
vt 0.579933 0.117788
vt 0.583144 0.117817
vt 0.594785 0.120667
vt 0.582375 0.115624
vt 0.014664 0.818446
vt 0.007979 0.818214
vt 0.008238 0.805714
vt 0.015219 0.804960
vt 0.625653 0.138558
vt 0.609782 0.130389
vt 0.613266 0.124612
vt 0.629396 0.134810
vt 0.012883 0.789177
vt 0.009026 0.789585
vt 0.182320 0.285394
vt 0.178375 0.286854
vt 0.183248 0.275295
vt 0.188373 0.270437
vt 0.176244 0.281686
vt 0.179171 0.275580
vt 0.177025 0.284318
vt 0.173245 0.287287
vt 0.174542 0.288265
vt 0.622098 0.160780
vt 0.618232 0.156384
vt 0.620142 0.155315
vt 0.625050 0.155409
vt 0.621745 0.150293
vt 0.618025 0.150945
vt 0.198798 0.252107
vt 0.203725 0.252499
vt 0.196296 0.266270
vt 0.192379 0.269493
vt 0.622697 0.142185
vt 0.639609 0.149231
vt 0.633265 0.152491
vt 0.619857 0.146048
vt 0.634474 0.160597
vt 0.652749 0.167856
vt 0.654714 0.162423
vt 0.657007 0.157079
vt 0.238711 0.141550
vt 0.047726 0.846361
vt 0.054654 0.862692
vt 0.058118 0.853909
vt 0.248736 0.419916
vt 0.249367 0.408293
vt 0.212456 0.421257
vt 0.244079 0.157273
vt 0.241378 0.158419
vt 0.442365 0.533517
vt 0.427603 0.529435
vt 0.429206 0.524883
vt 0.441974 0.525871
vt 0.240986 0.169282
vt 0.244506 0.164739
vt 0.227483 0.597448
vt 0.231892 0.594314
vt 0.241487 0.606618
vt 0.231513 0.603849
vt 0.237133 0.591921
vt 0.256754 0.621330
vt 0.237457 0.607257
vt 0.241224 0.612466
vt 0.531520 0.483063
vt 0.538484 0.477990
vt 0.544654 0.480387
vt 0.531992 0.487581
vt 0.542209 0.474518
vt 0.547928 0.474035
vt 0.532551 0.490410
vt 0.547384 0.483259
vt 0.224611 0.220796
vt 0.247696 0.206862
vt 0.249230 0.217517
vt 0.230940 0.225083
vt 0.233125 0.226128
vt 0.250508 0.224395
vt 0.264099 0.197369
vt 0.269280 0.208204
vt 0.268851 0.218323
vt 0.198371 0.587529
vt 0.201096 0.583616
vt 0.210713 0.583885
vt 0.211076 0.588470
vt 0.673585 0.229492
vt 0.670375 0.210312
vt 0.678856 0.207608
vt 0.678064 0.231651
vt 0.005684 0.877955
vt 0.205358 0.232992
vt 0.209136 0.218378
vt 0.209954 0.234818
vt 0.222939 0.233388
vt 0.441914 0.519895
vt 0.425309 0.521780
vt 0.234957 0.609071
vt 0.228854 0.610444
vt 0.230135 0.606936
vt 0.222149 0.608440
vt 0.221406 0.613850
vt 0.566345 0.468595
vt 0.584863 0.455876
vt 0.588512 0.459686
vt 0.566644 0.471958
vt 0.567914 0.476251
vt 0.585315 0.472789
vt 0.662298 0.760093
vt 0.656662 0.759061
vt 0.650914 0.745912
vt 0.653152 0.743405
vt 0.090089 0.642994
vt 0.076377 0.640538
vt 0.070631 0.631201
vt 0.088485 0.636026
vt 0.596865 0.474024
vt 0.602278 0.462112
vt 0.697037 0.148511
vt 0.684215 0.151824
vt 0.684975 0.148885
vt 0.696502 0.146047
vt 0.709893 0.145582
vt 0.708374 0.143593
vt 0.665082 0.186839
vt 0.669005 0.180166
vt 0.677197 0.193873
vt 0.176455 0.118375
vt 0.151735 0.115140
vt 0.155401 0.099786
vt 0.180229 0.107502
vt 0.250269 0.630215
vt 0.259579 0.645546
vt 0.239660 0.616703
vt 0.245516 0.623859
vt 0.239277 0.627490
vt 0.232623 0.626502
vt 0.236544 0.617740
vt 0.672124 0.173907
vt 0.681686 0.188759
vt 0.771818 0.121133
vt 0.767590 0.117812
vt 0.777416 0.118521
vt 0.776780 0.124408
vt 0.227906 0.160955
vt 0.259210 0.188271
vt 0.251445 0.179342
vt 0.246530 0.174412
vt 0.698749 0.151973
vt 0.684494 0.156118
vt 0.658925 0.151076
vt 0.704032 0.158881
vt 0.696032 0.168279
vt 0.274441 0.190233
vt 0.278126 0.198696
vt 0.280591 0.217470
vt 0.282194 0.211258
vt 0.284378 0.204815
vt 0.231743 0.154010
vt 0.440789 0.540531
vt 0.422436 0.533478
vt 0.440318 0.546086
vt 0.423404 0.538491
vt 0.275228 0.179925
vt 0.266227 0.174678
vt 0.398994 0.534724
vt 0.399288 0.527374
vt 0.235340 0.612788
vt 0.228947 0.616169
vt 0.222997 0.619784
vt 0.227115 0.630296
vt 0.243601 0.647509
vt 0.236134 0.648299
vt 0.231409 0.649994
vt 0.209907 0.621652
vt 0.214865 0.605011
vt 0.216212 0.628879
vt 0.211212 0.648047
vt 0.201877 0.639348
vt 0.202220 0.606174
vt 0.199079 0.615855
vt 0.197172 0.630693
vt 0.247460 0.650997
vt 0.245472 0.637195
vt 0.247975 0.643162
vt 0.247710 0.066753
vt 0.244740 0.066947
vt 0.246053 0.062921
vt 0.247405 0.061064
vt 0.243582 0.071435
vt 0.248058 0.069661
vt 0.667315 0.956724
vt 0.672233 0.957922
vt 0.667177 0.957761
vt 0.666794 0.957147
vt 0.250666 0.064042
vt 0.250317 0.060749
vt 0.241251 0.067764
vt 0.238331 0.068565
vt 0.242060 0.060303
vt 0.243248 0.063153
vt 0.672321 0.955916
vt 0.669975 0.954899
vt 0.674318 0.953129
vt 0.677210 0.956052
vt 0.677814 0.958227
vt 0.247667 0.091330
vt 0.245607 0.096460
vt 0.239512 0.084339
vt 0.246496 0.082227
vt 0.243139 0.096392
vt 0.237909 0.090762
vt 0.231255 0.096430
vt 0.227788 0.092815
vt 0.239655 0.073607
vt 0.235356 0.074081
vt 0.229318 0.079521
vt 0.224573 0.089633
vt 0.767072 0.122697
vt 0.759344 0.128523
vt 0.754168 0.124007
vt 0.770494 0.132180
vt 0.758750 0.134279
vt 0.771214 0.126971
vt 0.745583 0.131628
vt 0.742989 0.136957
vt 0.746066 0.139500
vt 0.073779 0.941901
vt 0.070199 0.951029
vt 0.068058 0.939967
vt 0.071633 0.935597
vt 0.081538 0.663389
vt 0.090521 0.664696
vt 0.921278 0.933606
vt 0.919238 0.942290
vt 0.914343 0.943356
vt 0.911611 0.936325
vt 0.717671 0.697149
vt 0.718313 0.707955
vt 0.712245 0.712930
vt 0.713820 0.696745
vt 0.720624 0.716193
vt 0.715905 0.722975
vt 0.710905 0.695797
vt 0.709586 0.706410
vt 0.696691 0.723941
vt 0.701218 0.728812
vt 0.705771 0.731487
vt 0.701987 0.746191
vt 0.691121 0.743121
vt 0.671807 0.766794
vt 0.679515 0.771778
vt 0.684765 0.779137
vt 0.707798 0.755808
vt 0.722237 0.729841
vt 0.336259 0.988412
vt 0.339677 0.993538
vt 0.357486 0.985199
vt 0.357993 0.990523
vt 0.223035 0.650442
vt 0.222045 0.634980
vt 0.709498 0.176058
vt 0.701414 0.197795
vt 0.688002 0.180107
vt 0.687150 0.207878
vt 0.780585 0.078658
vt 0.764647 0.089319
vt 0.757639 0.075787
vt 0.777317 0.070489
vt 0.775785 0.059643
vt 0.753301 0.060700
vt 0.371062 0.954953
vt 0.362824 0.968979
vt 0.254624 0.668833
vt 0.250224 0.673237
vt 0.711531 0.167117
vt 0.717297 0.154560
vt 0.720845 0.163198
vt 0.719317 0.174915
vt 0.116130 0.894738
vt 0.104926 0.911011
vt 0.096812 0.900778
vt 0.109198 0.887793
vt 0.097130 0.927345
vt 0.089256 0.921012
vt 0.084348 0.918597
vt 0.088303 0.902344
vt 0.105868 0.880298
vt 0.089619 0.883522
vt 0.083354 0.888733
vt 0.376490 0.535380
vt 0.344033 0.526960
vt 0.344026 0.523078
vt 0.376793 0.531749
vt 0.508694 0.132479
vt 0.509684 0.125455
vt 0.536583 0.122774
vt 0.535196 0.130085
vt 0.746021 0.975490
vt 0.747805 0.966091
vt 0.756632 0.981499
vt 0.759946 0.989977
vt 0.378801 0.526192
vt 0.361061 0.519062
vt 0.727086 0.682775
vt 0.722689 0.685216
vt 0.722072 0.679948
vt 0.726527 0.677616
vt 0.257165 0.661714
vt 0.723568 0.719287
vt 0.725953 0.740435
vt 0.738452 0.728066
vt 0.732682 0.718564
vt 0.796397 0.065641
vt 0.808896 0.064471
vt 0.808446 0.071048
vt 0.797707 0.072277
vt 0.731000 0.673674
vt 0.731916 0.680838
vt 0.329172 0.956796
vt 0.325307 0.970791
vt 0.320618 0.969140
vt 0.323614 0.953365
vt 0.316283 0.980218
vt 0.312416 0.979577
vt 0.373766 0.959857
vt 0.370697 0.972657
vt 0.363269 0.984609
vt 0.370538 0.945338
vt 0.369391 0.945255
vt 0.363796 0.938199
vt 0.726424 0.717157
vt 0.723686 0.723518
vt 0.374833 0.946987
vt 0.370548 0.935598
vt 0.371500 0.928711
vt 0.353442 0.933761
vt 0.103123 0.872257
vt 0.086955 0.871812
vt 0.273311 0.183794
vt 0.728863 0.943586
vt 0.745048 0.939220
vt 0.749750 0.949115
vt 0.731377 0.950497
vt 0.753225 0.938626
vt 0.760478 0.937912
vt 0.287315 0.176785
vt 0.280225 0.172841
vt 0.726394 0.699602
vt 0.728840 0.703285
vt 0.722217 0.703383
vt 0.731020 0.711814
vt 0.284550 0.187695
vt 0.760201 0.149969
vt 0.763476 0.143196
vt 0.778928 0.145848
vt 0.788223 0.151874
vt 0.440473 0.236449
vt 0.445889 0.232335
vt 0.454572 0.237647
vt 0.454190 0.240923
vt 0.462460 0.231440
vt 0.466861 0.236582
vt 0.467441 0.240413
vt 0.344771 0.161546
vt 0.338424 0.189426
vt 0.332567 0.163204
vt 0.337333 0.149908
vt 0.119302 0.660185
vt 0.127730 0.672043
vt 0.114189 0.684753
vt 0.109621 0.665226
vt 0.099286 0.666492
vt 0.096923 0.684440
vt 0.092905 0.701618
vt 0.110298 0.704821
vt 0.403111 0.216615
vt 0.395502 0.219501
vt 0.388558 0.202173
vt 0.400288 0.208102
vt 0.397890 0.201240
vt 0.391279 0.190348
vt 0.392901 0.223000
vt 0.382836 0.202952
vt 0.832479 0.030378
vt 0.833885 0.026994
vt 0.837488 0.026168
vt 0.840991 0.027123
vt 0.378737 0.930876
vt 0.375164 0.926257
vt 0.572595 0.253908
vt 0.565962 0.250821
vt 0.565361 0.248970
vt 0.568309 0.249145
vt 0.561336 0.244210
vt 0.561574 0.249857
vt 0.561502 0.250358
vt 0.566231 0.253002
vt 0.570189 0.254576
vt 0.249967 0.432241
vt 0.247798 0.436719
vt 0.244742 0.440313
vt 0.244487 0.440394
vt 0.581308 0.264527
vt 0.574653 0.262916
vt 0.567759 0.255139
vt 0.258150 0.417308
vt 0.249018 0.432020
vt 0.254414 0.417456
vt 0.246018 0.436427
vt 0.270911 0.319633
vt 0.265105 0.340614
vt 0.260853 0.341298
vt 0.263146 0.319176
vt 0.719163 0.120103
vt 0.718040 0.128346
vt 0.701035 0.124669
vt 0.685058 0.122474
vt 0.685121 0.129915
vt 0.698619 0.129842
vt 0.647067 0.312768
vt 0.652476 0.321309
vt 0.646105 0.318762
vt 0.639766 0.318144
vt 0.736099 0.759601
vt 0.754766 0.747874
vt 0.711308 0.770356
vt 0.714655 0.785944
vt 0.737013 0.776291
vt 0.196091 0.666907
vt 0.197116 0.653281
vt 0.264284 0.285807
vt 0.270017 0.288186
vt 0.269345 0.345958
vt 0.283022 0.338326
vt 0.341452 0.927171
vt 0.351448 0.913712
vt 0.765398 0.742867
vt 0.748331 0.726117
vt 0.403420 0.230530
vt 0.402963 0.236203
vt 0.390895 0.232112
vt 0.378467 0.202336
vt 0.373341 0.207217
vt 0.381077 0.243461
vt 0.653131 0.352823
vt 0.646829 0.348070
vt 0.664103 0.333715
vt 0.676649 0.320516
vt 0.661179 0.313305
vt 0.290962 0.683736
vt 0.288449 0.699018
vt 0.271903 0.691773
vt 0.274650 0.676084
vt 0.288590 0.710038
vt 0.270232 0.700005
vt 0.101506 0.652548
vt 0.112099 0.654467
vt 0.103402 0.646186
vt 0.120540 0.651558
vt 0.229665 0.675661
vt 0.220838 0.665106
vt 0.223305 0.681407
vt 0.697027 0.335011
vt 0.689054 0.327661
vt 0.706644 0.307831
vt 0.717476 0.318853
vt 0.684464 0.305680
vt 0.736146 0.306649
vt 0.732388 0.294818
vt 0.272726 0.394230
vt 0.267349 0.392876
vt 0.284623 0.362919
vt 0.289500 0.372879
vt 0.549949 0.945701
vt 0.544961 0.953665
vt 0.533142 0.957770
vt 0.535850 0.947326
vt 0.541633 0.961216
vt 0.533235 0.961511
vt 0.238754 0.675337
vt 0.254984 0.703202
vt 0.243355 0.701621
vt 0.232474 0.701083
vt 0.139616 0.652129
vt 0.135022 0.662003
vt 0.125645 0.644450
vt 0.104660 0.640996
vt 0.216865 0.681327
vt 0.203958 0.679540
vt 0.194351 0.677864
vt 0.188236 0.671878
vt 0.393010 0.258006
vt 0.402523 0.247867
vt 0.994996 0.958568
vt 0.981225 0.949474
vt 0.987050 0.944342
vt 0.994528 0.949357
vt 0.395738 0.268974
vt 0.406707 0.259995
vt 0.408900 0.249404
vt 0.409761 0.253516
vt 0.403858 0.244261
vt 0.291091 0.721539
vt 0.275959 0.721434
vt 0.268489 0.704909
vt 0.289145 0.716314
vt 0.271358 0.723770
vt 0.829216 0.023960
vt 0.821601 0.020930
vt 0.831231 0.019786
vt 0.834711 0.020797
vt 0.779012 0.729932
vt 0.760001 0.723528
vt 0.335081 0.923921
vt 0.344800 0.912809
vt 0.295721 0.386606
vt 0.293812 0.377431
vt 0.315318 0.384655
vt 0.319148 0.389492
vt 0.542856 0.969403
vt 0.529310 0.966941
vt 0.345053 0.398980
vt 0.345165 0.395858
vt 0.547180 0.961726
vt 0.554570 0.964431
vt 0.571727 0.968120
vt 0.562363 0.973864
vt 0.661978 0.033389
vt 0.657813 0.038137
vt 0.653773 0.033724
vt 0.656564 0.029367
vt 0.651387 0.043280
vt 0.648040 0.037209
vt 0.193942 0.105388
vt 0.199112 0.109586
vt 0.197108 0.112389
vt 0.191379 0.110396
vt 0.209844 0.105093
vt 0.204193 0.099721
vt 0.210094 0.097189
vt 0.215787 0.104313
vt 0.222116 0.104320
vt 0.214927 0.096138
vt 0.196472 0.095105
vt 0.199321 0.090710
vt 0.200898 0.085198
vt 0.208326 0.091110
vt 0.212999 0.093277
vt 0.194247 0.100274
vt 0.199805 0.102426
vt 0.647984 0.952046
vt 0.650162 0.945053
vt 0.651973 0.950228
vt 0.651282 0.952906
vt 0.656788 0.950046
vt 0.653957 0.952591
vt 0.642854 0.938869
vt 0.656972 0.940418
vt 0.680307 0.042705
vt 0.683133 0.046801
vt 0.676186 0.052890
vt 0.671130 0.049264
vt 0.676389 0.070197
vt 0.672327 0.064716
vt 0.679313 0.061614
vt 0.667377 0.057382
vt 0.687139 0.049631
vt 0.681322 0.053724
vt 0.684235 0.064296
vt 0.680476 0.074175
vt 0.648295 0.979498
vt 0.641524 0.983146
vt 0.639379 0.978085
vt 0.643667 0.974542
vt 0.636120 0.984653
vt 0.634937 0.976869
vt 0.638636 0.967754
vt 0.662312 0.095050
vt 0.657539 0.092104
vt 0.675985 0.083108
vt 0.677830 0.088644
vt 0.639880 0.993101
vt 0.633647 0.994402
vt 0.631606 0.985332
vt 0.669957 0.077043
vt 0.654889 0.086002
vt 0.444199 0.815493
vt 0.456945 0.825799
vt 0.434289 0.838405
vt 0.434181 0.826736
vt 0.460827 0.854391
vt 0.436824 0.855656
vt 0.423141 0.854796
vt 0.417850 0.837527
vt 0.457090 0.794017
vt 0.468972 0.799362
vt 0.479120 0.803109
vt 0.479521 0.822950
vt 0.481106 0.851432
vt 0.413810 0.825352
vt 0.421503 0.825157
vt 0.417075 0.806654
vt 0.424352 0.807004
vt 0.432959 0.809342
vt 0.428137 0.822674
vt 0.397897 0.853310
vt 0.389532 0.856969
vt 0.381875 0.839409
vt 0.394338 0.837963
vt 0.380670 0.862403
vt 0.372112 0.846846
vt 0.360099 0.831554
vt 0.365628 0.827558
vt 0.374070 0.821225
vt 0.385715 0.825073
vt 0.394640 0.825468
vt 0.349830 0.874855
vt 0.356837 0.871496
vt 0.364457 0.878143
vt 0.358798 0.882585
vt 0.369528 0.890365
vt 0.375575 0.885510
vt 0.381588 0.879470
vt 0.371639 0.868170
vt 0.317408 0.892855
vt 0.323247 0.896373
vt 0.323217 0.905827
vt 0.315168 0.899490
vt 0.329226 0.897411
vt 0.332358 0.902279
vt 0.310610 0.905438
vt 0.318373 0.913748
vt 0.339243 0.908667
vt 0.335497 0.912231
vt 0.096032 0.027654
vt 0.096844 0.030615
vt 0.094705 0.032811
vt 0.091872 0.031953
vt 0.101499 0.032725
vt 0.096895 0.039142
vt 0.082767 0.028522
vt 0.098458 0.021930
vt 0.088838 0.037118
vt 0.080556 0.045671
vt 0.072877 0.027238
vt 0.088791 0.018956
vt 0.070997 0.037782
vt 0.068229 0.047293
vt 0.099722 0.015381
vt 0.021206 0.716817
vt 0.025425 0.718482
vt 0.022334 0.725237
vt 0.020144 0.722168
vt 0.017082 0.722820
vt 0.015381 0.724483
vt 0.051638 0.029697
vt 0.046060 0.026403
vt 0.048360 0.024464
vt 0.052379 0.025921
vt 0.016020 0.716627
vt 0.012135 0.719703
vt 0.061021 0.064790
vt 0.053544 0.056170
vt 0.054537 0.047539
vt 0.055995 0.042438
vt 0.014758 0.698450
vt 0.015865 0.705938
vt 0.013039 0.702440
vt 0.012072 0.697486
vt 0.021907 0.694991
vt 0.021557 0.706044
vt 0.043094 0.045224
vt 0.043496 0.048117
vt 0.036221 0.047199
vt 0.036396 0.045652
vt 0.042424 0.050978
vt 0.035122 0.049006
vt 0.824184 0.981624
vt 0.822643 0.983409
vt 0.819922 0.984886
vt 0.822288 0.982041
vt 0.831747 0.976502
vt 0.829391 0.980066
vt 0.828289 0.977385
vt 0.078096 0.068064
vt 0.050342 0.064713
vt 0.051168 0.073240
vt 0.060402 0.027347
vt 0.059560 0.021523
vt 0.067217 0.015777
vt 0.074356 0.020659
vt 0.265101 0.165763
vt 0.270826 0.158943
vt 0.279406 0.159152
vt 0.271642 0.166889
vt 0.042819 0.067158
vt 0.036339 0.070984
vt 0.033145 0.070538
vt 0.039940 0.063780
vt 0.844542 0.955420
vt 0.841470 0.959315
vt 0.832971 0.954659
vt 0.834430 0.952395
vt 0.035588 0.073054
vt 0.034121 0.075355
vt 0.042193 0.073443
vt 0.041911 0.077509
vt 0.100028 0.067497
vt 0.097680 0.051992
vt 0.851100 0.970681
vt 0.844332 0.968026
vt 0.839095 0.962688
vt 0.040890 0.053632
vt 0.841447 0.977031
vt 0.838906 0.975798
vt 0.851616 0.941767
vt 0.857095 0.956586
vt 0.850888 0.951975
vt 0.849046 0.941716
vt 0.844378 0.952051
vt 0.039277 0.082641
vt 0.044188 0.084551
vt 0.040877 0.088950
vt 0.037919 0.088852
vt 0.047665 0.088717
vt 0.041424 0.091315
vt 0.039533 0.094113
vt 0.854052 0.938578
vt 0.848197 0.933261
vt 0.851317 0.932623
vt 0.045174 0.093795
vt 0.053483 0.084918
vt 0.059050 0.086513
vt 0.870875 0.964379
vt 0.862785 0.974946
vt 0.863515 0.945081
vt 0.879120 0.954756
vt 0.286556 0.139270
vt 0.297949 0.137039
vt 0.290172 0.156056
vt 0.292552 0.122278
vt 0.304381 0.124057
vt 0.315701 0.128965
vt 0.312619 0.136365
vt 0.096386 0.007996
vt 0.121988 0.015059
vt 0.079354 0.086754
vt 0.054329 0.094708
vt 0.055517 0.089551
vt 0.055716 0.096170
vt 0.872276 0.925717
vt 0.876000 0.934556
vt 0.871065 0.928434
vt 0.871185 0.925342
vt 0.051319 0.090494
vt 0.053225 0.090680
vt 0.052108 0.096875
vt 0.052389 0.095695
vt 0.856078 0.935617
vt 0.862813 0.941125
vt 0.887977 0.947160
vt 0.122635 0.051629
vt 0.112523 0.044616
vt 0.328890 0.130941
vt 0.326278 0.139753
vt 0.925900 0.954944
vt 0.915897 0.948474
vt 0.930776 0.942519
vt 0.936430 0.942775
vt 0.343413 0.133315
vt 0.339397 0.139214
vt 0.112046 0.075533
vt 0.101492 0.082930
vt 0.897316 0.937568
vt 0.906614 0.959276
vt 0.919622 0.964709
vt 0.134442 0.486261
vt 0.127454 0.488567
vt 0.123021 0.470498
vt 0.129619 0.474098
vt 0.090840 0.608703
vt 0.104474 0.613791
vt 0.096641 0.625165
vt 0.085332 0.620616
vt 0.113550 0.617153
vt 0.106690 0.626812
vt 0.306889 0.918629
vt 0.313293 0.920271
vt 0.315001 0.925521
vt 0.301421 0.920848
vt 0.110610 0.628965
vt 0.104354 0.637876
vt 0.100371 0.634205
vt 0.139906 0.485667
vt 0.132747 0.471897
vt 0.137202 0.471915
vt 0.144122 0.484147
vt 0.318023 0.919587
vt 0.324889 0.920815
vt 0.148457 0.482111
vt 0.143616 0.473128
vt 0.306186 0.913000
vt 0.312387 0.917038
vt 0.303500 0.891157
vt 0.297391 0.901948
vt 0.120715 0.605221
vt 0.132770 0.609196
vt 0.120594 0.621347
vt 0.298067 0.878558
vt 0.286665 0.885521
vt 0.330148 0.916973
vt 0.149287 0.494207
vt 0.144133 0.500988
vt 0.131218 0.503941
vt 0.157509 0.498118
vt 0.156126 0.509159
vt 0.335873 0.900865
vt 0.331775 0.897370
vt 0.333251 0.891279
vt 0.328453 0.891497
vt 0.340244 0.893712
vt 0.147226 0.522054
vt 0.156387 0.522290
vt 0.165075 0.501668
vt 0.167499 0.509640
vt 0.149589 0.471443
vt 0.154393 0.484220
vt 0.152180 0.490581
vt 0.168178 0.522676
vt 0.128930 0.590210
vt 0.139680 0.592006
vt 0.295354 0.870260
vt 0.285884 0.874899
vt 0.149754 0.594888
vt 0.148665 0.608551
vt 0.333986 0.884430
vt 0.333506 0.869036
vt 0.343982 0.885882
vt 0.353513 0.889784
vt 0.336135 0.861991
vt 0.345581 0.862766
vt 0.350050 0.861722
vt 0.159765 0.493606
vt 0.167602 0.496436
vt 0.161432 0.482961
vt 0.165492 0.481257
vt 0.185345 0.504396
vt 0.178759 0.510572
vt 0.174794 0.493677
vt 0.327658 0.885247
vt 0.322920 0.873282
vt 0.310089 0.853289
vt 0.314789 0.848618
vt 0.324463 0.849633
vt 0.175747 0.525332
vt 0.333021 0.848463
vt 0.357258 0.857584
vt 0.364097 0.852263
vt 0.361937 0.867006
vt 0.388095 0.875630
vt 0.312208 0.880325
vt 0.308651 0.884779
vt 0.302375 0.869129
vt 0.304615 0.864426
vt 0.298361 0.860637
vt 0.295939 0.860624
vt 0.293220 0.861283
vt 0.294988 0.866891
vt 0.289600 0.871744
vt 0.288967 0.868893
vt 0.286376 0.868879
vt 0.287398 0.867956
vt 0.141522 0.079236
vt 0.141376 0.083954
vt 0.131793 0.087362
vt 0.131710 0.080869
vt 0.475598 0.786053
vt 0.486918 0.793070
vt 0.493886 0.816396
vt 0.299886 0.858593
vt 0.306456 0.858806
vt 0.299626 0.855311
vt 0.382917 0.272348
vt 0.373313 0.268335
vt 0.364776 0.266226
vt 0.369243 0.237340
vt 0.740565 0.031486
vt 0.732159 0.021341
vt 0.776069 0.011524
vt 0.774229 0.030836
vt 0.318927 0.213041
vt 0.298455 0.193519
vt 0.320798 0.169607
vt 0.801564 0.034820
vt 0.808797 0.024232
vt 0.806130 0.005000
vt 0.795223 0.726822
vt 0.786249 0.700124
vt 0.805850 0.693809
vt 0.187903 0.675472
vt 0.191999 0.680990
vt 0.189043 0.677962
vt 0.185937 0.690202
vt 0.186965 0.683290
vt 0.193196 0.693557
vt 0.742572 0.259597
vt 0.749391 0.257076
vt 0.756312 0.259821
vt 0.743504 0.265029
vt 0.935909 0.962185
vt 0.934580 0.968158
vt 0.926864 0.975754
vt 0.927828 0.965576
vt 0.940858 0.969243
vt 0.932564 0.982182
vt 0.745057 0.275268
vt 0.760512 0.269219
vt 0.603394 0.070147
vt 0.602330 0.077388
vt 0.589620 0.073176
vt 0.591886 0.067372
vt 0.315082 0.829328
vt 0.310142 0.831393
vt 0.600891 0.089605
vt 0.592761 0.089641
vt 0.741756 0.312234
vt 0.745702 0.299596
vt 0.751610 0.301444
vt 0.746483 0.286635
vt 0.761415 0.279685
vt 0.593392 0.949287
vt 0.592030 0.963355
vt 0.583710 0.958837
vt 0.589804 0.949167
vt 0.584915 0.950283
vt 0.571057 0.952694
vt 0.590281 0.967819
vt 0.575141 0.964709
vt 0.605849 0.946426
vt 0.616323 0.949920
vt 0.611314 0.949484
vt 0.608530 0.948815
vt 0.612927 0.953251
vt 0.610160 0.951133
vt 0.599525 0.938185
vt 0.604809 0.939555
vt 0.603384 0.955000
vt 0.604353 0.966325
vt 0.599501 0.949012
vt 0.605213 0.943102
vt 0.607153 0.952997
vt 0.608431 0.950408
vt 0.616483 0.945738
vt 0.619446 0.949270
vt 0.598956 0.934084
vt 0.712812 0.261419
vt 0.702516 0.262160
vt 0.708640 0.254654
vt 0.710786 0.256773
vt 0.606336 0.927832
vt 0.608748 0.931727
vt 0.601023 0.928440
vt 0.612043 0.934505
vt 0.286016 0.300106
vt 0.282242 0.277673
vt 0.288797 0.275348
vt 0.291713 0.293055
vt 0.600763 0.979211
vt 0.599467 0.984305
vt 0.592262 0.976976
vt 0.713066 0.267276
vt 0.694468 0.270487
vt 0.614094 0.958532
vt 0.617833 0.965299
vt 0.601298 0.973535
vt 0.947906 0.958853
vt 0.942967 0.962408
vt 0.944144 0.956632
vt 0.927342 0.962149
vt 0.933098 0.959100
vt 0.940104 0.952919
vt 0.950643 0.962248
vt 0.955359 0.968088
vt 0.945663 0.975718
vt 0.938238 0.985467
vt 0.184702 0.677380
vt 0.181923 0.680424
vt 0.740308 0.251545
vt 0.737685 0.248798
vt 0.749441 0.246588
vt 0.751366 0.249433
vt 0.636804 0.801933
vt 0.623621 0.808856
vt 0.624639 0.802600
vt 0.634071 0.796966
vt 0.630375 0.793360
vt 0.616325 0.801450
vt 0.603747 0.813174
vt 0.416710 0.305576
vt 0.428287 0.291827
vt 0.434674 0.295643
vt 0.430304 0.307293
vt 0.446890 0.288636
vt 0.444808 0.295489
vt 0.440496 0.307740
vt 0.344820 0.200267
vt 0.342899 0.229806
vt 0.332824 0.214395
vt 0.327802 0.231368
vt 0.611265 0.798287
vt 0.627695 0.789109
vt 0.595625 0.802865
vt 0.428424 0.319448
vt 0.415113 0.318103
vt 0.402914 0.305806
vt 0.401256 0.319794
vt 0.402476 0.332132
vt 0.411971 0.330327
vt 0.424112 0.329593
vt 0.785344 0.934439
vt 0.788399 0.939013
vt 0.783817 0.938268
vt 0.780958 0.938804
vt 0.132509 0.075052
vt 0.127281 0.081722
vt 0.126497 0.076854
vt 0.152471 0.658064
vt 0.152186 0.670233
vt 0.245691 0.752838
vt 0.262772 0.761781
vt 0.263721 0.774626
vt 0.245293 0.759689
vt 0.575325 0.835205
vt 0.571829 0.830470
vt 0.659010 0.791967
vt 0.661741 0.798314
vt 0.644399 0.810997
vt 0.640233 0.807334
vt 0.627249 0.815108
vt 0.637702 0.821643
vt 0.663523 0.806288
vt 0.783641 0.262096
vt 0.782183 0.268272
vt 0.240303 0.723603
vt 0.222744 0.717482
vt 0.221029 0.702257
vt 0.204618 0.696850
vt 0.202758 0.711293
vt 0.374060 0.325085
vt 0.373905 0.333911
vt 0.370283 0.336056
vt 0.368946 0.325318
vt 0.364252 0.327438
vt 0.367741 0.338030
vt 0.373770 0.343738
vt 0.423315 0.288984
vt 0.380976 0.313805
vt 0.395802 0.300649
vt 0.386643 0.317157
vt 0.388313 0.322922
vt 0.355629 0.335410
vt 0.363982 0.350444
vt 0.361469 0.355415
vt 0.352245 0.338020
vt 0.374568 0.362041
vt 0.373656 0.366351
vt 0.373921 0.380739
vt 0.355518 0.353930
vt 0.375911 0.379934
vt 0.349083 0.342725
vt 0.378796 0.333491
vt 0.379420 0.342085
vt 0.370799 0.350609
vt 0.383784 0.348085
vt 0.394300 0.336924
vt 0.403802 0.341618
vt 0.404023 0.348474
vt 0.383463 0.334761
vt 0.390678 0.341779
vt 0.396916 0.352085
vt 0.403267 0.354467
vt 0.387590 0.356995
vt 0.390963 0.362313
vt 0.383791 0.360438
vt 0.380190 0.356137
vt 0.388234 0.345398
vt 0.391379 0.351000
vt 0.382542 0.342323
vt 0.380121 0.325447
vt 0.411651 0.342426
vt 0.414178 0.352816
vt 0.604347 0.825980
vt 0.378156 0.362279
vt 0.665317 0.814736
vt 0.639333 0.829777
vt 0.612961 0.840284
vt 0.610175 0.834874
vt 0.415169 0.901106
vt 0.410857 0.889574
vt 0.415776 0.890159
vt 0.416504 0.901234
vt 0.393978 0.358138
vt 0.180850 0.697789
vt 0.180836 0.693388
vt 0.239815 0.857534
vt 0.252232 0.863753
vt 0.249270 0.878365
vt 0.238519 0.871563
vt 0.238655 0.883041
vt 0.240778 0.876576
vt 0.250100 0.889527
vt 0.417393 0.362712
vt 0.419059 0.371573
vt 0.408511 0.366717
vt 0.400337 0.361899
vt 0.384289 0.782207
vt 0.378627 0.772379
vt 0.387602 0.764359
vt 0.393170 0.767710
vt 0.375511 0.750713
vt 0.389775 0.750196
vt 0.397027 0.750670
vt 0.383875 0.379002
vt 0.382125 0.381275
vt 0.395659 0.362456
vt 0.401022 0.367589
vt 0.397603 0.371919
vt 0.387044 0.931998
vt 0.387742 0.926606
vt 0.392464 0.930126
vt 0.392563 0.933935
vt 0.396336 0.933795
vt 0.396453 0.927081
vt 0.382874 0.919390
vt 0.387891 0.914287
vt 0.391250 0.921799
vt 0.392958 0.374236
vt 0.387277 0.376218
vt 0.518184 0.266769
vt 0.530190 0.286415
vt 0.508291 0.289370
vt 0.491514 0.266937
vt 0.538979 0.324363
vt 0.523274 0.327471
vt 0.480766 0.269738
vt 0.502531 0.295683
vt 0.800909 0.262045
vt 0.794560 0.268554
vt 0.777529 0.279123
vt 0.391862 0.939691
vt 0.385432 0.935244
vt 0.396520 0.939626
vt 0.195888 0.516583
vt 0.198746 0.510851
vt 0.214768 0.512961
vt 0.207492 0.518913
vt 0.668637 0.914095
vt 0.681067 0.928049
vt 0.671493 0.935766
vt 0.655541 0.923991
vt 0.648410 0.931174
vt 0.664183 0.940824
vt 0.449093 0.311949
vt 0.460002 0.320325
vt 0.454064 0.328556
vt 0.443363 0.324341
vt 0.470979 0.332988
vt 0.458311 0.341035
vt 0.443247 0.335491
vt 0.459060 0.297456
vt 0.458824 0.303519
vt 0.470486 0.310600
vt 0.461650 0.294772
vt 0.368623 0.294621
vt 0.363910 0.288794
vt 0.358151 0.307954
vt 0.355909 0.294107
vt 0.613657 0.099315
vt 0.615360 0.107596
vt 0.603777 0.110839
vt 0.601973 0.101344
vt 0.160519 0.038264
vt 0.143794 0.037851
vt 0.149642 0.033472
vt 0.162069 0.030801
vt 0.148848 0.027535
vt 0.596611 0.103137
vt 0.598646 0.112208
vt 0.159893 0.043542
vt 0.144296 0.042320
vt 0.133986 0.038579
vt 0.136510 0.029688
vt 0.462838 0.290788
vt 0.476147 0.308154
vt 0.476973 0.329336
vt 0.485020 0.329404
vt 0.770218 0.909817
vt 0.776226 0.902119
vt 0.792444 0.908844
vt 0.781266 0.916922
vt 0.787446 0.925920
vt 0.798570 0.924036
vt 0.776071 0.883986
vt 0.792081 0.885666
vt 0.812366 0.891119
vt 0.811543 0.915061
vt 0.813979 0.925907
vt 0.421693 0.354775
vt 0.428380 0.354794
vt 0.430510 0.366509
vt 0.425736 0.364927
vt 0.436468 0.356998
vt 0.436325 0.367017
vt 0.432953 0.376614
vt 0.344072 0.296037
vt 0.352283 0.294688
vt 0.353214 0.314560
vt 0.342715 0.323292
vt 0.393753 0.452080
vt 0.374566 0.436432
vt 0.381655 0.437687
vt 0.399925 0.450249
vt 0.370912 0.426434
vt 0.379468 0.431858
vt 0.401268 0.445695
vt 0.384809 0.412865
vt 0.368243 0.390391
vt 0.370722 0.387879
vt 0.386890 0.409950
vt 0.388814 0.405705
vt 0.373192 0.382403
vt 0.305977 0.966767
vt 0.306385 0.963089
vt 0.313171 0.969706
vt 0.312690 0.972031
vt 0.236026 0.016781
vt 0.232189 0.011640
vt 0.231413 0.006365
vt 0.238102 0.014518
vt 0.225528 0.015447
vt 0.229399 0.011532
vt 0.230803 0.013042
vt 0.232257 0.020112
vt 0.298495 0.960594
vt 0.297759 0.952913
vt 0.292306 0.939734
vt 0.300144 0.948855
vt 0.289558 0.942876
vt 0.308389 0.959827
vt 0.289005 0.952882
vt 0.288356 0.948070
vt 0.281183 0.935439
vt 0.281722 0.930519
vt 0.235728 0.031926
vt 0.241904 0.029431
vt 0.240986 0.039546
vt 0.236081 0.041464
vt 0.229965 0.031761
vt 0.230685 0.041471
vt 0.238443 0.050107
vt 0.242023 0.048222
vt 0.250774 0.055867
vt 0.244466 0.055554
vt 0.241671 0.056693
vt 0.232375 0.062286
vt 0.413776 0.903288
vt 0.407057 0.890383
vt 0.515596 0.328797
vt 0.449060 0.368355
vt 0.449632 0.375906
vt 0.418166 0.378248
vt 0.437190 0.388409
vt 0.453193 0.384610
vt 0.449873 0.349773
vt 0.438709 0.346188
vt 0.449896 0.358877
vt 0.463969 0.351666
vt 0.409566 0.374023
vt 0.407321 0.383804
vt 0.422728 0.392307
vt 0.475663 0.345727
vt 0.144673 0.047403
vt 0.135121 0.045120
vt 0.128536 0.040743
vt 0.126905 0.031231
vt 0.275392 0.897690
vt 0.285834 0.893165
vt 0.282933 0.903401
vt 0.273784 0.907008
vt 0.229702 0.054368
vt 0.222756 0.069183
vt 0.431881 0.395508
vt 0.587935 0.092243
vt 0.592009 0.106014
vt 0.586170 0.109776
vt 0.583968 0.094318
vt 0.131781 0.023979
vt 0.124806 0.025151
vt 0.322690 0.823994
vt 0.319126 0.827304
vt 0.309024 0.807862
vt 0.304011 0.796723
vt 0.830319 0.931186
vt 0.832426 0.937850
vt 0.827321 0.943105
vt 0.818361 0.935078
vt 0.367380 0.415315
vt 0.378536 0.422967
vt 0.406428 0.437423
vt 0.405282 0.442519
vt 0.382609 0.418437
vt 0.328358 0.820061
vt 0.311841 0.790018
vt 0.302796 0.737000
vt 0.291053 0.740527
vt 0.515992 0.856967
vt 0.525751 0.833622
vt 0.496330 0.917147
vt 0.496426 0.913183
vt 0.437112 0.405686
vt 0.430868 0.407235
vt 0.584212 0.348928
vt 0.586896 0.346468
vt 0.587059 0.350612
vt 0.579392 0.355024
vt 0.591150 0.340914
vt 0.590530 0.347705
vt 0.592966 0.355419
vt 0.459843 0.739914
vt 0.450945 0.738622
vt 0.456124 0.725702
vt 0.461165 0.730167
vt 0.441835 0.734909
vt 0.448746 0.721836
vt 0.251203 0.930347
vt 0.265597 0.920750
vt 0.264396 0.927342
vt 0.255671 0.932930
vt 0.274875 0.921883
vt 0.272213 0.929801
vt 0.270189 0.932332
vt 0.463180 0.360404
vt 0.472519 0.360053
vt 0.479203 0.348584
vt 0.829505 0.928991
vt 0.816735 0.931097
vt 0.333700 0.325535
vt 0.335627 0.294275
vt 0.270695 0.937664
vt 0.267547 0.940934
vt 0.328377 0.357331
vt 0.328859 0.324365
vt 0.334897 0.346031
vt 0.464241 0.372600
vt 0.459135 0.369232
vt 0.486097 0.345837
vt 0.455324 0.391669
vt 0.443756 0.400241
vt 0.276852 0.888490
vt 0.279338 0.888131
vt 0.878801 0.808793
vt 0.861815 0.804033
vt 0.872654 0.803008
vt 0.882903 0.806054
vt 0.483158 0.359751
vt 0.477878 0.361262
vt 0.544873 0.846410
vt 0.546051 0.848371
vt 0.577815 0.842124
vt 0.551472 0.851903
vt 0.582307 0.346669
vt 0.573179 0.342251
vt 0.567276 0.365552
vt 0.560824 0.359092
vt 0.587783 0.326961
vt 0.586267 0.339094
vt 0.574227 0.324049
vt 0.558890 0.347144
vt 0.559588 0.327030
vt 0.441141 0.412555
vt 0.433257 0.413256
vt 0.824745 0.918490
vt 0.829120 0.928558
vt 0.471121 0.382435
vt 0.466937 0.375245
vt 0.478162 0.367265
vt 0.478442 0.370885
vt 0.481882 0.373160
vt 0.473982 0.383658
vt 0.388393 0.702370
vt 0.392810 0.713510
vt 0.382104 0.715354
vt 0.373463 0.709991
vt 0.359632 0.728823
vt 0.378059 0.729207
vt 0.392201 0.729055
vt 0.461800 0.396708
vt 0.472674 0.391969
vt 0.486503 0.378973
vt 0.495692 0.360821
vt 0.492357 0.370647
vt 0.487106 0.367636
vt 0.489608 0.359249
vt 0.473616 0.396457
vt 0.460736 0.402462
vt 0.448268 0.408334
vt 0.454184 0.410308
vt 0.471847 0.404332
vt 0.610674 0.919806
vt 0.596247 0.901496
vt 0.619453 0.895250
vt 0.627190 0.911621
vt 0.638431 0.881599
vt 0.640757 0.904337
vt 0.606504 0.884760
vt 0.432581 0.478753
vt 0.416203 0.481401
vt 0.431934 0.468933
vt 0.463505 0.454930
vt 0.462993 0.460463
vt 0.567918 0.923539
vt 0.579928 0.933098
vt 0.575715 0.887591
vt 0.564275 0.900887
vt 0.448918 0.417410
vt 0.455328 0.418641
vt 0.461223 0.418140
vt 0.481342 0.402063
vt 0.344877 0.697464
vt 0.365482 0.685434
vt 0.369656 0.688242
vt 0.350030 0.700824
vt 0.356343 0.703456
vt 0.375167 0.692760
vt 0.384728 0.687398
vt 0.379603 0.683566
vt 0.400056 0.700876
vt 0.392255 0.691480
vt 0.401751 0.688428
vt 0.410403 0.702589
vt 0.419885 0.703975
vt 0.411584 0.688482
vt 0.579530 0.396661
vt 0.571431 0.395599
vt 0.576385 0.389897
vt 0.583439 0.392696
vt 0.375912 0.679963
vt 0.527497 0.376028
vt 0.541772 0.372840
vt 0.547156 0.375258
vt 0.543365 0.379170
vt 0.795840 0.837652
vt 0.824074 0.843416
vt 0.831390 0.860210
vt 0.803813 0.855673
vt 0.810030 0.870366
vt 0.835851 0.880510
vt 0.854870 0.888395
vt 0.855031 0.866234
vt 0.614889 0.858709
vt 0.611966 0.872295
vt 0.582194 0.878868
vt 0.586650 0.868990
vt 0.558136 0.875959
vt 0.553033 0.882410
vt 0.549636 0.888831
vt 0.501923 0.373513
vt 0.507092 0.371463
vt 0.502055 0.381122
vt 0.494847 0.385193
vt 0.515598 0.373661
vt 0.521560 0.379508
vt 0.524294 0.383917
vt 0.504510 0.385207
vt 0.849915 0.906302
vt 0.856250 0.912373
vt 0.833221 0.899078
vt 0.887728 0.916608
vt 0.882483 0.910579
vt 0.547137 0.382755
vt 0.525867 0.373018
vt 0.879920 0.901730
vt 0.475485 0.087638
vt 0.472289 0.099036
vt 0.461430 0.095340
vt 0.466685 0.085837
vt 0.458180 0.084177
vt 0.455840 0.091475
vt 0.236804 0.977878
vt 0.234755 0.977621
vt 0.013536 0.682924
vt 0.015783 0.692345
vt 0.009599 0.695313
vt 0.009641 0.685509
vt 0.232398 0.948451
vt 0.224927 0.952373
vt 0.574619 0.411906
vt 0.574394 0.409582
vt 0.580338 0.411903
vt 0.580721 0.412732
vt 0.580747 0.408140
vt 0.586748 0.412883
vt 0.585551 0.415214
vt 0.231159 0.981095
vt 0.234185 0.987047
vt 0.231823 0.986422
vt 0.236457 0.985776
vt 0.479946 0.022707
vt 0.465880 0.022972
vt 0.462650 0.014292
vt 0.483969 0.015115
vt 0.341439 0.694273
vt 0.359091 0.679929
vt 0.372254 0.674985
vt 0.458955 0.036013
vt 0.446967 0.028584
vt 0.595163 0.412267
vt 0.586640 0.406083
vt 0.602169 0.403181
vt 0.606416 0.417758
vt 0.497404 0.081610
vt 0.503255 0.097211
vt 0.496049 0.095595
vt 0.492322 0.088700
vt 0.492803 0.110530
vt 0.487764 0.107071
vt 0.431478 0.030556
vt 0.427691 0.025266
vt 0.429414 0.020064
vt 0.439416 0.029904
vt 0.485379 0.085864
vt 0.490472 0.076473
vt 0.482830 0.075393
vt 0.472617 0.041400
vt 0.590392 0.061346
vt 0.586534 0.071564
vt 0.575794 0.064469
vt 0.578416 0.056819
vt 0.427004 0.977049
vt 0.433420 0.978937
vt 0.427680 0.985331
vt 0.424536 0.982218
vt 0.479397 0.059216
vt 0.470948 0.075045
vt 0.454719 0.074794
vt 0.465463 0.056631
vt 0.468304 0.970697
vt 0.452827 0.971228
vt 0.454847 0.965348
vt 0.465406 0.963237
vt 0.441259 0.966497
vt 0.448961 0.959690
vt 0.461161 0.953867
vt 0.453454 0.085173
vt 0.448871 0.078295
vt 0.478852 0.100901
vt 0.484590 0.104114
vt 0.962692 0.113779
vt 0.959326 0.103053
vt 0.973734 0.109541
vt 0.974792 0.117150
vt 0.322871 0.715521
vt 0.306555 0.743190
vt 0.319750 0.709185
vt 0.846433 0.843223
vt 0.847662 0.851523
vt 0.859888 0.843543
vt 0.862184 0.852675
vt 0.565317 0.404884
vt 0.563152 0.407193
vt 0.542938 0.401375
vt 0.559395 0.400506
vt 0.562790 0.410143
vt 0.539614 0.407475
vt 0.554711 0.395668
vt 0.534594 0.394670
vt 0.434296 0.041408
vt 0.428040 0.046743
vt 0.422358 0.052663
vt 0.018285 0.681868
vt 0.022465 0.682122
vt 0.027455 0.689370
vt 0.020056 0.690878
vt 0.017826 0.735934
vt 0.015928 0.732860
vt 0.021646 0.728265
vt 0.021305 0.731546
vt 0.307154 0.019032
vt 0.310377 0.012085
vt 0.312721 0.013162
vt 0.311466 0.020844
vt 0.809579 0.077996
vt 0.808369 0.079371
vt 0.802252 0.077532
vt 0.803896 0.077008
vt 0.181697 0.876142
vt 0.177337 0.882476
vt 0.174088 0.884639
vt 0.177639 0.877088
vt 0.177055 0.884156
vt 0.174046 0.887814
vt 0.809488 0.075827
vt 0.804052 0.075421
vt 0.184443 0.874672
vt 0.184593 0.877107
vt 0.185470 0.881059
vt 0.822955 0.091097
vt 0.818388 0.090675
vt 0.826374 0.081918
vt 0.828651 0.087178
vt 0.815828 0.081675
vt 0.816605 0.079156
vt 0.817279 0.074725
vt 0.826538 0.076094
vt 0.841231 0.090724
vt 0.842815 0.086396
vt 0.841485 0.078860
vt 0.195733 0.873466
vt 0.195377 0.865339
vt 0.193159 0.863028
vt 0.820769 0.099851
vt 0.816342 0.102636
vt 0.211764 0.825021
vt 0.203485 0.845029
vt 0.197774 0.845370
vt 0.206468 0.826691
vt 0.812438 0.083009
vt 0.813019 0.090764
vt 0.197337 0.757479
vt 0.197658 0.755876
vt 0.204454 0.773089
vt 0.199288 0.778471
vt 0.204264 0.805117
vt 0.208480 0.801792
vt 0.597195 0.682995
vt 0.607508 0.647795
vt 0.616301 0.662949
vt 0.610543 0.683068
vt 0.628748 0.660816
vt 0.621771 0.673770
vt 0.636838 0.640416
vt 0.193281 0.733421
vt 0.196723 0.740226
vt 0.857747 0.088858
vt 0.853804 0.098617
vt 0.865654 0.106881
vt 0.869106 0.101339
vt 0.884438 0.094469
vt 0.882606 0.086518
vt 0.240038 0.849693
vt 0.263058 0.852221
vt 0.280271 0.863492
vt 0.248817 0.858378
vt 0.881934 0.079685
vt 0.865169 0.081326
vt 0.194973 0.749671
vt 0.186814 0.735698
vt 0.179850 0.699938
vt 0.186772 0.700389
vt 0.594506 0.715137
vt 0.614156 0.690013
vt 0.606294 0.717275
vt 0.321724 0.055924
vt 0.323473 0.060552
vt 0.318637 0.058025
vt 0.314731 0.053424
vt 0.314784 0.057261
vt 0.307477 0.051387
vt 0.318473 0.062964
vt 0.308673 0.041058
vt 0.315486 0.051344
vt 0.006621 0.761760
vt 0.009551 0.759501
vt 0.016844 0.766852
vt 0.010322 0.767932
vt 0.016129 0.752052
vt 0.006758 0.755765
vt 0.572151 0.781176
vt 0.571561 0.768235
vt 0.587827 0.755153
vt 0.592367 0.761633
vt 0.607015 0.739502
vt 0.598045 0.738637
vt 0.575856 0.745513
vt 0.965851 0.119024
vt 0.968166 0.122199
vt 0.527767 0.817446
vt 0.534433 0.810718
vt 0.489495 0.044337
vt 0.503193 0.041719
vt 0.495225 0.059162
vt 0.584795 0.418199
vt 0.575324 0.415528
vt 0.576932 0.413911
vt 0.571812 0.421543
vt 0.559368 0.417139
vt 0.537709 0.414164
vt 0.504742 0.054715
vt 0.502012 0.064472
vt 0.495057 0.063337
vt 0.943489 0.133518
vt 0.924451 0.137694
vt 0.931554 0.130767
vt 0.944836 0.125912
vt 0.580094 0.714908
vt 0.559520 0.744466
vt 0.457378 0.940793
vt 0.470081 0.945292
vt 0.468791 0.953866
vt 0.474182 0.959986
vt 0.480133 0.954031
vt 0.592368 0.420620
vt 0.457064 0.050528
vt 0.447365 0.045277
vt 0.484236 0.439015
vt 0.465838 0.446314
vt 0.483219 0.432788
vt 0.485583 0.432613
vt 0.494522 0.421783
vt 0.496785 0.425474
vt 0.466772 0.440995
vt 0.908534 0.119065
vt 0.910389 0.112659
vt 0.920206 0.113950
vt 0.921857 0.117954
vt 0.920150 0.102509
vt 0.928312 0.107086
vt 0.933870 0.110777
vt 0.874316 0.842692
vt 0.876125 0.853485
vt 0.866160 0.868523
vt 0.894097 0.838247
vt 0.896783 0.843300
vt 0.881176 0.875712
vt 0.891946 0.863721
vt 0.906468 0.854768
vt 0.594499 0.419196
vt 0.603192 0.425620
vt 0.595184 0.038880
vt 0.608142 0.039329
vt 0.610101 0.048855
vt 0.594565 0.049933
vt 0.579259 0.048768
vt 0.428907 0.969652
vt 0.437513 0.971954
vt 0.425316 0.968312
vt 0.432964 0.958513
vt 0.436176 0.961479
vt 0.497349 0.432501
vt 0.582496 0.419036
vt 0.584018 0.419436
vt 0.583849 0.420431
vt 0.580087 0.419961
vt 0.586331 0.421374
vt 0.598209 0.425982
vt 0.510471 0.091227
vt 0.522217 0.102694
vt 0.510981 0.100018
vt 0.425056 0.954178
vt 0.419197 0.968452
vt 0.412485 0.969496
vt 0.411254 0.957330
vt 0.582406 0.422326
vt 0.591552 0.423536
vt 0.581904 0.425040
vt 0.555127 0.118312
vt 0.562321 0.126828
vt 0.562346 0.127356
vt 0.551613 0.118585
vt 0.573816 0.132926
vt 0.575548 0.133999
vt 0.572910 0.136974
vt 0.572449 0.133433
vt 0.424426 0.907387
vt 0.423063 0.908475
vt 0.419544 0.901097
vt 0.420733 0.900436
vt 0.566985 0.129165
vt 0.567495 0.135020
vt 0.571503 0.129463
vt 0.566217 0.127029
vt 0.428116 0.920174
vt 0.423750 0.921397
vt 0.419285 0.905520
vt 0.499264 0.017730
vt 0.501435 0.028117
vt 0.954583 0.117193
vt 0.941860 0.118248
vt 0.949247 0.104932
vt 0.923982 0.122087
vt 0.937484 0.114085
vt 0.926970 0.125462
vt 0.945059 0.103034
vt 0.946649 0.089450
vt 0.951283 0.088715
vt 0.554775 0.425709
vt 0.568545 0.429157
vt 0.580117 0.433569
vt 0.414340 0.938198
vt 0.421778 0.938441
vt 0.428724 0.936607
vt 0.435202 0.945810
vt 0.441006 0.950222
vt 0.516575 0.090974
vt 0.524679 0.099743
vt 0.518127 0.789678
vt 0.520035 0.778234
vt 0.526937 0.779268
vt 0.529540 0.785973
vt 0.545382 0.773549
vt 0.536270 0.768362
vt 0.529629 0.764919
vt 0.486091 0.444118
vt 0.482198 0.451472
vt 0.491457 0.455940
vt 0.468003 0.474036
vt 0.496130 0.442886
vt 0.447648 0.941501
vt 0.444043 0.953461
vt 0.471150 0.936567
vt 0.462375 0.928569
vt 0.514475 0.073271
vt 0.522551 0.081866
vt 0.530287 0.094525
vt 0.606888 0.032031
vt 0.615290 0.033188
vt 0.616827 0.037925
vt 0.483611 0.948250
vt 0.474586 0.933589
vt 0.486938 0.943254
vt 0.489732 0.938984
vt 0.470167 0.923074
vt 0.491207 0.935746
vt 0.478668 0.922170
vt 0.482668 0.913049
vt 0.478423 0.911700
vt 0.515309 0.405392
vt 0.516781 0.412330
vt 0.494570 0.414019
vt 0.515186 0.419917
vt 0.900268 0.924171
vt 0.900051 0.920485
vt 0.907384 0.922351
vt 0.909714 0.926185
vt 0.899466 0.916200
vt 0.909235 0.919620
vt 0.915782 0.922836
vt 0.936237 0.099831
vt 0.941822 0.100614
vt 0.932747 0.093782
vt 0.941282 0.089642
vt 0.533129 0.421911
vt 0.567097 0.438444
vt 0.550466 0.434407
vt 0.899959 0.886902
vt 0.896096 0.896376
vt 0.878506 0.888406
vt 0.911453 0.914298
vt 0.898925 0.909370
vt 0.917815 0.904576
vt 0.919140 0.896529
vt 0.442115 0.937547
vt 0.435047 0.933504
vt 0.441684 0.928795
vt 0.450347 0.928559
vt 0.294117 0.599714
vt 0.297081 0.582680
vt 0.302077 0.580676
vt 0.297459 0.599347
vt 0.301965 0.596410
vt 0.308402 0.582084
vt 0.315351 0.571534
vt 0.311401 0.568521
vt 0.038945 0.988056
vt 0.034920 0.989828
vt 0.031521 0.979211
vt 0.038721 0.970733
vt 0.033233 0.935095
vt 0.048254 0.930806
vt 0.054182 0.938833
vt 0.040273 0.943500
vt 0.041336 0.955900
vt 0.050825 0.952381
vt 0.606788 0.022928
vt 0.606491 0.010100
vt 0.619185 0.015472
vt 0.615261 0.025997
vt 0.623719 0.027493
vt 0.627639 0.024333
vt 0.554172 0.088724
vt 0.562162 0.088862
vt 0.565353 0.101782
vt 0.557447 0.102050
vt 0.568374 0.088114
vt 0.571079 0.096684
vt 0.431851 0.918398
vt 0.563325 0.113596
vt 0.568418 0.112613
vt 0.529904 0.431023
vt 0.486070 0.922545
vt 0.488044 0.913881
vt 0.488275 0.905721
vt 0.482897 0.904720
vt 0.918389 0.914816
vt 0.922397 0.906476
vt 0.935006 0.903890
vt 0.927439 0.907773
vt 0.034933 0.958136
vt 0.042115 0.964962
vt 0.543099 0.063939
vt 0.533155 0.050955
vt 0.537305 0.045292
vt 0.545002 0.044762
vt 0.939223 0.078212
vt 0.927883 0.082457
vt 0.929859 0.074930
vt 0.938918 0.073193
vt 0.542414 0.021126
vt 0.538828 0.024906
vt 0.536453 0.019099
vt 0.539371 0.013361
vt 0.534854 0.030104
vt 0.527496 0.024757
vt 0.521599 0.063417
vt 0.527576 0.056700
vt 0.541580 0.072614
vt 0.532138 0.076130
vt 0.538081 0.090952
vt 0.545939 0.089242
vt 0.551372 0.075592
vt 0.549003 0.063696
vt 0.316557 0.563990
vt 0.319300 0.565539
vt 0.317708 0.559535
vt 0.321803 0.559504
vt 0.323136 0.570078
vt 0.311162 0.560157
vt 0.316742 0.579501
vt 0.032906 0.945667
vt 0.027635 0.936346
vt 0.370764 0.491552
vt 0.374831 0.493228
vt 0.367309 0.500548
vt 0.357392 0.498764
vt 0.032407 0.963234
vt 0.029016 0.950923
vt 0.978358 0.481352
vt 0.985167 0.493495
vt 0.969210 0.500814
vt 0.968837 0.482213
vt 0.959506 0.482568
vt 0.957887 0.499583
vt 0.955385 0.515459
vt 0.961501 0.517848
vt 0.561668 0.078886
vt 0.552923 0.061219
vt 0.557599 0.070512
vt 0.562901 0.075248
vt 0.982941 0.436551
vt 0.971552 0.432102
vt 0.982447 0.421038
vt 0.993060 0.420783
vt 0.300130 0.561463
vt 0.287801 0.542273
vt 0.303514 0.545248
vt 0.286998 0.551354
vt 0.313199 0.549105
vt 0.567795 0.079365
vt 0.574003 0.079765
vt 0.574777 0.086934
vt 0.353124 0.500246
vt 0.355867 0.494706
vt 0.355665 0.503599
vt 0.365762 0.490742
vt 0.317472 0.551943
vt 0.322744 0.549469
vt 0.317314 0.541895
vt 0.405344 0.473172
vt 0.390402 0.482135
vt 0.388329 0.477878
vt 0.404772 0.471704
vt 0.967527 0.522246
vt 0.964810 0.530776
vt 0.957740 0.523728
vt 0.952623 0.521732
vt 0.374622 0.477929
vt 0.370590 0.472621
vt 0.385970 0.469382
vt 0.389771 0.471733
vt 0.936675 0.517608
vt 0.944609 0.526381
vt 0.322524 0.536413
vt 0.330087 0.546611
vt 0.553476 0.036806
vt 0.549835 0.041681
vt 0.362366 0.485368
vt 0.357392 0.480897
vt 0.353268 0.490543
vt 0.349764 0.485235
vt 0.342733 0.480433
vt 0.351010 0.471266
vt 0.365659 0.460834
vt 0.350031 0.507418
vt 0.343898 0.503684
vt 0.348175 0.495454
vt 0.338936 0.496801
vt 0.341068 0.490667
vt 0.342192 0.486298
vt 0.346440 0.487978
vt 0.334958 0.490345
vt 0.289040 0.532540
vt 0.306242 0.532404
vt 0.310434 0.519363
vt 0.314817 0.526327
vt 0.304846 0.516970
vt 0.340381 0.460764
vt 0.350892 0.448541
vt 0.333675 0.485260
vt 0.289036 0.521263
vt 0.285935 0.505002
vt 0.300646 0.499701
vt 0.327111 0.474715
vt 0.331693 0.470451
vt 0.323346 0.444455
vt 0.333955 0.430189
vt 0.922711 0.495551
vt 0.919548 0.512187
vt 0.896530 0.508120
vt 0.897309 0.494963
vt 0.864968 0.494051
vt 0.866256 0.507967
vt 0.299886 0.420247
vt 0.309751 0.406449
vt 0.081892 0.241086
vt 0.069775 0.244652
vt 0.061229 0.242179
vt 0.074541 0.238882
vt 0.067280 0.258482
vt 0.055333 0.258913
vt 0.314876 0.456629
vt 0.292696 0.426128
vt 0.040224 0.260317
vt 0.041466 0.241328
vt 0.306834 0.463634
vt 0.287511 0.430136
vt 0.080776 0.260907
vt 0.289036 0.469031
vt 0.273023 0.435301
vt 0.094088 0.264631
vt 0.098527 0.249128
vt 0.788555 0.481579
vt 0.778295 0.481515
vt 0.778750 0.470473
vt 0.787570 0.468706
vt 0.767790 0.460618
vt 0.786695 0.455431
vt 0.764265 0.469025
vt 0.049690 0.316912
vt 0.045953 0.332700
vt 0.037178 0.323409
vt 0.037573 0.316146
vt 0.789884 0.494761
vt 0.790134 0.505569
vt 0.783089 0.504968
vt 0.781711 0.496952
vt 0.745058 0.506157
vt 0.743362 0.508942
vt 0.739607 0.503094
vt 0.745099 0.503820
vt 0.751486 0.498824
vt 0.750434 0.493206
vt 0.135402 0.421158
vt 0.140907 0.431194
vt 0.147318 0.444502
vt 0.146507 0.443353
vt 0.751395 0.503585
vt 0.764132 0.500697
vt 0.772054 0.509642
vt 0.760290 0.512508
vt 0.097805 0.373140
vt 0.104528 0.393100
vt 0.085153 0.414237
vt 0.073490 0.400544
vt 0.117943 0.403619
vt 0.121748 0.416525
vt 0.750833 0.508456
vt 0.751818 0.514685
vt 0.131049 0.402800
vt 0.142872 0.407554
vt 0.215709 0.949528
vt 0.186623 0.967999
vt 0.179038 0.953522
vt 0.205100 0.937543
vt 0.204026 0.920812
vt 0.182074 0.942219
vt 0.240824 0.935114
vt 0.247421 0.934135
vt 0.257225 0.939912
vt 0.252062 0.939986
vt 0.734024 0.446676
vt 0.732895 0.442779
vt 0.738188 0.443357
vt 0.739093 0.449555
vt 0.253605 0.944826
vt 0.257913 0.945131
vt 0.264934 0.949886
vt 0.262387 0.949512
vt 0.719032 0.444513
vt 0.715538 0.441608
vt 0.719525 0.442150
vt 0.720562 0.443342
vt 0.726697 0.444566
vt 0.726180 0.441977
vt 0.251550 0.946082
vt 0.261891 0.950981
vt 0.725426 0.447542
vt 0.747778 0.461873
vt 0.736387 0.455708
vt 0.749718 0.453384
vt 0.733248 0.453121
vt 0.058875 0.355678
vt 0.069201 0.357187
vt 0.067315 0.366660
vt 0.059694 0.364754
vt 0.236432 0.938515
vt 0.224342 0.926500
vt 0.228878 0.926970
vt 0.216717 0.925725
vt 0.228134 0.942330
vt 0.123959 0.360874
vt 0.130870 0.357199
vt 0.134327 0.363323
vt 0.124606 0.366100
vt 0.207207 0.913802
vt 0.114249 0.359524
vt 0.117302 0.373971
vt 0.123140 0.349566
vt 0.090357 0.352319
vt 0.103477 0.342935
vt 0.107961 0.339397
vt 0.226081 0.920418
vt 0.229725 0.926259
vt 0.212308 0.899668
vt 0.215838 0.899994
vt 0.135303 0.333593
vt 0.132205 0.330454
vt 0.209658 0.884079
vt 0.206694 0.882779
vt 0.211299 0.881010
vt 0.212566 0.883447
vt 0.207871 0.896682
vt 0.145122 0.318592
vt 0.144411 0.324365
vt 0.138416 0.338621
vt 0.143223 0.319399
vt 0.868989 0.606316
vt 0.858920 0.609685
vt 0.856948 0.599777
vt 0.848009 0.598439
vt 0.859076 0.622384
vt 0.867277 0.619739
vt 0.860577 0.633231
vt 0.867598 0.628248
vt 0.975998 0.606102
vt 0.963001 0.603844
vt 0.965556 0.596522
vt 0.976453 0.596525
vt 0.955074 0.598995
vt 0.958711 0.592682
vt 0.948847 0.581974
vt 0.945416 0.588210
vt 0.960144 0.610121
vt 0.973624 0.615101
vt 0.970536 0.623333
vt 0.982322 0.626271
vt 0.975094 0.639737
vt 0.964295 0.636773
vt 0.992631 0.629260
vt 0.986099 0.644174
vt 0.830098 0.584842
vt 0.815685 0.573580
vt 0.832634 0.571928
vt 0.989776 0.655225
vt 0.994943 0.646310
vt 0.865444 0.647100
vt 0.871995 0.648485
vt 0.960971 0.585949
vt 0.953712 0.576754
vt 0.870879 0.672540
vt 0.858708 0.650760
vt 0.865174 0.673853
vt 0.852615 0.654394
vt 0.848313 0.658720
vt 0.842033 0.663781
vt 0.831325 0.649868
vt 0.817582 0.657758
vt 0.806022 0.669936
vt 0.798825 0.680618
vt 0.792749 0.678070
vt 0.907940 0.641565
vt 0.910055 0.636860
vt 0.919834 0.649009
vt 0.906156 0.648870
vt 0.784818 0.676683
vt 0.933918 0.643182
vt 0.935105 0.657110
vt 0.907280 0.619955
vt 0.878022 0.698597
vt 0.886340 0.696923
vt 0.878271 0.719171
vt 0.881774 0.729275
vt 0.885351 0.543415
vt 0.896816 0.556821
vt 0.909127 0.564484
vt 0.907452 0.571653
vt 0.903570 0.578604
vt 0.912878 0.598940
vt 0.903222 0.602093
vt 0.896625 0.582940
vt 0.910715 0.558171
vt 0.989724 0.599398
vt 0.123451 0.387083
vt 0.069894 0.337443
vt 0.059087 0.336197
vt 0.047760 0.352296
vt 0.082223 0.320870
vt 0.079641 0.337301
vt 0.072784 0.319225
vt 0.078370 0.357628
vt 0.061502 0.318059
vt 0.073166 0.312727
vt 0.062317 0.311843
vt 0.051115 0.310181
vt 0.064807 0.291606
vt 0.054775 0.290236
vt 0.039455 0.309374
vt 0.042755 0.289612
vt 0.055599 0.273625
vt 0.042799 0.273997
vt 0.798112 0.494499
vt 0.817421 0.494240
vt 0.817254 0.507364
vt 0.797172 0.505520
vt 0.832113 0.494863
vt 0.833296 0.508815
vt 0.840604 0.509127
vt 0.839910 0.494891
vt 0.816119 0.480595
vt 0.830519 0.479905
vt 0.838079 0.479700
vt 0.844857 0.495483
vt 0.843993 0.479730
vt 0.829685 0.464201
vt 0.837809 0.463598
vt 0.844045 0.463134
vt 0.864339 0.478994
vt 0.862898 0.463414
vt 0.837586 0.447563
vt 0.843810 0.446587
vt 0.861915 0.446928
vt 0.897219 0.463703
vt 0.898014 0.450973
vt 0.108274 0.270974
vt 0.113229 0.254862
vt 0.128475 0.260940
vt 0.122656 0.277725
vt 0.899885 0.437991
vt 0.869445 0.436666
vt 0.927780 0.447233
vt 0.925970 0.429073
vt 0.275206 0.472317
vt 0.259328 0.437235
vt 0.945987 0.463395
vt 0.925228 0.464747
vt 0.943974 0.445953
vt 0.941147 0.429565
vt 0.946068 0.482311
vt 0.924897 0.480711
vt 0.896521 0.479916
vt 0.941414 0.497908
vt 0.957416 0.462916
vt 0.967865 0.463227
vt 0.954565 0.445767
vt 0.963998 0.446333
vt 0.975186 0.463294
vt 0.970385 0.446116
vt 0.952342 0.429192
vt 0.961788 0.431949
vt 0.540326 0.919085
vt 0.531266 0.927499
vt 0.513271 0.925680
vt 0.519823 0.919435
vt 0.500410 0.920268
vt 0.496207 0.924586
vt 0.527327 0.911815
vt 0.505547 0.912971
vt 0.976319 0.442881
vt 0.909308 0.877564
vt 0.919671 0.868653
vt 0.928087 0.877068
vt 0.922715 0.885372
vt 0.545675 0.910664
vt 0.538633 0.900628
vt 0.515357 0.899846
vt 0.519992 0.891904
vt 0.119421 0.282826
vt 0.105973 0.276953
vt 0.092243 0.271576
vt 0.102782 0.283913
vt 0.090150 0.279241
vt 0.078476 0.276530
vt 0.079960 0.268245
vt 0.066569 0.274581
vt 0.067196 0.266296
vt 0.055022 0.265846
vt 0.041869 0.267058
vt 0.075406 0.293256
vt 0.086020 0.295756
vt 0.083140 0.314384
vt 0.097366 0.299240
vt 0.093121 0.316791
vt 0.092054 0.323160
vt 0.104543 0.319640
vt 0.104446 0.325621
vt 0.100414 0.338731
vt 0.089324 0.337269
vt 0.747099 0.445178
vt 0.764753 0.448316
vt 0.087412 0.355814
vt 0.814507 0.465952
vt 0.795669 0.468520
vt 0.793832 0.454880
vt 0.812519 0.451271
vt 0.109262 0.303374
vt 0.797994 0.481713
vt 0.829169 0.448757
vt 0.115443 0.289252
vt 0.847577 0.510417
vt 0.764362 0.491763
vt 0.759142 0.484358
vt 0.314274 0.491900
vt 0.317759 0.504176
vt 0.327299 0.493446
vt 0.322282 0.485393
vt 0.319948 0.509869
vt 0.329471 0.498797
vt 0.325197 0.516656
vt 0.333207 0.504876
vt 0.330129 0.523433
vt 0.338682 0.512022
vt 0.335569 0.528368
vt 0.343877 0.517210
vt 0.378211 0.481411
vt 0.013909 0.919012
vt 0.020689 0.920533
vt 0.545721 0.438414
vt 0.528387 0.436891
vt 0.977863 0.513146
vt 0.983079 0.520932
vt 0.971916 0.526135
vt 0.511945 0.429221
vt 0.511788 0.437503
vt 0.512552 0.446682
vt 0.995000 0.506562
vt 0.568040 0.076774
vt 0.546712 0.939147
vt 0.542668 0.932253
vt 0.557687 0.917931
vt 0.575739 0.097408
vt 0.551117 0.103591
vt 0.545276 0.105674
vt 0.540874 0.107672
vt 0.537893 0.111598
vt 0.547082 0.118980
vt 0.536130 0.115100
vt 0.549480 0.124114
vt 0.561099 0.115663
vt 0.426140 0.906471
vt 0.425560 0.903177
vt 0.429920 0.904932
vt 0.431327 0.913090
vt 0.424224 0.901987
vt 0.570509 0.126556
vt 0.575852 0.130760
vt 0.512289 0.057041
vt 0.517381 0.048125
vt 0.521944 0.040084
vt 0.509301 0.042893
vt 0.514286 0.033418
vt 0.520598 0.028339
vt 0.529415 0.035366
vt 0.508183 0.029809
vt 0.516502 0.024084
vt 0.523520 0.021019
vt 0.939246 0.083774
vt 0.945733 0.077736
vt 0.945813 0.081736
vt 0.509935 0.023835
vt 0.513365 0.021841
vt 0.927980 0.088235
vt 0.911921 0.097713
vt 0.907482 0.093157
vt 0.899421 0.107968
vt 0.890274 0.102529
vt 0.906547 0.085821
vt 0.903965 0.080889
vt 0.923809 0.073564
vt 0.902535 0.075881
vt 0.920722 0.070836
vt 0.894115 0.115723
vt 0.880596 0.109496
vt 0.891953 0.121051
vt 0.877406 0.114876
vt 0.890263 0.126823
vt 0.875173 0.119960
vt 0.862292 0.113354
vt 0.873683 0.124657
vt 0.859638 0.117096
vt 0.847672 0.110222
vt 0.849363 0.104008
vt 0.836317 0.100585
vt 0.838701 0.095197
vt 0.831234 0.095847
vt 0.829055 0.091022
vt 0.845067 0.116964
vt 0.834004 0.108467
vt 0.827262 0.098010
vt 0.844564 0.124413
vt 0.832879 0.115909
vt 0.854456 0.126086
vt 0.857913 0.121697
vt 0.872234 0.129328
vt 0.889696 0.138830
vt 0.890366 0.132490
vt 0.906606 0.138726
vt 0.908270 0.134670
vt 0.909014 0.129279
vt 0.908706 0.124283
vt 0.951551 0.083100
vt 0.508522 0.070741
vt 0.547227 0.741830
vt 0.522265 0.761427
vt 0.535871 0.739053
vt 0.515003 0.775872
vt 0.551906 0.707900
vt 0.565271 0.710013
vt 0.563242 0.674645
vt 0.579252 0.680088
vt 0.573722 0.644127
vt 0.591066 0.651116
vt 0.025994 0.751147
vt 0.027434 0.770451
vt 0.299038 0.037304
vt 0.287087 0.053547
vt 0.278142 0.048358
vt 0.290852 0.031227
vt 0.023804 0.735451
vt 0.300544 0.016743
vt 0.023351 0.730329
vt 0.025221 0.727556
vt 0.027478 0.730455
vt 0.565165 0.637980
vt 0.557328 0.661065
vt 0.289714 0.619577
vt 0.286180 0.622328
vt 0.291355 0.601810
vt 0.557218 0.628724
vt 0.547059 0.651664
vt 0.292035 0.618712
vt 0.288855 0.639841
vt 0.283026 0.637447
vt 0.295980 0.619892
vt 0.293377 0.584269
vt 0.568566 0.014258
vt 0.567447 0.005479
vt 0.586505 0.007163
vt 0.584354 0.016788
vt 0.495765 0.927819
vt 0.598006 0.020695
vt 0.599552 0.010226
vt 0.583161 0.027309
vt 0.596799 0.029945
vt 0.566562 0.034297
vt 0.568832 0.024577
vt 0.581427 0.038212
vt 0.563661 0.041134
vt 0.366248 0.027663
vt 0.370395 0.033995
vt 0.357418 0.044591
vt 0.351980 0.040370
vt 0.338936 0.056066
vt 0.346004 0.058544
vt 0.376992 0.020057
vt 0.380212 0.027001
vt 0.391745 0.034169
vt 0.399561 0.031433
vt 0.402168 0.040719
vt 0.395797 0.043021
vt 0.404864 0.058480
vt 0.399158 0.058191
vt 0.406869 0.024072
vt 0.408556 0.039179
vt 0.410780 0.056809
vt 0.504136 0.965280
vt 0.498551 0.955298
vt 0.502305 0.953243
vt 0.508803 0.963806
vt 0.492526 0.959311
vt 0.487147 0.963680
vt 0.480230 0.967860
vt 0.470571 0.977699
vt 0.471560 0.984125
vt 0.451523 0.983335
vt 0.451806 0.976517
vt 0.362655 0.022686
vt 0.347639 0.035620
vt 0.342558 0.028649
vt 0.358294 0.016285
vt 0.331995 0.053393
vt 0.327788 0.042316
vt 0.375049 0.006534
vt 0.376748 0.012993
vt 0.382435 0.013336
vt 0.404210 0.012286
vt 0.409252 0.019705
vt 0.507471 0.972106
vt 0.399271 0.014511
vt 0.622979 0.032329
vt 0.512971 0.789298
vt 0.890504 0.919771
vt 0.526913 0.800598
vt 0.521091 0.803740
vt 0.535542 0.794182
vt 0.541230 0.802646
vt 0.548688 0.785452
vt 0.553598 0.794637
vt 0.958136 0.124905
vt 0.514882 0.400450
vt 0.492849 0.410286
vt 0.511038 0.393736
vt 0.490014 0.407677
vt 0.466389 0.435255
vt 0.464341 0.432052
vt 0.463574 0.428203
vt 0.437640 0.444938
vt 0.438449 0.440873
vt 0.439508 0.436867
vt 0.462829 0.424797
vt 0.487669 0.405143
vt 0.508180 0.388759
vt 0.485836 0.401654
vt 0.462011 0.420590
vt 0.439663 0.433127
vt 0.440621 0.429753
vt 0.416192 0.420906
vt 0.416377 0.417900
vt 0.417331 0.415121
vt 0.439622 0.426395
vt 0.417982 0.412255
vt 0.436284 0.420723
vt 0.415881 0.405194
vt 0.398751 0.395418
vt 0.402599 0.390619
vt 0.397535 0.398368
vt 0.395654 0.400729
vt 0.393079 0.401662
vt 0.414237 0.422315
vt 0.391847 0.403637
vt 0.411776 0.425835
vt 0.410602 0.430533
vt 0.436582 0.449888
vt 0.408680 0.433068
vt 0.435135 0.455424
vt 0.433439 0.461156
vt 0.529288 0.388816
vt 0.549083 0.386406
vt 0.552282 0.390910
vt 0.573411 0.385344
vt 0.568508 0.380417
vt 0.436559 0.712275
vt 0.428050 0.707282
vt 0.433064 0.695484
vt 0.436322 0.696854
vt 0.585607 0.382377
vt 0.584941 0.379572
vt 0.566668 0.373196
vt 0.430386 0.726690
vt 0.424823 0.723642
vt 0.418403 0.719759
vt 0.418527 0.739581
vt 0.413815 0.736600
vt 0.407083 0.733483
vt 0.410170 0.716837
vt 0.399550 0.730316
vt 0.400763 0.714281
vt 0.403054 0.750528
vt 0.402588 0.769386
vt 0.397209 0.768517
vt 0.407981 0.752932
vt 0.396550 0.786129
vt 0.390331 0.785322
vt 0.390898 0.806525
vt 0.382754 0.805703
vt 0.369566 0.798188
vt 0.357256 0.806311
vt 0.344114 0.782959
vt 0.356829 0.778269
vt 0.339428 0.755282
vt 0.352635 0.753364
vt 0.349166 0.726867
vt 0.328884 0.753949
vt 0.338058 0.725606
vt 0.364679 0.706048
vt 0.381508 0.696345
vt 0.314471 0.750913
vt 0.329293 0.720690
vt 0.314476 0.787201
vt 0.322013 0.785836
vt 0.332617 0.783685
vt 0.341634 0.812470
vt 0.348530 0.809686
vt 0.351575 0.836205
vt 0.334381 0.816370
vt 0.344290 0.841069
vt 0.338576 0.845747
vt 0.397836 0.806513
vt 0.402027 0.786676
vt 0.404580 0.806235
vt 0.409570 0.787270
vt 0.407364 0.770255
vt 0.413519 0.771792
vt 0.414372 0.787997
vt 0.417566 0.773045
vt 0.413112 0.755255
vt 0.417972 0.758167
vt 0.421951 0.760443
vt 0.423956 0.773852
vt 0.427858 0.762325
vt 0.423258 0.743124
vt 0.427373 0.745892
vt 0.433349 0.749347
vt 0.436613 0.764426
vt 0.442376 0.752947
vt 0.435555 0.730672
vt 0.443341 0.717704
vt 0.563824 0.371164
vt 0.578911 0.369664
vt 0.579837 0.374227
vt 0.564636 0.368301
vt 0.581888 0.365829
vt 0.455118 0.707691
vt 0.458526 0.707787
vt 0.540127 0.367688
vt 0.539536 0.361787
vt 0.524375 0.367773
vt 0.516793 0.355501
vt 0.524292 0.355687
vt 0.515953 0.366552
vt 0.538782 0.351643
vt 0.509575 0.331830
vt 0.511066 0.354257
vt 0.508783 0.365897
vt 0.506698 0.352657
vt 0.505115 0.364658
vt 0.500291 0.331767
vt 0.504978 0.331923
vt 0.502274 0.350728
vt 0.501424 0.362576
vt 0.497185 0.348794
vt 0.497255 0.372611
vt 0.491204 0.382556
vt 0.488843 0.329388
vt 0.493693 0.329517
vt 0.491987 0.347885
vt 0.480111 0.306948
vt 0.482879 0.302357
vt 0.490053 0.302480
vt 0.468172 0.282556
vt 0.471223 0.279651
vt 0.472449 0.276410
vt 0.494449 0.301145
vt 0.475223 0.272938
vt 0.498413 0.299005
vt 0.451614 0.259970
vt 0.458210 0.258092
vt 0.466217 0.252277
vt 0.479487 0.895665
vt 0.480664 0.888694
vt 0.496771 0.887079
vt 0.497167 0.893085
vt 0.483115 0.876178
vt 0.496199 0.873045
vt 0.483012 0.252840
vt 0.496708 0.846966
vt 0.510322 0.843550
vt 0.508278 0.869379
vt 0.505649 0.809515
vt 0.496082 0.784645
vt 0.576924 0.293039
vt 0.558208 0.288530
vt 0.553384 0.266632
vt 0.580680 0.271114
vt 0.483425 0.774954
vt 0.490055 0.756671
vt 0.504238 0.762479
vt 0.586834 0.300898
vt 0.468815 0.770673
vt 0.473680 0.756618
vt 0.469338 0.738788
vt 0.480819 0.735459
vt 0.455269 0.755297
vt 0.600819 0.330517
vt 0.603019 0.335837
vt 0.449328 0.767116
vt 0.463021 0.780523
vt 0.444526 0.777632
vt 0.432321 0.775252
vt 0.440882 0.789767
vt 0.429483 0.788679
vt 0.420997 0.788369
vt 0.410858 0.806730
vt 0.407986 0.824025
vt 0.402296 0.824348
vt 0.409118 0.837331
vt 0.403305 0.837201
vt 0.406317 0.853362
vt 0.414307 0.853273
vt 0.408928 0.872149
vt 0.415286 0.871744
vt 0.423878 0.870830
vt 0.423600 0.883155
vt 0.437764 0.871531
vt 0.438494 0.882321
vt 0.431300 0.889604
vt 0.440058 0.890657
vt 0.461308 0.876203
vt 0.459904 0.886841
vt 0.457379 0.894509
vt 0.439236 0.895332
vt 0.456640 0.899863
vt 0.478698 0.900718
vt 0.390652 0.287859
vt 0.386005 0.285520
vt 0.419435 0.269850
vt 0.420872 0.273729
vt 0.496337 0.897909
vt 0.452719 0.266240
vt 0.422397 0.277997
vt 0.450766 0.270970
vt 0.398466 0.295294
vt 0.390495 0.294146
vt 0.423536 0.282374
vt 0.447934 0.275068
vt 0.421835 0.286385
vt 0.447080 0.279487
vt 0.466746 0.288235
vt 0.448262 0.283740
vt 0.378303 0.311605
vt 0.369369 0.313764
vt 0.363402 0.312677
vt 0.359794 0.331993
vt 0.359225 0.312293
vt 0.433314 0.896872
vt 0.402365 0.872646
vt 0.401373 0.890472
vt 0.394443 0.874285
vt 0.395992 0.891616
vt 0.396490 0.909626
vt 0.389863 0.893755
vt 0.398671 0.908518
vt 0.401499 0.907006
vt 0.394265 0.911227
vt 0.384935 0.896954
vt 0.379241 0.902523
vt 0.373979 0.909622
vt 0.363854 0.897653
vt 0.370611 0.917251
vt 0.359399 0.905842
vt 0.348875 0.898497
vt 0.354571 0.911480
vt 0.342830 0.905879
vt 0.160621 0.466226
vt 0.164236 0.464754
vt 0.171245 0.478247
vt 0.181083 0.489789
vt 0.178093 0.475368
vt 0.191136 0.501979
vt 0.378739 0.924570
vt 0.202655 0.509141
vt 0.355500 0.397226
vt 0.359799 0.394495
vt 0.363633 0.391318
vt 0.345955 0.392162
vt 0.348187 0.389947
vt 0.456097 0.919499
vt 0.418593 0.920506
vt 0.413938 0.920341
vt 0.960584 0.080216
vt 0.955461 0.078945
vt 0.968444 0.085333
vt 0.414332 0.908002
vt 0.415603 0.907873
vt 0.414428 0.058751
vt 0.528853 0.884208
vt 0.534376 0.879497
vt 0.871599 0.835836
vt 0.890017 0.833407
vt 0.888964 0.830084
vt 0.871254 0.829884
vt 0.855450 0.833519
vt 0.853625 0.826081
vt 0.871854 0.821183
vt 0.854034 0.816348
vt 0.841814 0.831899
vt 0.840249 0.822743
vt 0.840018 0.814825
vt 0.856553 0.808781
vt 0.842023 0.805476
vt 0.818672 0.818202
vt 0.818957 0.810339
vt 0.820270 0.800596
vt 0.845922 0.796623
vt 0.823195 0.789624
vt 0.796278 0.800694
vt 0.797938 0.791564
vt 0.800468 0.780854
vt 0.827048 0.779145
vt 0.804766 0.768258
vt 0.781785 0.778514
vt 0.785465 0.770882
vt 0.791556 0.759473
vt 0.315037 0.264969
vt 0.296497 0.279460
vt 0.285996 0.266514
vt 0.305082 0.248835
vt 0.772332 0.762408
vt 0.779901 0.752556
vt 0.804766 0.733878
vt 0.763513 0.767828
vt 0.779051 0.790013
vt 0.761205 0.781719
vt 0.777640 0.803493
vt 0.760790 0.801861
vt 0.737444 0.802714
vt 0.763314 0.816300
vt 0.741465 0.821029
vt 0.718248 0.822315
vt 0.716260 0.805818
vt 0.695666 0.827070
vt 0.692688 0.813486
vt 0.690541 0.800804
vt 0.686920 0.787051
vt 0.667882 0.824370
vt 0.667402 0.835770
vt 0.641680 0.845885
vt 0.640049 0.835896
vt 0.612953 0.848445
vt 0.586131 0.860647
vt 0.584658 0.854124
vt 0.582119 0.847716
vt 0.559372 0.869314
vt 0.557701 0.863259
vt 0.555270 0.856573
vt 0.532827 0.871752
vt 0.529196 0.866904
vt 0.523620 0.863601
vt 0.521639 0.860214
vt 0.875033 0.813509
vt 0.896381 0.813061
vt 0.893538 0.819044
vt 0.277771 0.868153
vt 0.280211 0.867972
vt 0.283661 0.885684
vt 0.889789 0.824362
vt 0.520217 0.858725
vt 0.276487 0.870547
vt 0.222005 0.746034
vt 0.220753 0.748884
vt 0.199345 0.740904
vt 0.199623 0.737006
vt 0.272075 0.889716
vt 0.273774 0.870700
vt 0.268015 0.870112
vt 0.264431 0.886284
vt 0.269958 0.898467
vt 0.262793 0.895653
vt 0.269770 0.906002
vt 0.261443 0.903645
vt 0.248599 0.897858
vt 0.234746 0.888245
vt 0.258967 0.910580
vt 0.245826 0.904522
vt 0.927446 0.994840
vt 0.921847 0.994272
vt 0.253880 0.917971
vt 0.241828 0.909185
vt 0.762564 0.251692
vt 0.782537 0.249460
vt 0.782019 0.254048
vt 0.800617 0.249634
vt 0.269055 0.913093
vt 0.238691 0.928478
vt 0.274743 0.913928
vt 0.223376 0.737324
vt 0.200583 0.728590
vt 0.244248 0.742803
vt 0.258353 0.727621
vt 0.263171 0.750461
vt 0.533833 0.876877
vt 0.668550 0.849761
vt 0.638461 0.862069
vt 0.671710 0.861575
vt 0.696825 0.840118
vt 0.699545 0.850231
vt 0.720491 0.835062
vt 0.722285 0.845103
vt 0.726153 0.862692
vt 0.703986 0.868807
vt 0.679222 0.872758
vt 0.731174 0.883297
vt 0.707428 0.886791
vt 0.682965 0.889886
vt 0.734103 0.896422
vt 0.710770 0.897799
vt 0.687709 0.903414
vt 0.714738 0.907647
vt 0.695554 0.915918
vt 0.660904 0.894818
vt 0.717520 0.914345
vt 0.702626 0.924538
vt 0.692150 0.932760
vt 0.172760 0.545120
vt 0.185724 0.530035
vt 0.179406 0.546762
vt 0.174041 0.566152
vt 0.167819 0.564096
vt 0.159999 0.562190
vt 0.163344 0.543291
vt 0.149483 0.559934
vt 0.152640 0.541173
vt 0.142068 0.558504
vt 0.144876 0.540107
vt 0.129648 0.556530
vt 0.133333 0.539044
vt 0.133292 0.521680
vt 0.108280 0.535416
vt 0.109599 0.519350
vt 0.110374 0.505014
vt 0.082542 0.517556
vt 0.084155 0.502781
vt 0.085460 0.488741
vt 0.110212 0.489438
vt 0.087245 0.474990
vt 0.108774 0.472567
vt 0.074703 0.486140
vt 0.077277 0.471952
vt 0.422815 0.089288
vt 0.424423 0.076187
vt 0.438490 0.081105
vt 0.437475 0.099686
vt 0.070067 0.616890
vt 0.073450 0.603309
vt 0.409017 0.082436
vt 0.411965 0.069727
vt 0.095161 0.596394
vt 0.076481 0.591171
vt 0.109481 0.602385
vt 0.078318 0.578069
vt 0.099389 0.583315
vt 0.116850 0.587764
vt 0.102967 0.567962
vt 0.122491 0.571722
vt 0.136005 0.574383
vt 0.145572 0.576743
vt 0.155479 0.579011
vt 0.159060 0.593696
vt 0.161990 0.579533
vt 0.774866 0.923076
vt 0.770474 0.931108
vt 0.764390 0.922912
vt 0.767186 0.916235
vt 0.159708 0.605870
vt 0.754998 0.912640
vt 0.753945 0.917912
vt 0.755109 0.906163
vt 0.169684 0.579728
vt 0.736566 0.903759
vt 0.738066 0.910255
vt 0.754342 0.899780
vt 0.753358 0.882990
vt 0.770314 0.859787
vt 0.748205 0.859430
vt 0.782932 0.850674
vt 0.787398 0.863821
vt 0.768305 0.846465
vt 0.747044 0.843981
vt 0.766324 0.832768
vt 0.745884 0.833328
vt 0.777198 0.817210
vt 0.778920 0.834411
vt 0.792435 0.821659
vt 0.820214 0.828272
vt 0.794075 0.810868
vt 0.781243 0.930223
vt 0.775864 0.937850
vt 0.158475 0.615849
vt 0.162641 0.614015
vt 0.792132 0.933152
vt 0.806113 0.940762
vt 0.794574 0.939164
vt 0.802654 0.933369
vt 0.135469 0.057437
vt 0.134195 0.067863
vt 0.127653 0.069268
vt 0.128129 0.056722
vt 0.144635 0.058570
vt 0.144005 0.067830
vt 0.143197 0.074079
vt 0.157608 0.069007
vt 0.156142 0.075998
vt 0.153998 0.080746
vt 0.173171 0.078799
vt 0.171060 0.084779
vt 0.168668 0.089559
vt 0.152392 0.085553
vt 0.167029 0.094193
vt 0.152105 0.089224
vt 0.601297 0.058202
vt 0.599272 0.054840
vt 0.606913 0.051795
vt 0.609766 0.053721
vt 0.626768 0.050990
vt 0.611519 0.057918
vt 0.624220 0.045918
vt 0.601966 0.061480
vt 0.629038 0.057178
vt 0.612965 0.062802
vt 0.603139 0.064983
vt 0.629747 0.065641
vt 0.613751 0.069004
vt 0.629754 0.076743
vt 0.613683 0.079185
vt 0.630367 0.087531
vt 0.612676 0.090229
vt 0.632357 0.094451
vt 0.651762 0.078948
vt 0.634701 0.101523
vt 0.202501 0.052214
vt 0.181396 0.043667
vt 0.182042 0.036365
vt 0.204336 0.046445
vt 0.199957 0.057757
vt 0.180019 0.049504
vt 0.197024 0.064599
vt 0.176243 0.056280
vt 0.157398 0.050585
vt 0.174405 0.063504
vt 0.157056 0.060320
vt 0.173865 0.071580
vt 0.194523 0.070181
vt 0.191619 0.077740
vt 0.188482 0.084215
vt 0.185847 0.090770
vt 0.183184 0.095978
vt 0.181406 0.100077
vt 0.639549 0.043419
vt 0.636931 0.038449
vt 0.645145 0.032825
vt 0.642600 0.049819
vt 0.655895 0.052194
vt 0.646134 0.059017
vt 0.660838 0.063202
vt 0.648689 0.070738
vt 0.666468 0.071097
vt 0.662181 0.046500
vt 0.667040 0.041805
vt 0.204658 0.079087
vt 0.654878 0.974791
vt 0.658399 0.983294
vt 0.652534 0.987470
vt 0.210866 0.084490
vt 0.207892 0.072992
vt 0.649122 0.969826
vt 0.654992 0.968637
vt 0.658955 0.969962
vt 0.645937 0.991013
vt 0.211841 0.067585
vt 0.215966 0.063844
vt 0.106170 0.551246
vt 0.079442 0.562850
vt 0.079723 0.546963
vt 0.080379 0.533446
vt 0.362439 0.066712
vt 0.347610 0.064517
vt 0.353931 0.055741
vt 0.365855 0.056364
vt 0.070589 0.515935
vt 0.071786 0.528691
vt 0.345603 0.071338
vt 0.329373 0.067950
vt 0.332270 0.063293
vt 0.065649 0.498585
vt 0.072505 0.500707
vt 0.066472 0.513309
vt 0.068327 0.483428
vt 0.312366 0.072476
vt 0.296720 0.069647
vt 0.295705 0.059858
vt 0.312584 0.064443
vt 0.283461 0.069093
vt 0.279892 0.058041
vt 0.070332 0.468173
vt 0.412630 0.107192
vt 0.418764 0.097028
vt 0.432944 0.108310
vt 0.424356 0.115073
vt 0.400594 0.100615
vt 0.405561 0.089867
vt 0.388680 0.093595
vt 0.392359 0.083744
vt 0.395178 0.076685
vt 0.398426 0.063982
vt 0.375911 0.076739
vt 0.378235 0.070117
vt 0.382546 0.058986
vt 0.360606 0.073000
vt 0.372371 0.087495
vt 0.357185 0.083444
vt 0.342309 0.079942
vt 0.351630 0.100494
vt 0.337776 0.096826
vt 0.324967 0.093673
vt 0.327724 0.076069
vt 0.311681 0.090445
vt 0.320653 0.115222
vt 0.308901 0.112501
vt 0.296958 0.111255
vt 0.297941 0.088616
vt 0.285499 0.110450
vt 0.283542 0.087655
vt 0.391466 0.136541
vt 0.402074 0.122466
vt 0.413351 0.128848
vt 0.400034 0.141826
vt 0.381547 0.132750
vt 0.390682 0.116451
vt 0.370520 0.129617
vt 0.378782 0.109546
vt 0.359010 0.125161
vt 0.365411 0.105036
vt 0.345699 0.120829
vt 0.357480 0.135961
vt 0.332754 0.116741
vt 0.369349 0.138341
vt 0.378756 0.140641
vt 0.387580 0.144201
vt 0.893924 0.975582
vt 0.899830 0.966956
vt 0.916473 0.975273
vt 0.912740 0.984948
vt 0.908678 0.995000
vt 0.889570 0.985461
vt 0.277984 0.138936
vt 0.282531 0.120947
vt 0.397152 0.147975
vt 0.325064 0.296888
vt 0.333805 0.260495
vt 0.314309 0.300010
vt 0.324595 0.323541
vt 0.320463 0.347490
vt 0.850807 0.792770
vt 0.345178 0.262872
vt 0.355913 0.264862
vt 0.356891 0.233812
vt 0.355775 0.204181
vt 0.366532 0.205731
vt 0.354798 0.172769
vt 0.361726 0.177697
vt 0.367941 0.180587
vt 0.363836 0.159047
vt 0.366710 0.158257
vt 0.369703 0.160385
vt 0.374252 0.178566
vt 0.249218 0.134643
vt 0.253214 0.154778
vt 0.250311 0.156343
vt 0.246112 0.135740
vt 0.378549 0.179086
vt 0.379505 0.162189
vt 0.381557 0.177690
vt 0.376084 0.163534
vt 0.730246 0.967619
vt 0.742433 0.981764
vt 0.727857 0.974891
vt 0.385271 0.173285
vt 0.709224 0.969533
vt 0.709883 0.964912
vt 0.709872 0.960128
vt 0.731117 0.959723
vt 0.708403 0.954330
vt 0.694656 0.960180
vt 0.694333 0.955706
vt 0.693294 0.951202
vt 0.707141 0.948592
vt 0.691559 0.947114
vt 0.706006 0.942825
vt 0.725911 0.936905
vt 0.704509 0.937983
vt 0.723527 0.929916
vt 0.741758 0.919044
vt 0.743649 0.927601
vt 0.721092 0.924741
vt 0.738124 0.912879
vt 0.350965 0.169676
vt 0.702635 0.934155
vt 0.365594 0.141166
vt 0.360643 0.155826
vt 0.363033 0.140018
vt 0.233153 0.098298
vt 0.229049 0.110598
vt 0.224256 0.108687
vt 0.235626 0.102746
vt 0.234155 0.112280
vt 0.367526 0.141894
vt 0.240466 0.098400
vt 0.240288 0.113226
vt 0.370239 0.142082
vt 0.244378 0.111000
vt 0.247436 0.109942
vt 0.376758 0.146807
vt 0.378571 0.147049
vt 0.691038 0.943162
vt 0.689720 0.940629
vt 0.685678 0.956711
vt 0.683817 0.953710
vt 0.682165 0.949600
vt 0.224486 0.075242
vt 0.230712 0.071930
vt 0.679266 0.960389
vt 0.685992 0.960328
vt 0.679372 0.963428
vt 0.686016 0.963404
vt 0.694640 0.964285
vt 0.695043 0.967731
vt 0.294677 0.238575
vt 0.513004 0.863060
vt 0.524057 0.822334
vt 0.612862 0.717884
vt 0.315157 0.019561
vt 0.315325 0.034392
vt 0.232335 0.840168
vt 0.255375 0.843268
vt 0.214123 0.862266
vt 0.211690 0.853813
vt 0.210269 0.846861
vt 0.221698 0.830442
vt 0.188302 0.859637
vt 0.199952 0.824147
vt 0.805934 0.081017
vt 0.825444 0.093936
vt 0.013053 0.675269
vt 0.015295 0.675396
vt 0.238903 0.979193
vt 0.238580 0.985513
vt 0.571149 0.400049
vt 0.580068 0.400977
vt 0.581611 0.403465
vt 0.574020 0.404596
vt 0.473038 0.112294
vt 0.474099 0.106966
vt 0.470045 0.104988
vt 0.424814 0.031032
vt 0.424350 0.025404
vt 0.860341 0.915015
vt 0.584620 0.345712
vt 0.278655 0.946760
vt 0.279860 0.944058
vt 0.280281 0.938867
vt 0.287129 0.944256
vt 0.593616 0.113311
vt 0.595426 0.116980
vt 0.593263 0.116568
vt 0.428937 0.343806
vt 0.434097 0.330939
vt 0.419701 0.341176
vt 0.437698 0.321282
vt 0.763768 0.298230
vt 0.956130 0.986120
vt 0.951871 0.991688
vt 0.945686 0.989373
vt 0.951142 0.981333
vt 0.967517 0.981977
vt 0.958816 0.987978
vt 0.964485 0.978894
vt 0.178583 0.691283
vt 0.180133 0.690130
vt 0.960202 0.973454
vt 0.977823 0.966309
vt 0.971523 0.961033
vt 0.965029 0.956671
vt 0.628366 0.971956
vt 0.620184 0.985346
vt 0.958805 0.952831
vt 0.615324 0.989802
vt 0.953503 0.950525
vt 0.612167 0.993271
vt 0.948726 0.947720
vt 0.608777 0.994939
vt 0.945105 0.943948
vt 0.613754 0.921878
vt 0.616299 0.926100
vt 0.936729 0.948762
vt 0.941643 0.939926
vt 0.623213 0.932180
vt 0.638344 0.927885
vt 0.631498 0.938531
vt 0.635616 0.924970
vt 0.620415 0.939329
vt 0.638060 0.947558
vt 0.625260 0.947995
vt 0.633353 0.956612
vt 0.623806 0.956336
vt 0.970890 0.986444
vt 0.980742 0.970179
vt 0.983775 0.976183
vt 0.179318 0.686072
vt 0.180890 0.688054
vt 0.171081 0.690297
vt 0.171540 0.687375
vt 0.963394 0.991399
vt 0.180618 0.682811
vt 0.930819 0.954817
vt 0.177422 0.682785
vt 0.175677 0.686401
vt 0.655143 0.786744
vt 0.666462 0.762437
vt 0.651313 0.781850
vt 0.584291 0.453873
vt 0.608832 0.435266
vt 0.608838 0.435964
vt 0.684875 0.740299
vt 0.648231 0.777278
vt 0.645194 0.772622
vt 0.565913 0.464657
vt 0.153333 0.680901
vt 0.726247 0.252032
vt 0.726699 0.254663
vt 0.750519 0.253558
vt 0.741293 0.255826
vt 0.728155 0.258940
vt 0.729103 0.263504
vt 0.730406 0.269584
vt 0.712689 0.274328
vt 0.692355 0.279439
vt 0.730691 0.280438
vt 0.711304 0.285665
vt 0.689904 0.289726
vt 0.675436 0.282322
vt 0.669999 0.291950
vt 0.667731 0.303935
vt 0.650687 0.292443
vt 0.646722 0.300043
vt 0.642198 0.307231
vt 0.324695 0.394886
vt 0.301692 0.391796
vt 0.349192 0.403990
vt 0.625311 0.292637
vt 0.627362 0.290025
vt 0.605508 0.273886
vt 0.604725 0.277552
vt 0.623405 0.295244
vt 0.603532 0.279806
vt 0.584864 0.263077
vt 0.582335 0.263634
vt 0.622398 0.298109
vt 0.602162 0.282076
vt 0.262901 0.389325
vt 0.271191 0.365593
vt 0.251651 0.416278
vt 0.634929 0.310484
vt 0.585585 0.260198
vt 0.574048 0.256214
vt 0.584039 0.255715
vt 0.604807 0.269234
vt 0.259698 0.422250
vt 0.275947 0.397708
vt 0.279649 0.403026
vt 0.260466 0.426234
vt 0.627617 0.284733
vt 0.248132 0.438686
vt 0.679363 0.274647
vt 0.275634 0.247731
vt 0.279630 0.242118
vt 0.279483 0.256957
vt 0.275464 0.262961
vt 0.714387 0.251525
vt 0.276025 0.283555
vt 0.270391 0.266697
vt 0.280104 0.308601
vt 0.292256 0.317597
vt 0.287647 0.324062
vt 0.561591 0.946724
vt 0.579329 0.945292
vt 0.558276 0.955539
vt 0.550147 0.955295
vt 0.552671 0.958793
vt 0.266544 0.249796
vt 0.270865 0.254089
vt 0.265623 0.262042
vt 0.184656 0.671399
vt 0.182117 0.674137
vt 0.178775 0.671517
vt 0.261678 0.235997
vt 0.266224 0.237104
vt 0.264700 0.241879
vt 0.260435 0.238791
vt 0.260336 0.248276
vt 0.252183 0.230361
vt 0.253194 0.241346
vt 0.259617 0.258656
vt 0.251236 0.252441
vt 0.243717 0.233454
vt 0.242077 0.239868
vt 0.259850 0.276090
vt 0.251456 0.270402
vt 0.742760 0.105642
vt 0.755339 0.106475
vt 0.755691 0.117212
vt 0.742402 0.116529
vt 0.753017 0.094013
vt 0.742347 0.094197
vt 0.721776 0.111439
vt 0.724340 0.101366
vt 0.723953 0.091555
vt 0.743912 0.084303
vt 0.723981 0.082695
vt 0.707003 0.088605
vt 0.707040 0.080762
vt 0.724392 0.074718
vt 0.710478 0.074863
vt 0.689891 0.359961
vt 0.691131 0.364548
vt 0.726335 0.323468
vt 0.735049 0.328546
vt 0.710050 0.346353
vt 0.703113 0.341123
vt 0.749531 0.076495
vt 0.740367 0.123976
vt 0.413207 0.245028
vt 0.427864 0.247549
vt 0.426169 0.251202
vt 0.445831 0.249768
vt 0.436953 0.254823
vt 0.751981 0.083162
vt 0.414692 0.241183
vt 0.428703 0.243936
vt 0.448426 0.247471
vt 0.436214 0.242413
vt 0.450693 0.245717
vt 0.471651 0.246355
vt 0.470243 0.249376
vt 0.243477 0.228355
vt 0.451648 0.243473
vt 0.469285 0.243967
vt 0.181664 0.669339
vt 0.181110 0.670921
vt 0.171526 0.669616
vt 0.172086 0.667557
vt 0.253053 0.226972
vt 0.478859 0.237653
vt 0.482831 0.240827
vt 0.490941 0.233761
vt 0.499372 0.238186
vt 0.475805 0.234522
vt 0.483027 0.231095
vt 0.483723 0.225025
vt 0.471311 0.229059
vt 0.435572 0.238927
vt 0.425336 0.227982
vt 0.420724 0.232742
vt 0.416942 0.237581
vt 0.411366 0.223899
vt 0.405452 0.227950
vt 0.415040 0.212982
vt 0.419400 0.220101
vt 0.429226 0.209670
vt 0.430700 0.216311
vt 0.434344 0.224178
vt 0.444812 0.214286
vt 0.448633 0.221033
vt 0.186721 0.609048
vt 0.191164 0.601725
vt 0.187262 0.621047
vt 0.208814 0.593694
vt 0.193405 0.593343
vt 0.185184 0.589382
vt 0.181352 0.594733
vt 0.190599 0.582562
vt 0.194509 0.578429
vt 0.179998 0.578892
vt 0.182888 0.575241
vt 0.186536 0.570843
vt 0.494034 0.118617
vt 0.177883 0.564569
vt 0.181853 0.559846
vt 0.509644 0.120031
vt 0.412763 0.207113
vt 0.739823 0.130380
vt 0.582436 0.979160
vt 0.564237 0.957959
vt 0.558234 0.960840
vt 0.388870 0.276036
vt 0.774746 0.046704
vt 0.797892 0.046170
vt 0.823642 0.030695
vt 0.816237 0.039796
vt 0.812439 0.048925
vt 0.796578 0.056806
vt 0.810498 0.057216
vt 0.734107 0.690912
vt 0.733094 0.698207
vt 0.726276 0.690713
vt 0.733156 0.685837
vt 0.721676 0.694620
vt 0.719671 0.686338
vt 0.737967 0.700674
vt 0.748153 0.048215
vt 0.739429 0.062126
vt 0.730247 0.050981
vt 0.718442 0.041213
vt 0.740570 0.151364
vt 0.748945 0.144615
vt 0.751268 0.153381
vt 0.744064 0.158085
vt 0.756376 0.140088
vt 0.709561 0.035811
vt 0.764862 0.137697
vt 0.285344 0.194329
vt 0.289490 0.199005
vt 0.732374 0.146889
vt 0.712209 0.148690
vt 0.727665 0.141447
vt 0.725473 0.136728
vt 0.730735 0.063565
vt 0.721673 0.057553
vt 0.318398 0.876271
vt 0.323068 0.887755
vt 0.324907 0.892299
vt 0.156312 0.468395
vt 0.096573 0.633227
vt 0.881389 0.927790
vt 0.874153 0.922316
vt 0.061605 0.033151
vt 0.027445 0.707744
vt 0.050381 0.034316
vt 0.052164 0.044094
vt 0.630872 0.974618
vt 0.635580 0.962983
vt 0.641241 0.949890
vt 0.645322 0.961736
vt 0.655145 0.963647
vt 0.653012 0.954144
vt 0.220760 0.097859
vt 0.220711 0.093281
vt 0.837406 0.025282
vt 0.846289 0.018321
vt 0.845148 0.022558
vt 0.337813 0.942149
vt 0.331806 0.940804
vt 0.325775 0.937998
vt 0.328002 0.922372
vt 0.380336 0.938074
vt 0.379867 0.955804
vt 0.374924 0.974454
vt 0.334347 0.957957
vt 0.347004 0.944546
vt 0.329119 0.972746
vt 0.327626 0.985200
vt 0.320927 0.982087
vt 0.068070 0.897704
vt 0.075487 0.889079
vt 0.079160 0.905844
vt 0.074930 0.911173
vt 0.785503 0.085430
vt 0.798300 0.076825
vt 0.799685 0.082161
vt 0.792091 0.090313
vt 0.067335 0.875708
vt 0.069950 0.863182
vt 0.081318 0.881129
vt 0.774112 0.096972
vt 0.061256 0.883950
vt 0.054367 0.890596
vt 0.060448 0.904546
vt 0.046195 0.895146
vt 0.051984 0.908446
vt 0.069264 0.917669
vt 0.062884 0.921882
vt 0.038416 0.897040
vt 0.042037 0.909347
vt 0.052383 0.926436
vt 0.047424 0.928244
vt 0.033056 0.910860
vt 0.027102 0.896486
vt 0.020492 0.890607
vt 0.017881 0.912941
vt 0.033863 0.928361
vt 0.716333 0.674371
vt 0.713847 0.674257
vt 0.714893 0.659352
vt 0.715704 0.659105
vt 0.537758 0.465518
vt 0.540109 0.453567
vt 0.542626 0.462278
vt 0.542023 0.468947
vt 0.537304 0.473057
vt 0.531016 0.477702
vt 0.530844 0.471950
vt 0.523638 0.479724
vt 0.523481 0.474236
vt 0.512925 0.481571
vt 0.513876 0.473310
vt 0.519266 0.466984
vt 0.522625 0.485602
vt 0.510654 0.489773
vt 0.177794 0.148713
vt 0.175980 0.141222
vt 0.521087 0.491341
vt 0.504530 0.493146
vt 0.508984 0.483357
vt 0.511274 0.482599
vt 0.182907 0.112580
vt 0.195401 0.121639
vt 0.191841 0.130995
vt 0.181277 0.113672
vt 0.207357 0.123711
vt 0.208796 0.128353
vt 0.224739 0.126137
vt 0.223167 0.130573
vt 0.224659 0.145046
vt 0.214462 0.117333
vt 0.231289 0.124446
vt 0.220212 0.109463
vt 0.236947 0.124279
vt 0.445107 0.514110
vt 0.241303 0.132300
vt 0.195722 0.117863
vt 0.204037 0.110805
vt 0.182677 0.107824
vt 0.483419 0.511708
vt 0.499851 0.508051
vt 0.519667 0.496008
vt 0.516485 0.503617
vt 0.504007 0.500824
vt 0.514080 0.511349
vt 0.532242 0.495514
vt 0.531778 0.502265
vt 0.511966 0.521332
vt 0.548335 0.486074
vt 0.549469 0.491776
vt 0.567189 0.485364
vt 0.580304 0.484636
vt 0.569391 0.501981
vt 0.550389 0.524236
vt 0.531802 0.543392
vt 0.529155 0.539706
vt 0.714817 0.685679
vt 0.711385 0.685485
vt 0.723092 0.674370
vt 0.068043 0.934642
vt 0.061401 0.937182
vt 0.246902 0.674662
vt 0.144767 0.709316
vt 0.136384 0.702957
vt 0.158977 0.699716
vt 0.158913 0.703416
vt 0.311042 0.715277
vt 0.307104 0.721319
vt 0.306039 0.725195
vt 0.976397 0.942067
vt 0.965619 0.942911
vt 0.967123 0.937780
vt 0.083565 0.904113
vt 0.079754 0.892835
vt 0.951893 0.932755
vt 0.952184 0.937711
vt 0.968623 0.932172
vt 0.952302 0.926855
vt 0.937553 0.937607
vt 0.937419 0.931848
vt 0.937422 0.923517
vt 0.954837 0.919595
vt 0.941600 0.915131
vt 0.927797 0.932842
vt 0.927431 0.921415
vt 0.933511 0.910359
vt 0.951239 0.902553
vt 0.945117 0.897394
vt 0.069294 0.706906
vt 0.065765 0.695817
vt 0.077424 0.723228
vt 0.071256 0.723893
vt 0.075706 0.743467
vt 0.079267 0.738315
vt 0.083521 0.722087
vt 0.090814 0.721380
vt 0.101706 0.724019
vt 0.094295 0.745133
vt 0.089804 0.763281
vt 0.110613 0.729699
vt 0.101205 0.747935
vt 0.095289 0.763593
vt 0.119109 0.735294
vt 0.108751 0.751726
vt 0.100669 0.759948
vt 0.126710 0.739456
vt 0.113085 0.755054
vt 0.103419 0.762408
vt 0.981651 0.910804
vt 0.984874 0.889709
vt 0.990587 0.892872
vt 0.989985 0.910933
vt 0.100897 0.769729
vt 0.114606 0.760031
vt 0.972000 0.909476
vt 0.976496 0.889226
vt 0.980895 0.871852
vt 0.986672 0.872404
vt 0.988172 0.859455
vt 0.982895 0.859596
vt 0.968972 0.887047
vt 0.975076 0.870154
vt 0.978076 0.858520
vt 0.984942 0.848515
vt 0.980571 0.847394
vt 0.973828 0.856555
vt 0.977334 0.846512
vt 0.979623 0.837297
vt 0.077486 0.782029
vt 0.074762 0.781020
vt 0.072456 0.791054
vt 0.079692 0.782383
vt 0.990161 0.837689
vt 0.989150 0.848204
vt 0.960080 0.907020
vt 0.969975 0.923381
vt 0.981817 0.926182
vt 0.980079 0.937802
vt 0.989596 0.928589
vt 0.129088 0.720677
vt 0.134589 0.725696
vt 0.144999 0.716809
vt 0.121633 0.714103
vt 0.085798 0.774041
vt 0.089583 0.775281
vt 0.081627 0.783650
vt 0.085054 0.782072
vt 0.919261 0.924625
vt 0.926391 0.940602
vt 0.078383 0.930813
vt 0.074826 0.928750
vt 0.080932 0.918229
vt 0.079541 0.950514
vt 0.083997 0.936732
vt 0.076241 0.960549
vt 0.090570 0.651182
vt 0.079213 0.648897
vt 0.070360 0.653644
vt 0.071039 0.644372
vt 0.068479 0.638190
vt 0.603557 0.478348
vt 0.072536 0.964676
vt 0.065598 0.959765
vt 0.308554 0.705214
vt 0.310816 0.692352
vt 0.295371 0.669084
vt 0.315909 0.675458
vt 0.095687 0.841488
vt 0.102438 0.860964
vt 0.085938 0.858679
vt 0.082713 0.842856
vt 0.109382 0.834534
vt 0.113915 0.853781
vt 0.117522 0.863288
vt 0.120593 0.847376
vt 0.124784 0.857616
vt 0.523752 0.250711
vt 0.527429 0.263703
vt 0.530671 0.252579
vt 0.532185 0.264605
vt 0.514880 0.235505
vt 0.523632 0.237556
vt 0.529949 0.239133
vt 0.523063 0.226828
vt 0.530294 0.229726
vt 0.396102 0.664521
vt 0.413889 0.666875
vt 0.407958 0.674461
vt 0.393955 0.672402
vt 0.382877 0.673439
vt 0.384957 0.663012
vt 0.389273 0.647201
vt 0.375936 0.657498
vt 0.380496 0.640652
vt 0.394800 0.627400
vt 0.402636 0.631968
vt 0.416167 0.615363
vt 0.425832 0.620664
vt 0.435698 0.606078
vt 0.443098 0.611289
vt 0.449057 0.618179
vt 0.455417 0.630242
vt 0.412772 0.607768
vt 0.430804 0.598998
vt 0.409566 0.602052
vt 0.390912 0.621266
vt 0.389896 0.615616
vt 0.387876 0.605908
vt 0.408756 0.593140
vt 0.387503 0.596381
vt 0.407229 0.585633
vt 0.369635 0.612442
vt 0.370066 0.600496
vt 0.370150 0.587359
vt 0.548732 0.190245
vt 0.550559 0.183594
vt 0.566960 0.187991
vt 0.566088 0.191585
vt 0.351783 0.570966
vt 0.372508 0.575817
vt 0.348161 0.576618
vt 0.356824 0.561516
vt 0.378936 0.566216
vt 0.365948 0.551387
vt 0.386825 0.555294
vt 0.408455 0.556269
vt 0.394161 0.547111
vt 0.415901 0.549341
vt 0.430893 0.556323
vt 0.424097 0.561876
vt 0.442310 0.563594
vt 0.434631 0.568397
vt 0.435757 0.551164
vt 0.449412 0.560071
vt 0.461102 0.567050
vt 0.453095 0.554866
vt 0.464901 0.562610
vt 0.454005 0.548710
vt 0.466667 0.558022
vt 0.477905 0.560397
vt 0.468311 0.549471
vt 0.455038 0.540128
vt 0.485828 0.560223
vt 0.486847 0.568154
vt 0.493229 0.567647
vt 0.418918 0.542919
vt 0.395725 0.540144
vt 0.372182 0.542360
vt 0.532371 0.149918
vt 0.533479 0.138336
vt 0.560441 0.138638
vt 0.558303 0.150915
vt 0.561338 0.129583
vt 0.507716 0.150741
vt 0.508131 0.140194
vt 0.485685 0.151712
vt 0.467406 0.154444
vt 0.486591 0.163236
vt 0.507618 0.163234
vt 0.487589 0.173024
vt 0.508251 0.173133
vt 0.531200 0.163673
vt 0.530106 0.174761
vt 0.508874 0.180451
vt 0.529665 0.181848
vt 0.555459 0.165838
vt 0.552610 0.176495
vt 0.492217 0.188559
vt 0.489217 0.181131
vt 0.510080 0.187219
vt 0.529458 0.188412
vt 0.528746 0.195372
vt 0.545209 0.198053
vt 0.528291 0.203216
vt 0.544913 0.204822
vt 0.352785 0.616347
vt 0.350261 0.610447
vt 0.562052 0.208343
vt 0.563516 0.203586
vt 0.544093 0.208853
vt 0.560529 0.211177
vt 0.369908 0.625065
vt 0.372718 0.632143
vt 0.529496 0.215299
vt 0.528838 0.208802
vt 0.542147 0.214186
vt 0.367649 0.649560
vt 0.521775 0.218739
vt 0.529763 0.221798
vt 0.371596 0.669304
vt 0.513529 0.222918
vt 0.509739 0.216325
vt 0.500956 0.219000
vt 0.499475 0.211799
vt 0.903634 0.045168
vt 0.897265 0.047504
vt 0.891952 0.027835
vt 0.898157 0.025850
vt 0.909642 0.063555
vt 0.904128 0.066795
vt 0.897652 0.070677
vt 0.413561 0.166456
vt 0.416300 0.164091
vt 0.422998 0.171782
vt 0.414122 0.173796
vt 0.418454 0.162577
vt 0.427011 0.171434
vt 0.893542 0.073064
vt 0.422525 0.161331
vt 0.429556 0.169762
vt 0.888052 0.074543
vt 0.430741 0.159919
vt 0.439481 0.170068
vt 0.876055 0.058063
vt 0.880739 0.076067
vt 0.873967 0.077219
vt 0.870050 0.061949
vt 0.471046 0.185357
vt 0.473282 0.189838
vt 0.407892 0.155203
vt 0.918263 0.059903
vt 0.912767 0.042377
vt 0.907284 0.023207
vt 0.503213 0.227448
vt 0.928847 0.057573
vt 0.448440 0.154260
vt 0.966520 0.054163
vt 0.970491 0.054382
vt 0.974485 0.063529
vt 0.178807 0.470319
vt 0.168484 0.465652
vt 0.170464 0.453080
vt 0.091973 0.825402
vt 0.112978 0.816735
vt 0.169274 0.436242
vt 0.146060 0.415287
vt 0.170524 0.418038
vt 0.143581 0.429820
vt 0.191829 0.419002
vt 0.171015 0.392045
vt 0.191556 0.393235
vt 0.209556 0.393567
vt 0.226465 0.391521
vt 0.247041 0.363063
vt 0.248078 0.386176
vt 0.147256 0.138758
vt 0.171205 0.138641
vt 0.168855 0.160847
vt 0.127784 0.136777
vt 0.127826 0.110107
vt 0.111271 0.133845
vt 0.111321 0.107517
vt 0.109212 0.088168
vt 0.127260 0.089849
vt 0.276927 0.661922
vt 0.281722 0.640663
vt 0.301609 0.650129
vt 0.093317 0.105633
vt 0.090983 0.089670
vt 0.323140 0.655784
vt 0.069891 0.102932
vt 0.066689 0.089224
vt 0.072617 0.818743
vt 0.093414 0.129209
vt 0.070767 0.126501
vt 0.093518 0.153712
vt 0.070173 0.155262
vt 0.170422 0.362132
vt 0.148147 0.390228
vt 0.146594 0.360383
vt 0.092668 0.162725
vt 0.071643 0.174149
vt 0.108355 0.160253
vt 0.109981 0.153689
vt 0.094606 0.167521
vt 0.247076 0.344588
vt 0.166264 0.179949
vt 0.248054 0.329738
vt 0.164888 0.195569
vt 0.229797 0.321413
vt 0.249769 0.318525
vt 0.165457 0.209089
vt 0.249426 0.310079
vt 0.165378 0.219326
vt 0.251071 0.305045
vt 0.209723 0.320046
vt 0.191795 0.317921
vt 0.173704 0.314255
vt 0.153934 0.309538
vt 0.642115 0.385499
vt 0.640671 0.379869
vt 0.638605 0.373502
vt 0.665191 0.126461
vt 0.665635 0.120672
vt 0.628519 0.405653
vt 0.625312 0.404933
vt 0.645046 0.119980
vt 0.644237 0.124009
vt 0.629047 0.123165
vt 0.630266 0.119877
vt 0.617436 0.122619
vt 0.618857 0.120273
vt 0.619441 0.117661
vt 0.619768 0.115454
vt 0.617245 0.461547
vt 0.616855 0.456584
vt 0.618869 0.455883
vt 0.620461 0.459132
vt 0.623157 0.447987
vt 0.611973 0.120488
vt 0.613787 0.119186
vt 0.621828 0.427894
vt 0.619579 0.427874
vt 0.620023 0.443417
vt 0.526423 0.119200
vt 0.366750 0.988904
vt 0.120030 0.940701
vt 0.124308 0.925969
vt 0.132179 0.907478
vt 0.141076 0.889695
vt 0.151379 0.878001
vt 0.174080 0.891114
vt 0.195357 0.903962
vt 0.486968 0.693000
vt 0.465879 0.691676
vt 0.500016 0.689421
vt 0.204474 0.908977
vt 0.506259 0.695284
vt 0.752024 0.218194
vt 0.756091 0.213833
vt 0.958963 0.274537
vt 0.960037 0.280744
vt 0.943197 0.281462
vt 0.785156 0.214550
vt 0.762598 0.204267
vt 0.805097 0.209515
vt 0.805416 0.221990
vt 0.789529 0.196831
vt 0.768410 0.188443
vt 0.824508 0.219102
vt 0.823117 0.225941
vt 0.811741 0.249600
vt 0.836105 0.216973
vt 0.824541 0.214339
vt 0.850098 0.213629
vt 0.824358 0.209085
vt 0.826735 0.201603
vt 0.829463 0.187480
vt 0.779699 0.170287
vt 0.741900 0.071204
vt 0.676656 0.165784
vt 0.295215 0.211318
vt 0.296077 0.206323
vt 0.770483 0.122848
vt 0.237338 0.093726
vt 0.292573 0.214091
vt 0.295607 0.217712
vt 0.642775 0.145109
vt 0.063244 0.847038
vt 0.071375 0.843253
vt 0.650465 0.173901
vt 0.632897 0.165467
vt 0.194531 0.234940
vt 0.188401 0.253014
vt 0.184038 0.253896
vt 0.189339 0.237542
vt 0.199663 0.233290
vt 0.193433 0.252688
vt 0.192713 0.216746
vt 0.199642 0.216688
vt 0.188765 0.199908
vt 0.198182 0.200240
vt 0.663561 0.193815
vt 0.521566 0.450766
vt 0.524128 0.439138
vt 0.531077 0.441923
vt 0.171552 0.282887
vt 0.173095 0.275415
vt 0.606403 0.135229
vt 0.603765 0.138627
vt 0.583676 0.127311
vt 0.021063 0.819635
vt 0.021516 0.804502
vt 0.027598 0.804068
vt 0.027116 0.819963
vt 0.187803 0.284798
vt 0.191516 0.282178
vt 0.171049 0.287671
vt 0.173494 0.290307
vt 0.632662 0.132813
vt 0.959746 0.054498
vt 0.958726 0.060836
vt 0.959761 0.066511
vt 0.957127 0.064571
vt 0.954710 0.060139
vt 0.020387 0.651314
vt 0.023260 0.650420
vt 0.020918 0.837959
vt 0.019369 0.827928
vt 0.018152 0.650041
vt 0.936795 0.063840
vt 0.883341 0.264982
vt 0.909506 0.239334
vt 0.892214 0.235602
vt 0.913981 0.214313
vt 0.897150 0.207466
vt 0.917348 0.200886
vt 0.937841 0.198959
vt 0.934199 0.208505
vt 0.921737 0.191491
vt 0.955717 0.204598
vt 0.952509 0.214326
vt 0.974055 0.210617
vt 0.970877 0.220476
vt 0.977345 0.204122
vt 0.960250 0.197162
vt 0.942704 0.191069
vt 0.965151 0.190603
vt 0.947025 0.184395
vt 0.924987 0.183585
vt 0.928703 0.176788
vt 0.949563 0.178333
vt 0.930933 0.170833
vt 0.907897 0.168306
vt 0.910743 0.161461
vt 0.951532 0.173295
vt 0.975565 0.173139
vt 0.955953 0.166985
vt 0.994969 0.180106
vt 0.991708 0.184290
vt 0.977807 0.170126
vt 0.959900 0.162107
vt 0.980400 0.167010
vt 0.963454 0.156879
vt 0.508118 0.605382
vt 0.512317 0.603217
vt 0.994910 0.178407
vt 0.502774 0.590449
vt 0.496870 0.592804
vt 0.515871 0.600593
vt 0.506967 0.587784
vt 0.963021 0.335816
vt 0.955970 0.336090
vt 0.956056 0.315612
vt 0.961600 0.313428
vt 0.952287 0.336137
vt 0.951573 0.316996
vt 0.954830 0.354428
vt 0.951214 0.353603
vt 0.942677 0.352318
vt 0.949794 0.371671
vt 0.942116 0.370443
vt 0.947459 0.390586
vt 0.938867 0.388602
vt 0.927244 0.385802
vt 0.895670 0.381664
vt 0.935706 0.402093
vt 0.924606 0.399417
vt 0.894431 0.394394
vt 0.872041 0.382123
vt 0.922589 0.412023
vt 0.893151 0.405422
vt 0.555608 0.602900
vt 0.580594 0.585211
vt 0.586656 0.593865
vt 0.561488 0.612735
vt 0.606263 0.582327
vt 0.550934 0.591934
vt 0.572263 0.576226
vt 0.541197 0.614359
vt 0.530915 0.605984
vt 0.532862 0.620010
vt 0.523760 0.611988
vt 0.551005 0.620540
vt 0.544033 0.626272
vt 0.540243 0.628499
vt 0.943969 0.404835
vt 0.948156 0.417121
vt 0.943188 0.415815
vt 0.539826 0.632373
vt 0.934818 0.414241
vt 0.960017 0.354310
vt 0.809016 0.118777
vt 0.812076 0.115274
vt 0.982192 0.196981
vt 0.854290 0.306291
vt 0.816588 0.285270
vt 0.805535 0.273348
vt 0.576559 0.538174
vt 0.591934 0.522197
vt 0.871754 0.325648
vt 0.851442 0.324095
vt 0.608651 0.523976
vt 0.598612 0.512361
vt 0.842526 0.319036
vt 0.613343 0.498792
vt 0.621316 0.483752
vt 0.824350 0.324908
vt 0.828348 0.314382
vt 0.610575 0.469362
vt 0.605041 0.483367
vt 0.624981 0.474577
vt 0.620935 0.463388
vt 0.809164 0.316042
vt 0.800368 0.311818
vt 0.632136 0.472362
vt 0.629104 0.461485
vt 0.788164 0.326137
vt 0.793926 0.310022
vt 0.781484 0.324175
vt 0.787962 0.310051
vt 0.782920 0.343034
vt 0.776508 0.340610
vt 0.767053 0.352520
vt 0.769071 0.338660
vt 0.772772 0.354937
vt 0.773587 0.322899
vt 0.778261 0.358481
vt 0.764276 0.365535
vt 0.744698 0.374237
vt 0.760917 0.361742
vt 0.747356 0.379584
vt 0.707639 0.509974
vt 0.686594 0.502832
vt 0.690070 0.497210
vt 0.713353 0.504853
vt 0.672158 0.496827
vt 0.676168 0.490755
vt 0.682484 0.508614
vt 0.668370 0.502735
vt 0.658580 0.493108
vt 0.662654 0.486012
vt 0.667039 0.478297
vt 0.702240 0.516196
vt 0.730288 0.397595
vt 0.726355 0.385184
vt 0.741970 0.512804
vt 0.722979 0.419998
vt 0.718430 0.411861
vt 0.835403 0.410384
vt 0.827270 0.410711
vt 0.650886 0.574976
vt 0.821067 0.410019
vt 0.656187 0.570457
vt 0.809854 0.401200
vt 0.811576 0.411063
vt 0.665662 0.566509
vt 0.785027 0.397553
vt 0.788745 0.409018
vt 0.794187 0.417360
vt 0.771218 0.416810
vt 0.773700 0.425180
vt 0.687614 0.548598
vt 0.689955 0.560055
vt 0.708616 0.546951
vt 0.709570 0.558134
vt 0.731437 0.545394
vt 0.745438 0.549092
vt 0.733779 0.541230
vt 0.746891 0.545408
vt 0.756699 0.555275
vt 0.759792 0.548390
vt 0.735638 0.536107
vt 0.728234 0.424762
vt 0.733469 0.426979
vt 0.719184 0.434624
vt 0.716570 0.433817
vt 0.762999 0.569340
vt 0.774730 0.525692
vt 0.766040 0.407916
vt 0.759622 0.425663
vt 0.716416 0.567740
vt 0.760707 0.400609
vt 0.941214 0.067622
vt 0.109760 0.195555
vt 0.117303 0.208427
vt 0.109284 0.208748
vt 0.113076 0.220228
vt 0.108536 0.217018
vt 0.117398 0.221502
vt 0.112920 0.230103
vt 0.110086 0.226743
vt 0.122852 0.222297
vt 0.109389 0.223739
vt 0.141280 0.305109
vt 0.085101 0.232880
vt 0.078275 0.226808
vt 0.913636 0.792590
vt 0.904502 0.795920
vt 0.140125 0.292604
vt 0.148108 0.288773
vt 0.090702 0.241603
vt 0.933820 0.793790
vt 0.167092 0.288288
vt 0.955346 0.790609
vt 0.956671 0.798912
vt 0.958541 0.805903
vt 0.938187 0.800377
vt 0.978063 0.795026
vt 0.977125 0.806198
vt 0.978495 0.813464
vt 0.639141 0.583609
vt 0.644842 0.582252
vt 0.632206 0.583761
vt 0.954123 0.784948
vt 0.977238 0.786240
vt 0.649062 0.581337
vt 0.952941 0.779832
vt 0.973325 0.780955
vt 0.664909 0.594010
vt 0.653393 0.578684
vt 0.973979 0.775728
vt 0.987087 0.788062
vt 0.985461 0.791117
vt 0.673262 0.606511
vt 0.666692 0.607255
vt 0.674494 0.591267
vt 0.674008 0.619935
vt 0.667800 0.620037
vt 0.675578 0.634108
vt 0.667165 0.632951
vt 0.660998 0.632452
vt 0.668550 0.647301
vt 0.661922 0.648125
vt 0.673617 0.657435
vt 0.671775 0.657782
vt 0.677878 0.646325
vt 0.681087 0.657048
vt 0.690414 0.646395
vt 0.691282 0.656650
vt 0.915268 0.753115
vt 0.913326 0.763787
vt 0.897622 0.758936
vt 0.899953 0.748997
vt 0.933734 0.756599
vt 0.932935 0.769911
vt 0.952778 0.758943
vt 0.952861 0.773424
vt 0.973089 0.760026
vt 0.954019 0.734466
vt 0.971154 0.734614
vt 0.689610 0.596113
vt 0.691330 0.584170
vt 0.711696 0.585857
vt 0.676921 0.577054
vt 0.690946 0.607836
vt 0.688178 0.621016
vt 0.713891 0.634821
vt 0.688762 0.635093
vt 0.713703 0.647172
vt 0.743513 0.637655
vt 0.712702 0.656863
vt 0.920162 0.730864
vt 0.905844 0.728580
vt 0.936537 0.700588
vt 0.936054 0.732381
vt 0.952714 0.704230
vt 0.967748 0.707610
vt 0.983327 0.683661
vt 0.981217 0.709518
vt 0.981843 0.731493
vt 0.983745 0.671096
vt 0.771021 0.610139
vt 0.771916 0.596556
vt 0.765898 0.625398
vt 0.760951 0.641246
vt 0.252613 0.298049
vt 0.889775 0.799830
vt 0.644390 0.658251
vt 0.934507 0.669030
vt 0.789257 0.585977
vt 0.795790 0.582177
vt 0.085456 0.786343
vt 0.091793 0.777091
vt 0.195923 0.647044
vt 0.692228 0.072804
vt 0.021577 0.822083
vt 0.235674 0.942235
vt 0.980612 0.833061
vt 0.992873 0.829732
vt 0.616391 0.154791
vt 0.011827 0.671507
vt 0.015216 0.670569
vt 0.051923 0.100956
vt 0.632083 0.423447
vt 0.035605 0.332913
vt 0.029768 0.328532
vt 0.075425 0.842071
vt 0.078461 0.851104
vt 0.127128 0.698496
vt 0.136852 0.689970
vt 0.171792 0.695342
vt 0.866211 0.881626
vt 0.080126 0.795285
vt 0.658034 0.883308
vt 0.214397 0.814705
vt 0.628156 0.128688
vt 0.450825 0.919067
vt 0.584366 0.347389
vt 0.312291 0.058309
vt 0.303658 0.058511
vt 0.024633 0.647808
vt 0.016856 0.643252
vt 0.021381 0.642289
vt 0.009518 0.629730
vt 0.007220 0.633942
vt 0.006582 0.630696
vt 0.021944 0.635790
vt 0.017969 0.639882
vt 0.018143 0.634759
vt 0.013348 0.635179
vt 0.014273 0.641456
vt 0.008829 0.636706
vt 0.005123 0.640213
vt 0.005822 0.643695
vt 0.005489 0.643901
vt 0.025223 0.642560
vt 0.025331 0.640108
vt 0.027103 0.644505
vt 0.010222 0.655435
vt 0.006968 0.647034
vt 0.011588 0.643637
s 1
f 1/1/1 2/2/2 3/3/3 4/4/4
f 5/5/5 6/6/6 3/3/3 7/7/7
f 8/8/8 7/7/7 3/3/3 9/9/9
f 10/10/10 1/11/1 4/12/4 11/13/11
f 12/14/12 11/13/11 4/12/4 13/15/13
f 14/16/14 15/17/15 16/18/16 17/19/17
f 18/20/18 19/21/19 16/18/16 15/17/15
f 20/22/20 17/19/17 16/18/16 19/21/19
f 21/23/21 22/24/22 23/25/23 24/26/24
f 25/27/25 26/28/26 23/29/23 22/30/22
f 27/31/27 24/32/24 23/29/23 26/28/26
f 27/31/27 28/33/28 29/34/29 24/32/24
f 30/35/30 27/31/27 26/28/26 25/27/25
f 31/36/31 29/37/29 28/38/28 32/39/32
f 30/35/30 32/40/32 28/33/28 27/31/27
f 33/41/33 34/42/34 35/43/35 36/44/36
f 37/45/37 38/46/38 36/44/36 35/43/35
f 39/47/39 33/41/33 36/44/36 38/46/38
f 37/45/37 35/43/35 34/42/34 40/48/40
f 41/49/41 42/50/42 43/51/43 44/52/44
f 45/53/45 44/52/44 43/51/43 46/54/46
f 47/55/47 46/54/46 43/51/43 42/50/42
f 48/56/48 41/49/41 44/52/44 45/53/45
f 49/57/49 50/58/50 51/59/51 52/60/52
f 53/61/53 54/62/54 55/63/55 56/64/56
f 57/65/57 58/66/58 55/67/55 54/68/54
f 59/69/59 60/70/60 61/71/61 62/72/62
f 63/73/63 64/74/64 61/75/61 65/76/65
f 66/77/66 67/78/67 68/79/68 69/80/69
f 70/81/70 62/72/62 71/82/71 72/83/72
f 73/84/73 72/85/72 71/86/71 64/74/64
f 74/87/74 75/88/75 76/89/76 77/90/77
f 78/91/78 79/92/79 76/89/76 75/88/75
f 80/93/80 77/90/77 76/89/76 81/94/81
f 82/95/82 70/81/70 76/89/76 79/92/79
f 72/83/72 81/94/81 76/89/76 70/81/70
f 57/65/57 77/90/77 80/93/80 58/66/58
f 83/96/83 84/97/84 80/98/80 81/99/81
f 53/61/53 56/64/56 80/98/80 84/97/84
f 85/100/85 84/97/84 83/96/83 86/101/86
f 87/102/87 86/101/86 83/96/83 88/103/88
f 89/104/89 90/105/90 91/106/91 92/107/92
f 93/108/93 92/107/92 91/106/91 94/109/94
f 95/110/95 94/109/94 91/106/91 96/111/96
f 97/112/97 92/107/92 93/108/93 98/113/98
f 99/114/99 98/113/98 93/108/93 94/109/94
f 100/115/100 101/116/101 102/117/102 103/118/103
f 104/119/104 103/120/103 102/121/102 105/122/105
f 106/123/106 107/124/107 108/125/108 109/126/109
f 110/127/110 111/128/111 108/129/108 107/130/107
f 112/131/112 109/126/109 108/125/108 113/132/113
f 114/133/114 113/132/113 108/125/108 115/134/115
f 116/135/116 117/136/117 118/137/118 119/138/119
f 119/138/119 118/137/118 120/139/120 121/140/121
f 122/141/122 120/139/120 118/137/118 117/136/117
f 123/142/123 116/135/116 119/138/119 121/140/121
f 124/143/124 125/144/125 126/145/126 127/146/127
f 128/147/128 129/148/129 130/149/130 131/150/131
f 132/151/132 133/152/133 130/149/130 129/148/129
f 134/153/134 131/150/131 130/149/130 133/152/133
f 134/153/134 133/152/133 135/154/135 136/155/136
f 132/151/132 137/156/137 135/154/135 133/152/133
f 138/157/138 136/155/136 135/154/135 139/158/139
f 140/159/140 139/160/139 135/161/135 141/162/141
f 142/163/142 141/162/141 135/161/135 137/164/137
f 143/165/143 144/166/144 145/167/145 146/168/146
f 147/169/147 148/170/148 145/167/145 144/166/144
f 149/171/149 146/168/146 145/167/145 148/170/148
f 150/172/150 137/156/137 132/151/132 129/148/129
f 151/173/151 152/174/152 153/175/153 154/176/154
f 155/177/155 156/178/156 153/179/153 152/180/152
f 157/181/157 158/182/158 153/183/153 156/184/156
f 159/185/159 160/186/160 161/187/161 162/188/162
f 163/189/163 164/190/164 165/191/165 166/192/166
f 167/193/167 166/194/166 165/195/165 168/196/168
f 169/197/169 168/196/168 165/195/165 164/198/164
f 170/199/170 171/200/171 172/201/172 173/202/173
f 169/203/169 173/202/173 172/201/172 174/204/174
f 175/205/175 174/206/174 172/207/172 171/208/171
f 176/209/176 177/210/177 178/211/178 179/212/179
f 180/213/180 181/214/181 178/215/178 177/216/177
f 182/217/182 179/218/179 178/215/178 181/214/181
f 183/219/183 184/220/184 180/213/180 177/216/177
f 185/221/185 181/214/181 180/213/180 184/220/184
f 185/221/185 186/222/186 187/223/187 188/224/188
f 189/225/189 188/224/188 187/223/187 190/226/190
f 191/227/191 192/228/192 193/229/193 194/230/194
f 195/231/195 194/230/194 193/229/193 196/232/196
f 197/233/197 196/232/196 193/229/193 198/234/198
f 199/235/199 198/234/198 193/229/193 192/228/192
f 200/236/200 201/237/201 202/238/202 203/239/203
f 204/240/204 205/241/205 202/238/202 201/237/201
f 206/242/206 203/239/203 202/238/202 207/243/207
f 208/244/208 207/243/207 202/238/202 205/241/205
f 209/245/209 210/246/210 206/242/206 207/243/207
f 211/247/211 212/248/212 213/249/213 214/250/214
f 215/251/215 186/222/186 213/249/213 212/248/212
f 216/252/216 217/253/217 218/254/218 219/255/219
f 220/256/220 221/257/221 218/254/218 217/253/217
f 222/258/222 219/259/219 218/260/218 221/261/221
f 223/262/223 203/239/203 206/242/206 224/263/224
f 225/264/225 224/263/224 206/242/206 210/246/210
f 226/265/226 227/266/227 197/233/197 198/234/198
f 228/267/228 229/268/229 197/233/197 227/266/227
f 230/269/230 196/232/196 197/233/197 231/270/231
f 232/271/232 231/270/231 197/233/197 233/272/233
f 225/264/225 210/246/210 234/273/234 235/274/235
f 209/245/209 236/275/236 234/273/234 210/246/210
f 237/276/237 238/277/238 234/273/234 236/275/236
f 239/278/239 240/279/240 234/273/234 238/277/238
f 241/280/241 235/274/235 234/273/234 240/279/240
f 242/281/242 225/264/225 235/274/235 243/282/243
f 244/283/244 245/284/245 235/274/235 241/280/241
f 246/285/246 243/282/243 235/274/235 245/284/245
f 247/286/247 241/280/241 240/279/240 239/278/239
f 248/287/248 249/288/249 250/289/250 251/290/251
f 252/291/252 253/292/253 250/289/250 249/288/249
f 254/293/254 255/294/255 250/289/250 253/292/253
f 256/295/256 257/296/257 250/289/250 255/294/255
f 258/297/258 259/298/259 260/299/260 261/300/261
f 262/301/262 263/302/263 260/299/260 259/298/259
f 264/303/264 261/300/261 260/299/260 265/304/265
f 266/305/266 267/306/267 259/307/259 258/308/258
f 239/278/239 262/309/262 259/307/259 247/286/247
f 268/310/268 247/286/247 259/307/259 267/306/267
f 269/311/269 270/312/270 264/303/264 265/304/265
f 271/313/271 261/300/261 264/303/264 270/312/270
f 271/313/271 266/314/266 258/297/258 261/300/261
f 272/315/272 266/314/266 271/313/271 270/312/270
f 267/306/267 266/305/266 272/316/272 273/317/273
f 269/311/269 274/318/274 272/315/272 270/312/270
f 275/319/275 276/320/276 272/315/272 274/318/274
f 277/321/277 273/317/273 272/316/272 276/322/276
f 278/323/278 279/324/279 280/325/280 281/326/281
f 282/327/282 281/326/281 280/325/280 283/328/283
f 284/329/284 285/330/285 286/331/286 287/332/287
f 288/333/288 287/334/287 286/335/286 289/336/289
f 290/337/290 291/338/291 292/339/292 293/340/293
f 294/341/294 295/342/295 292/339/292 291/338/291
f 296/343/296 297/344/297 292/339/292 295/342/295
f 298/345/298 284/329/284 292/339/292 297/344/297
f 299/346/299 300/347/300 301/348/301 302/349/302
f 303/350/303 304/351/304 301/348/301 300/347/300
f 305/352/305 302/349/302 301/348/301 304/351/304
f 306/353/306 307/354/307 303/350/303 300/347/300
f 308/355/308 309/356/309 303/350/303 307/354/307
f 310/357/310 311/358/311 312/359/312 313/360/313
f 314/361/314 315/362/315 312/359/312 311/358/311
f 316/363/316 313/360/313 312/359/312 315/362/315
f 307/354/307 289/336/289 317/364/317 308/355/308
f 318/365/318 319/366/319 320/367/320 321/368/321
f 322/369/322 323/370/323 320/367/320 319/366/319
f 317/371/317 285/372/285 320/367/320 323/370/323
f 324/373/324 308/374/308 317/371/317 323/370/323
f 309/375/309 325/376/325 326/377/326 327/378/327
f 328/379/328 327/378/327 326/377/326 329/380/329
f 330/381/330 329/380/329 326/377/326 331/382/331
f 332/383/332 331/382/331 326/377/326 325/376/325
f 333/384/333 334/385/334 323/370/323 322/369/322
f 335/386/335 336/387/336 337/388/337 338/389/338
f 321/368/321 338/389/338 337/388/337 318/365/318
f 339/390/339 340/391/340 337/388/337 336/387/336
f 341/392/341 318/365/318 337/388/337 340/391/340
f 342/393/342 343/394/343 340/391/340 344/395/344
f 345/396/345 344/395/344 340/391/340 346/397/346
f 347/398/347 341/392/341 340/391/340 343/394/343
f 348/399/348 346/397/346 340/391/340 339/390/339
f 349/400/349 350/401/350 336/402/336 351/403/351
f 339/390/339 352/404/352 353/405/353 348/399/348
f 354/406/354 159/185/159 162/188/162 355/407/355
f 356/408/356 355/407/355 162/188/162 357/409/357
f 358/410/358 357/409/357 162/188/162 161/187/161
f 359/411/359 345/396/345 346/397/346 348/399/348
f 360/412/360 358/410/358 161/187/161 361/413/361
f 362/414/362 361/413/361 161/187/161 160/186/160
f 363/415/363 364/416/364 354/406/354 355/407/355
f 365/417/365 159/185/159 354/406/354 366/418/366
f 367/419/367 366/418/366 354/406/354 364/416/364
f 368/420/368 359/411/359 348/399/348 353/405/353
f 369/421/369 370/422/370 371/423/371 372/424/372
f 373/425/373 372/424/372 371/423/371 374/426/374
f 375/427/375 374/426/374 371/423/371 376/428/376
f 377/429/377 376/428/376 371/423/371 370/422/370
f 378/430/378 379/431/379 367/419/367 364/416/364
f 380/432/380 366/418/366 367/419/367 379/431/379
f 159/185/159 365/417/365 381/433/381 160/186/160
f 160/186/160 381/433/381 382/434/382 362/414/362
f 383/435/383 382/434/382 381/433/381 365/417/365
f 384/436/384 385/437/385 386/438/386 387/439/387
f 388/440/388 387/439/387 386/438/386 389/441/389
f 390/442/390 389/441/389 386/438/386 385/437/385
f 391/443/391 392/444/392 393/445/393 394/446/394
f 395/447/395 142/163/142 393/445/393 392/444/392
f 137/156/137 150/172/150 393/448/393 142/449/142
f 396/450/396 397/451/397 398/452/398 399/453/399
f 400/454/400 401/455/401 402/456/402 403/457/403
f 404/458/404 405/459/405 402/460/402 401/461/401
f 406/462/406 403/463/403 402/460/402 405/459/405
f 407/464/407 408/465/408 409/466/409 410/467/410
f 411/468/411 412/469/412 409/466/409 408/465/408
f 413/470/413 410/467/410 409/466/409 412/469/412
f 404/458/404 414/471/414 415/472/415 405/459/405
f 406/462/406 405/459/405 415/472/415 416/473/416
f 417/474/417 416/473/416 415/472/415 414/471/414
f 418/475/418 419/476/419 420/477/420 421/478/421
f 422/479/422 421/478/421 420/477/420 423/480/423
f 412/469/412 424/481/424 425/482/425 413/470/413
f 426/483/426 413/470/413 425/482/425 427/484/427
f 428/485/428 427/484/427 425/482/425 424/481/424
f 429/486/429 423/480/423 420/477/420 430/487/430
f 431/488/431 430/487/430 420/477/420 419/476/419
f 430/487/430 432/489/432 433/490/433 429/486/429
f 434/491/434 429/486/429 433/490/433 435/492/435
f 436/493/436 437/494/437 433/490/433 432/489/432
f 438/495/438 439/496/439 440/497/440 441/498/441
f 442/499/442 441/498/441 440/497/440 443/500/443
f 444/501/444 445/502/445 440/497/440 439/496/439
f 446/503/446 443/500/443 440/497/440 445/502/445
f 447/504/447 448/505/448 449/506/449 450/507/450
f 451/508/451 452/509/452 449/506/449 448/505/448
f 453/510/453 450/507/450 449/506/449 452/509/452
f 454/511/454 451/508/451 448/505/448 447/504/447
f 455/512/455 456/513/456 457/514/457 458/515/458
f 459/516/459 458/515/458 457/514/457 460/517/460
f 435/492/435 433/490/433 437/494/437 455/512/455
f 461/518/461 462/519/462 437/494/437 436/493/436
f 463/520/463 464/521/464 445/502/445 444/501/444
f 465/522/465 466/523/466 457/514/457 456/513/456
f 467/524/467 460/517/460 457/514/457 466/523/466
f 463/520/463 468/525/468 469/526/469 464/521/464
f 470/527/470 464/521/464 469/526/469 471/528/471
f 470/527/470 446/503/446 445/502/445 464/521/464
f 472/529/472 435/492/435 455/512/455 458/515/458
f 473/530/473 471/528/471 469/526/469 474/531/474
f 475/532/475 474/531/474 469/526/469 468/525/468
f 476/533/476 455/512/455 437/494/437 462/519/462
f 477/534/477 475/532/475 468/525/468 478/535/478
f 479/536/479 478/535/478 468/525/468 463/520/463
f 480/537/480 481/538/481 463/520/463 444/501/444
f 482/539/482 479/536/479 463/520/463 481/538/481
f 483/540/483 484/541/484 485/542/485 486/543/486
f 487/544/487 486/543/486 485/542/485 488/545/488
f 489/546/489 490/547/490 485/542/485 491/548/491
f 492/549/492 491/548/491 485/542/485 484/541/484
f 493/550/493 488/545/488 485/542/485 490/547/490
f 467/524/467 466/523/466 483/540/483 486/543/486
f 465/522/465 494/551/494 483/540/483 466/523/466
f 495/552/495 492/549/492 494/551/494 496/553/496
f 497/554/497 496/553/496 494/551/494 465/522/465
f 491/548/491 498/555/498 499/556/499 489/546/489
f 500/557/500 493/550/493 499/556/499 498/555/498
f 495/552/495 501/558/501 491/548/491 492/549/492
f 502/559/502 498/555/498 491/548/491 501/558/501
f 503/560/503 488/561/488 493/562/493 500/563/500
f 487/564/487 488/561/488 503/560/503 504/565/504
f 505/566/505 504/565/504 503/560/503 500/563/500
f 456/513/456 506/567/506 497/554/497 465/522/465
f 507/568/507 508/569/508 497/554/497 506/567/506
f 504/565/504 509/570/509 510/571/510 511/572/511
f 482/539/482 511/572/511 510/571/510 479/536/479
f 512/573/512 487/564/487 504/565/504 511/572/511
f 513/574/513 509/570/509 504/565/504 505/566/505
f 514/575/514 515/576/515 502/559/502 501/558/501
f 500/557/500 498/555/498 502/559/502 505/577/505
f 513/574/513 505/566/505 502/578/502 516/579/516
f 510/571/510 517/580/517 518/581/518 519/582/519
f 513/574/513 516/579/516 518/581/518 517/580/517
f 520/583/520 521/584/521 518/581/518 522/585/522
f 523/586/523 522/585/522 518/581/518 516/579/516
f 524/587/524 525/588/525 526/589/526 527/590/527
f 528/591/528 529/592/529 526/589/526 530/593/530
f 531/594/531 530/593/530 526/589/526 525/588/525
f 532/595/532 527/590/527 526/589/526 529/592/529
f 529/592/529 533/596/533 534/597/534 532/595/532
f 535/598/535 536/599/536 534/600/534 537/601/537
f 538/602/538 537/601/537 534/600/534 533/603/533
f 539/604/539 540/605/540 541/606/541 542/607/542
f 543/608/543 532/595/532 534/597/534 536/609/536
f 544/610/544 545/611/545 546/612/546 547/613/547
f 540/614/540 547/613/547 546/612/546 548/615/548
f 549/616/549 548/617/548 546/618/546 550/619/550
f 551/620/551 550/621/550 546/612/546 545/611/545
f 552/622/552 553/623/553 554/624/554 555/625/555
f 556/626/556 557/627/557 554/624/554 553/623/553
f 558/628/558 548/617/548 549/616/549 559/629/559
f 560/630/560 559/629/559 549/616/549 561/631/561
f 562/632/562 563/633/563 549/616/549 550/619/550
f 564/634/564 565/635/565 566/636/566 567/637/567
f 567/637/567 566/636/566 568/638/568 569/639/569
f 570/640/570 568/638/568 566/636/566 565/635/565
f 556/626/556 571/641/571 572/642/572 557/627/557
f 573/643/573 574/644/574 572/642/572 571/641/571
f 575/645/575 557/627/557 572/642/572 574/644/574
f 576/646/576 577/647/577 563/633/563 562/632/562
f 561/631/561 549/616/549 563/633/563 577/647/577
f 578/648/578 579/649/579 580/650/580 581/651/581
f 556/626/556 581/651/581 580/650/580 571/641/571
f 573/643/573 571/641/571 580/650/580 579/649/579
f 542/607/542 582/652/582 568/653/568 539/604/539
f 583/654/583 584/655/584 568/653/568 582/652/582
f 585/656/585 539/657/539 568/658/568 570/659/570
f 586/660/586 587/661/587 588/662/588 589/663/589
f 590/664/590 589/665/589 588/666/588 591/667/591
f 554/624/554 557/627/557 575/645/575 592/668/592
f 593/669/593 592/668/592 575/645/575 594/670/594
f 595/671/595 596/672/596 597/673/597 598/674/598
f 599/675/599 600/676/600 597/673/597 596/672/596
f 601/677/601 602/678/602 597/673/597 600/676/600
f 603/679/603 598/674/598 597/673/597 604/680/604
f 605/681/605 604/680/604 597/673/597 602/678/602
f 606/682/606 607/683/607 594/670/594 575/645/575
f 608/684/608 593/669/593 594/670/594 607/683/607
f 600/676/600 609/685/609 610/686/610 601/677/601
f 611/687/611 601/677/601 610/686/610 612/688/612
f 613/689/613 612/688/612 610/686/610 609/685/609
f 614/690/614 615/691/615 593/669/593 616/692/616
f 617/693/617 616/692/616 593/669/593 608/684/608
f 605/681/605 618/694/618 619/695/619 620/696/620
f 621/697/621 620/696/620 619/695/619 622/698/622
f 623/699/623 622/698/622 619/695/619 618/694/618
f 624/700/624 625/701/625 626/702/626 627/703/627
f 607/683/607 606/682/606 626/702/626 625/701/625
f 628/704/628 627/703/627 626/702/626 606/682/606
f 629/705/629 630/706/630 612/688/612 631/707/631
f 632/708/632 611/687/611 612/688/612 630/706/630
f 633/709/633 631/707/631 612/688/612 613/689/613
f 624/700/624 634/710/634 635/711/635 625/701/625
f 625/701/625 635/711/635 608/684/608 607/683/607
f 636/712/636 608/684/608 635/711/635 634/710/634
f 637/713/637 638/714/638 639/715/639 640/716/640
f 641/717/641 640/716/640 639/715/639 642/718/642
f 643/719/643 644/720/644 639/715/639 638/714/638
f 645/721/645 642/718/642 639/715/639 644/720/644
f 646/722/646 647/723/647 648/724/648 649/725/649
f 644/720/644 649/726/649 648/727/648 645/721/645
f 650/728/650 645/721/645 648/727/648 651/729/651
f 652/730/652 651/729/651 648/727/648 653/731/653
f 654/732/654 653/733/653 648/724/648 647/723/647
f 654/732/654 647/723/647 655/734/655 656/735/656
f 657/736/657 656/735/656 655/734/655 658/737/658
f 646/722/646 658/737/658 655/734/655 647/723/647
f 659/738/659 660/739/660 661/740/661 662/741/662
f 663/742/663 664/743/664 661/744/661 665/745/665
f 666/746/666 665/747/665 661/740/661 660/739/660
f 667/748/667 668/749/668 669/750/669 670/751/670
f 671/752/671 670/753/670 669/754/669 672/755/672
f 673/756/673 672/757/672 669/750/669 674/758/674
f 675/759/675 676/760/676 677/761/677 678/762/678
f 679/763/679 678/762/678 677/761/677 680/764/680
f 657/736/657 680/764/680 677/761/677 656/735/656
f 681/765/681 682/766/682 677/761/677 676/760/676
f 654/732/654 656/735/656 677/761/677 682/766/682
f 683/767/683 663/768/663 665/747/665 684/769/684
f 685/770/685 684/769/684 665/747/665 666/746/666
f 686/771/686 687/772/687 688/773/688 689/774/689
f 690/775/690 689/774/689 688/773/688 691/776/691
f 692/777/692 691/776/691 688/773/688 687/772/687
f 693/778/693 694/779/694 652/730/652 653/731/653
f 695/780/695 651/729/651 652/730/652 694/779/694
f 696/781/696 697/782/697 698/783/698 699/784/699
f 700/785/700 699/784/699 698/783/698 701/786/701
f 702/787/702 701/786/701 698/783/698 697/782/697
f 703/788/703 704/789/704 705/790/705 706/791/706
f 707/792/707 708/793/708 705/790/705 704/789/704
f 709/794/709 710/795/710 705/790/705 708/793/708
f 711/796/711 712/797/712 705/790/705 710/795/710
f 713/798/713 706/791/706 705/790/705 712/797/712
f 709/794/709 397/451/397 396/450/396 710/795/710
f 711/796/711 710/795/710 396/450/396 399/453/399
f 714/799/714 715/800/715 716/801/716 717/802/717
f 718/803/718 717/802/717 716/801/716 719/804/719
f 720/805/720 719/804/719 716/801/716 715/800/715
f 721/806/721 711/796/711 399/453/399 398/452/398
f 722/807/722 659/738/659 673/808/673 723/809/723
f 724/810/724 723/809/723 673/808/673 674/811/674
f 725/812/725 683/767/683 684/769/684 685/770/685
f 686/771/686 726/813/726 727/814/727 687/772/687
f 692/777/692 687/772/687 727/814/727 728/815/728
f 729/816/729 728/815/728 727/814/727 726/813/726
f 730/817/730 669/750/669 668/749/668 731/818/731
f 706/791/706 713/798/713 732/819/732 733/820/733
f 734/821/734 735/822/735 732/819/732 713/798/713
f 736/823/736 733/820/733 732/819/732 737/824/737
f 738/825/738 737/824/737 732/819/732 739/826/739
f 740/827/740 739/826/739 732/819/732 735/822/735
f 682/766/682 741/828/741 653/733/653 654/732/654
f 742/829/742 722/807/722 723/809/723 724/810/724
f 743/830/743 728/815/728 729/816/729 744/831/744
f 745/832/745 746/833/746 729/816/729 747/834/747
f 748/835/748 747/834/747 729/816/729 726/813/726
f 749/836/749 744/831/744 729/816/729 746/833/746
f 750/837/750 693/838/693 653/733/653 751/839/751
f 752/840/752 751/839/751 653/733/653 753/841/753
f 754/842/754 753/841/753 653/733/653 755/843/755
f 756/844/756 755/843/755 653/733/653 741/828/741
f 757/845/757 674/758/674 758/846/758 759/847/759
f 759/847/759 758/846/758 730/817/730 760/848/760
f 669/750/669 730/817/730 758/846/758 674/758/674
f 761/849/761 762/850/762 763/851/763 764/852/764
f 765/853/765 766/854/766 763/851/763 762/850/762
f 767/855/767 768/856/768 763/851/763 766/854/766
f 769/857/769 764/852/764 763/851/763 770/858/770
f 771/859/771 767/855/767 772/860/772 773/861/773
f 774/862/774 773/861/773 772/860/772 775/863/775
f 776/864/776 777/865/777 778/866/778 779/867/779
f 780/868/780 779/867/779 778/866/778 781/869/781
f 782/870/782 781/869/781 778/866/778 777/865/777
f 783/871/783 784/872/784 785/873/785 786/874/786
f 787/875/787 786/874/786 785/873/785 788/876/788
f 789/877/789 790/878/790 785/879/785 784/880/784
f 791/881/791 792/882/792 785/879/785 790/878/790
f 793/883/793 794/884/794 795/885/795 796/886/796
f 797/887/797 798/888/798 795/885/795 794/884/794
f 797/887/797 799/889/799 800/890/800 798/888/798
f 793/883/793 796/886/796 800/890/800 799/889/799
f 801/891/801 802/892/802 803/893/803 804/894/804
f 794/884/794 804/894/804 803/893/803 797/887/797
f 805/895/805 806/896/806 803/893/803 807/897/807
f 808/898/808 807/897/807 803/893/803 802/892/802
f 799/889/799 797/887/797 803/893/803 806/896/806
f 793/883/793 799/889/799 806/896/806 809/899/809
f 810/900/810 809/899/809 806/896/806 811/901/811
f 812/902/812 811/901/811 806/896/806 805/895/805
f 770/858/770 813/903/813 814/904/814 769/857/769
f 815/905/815 769/857/769 814/904/814 816/906/816
f 817/907/817 816/906/816 814/904/814 813/903/813
f 818/908/818 819/909/819 820/910/820 821/911/821
f 822/912/822 821/911/821 820/910/820 823/913/823
f 824/914/824 825/915/825 820/910/820 819/909/819
f 805/895/805 807/897/807 820/910/820 825/915/825
f 808/898/808 823/913/823 820/910/820 807/897/807
f 826/916/826 152/180/152 151/917/151 827/918/827
f 828/919/828 827/918/827 151/917/151 829/920/829
f 830/921/830 791/881/791 790/878/790 789/877/789
f 831/922/831 832/923/832 833/924/833 834/925/834
f 835/926/835 836/927/836 833/928/833 832/929/832
f 837/930/837 838/931/838 833/928/833 836/927/836
f 839/932/839 840/933/840 833/924/833 838/934/838
f 841/935/841 834/925/834 833/924/833 840/933/840
f 821/911/821 842/936/842 843/937/843 818/908/818
f 844/938/844 845/939/845 843/940/843 842/941/842
f 846/942/846 818/943/818 843/940/843 845/939/845
f 847/944/847 848/945/848 849/946/849 850/947/850
f 851/948/851 852/949/852 849/946/849 848/945/848
f 853/950/853 850/947/850 849/946/849 852/949/852
f 854/951/854 831/922/831 834/925/834 841/935/841
f 855/952/855 819/953/819 818/954/818 856/955/856
f 124/956/124 856/955/856 818/954/818 846/957/846
f 828/919/828 829/920/829 857/958/857 858/959/858
f 859/960/859 858/961/858 857/962/857 860/963/860
f 861/964/861 860/963/860 857/962/857 862/965/862
f 863/966/863 864/967/864 857/968/857 829/969/829
f 865/970/865 862/965/862 857/962/857 864/971/864
f 679/763/679 866/972/866 867/973/867 868/974/868
f 869/975/869 870/976/870 867/977/867 866/978/866
f 696/781/696 868/974/868 867/973/867 871/979/871
f 872/980/872 873/981/873 867/977/867 870/976/870
f 874/982/874 871/979/871 867/973/867 873/983/873
f 875/984/875 859/960/859 860/963/860 876/985/876
f 877/986/877 878/987/878 860/963/860 861/964/861
f 879/988/879 876/985/876 860/963/860 878/987/878
f 880/989/880 861/964/861 862/965/862 865/970/865
f 881/990/881 882/991/882 883/992/883 884/993/884
f 885/994/885 886/995/886 887/996/887 888/997/888
f 889/998/889 890/999/890 887/996/887 886/995/886
f 885/994/885 891/1000/891 892/1001/892 886/995/886
f 889/998/889 886/995/886 892/1001/892 893/1002/893
f 894/1003/894 893/1004/893 892/1005/892 891/1006/891
f 895/1007/895 894/1003/894 891/1006/891 885/1008/885
f 896/1009/896 897/1010/897 898/1011/898 899/1012/899
f 900/1013/900 901/1014/901 898/1015/898 902/1016/902
f 903/1017/903 899/1012/899 898/1011/898 895/1018/895
f 894/1003/894 895/1007/895 898/1015/898 901/1014/901
f 896/1019/896 904/1020/904 905/1021/905 906/1022/906
f 907/1023/907 908/1024/908 905/1021/905 909/1025/909
f 910/1026/910 907/1023/907 909/1025/909 911/1027/911
f 912/1028/912 913/1029/913 914/1030/914 915/1031/915
f 909/1032/909 915/1031/915 914/1030/914 911/1033/911
f 916/1034/916 884/1035/884 883/1036/883 917/1037/917
f 918/1038/918 919/1039/919 920/1040/920 921/1041/921
f 912/1028/912 915/1031/915 920/1040/920 922/1042/922
f 923/1043/923 922/1042/922 920/1040/920 924/1044/924
f 925/1045/925 924/1044/924 920/1040/920 919/1039/919
f 926/1046/926 851/948/851 848/945/848 847/944/847
f 846/942/846 927/1047/927 825/915/825 824/914/824
f 812/902/812 805/895/805 825/915/825 928/1048/928
f 929/1049/929 928/1048/928 825/915/825 927/1047/927
f 844/938/844 927/1047/927 846/942/846 845/939/845
f 930/1050/930 864/967/864 863/966/863 931/1051/931
f 151/173/151 932/1052/932 863/966/863 829/969/829
f 851/948/851 926/1046/926 933/1053/933 934/1054/934
f 935/1055/935 936/1056/936 937/1057/937 938/1058/938
f 936/1059/936 934/1054/934 933/1053/933 937/1060/937
f 939/1061/939 940/1062/940 941/1063/941 942/1064/942
f 930/1065/930 943/1066/943 941/1063/941 940/1062/940
f 944/1067/944 942/1064/942 941/1063/941 945/1068/945
f 946/1069/946 947/1070/947 948/1071/948 949/1072/949
f 950/1073/950 951/1074/951 948/1071/948 947/1070/947
f 952/1075/952 949/1072/949 948/1071/948 953/1076/953
f 954/1077/954 955/1078/955 956/1079/956 957/1080/957
f 958/1081/958 957/1080/957 956/1079/956 959/1082/959
f 960/1083/960 961/1084/961 956/1079/956 955/1078/955
f 962/1085/962 959/1082/959 956/1079/956 961/1084/961
f 963/1086/963 865/1087/865 864/1088/864 964/1089/964
f 965/1090/965 966/1091/966 830/1092/830 789/1093/789
f 822/912/822 791/881/791 830/921/830 967/1094/967
f 968/1095/968 969/1096/969 954/1077/954 970/1097/970
f 815/905/815 816/906/816 954/1077/954 969/1096/969
f 971/1098/971 970/1097/970 954/1077/954 957/1080/957
f 972/1099/972 938/1058/938 937/1057/937 933/1100/933
f 973/1101/973 974/1102/974 975/1103/975 944/1067/944
f 942/1064/942 944/1067/944 975/1103/975 976/1104/976
f 977/1105/977 976/1104/976 975/1103/975 974/1102/974
f 978/1106/978 979/1107/979 980/1108/980 981/1109/981
f 982/1110/982 981/1109/981 980/1108/980 983/1111/983
f 984/1112/984 985/1113/985 980/1114/980 979/1115/979
f 986/1116/986 987/1117/987 980/1118/980 985/1119/985
f 988/1120/988 983/1111/983 980/1108/980 987/1121/987
f 989/1122/989 990/1123/990 970/1124/970 971/1125/971
f 916/1034/916 968/1095/968 970/1097/970 884/1035/884
f 881/990/881 884/993/884 970/1124/970 990/1123/990
f 958/1126/958 989/1122/989 971/1125/971 957/1127/957
f 991/1128/991 992/1129/992 993/1130/993 830/1092/830
f 931/1131/931 994/1132/994 943/1133/943 930/1134/930
f 995/1135/995 941/1063/941 943/1066/943 996/1136/996
f 944/1067/944 945/1068/945 997/1137/997 973/1101/973
f 998/1138/998 999/1139/999 997/1137/997 945/1068/945
f 1000/1140/1000 1001/1141/1001 997/1137/997 999/1139/999
f 1002/1142/1002 1003/1143/1003 993/1130/993 992/1129/992
f 1004/1144/1004 1005/1145/1005 1006/1146/1006 1007/1147/1007
f 1008/1148/1008 936/1059/936 813/903/813 770/858/770
f 1009/1149/1009 817/907/817 813/903/813 1010/1150/1010
f 1011/1151/1011 1010/1150/1010 813/903/813 936/1059/936
f 989/1122/989 1012/1152/1012 1013/1153/1013 990/1123/990
f 881/990/881 990/1123/990 1013/1153/1013 1014/1154/1014
f 1015/1155/1015 1016/1156/1016 1013/1153/1013 1012/1152/1012
f 1017/1157/1017 1018/1158/1018 961/1084/961 960/1083/960
f 1019/1159/1019 962/1085/962 961/1084/961 1020/1160/1020
f 1021/1161/1021 1020/1160/1020 961/1084/961 1018/1158/1018
f 1022/1162/1022 934/1054/934 936/1059/936 1008/1148/1008
f 1023/1163/1023 1011/1164/1011 936/1056/936 935/1055/935
f 1024/1165/1024 1025/1166/1025 1011/1164/1011 1023/1163/1023
f 1026/1167/1026 1010/1150/1010 1011/1151/1011 1027/1168/1027
f 1028/1169/1028 1027/1170/1027 1011/1164/1011 1025/1166/1025
f 1029/1171/1029 1001/1141/1001 1000/1140/1000 1030/1172/1030
f 1031/1173/1031 1030/1172/1030 1000/1140/1000 1032/1174/1032
f 1033/1175/1033 1034/1176/1034 1000/1140/1000 999/1139/999
f 1035/1177/1035 1032/1174/1032 1000/1140/1000 1034/1176/1034
f 976/1104/976 977/1105/977 1036/1178/1036 1037/1179/1037
f 1031/1173/1031 1038/1180/1038 1036/1178/1036 977/1105/977
f 1039/1181/1039 1040/1182/1040 1036/1178/1036 1038/1180/1038
f 1041/1183/1041 1037/1179/1037 1036/1178/1036 1042/1184/1042
f 1043/1185/1043 1042/1184/1042 1036/1178/1036 1040/1182/1040
f 1044/1186/1044 1033/1175/1033 1045/1187/1045 1046/1188/1046
f 999/1139/999 998/1138/998 1045/1187/1045 1033/1175/1033
f 995/1135/995 1046/1188/1046 1045/1187/1045 998/1138/998
f 1047/1189/1047 1048/1190/1048 1049/1191/1049 1050/1192/1050
f 1051/1193/1051 1048/1190/1048 1047/1189/1047 1052/1194/1052
f 1053/1195/1053 1054/1196/1054 1047/1197/1047 1050/1198/1050
f 1055/1199/1055 1052/1194/1052 1047/1189/1047 1054/1200/1054
f 1056/1201/1056 1057/1202/1057 1053/1203/1053 1058/1204/1058
f 1059/1205/1059 1054/1196/1054 1053/1195/1053 1057/1206/1057
f 1060/1207/1060 1061/1208/1061 1059/1205/1059 1057/1206/1057
f 1055/1209/1055 1054/1196/1054 1059/1205/1059 1061/1208/1061
f 1062/1210/1062 1063/1211/1063 1064/1212/1064 1065/1213/1065
f 1066/1214/1066 1067/1215/1067 1064/1212/1064 1063/1211/1063
f 1068/1216/1068 1069/1217/1069 1064/1212/1064 1067/1215/1067
f 1051/1193/1051 1065/1213/1065 1064/1212/1064 1070/1218/1070
f 1060/1219/1060 1070/1218/1070 1064/1212/1064 1071/1220/1071
f 1072/1221/1072 1071/1220/1071 1064/1212/1064 1069/1217/1069
f 1005/1145/1005 1073/1222/1073 1074/1223/1074 1019/1224/1019
f 1075/1225/1075 1076/1226/1076 1074/1223/1074 1077/1227/1077
f 962/1228/962 1019/1224/1019 1074/1223/1074 1078/1229/1078
f 1079/1230/1079 1078/1229/1078 1074/1223/1074 1076/1226/1076
f 1080/1231/1080 1081/1232/1081 1082/1233/1082 1083/1234/1083
f 117/136/117 116/135/116 1082/1235/1082 1084/1236/1084
f 123/1237/123 1083/1238/1083 1082/1239/1082 116/1240/116
f 1085/1241/1085 1086/1242/1086 1087/1243/1087 1088/1244/1088
f 1089/1245/1089 1090/1246/1090 1087/1243/1087 1086/1242/1086
f 950/1247/950 1088/1244/1088 1087/1243/1087 951/1248/951
f 1091/1249/1091 951/1248/951 1087/1243/1087 1092/1250/1092
f 1093/1251/1093 1092/1250/1092 1087/1243/1087 1090/1246/1090
f 1092/1250/1092 1093/1251/1093 1094/1252/1094 1095/1253/1095
f 1096/1254/1096 1095/1253/1095 1094/1252/1094 1097/1255/1097
f 1098/1256/1098 1097/1255/1097 1094/1252/1094 1099/1257/1099
f 1090/1246/1090 1100/1258/1100 1094/1252/1094 1093/1251/1093
f 1101/1259/1101 91/106/91 90/105/90 1102/1260/1102
f 1103/1261/1103 1104/1262/1104 90/105/90 89/104/89
f 1035/1177/1035 1105/1263/1105 1106/1264/1106 1032/1174/1032
f 1039/1181/1039 1038/1180/1038 1106/1264/1106 1105/1263/1105
f 1031/1173/1031 1032/1174/1032 1106/1264/1106 1038/1180/1038
f 1016/1156/1016 1107/1265/1107 1108/1266/1108 1109/1267/1109
f 1003/1143/1003 1109/1267/1109 1108/1266/1108 1110/1268/1110
f 1111/1269/1111 1110/1270/1110 1108/1271/1108 1112/1272/1112
f 1113/1273/1113 1112/1272/1112 1108/1271/1108 1114/1274/1114
f 1115/1275/1115 1116/1276/1116 97/112/97 98/113/98
f 89/104/89 92/107/92 97/112/97 1116/1276/1116
f 1117/1277/1117 1118/1278/1118 1033/1175/1033 1044/1186/1044
f 1016/1156/1016 1015/1155/1015 1119/1279/1119 1107/1265/1107
f 1120/1280/1120 1121/1281/1121 1119/1279/1119 1015/1155/1015
f 1122/1282/1122 1107/1265/1107 1119/1279/1119 1121/1281/1121
f 1123/1283/1123 1124/1284/1124 1125/1285/1125 1126/1286/1126
f 1127/1287/1127 1128/1288/1128 1125/1285/1125 1124/1284/1124
f 1129/1289/1129 1130/1290/1130 1125/1285/1125 1128/1288/1128
f 1131/1291/1131 1126/1286/1126 1125/1285/1125 1132/1292/1132
f 1133/1293/1133 1132/1292/1132 1125/1285/1125 1130/1290/1130
f 1134/1294/1134 1135/1295/1135 1136/1296/1136 1137/1297/1137
f 1138/1298/1138 1139/1299/1139 1136/1300/1136 1135/1301/1135
f 1140/1302/1140 1141/1303/1141 1136/1304/1136 1142/1305/1142
f 1143/1306/1143 1137/1297/1137 1136/1296/1136 1141/1307/1141
f 1144/1308/1144 1103/1309/1103 89/1310/89 1145/1311/1145
f 1146/1312/1146 1117/1277/1117 1044/1186/1044 1046/1188/1046
f 1089/1245/1089 1147/1313/1147 1100/1258/1100 1090/1246/1090
f 1099/1257/1099 1094/1252/1094 1100/1258/1100 1148/1314/1148
f 1149/1315/1149 1148/1314/1148 1100/1258/1100 1150/1316/1150
f 1151/1317/1151 1152/1318/1152 1153/1319/1153 1154/1320/1154
f 1144/1308/1144 1145/1311/1145 1153/1321/1153 1152/1322/1152
f 1155/1323/1155 1156/1324/1156 1153/1325/1153 1157/1326/1157
f 1158/1327/1158 1154/1328/1154 1153/1325/1153 1156/1324/1156
f 1159/1329/1159 1160/1330/1160 1116/1276/1116 1115/1275/1115
f 1145/1331/1145 89/104/89 1116/1276/1116 1160/1330/1160
f 1161/1332/1161 1115/1275/1115 98/113/98 1162/1333/1162
f 1163/1334/1163 1162/1333/1162 98/113/98 99/114/99
f 1164/1335/1164 1150/1316/1150 1100/1258/1100 1165/1336/1165
f 1164/1335/1164 1165/1336/1165 1147/1313/1147 1089/1245/1089
f 1166/1337/1166 1161/1332/1161 1163/1334/1163 1167/1338/1167
f 1149/1339/1149 1167/1338/1167 1163/1334/1163 1168/1340/1168
f 1169/1341/1169 1131/1291/1131 1132/1292/1132 1170/1342/1170
f 1009/1149/1009 1010/1150/1010 1026/1167/1026 1171/1343/1171
f 1172/1344/1172 1173/1345/1173 1143/1346/1143 1174/1347/1174
f 1143/1346/1143 1173/1345/1173 1026/1348/1026 1027/1349/1027
f 1175/1350/1175 1171/1343/1171 1026/1167/1026 1173/1351/1173
f 1176/1352/1176 1177/1353/1177 1164/1335/1164 1178/1354/1178
f 1086/1242/1086 1178/1354/1178 1164/1335/1164 1089/1245/1089
f 1179/1355/1179 1150/1316/1150 1164/1335/1164 1177/1353/1177
f 1017/1157/1017 1171/1343/1171 1175/1350/1175 1180/1356/1180
f 1181/1357/1181 1180/1358/1180 1175/1359/1175 1182/1360/1182
f 1183/1361/1183 1184/1362/1184 1185/1363/1185 1186/1364/1186
f 1187/1365/1187 1188/1366/1188 1185/1363/1185 1184/1362/1184
f 1189/1367/1189 1186/1364/1186 1185/1363/1185 1188/1366/1188
f 1190/1368/1190 1191/1369/1191 1175/1370/1175 1173/1371/1173
f 1192/1372/1192 1193/1373/1193 1194/1374/1194 1195/1375/1195
f 1196/1376/1196 1195/1375/1195 1194/1374/1194 1197/1377/1197
f 1198/1378/1198 1197/1377/1197 1194/1374/1194 1199/1379/1199
f 1200/1380/1200 1201/1381/1201 1202/1382/1202 1203/1383/1203
f 1204/1384/1204 1203/1383/1203 1202/1382/1202 1142/1385/1142
f 1205/1386/1205 1206/1387/1206 1202/1382/1202 1201/1381/1201
f 1179/1388/1179 1207/1389/1207 1149/1390/1149 1150/1391/1150
f 1208/1392/1208 1167/1338/1167 1149/1339/1149 1207/1393/1207
f 1209/1394/1209 1210/1395/1210 1211/1396/1211 1212/1397/1212
f 1213/1398/1213 1212/1397/1212 1211/1396/1211 1214/1399/1214
f 1215/1400/1215 1214/1399/1214 1211/1396/1211 1210/1395/1210
f 1216/1401/1216 1215/1400/1215 1210/1395/1210 1217/1402/1217
f 1218/1403/1218 1213/1404/1213 1214/1405/1214 1215/1406/1215
f 1219/1407/1219 1220/1408/1220 1221/1409/1221 1216/1401/1216
f 1222/1410/1222 1218/1403/1218 1221/1411/1221 1220/1412/1220
f 1215/1406/1215 1216/1413/1216 1221/1411/1221 1218/1403/1218
f 1223/1414/1223 1224/1415/1224 1225/1416/1225 1226/1417/1226
f 1227/1418/1227 1226/1419/1226 1225/1420/1225 78/91/78
f 79/92/79 78/91/78 1225/1420/1225 1228/1421/1228
f 1229/1422/1229 1228/1421/1228 1225/1420/1225 1230/1423/1230
f 1231/1424/1231 1230/1425/1230 1225/1426/1225 1224/1427/1224
f 1232/1428/1232 1148/1314/1148 1149/1315/1149 1233/1429/1233
f 1099/1257/1099 1148/1314/1148 1232/1428/1232 1234/1430/1234
f 1235/1431/1235 1234/1430/1234 1232/1428/1232 1236/1432/1236
f 1237/1433/1237 1238/1434/1238 50/58/50 49/57/49
f 1239/1435/1239 1240/1436/1240 1223/1414/1223 1226/1417/1226
f 1241/1437/1241 1224/1415/1224 1223/1414/1223 1242/1438/1242
f 1243/1439/1243 1244/1440/1244 1149/1339/1149 1168/1340/1168
f 1245/1441/1245 1233/1429/1233 1149/1315/1149 1244/1442/1244
f 1246/1443/1246 1247/1444/1247 1248/1445/1248 1205/1386/1205
f 1206/1387/1206 1205/1386/1205 1248/1445/1248 1249/1446/1249
f 1250/1447/1250 1249/1446/1249 1248/1445/1248 1251/1448/1251
f 1252/1449/1252 1229/1450/1229 1230/1425/1230 1253/1451/1253
f 1254/1452/1254 1253/1451/1253 1230/1425/1230 1255/1453/1255
f 1256/1454/1256 1257/1455/1257 1258/1456/1258 1259/1457/1259
f 1146/1312/1146 1259/1457/1259 1258/1456/1258 1117/1277/1117
f 1260/1458/1260 1261/1459/1261 1258/1456/1258 1257/1455/1257
f 1118/1278/1118 1117/1277/1117 1258/1456/1258 1261/1459/1261
f 1196/1376/1196 1262/1460/1262 1263/1461/1263 1195/1375/1195
f 1264/1462/1264 1265/1463/1265 1263/1461/1263 1262/1460/1262
f 1192/1372/1192 1195/1375/1195 1263/1461/1263 1265/1463/1265
f 1105/1263/1105 1266/1464/1266 1267/1465/1267 1039/1181/1039
f 1268/1466/1268 52/60/52 1267/1465/1267 1266/1464/1266
f 1269/1467/1269 1270/1468/1270 1271/1469/1271 1272/1470/1272
f 1254/1452/1254 1273/1471/1273 1271/1469/1271 1270/1468/1270
f 1274/1472/1274 1272/1470/1272 1271/1469/1271 1275/1473/1275
f 1276/1474/1276 1277/1475/1277 1278/1476/1278 1279/1477/1279
f 1280/1478/1280 1281/1479/1281 1278/1480/1278 1242/1481/1242
f 1282/1482/1282 1279/1483/1279 1278/1480/1278 1281/1479/1281
f 1035/1177/1035 1283/1484/1283 1266/1464/1266 1105/1263/1105
f 1284/1485/1284 1285/1486/1285 1266/1464/1266 1283/1484/1283
f 1286/1487/1286 1268/1466/1268 1266/1464/1266 1285/1486/1285
f 1287/1488/1287 1288/1489/1288 1265/1463/1265 1289/1490/1289
f 1290/1491/1290 1289/1490/1289 1265/1463/1265 1264/1462/1264
f 1193/1373/1193 1192/1372/1192 1265/1463/1265 1288/1489/1288
f 1291/1492/1291 1292/1493/1292 1237/1433/1237 49/57/49
f 1293/1494/1293 1294/1495/1294 1237/1433/1237 1292/1493/1292
f 1295/1496/1295 1251/1448/1251 1248/1445/1248 1296/1497/1296
f 1297/1498/1297 1298/1499/1298 1299/1500/1299 1300/1501/1300
f 1301/1502/1301 1295/1496/1295 1296/1497/1296 1302/1503/1302
f 1303/1504/1303 1304/1505/1304 1296/1497/1296 1305/1506/1305
f 1298/1507/1298 1297/1508/1297 1306/1509/1306 1307/1510/1307
f 1308/1511/1308 1284/1485/1284 1306/1509/1306 1297/1508/1297
f 1260/1458/1260 1307/1510/1307 1306/1509/1306 1261/1459/1261
f 1309/1512/1309 1310/1513/1310 1244/1514/1244 1311/1515/1311
f 1312/1516/1312 1245/1441/1245 1244/1442/1244 1310/1517/1310
f 1313/1518/1313 1311/1519/1311 1244/1440/1244 1243/1439/1243
f 1314/1520/1314 1315/1521/1315 1316/1522/1316 1317/1523/1317
f 1279/1483/1279 1282/1482/1282 1316/1524/1316 1315/1525/1315
f 1318/1526/1318 1317/1523/1317 1316/1522/1316 1319/1527/1319
f 1320/1528/1320 1321/1529/1321 1316/1524/1316 1282/1482/1282
f 1322/1530/1322 1319/1531/1319 1316/1524/1316 1321/1529/1321
f 1323/1532/1323 1324/1533/1324 1325/1534/1325 1326/1535/1326
f 1327/1536/1327 1328/1537/1328 1325/1534/1325 1324/1533/1324
f 1329/1538/1329 1326/1539/1326 1325/1540/1325 1328/1541/1328
f 1323/1542/1323 1330/1543/1330 1331/1544/1331 1332/1545/1332
f 1333/1546/1333 1332/1545/1332 1331/1544/1331 1334/1547/1334
f 1335/1548/1335 1336/1549/1336 1331/1544/1331 1330/1543/1330
f 1337/1550/1337 1338/1551/1338 1331/1544/1331 1336/1549/1336
f 1339/1552/1339 1334/1547/1334 1331/1544/1331 1338/1551/1338
f 1329/1538/1329 1340/1553/1340 1341/1554/1341 1326/1539/1326
f 1323/1542/1323 1326/1539/1326 1341/1554/1341 1330/1543/1330
f 1335/1548/1335 1330/1543/1330 1341/1554/1341 1340/1553/1340
f 1342/1555/1342 1343/1556/1343 1344/1557/1344 1345/1558/1345
f 1346/1559/1346 1347/1560/1347 1344/1557/1344 1343/1556/1343
f 1343/1556/1343 1348/1561/1348 1334/1562/1334 1346/1559/1346
f 1334/1563/1334 1348/1564/1348 1349/1565/1349 1333/1566/1333
f 1350/1567/1350 1351/1568/1351 1349/1565/1349 1352/1569/1352
f 1353/1570/1353 1333/1566/1333 1349/1565/1349 1351/1568/1351
f 1354/1571/1354 1355/1572/1355 1349/1565/1349 1348/1564/1348
f 1356/1573/1356 1352/1569/1352 1349/1565/1349 1355/1572/1355
f 1357/1574/1357 1350/1567/1350 1352/1569/1352 1356/1573/1356
f 1358/1575/1358 1359/1576/1359 1360/1577/1360 1361/1578/1361
f 1362/1579/1362 1363/1580/1363 1360/1577/1360 1359/1576/1359
f 1364/1581/1364 1361/1578/1361 1360/1577/1360 1363/1580/1363
f 1365/1582/1365 1366/1583/1366 1367/1584/1367 1368/1585/1368
f 1362/1579/1362 1368/1586/1368 1367/1587/1367 1357/1588/1357
f 1350/1567/1350 1357/1574/1357 1367/1584/1367 1369/1589/1369
f 1370/1590/1370 1369/1589/1369 1367/1584/1367 1366/1583/1366
f 1371/1591/1371 1372/1592/1372 1373/1593/1373 1374/1594/1374
f 1375/1595/1375 1376/1596/1376 1373/1593/1373 1372/1592/1372
f 1377/1597/1377 1378/1598/1378 1373/1593/1373 1376/1596/1376
f 1379/1599/1379 1380/1600/1380 1372/1592/1372 1371/1591/1371
f 1381/1601/1381 1382/1602/1382 1372/1592/1372 1380/1600/1380
f 1383/1603/1383 1375/1595/1375 1372/1592/1372 1382/1602/1382
f 1384/1604/1384 1385/1605/1385 1373/1593/1373 1378/1598/1378
f 1386/1606/1386 1387/1607/1387 1385/1605/1385 1384/1604/1384
f 1388/1608/1388 1389/1609/1389 1385/1605/1385 1387/1607/1387
f 1390/1610/1390 1391/1611/1391 1392/1612/1392 1393/1613/1393
f 1394/1614/1394 1395/1615/1395 1392/1612/1392 1391/1611/1391
f 1396/1616/1396 1397/1617/1397 1392/1612/1392 1395/1615/1395
f 1398/1618/1398 1399/1619/1399 1392/1612/1392 1397/1617/1397
f 1400/1620/1400 1393/1613/1393 1392/1612/1392 1399/1619/1399
f 1401/1621/1401 1402/1622/1402 1403/1623/1403 1404/1624/1404
f 1405/1625/1405 1404/1624/1404 1403/1623/1403 1406/1626/1406
f 1407/1627/1407 1406/1626/1406 1403/1623/1403 1408/1628/1408
f 1409/1629/1409 1410/1630/1410 1411/1631/1411 1412/1632/1412
f 1413/1633/1413 1414/1634/1414 1411/1631/1411 1410/1630/1410
f 1415/1635/1415 1412/1632/1412 1411/1631/1411 1416/1636/1416
f 1417/1637/1417 1418/1638/1418 1411/1631/1411 1414/1634/1414
f 1419/1639/1419 1420/1640/1420 1421/1641/1421 1422/1642/1422
f 1423/1643/1423 1424/1644/1424 1421/1641/1421 1420/1640/1420
f 1425/1645/1425 1426/1646/1426 1419/1639/1419 1422/1642/1422
f 1423/1643/1423 1420/1640/1420 1419/1639/1419 1426/1646/1426
f 1427/1647/1427 1428/1648/1428 1425/1645/1425 1422/1642/1422
f 1429/1649/1429 1430/1650/1430 1425/1645/1425 1431/1651/1431
f 1432/1652/1432 1431/1651/1431 1425/1645/1425 1428/1648/1428
f 1433/1653/1433 1426/1646/1426 1425/1645/1425 1430/1650/1430
f 1434/1654/1434 1435/1655/1435 1436/1656/1436 1437/1657/1437
f 1438/1658/1438 1437/1657/1437 1436/1656/1436 1439/1659/1439
f 1440/1660/1440 1439/1661/1439 1436/1662/1436 1435/1663/1435
f 1441/1664/1441 1438/1658/1438 1439/1659/1439 1440/1665/1440
f 1441/1664/1441 1434/1654/1434 1437/1657/1437 1438/1658/1438
f 1442/1666/1442 1443/1667/1443 1444/1668/1444 1432/1652/1432
f 1431/1651/1431 1432/1652/1432 1444/1668/1444 1445/1669/1445
f 1446/1670/1446 1445/1671/1445 1444/1672/1444 1447/1673/1447
f 1448/1674/1448 1449/1675/1449 1445/1671/1445 1446/1670/1446
f 1434/1654/1434 1441/1664/1441 1445/1671/1445 1449/1675/1449
f 1450/1676/1450 1451/1677/1451 1452/1678/1452 1453/1679/1453
f 1454/1680/1454 1455/1681/1455 1452/1678/1452 1451/1677/1451
f 1456/1682/1456 1453/1683/1453 1452/1684/1452 1455/1685/1455
f 1457/1686/1457 1450/1687/1450 1453/1683/1453 1456/1682/1456
f 1457/1686/1457 1456/1682/1456 1455/1685/1455 1454/1688/1454
f 1428/1648/1428 1458/1689/1458 1442/1666/1442 1432/1652/1432
f 1459/1690/1459 1443/1667/1443 1442/1666/1442 1460/1691/1460
f 1461/1692/1461 1449/1693/1449 1448/1694/1448 1462/1695/1462
f 1463/1696/1463 1464/1697/1464 1448/1698/1448 1446/1699/1446
f 1465/1700/1465 1466/1701/1466 1467/1702/1467 1468/1703/1468
f 1469/1704/1469 1468/1705/1468 1467/1706/1467 1470/1707/1470
f 1471/1708/1471 1470/1709/1470 1467/1702/1467 1466/1701/1466
f 1472/1710/1472 1471/1708/1471 1466/1701/1466 1465/1700/1465
f 1472/1710/1472 1469/1711/1469 1470/1709/1470 1471/1708/1471
f 1473/1712/1473 1458/1689/1458 1428/1648/1428 1474/1713/1474
f 1424/1644/1424 1474/1713/1474 1428/1648/1428 1427/1647/1427
f 1468/1705/1468 1463/1714/1463 1459/1715/1459 1465/1716/1465
f 1472/1710/1472 1465/1700/1465 1459/1690/1459 1460/1691/1460
f 1454/1680/1454 1443/1667/1443 1459/1690/1459 1457/1717/1457
f 1446/1718/1446 1447/1719/1447 1459/1715/1459 1463/1714/1463
f 1475/1720/1475 1476/1721/1476 1460/1722/1460 1477/1723/1477
f 1469/1704/1469 1472/1724/1472 1460/1722/1460 1476/1721/1476
f 1475/1725/1475 1477/1726/1477 1478/1727/1478 1479/1728/1479
f 1480/1729/1480 1481/1730/1481 1478/1727/1478 1477/1726/1477
f 1482/1731/1482 1479/1728/1479 1478/1727/1478 1481/1730/1481
f 1483/1732/1483 1475/1720/1475 1479/1733/1479 1482/1734/1482
f 1483/1735/1483 1482/1731/1482 1481/1730/1481 1480/1729/1480
f 1480/1729/1480 1477/1726/1477 1460/1691/1460 1484/1736/1484
f 1485/1737/1485 1484/1736/1484 1460/1691/1460 1442/1666/1442
f 1486/1738/1486 1464/1739/1464 1463/1714/1463 1476/1721/1476
f 1468/1705/1468 1469/1704/1469 1476/1721/1476 1463/1714/1463
f 1483/1732/1483 1487/1740/1487 1476/1721/1476 1475/1720/1475
f 1488/1741/1488 1486/1738/1486 1476/1721/1476 1487/1740/1487
f 1448/1698/1448 1489/1742/1489 1490/1743/1490 1462/1744/1462
f 1491/1745/1491 1492/1746/1492 1490/1743/1490 1489/1742/1489
f 1493/1747/1493 1494/1748/1494 1490/1743/1490 1492/1746/1492
f 1429/1649/1429 1462/1695/1462 1490/1749/1490 1430/1650/1430
f 1433/1653/1433 1430/1650/1430 1490/1749/1490 1494/1750/1494
f 1458/1689/1458 1495/1751/1495 1485/1737/1485 1442/1666/1442
f 1496/1752/1496 1497/1753/1497 1485/1737/1485 1498/1754/1498
f 1499/1755/1499 1500/1756/1500 1501/1757/1501 1502/1758/1502
f 1487/1759/1487 1484/1736/1484 1501/1760/1501 1500/1761/1500
f 1496/1752/1496 1502/1762/1502 1501/1760/1501 1497/1753/1497
f 1483/1732/1483 1480/1763/1480 1484/1764/1484 1487/1740/1487
f 1503/1765/1503 1488/1741/1488 1487/1740/1487 1500/1756/1500
f 1433/1653/1433 1494/1750/1494 1504/1766/1504 1505/1767/1505
f 1474/1713/1474 1505/1767/1505 1504/1766/1504 1473/1712/1473
f 1493/1747/1493 1506/1768/1506 1504/1769/1504 1494/1748/1494
f 1507/1770/1507 1508/1771/1508 1509/1772/1509 1510/1773/1510
f 1510/1774/1510 1509/1775/1509 1504/1769/1504 1506/1768/1506
f 1473/1712/1473 1504/1766/1504 1509/1776/1509 1508/1777/1508
f 1503/1765/1503 1495/1778/1495 1508/1771/1508 1511/1779/1511
f 1458/1689/1458 1473/1712/1473 1508/1777/1508 1495/1751/1495
f 1512/1780/1512 1511/1779/1511 1508/1771/1508 1507/1770/1507
f 1513/1781/1513 1514/1782/1514 1515/1783/1515 1516/1784/1516
f 1517/1785/1517 1518/1786/1518 1515/1787/1515 1519/1788/1519
f 1520/1789/1520 1521/1790/1521 1515/1787/1515 1518/1786/1518
f 1522/1791/1522 1523/1792/1523 1524/1793/1524 1525/1794/1525
f 1521/1790/1521 1525/1795/1525 1524/1796/1524 1526/1797/1526
f 1527/1798/1527 1526/1799/1526 1524/1800/1524 1528/1801/1528
f 1529/1802/1529 1530/1803/1530 1524/1793/1524 1523/1792/1523
f 1531/1804/1531 1528/1801/1528 1524/1800/1524 1530/1805/1530
f 1522/1791/1522 1532/1806/1532 1533/1807/1533 1523/1792/1523
f 1415/1635/1415 1416/1636/1416 1533/1807/1533 1532/1806/1532
f 1529/1802/1529 1523/1792/1523 1533/1807/1533 1416/1636/1416
f 1534/1808/1534 1415/1635/1415 1532/1806/1532 1535/1809/1535
f 1536/1810/1536 1537/1811/1537 1535/1812/1535 1520/1789/1520
f 1521/1790/1521 1520/1789/1520 1535/1812/1535 1525/1795/1525
f 1538/1813/1538 1534/1808/1534 1535/1809/1535 1537/1814/1537
f 1539/1815/1539 1530/1803/1530 1529/1802/1529 1416/1636/1416
f 1418/1638/1418 1539/1815/1539 1416/1636/1416 1411/1631/1411
f 1527/1798/1527 1540/1816/1540 1541/1817/1541 1513/1781/1513
f 1514/1782/1514 1513/1781/1513 1541/1817/1541 1542/1818/1542
f 1543/1819/1543 1544/1820/1544 1541/1817/1541 1540/1816/1540
f 1545/1821/1545 1414/1634/1414 1413/1633/1413 1546/1822/1546
f 1547/1823/1547 1546/1822/1546 1413/1633/1413 1548/1824/1548
f 1549/1825/1549 1545/1821/1545 1546/1822/1546 1547/1823/1547
f 1550/1826/1550 1541/1817/1541 1544/1820/1544 1551/1827/1551
f 1552/1828/1552 1553/1829/1553 1544/1820/1544 1543/1819/1543
f 1539/1830/1539 1554/1831/1554 1531/1804/1531 1530/1805/1530
f 1555/1832/1555 1528/1801/1528 1531/1804/1531 1554/1831/1554
f 1556/1833/1556 1551/1827/1551 1544/1820/1544 1553/1829/1553
f 1557/1834/1557 1558/1835/1558 1537/1811/1537 1536/1810/1536
f 1559/1836/1559 1538/1813/1538 1537/1814/1537 1560/1837/1560
f 1561/1838/1561 1560/1839/1560 1537/1811/1537 1558/1835/1558
f 1562/1840/1562 1563/1841/1563 1401/1621/1401 1564/1842/1564
f 1565/1843/1565 1564/1842/1564 1401/1621/1401 1404/1624/1404
f 1566/1844/1566 1567/1845/1567 1401/1621/1401 1563/1841/1563
f 1568/1846/1568 1402/1622/1402 1401/1621/1401 1567/1845/1567
f 1543/1819/1543 1569/1847/1569 1570/1848/1570 1552/1828/1552
f 1571/1849/1571 1572/1850/1572 1570/1848/1570 1569/1847/1569
f 1573/1851/1573 1574/1852/1574 1570/1848/1570 1575/1853/1575
f 1576/1854/1576 1577/1855/1577 1563/1841/1563 1562/1840/1562
f 1578/1856/1578 1579/1857/1579 1563/1841/1563 1577/1855/1577
f 1580/1858/1580 1566/1844/1566 1563/1841/1563 1579/1857/1579
f 1556/1833/1556 1553/1829/1553 1574/1852/1574 1581/1859/1581
f 1582/1860/1582 1567/1845/1567 1566/1844/1566 1580/1858/1580
f 1583/1861/1583 1584/1862/1584 1408/1628/1408 1585/1863/1585
f 1586/1864/1586 1407/1627/1407 1408/1628/1408 1394/1614/1394
f 1587/1865/1587 1588/1866/1588 1589/1867/1589 1590/1868/1590
f 1534/1808/1534 1538/1813/1538 1589/1867/1589 1588/1866/1588
f 1591/1869/1591 1590/1868/1590 1589/1867/1589 1592/1870/1592
f 1593/1871/1593 1592/1870/1592 1589/1867/1589 1594/1872/1594
f 1559/1836/1559 1594/1872/1594 1589/1867/1589 1538/1813/1538
f 1595/1873/1595 1596/1874/1596 1594/1872/1594 1559/1836/1559
f 1597/1875/1597 1598/1876/1598 1594/1872/1594 1596/1874/1596
f 1599/1877/1599 1593/1878/1593 1594/1879/1594 1598/1880/1598
f 1600/1881/1600 1601/1882/1601 1381/1601/1381 1380/1600/1380
f 1602/1883/1602 1382/1602/1382 1381/1601/1381 1601/1882/1601
f 1591/1869/1591 1603/1884/1603 1604/1885/1604 1590/1868/1590
f 1605/1886/1605 1578/1856/1578 1604/1885/1604 1603/1884/1603
f 1606/1887/1606 1607/1888/1607 1251/1448/1251 1295/1496/1295
f 1608/1889/1608 1609/1890/1609 1251/1448/1251 1607/1888/1607
f 1610/1891/1610 1182/1892/1182 1611/1893/1611 1612/1894/1612
f 1175/1370/1175 1613/1895/1613 1611/1896/1611 1182/1897/1182
f 1614/1898/1614 1612/1894/1612 1611/1893/1611 1615/1899/1615
f 1310/1513/1310 1615/1899/1615 1611/1893/1611 1312/1900/1312
f 1616/1901/1616 1312/1516/1312 1611/1902/1611 1613/1903/1613
f 1617/1904/1617 1293/1494/1293 1618/1905/1618 1619/1906/1619
f 1619/1906/1619 1618/1905/1618 1620/1907/1620 1621/1908/1621
f 1622/1909/1622 1620/1907/1620 1618/1905/1618 1293/1494/1293
f 1623/1910/1623 1624/1911/1624 1625/1912/1625 1626/1913/1626
f 1627/1914/1627 1628/1915/1628 1625/1916/1625 1624/1917/1624
f 1629/1918/1629 1630/1919/1630 1625/1916/1625 1628/1915/1628
f 1631/1920/1631 1626/1913/1626 1625/1912/1625 1632/1921/1632
f 1605/1922/1605 1633/1923/1633 1579/1924/1579 1578/1925/1578
f 1634/1926/1634 1580/1858/1580 1579/1857/1579 1635/1927/1635
f 1636/1928/1636 1635/1929/1635 1579/1924/1579 1633/1923/1633
f 1301/1930/1301 1274/1472/1274 1637/1931/1637 1638/1932/1638
f 1275/1473/1275 1639/1933/1639 1637/1931/1637 1274/1472/1274
f 1640/1934/1640 1638/1932/1638 1637/1931/1637 1639/1933/1639
f 1641/1935/1641 1642/1936/1642 1643/1937/1643 1644/1938/1644
f 1645/1939/1645 1644/1938/1644 1643/1937/1643 1646/1940/1646
f 1647/1941/1647 1648/1942/1648 1643/1937/1643 1642/1936/1642
f 1649/1943/1649 1650/1944/1650 1651/1945/1651 1652/1946/1652
f 1653/1947/1653 1654/1948/1654 1651/1945/1651 1650/1944/1650
f 1655/1949/1655 1656/1950/1656 1641/1935/1641 1644/1938/1644
f 1657/1951/1657 1658/1952/1658 1641/1935/1641 1659/1953/1659
f 1660/1954/1660 1659/1953/1659 1641/1935/1641 1656/1950/1656
f 1657/1951/1657 1659/1953/1659 1649/1943/1649 1661/1955/1661
f 1662/1956/1662 1661/1955/1661 1649/1943/1649 1652/1946/1652
f 1660/1954/1660 1663/1957/1663 1649/1943/1649 1659/1953/1659
f 1664/1958/1664 1650/1944/1650 1649/1943/1649 1663/1957/1663
f 1645/1939/1645 1665/1959/1665 1655/1949/1655 1644/1938/1644
f 1666/1960/1666 1667/1961/1667 1655/1962/1655 1665/1963/1665
f 1668/1964/1668 1669/1965/1669 1655/1949/1655 1667/1966/1667
f 1670/1967/1670 1656/1950/1656 1655/1949/1655 1669/1965/1669
f 1671/1968/1671 1672/1969/1672 1665/1970/1665 1645/1971/1645
f 1673/1972/1673 1668/1973/1668 1667/1974/1667 1647/1941/1647
f 1674/1975/1674 1675/1976/1675 1667/1961/1667 1666/1960/1666
f 1676/1977/1676 1677/1978/1677 1658/1952/1658 1657/1951/1657
f 1642/1936/1642 1641/1935/1641 1658/1952/1658 1678/1979/1678
f 1679/1980/1679 1680/1981/1680 1627/1914/1627 1681/1982/1681
f 1682/1983/1682 1683/1984/1683 1627/1914/1627 1624/1917/1624
f 1684/1985/1684 1681/1982/1681 1627/1914/1627 1683/1984/1683
f 1679/1980/1679 1685/1986/1685 1629/1918/1629 1680/1981/1680
f 1686/1987/1686 1687/1988/1687 1629/1918/1629 1685/1986/1685
f 1688/1989/1688 1630/1919/1630 1629/1918/1629 1687/1988/1687
f 1689/1990/1689 1619/1906/1619 1621/1908/1621 1690/1991/1690
f 1691/1992/1691 1690/1993/1690 1621/1994/1621 1692/1995/1692
f 1693/1996/1693 1694/1997/1694 1695/1998/1695 1696/1999/1696
f 1697/2000/1697 1696/1999/1696 1695/1998/1695 1698/2001/1698
f 1699/2002/1699 1698/2001/1698 1695/1998/1695 1694/1997/1694
f 1700/2003/1700 1701/2004/1701 1702/2005/1702 1703/2006/1703
f 1704/2007/1704 1705/2008/1705 1702/2005/1702 1701/2004/1701
f 1706/2009/1706 1703/2006/1703 1702/2005/1702 1705/2008/1705
f 1707/2010/1707 1708/2011/1708 1709/2012/1709 1191/1369/1191
f 1191/1369/1191 1709/2012/1709 1613/1895/1613 1175/1370/1175
f 1710/2013/1710 1613/1895/1613 1709/2012/1709 1708/2011/1708
f 1697/2000/1697 1698/2001/1698 1287/2014/1287 1289/2015/1289
f 1699/2002/1699 1711/2016/1711 1287/2014/1287 1698/2001/1698
f 1703/2006/1703 1712/2017/1712 1713/2018/1713 1700/2003/1700
f 1714/2019/1714 1700/2003/1700 1713/2018/1713 1715/2020/1715
f 1716/2021/1716 1715/2020/1715 1713/2018/1713 1717/2022/1717
f 1718/2023/1718 1717/2022/1717 1713/2018/1713 1712/2017/1712
f 1719/2024/1719 1720/2025/1720 1597/2026/1597 1596/2027/1596
f 1721/2028/1721 1598/1880/1598 1597/2029/1597 1720/2030/1720
f 1288/1489/1288 1287/1488/1287 1711/2031/1711 1722/2032/1722
f 1723/2033/1723 1722/2034/1722 1711/2035/1711 1724/2036/1724
f 1725/2037/1725 1724/2038/1724 1711/2016/1711 1699/2002/1699
f 1726/2039/1726 1727/2040/1727 1728/2041/1728 1729/2042/1729
f 1730/2043/1730 1729/2042/1729 1728/2041/1728 1731/2044/1731
f 1732/2045/1732 1731/2044/1731 1728/2041/1728 1727/2040/1727
f 1631/1920/1631 1632/1921/1632 1640/1934/1640 1639/1933/1639
f 1733/2046/1733 1734/2047/1734 1640/1934/1640 1632/1921/1632
f 1735/2048/1735 1736/2049/1736 1737/2050/1737 1286/1487/1286
f 1268/1466/1268 1286/1487/1286 1737/2050/1737 1291/1492/1291
f 1292/1493/1292 1291/1492/1291 1737/2050/1737 1738/2051/1738
f 1739/2052/1739 1738/2051/1738 1737/2050/1737 1736/2049/1736
f 1740/2053/1740 1741/2054/1741 1742/2055/1742 1743/2056/1743
f 1744/2057/1744 1743/2056/1743 1742/2055/1742 1745/2058/1745
f 1746/2059/1746 1745/2058/1745 1742/2055/1742 1741/2054/1741
f 1701/2004/1701 1700/2003/1700 1714/2019/1714 1747/2060/1747
f 1748/2061/1748 1749/2062/1749 1714/2019/1714 1750/2063/1750
f 1751/2064/1751 1750/2063/1750 1714/2019/1714 1715/2020/1715
f 1752/2065/1752 1753/2066/1753 1754/2067/1754 1755/2068/1755
f 1756/2069/1756 1757/2070/1757 1754/2067/1754 1753/2066/1753
f 1758/2071/1758 1759/2072/1759 1754/2067/1754 1760/2073/1760
f 1761/2074/1761 1755/2068/1755 1754/2067/1754 1759/2072/1759
f 1762/2075/1762 1763/2076/1763 1746/2059/1746 1741/2054/1741
f 1764/2077/1764 1745/2058/1745 1746/2059/1746 1765/2078/1765
f 1715/2020/1715 1716/2021/1716 1766/2079/1766 1751/2064/1751
f 1767/2080/1767 1768/2081/1768 1766/2079/1766 1716/2021/1716
f 1769/2082/1769 1751/2064/1751 1766/2079/1766 1770/2083/1770
f 1771/2084/1771 1770/2083/1770 1766/2079/1766 1772/2085/1772
f 1773/2086/1773 1774/2087/1774 1775/2088/1775 1776/2089/1776
f 1777/2090/1777 1778/2091/1778 1765/2078/1765 1779/2092/1779
f 1748/2061/1748 1750/2063/1750 1780/2093/1780 1740/2053/1740
f 1741/2054/1741 1740/2053/1740 1780/2093/1780 1762/2075/1762
f 1762/2075/1762 1780/2093/1780 1751/2064/1751 1769/2082/1769
f 1717/2022/1717 1781/2094/1781 1767/2080/1767 1716/2021/1716
f 1782/2095/1782 1768/2081/1768 1767/2080/1767 1781/2094/1781
f 1730/2043/1730 1783/2096/1783 1699/2002/1699 1694/1997/1694
f 1756/2069/1756 1753/2066/1753 1764/2077/1764 1784/2097/1784
f 1771/2084/1771 1778/2091/1778 1777/2090/1777 1770/2083/1770
f 1769/2082/1769 1770/2083/1770 1777/2090/1777 1779/2092/1779
f 1785/2098/1785 1786/2099/1786 1731/2044/1731 1732/2045/1732
f 1787/2100/1787 1788/2101/1788 1731/2044/1731 1786/2099/1786
f 1789/2102/1789 1790/2103/1790 1759/2104/1759 1758/2105/1758
f 1791/2106/1791 1773/2086/1773 1765/2078/1765 1778/2091/1778
f 1620/1907/1620 1622/1909/1622 1792/2107/1792 1793/2108/1793
f 1738/2109/1738 1739/2110/1739 1792/2111/1792 1622/2112/1622
f 1794/2113/1794 1793/2114/1793 1792/2111/1792 1795/2115/1795
f 1782/2095/1782 1796/2116/1796 1772/2085/1772 1768/2081/1768
f 1797/2117/1797 1798/2118/1798 1772/2085/1772 1796/2116/1796
f 1799/2119/1799 1771/2084/1771 1772/2085/1772 1798/2118/1798
f 1800/2120/1800 1801/2121/1801 1802/2122/1802 1803/2123/1803
f 1804/2124/1804 1805/2125/1805 1802/2122/1802 1801/2121/1801
f 1806/2126/1806 1803/2123/1803 1802/2122/1802 1805/2125/1805
f 1807/2127/1807 1808/2128/1808 1757/2070/1757 1756/2069/1756
f 1760/2073/1760 1754/2067/1754 1757/2070/1757 1808/2128/1808
f 1809/2129/1809 1774/2087/1774 1773/2086/1773 1791/2106/1791
f 1799/2119/1799 1810/2130/1810 1809/2129/1809 1791/2106/1791
f 1811/2131/1811 1774/2087/1774 1809/2129/1809 1810/2130/1810
f 1812/2132/1812 1813/2133/1813 1814/2134/1814 1815/2135/1815
f 1816/2136/1816 1815/2135/1815 1814/2134/1814 1817/2137/1817
f 1818/2138/1818 1819/2139/1819 1820/2140/1820 1813/2133/1813
f 1811/2131/1811 1821/2141/1821 1775/2088/1775 1774/2087/1774
f 1822/2142/1822 1784/2097/1784 1775/2088/1775 1821/2141/1821
f 1823/2143/1823 1824/2144/1824 1825/2145/1825 1826/2146/1826
f 1827/2147/1827 1828/2148/1828 1825/2145/1825 1824/2144/1824
f 1829/2149/1829 1826/2146/1826 1825/2145/1825 1830/2150/1830
f 1831/2151/1831 1832/2152/1832 1734/2047/1734 1733/2046/1733
f 1833/2153/1833 1640/1934/1640 1734/2047/1734 1832/2152/1832
f 1812/2132/1812 1815/2135/1815 1834/2154/1834 1835/2155/1835
f 1816/2136/1816 1836/2156/1836 1834/2154/1834 1815/2135/1815
f 1837/2157/1837 1835/2158/1835 1834/2159/1834 1838/2160/1838
f 1839/2161/1839 1838/2162/1838 1834/2163/1834 1840/2164/1840
f 1841/2165/1841 1840/2164/1840 1834/2163/1834 1836/2166/1836
f 1842/2167/1842 1843/2168/1843 1844/2169/1844 1845/2170/1845
f 1846/2171/1846 1847/2172/1847 1844/2169/1844 1843/2168/1843
f 1848/2173/1848 1845/2170/1845 1844/2169/1844 1847/2172/1847
f 1705/2008/1705 1704/2007/1704 1849/2174/1849 1850/2175/1850
f 1851/2176/1851 1850/2175/1850 1849/2174/1849 1852/2177/1852
f 1606/1887/1606 1833/2178/1833 1853/2179/1853 1607/1888/1607
f 1832/2180/1832 1854/2181/1854 1853/2179/1853 1833/2178/1833
f 1608/1889/1608 1607/1888/1607 1853/2179/1853 1854/2181/1854
f 1855/2182/1855 1856/2183/1856 1857/2184/1857 1858/2185/1858
f 1859/2186/1859 1860/2187/1860 1857/2188/1857 1856/2189/1856
f 48/56/48 45/53/45 1857/2188/1857 1860/2187/1860
f 46/54/46 1861/2190/1861 1857/2188/1857 45/53/45
f 1862/2191/1862 1858/2185/1858 1857/2184/1857 1861/2192/1861
f 1863/2193/1863 1864/2194/1864 1860/2187/1860 1859/2186/1859
f 1865/2195/1865 1866/2196/1866 1860/2187/1860 1864/2194/1864
f 1867/2197/1867 1868/2198/1868 1851/2176/1851 1852/2177/1852
f 1842/2167/1842 1850/2175/1850 1851/2176/1851 1843/2168/1843
f 1846/2171/1846 1843/2168/1843 1851/2176/1851 1869/2199/1869
f 1870/2200/1870 1869/2199/1869 1851/2176/1851 1868/2198/1868
f 1871/2201/1871 1872/2202/1872 1873/2203/1873 1874/2204/1874
f 1875/2205/1875 1874/2204/1874 1873/2203/1873 1876/2206/1876
f 1877/2207/1877 1878/2208/1878 1873/2203/1873 1872/2202/1872
f 1879/2209/1879 1880/2210/1880 1873/2203/1873 1878/2208/1878
f 1881/2211/1881 1876/2206/1876 1873/2203/1873 1880/2210/1880
f 1866/2196/1866 41/49/41 48/56/48 1860/2187/1860
f 1866/2196/1866 47/55/47 42/50/42 41/49/41
f 1882/2212/1882 1883/2213/1883 1884/2214/1884 1885/2215/1885
f 1886/2216/1886 1887/2217/1887 1884/2214/1884 1883/2213/1883
f 1888/2218/1888 1885/2215/1885 1884/2214/1884 1887/2217/1887
f 1889/2219/1889 1890/2220/1890 1831/2221/1831 1891/2222/1891
f 1854/2181/1854 1832/2180/1832 1831/2221/1831 1890/2220/1890
f 1841/2223/1841 1836/2224/1836 1892/2225/1892 1893/2226/1893
f 1816/2227/1816 1894/2228/1894 1892/2225/1892 1836/2224/1836
f 1895/2229/1895 1893/2226/1893 1892/2225/1892 1894/2228/1894
f 1896/2230/1896 1897/2231/1897 1898/2232/1898 1899/2233/1899
f 1900/2234/1900 1899/2233/1899 1898/2232/1898 1789/2235/1789
f 1901/2236/1901 1902/2237/1902 1903/2238/1903 1904/2239/1904
f 1905/2240/1905 1906/2241/1906 1903/2242/1903 1902/2243/1902
f 1901/2244/1901 1904/2245/1904 1907/2246/1907 1908/2247/1908
f 1905/2240/1905 1908/2247/1908 1907/2246/1907 1906/2241/1906
f 1901/2236/1901 1909/2248/1909 1910/2249/1910 1902/2237/1902
f 1911/2250/1911 1912/2251/1912 1910/2249/1910 1913/2252/1913
f 1905/2253/1905 1902/2237/1902 1910/2249/1910 1912/2251/1912
f 1914/2254/1914 1915/2255/1915 1910/2249/1910 1909/2248/1909
f 1916/2256/1916 1917/2257/1917 1911/2250/1911 1913/2252/1913
f 1918/2258/1918 1912/2259/1912 1911/2260/1911 1919/2261/1919
f 1901/2244/1901 1908/2247/1908 1918/2258/1918 1909/2262/1909
f 1914/2263/1914 1909/2262/1909 1918/2258/1918 1919/2261/1919
f 1905/2240/1905 1912/2259/1912 1918/2258/1918 1908/2247/1908
f 1920/2264/1920 1919/2261/1919 1911/2260/1911 1917/2265/1917
f 1921/2266/1921 1922/2267/1922 1920/2264/1920 1917/2265/1917
f 1923/2268/1923 1924/2269/1924 1920/2264/1920 1922/2267/1922
f 1790/2103/1790 1789/2102/1789 1898/2270/1898 1925/2271/1925
f 1926/2272/1926 1830/2150/1830 1825/2145/1825 1828/2148/1828
f 1796/2116/1796 1885/2215/1885 1888/2218/1888 1797/2117/1797
f 1927/2273/1927 1928/2274/1928 1888/2218/1888 1887/2217/1887
f 1929/2275/1929 1797/2117/1797 1888/2218/1888 1930/2276/1930
f 1931/2277/1931 1930/2276/1930 1888/2218/1888 1928/2274/1928
f 1848/2173/1848 1847/2172/1847 1932/2278/1932 1933/2279/1933
f 1886/2216/1886 1933/2279/1933 1932/2278/1932 1934/2280/1934
f 1935/2281/1935 1934/2280/1934 1932/2278/1932 1847/2172/1847
f 1798/2118/1798 1797/2117/1797 1929/2275/1929 1936/2282/1936
f 1937/2283/1937 1936/2282/1936 1929/2275/1929 1938/2284/1938
f 1939/2285/1939 1935/2281/1935 1847/2172/1847 1846/2171/1846
f 1940/2286/1940 1941/2287/1941 1865/2195/1865 1864/2194/1864
f 1942/2288/1942 1943/2289/1943 1865/2195/1865 1941/2287/1941
f 1944/2290/1944 1945/2291/1945 1924/2292/1924 1923/2293/1923
f 1946/2294/1946 1920/2264/1920 1924/2269/1924 1947/2295/1947
f 1948/2296/1948 1938/2284/1938 1929/2275/1929 1930/2276/1930
f 1634/2297/1634 1949/2298/1949 1943/2299/1943 1950/2300/1950
f 1951/2301/1951 1865/2195/1865 1943/2289/1943 1949/2302/1949
f 1952/2303/1952 1950/2304/1950 1943/2305/1943 1953/2306/1953
f 1954/2307/1954 1953/2308/1953 1943/2309/1943 1942/2310/1942
f 1816/2227/1816 1817/2311/1817 1955/2312/1955 1894/2228/1894
f 1956/2313/1956 1957/2314/1957 1955/2312/1955 1958/2315/1958
f 1895/2229/1895 1894/2228/1894 1955/2312/1955 1957/2314/1957
f 1959/2316/1959 1952/2303/1952 1953/2306/1953 1960/2317/1960
f 1961/2318/1961 1960/2317/1960 1953/2306/1953 1962/2319/1962
f 1963/2320/1963 1962/2321/1962 1953/2322/1953 1954/2323/1954
f 1964/2324/1964 1965/2325/1965 1938/2284/1938 1948/2296/1948
f 1966/2326/1966 1967/2327/1967 1968/2328/1968 1969/2329/1969
f 1970/2330/1970 1971/2331/1971 1968/2328/1968 1967/2327/1967
f 1972/2332/1972 1969/2329/1969 1968/2328/1968 1971/2331/1971
f 1973/2333/1973 1974/2334/1974 1972/2335/1972 1971/2336/1971
f 1975/2337/1975 1976/2338/1976 1972/2335/1972 1974/2334/1974
f 1891/2339/1891 1977/2340/1977 1978/2341/1978 1979/2342/1979
f 1921/2343/1921 1980/2344/1980 1978/2341/1978 1977/2340/1977
f 1981/2345/1981 1979/2342/1979 1978/2341/1978 1980/2344/1980
f 1982/2346/1982 1935/2281/1935 1939/2285/1939 1983/2347/1983
f 1869/2199/1869 1984/2348/1984 1939/2285/1939 1846/2171/1846
f 1985/2349/1985 1954/2307/1954 1942/2310/1942 1986/2350/1986
f 1889/2219/1889 1891/2222/1891 1979/2351/1979 1987/2352/1987
f 1988/2353/1988 1947/2354/1947 1979/2342/1979 1981/2345/1981
f 1924/2355/1924 1989/2356/1989 1979/2351/1979 1947/2357/1947
f 1983/2347/1983 1990/2358/1990 1991/2359/1991 1982/2346/1982
f 1927/2273/1927 1982/2346/1982 1991/2359/1991 1928/2274/1928
f 1931/2277/1931 1928/2274/1928 1991/2359/1991 1990/2358/1990
f 1870/2200/1870 1992/2360/1992 1984/2348/1984 1869/2199/1869
f 1993/2361/1993 1994/2362/1994 1930/2276/1930 1931/2277/1931
f 1964/2324/1964 1948/2296/1948 1930/2276/1930 1994/2362/1994
f 1995/2363/1995 1996/2364/1996 1945/2291/1945 1944/2290/1944
f 1997/2365/1997 1998/2366/1998 1945/2367/1945 1996/2368/1996
f 1999/2369/1999 2000/2370/2000 1984/2348/1984 1992/2360/1992
f 2001/2371/2001 1724/2038/1724 1725/2037/1725 2002/2372/2002
f 1783/2096/1783 2003/2373/2003 1725/2037/1725 1699/2002/1699
f 2004/2374/2004 2002/2372/2002 1725/2037/1725 2003/2373/2003
f 2005/2375/2005 1966/2326/1966 1969/2329/1969 2006/2376/2006
f 2007/2377/2007 2008/2378/2008 1969/2329/1969 1972/2332/1972
f 2009/2379/2009 2010/2380/2010 2006/2376/2006 2011/2381/2011
f 2008/2378/2008 2012/2382/2012 2006/2376/2006 1969/2329/1969
f 2013/2383/2013 2011/2381/2011 2006/2376/2006 2012/2382/2012
f 2014/2384/2014 2015/2385/2015 1965/2325/1965 1964/2324/1964
f 1881/2211/1881 1880/2210/1880 2016/2386/2016 2017/2387/2017
f 2018/2388/2018 2019/2389/2019 2020/2390/2020 2021/2391/2021
f 2021/2391/2021 2020/2390/2020 1999/2369/1999 2022/2392/2022
f 2000/2370/2000 1999/2369/1999 2020/2390/2020 2019/2389/2019
f 2023/2393/2023 2018/2388/2018 2021/2391/2021 2022/2392/2022
f 2024/2394/2024 2025/2395/2025 2026/2396/2026 2027/2397/2027
f 2028/2398/2028 2027/2397/2027 2026/2396/2026 2029/2399/2029
f 2030/2400/2030 2029/2399/2029 2026/2396/2026 2025/2395/2025
f 2031/2401/2031 2018/2388/2018 2023/2393/2023 2032/2402/2032
f 2033/2403/2033 2032/2402/2032 2023/2393/2023 2022/2392/2022
f 2034/2404/2034 2035/2405/2035 2036/2406/2036 2037/2407/2037
f 1999/2369/1999 2037/2407/2037 2036/2406/2036 2022/2392/2022
f 2033/2403/2033 2022/2392/2022 2036/2406/2036 2035/2405/2035
f 2032/2402/2032 2038/2408/2038 2039/2409/2039 2031/2401/2031
f 2040/2410/2040 2031/2401/2031 2039/2409/2039 2041/2411/2041
f 2042/2412/2042 2041/2411/2041 2039/2409/2039 2038/2408/2038
f 2043/2413/2043 2044/2414/2044 2045/2415/2045 2046/2416/2046
f 2046/2416/2046 2045/2415/2045 2047/2417/2047 2048/2418/2048
f 2049/2419/2049 2047/2417/2047 2045/2415/2045 2044/2414/2044
f 1841/2223/1841 1893/2226/1893 2043/2420/2043 2046/2421/2046
f 1895/2229/1895 2050/2422/2050 2043/2420/2043 1893/2226/1893
f 2051/2423/2051 2052/2424/2052 2043/2420/2043 2050/2422/2050
f 2053/2425/2053 2044/2414/2044 2043/2413/2043 2052/2426/2052
f 2054/2427/2054 2049/2419/2049 2044/2414/2044 2055/2428/2055
f 2056/2429/2056 2041/2411/2041 2042/2412/2042 2057/2430/2057
f 2058/2431/2058 2057/2430/2057 2042/2412/2042 2059/2432/2059
f 2060/2433/2060 2061/2434/2061 2062/2435/2062 2063/2436/2063
f 2064/2437/2064 2063/2436/2063 2062/2435/2062 2065/2438/2065
f 2066/2439/2066 2065/2438/2065 2062/2435/2062 2067/2440/2067
f 2068/2441/2068 2069/2442/2069 2070/2443/2070 2071/2444/2071
f 2072/2445/2072 2071/2444/2071 2070/2443/2070 2073/2446/2073
f 2066/2447/2066 2074/2448/2074 2070/2449/2070 2069/2450/2069
f 2075/2451/2075 2067/2440/2067 2062/2435/2062 2061/2434/2061
f 2076/2452/2076 2077/2453/2077 2078/2454/2078 2079/2455/2079
f 2080/2456/2080 2081/2457/2081 2082/2458/2082 2083/2459/2083
f 2084/2460/2084 2083/2459/2083 2082/2458/2082 2085/2461/2085
f 2086/2462/2086 2085/2461/2085 2082/2458/2082 2087/2463/2087
f 2088/2464/2088 2089/2465/2089 2090/2466/2090 2091/2467/2091
f 2049/2419/2049 2054/2427/2054 2090/2466/2090 2089/2465/2089
f 2092/2468/2092 2091/2467/2091 2090/2466/2090 2093/2469/2093
f 2094/2470/2094 2093/2469/2093 2090/2466/2090 2054/2427/2054
f 2095/2471/2095 2096/2472/2096 2097/2473/2097 2098/2474/2098
f 2099/2475/2099 2100/2476/2100 2097/2473/2097 2096/2472/2096
f 2101/2477/2101 2102/2478/2102 2097/2473/2097 2100/2476/2100
f 1985/2349/1985 2017/2387/2017 2103/2479/2103 2104/2480/2104
f 2016/2386/2016 2105/2481/2105 2103/2479/2103 2017/2387/2017
f 2085/2461/2085 2086/2462/2086 2103/2479/2103 2105/2481/2105
f 2106/2482/2106 2104/2480/2104 2103/2479/2103 2107/2483/2107
f 2079/2455/2079 2108/2484/2108 2100/2476/2100 2076/2452/2076
f 2109/2485/2109 2076/2452/2076 2100/2476/2100 2099/2475/2099
f 2110/2486/2110 2107/2483/2107 2103/2479/2103 2086/2462/2086
f 2111/2487/2111 2112/2488/2112 39/2489/39 2113/2490/2113
f 2114/2491/2114 2113/2490/2113 39/2489/39 2115/2492/2115
f 2116/2493/2116 2117/2494/2117 39/47/39 38/46/38
f 2118/2495/2118 2115/2496/2115 39/2497/39 2117/2498/2117
f 2119/2499/2119 33/41/33 39/47/39 2112/2500/2112
f 2120/2501/2120 2121/2502/2121 2122/2503/2122 2123/2504/2123
f 2124/2505/2124 2125/2506/2125 2122/2503/2122 2121/2502/2121
f 2126/2507/2126 2123/2504/2123 2122/2503/2122 2125/2506/2125
f 2118/2508/2118 2117/2494/2117 2127/2509/2127 2128/2510/2128
f 2116/2493/2116 2129/2511/2129 2127/2509/2127 2117/2494/2117
f 2130/2512/2130 2131/2513/2131 2132/2514/2132 2133/2515/2133
f 2060/2433/2060 2133/2516/2133 2132/2517/2132 2061/2434/2061
f 2075/2451/2075 2061/2434/2061 2132/2517/2132 2134/2518/2134
f 2135/2519/2135 2136/2520/2136 2132/2514/2132 2131/2513/2131
f 2137/2521/2137 2134/2522/2134 2132/2523/2132 2136/2524/2136
f 2138/2525/2138 2139/2526/2139 2140/2527/2140 2141/2528/2141
f 2140/2527/2140 2139/2526/2139 38/2529/38 37/2530/37
f 2142/2531/2142 2143/2532/2143 38/2533/38 2139/2534/2139
f 2138/2525/2138 2141/2528/2141 2144/2535/2144 2145/2536/2145
f 2146/2537/2146 2145/2536/2145 2144/2535/2144 2111/2487/2111
f 2147/2538/2147 2135/2519/2135 2131/2513/2131 2130/2512/2130
f 2148/2539/2148 2149/2540/2149 2150/2541/2150 2151/2542/2151
f 2152/2543/2152 2153/2544/2153 2150/2545/2150 2154/2546/2154
f 2155/2547/2155 2156/2548/2156 2150/2549/2150 2149/2550/2149
f 2157/2551/2157 2158/2552/2158 2159/2553/2159 2160/2554/2160
f 2161/2555/2161 2162/2556/2162 2159/2553/2159 2158/2552/2158
f 2163/2557/2163 2160/2554/2160 2159/2553/2159 2162/2556/2162
f 2113/2490/2113 2114/2491/2114 2150/2549/2150 2156/2548/2156
f 2142/2558/2142 2154/2559/2154 2150/2549/2150 2114/2491/2114
f 2112/2488/2112 2111/2487/2111 2144/2535/2144 2164/2560/2164
f 40/2561/40 2164/2560/2164 2144/2535/2144 2141/2528/2141
f 2165/2562/2165 2166/2563/2166 1961/2564/1961 1962/2565/1962
f 2167/2566/2167 2168/2567/2168 1961/2318/1961 2169/2568/2169
f 2081/2457/2081 2170/2569/2170 2171/2570/2171 2082/2458/2082
f 2172/2571/2172 2173/2572/2173 2171/2570/2171 2170/2569/2170
f 2087/2463/2087 2082/2458/2082 2171/2570/2171 2173/2572/2173
f 2174/2573/2174 2175/2574/2175 2176/2575/2176 2177/2576/2177
f 2178/2577/2178 2179/2578/2179 2176/2575/2176 2175/2574/2175
f 2180/2579/2180 2177/2576/2177 2176/2575/2176 2181/2580/2181
f 2139/2534/2139 2182/2581/2182 2154/2582/2154 2142/2531/2142
f 31/36/31 2152/2583/2152 2154/2582/2154 21/23/21
f 22/24/22 21/23/21 2154/2582/2154 2182/2581/2182
f 2183/2584/2183 2116/2585/2116 38/2586/38 2143/2587/2143
f 2184/2588/2184 2185/2589/2185 2186/2590/2186 2187/2591/2187
f 2188/2592/2188 2189/2593/2189 2186/2594/2186 2185/2595/2185
f 2190/2596/2190 2191/2597/2191 2192/2598/2192 2193/2599/2193
f 2194/2600/2194 2195/2601/2195 2192/2602/2192 2191/2603/2191
f 2196/2604/2196 2193/2605/2193 2192/2602/2192 2195/2601/2195
f 2197/2606/2197 2190/2596/2190 2193/2599/2193 2196/2607/2196
f 2194/2600/2194 2198/2608/2198 2196/2604/2196 2195/2601/2195
f 2199/2609/2199 2197/2610/2197 2196/2604/2196 2198/2608/2198
f 2200/2611/2200 2201/2612/2201 2202/2613/2202 2203/2614/2203
f 2204/2615/2204 2205/2616/2205 2202/2613/2202 2201/2612/2201
f 2206/2617/2206 2207/2618/2207 2202/2613/2202 2205/2616/2205
f 2208/2619/2208 2203/2614/2203 2202/2613/2202 2209/2620/2209
f 2210/2621/2210 2209/2620/2209 2202/2613/2202 2207/2618/2207
f 2206/2622/2206 2197/2610/2197 2199/2609/2199 2211/2623/2211
f 2212/2624/2212 2211/2623/2211 2199/2609/2199 2198/2608/2198
f 2213/2625/2213 2214/2626/2214 2201/2612/2201 2200/2611/2200
f 2215/2627/2215 2216/2628/2216 2201/2629/2201 2214/2630/2214
f 2217/2631/2217 2204/2615/2204 2201/2612/2201 2216/2632/2216
f 2218/2633/2218 2219/2634/2219 2220/2635/2220 2221/2636/2221
f 2222/2637/2222 2221/2636/2221 2220/2635/2220 2223/2638/2223
f 2224/2639/2224 2225/2640/2225 2226/2641/2226 2227/2642/2227
f 2227/2642/2227 2226/2641/2226 2220/2643/2220 2219/2644/2219
f 2223/2645/2223 2220/2643/2220 2226/2641/2226 2225/2640/2225
f 2228/2646/2228 2227/2647/2227 2219/2634/2219 2218/2633/2218
f 2208/2619/2208 2209/2620/2209 2229/2648/2229 2230/2649/2230
f 2231/2650/2231 2230/2649/2230 2229/2648/2229 2232/2651/2232
f 2233/2652/2233 2232/2651/2232 2229/2648/2229 2234/2653/2234
f 2210/2654/2210 2235/2655/2235 2229/2656/2229 2209/2657/2209
f 2236/2658/2236 2234/2653/2234 2229/2648/2229 2235/2659/2235
f 2237/2660/2237 2238/2661/2238 2228/2646/2228 2218/2633/2218
f 2239/2662/2239 2240/2663/2240 2228/2646/2228 2238/2661/2238
f 2241/2664/2241 2227/2642/2227 2228/2665/2228 2240/2666/2240
f 2242/2667/2242 2243/2668/2243 2244/2669/2244 2245/2670/2245
f 2245/2670/2245 2244/2669/2244 2246/2671/2246 2247/2672/2247
f 2248/2673/2248 2246/2671/2246 2244/2669/2244 2243/2668/2243
f 2247/2672/2247 2249/2674/2249 2250/2675/2250 2245/2670/2245
f 2245/2676/2245 2250/2677/2250 2251/2678/2251 2242/2679/2242
f 2252/2680/2252 2251/2678/2251 2250/2677/2250 2249/2681/2249
f 2253/2682/2253 2254/2683/2254 2255/2684/2255 2256/2685/2256
f 2257/2686/2257 2256/2685/2256 2255/2684/2255 2258/2687/2258
f 2259/2688/2259 2258/2687/2258 2255/2684/2255 2254/2683/2254
f 2260/2689/2260 2165/2562/2165 1962/2565/1962 2261/2690/2261
f 2262/2691/2262 2261/2692/2261 1962/2321/1962 1963/2320/1963
f 2263/2693/2263 2264/2694/2264 2265/2695/2265 2155/2547/2155
f 2266/2696/2266 2267/2697/2267 2178/2577/2178 2268/2698/2268
f 2120/2501/2120 2268/2698/2268 2178/2577/2178 2175/2574/2175
f 2269/2699/2269 2270/2700/2270 2178/2577/2178 2267/2697/2267
f 2271/2701/2271 2179/2578/2179 2178/2577/2178 2270/2700/2270
f 2272/2702/2272 2273/2703/2273 2274/2704/2274 2265/2695/2265
f 2253/2705/2253 2256/2706/2256 2275/2707/2275 2276/2708/2276
f 2240/2666/2240 2258/2687/2258 2259/2688/2259 2241/2664/2241
f 2277/2709/2277 2241/2664/2241 2259/2688/2259 2278/2710/2278
f 2279/2711/2279 2280/2712/2280 2281/2713/2281 2163/2557/2163
f 2160/2554/2160 2163/2557/2163 2281/2713/2281 2282/2714/2282
f 2283/2715/2283 2282/2714/2282 2281/2713/2281 2280/2712/2280
f 2120/2501/2120 2123/2504/2123 2126/2507/2126 2268/2698/2268
f 2266/2696/2266 2268/2698/2268 2126/2507/2126 2284/2716/2284
f 2147/2538/2147 2149/2550/2149 2148/2717/2148 2135/2519/2135
f 2136/2520/2136 2135/2519/2135 2148/2717/2148 2285/2718/2285
f 40/2561/40 2141/2528/2141 2140/2527/2140 37/2530/37
f 2286/2719/2286 2287/2720/2287 2288/2721/2288 2289/2722/2289
f 2289/2722/2289 2288/2721/2288 2290/2723/2290 2291/2724/2291
f 2292/2725/2292 2290/2723/2290 2288/2721/2288 2287/2720/2287
f 2293/2726/2293 2294/2727/2294 2295/2728/2295 2296/2729/2296
f 2297/2730/2297 2298/2731/2298 2295/2728/2295 2294/2727/2294
f 2299/2732/2299 2296/2729/2296 2295/2728/2295 2298/2731/2298
f 2172/2571/2172 2300/2733/2300 2301/2734/2301 2173/2572/2173
f 2087/2463/2087 2173/2572/2173 2301/2734/2301 2302/2735/2302
f 2303/2736/2303 2304/2737/2304 2301/2734/2301 2300/2733/2300
f 2305/2738/2305 2302/2735/2302 2301/2734/2301 2306/2739/2306
f 2307/2740/2307 2306/2739/2306 2301/2734/2301 2304/2737/2304
f 2308/2741/2308 2137/2521/2137 2136/2524/2136 2309/2742/2309
f 2310/2743/2310 2309/2744/2309 2136/2745/2136 2285/2746/2285
f 2311/2747/2311 2285/2746/2285 2148/2539/2148 2151/2542/2151
f 2153/2544/2153 2152/2543/2152 2312/2748/2312 2313/2749/2313
f 30/35/30 2314/2750/2314 2312/2748/2312 32/40/32
f 2315/2751/2315 2316/2752/2316 2312/2748/2312 2314/2750/2314
f 2161/2555/2161 2313/2749/2313 2312/2748/2312 2316/2752/2316
f 2317/2753/2317 2286/2719/2286 2289/2722/2289 2291/2724/2291
f 2318/2754/2318 2267/2697/2267 2266/2696/2266 2319/2755/2319
f 2320/2756/2320 2321/2757/2321 2318/2754/2318 2319/2755/2319
f 2322/2758/2322 2320/2756/2320 2319/2755/2319 2266/2696/2266
f 2284/2716/2284 2126/2507/2126 2308/2741/2308 2323/2759/2323
f 2324/2760/2324 2325/2761/2325 2182/2762/2182 2139/2526/2139
f 2326/2763/2326 2327/2764/2327 2182/2765/2182 2325/2766/2325
f 2328/2767/2328 2321/2757/2321 2320/2756/2320 2322/2758/2322
f 2329/2768/2329 2330/2769/2330 2328/2767/2328 2322/2758/2322
f 2269/2699/2269 2321/2757/2321 2328/2767/2328 2330/2769/2330
f 2331/2770/2331 2332/2771/2332 2333/2772/2333 2334/2773/2334
f 2335/2774/2335 2336/2775/2336 2337/2776/2337 2338/2777/2338
f 2339/2778/2339 2340/2779/2340 2337/2780/2337 2336/2781/2336
f 2341/2782/2341 2338/2777/2338 2337/2776/2337 2340/2783/2340
f 2342/2784/2342 2335/2774/2335 2338/2777/2338 2341/2782/2341
f 2343/2785/2343 2342/2784/2342 2341/2782/2341 2332/2771/2332
f 2344/2786/2344 2345/2787/2345 2341/2788/2341 2340/2779/2340
f 2133/2515/2133 2169/2789/2169 2346/2790/2346 2130/2512/2130
f 2147/2538/2147 2130/2512/2130 2346/2790/2346 2263/2693/2263
f 2347/2791/2347 2276/2708/2276 2348/2792/2348 2349/2793/2349
f 2350/2794/2350 2351/2795/2351 2348/2792/2348 2352/2796/2352
f 2353/2797/2353 2349/2793/2349 2348/2792/2348 2351/2795/2351
f 2165/2562/2165 2347/2791/2347 2349/2793/2349 2166/2563/2166
f 2354/2798/2354 2355/2799/2355 2349/2793/2349 2353/2797/2353
f 2356/2800/2356 2270/2700/2270 2269/2699/2269 2357/2801/2357
f 2358/2802/2358 2357/2801/2357 2269/2699/2269 2330/2769/2330
f 2359/2803/2359 2360/2804/2360 2326/2763/2326 2325/2766/2325
f 2314/2750/2314 2327/2764/2327 2326/2763/2326 2315/2751/2315
f 2361/2805/2361 2362/2806/2362 2326/2763/2326 2360/2804/2360
f 2363/2807/2363 2315/2751/2315 2326/2763/2326 2362/2806/2362
f 2364/2808/2364 2365/2809/2365 2325/2761/2325 2324/2760/2324
f 2366/2810/2366 2367/2811/2367 2368/2812/2368 2369/2813/2369
f 2370/2814/2370 2369/2813/2369 2368/2812/2368 2371/2815/2371
f 2372/2816/2372 2371/2815/2371 2368/2812/2368 2367/2811/2367
f 2051/2423/2051 2373/2817/2373 2374/2818/2374 2052/2424/2052
f 2052/2424/2052 2374/2818/2374 2375/2819/2375 2053/2820/2053
f 2376/2821/2376 2375/2819/2375 2374/2818/2374 2373/2817/2373
f 2317/2753/2317 2376/2821/2376 2373/2817/2373 2286/2719/2286
f 2363/2807/2363 2377/2822/2377 2279/2711/2279 2378/2823/2378
f 2379/2824/2379 2280/2712/2280 2279/2711/2279 2380/2825/2380
f 2381/2826/2381 2382/2827/2382 2364/2808/2364 2324/2760/2324
f 2383/2828/2383 2365/2809/2365 2364/2808/2364 2382/2827/2382
f 2384/2829/2384 2323/2830/2323 2308/2831/2308 2309/2744/2309
f 2385/2832/2385 2379/2824/2379 2386/2833/2386 2387/2834/2387
f 2388/2835/2388 2387/2834/2387 2386/2833/2386 2389/2836/2389
f 2390/2837/2390 2388/2835/2388 2389/2836/2389 2391/2838/2391
f 2392/2839/2392 2391/2838/2391 2389/2836/2389 2393/2840/2393
f 2394/2841/2394 2395/2842/2395 2290/2723/2290 2396/2843/2396
f 2397/2844/2397 2291/2724/2291 2290/2723/2290 2395/2842/2395
f 2398/2845/2398 2399/2846/2399 2400/2847/2400 2401/2848/2401
f 2402/2849/2402 2403/2850/2403 2400/2847/2400 2399/2846/2399
f 2404/2851/2404 2401/2848/2401 2400/2847/2400 2403/2850/2403
f 2299/2732/2299 2298/2731/2298 2405/2852/2405 2406/2853/2406
f 2297/2730/2297 2407/2854/2407 2405/2852/2405 2298/2731/2298
f 2408/2855/2408 2406/2853/2406 2405/2852/2405 2407/2854/2407
f 2271/2701/2271 2270/2700/2270 2356/2800/2356 2409/2856/2409
f 2410/2857/2410 2411/2858/2411 2356/2800/2356 2357/2801/2357
f 2305/2738/2305 2412/2859/2412 2413/2860/2413 2414/2861/2414
f 2415/2862/2415 2416/2863/2416 2413/2860/2413 2417/2864/2417
f 2110/2486/2110 2414/2861/2414 2413/2860/2413 2416/2863/2416
f 2418/2865/2418 2417/2864/2417 2413/2860/2413 2412/2859/2412
f 2419/2866/2419 2420/2867/2420 2421/2868/2421 2422/2869/2422
f 2423/2870/2423 2417/2871/2417 2424/2872/2424 2425/2873/2425
f 2426/2874/2426 2425/2873/2425 2424/2872/2424 2427/2875/2427
f 2428/2876/2428 2427/2875/2427 2424/2872/2424 2429/2877/2429
f 2389/2878/2389 2380/2879/2380 2430/2880/2430 2393/2881/2393
f 2410/2882/2410 2357/2883/2357 2358/2884/2358 2431/2885/2431
f 2432/2886/2432 2431/2885/2431 2358/2884/2358 2433/2887/2433
f 2434/2888/2434 2433/2889/2433 2358/2890/2358 2435/2891/2435
f 2329/2892/2329 2435/2891/2435 2358/2890/2358 2330/2893/2330
f 2436/2894/2436 2437/2895/2437 2421/2896/2421 2438/2897/2438
f 2439/2898/2439 2440/2899/2440 2421/2896/2421 2437/2895/2437
f 2344/2786/2344 2441/2900/2441 2421/2868/2421 2420/2867/2420
f 2442/2901/2442 2438/2897/2438 2421/2896/2421 2441/2902/2441
f 2443/2903/2443 2409/2856/2409 2356/2800/2356 2411/2858/2411
f 2444/2904/2444 2391/2838/2391 2392/2839/2392 2445/2905/2445
f 2433/2906/2433 2445/2905/2445 2392/2839/2392 2432/2907/2432
f 2446/2908/2446 2415/2862/2415 2417/2864/2417 2447/2909/2447
f 2448/2910/2448 2424/2911/2424 2417/2864/2417 2418/2865/2418
f 2449/2912/2449 2432/2886/2432 2392/2913/2392 2393/2881/2393
f 2450/2914/2450 2451/2915/2451 2452/2916/2452 2453/2917/2453
f 2454/2918/2454 2455/2919/2455 2456/2920/2456 2457/2921/2457
f 2458/2922/2458 2459/2923/2459 2456/2924/2456 2460/2925/2460
f 2461/2926/2461 2457/2927/2457 2456/2924/2456 2459/2923/2459
f 2462/2928/2462 2463/2929/2463 2464/2930/2464 2465/2931/2465
f 2451/2915/2451 2450/2914/2450 2464/2930/2464 2463/2929/2463
f 2466/2932/2466 2465/2931/2465 2464/2930/2464 2467/2933/2467
f 2436/2894/2436 2467/2933/2467 2464/2930/2464 2468/2934/2468
f 2469/2935/2469 2468/2934/2468 2464/2930/2464 2450/2914/2450
f 2429/2877/2429 2470/2936/2470 2471/2937/2471 2428/2876/2428
f 2472/2938/2472 2473/2939/2473 2471/2937/2471 2470/2936/2470
f 2458/2940/2458 2428/2876/2428 2471/2937/2471 2473/2939/2473
f 2474/2941/2474 2472/2938/2472 2470/2936/2470 2429/2877/2429
f 2427/2875/2427 2428/2876/2428 2458/2940/2458 2460/2942/2460
f 2432/2886/2432 2449/2912/2449 2475/2943/2475 2431/2885/2431
f 2410/2882/2410 2431/2885/2431 2475/2943/2475 2476/2944/2476
f 2477/2945/2477 2476/2946/2476 2475/2947/2475 2478/2948/2478
f 2479/2949/2479 2478/2950/2478 2475/2943/2475 2449/2912/2449
f 2480/2951/2480 2481/2952/2481 2482/2953/2482 2483/2954/2483
f 2484/2955/2484 2483/2954/2483 2482/2953/2482 2485/2956/2485
f 2486/2957/2486 2485/2956/2485 2482/2953/2482 2487/2958/2487
f 2437/2895/2437 2436/2894/2436 2468/2934/2468 2488/2959/2488
f 2489/2960/2489 2490/2961/2490 2468/2934/2468 2469/2935/2469
f 2491/2962/2491 2488/2959/2488 2468/2934/2468 2490/2961/2490
f 2492/2963/2492 2493/2964/2493 2448/2965/2448 2418/2966/2418
f 2429/2877/2429 2424/2872/2424 2448/2967/2448 2474/2941/2474
f 2494/2968/2494 2495/2969/2495 2448/2967/2448 2493/2970/2493
f 2496/2971/2496 2474/2941/2474 2448/2967/2448 2495/2969/2495
f 2439/2898/2439 2497/2972/2497 2478/2973/2478 2479/2974/2479
f 2498/2975/2498 2499/2976/2499 2478/2948/2478 2497/2977/2497
f 2500/2978/2500 2477/2945/2477 2478/2948/2478 2499/2976/2499
f 2473/2939/2473 2472/2938/2472 2501/2979/2501 2502/2980/2502
f 2474/2941/2474 2496/2971/2496 2501/2979/2501 2472/2938/2472
f 2503/2981/2503 2502/2980/2502 2501/2979/2501 2496/2971/2496
f 2504/2982/2504 2505/2983/2505 2506/2984/2506 2507/2985/2507
f 2487/2958/2487 2507/2986/2507 2506/2987/2506 2508/2988/2508
f 2487/2958/2487 2508/2988/2508 2509/2989/2509 2486/2957/2486
f 2510/2990/2510 2511/2991/2511 2509/2992/2509 2508/2993/2508
f 2512/2994/2512 2486/2957/2486 2509/2989/2509 2511/2995/2511
f 2503/2981/2503 2513/2996/2513 2514/2997/2514 2502/2980/2502
f 2473/2939/2473 2502/2980/2502 2514/2997/2514 2458/2940/2458
f 2459/2923/2459 2458/2922/2458 2514/2998/2514 2515/2999/2515
f 2510/2990/2510 2516/3000/2516 2517/3001/2517 2511/2991/2511
f 2518/3002/2518 2519/3003/2519 2517/3001/2517 2516/3000/2516
f 2520/3004/2520 2521/3005/2521 2517/3001/2517 2519/3003/2519
f 2512/3006/2512 2511/2991/2511 2517/3001/2517 2521/3005/2521
f 2491/3007/2491 2522/3008/2522 2523/3009/2523 2498/2975/2498
f 2524/3010/2524 2525/3011/2525 2523/3009/2523 2522/3008/2522
f 2526/3012/2526 2527/3013/2527 2523/3009/2523 2525/3011/2525
f 2499/2976/2499 2498/2975/2498 2523/3009/2523 2518/3002/2518
f 2519/3003/2519 2518/3002/2518 2523/3009/2523 2527/3013/2527
f 2520/3004/2520 2519/3003/2519 2527/3013/2527 2526/3012/2526
f 2528/3014/2528 2526/3012/2526 2525/3011/2525 2524/3010/2524
f 2494/2968/2494 2529/3015/2529 2530/3016/2530 2495/2969/2495
f 2496/2971/2496 2495/2969/2495 2530/3016/2530 2503/2981/2503
f 2531/3017/2531 2532/3018/2532 2530/3016/2530 2533/3019/2533
f 2513/2996/2513 2503/2981/2503 2530/3016/2530 2532/3018/2532
f 2534/3020/2534 2535/3021/2535 2512/3006/2512 2521/3005/2521
f 2528/3014/2528 2536/3022/2536 2520/3004/2520 2526/3012/2526
f 2529/3015/2529 2537/3023/2537 2533/3019/2533 2530/3016/2530
f 2538/3024/2538 2539/3025/2539 2533/3019/2533 2537/3023/2537
f 2520/3004/2520 2536/3022/2536 2540/3026/2540 2541/3027/2541
f 2534/3020/2534 2542/3028/2542 2543/3029/2543 2535/3021/2535
f 2544/3030/2544 2535/3031/2535 2543/3032/2543 2545/3033/2545
f 2546/3034/2546 2545/3033/2545 2543/3032/2543 2547/3035/2547
f 2548/3036/2548 2547/3037/2547 2543/3029/2543 2542/3028/2542
f 2549/3038/2549 2550/3039/2550 2548/3040/2548 2551/3041/2551
f 2552/3042/2552 2553/3043/2553 2548/3040/2548 2550/3039/2550
f 2554/3044/2554 2551/3045/2551 2548/3036/2548 2542/3028/2542
f 2555/3046/2555 2547/3047/2547 2548/3040/2548 2553/3043/2553
f 2554/3044/2554 2556/3048/2556 2549/3049/2549 2551/3045/2551
f 2552/3042/2552 2550/3039/2550 2549/3038/2549 2557/3050/2557
f 2558/3051/2558 2559/3052/2559 2549/3049/2549 2556/3048/2556
f 2560/3053/2560 2557/3050/2557 2549/3038/2549 2559/3054/2559
f 2561/3055/2561 2562/3056/2562 2563/3057/2563 2564/3058/2564
f 2564/3058/2564 2563/3057/2563 2565/3059/2565 2566/3060/2566
f 2567/3061/2567 2565/3059/2565 2563/3057/2563 2562/3056/2562
f 2568/3062/2568 2569/3063/2569 2570/3064/2570 2571/3065/2571
f 2572/3066/2572 2571/3067/2571 2570/3068/2570 2573/3069/2573
f 2574/3070/2574 2575/3071/2575 2576/3072/2576 2577/3073/2577
f 2578/3074/2578 2577/3073/2577 2576/3072/2576 2579/3075/2579
f 2580/3076/2580 2579/3077/2579 2576/3078/2576 2575/3079/2575
f 2578/3074/2578 2581/3080/2581 2574/3070/2574 2577/3073/2577
f 2582/3081/2582 2573/3069/2573 2583/3082/2583 2584/3083/2584
f 2585/3084/2585 2586/3085/2586 2583/3086/2583 2569/3087/2569
f 2587/3088/2587 2584/3089/2584 2583/3086/2583 2586/3085/2586
f 2581/3080/2581 2582/3081/2582 2584/3083/2584 2588/3090/2588
f 2575/3071/2575 2588/3090/2588 2584/3083/2584 2580/3091/2580
f 2589/3092/2589 2580/3076/2580 2584/3089/2584 2587/3088/2587
f 2580/3076/2580 2589/3092/2589 2590/3093/2590 2579/3077/2579
f 2591/3094/2591 2567/3095/2567 2590/3096/2590 2592/3097/2592
f 2593/3098/2593 2592/3097/2592 2590/3096/2590 2589/3099/2589
f 2594/3100/2594 2595/3101/2595 2596/3102/2596 2597/3103/2597
f 2598/3104/2598 2597/3105/2597 2596/3106/2596 2599/3107/2599
f 2600/3108/2600 2601/3109/2601 2602/3110/2602 2603/3111/2603
f 2604/3112/2604 2603/3113/2603 2602/3114/2602 2605/3115/2605
f 2606/3116/2606 2605/3115/2605 2602/3114/2602 2601/3117/2601
f 2607/3118/2607 2600/3108/2600 2603/3111/2603 2604/3119/2604
f 2606/3116/2606 2607/3120/2607 2604/3112/2604 2605/3115/2605
f 2591/3121/2591 2608/3122/2608 2599/3107/2599 2609/3123/2609
f 2610/3124/2610 2598/3104/2598 2599/3107/2599 2608/3122/2608
f 2611/3125/2611 2595/3126/2595 2594/3127/2594 2612/3128/2612
f 2607/3118/2607 2610/3129/2610 2594/3100/2594 2600/3108/2600
f 2613/3130/2613 2614/3131/2614 2594/3100/2594 2610/3129/2610
f 2615/3132/2615 2613/3130/2613 2610/3129/2610 2608/3133/2608
f 2616/3134/2616 2617/3135/2617 2593/3136/2593 2618/3137/2618
f 2615/3132/2615 2592/3097/2592 2593/3098/2593 2617/3138/2617
f 2585/3084/2585 2619/3139/2619 2620/3140/2620 2586/3085/2586
f 2619/3139/2619 2616/3134/2616 2618/3137/2618 2620/3140/2620
f 2591/3094/2591 2592/3097/2592 2615/3132/2615 2608/3133/2608
f 2621/3141/2621 2617/3135/2617 2616/3134/2616 2619/3139/2619
f 2585/3084/2585 2611/3142/2611 2612/3143/2612 2619/3139/2619
f 2621/3141/2621 2619/3139/2619 2612/3143/2612 2613/3144/2613
f 2614/3131/2614 2613/3130/2613 2612/3145/2612 2622/3146/2622
f 2623/3147/2623 2624/3148/2624 2613/3130/2613 2615/3132/2615
f 2625/3149/2625 2621/3141/2621 2613/3144/2613 2624/3150/2624
f 2626/3151/2626 2627/3152/2627 2628/3153/2628 2629/3154/2629
f 2624/3148/2624 2623/3147/2623 2626/3151/2626 2629/3154/2629
f 2630/3155/2630 2627/3152/2627 2626/3151/2626 2623/3147/2623
f 2625/3149/2625 2628/3156/2628 2627/3157/2627 2630/3158/2630
f 2625/3149/2625 2624/3150/2624 2629/3159/2629 2628/3156/2628
f 2631/3160/2631 2632/3161/2632 2633/3162/2633 216/252/216
f 200/236/200 2634/3163/2634 2633/3162/2633 2632/3161/2632
f 217/253/217 216/252/216 2633/3162/2633 2634/3163/2634
f 203/239/203 223/262/223 2634/3163/2634 200/236/200
f 220/256/220 217/253/217 2634/3163/2634 223/262/223
f 201/237/201 200/236/200 2632/3161/2632 2635/3164/2635
f 2636/3165/2636 2635/3164/2635 2632/3161/2632 2631/3160/2631
f 2637/3166/2637 2635/3164/2635 2636/3165/2636 2638/3167/2638
f 2639/3168/2639 2640/3169/2640 2636/3170/2636 2631/3171/2631
f 2641/3172/2641 2638/3173/2638 2636/3170/2636 2640/3169/2640
f 2642/3174/2642 2638/3173/2638 2641/3172/2641 2643/3175/2643
f 2644/3176/2644 199/235/199 2641/3172/2641 2640/3169/2640
f 192/228/192 2643/3175/2643 2641/3172/2641 199/235/199
f 2639/3168/2639 2645/3177/2645 2644/3176/2644 2640/3169/2640
f 2646/3178/2646 226/265/226 2644/3176/2644 2645/3177/2645
f 198/234/198 199/235/199 2644/3176/2644 226/265/226
f 222/258/222 2647/3179/2647 2646/3178/2646 2645/3177/2645
f 2648/3180/2648 2649/3181/2649 2646/3178/2646 2647/3179/2647
f 227/266/227 226/265/226 2646/3178/2646 2649/3181/2649
f 249/288/249 248/287/248 2649/3181/2649 2648/3180/2648
f 228/267/228 227/266/227 2649/3181/2649 248/287/248
f 2650/3182/2650 2651/3183/2651 2648/3180/2648 2647/3179/2647
f 252/291/252 249/288/249 2648/3180/2648 2651/3183/2651
f 2652/3184/2652 242/281/242 2651/3185/2651 2650/3186/2650
f 243/3187/243 252/291/252 2651/3183/2651 242/3188/242
f 221/257/221 220/256/220 2652/3184/2652 2650/3186/2650
f 223/262/223 224/263/224 2652/3184/2652 220/256/220
f 225/264/225 242/281/242 2652/3184/2652 224/263/224
f 222/258/222 221/261/221 2650/3182/2650 2647/3179/2647
f 219/259/219 222/258/222 2645/3177/2645 2639/3168/2639
f 170/199/170 2653/3189/2653 2642/3190/2642 171/200/171
f 2637/3191/2637 2638/3173/2638 2642/3174/2642 2653/3192/2653
f 175/205/175 171/208/171 2642/3174/2642 2643/3175/2643
f 2654/3193/2654 2655/3194/2655 2653/3189/2653 170/199/170
f 204/240/204 2637/3166/2637 2653/3189/2653 2655/3194/2655
f 2656/3195/2656 2657/3196/2657 2655/3194/2655 2654/3193/2654
f 205/241/205 204/240/204 2655/3194/2655 2657/3196/2657
f 190/226/190 2658/3197/2658 2657/3196/2657 2656/3195/2656
f 208/244/208 205/241/205 2657/3196/2657 2658/3197/2658
f 187/223/187 2659/3198/2659 2658/3197/2658 190/226/190
f 2660/3199/2660 208/244/208 2658/3197/2658 2659/3198/2659
f 215/251/215 2661/3200/2661 2660/3199/2660 2659/3198/2659
f 236/275/236 209/245/209 2660/3199/2660 2661/3200/2661
f 207/243/207 208/244/208 2660/3199/2660 209/245/209
f 212/248/212 2662/3201/2662 2661/3200/2661 215/251/215
f 237/276/237 236/275/236 2661/3200/2661 2662/3201/2662
f 211/247/211 2663/3202/2663 2662/3201/2662 212/248/212
f 2664/3203/2664 237/276/237 2662/3201/2662 2663/3202/2663
f 231/270/231 232/271/232 2664/3204/2664 2663/3205/2663
f 2665/3206/2665 2666/3207/2666 2664/3204/2664 232/271/232
f 238/277/238 237/276/237 2664/3203/2664 2666/3208/2666
f 263/302/263 262/301/262 2666/3207/2666 2665/3206/2665
f 239/278/239 238/277/238 2666/3208/2666 262/309/262
f 233/272/233 2667/3209/2667 2665/3206/2665 232/271/232
f 2668/3210/2668 263/302/263 2665/3206/2665 2667/3209/2667
f 230/269/230 231/270/231 2663/3205/2663 211/3211/211
f 186/222/186 215/251/215 2659/3198/2659 187/223/187
f 189/225/189 190/226/190 2656/3195/2656 2669/3212/2669
f 2670/3213/2670 2669/3212/2669 2656/3195/2656 2654/3193/2654
f 163/189/163 2669/3212/2669 2670/3213/2670 164/190/164
f 170/199/170 173/202/173 2670/3213/2670 2654/3193/2654
f 169/203/169 164/190/164 2670/3213/2670 173/202/173
f 2671/3214/2671 189/225/189 2669/3212/2669 163/189/163
f 179/218/179 182/217/182 2671/3214/2671 2672/3215/2672
f 188/224/188 189/225/189 2671/3214/2671 182/217/182
f 166/192/166 2672/3215/2672 2671/3214/2671 163/189/163
f 176/209/176 179/212/179 2672/3216/2672 2673/3217/2673
f 167/193/167 2673/3217/2673 2672/3216/2672 166/194/166
f 2674/3218/2674 2675/3219/2675 2673/3217/2673 167/193/167
f 2676/3220/2676 176/209/176 2673/3217/2673 2675/3219/2675
f 195/231/195 2677/3221/2677 2676/3220/2676 2675/3219/2675
f 214/3222/214 183/3223/183 2676/3220/2676 2677/3221/2677
f 177/210/177 176/209/176 2676/3220/2676 183/3223/183
f 196/232/196 230/269/230 2677/3221/2677 195/231/195
f 211/3211/211 214/3222/214 2677/3221/2677 230/269/230
f 194/230/194 195/231/195 2675/3219/2675 2674/3218/2674
f 168/196/168 2678/3224/2678 2674/3218/2674 167/193/167
f 191/227/191 194/230/194 2674/3218/2674 2678/3224/2678
f 169/197/169 174/206/174 2678/3224/2678 168/196/168
f 175/205/175 191/227/191 2678/3224/2678 174/206/174
f 191/227/191 175/205/175 2643/3175/2643 192/228/192
f 216/3225/216 219/259/219 2639/3168/2639 2631/3171/2631
f 201/237/201 2635/3164/2635 2637/3166/2637 204/240/204
f 2621/3141/2621 2625/3149/2625 2630/3158/2630 2617/3135/2617
f 2615/3132/2615 2617/3138/2617 2630/3155/2630 2623/3147/2623
f 2587/3088/2587 2586/3085/2586 2620/3140/2620 2679/3226/2679
f 2680/3227/2680 2595/3126/2595 2611/3125/2611 2681/3228/2681
f 2569/3063/2569 2681/3228/2681 2611/3125/2611 2585/3229/2585
f 2682/3230/2682 2683/3231/2683 2680/3227/2680 2684/3232/2684
f 2596/3233/2596 2595/3126/2595 2680/3227/2680 2683/3231/2683
f 2685/3234/2685 2684/3232/2684 2680/3227/2680 2681/3228/2681
f 2686/3235/2686 2684/3232/2684 2685/3234/2685 2687/3236/2687
f 2569/3063/2569 2568/3062/2568 2685/3234/2685 2681/3228/2681
f 2688/3237/2688 2687/3236/2687 2685/3234/2685 2568/3062/2568
f 2689/3238/2689 2687/3236/2687 2688/3237/2688 2690/3239/2690
f 2571/3065/2571 2691/3240/2691 2688/3237/2688 2568/3062/2568
f 2692/3241/2692 2690/3239/2690 2688/3237/2688 2691/3240/2691
f 2693/3242/2693 2690/3239/2690 2692/3241/2692 2694/3243/2694
f 2695/3244/2695 2696/3245/2696 2692/3246/2692 2691/3247/2691
f 2697/3248/2697 2694/3249/2694 2692/3246/2692 2696/3245/2696
f 2698/3250/2698 2694/3249/2694 2697/3248/2697 2699/3251/2699
f 2700/3252/2700 2701/3253/2701 2697/3248/2697 2696/3245/2696
f 2702/3254/2702 2699/3251/2699 2697/3248/2697 2701/3253/2701
f 2703/3255/2703 2699/3251/2699 2702/3254/2702 2704/3256/2704
f 2705/3257/2705 2706/3258/2706 2702/3254/2702 2701/3253/2701
f 2707/3259/2707 2704/3256/2704 2702/3254/2702 2706/3258/2706
f 2708/3260/2708 2704/3256/2704 2707/3259/2707 2709/3261/2709
f 2710/3262/2710 2711/3263/2711 2707/3259/2707 2706/3258/2706
f 2712/3264/2712 2709/3261/2709 2707/3259/2707 2711/3263/2711
f 2713/3265/2713 2709/3261/2709 2712/3264/2712 2714/3266/2714
f 2715/3267/2715 2716/3268/2716 2712/3269/2712 2711/3270/2711
f 2717/3271/2717 2714/3266/2714 2712/3264/2712 2716/3272/2716
f 2718/3273/2718 2714/3266/2714 2717/3271/2717 2538/3274/2538
f 2559/3052/2559 2558/3051/2558 2717/3275/2717 2716/3276/2716
f 2539/3025/2539 2538/3024/2538 2717/3275/2717 2558/3051/2558
f 2719/3277/2719 2720/3278/2720 2718/3273/2718 2721/3279/2721
f 2713/3265/2713 2714/3266/2714 2718/3273/2718 2720/3278/2720
f 2537/3280/2537 2721/3279/2721 2718/3273/2718 2538/3274/2538
f 2722/3281/2722 2723/3282/2723 2720/3278/2720 2719/3277/2719
f 2724/3283/2724 2713/3265/2713 2720/3278/2720 2723/3282/2723
f 2544/3030/2544 2545/3033/2545 2724/3283/2724 2723/3282/2723
f 2546/3034/2546 2708/3260/2708 2724/3283/2724 2545/3033/2545
f 2709/3261/2709 2713/3265/2713 2724/3283/2724 2708/3260/2708
f 2725/3284/2725 2544/3030/2544 2723/3282/2723 2722/3281/2722
f 2486/2957/2486 2512/2994/2512 2725/3284/2725 2485/2956/2485
f 2535/3031/2535 2544/3030/2544 2725/3284/2725 2512/2994/2512
f 2484/2955/2484 2485/2956/2485 2725/3284/2725 2722/3281/2722
f 2726/3285/2726 2484/2955/2484 2722/3281/2722 2719/3277/2719
f 2483/2954/2483 2484/2955/2484 2726/3285/2726 2727/3286/2727
f 2721/3279/2721 2728/3287/2728 2726/3285/2726 2719/3277/2719
f 2729/3288/2729 2727/3286/2727 2726/3285/2726 2728/3287/2728
f 2730/3289/2730 2727/3286/2727 2729/3288/2729 2731/3290/2731
f 2529/3291/2529 2494/3292/2494 2729/3288/2729 2728/3287/2728
f 2493/2964/2493 2731/3290/2731 2729/3288/2729 2494/3292/2494
f 2732/3293/2732 2480/3294/2480 2730/3295/2730 2733/3296/2733
f 2483/2954/2483 2727/3286/2727 2730/3289/2730 2480/2951/2480
f 2734/3297/2734 2733/3296/2733 2730/3295/2730 2731/3298/2731
f 2735/3299/2735 2733/3296/2733 2734/3297/2734 2736/3300/2736
f 2493/2964/2493 2492/2963/2492 2734/3301/2734 2731/3290/2731
f 2737/3302/2737 2736/3303/2736 2734/3304/2734 2492/3305/2492
f 2307/2740/2307 2736/3303/2736 2737/3302/2737 2306/2739/2306
f 2418/2865/2418 2412/2859/2412 2737/3302/2737 2492/3305/2492
f 2305/2738/2305 2306/2739/2306 2737/3302/2737 2412/2859/2412
f 2055/2428/2055 2738/3306/2738 2735/3299/2735 2739/3307/2739
f 2732/3293/2732 2733/3296/2733 2735/3299/2735 2738/3306/2738
f 2307/3308/2307 2739/3307/2739 2735/3299/2735 2736/3300/2736
f 2054/2427/2054 2055/2428/2055 2739/3307/2739 2094/2470/2094
f 2304/3309/2304 2094/2470/2094 2739/3307/2739 2307/3308/2307
f 2537/3280/2537 2529/3291/2529 2728/3287/2728 2721/3279/2721
f 2560/3053/2560 2559/3054/2559 2716/3268/2716 2715/3267/2715
f 2710/3310/2710 2740/3311/2740 2715/3267/2715 2711/3270/2711
f 2741/3312/2741 2560/3053/2560 2715/3267/2715 2740/3311/2740
f 2742/3313/2742 2743/3314/2743 2741/3312/2741 2740/3311/2740
f 2744/3315/2744 2745/3316/2745 2741/3312/2741 2743/3314/2743
f 2557/3050/2557 2560/3053/2560 2741/3312/2741 2745/3316/2745
f 2746/3317/2746 2747/3318/2747 2745/3316/2745 2744/3315/2744
f 2552/3042/2552 2557/3050/2557 2745/3316/2745 2747/3318/2747
f 2693/3242/2693 2748/3319/2748 2747/3318/2747 2746/3317/2746
f 2553/3043/2553 2552/3042/2552 2747/3318/2747 2748/3319/2748
f 2694/3243/2694 2698/3320/2698 2748/3319/2748 2693/3242/2693
f 2555/3046/2555 2553/3043/2553 2748/3319/2748 2698/3320/2698
f 2749/3321/2749 2689/3238/2689 2746/3317/2746 2744/3315/2744
f 2690/3239/2690 2693/3242/2693 2746/3317/2746 2689/3238/2689
f 2743/3314/2743 2750/3322/2750 2749/3321/2749 2744/3315/2744
f 2751/3323/2751 2686/3235/2686 2749/3321/2749 2750/3322/2750
f 2687/3236/2687 2689/3238/2689 2749/3321/2749 2686/3235/2686
f 2752/3324/2752 2753/3325/2753 2751/3323/2751 2750/3322/2750
f 2754/3326/2754 2682/3230/2682 2751/3323/2751 2753/3325/2753
f 2684/3232/2684 2686/3235/2686 2751/3323/2751 2682/3230/2682
f 2755/3327/2755 2566/3328/2566 2754/3326/2754 2753/3325/2753
f 2565/3329/2565 2756/3330/2756 2754/3326/2754 2566/3328/2566
f 2683/3231/2683 2682/3230/2682 2754/3326/2754 2756/3330/2756
f 2609/3123/2609 2757/3331/2757 2756/3332/2756 2565/3059/2565
f 2596/3233/2596 2683/3231/2683 2756/3330/2756 2757/3333/2757
f 2758/3334/2758 2759/3335/2759 2755/3336/2755 2760/3337/2760
f 2564/3058/2564 2566/3060/2566 2755/3336/2755 2759/3335/2759
f 2752/3324/2752 2760/3338/2760 2755/3327/2755 2753/3325/2753
f 2700/3252/2700 2761/3339/2761 2759/3335/2759 2758/3334/2758
f 2561/3055/2561 2564/3058/2564 2759/3335/2759 2761/3339/2761
f 2696/3245/2696 2695/3244/2695 2761/3339/2761 2700/3252/2700
f 2572/3066/2572 2561/3055/2561 2761/3339/2761 2695/3244/2695
f 2701/3253/2701 2700/3252/2700 2758/3334/2758 2705/3257/2705
f 2762/3340/2762 2705/3257/2705 2758/3334/2758 2760/3337/2760
f 2706/3258/2706 2705/3257/2705 2762/3340/2762 2710/3262/2710
f 2752/3324/2752 2742/3313/2742 2762/3341/2762 2760/3338/2760
f 2740/3311/2740 2710/3310/2710 2762/3341/2762 2742/3313/2742
f 2743/3314/2743 2742/3313/2742 2752/3324/2752 2750/3322/2750
f 2703/3255/2703 2704/3256/2704 2708/3260/2708 2546/3034/2546
f 2547/3035/2547 2555/3342/2555 2703/3255/2703 2546/3034/2546
f 2698/3250/2698 2699/3251/2699 2703/3255/2703 2555/3342/2555
f 2571/3067/2571 2572/3066/2572 2695/3244/2695 2691/3247/2691
f 2589/3092/2589 2587/3088/2587 2679/3226/2679 2593/3136/2593
f 2606/3116/2606 2598/3104/2598 2610/3124/2610 2607/3120/2607
f 2567/3061/2567 2591/3121/2591 2609/3123/2609 2565/3059/2565
f 2597/3105/2597 2598/3104/2598 2606/3116/2606 2601/3117/2601
f 2594/3100/2594 2597/3103/2597 2601/3109/2601 2600/3108/2600
f 2562/3056/2562 2763/3343/2763 2590/3344/2590 2567/3061/2567
f 2578/3074/2578 2579/3075/2579 2590/3344/2590 2763/3343/2763
f 2573/3069/2573 2582/3081/2582 2763/3343/2763 2562/3056/2562
f 2581/3080/2581 2578/3074/2578 2763/3343/2763 2582/3081/2582
f 2574/3070/2574 2581/3080/2581 2588/3090/2588 2575/3071/2575
f 2562/3056/2562 2561/3055/2561 2572/3066/2572 2573/3069/2573
f 2764/3345/2764 2539/3025/2539 2558/3051/2558 2556/3048/2556
f 2541/3027/2541 2554/3044/2554 2542/3028/2542 2534/3020/2534
f 2533/3019/2533 2539/3025/2539 2764/3345/2764 2765/3346/2765
f 2766/3347/2766 2765/3346/2765 2764/3345/2764 2767/3348/2767
f 2768/3349/2768 2765/3346/2765 2766/3347/2766 2769/3350/2769
f 2540/3026/2540 2536/3022/2536 2766/3347/2766 2767/3348/2767
f 2528/3014/2528 2769/3350/2769 2766/3347/2766 2536/3022/2536
f 2532/3018/2532 2531/3017/2531 2768/3349/2768 2770/3351/2770
f 2533/3019/2533 2765/3346/2765 2768/3349/2768 2531/3017/2531
f 2771/3352/2771 2770/3351/2770 2768/3349/2768 2769/3350/2769
f 2772/3353/2772 2770/3351/2770 2771/3352/2771 2773/3354/2773
f 2528/3014/2528 2524/3010/2524 2771/3352/2771 2769/3350/2769
f 2522/3008/2522 2773/3354/2773 2771/3352/2771 2524/3010/2524
f 2514/2997/2514 2513/2996/2513 2772/3353/2772 2489/3355/2489
f 2532/3018/2532 2770/3351/2770 2772/3353/2772 2513/2996/2513
f 2490/3356/2490 2489/3355/2489 2772/3353/2772 2773/3354/2773
f 2491/3007/2491 2490/3356/2490 2773/3354/2773 2522/3008/2522
f 2541/3027/2541 2540/3026/2540 2556/3048/2556 2554/3044/2554
f 2556/3048/2556 2540/3026/2540 2767/3348/2767 2764/3345/2764
f 2521/3005/2521 2520/3004/2520 2541/3027/2541 2534/3020/2534
f 2500/2978/2500 2499/2976/2499 2518/3002/2518 2516/3000/2516
f 2774/3357/2774 2500/2978/2500 2516/3000/2516 2510/2990/2510
f 2461/2926/2461 2459/2923/2459 2515/2999/2515 2453/2917/2453
f 2489/2960/2489 2469/2935/2469 2515/2999/2515 2514/2998/2514
f 2450/2914/2450 2453/2917/2453 2515/2999/2515 2469/2935/2469
f 2477/2945/2477 2500/2978/2500 2774/3357/2774 2506/2984/2506
f 2508/2993/2508 2506/2984/2506 2774/3357/2774 2510/2990/2510
f 2476/2946/2476 2477/2945/2477 2506/2984/2506 2505/2983/2505
f 2410/2882/2410 2476/2944/2476 2505/3358/2505 2411/3359/2411
f 2443/2903/2443 2411/2858/2411 2505/3360/2505 2504/3361/2504
f 2775/3362/2775 2776/3363/2776 2504/3364/2504 2507/2986/2507
f 2777/3365/2777 2443/2903/2443 2504/3361/2504 2776/3366/2776
f 2409/2856/2409 2443/2903/2443 2777/3365/2777 2397/2844/2397
f 2376/2821/2376 2317/2753/2317 2777/3365/2777 2776/3366/2776
f 2291/2724/2291 2397/2844/2397 2777/3365/2777 2317/2753/2317
f 2375/2819/2375 2376/2821/2376 2776/3366/2776 2775/3367/2775
f 2487/2958/2487 2482/2953/2482 2775/3362/2775 2507/2986/2507
f 2481/2952/2481 2375/3368/2375 2775/3362/2775 2482/2953/2482
f 2488/2959/2488 2491/2962/2491 2498/3369/2498 2497/2972/2497
f 2437/2895/2437 2488/2959/2488 2497/2972/2497 2439/2898/2439
f 2053/2425/2053 2375/3370/2375 2481/3371/2481 2778/3372/2778
f 2732/3293/2732 2778/3372/2778 2481/3371/2481 2480/3294/2480
f 2393/2881/2393 2430/2880/2430 2479/2949/2479 2449/2912/2449
f 2440/2899/2440 2439/2898/2439 2479/2974/2479 2430/3373/2430
f 2382/2827/2382 2465/2931/2465 2466/2932/2466 2383/2828/2383
f 2779/3374/2779 2780/3375/2780 2466/2932/2466 2467/2933/2467
f 2781/3376/2781 2383/2828/2383 2466/2932/2466 2780/3375/2780
f 2365/2809/2365 2383/2828/2383 2781/3376/2781 2782/3377/2782
f 2331/2770/2331 2334/2773/2334 2781/3376/2781 2780/3375/2780
f 2783/3378/2783 2782/3377/2782 2781/3376/2781 2334/2773/2334
f 2325/2761/2325 2365/2809/2365 2782/3377/2782 2359/3379/2359
f 2784/3380/2784 2359/3379/2359 2782/3377/2782 2783/3378/2783
f 2785/3381/2785 2331/2770/2331 2780/3375/2780 2779/3374/2779
f 2438/2897/2438 2442/2901/2442 2785/3381/2785 2779/3374/2779
f 2786/3382/2786 2343/3383/2343 2785/3384/2785 2442/3385/2442
f 2332/2771/2332 2331/2770/2331 2785/3381/2785 2343/2785/2343
f 2441/2900/2441 2339/2778/2339 2786/3382/2786 2442/3385/2442
f 2336/2781/2336 2787/3386/2787 2786/3382/2786 2339/2778/2339
f 2342/2784/2342 2343/2785/2343 2786/3387/2786 2787/3388/2787
f 2436/2894/2436 2438/2897/2438 2779/3374/2779 2467/2933/2467
f 2788/3389/2788 2789/3390/2789 2463/2929/2463 2462/2928/2462
f 2790/3391/2790 2451/2915/2451 2463/2929/2463 2789/3390/2789
f 2791/3392/2791 2792/3393/2792 2790/3391/2790 2789/3390/2789
f 2793/3394/2793 2794/3395/2794 2790/3391/2790 2792/3393/2792
f 2452/2916/2452 2451/2915/2451 2790/3391/2790 2794/3395/2794
f 2457/2927/2457 2461/2926/2461 2794/3395/2794 2793/3394/2793
f 2453/2917/2453 2452/2916/2452 2794/3395/2794 2461/2926/2461
f 2795/3396/2795 2796/3397/2796 2793/3394/2793 2792/3393/2792
f 2454/3398/2454 2457/2927/2457 2793/3394/2793 2796/3397/2796
f 2797/3399/2797 2454/2918/2454 2796/3400/2796 2798/3401/2798
f 2799/3402/2799 2798/3403/2798 2796/3397/2796 2795/3396/2795
f 2407/2854/2407 2800/3404/2800 2797/3399/2797 2408/2855/2408
f 2455/2919/2455 2454/2918/2454 2797/3399/2797 2800/3404/2800
f 2354/2798/2354 2408/2855/2408 2797/3399/2797 2798/3401/2798
f 2297/2730/2297 2801/3405/2801 2800/3404/2800 2407/2854/2407
f 2802/3406/2802 2455/2919/2455 2800/3404/2800 2801/3405/2801
f 2803/3407/2803 2804/3408/2804 2802/3406/2802 2801/3405/2801
f 2233/2652/2233 2805/3409/2805 2802/3406/2802 2804/3408/2804
f 2456/2920/2456 2455/2919/2455 2802/3406/2802 2805/3409/2805
f 2234/2653/2234 2806/3410/2806 2805/3409/2805 2233/2652/2233
f 2460/3411/2460 2456/2920/2456 2805/3409/2805 2806/3410/2806
f 2236/2658/2236 2426/3412/2426 2806/3410/2806 2234/2653/2234
f 2427/3413/2427 2460/3411/2460 2806/3410/2806 2426/3412/2426
f 2807/3414/2807 2808/3415/2808 2804/3408/2804 2803/3407/2803
f 2232/2651/2232 2233/2652/2233 2804/3408/2804 2808/3415/2808
f 2809/3416/2809 2810/3417/2810 2808/3415/2808 2807/3414/2807
f 2231/2650/2231 2232/2651/2232 2808/3415/2808 2810/3417/2810
f 2811/3418/2811 2812/3419/2812 2810/3417/2810 2809/3416/2809
f 2813/3420/2813 2231/2650/2231 2810/3417/2810 2812/3419/2812
f 2814/3421/2814 2815/3422/2815 2813/3420/2813 2812/3419/2812
f 2816/3423/2816 2817/3424/2817 2813/3420/2813 2815/3422/2815
f 2230/2649/2230 2231/2650/2231 2813/3420/2813 2817/3424/2817
f 2818/3425/2818 2819/3426/2819 2817/3424/2817 2816/3423/2816
f 2208/2619/2208 2230/2649/2230 2817/3424/2817 2819/3426/2819
f 2820/3427/2820 2821/3428/2821 2819/3426/2819 2818/3425/2818
f 2203/2614/2203 2208/2619/2208 2819/3426/2819 2821/3428/2821
f 2822/3429/2822 2823/3430/2823 2818/3425/2818 2816/3423/2816
f 2824/3431/2824 2820/3427/2820 2818/3425/2818 2823/3430/2823
f 2221/3432/2221 2222/3433/2222 2823/3430/2823 2822/3429/2822
f 2213/2625/2213 2824/3431/2824 2823/3430/2823 2222/3433/2222
f 2218/3434/2218 2221/3432/2221 2822/3429/2822 2237/3435/2237
f 2815/3422/2815 2237/3435/2237 2822/3429/2822 2816/3423/2816
f 2238/3436/2238 2237/3435/2237 2815/3422/2815 2814/3421/2814
f 2239/3437/2239 2238/3436/2238 2814/3421/2814 2825/3438/2825
f 2811/3418/2811 2825/3438/2825 2814/3421/2814 2812/3419/2812
f 2257/3439/2257 2239/3437/2239 2825/3438/2825 2826/3440/2826
f 2827/3441/2827 2826/3440/2826 2825/3438/2825 2811/3418/2811
f 2275/2707/2275 2826/3440/2826 2827/3441/2827 2352/2796/2352
f 2809/3416/2809 2828/3442/2828 2827/3441/2827 2811/3418/2811
f 2350/2794/2350 2352/2796/2352 2827/3441/2827 2828/3442/2828
f 2807/3414/2807 2293/2726/2293 2828/3442/2828 2809/3416/2809
f 2296/2729/2296 2350/2794/2350 2828/3442/2828 2293/2726/2293
f 2256/2706/2256 2257/3439/2257 2826/3440/2826 2275/2707/2275
f 2294/2727/2294 2293/2726/2293 2807/3414/2807 2803/3407/2803
f 2297/2730/2297 2294/2727/2294 2803/3407/2803 2801/3405/2801
f 2355/2799/2355 2354/2798/2354 2798/3401/2798 2799/3443/2799
f 2264/2694/2264 2795/3396/2795 2792/3393/2792 2791/3392/2791
f 2265/2695/2265 2264/2694/2264 2791/3392/2791 2272/2702/2272
f 2788/3389/2788 2272/2702/2272 2791/3392/2791 2789/3390/2789
f 2273/2703/2273 2272/2702/2272 2788/3389/2788 2829/3444/2829
f 2381/2826/2381 2829/3444/2829 2788/3389/2788 2462/2928/2462
f 2138/2525/2138 2273/2703/2273 2829/3444/2829 2139/2526/2139
f 2324/2760/2324 2139/2526/2139 2829/3444/2829 2381/2826/2381
f 2382/2827/2382 2381/2826/2381 2462/2928/2462 2465/2931/2465
f 2830/3445/2830 2372/2816/2372 2446/3446/2446 2447/3447/2447
f 2367/2811/2367 2404/3448/2404 2446/3446/2446 2372/2816/2372
f 2403/2850/2403 2415/2862/2415 2446/2908/2446 2404/2851/2404
f 2831/3449/2831 2832/3450/2832 2830/3445/2830 2447/3447/2447
f 2277/2709/2277 2278/2710/2278 2830/3445/2830 2832/3450/2832
f 2371/2815/2371 2372/2816/2372 2830/3445/2830 2278/2710/2278
f 2833/3451/2833 2834/3452/2834 2832/3450/2832 2831/3449/2831
f 2224/2639/2224 2277/2709/2277 2832/3450/2832 2834/3452/2834
f 2251/3453/2251 2835/3454/2835 2834/3452/2834 2833/3451/2833
f 2225/2640/2225 2224/2639/2224 2834/3452/2834 2835/3454/2835
f 2252/2680/2252 2836/3455/2836 2835/3456/2835 2251/2678/2251
f 2837/3457/2837 2225/3458/2225 2835/3459/2835 2836/3460/2836
f 2184/2588/2184 2838/3461/2838 2836/3455/2836 2252/2680/2252
f 2188/2592/2188 2837/3457/2837 2836/3460/2836 2838/3462/2838
f 2187/2591/2187 2839/3463/2839 2838/3461/2838 2184/2588/2184
f 2189/3464/2189 2188/3465/2188 2838/3461/2838 2839/3463/2839
f 2242/3466/2242 2251/3453/2251 2833/3451/2833 2840/3467/2840
f 2423/2870/2423 2840/3468/2840 2833/3469/2833 2831/3470/2831
f 2243/3471/2243 2242/3466/2242 2840/3467/2840 2841/3472/2841
f 2425/2873/2425 2841/3473/2841 2840/3468/2840 2423/2870/2423
f 2235/3474/2235 2243/3475/2243 2841/3473/2841 2236/3476/2236
f 2426/2874/2426 2236/3476/2236 2841/3473/2841 2425/2873/2425
f 2417/2871/2417 2423/2870/2423 2831/3470/2831 2447/3477/2447
f 18/3478/18 2842/3479/2842 2444/3480/2444 2843/3481/2843
f 2390/2837/2390 2391/2838/2391 2444/2904/2444 2842/3482/2842
f 2844/3483/2844 2843/3481/2843 2444/3480/2444 2445/3484/2445
f 2845/3485/2845 2843/3481/2843 2844/3483/2844 2846/3486/2846
f 2433/2889/2433 2434/2888/2434 2844/3483/2844 2445/3484/2445
f 2384/2829/2384 2846/3486/2846 2844/3483/2844 2434/2888/2434
f 20/3487/20 19/3488/19 2845/3485/2845 2847/3489/2847
f 18/3478/18 2843/3481/2843 2845/3485/2845 19/3488/19
f 2310/2743/2310 2847/3489/2847 2845/3485/2845 2846/3486/2846
f 2848/3490/2848 20/3487/20 2847/3489/2847 2311/2747/2311
f 2285/2746/2285 2311/2747/2311 2847/3489/2847 2310/2743/2310
f 2849/3491/2849 2850/3492/2850 2848/3493/2848 2851/3494/2851
f 17/19/17 20/22/20 2848/3493/2848 2850/3492/2850
f 2151/3495/2151 2851/3494/2851 2848/3493/2848 2311/3496/2311
f 2852/3497/2852 2853/3498/2853 2850/3492/2850 2849/3491/2849
f 14/16/14 17/19/17 2850/3492/2850 2853/3498/2853
f 6/6/6 5/5/5 2853/3498/2853 2852/3497/2852
f 2854/3499/2854 14/16/14 2853/3498/2853 5/5/5
f 7/7/7 2855/3500/2855 2854/3499/2854 5/5/5
f 2856/3501/2856 2857/3502/2857 2854/3499/2854 2855/3500/2855
f 15/17/15 14/16/14 2854/3499/2854 2857/3502/2857
f 2390/3503/2390 2842/3504/2842 2857/3502/2857 2856/3501/2856
f 18/20/18 15/17/15 2857/3502/2857 2842/3504/2842
f 2858/3505/2858 2859/3506/2859 2856/3501/2856 2855/3500/2855
f 2388/3507/2388 2390/3503/2390 2856/3501/2856 2859/3506/2859
f 2860/3508/2860 2861/3509/2861 2859/3510/2859 2858/3511/2858
f 2387/2834/2387 2388/2835/2388 2859/3510/2859 2861/3509/2861
f 10/10/10 2862/3512/2862 2861/3509/2861 2860/3508/2860
f 2385/2832/2385 2387/2834/2387 2861/3509/2861 2862/3512/2862
f 11/13/11 2863/3513/2863 2862/3512/2862 10/10/10
f 2283/2715/2283 2385/2832/2385 2862/3512/2862 2863/3513/2863
f 12/14/12 2864/3514/2864 2863/3513/2863 11/13/11
f 2282/2714/2282 2283/2715/2283 2863/3513/2863 2864/3514/2864
f 2865/3515/2865 2157/2551/2157 2864/3514/2864 12/14/12
f 2160/2554/2160 2282/2714/2282 2864/3514/2864 2157/2551/2157
f 13/15/13 2866/3516/2866 2865/3515/2865 12/14/12
f 2867/3517/2867 2868/3518/2868 2865/3515/2865 2866/3516/2866
f 2158/2552/2158 2157/2551/2157 2865/3515/2865 2868/3518/2868
f 2153/2544/2153 2313/2749/2313 2868/3518/2868 2867/3517/2867
f 2161/2555/2161 2158/2552/2158 2868/3518/2868 2313/2749/2313
f 2869/3519/2869 2870/3520/2870 2867/3521/2867 2866/3522/2866
f 2150/3523/2150 2153/3524/2153 2867/3521/2867 2870/3520/2870
f 2849/3491/2849 2851/3494/2851 2870/3520/2870 2869/3519/2869
f 2151/3495/2151 2150/3523/2150 2870/3520/2870 2851/3494/2851
f 13/3525/13 2871/3526/2871 2869/3519/2869 2866/3522/2866
f 2852/3497/2852 2849/3491/2849 2869/3519/2869 2871/3526/2871
f 4/4/4 2872/3527/2872 2871/3526/2871 13/3525/13
f 6/6/6 2852/3497/2852 2871/3526/2871 2872/3527/2872
f 8/8/8 2873/3528/2873 2860/3529/2860 2858/3505/2858
f 1/11/1 10/10/10 2860/3508/2860 2873/3530/2873
f 9/9/9 2874/3531/2874 2873/3528/2873 8/8/8
f 2/2/2 1/1/1 2873/3528/2873 2874/3531/2874
f 7/7/7 8/8/8 2858/3505/2858 2855/3500/2855
f 2309/2744/2309 2310/2743/2310 2846/3486/2846 2384/2829/2384
f 2340/2779/2340 2339/2778/2339 2441/2900/2441 2344/2786/2344
f 2323/2830/2323 2384/2829/2384 2434/2888/2434 2435/2891/2435
f 2284/3532/2284 2323/2830/2323 2435/2891/2435 2329/2892/2329
f 2362/2806/2362 2361/2805/2361 2420/2867/2420 2419/2866/2419
f 2345/2787/2345 2344/2786/2344 2420/2867/2420 2361/2805/2361
f 2403/2850/2403 2402/2849/2402 2416/2863/2416 2415/2862/2415
f 2107/2483/2107 2110/2486/2110 2416/2863/2416 2402/2849/2402
f 2395/2842/2395 2271/2701/2271 2409/2856/2409 2397/2844/2397
f 2353/2797/2353 2406/2853/2406 2408/2855/2408 2354/2798/2354
f 2351/2795/2351 2299/2732/2299 2406/2853/2406 2353/2797/2353
f 2363/2807/2363 2362/2806/2362 2419/2866/2419 2377/2822/2377
f 2366/2810/2366 2401/3533/2401 2404/3448/2404 2367/2811/2367
f 2106/2482/2106 2107/2483/2107 2402/2849/2402 2399/2846/2399
f 2262/3534/2262 2106/2482/2106 2399/2846/2399 2398/2845/2398
f 2366/2810/2366 2875/3535/2875 2398/3536/2398 2401/3533/2401
f 2261/2692/2261 2262/2691/2262 2398/3536/2398 2875/3535/2875
f 2369/2813/2369 2876/3537/2876 2875/3535/2875 2366/2810/2366
f 2260/3538/2260 2261/2692/2261 2875/3535/2875 2876/3537/2876
f 2370/2814/2370 2877/3539/2877 2876/3537/2876 2369/2813/2369
f 2878/3540/2878 2260/3538/2260 2876/3537/2876 2877/3539/2877
f 2254/2683/2254 2253/2682/2253 2878/3540/2878 2877/3539/2877
f 2276/2708/2276 2347/2791/2347 2878/3541/2878 2253/2705/2253
f 2165/2562/2165 2260/2689/2260 2878/3541/2878 2347/2791/2347
f 2259/2688/2259 2254/2683/2254 2877/3539/2877 2370/2814/2370
f 2179/2578/2179 2271/2701/2271 2395/2842/2395 2394/2841/2394
f 2176/2575/2176 2179/2578/2179 2394/2841/2394 2879/3542/2879
f 2880/3543/2880 2879/3542/2879 2394/2841/2394 2396/2843/2396
f 2881/3544/2881 2879/3542/2879 2880/3543/2880 2882/3545/2882
f 2883/3546/2883 2884/3547/2884 2880/3543/2880 2396/2843/2396
f 2885/3548/2885 2882/3545/2882 2880/3543/2880 2884/3547/2884
f 2886/3549/2886 2887/3550/2887 2885/3548/2885 2884/3547/2884
f 2888/3551/2888 2889/3552/2889 2885/3548/2885 2887/3550/2887
f 2890/3553/2890 2882/3545/2882 2885/3548/2885 2889/3552/2889
f 2102/2478/2102 2891/3554/2891 2890/3553/2890 2892/3555/2892
f 2881/3544/2881 2882/3545/2882 2890/3553/2890 2891/3554/2891
f 2893/3556/2893 2892/3555/2892 2890/3553/2890 2889/3552/2889
f 2888/3551/2888 2894/3557/2894 2893/3556/2893 2889/3552/2889
f 2895/3558/2895 2058/2431/2058 2893/3556/2893 2894/3557/2894
f 2059/2432/2059 2892/3555/2892 2893/3556/2893 2058/2431/2058
f 2896/3559/2896 2897/3560/2897 2895/3558/2895 2894/3557/2894
f 2898/3561/2898 2899/3562/2899 2895/3558/2895 2897/3560/2897
f 2057/2430/2057 2058/2431/2058 2895/3558/2895 2899/3562/2899
f 2900/3563/2900 2901/3564/2901 2899/3562/2899 2898/3561/2898
f 2056/2429/2056 2057/2430/2057 2899/3562/2899 2901/3564/2901
f 2902/3565/2902 2015/2385/2015 2901/3564/2901 2900/3563/2900
f 2014/2384/2014 2056/2429/2056 2901/3564/2901 2015/2385/2015
f 2903/3566/2903 2904/3567/2904 2902/3565/2902 2900/3563/2900
f 1937/2283/1937 1938/2284/1938 2902/3565/2902 2904/3567/2904
f 1965/2325/1965 2015/2385/2015 2902/3565/2902 1938/2284/1938
f 1822/2142/1822 1821/2141/1821 2904/3567/2904 2903/3566/2903
f 1811/2131/1811 1937/2283/1937 2904/3567/2904 1821/2141/1821
f 2898/3561/2898 2905/3568/2905 2903/3566/2903 2900/3563/2900
f 1807/2127/1807 1822/2142/1822 2903/3566/2903 2905/3568/2905
f 2897/3560/2897 2906/3569/2906 2905/3568/2905 2898/3561/2898
f 1808/2128/1808 1807/2127/1807 2905/3568/2905 2906/3569/2906
f 2896/3559/2896 2907/3570/2907 2906/3569/2906 2897/3560/2897
f 1760/2073/1760 1808/2128/1808 2906/3569/2906 2907/3570/2907
f 2908/3571/2908 2909/3572/2909 2907/3570/2907 2896/3559/2896
f 1758/2071/1758 1760/2073/1760 2907/3570/2907 2909/3572/2909
f 2910/3573/2910 1900/2234/1900 2909/3572/2909 2908/3571/2908
f 1789/2235/1789 1758/2071/1758 2909/3572/2909 1900/2234/1900
f 2886/3549/2886 2911/3574/2911 2910/3573/2910 2887/3550/2887
f 1899/2233/1899 1900/2234/1900 2910/3573/2910 2911/3574/2911
f 2888/3551/2888 2887/3550/2887 2910/3573/2910 2908/3571/2908
f 2912/3575/2912 2913/3576/2913 2911/3574/2911 2886/3549/2886
f 1896/2230/1896 1899/2233/1899 2911/3574/2911 2913/3576/2913
f 2914/3577/2914 1956/2313/1956 2913/3576/2913 2912/3575/2912
f 1958/2315/1958 1896/2230/1896 2913/3576/2913 1956/2313/1956
f 2287/2720/2287 2915/3578/2915 2914/3577/2914 2292/2725/2292
f 1957/2314/1957 1956/2313/1956 2914/3577/2914 2915/3578/2915
f 2883/3546/2883 2292/2725/2292 2914/3577/2914 2912/3575/2912
f 2051/2423/2051 2050/2422/2050 2915/3578/2915 2287/2720/2287
f 1895/2229/1895 1957/2314/1957 2915/3578/2915 2050/2422/2050
f 2884/3547/2884 2883/3546/2883 2912/3575/2912 2886/3549/2886
f 2894/3557/2894 2888/3551/2888 2908/3571/2908 2896/3559/2896
f 2101/2477/2101 2916/3579/2916 2891/3554/2891 2102/2478/2102
f 2181/2580/2181 2881/3544/2881 2891/3554/2891 2916/3579/2916
f 2917/3580/2917 2918/3581/2918 2916/3579/2916 2101/2477/2101
f 2180/2579/2180 2181/2580/2181 2916/3579/2916 2918/3581/2918
f 2073/3582/2073 2070/2449/2070 2918/3581/2918 2917/3580/2917
f 2074/2448/2074 2180/2579/2180 2918/3581/2918 2070/2449/2070
f 2919/3583/2919 2073/3582/2073 2917/3580/2917 2108/2484/2108
f 2100/2476/2100 2108/2484/2108 2917/3580/2917 2101/2477/2101
f 2920/3584/2920 2921/3585/2921 2919/3586/2919 2922/3587/2922
f 2072/3588/2072 2073/3582/2073 2919/3583/2919 2921/3589/2921
f 2079/2455/2079 2922/3590/2922 2919/3583/2919 2108/2484/2108
f 2923/3591/2923 2924/3592/2924 2921/3585/2921 2920/3584/2920
f 2925/3593/2925 2072/2445/2072 2921/3585/2921 2924/3592/2924
f 2926/3594/2926 2927/3595/2927 2925/3593/2925 2924/3592/2924
f 2928/3596/2928 2929/3597/2929 2925/3593/2925 2927/3595/2927
f 2071/2444/2071 2072/2445/2072 2925/3593/2925 2929/3597/2929
f 2930/3598/2930 2931/3599/2931 2929/3597/2929 2928/3596/2928
f 2068/2441/2068 2071/2444/2071 2929/3597/2929 2931/3599/2931
f 2030/2400/2030 2025/2395/2025 2931/3599/2931 2930/3598/2930
f 2024/2394/2024 2068/2441/2068 2931/3599/2931 2025/2395/2025
f 2932/3600/2932 1806/2126/1806 2930/3598/2930 2928/3596/2928
f 1805/2125/1805 2030/2400/2030 2930/3598/2930 1806/2126/1806
f 2933/3601/2933 2934/3602/2934 2932/3600/2932 2935/3603/2935
f 1803/2123/1803 1806/2126/1806 2932/3600/2932 2934/3602/2934
f 2927/3595/2927 2935/3603/2935 2932/3600/2932 2928/3596/2928
f 2936/3604/2936 2937/3605/2937 2934/3602/2934 2933/3601/2933
f 1800/2120/1800 1803/2123/1803 2934/3602/2934 2937/3605/2937
f 2938/3606/2938 2939/3607/2939 2937/3605/2937 2936/3604/2936
f 2940/3608/2940 1800/2120/1800 2937/3605/2937 2939/3607/2939
f 1398/1618/1398 2941/3609/2941 2940/3608/2940 2939/3607/2939
f 2942/3610/2942 2943/3611/2943 2940/3608/2940 2941/3609/2941
f 1801/2121/1801 1800/2120/1800 2940/3608/2940 2943/3611/2943
f 2944/3612/2944 2945/3613/2945 2943/3611/2943 2942/3610/2942
f 1804/2124/1804 1801/2121/1801 2943/3611/2943 2945/3613/2945
f 2946/3614/2946 2028/2398/2028 2945/3613/2945 2944/3612/2944
f 2029/2399/2029 1804/2124/1804 2945/3613/2945 2028/2398/2028
f 2947/3615/2947 2948/3616/2948 2946/3614/2946 2944/3612/2944
f 2064/2437/2064 2949/3617/2949 2946/3614/2946 2948/3616/2948
f 2027/2397/2027 2028/2398/2028 2946/3614/2946 2949/3617/2949
f 2065/2438/2065 2950/3618/2950 2949/3617/2949 2064/2437/2064
f 2024/2394/2024 2027/2397/2027 2949/3617/2949 2950/3618/2950
f 2066/2439/2066 2069/2442/2069 2950/3618/2950 2065/2438/2065
f 2068/2441/2068 2024/2394/2024 2950/3618/2950 2069/2442/2069
f 2951/3619/2951 2952/3620/2952 2948/3616/2948 2947/3615/2947
f 2063/2436/2063 2064/2437/2064 2948/3616/2948 2952/3620/2952
f 2168/2567/2168 2167/2566/2167 2952/3620/2952 2951/3619/2951
f 2060/2433/2060 2063/2436/2063 2952/3620/2952 2167/2566/2167
f 2953/3621/2953 2168/2567/2168 2951/3619/2951 2954/3622/2954
f 2955/3623/2955 2954/3622/2954 2951/3619/2951 2947/3615/2947
f 2956/3624/2956 2954/3622/2954 2955/3623/2955 2957/3625/2957
f 2944/3612/2944 2942/3610/2942 2955/3623/2955 2947/3615/2947
f 2941/3609/2941 2957/3625/2957 2955/3623/2955 2942/3610/2942
f 2958/3626/2958 2959/3627/2959 2956/3624/2956 1396/1616/1396
f 2953/3621/2953 2954/3622/2954 2956/3624/2956 2959/3627/2959
f 1397/1617/1397 1396/1616/1396 2956/3624/2956 2957/3625/2957
f 2960/3628/2960 1959/2316/1959 2959/3627/2959 2958/3626/2958
f 1960/2317/1960 2953/3621/2953 2959/3627/2959 1959/2316/1959
f 1568/1846/1568 2961/3629/2961 2960/3628/2960 1583/1861/1583
f 1952/2303/1952 1959/2316/1959 2960/3628/2960 2961/3629/2961
f 1584/1862/1584 1583/1861/1583 2960/3628/2960 2958/3626/2958
f 1567/1845/1567 1582/1860/1582 2961/3629/2961 1568/1846/1568
f 1950/2304/1950 1952/2303/1952 2961/3629/2961 1582/1860/1582
f 1395/1615/1395 1584/1862/1584 2958/3626/2958 1396/1616/1396
f 1398/1618/1398 1397/1617/1397 2957/3625/2957 2941/3609/2941
f 1961/2318/1961 2168/2567/2168 2953/3621/2953 1960/2317/1960
f 1399/1619/1399 1398/1618/1398 2939/3607/2939 2938/3606/2938
f 1400/1620/1400 1399/1619/1399 2938/3606/2938 2962/3630/2962
f 2963/3631/2963 2962/3630/2962 2938/3606/2938 2936/3604/2936
f 2964/3632/2964 2962/3630/2962 2963/3631/2963 2965/3633/2965
f 2933/3601/2933 2966/3634/2966 2963/3631/2963 2936/3604/2936
f 2967/3635/2967 2965/3633/2965 2963/3631/2963 2966/3634/2966
f 2968/3636/2968 2965/3633/2965 2967/3635/2967 2969/3637/2969
f 2970/3638/2970 2971/3639/2971 2967/3635/2967 2966/3634/2966
f 2972/3640/2972 2969/3637/2969 2967/3635/2967 2971/3639/2971
f 2973/3641/2973 2969/3637/2969 2972/3640/2972 2974/3642/2974
f 2975/3643/2975 2976/3644/2976 2972/3640/2972 2971/3639/2971
f 2977/3645/2977 2974/3642/2974 2972/3640/2972 2976/3644/2976
f 2978/3646/2978 2974/3642/2974 2977/3645/2977 2979/3647/2979
f 2980/3648/2980 1975/2337/1975 2977/3645/2977 2976/3644/2976
f 1974/2334/1974 2979/3647/2979 2977/3645/2977 1975/2337/1975
f 2975/3643/2975 2923/3591/2923 2980/3648/2980 2976/3644/2976
f 2920/3584/2920 2981/3649/2981 2980/3648/2980 2923/3591/2923
f 1976/2338/1976 1975/2337/1975 2980/3648/2980 2981/3649/2981
f 2922/3590/2922 2982/3650/2982 2981/3651/2981 2920/3652/2920
f 2983/3653/2983 1976/3654/1976 2981/3651/2981 2982/3650/2982
f 1972/2335/1972 1976/2338/1976 2983/3655/2983 2007/3656/2007
f 2078/2454/2078 2077/2453/2077 2983/3653/2983 2982/3650/2982
f 2984/3657/2984 2007/2377/2007 2983/3653/2983 2077/2453/2077
f 2008/2378/2008 2007/2377/2007 2984/3657/2984 2985/3658/2985
f 2076/2452/2076 2109/2485/2109 2984/3657/2984 2077/2453/2077
f 2986/3659/2986 2985/3658/2985 2984/3657/2984 2109/2485/2109
f 2987/3660/2987 2988/3661/2988 2986/3659/2986 2989/3662/2989
f 2990/3663/2990 2985/3658/2985 2986/3659/2986 2988/3661/2988
f 2099/2475/2099 2989/3662/2989 2986/3659/2986 2109/2485/2109
f 1828/2148/1828 1827/2147/1827 2990/3663/2990 2988/3661/2988
f 2013/2383/2013 2012/2382/2012 2990/3663/2990 1827/2147/1827
f 2008/2378/2008 2985/3658/2985 2990/3663/2990 2012/2382/2012
f 1926/2272/1926 1828/2148/1828 2988/3661/2988 2987/3660/2987
f 2991/3664/2991 1926/2272/1926 2987/3660/2987 2992/3665/2992
f 2993/3666/2993 2992/3665/2992 2987/3660/2987 2989/3662/2989
f 2994/3667/2994 2992/3665/2992 2993/3666/2993 2995/3668/2995
f 2099/2475/2099 2096/2472/2096 2993/3666/2993 2989/3662/2989
f 2095/2471/2095 2995/3668/2995 2993/3666/2993 2096/2472/2096
f 2996/3669/2996 2997/3670/2997 2994/3667/2994 2998/3671/2998
f 2991/3664/2991 2992/3665/2992 2994/3667/2994 2997/3670/2997
f 2999/3672/2999 2998/3671/2998 2994/3667/2994 2995/3668/2995
f 3000/3673/3000 2998/3671/2998 2999/3672/2999 2034/2404/2034
f 2095/2471/2095 3001/3674/3001 2999/3672/2999 2995/3668/2995
f 2035/2405/2035 2034/2404/2034 2999/3672/2999 3001/3674/3001
f 2098/2474/2098 3002/3675/3002 3001/3674/3001 2095/2471/2095
f 2033/2403/2033 2035/2405/2035 3001/3674/3001 3002/3675/3002
f 2042/2412/2042 2038/2408/2038 3002/3675/3002 2098/2474/2098
f 2032/2402/2032 2033/2403/2033 3002/3675/3002 2038/2408/2038
f 3003/3676/3003 3004/3677/3004 3000/3673/3000 3005/3678/3005
f 2996/3669/2996 2998/3671/2998 3000/3673/3000 3004/3677/3004
f 2037/2407/2037 3005/3678/3005 3000/3673/3000 2034/2404/2034
f 3006/3679/3006 3007/3680/3007 3004/3677/3004 3003/3676/3003
f 3008/3681/3008 2996/3669/2996 3004/3677/3004 3007/3680/3007
f 3009/3682/3009 3010/3683/3010 3008/3681/3008 3007/3680/3007
f 3011/3684/3011 3012/3685/3012 3008/3681/3008 3010/3683/3010
f 2997/3670/2997 2996/3669/2996 3008/3681/3008 3012/3685/3012
f 3013/3686/3013 3014/3687/3014 3012/3685/3012 3011/3684/3011
f 2991/3664/2991 2997/3670/2997 3012/3685/3012 3014/3687/3014
f 1829/2149/1829 1830/2150/1830 3014/3687/3014 3013/3686/3013
f 1926/2272/1926 2991/3664/2991 3014/3687/3014 1830/2150/1830
f 3015/3688/3015 3016/3689/3016 3013/3686/3013 3011/3684/3011
f 3017/3690/3017 1829/2149/1829 3013/3686/3013 3016/3689/3016
f 3018/3691/3018 3019/3692/3019 3017/3693/3017 3016/3694/3016
f 3020/3695/3020 3021/3696/3021 3017/3693/3017 3019/3692/3019
f 1826/2146/1826 1829/2149/1829 3017/3690/3017 3021/3697/3021
f 1383/1603/1383 3022/3698/3022 3021/3696/3021 3020/3695/3020
f 1823/3699/1823 1826/3700/1826 3021/3696/3021 3022/3698/3022
f 1382/1602/1382 1602/1883/1602 3022/3698/3022 1383/1603/1383
f 3023/3701/3023 1823/3699/1823 3022/3698/3022 1602/1883/1602
f 1601/1882/1601 3024/3702/3024 3023/3701/3023 1602/1883/1602
f 3025/3703/3025 3026/3704/3026 3023/3705/3023 3024/3706/3024
f 1824/2144/1824 1823/2143/1823 3023/3705/3023 3026/3704/3026
f 2011/2381/2011 2013/2383/2013 3026/3704/3026 3025/3703/3025
f 1827/2147/1827 1824/2144/1824 3026/3704/3026 2013/2383/2013
f 3027/3707/3027 3028/3708/3028 3025/3709/3025 3024/3702/3024
f 2009/2379/2009 2011/2381/2011 3025/3703/3025 3028/3710/3028
f 3029/3711/3029 3030/3712/3030 3028/3708/3028 3027/3707/3027
f 3031/3713/3031 2009/3714/2009 3028/3708/3028 3030/3712/3030
f 3032/3715/3032 1973/2333/1973 3031/3713/3031 3030/3712/3030
f 1971/2331/1971 1970/2330/1970 3031/3716/3031 1973/3717/1973
f 2010/2380/2010 2009/2379/2009 3031/3716/3031 1970/2330/1970
f 3029/3711/3029 3033/3718/3033 3032/3715/3032 3030/3712/3030
f 2978/3646/2978 2979/3647/2979 3032/3715/3032 3033/3718/3033
f 1974/2334/1974 1973/2333/1973 3032/3715/3032 2979/3647/2979
f 3034/3719/3034 3035/3720/3035 3033/3718/3033 3029/3711/3029
f 3036/3721/3036 2978/3646/2978 3033/3718/3033 3035/3720/3035
f 3037/3722/3037 3038/3723/3038 3036/3721/3036 3035/3720/3035
f 3039/3724/3039 2973/3641/2973 3036/3721/3036 3038/3723/3038
f 2974/3642/2974 2978/3646/2978 3036/3721/3036 2973/3641/2973
f 1387/1607/1387 1386/1606/1386 3039/3724/3039 3038/3723/3038
f 3040/3725/3040 2968/3636/2968 3039/3724/3039 1386/1606/1386
f 2969/3637/2969 2973/3641/2973 3039/3724/3039 2968/3636/2968
f 1384/1604/1384 3041/3726/3041 3040/3725/3040 1386/1606/1386
f 3042/3727/3042 2964/3632/2964 3040/3725/3040 3041/3726/3041
f 2965/3633/2965 2968/3636/2968 3040/3725/3040 2964/3632/2964
f 3043/3728/3043 3044/3729/3044 3042/3727/3042 3041/3726/3041
f 1393/1613/1393 1400/1620/1400 3042/3727/3042 3044/3729/3044
f 2962/3630/2962 2964/3632/2964 3042/3727/3042 1400/1620/1400
f 1390/1610/1390 1393/1613/1393 3044/3729/3044 3045/3730/3045
f 3046/3731/3046 3045/3730/3045 3044/3729/3044 3043/3728/3043
f 3047/3732/3047 3045/3730/3045 3046/3731/3046 3048/3733/3048
f 1378/1598/1378 1377/1597/1377 3046/3731/3046 3043/3728/3043
f 3049/3734/3049 3048/3733/3048 3046/3731/3046 1377/1597/1377
f 1759/2104/1759 3048/3733/3048 3049/3734/3049 1761/3735/1761
f 1376/1596/1376 3050/3736/3050 3049/3734/3049 1377/1597/1377
f 3051/3737/3051 1761/3735/1761 3049/3734/3049 3050/3736/3050
f 1755/3738/1755 1761/3735/1761 3051/3737/3051 3052/3739/3052
f 3053/3740/3053 3054/3741/3054 3051/3737/3051 3050/3736/3050
f 3055/3742/3055 3052/3739/3052 3051/3737/3051 3054/3741/3054
f 3056/3743/3056 3052/3739/3052 3055/3742/3055 3057/3744/3057
f 3019/3692/3019 3018/3691/3018 3055/3742/3055 3054/3741/3054
f 3058/3745/3058 3057/3744/3057 3055/3742/3055 3018/3691/3018
f 3059/3746/3059 3057/3747/3057 3058/3748/3058 3060/3749/3060
f 3016/3694/3016 3015/3750/3015 3058/3745/3058 3018/3691/3018
f 3061/3751/3061 3060/3749/3060 3058/3748/3058 3015/3688/3015
f 3062/3752/3062 3060/3749/3060 3061/3751/3061 3063/3753/3063
f 3011/3684/3011 3010/3683/3010 3061/3751/3061 3015/3688/3015
f 3009/3682/3009 3063/3753/3063 3061/3751/3061 3010/3683/3010
f 3064/3754/3064 3065/3755/3065 3062/3752/3062 3066/3756/3066
f 3059/3746/3059 3060/3749/3060 3062/3752/3062 3065/3755/3065
f 3067/3757/3067 3066/3756/3066 3062/3752/3062 3063/3753/3063
f 3068/3758/3068 3066/3756/3066 3067/3757/3067 3069/3759/3069
f 3009/3682/3009 3070/3760/3070 3067/3757/3067 3063/3753/3063
f 1867/2197/1867 3069/3759/3069 3067/3757/3067 3070/3760/3070
f 3007/3680/3007 3006/3679/3006 3070/3760/3070 3009/3682/3009
f 1868/2198/1868 1867/2197/1867 3070/3760/3070 3006/3679/3006
f 1714/2019/1714 1749/2062/1749 3068/3758/3068 1747/2060/1747
f 3064/3754/3064 3066/3756/3066 3068/3758/3068 1749/2062/1749
f 3071/3761/3071 1747/2060/1747 3068/3758/3068 3069/3759/3069
f 1701/2004/1701 1747/2060/1747 3071/3761/3071 1704/2007/1704
f 1867/2197/1867 1852/2177/1852 3071/3761/3071 3069/3759/3069
f 1849/2174/1849 1704/2007/1704 3071/3761/3071 1852/2177/1852
f 3072/3762/3072 3073/3763/3073 3065/3755/3065 3064/3754/3064
f 3074/3764/3074 3059/3746/3059 3065/3755/3065 3073/3763/3073
f 1744/2057/1744 3075/3765/3075 3074/3764/3074 3073/3763/3073
f 1752/2065/1752 3056/3766/3056 3074/3764/3074 3075/3765/3075
f 3057/3747/3057 3059/3746/3059 3074/3764/3074 3056/3766/3056
f 1745/2058/1745 1764/2077/1764 3075/3765/3075 1744/2057/1744
f 1753/2066/1753 1752/2065/1752 3075/3765/3075 1764/2077/1764
f 1743/2056/1743 1744/2057/1744 3073/3763/3073 3072/3762/3072
f 1740/2053/1740 1743/2056/1743 3072/3762/3072 1748/2061/1748
f 1749/2062/1749 1748/2061/1748 3072/3762/3072 3064/3754/3064
f 1755/3738/1755 3052/3739/3052 3056/3743/3056 1752/3767/1752
f 3020/3695/3020 3019/3692/3019 3054/3741/3054 3053/3740/3053
f 1376/1596/1376 1375/1595/1375 3053/3740/3053 3050/3736/3050
f 1383/1603/1383 3020/3695/3020 3053/3740/3053 1375/1595/1375
f 1925/2271/1925 3076/3768/3076 3047/3732/3047 1790/2103/1790
f 1390/1610/1390 3045/3730/3045 3047/3732/3047 3076/3768/3076
f 1759/2104/1759 1790/2103/1790 3047/3732/3047 3048/3733/3048
f 3077/3769/3077 3078/3770/3078 3076/3768/3076 1925/2271/1925
f 1391/1611/1391 1390/1610/1390 3076/3768/3076 3078/3770/3078
f 3079/3771/3079 1586/1864/1586 3078/3770/3078 3077/3769/3077
f 1394/1614/1394 1391/1611/1391 3078/3770/3078 1586/1864/1586
f 3080/3772/3080 3081/3773/3081 3079/3771/3079 3082/3774/3082
f 1407/1627/1407 1586/1864/1586 3079/3771/3079 3081/3773/3081
f 1897/3775/1897 3082/3774/3082 3079/3771/3079 3077/3769/3077
f 3083/3776/3083 3084/3777/3084 3081/3773/3081 3080/3772/3080
f 1406/1626/1406 1407/1627/1407 3081/3773/3081 3084/3777/3084
f 1819/2139/1819 3085/3778/3085 3084/3777/3084 3083/3776/3083
f 1405/1625/1405 1406/1626/1406 3084/3777/3084 3085/3778/3085
f 1818/2138/1818 3086/3779/3086 3085/3778/3085 1819/2139/1819
f 3087/3780/3087 1405/1625/1405 3085/3778/3085 3086/3779/3086
f 3088/3781/3088 3089/3782/3089 3087/3780/3087 3086/3779/3086
f 3090/3783/3090 1565/1843/1565 3087/3780/3087 3089/3782/3089
f 1404/1624/1404 1405/1625/1405 3087/3780/3087 1565/1843/1565
f 3091/3784/3091 3092/3785/3092 3090/3783/3090 3089/3782/3089
f 1545/1821/1545 1549/1825/1549 3090/3783/3090 3092/3785/3092
f 1564/1842/1564 1565/1843/1565 3090/3783/3090 1549/1825/1549
f 1572/1850/1572 1417/3786/1417 3092/3787/3092 3091/3788/3091
f 1414/1634/1414 1545/1821/1545 3092/3785/3092 1417/1637/1417
f 1570/1848/1570 1572/1850/1572 3091/3788/3091 1575/1853/1575
f 3088/3789/3088 1575/1853/1575 3091/3788/3091 3089/3790/3089
f 1573/1851/1573 1575/1853/1575 3088/3789/3088 3093/3791/3093
f 1818/2138/1818 3093/3792/3093 3088/3781/3088 3086/3779/3086
f 1835/2158/1835 1573/1851/1573 3093/3791/3093 1812/3793/1812
f 1813/2133/1813 1812/2132/1812 3093/3792/3093 1818/2138/1818
f 1817/2311/1817 3083/3794/3083 3080/3795/3080 1955/2312/1955
f 1958/2315/1958 1955/2312/1955 3080/3795/3080 3082/3796/3082
f 1896/2230/1896 1958/2315/1958 3082/3796/3082 1897/2231/1897
f 1898/2232/1898 1897/2231/1897 3077/3797/3077 1925/3798/1925
f 1384/1604/1384 1378/1598/1378 3043/3728/3043 3041/3726/3041
f 1388/1608/1388 1387/1607/1387 3038/3723/3038 3037/3722/3037
f 1371/1591/1371 1388/1608/1388 3037/3722/3037 1379/1599/1379
f 3034/3719/3034 1379/1599/1379 3037/3722/3037 3035/3720/3035
f 1380/1600/1380 1379/1599/1379 3034/3719/3034 1600/1881/1600
f 3027/3707/3027 1600/1881/1600 3034/3719/3034 3029/3711/3029
f 1601/1882/1601 1600/1881/1600 3027/3707/3027 3024/3702/3024
f 1870/2200/1870 1868/2198/1868 3006/3679/3006 3003/3676/3003
f 1992/2360/1992 1870/2200/1870 3003/3676/3003 3005/3678/3005
f 1999/2369/1999 1992/2360/1992 3005/3678/3005 2037/2407/2037
f 2079/2455/2079 2078/2454/2078 2982/3650/2982 2922/3590/2922
f 2970/3638/2970 2926/3594/2926 2975/3643/2975 2971/3639/2971
f 2924/3592/2924 2923/3591/2923 2975/3643/2975 2926/3594/2926
f 2933/3601/2933 2935/3603/2935 2970/3638/2970 2966/3634/2966
f 2927/3595/2927 2926/3594/2926 2970/3638/2970 2935/3603/2935
f 2097/2473/2097 2102/2478/2102 2892/3555/2892 2059/2432/2059
f 2290/2723/2290 2292/2725/2292 2883/3546/2883 2396/2843/2396
f 2176/2575/2176 2879/3542/2879 2881/3544/2881 2181/2580/2181
f 2280/2712/2280 2379/2824/2379 2385/2832/2385 2283/2715/2283
f 2380/2825/2380 2279/2711/2279 2422/2869/2422 2430/3799/2430
f 2422/2869/2422 2279/2711/2279 2377/2822/2377 2419/2866/2419
f 2163/2557/2163 2162/2556/2162 2378/2823/2378 2279/2711/2279
f 2161/2555/2161 2316/2752/2316 2378/2823/2378 2162/2556/2162
f 2315/2751/2315 2363/2807/2363 2378/2823/2378 2316/2752/2316
f 2287/2720/2287 2286/2719/2286 2373/2817/2373 2051/2423/2051
f 2278/2710/2278 2259/2688/2259 2370/2814/2370 2371/2815/2371
f 3094/3800/3094 2345/2787/2345 2361/2805/2361 2360/2804/2360
f 2784/3801/2784 3094/3800/3094 2360/2804/2360 2359/2803/2359
f 2346/3802/2346 2166/2563/2166 2349/2793/2349 2355/2799/2355
f 2296/2729/2296 2299/2732/2299 2351/2795/2351 2350/2794/2350
f 2263/2693/2263 2346/2790/2346 2795/3396/2795 2264/2694/2264
f 2346/3802/2346 2355/2799/2355 2799/3443/2799 2795/3803/2795
f 1961/2564/1961 2166/2563/2166 2346/3802/2346 2169/3804/2169
f 2333/3805/2333 2332/3806/2332 3094/3800/3094 2784/3801/2784
f 2341/2788/2341 2345/2787/2345 3094/3800/3094 2332/3806/2332
f 2266/2696/2266 2284/2716/2284 2329/2768/2329 2322/2758/2322
f 30/35/30 25/27/25 2327/2764/2327 2314/2750/2314
f 22/30/22 2182/2765/2182 2327/2764/2327 25/27/25
f 2267/2697/2267 2318/2754/2318 2321/2757/2321 2269/2699/2269
f 31/36/31 32/39/32 2312/3807/2312 2152/2583/2152
f 2093/2469/2093 2094/2470/2094 2304/3309/2304 2303/3808/2303
f 2092/2468/2092 2093/2469/2093 2303/3808/2303 3095/3809/3095
f 3096/3810/3096 3095/3811/3095 2303/2736/2303 2300/2733/2300
f 3097/3812/3097 3095/3811/3095 3096/3810/3096 3098/3813/3098
f 2172/2571/2172 3099/3814/3099 3096/3810/3096 2300/2733/2300
f 3100/3815/3100 3098/3813/3098 3096/3810/3096 3099/3814/3099
f 3101/3816/3101 3098/3813/3098 3100/3815/3100 3102/3817/3102
f 3103/3818/3103 3104/3819/3104 3100/3815/3100 3099/3814/3099
f 3105/3820/3105 3102/3817/3102 3100/3815/3100 3104/3819/3104
f 3106/3821/3106 3102/3817/3102 3105/3820/3105 3107/3822/3107
f 3108/3823/3108 3109/3824/3109 3105/3820/3105 3104/3819/3104
f 3110/3825/3110 3107/3822/3107 3105/3820/3105 3109/3824/3109
f 3111/3826/3111 3107/3822/3107 3110/3825/3110 3112/3827/3112
f 3113/3828/3113 3114/3829/3114 3110/3825/3110 3109/3824/3109
f 3115/3830/3115 3112/3827/3112 3110/3825/3110 3114/3829/3114
f 3116/3831/3116 3112/3827/3112 3115/3830/3115 3117/3832/3117
f 3118/3833/3118 3119/3834/3119 3115/3830/3115 3114/3829/3114
f 3120/3835/3120 3117/3832/3117 3115/3830/3115 3119/3834/3119
f 3121/3836/3121 3117/3837/3117 3120/3838/3120 3122/3839/3122
f 3123/3840/3123 3124/3841/3124 3120/3835/3120 3119/3834/3119
f 1616/1901/1616 3122/3842/3122 3120/3835/3120 3124/3841/3124
f 1233/1429/1233 1245/1441/1245 3124/3841/3124 3123/3840/3123
f 1312/1516/1312 1616/1901/1616 3124/3841/3124 1245/1441/1245
f 3118/3833/3118 3125/3843/3125 3123/3840/3123 3119/3834/3119
f 1232/1428/1232 1233/1429/1233 3123/3840/3123 3125/3843/3125
f 3126/3844/3126 3127/3845/3127 3125/3843/3125 3118/3833/3118
f 1236/1432/1236 1232/1428/1232 3125/3843/3125 3127/3845/3127
f 3128/3846/3128 3129/3847/3129 3127/3845/3127 3126/3844/3126
f 3130/3848/3130 1236/1432/1236 3127/3845/3127 3129/3847/3129
f 3131/3849/3131 3132/3850/3132 3130/3848/3130 3129/3847/3129
f 3133/3851/3133 3134/3852/3134 3130/3848/3130 3132/3850/3132
f 1235/1431/1235 1236/1432/1236 3130/3848/3130 3134/3852/3134
f 3135/3853/3135 3136/3854/3136 3134/3852/3134 3133/3851/3133
f 3137/3855/3137 1235/1431/1235 3134/3852/3134 3136/3854/3136
f 1234/1430/1234 1235/1431/1235 3137/3855/3137 3138/3856/3138
f 3139/3857/3139 1785/2098/1785 3137/3855/3137 3136/3854/3136
f 1732/2045/1732 3138/3856/3138 3137/3855/3137 1785/2098/1785
f 3135/3853/3135 3140/3858/3140 3139/3857/3139 3136/3854/3136
f 3141/3859/3141 3142/3860/3142 3139/3857/3139 3140/3858/3140
f 1786/2099/1786 1785/2098/1785 3139/3857/3139 3142/3860/3142
f 2088/2464/2088 3143/3861/3143 3142/3860/3142 3141/3859/3141
f 1787/2100/1787 1786/2099/1786 3142/3860/3142 3143/3861/3143
f 2091/2467/2091 3144/3862/3144 3143/3861/3143 2088/2464/2088
f 3145/3863/3145 1787/2100/1787 3143/3861/3143 3144/3862/3144
f 1788/2101/1788 1787/2100/1787 3145/3863/3145 3146/3864/3146
f 3147/3865/3147 3148/3866/3148 3145/3863/3145 3144/3862/3144
f 3149/3867/3149 3146/3864/3146 3145/3863/3145 3148/3866/3148
f 2003/2373/2003 3146/3864/3146 3149/3867/3149 2004/2374/2004
f 3150/3868/3150 3151/3869/3151 3149/3867/3149 3148/3866/3148
f 3152/3870/3152 2004/2374/2004 3149/3867/3149 3151/3869/3151
f 2002/2372/2002 2004/2374/2004 3152/3870/3152 3153/3871/3153
f 3154/3872/3154 1997/2365/1997 3152/3873/3152 3151/3874/3151
f 1996/2364/1996 3153/3875/3153 3152/3876/3152 1997/3877/1997
f 3150/3878/3150 3101/3816/3101 3154/3872/3154 3151/3874/3151
f 3102/3817/3102 3106/3821/3106 3154/3872/3154 3101/3816/3101
f 1998/2366/1998 1997/2365/1997 3154/3872/3154 3106/3821/3106
f 2001/2371/2001 2002/2372/2002 3153/3871/3153 3155/3879/3155
f 1995/2363/1995 3155/3880/3155 3153/3875/3153 1996/2364/1996
f 3156/3881/3156 2001/3882/2001 3155/3883/3155 3157/3884/3157
f 3158/3885/3158 3157/3886/3157 3155/3880/3155 1995/2363/1995
f 3159/3887/3159 3157/3886/3157 3158/3885/3158 3160/3888/3160
f 1944/2290/1944 3161/3889/3161 3158/3885/3158 1995/2363/1995
f 3162/3890/3162 3160/3888/3160 3158/3885/3158 3161/3889/3161
f 1792/2111/1792 3160/3888/3160 3162/3890/3162 1795/2115/1795
f 3163/3891/3163 3164/3892/3164 3162/3890/3162 3161/3889/3161
f 3165/3893/3165 1795/2115/1795 3162/3890/3162 3164/3892/3164
f 1794/2113/1794 1795/2115/1795 3165/3893/3165 1688/3894/1688
f 3166/3895/3166 3167/3896/3167 3165/3893/3165 3164/3892/3164
f 1630/1919/1630 1688/1989/1688 3165/3897/3165 3167/3898/3167
f 3168/3899/3168 3169/3900/3169 3167/3896/3167 3166/3895/3166
f 1625/1912/1625 1630/3901/1630 3167/3902/3167 3169/3903/3169
f 1831/2151/1831 1733/2046/1733 3169/3903/3169 3168/3904/3168
f 1632/1921/1632 1625/1912/1625 3169/3903/3169 1733/2046/1733
f 3170/3905/3170 1977/2340/1977 3168/3899/3168 3166/3895/3166
f 1891/2339/1891 1831/3906/1831 3168/3899/3168 1977/2340/1977
f 3164/3892/3164 3163/3891/3163 3170/3905/3170 3166/3895/3166
f 1923/2293/1923 1922/3907/1922 3170/3905/3170 3163/3891/3163
f 1921/2343/1921 1977/2340/1977 3170/3905/3170 1922/3907/1922
f 1944/2290/1944 1923/2293/1923 3163/3891/3163 3161/3889/3161
f 1736/2049/1736 3171/3908/3171 3159/3909/3159 1739/2052/1739
f 3156/3881/3156 3157/3884/3157 3159/3909/3159 3171/3908/3171
f 1792/2111/1792 1739/2110/1739 3159/3887/3159 3160/3888/3160
f 1735/2048/1735 3172/3910/3172 3171/3908/3171 1736/2049/1736
f 1723/2033/1723 3156/3881/3156 3171/3908/3171 3172/3910/3172
f 3173/3911/3173 3174/3912/3174 3172/3910/3172 1735/2048/1735
f 1722/2034/1722 1723/2033/1723 3172/3910/3172 3174/3912/3174
f 1724/2036/1724 2001/3882/2001 3156/3881/3156 1723/2033/1723
f 3147/3865/3147 3097/3913/3097 3150/3868/3150 3148/3866/3148
f 3098/3813/3098 3101/3816/3101 3150/3878/3150 3097/3812/3097
f 2091/2467/2091 2092/2468/2092 3147/3865/3147 3144/3862/3144
f 3095/3809/3095 3097/3913/3097 3147/3865/3147 2092/2468/2092
f 1783/2096/1783 1788/2101/1788 3146/3864/3146 2003/2373/2003
f 3175/3914/3175 3176/3915/3176 3141/3859/3141 3140/3858/3140
f 2089/2465/2089 2088/2464/2088 3141/3859/3141 3176/3915/3176
f 3177/3916/3177 2047/2417/2047 3176/3915/3176 3175/3914/3175
f 2049/2419/2049 2089/2465/2089 3176/3915/3176 2047/2417/2047
f 3135/3853/3135 3178/3917/3178 3175/3914/3175 3140/3858/3140
f 3179/3918/3179 3177/3916/3177 3175/3914/3175 3178/3917/3178
f 3180/3919/3180 3181/3920/3181 3179/3918/3179 3178/3917/3178
f 3182/3921/3182 3183/3922/3183 3179/3918/3179 3181/3920/3181
f 3184/3923/3184 3177/3916/3177 3179/3918/3179 3183/3922/3183
f 3185/3924/3185 3186/3925/3186 3183/3922/3183 3182/3921/3182
f 3187/3926/3187 3184/3923/3184 3183/3922/3183 3186/3925/3186
f 3188/3927/3188 3189/3928/3189 3186/3925/3186 3185/3924/3185
f 3190/3929/3190 3187/3926/3187 3186/3925/3186 3189/3928/3189
f 3191/3930/3191 3192/3931/3192 3190/3929/3190 3189/3928/3189
f 1838/2162/1838 1839/2161/1839 3190/3929/3190 3192/3931/3192
f 3193/3932/3193 3187/3926/3187 3190/3929/3190 1839/2161/1839
f 3194/3933/3194 3195/3934/3195 3192/3931/3192 3191/3930/3191
f 1837/3935/1837 1838/2162/1838 3192/3931/3192 3195/3934/3195
f 3196/3936/3196 1581/1859/1581 3195/3937/3195 3194/3938/3194
f 1574/1852/1574 1837/2157/1837 3195/3937/3195 1581/1859/1581
f 3197/3939/3197 3198/3940/3198 3196/3936/3196 3194/3938/3194
f 3199/3941/3199 3200/3942/3200 3196/3936/3196 3198/3940/3198
f 1556/1833/1556 1581/1859/1581 3196/3936/3196 3200/3942/3200
f 3201/3943/3201 3202/3944/3202 3200/3942/3200 3199/3941/3199
f 1551/1827/1551 1556/1833/1556 3200/3942/3200 3202/3944/3202
f 3203/3945/3203 3204/3946/3204 3202/3944/3202 3201/3943/3201
f 1550/1826/1550 1551/1827/1551 3202/3944/3202 3204/3946/3204
f 3205/3947/3205 3206/3948/3206 3204/3946/3204 3203/3945/3203
f 3207/3949/3207 1550/1826/1550 3204/3946/3204 3206/3948/3206
f 3208/3950/3208 3209/3951/3209 3207/3949/3207 3206/3948/3206
f 3210/3952/3210 1542/1818/1542 3207/3949/3207 3209/3951/3209
f 1541/1817/1541 1550/1826/1550 3207/3949/3207 1542/1818/1542
f 3211/3953/3211 3212/3954/3212 3210/3952/3210 3209/3951/3209
f 3213/3955/3213 3214/3956/3214 3210/3952/3210 3212/3954/3212
f 1514/1782/1514 1542/1818/1542 3210/3952/3210 3214/3956/3214
f 3215/3957/3215 1519/3958/1519 3214/3956/3214 3213/3955/3213
f 1515/1783/1515 1514/1782/1514 3214/3956/3214 1519/3958/1519
f 3216/3959/3216 3217/3960/3217 3215/3957/3215 3213/3955/3213
f 3218/3961/3218 3219/3962/3219 3215/3963/3215 3217/3964/3217
f 1517/1785/1517 1519/1788/1519 3215/3965/3215 3219/3966/3219
f 3220/3967/3220 3221/3968/3221 3219/3962/3219 3218/3961/3218
f 3222/3969/3222 1517/1785/1517 3219/3966/3219 3221/3970/3221
f 1518/1786/1518 1517/1785/1517 3222/3969/3222 3223/3971/3223
f 3224/3972/3224 3225/3973/3225 3222/3969/3222 3221/3970/3221
f 3226/3974/3226 3223/3971/3223 3222/3969/3222 3225/3973/3225
f 1536/1810/1536 3223/3971/3223 3226/3974/3226 1557/1834/1557
f 3227/3975/3227 3228/3976/3228 3226/3974/3226 3225/3973/3225
f 3229/3977/3229 1557/1834/1557 3226/3974/3226 3228/3976/3228
f 1558/1835/1558 1557/1834/1557 3229/3977/3229 3230/3978/3230
f 3205/3947/3205 3203/3945/3203 3229/3977/3229 3228/3976/3228
f 3201/3943/3201 3230/3978/3230 3229/3977/3229 3203/3945/3203
f 1561/1838/1561 1558/1835/1558 3230/3978/3230 3231/3979/3231
f 3199/3941/3199 3231/3979/3231 3230/3978/3230 3201/3943/3201
f 3232/3980/3232 1561/1838/1561 3231/3979/3231 3233/3981/3233
f 3198/3940/3198 3233/3981/3233 3231/3979/3231 3199/3941/3199
f 3234/3982/3234 3235/3983/3235 3232/3984/3232 3236/3985/3236
f 1560/1839/1560 1561/1838/1561 3232/3980/3232 3235/3986/3235
f 3237/3987/3237 3236/3985/3236 3232/3984/3232 3233/3988/3233
f 1871/2201/1871 3236/3985/3236 3237/3987/3237 3238/3989/3238
f 3198/3940/3198 3197/3939/3197 3237/3990/3237 3233/3981/3233
f 3239/3991/3239 3238/3989/3238 3237/3987/3237 3197/3992/3197
f 3240/3993/3240 3238/3989/3238 3239/3991/3239 3188/3927/3188
f 3194/3933/3194 3191/3930/3191 3239/3991/3239 3197/3992/3197
f 3189/3928/3189 3188/3927/3188 3239/3991/3239 3191/3930/3191
f 1877/2207/1877 1872/2202/1872 3240/3993/3240 3241/3994/3241
f 1871/2201/1871 3238/3989/3238 3240/3993/3240 1872/2202/1872
f 3185/3924/3185 3241/3994/3241 3240/3993/3240 3188/3927/3188
f 3242/3995/3242 1877/2207/1877 3241/3994/3241 3243/3996/3243
f 3182/3921/3182 3243/3996/3243 3241/3994/3241 3185/3924/3185
f 3244/3997/3244 3245/3998/3245 3242/3995/3242 3246/3999/3246
f 1878/2208/1878 1877/2207/1877 3242/3995/3242 3245/3998/3245
f 3247/4000/3247 3246/3999/3246 3242/3995/3242 3243/3996/3243
f 3248/4001/3248 3246/3999/3246 3247/4000/3247 3249/4002/3249
f 3182/3921/3182 3181/3920/3181 3247/4000/3247 3243/3996/3243
f 3180/3919/3180 3249/4002/3249 3247/4000/3247 3181/3920/3181
f 3250/4003/3250 3251/4004/3251 3248/4001/3248 3131/3849/3131
f 3244/3997/3244 3246/3999/3246 3248/4001/3248 3251/4004/3251
f 3132/3850/3132 3131/3849/3131 3248/4001/3248 3249/4002/3249
f 3252/4005/3252 2080/2456/2080 3251/4004/3251 3250/4003/3250
f 2083/2459/2083 3244/3997/3244 3251/4004/3251 2080/2456/2080
f 3108/3823/3108 3253/4006/3253 3252/4005/3252 3254/4007/3254
f 2081/2457/2081 2080/2456/2080 3252/4005/3252 3253/4006/3253
f 3128/3846/3128 3254/4007/3254 3252/4005/3252 3250/4003/3250
f 3104/3819/3104 3103/3818/3103 3253/4006/3253 3108/3823/3108
f 2170/2569/2170 2081/2457/2081 3253/4006/3253 3103/3818/3103
f 3109/3824/3109 3108/3823/3108 3254/4007/3254 3113/3828/3113
f 3126/3844/3126 3113/3828/3113 3254/4007/3254 3128/3846/3128
f 3129/3847/3129 3128/3846/3128 3250/4003/3250 3131/3849/3131
f 3133/3851/3133 3132/3850/3132 3249/4002/3249 3180/3919/3180
f 2083/2459/2083 2084/2460/2084 3245/3998/3245 3244/3997/3244
f 1879/2209/1879 1878/2208/1878 3245/3998/3245 2084/2460/2084
f 3255/4008/3255 1595/4009/1595 3235/3983/3235 3234/3982/3234
f 1559/4010/1559 1560/1839/1560 3235/3986/3235 1595/4011/1595
f 3256/4012/3256 1719/2024/1719 3255/4008/3255 1875/2205/1875
f 1596/2027/1596 1595/4009/1595 3255/4008/3255 1719/2024/1719
f 1874/2204/1874 1875/2205/1875 3255/4008/3255 3234/3982/3234
f 3257/4013/3257 3258/4014/3258 3256/4012/3256 3259/4015/3259
f 1720/2025/1720 1719/2024/1719 3256/4012/3256 3258/4014/3258
f 1876/2206/1876 3259/4015/3259 3256/4012/3256 1875/2205/1875
f 3260/4016/3260 3261/4017/3261 3258/4018/3258 3257/4019/3257
f 1721/2028/1721 1720/2030/1720 3258/4018/3258 3261/4017/3261
f 3262/4020/3262 3263/4021/3263 3261/4017/3261 3260/4016/3260
f 3264/4022/3264 1721/2028/1721 3261/4017/3261 3263/4021/3263
f 3265/4023/3265 3266/4024/3266 3264/4022/3264 3263/4021/3263
f 3267/4025/3267 1599/1877/1599 3264/4022/3264 3266/4024/3266
f 1598/1880/1598 1721/2028/1721 3264/4022/3264 1599/1877/1599
f 3268/4026/3268 3269/4027/3269 3267/4025/3267 3266/4024/3266
f 3270/4028/3270 3271/4029/3271 3267/4025/3267 3269/4027/3269
f 1593/1878/1593 1599/1877/1599 3267/4025/3267 3271/4029/3271
f 3272/4030/3272 3273/4031/3273 3271/4029/3271 3270/4028/3270
f 1592/4032/1592 1593/4033/1593 3271/4034/3271 3273/4035/3273
f 3274/4036/3274 3275/4037/3275 3273/4035/3273 3272/4038/3272
f 1591/4039/1591 1592/4032/1592 3273/4035/3273 3275/4037/3275
f 3276/4040/3276 3277/4041/3277 3275/4037/3275 3274/4036/3274
f 1603/4042/1603 1591/4039/1591 3275/4037/3275 3277/4041/3277
f 3278/4043/3278 3279/4044/3279 3277/4041/3277 3276/4040/3276
f 1605/1922/1605 1603/4042/1603 3277/4041/3277 3279/4044/3279
f 3280/4045/3280 3281/4046/3281 3279/4044/3279 3278/4043/3278
f 1633/1923/1633 1605/1922/1605 3279/4044/3279 3281/4046/3281
f 3282/4047/3282 3283/4048/3283 3281/4046/3281 3280/4045/3280
f 1636/1928/1636 1633/1923/1633 3281/4046/3281 3283/4048/3283
f 3284/4049/3284 1855/2182/1855 3283/4048/3283 3282/4047/3282
f 1858/2185/1858 1636/1928/1636 3283/4048/3283 1855/2182/1855
f 3285/4050/3285 1370/1590/1370 3284/4049/3284 3282/4047/3282
f 1366/1583/1366 3286/4051/3286 3284/4049/3284 1370/1590/1370
f 1856/2183/1856 1855/2182/1855 3284/4049/3284 3286/4051/3286
f 1365/4052/1365 3287/4053/3287 3286/4054/3286 1366/4055/1366
f 1859/2186/1859 1856/2189/1856 3286/4054/3286 3287/4053/3287
f 3288/4056/3288 3289/4057/3289 3287/4053/3287 1365/4052/1365
f 1863/2193/1863 1859/2186/1859 3287/4053/3287 3289/4057/3289
f 3290/4058/3290 3291/4059/3291 3289/4057/3289 3288/4056/3288
f 3292/4060/3292 1863/2193/1863 3289/4057/3289 3291/4059/3291
f 3293/4061/3293 3294/4062/3294 3292/4060/3292 3291/4059/3291
f 3262/4020/3262 1940/2286/1940 3292/4060/3292 3294/4062/3294
f 1864/2194/1864 1863/2193/1863 3292/4060/3292 1940/2286/1940
f 3295/4063/3295 3265/4023/3265 3294/4062/3294 3293/4061/3293
f 3263/4021/3263 3262/4020/3262 3294/4062/3294 3265/4023/3265
f 3296/4064/3296 3297/4065/3297 3295/4063/3295 3293/4061/3293
f 3298/4066/3298 3268/4026/3268 3295/4063/3295 3297/4065/3297
f 3266/4024/3266 3265/4023/3265 3295/4063/3295 3268/4026/3268
f 1337/1550/1337 1336/1549/1336 3298/4066/3298 3297/4065/3297
f 1335/1548/1335 3299/4067/3299 3298/4066/3298 1336/1549/1336
f 3269/4027/3269 3268/4026/3268 3298/4066/3298 3299/4067/3299
f 1340/1553/1340 3300/4068/3300 3299/4067/3299 1335/1548/1335
f 3270/4028/3270 3269/4027/3269 3299/4067/3299 3300/4068/3300
f 1329/1538/1329 3301/4069/3301 3300/4068/3300 1340/1553/1340
f 3272/4030/3272 3270/4028/3270 3300/4068/3300 3301/4069/3301
f 1328/1537/1328 3302/4070/3302 3301/4071/3301 1329/4072/1329
f 3274/4036/3274 3272/4038/3272 3301/4071/3301 3302/4070/3302
f 1327/1536/1327 3303/4073/3303 3302/4070/3302 1328/1537/1328
f 3276/4040/3276 3274/4036/3274 3302/4070/3302 3303/4073/3303
f 3304/4074/3304 3305/4075/3305 3303/4073/3303 1327/1536/1327
f 3278/4043/3278 3276/4040/3276 3303/4073/3303 3305/4075/3305
f 3306/4076/3306 3307/4077/3307 3305/4075/3305 3304/4074/3304
f 3280/4045/3280 3278/4043/3278 3305/4075/3305 3307/4077/3307
f 3308/4078/3308 3285/4050/3285 3307/4077/3307 3306/4076/3306
f 3282/4047/3282 3280/4045/3280 3307/4077/3307 3285/4050/3285
f 1353/1570/1353 1351/1568/1351 3308/4078/3308 3306/4076/3306
f 1350/1567/1350 1369/1589/1369 3308/4078/3308 1351/1568/1351
f 1370/1590/1370 3285/4050/3285 3308/4078/3308 1369/1589/1369
f 3309/4079/3309 1353/1570/1353 3306/4076/3306 3304/4074/3304
f 1323/1532/1323 1332/4080/1332 3309/4079/3309 1324/1533/1324
f 1333/1566/1333 1353/1570/1353 3309/4079/3309 1332/4080/1332
f 1327/1536/1327 1324/1533/1324 3309/4079/3309 3304/4074/3304
f 3310/4081/3310 1337/1550/1337 3297/4065/3297 3296/4064/3296
f 1358/1575/1358 3311/4082/3311 3310/4083/3310 3312/4084/3312
f 1338/1551/1338 1337/1550/1337 3310/4081/3310 3311/4085/3311
f 3290/4058/3290 3312/4086/3312 3310/4081/3310 3296/4064/3296
f 1361/1578/1361 3313/4087/3313 3311/4082/3311 1358/1575/1358
f 1339/4088/1339 1338/4089/1338 3311/4082/3311 3313/4087/3313
f 1359/1576/1359 1358/1575/1358 3312/4084/3312 3314/4090/3314
f 3288/4056/3288 3314/4091/3314 3312/4086/3312 3290/4058/3290
f 1362/1579/1362 1359/1576/1359 3314/4090/3314 1368/1586/1368
f 1365/4052/1365 1368/4092/1368 3314/4091/3314 3288/4056/3288
f 3291/4059/3291 3290/4058/3290 3296/4064/3296 3293/4061/3293
f 1941/2287/1941 1940/2286/1940 3262/4020/3262 3260/4016/3260
f 1942/2288/1942 1941/2287/1941 3260/4016/3260 3257/4019/3257
f 1986/2350/1986 1942/2310/1942 3257/4013/3257 3259/4015/3259
f 1881/2211/1881 1986/2350/1986 3259/4015/3259 1876/2206/1876
f 1871/2201/1871 1874/2204/1874 3234/3982/3234 3236/3985/3236
f 3315/4093/3315 3205/3947/3205 3228/3976/3228 3227/3975/3227
f 3316/4094/3316 3317/4095/3317 3315/4093/3315 3227/3975/3227
f 3318/4096/3318 3208/3950/3208 3315/4093/3315 3317/4095/3317
f 3206/3948/3206 3205/3947/3205 3315/4093/3315 3208/3950/3208
f 3319/4097/3319 3320/4098/3320 3318/4099/3318 3317/4100/3317
f 3321/4101/3321 3211/3953/3211 3318/4096/3318 3320/4102/3320
f 3209/3951/3209 3208/3950/3208 3318/4096/3318 3211/3953/3211
f 3322/4103/3322 3323/4104/3323 3321/4105/3321 3320/4098/3320
f 3324/4106/3324 3325/4107/3325 3321/4101/3321 3323/4108/3323
f 3212/3954/3212 3211/3953/3211 3321/4101/3321 3325/4107/3325
f 3326/4109/3326 3216/3959/3216 3325/4107/3325 3324/4106/3324
f 3213/3955/3213 3212/3954/3212 3325/4107/3325 3216/3959/3216
f 3327/4110/3327 3328/4111/3328 3326/4112/3326 3324/4113/3324
f 3329/4114/3329 3330/4115/3330 3326/4112/3326 3328/4111/3328
f 3217/3960/3217 3216/3959/3216 3326/4109/3326 3330/4116/3330
f 3331/4117/3331 3332/4118/3332 3330/4119/3330 3329/4120/3329
f 3218/3961/3218 3217/3964/3217 3330/4119/3330 3332/4118/3332
f 3333/4121/3333 3334/4122/3334 3332/4118/3332 3331/4117/3331
f 3220/3967/3220 3218/3961/3218 3332/4118/3332 3334/4122/3334
f 3335/4123/3335 3336/4124/3336 3334/4122/3334 3333/4121/3333
f 3337/4125/3337 3220/3967/3220 3334/4122/3334 3336/4124/3336
f 3221/3968/3221 3220/3967/3220 3337/4125/3337 3224/4126/3224
f 3338/4127/3338 3339/4128/3339 3337/4125/3337 3336/4124/3336
f 3316/4129/3316 3224/4126/3224 3337/4125/3337 3339/4128/3339
f 3340/4130/3340 3319/4097/3319 3339/4128/3339 3338/4127/3338
f 3317/4100/3317 3316/4129/3316 3339/4128/3339 3319/4097/3319
f 3341/4131/3341 3342/4132/3342 3340/4130/3340 3338/4127/3338
f 3343/4133/3343 3322/4103/3322 3340/4130/3340 3342/4132/3342
f 3320/4098/3320 3319/4097/3319 3340/4130/3340 3322/4103/3322
f 3344/4134/3344 3345/4135/3345 3343/4133/3343 3342/4132/3342
f 3346/4136/3346 3347/4137/3347 3343/4133/3343 3345/4135/3345
f 3323/4104/3323 3322/4103/3322 3343/4133/3343 3347/4137/3347
f 3348/4138/3348 3327/4110/3327 3347/4137/3347 3346/4136/3346
f 3324/4113/3324 3323/4104/3323 3347/4137/3347 3327/4110/3327
f 3349/4139/3349 3350/4140/3350 3348/4138/3348 3346/4136/3346
f 3351/4141/3351 3352/4142/3352 3348/4138/3348 3350/4140/3350
f 3328/4111/3328 3327/4110/3327 3348/4138/3348 3352/4142/3352
f 3353/4143/3353 3354/4144/3354 3352/4142/3352 3351/4141/3351
f 3329/4114/3329 3328/4111/3328 3352/4142/3352 3354/4144/3354
f 3355/4145/3355 3356/4146/3356 3354/4147/3354 3353/4148/3353
f 3331/4117/3331 3329/4120/3329 3354/4147/3354 3356/4146/3356
f 3357/4149/3357 3358/4150/3358 3356/4146/3356 3355/4145/3355
f 3333/4121/3333 3331/4117/3331 3356/4146/3356 3358/4150/3358
f 3359/4151/3359 3360/4152/3360 3358/4150/3358 3357/4149/3357
f 3335/4123/3335 3333/4121/3333 3358/4150/3358 3360/4152/3360
f 3361/4153/3361 3362/4154/3362 3360/4152/3360 3359/4151/3359
f 3341/4131/3341 3335/4123/3335 3360/4152/3360 3362/4154/3362
f 3363/4155/3363 3344/4134/3344 3362/4154/3362 3361/4153/3361
f 3342/4132/3342 3341/4131/3341 3362/4154/3362 3344/4134/3344
f 1507/4156/1507 1510/1774/1510 3363/4155/3363 3361/4153/3361
f 1506/1768/1506 3364/4157/3364 3363/4155/3363 1510/1774/1510
f 3345/4135/3345 3344/4134/3344 3363/4155/3363 3364/4157/3364
f 1493/1747/1493 3349/4139/3349 3364/4157/3364 1506/1768/1506
f 3346/4136/3346 3345/4135/3345 3364/4157/3364 3349/4139/3349
f 1512/4158/1512 1507/4156/1507 3361/4153/3361 3359/4151/3359
f 3365/4159/3365 1512/4158/1512 3359/4151/3359 3357/4149/3357
f 3355/4145/3355 3366/4160/3366 3365/4159/3365 3357/4149/3357
f 3367/4161/3367 3368/4162/3368 3365/4163/3365 3366/4164/3366
f 1511/1779/1511 1512/1780/1512 3365/4163/3365 3368/4162/3368
f 1486/1738/1486 1488/1741/1488 3368/4162/3368 3367/4161/3367
f 1503/1765/1503 1511/1779/1511 3368/4162/3368 1488/1741/1488
f 3369/4165/3369 3370/4166/3370 3367/4161/3367 3366/4164/3366
f 1464/1739/1464 1486/1738/1486 3367/4161/3367 3370/4166/3370
f 1491/1745/1491 1489/1742/1489 3370/4167/3370 3369/4168/3369
f 1448/1698/1448 1464/1697/1464 3370/4167/3370 1489/1742/1489
f 3351/4141/3351 1491/1745/1491 3369/4168/3369 3353/4143/3353
f 3355/4145/3355 3353/4148/3353 3369/4169/3369 3366/4160/3366
f 1492/1746/1492 1491/1745/1491 3351/4141/3351 3350/4140/3350
f 1493/1747/1493 1492/1746/1492 3350/4140/3350 3349/4139/3349
f 3336/4124/3336 3335/4123/3335 3341/4131/3341 3338/4127/3338
f 3225/3973/3225 3224/3972/3224 3316/4094/3316 3227/3975/3227
f 1520/1789/1520 1518/1786/1518 3223/3971/3223 1536/1810/1536
f 3135/3853/3135 3133/3851/3133 3180/3919/3180 3178/3917/3178
f 1099/1257/1099 1234/1430/1234 3138/3856/3138 1098/1256/1098
f 1727/2040/1727 1098/1256/1098 3138/3856/3138 1732/2045/1732
f 3114/3829/3114 3113/3828/3113 3126/3844/3126 3118/3833/3118
f 1987/2352/1987 3371/4170/3371 3121/3836/3121 3372/4171/3372
f 3116/4172/3116 3117/3837/3117 3121/3836/3121 3371/4170/3371
f 1710/2013/1710 3372/4171/3372 3121/3836/3121 3122/3839/3122
f 1979/2351/1979 1989/2356/1989 3371/4170/3371 1987/2352/1987
f 3373/4173/3373 3116/4172/3116 3371/4170/3371 1989/2356/1989
f 1924/2355/1924 1945/4174/1945 3373/4173/3373 1989/2356/1989
f 1998/2366/1998 3111/3826/3111 3373/4175/3373 1945/2367/1945
f 3112/3827/3112 3116/3831/3116 3373/4175/3373 3111/3826/3111
f 1889/2219/1889 1987/2352/1987 3372/4171/3372 3374/4176/3374
f 1708/2011/1708 3374/4176/3374 3372/4171/3372 1710/2013/1710
f 1890/2220/1890 1889/2219/1889 3374/4176/3374 3375/4177/3375
f 3376/4178/3376 3375/4177/3375 3374/4176/3374 1708/2011/1708
f 1707/2010/1707 3377/4179/3377 3376/4178/3376 1708/2011/1708
f 3378/4180/3378 1609/1890/1609 3376/4178/3376 3377/4179/3377
f 1608/1889/1608 3375/4177/3375 3376/4178/3376 1609/1890/1609
f 3379/4181/3379 3380/4182/3380 3378/4180/3378 3377/4179/3377
f 3381/4183/3381 1250/1447/1250 3378/4180/3378 3380/4182/3380
f 1251/1448/1251 1609/1890/1609 3378/4180/3378 1250/1447/1250
f 3382/4184/3382 3383/4185/3383 3381/4183/3381 3380/4182/3380
f 3384/4186/3384 3385/4187/3385 3381/4183/3381 3383/4185/3383
f 1249/1446/1249 1250/1447/1250 3381/4183/3381 3385/4187/3385
f 3386/4188/3386 3387/4189/3387 3385/4190/3385 3384/4191/3384
f 1206/1387/1206 1249/1446/1249 3385/4187/3385 3387/4192/3387
f 3388/4193/3388 3389/4194/3389 3387/4192/3387 3386/4195/3386
f 1202/1382/1202 1206/1387/1206 3387/4192/3387 3389/4194/3389
f 3390/4196/3390 1140/1302/1140 3389/4197/3389 3388/4198/3388
f 1142/1385/1142 1202/1382/1202 3389/4194/3389 1140/4199/1140
f 3391/4200/3391 3392/4201/3392 3390/4196/3390 3388/4198/3388
f 3393/4202/3393 3394/4203/3394 3390/4196/3390 3392/4201/3392
f 1141/1303/1141 1140/1302/1140 3390/4196/3390 3394/4203/3394
f 3395/4204/3395 1174/1347/1174 3394/4203/3394 3393/4202/3393
f 1143/1346/1143 1141/1303/1141 3394/4203/3394 1174/1347/1174
f 3396/4205/3396 3397/4206/3397 3395/4204/3395 3393/4202/3393
f 3398/4207/3398 3399/4208/3399 3395/4204/3395 3397/4206/3397
f 1172/1344/1172 1174/1347/1174 3395/4204/3395 3399/4208/3399
f 1072/4209/1072 3400/4210/3400 3399/4208/3399 3398/4207/3398
f 3401/4211/3401 1172/1344/1172 3399/4208/3399 3400/4210/3400
f 3402/4212/3402 3403/4213/3403 3401/4211/3401 3400/4210/3400
f 3404/4214/3404 1190/4215/1190 3401/4211/3401 3403/4213/3403
f 1173/1345/1173 1172/1344/1172 3401/4211/3401 1190/4215/1190
f 3405/4216/3405 3379/4217/3379 3404/4214/3404 3403/4213/3403
f 3377/4179/3377 1707/2010/1707 3404/4218/3404 3379/4181/3379
f 1191/1369/1191 1190/1368/1190 3404/4218/3404 1707/2010/1707
f 3402/4212/3402 3406/4219/3406 3405/4216/3405 3403/4213/3403
f 3407/4220/3407 3382/4184/3382 3405/4221/3405 3406/4222/3406
f 3380/4182/3380 3379/4181/3379 3405/4221/3405 3382/4184/3382
f 1068/1216/1068 3408/4223/3408 3407/4224/3407 3406/4225/3406
f 3409/4226/3409 3410/4227/3410 3407/4224/3407 3408/4223/3408
f 3383/4185/3383 3382/4184/3382 3407/4220/3407 3410/4228/3410
f 3411/4229/3411 3412/4230/3412 3410/4227/3410 3409/4226/3409
f 3384/4186/3384 3383/4185/3383 3410/4228/3410 3412/4231/3412
f 1066/1214/1066 3413/4232/3413 3412/4230/3412 3411/4229/3411
f 3386/4188/3386 3384/4191/3384 3412/4230/3412 3413/4232/3413
f 1063/1211/1063 3391/4233/3391 3413/4232/3413 1066/1214/1066
f 3388/4193/3388 3386/4195/3386 3413/4234/3413 3391/4235/3391
f 1069/4236/1069 1068/4237/1068 3406/4219/3406 3402/4212/3402
f 1072/4209/1072 1069/4236/1069 3402/4212/3402 3400/4210/3400
f 3414/4238/3414 3415/4239/3415 3398/4207/3398 3397/4206/3397
f 1071/4240/1071 1072/4209/1072 3398/4207/3398 3415/4239/3415
f 1055/1209/1055 1061/1208/1061 3415/4239/3415 3414/4238/3414
f 1060/1219/1060 1071/1220/1071 3415/4241/3415 1061/4242/1061
f 1052/4243/1052 1055/1209/1055 3414/4238/3414 3416/4244/3416
f 3396/4205/3396 3416/4244/3416 3414/4238/3414 3397/4206/3397
f 1051/4245/1051 1052/4243/1052 3416/4244/3416 1065/4246/1065
f 1062/4247/1062 1065/4246/1065 3416/4244/3416 3396/4205/3396
f 3392/4201/3392 1062/4247/1062 3396/4205/3396 3393/4202/3393
f 1063/4248/1063 1062/4247/1062 3392/4201/3392 3391/4200/3391
f 1854/2181/1854 1890/2220/1890 3375/4177/3375 1608/1889/1608
f 1613/1895/1613 1710/2013/1710 3122/3839/3122 1616/4249/1616
f 3106/3821/3106 3107/3822/3107 3111/3826/3111 1998/2366/1998
f 2172/2571/2172 2170/2569/2170 3103/3818/3103 3099/3814/3099
f 2227/2642/2227 2241/2664/2241 2277/2709/2277 2224/2639/2224
f 2145/2536/2145 2274/2704/2274 2273/2703/2273 2138/2525/2138
f 2146/2537/2146 2265/2695/2265 2274/2704/2274 2145/2536/2145
f 2149/2550/2149 2147/2538/2147 2263/2693/2263 2155/2547/2155
f 2156/2548/2156 2155/2547/2155 2265/2695/2265 2146/2537/2146
f 2104/4250/2104 2106/4251/2106 2262/2691/2262 1963/2320/1963
f 2240/2666/2240 2239/4252/2239 2257/2686/2257 2258/2687/2258
f 2185/2595/2185 2184/4253/2184 2252/4254/2252 2249/2674/2249
f 2235/2655/2235 2210/2654/2210 2248/4255/2248 2243/4256/2243
f 2207/4257/2207 3417/4258/3417 2248/4255/2248 2210/2654/2210
f 3418/4259/3418 2246/4260/2246 2248/4255/2248 3417/4258/3417
f 2211/2623/2211 2212/2624/2212 3418/4259/3418 3417/4258/3417
f 2217/4261/2217 2216/2628/2216 3418/4259/3418 2212/2624/2212
f 2215/2627/2215 2246/4260/2246 3418/4259/3418 2216/2628/2216
f 2206/2622/2206 2211/2623/2211 3417/4258/3417 2207/4257/2207
f 2188/2592/2188 2185/2595/2185 2249/2674/2249 2837/3457/2837
f 2214/2630/2214 2213/4262/2213 2222/2637/2222 2223/2638/2223
f 2198/2608/2198 2194/2600/2194 2217/4261/2217 2212/2624/2212
f 2191/2597/2191 2204/2615/2204 2217/2631/2217 2194/4263/2194
f 3419/4264/3419 2824/3431/2824 2213/2625/2213 2200/2611/2200
f 2190/2596/2190 2197/2606/2197 2206/2617/2206 2205/2616/2205
f 2191/2597/2191 2190/2596/2190 2205/2616/2205 2204/2615/2204
f 2821/3428/2821 3419/4264/3419 2200/2611/2200 2203/2614/2203
f 2128/4265/2128 3420/4266/3420 2183/2584/2183 2118/2495/2118
f 2129/2511/2129 2116/2493/2116 2183/4267/2183 3420/4268/3420
f 2115/2496/2115 2118/2495/2118 2183/2584/2183 2143/2587/2143
f 3421/4269/3421 2177/2576/2177 2180/2579/2180 2074/2448/2074
f 2066/2447/2066 2067/4270/2067 3421/4269/3421 2074/2448/2074
f 2075/4271/2075 3422/4272/3422 3421/4269/3421 2067/4270/2067
f 2174/2573/2174 2177/2576/2177 3421/4269/3421 3422/4272/3422
f 2134/2522/2134 2124/2505/2124 3422/4272/3422 2075/4271/2075
f 2121/2502/2121 2174/2573/2174 3422/4272/3422 2124/2505/2124
f 2121/2502/2121 2120/2501/2120 2175/2574/2175 2174/2573/2174
f 2133/2516/2133 2060/2433/2060 2167/2566/2167 2169/2568/2169
f 34/4273/34 3423/4274/3423 2164/2560/2164 40/2561/40
f 2119/4275/2119 2112/2488/2112 2164/2560/2164 3423/4274/3423
f 2111/2487/2111 2113/2490/2113 2156/2548/2156 2146/2537/2146
f 2114/4276/2114 2115/4277/2115 2143/2532/2143 2142/2531/2142
f 2124/2505/2124 2134/2522/2134 2137/2521/2137 2125/2506/2125
f 1880/2210/1880 1879/2209/1879 2105/2481/2105 2016/2386/2016
f 2084/2460/2084 2085/2461/2085 2105/2481/2105 1879/2209/1879
f 1954/2307/1954 1985/2349/1985 2104/2480/2104 1963/4278/1963
f 2059/2432/2059 2042/2412/2042 2098/2474/2098 2097/2473/2097
f 2040/2410/2040 2041/2411/2041 2056/2429/2056 2014/2384/2014
f 1840/2164/1840 1841/2165/1841 2046/2416/2046 2048/2418/2048
f 1964/2324/1964 1994/2362/1994 2040/2410/2040 2014/2384/2014
f 1993/2361/1993 2031/2401/2031 2040/2410/2040 1994/2362/1994
f 2019/2389/2019 2018/2388/2018 2031/2401/2031 1993/2361/1993
f 1804/2124/1804 2029/2399/2029 2030/2400/2030 1805/2125/1805
f 1931/2277/1931 1990/2358/1990 2019/2389/2019 1993/2361/1993
f 1983/2347/1983 2000/2370/2000 2019/2389/2019 1990/2358/1990
f 1986/2350/1986 1881/2211/1881 2017/2387/2017 1985/2349/1985
f 1967/2327/1967 3424/4279/3424 2010/2380/2010 1970/2330/1970
f 2005/2375/2005 2006/2376/2006 2010/2380/2010 3424/4279/3424
f 1946/4280/1946 1947/2354/1947 1988/2353/1988 3425/4281/3425
f 3426/4282/3426 3425/4281/3425 1988/2353/1988 1981/2345/1981
f 1915/2255/1915 3425/4281/3425 3426/4282/3426 3427/4283/3427
f 1980/2344/1980 1916/2256/1916 3426/4282/3426 1981/2345/1981
f 1913/2252/1913 3427/4283/3427 3426/4282/3426 1916/2256/1916
f 1914/2254/1914 1946/4280/1946 3425/4281/3425 1915/2255/1915
f 1934/2280/1934 1935/2281/1935 1982/2346/1982 1927/2273/1927
f 1917/2257/1917 1916/2256/1916 1980/2344/1980 1921/2343/1921
f 1862/2191/1862 1861/2192/1861 1951/4284/1951 1949/2298/1949
f 46/4285/46 47/4286/47 1951/4284/1951 1861/2192/1861
f 1866/2196/1866 1865/2195/1865 1951/2301/1951 47/55/47
f 1635/1929/1635 1862/2191/1862 1949/2298/1949 1634/2297/1634
f 1580/1858/1580 1634/1926/1634 1950/2304/1950 1582/1860/1582
f 1919/2261/1919 1920/2264/1920 1946/2294/1946 1914/2263/1914
f 1810/2130/1810 1936/2282/1936 1937/2283/1937 1811/2131/1811
f 1799/2119/1799 1798/2118/1798 1936/2282/1936 1810/2130/1810
f 1887/2217/1887 1886/2216/1886 1934/2280/1934 1927/2273/1927
f 1883/2213/1883 3428/4287/3428 1933/2279/1933 1886/2216/1886
f 3429/4288/3429 1848/2173/1848 1933/2279/1933 3428/4287/3428
f 3430/4289/3430 1718/2023/1718 3429/4288/3429 3428/4287/3428
f 1712/2017/1712 3431/4290/3431 3429/4288/3429 1718/2023/1718
f 1845/2170/1845 1848/2173/1848 3429/4288/3429 3431/4290/3431
f 1703/2006/1703 1706/2009/1706 3431/4290/3431 1712/2017/1712
f 1842/2167/1842 1845/2170/1845 3431/4290/3431 1706/2009/1706
f 1883/2213/1883 1882/2212/1882 3430/4289/3430 3428/4287/3428
f 1782/2095/1782 1781/2094/1781 3430/4289/3430 1882/2212/1882
f 1717/2022/1717 1718/2023/1718 3430/4289/3430 1781/2094/1781
f 1796/2116/1796 1782/2095/1782 1882/2212/1882 1885/2215/1885
f 1636/1928/1636 1858/2185/1858 1862/2191/1862 1635/1929/1635
f 1706/2009/1706 1705/2008/1705 1850/2175/1850 1842/2167/1842
f 1839/2161/1839 1840/2164/1840 2048/2418/2048 3193/3932/3193
f 1573/1851/1573 1835/2158/1835 1837/2157/1837 1574/1852/1574
f 1638/1932/1638 1640/1934/1640 1833/2153/1833 1606/4291/1606
f 1756/2069/1756 1784/2097/1784 1822/2142/1822 1807/2127/1807
f 1778/2091/1778 1771/2084/1771 1799/2119/1799 1791/2106/1791
f 3432/4292/3432 1793/4293/1793 1794/4294/1794 3433/4295/3433
f 1687/1988/1687 3433/4295/3433 1794/4294/1794 1688/1989/1688
f 3434/4296/3434 3435/4297/3435 3432/4292/3432 3436/4298/3436
f 1620/1907/1620 1793/2108/1793 3432/4299/3432 3435/4300/3435
f 3437/4301/3437 3436/4298/3436 3432/4292/3432 3433/4295/3433
f 3438/4302/3438 3436/4298/3436 3437/4301/3437 3439/4303/3439
f 1687/1988/1687 1686/1987/1686 3437/4301/3437 3433/4295/3433
f 3440/4304/3440 3439/4303/3439 3437/4301/3437 1686/1987/1686
f 1677/1978/1677 3439/4305/3439 3440/4306/3440 1658/1952/1658
f 1685/1986/1685 3441/4307/3441 3440/4304/3440 1686/1987/1686
f 1678/1979/1678 1658/1952/1658 3440/4306/3440 3441/4308/3441
f 1679/1980/1679 3442/4309/3442 3441/4307/3441 1685/1986/1685
f 1673/1972/1673 1678/1979/1678 3441/4308/3441 3442/4310/3442
f 1681/1982/1681 3443/4311/3443 3442/4309/3442 1679/1980/1679
f 1668/1973/1668 1673/1972/1673 3442/4310/3442 3443/4312/3443
f 1684/1985/1684 3444/4313/3444 3443/4311/3443 1681/1982/1681
f 1669/1965/1669 1668/1964/1668 3443/4314/3443 3444/4315/3444
f 3445/4316/3445 3446/4317/3446 3444/4313/3444 1684/1985/1684
f 1670/1967/1670 1669/1965/1669 3444/4315/3444 3446/4318/3446
f 3447/4319/3447 3448/4320/3448 3446/4318/3446 3445/4321/3445
f 3449/4322/3449 1670/1967/1670 3446/4318/3446 3448/4320/3448
f 1656/1950/1656 1670/1967/1670 3449/4322/3449 1660/1954/1660
f 3450/4323/3450 3451/4324/3451 3449/4322/3449 3448/4320/3448
f 1663/1957/1663 1660/1954/1660 3449/4322/3449 3451/4324/3451
f 3438/4325/3438 3452/4326/3452 3451/4324/3451 3450/4323/3450
f 1664/1958/1664 1663/1957/1663 3451/4324/3451 3452/4326/3452
f 3439/4305/3439 1677/1978/1677 3452/4326/3452 3438/4325/3438
f 1676/1977/1676 1664/1958/1664 3452/4326/3452 1677/1978/1677
f 3447/4327/3447 3434/4296/3434 3450/4328/3450 3448/4329/3448
f 3436/4298/3436 3438/4302/3438 3450/4328/3450 3434/4296/3434
f 3453/4330/3453 3454/4331/3454 3447/4332/3447 3445/4333/3445
f 3435/4297/3435 3434/4296/3434 3447/4327/3447 3454/4334/3454
f 1692/4335/1692 1621/1908/1621 3454/4331/3454 3453/4330/3453
f 1620/1907/1620 3435/4300/3435 3454/4331/3454 1621/1908/1621
f 1684/1985/1684 1683/1984/1683 3453/4336/3453 3445/4316/3445
f 1682/4337/1682 1692/4335/1692 3453/4330/3453 1683/4338/1683
f 1730/2043/1730 1731/2044/1731 1788/2101/1788 1783/2096/1783
f 1763/2076/1763 1762/2075/1762 1769/2082/1769 1779/2092/1779
f 1293/1494/1293 1292/1493/1292 1738/2051/1738 1622/1909/1622
f 1285/1486/1285 3173/3911/3173 1735/2048/1735 1286/1487/1286
f 1693/1996/1693 1729/2042/1729 1730/2043/1730 1694/1997/1694
f 1097/1255/1097 1098/1256/1098 1727/2040/1727 1726/2039/1726
f 1096/1254/1096 1097/1255/1097 1726/2039/1726 3455/4339/3455
f 1693/1996/1693 3455/4339/3455 1726/2039/1726 1729/2042/1729
f 3456/4340/3456 1096/1254/1096 3455/4339/3455 3457/4341/3457
f 1696/1999/1696 3457/4341/3457 3455/4339/3455 1693/1996/1693
f 979/1107/979 3458/4342/3458 3456/4343/3456 984/4344/984
f 1095/1253/1095 1096/1254/1096 3456/4340/3456 3458/4345/3458
f 3459/4346/3459 984/1112/984 3456/4340/3456 3457/4341/3457
f 985/1113/985 984/1112/984 3459/4346/3459 1290/4347/1290
f 1696/1999/1696 1697/2000/1697 3459/4346/3459 3457/4341/3457
f 1289/2015/1289 1290/4347/1290 3459/4346/3459 1697/2000/1697
f 978/1106/978 1091/4348/1091 3458/4342/3458 979/1107/979
f 1092/1250/1092 1095/1253/1095 3458/4345/3458 1091/1249/1091
f 1193/1373/1193 1288/1489/1288 1722/2032/1722 3174/4349/3174
f 1284/1485/1284 1308/1511/1308 3173/3911/3173 1285/1486/1285
f 3460/4350/3460 1690/1993/1690 1691/1992/1691 3461/4351/3461
f 1682/4352/1682 3462/4353/3462 1691/1992/1691 1692/1995/1692
f 3463/4354/3463 3461/4351/3461 1691/1992/1691 3462/4353/3462
f 1665/1963/1665 3461/4351/3461 3463/4354/3463 1666/1960/1666
f 1623/1910/1623 3464/4355/3464 3463/4354/3463 3462/4353/3462
f 1674/1975/1674 1666/1960/1666 3463/4354/3463 3464/4355/3464
f 1626/1913/1626 3465/4356/3465 3464/4355/3464 1623/1910/1623
f 3466/4357/3466 1674/1975/1674 3464/4355/3464 3465/4356/3465
f 1675/1976/1675 1674/1975/1674 3466/4357/3466 3467/4358/3467
f 3468/4359/3468 3469/4360/3469 3466/4357/3466 3465/4356/3465
f 3470/4361/3470 3467/4358/3467 3466/4357/3466 3469/4360/3469
f 1318/4362/1318 3467/4358/3467 3470/4361/3470 3471/4363/3471
f 1271/1469/1271 1273/1471/1273 3470/4361/3470 3469/4360/3469
f 3472/4364/3472 3471/4363/3471 3470/4361/3470 1273/1471/1273
f 3473/4365/3473 3471/4363/3471 3472/4364/3472 3474/4366/3474
f 1254/1452/1254 1255/1453/1255 3472/4364/3472 1273/1471/1273
f 3475/4367/3475 3474/4366/3474 3472/4364/3472 1255/1453/1255
f 1314/1520/1314 1317/1523/1317 3473/4368/3473 3476/4369/3476
f 1318/1526/1318 3471/4370/3471 3473/4368/3473 1317/1523/1317
f 3477/4371/3477 3476/4372/3476 3473/4365/3473 3474/4366/3474
f 3478/4373/3478 3476/4372/3476 3477/4371/3477 3479/4374/3479
f 3475/4367/3475 3480/4375/3480 3477/4371/3477 3474/4366/3474
f 3481/4376/3481 3479/4374/3479 3477/4371/3477 3480/4375/3480
f 3482/4377/3482 3479/4374/3479 3481/4376/3481 3483/4378/3483
f 3484/4379/3484 3485/4380/3485 3481/4376/3481 3480/4375/3480
f 1219/1407/1219 3483/4378/3483 3481/4376/3481 3485/4380/3485
f 1278/1476/1278 1277/1475/1277 3485/4381/3485 3484/4382/3484
f 1220/1412/1220 1219/4383/1219 3485/4381/3485 1277/1475/1277
f 3475/4367/3475 1241/4384/1241 3484/4379/3484 3480/4375/3480
f 1242/1438/1242 1278/1476/1278 3484/4382/3484 1241/1437/1241
f 1209/1394/1209 3486/4385/3486 3482/4377/3482 3487/4386/3487
f 3478/4373/3478 3479/4374/3479 3482/4377/3482 3486/4385/3486
f 1217/1402/1217 3487/4386/3487 3482/4377/3482 3483/4378/3483
f 1212/1397/1212 3488/4387/3488 3486/4385/3486 1209/1394/1209
f 3489/4388/3489 3478/4373/3478 3486/4385/3486 3488/4387/3488
f 3490/4389/3490 3491/4390/3491 3489/4391/3489 3488/4392/3488
f 1315/1521/1315 1314/1520/1314 3489/4391/3489 3491/4390/3491
f 3476/4372/3476 3478/4373/3478 3489/4388/3489 1314/4393/1314
f 1222/1410/1222 1276/1474/1276 3491/4390/3491 3490/4389/3490
f 1279/1477/1279 1315/1521/1315 3491/4390/3491 1276/1474/1276
f 1218/1403/1218 1222/1410/1222 3490/4389/3490 1213/1404/1213
f 1212/4394/1212 1213/1404/1213 3490/4389/3490 3488/4392/3488
f 1216/1401/1216 1217/1402/1217 3483/4378/3483 1219/1407/1219
f 1275/1473/1275 1271/1469/1271 3469/4360/3469 3468/4359/3468
f 1626/1913/1626 1631/1920/1631 3468/4359/3468 3465/4356/3465
f 1639/1933/1639 1275/1473/1275 3468/4359/3468 1631/1920/1631
f 1319/4395/1319 1675/1976/1675 3467/4358/3467 1318/4362/1318
f 1624/1911/1624 1623/1910/1623 3462/4353/3462 1682/4352/1682
f 1689/4396/1689 1690/4397/1690 3460/4398/3460 3492/4399/3492
f 1665/1963/1665 1672/4400/1672 3460/4350/3460 3461/4351/3461
f 3493/4401/3493 3492/4399/3492 3460/4398/3460 1672/1969/1672
f 3494/4402/3494 3492/4399/3492 3493/4401/3493 1240/1436/1240
f 1671/1968/1671 3495/4403/3495 3493/4401/3493 1672/1969/1672
f 1223/1414/1223 1240/1436/1240 3493/4401/3493 3495/4403/3495
f 3496/4404/3496 1280/4405/1280 3495/4403/3495 1671/1968/1671
f 1242/1438/1242 1223/1414/1223 3495/4403/3495 1280/4405/1280
f 1645/1939/1645 1646/1940/1646 3496/4406/3496 1671/4407/1671
f 3497/4408/3497 3498/4409/3498 3496/4406/3496 1646/1940/1646
f 1281/1479/1281 1280/1478/1280 3496/4406/3496 3498/4409/3498
f 3499/4410/3499 1320/1528/1320 3498/4409/3498 3497/4408/3497
f 1282/1482/1282 1281/1479/1281 3498/4409/3498 1320/1528/1320
f 3500/4411/3500 3501/4412/3501 3494/4402/3494 3502/4413/3502
f 1689/4396/1689 3492/4399/3492 3494/4402/3494 3501/4412/3501
f 1239/1435/1239 3502/4413/3502 3494/4402/3494 1240/1436/1240
f 3503/4414/3503 1617/1904/1617 3501/4415/3501 3500/4416/3500
f 1619/1906/1619 1689/1990/1689 3501/4415/3501 1617/1904/1617
f 3504/4417/3504 1294/4418/1294 3503/4419/3503 3505/4420/3505
f 1293/1494/1293 1617/1904/1617 3503/4414/3503 1294/1495/1294
f 3506/4421/3506 3505/4420/3505 3503/4419/3503 3500/4411/3500
f 3507/4422/3507 3505/4420/3505 3506/4421/3506 3508/4423/3508
f 3502/4413/3502 3509/4424/3509 3506/4421/3506 3500/4411/3500
f 3510/4425/3510 3508/4423/3508 3506/4421/3506 3509/4424/3509
f 3511/4426/3511 3508/4423/3508 3510/4425/3510 3512/4427/3512
f 3513/4428/3513 3514/4429/3514 3510/4425/3510 3509/4424/3509
f 3515/4430/3515 3512/4431/3512 3510/4432/3510 3514/4433/3514
f 3516/4434/3516 3512/4431/3512 3515/4430/3515 3517/4435/3517
f 3518/4436/3518 3519/4437/3519 3515/4430/3515 3514/4433/3514
f 3520/4438/3520 3517/4435/3517 3515/4430/3515 3519/4437/3519
f 1304/4439/1304 3517/4435/3517 3520/4438/3520 3521/4440/3521
f 74/87/74 3522/4441/3522 3520/4438/3520 3519/4437/3519
f 3523/4442/3523 3521/4440/3521 3520/4438/3520 3522/4441/3522
f 3524/4443/3524 3521/4440/3521 3523/4442/3523 3525/4444/3525
f 57/65/57 54/68/54 3523/4442/3523 3522/4441/3522
f 53/61/53 3525/4445/3525 3523/4446/3523 54/62/54
f 1302/4447/1302 1296/4448/1296 3524/4449/3524 3526/4450/3526
f 1304/4439/1304 3521/4440/3521 3524/4443/3524 1296/4451/1296
f 85/100/85 3526/4450/3526 3524/4449/3524 3525/4445/3525
f 1272/1470/1272 1302/4447/1302 3526/4450/3526 1269/1467/1269
f 86/101/86 1269/1467/1269 3526/4450/3526 85/100/85
f 84/97/84 85/100/85 3525/4445/3525 53/61/53
f 77/90/77 57/65/57 3522/4441/3522 74/87/74
f 75/88/75 74/87/74 3519/4437/3519 3518/4436/3518
f 3513/4452/3513 1227/1418/1227 3518/4436/3518 3514/4433/3514
f 78/91/78 75/88/75 3518/4436/3518 1227/1418/1227
f 3527/4453/3527 3528/4454/3528 3516/4455/3516 1303/1504/1303
f 3511/4456/3511 3512/4457/3512 3516/4455/3516 3528/4454/3528
f 1304/4439/1304 1303/4458/1303 3516/4434/3516 3517/4435/3517
f 3529/4459/3529 3530/4460/3530 3528/4454/3528 3527/4453/3527
f 3531/4461/3531 3511/4456/3511 3528/4454/3528 3530/4460/3530
f 3532/4462/3532 3533/4463/3533 3531/4461/3531 3530/4460/3530
f 3534/4464/3534 3507/4465/3507 3531/4461/3531 3533/4463/3533
f 3508/4423/3508 3511/4426/3511 3531/4466/3531 3507/4422/3507
f 3535/4467/3535 3536/4468/3536 3534/4464/3534 3533/4463/3533
f 3537/4469/3537 3504/4470/3504 3534/4471/3534 3536/4472/3536
f 3505/4420/3505 3507/4422/3507 3534/4473/3534 3504/4417/3504
f 1189/1367/1189 3538/4474/3538 3537/4475/3537 3536/4468/3536
f 1238/4476/1238 1237/4477/1237 3537/4475/3537 3538/4474/3538
f 1294/1495/1294 3504/4470/3504 3537/4469/3537 1237/1433/1237
f 1188/1366/1188 3539/4478/3539 3538/4474/3538 1189/1367/1189
f 3540/4479/3540 1238/4476/1238 3538/4474/3538 3539/4478/3539
f 1040/4480/1040 3540/4479/3540 3539/4478/3539 1043/4481/1043
f 1187/1365/1187 1043/4481/1043 3539/4478/3539 1188/1366/1188
f 1186/1364/1186 1189/1367/1189 3536/4468/3536 3535/4467/3535
f 1183/1361/1183 1186/1364/1186 3535/4467/3535 3541/4482/3541
f 3532/4462/3532 3541/4482/3541 3535/4467/3535 3533/4463/3533
f 3542/4483/3542 1183/1361/1183 3541/4482/3541 3543/4484/3543
f 3544/4485/3544 3543/4484/3543 3541/4482/3541 3532/4462/3532
f 3545/4486/3545 3543/4484/3543 3544/4485/3544 3546/4487/3546
f 3530/4460/3530 3529/4459/3529 3544/4485/3544 3532/4462/3532
f 1246/1443/1246 3546/4487/3546 3544/4485/3544 3529/4459/3529
f 3547/4488/3547 3548/4489/3548 3545/4486/3545 1200/1380/1200
f 3542/4483/3542 3543/4484/3543 3545/4486/3545 3548/4489/3548
f 1201/1381/1201 1200/1380/1200 3545/4486/3545 3546/4487/3546
f 3549/4490/3549 3550/4491/3550 3548/4489/3548 3547/4488/3547
f 3551/4492/3551 3542/4483/3542 3548/4489/3548 3550/4491/3550
f 3552/4493/3552 3553/4494/3553 3551/4492/3551 3550/4491/3550
f 1187/1365/1187 1184/1362/1184 3551/4492/3551 3553/4494/3553
f 1183/1361/1183 3542/4483/3542 3551/4492/3551 1184/1362/1184
f 1041/1183/1041 1042/1184/1042 3553/4495/3553 3552/4496/3552
f 1043/1185/1043 1187/4497/1187 3553/4495/3553 1042/1184/1042
f 3554/4498/3554 1041/1183/1041 3552/4496/3552 3555/4499/3555
f 3549/4500/3549 3555/4499/3555 3552/4496/3552 3550/4501/3550
f 940/1062/940 939/1061/939 3554/4498/3554 964/1089/964
f 1037/1179/1037 1041/1183/1041 3554/4498/3554 939/1061/939
f 963/1086/963 964/1089/964 3554/4498/3554 3555/4499/3555
f 3556/4502/3556 963/1086/963 3555/4499/3555 3549/4500/3549
f 865/1087/865 963/1086/963 3556/4502/3556 880/4503/880
f 3547/4504/3547 3557/4505/3557 3556/4502/3556 3549/4500/3549
f 3558/4506/3558 880/4503/880 3556/4502/3556 3557/4505/3557
f 861/964/861 880/989/880 3558/4507/3558 877/986/877
f 1203/4508/1203 1204/4509/1204 3558/4506/3558 3557/4505/3557
f 1139/1299/1139 877/986/877 3558/4507/3558 1204/4510/1204
f 1200/1380/1200 1203/1383/1203 3557/4511/3557 3547/4488/3547
f 1205/1386/1205 1201/1381/1201 3546/4487/3546 1246/1443/1246
f 1247/1444/1247 1246/1443/1246 3529/4459/3529 3527/4453/3527
f 1305/1506/1305 1247/1444/1247 3527/4453/3527 1303/1504/1303
f 3502/4413/3502 1239/1435/1239 3513/4428/3513 3509/4424/3509
f 1226/1419/1226 1227/1418/1227 3513/4452/3513 1239/4512/1239
f 1647/1941/1647 1642/1936/1642 1678/1979/1678 1673/1972/1673
f 1650/1944/1650 1664/1958/1664 1676/1977/1676 1653/1947/1653
f 1661/1955/1661 1653/1947/1653 1676/1977/1676 1657/1951/1657
f 1322/1530/1322 1667/1974/1667 1675/4513/1675 1319/1531/1319
f 1648/1942/1648 1647/1941/1647 1667/1974/1667 1322/1530/1322
f 1654/1948/1654 1653/1947/1653 1661/1955/1661 1662/1956/1662
f 3559/4514/3559 1643/1937/1643 1648/1942/1648 3560/4515/3560
f 1321/1529/1321 3560/4515/3560 1648/1942/1648 1322/1530/1322
f 3559/4514/3559 3497/4408/3497 1646/1940/1646 1643/1937/1643
f 1295/1496/1295 1301/1502/1301 1638/4516/1638 1606/1887/1606
f 3561/4517/3561 1612/1894/1612 1614/1898/1614 3562/4518/3562
f 3563/4519/3563 3564/4520/3564 1614/1898/1614 1615/1899/1615
f 3565/4521/3565 3562/4518/3562 1614/1898/1614 3564/4520/3564
f 3566/4522/3566 3562/4518/3562 3565/4521/3565 3567/4523/3567
f 1177/1353/1177 1176/1352/1176 3565/4524/3565 3564/4525/3564
f 3568/4526/3568 3567/4527/3567 3565/4524/3565 1176/1352/1176
f 1152/1322/1152 3567/4527/3567 3568/4526/3568 1144/1308/1144
f 1178/1354/1178 3569/4528/3569 3568/4526/3568 1176/1352/1176
f 1103/1309/1103 1144/1308/1144 3568/4526/3568 3569/4528/3569
f 1086/1242/1086 1085/1241/1085 3569/4528/3569 1178/1354/1178
f 1104/4529/1104 1103/1309/1103 3569/4528/3569 1085/1241/1085
f 1112/1272/1112 1113/1273/1113 3566/4522/3566 1151/1317/1151
f 3561/4517/3561 3562/4518/3562 3566/4522/3566 1113/1273/1113
f 1152/1318/1152 1151/1317/1151 3566/4522/3566 3567/4523/3567
f 1179/1355/1179 1177/1353/1177 3564/4525/3564 3563/4530/3563
f 1310/1513/1310 1309/1512/1309 3563/4519/3563 1615/1899/1615
f 1207/1389/1207 1179/1388/1179 3563/4519/3563 1309/1512/1309
f 1114/1274/1114 3570/4531/3570 3561/4517/3561 1113/1273/1113
f 1610/1891/1610 1612/1894/1612 3561/4517/3561 3570/4531/3570
f 1122/4532/1122 3571/4533/3571 3570/4531/3570 1114/1274/1114
f 3572/4534/3572 1610/1891/1610 3570/4531/3570 3571/4533/3571
f 3573/4535/3573 3574/4536/3574 3572/4537/3572 3571/4538/3571
f 3575/4539/3575 1181/1357/1181 3572/4537/3572 3574/4536/3574
f 1182/1892/1182 1610/1891/1610 3572/4534/3572 1181/4540/1181
f 1079/1230/1079 1076/1226/1076 3575/4539/3575 3574/4536/3574
f 1075/1225/1075 3576/4541/3576 3575/4539/3575 1076/1226/1076
f 1180/1358/1180 1181/1357/1181 3575/4539/3575 3576/4541/3576
f 1021/1161/1021 1018/1158/1018 3576/4542/3576 1075/4543/1075
f 1017/1157/1017 1180/1356/1180 3576/4542/3576 1018/1158/1018
f 3577/4544/3577 1079/1230/1079 3574/4536/3574 3573/4535/3573
f 3578/4545/3578 3579/4546/3579 3577/4544/3577 1120/1280/1120
f 1078/1229/1078 1079/1230/1079 3577/4544/3577 3579/4546/3579
f 1121/1281/1121 1120/1280/1120 3577/4544/3577 3573/4535/3573
f 958/1126/958 959/4547/959 3579/4546/3579 3578/4545/3578
f 962/1228/962 1078/1229/1078 3579/4546/3579 959/4547/959
f 989/1122/989 958/1126/958 3578/4545/3578 1012/1152/1012
f 1015/1155/1015 1012/1152/1012 3578/4545/3578 1120/1280/1120
f 1122/4532/1122 1121/4548/1121 3573/4549/3573 3571/4533/3571
f 1587/1865/1587 1590/1868/1590 1604/1885/1604 3580/4550/3580
f 1577/1855/1577 3580/4550/3580 1604/1885/1604 1578/1856/1578
f 1409/1629/1409 1587/1865/1587 3580/4550/3580 3581/4551/3581
f 1576/1854/1576 3581/4551/3581 3580/4550/3580 1577/1855/1577
f 1410/1630/1410 1409/1629/1409 3581/4551/3581 3582/4552/3582
f 1548/1824/1548 3582/4552/3582 3581/4551/3581 1576/1854/1576
f 1415/1635/1415 1534/1808/1534 1588/1866/1588 1412/1632/1412
f 1409/1629/1409 1412/1632/1412 1588/1866/1588 1587/1865/1587
f 1395/1615/1395 1394/1614/1394 1408/1628/1408 1584/1862/1584
f 1402/1622/1402 1568/1846/1568 1583/1861/1583 1585/1863/1585
f 1547/1823/1547 1548/1824/1548 1576/1854/1576 1562/1840/1562
f 1418/4553/1418 1417/3786/1417 1572/1850/1572 1571/1849/1571
f 1555/1832/1555 1554/1831/1554 1571/1849/1571 1569/1847/1569
f 1539/1830/1539 1418/4553/1418 1571/1849/1571 1554/1831/1554
f 1540/1816/1540 1555/1832/1555 1569/1847/1569 1543/1819/1543
f 1549/1825/1549 1547/1823/1547 1562/1840/1562 1564/1842/1564
f 1527/1798/1527 1528/1801/1528 1555/1832/1555 1540/1816/1540
f 1574/1852/1574 1553/1829/1553 1552/1828/1552 1570/1848/1570
f 1516/1784/1516 1526/1799/1526 1527/1798/1527 1513/1781/1513
f 1521/1790/1521 1526/1797/1526 1516/4554/1516 1515/1787/1515
f 1424/1644/1424 1423/1643/1423 1505/1767/1505 1474/1713/1474
f 1426/1646/1426 1433/1653/1433 1505/1767/1505 1423/1643/1423
f 1485/4555/1485 1495/1778/1495 1503/1765/1503 1500/1756/1500
f 1498/4556/1498 1485/4555/1485 1500/1756/1500 1499/1755/1499
f 1450/1687/1450 1457/1686/1457 1459/1715/1459 1447/1719/1447
f 1429/1649/1429 3583/4557/3583 1461/1692/1461 1462/1695/1462
f 1440/1660/1440 1435/1663/1435 1461/1692/1461 3583/4557/3583
f 1434/1654/1434 1449/1675/1449 1461/4558/1461 1435/1655/1435
f 1431/1651/1431 1445/1669/1445 3583/4557/3583 1429/1649/1429
f 1441/4559/1441 1440/1660/1440 3583/4557/3583 1445/1669/1445
f 1444/1668/1444 1443/1667/1443 1454/1680/1454 1451/1677/1451
f 1447/4560/1447 1444/1668/1444 1451/1677/1451 1450/1676/1450
f 1421/1641/1421 1424/1644/1424 1427/1647/1427 1422/1642/1422
f 1374/1594/1374 1389/1609/1389 1388/1608/1388 1371/1591/1371
f 1356/4561/1356 1355/4562/1355 1364/1581/1364 1363/1580/1363
f 1354/4563/1354 3584/4564/3584 1364/1581/1364 1355/4562/1355
f 3313/4087/3313 1361/1578/1361 1364/1581/1364 3584/4564/3584
f 1357/1588/1357 1356/4561/1356 1363/1580/1363 1362/1579/1362
f 1343/1556/1343 1342/1555/1342 1354/4563/1354 1348/1561/1348
f 3585/4565/3585 3584/4564/3584 1354/4563/1354 1342/1555/1342
f 1345/1558/1345 3586/4566/3586 3585/4565/3585 1342/1555/1342
f 1347/1560/1347 1346/1559/1346 3585/4565/3585 3586/4566/3586
f 3584/4564/3584 3585/4565/3585 1339/4088/1339 3313/4087/3313
f 1346/4567/1346 1334/1547/1334 1339/1552/1339 3585/4568/3585
f 3499/4410/3499 3560/4515/3560 1321/1529/1321 1320/1528/1320
f 1208/4569/1208 1311/1515/1311 1313/4570/1313 3587/4571/3587
f 3588/4572/3588 3589/4573/3589 1313/1518/1313 1243/1439/1243
f 3590/4574/3590 3587/4575/3587 1313/1518/1313 3589/4573/3589
f 1166/1337/1166 3587/4576/3587 3590/4577/3590 1159/1329/1159
f 1155/1323/1155 1157/1326/1157 3590/4574/3590 3589/4573/3589
f 1160/1330/1160 1159/1329/1159 3590/4577/3590 1157/4578/1157
f 3591/4579/3591 1155/1323/1155 3589/4573/3589 3588/4572/3588
f 3592/4580/3592 95/110/95 3591/4579/3591 3588/4572/3588
f 96/111/96 3593/4581/3593 3591/4579/3591 95/110/95
f 1156/1324/1156 1155/1323/1155 3591/4579/3591 3593/4581/3593
f 3594/4582/3594 3595/4583/3595 3593/4581/3593 96/111/96
f 1158/1327/1158 1156/1324/1156 3593/4581/3593 3595/4583/3595
f 3596/4584/3596 3597/4585/3597 3595/4586/3595 3594/4587/3594
f 3598/4588/3598 1158/4589/1158 3595/4590/3595 3597/4591/3597
f 3599/4592/3599 3600/4593/3600 3598/4594/3598 3597/4585/3597
f 1110/1270/1110 1111/1269/1111 3598/4588/3598 3600/4595/3600
f 1154/1320/1154 1158/4589/1158 3598/4588/3598 1111/1269/1111
f 812/902/812 928/1048/928 3599/4592/3599 3601/4596/3601
f 929/1049/929 3600/4593/3600 3599/4592/3599 928/1048/928
f 3596/4584/3596 3601/4596/3601 3599/4592/3599 3597/4585/3597
f 811/901/811 812/902/812 3601/4596/3601 3602/4597/3602
f 3603/4598/3603 3602/4597/3602 3601/4596/3601 3596/4584/3596
f 3604/4599/3604 3602/4597/3602 3603/4598/3603 3605/4600/3605
f 3594/4587/3594 1101/4601/1101 3603/4598/3603 3596/4584/3596
f 1102/4602/1102 3605/4600/3605 3603/4598/3603 1101/4601/1101
f 801/891/801 810/900/810 3604/4599/3604 3606/4603/3606
f 811/901/811 3602/4597/3602 3604/4599/3604 810/900/810
f 3607/4604/3607 3606/4603/3606 3604/4599/3604 3605/4600/3605
f 1102/4602/1102 3608/4605/3608 3607/4604/3607 3605/4600/3605
f 3609/4606/3609 3610/4607/3610 3607/4604/3607 3608/4605/3608
f 3611/4608/3611 3606/4603/3606 3607/4604/3607 3610/4607/3610
f 808/898/808 802/892/802 3611/4608/3611 3612/4609/3612
f 801/891/801 3606/4603/3606 3611/4608/3611 802/892/802
f 788/4610/788 3612/4609/3612 3611/4608/3611 3610/4607/3610
f 823/913/823 808/898/808 3612/4609/3612 792/882/792
f 785/879/785 792/882/792 3612/4609/3612 788/4610/788
f 787/4611/787 788/4610/788 3610/4607/3610 3609/4606/3609
f 3613/4612/3613 3614/4613/3614 3609/4614/3609 3608/4615/3608
f 3615/4616/3615 787/875/787 3609/4617/3609 3614/4618/3614
f 3616/4619/3616 3617/4620/3617 3615/4616/3615 3614/4618/3614
f 3618/4621/3618 3619/4622/3619 3615/4616/3615 3617/4620/3617
f 786/874/786 787/875/787 3615/4616/3615 3619/4622/3619
f 3620/4623/3620 3621/4624/3621 3619/4622/3619 3618/4621/3618
f 783/871/783 786/874/786 3619/4622/3619 3621/4624/3621
f 3622/4625/3622 765/4626/765 3621/4624/3621 3620/4623/3620
f 762/4627/762 783/871/783 3621/4624/3621 765/4626/765
f 3623/4628/3623 3624/4629/3624 3622/4625/3622 3620/4623/3620
f 774/862/774 775/863/775 3622/4630/3622 3624/4631/3624
f 766/854/766 765/853/765 3622/4630/3622 775/863/775
f 3625/4632/3625 3626/4633/3626 3624/4629/3624 3623/4628/3623
f 3627/4634/3627 774/4635/774 3624/4629/3624 3626/4633/3626
f 3628/4636/3628 3629/4637/3629 3627/4638/3627 3626/4639/3626
f 3630/4640/3630 3631/4641/3631 3627/4638/3627 3629/4637/3629
f 773/861/773 774/862/774 3627/4638/3627 3631/4641/3631
f 3632/4642/3632 3633/4643/3633 3631/4641/3631 3630/4640/3630
f 771/859/771 773/861/773 3631/4641/3631 3633/4643/3633
f 850/947/850 853/950/853 3633/4643/3633 3632/4642/3632
f 3634/4644/3634 771/859/771 3633/4643/3633 853/950/853
f 1008/1148/1008 768/856/768 3634/4644/3634 1022/1162/1022
f 767/855/767 771/859/771 3634/4644/3634 768/856/768
f 852/949/852 1022/1162/1022 3634/4644/3634 853/950/853
f 3635/4645/3635 3636/4646/3636 3632/4642/3632 3630/4640/3630
f 847/944/847 850/947/850 3632/4642/3632 3636/4646/3636
f 738/4647/738 3637/4648/3637 3636/4646/3636 3635/4645/3635
f 926/1046/926 847/944/847 3636/4646/3636 3637/4648/3637
f 739/826/739 972/1099/972 3637/4649/3637 738/825/738
f 933/1053/933 926/1046/926 3637/4648/3637 972/4650/972
f 3629/4637/3629 3638/4651/3638 3635/4645/3635 3630/4640/3630
f 737/4652/737 738/4647/738 3635/4645/3635 3638/4651/3638
f 3628/4636/3628 3639/4653/3639 3638/4651/3638 3629/4637/3629
f 736/823/736 737/824/737 3638/4654/3638 3639/4655/3639
f 3640/4656/3640 3641/4657/3641 3639/4655/3639 3628/4658/3628
f 3642/4659/3642 736/823/736 3639/4655/3639 3641/4657/3641
f 3643/4660/3643 3644/4661/3644 3642/4659/3642 3641/4657/3641
f 714/799/714 3645/4662/3645 3642/4659/3642 3644/4661/3644
f 733/820/733 736/823/736 3642/4659/3642 3645/4662/3645
f 717/802/717 703/788/703 3645/4662/3645 714/799/714
f 706/791/706 733/820/733 3645/4662/3645 703/788/703
f 3646/4663/3646 3647/4664/3647 3644/4661/3644 3643/4660/3643
f 715/800/715 714/799/714 3644/4661/3644 3647/4664/3647
f 982/1110/982 3648/4665/3648 3647/4664/3647 3646/4663/3646
f 720/805/720 715/800/715 3647/4664/3647 3648/4665/3648
f 983/1111/983 3649/4666/3649 3648/4665/3648 982/1110/982
f 3650/4667/3650 720/805/720 3648/4665/3648 3649/4666/3649
f 760/848/760 730/817/730 3650/4667/3650 3649/4666/3649
f 731/818/731 3651/4668/3651 3650/4667/3650 730/817/730
f 719/804/719 720/805/720 3650/4667/3650 3651/4668/3651
f 3652/4669/3652 3653/4670/3653 3651/4668/3651 731/818/731
f 718/803/718 719/804/719 3651/4668/3651 3653/4670/3653
f 750/837/750 707/792/707 3653/4670/3653 3652/4669/3652
f 704/789/704 718/803/718 3653/4670/3653 707/792/707
f 693/838/693 750/837/750 3652/4669/3652 667/748/667
f 668/749/668 667/748/667 3652/4669/3652 731/818/731
f 988/1120/988 760/848/760 3649/4666/3649 983/1111/983
f 981/1109/981 982/1110/982 3646/4663/3646 953/1076/953
f 952/1075/952 953/1076/953 3646/4663/3646 3643/4660/3643
f 3640/4656/3640 952/1075/952 3643/4660/3643 3641/4657/3641
f 949/1072/949 952/1075/952 3640/4656/3640 3625/4632/3625
f 3626/4633/3626 3625/4632/3625 3640/4656/3640 3628/4658/3628
f 946/1069/946 949/1072/949 3625/4632/3625 3623/4628/3623
f 3618/4621/3618 946/1069/946 3623/4628/3623 3620/4623/3620
f 947/1070/947 946/1069/946 3618/4621/3618 3617/4620/3617
f 950/1073/950 947/1070/947 3617/4620/3617 3616/4619/3616
f 3613/4612/3613 3654/4671/3654 3616/4672/3616 3614/4613/3614
f 1088/1244/1088 950/1247/950 3616/4672/3616 3654/4671/3654
f 90/4673/90 1104/4529/1104 3654/4671/3654 3613/4612/3613
f 1085/1241/1085 1088/1244/1088 3654/4671/3654 1104/4529/1104
f 1102/4602/1102 90/4674/90 3613/4675/3613 3608/4605/3608
f 91/106/91 1101/1259/1101 3594/4582/3594 96/111/96
f 1243/1439/1243 1168/1340/1168 3592/4580/3592 3588/4572/3588
f 1163/1334/1163 99/114/99 3592/4580/3592 1168/1340/1168
f 94/109/94 95/110/95 3592/4580/3592 99/114/99
f 1167/1338/1167 1208/1392/1208 3587/4576/3587 1166/1337/1166
f 1208/4569/1208 1207/1389/1207 1309/1512/1309 1311/1515/1311
f 1118/1278/1118 1261/1459/1261 1306/1509/1306 3655/4676/3655
f 1283/1484/1283 3655/4676/3655 1306/1509/1306 1284/1485/1284
f 1033/1175/1033 1118/1278/1118 3655/4676/3655 1034/1176/1034
f 1035/1177/1035 1034/1176/1034 3655/4676/3655 1283/1484/1283
f 1300/4677/1300 3656/4678/3656 1308/4679/1308 1297/4680/1297
f 1132/4681/1132 1133/4682/1133 1307/1510/1307 1260/1458/1260
f 3657/4683/3657 1298/1507/1298 1307/1510/1307 1133/4682/1133
f 3658/4684/3658 1298/1499/1298 3657/4685/3657 3659/4686/3659
f 1130/1290/1130 3660/4687/3660 3657/4688/3657 1133/1293/1133
f 3661/4689/3661 3659/4686/3659 3657/4685/3657 3660/4690/3660
f 3662/4691/3662 3659/4686/3659 3661/4689/3661 3663/4692/3663
f 3664/4693/3664 3665/4694/3665 3661/4689/3661 3660/4690/3660
f 3666/4695/3666 3663/4692/3663 3661/4689/3661 3665/4694/3665
f 3667/4696/3667 3663/4692/3663 3666/4695/3666 3668/4697/3668
f 3669/4698/3669 3670/4699/3670 3666/4695/3666 3665/4694/3665
f 3671/4700/3671 3668/4697/3668 3666/4695/3666 3670/4699/3670
f 3672/4701/3672 3668/4697/3668 3671/4700/3671 3673/4702/3673
f 121/140/121 120/139/120 3671/4703/3671 3670/4704/3670
f 3674/4705/3674 3673/4706/3673 3671/4703/3671 120/139/120
f 111/4707/111 3673/4706/3673 3674/4705/3674 3675/4708/3675
f 122/141/122 3676/4709/3676 3674/4705/3674 120/139/120
f 115/134/115 3675/4708/3675 3674/4705/3674 3676/4709/3676
f 1198/1378/1198 3677/4710/3677 3676/4709/3676 122/141/122
f 114/133/114 115/134/115 3676/4709/3676 3677/4710/3677
f 1199/1379/1199 3678/4711/3678 3677/4710/3677 1198/1378/1198
f 3679/4712/3679 114/133/114 3677/4710/3677 3678/4711/3678
f 113/132/113 114/133/114 3679/4712/3679 3680/4713/3680
f 3681/4714/3681 3682/4715/3682 3679/4712/3679 3678/4711/3678
f 3683/4716/3683 3680/4713/3680 3679/4712/3679 3682/4715/3682
f 3684/4717/3684 3685/4718/3685 3682/4715/3682 3681/4714/3681
f 3686/4719/3686 3683/4716/3683 3682/4715/3682 3685/4718/3685
f 3687/4720/3687 3688/4721/3688 3685/4718/3685 3684/4717/3684
f 3689/4722/3689 3686/4719/3686 3685/4718/3685 3688/4721/3688
f 3690/4723/3690 3691/4724/3691 3688/4725/3688 3687/4726/3687
f 3692/4727/3692 3689/4722/3689 3688/4721/3688 3691/4728/3691
f 3693/4729/3693 3694/4730/3694 3691/4724/3691 3690/4723/3690
f 3695/4731/3695 3692/4732/3692 3691/4724/3691 3694/4730/3694
f 3696/4733/3696 3692/4732/3692 3695/4731/3695 3697/4734/3697
f 3698/4735/3698 3699/4736/3699 3695/4731/3695 3694/4730/3694
f 3700/4737/3700 3697/4734/3697 3695/4731/3695 3699/4736/3699
f 3701/4738/3701 3697/4734/3697 3700/4737/3700 3702/4739/3702
f 107/130/107 106/4740/106 3700/4737/3700 3699/4736/3699
f 3703/4741/3703 3702/4739/3702 3700/4737/3700 106/4740/106
f 104/119/104 3702/4739/3702 3703/4741/3703 3704/4742/3704
f 109/126/109 3705/4743/3705 3703/4744/3703 106/123/106
f 100/115/100 3704/4745/3704 3703/4744/3703 3705/4743/3705
f 112/131/112 3706/4746/3706 3705/4743/3705 109/126/109
f 101/116/101 100/115/100 3705/4743/3705 3706/4746/3706
f 3707/4747/3707 3708/4748/3708 3701/4738/3701 105/122/105
f 3696/4733/3696 3697/4734/3697 3701/4738/3701 3708/4748/3708
f 104/119/104 105/122/105 3701/4738/3701 3702/4739/3702
f 110/127/110 107/130/107 3699/4736/3699 3698/4735/3698
f 3693/4729/3693 3709/4749/3709 3698/4735/3698 3694/4730/3694
f 3672/4701/3672 110/127/110 3698/4735/3698 3709/4749/3709
f 3710/4750/3710 3667/4696/3667 3709/4749/3709 3693/4729/3693
f 3668/4697/3668 3672/4701/3672 3709/4749/3709 3667/4696/3667
f 3690/4723/3690 3711/4751/3711 3710/4750/3710 3693/4729/3693
f 3712/4752/3712 3662/4691/3662 3710/4750/3710 3711/4751/3711
f 3663/4692/3663 3667/4696/3667 3710/4750/3710 3662/4691/3662
f 3687/4726/3687 3713/4753/3713 3711/4751/3711 3690/4723/3690
f 1299/1500/1299 3712/4752/3712 3711/4751/3711 3713/4753/3713
f 3684/4717/3684 3714/4754/3714 3713/4755/3713 3687/4720/3687
f 1300/4677/1300 1299/4756/1299 3713/4755/3713 3714/4754/3714
f 3681/4714/3681 3715/4757/3715 3714/4754/3714 3684/4717/3684
f 3656/4678/3656 1300/4677/1300 3714/4754/3714 3715/4757/3715
f 1199/1379/1199 3715/4757/3715 3681/4714/3681 3678/4711/3678
f 112/131/112 113/132/113 3680/4713/3680 3716/4758/3716
f 3717/4759/3717 3716/4758/3716 3680/4713/3680 3683/4716/3683
f 3706/4746/3706 112/131/112 3716/4758/3716 3718/4760/3718
f 3719/4761/3719 3718/4760/3718 3716/4758/3716 3717/4759/3717
f 111/128/111 110/127/110 3672/4701/3672 3673/4702/3673
f 123/1237/123 121/4762/121 3670/4699/3670 3669/4698/3669
f 3664/4693/3664 3720/4763/3720 3669/4698/3669 3665/4694/3665
f 1083/1238/1083 123/1237/123 3669/4698/3669 3720/4763/3720
f 1129/1289/1129 3721/4764/3721 3720/4765/3720 3664/4766/3664
f 1080/1231/1080 1083/1234/1083 3720/4765/3720 3721/4764/3721
f 3722/4767/3722 1080/1231/1080 3721/4764/3721 3723/4768/3723
f 1128/1288/1128 3723/4768/3723 3721/4764/3721 1129/1289/1129
f 674/811/674 757/4769/757 3722/4767/3722 724/810/724
f 1081/1232/1081 1080/1231/1080 3722/4767/3722 757/4769/757
f 742/829/742 724/810/724 3722/4767/3722 3723/4768/3723
f 1127/1287/1127 742/829/742 3723/4768/3723 1128/1288/1128
f 1130/1290/1130 1129/1289/1129 3664/4766/3664 3660/4687/3660
f 3658/4684/3658 3659/4686/3659 3662/4691/3662 3712/4752/3712
f 1272/1470/1272 1274/1472/1274 1301/1930/1301 1302/4447/1302
f 52/60/52 1268/1466/1268 1291/1492/1291 49/57/49
f 986/1116/986 985/1119/985 1290/1491/1290 1264/1462/1264
f 1222/1410/1222 1220/1412/1220 1277/1475/1277 1276/1474/1276
f 86/101/86 87/102/87 1270/1468/1270 1269/1467/1269
f 1253/1451/1253 1254/1452/1254 1270/1468/1270 87/102/87
f 3724/4770/3724 986/1116/986 1264/1462/1264 1262/1460/1262
f 1082/1235/1082 3725/4771/3725 3724/4770/3724 1084/1236/1084
f 987/1117/987 986/1116/986 3724/4770/3724 3725/4771/3725
f 1196/1376/1196 1084/1236/1084 3724/4770/3724 1262/1460/1262
f 1081/4772/1081 3726/4773/3726 3725/4771/3725 1082/1235/1082
f 988/4774/988 987/1117/987 3725/4771/3725 3726/4773/3726
f 760/848/760 988/1120/988 3726/4775/3726 759/847/759
f 757/4769/757 759/4776/759 3726/4777/3726 1081/1232/1081
f 1170/4778/1170 1132/4681/1132 1260/1458/1260 1257/1455/1257
f 3727/4779/3727 1170/4778/1170 1257/1455/1257 1256/1454/1256
f 3728/4780/3728 3729/4781/3729 3727/4779/3727 1256/1454/1256
f 3730/4782/3730 3731/4783/3731 3727/4784/3727 3729/4785/3729
f 1169/1341/1169 1170/1342/1170 3727/4784/3727 3731/4783/3731
f 3732/4786/3732 3733/4787/3733 3731/4783/3731 3730/4782/3730
f 3734/4788/3734 1169/1341/1169 3731/4783/3731 3733/4787/3733
f 158/4789/158 3735/4790/3735 3734/4788/3734 3733/4787/3733
f 873/981/873 872/980/872 3734/4788/3734 3735/4790/3735
f 1131/1291/1131 1169/1341/1169 3734/4788/3734 872/980/872
f 157/181/157 3736/4791/3736 3735/4792/3735 158/182/158
f 874/4793/874 873/4794/873 3735/4792/3735 3736/4791/3736
f 3737/4795/3737 3738/4796/3738 3736/4791/3736 157/181/157
f 3739/4797/3739 874/4793/874 3736/4791/3736 3738/4796/3738
f 3740/4798/3740 3741/4799/3741 3739/4797/3739 3738/4796/3738
f 3742/4800/3742 3743/4801/3743 3739/4802/3739 3741/4803/3741
f 871/979/871 874/982/874 3739/4802/3739 3743/4801/3743
f 702/787/702 697/782/697 3743/4801/3743 3742/4800/3742
f 696/781/696 871/979/871 3743/4801/3743 697/782/697
f 3744/4804/3744 3745/4805/3745 3742/4800/3742 3741/4803/3741
f 3746/4806/3746 702/787/702 3742/4800/3742 3745/4805/3745
f 3747/4807/3747 3748/4808/3748 3746/4806/3746 3745/4805/3745
f 3749/4809/3749 3750/4810/3750 3746/4806/3746 3748/4808/3748
f 701/786/701 702/787/702 3746/4806/3746 3750/4810/3750
f 3751/4811/3751 3752/4812/3752 3750/4810/3750 3749/4809/3749
f 700/785/700 701/786/701 3750/4810/3750 3752/4812/3752
f 3753/4813/3753 3754/4814/3754 3752/4812/3752 3751/4811/3751
f 3755/4815/3755 700/785/700 3752/4812/3752 3754/4814/3754
f 699/784/699 700/785/700 3755/4815/3755 3756/4816/3756
f 690/775/690 675/759/675 3755/4815/3755 3754/4814/3754
f 678/762/678 3756/4816/3756 3755/4815/3755 675/759/675
f 679/763/679 868/974/868 3756/4816/3756 678/762/678
f 696/781/696 699/784/699 3756/4816/3756 868/974/868
f 689/774/689 690/775/690 3754/4814/3754 3753/4813/3753
f 3757/4817/3757 3758/4818/3758 3753/4813/3753 3751/4811/3751
f 686/771/686 689/774/689 3753/4813/3753 3758/4818/3758
f 3759/4819/3759 748/835/748 3758/4818/3758 3757/4817/3757
f 726/813/726 686/771/686 3758/4818/3758 748/835/748
f 3760/4820/3760 3761/4821/3761 3759/4819/3759 3757/4817/3757
f 3762/4822/3762 3763/4823/3763 3759/4819/3759 3761/4821/3761
f 747/834/747 748/835/748 3759/4819/3759 3763/4823/3763
f 3764/4824/3764 3765/4825/3765 3763/4823/3763 3762/4822/3762
f 745/832/745 747/834/747 3763/4823/3763 3765/4825/3765
f 776/864/776 779/867/779 3765/4825/3765 3764/4824/3764
f 780/868/780 745/832/745 3765/4825/3765 779/867/779
f 3766/4826/3766 3767/4827/3767 3764/4824/3764 3762/4822/3762
f 3768/4828/3768 776/864/776 3764/4824/3764 3767/4827/3767
f 3769/4829/3769 3770/4830/3770 3768/4831/3768 3767/4832/3767
f 3771/4833/3771 3772/4834/3772 3768/4828/3768 3770/4835/3770
f 777/865/777 776/864/776 3768/4828/3768 3772/4834/3772
f 3773/4836/3773 3774/4837/3774 3772/4834/3772 3771/4833/3771
f 782/870/782 777/865/777 3772/4834/3772 3774/4837/3774
f 3775/4838/3775 3776/4839/3776 3774/4837/3774 3773/4836/3773
f 3777/4840/3777 782/870/782 3774/4837/3774 3776/4839/3776
f 3778/4841/3778 3779/4842/3779 3777/4840/3777 3776/4839/3776
f 3780/4843/3780 3781/4844/3781 3777/4840/3777 3779/4842/3779
f 781/869/781 782/870/782 3777/4840/3777 3781/4844/3781
f 3782/4845/3782 3783/4846/3783 3781/4844/3781 3780/4843/3780
f 780/868/780 781/869/781 3781/4844/3781 3783/4846/3783
f 749/836/749 746/833/746 3783/4846/3783 3782/4845/3782
f 745/832/745 780/868/780 3783/4846/3783 746/833/746
f 3784/4847/3784 3785/4848/3785 3782/4845/3782 3780/4843/3780
f 3786/4849/3786 749/836/749 3782/4845/3782 3785/4848/3785
f 3787/4850/3787 3788/4851/3788 3786/4849/3786 3785/4848/3785
f 755/843/755 756/844/756 3786/4849/3786 3788/4851/3788
f 744/831/744 749/836/749 3786/4849/3786 756/844/756
f 3789/4852/3789 3790/4853/3790 3788/4851/3788 3787/4850/3787
f 754/842/754 755/843/755 3788/4851/3788 3790/4853/3790
f 3791/4854/3791 754/842/754 3790/4853/3790 3792/4855/3792
f 3793/4856/3793 3792/4855/3792 3790/4853/3790 3789/4852/3789
f 735/822/735 3792/4855/3792 3793/4856/3793 740/827/740
f 1023/1163/1023 935/1055/935 3793/4856/3793 3789/4852/3789
f 938/1058/938 740/827/740 3793/4856/3793 935/1055/935
f 3794/4857/3794 3795/4858/3795 3791/4854/3791 734/821/734
f 753/841/753 754/842/754 3791/4854/3791 3795/4858/3795
f 735/822/735 734/821/734 3791/4854/3791 3792/4855/3792
f 721/806/721 3796/4859/3796 3795/4858/3795 3794/4857/3794
f 752/840/752 753/841/753 3795/4858/3795 3796/4859/3796
f 398/452/398 397/451/397 3796/4859/3796 721/806/721
f 709/794/709 752/840/752 3796/4859/3796 397/451/397
f 711/796/711 721/806/721 3794/4857/3794 712/797/712
f 713/798/713 712/797/712 3794/4857/3794 734/821/734
f 1024/1165/1024 1023/1163/1023 3789/4852/3789 3787/4850/3787
f 3784/4847/3784 1024/1165/1024 3787/4850/3787 3785/4848/3785
f 3779/4842/3779 3797/4860/3797 3784/4847/3784 3780/4843/3780
f 1025/1166/1025 1024/1165/1024 3784/4847/3784 3797/4860/3797
f 3778/4841/3778 3798/4861/3798 3797/4860/3797 3779/4842/3779
f 1028/1169/1028 1025/1166/1025 3797/4860/3797 3798/4861/3798
f 3799/4862/3799 1134/1294/1134 3798/4861/3798 3778/4841/3778
f 1137/1297/1137 1028/1169/1028 3798/4861/3798 1134/1294/1134
f 3800/4863/3800 3801/4864/3801 3799/4865/3799 3775/4866/3775
f 1135/1301/1135 1134/4867/1134 3799/4865/3799 3801/4864/3801
f 3776/4839/3776 3775/4838/3775 3799/4862/3799 3778/4841/3778
f 3802/4868/3802 3803/4869/3803 3801/4864/3801 3800/4863/3800
f 1138/1298/1138 1135/1301/1135 3801/4864/3801 3803/4869/3803
f 3804/4870/3804 879/988/879 3803/4869/3803 3802/4868/3802
f 878/987/878 1138/1298/1138 3803/4869/3803 879/988/879
f 390/442/390 3805/4871/3805 3804/4870/3804 3806/4872/3806
f 876/985/876 879/988/879 3804/4870/3804 3805/4871/3805
f 3807/4873/3807 3806/4872/3806 3804/4870/3804 3802/4868/3802
f 3808/4874/3808 3806/4872/3806 3807/4873/3807 3809/4875/3809
f 3800/4863/3800 3810/4876/3810 3807/4873/3807 3802/4868/3802
f 3811/4877/3811 3809/4875/3809 3807/4873/3807 3810/4876/3810
f 3812/4878/3812 3809/4875/3809 3811/4877/3811 3813/4879/3813
f 3773/4880/3773 3771/4881/3771 3811/4877/3811 3810/4876/3810
f 3770/4830/3770 3813/4879/3813 3811/4877/3811 3771/4881/3771
f 3814/4882/3814 3815/4883/3815 3812/4878/3812 3816/4884/3816
f 3808/4874/3808 3809/4875/3809 3812/4878/3812 3815/4883/3815
f 3817/4885/3817 3816/4884/3816 3812/4878/3812 3813/4879/3813
f 839/932/839 3816/4884/3816 3817/4885/3817 3818/4886/3818
f 3770/4830/3770 3769/4829/3769 3817/4885/3817 3813/4879/3813
f 3819/4887/3819 3818/4886/3818 3817/4885/3817 3769/4829/3769
f 3820/4888/3820 3818/4886/3818 3819/4887/3819 3821/4889/3821
f 3767/4827/3767 3766/4826/3766 3819/4890/3819 3769/4891/3769
f 3822/4892/3822 3821/4889/3821 3819/4887/3819 3766/4893/3766
f 3823/4894/3823 3821/4889/3821 3822/4892/3822 3824/4895/3824
f 3762/4822/3762 3761/4821/3761 3822/4896/3822 3766/4826/3766
f 3760/4820/3760 3824/4897/3824 3822/4896/3822 3761/4821/3761
f 3825/4898/3825 3826/4899/3826 3823/4894/3823 3747/4900/3747
f 3820/4888/3820 3821/4889/3821 3823/4894/3823 3826/4899/3826
f 3748/4808/3748 3747/4807/3747 3823/4901/3823 3824/4897/3824
f 854/951/854 841/935/841 3826/4899/3826 3825/4898/3825
f 840/933/840 3820/4888/3820 3826/4899/3826 841/935/841
f 3827/4902/3827 854/951/854 3825/4898/3825 3744/4903/3744
f 3745/4805/3745 3744/4804/3744 3825/4904/3825 3747/4807/3747
f 3828/4905/3828 3829/4906/3829 3827/4902/3827 3740/4798/3740
f 831/922/831 854/951/854 3827/4902/3827 3829/4906/3829
f 3741/4799/3741 3740/4798/3740 3827/4902/3827 3744/4903/3744
f 3830/4907/3830 3831/4908/3831 3829/4906/3829 3828/4905/3828
f 832/923/832 831/922/831 3829/4906/3829 3831/4908/3831
f 3832/4909/3832 3833/4910/3833 3831/4911/3831 3830/4912/3830
f 835/926/835 832/929/832 3831/4911/3831 3833/4910/3833
f 143/4913/143 3834/4914/3834 3833/4910/3833 3832/4909/3832
f 3835/4915/3835 835/926/835 3833/4910/3833 3834/4914/3834
f 3836/4916/3836 3837/4917/3837 3835/4918/3835 3834/4919/3834
f 3838/4920/3838 3839/4921/3839 3835/4918/3835 3837/4917/3837
f 836/927/836 835/926/835 3835/4915/3835 3839/4922/3839
f 3840/4923/3840 3841/4924/3841 3839/4921/3839 3838/4920/3838
f 837/930/837 836/927/836 3839/4922/3839 3841/4925/3841
f 3842/4926/3842 3843/4927/3843 3841/4924/3841 3840/4923/3840
f 3844/4928/3844 837/930/837 3841/4925/3841 3843/4929/3843
f 387/4930/387 388/4931/388 3844/4928/3844 3843/4929/3843
f 3815/4883/3815 3814/4882/3814 3844/4932/3844 388/440/388
f 838/934/838 837/4933/837 3844/4932/3844 3814/4882/3814
f 384/436/384 387/439/387 3843/4927/3843 3842/4926/3842
f 134/153/134 136/155/136 3842/4926/3842 3840/4923/3840
f 138/157/138 384/436/384 3842/4926/3842 136/155/136
f 131/150/131 134/153/134 3840/4923/3840 3838/4920/3838
f 128/147/128 131/150/131 3838/4920/3838 3837/4917/3837
f 3845/4934/3845 128/147/128 3837/4917/3837 3836/4916/3836
f 393/448/393 150/172/150 3845/4934/3845 149/171/149
f 129/148/129 128/147/128 3845/4934/3845 150/172/150
f 146/168/146 149/171/149 3845/4934/3845 3836/4916/3836
f 143/165/143 146/168/146 3836/4916/3836 3834/4919/3834
f 144/4935/144 143/4913/143 3832/4909/3832 3846/4936/3846
f 3847/4937/3847 3846/4936/3846 3832/4909/3832 3830/4912/3830
f 155/177/155 3846/4936/3846 3847/4937/3847 156/178/156
f 3828/4905/3828 3737/4795/3737 3847/4938/3847 3830/4907/3830
f 157/181/157 156/184/156 3847/4938/3847 3737/4795/3737
f 147/4939/147 144/4935/144 3846/4936/3846 155/177/155
f 3738/4796/3738 3737/4795/3737 3828/4905/3828 3740/4798/3740
f 3749/4809/3749 3748/4808/3748 3824/4897/3824 3760/4820/3760
f 839/932/839 3818/4886/3818 3820/4888/3820 840/933/840
f 389/441/389 3808/4874/3808 3815/4883/3815 388/440/388
f 839/932/839 838/934/838 3814/4882/3814 3816/4884/3816
f 3775/4866/3775 3773/4880/3773 3810/4876/3810 3800/4863/3800
f 390/442/390 3806/4872/3806 3808/4874/3808 389/441/389
f 385/437/385 3848/4940/3848 3805/4871/3805 390/442/390
f 875/984/875 876/985/876 3805/4871/3805 3848/4940/3848
f 384/436/384 138/157/138 3848/4940/3848 385/437/385
f 139/160/139 875/4941/875 3848/4942/3848 138/4943/138
f 3751/4811/3751 3749/4809/3749 3760/4820/3760 3757/4817/3757
f 153/175/153 158/4944/158 3733/4945/3733 3732/4946/3732
f 3849/4947/3849 3850/4948/3850 3732/4786/3732 3730/4782/3730
f 154/176/154 153/175/153 3732/4946/3732 3850/4949/3850
f 3851/4950/3851 3852/4951/3852 3850/4949/3850 3849/4952/3849
f 3853/4953/3853 154/176/154 3850/4949/3850 3852/4951/3852
f 3854/4954/3854 3855/4955/3855 3853/4953/3853 3852/4951/3852
f 3856/4956/3856 932/1052/932 3853/4953/3853 3855/4955/3855
f 151/173/151 154/176/154 3853/4953/3853 932/1052/932
f 373/425/373 374/426/374 3856/4956/3856 3855/4955/3855
f 375/427/375 3857/4957/3857 3856/4956/3856 374/426/374
f 863/966/863 932/1052/932 3856/4956/3856 3857/4957/3857
f 3858/4958/3858 3859/4959/3859 3857/4957/3857 375/427/375
f 931/1051/931 863/966/863 3857/4957/3857 3859/4959/3859
f 382/434/382 3860/4960/3860 3859/4961/3859 3858/4962/3858
f 994/1132/994 931/1131/931 3859/4961/3859 3860/4960/3860
f 383/435/383 3861/4963/3861 3860/4960/3860 382/434/382
f 3862/4964/3862 994/1132/994 3860/4960/3860 3861/4963/3861
f 3863/4965/3863 3864/4966/3864 3862/4964/3862 3861/4963/3861
f 3865/4967/3865 3866/4968/3866 3862/4964/3862 3864/4966/3864
f 943/1133/943 994/1132/994 3862/4964/3862 3866/4968/3866
f 3728/4780/3728 3867/4969/3867 3866/4970/3866 3865/4971/3865
f 996/1136/996 943/1066/943 3866/4970/3866 3867/4969/3867
f 1256/1454/1256 1259/1457/1259 3867/4969/3867 3728/4780/3728
f 1146/1312/1146 996/1136/996 3867/4969/3867 1259/1457/1259
f 3868/4972/3868 3869/4973/3869 3865/4967/3865 3864/4966/3864
f 3729/4781/3729 3728/4780/3728 3865/4971/3865 3869/4974/3869
f 3851/4975/3851 3849/4976/3849 3869/4973/3869 3868/4972/3868
f 3730/4782/3730 3729/4785/3729 3869/4977/3869 3849/4947/3849
f 3863/4965/3863 3870/4978/3870 3868/4972/3868 3864/4966/3864
f 3871/4979/3871 3851/4975/3851 3868/4972/3868 3870/4978/3870
f 3872/4980/3872 3873/4981/3873 3871/4979/3871 3870/4978/3870
f 3874/4982/3874 3854/4954/3854 3871/4983/3871 3873/4984/3873
f 3852/4951/3852 3851/4950/3851 3871/4983/3871 3854/4954/3854
f 350/401/350 349/400/349 3874/4982/3874 3873/4984/3873
f 372/424/372 373/425/373 3874/4982/3874 349/400/349
f 3855/4955/3855 3854/4954/3854 3874/4982/3874 373/425/373
f 3875/4985/3875 350/4986/350 3873/4981/3873 3872/4980/3872
f 3876/4987/3876 3875/4985/3875 3872/4980/3872 3877/4988/3877
f 3863/4965/3863 3877/4988/3877 3872/4980/3872 3870/4978/3870
f 366/418/366 380/432/380 3876/4987/3876 365/417/365
f 3878/4989/3878 3875/4985/3875 3876/4987/3876 380/432/380
f 383/435/383 365/417/365 3876/4987/3876 3877/4988/3877
f 3861/4963/3861 383/435/383 3877/4988/3877 3863/4965/3863
f 376/428/376 3879/4990/3879 3858/4958/3858 375/427/375
f 362/414/362 382/434/382 3858/4962/3858 3879/4991/3879
f 377/429/377 3880/4992/3880 3879/4990/3879 376/428/376
f 361/413/361 362/414/362 3879/4991/3879 3880/4993/3880
f 3881/4994/3881 3882/4995/3882 3880/4992/3880 377/429/377
f 360/412/360 361/413/361 3880/4993/3880 3882/4996/3882
f 332/383/332 3883/4997/3883 3882/4995/3882 3881/4994/3881
f 334/385/334 360/412/360 3882/4996/3882 3883/4998/3883
f 325/376/325 324/4999/324 3883/4997/3883 332/383/332
f 323/370/323 334/385/334 3883/4998/3883 324/373/324
f 331/382/331 332/383/332 3881/4994/3881 3884/5000/3884
f 370/422/370 3884/5000/3884 3881/4994/3881 377/429/377
f 330/381/330 331/382/331 3884/5000/3884 3885/5001/3885
f 369/421/369 3885/5001/3885 3884/5000/3884 370/422/370
f 314/361/314 330/381/330 3885/5001/3885 3886/5002/3886
f 351/403/351 3886/5002/3886 3885/5001/3885 369/421/369
f 315/362/315 314/361/314 3886/5002/3886 335/5003/335
f 336/402/336 335/5003/335 3886/5002/3886 351/403/351
f 87/102/87 88/103/88 1252/1449/1252 1253/1451/1253
f 3887/5004/3887 3888/5005/3888 1252/1449/1252 88/103/88
f 3889/5006/3889 1229/1450/1229 1252/1449/1252 3888/5005/3888
f 1228/1421/1228 1229/1422/1229 3889/5007/3889 3890/5008/3890
f 3891/5009/3891 3892/5010/3892 3889/5006/3889 3888/5005/3888
f 3893/5011/3893 3890/5008/3890 3889/5007/3889 3892/5012/3892
f 82/95/82 3890/5008/3890 3893/5011/3893 59/69/59
f 3894/5013/3894 3895/5014/3895 3893/5011/3893 3892/5012/3892
f 60/70/60 59/69/59 3893/5011/3893 3895/5014/3895
f 66/5015/66 3896/5016/3896 3895/5014/3895 3894/5013/3894
f 3897/5017/3897 60/70/60 3895/5014/3895 3896/5016/3896
f 61/71/61 60/70/60 3897/5017/3897 3898/5018/3898
f 3899/5019/3899 3900/5020/3900 3897/5021/3897 3896/5022/3896
f 68/79/68 3898/5023/3898 3897/5021/3897 3900/5020/3900
f 69/5024/69 3899/5025/3899 3896/5016/3896 66/5015/66
f 3891/5009/3891 3901/5026/3901 3894/5027/3894 3892/5010/3892
f 67/78/67 66/77/66 3894/5027/3894 3901/5026/3901
f 63/73/63 65/76/65 3901/5026/3901 3891/5009/3891
f 3902/5028/3902 67/78/67 3901/5026/3901 65/76/65
f 3887/5004/3887 63/73/63 3891/5009/3891 3888/5005/3888
f 79/92/79 1228/1421/1228 3890/5008/3890 82/95/82
f 83/96/83 73/84/73 3887/5004/3887 88/103/88
f 64/74/64 63/73/63 3887/5004/3887 73/84/73
f 1241/4384/1241 3475/4367/3475 1231/1424/1231 1224/1427/1224
f 1255/1453/1255 1230/1425/1230 1231/1424/1231 3475/4367/3475
f 1210/1395/1210 1209/1394/1209 3487/4386/3487 1217/1402/1217
f 1136/1300/1136 1139/1299/1139 1204/4510/1204 1142/5029/1142
f 117/136/117 1197/1377/1197 1198/1378/1198 122/141/122
f 117/136/117 1084/1236/1084 1196/1376/1196 1197/1377/1197
f 960/1083/960 1009/1149/1009 1171/1343/1171 1017/1157/1017
f 1115/1275/1115 1161/1332/1161 1166/1337/1166 1159/1329/1159
f 1153/5030/1153 1145/1331/1145 1160/1330/1160 1157/4578/1157
f 1111/1269/1111 1112/1272/1112 1151/1317/1151 1154/1320/1154
f 995/1135/995 996/1136/996 1146/1312/1146 1046/1188/1046
f 1028/1169/1028 1137/1297/1137 1143/1306/1143 1027/1170/1027
f 878/987/878 877/986/877 1139/1299/1139 1138/1298/1138
f 870/976/870 1126/1286/1126 1131/1291/1131 872/980/872
f 722/807/722 742/829/742 1127/1287/1127 3903/5031/3903
f 3904/5032/3904 3903/5031/3903 1127/1287/1127 1124/1284/1124
f 660/739/660 3903/5031/3903 3904/5032/3904 666/746/666
f 1123/1283/1123 3905/5033/3905 3904/5032/3904 1124/1284/1124
f 685/770/685 666/746/666 3904/5032/3904 3905/5033/3905
f 869/975/869 3906/5034/3906 3905/5033/3905 1123/1283/1123
f 725/812/725 685/770/685 3905/5033/3905 3906/5034/3906
f 866/978/866 3907/5035/3907 3906/5034/3906 869/975/869
f 3908/5036/3908 725/812/725 3906/5034/3906 3907/5035/3907
f 683/767/683 725/812/725 3908/5036/3908 3909/5037/3909
f 680/764/680 657/736/657 3908/5038/3908 3907/5039/3907
f 658/737/658 3909/5040/3909 3908/5038/3908 657/736/657
f 663/768/663 683/767/683 3909/5037/3909 3910/5041/3910
f 646/722/646 3910/5042/3910 3909/5040/3909 658/737/658
f 664/743/664 663/742/663 3910/5043/3910 3911/5044/3911
f 649/726/649 3911/5045/3911 3910/5046/3910 646/5047/646
f 3912/5048/3912 664/743/664 3911/5044/3911 643/5049/643
f 644/720/644 643/719/643 3911/5045/3911 649/726/649
f 3913/5050/3913 3914/5051/3914 3912/5048/3912 3915/5052/3915
f 661/744/661 664/743/664 3912/5048/3912 3914/5051/3914
f 638/5053/638 3915/5052/3915 3912/5048/3912 643/5049/643
f 3916/5054/3916 3917/5055/3917 3914/5051/3914 3913/5050/3913
f 662/5056/662 661/744/661 3914/5051/3914 3917/5055/3917
f 632/708/632 630/706/630 3917/5055/3917 3916/5054/3916
f 629/705/629 662/5056/662 3917/5055/3917 630/706/630
f 3918/5057/3918 632/708/632 3916/5054/3916 3919/5058/3919
f 634/710/634 3919/5058/3919 3916/5054/3916 3913/5050/3913
f 618/694/618 3920/5059/3920 3918/5057/3918 623/699/623
f 611/687/611 632/708/632 3918/5057/3918 3920/5059/3920
f 3921/5060/3921 623/699/623 3918/5057/3918 3919/5058/3919
f 622/698/622 623/699/623 3921/5060/3921 3922/5061/3922
f 634/710/634 624/700/624 3921/5060/3921 3919/5058/3919
f 627/703/627 3922/5061/3922 3921/5060/3921 624/700/624
f 621/697/621 622/698/622 3922/5061/3922 3923/5062/3923
f 628/704/628 3923/5062/3923 3922/5061/3922 627/703/627
f 579/649/579 621/697/621 3923/5062/3923 573/643/573
f 574/644/574 573/643/573 3923/5062/3923 628/704/628
f 601/677/601 611/687/611 3920/5059/3920 602/678/602
f 605/681/605 602/678/602 3920/5059/3920 618/694/618
f 636/712/636 634/710/634 3913/5050/3913 3915/5052/3915
f 637/5063/637 636/712/636 3915/5052/3915 638/5053/638
f 679/763/679 680/764/680 3907/5039/3907 866/972/866
f 659/738/659 722/807/722 3903/5031/3903 660/739/660
f 870/976/870 869/975/869 1123/1283/1123 1126/1286/1126
f 1108/1271/1108 1107/5064/1107 1122/4532/1122 1114/1274/1114
f 1013/1153/1013 1016/1156/1016 1109/1267/1109 3924/5065/3924
f 1002/1142/1002 3924/5065/3924 1109/1267/1109 1003/1143/1003
f 1014/1154/1014 1013/1153/1013 3924/5065/3924 925/1045/925
f 924/1044/924 925/1045/925 3924/5065/3924 1002/1142/1002
f 948/1071/948 951/1074/951 1091/4348/1091 978/1106/978
f 1007/5066/1007 1021/1161/1021 1075/4543/1075 1077/5067/1077
f 1004/1144/1004 1007/1147/1007 1077/1227/1077 3925/5068/3925
f 1073/1222/1073 3925/5068/3925 1077/1227/1077 1074/1223/1074
f 1067/1215/1067 3926/5069/3926 3408/4223/3408 1068/1216/1068
f 1067/1215/1067 1066/1214/1066 3411/4229/3411 3926/5069/3926
f 1057/1202/1057 1056/1201/1056 1070/1218/1070 1060/1219/1060
f 1048/1190/1048 1051/1193/1051 1070/1218/1070 1056/1201/1056
f 1049/1191/1049 1048/1190/1048 1056/1201/1056 1058/1204/1058
f 942/1064/942 976/1104/976 1037/1179/1037 939/1061/939
f 974/1102/974 1030/1172/1030 1031/1173/1031 977/1105/977
f 973/1101/973 1029/1171/1029 1030/1172/1030 974/1102/974
f 851/948/851 934/1054/934 1022/1162/1022 852/949/852
f 1006/5070/1006 1020/1160/1020 1021/1161/1021 1007/5066/1007
f 1006/5070/1006 1005/5071/1005 1019/1159/1019 1020/1160/1020
f 882/991/882 881/990/881 1014/1154/1014 3927/5072/3927
f 919/1039/919 3927/5072/3927 1014/1154/1014 925/1045/925
f 902/1016/902 882/991/882 3927/5072/3927 900/1013/900
f 918/1038/918 900/1013/900 3927/5072/3927 919/1039/919
f 955/1078/955 817/907/817 1009/1149/1009 960/1083/960
f 763/851/763 768/856/768 1008/1148/1008 770/858/770
f 923/1043/923 924/1044/924 1002/1142/1002 992/1129/992
f 927/1047/927 844/938/844 3928/5073/3928 929/1049/929
f 842/941/842 967/5074/967 3928/5073/3928 844/938/844
f 941/1063/941 995/1135/995 998/1138/998 945/1068/945
f 3929/5075/3929 923/1043/923 992/1129/992 991/1128/991
f 922/1042/922 923/1043/923 3929/5075/3929 908/5076/908
f 3930/5077/3930 3931/5078/3931 3929/5079/3929 991/5080/991
f 905/1021/905 908/1024/908 3929/5079/3929 3931/5078/3931
f 3932/5081/3932 3933/5082/3933 3931/5078/3931 3930/5077/3930
f 906/1022/906 905/1021/905 3931/5078/3931 3933/5082/3933
f 968/1095/968 916/1034/916 3933/5082/3933 3932/5081/3932
f 917/1037/917 906/1022/906 3933/5082/3933 916/1034/916
f 966/5083/966 3934/5084/3934 3932/5081/3932 3930/5077/3930
f 969/1096/969 968/1095/968 3932/5081/3932 3934/5084/3934
f 965/5085/965 3935/5086/3935 3934/5084/3934 966/5083/966
f 815/905/815 969/1096/969 3934/5084/3934 3935/5086/3935
f 761/849/761 764/852/764 3935/5086/3935 965/5085/965
f 769/857/769 815/905/815 3935/5086/3935 764/852/764
f 830/1092/830 966/1091/966 3930/5087/3930 991/1128/991
f 953/1076/953 948/1071/948 978/1106/978 981/1109/981
f 740/827/740 938/1058/938 972/1099/972 739/826/739
f 821/911/821 822/912/822 967/1094/967 842/936/842
f 784/872/784 761/5088/761 965/5089/965 789/5090/789
f 930/1065/930 940/1062/940 964/1089/964 864/1088/864
f 816/906/816 817/907/817 955/1078/955 954/1077/954
f 907/1023/907 912/5091/912 922/5092/922 908/1024/908
f 901/1014/901 900/1013/900 918/1038/918 3936/5093/3936
f 3937/5094/3937 3936/5093/3936 918/1038/918 921/1041/921
f 893/1004/893 3936/5093/3936 3937/5094/3937 889/5095/889
f 904/5096/904 3938/5097/3938 3937/5098/3937 921/5099/921
f 890/999/890 889/998/889 3937/5098/3937 3938/5097/3938
f 896/1009/896 899/1012/899 3938/5097/3938 904/5096/904
f 903/1017/903 890/999/890 3938/5097/3938 899/1012/899
f 894/1003/894 901/1014/901 3936/5093/3936 893/1004/893
f 896/1019/896 906/1022/906 917/1037/917 897/5100/897
f 3939/5101/3939 897/5100/897 917/1037/917 883/1036/883
f 910/1026/910 913/5102/913 912/5091/912 907/1023/907
f 904/1020/904 921/5103/921 909/1025/909 905/1021/905
f 920/1040/920 915/1031/915 909/1032/909 921/1041/921
f 882/991/882 902/1016/902 3939/5104/3939 883/992/883
f 887/996/887 890/999/890 903/1017/903 888/997/888
f 885/994/885 888/997/888 903/1017/903 895/1018/895
f 140/159/140 859/5105/859 875/4941/875 139/160/139
f 3940/5106/3940 858/959/858 859/5105/859 140/159/140
f 141/162/141 3941/5107/3941 3940/5106/3940 140/159/140
f 3942/5108/3942 3943/5109/3943 3940/5106/3940 3941/5107/3941
f 828/919/828 858/959/858 3940/5106/3940 3943/5109/3943
f 392/444/392 391/443/391 3943/5109/3943 3942/5108/3942
f 827/918/827 828/919/828 3943/5109/3943 391/443/391
f 125/144/125 124/143/124 846/942/846 824/914/824
f 3944/5110/3944 3945/5111/3945 855/952/855 856/955/856
f 126/145/126 125/144/125 855/5112/855 3945/5113/3945
f 824/914/824 819/909/819 855/5112/855 125/144/125
f 127/5114/127 3944/5110/3944 856/955/856 124/956/124
f 391/443/391 394/446/394 826/916/826 827/918/827
f 148/5115/148 147/4939/147 826/916/826 394/446/394
f 155/177/155 152/180/152 826/916/826 147/4939/147
f 792/882/792 791/881/791 822/912/822 823/913/823
f 804/894/804 809/899/809 810/900/810 801/891/801
f 794/884/794 793/883/793 809/899/809 804/894/804
f 762/4627/762 761/5088/761 784/872/784 783/871/783
f 767/855/767 766/854/766 775/863/775 772/860/772
f 743/830/743 744/831/744 756/844/756 741/828/741
f 708/793/708 751/839/751 752/840/752 709/794/709
f 708/793/708 707/792/707 750/837/750 751/839/751
f 682/766/682 681/765/681 743/830/743 741/828/741
f 692/777/692 728/815/728 743/830/743 681/765/681
f 703/788/703 717/802/717 718/803/718 704/789/704
f 650/728/650 651/729/651 695/780/695 3946/5116/3946
f 670/753/670 671/752/671 695/780/695 694/779/694
f 633/709/633 3946/5116/3946 695/780/695 671/752/671
f 3947/5117/3947 650/728/650 3946/5116/3946 3948/5118/3948
f 613/689/613 3948/5118/3948 3946/5116/3946 633/709/633
f 641/717/641 642/718/642 3947/5117/3947 3949/5119/3949
f 645/721/645 650/728/650 3947/5117/3947 642/718/642
f 3950/5120/3950 3949/5119/3949 3947/5117/3947 3948/5118/3948
f 3951/5121/3951 3949/5119/3949 3950/5120/3950 599/675/599
f 613/689/613 609/685/609 3950/5120/3950 3948/5118/3948
f 600/676/600 599/675/599 3950/5120/3950 609/685/609
f 3952/5122/3952 3953/5123/3953 3951/5121/3951 3954/5124/3954
f 641/717/641 3949/5119/3949 3951/5121/3951 3953/5123/3953
f 596/672/596 3954/5124/3954 3951/5121/3951 599/675/599
f 3955/5125/3955 3956/5126/3956 3953/5123/3953 3952/5122/3952
f 640/716/640 641/717/641 3953/5123/3953 3956/5126/3956
f 616/5127/616 617/5128/617 3956/5126/3956 3955/5125/3955
f 637/713/637 640/716/640 3956/5126/3956 617/5128/617
f 614/5129/614 616/5127/616 3955/5125/3955 3957/5130/3957
f 3958/5131/3958 3957/5130/3957 3955/5125/3955 3952/5122/3952
f 3959/5132/3959 3957/5130/3957 3958/5131/3958 3960/5133/3960
f 3954/5124/3954 3961/5134/3961 3958/5131/3958 3952/5122/3952
f 3962/5135/3962 3960/5133/3960 3958/5131/3958 3961/5134/3961
f 3963/5136/3963 3960/5133/3960 3962/5135/3962 3964/5137/3964
f 595/671/595 3965/5138/3965 3962/5135/3962 3961/5134/3961
f 3966/5139/3966 3964/5137/3964 3962/5135/3962 3965/5138/3965
f 560/630/560 3964/5137/3964 3966/5139/3966 559/629/559
f 552/622/552 555/625/555 3966/5139/3966 3965/5138/3965
f 558/628/558 559/629/559 3966/5139/3966 555/625/555
f 598/674/598 552/622/552 3965/5138/3965 595/671/595
f 590/664/590 591/667/591 3963/5136/3963 3967/5140/3967
f 3959/5132/3959 3960/5133/3960 3963/5136/3963 591/667/591
f 560/630/560 3967/5140/3967 3963/5136/3963 3964/5137/3964
f 3968/5141/3968 590/664/590 3967/5140/3967 3969/5142/3969
f 561/631/561 3969/5142/3969 3967/5140/3967 560/630/560
f 569/5143/569 3970/5144/3970 3968/5141/3968 3971/5145/3971
f 589/665/589 590/664/590 3968/5141/3968 3970/5144/3970
f 3972/5146/3972 3971/5145/3971 3968/5141/3968 3969/5142/3969
f 3973/5147/3973 3971/5145/3971 3972/5146/3972 3974/5148/3974
f 561/631/561 577/647/577 3972/5146/3972 3969/5142/3969
f 576/646/576 3974/5148/3974 3972/5146/3972 577/647/577
f 564/634/564 567/637/567 3973/5149/3973 3975/5150/3975
f 569/5143/569 3971/5145/3971 3973/5147/3973 567/5151/567
f 3976/5152/3976 3975/5150/3975 3973/5149/3973 3974/5153/3974
f 3977/5154/3977 3975/5150/3975 3976/5152/3976 3978/5155/3978
f 576/5156/576 3979/5157/3979 3976/5158/3976 3974/5159/3974
f 3980/5160/3980 3978/5161/3978 3976/5158/3976 3979/5157/3979
f 536/609/536 3978/5161/3978 3980/5160/3980 543/608/543
f 3981/5162/3981 3982/5163/3982 3980/5160/3980 3979/5157/3979
f 3983/5164/3983 543/608/543 3980/5160/3980 3982/5163/3982
f 532/595/532 543/608/543 3983/5164/3983 527/590/527
f 3984/5165/3984 3985/5166/3985 3983/5164/3983 3982/5163/3982
f 524/587/524 527/590/527 3983/5164/3983 3985/5166/3985
f 3986/5167/3986 3987/5168/3987 3985/5166/3985 3984/5165/3984
f 3988/5169/3988 524/587/524 3985/5166/3985 3987/5168/3987
f 525/588/525 524/587/524 3988/5169/3988 3989/5170/3989
f 3990/5171/3990 3991/5172/3991 3988/5169/3988 3987/5168/3987
f 3992/5173/3992 3989/5170/3989 3988/5169/3988 3991/5172/3991
f 3993/5174/3993 3989/5170/3989 3992/5173/3992 514/575/514
f 3994/5175/3994 3995/5176/3995 3992/5173/3992 3991/5172/3991
f 515/576/515 514/575/514 3992/5173/3992 3995/5176/3995
f 3996/5177/3996 3997/5178/3997 3995/5179/3995 3994/5180/3994
f 523/586/523 515/5181/515 3995/5179/3995 3997/5178/3997
f 3998/5182/3998 3999/5183/3999 3997/5178/3997 3996/5177/3996
f 522/585/522 523/586/523 3997/5178/3997 3999/5183/3999
f 537/601/537 538/602/538 3999/5183/3999 3998/5182/3998
f 520/583/520 522/585/522 3999/5183/3999 538/602/538
f 4000/5184/4000 4001/5185/4001 3998/5182/3998 3996/5177/3996
f 535/598/535 537/601/537 3998/5182/3998 4001/5185/4001
f 4002/5186/4002 4003/5187/4003 4001/5185/4001 4000/5184/4000
f 3977/5154/3977 535/598/535 4001/5185/4001 4003/5187/4003
f 565/635/565 564/634/564 4003/5187/4003 4002/5186/4002
f 3975/5150/3975 3977/5154/3977 4003/5187/4003 564/634/564
f 4004/5188/4004 4005/5189/4005 4002/5186/4002 4000/5184/4000
f 4006/5190/4006 565/635/565 4002/5186/4002 4005/5189/4005
f 4007/5191/4007 544/610/544 4006/5192/4006 4005/5193/4005
f 547/613/547 585/656/585 4006/5192/4006 544/610/544
f 570/640/570 565/635/565 4006/5190/4006 585/5194/585
f 3987/5168/3987 3986/5167/3986 4007/5191/4007 3990/5171/3990
f 545/611/545 544/610/544 4007/5191/4007 3986/5167/3986
f 4004/5195/4004 3990/5171/3990 4007/5191/4007 4005/5193/4005
f 3991/5172/3991 3990/5171/3990 4004/5195/4004 3994/5175/3994
f 3996/5177/3996 3994/5180/3994 4004/5188/4004 4000/5184/4000
f 496/553/496 531/594/531 3993/5174/3993 495/552/495
f 525/588/525 3989/5170/3989 3993/5174/3993 531/594/531
f 501/558/501 495/552/495 3993/5174/3993 514/575/514
f 551/620/551 545/611/545 3986/5167/3986 3984/5165/3984
f 3981/5162/3981 551/620/551 3984/5165/3984 3982/5163/3982
f 576/5156/576 562/5196/562 3981/5162/3981 3979/5157/3979
f 550/621/550 551/620/551 3981/5162/3981 562/5196/562
f 536/599/536 535/598/535 3977/5154/3977 3978/5155/3978
f 568/653/568 584/655/584 3970/5197/3970 569/5198/569
f 586/660/586 589/663/589 3970/5197/3970 584/655/584
f 596/672/596 595/671/595 3961/5134/3961 3954/5124/3954
f 588/666/588 587/5199/587 3959/5132/3959 591/667/591
f 614/5129/614 3957/5130/3957 3959/5132/3959 587/5199/587
f 667/5200/667 670/753/670 694/779/694 693/778/693
f 676/760/676 691/776/691 692/777/692 681/765/681
f 676/760/676 675/759/675 690/775/690 691/776/691
f 631/707/631 672/755/672 673/5201/673 629/705/629
f 662/5056/662 629/705/629 673/5201/673 659/5202/659
f 631/707/631 633/709/633 671/752/671 672/755/672
f 608/684/608 636/712/636 637/5063/637 617/693/617
f 575/645/575 574/644/574 628/704/628 606/682/606
f 578/648/578 620/696/620 621/697/621 579/649/579
f 604/680/604 605/681/605 620/696/620 578/648/578
f 584/655/584 583/654/583 615/691/615 586/660/586
f 592/668/592 593/669/593 615/691/615 583/654/583
f 587/661/587 586/660/586 615/691/615 614/690/614
f 552/622/552 598/674/598 603/679/603 553/623/553
f 578/648/578 581/651/581 603/679/603 604/680/604
f 556/626/556 553/623/553 603/679/603 581/651/581
f 582/652/582 554/624/554 592/668/592 583/654/583
f 540/614/540 539/657/539 585/656/585 547/613/547
f 540/605/540 548/617/548 558/628/558 541/606/541
f 555/625/555 554/624/554 541/606/541 558/628/558
f 554/624/554 582/652/582 542/607/542 541/606/541
f 4008/5203/4008 520/583/520 538/602/538 533/603/533
f 521/584/521 520/583/520 4008/5203/4008 4009/5204/4009
f 529/592/529 528/591/528 4008/5205/4008 533/596/533
f 508/569/508 4009/5206/4009 4008/5205/4008 528/591/528
f 4010/5207/4010 521/584/521 4009/5204/4009 4011/5208/4011
f 507/568/507 4011/5209/4011 4009/5206/4009 508/569/508
f 478/535/478 519/582/519 4010/5207/4010 477/534/477
f 518/581/518 521/584/521 4010/5207/4010 519/582/519
f 4012/5210/4012 477/534/477 4010/5207/4010 4011/5208/4011
f 475/532/475 477/534/477 4012/5210/4012 4013/5211/4013
f 507/568/507 4014/5212/4014 4012/5213/4012 4011/5209/4011
f 4015/5214/4015 4013/5211/4013 4012/5210/4012 4014/5215/4014
f 4016/5216/4016 4013/5211/4013 4015/5214/4015 4017/5217/4017
f 476/533/476 462/519/462 4015/5218/4015 4014/5212/4014
f 461/518/461 4017/5219/4017 4015/5218/4015 462/519/462
f 473/530/473 474/531/474 4016/5216/4016 4018/5220/4018
f 475/532/475 4013/5211/4013 4016/5216/4016 474/531/474
f 4019/5221/4019 4018/5220/4018 4016/5216/4016 4017/5217/4017
f 451/508/451 4018/5220/4018 4019/5221/4019 452/509/452
f 461/518/461 4020/5222/4020 4019/5223/4019 4017/5219/4017
f 453/5224/453 452/5225/452 4019/5223/4019 4020/5222/4020
f 436/493/436 4021/5226/4021 4020/5222/4020 461/518/461
f 4022/5227/4022 453/5224/453 4020/5222/4020 4021/5226/4021
f 4023/5228/4023 4024/5229/4024 4022/5227/4022 4025/5230/4025
f 450/5231/450 453/5224/453 4022/5227/4022 4024/5229/4024
f 4026/5232/4026 4025/5230/4025 4022/5227/4022 4021/5226/4021
f 4027/5233/4027 4025/5230/4025 4026/5232/4026 431/488/431
f 436/493/436 432/489/432 4026/5232/4026 4021/5226/4021
f 430/487/430 431/488/431 4026/5232/4026 432/489/432
f 4028/5234/4028 4029/5235/4029 4027/5233/4027 4030/5236/4030
f 4023/5228/4023 4025/5230/4025 4027/5233/4027 4029/5235/4029
f 419/476/419 4030/5236/4030 4027/5233/4027 431/488/431
f 4031/5237/4031 4032/5238/4032 4029/5239/4029 4028/5240/4028
f 4033/5241/4033 4023/5242/4023 4029/5239/4029 4032/5238/4032
f 4034/5243/4034 4035/5244/4035 4033/5241/4033 4032/5238/4032
f 4036/5245/4036 4037/5246/4037 4033/5241/4033 4035/5244/4035
f 4024/5247/4024 4023/5242/4023 4033/5241/4033 4037/5246/4037
f 454/511/454 447/504/447 4037/5246/4037 4036/5245/4036
f 450/507/450 4024/5247/4024 4037/5246/4037 447/504/447
f 470/527/470 471/528/471 4036/5245/4036 4035/5244/4035
f 473/530/473 454/511/454 4036/5245/4036 471/528/471
f 446/503/446 470/527/470 4035/5244/4035 4034/5243/4034
f 443/500/443 446/503/446 4034/5243/4034 4038/5248/4038
f 4031/5237/4031 4038/5248/4038 4034/5243/4034 4032/5238/4032
f 442/499/442 443/500/443 4038/5248/4038 428/485/428
f 427/484/427 428/485/428 4038/5248/4038 4031/5237/4031
f 426/483/426 427/484/427 4031/5237/4031 4028/5240/4028
f 4039/5249/4039 426/5250/426 4028/5234/4028 4030/5236/4030
f 413/470/413 426/483/426 4039/5251/4039 410/467/410
f 419/476/419 418/475/418 4039/5249/4039 4030/5236/4030
f 407/5252/407 410/5253/410 4039/5249/4039 418/475/418
f 454/511/454 473/530/473 4018/5220/4018 451/508/451
f 506/567/506 476/533/476 4014/5212/4014 507/568/507
f 497/554/497 530/593/530 531/594/531 496/553/496
f 497/554/497 508/569/508 528/591/528 530/593/530
f 502/578/502 515/5181/515 523/586/523 516/579/516
f 479/536/479 510/571/510 519/582/519 478/535/478
f 460/517/460 467/524/467 512/5254/512 4040/5255/4040
f 486/543/486 487/544/487 512/5254/512 467/524/467
f 482/539/482 4040/5256/4040 512/573/512 511/572/511
f 459/516/459 460/517/460 4040/5255/4040 4041/5257/4041
f 481/538/481 4041/5258/4041 4040/5256/4040 482/539/482
f 4042/5259/4042 459/516/459 4041/5257/4041 4043/5260/4043
f 480/537/480 4043/5261/4043 4041/5258/4041 481/538/481
f 4044/5262/4044 472/529/472 4042/5259/4042 4045/5263/4045
f 458/515/458 459/516/459 4042/5259/4042 472/529/472
f 4046/5264/4046 4045/5263/4045 4042/5259/4042 4043/5260/4043
f 4047/5265/4047 4045/5263/4045 4046/5264/4046 4048/5266/4048
f 480/537/480 4049/5267/4049 4046/5268/4046 4043/5261/4043
f 4050/5269/4050 4048/5270/4048 4046/5268/4046 4049/5267/4049
f 414/471/414 4048/5270/4048 4050/5269/4050 417/474/417
f 439/496/439 438/495/438 4050/5269/4050 4049/5267/4049
f 4051/5271/4051 417/474/417 4050/5269/4050 438/495/438
f 416/473/416 417/474/417 4051/5271/4051 4052/5272/4052
f 441/498/441 4053/5273/4053 4051/5271/4051 438/495/438
f 4054/5274/4054 4052/5272/4052 4051/5271/4051 4053/5273/4053
f 4055/5275/4055 4052/5272/4052 4054/5274/4054 4056/5276/4056
f 4057/5277/4057 411/468/411 4054/5274/4054 4053/5273/4053
f 408/465/408 4056/5276/4056 4054/5274/4054 411/468/411
f 441/498/441 442/499/442 4057/5277/4057 4053/5273/4053
f 428/485/428 424/481/424 4057/5277/4057 442/499/442
f 412/469/412 411/468/411 4057/5277/4057 424/481/424
f 4058/5278/4058 4059/5279/4059 4055/5280/4055 4056/5281/4056
f 403/463/403 406/462/406 4055/5275/4055 4059/5282/4059
f 416/473/416 4052/5272/4052 4055/5275/4055 406/462/406
f 421/478/421 422/479/422 4059/5279/4059 4058/5278/4058
f 400/454/400 403/457/403 4059/5279/4059 422/479/422
f 408/465/408 407/464/407 4058/5283/4058 4056/5276/4056
f 418/475/418 421/478/421 4058/5278/4058 407/5252/407
f 444/501/444 439/496/439 4049/5267/4049 480/537/480
f 401/455/401 4060/5284/4060 4047/5265/4047 404/5285/404
f 4044/5262/4044 4045/5263/4045 4047/5265/4047 4060/5284/4060
f 414/471/414 404/458/404 4047/5286/4047 4048/5270/4048
f 400/454/400 4061/5287/4061 4060/5284/4060 401/455/401
f 434/491/434 4044/5262/4044 4060/5284/4060 4061/5287/4061
f 422/479/422 423/480/423 4061/5287/4061 400/454/400
f 429/486/429 434/491/434 4061/5287/4061 423/480/423
f 435/492/435 472/529/472 4044/5262/4044 434/491/434
f 455/512/455 476/533/476 506/567/506 456/513/456
f 149/5288/149 148/5115/148 394/446/394 393/445/393
f 368/420/368 3878/4989/3878 380/432/380 379/431/379
f 359/411/359 368/420/368 379/431/379 378/430/378
f 363/415/363 4062/5289/4062 378/430/378 364/416/364
f 345/396/345 359/411/359 378/430/378 4062/5289/4062
f 4063/5290/4063 4064/5291/4064 4062/5289/4062 363/415/363
f 344/395/344 345/396/345 4062/5289/4062 4064/5291/4064
f 4065/5292/4065 4066/5293/4066 4064/5291/4064 4063/5290/4063
f 342/393/342 344/395/344 4064/5291/4064 4066/5293/4066
f 4067/5294/4067 4065/5292/4065 4063/5290/4063 356/408/356
f 355/407/355 356/408/356 4063/5290/4063 363/415/363
f 4068/5295/4068 4069/5296/4069 4067/5294/4067 4070/5297/4070
f 4071/5298/4071 4065/5292/4065 4067/5294/4067 4069/5296/4069
f 357/409/357 4070/5297/4070 4067/5294/4067 356/408/356
f 347/398/347 343/394/343 4069/5296/4069 4068/5295/4068
f 342/393/342 4071/5298/4071 4069/5296/4069 343/394/343
f 319/366/319 347/398/347 4068/5295/4068 322/369/322
f 333/384/333 322/369/322 4068/5295/4068 4070/5297/4070
f 358/410/358 333/384/333 4070/5297/4070 357/409/357
f 349/400/349 351/403/351 369/421/369 372/424/372
f 352/404/352 3878/4989/3878 368/420/368 353/405/353
f 333/384/333 358/410/358 360/412/360 334/385/334
f 336/387/336 350/4986/350 352/404/352 339/390/339
f 3875/4985/3875 3878/4989/3878 352/404/352 350/4986/350
f 318/365/318 341/392/341 347/398/347 319/366/319
f 316/363/316 315/362/315 335/5003/335 338/5299/338
f 4072/5300/4072 316/5301/316 338/389/338 321/368/321
f 297/344/297 4073/5302/4073 4072/5303/4072 298/345/298
f 313/360/313 316/363/316 4072/5304/4072 4073/5305/4073
f 320/367/320 298/5306/298 4072/5300/4072 321/368/321
f 296/343/296 4074/5307/4074 4073/5302/4073 297/344/297
f 310/357/310 313/360/313 4073/5305/4073 4074/5308/4074
f 4075/5309/4075 4076/5310/4076 4074/5307/4074 296/343/296
f 328/5311/328 310/5312/310 4074/5307/4074 4076/5310/4076
f 4077/5313/4077 4078/5314/4078 4076/5310/4076 4075/5309/4075
f 327/5315/327 328/5311/328 4076/5310/4076 4078/5314/4078
f 304/351/304 303/350/303 4078/5316/4078 4077/5317/4077
f 309/356/309 327/5318/327 4078/5316/4078 303/350/303
f 4079/5319/4079 4080/5320/4080 4077/5313/4077 4075/5309/4075
f 305/352/305 304/351/304 4077/5317/4077 4080/5321/4080
f 4081/5322/4081 4082/5323/4082 4080/5320/4080 4079/5319/4079
f 4083/5324/4083 305/352/305 4080/5321/4080 4082/5325/4082
f 4084/5326/4084 4085/5327/4085 4083/5328/4083 4082/5323/4082
f 4086/5329/4086 4087/5330/4087 4083/5324/4083 4085/5331/4085
f 302/349/302 305/352/305 4083/5324/4083 4087/5330/4087
f 4088/5332/4088 4089/5333/4089 4087/5330/4087 4086/5329/4086
f 299/346/299 302/349/302 4087/5330/4087 4089/5333/4089
f 4090/5334/4090 4091/5335/4091 4089/5333/4089 4088/5332/4088
f 4092/5336/4092 299/346/299 4089/5333/4089 4091/5335/4091
f 4093/5337/4093 4094/5338/4094 4092/5336/4092 4091/5335/4091
f 288/333/288 306/353/306 4092/5336/4092 4094/5338/4094
f 300/347/300 299/346/299 4092/5336/4092 306/353/306
f 290/5339/290 293/5340/293 4094/5338/4094 4093/5337/4093
f 287/334/287 288/333/288 4094/5338/4094 293/5340/293
f 4090/5334/4090 4095/5341/4095 4093/5337/4093 4091/5335/4091
f 4096/5342/4096 290/5339/290 4093/5337/4093 4095/5341/4095
f 4097/5343/4097 4098/5344/4098 4096/5342/4096 4095/5341/4095
f 4099/5345/4099 4100/5346/4100 4096/5347/4096 4098/5348/4098
f 291/338/291 290/337/290 4096/5347/4096 4100/5346/4100
f 4101/5349/4101 4102/5350/4102 4100/5346/4100 4099/5345/4099
f 294/341/294 291/338/291 4100/5346/4100 4102/5350/4102
f 4103/5351/4103 4104/5352/4104 4102/5350/4102 4101/5349/4101
f 4081/5322/4081 294/341/294 4102/5350/4102 4104/5352/4104
f 4105/5353/4105 4084/5326/4084 4104/5352/4104 4103/5351/4103
f 4082/5323/4082 4081/5322/4081 4104/5352/4104 4084/5326/4084
f 4106/5354/4106 4107/5355/4107 4105/5353/4105 4103/5351/4103
f 283/328/283 4108/5356/4108 4105/5357/4105 4107/5358/4107
f 4085/5331/4085 4084/5359/4084 4105/5357/4105 4108/5356/4108
f 280/325/280 4109/5360/4109 4108/5356/4108 283/328/283
f 4086/5329/4086 4085/5331/4085 4108/5356/4108 4109/5360/4109
f 279/324/279 4110/5361/4110 4109/5360/4109 280/325/280
f 4088/5332/4088 4086/5329/4086 4109/5360/4109 4110/5361/4110
f 4111/5362/4111 4112/5363/4112 4110/5361/4110 279/324/279
f 4090/5334/4090 4088/5332/4088 4110/5361/4110 4112/5363/4112
f 4113/5364/4113 4097/5343/4097 4112/5363/4112 4111/5362/4111
f 4095/5341/4095 4090/5334/4090 4112/5363/4112 4097/5343/4097
f 4114/5365/4114 277/321/277 4113/5364/4113 4111/5362/4111
f 276/322/276 4115/5366/4115 4113/5364/4113 277/321/277
f 4098/5344/4098 4097/5343/4097 4113/5364/4113 4115/5366/4115
f 275/319/275 4116/5367/4116 4115/5368/4115 276/320/276
f 4099/5345/4099 4098/5348/4098 4115/5368/4115 4116/5367/4116
f 4117/5369/4117 4118/5370/4118 4116/5367/4116 275/319/275
f 4101/5349/4101 4099/5345/4099 4116/5367/4116 4118/5370/4118
f 4119/5371/4119 4106/5354/4106 4118/5370/4118 4117/5369/4117
f 4103/5351/4103 4101/5349/4101 4118/5370/4118 4106/5354/4106
f 256/295/256 255/294/255 4119/5371/4119 4117/5369/4117
f 254/293/254 4120/5372/4120 4119/5371/4119 255/294/255
f 4107/5355/4107 4106/5354/4106 4119/5371/4119 4120/5372/4120
f 4121/5373/4121 282/5374/282 4120/5372/4120 254/293/254
f 283/5375/283 4107/5355/4107 4120/5372/4120 282/5374/282
f 253/292/253 246/5376/246 4121/5373/4121 254/293/254
f 245/284/245 4122/5377/4122 4121/5378/4121 246/285/246
f 281/326/281 282/327/282 4121/5378/4121 4122/5377/4122
f 244/283/244 4123/5379/4123 4122/5377/4122 245/284/245
f 278/323/278 281/326/281 4122/5377/4122 4123/5379/4123
f 268/310/268 4124/5380/4124 4123/5379/4123 244/283/244
f 4114/5365/4114 278/323/278 4123/5379/4123 4124/5380/4124
f 267/306/267 273/317/273 4124/5380/4124 268/310/268
f 277/321/277 4114/5365/4114 4124/5380/4124 273/317/273
f 274/318/274 256/295/256 4117/5369/4117 275/319/275
f 279/324/279 278/323/278 4114/5365/4114 4111/5362/4111
f 295/342/295 294/341/294 4081/5322/4081 4079/5319/4079
f 296/343/296 295/342/295 4079/5319/4079 4075/5309/4075
f 311/358/311 329/380/329 330/381/330 314/361/314
f 311/358/311 310/357/310 328/379/328 329/380/329
f 308/5381/308 324/4999/324 325/376/325 309/375/309
f 284/329/284 298/345/298 320/5382/320 285/330/285
f 286/335/286 285/5383/285 317/364/317 289/336/289
f 288/333/288 289/336/289 307/354/307 306/353/306
f 284/329/284 287/332/287 293/340/293 292/339/292
f 257/296/257 256/295/256 274/318/274 269/311/269
f 4125/5384/4125 257/296/257 269/311/269 265/304/265
f 241/280/241 247/286/247 268/310/268 244/283/244
f 229/268/229 228/267/228 2668/3210/2668 2667/3209/2667
f 248/287/248 251/290/251 2668/3210/2668 228/267/228
f 243/282/243 246/285/246 253/5385/253 252/5386/252
f 184/220/184 183/219/183 214/250/214 213/249/213
f 185/221/185 184/220/184 213/249/213 186/222/186
f 181/214/181 185/221/185 188/224/188 182/217/182
f 3941/5107/3941 141/162/141 142/163/142 395/447/395
f 3708/5387/3708 3719/4761/3719 3717/4759/3717 3696/5388/3696
f 72/85/72 73/84/73 83/96/83 81/99/81
f 62/72/62 70/81/70 82/95/82 59/69/59
f 65/76/65 61/75/61 3898/5023/3898 3902/5028/3902
f 52/60/52 51/59/51 1039/1181/1039 1267/1465/1267
f 1040/1182/1040 1039/1181/1039 1238/1434/1238 3540/5389/3540
f 24/26/24 29/37/29 31/36/31 21/23/21
f 2872/3527/2872 4/4/4 3/3/3 6/6/6
f 80/93/80 56/5390/56 55/67/55 58/66/58
f 3902/5028/3902 3898/5023/3898 68/79/68 67/78/67
f 3675/4708/3675 115/134/115 108/125/108 111/4707/111
f 3944/5391/3944 127/146/127 126/145/126 3945/5113/3945
f 395/447/395 392/444/392 3942/5108/3942 3941/5107/3941
f 2667/3209/2667 233/272/233 197/233/197 229/268/229
f 4066/5293/4066 4065/5292/4065 4071/5298/4071 342/393/342
f 492/549/492 484/541/484 483/540/483 494/551/494
f 499/556/499 493/550/493 490/547/490 489/546/489
f 513/574/513 517/580/517 510/571/510 509/570/509
f 800/890/800 796/886/796 795/885/795 798/888/798
f 3409/4226/3409 3408/4223/3408 3926/5069/3926 3411/4229/3411
f 1305/1506/1305 1296/1497/1296 1248/1445/1248 1247/1444/1247
f 3499/4410/3499 3497/4408/3497 3559/4514/3559 3560/4515/3560
f 1299/1500/1299 1298/1499/1298 3658/4684/3658 3712/4752/3712
f 1585/1863/1585 1408/1628/1408 1403/1623/1403 1402/1622/1402
f 1525/1794/1525 1535/1809/1535 1532/1806/1532 1522/1791/1522
f 3582/4552/3582 1548/1824/1548 1413/1633/1413 1410/1630/1410
f 1629/1918/1629 1628/1915/1628 1627/1914/1627 1680/1981/1680
f 1907/2246/1907 1904/2245/1904 1903/2242/1903 1906/2241/1906
f 3427/4283/3427 1913/2252/1913 1910/2249/1910 1915/2255/1915
f 2820/3427/2820 2824/3431/2824 3419/4264/3419 2821/3428/2821
f 2348/2792/2348 2276/2708/2276 2275/2707/2275 2352/2796/2352
f 2787/3388/2787 2336/2775/2336 2335/2774/2335 2342/2784/2342
f 2119/2499/2119 3423/5392/3423 34/42/34 33/41/33
f 3899/5019/3899 69/80/69 68/79/68 3900/5020/3900
f 100/5393/100 103/120/103 104/119/104 3704/4742/3704
f 3707/4747/3707 105/122/105 102/121/102 101/5394/101
f 910/5395/910 911/1033/911 914/1030/914 913/1029/913
f 1073/1222/1073 1005/1145/1005 1004/1144/1004 3925/5068/3925
f 1053/1203/1053 1050/1192/1050 1049/1191/1049 1058/1204/1058
f 3586/4566/3586 1345/1558/1345 1344/1557/1344 1347/1560/1347
f 1389/1609/1389 1374/1594/1374 1373/1593/1373 1385/1605/1385
f 1662/1956/1662 1652/1946/1652 1651/1945/1651 1654/1948/1654
f 3420/4266/3420 2128/4265/2128 2127/5396/2127 2129/5397/2129
f 2839/3463/2839 2187/2591/2187 2186/2590/2186 2189/3464/2189
f 1502/1762/1502 1496/1752/1496 1498/1754/1498 1499/5398/1499
f 2308/2741/2308 2126/2507/2126 2125/2506/2125 2137/2521/2137
f 62/5399/62 61/75/61 64/74/64 71/86/71
f 1484/1736/1484 1485/1737/1485 1497/1753/1497 1501/1760/1501
f 1983/2347/1983 1939/2285/1939 1984/2348/1984 2000/2370/2000
f 2386/2833/2386 2379/2824/2379 2380/2825/2380 2389/2836/2389
f 2570/3064/2570 2569/3063/2569 2583/5400/2583 2573/5401/2573
f 251/290/251 250/289/250 257/296/257 4125/5384/4125
f 263/302/263 2668/3210/2668 265/304/265 260/299/260
f 1110/1268/1110 830/1092/830 993/1130/993 1003/1143/1003
f 967/5074/967 830/5402/830 1110/5403/1110 3928/5073/3928
f 929/1049/929 3928/5073/3928 1110/5403/1110 3600/4593/3600
f 4126/5404/4126 3656/4678/3656 3715/4757/3715 1199/1379/1199
f 1199/1379/1199 1194/1374/1194 4127/5405/4127 4126/5404/4126
f 4127/5405/4127 1194/1374/1194 1193/1373/1193 3174/4349/3174
f 1308/4679/1308 4127/5405/4127 3174/4349/3174 3173/5406/3173
f 4126/5404/4126 4127/5405/4127 1308/4679/1308 3656/4678/3656
f 1764/2077/1764 1765/2078/1765 1773/2086/1773 1776/2089/1776
f 1814/2134/1814 1813/2133/1813 1820/2140/1820 1817/2137/1817
f 3083/3776/3083 1817/2137/1817 1820/2140/1820 1819/2139/1819
f 2044/2414/2044 2053/2425/2053 2778/3372/2778 2055/2428/2055
f 2738/3306/2738 2055/2428/2055 2778/3372/2778 2732/3293/2732
f 2086/2462/2086 4128/5407/4128 2414/2861/2414 2110/2486/2110
f 2302/2735/2302 4128/5407/4128 2086/2462/2086 2087/2463/2087
f 2414/2861/2414 4128/5407/4128 2302/2735/2302 2305/2738/2305
f 101/116/101 3706/4746/3706 3718/4760/3718 3707/5408/3707
f 3708/5387/3708 3707/5408/3707 3718/4760/3718 3719/4761/3719
f 2047/2417/2047 4129/5409/4129 3193/3932/3193 2048/2418/2048
f 3184/3923/3184 4129/5409/4129 2047/2417/2047 3177/3916/3177
f 3193/3932/3193 4129/5409/4129 3184/3923/3184 3187/3926/3187
f 2215/2627/2215 2214/2630/2214 2223/2638/2223 2247/5410/2247
f 2249/2674/2249 2247/2672/2247 2225/3458/2225 2837/3457/2837
f 3683/4716/3683 3686/4719/3686 3689/4722/3689 3692/4727/3692
f 3717/4759/3717 3683/4716/3683 3692/4727/3692 3696/5388/3696
f 2874/3531/2874 9/9/9 3/3/3 2/2/2
f 1775/2088/1775 1784/2097/1784 1764/2077/1764 1776/2089/1776
f 3939/5104/3939 902/1016/902 898/1015/898 897/5411/897
f 2783/3378/2783 2334/2773/2334 2333/2772/2333 2784/3380/2784
f 2430/3799/2430 2422/2869/2422 2421/2868/2421 2440/5412/2440
f 2622/3146/2622 2612/3145/2612 2594/3100/2594 2614/3131/2614
f 1238/1434/1238 1039/1181/1039 51/59/51 50/58/50
f 1768/2081/1768 1772/2085/1772 1766/2079/1766
f 1750/2063/1750 1751/2064/1751 1780/2093/1780
f 4125/5384/4125 2668/3210/2668 251/290/251
f 4125/5384/4125 265/304/265 2668/3210/2668
f 4133/5413/4130 1966/2326/1966 2005/2375/2005
f 4133/5413/4130 2005/2375/2005 3424/4279/3424
f 2247/2672/2247 2246/2671/2246 2215/5414/2215
f 2223/5415/2223 2225/3458/2225 2247/2672/2247
f 1161/1332/1161 1162/1333/1162 1163/1334/1163
f 2593/3136/2593 2620/3140/2620 2618/3137/2618
f 2593/3136/2593 2679/3226/2679 2620/3140/2620
f 4140/5416/4131 4142/5417/4131 4141/5418/4131
f 1763/2076/1763 1779/2092/1779 1765/2078/1765
f 4143/5419/4132 4144/5420/4133 4145/5421/4134
f 1029/1171/1029 973/1101/973 997/1137/997
f 4146/5422/4135 4147/5423/4136 4148/5424/4137
f 4137/5425/4138 4139/5426/4138 4138/5427/4138
f 1147/1313/1147 1165/1336/1165 1100/1258/1100
f 3424/4279/3424 1967/2327/1967 4133/5413/4130
f 4135/5428/4139 4134/5429/4140 4136/5430/4141
f 4133/5413/4130 1967/2327/1967 1966/2326/1966
f 4130/5431/4142 4132/5432/4142 4131/5433/4142
f 4149/5434/4143 4150/5435/4144 4151/5436/4145
f 2599/3107/2599 2757/3331/2757 2609/3123/2609
f 1765/2078/1765 1746/2059/1746 1763/2076/1763
f 997/1137/997 1001/1141/1001 1029/1171/1029
f 2757/3331/2757 2599/3107/2599 2596/3106/2596
