# Blender 4.3.2
# www.blender.org
o model
v -0.776708 1.336188 0.031634
v -0.786082 1.331542 0.027236
v -0.776880 1.326282 0.047103
v -0.769486 1.332669 0.044132
v -0.790720 1.322850 0.075122
v -0.777435 1.340974 0.061338
v -0.794944 1.324637 0.046979
v -0.775422 1.315181 0.018177
v -0.764352 1.323672 0.021359
v -0.782024 1.315996 0.023986
v -0.781711 1.322926 0.019227
v -0.753642 1.313933 0.044338
v -0.776880 1.326282 0.047103
v -0.750134 1.312946 0.070741
v -0.774815 1.320798 0.073984
v -0.798148 1.309793 0.028546
v -0.795509 1.319616 0.046744
v -0.791596 1.312552 0.067805
v -0.810432 1.328265 0.097635
v -0.818344 1.321004 0.088396
v -0.822703 1.317678 0.100965
v -0.806303 1.318016 0.105741
v -0.796576 1.308747 0.094779
v -0.808754 1.308942 0.093812
v -0.793206 1.325742 0.081035
v -0.783189 1.337738 0.095575
v -0.378226 1.382727 -0.014695
v -0.366050 1.371050 -0.008388
v -0.428993 1.385517 0.011005
v -0.398275 1.394455 0.025818
v -0.393295 1.355767 -0.019508
v -0.444093 1.371883 -0.021453
v -0.098879 1.561215 0.023898
v -0.095452 1.567991 0.002993
v -0.092274 1.559681 0.002562
v -0.093837 1.543357 0.018155
v 0.164049 0.872426 0.182996
v 0.156930 0.895208 0.182589
v 0.147746 0.911334 0.172156
v 0.153421 0.897772 0.168012
v -0.244208 0.568442 -0.188149
v -0.247313 0.568734 -0.195597
v -0.222638 0.564217 -0.200067
v -0.216812 0.567721 -0.201944
v -0.237595 0.572491 0.070987
v -0.230229 0.555659 0.074720
v -0.238253 0.554349 0.056563
v -0.241824 0.567783 0.058040
v -0.225813 0.559354 0.018377
v -0.243613 0.547250 0.032628
v -0.221230 0.569861 0.059965
v -0.066969 0.564263 0.070686
v -0.059999 0.576804 0.067107
v -0.057493 0.583618 0.074134
v -0.063394 0.571588 0.085648
v -0.072546 0.575330 0.082794
v -0.065012 0.582686 0.070971
v -0.174999 0.467308 0.168043
v -0.192976 0.486818 0.180963
v -0.197048 0.464994 0.175373
v -0.190430 0.455665 0.160605
v -0.198701 0.461727 0.147620
v -0.203811 0.473866 0.161834
v -0.201328 0.495688 0.166057
v -0.236858 0.000225 0.248013
v -0.247941 0.000281 0.221898
v -0.233166 0.000492 0.215565
v -0.220824 0.001221 0.228175
v -0.209170 0.001348 0.180689
v -0.231943 0.001263 0.175882
v -0.254868 0.000701 0.176890
v -0.236509 0.012128 0.300548
v -0.245576 0.010617 0.301763
v -0.245318 0.006055 0.299393
v -0.237006 0.004498 0.296822
v -0.242213 0.002080 0.288030
v -0.250893 0.004378 0.293101
v -0.252582 0.010758 0.296561
v -0.242822 0.017203 0.298920
v -0.224897 0.014680 0.292094
v -0.230993 0.021133 0.288514
v -0.251791 0.024874 0.283506
v -0.255911 0.018312 0.285449
v -0.244250 0.025846 0.290434
v -0.261392 0.012813 0.284373
v -0.241546 0.042422 0.270003
v -0.254724 0.036714 0.264537
v -0.263797 0.025666 0.261675
v -0.143184 0.062538 0.070540
v -0.151103 0.067417 0.100701
v -0.160385 0.055496 0.116804
v -0.154768 0.050616 0.069556
v -0.158564 0.031614 0.069040
v -0.161381 0.028650 0.116127
v -0.167206 0.087621 0.122251
v -0.170807 0.081500 0.138084
v -0.186386 0.007493 0.022117
v -0.171559 0.007922 -0.003558
v -0.158624 0.008022 0.006218
v -0.167951 0.008396 0.028247
v -0.156403 0.010359 -0.018368
v -0.146054 0.011839 0.001544
v -0.151368 0.010616 0.035026
v -0.136948 0.077962 0.068492
v -0.142168 0.076944 0.095970
v -0.155652 0.103936 0.104569
v -0.137496 0.021531 0.002241
v -0.135784 0.037251 0.004327
v -0.144597 0.042785 0.039601
v -0.143479 0.024196 0.039020
v -0.139718 0.059014 0.037742
v -0.205967 0.006325 -0.017814
v -0.222348 0.005559 -0.028683
v -0.205911 0.007630 -0.041761
v -0.190940 0.008422 -0.039071
v -0.234888 0.011077 -0.039544
v -0.208451 0.014390 -0.053699
v -0.186847 0.016348 -0.053289
v -0.136535 0.053384 0.004235
v -0.147467 0.100767 0.065395
v -0.148446 0.128391 0.061381
v -0.160313 0.136337 0.093936
v -0.267114 0.029222 -0.010116
v -0.277163 0.032356 0.052987
v -0.273041 0.060546 0.064889
v -0.264439 0.050785 -0.004946
v -0.295787 0.026954 0.105909
v -0.290683 0.048357 0.111463
v -0.275682 0.078489 0.129881
v -0.261855 0.091247 0.111088
v -0.261373 0.071902 -0.004109
v -0.276093 0.081065 0.053441
v -0.265380 0.104643 0.109475
v -0.245317 0.123393 0.141392
v -0.240180 0.109323 0.139512
v -0.218294 0.121753 0.154171
v -0.218656 0.139519 0.162594
v -0.195027 0.101102 0.157561
v -0.189916 0.108628 0.144663
v -0.223398 0.114431 0.163361
v -0.248302 0.103112 0.152928
v -0.204934 0.145458 0.142483
v -0.221114 0.150803 0.142149
v -0.242041 0.140800 0.128716
v -0.131925 0.154549 0.060056
v -0.128154 0.157843 0.029990
v -0.122529 0.175433 0.029218
v -0.125196 0.172236 0.055181
v -0.132216 0.157616 0.007311
v -0.131565 0.172971 0.013619
v -0.140928 0.184345 0.037193
v -0.139460 0.171974 0.091051
v -0.148848 0.195478 0.081257
v -0.150424 0.218705 0.004895
v -0.149307 0.219648 0.036562
v -0.148322 0.188236 -0.001032
v -0.158157 0.226753 0.075662
v -0.144905 0.171268 -0.010057
v -0.179571 0.147420 -0.028182
v -0.197049 0.149632 -0.043328
v -0.199706 0.171554 -0.038331
v -0.178037 0.167073 -0.024492
v -0.219185 0.144862 -0.035238
v -0.223341 0.164775 -0.029141
v -0.167290 0.173006 -0.032808
v -0.186651 0.182148 -0.043029
v -0.200080 0.186571 -0.049544
v -0.214179 0.181288 -0.043741
v -0.232795 0.172403 -0.033921
v -0.209918 0.193257 -0.052565
v -0.199430 0.196172 -0.054751
v -0.189753 0.193703 -0.052813
v -0.186799 0.207334 -0.048030
v -0.200438 0.208209 -0.050267
v -0.214365 0.204812 -0.044989
v -0.206213 0.413245 0.128593
v -0.193996 0.409260 0.140628
v -0.186871 0.437855 0.153486
v -0.200503 0.450379 0.141253
v -0.175482 0.416254 0.130189
v -0.172341 0.447519 0.146591
v -0.236984 0.374183 0.072915
v -0.235789 0.433684 0.082163
v -0.245964 0.460109 0.065559
v -0.253745 0.377669 0.047443
v -0.266683 0.377969 0.015506
v -0.264048 0.459278 0.040757
v -0.219782 0.455735 0.119827
v -0.208115 0.473675 0.130204
v -0.235981 0.490620 0.109246
v -0.249582 0.470876 0.075425
v -0.215382 0.487753 0.144172
v -0.232148 0.516687 0.123478
v -0.250713 0.517899 0.029908
v -0.258170 0.547669 0.073807
v -0.246411 0.555752 0.100187
v -0.154244 0.490789 0.161660
v -0.174320 0.488558 0.178783
v -0.154323 0.473636 0.142574
v -0.188757 0.478857 0.193186
v -0.090049 0.490834 0.091327
v -0.103658 0.450350 0.081088
v -0.099329 0.464697 0.066855
v -0.080075 0.497257 0.064088
v -0.091535 0.509169 0.025467
v -0.093584 0.464794 -0.001486
v -0.125084 0.492398 0.128862
v -0.132770 0.498903 0.144294
v -0.103437 0.524988 0.132914
v -0.127326 0.532080 0.151852
v -0.155765 0.427027 0.119394
v -0.131662 0.438456 0.101170
v -0.116999 0.481491 0.117384
v -0.152685 0.462068 0.130986
v -0.087981 0.519978 0.113450
v -0.077317 0.530563 0.069741
v -0.077599 0.516570 0.090255
v -0.079502 0.540865 0.105700
v -0.261297 0.473938 0.000727
v -0.236381 0.477342 -0.034633
v -0.232843 0.533777 -0.008951
v -0.207287 0.544660 0.163621
v -0.222867 0.535425 0.140999
v -0.212602 0.508181 0.152326
v -0.247899 0.574696 0.094422
v -0.254572 0.571729 0.070757
v -0.101862 0.528960 0.046927
v -0.089249 0.555633 0.073517
v -0.074094 0.548247 0.072505
v -0.107576 0.535505 0.073689
v -0.072777 0.556708 0.101878
v -0.150354 0.537973 0.169504
v -0.132054 0.580759 0.166574
v -0.155797 0.588307 0.180829
v -0.167949 0.542017 0.182744
v -0.181764 0.543522 0.192360
v -0.179773 0.588779 0.187254
v -0.115038 0.603173 0.157462
v -0.134678 0.612372 0.172580
v -0.145487 0.627286 0.178886
v -0.162418 0.617720 0.184082
v -0.178587 0.614058 0.184892
v -0.090586 0.552616 0.132238
v -0.082514 0.564327 0.129229
v -0.086152 0.563187 0.097213
v -0.095494 0.570980 0.119988
v -0.202854 0.537211 -0.035469
v -0.205984 0.574282 -0.018748
v -0.223839 0.610536 0.053861
v -0.221430 0.600631 0.029290
v -0.206429 0.601758 -0.000538
v -0.110780 0.523407 -0.018458
v -0.106077 0.552698 0.020240
v -0.104618 0.558031 0.057435
v -0.109702 0.541970 0.066991
v -0.196353 0.545613 0.180082
v -0.196449 0.588044 0.175995
v -0.212659 0.585161 0.156104
v -0.231732 0.568726 0.125981
v -0.191090 0.613859 0.176255
v -0.201814 0.616686 0.164330
v -0.238816 0.587567 0.115462
v -0.223004 0.602409 0.139029
v -0.209112 0.622482 0.152276
v -0.113160 0.554906 0.090172
v -0.106477 0.550839 0.096024
v -0.076986 0.568150 0.068330
v -0.113055 0.562751 0.116536
v -0.092461 0.586217 0.046360
v -0.100897 0.587755 0.005484
v -0.225887 0.606595 0.124370
v -0.240984 0.597362 0.103781
v -0.242538 0.585894 0.091264
v -0.198359 0.601764 0.136640
v -0.224017 0.586952 0.101778
v -0.203761 0.617489 0.143218
v -0.209081 0.577773 0.099624
v -0.214806 0.594993 0.092637
v -0.216278 0.561033 0.076114
v -0.178666 0.635015 0.182055
v -0.187957 0.629664 0.176166
v -0.183030 0.647708 0.177467
v -0.193293 0.636889 0.169671
v -0.114086 0.574033 0.155361
v -0.100226 0.582503 0.149638
v -0.108911 0.587851 0.134912
v -0.127456 0.575874 0.135427
v -0.146251 0.591018 0.146106
v -0.130458 0.598155 0.150156
v -0.177347 0.641232 0.163922
v -0.175147 0.617153 0.151407
v -0.189124 0.623862 0.150040
v -0.192001 0.637058 0.157633
v -0.142170 0.612121 0.157484
v -0.164900 0.602088 0.148512
v -0.150321 0.627928 0.164312
v -0.191160 0.591587 0.132856
v -0.151433 0.601560 0.142009
v -0.170088 0.609604 0.144030
v -0.171938 0.624964 0.146354
v -0.198163 0.624968 0.127076
v -0.192373 0.602038 0.128874
v -0.225988 0.624066 0.079812
v -0.215557 0.646957 0.114530
v -0.171037 0.647108 0.157232
v -0.192203 0.652466 0.143979
v -0.206372 0.663657 0.129705
v -0.221611 0.705244 0.093419
v -0.230598 0.684124 0.055003
v -0.233931 0.677020 0.052162
v -0.233065 0.752292 0.084311
v -0.182493 0.696689 0.143338
v -0.202639 0.702445 0.125276
v 0.404873 0.401809 -0.148739
v 0.402185 0.439097 -0.147041
v 0.415424 0.439059 -0.119490
v 0.401054 0.419273 -0.125143
v 0.384236 0.483419 -0.121620
v 0.396848 0.490073 -0.129417
v 0.366017 0.287889 -0.133464
v 0.370629 0.291661 -0.132087
v 0.367729 0.292743 -0.130299
v 0.363757 0.289532 -0.131479
v 0.382223 0.307340 -0.132540
v 0.375908 0.310088 -0.131329
v 0.372152 0.310871 -0.135115
v 0.364957 0.294111 -0.135010
v 0.365525 0.290819 -0.136451
v 0.381204 0.306823 -0.140055
v 0.375614 0.308525 -0.144296
v 0.371051 0.310522 -0.141409
v 0.332096 0.456530 -0.154971
v 0.351092 0.414982 -0.155879
v 0.358775 0.395315 -0.145565
v 0.343423 0.463455 -0.145959
v 0.383630 0.349264 -0.131714
v 0.382924 0.408135 -0.132416
v 0.374727 0.348446 -0.140726
v 0.375676 0.347771 -0.151199
v 0.369328 0.384879 -0.160607
v 0.365824 0.473676 -0.132537
v 0.146560 0.990585 0.104563
v 0.146387 0.969983 0.114398
v 0.137534 0.968826 0.111923
v 0.137329 0.986259 0.100446
v 0.148392 0.976694 0.091782
v 0.150330 0.963140 0.101795
v 0.157174 0.965020 0.108509
v 0.257681 0.016058 0.290803
v 0.250299 0.015959 0.307200
v 0.247320 0.009700 0.303694
v 0.257000 0.008499 0.287649
v 0.246459 0.002121 0.280736
v 0.237034 0.005028 0.290171
v 0.227832 0.000957 0.230303
v 0.202213 0.002907 0.210031
v 0.217876 0.001323 0.197738
v 0.238626 0.000598 0.204782
v 0.241385 0.001620 0.160952
v 0.214151 0.002174 0.162683
v 0.188895 0.003880 0.162507
v 0.291812 0.024994 0.095075
v 0.278782 0.025315 0.050942
v 0.273685 0.058107 0.063377
v 0.287976 0.051303 0.100253
v 0.268856 0.084336 0.122251
v 0.262090 0.093029 0.111710
v 0.267256 0.104127 0.109284
v 0.274082 0.078752 0.050499
v 0.201109 0.006550 -0.013723
v 0.183583 0.008744 -0.030797
v 0.200797 0.008172 -0.036167
v 0.218903 0.005946 -0.027650
v 0.176007 0.016783 -0.045931
v 0.201705 0.014745 -0.051837
v 0.231281 0.012174 -0.044057
v 0.249305 0.101162 0.174669
v 0.239509 0.106976 0.146253
v 0.206547 0.116145 0.150402
v 0.208304 0.107136 0.179685
v 0.238992 0.116337 0.139961
v 0.218448 0.127279 0.157182
v 0.209347 0.146663 0.145236
v 0.188711 0.138395 0.133857
v 0.178848 0.084283 0.165707
v 0.176199 0.096636 0.132635
v 0.155754 0.118681 0.097060
v 0.199569 0.006376 0.019956
v 0.175446 0.008301 0.027975
v 0.163852 0.007637 0.009034
v 0.180148 0.007593 -0.003199
v 0.154604 0.009121 0.033983
v 0.147780 0.009909 0.004748
v 0.162176 0.009618 -0.019598
v 0.246882 0.128369 0.140950
v 0.230330 0.137451 0.155489
v 0.243293 0.140044 0.128918
v 0.226097 0.150116 0.143856
v 0.135079 0.064583 0.038865
v 0.144173 0.081802 0.088735
v 0.144853 0.100001 0.043861
v 0.187789 0.157589 0.120024
v 0.161889 0.141713 0.088057
v 0.147446 0.125583 0.050201
v 0.229254 0.193091 0.114528
v 0.207155 0.195855 0.123213
v 0.207138 0.185019 0.099565
v 0.220143 0.186150 0.097330
v 0.189247 0.170395 0.104457
v 0.205811 0.179020 0.110826
v 0.183428 0.177690 0.106512
v 0.222034 0.178333 0.110319
v 0.176767 0.184638 0.123693
v 0.237151 0.205766 0.116910
v 0.222240 0.213648 0.129231
v 0.208829 0.216936 0.133035
v 0.193681 0.212091 0.131217
v 0.173328 0.201242 0.119134
v 0.143771 0.139360 0.012439
v 0.143882 0.140039 0.031568
v 0.137538 0.146426 0.054645
v 0.136670 0.148320 0.014090
v 0.142838 0.123333 0.014006
v 0.147302 0.133363 0.031480
v 0.148674 0.142552 0.057726
v 0.221511 0.229804 0.118070
v 0.207929 0.232234 0.124223
v 0.193868 0.227563 0.117692
v 0.158188 0.158627 -0.013936
v 0.149047 0.163082 -0.020512
v 0.181046 0.176671 -0.036386
v 0.184191 0.164691 -0.030331
v 0.208175 0.167723 -0.037696
v 0.210248 0.178074 -0.039014
v 0.218763 0.194462 -0.048002
v 0.196985 0.203463 -0.050868
v 0.150782 0.179241 -0.013077
v 0.168555 0.193354 -0.033603
v 0.184528 0.210594 -0.045972
v 0.170844 0.215868 -0.025266
v 0.187377 0.223474 -0.039997
v 0.201990 0.222207 -0.044108
v 0.182429 0.399421 0.132381
v 0.165211 0.404009 0.121803
v 0.175772 0.351650 0.103932
v 0.190628 0.342661 0.113863
v 0.193394 0.275062 0.103907
v 0.182371 0.272938 0.097576
v 0.164022 0.264962 0.080487
v 0.152392 0.345270 0.086985
v 0.143985 0.410040 0.105471
v 0.208461 0.402191 0.125908
v 0.205198 0.437557 0.143055
v 0.193642 0.427969 0.145907
v 0.197030 0.398921 0.139236
v 0.177821 0.434625 0.146468
v 0.188198 0.450258 0.143960
v 0.163373 0.439713 0.136443
v 0.171605 0.455615 0.137931
v 0.173873 0.462660 0.153857
v 0.192743 0.456496 0.156965
v 0.259846 0.508235 0.046371
v 0.265229 0.526076 0.058893
v 0.248016 0.521780 0.103376
v 0.254901 0.496420 0.090043
v 0.221830 0.474653 0.116242
v 0.220723 0.489400 0.127252
v 0.259536 0.548202 0.070398
v 0.250165 0.554427 0.095222
v 0.235977 0.571998 0.119922
v 0.232383 0.542561 0.127647
v 0.221085 0.504144 0.141841
v 0.145113 0.561449 0.172077
v 0.126053 0.551358 0.157262
v 0.146628 0.517678 0.161202
v 0.163722 0.510627 0.172167
v 0.108263 0.541065 0.142433
v 0.138128 0.503801 0.150616
v 0.161188 0.482964 0.162863
v 0.206318 0.483978 0.160249
v 0.213862 0.525963 0.151667
v 0.201603 0.517716 0.169809
v 0.217988 0.559778 0.152366
v 0.202731 0.564888 0.172885
v 0.145327 0.449385 0.121975
v 0.152997 0.469511 0.126775
v 0.111493 0.490460 0.122571
v 0.116349 0.462083 0.103362
v 0.097044 0.536461 0.127571
v 0.086958 0.532435 0.115781
v 0.126825 0.497493 0.135870
v 0.080404 0.534749 0.095131
v 0.083453 0.498697 0.092507
v 0.098340 0.474102 0.078444
v 0.250172 0.573879 0.094047
v 0.255600 0.571612 0.072948
v 0.250811 0.568886 0.054689
v 0.250300 0.554668 0.048902
v 0.265459 0.541863 0.031303
v 0.091520 0.489561 0.052435
v 0.094600 0.464489 0.040763
v 0.093242 0.429270 0.049114
v 0.113312 0.418518 0.082083
v 0.092911 0.479669 0.008055
v 0.098140 0.423605 -0.007502
v 0.250609 0.530502 0.020640
v 0.237202 0.547022 0.034845
v 0.214044 0.341182 -0.050037
v 0.191160 0.336125 -0.056456
v 0.177092 0.416895 -0.084758
v 0.208661 0.431710 -0.065991
v 0.144447 0.498024 -0.051317
v 0.171833 0.501082 -0.063117
v 0.150963 0.420081 -0.067907
v 0.200435 0.504070 -0.048914
v 0.169120 0.333404 -0.049872
v 0.219787 0.557090 0.065783
v 0.232119 0.558417 0.072068
v 0.238718 0.574037 0.071975
v 0.216316 0.593186 0.151736
v 0.198733 0.594319 0.173170
v 0.242366 0.590361 0.112051
v 0.214585 0.610694 0.135616
v 0.189741 0.617864 0.178316
v 0.200421 0.625250 0.165337
v 0.198248 0.627462 0.150811
v 0.259689 0.485244 0.035497
v 0.253049 0.498469 0.005983
v 0.232182 0.506072 -0.025409
v 0.231399 0.546294 -0.005485
v 0.222511 0.563173 0.014533
v 0.110026 0.574782 0.152450
v 0.096246 0.587718 0.149693
v 0.075392 0.575136 0.123540
v 0.091628 0.560763 0.136460
v 0.093040 0.563759 0.108943
v 0.078033 0.556819 0.114182
v 0.100368 0.573740 0.122909
v 0.179140 0.594244 0.187239
v 0.172905 0.614447 0.186676
v 0.157291 0.610721 0.181529
v 0.156839 0.593319 0.181038
v 0.163833 0.633104 0.185076
v 0.147119 0.620167 0.177360
v 0.132548 0.592912 0.168216
v 0.074799 0.551654 0.094030
v 0.096863 0.557132 0.095998
v 0.222634 0.585263 0.104322
v 0.246536 0.587679 0.082999
v 0.204455 0.601411 0.133430
v 0.098320 0.542513 0.070759
v 0.090657 0.554144 0.072992
v 0.178937 0.637761 0.183286
v 0.187861 0.643056 0.174714
v 0.176654 0.654438 0.181475
v 0.168601 0.655066 0.184050
v 0.182493 0.638071 0.161004
v 0.164876 0.645419 0.170074
v 0.155639 0.647544 0.179213
v 0.090838 0.525924 0.055934
v 0.076732 0.539644 0.072697
v 0.164927 0.564778 0.183341
v 0.141927 0.630780 0.170400
v 0.130704 0.608978 0.157578
v 0.113200 0.598624 0.145260
v 0.110415 0.596442 0.158195
v 0.100280 0.590829 0.134487
v 0.198088 0.553431 -0.031665
v 0.197401 0.577653 -0.020005
v 0.221881 0.580183 0.057591
v 0.107576 0.556168 0.103981
v 0.111704 0.525220 0.059883
v 0.112907 0.568653 0.097349
v 0.107750 0.549353 0.056655
v 0.119249 0.587646 0.138811
v 0.126310 0.575501 0.133008
v 0.229236 0.694881 0.018783
v 0.238854 0.693849 0.050235
v 0.231618 0.619127 0.045582
v 0.225355 0.615596 0.020104
v 0.228566 0.694132 0.076974
v 0.225935 0.630092 0.084248
v 0.195452 0.593725 0.133090
v 0.174166 0.609234 0.143200
v 0.182393 0.610518 0.146649
v 0.147279 0.596707 0.149063
v 0.168638 0.620807 0.154996
v 0.153517 0.594828 0.140890
v 0.146074 0.611287 0.143244
v 0.214373 0.600231 0.095937
v 0.216307 0.648256 0.114000
v 0.197556 0.632876 0.132137
v 0.209323 0.583064 0.102109
v 0.191490 0.605029 0.131654
v 0.169778 0.622342 0.147391
v 0.170719 0.647236 0.156029
v 0.210811 0.699324 0.113804
v 0.190530 0.701368 0.137625
v 0.149431 0.664526 0.161060
v 0.139565 0.643248 0.153478
v 0.119637 0.606059 0.129157
v 0.109825 0.645263 0.134829
v 0.169579 0.704064 0.153167
v 0.151532 0.705777 0.154356
v 0.133475 0.704832 0.149474
v 0.009043 0.922491 -0.095118
v 0.003309 0.893856 -0.106394
v 0.097544 0.866796 -0.101100
v 0.091498 0.912485 -0.083764
v 0.159237 0.928093 -0.046331
v 0.173863 0.901642 -0.049642
v -0.016720 0.835858 -0.133366
v 0.053572 0.799692 -0.147644
v 0.108437 0.754413 -0.153009
v 0.153964 0.800935 -0.105688
v 0.209082 0.841411 -0.053975
v 0.160922 0.984077 0.098799
v 0.371422 0.723711 0.061720
v 0.375090 0.708810 0.077491
v 0.322866 0.746880 0.091907
v 0.309534 0.769697 0.075085
v 0.325801 0.706975 -0.038904
v 0.344399 0.660731 -0.062678
v 0.377235 0.676405 -0.023899
v 0.353566 0.721201 -0.001158
v 0.367643 0.729185 0.038663
v 0.399209 0.699098 0.026785
v 0.346771 0.616842 -0.088990
v 0.371008 0.629000 -0.068966
v 0.419981 0.679216 0.023957
v 0.409361 0.664118 -0.011093
v 0.397469 0.633676 -0.036069
v 0.228979 0.797028 0.017207
v 0.201199 0.894262 0.011971
v 0.209125 0.887286 0.057747
v 0.238711 0.797237 0.057765
v 0.162906 0.955296 0.012133
v 0.177343 0.955948 0.046424
v 0.228705 0.795363 0.091563
v 0.200507 0.867037 0.099366
v 0.178122 0.954858 0.063445
v 0.197592 0.909386 0.073724
v 0.193899 0.884096 0.104481
v 0.407259 0.693900 0.050232
v 0.429694 0.671186 0.038458
v 0.428993 0.659676 0.003916
v 0.415273 0.689740 0.065640
v 0.432543 0.671960 0.055390
v 0.443021 0.673646 0.044851
v 0.441800 0.670045 0.035058
v 0.125962 0.965756 -0.030027
v 0.135796 0.944004 -0.027699
v 0.080174 0.917879 -0.056016
v 0.076575 0.956647 -0.057693
v 0.166923 0.883867 -0.029874
v 0.118479 0.861041 -0.047583
v 0.010057 0.965351 -0.058858
v 0.008495 0.937583 -0.054620
v 0.004864 0.895710 -0.035550
v 0.039685 0.878190 -0.040169
v 0.068316 0.844462 -0.036064
v 0.425787 0.693511 0.062060
v 0.429461 0.692449 0.043669
v -0.371475 0.296635 -0.138507
v -0.365677 0.294900 -0.135453
v -0.365814 0.293620 -0.131376
v -0.373768 0.295550 -0.135070
v -0.368192 0.301211 -0.137045
v -0.368501 0.300431 -0.132818
v -0.376538 0.300569 -0.132183
v -0.389169 0.320925 -0.137786
v -0.383136 0.323497 -0.131974
v -0.379889 0.405390 -0.133282
v -0.379391 0.372185 -0.133632
v -0.368854 0.375664 -0.149100
v -0.363444 0.400498 -0.142509
v -0.379430 0.408809 -0.160963
v -0.361464 0.400696 -0.165034
v -0.382797 0.371707 -0.158069
v -0.357121 0.437290 -0.167666
v -0.351296 0.422521 -0.153394
v -0.350877 0.403159 -0.153987
v -0.360935 0.431743 -0.140579
v -0.396590 0.411700 -0.126763
v -0.395801 0.441550 -0.123705
v -0.404741 0.446332 -0.120238
v -0.409436 0.421886 -0.133449
v -0.384499 0.465591 -0.151911
v -0.397237 0.416104 -0.152637
v -0.395167 0.476846 -0.141602
v -0.399430 0.485417 -0.123192
v -0.439960 0.667975 0.010910
v -0.445346 0.652320 -0.005068
v -0.426773 0.664060 0.006986
v -0.424803 0.674170 0.027379
v -0.403964 0.695589 0.043290
v -0.402995 0.694755 0.028904
v -0.400202 0.690448 0.010867
v -0.415904 0.655486 -0.011317
v 0.243511 0.815528 0.126192
v 0.290125 0.766067 0.112909
v 0.295543 0.756566 0.123272
v 0.238822 0.810064 0.143599
v 0.466088 0.552223 -0.002392
v 0.452639 0.594932 -0.006733
v 0.438183 0.581511 -0.026830
v 0.461105 0.547194 -0.013389
v 0.471080 0.548429 -0.021024
v 0.459754 0.593372 -0.035771
v 0.440217 0.641039 -0.033769
v 0.425841 0.629250 -0.018053
v 0.442911 0.632880 -0.002986
v -0.422502 0.619130 -0.022167
v -0.438368 0.581126 -0.022636
v -0.441613 0.584459 -0.034878
v -0.430382 0.615270 -0.047947
v -0.471040 0.584468 -0.018257
v -0.460114 0.608745 -0.031056
v -0.443426 0.622873 -0.006485
v -0.457300 0.585025 -0.004870
v 0.225487 0.910005 0.061908
v 0.219474 0.889578 0.086634
v 0.199220 0.922020 0.086102
v 0.207819 0.941825 0.061733
v 0.192363 0.970283 0.064587
v 0.184906 0.956387 0.082950
v 0.217955 0.864018 0.114023
v 0.199684 0.889037 0.113525
v 0.188593 0.901287 0.114590
v 0.190344 0.924880 0.091276
v 0.179608 0.948156 0.089050
v 0.436065 0.663350 0.015142
v 0.405237 0.642705 -0.059819
v 0.331751 0.754029 0.109715
v 0.293366 0.786994 0.129097
v 0.282135 0.780069 0.139165
v -0.395437 0.641765 -0.034105
v -0.398192 0.619512 -0.048874
v -0.409544 0.631234 -0.060434
v 0.187819 0.871366 0.152619
v 0.207345 0.848039 0.151756
v 0.202162 0.846605 0.160283
v 0.177921 0.868976 0.165321
v 0.432300 0.683134 0.017821
v 0.394849 0.725901 0.064313
v 0.397292 0.727844 0.042394
v 0.451168 0.641739 -0.008750
v 0.396588 0.721180 0.014831
v 0.425916 0.680019 -0.010040
v 0.244425 0.813851 0.156273
v 0.194709 0.886314 0.164691
v 0.183811 0.878658 0.178059
v 0.219694 0.860626 0.158371
v 0.252802 0.825622 0.144111
v -0.112176 0.967384 -0.040360
v -0.054996 0.959828 -0.061068
v -0.054765 0.928645 -0.060559
v -0.118220 0.954703 -0.039415
v -0.132453 0.926089 -0.036488
v -0.082417 0.897740 -0.054013
v -0.021391 0.887083 -0.036849
v -0.044530 0.868599 -0.034445
v 0.296893 0.506055 -0.166613
v 0.304764 0.483386 -0.184022
v 0.343157 0.455582 -0.171780
v 0.467116 0.600559 -0.016260
v 0.404010 0.667871 -0.045172
v 0.318544 0.512865 -0.150753
v 0.294342 0.552530 -0.152038
v 0.268382 0.547663 -0.173452
v 0.255684 0.566289 -0.192118
v 0.281503 0.532254 -0.183496
v -0.425386 0.674577 0.038918
v -0.427346 0.674640 0.049346
v -0.442312 0.669957 0.037107
v -0.439795 0.672122 0.026532
v -0.425043 0.693065 0.024398
v -0.424956 0.697107 0.041584
v -0.363618 0.594886 -0.090626
v -0.371137 0.568932 -0.096052
v -0.367996 0.558549 -0.102329
v -0.356510 0.590812 -0.096080
v -0.337642 0.585815 -0.110944
v -0.363873 0.537449 -0.113511
v -0.383557 0.486965 -0.120598
v -0.377529 0.530099 -0.129295
v -0.365376 0.567030 -0.126901
v -0.426181 0.680977 -0.004385
v -0.440326 0.642912 -0.031510
v -0.460250 0.618166 -0.009808
v -0.407386 0.674696 -0.035331
v -0.413645 0.649628 -0.050576
v -0.209221 0.768545 0.127786
v -0.232943 0.676921 0.034646
v -0.240637 0.766203 0.044431
v -0.393383 0.729529 0.038336
v -0.394595 0.722574 0.012329
v -0.384958 0.710945 -0.018083
v -0.311817 0.771791 0.120161
v -0.375606 0.723827 0.087211
v -0.361019 0.719057 0.076900
v -0.285160 0.769167 0.115149
v -0.372814 0.709837 0.086701
v -0.371985 0.709372 0.083425
v 0.358018 0.575366 -0.101610
v 0.367479 0.588492 -0.090854
v 0.376442 0.581162 -0.099890
v 0.371853 0.622542 -0.082055
v -0.376299 0.625812 -0.068170
v -0.361892 0.640164 -0.063315
v -0.386237 0.672903 -0.019391
v -0.328865 0.634889 -0.089487
v 0.205487 0.565054 -0.211160
v 0.214579 0.538554 -0.216048
v 0.231927 0.519871 -0.210524
v 0.231087 0.563018 -0.194180
v 0.238459 0.561416 -0.211307
v 0.233026 0.540251 -0.218356
v 0.233310 0.624876 -0.163634
v 0.199499 0.608629 -0.192365
v 0.261156 0.585773 -0.159075
v 0.169117 0.604839 -0.211204
v -0.197875 0.593444 -0.228852
v -0.183167 0.587303 -0.215270
v -0.200545 0.597307 -0.197475
v 0.163135 0.890793 0.159262
v 0.148448 0.908017 0.163138
v 0.155675 0.903648 0.151721
v 0.122810 0.941816 0.154946
v 0.126379 0.913659 0.151922
v 0.140865 0.919164 0.166796
v 0.147226 0.902935 0.148785
v 0.371961 0.577506 -0.115075
v 0.370618 0.634512 -0.086866
v 0.384980 0.708736 -0.023090
v 0.352639 0.688297 -0.067587
v 0.356086 0.573375 -0.131663
v 0.338967 0.623579 -0.118778
v 0.312894 0.678886 -0.103979
v -0.218019 0.610803 -0.182278
v -0.263547 0.569771 -0.164914
v -0.281486 0.536918 -0.185923
v -0.278627 0.533930 -0.178288
v -0.216263 0.601405 -0.216654
v -0.139493 0.986316 0.097586
v -0.142312 0.966972 0.108306
v -0.142845 0.969944 0.114960
v -0.144641 0.993174 0.102809
v -0.157784 0.989008 0.097091
v -0.155403 0.969409 0.109555
v -0.150070 0.960833 0.105491
v 0.147176 0.884749 0.157959
v 0.126119 0.887133 0.160158
v 0.097178 0.888209 0.160880
v 0.099456 0.891576 0.164859
v 0.230296 0.618633 -0.198294
v 0.269119 0.581437 -0.187245
v 0.223151 0.598877 -0.210979
v 0.215162 0.578258 -0.222833
v -0.232967 0.612899 -0.202048
v -0.269078 0.578322 -0.189246
v -0.364309 0.693336 -0.050528
v -0.335861 0.679333 -0.085285
v -0.356131 0.630087 -0.101349
v -0.379438 0.662197 -0.065409
v -0.382159 0.645643 -0.074909
v -0.365778 0.613996 -0.101665
v -0.305880 0.669673 -0.118934
v -0.330180 0.616207 -0.132487
v -0.147696 0.977624 0.091372
v 0.220957 0.930482 0.108988
v 0.224018 0.955082 0.113082
v 0.173374 0.942740 0.157204
v 0.186488 0.915138 0.147895
v 0.174559 0.907934 0.164397
v 0.161458 0.929729 0.162267
v 0.148547 0.932016 0.168433
v 0.134924 0.955284 0.158133
v 0.122378 0.954224 0.164549
v 0.137375 0.936434 0.171528
v 0.163503 0.905966 0.175397
v 0.222952 0.548636 -0.228234
v 0.171240 0.621024 -0.225735
v 0.173749 0.639614 -0.216870
v 0.132739 0.847132 0.160270
v 0.110528 0.843804 0.161378
v 0.090387 0.843590 0.154662
v 0.082821 0.885722 0.153364
v 0.065095 0.905448 0.161998
v 0.083223 0.905871 0.159899
v 0.068688 0.877502 0.167190
v 0.089130 0.905818 0.159347
v 0.095838 0.871446 0.178563
v 0.088933 0.914508 0.146153
v -0.240528 0.844411 0.141940
v -0.230819 0.841835 0.155004
v -0.254456 0.801488 0.126368
v -0.267255 0.787306 0.149423
v -0.251304 0.813635 0.110126
v 0.096903 0.966189 0.153772
v 0.096209 0.974708 0.162785
v -0.032825 0.579239 0.185244
v -0.043372 0.580553 0.197910
v -0.054972 0.601503 0.187495
v -0.035068 0.617721 0.184478
v -0.049908 0.623683 0.206305
v -0.059380 0.624694 0.196529
v 0.024065 0.650115 0.214320
v 0.028962 0.592465 0.200030
v 0.047237 0.599267 0.187900
v 0.039601 0.653964 0.200126
v 0.029559 0.535466 0.187195
v 0.044796 0.551519 0.177280
v 0.014271 0.538040 0.195938
v 0.017278 0.497749 0.186278
v 0.021713 0.506905 0.171554
v 0.026838 0.536917 0.172768
v 0.011453 0.539758 0.177800
v -0.003025 0.537519 0.203182
v -0.001595 0.492453 0.196758
v -0.005374 0.467268 0.177804
v -0.005654 0.494454 0.180035
v 0.009603 0.465802 0.184060
v -0.003010 0.465895 0.191054
v -0.007834 0.539247 0.183481
v 0.019004 0.756296 0.226028
v -0.003106 0.754951 0.228966
v 0.004400 0.695818 0.226269
v 0.018851 0.700248 0.220904
v -0.023986 0.747261 0.220556
v -0.018675 0.688488 0.211478
v 0.005084 0.646262 0.217218
v 0.027700 0.587966 0.177833
v 0.026026 0.622234 0.182459
v 0.044872 0.621088 0.176729
v -0.011445 0.587815 0.202998
v -0.031942 0.583031 0.210389
v -0.028902 0.537538 0.197257
v -0.019785 0.493277 0.189743
v -0.014558 0.641593 0.204996
v -0.011700 0.582546 0.183706
v 0.096951 0.819441 0.186455
v 0.081634 0.828770 0.175105
v 0.084102 0.870060 0.189361
v 0.075790 0.814998 0.196184
v 0.046192 0.665847 0.180128
v 0.050806 0.726893 0.183174
v 0.070014 0.723772 0.186600
v 0.061582 0.661661 0.183526
v 0.054583 0.779722 0.180043
v 0.073778 0.775960 0.180648
v 0.070109 0.763834 0.197744
v 0.082212 0.780896 0.189375
v 0.080703 0.899421 0.145954
v 0.073826 0.916515 0.139708
v 0.078470 0.936394 0.153635
v 0.090884 0.939844 0.153830
v 0.073784 0.631939 -0.237560
v 0.040908 0.643013 -0.240672
v -0.003866 0.625096 -0.254071
v 0.038822 0.615073 -0.259740
v -0.008616 0.656716 -0.236951
v -0.044523 0.642724 -0.240826
v -0.003518 0.613493 -0.282384
v 0.001317 0.601302 -0.266769
v -0.003908 0.631909 -0.274241
v 0.029150 0.609650 -0.271054
v -0.212189 0.843501 0.167836
v -0.000191 0.582848 -0.277541
v 0.003521 0.567822 -0.286212
v 0.011878 0.559030 -0.285867
v 0.016644 0.583735 -0.278256
v 0.015919 0.588636 -0.289462
v 0.014483 0.569743 -0.291649
v 0.060519 0.891196 0.135952
v 0.065129 0.876365 0.137534
v 0.301953 0.815444 0.079217
v 0.301773 0.835503 0.033780
v 0.286291 0.854691 0.061015
v 0.271621 0.844987 0.094053
v 0.260459 0.890993 0.059706
v 0.241712 0.884074 0.105470
v -0.070363 0.633077 -0.240153
v -0.039850 0.626174 -0.250546
v -0.041017 0.653708 -0.260354
v -0.070951 0.647823 -0.255007
v -0.170103 0.942814 0.005880
v -0.206868 0.873814 0.004654
v -0.213522 0.875966 0.056248
v -0.182719 0.941302 0.044071
v -0.192920 0.884430 0.104900
v -0.197818 0.905787 0.080162
v -0.205708 0.853397 0.097170
v -0.181339 0.942146 0.061251
v 0.247303 0.885814 -0.017604
v 0.266471 0.891306 0.017773
v 0.285471 0.830127 -0.011728
v 0.076883 0.637101 -0.256728
v 0.118894 0.648895 -0.221579
v 0.080056 0.661816 -0.218039
v 0.015439 0.614500 -0.281678
v 0.015874 0.636172 -0.272388
v 0.044341 0.637781 -0.266951
v -0.196649 0.954995 0.072180
v -0.186985 0.945493 0.084777
v -0.202261 0.914193 0.087764
v -0.211866 0.928712 0.069478
v -0.229643 0.898791 0.070238
v -0.223694 0.881653 0.088904
v -0.179898 0.938424 0.086488
v -0.191802 0.920400 0.093821
v -0.218875 0.863142 0.112710
v -0.199626 0.888553 0.113596
v -0.187400 0.902446 0.114251
v 0.024103 0.852410 0.065210
v 0.045286 0.864757 0.114545
v 0.030746 0.876959 0.116115
v 0.014581 0.860336 0.066241
v 0.053154 0.909221 0.138587
v 0.026928 0.902576 0.133472
v -0.008342 0.860734 0.069180
v -0.006270 0.879952 0.115998
v -0.008150 0.900215 0.132354
v 0.117725 0.956009 0.133332
v 0.094785 0.942794 0.137981
v 0.108178 0.968501 0.137008
v 0.087873 0.965447 0.135653
v -0.094734 0.651813 -0.222300
v -0.070376 0.668767 -0.220302
v -0.147224 0.659660 -0.194813
v -0.147691 0.640676 -0.207498
v -0.157340 0.723345 -0.149410
v -0.205585 0.665369 -0.158266
v -0.100463 0.708606 -0.185418
v -0.032959 0.697368 -0.213085
v -0.104239 0.645880 -0.224953
v -0.106908 0.655593 -0.236094
v -0.084745 0.643019 -0.250777
v -0.017595 0.658311 -0.260966
v 0.086896 0.963360 0.146258
v 0.094954 0.945883 0.165804
v 0.082985 0.948685 0.177597
v 0.116159 0.683511 -0.194126
v 0.158292 0.650502 -0.191101
v 0.134232 0.646634 -0.223397
v -0.112291 0.667029 -0.229306
v -0.171800 0.642642 -0.218647
v -0.154547 0.633251 -0.225872
v -0.146159 0.633785 -0.219107
v 0.139191 0.989189 0.168219
v 0.101386 0.997297 0.168992
v 0.082095 1.003466 0.159341
v 0.071468 0.983180 0.169675
v 0.020485 0.818868 0.212754
v 0.032036 0.869959 0.198524
v 0.001334 0.876333 0.198649
v -0.005998 0.819126 0.219315
v -0.038370 0.912634 0.197369
v -0.028525 0.865144 0.211912
v -0.018193 0.921669 0.184886
v -0.025747 0.810460 0.213158
v -0.194331 0.880106 0.132483
v -0.184867 0.876864 0.149532
v -0.207416 0.848574 0.150357
v -0.214879 0.852917 0.130168
v -0.187141 0.849476 0.171832
v -0.205753 0.841322 0.165509
v -0.181891 0.860213 0.169100
v -0.169503 0.877252 0.165989
v -0.242533 0.806647 0.139020
v -0.244118 0.798043 0.149953
v -0.068768 0.801393 0.199667
v -0.087738 0.801708 0.192977
v -0.081032 0.752336 0.191158
v -0.064773 0.745723 0.201124
v -0.252151 0.901907 0.060398
v -0.259776 0.899204 0.015474
v -0.300099 0.843332 0.030447
v -0.282140 0.853811 0.068779
v -0.337400 0.783949 0.060174
v -0.345909 0.779158 0.024866
v -0.340633 0.764916 -0.011799
v -0.286319 0.828603 -0.012947
v -0.244361 0.889642 -0.019629
v -0.041908 0.874092 0.117985
v -0.025002 0.852325 0.069392
v -0.035296 0.827730 0.072057
v -0.057428 0.832857 0.126878
v -0.039130 0.903559 0.135520
v -0.095114 0.839422 0.156122
v -0.077474 0.888653 0.145545
v -0.069448 0.914468 0.139584
v -0.065855 0.797240 0.176749
v -0.064169 0.740046 0.180568
v -0.084676 0.800428 0.176921
v -0.096277 0.718274 -0.206293
v -0.072557 0.684190 -0.237068
v -0.140137 0.696610 -0.204860
v -0.189885 0.655934 -0.200812
v 0.244347 0.639449 -0.178700
v 0.187047 0.691942 -0.179686
v 0.211226 0.745139 -0.133821
v 0.272753 0.667740 -0.142746
v 0.114951 0.728978 -0.192803
v 0.117045 0.778352 -0.163572
v 0.114855 0.853221 -0.125630
v 0.194076 0.829155 -0.095776
v 0.275668 0.746305 -0.088291
v 0.235645 0.821716 -0.072361
v 0.040866 0.920449 0.192786
v 0.044674 0.960311 0.186593
v 0.027493 0.955690 0.182482
v 0.021224 0.928068 0.192853
v 0.043730 0.984498 0.174795
v 0.016606 0.971617 0.191271
v 0.000133 0.944375 0.192676
v -0.192044 0.887183 0.165251
v -0.183050 0.880691 0.176255
v -0.173144 0.869662 0.187698
v -0.191163 0.855684 0.181505
v -0.174757 0.850134 0.145252
v -0.150552 0.850505 0.156307
v -0.138907 0.896399 0.155228
v -0.164270 0.884597 0.142769
v -0.125394 0.844727 0.160825
v -0.109059 0.893954 0.158245
v -0.094206 0.921679 0.143239
v -0.116400 0.924846 0.146175
v -0.161092 0.900945 0.138545
v -0.151416 0.907927 0.151050
v -0.137706 0.922140 0.152213
v 0.063670 0.952789 0.179067
v 0.041953 1.006525 0.155779
v 0.008829 0.992181 0.164201
v 0.064097 1.010031 0.157450
v -0.008569 0.981580 0.180071
v -0.161194 0.879027 0.174656
v -0.151502 0.902111 0.164526
v -0.145731 0.913312 0.168878
v 0.093426 1.021679 0.156036
v 0.080732 1.030191 0.148252
v 0.101962 1.039474 0.154309
v 0.082196 1.041054 0.156043
v 0.047861 1.030240 0.173809
v 0.047228 1.020599 0.159482
v -0.130932 0.928576 0.158231
v -0.158970 0.896872 0.157357
v -0.118734 0.950763 0.140630
v -0.115850 0.955366 0.152398
v 0.108656 1.062918 0.162118
v 0.115440 1.097293 0.137399
v 0.097960 1.080559 0.150435
v 0.102490 1.062233 0.153730
v 0.076118 1.079163 0.154993
v 0.080476 1.058710 0.160001
v 0.107480 1.098149 0.127324
v 0.122596 1.063151 0.162746
v 0.146626 1.063866 0.140778
v 0.145613 1.085377 0.134537
v 0.130696 1.099154 0.147736
v -0.139155 0.951437 0.157995
v 0.255933 1.425134 0.001130
v 0.233451 1.440889 -0.005998
v 0.224650 1.435687 -0.020429
v 0.226862 1.423483 -0.018465
v 0.138736 1.395361 0.128771
v 0.126860 1.381095 0.136274
v 0.124696 1.381336 0.128653
v 0.132099 1.393344 0.121478
v 0.141924 1.383636 0.119521
v 0.130861 1.372129 0.128782
v 0.123371 1.366702 0.134841
v 0.196396 1.337963 0.113217
v 0.196070 1.356637 0.110238
v 0.172436 1.360200 0.117400
v 0.177643 1.337173 0.120930
v 0.199614 1.378675 0.098326
v 0.177829 1.383885 0.102956
v 0.142912 1.360702 0.128877
v 0.154022 1.347545 0.129253
v 0.155054 1.373195 0.118754
v 0.162730 1.389856 0.105522
v 0.161899 1.330999 0.130079
v 0.503607 0.928798 -0.211700
v 0.513714 0.885865 -0.218236
v 0.530980 0.891298 -0.218417
v 0.518990 0.931714 -0.210900
v 0.518951 0.852231 -0.222135
v 0.536498 0.852728 -0.229276
v 0.501012 0.993960 -0.215457
v 0.502121 0.990887 -0.204728
v 0.536089 0.935159 -0.212799
v 0.527467 0.959826 -0.220601
v 0.493762 0.985249 -0.199285
v 0.517033 0.852106 -0.241439
v 0.514853 0.883572 -0.240536
v 0.512711 0.912070 -0.237504
v 0.531251 0.921575 -0.233859
v 0.485776 0.878458 -0.228769
v 0.501023 0.852101 -0.230060
v 0.476149 0.923199 -0.216308
v 0.479097 0.884037 -0.222722
v 0.485097 0.924015 -0.213951
v 0.478813 0.897562 -0.236599
v 0.491639 0.906006 -0.238945
v 0.500503 1.148242 -0.057166
v 0.499520 1.146005 -0.039713
v 0.496776 1.139153 -0.040452
v 0.500244 1.138545 -0.052772
v 0.473717 1.142808 -0.032561
v 0.475229 1.155213 -0.040208
v 0.448427 1.162439 -0.117622
v 0.483320 1.142195 -0.122149
v 0.495633 1.136294 -0.101521
v 0.447085 1.158022 -0.091119
v 0.501310 1.121487 -0.132471
v 0.504898 1.105010 -0.139076
v 0.440285 1.152799 -0.063412
v 0.479173 1.144090 -0.069583
v 0.503192 1.137359 -0.070372
v 0.521450 1.127346 -0.084153
v 0.582243 1.017801 -0.135670
v 0.579782 1.027033 -0.127610
v 0.575133 1.019859 -0.143041
v 0.589314 1.028093 -0.150021
v 0.583538 1.064679 -0.153261
v 0.568288 1.059383 -0.159755
v 0.586392 1.064049 -0.121906
v 0.563865 1.106082 -0.107056
v 0.569092 1.096886 -0.086136
v 0.581063 1.057099 -0.112981
v 0.571070 1.057193 -0.121985
v 0.548059 1.099602 -0.110010
v 0.596004 1.025109 -0.125381
v 0.595647 1.033459 -0.135984
v 0.594628 1.041096 -0.127129
v 0.590197 1.032875 -0.123019
v 0.526775 1.138510 -0.094639
v 0.442396 1.150116 -0.135420
v 0.479208 1.078785 -0.167024
v 0.459434 1.099071 -0.160733
v 0.420393 1.127726 -0.155289
v 0.482903 1.094093 -0.185537
v 0.509559 1.098318 -0.171803
v 0.537781 1.088658 -0.130554
v 0.540469 1.087574 -0.152103
v 0.386727 1.186334 -0.036487
v 0.378347 1.175936 -0.045803
v 0.436859 1.143877 -0.039258
v 0.438462 1.156672 -0.032178
v 0.473949 1.140482 -0.047594
v 0.387158 1.180729 -0.067621
v 0.431591 1.068271 -0.172339
v 0.463637 1.059254 -0.175690
v 0.461376 1.025514 -0.187040
v 0.442787 1.018821 -0.190961
v 0.366024 1.096222 -0.170960
v 0.397793 1.054429 -0.178763
v 0.392343 1.105691 -0.161946
v 0.421411 1.005512 -0.192918
v 0.519552 1.142940 -0.116448
v 0.482351 1.163386 -0.094895
v 0.503932 1.149971 -0.077513
v 0.475499 1.160181 -0.062942
v 0.512644 1.141998 -0.140789
v 0.477922 1.167053 -0.129471
v 0.449258 1.186080 -0.120684
v 0.447890 1.181548 -0.090069
v 0.444693 1.173989 -0.063608
v 0.478975 1.052747 -0.178004
v 0.482410 1.061853 -0.182899
v 0.474857 1.071948 -0.198407
v 0.504453 1.127820 -0.167438
v 0.549382 1.100657 -0.161672
v 0.555489 1.109965 -0.147215
v 0.471703 1.110782 -0.183398
v 0.448893 1.129148 -0.179982
v 0.470037 1.156216 -0.157460
v 0.481609 1.030423 -0.185850
v 0.495281 1.037242 -0.193084
v 0.404961 0.995522 -0.201375
v 0.433175 0.958464 -0.213472
v 0.449564 0.966593 -0.204996
v 0.402196 0.998111 -0.217336
v 0.439766 0.963973 -0.224753
v 0.467125 0.921970 -0.222652
v 0.467938 0.925927 -0.229184
v 0.464992 1.034794 -0.210486
v 0.448234 1.029772 -0.215594
v 0.425077 1.082775 -0.195059
v 0.454943 1.075797 -0.198745
v 0.431313 1.020239 -0.216279
v 0.401204 1.067860 -0.204047
v 0.364516 1.110031 -0.188987
v 0.386779 1.121571 -0.180720
v 0.417721 1.153500 -0.172087
v 0.341472 1.091585 -0.172704
v 0.376732 1.045994 -0.185302
v 0.324223 1.135547 -0.150946
v 0.301509 1.130030 -0.150025
v 0.371045 1.046303 -0.195937
v 0.333754 1.086736 -0.178611
v 0.310490 1.091049 -0.166974
v 0.323807 1.085669 -0.172076
v 0.312769 1.100847 -0.185792
v 0.339437 1.098881 -0.187917
v 0.381308 1.054984 -0.204617
v 0.291490 1.138953 -0.176516
v 0.308750 1.144620 -0.171399
v 0.326982 1.153844 -0.169158
v 0.396361 1.388104 0.047377
v 0.377708 1.378422 0.070223
v 0.371082 1.385197 0.057535
v 0.394568 1.381687 0.055046
v 0.379470 1.376199 0.062733
v 0.365657 1.376524 0.060460
v 0.355522 1.384079 0.040833
v 0.354300 1.393170 0.043116
v 0.795727 1.331877 0.099890
v 0.794603 1.320074 0.107216
v 0.810027 1.319432 0.105332
v 0.812364 1.327754 0.096405
v 0.792586 1.309928 0.091180
v 0.811156 1.309627 0.095840
v 0.787784 1.315419 0.081872
v 0.810428 1.316813 0.087321
v 0.776219 1.315551 0.047786
v 0.791707 1.311579 0.056152
v 0.783973 1.317498 0.078474
v 0.775783 1.317579 0.080360
v 0.775184 1.336212 0.100948
v 0.774797 1.336181 0.082416
v 0.814342 1.327927 0.062784
v 0.810933 1.314617 0.071371
v 0.826344 1.312867 0.067762
v 0.831034 1.317270 0.065915
v 0.826721 1.320371 0.057119
v 0.826123 1.312961 0.056749
v 0.810111 1.309595 0.057331
v 0.812530 1.319900 0.052411
v 0.795929 1.328426 0.050559
v 0.775849 1.333958 0.050882
v 0.775998 1.324195 0.077396
v 0.758211 1.316098 0.053610
v 0.748070 1.312856 0.084252
v 0.753179 1.350464 0.085198
v 0.775998 1.324195 0.077396
v 0.761254 1.346604 0.068140
v 0.773917 1.310614 0.039031
v 0.795611 1.315214 0.046632
v 0.751641 1.312011 0.036569
v 0.779905 1.334865 0.031204
v 0.791846 1.331655 0.035279
v 0.720693 1.279341 0.120557
v 0.722233 1.268737 0.110944
v 0.741293 1.262547 0.123944
v 0.743934 1.271699 0.124457
v 0.747508 1.269690 0.113589
v 0.743175 1.262530 0.112212
v 0.732226 1.268821 0.100102
v 0.741422 1.279425 0.104231
v 0.737162 1.281969 0.118744
v 0.718852 1.297973 0.087847
v 0.722530 1.294995 0.114686
v 0.713286 1.323496 0.107912
v 0.704499 1.307895 0.111669
v 0.719347 1.306412 0.099298
v 0.726300 1.309976 0.091914
v 0.730830 1.309896 0.068236
v 0.709807 1.285487 0.083476
v 0.694722 1.293326 0.065500
v 0.696831 1.305430 0.053008
v 0.723326 1.311033 0.043390
v 0.756101 1.341828 0.024946
v 0.763374 1.321652 0.051254
v 0.777314 1.321975 0.020531
v 0.790883 1.321845 0.024042
v 0.752781 1.337320 0.007923
v 0.748963 1.314272 0.019972
v 0.743840 1.322021 0.108126
v 0.748189 1.342828 0.103743
v 0.714901 1.346690 0.101883
v 0.667797 1.316313 0.107621
v 0.672916 1.335123 0.107506
v 0.675108 1.353847 0.100419
v 0.718475 1.351800 0.018888
v 0.718053 1.359768 0.038634
v 0.716860 1.363177 0.061006
v 0.675329 1.288505 0.073087
v 0.655163 1.299716 0.055271
v 0.717417 1.311383 0.021284
v 0.687603 1.308113 0.023564
v 0.654748 1.304578 0.022408
v 0.698605 1.279192 0.093666
v 0.647303 1.313568 0.101423
v 0.655565 1.303748 0.081505
v 0.667097 1.296585 0.093710
v 0.642563 1.295236 0.082658
v 0.595830 1.321047 0.099483
v 0.595565 1.302507 0.078699
v 0.599016 1.295775 0.048889
v 0.602685 1.303320 0.022748
v 0.480338 1.389941 -0.007563
v 0.438813 1.385808 -0.002551
v 0.465852 1.394722 0.028338
v 0.485057 1.404515 0.027312
v 0.488952 1.394436 0.072344
v 0.449523 1.382251 0.061561
v 0.411465 1.354354 0.093413
v 0.374342 1.361749 0.093414
v 0.357391 1.339369 0.109905
v 0.414698 1.333488 0.103311
v 0.413498 1.308192 0.098648
v 0.357314 1.310491 0.100626
v 0.361410 1.378304 0.092986
v 0.338951 1.362080 0.115767
v 0.280858 1.350444 0.115643
v 0.285594 1.331159 0.123835
v 0.281585 1.307730 0.118839
v 0.377487 1.365193 -0.015082
v 0.392291 1.378131 -0.005024
v 0.422184 1.388109 0.033156
v 0.405713 1.373604 0.070689
v 0.364783 1.390536 -0.004042
v 0.371868 1.396506 0.053044
v 0.380073 1.397770 0.035987
v 0.375291 1.388245 -0.005385
v 0.352283 1.392449 0.091979
v 0.370486 1.413001 0.048722
v 0.364264 1.351539 -0.045204
v 0.358008 1.353528 -0.029744
v 0.347534 1.366112 -0.022008
v 0.342688 1.386750 0.068524
v 0.350787 1.375602 0.081306
v 0.369871 1.369977 0.076407
v 0.351450 1.368591 0.082039
v 0.344456 1.376171 0.068439
v 0.337907 1.384216 0.050865
v 0.446425 1.360393 -0.029767
v 0.393610 1.346236 -0.025782
v 0.353673 1.336179 -0.025171
v 0.343098 1.357612 -0.019753
v 0.339524 1.385909 -0.003801
v 0.351722 1.380507 0.002899
v 0.332722 1.377998 -0.001935
v 0.340782 1.377983 -0.045530
v 0.318880 1.356999 -0.069618
v 0.310870 1.371291 -0.063788
v 0.325499 1.389582 -0.044873
v 0.291229 1.351153 -0.079419
v 0.293389 1.367875 -0.069122
v 0.306710 1.395780 -0.041202
v 0.319108 1.298936 -0.067407
v 0.293976 1.320652 -0.065923
v 0.295933 1.322915 -0.053594
v 0.320122 1.297550 -0.055940
v 0.312391 1.289801 -0.048325
v 0.284234 1.326651 -0.046213
v 0.278280 1.329348 -0.071903
v 0.288216 1.337830 -0.066339
v 0.273565 1.363776 -0.038269
v 0.296150 1.355614 -0.038850
v 0.323861 1.350389 -0.037149
v 0.322103 1.330784 -0.052574
v 0.320045 1.342971 -0.063802
v 0.257789 1.331273 -0.087659
v 0.256787 1.344933 -0.077145
v 0.133950 1.353561 0.136316
v 0.130931 1.369006 0.139960
v 0.139901 1.358986 0.142120
v 0.153142 1.369656 0.142961
v 0.137785 1.377477 0.138677
v 0.317225 1.300381 -0.082443
v 0.295314 1.317461 -0.076251
v 0.307253 1.298901 -0.097589
v 0.283422 1.322698 -0.084661
v 0.264670 1.354297 -0.081405
v 0.268877 1.370845 -0.082062
v 0.224942 1.336881 -0.109663
v 0.227211 1.345867 -0.116845
v 0.216230 1.358852 -0.114957
v 0.263704 1.394286 -0.089517
v 0.266849 1.390249 0.069037
v 0.247856 1.371150 0.095016
v 0.275051 1.363927 0.096935
v 0.288661 1.372219 0.087270
v 0.238699 1.350189 0.108473
v 0.289450 1.359680 0.102971
v 0.278642 1.412219 0.030139
v 0.267746 1.425913 0.033313
v 0.251331 1.415100 -0.003309
v 0.274467 1.403687 -0.001827
v 0.271047 1.430859 0.020196
v 0.204124 1.211226 -0.145226
v 0.240684 1.179271 -0.152622
v 0.225109 1.168061 -0.144035
v 0.186697 1.200247 -0.142533
v 0.205930 1.204355 -0.125456
v 0.251525 1.175774 -0.137622
v 0.275471 1.131117 -0.169067
v 0.278969 1.125091 -0.154556
v 0.248776 1.449186 0.041037
v 0.239760 1.448156 0.015344
v 0.233924 1.334105 0.116408
v 0.330485 1.368645 0.119302
v 0.285510 1.351834 0.140030
v 0.271993 1.386147 -0.022949
v 0.246076 1.395533 -0.024620
v 0.216732 1.414756 -0.018916
v 0.212153 1.393389 -0.032281
v 0.273329 1.434634 -0.044818
v 0.250806 1.405483 -0.081373
v 0.232041 1.424765 -0.074486
v 0.244011 1.447398 -0.042131
v 0.205556 1.375974 -0.104405
v 0.194634 1.415532 -0.089940
v 0.209833 1.455935 -0.044274
v 0.285507 1.364909 0.146934
v 0.322055 1.381871 0.126570
v 0.311601 1.393289 0.113929
v 0.291832 1.389564 0.117909
v 0.244000 1.342829 0.145626
v 0.232741 1.350733 0.127937
v 0.253042 1.369475 0.111889
v 0.318362 1.374834 0.078855
v 0.325120 1.363533 0.092364
v 0.323233 1.375460 0.091941
v 0.290145 1.379406 0.095452
v 0.260838 1.385480 0.097900
v 0.250984 1.368052 -0.039389
v 0.229646 1.364811 -0.042632
v 0.215724 1.354498 -0.050272
v 0.192972 1.376761 -0.045435
v 0.174653 1.389395 -0.047145
v 0.181097 1.402947 -0.035128
v 0.191896 1.417032 -0.025141
v 0.269600 1.400615 0.078569
v 0.286237 1.395334 0.077774
v 0.265101 1.416940 0.066512
v 0.281362 1.407073 0.058254
v 0.254885 1.399511 0.098384
v 0.289984 1.402462 0.126519
v 0.258290 1.361515 0.154257
v 0.275501 1.419036 0.129790
v 0.230481 1.367275 0.163137
v 0.240698 1.378907 0.123207
v 0.172848 1.360079 -0.123023
v 0.159887 1.382743 -0.115767
v 0.192789 1.465042 -0.050704
v 0.170028 1.427676 -0.093833
v 0.146168 1.393292 -0.116968
v 0.182262 1.488422 -0.002623
v 0.186909 1.496196 0.039767
v 0.200449 1.521033 0.033865
v 0.193289 1.498007 -0.007448
v 0.204494 1.488939 -0.004066
v 0.213670 1.507636 0.033039
v 0.206294 1.494846 0.057701
v 0.222343 1.331299 -0.102898
v 0.187180 1.323912 -0.119301
v 0.195311 1.323943 -0.128207
v 0.195319 1.341577 -0.130881
v 0.216996 1.358752 0.139672
v 0.193517 1.474971 0.097211
v 0.176990 1.478179 0.085880
v 0.174998 1.475209 0.001464
v 0.177731 1.480045 0.036032
v 0.171933 1.465248 0.075048
v 0.310529 1.385883 0.059714
v 0.305132 1.391018 0.030635
v 0.259680 1.400414 0.033046
v 0.190988 1.327737 0.156690
v 0.154393 1.327981 0.140741
v 0.165474 1.307887 0.141235
v 0.169226 1.310841 0.125795
v 0.171510 1.270937 0.095034
v 0.170753 1.244880 0.104707
v 0.162240 1.339183 0.149561
v 0.170094 1.330487 0.155074
v 0.087779 1.321364 0.193083
v 0.129214 1.288541 0.178738
v 0.144771 1.319636 0.168060
v 0.087086 1.351489 0.180394
v 0.157417 1.337180 0.167413
v 0.144348 1.377331 0.174670
v 0.169424 1.324093 0.157647
v 0.131076 1.234206 0.153484
v 0.156786 1.185009 0.046430
v 0.180182 1.233634 0.048845
v 0.143650 1.179060 0.088070
v 0.093407 1.154471 0.144189
v 0.180994 1.259743 0.049840
v 0.184326 1.455266 0.071316
v 0.177461 1.430927 0.103643
v 0.157135 1.437949 0.106564
v 0.159351 1.446264 0.126816
v 0.166011 1.406386 0.123060
v 0.150060 1.410040 0.118450
v 0.147992 1.472260 0.038260
v 0.140780 1.451650 0.107122
v 0.159219 1.458135 0.035573
v 0.141304 1.407604 0.111126
v 0.152364 1.424037 0.089572
v 0.161077 1.441642 0.036080
v 0.085046 1.216448 0.180343
v 0.065836 1.144669 0.162312
v 0.064083 1.099859 0.153424
v 0.101942 1.119134 0.131838
v 0.130450 1.397178 0.156484
v 0.118674 1.407977 0.155532
v 0.105452 1.422880 0.155826
v -0.039307 1.001912 0.165113
v -0.030610 1.007773 0.152826
v 0.007193 1.002918 0.172018
v -0.030131 1.013400 0.163843
v -0.163617 0.911830 0.172154
v -0.167123 0.922657 0.161088
v -0.202435 0.892537 0.151722
v -0.182794 0.920922 0.146964
v -0.144850 0.970544 0.160150
v -0.168992 0.942143 0.163189
v -0.184255 0.945249 0.159668
v 0.207448 0.927142 -0.042521
v 0.184188 0.951000 -0.065461
v 0.197780 0.956018 -0.051833
v 0.223332 0.926603 -0.031288
v 0.241236 0.927809 0.006288
v 0.239968 0.943951 -0.000674
v 0.228704 0.967047 0.001115
v 0.182810 0.980923 -0.045697
v 0.145659 1.176203 0.009160
v 0.177281 1.239755 -0.001721
v 0.187137 1.270989 0.012135
v 0.186914 1.300465 -0.038011
v 0.168793 1.294617 -0.052593
v -0.101613 0.946510 0.135397
v -0.091916 0.964257 0.134553
v -0.107409 0.967206 0.135421
v -0.091688 0.968396 0.147924
v -0.109441 0.968285 0.143980
v 0.181811 0.900876 -0.071653
v 0.174846 0.939492 -0.064899
v 0.195538 0.923367 -0.053241
v 0.211584 0.891239 -0.057868
v 0.230705 0.886806 -0.042559
v -0.074692 0.957590 0.139445
v -0.072587 0.962797 0.147624
v -0.076340 0.949448 0.151559
v -0.092416 0.955353 0.151401
v -0.096609 0.963759 0.163735
v -0.099835 0.982038 0.153575
v 0.056450 1.207893 0.190495
v 0.033246 1.133988 0.179531
v -0.156224 0.978622 0.161879
v -0.067393 0.946591 0.186156
v -0.052997 0.951384 0.187338
v -0.066221 0.980407 0.180813
v -0.075622 0.980763 0.173737
v -0.077398 1.001530 0.165422
v -0.059476 0.990012 0.172296
v -0.120903 1.672237 0.086100
v -0.122327 1.687831 0.074686
v -0.119913 1.686662 0.063172
v -0.122752 1.665626 0.071975
v -0.111602 1.665960 0.072610
v -0.113351 1.685820 0.070291
v 0.066081 1.716407 0.061205
v 0.071674 1.692807 0.078946
v 0.084754 1.683621 0.076053
v 0.083645 1.697636 0.053154
v 0.017544 1.687758 0.140303
v -0.002896 1.694793 0.148628
v -0.001310 1.656241 0.174764
v 0.017348 1.645226 0.168708
v -0.018086 1.690942 0.135869
v -0.020008 1.649789 0.163036
v 0.014581 1.604493 0.192332
v -0.001786 1.608063 0.195363
v -0.019022 1.602248 0.190256
v 0.063765 1.745860 0.045904
v 0.049281 1.755269 0.053926
v 0.047810 1.726952 0.070985
v 0.057814 1.759687 0.033642
v 0.026677 1.759906 0.051239
v 0.013962 1.578491 0.205227
v 0.024872 1.579238 0.194987
v 0.030127 1.596160 0.184197
v 0.042306 1.583407 0.176714
v 0.028754 1.562234 0.194902
v 0.014494 1.553141 0.209051
v 0.022730 1.734994 0.081029
v -0.001459 1.741279 0.050809
v 0.001276 1.737471 0.077727
v -0.003561 1.744260 0.091049
v 0.009649 1.732252 0.098615
v 0.045888 1.775178 0.026143
v 0.025871 1.770616 0.037341
v 0.003308 1.763164 0.033668
v -0.021322 1.721852 0.063859
v -0.012560 1.731128 0.081724
v -0.014180 1.715578 0.112960
v -0.008066 1.733773 0.097663
v -0.027019 1.711787 0.098186
v -0.042226 1.706110 0.082220
v 0.052703 1.773383 -0.000973
v 0.043316 1.786712 -0.003256
v 0.050612 1.790612 0.010786
v 0.058884 1.780504 0.012025
v 0.038736 1.788197 0.019327
v 0.027425 1.796065 -0.000698
v 0.073251 1.733760 0.035251
v 0.075115 1.750591 0.027304
v 0.069420 1.762694 0.005158
v 0.066272 1.770132 0.011306
v 0.060513 1.760050 0.003630
v 0.068203 1.749634 0.008201
v -0.010931 1.760650 0.007974
v -0.024763 1.740000 0.032860
v -0.041574 1.719034 0.053935
v 0.027387 1.797919 0.017595
v 0.025645 1.785061 0.028585
v -0.016344 1.548758 0.207874
v -0.016075 1.529939 0.203687
v 0.002762 1.524048 0.218032
v 0.000212 1.550115 0.216113
v -0.002286 1.528121 0.185628
v 0.016379 1.531793 0.207978
v 0.067813 1.613017 0.141564
v 0.074984 1.604310 0.140866
v 0.083856 1.647746 0.098336
v 0.072686 1.657265 0.106662
v 0.087652 1.656365 0.069768
v 0.091175 1.588137 0.140398
v 0.095625 1.631781 0.105827
v 0.094912 1.636154 0.077073
v 0.012027 1.786092 -0.010653
v -0.000283 1.779857 0.008492
v 0.037403 1.779631 -0.015546
v 0.003020 1.753476 -0.016783
v 0.033653 1.544265 0.195384
v 0.025217 1.532823 0.178309
v -0.037738 1.543298 0.190210
v -0.031226 1.534701 0.174844
v 0.024625 1.517179 0.163331
v -0.004914 1.504669 0.168268
v -0.030725 1.525390 0.161411
v 0.105955 1.607046 0.078869
v 0.103787 1.624311 0.065431
v 0.105114 1.626481 0.075700
v 0.109476 1.610787 0.098524
v 0.098699 1.636128 0.059165
v 0.070199 1.715178 0.020059
v 0.081240 1.678721 0.035958
v -0.035065 1.594151 0.180452
v -0.029306 1.571048 0.192262
v -0.016863 1.572400 0.203801
v -0.047734 1.583347 0.171698
v -0.033192 1.555675 0.192084
v 0.019150 1.745454 -0.034712
v 0.074983 1.740593 0.016499
v 0.058412 1.729892 0.007909
v 0.058379 1.709440 -0.006175
v 0.069904 1.685952 0.003593
v 0.086267 1.661309 0.018695
v 0.005580 1.777692 0.027952
v -0.002949 1.732516 -0.022208
v -0.018338 1.738309 -0.007036
v -0.040874 1.725543 0.016059
v -0.055982 1.711349 0.040732
v -0.072125 1.695261 0.059050
v -0.055630 1.700853 0.070659
v -0.068115 1.672367 0.095310
v -0.079667 1.668310 0.085384
v -0.085325 1.666305 0.066672
v -0.077227 1.701897 0.033647
v -0.082778 1.627422 0.116029
v -0.071498 1.630109 0.129114
v -0.090512 1.643123 0.085808
v -0.099179 1.640867 0.096624
v -0.100714 1.606349 0.129071
v -0.048631 1.706176 -0.005492
v -0.063183 1.699284 0.017554
v -0.036944 1.720027 -0.000520
v 0.115836 1.619925 0.041772
v 0.109096 1.619844 0.050478
v 0.112825 1.600165 0.059820
v 0.121831 1.613016 0.043838
v 0.110963 1.624113 0.033948
v 0.104889 1.589188 0.043790
v 0.099050 1.571922 0.105150
v 0.101003 1.553907 0.091285
v 0.066348 1.679636 -0.031338
v 0.059441 1.719235 -0.034072
v 0.046384 1.733133 -0.016126
v 0.041745 1.745657 -0.028499
v 0.042683 1.728606 -0.046180
v 0.045477 1.676906 -0.041662
v 0.053323 1.698817 -0.049618
v 0.044894 1.719863 -0.058902
v 0.058062 1.722824 -0.047700
v 0.057135 1.708204 -0.055989
v -0.108432 1.671929 0.085866
v -0.103755 1.631360 0.076040
v -0.098644 1.637507 0.066882
v -0.066461 1.706971 0.031849
v -0.079972 1.677143 0.035211
v 0.103791 1.630718 0.044338
v 0.099434 1.645032 0.034128
v 0.102329 1.631746 0.017510
v -0.091261 1.654948 0.052314
v -0.003095 1.501074 0.193117
v 0.027821 1.517323 0.182117
v 0.038035 1.503346 0.183835
v 0.015443 1.492563 0.206922
v -0.003785 1.496620 0.215010
v -0.019594 1.495762 0.202785
v -0.116991 1.632772 0.088142
v -0.101118 1.588462 0.106840
v -0.099744 1.581570 0.094379
v 0.106184 1.612392 0.000979
v 0.105343 1.591220 0.011172
v 0.017764 1.473287 0.201134
v -0.002480 1.472186 0.211521
v -0.023929 1.477945 0.194481
v 0.028853 1.721856 -0.053730
v 0.020417 1.709771 -0.049236
v 0.006874 1.724558 -0.038113
v 0.099480 1.568473 0.025140
v -0.101877 1.570528 0.080958
v -0.105806 1.608330 0.060569
v -0.110926 1.619678 0.049520
v 0.043453 1.711681 -0.056629
v 0.100748 1.548581 0.063927
v 0.089158 1.518751 0.099072
v 0.090258 1.521710 0.086247
v 0.069881 1.495019 0.113891
v 0.077815 1.506683 0.084134
v 0.075333 1.511262 0.128387
v -0.062168 1.697819 -0.013007
v -0.046863 1.700202 -0.033817
v -0.051134 1.689671 -0.037275
v -0.065103 1.683031 -0.018093
v -0.046374 1.666933 -0.047029
v -0.051868 1.668351 -0.032221
v -0.048567 1.687096 -0.054173
v -0.062785 1.670114 -0.019829
v -0.037169 1.709074 -0.026082
v -0.025835 1.705640 -0.038402
v -0.038056 1.702201 -0.053115
v -0.015456 1.696779 -0.045918
v -0.029315 1.685586 -0.063134
v 0.094402 1.547472 0.041631
v 0.083989 1.529402 0.032150
v 0.082956 1.518099 0.057201
v 0.040220 1.657722 -0.046591
v 0.057480 1.653145 -0.033494
v 0.076581 1.664764 -0.013755
v 0.070827 1.646058 -0.022473
v 0.000425 1.679886 -0.050273
v -0.010896 1.663132 -0.064927
v -0.026609 1.656718 -0.064619
v -0.033685 1.674388 -0.064284
v -0.059175 1.646787 -0.027124
v -0.070902 1.656687 -0.015230
v -0.077221 1.667393 -0.004484
v 0.068977 1.497090 0.075597
v 0.056683 1.489858 0.105063
v 0.056510 1.468635 0.095519
v 0.062061 1.482001 0.063235
v 0.064131 1.467924 0.051955
v 0.053524 1.448380 0.076985
v 0.021151 1.448238 0.130986
v 0.050934 1.451197 0.106289
v 0.025723 1.460944 0.137146
v 0.033545 1.468695 0.149130
v 0.052569 1.436972 0.106835
v 0.021806 1.437769 0.133453
v -0.096565 1.628390 0.013386
v -0.104096 1.608828 0.021691
v -0.100873 1.642447 0.033212
v -0.035306 1.641182 -0.051160
v -0.024555 1.637015 -0.062394
v -0.005131 1.637917 -0.067014
v 0.070783 1.543912 -0.001478
v 0.077497 1.556704 -0.008449
v 0.097039 1.561131 -0.014380
v 0.089030 1.548389 0.009906
v 0.020660 1.455297 0.192992
v -0.003120 1.451145 0.208514
v -0.000912 1.439346 0.190749
v 0.014486 1.449711 0.175709
v -0.027671 1.460403 0.185519
v -0.020933 1.452846 0.171613
v -0.004324 1.454687 0.153701
v 0.094383 1.588652 -0.018940
v 0.077244 1.577363 -0.023950
v 0.082796 1.611464 -0.030010
v 0.085653 1.616787 -0.022787
v 0.093297 1.591648 -0.029502
v 0.077551 1.590492 -0.037318
v 0.068629 1.628507 -0.045730
v 0.057392 1.635469 -0.055209
v 0.062298 1.641900 -0.050227
v 0.070263 1.633385 -0.034147
v 0.030161 1.622896 -0.055960
v 0.036499 1.643076 -0.052513
v 0.038293 1.309761 0.211650
v 0.064493 1.275161 0.206805
v -0.105611 1.586243 0.034378
v -0.107930 1.597260 0.045852
v 0.058763 1.601962 -0.051627
v -0.086960 0.973278 0.171870
v -0.086726 0.996438 0.162951
v -0.085580 1.528371 0.040719
v -0.084816 1.512629 0.088031
v -0.108262 1.554723 0.073867
v -0.099479 1.557576 0.045229
v 0.050650 1.594755 -0.060056
v 0.061851 1.570753 -0.031923
v 0.179911 1.421177 -0.042979
v 0.150987 1.427436 -0.048211
v 0.152469 1.435800 -0.019284
v 0.170435 1.424471 -0.029435
v 0.155680 1.431598 0.034744
v 0.145710 1.423308 -0.010382
v 0.147697 1.457953 -0.031981
v 0.136657 1.446948 -0.057374
v 0.160903 1.413767 -0.009862
v 0.156758 1.390225 -0.033688
v 0.140069 1.403891 -0.033929
v 0.178265 1.406059 -0.007986
v 0.172217 1.385002 -0.029001
v 0.168037 1.365099 -0.039656
v 0.151291 1.367831 -0.052927
v -0.120431 1.008929 0.158317
v -0.085337 1.013775 0.152129
v -0.141903 1.052118 0.145959
v -0.148704 1.018257 0.135222
v -0.115032 1.049044 0.166120
v -0.174970 0.984308 0.139778
v -0.095009 1.047645 0.155225
v -0.074492 1.011208 0.159677
v -0.061918 1.014151 0.152999
v -0.062119 1.018501 0.143327
v -0.050275 0.995111 0.171852
v -0.029645 1.596528 -0.051449
v -0.048938 1.593313 -0.050842
v -0.050427 1.602892 -0.054077
v -0.039336 1.614221 -0.053395
v 0.040971 1.575391 -0.043876
v 0.068921 1.508727 0.050111
v 0.064652 1.522722 0.016759
v 0.061439 1.497812 0.037248
v 0.049844 1.509928 0.008206
v -0.227972 0.949474 0.108677
v -0.205233 0.995606 0.104974
v -0.222759 1.010089 0.046928
v -0.246796 0.955252 0.053445
v -0.222159 0.969485 -0.006617
v -0.183922 1.022839 -0.014501
v -0.162539 1.065187 -0.021926
v -0.193191 1.059978 0.038888
v -0.178578 1.037470 0.095681
v -0.099323 1.581130 0.019486
v -0.095783 1.602056 0.008599
v -0.092047 1.596026 -0.014828
v -0.100772 1.577158 0.000638
v -0.088051 1.617387 -0.000270
v -0.078897 1.604341 -0.021101
v -0.074307 1.582041 -0.026199
v -0.083609 1.575539 -0.012300
v -0.059342 1.620293 -0.037192
v -0.065969 1.603493 -0.035862
v -0.069131 1.625023 -0.023388
v -0.081373 1.635375 -0.008213
v -0.068030 1.587378 -0.038174
v -0.016473 1.614922 -0.058695
v 0.009352 1.615716 -0.064847
v 0.009349 1.610466 -0.068217
v -0.009247 1.599043 -0.062221
v 0.021759 1.592811 -0.055867
v 0.004808 1.585895 -0.059693
v 0.185285 1.429540 -0.046334
v 0.164983 1.432131 -0.053466
v 0.150688 1.433132 -0.070610
v 0.129628 1.432503 -0.072394
v 0.226971 1.316790 -0.108058
v 0.193873 1.307336 -0.119693
v 0.173053 1.302996 -0.121813
v 0.161745 1.338040 -0.120948
v 0.016124 1.330288 0.204260
v 0.011418 1.317134 0.212580
v -0.053389 1.641920 -0.040770
v 0.012009 1.638521 -0.065705
v 0.170837 1.468475 -0.045420
v 0.150017 1.434746 -0.080366
v 0.164968 1.457063 -0.036330
v 0.170119 1.449245 -0.031610
v -0.031927 1.020678 0.181420
v -0.064846 1.032748 0.162971
v -0.055167 1.023784 0.154203
v -0.050088 1.478575 0.136462
v -0.038174 1.473401 0.124750
v -0.031863 1.461300 0.120339
v -0.010613 1.450251 0.135979
v -0.065922 1.506234 0.048710
v -0.059414 1.483875 0.088555
v 0.021270 1.576153 -0.048588
v 0.015115 1.654082 -0.061410
v 0.049315 1.547543 -0.023824
v -0.019447 1.577374 -0.066311
v -0.022335 1.574869 -0.050985
v 0.185805 1.345896 -0.127941
v 0.143431 1.359480 -0.115146
v 0.163769 1.332255 -0.063262
v 0.169445 1.337862 -0.045859
v 0.191483 1.305153 -0.024161
v 0.193360 1.359667 -0.030702
v 0.198465 1.336055 -0.033111
v 0.149850 1.350755 -0.072289
v 0.156310 1.356919 -0.064531
v -0.077621 1.564235 -0.008703
v -0.072547 1.546134 -0.001621
v 0.030255 1.554645 -0.031923
v 0.002482 1.572136 -0.052204
v -0.064774 1.528628 0.008321
v -0.055725 1.514097 0.013019
v -0.050030 1.580651 -0.041300
v -0.058493 1.566746 -0.028757
v -0.048602 1.546132 -0.022075
v -0.026144 1.557189 -0.040774
v -0.000296 1.556003 -0.042176
v 0.095270 0.976345 -0.083076
v 0.119407 0.991893 -0.079046
v 0.104465 0.927343 -0.097647
v 0.037555 0.936877 -0.111309
v 0.015786 0.987085 -0.096629
v 0.090001 1.026878 -0.075155
v 0.067896 1.020437 -0.075575
v -0.004134 1.019620 -0.094204
v 0.102290 1.026101 -0.073252
v 0.124064 1.021554 -0.064944
v 0.140229 1.004539 -0.068784
v 0.130448 0.996234 -0.080297
v 0.130943 1.333629 -0.126362
v 0.128766 1.366121 -0.118150
v 0.099558 1.446763 -0.096354
v 0.095562 1.462404 -0.077484
v 0.123392 1.459628 -0.069621
v 0.121267 1.448233 -0.078142
v 0.134387 1.475879 -0.028905
v -0.215432 0.941915 -0.036176
v -0.177469 0.985895 -0.047498
v -0.121315 1.010981 -0.076406
v -0.189628 0.950203 -0.061046
v -0.156322 0.944617 -0.069816
v -0.085377 0.980472 -0.085640
v -0.136833 1.031919 -0.054846
v -0.091001 1.045968 -0.068842
v 0.109679 1.372573 -0.121383
v 0.131725 1.403609 -0.118026
v 0.114493 1.328332 -0.132064
v 0.122648 1.402739 -0.100490
v 0.069780 1.390353 -0.110180
v -0.024697 1.429790 0.134869
v -0.030577 1.420654 0.137237
v 0.013572 1.416795 0.150547
v 0.018688 1.426796 0.139860
v 0.010152 1.419625 0.174466
v 0.032419 1.424918 0.161216
v -0.007309 1.421063 0.163545
v -0.039701 1.428939 0.144880
v -0.063890 1.048005 0.167864
v -0.057206 1.070027 0.170016
v -0.096296 1.088636 0.150381
v -0.047123 1.091260 0.163209
v -0.097869 1.106803 0.134851
v -0.120616 1.096377 0.153133
v -0.019072 1.421364 0.172354
v -0.003214 1.418027 0.179001
v 0.014794 1.423763 0.187207
v -0.003833 1.420443 0.190701
v -0.026436 1.427820 0.184212
v 0.027718 1.514657 -0.010532
v 0.007579 1.513414 -0.013621
v 0.014113 1.524683 -0.023450
v 0.037518 1.527927 -0.011562
v -0.014463 1.515027 -0.014460
v -0.015800 1.525735 -0.021488
v 0.046888 1.494675 -0.008964
v 0.049813 1.502582 -0.014988
v 0.019740 1.505715 -0.028766
v 0.025513 1.497321 -0.021447
v 0.056199 1.512689 -0.027693
v 0.021372 1.513617 -0.048715
v 0.121456 1.351926 -0.100587
v 0.108522 1.362451 -0.088436
v 0.107901 1.371734 -0.098251
v 0.109810 1.357189 -0.104013
v 0.102349 1.389870 -0.088255
v 0.100481 1.380245 -0.097958
v 0.096863 1.360279 -0.108824
v -0.022845 1.541167 -0.031916
v 0.001009 1.540499 -0.031636
v -0.017567 1.514171 -0.052741
v -0.014744 1.504543 -0.034909
v 0.106237 1.082120 -0.065568
v 0.105305 1.093931 -0.059570
v 0.115308 1.100121 -0.058527
v 0.120449 1.083234 -0.068360
v 0.145235 1.080487 -0.044913
v 0.139824 1.099694 -0.047547
v 0.123919 1.104113 -0.043199
v -0.137918 1.080467 0.135647
v 0.081394 1.364680 -0.094785
v 0.082322 1.384626 -0.094204
v 0.089390 1.383430 -0.103133
v 0.058208 1.090763 -0.063673
v 0.056930 1.094673 -0.049962
v 0.105294 1.096994 -0.037647
v 0.094808 1.089832 -0.058290
v 0.057505 1.110218 -0.048218
v 0.105339 1.114335 -0.028433
v -0.014406 1.496106 -0.027153
v 0.008548 1.497055 -0.025692
v 0.109141 1.413914 -0.093510
v 0.053498 1.405248 -0.121905
v 0.088318 1.364371 -0.112735
v 0.041238 1.373642 -0.104623
v 0.081590 1.340549 -0.097962
v 0.117263 1.336752 -0.088409
v -0.151626 1.089669 -0.021303
v -0.109975 1.099929 -0.060724
v -0.123105 1.069212 -0.062018
v -0.146078 1.106855 -0.026875
v -0.084071 1.091358 -0.056030
v -0.082792 1.071684 -0.065702
v -0.129177 1.109173 -0.019635
v -0.076117 1.092369 -0.047556
v -0.004669 1.094902 -0.067715
v -0.005032 1.092726 -0.079919
v -0.007992 1.078275 -0.090818
v -0.173067 1.464188 0.126902
v -0.190065 1.451427 0.125565
v -0.167477 1.386896 0.163669
v -0.145573 1.406071 0.167979
v -0.200764 1.444159 0.123247
v -0.192904 1.392063 0.158448
v -0.200478 1.362036 0.166085
v -0.177389 1.349247 0.175043
v -0.113587 1.367084 0.174350
v -0.134312 1.332164 0.169157
v -0.162479 1.327125 0.171543
v -0.171997 1.266888 0.119369
v -0.130727 1.245350 0.156301
v -0.164703 1.324465 0.159954
v -0.161048 1.313999 0.136367
v -0.277774 1.353788 0.143210
v -0.274825 1.356013 0.115853
v -0.246029 1.352215 0.124949
v -0.249124 1.347901 0.145305
v -0.246844 1.386714 0.112478
v -0.232513 1.363893 0.133296
v -0.257411 1.376131 0.105631
v -0.272978 1.368384 0.107586
v -0.595881 1.001966 -0.127982
v -0.595510 0.999635 -0.130880
v -0.590662 1.001036 -0.128837
v -0.593489 1.001673 -0.126575
v -0.590264 1.006703 -0.133796
v -0.583488 1.012977 -0.130945
v -0.589685 1.015273 -0.125700
v -0.595955 1.017452 -0.127522
v -0.595825 1.018495 -0.135198
v -0.591296 1.018677 -0.142722
v -0.581746 1.020145 -0.140884
v -0.579920 1.035381 -0.156204
v -0.566239 1.040275 -0.149504
v -0.568114 1.030665 -0.136189
v -0.575204 1.034198 -0.127905
v -0.584339 1.037708 -0.123458
v -0.491531 1.097917 -0.150078
v -0.508231 1.114888 -0.133486
v -0.520454 1.095686 -0.135557
v -0.498933 1.088143 -0.164795
v -0.560165 1.073073 -0.122526
v -0.551488 1.067395 -0.135700
v -0.533571 1.112693 -0.118912
v -0.513410 1.127134 -0.117398
v -0.435879 0.981040 -0.225307
v -0.419108 0.973534 -0.223027
v -0.439981 0.956816 -0.218028
v -0.461264 0.952430 -0.229085
v -0.424657 1.002498 -0.193421
v -0.460163 0.951758 -0.209132
v -0.404686 0.998471 -0.199082
v -0.486751 1.078312 -0.179823
v -0.487506 1.051107 -0.193490
v -0.484252 1.046012 -0.180139
v -0.481253 1.079645 -0.164027
v -0.495816 1.014885 -0.205653
v -0.488591 1.014583 -0.192628
v -0.465183 1.013609 -0.190959
v -0.457798 1.060751 -0.175181
v -0.463882 1.092858 -0.162311
v -0.510867 1.130805 -0.091223
v -0.536796 1.110528 -0.095826
v -0.494097 1.137865 -0.114187
v -0.490336 1.140113 -0.089516
v -0.545455 1.121483 -0.091483
v -0.509854 1.147039 -0.077284
v -0.502296 1.149828 -0.128181
v -0.500046 1.146353 -0.152676
v -0.524669 1.124807 -0.162453
v -0.533774 1.130041 -0.136398
v -0.499236 1.106562 -0.178349
v -0.530249 1.097318 -0.167339
v -0.477891 1.134654 -0.168416
v -0.476318 1.161131 -0.148394
v -0.473669 1.090508 -0.190973
v -0.443889 1.103395 -0.190489
v -0.475041 1.168292 -0.116878
v -0.501385 1.137553 -0.065085
v -0.499365 1.147612 -0.050328
v -0.476872 1.165547 -0.087075
v -0.507541 1.151044 -0.102370
v -0.474886 1.160493 -0.063459
v -0.471782 1.156645 -0.041447
v -0.447169 1.011880 -0.192608
v -0.425600 1.073978 -0.170652
v -0.392321 1.060978 -0.179136
v -0.402478 1.142978 -0.150593
v -0.443403 1.110023 -0.159923
v -0.378961 1.122159 -0.156583
v -0.356955 1.108418 -0.165564
v -0.471957 1.049937 -0.206326
v -0.452718 1.043973 -0.208294
v -0.430899 1.034405 -0.213185
v -0.407111 1.083389 -0.197972
v -0.420040 1.172112 -0.151001
v -0.396783 1.153410 -0.172064
v -0.369780 1.132093 -0.182273
v -0.321702 1.063248 -0.180913
v -0.318756 1.078724 -0.174070
v -0.323080 1.079274 -0.178029
v -0.317362 1.064624 -0.190908
v -0.371229 1.050160 -0.182997
v -0.364633 1.056099 -0.197247
v -0.329425 1.101511 -0.186905
v -0.333346 1.094530 -0.169351
v -0.381789 1.069787 -0.203806
v -0.348489 1.117791 -0.183444
v -0.223898 1.197806 -0.147775
v -0.202661 1.187253 -0.149319
v -0.223716 1.161384 -0.150954
v -0.266337 1.160620 -0.161954
v -0.161090 1.338043 -0.122384
v -0.152520 1.333444 -0.119756
v -0.187152 1.306255 -0.121837
v -0.182435 1.322432 -0.125276
v -0.135569 1.327324 -0.126628
v -0.164075 1.297140 -0.129079
v -0.207197 1.257777 -0.136110
v -0.223305 1.267484 -0.129891
v -0.247316 1.286120 -0.123649
v -0.218814 1.310114 -0.113570
v -0.210237 1.322951 -0.115603
v -0.198595 1.345006 -0.127930
v -0.172107 1.344355 -0.134994
v -0.183961 1.332253 -0.135653
v -0.209192 1.333399 -0.129307
v -0.146218 1.354438 -0.115635
v -0.138234 1.348310 -0.119213
v -0.125576 1.352491 -0.121804
v -0.131221 1.366060 -0.116796
v -0.243002 1.367081 0.167195
v -0.234970 1.376990 0.156737
v -0.256274 1.388231 0.152432
v -0.270869 1.383596 0.153595
v -0.283047 1.398466 0.140902
v -0.259693 1.402946 0.142849
v -0.227421 1.398891 0.150867
v -0.286997 1.385561 0.128183
v -0.279089 1.371634 0.144463
v -0.301148 1.381832 0.126872
v -0.304546 1.372042 0.136282
v -0.308146 1.359094 0.142767
v -0.247133 1.356114 0.158379
v -0.295406 1.405630 0.112548
v -0.309786 1.393433 0.113736
v -0.324331 1.385955 0.121450
v -0.212377 1.484891 0.001716
v -0.220166 1.491682 0.037360
v -0.208318 1.502265 0.035442
v -0.200134 1.493022 -0.003034
v -0.180376 1.485608 0.003804
v -0.188120 1.500290 0.024226
v -0.215515 1.475007 0.074463
v -0.201602 1.483605 0.077369
v -0.186805 1.490200 0.081214
v -0.190651 1.502146 0.053611
v -0.184760 1.494099 0.042258
v -0.177532 1.480426 0.035119
v -0.186611 1.464886 0.036942
v -0.184412 1.462038 0.005746
v -0.183067 1.477738 -0.040048
v -0.169454 1.465749 -0.029581
v -0.179818 1.451061 -0.021664
v -0.247635 1.439997 0.001169
v -0.252201 1.445540 0.019102
v -0.270035 1.437294 0.018776
v -0.252575 1.427426 -0.006151
v -0.255764 1.410665 -0.006404
v -0.263909 1.420823 0.024469
v -0.227587 1.450614 0.014867
v -0.228345 1.443047 -0.004048
v -0.231289 1.434132 -0.017678
v -0.249416 1.445203 0.049642
v -0.268365 1.435515 0.052878
v -0.265641 1.422267 0.053344
v -0.295873 1.363942 0.095931
v -0.292893 1.372232 0.100497
v -0.279372 1.393127 0.082523
v -0.274243 1.303291 -0.106748
v -0.292077 1.313373 -0.091288
v -0.270998 1.325509 -0.087672
v -0.253143 1.322074 -0.096898
v -0.239468 1.336647 -0.090472
v -0.265274 1.334278 -0.077438
v -0.295298 1.316803 -0.073592
v -0.204181 1.391633 -0.034887
v -0.211760 1.409610 -0.023753
v -0.253498 1.372474 -0.036774
v -0.241926 1.354408 -0.044244
v -0.271766 1.309399 -0.047388
v -0.281446 1.317768 -0.045846
v -0.293829 1.324259 -0.048593
v -0.279177 1.372896 -0.032174
v -0.230745 1.420670 -0.014404
v -0.207645 1.435823 -0.026545
v -0.196031 1.315420 0.175646
v -0.180290 1.312669 0.173879
v -0.172995 1.321036 0.184377
v -0.189052 1.331417 0.182419
v -0.175944 1.317775 0.162722
v -0.193854 1.318330 0.160896
v -0.121917 1.401042 -0.105079
v -0.096922 1.403977 -0.100104
v -0.083580 1.384219 -0.105921
v -0.105994 1.389266 -0.112651
v -0.094141 1.375656 -0.120663
v -0.089143 1.372444 -0.106672
v -0.031285 1.394884 -0.112951
v -0.036637 1.375234 -0.106140
v -0.173066 1.326229 0.158516
v -0.169044 1.333394 0.154569
v -0.141397 1.423560 -0.093292
v -0.134468 1.416903 -0.077481
v -0.127850 1.423847 -0.070467
v -0.095602 1.420074 -0.097812
v -0.045332 1.360969 -0.099064
v -0.098720 1.360736 -0.091043
v -0.118520 1.382989 0.134450
v -0.125062 1.375857 0.130810
v -0.122043 1.368877 0.137072
v -0.131099 1.378749 0.138465
v -0.143126 1.372394 0.140789
v -0.130742 1.362503 0.141366
v -0.133227 1.366876 0.130327
v -0.146098 1.391969 0.132143
v -0.133858 1.396951 0.127532
v -0.134042 1.390255 0.120845
v -0.177534 1.479412 0.075002
v -0.164068 1.456633 0.115182
v -0.161651 1.438780 0.102131
v -0.172364 1.465382 0.070477
v -0.137413 1.408913 0.152867
v -0.132357 1.410352 0.142654
v -0.184654 1.454143 0.071987
v -0.173506 1.430006 0.105427
v -0.160160 1.406898 0.122714
v -0.146255 1.411317 0.117934
v -0.157925 1.439209 -0.053848
v -0.160869 1.450257 -0.074974
v -0.182492 1.437439 -0.037654
v -0.180907 1.425281 -0.029123
v -0.154610 1.426965 -0.044306
v -0.214415 1.320685 -0.080937
v -0.197090 1.339151 -0.073953
v -0.207591 1.340463 -0.067640
v -0.222045 1.327478 -0.070330
v -0.226006 1.333782 -0.057697
v -0.201504 1.355725 -0.056398
v -0.185943 1.363636 -0.060768
v -0.141475 1.473321 0.027073
v -0.123880 1.476116 -0.039790
v -0.139622 1.456376 -0.048044
v -0.156013 1.465615 0.024441
v -0.082071 1.461249 -0.082094
v -0.092488 1.453549 -0.095195
v -0.096431 1.436966 -0.099235
v -0.131636 1.437188 -0.065324
v -0.149217 1.431789 -0.028109
v -0.153714 1.447037 -0.022931
v -0.161383 1.451251 0.028881
v -0.160234 1.340497 0.148978
v -0.155185 1.332243 0.132750
v -0.179995 1.292089 0.102761
v -0.177035 1.319704 0.120712
v -0.173429 1.339225 0.122180
v -0.148832 1.173851 0.025716
v -0.168377 1.217280 0.010962
v -0.152375 1.225516 -0.030367
v -0.120566 1.166938 -0.017878
v -0.065131 1.165186 -0.052468
v -0.070534 1.234169 -0.079189
v -0.141318 1.404709 0.108345
v -0.151385 1.423941 0.085016
v -0.124066 1.424338 0.147623
v -0.148628 1.451494 0.097718
v -0.132210 1.358196 -0.085950
v -0.115471 1.372631 -0.093035
v -0.136813 1.346709 -0.080272
v -0.129842 1.342903 -0.098828
v -0.111494 1.345984 -0.106697
v -0.158270 1.437289 0.027752
v -0.143184 1.414270 -0.040097
v -0.158511 1.409152 -0.038807
v -0.168657 1.219715 0.068457
v -0.180074 1.250553 0.063071
v -0.176373 1.250042 -0.019499
v -0.141032 1.356871 0.131400
v -0.154433 1.372731 0.119659
v -0.170899 1.361273 0.117726
v -0.149246 1.345859 0.131746
v -0.163902 1.389035 0.104987
v -0.179337 1.383672 0.102175
v -0.205453 1.375818 0.098717
v -0.207210 1.354773 0.108532
v -0.199510 1.338653 0.112367
v -0.156818 1.428223 0.028267
v -0.147042 1.417709 -0.014554
v -0.139430 1.405163 -0.031928
v -0.182091 1.272835 0.062991
v -0.189279 1.276422 0.012177
v -0.154069 1.368433 -0.069720
v -0.148882 1.374178 -0.053574
v -0.141997 1.392381 -0.041056
v -0.145185 1.397882 -0.053060
v -0.155589 1.385801 -0.036546
v -0.185098 1.338310 -0.079037
v -0.173649 1.335846 -0.085257
v -0.172025 1.366765 -0.065203
v -0.154614 1.358546 -0.067729
v -0.153962 1.354243 -0.082835
v -0.165286 1.329749 -0.093319
v -0.158657 1.354250 -0.054568
v -0.162518 1.411041 -0.011453
v -0.172199 1.352513 -0.040887
v -0.174356 1.381592 -0.029170
v -0.178818 1.404797 -0.008464
v -0.195919 1.351889 -0.031691
v -0.171547 1.330767 -0.049235
v -0.199163 1.329954 -0.032936
v -0.156995 1.344072 -0.068099
v -0.201635 1.308008 -0.016684
v -0.188824 1.304575 -0.029232
v -0.149330 1.326599 -0.072901
v -0.167856 1.294231 -0.054239
v -0.334749 1.358515 0.119363
v -0.332075 1.340401 0.121785
v -0.275838 1.344539 0.114239
v -0.302765 1.346243 0.131602
v -0.320779 1.324864 0.122409
v -0.250927 1.330206 0.119274
v -0.258677 1.362788 0.099217
v -0.297541 1.342412 -0.071159
v -0.297998 1.368244 -0.067490
v -0.273650 1.376937 -0.076457
v -0.270284 1.351936 -0.080141
v -0.233056 1.351444 -0.100907
v -0.233687 1.357662 -0.109363
v -0.286971 1.432089 -0.041771
v -0.258942 1.402009 -0.081925
v -0.298267 1.411731 -0.038823
v -0.216824 1.369788 -0.106810
v -0.311690 1.395470 -0.040316
v -0.331100 1.274401 -0.052095
v -0.297184 1.321522 -0.056470
v -0.337630 1.281764 -0.065382
v -0.301576 1.337060 -0.047342
v -0.300943 1.330509 -0.054931
v -0.333965 1.284371 -0.078940
v -0.262300 1.412681 0.083044
v -0.326953 1.373075 0.093146
v -0.313551 1.388588 0.078071
v -0.280528 1.408795 0.054027
v -0.305879 1.400742 0.056075
v -0.272373 1.385251 0.074502
v -0.321561 1.354968 -0.061744
v -0.329149 1.342091 -0.058223
v -0.326943 1.337292 -0.044605
v -0.315277 1.371729 -0.062932
v -0.340808 1.375306 -0.042079
v -0.329623 1.388600 -0.045306
v -0.304319 1.391488 0.030399
v -0.312119 1.384691 0.064301
v -0.264688 1.398664 0.032802
v -0.323077 1.370330 0.085548
v -0.302077 1.405090 0.023595
v -0.323978 1.399736 0.021771
v -0.329516 1.382994 -0.011678
v -0.299176 1.393663 -0.005876
v -0.347476 1.393281 0.019409
v -0.297982 1.369681 -0.030550
v -0.316661 1.366365 -0.029041
v -0.363384 1.346765 0.105162
v -0.362038 1.322535 0.105010
v -0.364646 1.381563 0.086990
v -0.402021 1.314399 0.107186
v -0.399071 1.344628 0.098656
v -0.355180 1.351493 -0.031395
v -0.437966 1.381274 0.054585
v -0.442916 1.364578 0.088504
v -0.407301 1.358504 0.089535
v -0.382787 1.378065 0.074496
v -0.441514 1.343083 0.103146
v -0.378575 1.398497 0.036570
v -0.338092 1.384154 0.052312
v -0.354233 1.384979 0.040907
v -0.363491 1.375755 0.062976
v -0.346462 1.374918 0.071824
v -0.351236 1.374013 0.083424
v -0.368447 1.375900 0.074294
v -0.352118 1.392538 0.046377
v -0.360757 1.384814 0.064682
v -0.364788 1.348397 -0.020853
v -0.349967 1.370010 -0.009213
v -0.480638 1.366637 -0.019122
v -0.484514 1.391223 -0.002226
v -0.469256 1.391923 0.058454
v -0.465806 1.397477 0.030240
v -0.487204 1.402539 0.025640
v -0.490273 1.399550 0.061022
v -0.484713 1.347102 -0.023867
v -0.515640 1.352611 -0.025339
v -0.540804 1.359329 -0.013329
v -0.539865 1.379282 0.007209
v -0.514434 1.322703 -0.027328
v -0.557595 1.326945 -0.008983
v -0.636927 1.304968 0.015822
v -0.637878 1.296561 0.041027
v -0.675540 1.296735 0.054290
v -0.669719 1.305712 0.022652
v -0.699032 1.309817 0.024083
v -0.702969 1.307172 0.051919
v -0.637522 1.295329 0.064880
v -0.663052 1.294835 0.074704
v -0.698729 1.279446 0.097863
v -0.709237 1.282051 0.085493
v -0.721273 1.293884 0.088412
v -0.728011 1.265324 0.114621
v -0.724819 1.276861 0.121960
v -0.738048 1.267376 0.128077
v -0.740887 1.259870 0.120307
v -0.745070 1.270168 0.110985
v -0.743390 1.274162 0.121665
v -0.727913 1.291729 0.113677
v -0.733282 1.267113 0.102717
v -0.673824 1.337448 0.106907
v -0.713265 1.334174 0.107974
v -0.712926 1.312561 0.105921
v -0.664724 1.320581 0.104720
v -0.747301 1.331036 0.110380
v -0.745732 1.314036 0.097589
v -0.659884 1.304377 0.093855
v -0.696986 1.290195 0.111832
v -0.727626 1.308832 0.075928
v -0.727343 1.310982 0.046799
v -0.755633 1.315392 0.005632
v -0.771548 1.312666 0.008913
v -0.775728 1.328183 0.004095
v -0.764352 1.323672 0.021359
v -0.759543 1.331248 0.002322
v -0.727353 1.318989 0.004487
v -0.727760 1.312130 0.023819
v -0.729406 1.338118 0.001648
v -0.732210 1.348751 0.017249
v -0.732122 1.355125 0.035000
v -0.762148 1.341863 0.033563
v -0.815866 1.323578 0.037225
v -0.815048 1.317936 0.041604
v -0.815070 1.309054 0.035140
v -0.817259 1.314421 0.027702
v -0.800552 1.323571 0.025502
v -0.772992 1.310459 0.095597
v -0.759924 1.343960 0.051203
v -0.729151 1.359983 0.055439
v -0.751380 1.347304 0.098698
v -0.755289 1.348334 0.077056
v -0.771572 1.332539 0.077505
v -0.802966 1.309777 0.066330
v -0.801399 1.326275 0.070889
v -0.718074 1.350875 0.098112
v -0.723586 1.357623 0.078314
v -0.679581 1.355703 0.099462
v -0.684837 1.365984 0.081075
v -0.690534 1.370409 0.057784
v -0.652474 1.375568 0.086462
v -0.661713 1.381093 0.060307
v -0.661914 1.373669 0.034966
v -0.693211 1.365041 0.036293
v -0.660077 1.360797 0.017586
v -0.695170 1.356720 0.017036
v -0.663288 1.343753 0.006336
v -0.696796 1.342245 0.001885
v -0.666371 1.323542 0.005938
v -0.697172 1.320421 0.003375
v -0.622810 1.349131 0.001006
v -0.632719 1.326370 0.000913
v -0.567146 1.307852 0.006681
v -0.513563 1.296532 -0.011653
v -0.513785 1.278530 0.018591
v -0.570163 1.294725 0.028564
v -0.516659 1.274717 0.054705
v -0.571643 1.291928 0.057616
v -0.519398 1.288672 0.087254
v -0.574156 1.303869 0.082452
v -0.636045 1.303427 0.088220
v -0.578143 1.321147 0.099153
v -0.636765 1.318878 0.105160
v -0.583200 1.340822 0.106648
v -0.642364 1.339294 0.110308
v -0.588625 1.360892 0.099519
v -0.647921 1.359181 0.102881
v -0.594041 1.371832 0.084213
v -0.521740 1.358861 0.114118
v -0.525620 1.378377 0.089609
v -0.528775 1.393594 0.061131
v -0.602303 1.378944 0.061972
v -0.536242 1.395413 0.027837
v -0.615163 1.375584 0.035905
v -0.619567 1.364484 0.015940
v -0.494101 1.382200 0.095423
v -0.469870 1.347780 0.106259
v -0.474992 1.368612 0.088931
v -0.491049 1.354562 0.114899
v -0.437593 1.319675 0.108166
v -0.468134 1.326326 0.111068
v -0.487752 1.330066 0.119557
v -0.467326 1.305980 0.103430
v -0.490012 1.303140 0.113515
v -0.520833 1.334670 0.118139
v -0.521213 1.309608 0.109563
v -0.488354 1.279614 0.090904
v -0.462823 1.271692 0.052700
v -0.466651 1.286710 0.083115
v -0.481978 1.263513 0.054721
v -0.433910 1.272692 0.050346
v -0.434092 1.280848 0.081001
v -0.433869 1.299389 0.101074
v -0.393375 1.279504 0.077197
v -0.397863 1.296762 0.095391
v -0.352883 1.288466 0.076456
v -0.357886 1.304425 0.094818
v -0.297465 1.283803 0.090866
v -0.309487 1.301301 0.113503
v -0.235125 1.297208 0.093164
v -0.240410 1.312145 0.112244
v -0.200432 1.303403 0.094265
v -0.199840 1.321386 0.110948
v -0.197836 1.290362 0.061269
v -0.231027 1.285227 0.061367
v -0.200923 1.289718 0.019871
v -0.230934 1.287966 0.020167
v -0.289867 1.276711 0.056882
v -0.288921 1.280765 0.017550
v -0.233864 1.304414 -0.012595
v -0.291396 1.295004 -0.011859
v -0.347314 1.274807 0.048930
v -0.345322 1.281511 0.016423
v -0.346526 1.294205 -0.007273
v -0.296348 1.312898 -0.028300
v -0.344504 1.311535 -0.022215
v -0.382169 1.279039 0.013744
v -0.381937 1.296900 -0.007904
v -0.376971 1.315725 -0.020587
v -0.405435 1.340919 -0.036143
v -0.372117 1.331471 -0.026599
v -0.415547 1.315254 -0.034490
v -0.342700 1.329102 -0.029033
v -0.423615 1.290841 -0.017531
v -0.429670 1.273746 0.012713
v -0.459292 1.275548 0.015153
v -0.458522 1.293929 -0.012766
v -0.458204 1.316907 -0.029247
v -0.454444 1.346742 -0.032181
v -0.476665 1.287865 -0.020584
v -0.482043 1.318655 -0.028867
v -0.477979 1.266567 0.011359
v -0.387443 1.269591 0.047178
v -0.337011 1.349419 -0.025086
v -0.300250 1.353599 -0.025530
v -0.299000 1.332751 -0.033719
v -0.249349 1.364885 -0.020197
v -0.242590 1.343843 -0.029905
v -0.237689 1.321816 -0.030682
v -0.197284 1.375739 -0.021901
v -0.258484 1.385444 -0.001887
v -0.202318 1.398001 -0.003262
v -0.210797 1.413294 0.031999
v -0.184872 1.418631 0.030052
v -0.211564 1.401132 0.075725
v -0.184338 1.406336 0.075872
v -0.169507 1.410252 0.076684
v -0.169343 1.423254 0.028807
v -0.157033 1.414795 0.078457
v -0.151860 1.396045 0.106586
v -0.144113 1.381141 0.120131
v -0.300795 1.376092 -0.006834
v -0.330000 1.388434 0.024042
v -0.328775 1.372101 -0.009436
v -0.345778 1.387497 0.020161
v -0.777015 1.323700 0.107688
v -0.331171 1.396253 0.052504
v -0.341809 1.385838 0.071773
v -0.370729 1.385312 -0.009176
v -0.355674 1.394325 0.086331
v -0.372476 1.411585 0.038804
v -0.362195 1.399681 -0.009328
v -0.352826 1.358553 -0.041728
v -0.359575 1.421088 0.039962
v -0.351214 1.412189 -0.008546
v -0.329359 1.417979 -0.001413
v -0.335593 1.425185 0.039359
v -0.313079 1.432784 -0.000527
v -0.318629 1.437486 0.039360
v -0.344494 1.407891 0.088176
v -0.325402 1.413525 0.080119
v -0.309569 1.427748 0.079399
v -0.288898 1.422485 0.123170
v -0.303038 1.446407 0.084129
v -0.309444 1.457880 0.040161
v -0.274446 1.462056 0.006135
v -0.302976 1.451461 -0.000734
v -0.281511 1.466916 0.040239
v -0.275669 1.455129 0.075554
v -0.242283 1.484359 0.039028
v -0.239049 1.469181 0.072635
v -0.264069 1.428725 0.121749
v -0.227754 1.439138 0.123318
v -0.234850 1.477137 0.005938
v -0.199203 1.469019 -0.038163
v -0.219935 1.459320 -0.032819
v -0.256512 1.447334 -0.036240
v -0.191370 1.430084 -0.079371
v -0.229227 1.417771 -0.080025
v -0.163755 1.404153 -0.104491
v -0.191160 1.384714 -0.103385
v -0.145043 1.392054 -0.117310
v -0.163775 1.375621 -0.118271
v -0.182280 1.358138 -0.120442
v -0.143817 1.372759 -0.119187
v -0.157914 1.357455 -0.125712
v -0.127721 1.381287 -0.119228
v -0.118488 1.369789 -0.118909
v -0.113612 1.352544 -0.124831
v -0.117098 1.387032 -0.116272
v -0.106418 1.373483 -0.119860
v -0.100868 1.351636 -0.127567
v -0.122069 1.323012 -0.130522
v -0.108859 1.317577 -0.133864
v -0.087691 1.350343 -0.127831
v -0.096125 1.311986 -0.133264
v -0.136822 1.278485 -0.135692
v -0.124950 1.269044 -0.133549
v -0.090845 1.346638 -0.115097
v -0.100593 1.312416 -0.121123
v -0.126608 1.271038 -0.121976
v -0.166514 1.225066 -0.136471
v -0.168082 1.224050 -0.122726
v -0.116856 1.316303 -0.113442
v -0.140389 1.279341 -0.115870
v -0.183076 1.233115 -0.118597
v -0.200638 1.193978 -0.128570
v -0.227054 1.187584 -0.131617
v -0.155575 1.286059 -0.110007
v -0.195665 1.244316 -0.112011
v -0.244194 1.200936 -0.131792
v -0.277029 1.147970 -0.147038
v -0.292298 1.148900 -0.142539
v -0.207559 1.253429 -0.116596
v -0.255380 1.208839 -0.122534
v -0.308608 1.160293 -0.141114
v -0.272487 1.220909 -0.120097
v -0.326789 1.173794 -0.138573
v -0.290505 1.237571 -0.118564
v -0.347029 1.190070 -0.130682
v -0.301663 1.247676 -0.109486
v -0.361195 1.203621 -0.120278
v -0.417058 1.159804 -0.132190
v -0.459024 1.135352 -0.142981
v -0.371401 1.213490 -0.107148
v -0.426828 1.172449 -0.120794
v -0.465642 1.146436 -0.128364
v -0.480315 1.114929 -0.146566
v -0.491934 1.129313 -0.132013
v -0.427209 1.172617 -0.101096
v -0.466402 1.152287 -0.108280
v -0.422032 1.167173 -0.075173
v -0.464025 1.151068 -0.083137
v -0.414637 1.156800 -0.054884
v -0.461331 1.145125 -0.057809
v -0.487830 1.140620 -0.060620
v -0.415667 1.159210 -0.033831
v -0.463629 1.144868 -0.037423
v -0.485271 1.140104 -0.045254
v -0.424664 1.175646 -0.036990
v -0.360509 1.204138 -0.041279
v -0.369950 1.215742 -0.041260
v -0.376385 1.219476 -0.059894
v -0.429806 1.180487 -0.057383
v -0.385910 1.229276 -0.075608
v -0.434765 1.185468 -0.079203
v -0.385194 1.236665 -0.095341
v -0.439178 1.193033 -0.107044
v -0.375959 1.236042 -0.115656
v -0.433355 1.190368 -0.135219
v -0.358925 1.222757 -0.133759
v -0.325194 1.283084 -0.099961
v -0.308414 1.272406 -0.117612
v -0.287991 1.254890 -0.133393
v -0.339980 1.206942 -0.147626
v -0.267355 1.233149 -0.140348
v -0.317409 1.188861 -0.157510
v -0.253446 1.221868 -0.145856
v -0.301861 1.174412 -0.157971
v -0.238026 1.210821 -0.149884
v -0.287319 1.168756 -0.163624
v -0.304592 1.110070 -0.184158
v -0.191877 1.246016 -0.136449
v -0.180216 1.235714 -0.139759
v -0.149510 1.287921 -0.133150
v -0.321308 1.265144 -0.045621
v -0.311707 1.256227 -0.045010
v -0.359640 1.198925 -0.057817
v -0.308250 1.250957 -0.058566
v -0.264889 1.301289 -0.054630
v -0.309767 1.250644 -0.075744
v -0.260999 1.295652 -0.066696
v -0.234205 1.343950 -0.049978
v -0.201017 1.373830 -0.043849
v -0.179876 1.403522 -0.034913
v -0.180850 1.386701 -0.044874
v -0.162248 1.393640 -0.049673
v -0.315479 1.258620 -0.086248
v -0.262024 1.298570 -0.078003
v -0.311538 1.256949 -0.098805
v -0.255108 1.292918 -0.090284
v -0.246537 1.284821 -0.099254
v -0.205441 1.314065 -0.088792
v -0.235753 1.272368 -0.105289
v -0.194531 1.305056 -0.094846
v -0.222624 1.260446 -0.108277
v -0.185138 1.300338 -0.101875
v -0.170411 1.292876 -0.100380
v -0.152395 1.321497 -0.094291
v -0.134962 1.319471 -0.106404
v -0.144917 1.345241 -0.087541
v -0.145912 1.353221 -0.074469
v -0.374090 1.213346 -0.093807
v -0.365534 1.203240 -0.075797
v -0.309396 1.101619 -0.163447
v -0.132181 1.401434 -0.116165
v -0.151226 1.418471 -0.104654
v -0.175217 1.442819 -0.081242
v -0.331445 1.371465 0.119803
v -0.278975 1.400580 -0.004363
v -0.281079 1.411011 0.023978
v -0.260625 1.423518 0.087144
v -0.239874 1.397414 0.119757
v -0.241778 1.430900 0.082481
v -0.222711 1.406321 0.116137
v -0.204844 1.385662 0.130948
v -0.220855 1.374189 0.133925
v -0.186293 1.369779 0.139703
v -0.196393 1.359387 0.143267
v -0.204195 1.347791 0.147151
v -0.212128 1.337577 0.150136
v -0.175516 1.349558 0.148828
v -0.182505 1.340002 0.152195
v -0.188342 1.329826 0.155914
v -0.217296 1.322650 0.158427
v -0.221016 1.327320 0.173998
v -0.211992 1.343115 0.175011
v -0.167198 1.357992 0.145723
v -0.151034 1.346749 0.143924
v -0.155398 1.365671 0.143032
v -0.140529 1.354831 0.142389
v -0.173428 1.378324 0.137010
v -0.160160 1.385421 0.134790
v -0.191504 1.394469 0.128088
v -0.175431 1.401251 0.125052
v -0.206099 1.414390 0.112302
v -0.188682 1.421938 0.108983
v -0.221914 1.438362 0.078529
v -0.202182 1.445543 0.075040
v -0.227040 1.452192 0.044860
v -0.205328 1.458207 0.039743
v -0.203154 1.455882 0.008463
v -0.203368 1.446878 -0.013300
v -0.111671 1.332518 -0.090145
v -0.130829 1.290619 -0.077555
v -0.054995 1.337264 -0.102886
v -0.065836 1.299398 -0.099235
v 0.023596 1.338068 -0.103381
v 0.016453 1.303586 -0.104754
v 0.008137 1.240057 -0.092690
v 0.083123 1.303356 -0.096720
v 0.076370 1.237613 -0.079122
v 0.061651 1.163149 -0.055191
v 0.000570 1.163111 -0.068988
v 0.058229 1.129521 -0.049138
v -0.001967 1.128635 -0.060641
v -0.065603 1.131689 -0.046541
v -0.002964 1.111245 -0.059113
v -0.067368 1.114582 -0.044323
v -0.118942 1.120701 -0.014144
v -0.117278 1.135996 -0.015867
v -0.147710 1.127422 0.031031
v -0.147000 1.140641 0.028502
v -0.140060 1.122749 0.080471
v -0.140559 1.141456 0.078683
v -0.146961 1.177180 0.074194
v -0.098163 1.134999 0.130509
v -0.112440 1.179509 0.131785
v -0.022843 1.194953 0.204266
v -0.032098 1.266635 0.216293
v -0.090563 1.258290 0.192480
v -0.073739 1.196291 0.174093
v -0.028153 1.314440 0.210888
v -0.088839 1.322075 0.191163
v -0.023896 1.329009 0.203912
v -0.073231 1.345263 0.186095
v -0.022080 1.342277 0.203318
v -0.066535 1.354586 0.183709
v -0.103217 1.375087 0.166625
v -0.062615 1.366656 0.190403
v -0.096474 1.385367 0.167950
v -0.056608 1.380281 0.192759
v -0.091848 1.398821 0.174325
v -0.051747 1.389383 0.192106
v -0.082054 1.406043 0.167484
v -0.112872 1.428943 0.138455
v -0.080111 1.419429 0.175895
v -0.108543 1.441512 0.142459
v -0.132494 1.466814 0.096011
v -0.136883 1.457310 0.094305
v -0.133346 1.483907 0.029926
v -0.127028 1.480655 0.099890
v -0.132554 1.499290 0.033934
v -0.107976 1.500743 -0.026487
v -0.116184 1.486181 -0.034246
v -0.067599 1.493569 -0.064785
v -0.075478 1.476792 -0.077088
v -0.022389 1.487649 -0.088681
v -0.025400 1.468724 -0.103427
v -0.028533 1.447425 -0.106209
v -0.031581 1.439704 -0.116177
v 0.034482 1.467599 -0.100046
v 0.038716 1.447053 -0.103997
v 0.044061 1.437254 -0.118548
v -0.034682 1.425385 -0.124120
v 0.045799 1.422473 -0.124318
v 0.101472 1.428236 -0.094941
v -0.036806 1.408911 -0.122703
v 0.083490 1.475990 -0.069661
v 0.123669 1.484951 -0.020463
v 0.028621 1.488277 -0.085533
v 0.073957 1.494428 -0.057724
v 0.114081 1.500354 -0.012962
v 0.136602 1.478481 0.042684
v 0.135383 1.494101 0.048196
v 0.071658 1.515317 -0.052455
v 0.108735 1.515695 -0.007384
v 0.122774 1.502537 0.053091
v 0.123755 1.469555 0.111229
v 0.110229 1.476252 0.109122
v 0.094926 1.514400 0.001711
v 0.108876 1.492330 0.052689
v 0.101504 1.466807 0.101058
v 0.093522 1.477263 0.050080
v 0.087668 1.456403 0.091134
v 0.065304 1.439423 0.127498
v 0.077325 1.445819 0.140684
v 0.084872 1.452271 0.152340
v 0.042099 1.432742 0.172203
v 0.050633 1.433927 0.185086
v 0.059810 1.422923 0.191693
v 0.096003 1.442773 0.157032
v 0.062608 1.407868 0.186917
v 0.098232 1.430581 0.152764
v 0.129616 1.458498 0.106984
v 0.065760 1.394685 0.181904
v 0.022733 1.394671 0.205958
v 0.021969 1.379343 0.197571
v 0.021912 1.369389 0.206709
v 0.075343 1.386399 0.190058
v 0.022132 1.354380 0.214063
v 0.078980 1.375308 0.184818
v 0.019058 1.340382 0.206610
v 0.084687 1.362432 0.177926
v 0.132534 1.396340 0.167805
v 0.172141 1.440527 0.144576
v 0.186177 1.423115 0.142184
v 0.208383 1.459311 0.098568
v 0.213103 1.390421 0.155393
v 0.254126 1.436016 0.117053
v 0.218715 1.478226 0.061873
v 0.269663 1.458274 0.073198
v 0.298443 1.447704 0.081114
v 0.311423 1.438723 0.084495
v 0.321660 1.453013 0.034566
v 0.305285 1.457991 0.034106
v 0.274753 1.475047 0.032514
v 0.217932 1.476030 -0.000877
v 0.223795 1.490527 0.034359
v 0.260974 1.464083 -0.001959
v 0.291738 1.451684 -0.005293
v 0.310273 1.449503 -0.010793
v 0.292733 1.426371 -0.049899
v 0.314154 1.431224 -0.003608
v 0.296776 1.408295 -0.041825
v 0.327033 1.418619 -0.001816
v 0.320880 1.437431 0.036752
v 0.334385 1.425791 0.040184
v 0.351867 1.421137 0.044025
v 0.345409 1.413504 -0.006004
v 0.362811 1.405843 -0.008593
v 0.349401 1.361218 -0.041070
v 0.341751 1.406725 0.091746
v 0.324988 1.411630 0.083943
v 0.310134 1.419772 0.078807
v -0.022403 1.353358 0.210757
v -0.018125 1.369655 0.205756
v -0.015486 1.379572 0.200919
v -0.014156 1.393294 0.210053
v -0.048778 1.402861 0.198470
v -0.011890 1.408584 0.213546
v -0.044440 1.416769 0.202698
v -0.074966 1.432890 0.180248
v -0.035077 1.428268 0.196569
v -0.064262 1.442051 0.175536
v -0.091422 1.462189 0.142395
v -0.102978 1.455032 0.146415
v -0.113472 1.486035 0.097562
v -0.084924 1.453107 0.130983
v -0.106397 1.473731 0.090172
v -0.108618 1.498116 0.037544
v -0.121623 1.508178 0.037284
v -0.090646 1.517341 -0.012958
v -0.104717 1.516388 -0.023401
v -0.059094 1.521833 -0.048124
v -0.065987 1.511638 -0.059890
v -0.019724 1.521818 -0.068151
v -0.021930 1.507921 -0.080508
v 0.022668 1.521300 -0.068038
v 0.026688 1.510645 -0.080825
v 0.064363 1.522520 -0.040521
v 0.083417 1.503728 0.008253
v 0.071485 1.490320 0.010970
v 0.083589 1.463971 0.043084
v 0.063278 1.479177 0.012210
v 0.071887 1.457335 0.041460
v 0.064419 1.434051 0.073711
v 0.080878 1.438452 0.081767
v 0.050681 1.422442 0.112181
v 0.058614 1.423744 0.118912
v 0.064259 1.489550 0.024085
v 0.045175 1.501021 0.001558
v 0.025056 1.504460 -0.013799
v 0.006046 1.502375 -0.016042
v -0.014103 1.502706 -0.016387
v -0.036927 1.497180 -0.017985
v -0.033372 1.505260 -0.010596
v -0.033612 1.515887 -0.007781
v -0.039242 1.528859 -0.013636
v -0.053023 1.500525 0.009562
v -0.066441 1.485029 0.040039
v -0.054431 1.488496 0.001213
v -0.070374 1.470153 0.028537
v -0.056892 1.458865 0.073172
v -0.067272 1.441731 0.064813
v -0.065854 1.498358 -0.000729
v -0.080656 1.474314 0.029829
v -0.083307 1.444808 0.069607
v -0.055783 1.421330 0.107638
v -0.066822 1.432330 0.113099
v -0.094868 1.486338 0.036206
v -0.092668 1.461756 0.079968
v -0.075496 1.443880 0.119255
v -0.049903 1.429149 0.153749
v -0.055238 1.437888 0.164140
v -0.078706 1.509164 -0.004285
v -0.043259 1.506348 -0.024659
v -0.050975 1.513565 -0.035478
v -0.053255 1.435293 0.107380
v -0.007622 1.420228 0.205871
v 0.019204 1.421690 0.203420
v 0.022344 1.410385 0.210474
v 0.004502 1.279698 0.229224
v 0.007264 1.197086 0.214335
v -0.016360 1.128677 0.188776
v 0.007857 1.128100 0.194981
v -0.016484 1.086583 0.181752
v 0.005698 1.087276 0.188580
v 0.027789 1.089722 0.173362
v 0.006479 1.064207 0.198116
v 0.035672 1.065811 0.181522
v 0.007385 1.037869 0.197511
v 0.042322 1.046378 0.180780
v 0.007031 1.013680 0.190326
v -0.028046 1.039319 0.189130
v -0.023442 1.062588 0.190375
v -0.047278 1.130070 0.168271
v -0.151838 1.121508 0.032041
v -0.143343 1.114218 0.088538
v -0.168007 1.123838 0.028431
v -0.159674 1.113907 0.098671
v -0.173472 1.107708 0.032032
v -0.162995 1.092951 0.096812
v -0.177325 1.090268 0.034686
v -0.171489 1.070249 0.097817
v -0.121961 1.109085 -0.013129
v -0.070059 1.099337 -0.043828
v -0.003295 1.099352 -0.060336
v 0.110256 1.166261 -0.029595
v 0.107284 1.132646 -0.027395
v 0.138449 1.138564 0.008765
v 0.139084 1.121930 0.009118
v 0.150810 1.144606 0.047687
v 0.152056 1.126316 0.048277
v 0.161070 1.122015 0.049042
v 0.146976 1.113330 0.004693
v 0.177915 1.121833 0.049971
v 0.161993 1.118201 -0.002560
v 0.181942 1.102581 0.050457
v 0.169147 1.102289 -0.003049
v 0.187114 1.082111 0.050898
v 0.174386 1.081891 -0.001389
v 0.199430 1.060316 0.051312
v 0.185291 1.062953 -0.002608
v 0.152460 1.062211 -0.047503
v 0.186190 1.039659 0.002520
v 0.157466 1.040321 -0.041057
v 0.127572 1.040629 -0.074104
v 0.125227 1.064854 -0.071369
v 0.105742 1.046674 -0.068813
v 0.107415 1.065791 -0.068525
v 0.087616 1.049255 -0.068568
v 0.088178 1.066019 -0.066561
v 0.091464 1.080280 -0.063551
v 0.057533 1.070152 -0.078479
v 0.058768 1.083546 -0.073992
v 0.060094 1.049762 -0.078696
v -0.009405 1.057307 -0.094216
v 0.169232 1.012342 -0.038238
v 0.205577 1.012816 0.000287
v 0.200884 1.040297 0.051876
v 0.221995 1.011750 0.053987
v 0.242920 0.963242 0.055974
v 0.205365 0.998705 0.105364
v 0.257732 0.938369 0.057286
v 0.224632 0.907371 0.108015
v 0.244904 0.914680 0.056990
v 0.206548 0.895323 0.143965
v 0.226025 0.868705 0.135935
v 0.258622 0.835325 0.123208
v 0.295961 0.797123 0.109172
v 0.345729 0.761824 0.092583
v 0.347851 0.771777 0.063421
v 0.350050 0.776037 0.026628
v 0.340533 0.765765 -0.012518
v 0.315780 0.747998 -0.048254
v 0.264067 0.822922 -0.044283
v 0.381788 0.720426 0.085261
v 0.159364 1.013288 0.132916
v 0.171417 0.984131 0.144780
v 0.184324 1.028022 0.098547
v 0.134102 1.007864 0.153612
v 0.110173 1.032451 0.164941
v 0.108764 1.013336 0.162611
v 0.129679 1.031921 0.158757
v 0.153682 1.039729 0.138475
v 0.183541 1.050334 0.102896
v 0.173645 1.072503 0.101540
v 0.166891 1.093768 0.102313
v 0.162749 1.112358 0.105410
v 0.148648 1.112996 0.096248
v 0.138934 1.116955 0.087071
v 0.137139 1.136399 0.086570
v 0.132532 1.232699 -0.052458
v 0.130640 1.296441 -0.079474
v 0.147112 1.330732 -0.074716
v 0.136715 1.350951 -0.080105
v 0.154283 1.350816 -0.085711
v 0.140308 1.345451 -0.088741
v 0.179386 1.341528 -0.079817
v 0.162277 1.356973 -0.077314
v 0.168619 1.333086 -0.090353
v 0.150988 1.326641 -0.093088
v 0.187949 1.313030 -0.093131
v 0.172348 1.304108 -0.100737
v 0.131024 1.326906 -0.105756
v 0.153527 1.295829 -0.106168
v 0.210611 1.274913 -0.106205
v 0.195141 1.263716 -0.109863
v 0.115335 1.326338 -0.111591
v 0.137603 1.289702 -0.114317
v 0.177702 1.252249 -0.113897
v 0.241922 1.229758 -0.117411
v 0.223905 1.218397 -0.123258
v 0.123776 1.280387 -0.121472
v 0.161680 1.239942 -0.120171
v 0.120898 1.277142 -0.134787
v 0.155241 1.235739 -0.135299
v 0.135823 1.286306 -0.135148
v 0.169921 1.247264 -0.137851
v 0.152417 1.295022 -0.131521
v 0.185238 1.258890 -0.133479
v 0.219289 1.226373 -0.141049
v 0.255883 1.187612 -0.156934
v 0.198993 1.270755 -0.132170
v 0.232236 1.239364 -0.144538
v 0.268992 1.197909 -0.153285
v 0.246344 1.248613 -0.131557
v 0.282023 1.207459 -0.147065
v 0.264459 1.268162 -0.130532
v 0.302078 1.225111 -0.145684
v 0.348499 1.168865 -0.165460
v 0.326846 1.246565 -0.130460
v 0.376053 1.193044 -0.153177
v 0.344075 1.258479 -0.110518
v 0.395942 1.208874 -0.130819
v 0.438647 1.176269 -0.146690
v 0.407536 1.217033 -0.110005
v 0.353900 1.263546 -0.093079
v 0.361607 1.260247 -0.076255
v 0.408455 1.211731 -0.086627
v 0.358737 1.252234 -0.061632
v 0.400810 1.201936 -0.065019
v 0.347521 1.242937 -0.049606
v 0.395981 1.198285 -0.044379
v 0.442843 1.170937 -0.041834
v 0.336403 1.234255 -0.039967
v 0.302215 1.281226 -0.045752
v 0.292615 1.272040 -0.051668
v 0.333464 1.228204 -0.053242
v 0.289738 1.268164 -0.067764
v 0.334252 1.225743 -0.072717
v 0.293028 1.274808 -0.082979
v 0.342639 1.234661 -0.086811
v 0.396820 1.189415 -0.090537
v 0.339440 1.234295 -0.103314
v 0.396671 1.196192 -0.111487
v 0.328096 1.224083 -0.116918
v 0.383965 1.183633 -0.125304
v 0.313000 1.210169 -0.125414
v 0.366537 1.167328 -0.139500
v 0.292050 1.193355 -0.129179
v 0.344903 1.150553 -0.151067
v 0.271925 1.181814 -0.130543
v 0.260150 1.245164 -0.115662
v 0.274870 1.260453 -0.109867
v 0.223896 1.290038 -0.099921
v 0.286256 1.270754 -0.099463
v 0.237132 1.302337 -0.088897
v 0.198939 1.327382 -0.082553
v 0.245394 1.307648 -0.074618
v 0.207540 1.343537 -0.065716
v 0.186744 1.360020 -0.063988
v 0.167987 1.370407 -0.064873
v 0.250354 1.310855 -0.059170
v 0.257910 1.318978 -0.050199
v 0.270420 1.325611 -0.046243
v 0.290094 1.288796 -0.113212
v 0.240246 1.296821 -0.118507
v 0.267869 1.314931 -0.098804
v 0.214805 1.280879 -0.125908
v 0.093949 1.321615 -0.131185
v 0.101147 1.323673 -0.119698
v 0.029458 1.358922 -0.100178
v -0.157669 1.230616 0.122341
v -0.284185 1.105388 -0.172004
v -0.268231 1.142022 -0.153510
v -0.292017 1.100199 -0.162511
v -0.295136 1.077264 -0.182956
v -0.304040 1.076058 -0.171820
v -0.300294 1.061782 -0.186887
v -0.311384 1.062510 -0.176776
v -0.410846 1.018160 -0.217954
v -0.395869 1.001297 -0.213259
v -0.451899 0.994764 -0.223516
v -0.493360 0.964062 -0.230168
v -0.467208 1.004971 -0.222214
v -0.477338 0.956424 -0.232588
v -0.506481 0.969765 -0.226531
v -0.484408 1.011845 -0.217476
v -0.506984 0.980579 -0.213597
v -0.515548 0.927097 -0.235602
v -0.492189 0.927416 -0.236940
v -0.477038 0.910903 -0.236090
v -0.478149 0.954433 -0.207210
v -0.494124 0.960733 -0.204712
v -0.472741 0.920669 -0.216349
v -0.492377 0.918928 -0.213958
v -0.509357 0.925457 -0.211791
v -0.541789 1.130329 -0.115954
v -0.578855 1.078070 -0.108216
v -0.575946 1.082431 -0.126800
v -0.576460 1.084371 -0.144922
v -0.594145 1.042449 -0.135312
v -0.591042 1.040188 -0.147801
v -0.565266 1.079134 -0.160243
v -0.555727 1.070904 -0.153482
v -0.593372 1.041240 -0.124105
v -0.568811 1.071969 -0.107419
v -0.510481 0.967429 -0.205753
v -0.464984 0.921603 -0.225058
v 0.008873 1.537037 -0.030903
v 0.016596 1.557937 -0.039183
v -0.016799 1.442663 0.133509
v -0.045798 1.453481 0.111213
v 0.158051 1.437868 -0.096653
v 0.182026 1.473709 -0.053813
v -0.053867 0.936896 -0.110348
v -0.127342 0.916011 -0.094381
v -0.177834 0.859516 -0.090546
v -0.204077 0.878465 -0.069364
v -0.228865 0.885898 -0.048243
v -0.251155 0.800588 -0.071318
v -0.269956 0.815026 -0.044440
v -0.306848 0.729325 -0.075163
v -0.328185 0.745314 -0.039046
v -0.227616 0.788231 -0.099674
v -0.274402 0.722568 -0.107518
v -0.192501 0.762045 -0.137131
v -0.236707 0.702010 -0.144039
v -0.274624 0.652161 -0.151796
v -0.208539 0.674723 -0.180603
v -0.249880 0.629216 -0.180827
v -0.286221 0.587511 -0.174018
v -0.304202 0.601768 -0.153439
v -0.319502 0.541390 -0.171757
v -0.331630 0.549500 -0.154561
v -0.350133 0.557672 -0.142896
v -0.356226 0.510440 -0.154942
v -0.369308 0.520264 -0.143444
v -0.343524 0.497546 -0.166308
v -0.369789 0.453170 -0.160789
v -0.332657 0.480744 -0.176767
v -0.304167 0.531234 -0.181851
v -0.158040 0.725619 -0.175277
v -0.142662 0.815769 -0.132553
v -0.113825 0.756887 -0.177485
v -0.095194 0.850711 -0.136431
v -0.073006 0.777930 -0.179398
v -0.057141 0.733074 -0.212129
v -0.018977 0.793126 -0.180359
v -0.007280 0.741704 -0.211975
v 0.004155 0.699304 -0.238635
v -0.036754 0.693757 -0.240472
v 0.012744 0.663285 -0.258335
v 0.056235 0.700244 -0.231865
v 0.054449 0.666413 -0.250352
v 0.116635 0.689569 -0.215073
v 0.054465 0.741193 -0.206206
v 0.113970 0.659044 -0.229259
v 0.177423 0.661728 -0.200898
v 0.051611 0.793937 -0.176006
v 0.049404 0.865959 -0.140226
v -0.033951 0.864206 -0.143754
v -0.242792 0.936314 -0.002116
v -0.251400 0.924207 0.054878
v -0.224687 0.929340 0.103500
v -0.228978 0.903845 0.101613
v -0.195204 0.927784 0.129492
v -0.208661 0.896844 0.130889
v -0.260773 0.853134 0.104352
v -0.246871 0.846592 0.126747
v -0.326656 0.778484 0.084862
v -0.321326 0.775566 0.103382
v -0.392024 0.733690 0.057371
v -0.386602 0.729506 0.070933
v -0.423606 0.696998 0.056171
v -0.419693 0.693448 0.068107
v -0.409216 0.692777 0.066400
v -0.437132 0.682000 0.052249
v -0.427510 0.677640 0.059212
v -0.405849 0.694209 0.057381
v -0.200743 0.948758 0.143218
v -0.062482 1.595412 -0.050492
v 0.235343 1.349818 -0.028251
v 0.231170 1.329264 -0.034211
v 0.227792 1.307589 -0.015358
v 0.203714 1.309033 -0.016657
v 0.224719 1.289188 0.016471
v 0.204181 1.291940 0.017758
v 0.191878 1.281635 0.015391
v 0.200727 1.290095 0.053674
v 0.187624 1.277621 0.052349
v 0.201101 1.300489 0.088530
v 0.186184 1.289687 0.092032
v 0.199794 1.317946 0.110889
v 0.182160 1.314990 0.116142
v 0.225844 1.297451 0.090639
v 0.228907 1.314735 0.111185
v 0.278788 1.288391 0.095632
v 0.354038 1.275351 0.048170
v 0.356138 1.290178 0.079734
v 0.277831 1.278741 0.057699
v 0.223867 1.285441 0.056317
v 0.279859 1.282294 0.014381
v 0.355193 1.298681 -0.010824
v 0.353832 1.284017 0.012217
v 0.285768 1.298856 -0.015763
v 0.404143 1.298919 -0.020918
v 0.408493 1.278570 0.005644
v 0.410229 1.274595 0.044239
v 0.450310 1.279047 0.006263
v 0.452646 1.271709 0.046351
v 0.456745 1.285808 0.082524
v 0.411496 1.288105 0.077707
v 0.459789 1.307710 0.105405
v 0.487158 1.277230 0.088922
v 0.482726 1.307176 0.113496
v 0.485707 1.337687 0.116531
v 0.461208 1.335279 0.111979
v 0.489850 1.369369 0.108097
v 0.457852 1.361272 0.097282
v 0.518471 1.340317 0.118200
v 0.524758 1.366512 0.102466
v 0.526057 1.384783 0.072006
v 0.591238 1.362499 0.096742
v 0.593592 1.375337 0.075671
v 0.597371 1.380936 0.047885
v 0.523890 1.400932 0.035360
v 0.600678 1.370500 0.023613
v 0.530732 1.380762 0.008090
v 0.601724 1.355419 0.005127
v 0.525560 1.358270 -0.016090
v 0.482476 1.359608 -0.022833
v 0.522304 1.335297 -0.025998
v 0.483378 1.331780 -0.029682
v 0.452042 1.329789 -0.034416
v 0.476683 1.302219 -0.022007
v 0.452064 1.301447 -0.021356
v 0.399452 1.324275 -0.032730
v 0.355241 1.318117 -0.022872
v 0.291556 1.317949 -0.030850
v 0.297103 1.337393 -0.032426
v 0.300397 1.357687 -0.021799
v 0.240925 1.369201 -0.019245
v 0.302502 1.379255 -0.002996
v 0.250029 1.389340 -0.000613
v 0.194467 1.378205 -0.021925
v 0.201521 1.398635 -0.002780
v 0.208237 1.413328 0.033248
v 0.183780 1.419141 0.033274
v 0.208295 1.401656 0.072680
v 0.181643 1.406284 0.076979
v 0.167577 1.424017 0.033602
v 0.167181 1.410011 0.079162
v 0.154312 1.415050 0.081472
v 0.148993 1.398069 0.107012
v 0.331492 1.388333 0.026438
v 0.347477 1.387220 0.021751
v 0.341151 1.395972 0.022029
v 0.330738 1.396533 0.052067
v 0.321043 1.401406 0.025526
v 0.317379 1.389561 -0.006443
v 0.320680 1.369087 -0.025532
v 0.299962 1.406151 0.028046
v 0.296346 1.394916 -0.005132
v 0.296072 1.376506 -0.025252
v 0.305920 1.401181 0.056256
v 0.314046 1.390354 0.075240
v 0.474631 1.270002 0.000454
v 0.523955 1.306899 -0.017236
v 0.523385 1.285377 0.010226
v 0.520262 1.274351 0.045542
v 0.481529 1.262311 0.046005
v 0.519347 1.286029 0.084523
v 0.518750 1.311958 0.111355
v 0.595782 1.342235 0.106720
v 0.647407 1.339462 0.108003
v 0.642668 1.362077 0.101315
v 0.675173 1.365324 0.080384
v 0.644994 1.375630 0.080187
v 0.675630 1.368885 0.054555
v 0.649450 1.381884 0.050911
v 0.675642 1.365680 0.030591
v 0.646555 1.374178 0.024451
v 0.675642 1.357484 0.011943
v 0.648175 1.361562 0.003570
v 0.677159 1.340319 0.002262
v 0.652341 1.339951 -0.001951
v 0.603873 1.338687 -0.000438
v 0.651827 1.319990 0.006214
v 0.606244 1.318111 0.005233
v 0.679003 1.319910 0.005508
v 0.716394 1.340005 0.003039
v 0.715617 1.319945 0.002904
v 0.741150 1.318985 0.003619
v 0.715333 1.357752 0.082931
v -0.055475 1.483934 0.150588
v -0.087403 1.523043 0.107769
v -0.051497 1.497992 0.162245
v -0.081316 1.531388 0.123732
v -0.046339 1.512439 0.174477
v -0.077274 1.540356 0.136337
v -0.035263 1.523701 0.175823
v -0.072447 1.550303 0.149188
v -0.099393 1.597062 0.122127
v -0.117012 1.638403 0.101539
v -0.066957 1.556649 0.151963
v -0.066387 1.566437 0.159162
v -0.057728 1.577064 0.168758
v -0.059107 1.633871 0.137437
v -0.054918 1.679514 0.106308
v -0.040145 1.643089 0.150550
v -0.036539 1.686549 0.120626
v 0.192998 1.457799 0.002757
v 0.178692 1.463827 0.001189
v 0.186232 1.445024 -0.026884
v 0.200451 1.460241 0.037380
v 0.184127 1.466857 0.036754
v 0.203253 1.448606 0.070126
v 0.217330 1.421670 0.102424
v 0.196153 1.426580 0.102503
v 0.224725 1.442544 0.069246
v 0.221543 1.454264 0.039024
v 0.249925 1.436153 0.069361
v 0.212223 1.452974 0.008239
v 0.207555 1.442930 -0.017476
v 0.207126 1.430558 -0.033451
v 0.202137 1.421245 -0.032590
v 0.239266 1.415196 0.103199
v 0.222225 1.390146 0.126567
v 0.202556 1.397336 0.126065
v 0.202735 1.367797 0.138967
v 0.186633 1.376603 0.137357
v 0.169206 1.383444 0.136556
v 0.183592 1.402521 0.124822
v 0.152263 1.390434 0.134167
v 0.167429 1.360287 0.145591
v 0.152683 1.348402 0.145052
v 0.177414 1.350049 0.148875
v 0.144126 1.340406 0.138401
v 0.184213 1.339621 0.152330
v 0.190100 1.332465 0.154586
v -0.089105 1.646760 0.005730
v -0.090437 1.661976 0.022470
v -0.075061 1.681234 0.007695
v -0.037494 0.956017 0.177806
v -0.023490 0.967483 0.185995
v -0.094510 0.937757 0.172359
v -0.082030 0.943180 0.182632
v -0.091049 0.902695 0.183157
v -0.075631 0.905588 0.191788
v -0.058288 0.906927 0.195243
v -0.071171 0.855887 0.200183
v -0.049968 0.858104 0.200598
v -0.046732 0.803691 0.203292
v -0.045847 0.742794 0.207554
v -0.042852 0.683537 0.204782
v -0.061001 0.680519 0.208481
v -0.072312 0.678257 0.193663
v -0.032157 0.633201 0.212518
v -0.060954 0.672199 0.183188
v -0.043879 0.733958 0.184482
v -0.039866 0.673308 0.182796
v -0.019244 0.732083 0.189938
v -0.017033 0.673393 0.187388
v -0.014132 0.623207 0.184463
v 0.005635 0.672214 0.195039
v 0.006611 0.623413 0.188685
v 0.008704 0.584134 0.182804
v 0.027087 0.669802 0.186916
v 0.008130 0.730633 0.192971
v 0.031807 0.728449 0.189026
v 0.012964 0.790059 0.187344
v 0.035547 0.785159 0.184504
v 0.017924 0.845594 0.176109
v 0.042080 0.839559 0.174944
v 0.062214 0.833569 0.173866
v 0.045796 0.875330 0.169645
v 0.020242 0.877496 0.171230
v 0.020454 0.901730 0.166420
v 0.044379 0.903594 0.164244
v 0.019044 0.923689 0.161860
v 0.041849 0.927796 0.159181
v 0.061430 0.932760 0.156034
v 0.038832 0.946783 0.154173
v 0.057633 0.952213 0.151052
v 0.073498 0.958555 0.147734
v 0.058514 0.951102 0.143115
v 0.074284 0.958275 0.139417
v 0.065973 0.934287 0.140884
v 0.082452 0.941342 0.138802
v 0.046109 0.926625 0.141813
v 0.040131 0.944565 0.146054
v 0.021898 0.919180 0.141919
v 0.018124 0.938748 0.147431
v 0.017276 0.942997 0.156750
v -0.006254 0.936886 0.147808
v -0.006217 0.942959 0.157388
v -0.007415 0.925030 0.161719
v -0.031415 0.947868 0.154919
v -0.034568 0.933333 0.158761
v -0.008686 0.904618 0.166098
v -0.037981 0.912980 0.163068
v -0.057181 0.942071 0.155076
v -0.060107 0.920461 0.159985
v -0.010920 0.883082 0.170477
v -0.041087 0.888424 0.168004
v -0.061897 0.890785 0.166308
v -0.078674 0.925052 0.157627
v -0.079842 0.894203 0.165186
v -0.044245 0.850801 0.173169
v -0.063463 0.849679 0.172217
v -0.081780 0.851377 0.172849
v -0.095141 0.898460 0.168941
v -0.096886 0.853837 0.177892
v -0.099004 0.813683 0.180587
v -0.093864 0.930727 0.158561
v -0.089125 0.854991 0.191203
v -0.046626 0.795214 0.182131
v -0.014657 0.848390 0.175935
v -0.018186 0.793608 0.185749
v -0.053809 0.955073 0.151018
v -0.055392 0.948953 0.143514
v -0.031897 0.941042 0.146640
v -0.062535 0.931738 0.141225
v -0.036159 0.922487 0.141829
v -0.007653 0.916961 0.141788
v -0.083595 0.940114 0.138682
v 0.019237 1.666069 -0.051052
v 0.010369 1.695768 -0.046893
v 0.028066 1.682901 -0.048766
v 0.037066 1.699707 -0.051180
v -0.003980 1.708582 -0.040238
v -0.014491 1.715418 -0.028610
v -0.025993 1.721064 -0.015438
v 0.090412 1.630843 -0.010346
v 0.094886 1.648007 0.000638
v 0.044004 1.485966 0.171502
v 0.045693 1.471067 0.160009
v 0.069291 1.526864 0.145146
v 0.093866 1.581989 0.125296
v 0.064490 1.541280 0.157474
v 0.060292 1.548402 0.158777
v 0.059307 1.558287 0.168260
v 0.051979 1.568923 0.172749
v 0.054410 1.623142 0.148581
v 0.037056 1.678129 0.128504
v 0.035867 1.635218 0.159343
v 0.058048 1.667135 0.116559
v 0.016097 1.713616 0.114009
v 0.032553 1.706311 0.101253
v 0.052508 1.698518 0.087735
v -0.002117 1.732004 0.108991
v -0.002044 1.719983 0.123851
v 0.094450 1.652527 0.051910
v -0.111690 1.687923 0.077198
v 0.043713 1.764504 -0.010244
v 0.050451 1.747453 -0.001973
v -0.001904 1.577209 0.211979
v 0.292634 1.102713 -0.181092
v 0.695614 1.288188 0.109393
v 0.772150 1.323011 0.106306
v 0.415355 1.008972 -0.219522
v 0.450408 0.970752 -0.227647
v 0.462094 0.978793 -0.227787
v 0.476382 0.931445 -0.234284
v 0.487129 0.936679 -0.236425
v 0.475456 0.986033 -0.227139
v 0.502285 0.942730 -0.233913
v 0.488964 0.991243 -0.223108
v 0.518446 0.948529 -0.231380
v 0.484137 1.038795 -0.207270
v 0.470737 0.900251 -0.231730
v 0.472251 0.893928 -0.222478
v 0.463600 0.974720 -0.203101
v 0.477775 0.980460 -0.200810
v 0.562118 1.111261 -0.128131
v 0.585106 1.066519 -0.136658
v 0.556253 1.062843 -0.148283
v 0.558971 1.053870 -0.132555
v 0.521113 0.814481 -0.225629
v 0.504803 0.815979 -0.229862
v 0.511939 0.815053 -0.235924
v -0.170646 0.895551 0.144308
v -0.172380 0.897644 0.125595
v -0.180226 0.897193 0.130169
v -0.179252 0.880115 0.126360
v -0.182783 0.900267 0.109401
v -0.192071 0.849520 0.126282
v -0.186975 0.770308 0.146910
v -0.166577 0.692380 0.158770
v -0.165500 0.764988 0.156433
v -0.145174 0.684632 0.155689
v -0.140968 0.759791 0.157799
v -0.119880 0.674871 0.141884
v -0.110380 0.754202 0.149664
v -0.087800 0.662262 0.119736
v -0.071384 0.748495 0.128185
v -0.063475 0.654570 0.075590
v -0.043644 0.745441 0.076433
v -0.064080 0.655150 0.028264
v -0.044197 0.745242 0.019324
v -0.036266 0.825412 0.016897
v -0.075071 0.749526 -0.029893
v -0.065508 0.828145 -0.027684
v -0.024652 0.850004 0.014123
v -0.010656 0.862936 0.012789
v 0.006755 0.864253 0.011084
v 0.022020 0.854914 0.008586
v 0.036095 0.832572 0.007611
v 0.032841 0.834181 0.064393
v 0.049840 0.840715 0.113458
v 0.047895 0.764989 0.003857
v 0.041040 0.755051 0.068940
v 0.046468 0.780357 0.095747
v 0.072636 0.842674 0.144081
v 0.078924 0.748395 0.136376
v 0.109560 0.706359 0.141425
v 0.065642 0.714211 0.101920
v 0.082073 0.643188 0.103896
v 0.096511 0.583544 0.060873
v 0.101618 0.594122 0.099333
v 0.061914 0.649989 0.058156
v 0.128611 0.582911 0.127934
v 0.070368 0.661910 0.009593
v 0.098156 0.584873 0.020701
v 0.106418 0.557089 0.012794
v 0.103400 0.674121 -0.031496
v 0.122125 0.597938 -0.019443
v 0.129493 0.571495 -0.023162
v 0.159270 0.607567 -0.028083
v 0.163598 0.578049 -0.033774
v 0.167202 0.552010 -0.044908
v 0.135568 0.546237 -0.033195
v 0.100116 0.528467 -0.003903
v 0.112997 0.492260 -0.029453
v 0.092164 0.503742 0.019053
v 0.120253 0.421409 -0.048126
v 0.147651 0.331270 -0.034734
v 0.127677 0.329688 -0.006404
v 0.124919 0.333253 0.028229
v 0.169918 0.256450 -0.018241
v 0.153815 0.254557 -0.000415
v 0.152399 0.254445 0.019075
v 0.129691 0.337812 0.057692
v 0.151820 0.257359 0.051185
v 0.155413 0.208468 -0.006170
v 0.149726 0.203990 0.015726
v 0.148590 0.205340 0.052073
v 0.159276 0.213115 0.086063
v 0.140441 0.176273 0.015850
v 0.137833 0.181347 0.057375
v 0.149632 0.188194 0.094203
v 0.179255 0.221129 0.105066
v 0.128162 0.164646 0.060104
v 0.143232 0.168952 0.100335
v 0.155318 0.154836 0.096558
v 0.162545 0.153009 0.086350
v 0.127891 0.162811 0.013340
v 0.185558 0.258891 -0.032399
v 0.198735 0.260203 -0.036105
v 0.214158 0.260532 -0.029578
v 0.219055 0.217139 -0.036102
v 0.231691 0.260752 -0.018721
v 0.236413 0.211560 -0.021517
v 0.241266 0.186019 -0.031186
v 0.253375 0.209323 -0.004109
v 0.260845 0.181037 -0.009895
v 0.263297 0.164040 -0.016035
v 0.237451 0.171674 -0.033765
v 0.252515 0.153054 -0.009510
v 0.228830 0.162570 -0.026153
v 0.252392 0.141112 -0.007151
v 0.229748 0.145538 -0.028104
v 0.208725 0.149539 -0.040967
v 0.185236 0.149368 -0.033500
v 0.234037 0.121629 -0.032486
v 0.210598 0.127404 -0.047341
v 0.184430 0.128925 -0.039188
v 0.164346 0.145613 -0.013431
v 0.163366 0.126128 -0.017169
v 0.207938 0.084842 -0.049584
v 0.181681 0.085638 -0.043389
v 0.160124 0.084760 -0.021930
v 0.138772 0.089102 0.006867
v 0.179189 0.057135 -0.045211
v 0.155717 0.058315 -0.025173
v 0.138448 0.057852 0.002794
v 0.152996 0.036140 -0.028553
v 0.137891 0.037507 -0.000538
v 0.142966 0.042843 0.034534
v 0.138261 0.020406 0.000596
v 0.142193 0.023545 0.036122
v 0.162167 0.027717 0.072499
v 0.156901 0.051383 0.079272
v 0.165131 0.018255 0.111989
v 0.160146 0.040440 0.115476
v 0.164245 0.066228 0.122154
v 0.159686 0.025933 0.160730
v 0.163683 0.051934 0.159437
v 0.171117 0.014284 0.215786
v 0.180001 0.034245 0.212378
v 0.191445 0.058279 0.214176
v 0.195887 0.021325 0.257041
v 0.207389 0.033816 0.252595
v 0.222932 0.049540 0.255049
v 0.215533 0.080768 0.221503
v 0.246657 0.053521 0.254587
v 0.250442 0.077812 0.217636
v 0.262798 0.040674 0.247784
v 0.273730 0.056525 0.209218
v 0.278923 0.072680 0.159825
v 0.286742 0.034085 0.207779
v 0.299973 0.042927 0.153436
v 0.296895 0.014728 0.211430
v 0.308086 0.019647 0.152176
v 0.283092 0.002997 0.209438
v 0.292400 0.003095 0.154700
v 0.280320 0.006536 0.097474
v 0.266035 0.007791 0.047193
v 0.268120 0.001545 0.158412
v 0.258630 0.005078 0.103237
v 0.242849 0.006565 0.049754
v 0.246400 0.004240 -0.002438
v 0.223705 0.004409 0.009599
v 0.234339 0.006361 0.108022
v 0.219379 0.008408 0.054861
v 0.209056 0.007607 0.110575
v 0.195076 0.011115 0.061025
v 0.185134 0.010041 0.111475
v 0.174289 0.014402 0.067200
v 0.166778 0.009369 0.161235
v 0.185598 0.004800 0.212522
v 0.213385 0.002199 0.243700
v 0.200224 0.005468 0.252538
v 0.238700 0.000582 0.258080
v 0.227572 0.001893 0.270373
v 0.217087 0.008582 0.279662
v 0.229433 0.011299 0.293821
v 0.220063 0.019712 0.280927
v 0.237180 0.019367 0.296917
v 0.229738 0.028208 0.279468
v 0.242635 0.020204 0.297875
v 0.241974 0.034952 0.278605
v 0.251332 0.021650 0.289253
v 0.254944 0.029214 0.274044
v 0.263886 0.018765 0.273339
v 0.273316 0.025248 0.246385
v 0.266887 0.008865 0.272981
v 0.280338 0.010243 0.249134
v 0.256315 0.001547 0.266358
v 0.268512 0.002121 0.244095
v 0.250246 0.000650 0.237697
v 0.261130 0.001387 0.206434
v 0.264817 0.013421 -0.012684
v 0.233561 0.032729 -0.043512
v 0.265825 0.039424 -0.009859
v 0.233341 0.055383 -0.039236
v 0.261699 0.058997 -0.008693
v 0.233178 0.083800 -0.035156
v 0.261426 0.083782 -0.012807
v 0.279932 0.093925 0.040951
v 0.256130 0.114876 -0.008912
v 0.267438 0.112290 0.035667
v 0.262774 0.135979 0.089866
v 0.268057 0.121883 0.101056
v 0.240594 0.154016 0.115513
v 0.258018 0.149468 0.078351
v 0.237691 0.166397 0.101110
v 0.224424 0.165554 0.127929
v 0.206699 0.165050 0.128728
v 0.258798 0.158343 0.073096
v 0.237881 0.177307 0.091470
v 0.270566 0.168994 0.073686
v 0.248038 0.182749 0.100916
v 0.264638 0.185119 0.066908
v 0.250466 0.196441 0.096921
v 0.253951 0.210418 0.056946
v 0.240753 0.217147 0.085392
v 0.229775 0.223542 0.103601
v 0.234018 0.269450 0.074359
v 0.224362 0.271584 0.090276
v 0.214596 0.273476 0.102022
v 0.222442 0.349161 0.093068
v 0.212431 0.345072 0.107059
v 0.201118 0.340915 0.117365
v 0.204492 0.274632 0.109538
v 0.218269 0.408134 0.111025
v 0.225871 0.455502 0.107942
v 0.215066 0.445549 0.126978
v 0.231462 0.418101 0.090265
v 0.235459 0.353672 0.075297
v 0.259350 0.431673 0.054855
v 0.252624 0.353837 0.043952
v 0.246600 0.266528 0.048994
v 0.261769 0.349153 0.009935
v 0.249754 0.263494 0.017363
v 0.257027 0.207490 0.019721
v 0.247301 0.261783 -0.001988
v 0.272930 0.180850 0.023236
v 0.276553 0.162036 0.024338
v 0.266698 0.148266 0.026495
v 0.262647 0.134309 0.030460
v 0.238435 0.345293 -0.035077
v 0.256389 0.347367 -0.012680
v 0.242828 0.439485 -0.041344
v 0.262166 0.441176 -0.010986
v 0.266609 0.439603 0.017706
v 0.252360 0.472094 0.070612
v 0.203186 0.462091 0.130788
v 0.204734 0.470563 0.145526
v 0.196982 0.471874 0.176404
v 0.191654 0.513438 0.186566
v 0.178889 0.511523 0.184657
v 0.174568 0.473806 0.173481
v 0.156632 0.473480 0.144753
v 0.185876 0.566170 0.187753
v 0.206692 0.056758 -0.053294
v 0.205024 0.034966 -0.056019
v 0.176379 0.035075 -0.047283
v 0.153115 0.019203 -0.027994
v 0.197820 0.611940 -0.011804
v 0.154486 0.685020 -0.046454
v 0.204088 0.693230 -0.020867
v 0.144360 0.777553 -0.052852
v 0.196942 0.789642 -0.029937
v 0.086232 0.770037 -0.038316
v 0.123785 0.772122 0.154410
v 0.101655 0.763262 0.148704
v 0.145675 0.777626 0.158283
v 0.154093 0.852202 0.156286
v 0.171212 0.783236 0.155316
v 0.165634 0.881655 0.145446
v 0.174068 0.853923 0.145142
v 0.191010 0.787818 0.143420
v 0.189367 0.857468 0.126242
v 0.211615 0.793119 0.120724
v 0.179221 0.880136 0.128054
v 0.185792 0.895502 0.107153
v 0.172892 0.894478 0.126769
v 0.161190 0.897258 0.140282
v 0.174793 0.902578 0.129041
v 0.166072 0.901996 0.141237
v 0.174584 0.889202 0.147420
v 0.183059 0.891979 0.132721
v 0.195281 0.877293 0.134656
v 0.181504 0.904790 0.110664
v 0.186147 0.921840 0.088899
v 0.190634 0.916815 0.081263
v 0.174158 0.944987 0.084417
v 0.175303 0.948356 0.077257
v 0.168294 0.960420 0.097423
v 0.162314 0.957791 0.092696
v 0.160852 0.966003 0.083578
v 0.160835 0.975969 0.067986
v 0.148951 0.990269 0.072601
v 0.142428 1.005509 0.078785
v 0.157245 0.981149 0.043646
v 0.148964 0.999699 0.044954
v 0.144011 1.018303 0.048635
v 0.150482 1.011029 0.082498
v 0.153596 1.025836 0.049305
v 0.143079 0.999701 0.010684
v 0.136532 1.018783 0.008894
v 0.144335 1.026221 0.003719
v 0.166277 1.012480 0.043715
v 0.155246 1.010348 0.002258
v 0.112291 0.996625 -0.033460
v 0.114869 0.999447 -0.037052
v 0.125595 0.984470 -0.039491
v 0.167044 0.992480 0.000548
v 0.134676 0.970621 -0.041295
v 0.078510 0.993474 -0.057141
v 0.078029 0.976103 -0.064784
v 0.080977 0.958335 -0.070176
v 0.012919 0.990886 -0.073351
v 0.013251 0.969881 -0.079377
v 0.011619 0.946228 -0.086728
v 0.086296 0.937708 -0.075729
v 0.145223 0.952922 -0.043350
v 0.193796 0.946254 -0.004868
v 0.179264 0.972394 -0.001475
v 0.207891 0.949455 0.033139
v 0.192225 0.976858 0.036318
v 0.178773 0.997034 0.038887
v 0.178336 0.988437 0.070930
v 0.165064 1.000754 0.077178
v 0.173576 0.973525 0.090243
v 0.225121 0.918233 0.029502
v 0.209885 0.915215 -0.009179
v 0.259265 0.867253 0.027173
v 0.240007 0.856469 -0.010484
v 0.315753 0.790217 0.052154
v 0.260177 0.863466 0.061299
v 0.307461 0.788226 0.017817
v 0.286416 0.779238 -0.017702
v 0.253725 0.767137 -0.059337
v 0.291802 0.700539 -0.073759
v 0.310549 0.653413 -0.091941
v 0.199967 0.739998 -0.114707
v 0.242319 0.685369 -0.123025
v 0.271194 0.643491 -0.128245
v 0.323261 0.610612 -0.108570
v 0.293974 0.602452 -0.132811
v 0.197744 0.662727 -0.163927
v 0.153414 0.707653 -0.158831
v 0.070164 0.709358 -0.193381
v 0.010387 0.736482 -0.188665
v 0.029186 0.679284 -0.222934
v -0.059013 0.763197 -0.166611
v -0.085637 0.861429 -0.109346
v -0.118614 0.791463 -0.131816
v -0.154913 0.883175 -0.067782
v -0.185705 0.819292 -0.079364
v -0.224232 0.748806 -0.095183
v -0.234445 0.838121 -0.029530
v -0.277345 0.763364 -0.039532
v -0.312172 0.693639 -0.061954
v -0.261621 0.686477 -0.109437
v -0.291547 0.634016 -0.119384
v -0.250877 0.618797 -0.151245
v -0.311799 0.581670 -0.127031
v -0.287817 0.574276 -0.147248
v -0.334983 0.534595 -0.130137
v -0.315015 0.527947 -0.148081
v -0.295007 0.521424 -0.161936
v -0.359517 0.485086 -0.132186
v -0.338580 0.479819 -0.145633
v -0.319926 0.467145 -0.163010
v -0.377419 0.438911 -0.132290
v -0.304878 0.771869 -0.003651
v -0.345812 0.696918 -0.029098
v -0.319594 0.780839 0.027277
v -0.365492 0.717356 0.007762
v -0.319990 0.779408 0.058355
v -0.369789 0.727216 0.036733
v -0.304245 0.767716 0.082784
v -0.367383 0.727202 0.057703
v -0.266644 0.847814 0.069192
v -0.256839 0.830544 0.089279
v -0.231725 0.907665 0.046536
v -0.270776 0.856029 0.041710
v -0.209388 0.939795 0.018012
v -0.214571 0.936619 0.049848
v -0.225717 0.909591 0.013417
v -0.258798 0.849967 0.008975
v -0.203243 0.903110 -0.025570
v -0.140788 0.915205 -0.061617
v -0.188735 0.933628 -0.020890
v -0.130728 0.938307 -0.056929
v -0.177282 0.957390 -0.017328
v -0.195914 0.964734 0.022516
v -0.166222 0.976563 -0.014522
v -0.183675 0.985304 0.026531
v -0.185849 0.982425 0.059106
v -0.199625 0.962012 0.053435
v -0.182023 0.972404 0.079715
v -0.173477 0.996545 0.065906
v -0.170109 0.982452 0.089195
v -0.166521 0.966034 0.101581
v -0.176164 0.959320 0.090482
v -0.159560 0.957592 0.097757
v -0.168592 0.951355 0.090374
v -0.179951 0.940174 0.076492
v -0.167966 0.959553 0.079323
v -0.157054 0.969878 0.085396
v -0.165828 0.967834 0.062569
v -0.155811 0.981828 0.065872
v -0.148146 0.994767 0.070045
v -0.152874 0.988220 0.039329
v -0.147337 1.003884 0.040136
v -0.142699 1.007662 0.074969
v -0.143139 1.019703 0.041732
v -0.138187 1.000015 0.001152
v -0.132076 1.015791 -0.002319
v -0.149288 1.014498 0.077758
v -0.150723 1.028215 0.040272
v -0.137958 1.021573 -0.009173
v -0.102828 0.994783 -0.040793
v -0.103991 0.996767 -0.044560
v -0.162016 1.016492 0.035401
v -0.147303 1.008402 -0.009839
v -0.109991 0.985323 -0.047502
v -0.059737 0.998192 -0.062462
v -0.058420 0.983876 -0.068942
v -0.156267 0.992983 -0.011865
v -0.116638 0.970256 -0.050665
v -0.058627 0.965972 -0.075729
v -0.122851 0.956285 -0.053367
v -0.060092 0.949421 -0.081292
v -0.063857 0.928820 -0.088192
v -0.071245 0.903480 -0.095584
v -0.172400 1.002626 0.030485
v -0.162135 1.006565 0.072424
v 0.012694 1.006596 -0.057169
v -0.059181 0.995586 -0.057344
v 0.013201 1.009338 -0.067374
v 0.011274 0.985982 -0.058834
v -0.055463 0.978268 -0.060025
v -0.106877 0.981248 -0.040839
v -0.144246 0.985413 0.003306
v -0.152270 0.970922 0.004246
v -0.163191 0.972888 0.039919
v 0.074726 0.974551 -0.056047
v 0.075664 0.991285 -0.053910
v 0.118973 0.982126 -0.030941
v 0.149677 0.980702 0.011695
v -0.189401 0.914105 0.088565
v 0.339603 0.567661 -0.116435
v 0.314988 0.560361 -0.133085
v 0.359812 0.529824 -0.118277
v 0.338411 0.521461 -0.132619
v 0.252118 0.844067 0.087131
v 0.251164 0.818996 0.105905
v 0.213472 0.853266 0.133630
v -0.128475 0.757450 -0.052272
v -0.112966 0.842841 -0.053582
v -0.184872 0.766101 -0.041167
v -0.167557 0.860059 -0.041157
v -0.223931 0.771176 0.003496
v -0.183902 0.674973 -0.034019
v -0.220079 0.679164 0.000740
v -0.175840 0.602713 -0.023306
v -0.138522 0.569006 -0.029911
v -0.175301 0.573841 -0.035537
v -0.139071 0.597933 -0.026616
v -0.131779 0.667988 -0.042545
v -0.085541 0.661047 -0.016567
v -0.148419 0.532227 -0.043110
v -0.176329 0.536567 -0.048615
v -0.154554 0.469920 -0.062913
v -0.180587 0.473111 -0.068572
v -0.205866 0.475352 -0.058377
v -0.191345 0.373889 -0.068926
v -0.214436 0.377394 -0.061466
v -0.242592 0.379146 -0.043728
v -0.215284 0.285241 -0.030862
v -0.235310 0.286453 -0.018806
v -0.247149 0.287829 -0.002836
v -0.263009 0.381218 -0.016869
v -0.252068 0.289109 0.012850
v -0.246056 0.226328 -0.007163
v -0.254839 0.226262 0.002817
v -0.252868 0.225489 0.022089
v -0.248657 0.291502 0.034354
v -0.251305 0.226744 0.044829
v -0.241997 0.294488 0.059284
v -0.240780 0.231504 0.072354
v -0.230028 0.295652 0.079364
v -0.223132 0.368249 0.093885
v -0.218023 0.295630 0.095726
v -0.213982 0.361613 0.111998
v -0.218682 0.419905 0.110778
v -0.206636 0.294799 0.108386
v -0.204003 0.356500 0.126829
v -0.192611 0.294104 0.105324
v -0.182119 0.362560 0.120485
v -0.175968 0.292274 0.095230
v -0.165878 0.370468 0.107144
v -0.157805 0.287386 0.077349
v -0.144081 0.372050 0.086677
v -0.146965 0.280743 0.041086
v -0.117223 0.366508 0.054485
v -0.144592 0.277849 0.011113
v -0.110112 0.365002 0.022527
v -0.152190 0.278575 -0.005150
v -0.109610 0.368079 -0.019658
v -0.169117 0.281004 -0.023396
v -0.139178 0.369917 -0.052350
v -0.121794 0.466692 -0.044243
v -0.165554 0.372240 -0.063821
v -0.184106 0.282475 -0.034953
v -0.198837 0.284135 -0.037711
v -0.187013 0.230142 -0.037331
v -0.201229 0.232181 -0.040606
v -0.216744 0.231190 -0.032741
v -0.231613 0.198367 -0.030475
v -0.235802 0.228086 -0.015146
v -0.244125 0.193762 -0.021552
v -0.225370 0.187324 -0.045472
v -0.242386 0.180300 -0.034527
v -0.257857 0.172712 -0.020107
v -0.257285 0.190588 -0.008508
v -0.276576 0.169713 -0.000408
v -0.266163 0.188127 0.009186
v -0.275700 0.168040 0.041423
v -0.264241 0.187937 0.040114
v -0.266350 0.176811 0.078909
v -0.255375 0.195186 0.072514
v -0.248441 0.192449 0.106349
v -0.239011 0.207838 0.099660
v -0.226984 0.238483 0.095360
v -0.222876 0.221326 0.121906
v -0.213257 0.242135 0.112877
v -0.190278 0.218679 0.123964
v -0.196074 0.239715 0.111617
v -0.168140 0.205685 0.106067
v -0.176469 0.233544 0.098371
v -0.189539 0.203830 0.132543
v -0.161657 0.187411 0.118713
v -0.195247 0.189338 0.118639
v -0.168586 0.173915 0.114698
v -0.144012 0.153828 0.093050
v -0.181206 0.167296 0.098380
v -0.158707 0.151275 0.086233
v -0.146037 0.142302 0.059280
v -0.143467 0.129397 0.029684
v -0.138395 0.143749 0.029665
v -0.144837 0.134331 0.007120
v -0.141131 0.146365 0.007824
v -0.161384 0.142621 -0.011385
v -0.156021 0.155645 -0.010020
v -0.144814 0.159160 -0.016294
v -0.159076 0.181882 -0.032360
v -0.175902 0.190006 -0.046214
v -0.173392 0.202153 -0.036526
v -0.159978 0.195596 -0.020490
v -0.174258 0.227001 -0.026534
v -0.160590 0.222381 -0.011060
v -0.141201 0.105125 0.005965
v -0.156305 0.110056 -0.016415
v -0.172846 0.114374 -0.036852
v -0.152897 0.074407 -0.018777
v -0.172577 0.073601 -0.037820
v -0.192757 0.072876 -0.050715
v -0.193457 0.115659 -0.052832
v -0.214827 0.071431 -0.048222
v -0.219555 0.114140 -0.046618
v -0.237187 0.070472 -0.032620
v -0.240574 0.109317 -0.030679
v -0.238064 0.137866 -0.022153
v -0.263739 0.102333 -0.005816
v -0.257365 0.130054 -0.000899
v -0.254715 0.144573 0.002944
v -0.239662 0.154752 -0.017235
v -0.267961 0.154428 0.000140
v -0.250727 0.162224 -0.022277
v -0.263197 0.139425 0.042775
v -0.270763 0.151746 0.040798
v -0.254384 0.154023 0.080696
v -0.257837 0.163336 0.078570
v -0.234054 0.171246 0.098728
v -0.239333 0.181500 0.098983
v -0.216220 0.181197 0.106339
v -0.219510 0.192704 0.112603
v -0.225831 0.206792 0.127857
v -0.199488 0.178272 0.106175
v -0.219794 0.168985 0.125210
v -0.199912 0.165585 0.125766
v -0.179845 0.153829 0.116679
v -0.179968 0.129802 0.132889
v -0.237883 0.157766 0.113957
v -0.266849 0.123953 0.104707
v -0.258966 0.139519 0.094046
v -0.277328 0.099818 0.048537
v -0.266185 0.121714 0.046950
v -0.213461 0.048718 -0.052491
v -0.237787 0.047736 -0.036890
v -0.212280 0.029941 -0.055535
v -0.238447 0.027763 -0.040763
v -0.261173 0.010059 -0.007620
v -0.244238 0.003956 -0.000162
v -0.259325 0.007261 0.050496
v -0.275302 0.014127 0.049306
v -0.272764 0.003475 0.111672
v -0.291317 0.008696 0.105450
v -0.275802 0.001145 0.175714
v -0.295186 0.003919 0.174482
v -0.304781 0.019107 0.173523
v -0.278614 0.003137 0.224987
v -0.288014 0.012394 0.227645
v -0.281392 0.026970 0.224622
v -0.295149 0.037374 0.172831
v -0.272848 0.042815 0.225162
v -0.282063 0.063518 0.177228
v -0.257558 0.058681 0.232822
v -0.257270 0.086754 0.187704
v -0.237856 0.070121 0.242341
v -0.229214 0.101702 0.198749
v -0.214612 0.060419 0.240766
v -0.197864 0.088719 0.194285
v -0.197937 0.043970 0.237630
v -0.175993 0.063444 0.187123
v -0.190420 0.027134 0.237045
v -0.168237 0.040177 0.183514
v -0.183083 0.014156 0.240441
v -0.162272 0.018705 0.183871
v -0.192984 0.004884 0.236081
v -0.172141 0.005960 0.182972
v -0.170789 0.011262 0.118078
v -0.167161 0.017309 0.067709
v -0.190842 0.002711 0.181359
v -0.189105 0.006557 0.119884
v -0.182769 0.012445 0.063999
v -0.208213 0.005083 0.120087
v -0.200719 0.010561 0.060734
v -0.230364 0.004542 0.118938
v -0.221080 0.008688 0.057036
v -0.205856 0.006266 0.016280
v -0.189637 0.007207 -0.010623
v -0.240844 0.007169 0.053136
v -0.224970 0.004393 0.008327
v -0.252609 0.003998 0.115957
v -0.174095 0.009490 -0.031226
v -0.166596 0.018242 -0.041791
v -0.148750 0.020921 -0.023185
v -0.167148 0.032870 -0.042519
v -0.147898 0.035271 -0.023389
v -0.169607 0.051500 -0.040489
v -0.150028 0.053001 -0.021107
v -0.138048 0.074058 0.006364
v -0.132069 0.075865 0.034902
v -0.143304 0.101873 0.031668
v -0.188200 0.031538 -0.054351
v -0.190095 0.050517 -0.053195
v -0.206319 0.002528 0.231840
v -0.214781 0.002608 0.265695
v -0.225935 0.001145 0.257904
v -0.231032 0.001105 0.280291
v -0.240044 0.000580 0.269070
v -0.250068 0.000000 0.253132
v -0.263220 0.001018 0.221750
v -0.250544 0.001627 0.275365
v -0.262277 0.001921 0.257027
v -0.259467 0.004544 0.281033
v -0.271775 0.007254 0.262027
v -0.270329 0.018586 0.262178
v -0.206918 0.009424 0.272971
v -0.224573 0.005179 0.289129
v -0.209616 0.019369 0.272635
v -0.217561 0.028768 0.269915
v -0.226348 0.038377 0.270319
v -0.234534 0.027763 0.285279
v -0.090336 0.596772 0.079190
v -0.110316 0.588650 0.111053
v -0.106257 0.571787 0.084594
v -0.100984 0.612394 0.112569
v -0.118901 0.569026 0.112291
v -0.132796 0.586154 0.132645
v -0.126456 0.606671 0.134727
v -0.149227 0.620719 0.145991
v -0.121555 0.629083 0.143777
v -0.146238 0.644084 0.156157
v 0.073062 0.915146 0.187476
v 0.057853 0.914693 0.189539
v 0.087821 0.913836 0.179091
v 0.067350 0.868801 0.194340
v 0.049500 0.870154 0.202993
v 0.058282 0.813674 0.199059
v 0.037998 0.815438 0.206805
v 0.053923 0.758193 0.205283
v 0.036531 0.755042 0.212752
v 0.053640 0.711916 0.200705
v 0.037150 0.705131 0.209398
v 0.054240 0.656776 0.193113
v 0.056878 0.628813 0.177490
v 0.057695 0.620839 0.187091
v 0.307644 0.612620 -0.146689
v 0.282330 0.596832 -0.171965
v 0.334748 0.561263 -0.149107
v 0.317201 0.551709 -0.169921
v 0.297211 0.537972 -0.183597
v 0.356535 0.523773 -0.150499
v 0.336335 0.510002 -0.168377
v 0.381878 0.482949 -0.147879
v 0.361751 0.472047 -0.161005
v 0.382146 0.430130 -0.158455
v 0.362387 0.415846 -0.166137
v 0.387991 0.392082 -0.157905
v 0.394832 0.345657 -0.145216
v 0.385971 0.345762 -0.153447
v 0.394660 0.349763 -0.131979
v 0.375298 0.534206 -0.132801
v -0.000016 0.588861 -0.291469
v 0.003317 0.572336 -0.295526
v 0.009398 0.590442 0.208164
v -0.017540 0.466563 0.185922
v -0.368201 0.607844 -0.100753
v -0.383124 0.633460 -0.077732
v -0.371382 0.602895 -0.093571
v -0.379725 0.627017 -0.073019
v -0.379457 0.576527 -0.105954
v -0.378764 0.576221 -0.099100
v -0.470121 0.592933 -0.006231
v 0.478537 0.564163 -0.011357
v -0.396808 0.368900 -0.153117
v -0.406975 0.367098 -0.138126
v -0.393954 0.369114 -0.130428
v -0.384615 0.321702 -0.144723
v -0.377342 0.323468 -0.147781
v -0.370835 0.305242 -0.141471
v -0.371212 0.326307 -0.141219
v -0.374924 0.325630 -0.132422
v 0.469467 0.493770 0.004575
v 0.351143 0.730317 0.105415
v 0.214905 0.575062 0.106088
v 0.137417 0.605436 0.154275
v 0.153755 0.628245 0.162926
v 0.086518 0.552905 0.125221
v -0.215351 0.572487 0.103218
v -0.155698 0.638158 0.184259
v -0.160980 0.646281 0.173068
v -0.177003 0.650594 0.183186
v -0.168044 0.637362 0.185811
v -0.244976 0.586597 0.077959
v -0.067430 0.579004 0.063993
v -0.119109 1.228245 0.154199
v 0.053016 0.768948 0.103623
v -0.040947 1.708651 -0.059872
v -0.038056 1.702201 -0.053115
v -0.047615 1.702534 -0.061174
v -0.368447 1.375900 0.074294
v -0.363491 1.375755 0.062976
v -0.382787 1.378065 0.074496
v -0.771572 1.332539 0.077505
v -0.793206 1.325742 0.081035
v -0.774815 1.320798 0.073984
v 0.504803 0.815979 -0.229862
v 0.511939 0.815053 -0.235924
v 0.498806 0.775015 -0.219548
v 0.008873 1.537037 -0.030903
v 0.014113 1.524683 -0.023450
v 0.010221 1.529867 -0.028728
v -0.038056 1.702201 -0.053115
v -0.048567 1.687096 -0.054173
v -0.047615 1.702534 -0.061174
v -0.795509 1.319616 0.046744
v -0.802966 1.309777 0.066330
v -0.804522 1.312785 0.053462
v 0.029150 0.609650 -0.271054
v 0.076883 0.637101 -0.256728
v 0.038571 0.616297 -0.272900
v -0.471040 0.584468 -0.018257
v -0.465536 0.573266 0.000086
v -0.457300 0.585025 -0.004870
v 0.376442 0.581162 -0.099890
v 0.358018 0.575366 -0.101610
v 0.380196 0.567791 -0.110574
vn -0.4721 0.8585 -0.2004
vn -0.4953 0.7544 -0.4307
vn -0.5388 0.8419 -0.0293
vn -0.6215 0.7831 -0.0203
vn -0.9040 -0.0165 0.4271
vn -0.5315 0.8437 -0.0756
vn -0.3533 0.9229 0.1527
vn -0.2940 -0.9531 0.0723
vn -0.0025 -0.9903 0.1390
vn -0.0282 -0.9284 -0.3706
vn -0.6806 0.3251 -0.6565
vn -0.2243 -0.9712 -0.0809
vn 0.0664 -0.9978 -0.0088
vn -0.1887 -0.9806 -0.0532
vn -0.0420 -0.9848 -0.1685
vn 0.1201 -0.9205 -0.3718
vn 0.0355 -0.7585 0.6507
vn 0.1504 -0.9302 0.3347
vn -0.3941 0.8905 0.2273
vn -0.7275 0.2331 -0.6453
vn -0.9132 -0.1650 0.3725
vn -0.2440 -0.1100 0.9635
vn -0.1491 -0.9883 0.0328
vn -0.3371 -0.9252 -0.1743
vn -0.5602 0.4837 -0.6724
vn -0.3565 0.9004 0.2493
vn -0.4596 0.5868 -0.6666
vn 0.1817 0.3527 -0.9179
vn 0.0429 0.9374 -0.3455
vn -0.2365 0.9623 -0.1347
vn 0.1410 0.6015 -0.7863
vn 0.0458 0.6503 -0.7583
vn -0.9580 -0.2541 -0.1329
vn -0.8307 -0.3184 -0.4567
vn -0.7105 -0.3938 -0.5832
vn -0.7833 -0.5208 -0.3395
vn -0.5284 -0.5744 0.6252
vn -0.4784 0.0254 0.8778
vn -0.6834 0.0573 0.7278
vn -0.8593 -0.4991 -0.1118
vn 0.5474 -0.7056 0.4501
vn -0.1228 -0.5744 -0.8093
vn -0.1825 -0.9367 -0.2989
vn 0.4491 -0.8854 0.1203
vn 0.5442 0.5867 -0.5997
vn 0.2107 0.9443 -0.2526
vn -0.6025 0.6918 -0.3981
vn 0.0808 0.3841 -0.9198
vn -0.8713 0.3888 -0.2995
vn -0.7883 0.5560 -0.2635
vn -0.9328 0.3128 0.1790
vn 0.6382 -0.5041 -0.5819
vn 0.7427 -0.0620 -0.6667
vn 0.7865 0.5954 0.1641
vn 0.7738 0.2403 0.5860
vn -0.4167 0.8396 0.3486
vn -0.1925 0.9737 -0.1222
vn 0.5046 -0.5440 0.6704
vn -0.6383 -0.2836 0.7156
vn -0.4336 -0.5288 0.7296
vn -0.3228 -0.6296 0.7067
vn -0.8618 -0.3554 0.3620
vn -0.8920 -0.3104 0.3288
vn -0.8470 -0.0424 0.5299
vn 0.0362 -0.9993 0.0073
vn -0.0009 -1.0000 -0.0073
vn 0.0264 -0.9996 -0.0085
vn 0.0595 -0.9982 0.0062
vn 0.0527 -0.9983 -0.0245
vn 0.0231 -0.9991 -0.0359
vn 0.0031 -0.9996 -0.0273
vn 0.3285 0.1343 0.9349
vn -0.2353 -0.0517 0.9705
vn -0.1808 -0.6911 0.6998
vn 0.2530 -0.7391 0.6243
vn -0.0379 -0.9793 0.1988
vn -0.4511 -0.7771 0.4389
vn -0.6851 0.0419 0.7272
vn -0.1335 0.6200 0.7732
vn 0.5964 0.2761 0.7537
vn 0.4216 0.6348 0.6475
vn -0.6248 0.5903 0.5110
vn -0.6397 0.5683 0.5175
vn -0.1886 0.6993 0.6895
vn -0.8261 0.1725 0.5364
vn -0.1738 0.7521 0.6357
vn -0.6533 0.5926 0.4713
vn -0.7333 0.5406 0.4123
vn 0.8552 -0.4719 0.2142
vn 0.8684 -0.2841 0.4064
vn 0.9756 0.0059 0.2195
vn 0.9156 -0.3197 0.2439
vn 0.9172 -0.3040 0.2575
vn 0.9647 -0.2605 0.0391
vn 0.8173 0.1406 0.5588
vn 0.8679 0.3623 0.3399
vn 0.0455 -0.9975 0.0542
vn 0.0805 -0.9962 -0.0344
vn 0.1383 -0.9903 -0.0093
vn 0.1038 -0.9902 0.0938
vn 0.4061 -0.8744 -0.2657
vn 0.5592 -0.8251 -0.0803
vn 0.5187 -0.8227 0.2326
vn 0.9840 0.0149 0.1773
vn 0.9211 -0.0267 0.3884
vn 0.8652 0.1833 0.4667
vn 0.9349 -0.3387 -0.1064
vn 0.9945 -0.0209 -0.1024
vn 0.9432 -0.1777 0.2808
vn 0.8904 -0.3193 0.3244
vn 0.9460 -0.2888 0.1476
vn 0.0701 -0.9971 -0.0312
vn -0.0729 -0.9790 -0.1903
vn 0.0145 -0.9527 -0.3036
vn 0.1475 -0.9494 -0.2774
vn -0.4581 -0.6362 -0.6207
vn -0.1272 -0.5507 -0.8250
vn 0.2770 -0.4910 -0.8259
vn 0.9796 -0.0015 -0.2011
vn 0.9488 0.2665 0.1697
vn 0.9708 -0.0020 0.2398
vn 0.8832 0.2340 0.4064
vn -0.8950 -0.0153 -0.4458
vn -0.9710 0.0419 -0.2352
vn -0.9810 0.1630 -0.1055
vn -0.9029 0.1313 -0.4094
vn -0.9780 0.0302 -0.2062
vn -0.9030 0.4074 -0.1366
vn -0.7971 0.6034 -0.0228
vn -0.9388 0.2924 0.1822
vn -0.8945 -0.0164 -0.4467
vn -0.9979 -0.0645 -0.0059
vn -0.9073 -0.0347 0.4191
vn -0.7175 0.0647 0.6935
vn -0.7749 0.3479 0.5277
vn 0.1009 0.3953 0.9130
vn 0.0094 0.3612 0.9324
vn 0.6184 0.6521 0.4386
vn 0.6540 0.3481 0.6716
vn -0.0823 0.9192 0.3851
vn -0.6112 0.7796 0.1362
vn 0.4839 0.4250 0.7650
vn -0.1993 0.6631 0.7215
vn -0.7298 0.5021 0.4640
vn 0.8076 -0.5461 0.2224
vn 0.8967 -0.4355 -0.0791
vn 0.9051 0.4108 -0.1097
vn 0.9618 0.2278 0.1520
vn 0.8517 -0.3385 -0.4001
vn 0.8748 0.3752 -0.3064
vn 0.8198 0.5724 -0.0177
vn 0.8697 0.1203 0.4787
vn 0.8463 0.4547 0.2777
vn 0.9597 0.0627 -0.2741
vn 0.9932 0.0912 0.0719
vn 0.8830 0.3608 -0.3002
vn 0.9033 0.1589 0.3985
vn 0.8367 0.2675 -0.4780
vn 0.6473 0.1826 -0.7400
vn 0.1564 0.2654 -0.9514
vn 0.0669 -0.3514 -0.9338
vn 0.3739 -0.4236 -0.8251
vn -0.4823 0.2202 -0.8479
vn -0.3315 -0.2998 -0.8945
vn 0.2955 -0.5749 -0.7630
vn 0.1747 -0.6228 -0.7626
vn 0.0216 -0.5586 -0.8292
vn -0.1236 -0.5765 -0.8077
vn -0.2339 -0.5482 -0.8030
vn -0.3326 -0.0739 -0.9402
vn -0.0406 -0.0027 -0.9992
vn 0.3023 -0.1416 -0.9426
vn 0.4450 0.3379 -0.8293
vn -0.0972 0.3704 -0.9237
vn -0.5329 0.3468 -0.7718
vn -0.7920 -0.0902 0.6038
vn -0.1744 -0.2732 0.9460
vn -0.0967 -0.4528 0.8863
vn -0.7929 -0.1253 0.5963
vn 0.5899 -0.3218 0.7406
vn 0.6040 -0.4387 0.6653
vn -0.8676 -0.0555 0.4941
vn -0.8628 -0.1313 0.4883
vn -0.8753 -0.2931 0.3848
vn -0.8985 -0.0792 0.4317
vn -0.9907 -0.0836 0.1072
vn -0.9765 0.0571 0.2077
vn -0.8103 -0.1366 0.5698
vn -0.8463 -0.2708 0.4588
vn -0.8783 -0.2031 0.4329
vn -0.9392 -0.1724 0.2971
vn -0.8576 -0.2838 0.4288
vn -0.8692 -0.1322 0.4765
vn -0.9507 0.2740 -0.1449
vn -0.9976 0.0692 0.0033
vn -0.9066 -0.0037 0.4219
vn 0.6533 -0.3580 0.6671
vn 0.5833 -0.3975 0.7083
vn 0.6636 -0.4809 0.5731
vn -0.0001 -0.4364 0.8997
vn 0.8404 -0.4085 0.3562
vn 0.8408 -0.3380 0.4228
vn 0.9553 -0.2880 0.0668
vn 0.9853 -0.1462 -0.0881
vn 0.9579 0.1157 -0.2626
vn 0.9526 -0.0575 -0.2986
vn 0.5965 -0.4527 0.6627
vn 0.6248 -0.4090 0.6651
vn 0.6429 -0.3275 0.6924
vn 0.5761 -0.2533 0.7771
vn 0.6412 -0.3142 0.7001
vn 0.6460 -0.3465 0.6802
vn 0.6313 -0.4297 0.6457
vn 0.6350 -0.4114 0.6538
vn 0.7978 -0.3150 0.5142
vn 0.9071 0.1656 -0.3870
vn 0.9381 -0.2335 0.2557
vn 0.9137 -0.2369 0.3301
vn -0.9433 0.2058 -0.2605
vn -0.7175 0.2272 -0.6585
vn -0.7810 0.3737 -0.5004
vn -0.8267 -0.0182 0.5623
vn -0.8410 -0.0378 0.5398
vn -0.8224 -0.0747 0.5640
vn -0.9347 0.1954 0.2970
vn -0.8203 0.4258 -0.3819
vn 0.8965 0.4034 -0.1830
vn -0.4819 0.4615 -0.7449
vn 0.6641 -0.2920 -0.6883
vn 0.3326 0.8102 -0.4826
vn 0.9164 0.1836 0.3558
vn 0.5689 -0.1721 0.8042
vn 0.5148 -0.1296 0.8475
vn 0.4043 -0.0596 0.9127
vn 0.5489 -0.0897 0.8311
vn -0.0965 0.0115 0.9953
vn -0.1639 0.0601 0.9846
vn 0.6995 0.6606 0.2727
vn 0.7657 0.4238 0.4838
vn 0.7717 0.3816 0.5088
vn 0.1848 -0.0328 0.9822
vn -0.2661 0.0600 0.9621
vn 0.6912 -0.2807 0.6660
vn 0.8838 0.2743 0.3790
vn -0.2160 0.9741 -0.0670
vn 0.1756 0.8871 -0.4268
vn -0.5504 0.3472 -0.7592
vn -0.6687 0.3576 -0.6519
vn -0.9927 -0.1031 0.0622
vn -0.9796 -0.0035 -0.2007
vn -0.7986 0.0856 -0.5958
vn 0.7963 0.2437 -0.5536
vn 0.9589 0.0249 -0.2827
vn 0.9727 -0.2096 0.0994
vn 0.9307 0.3655 -0.0130
vn -0.7647 0.0272 0.6439
vn -0.6934 0.0899 0.7149
vn -0.8102 0.0571 0.5834
vn -0.8592 -0.0021 0.5116
vn -0.6547 0.1172 0.7468
vn -0.7889 0.2267 0.5712
vn -0.9013 0.1733 0.3970
vn -0.8474 0.3742 0.3766
vn -0.7704 0.6365 0.0373
vn 0.9851 0.1680 0.0357
vn 0.1205 0.9019 -0.4148
vn -0.5341 0.2744 -0.7996
vn 0.2230 0.8536 -0.4708
vn 0.9256 -0.3735 -0.0617
vn 0.7996 -0.2939 -0.5238
vn -0.3435 0.8955 -0.2829
vn -0.5114 0.8097 -0.2879
vn -0.4633 0.8579 -0.2221
vn 0.3943 0.5024 -0.7695
vn 0.5446 0.5685 -0.6167
vn -0.0661 0.7318 -0.6783
vn -0.9243 0.2849 0.2540
vn -0.9112 -0.1510 0.3834
vn -0.8212 0.5608 0.1058
vn -0.4500 0.0524 0.8915
vn -0.6401 0.1201 0.7588
vn -0.5400 0.7939 0.2796
vn -0.7406 0.5605 0.3706
vn 0.5207 -0.1665 0.8374
vn 0.7943 0.3857 0.4694
vn 0.1874 0.7740 -0.6049
vn 0.3435 0.8162 -0.4645
vn 0.4615 0.8275 -0.3197
vn 0.1182 0.6901 -0.7140
vn 0.0343 0.7488 -0.6620
vn 0.2605 0.4466 -0.8560
vn 0.1432 0.5203 -0.8419
vn -0.3399 0.8034 -0.4889
vn 0.3467 0.6207 -0.7033
vn 0.3141 0.9159 -0.2499
vn 0.5574 0.5838 -0.5903
vn -0.2852 0.8995 -0.3311
vn 0.3616 0.1788 0.9150
vn -0.3115 0.0309 0.9498
vn -0.3248 -0.2912 0.8999
vn -0.7261 -0.2051 0.6563
vn -0.7527 0.0637 0.6553
vn -0.9576 -0.1187 0.2624
vn -0.8779 -0.0903 0.4703
vn -0.2911 -0.1861 0.9384
vn -0.6476 -0.1029 0.7550
vn -0.7722 0.0297 0.6347
vn -0.9041 -0.0712 0.4214
vn -0.9450 -0.1161 0.3057
vn -0.9906 -0.1061 0.0862
vn -0.9407 0.0148 0.3389
vn -0.6136 0.0360 0.7888
vn -0.7719 0.0115 0.6357
vn 0.8857 -0.0883 -0.4559
vn 0.7589 0.0971 -0.6439
vn 0.8509 0.1047 0.5148
vn 0.5089 -0.1798 0.8418
vn -0.0561 -0.0093 0.9984
vn 0.8949 0.3997 0.1988
vn -0.0997 -0.9947 -0.0264
vn 0.6422 -0.5927 0.4861
vn -0.1354 -0.0824 0.9874
vn -0.7778 -0.3693 0.5086
vn 0.7300 -0.3688 0.5754
vn -0.2410 0.0875 0.9666
vn -0.8558 0.2630 0.4455
vn -0.9381 0.1516 -0.3116
vn -0.3466 -0.4673 -0.8133
vn 0.7539 -0.4941 -0.4330
vn 0.0484 -0.3327 -0.9418
vn -0.8694 0.0753 -0.4884
vn -0.8287 -0.4507 0.3319
vn -0.9180 -0.3898 -0.0730
vn -0.8938 -0.2814 0.3491
vn -0.5629 -0.1922 0.8038
vn -0.3413 0.0067 0.9399
vn -0.3823 -0.0762 0.9209
vn -0.9219 -0.0242 0.3866
vn -0.6633 -0.1789 -0.7266
vn -0.4372 -0.2678 -0.8586
vn -0.4429 -0.1830 0.8777
vn 0.0049 -0.6184 -0.7859
vn -0.0035 0.1919 -0.9814
vn 0.8315 0.3831 -0.4022
vn 0.9732 -0.1504 -0.1740
vn 0.7584 0.4623 0.4595
vn 0.4877 0.8710 0.0592
vn -0.3765 0.4347 -0.8181
vn 0.8284 0.2897 0.4794
vn 0.3448 0.3103 0.8859
vn 0.0916 -0.5270 0.8449
vn 0.6574 -0.6250 0.4209
vn 0.1104 -0.9674 0.2280
vn -0.2673 -0.8029 0.5328
vn -0.0454 -0.9990 0.0044
vn -0.1068 -0.9943 0.0059
vn -0.0566 -0.9984 -0.0066
vn -0.0128 -0.9999 -0.0066
vn -0.0209 -0.9986 -0.0485
vn -0.0582 -0.9968 -0.0548
vn -0.1659 -0.9846 -0.0555
vn 0.9467 -0.1737 -0.2713
vn 0.9455 -0.2342 -0.2263
vn 0.9798 0.1596 -0.1204
vn 0.8936 0.4024 -0.1988
vn 0.7883 0.6151 -0.0138
vn 0.9357 0.2275 0.2697
vn 0.9083 -0.0516 0.4151
vn 0.9971 -0.0756 0.0080
vn -0.0645 -0.9971 -0.0400
vn -0.1641 -0.9559 -0.2435
vn -0.0676 -0.9623 -0.2636
vn 0.0484 -0.9793 -0.1967
vn -0.4042 -0.5185 -0.7535
vn -0.0253 -0.5728 -0.8193
vn 0.4039 -0.5758 -0.7108
vn 0.4741 0.8404 0.2624
vn 0.6056 0.6939 0.3895
vn -0.4185 0.5516 0.7215
vn -0.2686 0.8697 0.4141
vn 0.6156 -0.1149 0.7796
vn -0.0186 0.0467 0.9987
vn -0.3574 0.4829 0.7994
vn -0.6707 0.3162 0.6710
vn -0.7947 0.5115 0.3269
vn -0.8172 0.3335 0.4701
vn -0.8834 0.2316 0.4075
vn -0.0587 -0.9970 0.0502
vn -0.0578 -0.9953 0.0782
vn -0.0727 -0.9973 -0.0074
vn -0.0664 -0.9974 -0.0271
vn -0.4233 -0.8796 0.2170
vn -0.4820 -0.8749 -0.0471
vn -0.3120 -0.9187 -0.2422
vn 0.7560 0.0931 0.6479
vn 0.3913 0.2933 0.8723
vn 0.7653 0.5080 0.3954
vn 0.3143 0.6670 0.6755
vn -0.9867 -0.0843 0.1390
vn -0.9535 0.0106 0.3012
vn -0.9795 0.1712 0.1059
vn -0.6622 0.4978 0.5600
vn -0.8823 0.2305 0.4105
vn -0.9777 0.1262 0.1681
vn 0.2741 -0.6557 0.7035
vn 0.1554 -0.6274 0.7631
vn 0.1514 -0.1844 0.9711
vn 0.2604 -0.2559 0.9310
vn -0.4323 0.3102 0.8467
vn -0.1784 0.7426 0.6455
vn 0.1459 -0.6249 0.7669
vn 0.3619 0.7747 0.5186
vn -0.1851 -0.4127 0.8919
vn 0.7408 0.0907 0.6656
vn 0.5001 0.0515 0.8644
vn 0.0408 0.1487 0.9880
vn -0.3427 0.1592 0.9258
vn -0.5987 0.2862 0.7481
vn -0.8967 -0.2743 -0.3474
vn -0.8031 -0.5876 0.0988
vn -0.6810 -0.7050 0.1979
vn -0.7558 -0.5954 -0.2725
vn -0.9752 0.0795 -0.2063
vn -0.9822 -0.1364 0.1291
vn -0.7577 -0.5491 0.3527
vn 0.6617 0.4150 0.6244
vn 0.0183 0.4571 0.8892
vn -0.5508 0.3878 0.7391
vn -0.5070 -0.5068 -0.6972
vn -0.6386 -0.2745 -0.7189
vn -0.3142 -0.3292 -0.8905
vn -0.3247 -0.2611 -0.9091
vn 0.0493 -0.1625 -0.9855
vn 0.0620 -0.4080 -0.9109
vn 0.3546 -0.0249 -0.9347
vn -0.0683 0.0080 -0.9976
vn -0.8094 0.2842 -0.5140
vn -0.6762 0.0992 -0.7300
vn -0.5018 0.2051 -0.8403
vn -0.7583 0.2022 -0.6198
vn -0.4816 0.2659 -0.8351
vn 0.1274 0.2985 -0.9459
vn -0.4680 -0.3452 0.8135
vn -0.6023 -0.3281 0.7277
vn -0.5859 -0.2563 0.7688
vn -0.4868 -0.2325 0.8420
vn -0.5201 0.0304 0.8536
vn -0.6260 0.0101 0.7798
vn -0.7940 -0.0279 0.6073
vn -0.6685 -0.2478 0.7012
vn -0.6309 -0.3076 0.7123
vn 0.7816 -0.1602 0.6029
vn 0.5982 0.0793 0.7974
vn 0.1784 -0.1565 0.9714
vn 0.2135 -0.3096 0.9266
vn -0.3273 -0.0677 0.9425
vn 0.1650 -0.3066 0.9374
vn -0.5677 -0.0889 0.8184
vn -0.5847 -0.3028 0.7526
vn -0.4921 -0.7381 0.4615
vn 0.3290 -0.8325 0.4457
vn 0.9926 -0.0969 -0.0730
vn 0.9975 0.0209 0.0676
vn 0.8829 -0.0962 0.4595
vn 0.8945 -0.2016 0.3991
vn 0.7788 -0.2429 0.5784
vn 0.8196 -0.3207 0.4747
vn 0.9733 0.1828 0.1389
vn 0.9145 0.0395 0.4026
vn 0.8631 0.0723 0.4998
vn 0.8520 -0.0369 0.5222
vn 0.8488 -0.1752 0.4989
vn -0.5214 -0.1433 0.8412
vn -0.5420 -0.2036 0.8154
vn -0.5644 -0.2264 0.7938
vn -0.5910 -0.1840 0.7854
vn -0.6146 -0.3051 0.7274
vn -0.6267 -0.3580 0.6921
vn -0.6676 -0.4009 0.6273
vn 0.8814 -0.2376 0.4083
vn 0.8135 -0.0593 0.5786
vn 0.8158 -0.0250 0.5778
vn 0.8299 -0.0033 0.5580
vn 0.7559 0.0342 0.6538
vn -0.5737 -0.2277 0.7868
vn -0.5655 -0.4351 0.7006
vn -0.6463 -0.4265 0.6328
vn -0.6805 -0.3676 0.6338
vn -0.6759 -0.3306 0.6587
vn -0.7917 -0.2887 0.5383
vn -0.6131 -0.4812 0.6266
vn -0.9429 -0.2920 0.1604
vn -0.9229 -0.3332 0.1929
vn -0.9304 -0.2688 0.2493
vn 0.9395 0.1551 0.3056
vn 0.8529 0.4905 -0.1787
vn 0.1865 0.5564 -0.8097
vn 0.3900 0.7894 -0.4740
vn 0.7739 0.3967 -0.4936
vn -0.9963 -0.0734 -0.0450
vn -0.9987 -0.0452 0.0240
vn -0.9657 -0.1940 0.1727
vn -0.7841 -0.2870 0.5502
vn -0.9693 -0.0068 -0.2459
vn -0.9455 -0.1491 -0.2894
vn 0.8334 0.3468 -0.4302
vn 0.5455 0.7848 -0.2942
vn 0.4815 -0.1732 -0.8592
vn 0.0458 -0.2649 -0.9632
vn -0.0119 -0.0592 -0.9982
vn 0.5017 0.0769 -0.8616
vn -0.5099 0.2028 -0.8360
vn -0.0173 0.2784 -0.9603
vn -0.5060 -0.0658 -0.8600
vn 0.4767 0.2957 -0.8279
vn -0.4430 -0.2997 -0.8449
vn 0.7185 0.6900 -0.0877
vn -0.2975 0.7915 -0.5339
vn -0.4566 0.6635 -0.5927
vn 0.8394 0.1912 0.5088
vn 0.6898 0.1054 0.7163
vn 0.6664 0.7404 0.0878
vn 0.5085 0.7976 -0.3244
vn 0.5900 0.1122 0.7995
vn 0.8263 0.4448 0.3457
vn 0.3862 0.7380 -0.5534
vn 0.9973 0.0739 -0.0023
vn 0.9130 0.2203 -0.3435
vn 0.7015 0.2887 -0.6516
vn 0.7514 0.4608 -0.4724
vn 0.8965 0.3493 -0.2726
vn -0.5232 -0.2088 0.8263
vn -0.7527 0.4017 0.5216
vn -0.8983 0.4364 -0.0511
vn -0.6596 -0.2986 0.6898
vn -0.0663 0.8252 -0.5610
vn -0.9700 0.2369 0.0552
vn 0.0243 0.7396 -0.6726
vn 0.1761 0.0438 0.9834
vn 0.0600 0.0204 0.9980
vn -0.3666 -0.0432 0.9294
vn -0.3743 -0.0449 0.9262
vn -0.2079 0.0598 0.9763
vn -0.5833 0.0640 0.8097
vn -0.5599 0.0830 0.8244
vn -0.8819 0.4585 -0.1096
vn 0.1928 0.8972 -0.3974
vn -0.4902 0.6527 -0.5777
vn 0.3611 0.9050 -0.2248
vn -0.2984 0.5803 -0.7577
vn 0.1979 0.8500 -0.4882
vn -0.1336 0.8514 -0.5072
vn 0.3656 0.1193 0.9231
vn 0.6989 0.6801 0.2213
vn 0.4438 0.8672 0.2257
vn -0.0876 0.8720 0.4815
vn 0.1377 0.7136 -0.6869
vn -0.1728 0.7063 -0.6865
vn -0.6103 0.7452 0.2687
vn -0.9514 0.2376 -0.1960
vn -0.8418 0.1984 -0.5020
vn -0.3653 -0.0708 0.9282
vn -0.8181 0.5750 0.0043
vn -0.5711 0.8001 -0.1836
vn -0.2136 0.9143 -0.3442
vn -0.5639 0.4178 0.7124
vn -0.1354 0.8199 -0.5562
vn 0.5099 0.4111 -0.7557
vn 0.5856 0.3172 -0.7460
vn 0.9890 -0.0146 0.1470
vn -0.3815 0.8311 -0.4047
vn -0.5583 0.8295 0.0179
vn -0.9605 -0.0591 0.2718
vn -0.9904 0.1105 0.0826
vn 0.1902 0.5938 -0.7818
vn -0.3307 0.8309 -0.4475
vn 0.9066 -0.0349 -0.4206
vn 0.9992 -0.0393 0.0083
vn 0.9922 -0.1224 0.0234
vn 0.9247 -0.0660 -0.3749
vn 0.9387 -0.0265 0.3437
vn 0.9313 -0.1265 0.3416
vn 0.3525 0.8408 -0.4108
vn 0.2039 0.0849 0.9753
vn -0.2312 0.5512 -0.8017
vn -0.2399 0.6588 -0.7130
vn -0.2305 0.4878 -0.8420
vn -0.6728 0.5830 0.4555
vn -0.2603 -0.2446 0.9340
vn 0.9014 -0.1602 0.4022
vn 0.8478 -0.0421 0.5287
vn 0.7083 -0.1169 0.6962
vn 0.9247 0.3032 0.2301
vn 0.7292 0.0302 0.6837
vn 0.2398 -0.2523 0.9375
vn 0.3303 -0.1419 0.9331
vn 0.8313 -0.0049 0.5558
vn 0.6744 -0.0072 0.7383
vn -0.1379 -0.0045 0.9904
vn -0.2940 -0.2167 0.9309
vn -0.6016 -0.3060 0.7378
vn -0.6035 -0.1896 0.7745
vn 0.3867 0.0099 0.9221
vn -0.0854 0.0097 0.9963
vn -0.3477 -0.0454 0.9365
vn -0.0528 -0.3407 0.9387
vn -0.0285 -0.3935 0.9189
vn -0.2962 -0.3963 0.8690
vn -0.2847 -0.3472 0.8935
vn -0.5029 -0.3862 0.7732
vn -0.5245 -0.3861 0.7588
vn 0.0452 -0.4541 0.8898
vn -0.1764 -0.4610 0.8697
vn -0.3296 -0.4612 0.8238
vn -0.4201 -0.4140 0.8075
vn -0.5594 -0.4061 0.7226
vn -0.6273 -0.4071 -0.6639
vn -0.6420 -0.7093 -0.2910
vn -0.4316 -0.8777 0.2083
vn -0.5868 -0.7544 -0.2942
vn -0.6823 -0.5601 -0.4698
vn -0.5622 -0.5330 0.6324
vn -0.5051 -0.5205 0.6885
vn -0.5483 -0.5773 0.6051
vn -0.6199 -0.6074 0.4968
vn -0.7077 -0.7016 0.0837
vn -0.6337 -0.7237 0.2733
vn -0.4904 -0.4230 0.7619
vn -0.1113 -0.7891 0.6041
vn -0.6375 -0.7082 0.3036
vn -0.5747 -0.5576 0.5990
vn -0.2704 -0.8943 0.3566
vn 0.9063 0.1355 -0.4004
vn 0.8404 0.3525 -0.4116
vn 0.9394 0.3400 0.0448
vn 0.9874 0.1472 0.0579
vn 0.7896 0.4364 -0.4313
vn 0.8516 0.5127 -0.1092
vn 0.9093 0.1224 0.3977
vn 0.8755 0.2749 0.3973
vn 0.8392 0.5151 0.1746
vn 0.8900 0.3815 0.2496
vn 0.8408 0.3154 0.4400
vn -0.6541 -0.7560 -0.0256
vn -0.3608 -0.9074 0.2156
vn -0.5762 -0.5886 0.5671
vn -0.2010 -0.7327 0.6502
vn 0.0462 -0.7373 0.6740
vn 0.9028 -0.2897 0.3177
vn 0.8764 -0.4730 0.0909
vn 0.6322 0.1978 -0.7491
vn 0.5798 0.2423 -0.7779
vn 0.1110 -0.0836 -0.9903
vn 0.2395 0.0285 -0.9705
vn 0.5554 0.2383 -0.7967
vn 0.1010 0.0245 -0.9946
vn 0.0278 -0.0211 -0.9994
vn 0.0122 -0.2109 -0.9774
vn -0.0622 -0.5919 -0.8036
vn -0.3509 -0.4602 -0.8155
vn -0.4501 -0.2371 -0.8609
vn 0.7056 0.2781 0.6518
vn 0.7935 0.6084 0.0133
vn -0.0732 -0.6357 -0.7685
vn 0.7976 -0.4643 -0.3852
vn 0.5503 -0.6419 0.5340
vn -0.5797 -0.7787 0.2401
vn 0.9405 0.0814 -0.3299
vn 0.5723 0.1309 0.8096
vn -0.4250 -0.2127 0.8798
vn -0.9061 -0.4162 0.0764
vn -0.3039 -0.1304 0.9438
vn 0.4359 -0.0796 0.8964
vn 0.5297 -0.0205 0.8479
vn 0.9346 -0.3060 -0.1812
vn 0.7414 -0.2384 0.6273
vn -0.2824 -0.0347 -0.9587
vn 0.5058 -0.3204 -0.8010
vn 0.0005 -0.1709 -0.9853
vn 0.0619 -0.1532 -0.9863
vn 0.9674 -0.2294 0.1077
vn 0.9633 -0.2602 0.0662
vn 0.5498 -0.1390 0.8236
vn -0.0640 -0.1160 0.9912
vn 0.0956 -0.1463 0.9846
vn -0.7438 0.0441 0.6669
vn -0.9849 -0.0478 0.1664
vn -0.5621 0.1821 -0.8068
vn -0.6326 0.0643 -0.7718
vn -0.7890 0.2551 -0.5589
vn -0.8548 0.3076 0.4179
vn -0.9484 -0.2204 0.2279
vn -0.8967 0.2812 0.3418
vn 0.3222 -0.7015 0.6357
vn 0.4317 -0.8761 0.2146
vn 0.6686 -0.7408 -0.0643
vn 0.6800 -0.7214 0.1307
vn 0.5952 -0.6715 0.4414
vn 0.5763 -0.4978 0.6481
vn -0.7344 -0.5557 -0.3897
vn -0.6700 -0.6522 -0.3545
vn -0.2188 -0.8194 0.5299
vn -0.7045 -0.7097 0.0023
vn 0.0413 -0.0817 0.9958
vn -0.1509 -0.0696 0.9861
vn -0.8737 -0.4108 -0.2605
vn -0.9000 -0.3670 -0.2353
vn 0.5755 -0.3585 -0.7350
vn 0.3014 0.0056 -0.9535
vn 0.5808 0.1160 -0.8057
vn -0.6924 -0.6904 0.2096
vn 0.0164 -0.2581 0.9660
vn 0.7089 -0.5392 0.4547
vn 0.5787 -0.8155 -0.0058
vn 0.1621 -0.5219 -0.8375
vn -0.1211 -0.4112 -0.9035
vn -0.7938 -0.5804 -0.1817
vn -0.7772 0.1047 -0.6204
vn 0.1789 -0.1842 0.9665
vn 0.0305 -0.6003 0.7992
vn -0.7905 -0.5044 -0.3475
vn -0.6917 -0.4697 -0.5487
vn -0.6638 -0.4306 -0.6115
vn -0.8282 -0.4425 -0.3440
vn -0.8291 -0.4519 -0.3292
vn -0.7065 -0.2885 -0.6462
vn -0.7210 -0.4957 -0.4843
vn -0.6771 -0.5286 -0.5120
vn -0.4700 -0.6870 -0.5542
vn -0.1434 -0.4214 -0.8955
vn -0.1794 0.0944 -0.9792
vn 0.5499 -0.5886 0.5926
vn 0.6463 -0.3247 -0.6906
vn 0.5727 0.3444 0.7439
vn 0.6310 0.3000 0.7154
vn 0.1179 -0.3470 0.9304
vn 0.5753 -0.5089 0.6404
vn 0.3530 -0.9282 0.1177
vn -0.4996 -0.3113 -0.8084
vn -0.6497 -0.5675 -0.5059
vn -0.7241 -0.6219 -0.2982
vn -0.3285 -0.7115 0.6212
vn -0.5827 -0.8053 -0.1093
vn 0.8398 0.5232 -0.1450
vn 0.7034 0.6491 0.2897
vn 0.7234 0.6904 0.0011
vn 0.9416 0.2981 0.1565
vn 0.6984 0.6641 -0.2669
vn 0.6996 0.5898 -0.4033
vn -0.0569 -0.3760 0.9249
vn 0.6020 0.3685 0.7084
vn 0.3258 -0.0817 0.9419
vn 0.6069 0.3063 0.7334
vn 0.6284 0.4045 0.6645
vn -0.5366 0.1572 -0.8291
vn -0.1422 0.0032 -0.9898
vn -0.0369 -0.1598 -0.9865
vn -0.5128 0.1824 -0.8389
vn -0.4740 0.2338 -0.8489
vn -0.0124 -0.0993 -0.9950
vn 0.2691 -0.5909 -0.7605
vn 0.4604 -0.4582 -0.7604
vn -0.8458 -0.4663 0.2592
vn -0.3573 -0.4711 -0.8065
vn -0.1828 -0.2624 -0.9475
vn 0.9345 0.2864 0.2112
vn 0.5623 0.5092 -0.6516
vn -0.5427 -0.2564 0.7998
vn -0.5471 -0.3154 0.7754
vn -0.7085 -0.5810 0.4006
vn 0.3063 -0.3440 -0.8876
vn -0.6081 -0.4616 -0.6458
vn 0.4778 -0.8771 0.0483
vn 0.1843 -0.9170 0.3537
vn -0.7964 -0.6039 0.0320
vn -0.8780 -0.4732 -0.0722
vn -0.7666 0.6218 -0.1603
vn -0.7747 0.6316 -0.0295
vn -0.0384 -0.4085 0.9119
vn -0.2400 -0.4738 0.8473
vn -0.4779 -0.4138 0.7749
vn 0.4753 -0.3854 0.7909
vn 0.5038 -0.3503 0.7896
vn -0.1735 -0.1596 0.9718
vn 0.0317 -0.0316 0.9990
vn -0.9356 0.3509 -0.0399
vn -0.8512 0.2633 -0.4541
vn -0.7131 0.6018 -0.3595
vn -0.7221 0.4077 -0.5589
vn -0.8014 0.3556 0.4809
vn -0.5594 0.5809 -0.5913
vn -0.5786 0.4172 -0.7008
vn -0.7982 0.0488 0.6004
vn -0.9773 -0.0973 -0.1880
vn -0.9943 0.0923 -0.0527
vn -0.7184 0.6942 -0.0452
vn -0.6971 0.6619 -0.2755
vn -0.5927 0.6008 -0.5365
vn -0.4427 -0.0343 0.8960
vn -0.2955 0.0563 0.9537
vn 0.6095 -0.7780 0.1524
vn 0.4768 -0.7909 0.3836
vn 0.3255 -0.4936 0.8065
vn 0.6323 -0.7226 0.2795
vn -0.0970 -0.8076 0.5816
vn 0.1810 -0.4874 0.8542
vn 0.8496 -0.4664 0.2463
vn 0.9892 -0.1331 -0.0621
vn 0.2412 -0.6681 0.7039
vn 0.4898 -0.5205 0.6995
vn 0.5162 -0.5810 0.6293
vn 0.5321 -0.4448 0.7204
vn -0.8691 -0.4854 0.0948
vn -0.7881 -0.6020 -0.1283
vn 0.1784 -0.9534 0.2435
vn -0.2598 -0.6947 0.6708
vn 0.8243 -0.0520 -0.5637
vn 0.7477 -0.3072 -0.5886
vn -0.4994 -0.3899 0.7737
vn -0.4863 -0.4070 0.7732
vn -0.5378 -0.3475 0.7681
vn -0.7048 -0.7085 0.0355
vn -0.0208 -0.2956 -0.9551
vn 0.6527 -0.7570 -0.0301
vn 0.5077 -0.4266 0.7485
vn -0.6726 -0.5925 -0.4433
vn -0.7313 -0.6538 0.1944
vn -0.4201 -0.9057 0.0577
vn -0.8575 -0.4380 0.2699
vn -0.2533 0.0315 0.9669
vn -0.5457 -0.2190 0.8089
vn 0.1606 -0.3704 0.9149
vn 0.7995 -0.4576 -0.3891
vn 0.6295 0.3627 -0.6872
vn 0.5919 0.5915 -0.5475
vn 0.5370 0.4995 -0.6798
vn 0.8628 0.1168 -0.4919
vn 0.5574 0.3974 -0.7289
vn 0.5436 0.4629 -0.7001
vn 0.5158 -0.4263 0.7431
vn 0.6038 -0.4010 0.6890
vn 0.1366 -0.5526 -0.8222
vn 0.5928 -0.8045 -0.0361
vn -0.4338 0.0976 -0.8957
vn -0.9994 0.0179 0.0295
vn -0.7866 0.5670 -0.2445
vn -0.2939 0.0292 -0.9554
vn -0.2667 -0.6252 -0.7334
vn 0.5695 -0.5029 -0.6502
vn 0.4515 0.1056 -0.8860
vn -0.3296 0.9155 -0.2307
vn 0.3559 0.2091 0.9108
vn 0.1485 0.1298 0.9804
vn -0.2384 -0.1174 0.9641
vn 0.2577 0.3115 0.9146
vn 0.4677 0.3542 -0.8098
vn 0.4436 0.2018 -0.8732
vn 0.4859 0.2933 -0.8233
vn 0.0809 0.0206 -0.9965
vn -0.4849 0.2987 -0.8219
vn -0.4426 0.1700 -0.8804
vn -0.5331 0.5353 -0.6551
vn -0.5644 0.4845 -0.6684
vn -0.5971 0.4143 -0.6869
vn -0.5011 0.5146 -0.6958
vn -0.5452 0.3790 -0.7477
vn -0.7706 0.2298 -0.5944
vn -0.5432 0.4469 -0.7108
vn -0.5503 0.3698 -0.7486
vn -0.7712 0.4653 0.4345
vn 0.8092 0.0589 0.5846
vn 0.7816 0.2222 0.5828
vn 0.5116 0.1771 0.8408
vn 0.6638 0.2528 0.7039
vn 0.5635 0.4200 0.7114
vn 0.4447 0.3542 0.8227
vn 0.1664 0.2931 0.9415
vn 0.2291 0.1688 0.9587
vn -0.4439 -0.2766 0.8523
vn -0.2566 0.1143 0.9597
vn 0.3098 0.4275 0.8493
vn -0.0262 -0.0932 -0.9953
vn -0.0161 -0.0984 -0.9950
vn 0.3431 0.3619 -0.8668
vn 0.0682 -0.0107 0.9976
vn -0.1522 -0.0627 0.9864
vn -0.4213 -0.0868 0.9028
vn -0.6044 -0.0257 0.7962
vn -0.0751 -0.2177 -0.9731
vn -0.4179 -0.2104 -0.8838
vn -0.0419 -0.1789 -0.9830
vn 0.6371 0.6204 0.4574
vn 0.9949 0.0145 0.1002
vn -0.3804 0.3245 0.8660
vn -0.6352 0.3177 0.7040
vn -0.6734 0.3487 0.6519
vn 0.6994 -0.6633 -0.2663
vn -0.3217 -0.5949 0.7366
vn 0.7407 -0.5358 -0.4053
vn 0.5078 -0.7642 0.3977
vn 0.2017 -0.0057 0.9794
vn -0.4965 -0.2206 -0.8395
vn -0.9303 -0.3606 0.0668
vn -0.8290 -0.3425 -0.4421
vn -0.0612 -0.0529 -0.9967
vn -0.5795 -0.1491 0.8012
vn -0.9628 -0.2234 0.1519
vn 0.4596 -0.1247 0.8793
vn 0.5047 -0.1641 0.8476
vn 0.9600 -0.2703 -0.0731
vn 0.5396 -0.1110 0.8345
vn 0.8210 -0.3348 0.4625
vn 0.9596 -0.1266 -0.2515
vn 0.4375 -0.1780 0.8814
vn 0.9146 -0.3995 -0.0619
vn 0.2294 -0.7618 -0.6058
vn 0.2166 -0.2263 -0.9497
vn -0.2742 0.0079 -0.9616
vn 0.0699 -0.1446 0.9870
vn 0.0998 -0.1881 0.9771
vn -0.1214 -0.5402 -0.8327
vn -0.2039 0.0218 -0.9788
vn 0.7519 -0.6439 -0.1417
vn 0.0411 -0.7319 0.6802
vn -0.2650 -0.0340 -0.9636
vn 0.3696 0.0515 0.9278
vn -0.1059 0.0359 0.9937
vn -0.0953 -0.1295 0.9870
vn 0.4231 -0.0808 0.9025
vn -0.4211 -0.0253 0.9067
vn -0.3381 -0.1069 0.9350
vn -0.0939 -0.1594 0.9827
vn -0.0244 0.0866 -0.9959
vn -0.2061 0.0589 -0.9768
vn 0.1809 -0.1405 -0.9734
vn 0.0405 -0.0962 0.9945
vn -0.3078 -0.1830 0.9337
vn -0.9119 -0.3590 0.1988
vn -0.9828 -0.1439 0.1156
vn -0.1452 -0.0738 0.9867
vn -0.1103 -0.0058 -0.9939
vn 0.9787 -0.1559 0.1334
vn 0.3802 -0.1874 -0.9057
vn 0.5278 0.1181 0.8411
vn 0.3836 0.0229 0.9232
vn -0.0716 0.0728 -0.9948
vn -0.0759 -0.0140 -0.9970
vn 0.9373 -0.1938 -0.2896
vn 0.9180 -0.0236 -0.3960
vn -0.0906 -0.0926 -0.9916
vn 0.5597 -0.2006 -0.8040
vn 0.7266 -0.1184 0.6768
vn 0.9537 -0.2286 0.1952
vn -0.6852 0.2095 0.6976
vn -0.2217 0.0579 0.9734
vn -0.0315 -0.2354 -0.9714
vn 0.6370 -0.2466 -0.7303
vn 0.1627 -0.8725 0.4607
vn -0.1285 -0.5115 0.8496
vn -0.4573 -0.7357 0.4997
vn 0.2344 -0.8402 0.4890
vn 0.0223 -0.4787 0.8777
vn 0.1331 -0.4915 0.8607
vn -0.7341 0.1750 -0.6561
vn -0.5624 -0.4741 0.6774
vn -0.4816 0.1464 -0.8641
vn 0.7716 -0.6213 -0.1367
vn -0.3453 -0.1125 0.9317
vn -0.6959 -0.3661 0.6178
vn -0.6648 -0.7182 0.2057
vn 0.3325 -0.9354 0.1205
vn 0.7491 -0.3940 0.5326
vn 0.6208 0.1097 -0.7763
vn 0.6392 -0.3210 -0.6988
vn -0.4085 -0.1865 0.8935
vn -0.6224 -0.1016 0.7760
vn 0.7412 0.5714 0.3523
vn 0.8114 0.5823 -0.0503
vn 0.8088 0.5206 0.2735
vn 0.7484 0.4896 0.4474
vn 0.7952 0.5476 0.2604
vn 0.7423 0.4739 0.4738
vn -0.1375 -0.9743 0.1782
vn -0.0182 -0.9943 -0.1047
vn -0.2330 0.0486 -0.9713
vn -0.3119 -0.0938 -0.9455
vn -0.7788 0.4206 -0.4654
vn -0.8402 0.2992 -0.4522
vn -0.9510 0.3066 0.0385
vn -0.8768 0.4715 -0.0944
vn -0.8385 0.2976 0.4564
vn -0.8869 0.3819 0.2599
vn -0.8977 0.2290 0.3764
vn -0.8698 0.4836 0.0979
vn 0.7725 0.3950 -0.4973
vn 0.8419 0.5137 -0.1651
vn 0.7233 0.4994 -0.4770
vn 0.5505 -0.3150 -0.7731
vn -0.0602 -0.9825 0.1761
vn -0.2247 -0.5154 0.8270
vn 0.3315 0.2302 -0.9149
vn 0.1354 0.3653 -0.9210
vn 0.2692 0.2511 -0.9298
vn 0.7670 -0.4017 -0.5003
vn 0.5228 -0.2151 -0.8248
vn 0.6202 -0.4409 -0.6489
vn 0.7619 -0.4355 -0.4795
vn 0.7346 -0.4864 -0.4730
vn 0.6705 -0.4534 -0.5872
vn -0.5472 0.2793 -0.7890
vn -0.2458 -0.4503 -0.8584
vn 0.7264 -0.4960 -0.4758
vn 0.6810 -0.5273 -0.5082
vn 0.1471 -0.8751 -0.4611
vn -0.7594 -0.6136 0.2164
vn -0.7032 -0.3710 0.6065
vn -0.2941 -0.6704 0.6812
vn -0.3064 -0.9311 0.1980
vn -0.1159 -0.2324 0.9657
vn -0.0633 -0.4667 0.8821
vn 0.2138 -0.9563 0.1993
vn 0.0710 -0.7709 0.6329
vn 0.0209 -0.5142 0.8574
vn -0.6425 -0.0626 0.7638
vn -0.0410 0.2512 0.9671
vn -0.3912 -0.6880 0.6113
vn 0.2913 -0.6666 0.6862
vn 0.2575 -0.5621 0.7860
vn 0.2210 -0.4991 0.8379
vn 0.3919 -0.4866 0.7808
vn 0.4328 -0.5535 0.7116
vn 0.4088 -0.4659 0.7847
vn 0.4657 -0.4506 0.7617
vn 0.2990 -0.4921 0.8176
vn 0.1034 -0.5084 0.8549
vn 0.0974 -0.9811 0.1671
vn -0.3726 -0.1884 -0.9087
vn -0.5083 -0.3813 -0.7721
vn -0.2109 0.2458 -0.9461
vn 0.4451 -0.7907 -0.4203
vn 0.9736 -0.0593 0.2206
vn 0.4593 0.1947 0.8667
vn -0.3388 -0.5249 0.7808
vn -0.4338 -0.4757 0.7652
vn -0.0125 -0.1813 -0.9833
vn -0.3240 0.3916 -0.8612
vn -0.3553 0.3866 -0.8511
vn 0.0528 -0.1437 -0.9882
vn 0.4977 -0.8673 0.0126
vn 0.2775 0.1892 0.9419
vn -0.0275 0.1764 0.9839
vn -0.0621 0.3342 0.9405
vn 0.1711 0.3115 0.9347
vn 0.2182 0.1927 0.9567
vn 0.0588 0.1843 0.9811
vn 0.1065 0.2282 0.9678
vn 0.0231 0.1949 0.9806
vn 0.0613 0.2839 0.9569
vn -0.1052 0.1812 0.9778
vn 0.0245 0.2056 0.9783
vn -0.3415 0.0898 0.9356
vn 0.6883 -0.5619 -0.4588
vn 0.6502 -0.5671 -0.5055
vn 0.7014 -0.5595 -0.4416
vn 0.7395 -0.5284 -0.4171
vn 0.5455 -0.8360 0.0591
vn 0.5162 -0.8333 0.1982
vn 0.6975 -0.6740 -0.2434
vn 0.6746 -0.6190 -0.4021
vn 0.6833 -0.6261 -0.3756
vn 0.5434 -0.7914 0.2799
vn -0.2953 -0.0001 0.9554
vn -0.8000 -0.1408 0.5833
vn -0.9814 -0.1919 0.0013
vn -0.3898 0.0068 0.9209
vn -0.8714 0.3925 0.2942
vn -0.8891 0.4153 -0.1922
vn -0.8097 0.5778 -0.1027
vn -0.7730 0.5529 0.3112
vn -0.7405 0.6377 0.2123
vn -0.7486 0.6422 -0.1649
vn -0.6531 0.5678 -0.5011
vn -0.7210 0.4968 -0.4831
vn -0.7822 0.3567 -0.5108
vn 0.5041 -0.4455 0.7399
vn 0.7236 -0.6498 0.2327
vn 0.9485 -0.2275 0.2203
vn 0.7436 -0.1325 0.6553
vn 0.1163 -0.3642 0.9240
vn 0.3951 -0.0539 0.9171
vn 0.3987 -0.0042 0.9171
vn 0.1739 -0.0463 0.9837
vn -0.0157 -0.1148 -0.9933
vn -0.2045 -0.0752 -0.9760
vn -0.5668 -0.2130 -0.7958
vn -0.3042 0.4905 -0.8166
vn -0.2689 0.4591 -0.8467
vn -0.3623 0.4702 -0.8048
vn -0.4210 0.4480 -0.7887
vn 0.4849 0.4121 -0.7714
vn 0.4164 0.4609 -0.7837
vn 0.4616 0.4554 -0.7613
vn 0.5132 0.4410 -0.7363
vn 0.3412 0.4799 -0.8083
vn 0.3453 0.4581 -0.8191
vn 0.3446 0.4056 -0.8466
vn 0.4611 0.3962 -0.7940
vn 0.5534 0.4702 -0.6875
vn 0.5678 0.4049 -0.7167
vn 0.0867 0.1731 0.9811
vn 0.2086 0.2190 0.9532
vn 0.1552 0.1533 0.9759
vn -0.0180 0.1328 0.9910
vn 0.1046 0.4983 0.8607
vn 0.0873 0.4128 0.9066
vn -0.1034 0.0873 0.9908
vn -0.6023 0.4229 0.6770
vn -0.4658 0.3832 0.7976
vn 0.3695 -0.3178 0.8732
vn -0.1021 -0.3380 0.9356
vn -0.5846 0.1714 0.7930
vn -0.2841 0.0849 0.9550
vn -0.1928 0.1464 0.9703
vn -0.6273 0.2094 0.7501
vn 0.0484 0.0060 0.9988
vn 0.1252 0.1877 0.9742
vn 0.1312 0.2513 0.9590
vn 0.1410 0.2800 0.9496
vn -0.2760 -0.7484 0.6030
vn 0.4527 -0.6903 0.5643
vn 0.6860 -0.3521 0.6368
vn 0.2590 0.2522 0.9324
vn 0.1539 0.1737 0.9727
vn 0.0549 0.3082 0.9497
vn 0.0608 0.3279 0.9428
vn 0.0026 0.6036 0.7973
vn 0.8428 -0.5379 -0.0157
vn 0.8399 -0.5418 -0.0331
vn 0.5393 -0.1059 0.8355
vn -0.2888 0.2096 0.9342
vn 0.0748 -0.1654 0.9834
vn -0.4187 -0.0088 0.9081
vn 0.2539 -0.2741 0.9276
vn 0.5001 -0.4714 0.7264
vn 0.3951 -0.4589 0.7958
vn 0.7913 -0.3304 0.5145
vn 0.6606 -0.6416 -0.3898
vn 0.7360 -0.2340 0.6353
vn 0.6620 -0.3861 0.6424
vn -0.3314 0.2632 0.9060
vn -0.1905 0.8220 0.5366
vn -0.0523 0.5738 0.8173
vn -0.1837 0.2071 0.9609
vn 0.3566 0.3126 0.8804
vn 0.3489 0.0654 0.9349
vn 0.3171 0.6207 0.7171
vn 0.2568 0.2323 0.9381
vn 0.7119 0.1758 0.6799
vn 0.7554 0.1814 0.6296
vn 0.2027 0.6585 0.7248
vn 0.2089 0.0266 0.9776
vn -0.7833 -0.0368 0.6205
vn -0.4499 -0.6841 0.5741
vn -0.4802 -0.4569 0.7488
vn -0.5376 0.1101 0.8360
vn 0.3770 -0.6607 -0.6491
vn 0.7080 -0.4032 -0.5798
vn 0.8882 -0.1660 0.4284
vn 0.8824 -0.3267 0.3386
vn 0.4306 0.3564 0.8292
vn 0.5485 0.3004 0.7803
vn 0.9345 0.3392 -0.1081
vn 0.1770 0.0670 0.9819
vn 0.2087 0.3537 0.9118
vn 0.3521 0.3333 0.8746
vn 0.4173 0.0913 0.9042
vn 0.2208 0.5880 0.7781
vn 0.3203 0.5707 0.7561
vn 0.3686 0.3795 0.8486
vn 0.4302 0.3503 0.8320
vn 0.3596 0.4058 0.8402
vn 0.3821 0.5805 0.7191
vn 0.6203 0.2603 0.7400
vn -0.0609 -0.2166 0.9744
vn -0.0615 -0.1977 0.9783
vn 0.8776 -0.1914 0.4395
vn 0.3035 -0.1438 0.9419
vn -0.0111 -0.1302 0.9914
vn 0.9892 -0.1167 0.0882
vn 0.6853 0.4634 -0.5618
vn 0.7923 0.2069 0.5739
vn 0.9432 0.1323 0.3047
vn 0.8118 0.5104 -0.2836
vn 0.1964 -0.1677 0.9661
vn 0.1073 -0.0676 -0.9919
vn 0.1981 -0.0289 -0.9798
vn 0.2175 -0.0079 -0.9760
vn 0.8184 0.0213 -0.5743
vn -0.7212 -0.6895 -0.0670
vn -0.9640 -0.2512 0.0869
vn -0.1502 -0.2770 0.9491
vn -0.4169 -0.8118 0.4088
vn -0.0540 -0.2478 0.9673
vn -0.4488 -0.3174 -0.8354
vn -0.1504 -0.0518 -0.9873
vn 0.8138 0.5468 0.1970
vn 0.7021 0.4576 0.5455
vn 0.5361 -0.5717 0.6211
vn 0.6329 -0.7687 0.0922
vn 0.0738 -0.3804 0.9219
vn 0.3334 0.7283 0.5988
vn -0.4520 -0.8422 0.2939
vn -0.5407 -0.7820 0.3101
vn -0.5120 -0.8476 0.1398
vn -0.4462 -0.8755 -0.1855
vn -0.6349 -0.5926 0.4958
vn -0.3522 -0.8032 0.4804
vn -0.3557 -0.8868 -0.2949
vn -0.2706 -0.9574 -0.1007
vn 0.4939 -0.7769 0.3905
vn 0.1790 -0.4050 0.8966
vn 0.1882 -0.9798 0.0679
vn -0.4413 -0.5657 0.6966
vn -0.4872 -0.8249 -0.2866
vn 0.5946 -0.3962 -0.6996
vn 0.7137 0.2337 -0.6603
vn -0.2096 -0.2007 -0.9570
vn 0.9314 0.3164 0.1801
vn 0.7826 0.5939 0.1868
vn 0.3429 -0.1211 0.9315
vn 0.2501 -0.2389 0.9383
vn -0.5981 -0.4567 0.6586
vn -0.5467 -0.6680 0.5048
vn 0.6589 -0.5721 0.4884
vn 0.9890 -0.0933 -0.1146
vn 0.9310 0.1993 0.3057
vn 0.3148 -0.2810 0.9066
vn 0.6215 0.7327 0.2771
vn -0.2731 -0.5944 0.7564
vn 0.4365 -0.6131 0.6584
vn -0.1748 -0.4178 0.8916
vn -0.1350 -0.4244 0.8954
vn 0.6327 0.0045 -0.7744
vn 0.3515 -0.5779 -0.7365
vn -0.6159 -0.7063 0.3490
vn -0.5329 -0.6531 -0.5381
vn -0.1482 -0.0517 0.9876
vn -0.6114 -0.7466 0.2622
vn -0.3178 -0.9174 0.2397
vn -0.0366 -0.1008 0.9942
vn -0.1586 -0.9866 0.0371
vn -0.5237 -0.7622 -0.3805
vn -0.0404 -0.3202 0.9465
vn 0.0704 -0.3514 0.9336
vn -0.0199 -0.3161 0.9485
vn -0.0076 -0.3037 0.9527
vn -0.0417 -0.3350 0.9413
vn -0.0960 -0.3260 0.9405
vn -0.0621 -0.3280 0.9426
vn -0.0897 -0.3483 0.9331
vn 0.5493 0.8340 -0.0527
vn 0.4795 0.8726 0.0935
vn 0.6524 0.7050 0.2780
vn 0.4095 0.8922 0.1904
vn 0.5016 0.7961 -0.3386
vn 0.4775 0.8478 -0.2308
vn 0.5066 0.8423 -0.1841
vn 0.5299 0.8194 0.2184
vn 0.4734 0.8434 0.2542
vn 0.3596 -0.2581 0.8967
vn 0.9479 0.0025 0.3185
vn 0.5566 0.3158 -0.7684
vn 0.3799 0.4932 -0.7826
vn 0.3060 0.2277 -0.9244
vn 0.6274 0.6368 -0.4482
vn 0.1914 0.3722 -0.9082
vn 0.0986 0.4345 -0.8952
vn 0.3163 0.6859 -0.6554
vn 0.3018 -0.2194 0.9278
vn 0.9483 0.1886 0.2551
vn -0.6064 -0.6101 0.5100
vn -0.6732 -0.6781 0.2949
vn -0.1382 -0.3557 0.9243
vn -0.6980 -0.3570 -0.6208
vn -0.5312 -0.3080 -0.7893
vn -0.8243 -0.3957 0.4050
vn -0.6669 -0.1953 -0.7191
vn 0.1289 0.3277 -0.9360
vn 0.0354 0.3061 -0.9513
vn 0.0378 0.3474 -0.9369
vn 0.0797 0.3347 -0.9389
vn -0.0344 0.2484 -0.9680
vn -0.0123 0.3090 -0.9510
vn -0.0350 0.3296 -0.9435
vn 0.0242 0.3668 -0.9300
vn 0.0955 0.4779 -0.8732
vn -0.0746 -0.5033 0.8609
vn -0.4309 -0.5080 0.7458
vn 0.0628 -0.3548 0.9328
vn 0.0018 -0.3837 0.9235
vn -0.8164 -0.4889 -0.3075
vn -0.3878 -0.9088 -0.1536
vn -0.2757 -0.8809 0.3846
vn -0.0025 -0.9979 0.0641
vn -0.2113 -0.3091 -0.9273
vn -0.2369 -0.0066 -0.9715
vn -0.3090 0.0853 -0.9472
vn -0.1483 0.2339 -0.9609
vn 0.0045 0.3426 -0.9395
vn -0.0463 0.3294 -0.9431
vn 0.2913 0.9531 0.0823
vn 0.2868 0.8735 0.3933
vn -0.5129 -0.7263 0.4576
vn 0.0192 0.9122 0.4092
vn -0.0484 0.8570 0.5131
vn -0.1550 0.8225 0.5472
vn -0.5082 0.6437 0.5722
vn -0.6261 -0.7664 0.1438
vn 0.3291 0.9187 0.2183
vn -0.0435 -0.2507 0.9671
vn 0.5717 -0.1322 0.8097
vn 0.7082 0.7045 -0.0456
vn -0.0826 -0.9959 -0.0379
vn 0.5792 -0.8100 0.0919
vn 0.2910 -0.2828 -0.9140
vn 0.6438 -0.0583 -0.7630
vn -0.0274 -0.9904 0.1357
vn -0.0403 -0.9992 -0.0066
vn 0.2762 -0.6960 0.6627
vn -0.0355 -0.9970 0.0694
vn 0.3641 0.7586 0.5403
vn 0.6099 0.7613 -0.2202
vn 0.2823 0.9424 0.1796
vn 0.0728 -0.3093 0.9482
vn 0.5744 -0.4393 0.6908
vn 0.9345 0.2874 0.2100
vn 0.6395 0.2888 -0.7125
vn 0.4722 -0.7215 -0.5065
vn 0.1027 -0.9499 -0.2953
vn 0.3466 0.1360 -0.9281
vn 0.5341 0.8441 -0.0469
vn 0.1175 0.9870 0.1100
vn 0.4063 0.8830 0.2352
vn 0.0863 -0.9920 0.0923
vn 0.1364 -0.9740 0.1810
vn 0.3565 0.9158 0.1850
vn 0.7544 0.5406 -0.3725
vn 0.5421 0.8098 -0.2243
vn 0.0977 -0.9911 -0.0906
vn 0.5284 -0.6279 -0.5715
vn 0.0904 -0.9941 -0.0605
vn 0.2502 0.9424 -0.2220
vn 0.6735 0.6902 -0.2646
vn -0.3420 -0.1438 0.9286
vn -0.4346 -0.8812 0.1858
vn 0.1331 -0.8359 0.5325
vn 0.5710 -0.0105 0.8209
vn 0.9895 -0.0039 -0.1446
vn 0.4744 -0.8257 -0.3053
vn 0.2258 -0.6861 -0.6916
vn 0.8280 0.3264 -0.4560
vn 0.4903 0.6787 0.5467
vn 0.8798 -0.3389 -0.3334
vn 0.3838 0.6240 0.6806
vn 0.1893 -0.0177 0.9818
vn 0.1238 0.0831 0.9888
vn 0.8496 0.0255 0.5268
vn 0.5069 -0.7587 0.4091
vn 0.2546 -0.9647 -0.0668
vn 0.3108 -0.6849 -0.6590
vn 0.2835 -0.7491 -0.5987
vn 0.2133 -0.9188 -0.3322
vn 0.1400 -0.9850 -0.1014
vn 0.3682 0.9162 -0.1579
vn 0.0674 0.9790 -0.1925
vn 0.4945 -0.2601 -0.8293
vn 0.6451 -0.1759 -0.7436
vn 0.3900 0.3711 -0.8427
vn 0.1907 -0.8729 -0.4491
vn 0.0971 -0.4277 0.8987
vn 0.1638 0.6386 0.7519
vn 0.0759 0.6141 0.7856
vn -0.2281 -0.2433 0.9427
vn -0.0007 0.1621 0.9868
vn 0.1376 0.6130 0.7780
vn 0.2666 0.8873 -0.3762
vn 0.3503 0.9125 -0.2114
vn 0.2910 0.9531 -0.0836
vn -0.2746 -0.9366 -0.2175
vn -0.0036 -0.9923 -0.1235
vn 0.0590 -0.9625 -0.2648
vn 0.0791 -0.9383 -0.3366
vn 0.0665 -0.9029 -0.4246
vn -0.3241 -0.9445 -0.0536
vn -0.1334 -0.5552 0.8209
vn -0.0809 -0.9306 0.3569
vn -0.4823 -0.7228 0.4950
vn 0.1531 -0.9170 0.3684
vn 0.0419 -0.5106 0.8588
vn 0.0715 -0.8928 0.4447
vn 0.1364 -0.9896 -0.0466
vn 0.1611 -0.8853 -0.4361
vn 0.0509 0.7926 -0.6076
vn -0.1332 0.8690 -0.4766
vn -0.2617 0.9651 0.0130
vn -0.0467 0.9949 -0.0890
vn -0.1058 0.9025 0.4174
vn -0.2208 0.9017 0.3717
vn -0.0009 0.6416 0.7670
vn 0.3507 0.5540 0.7551
vn 0.2306 0.0450 0.9720
vn -0.0462 0.1169 0.9921
vn -0.0570 -0.4999 0.8642
vn 0.1157 -0.5207 0.8459
vn 0.6382 0.4212 0.6444
vn 0.4115 0.0985 0.9061
vn -0.0701 -0.4929 0.8672
vn 0.0278 -0.0164 0.9995
vn 0.0062 -0.5149 0.8572
vn -0.3812 0.0454 -0.9234
vn 0.3059 0.8730 -0.3798
vn -0.0918 0.9948 0.0449
vn 0.0036 0.8793 0.4762
vn 0.6554 0.5814 -0.4821
vn 0.7309 0.5927 0.3383
vn 0.2685 0.9629 -0.0285
vn 0.4339 0.7615 -0.4815
vn 0.6672 0.4451 0.5973
vn 0.7965 0.5874 0.1433
vn 0.7172 -0.1392 -0.6828
vn 0.3875 -0.7949 0.4669
vn -0.1780 -0.6999 0.6917
vn -0.2112 -0.8658 -0.4537
vn -0.2900 -0.5371 -0.7921
vn -0.3773 0.7394 -0.5576
vn -0.2661 0.8051 -0.5301
vn 0.1267 0.8990 0.4191
vn 0.1300 0.9562 0.2624
vn -0.0176 0.4245 -0.9052
vn -0.1060 0.3366 -0.9357
vn 0.0023 0.1632 -0.9866
vn 0.0295 0.5237 -0.8514
vn -0.3092 -0.8146 0.4908
vn -0.9508 0.0413 -0.3070
vn 0.0164 0.8227 -0.5682
vn 0.6054 0.3471 -0.7163
vn 0.4462 0.0669 -0.8924
vn 0.2078 0.5783 -0.7889
vn 0.2341 0.6885 -0.6864
vn 0.2352 -0.1919 -0.9528
vn 0.3070 0.4575 -0.8345
vn 0.3562 0.6320 -0.6883
vn 0.6860 0.7276 0.0019
vn 0.6965 0.6497 -0.3046
vn 0.8743 0.0547 0.4822
vn 0.6648 0.5729 0.4794
vn 0.3635 0.2658 0.8929
vn 0.1246 -0.0845 0.9886
vn 0.5331 0.5746 -0.6211
vn 0.4118 -0.2978 -0.8612
vn -0.0918 -0.4024 0.9109
vn -0.0426 -0.4650 0.8843
vn -0.0316 -0.6265 0.7788
vn 0.3290 -0.9365 -0.1215
vn 0.3960 -0.3387 -0.8535
vn 0.3396 0.5745 -0.7447
vn 0.5100 -0.2489 -0.8234
vn 0.7863 0.6178 0.0061
vn 0.3544 -0.0102 -0.9350
vn 0.3279 0.0855 -0.9408
vn 0.0507 -0.2570 -0.9651
vn 0.1493 -0.3184 -0.9361
vn 0.6107 0.7483 -0.2590
vn 0.5656 0.7942 -0.2221
vn 0.4412 0.6836 -0.5814
vn 0.4078 0.7743 -0.4839
vn 0.4363 -0.4199 -0.7958
vn 0.5756 0.0852 -0.8133
vn 0.5742 -0.6265 -0.5271
vn 0.5465 -0.0764 -0.8340
vn 0.2491 0.4379 -0.8638
vn 0.4541 0.3590 -0.8154
vn 0.1709 0.8767 0.4496
vn 0.0967 0.6695 0.7365
vn 0.0220 0.7429 0.6690
vn 0.1016 0.7925 0.6014
vn -0.0015 0.4686 0.8834
vn -0.4157 0.7686 -0.4863
vn -0.4721 -0.8739 0.1156
vn -0.7766 -0.6289 0.0358
vn -0.5475 -0.3280 0.7698
vn -0.3529 -0.7894 0.5023
vn -0.9189 -0.2356 0.3163
vn -0.1351 0.0711 -0.9883
vn -0.3652 -0.0778 -0.9277
vn -0.6321 -0.7744 0.0268
vn -0.6512 -0.6731 -0.3505
vn -0.2091 -0.4569 0.8646
vn -0.0990 -0.3903 0.9153
vn -0.6322 -0.2681 -0.7269
vn -0.5150 -0.6523 0.5562
vn -0.4805 -0.8638 -0.1520
vn -0.3992 -0.8783 0.2632
vn -0.0876 0.0788 0.9930
vn 0.6162 -0.2657 0.7414
vn 0.3318 -0.7776 0.5341
vn -0.2280 -0.6307 0.7417
vn -0.2295 -0.5722 0.7873
vn -0.3450 0.0097 0.9385
vn -0.2195 -0.4789 0.8500
vn 0.2202 0.7825 -0.5824
vn 0.1716 0.6109 -0.7729
vn 0.2267 0.6326 -0.7405
vn 0.2542 0.7883 -0.5603
vn 0.1714 0.4904 -0.8545
vn 0.3028 0.4979 -0.8127
vn 0.3811 0.7244 -0.5745
vn 0.4458 0.0055 0.8951
vn 0.4030 0.3927 0.8266
vn 0.0509 0.7931 0.6070
vn 0.4703 0.5148 0.7168
vn 0.2100 -0.9230 0.3225
vn -0.3235 -0.5465 -0.7725
vn -0.4809 -0.3540 -0.8021
vn 0.1273 0.8418 0.5245
vn -0.2264 0.8372 -0.4978
vn -0.2523 -0.4940 -0.8320
vn -0.2198 -0.5662 -0.7944
vn -0.5134 -0.4643 -0.7217
vn -0.1410 -0.3746 0.9164
vn -0.1999 -0.3903 0.8987
vn -0.3829 -0.5200 0.7635
vn -0.3289 -0.5140 0.7923
vn 0.0182 -0.5586 0.8292
vn -0.1109 -0.3848 0.9163
vn -0.1475 0.3354 0.9305
vn -0.5121 -0.6356 -0.5778
vn -0.2646 -0.7863 -0.5583
vn -0.6886 -0.6138 -0.3862
vn -0.4427 -0.8412 -0.3104
vn -0.6676 -0.4236 -0.6123
vn 0.6489 0.2646 0.7133
vn 0.3640 -0.1526 0.9188
vn 0.3197 0.5483 0.7727
vn 0.2108 -0.0056 0.9775
vn -0.5618 -0.2266 -0.7956
vn -0.0265 0.2333 -0.9720
vn 0.1583 0.2302 -0.9602
vn 0.5665 0.5747 -0.5906
vn 0.4291 0.4192 -0.8001
vn 0.2384 0.1535 -0.9590
vn -0.8064 0.5858 -0.0808
vn -0.6799 0.6965 0.2295
vn -0.1453 0.9838 0.1053
vn -0.0607 0.8966 -0.4387
vn 0.6570 0.6063 -0.4482
vn 0.6185 0.7803 0.0925
vn 0.3028 0.7849 0.5406
vn 0.5572 -0.2822 -0.7810
vn 0.0175 -0.1954 -0.9806
vn 0.0818 -0.6996 -0.7098
vn 0.0477 0.0244 -0.9986
vn -0.3741 -0.1815 -0.9095
vn 0.2175 0.7931 0.5690
vn -0.6015 0.7626 0.2379
vn -0.9852 0.1147 0.1273
vn -0.9973 0.0709 -0.0177
vn -0.9537 -0.0652 -0.2935
vn 0.1504 0.9309 0.3329
vn 0.1334 0.9878 -0.0804
vn 0.2011 0.9773 -0.0660
vn 0.1584 -0.6707 0.7246
vn 0.8856 0.4342 -0.1651
vn 0.9160 -0.0636 0.3960
vn 0.8450 -0.0348 0.5337
vn 0.9413 -0.2062 0.2673
vn 0.9022 -0.2454 0.3548
vn 0.3839 -0.0226 -0.9231
vn 0.3674 -0.2844 -0.8855
vn 0.3035 0.1782 0.9360
vn 0.5831 -0.1303 0.8019
vn 0.4930 -0.1969 0.8475
vn 0.1996 0.1820 0.9628
vn 0.2576 -0.0907 0.9620
vn 0.1737 0.2255 0.9586
vn 0.4060 -0.7713 0.4902
vn 0.6744 -0.3360 0.6575
vn 0.9440 -0.3283 0.0322
vn 0.9553 -0.2867 0.0717
vn 0.8628 -0.2947 0.4107
vn 0.6645 -0.2590 0.7010
vn 0.9639 -0.2395 0.1165
vn -0.4733 -0.7438 -0.4719
vn -0.2407 -0.6300 -0.7383
vn 0.4750 0.7245 -0.4994
vn -0.5261 0.7578 0.3859
vn -0.0550 -0.5522 -0.8319
vn 0.3962 -0.6488 -0.6497
vn 0.6580 0.7487 0.0804
vn 0.5572 0.6722 0.4875
vn 0.9276 0.3735 -0.0039
vn 0.9482 -0.2686 0.1698
vn 0.9840 -0.1426 0.1067
vn 0.9865 -0.1586 -0.0417
vn 0.4439 -0.3049 0.8426
vn 0.5279 -0.2486 0.8121
vn 0.5051 0.0586 0.8611
vn 0.6738 -0.0113 0.7388
vn -0.2084 0.6381 0.7412
vn 0.2521 0.5539 0.7935
vn 0.4335 0.4740 0.7664
vn 0.1084 0.7305 0.6742
vn -0.2236 0.0744 0.9718
vn 0.0494 -0.7702 0.6358
vn -0.4032 -0.7908 0.4605
vn -0.3039 0.4262 0.8521
vn -0.3651 0.2151 0.9058
vn -0.6911 0.4794 0.5409
vn -0.7283 0.1184 0.6749
vn 0.1231 -0.0445 0.9914
vn -0.0901 -0.1077 0.9901
vn -0.5711 -0.0123 0.8208
vn 0.6452 0.1286 -0.7531
vn 0.4159 -0.0034 -0.9094
vn 0.6688 0.2357 -0.7051
vn 0.7756 0.2321 -0.5871
vn 0.9327 0.1467 -0.3296
vn 0.8801 0.2400 -0.4097
vn 0.8068 0.4473 -0.3860
vn 0.6396 0.4442 -0.6274
vn 0.8580 -0.3104 -0.4092
vn 0.8593 -0.3776 -0.3450
vn 0.9386 -0.3185 -0.1323
vn 0.8870 -0.0915 -0.4526
vn 0.6747 -0.2690 -0.6873
vn 0.0880 0.1755 0.9805
vn -0.1554 -0.5289 0.8343
vn 0.3611 -0.6381 0.6800
vn -0.4725 -0.8730 -0.1208
vn 0.5246 -0.7901 0.3170
vn 0.4651 0.3276 -0.8224
vn 0.3868 0.0770 -0.9190
vn 0.5669 0.1560 -0.8089
vn 0.5694 0.3513 -0.7432
vn 0.6791 0.3606 -0.6394
vn -0.3185 -0.4345 0.8425
vn -0.3419 -0.8804 -0.3286
vn -0.0252 -0.2647 -0.9640
vn -0.6427 -0.2321 -0.7301
vn -0.9618 0.0331 0.2719
vn -0.2990 -0.1127 0.9476
vn 0.4044 -0.2382 0.8830
vn 0.5080 -0.2236 0.8318
vn -0.2770 0.2996 0.9130
vn -0.2579 0.1987 0.9455
vn 0.0888 0.2997 0.9499
vn -0.0321 0.3633 0.9311
vn -0.3114 0.3391 0.8877
vn -0.2902 0.4633 0.8373
vn -0.0963 0.3752 0.9219
vn -0.6745 0.3116 0.6693
vn -0.6212 0.7380 0.2637
vn -0.3894 0.3996 -0.8299
vn -0.7698 -0.2355 -0.5932
vn 0.5990 -0.1195 -0.7918
vn 0.6403 0.4983 -0.5846
vn 0.6732 0.4730 0.5684
vn 0.6247 0.5433 0.5609
vn 0.8648 0.3405 0.3690
vn 0.9372 0.3336 0.1013
vn 0.5572 0.5384 0.6321
vn -0.0816 0.6350 0.7682
vn -0.0521 0.5054 0.8613
vn 0.5127 0.4308 0.7427
vn -0.6191 0.5254 0.5836
vn -0.5768 0.4224 0.6992
vn 0.4634 0.3914 0.7950
vn -0.0782 0.4404 0.8944
vn -0.5459 0.3555 0.7587
vn 0.6476 0.5236 0.5536
vn 0.4222 0.6996 0.5765
vn 0.5008 0.5282 0.6857
vn 0.5407 0.6725 0.5053
vn -0.0082 0.7658 0.6430
vn 0.4881 0.2722 0.8293
vn 0.6528 0.2229 0.7240
vn 0.6330 0.3051 0.7115
vn 0.6585 0.2532 0.7087
vn 0.6487 0.1607 0.7438
vn 0.5340 0.1121 0.8380
vn 0.2991 0.7827 0.5458
vn -0.4587 0.7824 0.4213
vn -0.3220 0.9379 0.1293
vn -0.2067 0.9730 0.1026
vn 0.4304 0.7837 0.4478
vn 0.4253 0.5966 0.6806
vn 0.0027 0.6284 0.7779
vn -0.5452 0.5956 0.5900
vn -0.5188 0.8068 0.2829
vn -0.6754 0.7358 0.0493
vn -0.6603 0.6045 0.4456
vn -0.5335 0.7787 0.3301
vn -0.6630 0.6747 0.3243
vn -0.5862 0.7363 0.3381
vn 0.6983 0.2476 -0.6716
vn 0.4990 0.6886 -0.5261
vn 0.5858 0.8063 0.0821
vn 0.7801 0.6233 0.0537
vn 0.4525 0.7492 0.4837
vn -0.0344 0.9653 -0.2589
vn 0.9495 0.2107 0.2326
vn 0.9262 0.3099 0.2148
vn 0.6816 0.4120 -0.6047
vn 0.7876 0.6109 -0.0809
vn 0.4974 0.0724 -0.8645
vn 0.6918 -0.0598 -0.7196
vn -0.8202 0.5619 -0.1077
vn -0.6282 0.7402 0.2396
vn -0.5215 0.7948 0.3104
vn 0.0034 0.9536 0.3012
vn 0.0024 0.7053 0.7089
vn -0.5759 0.0149 0.8174
vn -0.4857 -0.7248 0.4887
vn 0.0273 -0.6917 0.7217
vn -0.0358 0.0696 0.9969
vn -0.0210 -0.9320 0.3619
vn 0.5448 -0.6248 0.5593
vn 0.6651 0.3534 0.6578
vn 0.5911 0.3552 0.7242
vn 0.7743 0.4532 0.4418
vn 0.6475 0.4545 0.6117
vn 0.9577 0.2660 0.1100
vn 0.7387 0.0930 0.6675
vn 0.7291 0.5072 0.4595
vn 0.8431 0.5181 0.1439
vn -0.4597 0.6828 -0.5679
vn -0.7908 0.6121 0.0045
vn 0.2893 0.4940 -0.8199
vn -0.5814 0.4437 -0.6820
vn 0.7098 -0.3391 0.6174
vn 0.5249 -0.7020 0.4814
vn -0.7111 -0.3930 0.5830
vn -0.6061 -0.6706 0.4277
vn 0.0019 0.3030 0.9530
vn 0.0637 0.5908 0.8043
vn -0.1741 0.1928 0.9657
vn 0.9946 0.0149 0.1029
vn 0.9186 0.3858 0.0854
vn 0.9231 0.3846 -0.0070
vn 0.9732 0.0994 0.2073
vn 0.8878 0.4355 0.1489
vn 0.9159 0.1128 -0.3853
vn 0.9436 0.2831 -0.1716
vn -0.6445 0.2902 0.7073
vn -0.6591 0.1908 0.7274
vn -0.5597 0.2190 0.7992
vn -0.6124 0.2866 0.7367
vn -0.6256 0.1208 0.7707
vn -0.2108 0.5065 -0.8360
vn 0.9011 -0.1395 -0.4106
vn 0.7653 0.0343 -0.6428
vn 0.9295 0.3076 -0.2037
vn 0.8953 0.3721 -0.2449
vn 0.8737 0.4629 -0.1495
vn -0.5649 0.5605 0.6056
vn -0.5661 0.4904 -0.6626
vn -0.6682 0.5711 -0.4768
vn -0.7158 0.6785 -0.1652
vn -0.5977 0.7922 0.1230
vn -0.6892 0.6471 0.3260
vn -0.5649 0.7325 0.3799
vn -0.6485 0.5669 0.5080
vn -0.7604 0.4963 0.4189
vn -0.9053 0.3894 0.1697
vn -0.8092 0.5542 -0.1949
vn -0.5243 0.5467 0.6529
vn -0.6928 0.3799 0.6130
vn -0.7581 0.6071 0.2382
vn 0.0510 0.7812 0.6222
vn -0.4564 0.3572 0.8149
vn -0.6379 0.7351 -0.2297
vn -0.7433 0.6162 -0.2602
vn -0.6853 0.6363 -0.3543
vn 0.7328 0.6445 0.2181
vn 0.7909 0.5064 0.3436
vn 0.9973 -0.0509 0.0526
vn 0.9987 0.0394 0.0326
vn 0.9602 0.2692 -0.0744
vn 0.9465 -0.2820 -0.1572
vn 0.9385 -0.1634 0.3043
vn 0.9570 -0.2128 0.1972
vn 0.8499 0.1019 -0.5170
vn 0.9338 0.3394 -0.1135
vn 0.9179 0.3209 -0.2334
vn 0.6709 0.4799 -0.5653
vn 0.3227 0.7825 -0.5325
vn 0.4528 -0.0973 -0.8863
vn 0.5452 -0.3269 -0.7719
vn 0.1578 0.5597 -0.8135
vn 0.7817 0.5152 -0.3515
vn 0.6836 -0.2213 -0.6955
vn 0.7382 0.4499 0.5027
vn -0.8901 0.2288 -0.3942
vn -0.8798 0.4624 0.1104
vn -0.6702 0.7246 -0.1609
vn -0.9010 0.4205 -0.1062
vn 0.8594 0.4956 0.1260
vn 0.8922 0.4512 -0.0170
vn 0.9270 0.3281 -0.1817
vn -0.9024 0.4226 0.0838
vn 0.0220 0.9050 0.4247
vn 0.0149 0.7594 0.6504
vn 0.6642 0.1075 0.7398
vn 0.4600 0.3018 0.8350
vn -0.0851 0.5009 0.8613
vn -0.5225 0.3266 0.7876
vn -0.9227 -0.2922 -0.2515
vn -0.9504 -0.2951 0.0979
vn -0.9782 -0.1775 0.1077
vn 0.9155 0.1335 -0.3796
vn 0.9803 -0.1416 -0.1377
vn 0.6332 -0.1878 0.7509
vn -0.1006 -0.2053 0.9735
vn -0.7288 -0.1598 0.6659
vn -0.2775 0.3133 -0.9082
vn -0.3348 0.0729 -0.9395
vn -0.5158 0.3792 -0.7682
vn 0.9513 -0.2994 -0.0734
vn -0.9609 -0.0400 0.2739
vn -0.9776 0.0246 0.2093
vn -0.9867 0.1623 0.0108
vn -0.0102 -0.0480 -0.9988
vn 0.9360 -0.3344 -0.1094
vn 0.8761 -0.4625 0.1365
vn 0.8756 -0.4802 -0.0530
vn 0.7421 -0.6663 0.0731
vn 0.7256 -0.6785 -0.1144
vn 0.8746 -0.2772 0.3978
vn -0.7408 0.6175 -0.2644
vn -0.6197 0.7207 -0.3108
vn -0.8866 0.2318 -0.4002
vn -0.8330 0.2038 -0.5143
vn -0.8216 -0.0655 -0.5663
vn -0.8657 0.0273 -0.4999
vn -0.7947 0.1650 -0.5841
vn -0.7384 0.0404 -0.6732
vn -0.4232 0.8432 -0.3315
vn -0.1035 0.8259 -0.5542
vn -0.2605 0.7538 -0.6032
vn 0.1678 0.5765 -0.7997
vn -0.0183 0.3445 -0.9386
vn 0.9180 -0.3579 -0.1710
vn 0.7404 -0.5924 -0.3177
vn 0.7656 -0.6018 -0.2273
vn 0.4132 0.2949 -0.8616
vn 0.6673 0.2692 -0.6944
vn 0.8402 0.2926 -0.4565
vn 0.7578 0.2502 -0.6026
vn 0.2127 0.3881 -0.8967
vn 0.1527 0.2523 -0.9555
vn -0.3830 -0.0945 -0.9189
vn -0.4063 -0.0636 -0.9115
vn -0.7854 0.1650 -0.5966
vn -0.7285 0.1324 -0.6721
vn -0.8355 0.2595 -0.4844
vn 0.8335 -0.5482 -0.0693
vn 0.7337 -0.6769 0.0590
vn 0.9288 -0.2575 0.2663
vn 0.9826 -0.1770 0.0570
vn 0.9635 0.1474 0.2233
vn 0.9502 0.1072 0.2926
vn 0.4795 -0.2552 0.8396
vn 0.8714 -0.0540 0.4876
vn 0.6265 -0.6907 0.3611
vn 0.5365 -0.8419 -0.0586
vn 0.8543 0.1845 0.4859
vn 0.3934 0.1824 0.9011
vn -0.8788 0.1552 -0.4512
vn -0.9239 0.0247 -0.3819
vn -0.9221 0.3673 -0.1220
vn -0.5999 -0.0875 -0.7953
vn -0.3822 -0.1249 -0.9156
vn -0.0175 -0.0512 -0.9985
vn 0.4746 -0.6688 -0.5723
vn 0.3711 -0.6284 -0.6837
vn 0.6545 -0.4809 -0.5834
vn 0.7376 -0.5950 -0.3194
vn 0.6764 -0.5667 0.4704
vn -0.1023 -0.6078 0.7875
vn -0.0309 -0.9900 0.1376
vn 0.3553 -0.9283 -0.1093
vn -0.7588 -0.4920 0.4268
vn -0.4641 -0.8815 -0.0863
vn -0.0682 -0.9975 -0.0201
vn 0.7967 -0.1684 -0.5804
vn 0.3919 -0.5342 -0.7491
vn 0.8107 0.2706 -0.5192
vn 0.8073 0.3175 -0.4975
vn 0.8077 -0.1748 -0.5630
vn 0.5542 -0.3498 -0.7553
vn 0.7554 0.1515 -0.6376
vn 0.3449 0.2014 -0.9168
vn 0.6067 0.4532 -0.6531
vn 0.7974 0.4066 -0.4458
vn 0.2128 0.0550 -0.9755
vn 0.3042 0.3434 -0.8886
vn 0.2802 0.2065 0.9375
vn 0.2973 -0.1447 0.9438
vn -0.9564 -0.1524 -0.2491
vn -0.9973 -0.0681 -0.0277
vn 0.4616 -0.1911 -0.8663
vn -0.5479 0.2533 0.7973
vn -0.3818 0.2884 0.8781
vn -0.7658 -0.5864 -0.2640
vn -0.8270 -0.5622 -0.0000
vn -0.9646 -0.2536 0.0719
vn -0.9340 -0.3211 -0.1564
vn 0.2750 -0.3002 -0.9134
vn 0.4417 -0.5303 -0.7236
vn -0.0224 0.8755 0.4827
vn 0.4842 0.8739 -0.0425
vn 0.9997 0.0076 0.0229
vn 0.3938 0.5953 0.7004
vn 0.9699 0.2427 -0.0221
vn 0.9945 0.0620 -0.0842
vn 0.8291 0.4727 -0.2985
vn 0.8154 0.2833 -0.5048
vn 0.4410 0.7477 -0.4964
vn 0.9682 0.2396 -0.0726
vn 0.8974 0.1423 0.4177
vn 0.3612 0.7582 -0.5428
vn 0.4173 0.4984 -0.7599
vn 0.5430 0.3545 -0.7613
vn 0.9839 -0.1739 -0.0420
vn -0.1719 0.0639 0.9830
vn -0.0756 0.1047 0.9916
vn -0.7193 0.1019 0.6872
vn -0.6467 0.2861 0.7071
vn -0.1485 0.0550 0.9874
vn -0.5723 0.4940 0.6546
vn -0.0059 -0.0123 0.9999
vn -0.1479 0.7191 0.6790
vn 0.0816 0.8517 0.5177
vn 0.0491 -0.0172 0.9986
vn -0.0979 0.4501 0.8876
vn -0.3349 -0.1391 -0.9319
vn -0.1314 -0.3782 -0.9164
vn -0.3339 0.0720 -0.9399
vn -0.4002 0.0241 -0.9161
vn 0.2610 -0.5454 -0.7965
vn 0.7823 -0.5538 -0.2852
vn 0.6447 -0.5793 -0.4989
vn 0.9699 -0.1164 -0.2141
vn 0.7920 -0.0956 -0.6030
vn -0.8379 0.0993 0.5367
vn -0.7132 0.4813 0.5096
vn -0.8731 0.4874 0.0055
vn -0.9448 0.3187 0.0758
vn -0.7949 0.4226 -0.4353
vn -0.7592 0.3834 -0.5260
vn -0.7695 0.3078 -0.5596
vn -0.9008 0.4315 -0.0484
vn -0.7864 0.3717 0.4933
vn -0.9744 -0.0902 -0.2057
vn -0.9100 0.1502 -0.3864
vn -0.8144 0.0953 -0.5725
vn -0.9182 -0.1389 -0.3709
vn -0.8186 0.2037 -0.5370
vn -0.7690 0.1597 -0.6190
vn -0.6473 -0.2982 -0.7014
vn -0.5909 -0.3721 -0.7158
vn -0.6904 0.2397 -0.6826
vn -0.7543 0.2791 -0.5942
vn -0.7589 0.2003 -0.6197
vn -0.7752 0.1445 -0.6150
vn -0.6686 -0.2388 -0.7043
vn -0.3239 -0.0875 -0.9420
vn 0.0621 -0.0479 -0.9969
vn 0.1403 -0.0495 -0.9889
vn -0.2689 -0.0025 -0.9632
vn 0.2224 -0.3103 -0.9243
vn 0.2551 -0.4008 -0.8799
vn -0.4012 -0.0973 0.9108
vn -0.5141 0.1977 0.8346
vn -0.5695 0.8220 0.0016
vn 0.5544 0.4594 -0.6940
vn 0.2380 0.4491 -0.8612
vn 0.1528 0.2754 -0.9491
vn 0.1426 0.2077 -0.9677
vn 0.0027 0.0844 -0.9964
vn 0.1109 0.2298 0.9669
vn 0.0151 0.4263 0.9045
vn -0.7531 0.0986 -0.6505
vn 0.2971 0.0444 -0.9538
vn -0.7678 0.6298 -0.1177
vn -0.5900 0.7353 -0.3336
vn -0.9581 0.0886 0.2724
vn -0.6342 -0.5674 0.5253
vn -0.4231 -0.5980 0.6808
vn -0.3274 -0.4945 0.8051
vn -0.2661 -0.8265 0.4961
vn -0.6539 -0.7565 -0.0127
vn -0.7097 -0.6720 0.2116
vn -0.7124 -0.1987 0.6731
vn -0.3132 -0.4236 0.8500
vn -0.8827 -0.4175 -0.2157
vn -0.8933 -0.4309 0.1282
vn 0.1988 -0.5129 -0.8351
vn 0.3379 0.2946 -0.8939
vn 0.4043 -0.5625 -0.7212
vn -0.3011 -0.3873 -0.8714
vn -0.2933 -0.4399 -0.8488
vn -0.1217 0.1373 -0.9830
vn 0.0342 0.1474 -0.9885
vn 0.7440 0.0817 -0.6632
vn 0.7251 0.2143 -0.6544
vn 0.7862 -0.3265 -0.5247
vn 0.2641 0.3001 -0.9166
vn 0.2297 -0.1256 -0.9651
vn 0.7380 -0.5470 -0.3953
vn 0.9677 -0.2470 -0.0499
vn -0.5657 -0.4655 -0.6806
vn -0.5386 -0.5711 -0.6194
vn 0.2811 -0.4992 -0.8196
vn 0.1605 -0.5938 -0.7884
vn -0.5699 -0.6350 -0.5215
vn -0.7775 -0.3188 -0.5421
vn -0.3466 -0.4848 -0.8030
vn -0.5008 -0.4865 -0.7159
vn -0.4768 -0.5282 -0.7026
vn -0.2575 -0.4880 -0.8340
vn 0.0463 -0.5084 -0.8599
vn 0.1899 0.2104 -0.9590
vn 0.1214 0.0864 -0.9888
vn 0.3140 0.3410 -0.8861
vn 0.1158 0.3715 -0.9212
vn 0.0709 0.2714 -0.9598
vn 0.0830 0.1683 -0.9822
vn 0.1752 0.1445 -0.9739
vn 0.0021 0.1090 -0.9940
vn 0.0838 0.1712 -0.9817
vn 0.4393 0.2358 -0.8669
vn 0.5268 0.4972 -0.6894
vn 0.3648 0.3295 -0.8708
vn 0.2143 0.2385 -0.9472
vn 0.1709 0.1196 -0.9780
vn 0.3860 0.4623 -0.7983
vn 0.3278 0.7029 -0.6313
vn 0.5749 0.6186 -0.5355
vn 0.6204 0.3530 -0.7003
vn 0.5562 0.7718 -0.3080
vn -0.7407 0.3562 -0.5696
vn -0.6327 0.4414 -0.6363
vn -0.3568 0.2454 -0.9014
vn -0.5361 0.2984 -0.7897
vn -0.3349 0.1829 -0.9243
vn -0.2001 0.1825 -0.9626
vn -0.5509 0.2943 -0.7810
vn -0.2691 0.1545 -0.9506
vn -0.1634 0.2494 -0.9545
vn -0.1090 0.4714 -0.8751
vn -0.0069 0.1932 -0.9811
vn -0.2803 0.6713 -0.6861
vn 0.0836 -0.3574 -0.9302
vn -0.3827 0.4100 0.8279
vn -0.0061 0.9740 0.2267
vn -0.1020 0.9846 0.1421
vn 0.1996 0.6186 0.7599
vn -0.1874 0.9727 -0.1368
vn -0.3970 0.8921 -0.2156
vn 0.1052 0.9944 -0.0134
vn 0.3466 0.9294 -0.1267
vn -0.4512 -0.0671 0.8899
vn -0.4032 0.2645 0.8760
vn -0.0841 0.4963 0.8640
vn -0.4521 0.2199 0.8644
vn -0.5704 0.3167 0.7578
vn -0.1598 0.6680 0.7268
vn 0.2658 0.9620 -0.0627
vn 0.0579 0.9956 -0.0731
vn -0.2401 0.9699 -0.0401
vn 0.0691 0.9963 -0.0503
vn 0.3511 0.9332 -0.0770
vn 0.4643 -0.1937 -0.8642
vn 0.0955 -0.1933 -0.9765
vn 0.1760 -0.5449 -0.8198
vn 0.4570 -0.5222 -0.7200
vn -0.1735 -0.2214 -0.9596
vn -0.1814 -0.5657 -0.8044
vn 0.0792 0.9488 0.3057
vn -0.3525 0.6988 0.6224
vn -0.1772 0.7669 0.6169
vn -0.0724 0.9728 0.2198
vn -0.3081 0.8309 0.4633
vn -0.1354 0.8989 0.4168
vn -0.5309 -0.5796 0.6182
vn -0.3230 -0.4152 -0.8504
vn -0.7540 -0.4546 0.4742
vn -0.5752 -0.4389 0.6903
vn -0.3424 -0.7496 -0.5664
vn -0.5876 -0.5819 0.5623
vn -0.5202 -0.3434 0.7819
vn -0.2231 -0.5463 -0.8073
vn -0.0061 -0.5159 -0.8567
vn 0.0899 0.9015 0.4234
vn 0.0766 0.8036 0.5901
vn -0.1814 0.3196 -0.9300
vn -0.2924 0.7510 -0.5921
vn 0.0804 0.7760 -0.6255
vn 0.2224 0.3216 -0.9204
vn 0.7129 0.2999 -0.6339
vn 0.5704 0.5288 -0.6285
vn -0.1158 0.9716 -0.2063
vn -0.7458 0.2161 0.6301
vn 0.2004 0.0173 -0.9796
vn 0.2092 -0.6423 -0.7374
vn -0.4342 -0.8881 0.1505
vn 0.1277 0.8761 -0.4649
vn 0.1730 0.6661 -0.7255
vn 0.0024 0.8522 -0.5232
vn -0.0904 0.8064 -0.5844
vn 0.2626 0.0826 -0.9614
vn 0.5178 0.2266 -0.8249
vn 0.0329 0.9743 0.2229
vn -0.0856 0.9725 0.2167
vn 0.2444 0.4149 -0.8764
vn 0.1866 -0.2119 -0.9593
vn -0.9346 -0.3554 -0.0124
vn 0.0937 -0.3306 -0.9391
vn 0.1854 0.0446 -0.9817
vn 0.3470 -0.0080 -0.9378
vn -0.7644 0.3857 -0.5167
vn -0.2897 0.5816 -0.7601
vn -0.4274 0.1834 -0.8853
vn -0.4621 0.7555 -0.4644
vn -0.0649 0.7430 -0.6661
vn -0.2092 0.2514 -0.9450
vn -0.0547 0.9291 -0.3657
vn -0.0506 0.9252 -0.3760
vn -0.0050 0.9254 -0.3790
vn -0.0071 0.7714 -0.6363
vn -0.0608 0.3274 -0.9429
vn 0.1398 0.7657 0.6278
vn -0.4277 0.5452 0.7210
vn -0.1937 0.2469 0.9495
vn 0.0943 0.4518 0.8871
vn -0.2648 0.6327 0.7277
vn -0.1574 0.4060 0.9002
vn -0.0785 0.3904 0.9173
vn 0.0962 0.3013 0.9487
vn -0.0351 0.3244 0.9453
vn -0.2389 -0.0147 0.9709
vn 0.3457 -0.2682 0.8992
vn -0.8887 -0.2176 0.4036
vn -0.6226 -0.3052 0.7205
vn -0.4807 -0.8072 0.3425
vn -0.9080 -0.0543 0.4155
vn -0.1707 -0.7569 0.6308
vn 0.6614 -0.7146 0.2278
vn 0.2422 -0.6916 -0.6805
vn -0.4185 -0.9053 0.0734
vn 0.6812 -0.2138 -0.7002
vn 0.4837 -0.2443 -0.8404
vn 0.4446 -0.4645 -0.7659
vn 0.2707 -0.5343 -0.8008
vn -0.7296 -0.3984 0.5559
vn -0.4633 -0.8505 -0.2488
vn 0.6534 -0.7293 0.2029
vn 0.0349 -0.4806 0.8762
vn 0.1513 -0.5883 -0.7944
vn 0.7599 -0.5959 0.2598
vn 0.1369 -0.1504 0.9791
vn -0.8127 -0.0086 0.5827
vn -0.9398 -0.0878 -0.3303
vn -0.4448 -0.4301 -0.7856
vn 0.4675 -0.7286 -0.5006
vn -0.0273 -0.3693 -0.9289
vn 0.7084 -0.4359 -0.5551
vn 0.8120 -0.5812 0.0529
vn 0.6546 -0.4129 0.6332
vn 0.1717 -0.3042 0.9370
vn 0.2597 -0.5882 0.7659
vn 0.4223 -0.5787 0.6977
vn 0.4742 -0.7675 0.4314
vn -0.3971 -0.9178 -0.0013
vn 0.6743 -0.4956 0.5475
vn 0.7895 -0.5509 0.2706
vn 0.6260 -0.6533 0.4259
vn 0.5199 -0.7785 0.3518
vn 0.1787 -0.0057 -0.9839
vn 0.6658 -0.5383 -0.5167
vn 0.6825 -0.7295 -0.0456
vn 0.3255 -0.0454 -0.9445
vn 0.1216 -0.3718 0.9203
vn 0.2480 -0.3772 0.8923
vn 0.4998 -0.5735 0.6491
vn -0.9373 -0.1851 -0.2954
vn -0.9471 0.1983 -0.2525
vn -0.5793 -0.2332 0.7810
vn -0.2017 -0.5682 0.7978
vn -0.9150 0.3545 -0.1928
vn -0.5731 -0.0925 0.8143
vn -0.0062 -0.2937 0.9559
vn 0.0493 -0.3478 0.9363
vn 0.1768 -0.3859 0.9055
vn 0.2850 -0.8722 0.3975
vn 0.4073 -0.6544 0.6370
vn 0.4468 -0.8644 0.2307
vn 0.3817 -0.9242 -0.0111
vn -0.5697 0.2717 0.7757
vn -0.7663 0.4709 0.4370
vn -0.4958 0.8538 -0.1587
vn -0.4004 0.7646 -0.5050
vn -0.4457 0.5674 -0.6923
vn -0.6040 0.7543 -0.2571
vn -0.4092 0.0229 -0.9122
vn -0.0450 -0.4567 -0.8885
vn -0.1967 0.5210 -0.8306
vn -0.3627 0.7702 -0.5246
vn -0.3579 0.2653 -0.8953
vn -0.0989 0.3984 -0.9119
vn -0.5106 0.8580 -0.0555
vn -0.4159 -0.8509 0.3210
vn -0.7390 0.1280 0.6614
vn -0.4725 0.8689 0.1474
vn -0.5069 0.8617 0.0240
vn -0.4154 0.8849 0.2108
vn -0.3849 0.5679 0.7276
vn 0.0225 -0.2951 0.9552
vn 0.0482 -0.3169 0.9472
vn 0.0681 -0.3220 0.9443
vn 0.1000 -0.4375 0.8936
vn 0.1260 -0.3910 0.9117
vn 0.0319 -0.3464 0.9376
vn 0.0075 -0.3495 0.9369
vn -0.3343 0.3473 -0.8762
vn -0.0455 0.3111 -0.9493
vn -0.0196 0.2815 -0.9594
vn -0.0169 0.3178 -0.9480
vn -0.1887 0.5688 -0.8005
vn -0.1079 0.4715 -0.8752
vn 0.0367 0.3451 -0.9379
vn -0.7020 -0.6364 0.3198
vn -0.4239 -0.3535 0.8339
vn -0.7507 -0.3090 -0.5839
vn -0.4596 -0.4007 -0.7926
vn 0.4950 -0.5363 0.6836
vn 0.7388 -0.3401 -0.5818
vn 0.1950 -0.1129 -0.9743
vn 0.1257 -0.7083 0.6946
vn 0.1494 0.2130 -0.9656
vn 0.1038 0.2857 -0.9527
vn 0.1437 0.1265 -0.9815
vn 0.6074 -0.5334 -0.5887
vn 0.6489 -0.7198 -0.2464
vn 0.2229 0.1367 -0.9652
vn 0.4055 -0.2197 -0.8873
vn -0.0598 0.1725 -0.9832
vn -0.1559 0.1782 -0.9716
vn 0.0972 -0.4300 -0.8976
vn -0.2138 0.2616 -0.9412
vn -0.1410 0.2520 -0.9574
vn -0.0570 0.2845 -0.9570
vn -0.0888 0.3510 -0.9321
vn -0.1137 0.4408 -0.8904
vn -0.2289 0.3635 -0.9030
vn -0.4832 -0.1792 -0.8570
vn -0.2944 0.3898 -0.8726
vn 0.2375 0.1000 -0.9662
vn 0.0387 -0.3318 -0.9426
vn -0.5145 -0.2907 -0.8067
vn 0.2116 -0.0205 -0.9771
vn -0.1930 0.2445 -0.9503
vn -0.2398 0.2534 -0.9372
vn -0.0441 0.0079 -0.9990
vn -0.2370 0.2049 0.9496
vn -0.0296 0.4506 0.8922
vn -0.0614 0.5106 0.8576
vn -0.4723 0.1699 0.8649
vn -0.6304 0.2888 0.7205
vn -0.1425 0.5408 0.8290
vn -0.1207 0.4574 0.8811
vn -0.6335 0.3622 0.6838
vn -0.5036 -0.0032 0.8639
vn -0.1767 0.6669 0.7239
vn -0.2722 0.4679 0.8408
vn -0.3689 -0.2428 0.8972
vn -0.5608 -0.3952 0.7275
vn -0.7351 0.3361 0.5888
vn -0.2291 0.7004 0.6760
vn -0.3568 0.5836 0.7294
vn -0.4979 0.7767 -0.3857
vn -0.4829 0.8717 0.0833
vn -0.3048 0.9524 0.0032
vn -0.1471 0.9075 -0.3934
vn 0.8779 0.4732 -0.0735
vn 0.5210 0.8393 -0.1553
vn -0.3863 0.7790 0.4939
vn -0.5069 0.7142 0.4827
vn 0.1820 0.8923 0.4131
vn 0.2240 0.9404 0.2559
vn 0.7453 0.6666 0.0112
vn 0.9971 0.0311 -0.0695
vn 0.6409 -0.7538 -0.1448
vn 0.7180 -0.6514 0.2452
vn 0.1700 0.8786 -0.4462
vn 0.9444 0.2456 0.2187
vn 0.6113 -0.5957 0.5210
vn 0.3862 -0.7868 0.4814
vn 0.3747 -0.9059 0.1973
vn 0.8768 -0.4125 0.2473
vn 0.6479 -0.2517 0.7190
vn 0.5115 -0.4511 0.7314
vn 0.9102 -0.3481 0.2245
vn 0.2585 -0.9461 0.1948
vn 0.3062 -0.8377 0.4521
vn 0.4146 -0.3998 0.8175
vn 0.3093 -0.9238 -0.2258
vn 0.8532 -0.4793 -0.2057
vn 0.9468 -0.2925 -0.1342
vn 0.2196 0.9741 -0.0541
vn 0.3304 -0.3712 -0.8678
vn 0.3926 -0.6896 -0.6085
vn -0.2372 0.5861 -0.7748
vn -0.4428 0.7323 -0.5174
vn -0.3602 0.7495 -0.5554
vn -0.2712 0.6043 -0.7492
vn -0.5276 0.0614 -0.8472
vn -0.4001 0.2635 -0.8778
vn -0.7001 0.5725 -0.4267
vn 0.2065 -0.3996 0.8931
vn 0.2767 -0.2199 0.9355
vn 0.1582 -0.4197 0.8938
vn 0.1961 -0.3277 0.9242
vn 0.3002 -0.2677 0.9155
vn -0.0055 -0.0853 0.9963
vn -0.4349 -0.1112 0.8936
vn 0.1075 -0.5097 0.8536
vn 0.3749 -0.1447 0.9157
vn 0.3477 -0.3516 0.8692
vn -0.2875 -0.8128 0.5066
vn 0.1327 -0.9610 0.2428
vn 0.4231 -0.3723 0.8260
vn -0.0264 0.0677 0.9974
vn 0.2950 -0.8393 -0.4566
vn -0.0920 -0.8035 -0.5882
vn 0.3622 0.7438 -0.5617
vn -0.0860 0.3462 -0.9342
vn 0.0971 -0.0672 -0.9930
vn 0.2620 0.5174 -0.8146
vn 0.5203 0.3565 -0.7760
vn 0.8970 -0.3809 -0.2242
vn -0.0935 -0.3506 -0.9318
vn -0.0547 -0.2954 -0.9538
vn -0.0663 -0.6833 -0.7271
vn -0.4987 -0.3235 -0.8041
vn 0.4524 0.7878 -0.4180
vn 0.3510 0.8743 -0.3353
vn -0.4359 0.5878 -0.6816
vn -0.4778 0.0446 -0.8774
vn -0.0812 -0.1447 -0.9861
vn -0.1391 -0.3032 -0.9427
vn -0.8709 -0.4145 -0.2639
vn -0.8085 0.2866 0.5140
vn -0.8097 0.4843 -0.3313
vn -0.2435 -0.3068 -0.9201
vn -0.0474 -0.2647 -0.9632
vn -0.6654 0.4663 -0.5829
vn -0.4760 0.5305 0.7014
vn -0.0222 -0.5003 -0.8655
vn -0.6376 -0.6795 -0.3630
vn -0.6970 0.0378 0.7160
vn 0.8694 0.4928 0.0368
vn 0.8349 0.5441 0.0834
vn -0.2240 -0.1289 -0.9660
vn 0.9446 -0.1439 -0.2949
vn 0.5575 0.6533 0.5123
vn -0.0273 0.6366 0.7707
vn 0.4305 -0.7567 -0.4919
vn 0.1837 -0.6375 -0.7482
vn 0.0272 -0.5438 -0.8388
vn -0.5415 -0.6679 -0.5105
vn 0.7547 0.5927 0.2814
vn 0.4198 0.8036 -0.4220
vn 0.4996 -0.0895 0.8616
vn 0.3156 0.1542 0.9363
vn -0.1072 0.7406 0.6634
vn 0.3130 -0.6174 0.7217
vn 0.3514 -0.5755 0.7385
vn 0.4564 -0.6252 0.6331
vn 0.4929 -0.7004 0.5163
vn 0.5093 -0.6161 0.6008
vn 0.4098 -0.5605 0.7196
vn 0.3887 -0.5623 0.7299
vn -0.6872 0.7265 0.0046
vn -0.5783 0.7075 -0.4061
vn -0.7542 0.4591 -0.4694
vn -0.7223 0.6907 -0.0358
vn -0.3261 0.6552 -0.6814
vn -0.3591 0.6082 -0.7079
vn -0.5146 0.1803 -0.8382
vn -0.7284 0.3063 -0.6129
vn -0.9834 -0.1037 -0.1488
vn -0.9583 0.1175 -0.2604
vn -0.9870 0.1558 -0.0402
vn -0.5718 0.0274 -0.8199
vn -0.8702 0.3917 0.2990
vn -0.8093 -0.3612 0.4632
vn -0.6010 -0.0993 0.7931
vn -0.4123 0.1482 0.8989
vn -0.9272 -0.3128 -0.2060
vn -0.8850 -0.4301 -0.1782
vn -0.6149 -0.4505 -0.6472
vn -0.6682 -0.2860 -0.6868
vn -0.3567 -0.2622 -0.8967
vn -0.2857 -0.3319 -0.8990
vn -0.9116 -0.0633 0.4061
vn -0.9810 -0.1280 0.1456
vn -0.3727 0.5554 0.7434
vn -0.5305 0.7439 0.4065
vn 0.3777 -0.9024 -0.2073
vn 0.4086 -0.9115 -0.0474
vn -0.4446 -0.0652 -0.8933
vn 0.4785 -0.4004 0.7815
vn 0.4116 -0.3279 0.8503
vn -0.9782 -0.1988 -0.0603
vn -0.7620 -0.3793 0.5249
vn 0.2136 -0.3718 0.9034
vn -0.9044 -0.3947 0.1622
vn -0.9558 -0.2781 0.0952
vn -0.8308 -0.3835 -0.4033
vn -0.5781 0.5812 0.5728
vn -0.3652 0.4064 0.8375
vn -0.3424 0.3357 0.8775
vn -0.7013 0.5411 0.4641
vn -0.3735 0.5918 0.7144
vn -0.2897 0.5840 0.7583
vn -0.1928 0.5873 0.7861
vn -0.1301 0.3967 0.9087
vn -0.1614 0.0708 0.9844
vn -0.8676 0.4951 -0.0460
vn -0.8915 0.2261 -0.3926
vn -0.9367 0.1884 -0.2950
vn -0.8892 -0.4359 0.1387
vn -0.8751 -0.4616 -0.1455
vn -0.5169 -0.3787 0.7677
vn -0.9357 0.3324 -0.1186
vn -0.9042 0.3748 -0.2049
vn -0.5118 -0.3839 0.7685
vn -0.5188 0.5305 -0.6704
vn 0.2791 -0.5231 0.8052
vn 0.3359 -0.5198 0.7855
vn 0.3182 -0.5498 0.7723
vn -0.9799 0.0640 -0.1888
vn -0.0766 -0.6915 0.7183
vn 0.1605 -0.3959 0.9042
vn -0.7640 0.3358 -0.5510
vn -0.4073 0.7460 -0.5269
vn -0.5417 0.3150 -0.7793
vn -0.4177 0.4728 -0.7759
vn -0.3522 0.7429 -0.5693
vn -0.2588 0.2624 -0.9296
vn -0.6800 0.0712 -0.7298
vn -0.2990 -0.1846 -0.9362
vn -0.7346 0.0702 -0.6748
vn -0.3464 -0.7007 -0.6238
vn -0.7573 -0.3150 -0.5721
vn -0.5657 -0.0679 -0.8218
vn -0.7054 -0.1998 -0.6801
vn -0.5501 -0.0568 0.8332
vn -0.3087 -0.1472 0.9397
vn 0.2601 0.0977 0.9606
vn -0.0968 -0.7562 0.6472
vn -0.1435 -0.1498 0.9782
vn 0.0740 0.0098 0.9972
vn -0.0421 0.6502 0.7586
vn -0.4400 -0.1166 -0.8904
vn -0.3417 0.3099 -0.8872
vn -0.5178 0.2084 -0.8297
vn -0.4166 -0.1078 -0.9027
vn -0.6357 -0.2079 -0.7434
vn -0.4932 0.1662 -0.8539
vn -0.5378 0.5825 -0.6095
vn -0.4153 0.4447 -0.7936
vn -0.6389 0.4366 -0.6334
vn -0.2384 0.4585 -0.8561
vn -0.3130 0.6663 -0.6768
vn -0.5681 0.4333 0.6997
vn -0.9584 0.2306 0.1682
vn -0.7174 0.6399 0.2753
vn -0.1648 -0.6601 0.7329
vn -0.7943 -0.6040 -0.0652
vn -0.6509 0.7418 -0.1614
vn 0.8467 -0.2663 -0.4607
vn 0.3763 0.1144 -0.9194
vn 0.1878 -0.8170 -0.5452
vn 0.4733 -0.8507 -0.2285
vn 0.2247 -0.9343 -0.2767
vn -0.1480 0.8676 0.4747
vn -0.4422 -0.0031 -0.8969
vn -0.5326 -0.5526 -0.6411
vn -0.2183 -0.8978 0.3825
vn -0.3137 0.4037 -0.8594
vn -0.5845 0.3322 -0.7403
vn -0.3581 0.5895 -0.7240
vn -0.1207 0.9884 -0.0918
vn -0.1307 0.9202 0.3690
vn -0.2034 0.9764 -0.0726
vn 0.0516 0.9959 0.0738
vn 0.2528 -0.9565 0.1455
vn 0.2353 -0.9550 0.1803
vn 0.1775 -0.7813 0.5984
vn 0.2057 -0.8134 0.5442
vn 0.6912 -0.7087 0.1412
vn 0.0972 -0.5680 0.8172
vn 0.1432 -0.5833 0.7995
vn -0.3619 0.2370 0.9016
vn -0.1851 -0.2518 0.9499
vn -0.5684 0.4883 0.6622
vn 0.0487 -0.1749 0.9834
vn -0.0496 0.3980 0.9160
vn -0.5420 -0.8327 0.1137
vn 0.1098 0.9193 0.3779
vn 0.1008 0.7184 0.6883
vn 0.0222 0.6659 0.7457
vn -0.2743 0.7887 0.5502
vn 0.1103 0.4109 0.9050
vn -0.6402 0.7611 0.1048
vn -0.1303 0.9538 0.2706
vn 0.7180 0.5789 0.3864
vn 0.6585 0.6037 0.4493
vn -0.0394 0.9759 0.2145
vn 0.4577 0.3163 -0.8309
vn 0.8786 0.2179 -0.4249
vn 0.6335 -0.7737 0.0092
vn 0.6435 -0.7516 -0.1445
vn 0.0180 0.4368 -0.8994
vn 0.0371 0.6867 -0.7260
vn -0.0930 0.5787 -0.8102
vn -0.0369 0.8241 -0.5652
vn 0.3443 0.8676 0.3588
vn 0.2840 0.9587 -0.0122
vn 0.0279 0.9866 -0.1608
vn 0.1248 0.9397 0.3186
vn -0.0850 0.2642 -0.9607
vn -0.1510 0.2888 -0.9454
vn -0.2548 0.4045 -0.8783
vn -0.2163 0.7599 -0.6130
vn -0.2420 -0.1711 -0.9551
vn -0.2731 -0.2567 -0.9271
vn -0.0964 -0.7897 -0.6059
vn -0.0614 -0.9734 -0.2208
vn -0.1069 -0.9525 -0.2852
vn -0.1130 -0.8687 -0.4823
vn -0.0981 -0.9367 -0.3361
vn -0.2901 -0.8996 -0.3265
vn 0.0093 -0.9900 0.1410
vn 0.1978 -0.9747 0.1037
vn 0.4324 -0.8969 0.0930
vn -0.1230 -0.8145 -0.5670
vn -0.8692 -0.1917 -0.4557
vn 0.3841 -0.9179 0.0993
vn 0.3413 -0.0678 0.9375
vn -0.1248 -0.2465 0.9611
vn -0.3427 -0.8974 0.2780
vn -0.9152 -0.1899 -0.3555
vn -0.7744 0.3936 0.4953
vn -0.5289 0.6304 0.5682
vn -0.2093 -0.7046 -0.6780
vn -0.0488 0.1221 0.9913
vn -0.0264 0.1409 0.9897
vn -0.2254 -0.1176 0.9671
vn 0.0562 -0.2355 0.9703
vn -0.0791 0.0601 0.9950
vn -0.0703 -0.8699 0.4882
vn 0.2454 -0.6756 0.6952
vn 0.4130 -0.2998 0.8599
vn -0.3823 -0.9217 -0.0652
vn -0.1947 -0.9700 -0.1458
vn -0.0130 -0.8059 -0.5920
vn -0.2331 -0.9100 -0.3430
vn -0.6223 0.5176 -0.5873
vn -0.2481 0.9097 -0.3330
vn -0.3034 0.5336 -0.7895
vn -0.0424 -0.6642 -0.7463
vn -0.1165 -0.9785 -0.1703
vn -0.1890 0.4413 -0.8772
vn -0.3261 0.8334 -0.4463
vn -0.3420 0.8918 -0.2961
vn -0.4700 0.8316 -0.2959
vn -0.6988 0.6706 0.2489
vn -0.5930 -0.2554 0.7637
vn -0.5623 -0.8268 0.0159
vn -0.7364 0.0818 -0.6716
vn -0.2454 0.5433 -0.8029
vn 0.0041 -0.9697 0.2443
vn -0.4866 0.8719 -0.0550
vn -0.3227 0.9462 -0.0257
vn -0.2444 0.8344 0.4939
vn -0.3741 0.9256 0.0569
vn -0.4460 0.8950 -0.0094
vn -0.6673 -0.7305 0.1454
vn -0.7145 0.5733 0.4009
vn -0.1143 0.7536 0.6474
vn -0.2458 0.9426 0.2259
vn -0.1551 0.6241 0.7658
vn -0.2543 0.8849 0.3902
vn -0.2843 0.9587 0.0057
vn -0.1081 0.8799 0.4626
vn -0.1668 0.9856 0.0276
vn -0.1331 0.9182 -0.3731
vn -0.2281 0.9183 -0.3236
vn -0.0967 0.7573 -0.6459
vn -0.1274 0.8102 -0.5721
vn -0.0491 0.3503 -0.9354
vn -0.0094 0.3606 -0.9327
vn -0.0371 -0.3818 -0.9235
vn 0.0228 -0.5211 -0.8532
vn -0.1702 0.3697 -0.9134
vn -0.1335 -0.2874 -0.9485
vn -0.2145 -0.7191 -0.6610
vn -0.3221 -0.6335 -0.7035
vn -0.3293 -0.8903 -0.3146
vn -0.1897 -0.9381 -0.2899
vn -0.3048 -0.9443 0.1242
vn -0.1624 -0.9758 0.1466
vn -0.2732 -0.8086 0.5211
vn -0.1168 -0.8311 0.5437
vn 0.0671 -0.8283 0.5563
vn -0.0835 -0.5339 0.8414
vn 0.0459 -0.4842 0.8738
vn -0.0692 -0.0089 0.9976
vn -0.0142 0.0542 0.9984
vn -0.0526 0.5755 0.8161
vn -0.0701 0.5667 0.8210
vn -0.0474 0.8637 0.5017
vn -0.1018 0.4798 0.8715
vn -0.1277 0.8184 0.5602
vn -0.1683 0.9518 0.2562
vn -0.0854 0.9859 0.1436
vn -0.2115 0.9508 -0.2265
vn -0.1206 0.9384 -0.3238
vn -0.1574 0.7644 -0.6252
vn 0.1785 0.7620 0.6225
vn 0.3181 0.4273 0.8463
vn 0.3740 0.6837 0.6267
vn 0.2273 0.4344 0.8716
vn 0.0634 -0.0806 0.9947
vn 0.2615 -0.0344 0.9646
vn 0.1886 -0.0287 0.9816
vn 0.1946 -0.5133 0.8359
vn 0.0886 -0.5081 0.8567
vn -0.1339 -0.0554 0.9894
vn -0.2195 -0.5175 0.8270
vn 0.0542 -0.8206 0.5690
vn 0.2057 -0.9612 0.1839
vn 0.1844 -0.8058 0.5627
vn 0.0612 -0.9825 0.1761
vn -0.0198 -0.9938 0.1097
vn -0.0282 -0.8590 0.5112
vn -0.0032 -0.5799 0.8147
vn 0.0808 -0.8549 0.5125
vn 0.0936 -0.6159 0.7822
vn -0.0039 -0.8678 0.4969
vn -0.0744 -0.6522 0.7544
vn 0.0032 -0.8826 0.4701
vn -0.0904 -0.6139 0.7842
vn 0.1490 -0.8478 0.5090
vn 0.1275 -0.5189 0.8453
vn -0.2245 -0.7836 0.5793
vn -0.1634 -0.3873 0.9074
vn -0.3493 -0.9143 0.2050
vn 0.1398 -0.9791 0.1480
vn -0.3886 -0.8987 -0.2032
vn 0.1081 -0.9607 -0.2555
vn 0.0636 -0.9929 0.1006
vn 0.0733 -0.9553 -0.2865
vn 0.0783 -0.7953 -0.6012
vn 0.0403 -0.7984 -0.6008
vn 0.0505 -0.9956 0.0788
vn 0.0353 -0.9365 -0.3490
vn -0.0304 -0.7633 -0.6453
vn -0.0109 -0.4649 -0.8853
vn -0.0821 -0.4968 -0.8640
vn 0.0851 -0.9213 -0.3795
vn 0.1106 -0.7282 -0.6764
vn 0.1005 -0.4663 -0.8789
vn 0.1363 0.1795 -0.9743
vn 0.0924 0.0204 -0.9955
vn 0.0689 -0.3699 -0.9265
vn -0.1016 -0.0360 -0.9942
vn 0.0360 -0.7224 -0.6905
vn 0.0031 -0.9425 -0.3343
vn 0.1989 -0.9359 -0.2908
vn 0.1113 -0.6828 -0.7221
vn -0.0519 -0.2569 -0.9650
vn -0.0957 0.2254 -0.9696
vn 0.0406 -0.6476 -0.7609
vn -0.0612 -0.1724 -0.9831
vn 0.0627 -0.9435 -0.3254
vn 0.0701 -0.9945 0.0782
vn -0.0923 0.4349 -0.8958
vn -0.0491 0.4854 -0.8729
vn -0.0411 0.0584 -0.9974
vn -0.0830 0.5166 -0.8522
vn -0.0360 0.1845 -0.9822
vn 0.0281 -0.3797 -0.9247
vn -0.2536 0.4841 -0.8375
vn -0.1517 0.7912 -0.5925
vn -0.2596 0.7630 -0.5920
vn -0.2431 0.9674 -0.0712
vn -0.2787 0.9583 -0.0629
vn -0.2120 0.8366 0.5051
vn -0.2436 0.8446 0.4768
vn -0.3373 0.8348 0.4352
vn -0.3567 0.9330 -0.0478
vn -0.7025 0.5957 0.3894
vn -0.5101 0.5251 0.6813
vn -0.3999 0.4057 0.8219
vn -0.0781 0.7899 -0.6082
vn -0.0681 0.9846 -0.1612
vn -0.0575 0.7604 -0.6469
vn 0.3822 0.8804 -0.2809
vn -0.0873 -0.0696 0.9937
vn 0.2150 -0.9506 -0.2240
vn 0.2175 -0.8461 -0.4867
vn -0.5485 0.6236 -0.5570
vn -0.7016 0.4437 0.5575
vn -0.7860 0.6136 0.0753
vn -0.6964 0.5222 -0.4923
vn -0.6758 -0.0248 -0.7366
vn -0.4686 0.8800 0.0770
vn -0.4119 0.7885 -0.4568
vn -0.3809 0.8329 -0.4016
vn -0.3974 0.9155 0.0628
vn -0.7388 0.5561 -0.3807
vn -0.7984 0.6000 0.0509
vn -0.4145 0.7376 0.5331
vn -0.3378 0.8172 0.4671
vn -0.7746 0.4673 0.4262
vn -0.5723 0.5006 0.6495
vn -0.6191 0.6463 0.4462
vn -0.6591 0.7504 0.0503
vn -0.3125 0.8900 -0.3320
vn -0.6065 0.7083 -0.3612
vn -0.3261 0.9427 0.0703
vn -0.2504 0.8646 0.4356
vn -0.3441 0.9351 0.0846
vn -0.2649 0.8432 0.4679
vn -0.1810 0.7159 0.6744
vn -0.1769 0.7022 0.6896
vn -0.3496 0.8670 -0.3552
vn -0.4439 0.6861 -0.5763
vn -0.3448 0.7591 -0.5522
vn -0.2644 0.7911 -0.5515
vn -0.3415 0.5457 -0.7652
vn -0.2180 0.6057 -0.7652
vn -0.3191 0.4007 -0.8589
vn -0.2322 0.4516 -0.8615
vn -0.1609 0.2594 -0.9523
vn -0.1921 0.3612 -0.9125
vn -0.1821 0.5423 -0.8202
vn 0.0785 0.0034 -0.9969
vn 0.2611 0.1187 -0.9580
vn 0.0185 0.0594 -0.9981
vn -0.0979 0.1544 -0.9831
vn -0.1928 0.2549 -0.9476
vn 0.1676 0.3946 -0.9034
vn -0.0393 0.3047 -0.9516
vn -0.0741 0.2361 -0.9689
vn -0.1691 0.2110 -0.9627
vn -0.0264 0.1159 -0.9929
vn 0.7664 0.0963 -0.6351
vn 0.7706 -0.2825 -0.5713
vn 0.0113 0.0514 -0.9986
vn 0.6640 -0.4924 -0.5628
vn 0.8098 -0.2236 0.5424
vn 0.6991 -0.3716 0.6108
vn 0.6047 -0.4827 0.6336
vn 0.6253 -0.5030 -0.5967
vn 0.4998 -0.5643 0.6571
vn 0.3353 -0.2670 0.9035
vn 0.2625 -0.2472 0.9327
vn 0.0966 -0.2661 0.9591
vn 0.3824 -0.5976 0.7047
vn 0.1423 -0.4656 0.8735
vn 0.2611 -0.3011 0.9172
vn 0.0572 -0.2769 0.9592
vn 0.0142 -0.3067 0.9517
vn 0.0784 -0.3871 0.9187
vn 0.0116 -0.3681 0.9297
vn 0.0462 -0.2949 0.9544
vn 0.0407 -0.3193 0.9468
vn -0.0257 -0.3487 0.9369
vn -0.0192 -0.2829 0.9590
vn -0.0200 -0.3312 0.9433
vn 0.0659 -0.3773 0.9237
vn 0.1061 -0.4277 0.8977
vn 0.2286 -0.5364 0.8125
vn 0.2560 -0.5553 0.7912
vn 0.2277 -0.5836 0.7795
vn 0.2615 -0.5580 0.7876
vn 0.4742 -0.7489 0.4630
vn 0.4222 -0.7786 0.4642
vn 0.3839 -0.7610 0.5229
vn 0.3248 -0.4746 0.8181
vn 0.4092 -0.6642 0.6256
vn 0.5240 -0.8455 -0.1032
vn 0.4537 -0.8887 0.0667
vn 0.4473 -0.8126 -0.3738
vn 0.3718 -0.9107 -0.1800
vn 0.4528 -0.8809 -0.1381
vn 0.2725 -0.9548 -0.1189
vn 0.1079 -0.9909 0.0804
vn 0.2912 -0.5599 0.7757
vn 0.0045 -0.6300 0.7766
vn -0.1797 -0.7258 0.6641
vn -0.3004 0.5372 0.7881
vn 0.4498 -0.4133 0.7917
vn -0.3014 0.4026 0.8643
vn -0.5899 0.6170 0.5208
vn -0.4870 0.8065 0.3352
vn -0.6539 0.6525 0.3828
vn -0.5416 0.7853 0.3001
vn -0.6522 0.7569 -0.0414
vn -0.5765 0.8170 0.0110
vn -0.4592 0.7129 -0.5301
vn -0.3953 0.7511 -0.5287
vn -0.2529 0.5610 -0.7883
vn -0.4882 0.6990 -0.5226
vn -0.2753 0.5545 -0.7853
vn -0.1184 0.4235 -0.8981
vn -0.1245 0.4644 -0.8769
vn -0.0216 0.3257 -0.9452
vn 0.0355 0.3346 -0.9417
vn -0.0313 0.3245 -0.9454
vn 0.0334 0.3195 -0.9470
vn 0.0666 0.2270 -0.9716
vn 0.0255 0.3139 -0.9491
vn 0.1162 0.0913 -0.9890
vn 0.0070 0.1851 -0.9827
vn 0.0725 0.1065 -0.9917
vn -0.1090 0.1799 -0.9776
vn -0.2044 0.1907 0.9601
vn 0.4054 -0.3266 0.8538
vn 0.6516 -0.7571 -0.0472
vn 0.6981 -0.6758 0.2364
vn 0.5625 -0.5330 0.6320
vn 0.6486 -0.6890 -0.3234
vn 0.6754 -0.7236 0.1426
vn 0.3419 -0.4289 0.8361
vn 0.3029 -0.4752 0.8261
vn 0.3147 -0.3522 0.8815
vn 0.3448 -0.5243 0.7786
vn 0.3140 -0.5624 0.7649
vn 0.6068 -0.7822 -0.1413
vn 0.5751 -0.7936 0.1987
vn 0.4206 -0.7171 0.5557
vn 0.3337 -0.6747 0.6584
vn 0.1747 -0.5231 0.8342
vn 0.2044 -0.5094 0.8359
vn 0.0629 -0.3681 0.9276
vn 0.2082 -0.4369 0.8751
vn 0.0669 -0.3165 0.9462
vn 0.1172 -0.3476 0.9303
vn 0.1017 -0.2886 0.9520
vn 0.2315 -0.3354 0.9132
vn 0.3895 -0.3279 0.8607
vn 0.2603 -0.5446 0.7973
vn -0.7028 -0.6308 -0.3287
vn 0.5908 -0.7783 -0.2125
vn 0.5593 -0.7010 -0.4425
vn -0.0381 -0.3841 0.9225
vn 0.1570 0.5075 -0.8472
vn -0.0429 0.5865 -0.8088
vn -0.2694 0.6109 -0.7444
vn -0.6257 0.1781 0.7595
vn 0.2832 -0.7871 0.5479
vn 0.4033 -0.8997 0.1674
vn 0.6965 -0.4829 -0.5307
vn 0.4602 -0.4071 -0.7890
vn 0.2249 -0.8148 -0.5343
vn 0.1509 -0.6300 -0.7618
vn 0.1051 -0.4557 -0.8839
vn 0.2630 -0.3535 -0.8977
vn 0.0738 -0.3938 -0.9162
vn 0.1153 -0.3698 -0.9219
vn 0.2063 -0.3259 -0.9226
vn 0.1049 -0.5122 -0.8524
vn -0.0447 -0.3560 -0.9334
vn 0.0184 -0.3827 -0.9237
vn 0.0547 -0.4196 -0.9061
vn -0.3640 -0.8703 -0.3317
vn -0.5374 -0.5488 0.6404
vn -0.1987 0.1822 0.9630
vn -0.0582 -0.2959 -0.9534
vn -0.6152 0.3013 -0.7286
vn -0.0329 -0.2393 -0.9704
vn -0.6037 0.4623 -0.6494
vn 0.0569 -0.4094 -0.9106
vn 0.0459 -0.4318 -0.9008
vn 0.0882 -0.4980 -0.8627
vn 0.0759 -0.5222 -0.8494
vn 0.1477 -0.6648 -0.7322
vn 0.1568 -0.6673 -0.7281
vn 0.2021 -0.8328 -0.5153
vn 0.2440 -0.8354 -0.4925
vn 0.2378 -0.9536 -0.1845
vn 0.2887 -0.9487 -0.1287
vn 0.3008 -0.9239 0.2365
vn 0.3015 -0.8346 0.4610
vn -0.3141 -0.0204 -0.9492
vn -0.4283 -0.2547 -0.8670
vn -0.1247 0.0490 -0.9910
vn -0.1974 -0.1780 -0.9640
vn 0.0381 0.0661 -0.9971
vn 0.0310 -0.1242 -0.9918
vn 0.0153 -0.2778 -0.9605
vn 0.2279 -0.1539 -0.9615
vn 0.2747 -0.3164 -0.9080
vn 0.3119 -0.2701 -0.9109
vn -0.0074 -0.2700 -0.9628
vn 0.3063 -0.1185 -0.9445
vn -0.0203 -0.1460 -0.9891
vn -0.3744 -0.1157 -0.9200
vn -0.0265 -0.0017 -0.9996
vn -0.3699 -0.0060 -0.9291
vn -0.6755 0.0625 -0.7347
vn -0.6854 -0.0769 -0.7241
vn -0.9508 0.2130 -0.2248
vn -0.9688 -0.0563 -0.2414
vn -0.8569 0.3267 0.3987
vn -0.9254 -0.0601 0.3741
vn -0.9044 -0.3259 0.2755
vn -0.6999 -0.1046 0.7065
vn -0.7038 -0.3352 0.6263
vn -0.3709 -0.2456 0.8956
vn -0.3284 -0.0489 0.9433
vn -0.4833 -0.1641 0.8600
vn -0.5351 -0.3109 0.7855
vn -0.2246 0.3023 0.9264
vn -0.3753 0.1310 0.9176
vn -0.1519 0.2972 0.9426
vn -0.2089 0.3500 0.9131
vn -0.2392 -0.1853 0.9531
vn -0.3546 0.1031 0.9293
vn -0.0035 0.4662 0.8847
vn -0.4831 -0.1019 0.8696
vn -0.4431 0.1112 0.8895
vn -0.3329 0.2630 0.9056
vn -0.3865 0.3327 0.8602
vn -0.3944 0.0787 0.9155
vn -0.4726 0.3052 0.8267
vn -0.4721 0.5269 0.7068
vn -0.7009 -0.0865 0.7080
vn -0.7947 0.0847 0.6011
vn -0.9005 0.2731 0.3383
vn -0.6199 0.6708 0.4071
vn -0.8971 0.4379 -0.0589
vn -0.7264 0.5436 0.4206
vn -0.8583 0.5126 -0.0244
vn -0.7424 0.4638 -0.4835
vn -0.6730 0.5885 -0.4481
vn -0.4561 0.4835 -0.7471
vn -0.4172 0.5312 -0.7374
vn -0.1505 0.4936 -0.8566
vn -0.1431 0.4151 -0.8985
vn -0.0771 0.6081 -0.7901
vn -0.0717 0.6231 -0.7788
vn 0.1984 0.4496 -0.8709
vn 0.1195 0.6266 -0.7701
vn 0.1437 0.5551 -0.8193
vn -0.1682 0.1519 -0.9740
vn 0.1903 0.1275 -0.9734
vn 0.4695 0.1871 -0.8629
vn -0.2046 -0.2546 -0.9451
vn 0.4071 0.6198 -0.6709
vn 0.6189 0.7089 -0.3382
vn 0.2286 0.4689 -0.8531
vn 0.5287 0.4718 -0.7056
vn 0.7604 0.5112 -0.4006
vn 0.7936 0.6045 0.0695
vn 0.8472 0.5256 0.0772
vn 0.4791 0.6536 -0.5860
vn 0.4839 0.8575 -0.1749
vn 0.1813 0.9426 0.2806
vn 0.7249 0.4701 0.5035
vn -0.1286 0.9076 0.3997
vn -0.2461 0.9156 0.3179
vn -0.5675 0.7535 0.3320
vn -0.6695 0.7323 0.1242
vn -0.7330 0.5773 0.3598
vn -0.7758 0.6289 0.0504
vn -0.6169 0.7689 -0.1680
vn -0.5467 0.8371 -0.0197
vn -0.1103 0.9080 0.4041
vn -0.3856 0.9220 -0.0364
vn -0.0284 0.8771 0.4794
vn 0.4854 0.2455 0.8391
vn 0.6074 0.3632 0.7065
vn 0.5599 -0.1205 0.8198
vn 0.6450 0.2264 0.7299
vn 0.7349 0.4805 0.4786
vn 0.3363 0.3231 0.8846
vn 0.2927 -0.3432 0.8925
vn 0.1599 0.1814 0.9703
vn 0.1082 0.4207 0.9007
vn 0.2993 0.3827 0.8740
vn 0.2142 -0.1200 0.9694
vn 0.4053 0.0531 0.9126
vn 0.1986 -0.2425 0.9496
vn 0.2305 0.1101 0.9668
vn 0.0016 0.4318 0.9020
vn 0.0345 0.6585 0.7518
vn 0.3076 0.4441 0.8415
vn 0.4077 0.6701 0.6202
vn 0.1434 0.3564 0.9232
vn 0.1837 0.7245 0.6643
vn 0.4619 0.7472 0.4778
vn 0.2723 0.8556 0.4403
vn 0.3760 0.8066 0.4561
vn 0.8073 0.3819 0.4499
vn 0.8072 0.5898 0.0226
vn 0.3337 0.9420 0.0354
vn 0.3469 0.9379 -0.0089
vn 0.4789 0.7596 -0.4400
vn 0.5886 0.8078 0.0305
vn 0.2934 0.8591 -0.4194
vn 0.2480 0.8928 -0.3759
vn 0.6584 0.6286 -0.4140
vn 0.6010 0.4722 -0.6449
vn 0.8661 0.3138 -0.3890
vn 0.7560 0.2433 -0.6077
vn 0.4452 0.7938 -0.4143
vn 0.9266 0.3745 0.0345
vn 0.3980 0.9133 0.0862
vn 0.3465 0.9326 0.1009
vn 0.2967 0.8625 -0.4100
vn 0.7280 0.5345 -0.4293
vn 0.5491 0.2427 -0.7997
vn 0.3698 0.7526 0.5448
vn 0.1748 0.8595 0.4803
vn 0.7795 0.4115 0.4722
vn -0.2639 -0.1259 0.9563
vn -0.1400 0.3673 0.9195
vn -0.1146 0.0277 0.9930
vn -0.1324 -0.3574 0.9245
vn -0.5072 -0.2301 0.8305
vn -0.0918 0.1409 0.9858
vn -0.3680 0.2378 0.8989
vn -0.5079 0.3568 0.7840
vn 0.0489 0.8493 0.5256
vn 0.0994 0.8922 0.4406
vn 0.2363 0.9074 0.3475
vn -0.5787 0.4747 0.6632
vn 0.2051 0.9218 0.3290
vn 0.6867 0.7219 -0.0862
vn 0.7486 0.6559 0.0965
vn 0.5487 0.7694 0.3270
vn -0.2006 0.9636 0.1770
vn 0.1621 0.9595 0.2302
vn -0.5096 0.8017 -0.3124
vn -0.0317 0.9977 -0.0592
vn -0.4375 0.5880 -0.6803
vn -0.0509 0.9721 -0.2291
vn -0.1815 0.5141 -0.8383
vn 0.0247 0.9782 -0.2063
vn 0.2116 0.5317 -0.8201
vn -0.0165 0.9984 0.0548
vn -0.5166 0.6803 0.5199
vn -0.5418 0.5750 0.6131
vn -0.6841 0.5694 0.4558
vn 0.2763 0.8459 0.4562
vn 0.2133 0.7569 0.6177
vn 0.2725 0.8264 0.4928
vn -0.7008 0.7042 0.1138
vn 0.3698 0.7754 0.5119
vn -0.4308 0.9012 -0.0464
vn 0.9374 0.3114 -0.1559
vn 0.7294 0.4185 -0.5411
vn 0.3282 0.5393 -0.7755
vn 0.0515 0.5841 -0.8101
vn -0.1013 0.5738 -0.8127
vn -0.0008 0.9859 0.1671
vn -0.4985 0.4383 -0.7479
vn -0.5097 -0.2310 -0.8288
vn -0.4419 -0.5686 -0.6939
vn -0.8527 0.2581 -0.4542
vn -0.9927 0.1202 -0.0083
vn -0.3055 0.9156 0.2613
vn -0.3388 0.7679 0.5436
vn -0.9557 0.0940 0.2789
vn -0.3024 0.7993 0.5192
vn 0.4299 0.6728 0.6022
vn 0.5501 0.6240 0.5550
vn 0.6642 0.7068 0.2436
vn -0.1271 0.9548 0.2686
vn 0.5851 0.8045 -0.1020
vn 0.6417 0.6328 0.4334
vn 0.7662 0.6278 0.1373
vn 0.6690 0.7367 -0.0983
vn 0.4554 0.8796 -0.1372
vn 0.5085 0.8526 -0.1203
vn 0.4119 0.7594 0.5037
vn 0.3137 0.7735 0.5508
vn 0.2676 0.8610 0.4325
vn -0.8237 0.2326 0.5171
vn 0.0276 0.8167 0.5764
vn 0.0008 0.8237 0.5670
vn 0.2469 0.1461 0.9580
vn 0.0642 0.0602 0.9961
vn 0.1186 -0.2198 0.9683
vn -0.4004 -0.1995 0.8943
vn 0.1510 -0.2253 0.9625
vn -0.3846 0.1556 0.9099
vn 0.1356 0.1415 0.9806
vn 0.5010 0.1150 0.8578
vn 0.1068 0.2082 0.9722
vn 0.4481 0.2436 0.8601
vn 0.1163 -0.1448 0.9826
vn 0.4730 -0.0402 0.8802
vn 0.1013 -0.6320 0.7683
vn -0.3847 -0.1298 0.9139
vn -0.3604 0.1982 0.9115
vn -0.5541 -0.1677 0.8154
vn -0.3582 0.9292 -0.0910
vn -0.2192 0.9093 0.3537
vn -0.4294 0.8942 -0.1266
vn -0.5412 0.7522 0.3758
vn -0.9275 0.3531 -0.1227
vn -0.8827 0.2526 0.3964
vn -0.9437 0.3179 -0.0913
vn -0.8660 0.2656 0.4237
vn -0.3333 0.7038 -0.6274
vn -0.2734 0.5007 -0.8213
vn -0.0308 0.5465 -0.8369
vn 0.5961 -0.2790 -0.7529
vn 0.6051 -0.0802 -0.7921
vn 0.8691 -0.0645 -0.4904
vn 0.7556 0.3809 -0.5328
vn 0.9981 -0.0604 0.0143
vn 0.8200 0.5724 0.0020
vn 0.1205 0.9923 0.0291
vn 0.1110 0.9519 -0.2856
vn 0.6183 0.7851 0.0362
vn 0.3394 0.8922 -0.2980
vn 0.9683 0.2483 0.0287
vn 0.8412 0.3476 -0.4142
vn 0.9272 0.3710 0.0520
vn 0.8591 0.3354 -0.3865
vn 0.9660 0.2551 0.0410
vn 0.8812 0.2289 -0.4136
vn 0.7430 0.1935 -0.6407
vn 0.8652 0.2557 -0.4314
vn 0.7336 0.0525 -0.6775
vn 0.3409 -0.0297 -0.9396
vn 0.3000 0.1676 -0.9391
vn -0.0383 0.0682 -0.9969
vn -0.1374 0.1170 -0.9836
vn 0.1481 0.1185 -0.9818
vn 0.1506 0.1358 -0.9792
vn 0.0609 0.4044 -0.9125
vn 0.2724 0.2081 -0.9394
vn 0.2334 0.5784 -0.7816
vn 0.2560 0.0612 -0.9647
vn -0.0439 0.1270 -0.9909
vn 0.6638 0.3575 -0.6569
vn 0.7842 0.4542 -0.4228
vn 0.9433 0.3273 0.0562
vn 0.8538 0.5151 0.0755
vn 0.9154 0.3889 0.1038
vn 0.7056 0.4632 0.5362
vn 0.9917 0.0383 0.1229
vn 0.7990 0.2823 0.5309
vn 0.9547 0.1969 0.2233
vn 0.6980 0.4344 0.5693
vn 0.7279 0.4720 0.4973
vn 0.7212 0.5120 0.4665
vn 0.6841 0.5643 0.4621
vn 0.6663 0.5785 0.4705
vn 0.7080 0.6730 0.2140
vn 0.7361 0.6648 -0.1275
vn 0.6506 0.5814 -0.4886
vn 0.5810 0.5064 -0.6373
vn 0.6564 0.4399 -0.6129
vn 0.4276 -0.0911 0.8994
vn 0.6507 0.2866 0.7032
vn 0.5247 0.3492 0.7764
vn 0.8001 0.2932 0.5233
vn 0.4641 0.2792 0.8406
vn -0.1957 0.0097 0.9806
vn -0.0206 0.2526 0.9673
vn 0.4595 -0.0296 0.8877
vn 0.7124 0.0729 0.6980
vn 0.8554 0.1770 0.4867
vn 0.8324 0.3007 0.4654
vn 0.8694 0.2070 0.4487
vn 0.5338 0.7262 0.4333
vn -0.0374 0.9701 0.2398
vn 0.5815 0.6440 0.4971
vn 0.8743 -0.0186 0.4850
vn 0.5521 -0.3907 -0.7366
vn 0.4559 -0.2288 -0.8601
vn 0.5148 -0.0529 -0.8557
vn 0.1997 -0.7990 -0.5672
vn -0.0126 -0.7174 0.6965
vn -0.3101 -0.6924 0.6515
vn -0.3399 -0.5226 0.7819
vn 0.0694 -0.7403 0.6687
vn -0.2191 -0.4125 0.8842
vn -0.2627 -0.3641 0.8935
vn -0.1787 -0.4318 0.8841
vn -0.1581 -0.3424 0.9262
vn -0.3991 -0.3375 0.8525
vn -0.2477 -0.3086 0.9184
vn -0.0502 -0.3058 0.9508
vn -0.0822 -0.2781 0.9570
vn -0.3736 -0.2809 0.8840
vn -0.2992 -0.2582 0.9186
vn -0.1384 -0.2706 0.9527
vn -0.0003 -0.2587 0.9660
vn -0.0432 -0.3044 0.9516
vn -0.5820 -0.4305 0.6899
vn -0.4122 -0.4750 0.7775
vn -0.7122 -0.4734 -0.5183
vn -0.6820 -0.5887 -0.4340
vn 0.0384 0.0924 -0.9950
vn -0.0233 0.1100 -0.9937
vn 0.1745 0.2066 -0.9627
vn 0.0354 0.2135 -0.9763
vn -0.1059 0.1784 -0.9782
vn -0.1585 0.2031 -0.9662
vn 0.0631 0.3029 -0.9509
vn 0.0480 0.3243 -0.9448
vn 0.0547 0.3583 -0.9320
vn 0.0751 0.3627 -0.9289
vn 0.0101 0.3433 -0.9392
vn 0.0429 0.3795 -0.9242
vn 0.0011 0.3553 -0.9348
vn 0.0009 0.3620 -0.9322
vn 0.2443 0.5372 -0.8073
vn 0.1681 0.5234 -0.8354
vn 0.4381 0.6594 -0.6109
vn 0.3715 0.6932 -0.6177
vn 0.3140 0.7159 -0.6237
vn 0.5754 0.7858 -0.2270
vn 0.6171 0.7353 -0.2803
vn 0.7109 0.6818 0.1728
vn 0.6425 0.7211 0.2591
vn 0.6459 0.5460 0.5335
vn 0.5905 0.6985 0.4042
vn 0.4414 0.4145 0.7958
vn 0.4287 0.6083 0.6680
vn 0.3601 0.7336 0.5763
vn -0.1839 -0.0888 0.9789
vn -0.1152 -0.0839 0.9898
vn -0.5819 -0.5176 0.6273
vn -0.6872 -0.6372 0.3488
vn -0.6967 -0.7173 0.0074
vn -0.6480 -0.6922 -0.3178
vn -0.6071 -0.7936 0.0398
vn -0.6080 -0.7537 -0.2496
vn -0.5372 -0.7842 -0.3106
vn -0.4825 -0.7430 0.4639
vn -0.4901 -0.8069 0.3297
vn -0.2234 -0.5012 0.8360
vn -0.2352 -0.5677 0.7889
vn -0.0623 -0.3710 0.9265
vn -0.1048 -0.4452 0.8893
vn 0.0530 -0.2899 0.9556
vn 0.0147 -0.3501 0.9366
vn 0.0070 -0.3171 0.9484
vn -0.0101 -0.2911 0.9566
vn -0.1534 -0.4665 0.8711
vn -0.1260 -0.4537 0.8822
vn -0.3836 -0.6978 0.6049
vn -0.3031 -0.6411 0.7050
vn -0.3068 -0.5549 0.7733
vn -0.5326 -0.7376 0.4150
vn -0.4384 -0.6121 0.6581
vn -0.3865 -0.5695 0.7254
vn 0.0948 -0.6617 0.7438
vn -0.5917 -0.6343 0.4975
vn -0.3466 -0.3637 0.8646
vn -0.1113 -0.1729 0.9786
vn 0.2497 0.5679 -0.7843
vn 0.1158 0.4524 -0.8843
vn 0.2458 0.6414 -0.7268
vn 0.1106 0.3794 -0.9186
vn -0.8678 -0.2218 -0.4447
vn -0.6051 -0.3553 0.7125
vn 0.0508 -0.0801 -0.9955
vn -0.7819 -0.3799 0.4944
vn 0.7969 -0.4907 -0.3524
vn 0.2382 -0.4980 0.8338
vn 0.3270 -0.4610 0.8250
vn 0.8414 -0.2745 -0.4655
vn 0.2961 -0.4582 0.8381
vn 0.6793 -0.5660 -0.4672
vn 0.0485 -0.7834 0.6196
vn 0.1646 0.1556 -0.9740
vn 0.7753 -0.4203 -0.4715
vn 0.0274 0.2094 -0.9774
vn -0.4372 0.1030 -0.8934
vn -0.0472 0.2786 -0.9593
vn 0.0616 0.1441 -0.9876
vn -0.6830 -0.2469 -0.6875
vn -0.3780 0.3740 -0.8469
vn -0.9279 0.3431 -0.1457
vn -0.8366 -0.2301 -0.4971
vn -0.1254 -0.3028 -0.9448
vn 0.2108 -0.8060 -0.5531
vn 0.0547 -0.2485 0.9671
vn -0.3686 -0.3363 0.8666
vn 0.2947 -0.6199 0.7273
vn -0.0988 -0.8106 0.5772
vn -0.7003 -0.3829 0.6025
vn -0.6681 0.7436 -0.0272
vn -0.7286 0.1530 0.6676
vn -0.8589 0.5109 -0.0352
vn -0.7934 0.4894 -0.3619
vn -0.9689 0.2279 -0.0969
vn -0.8186 0.0504 -0.5721
vn -0.3780 0.2038 -0.9031
vn 0.5569 -0.4442 -0.7018
vn -0.8087 0.0545 0.5857
vn 0.2873 -0.4790 0.8295
vn -0.7780 -0.4360 0.4523
vn 0.7416 -0.6699 -0.0360
vn 0.0842 -0.4989 -0.8626
vn 0.2271 -0.4931 -0.8398
vn -0.3227 0.1965 0.9259
vn -0.8027 0.0442 0.5948
vn -0.0923 0.7011 -0.7070
vn 0.0114 0.8286 -0.5597
vn -0.1500 0.3713 -0.9163
vn -0.3564 0.3500 -0.8663
vn -0.4528 0.3779 -0.8075
vn -0.4894 0.3062 -0.8165
vn -0.6600 0.3284 -0.6757
vn -0.5763 0.4310 -0.6944
vn -0.6501 0.4437 -0.6169
vn -0.5860 0.4894 -0.6459
vn -0.5936 0.5091 -0.6232
vn -0.5025 0.4384 -0.7452
vn -0.5302 0.4672 -0.7075
vn -0.4395 0.4476 -0.7788
vn -0.4735 0.4581 -0.7523
vn -0.5086 0.4201 -0.7516
vn -0.4518 0.4628 -0.7627
vn -0.5149 0.4020 -0.7571
vn -0.5533 0.3331 -0.7635
vn -0.5368 0.3482 -0.7685
vn -0.5495 0.2826 -0.7863
vn -0.5380 0.3112 -0.7834
vn -0.5464 0.3037 -0.7805
vn -0.5135 0.2650 -0.8162
vn -0.6120 0.3126 -0.7264
vn -0.5026 0.2014 -0.8408
vn -0.4278 0.1221 -0.8956
vn 0.0609 -0.1562 -0.9858
vn -0.1284 -0.1949 -0.9724
vn -0.3973 0.4737 -0.7859
vn -0.3957 0.4241 -0.8146
vn -0.3384 0.4680 -0.8164
vn -0.2963 0.4095 -0.8629
vn -0.2349 0.4721 -0.8497
vn -0.1945 0.5152 -0.8347
vn -0.0511 0.4855 -0.8727
vn -0.0107 0.5319 -0.8468
vn 0.0312 0.5145 -0.8569
vn -0.1287 0.4979 -0.8577
vn 0.0600 0.4735 -0.8788
vn 0.2118 0.4867 -0.8475
vn 0.2344 0.4497 -0.8619
vn 0.3446 0.4504 -0.8237
vn 0.1837 0.5124 -0.8389
vn 0.4218 0.1717 -0.8903
vn 0.3922 0.4429 -0.8062
vn 0.1634 0.4756 -0.8643
vn 0.1495 0.4219 -0.8942
vn -0.0932 0.4238 -0.9009
vn -0.8815 0.3150 -0.3519
vn -0.9622 0.2044 0.1801
vn -0.8259 -0.0217 0.5634
vn -0.7691 0.3250 0.5504
vn -0.7794 -0.0709 0.6225
vn -0.7342 0.4265 0.5283
vn -0.7155 0.5134 0.4739
vn -0.7091 0.5282 0.4670
vn -0.6892 0.6152 0.3828
vn -0.6768 0.5621 0.4753
vn -0.7009 0.6843 0.2010
vn -0.6683 0.6066 0.4306
vn -0.7676 0.5240 0.3690
vn -0.4245 -0.0559 0.9037
vn 0.2551 -0.7827 0.5677
vn -0.9074 0.0663 0.4150
vn -0.2511 -0.5370 0.8053
vn 0.5666 -0.8239 0.0142
vn -0.7467 0.0379 0.6641
vn -0.6205 -0.1019 -0.7775
vn 0.0638 0.2862 -0.9560
vn -0.0259 -0.2501 -0.9679
vn -0.0972 -0.7512 -0.6529
vn 0.2364 -0.6965 -0.6775
vn -0.1268 -0.9472 -0.2946
vn 0.2761 -0.9248 -0.2617
vn 0.8228 -0.5530 -0.1315
vn 0.2909 -0.9474 0.1334
vn 0.7970 -0.5872 0.1416
vn 0.2129 -0.8401 0.4988
vn 0.6688 -0.5882 0.4546
vn 0.1644 -0.4521 0.8767
vn 0.5292 -0.3113 0.7893
vn -0.1628 -0.8636 0.4772
vn -0.1415 -0.5053 0.8513
vn -0.0351 -0.8632 0.5036
vn -0.0134 -0.9946 0.1028
vn 0.0507 -0.8501 0.5242
vn -0.0660 -0.9920 0.1078
vn -0.1595 -0.9807 0.1132
vn -0.0688 -0.9456 -0.3181
vn -0.0500 -0.7140 -0.6984
vn -0.0510 -0.9346 -0.3522
vn -0.0322 -0.7509 -0.6596
vn -0.0610 -0.6376 -0.7679
vn -0.0484 -0.9186 -0.3921
vn -0.0465 -0.9926 0.1119
vn -0.1444 -0.8945 -0.4230
vn -0.1996 -0.9714 0.1287
vn -0.2086 -0.8103 0.5476
vn -0.0499 -0.8370 0.5448
vn -0.2208 -0.4490 0.8658
vn -0.0071 -0.8339 0.5519
vn -0.0932 -0.4274 0.8992
vn -0.1271 0.1114 0.9856
vn -0.2343 0.1151 0.9653
vn -0.1030 0.6213 0.7768
vn -0.2576 0.6179 0.7428
vn 0.0918 0.1082 0.9899
vn 0.1202 0.6625 0.7393
vn 0.1466 0.8946 0.4221
vn 0.0380 0.6725 0.7391
vn 0.0470 0.9158 0.3988
vn 0.1016 0.9927 -0.0653
vn 0.2163 0.9732 -0.0783
vn 0.0937 0.8523 -0.5146
vn 0.2520 0.7657 -0.5918
vn 0.0989 0.5684 -0.8168
vn 0.2243 0.4861 -0.8447
vn 0.1335 0.4330 -0.8915
vn 0.1991 0.0337 -0.9794
vn 0.1273 -0.0298 -0.9914
vn 0.0499 -0.0875 -0.9949
vn 0.0680 -0.5074 -0.8590
vn -0.0243 -0.5658 -0.8242
vn -0.0956 -0.1534 -0.9835
vn -0.0285 -0.3030 -0.9526
vn 0.0323 -0.3304 -0.9433
vn 0.0709 0.1862 -0.9799
vn 0.0672 0.5277 -0.8468
vn 0.1091 0.5390 -0.8352
vn 0.0903 0.8143 -0.5734
vn 0.1618 0.8044 -0.5716
vn 0.2780 0.5058 -0.8166
vn 0.2629 0.7788 -0.5695
vn 0.2434 0.9683 -0.0556
vn 0.2969 0.9545 -0.0269
vn 0.2201 0.8500 0.4785
vn 0.2807 0.8305 0.4812
vn 0.4233 0.9060 -0.0033
vn 0.3856 0.8028 0.4548
vn 0.8299 0.4142 0.3738
vn 0.5972 0.4283 0.6782
vn 0.0627 0.9936 -0.0939
vn -0.8721 0.4359 0.2224
vn -0.4474 -0.8657 0.2244
vn -0.2177 -0.9466 -0.2380
vn -0.2069 -0.9694 0.1325
vn -0.1863 -0.8184 0.5436
vn -0.1635 -0.6228 0.7651
vn -0.2433 -0.9644 0.1036
vn -0.2163 -0.8298 0.5145
vn -0.1742 -0.6328 0.7545
vn -0.2301 -0.9323 -0.2791
vn -0.2067 -0.8328 -0.5136
vn -0.0154 -0.8720 -0.4892
vn 0.2399 -0.5040 -0.8297
vn 0.2784 -0.8442 -0.4581
vn 0.2849 -0.9585 0.0133
vn -0.0069 -0.9973 0.0729
vn 0.2378 -0.8316 0.5018
vn 0.1494 -0.4647 0.8728
vn 0.0430 0.0815 0.9958
vn -0.0249 0.0748 0.9969
vn 0.0615 0.6368 0.7686
vn 0.2260 0.9071 0.3552
vn 0.1341 0.9205 0.3671
vn 0.2708 0.9626 0.0079
vn 0.1923 0.9804 -0.0431
vn 0.2665 0.9169 -0.2971
vn 0.1317 0.9032 -0.4086
vn 0.2284 0.7333 -0.6404
vn 0.0968 0.6237 -0.7757
vn 0.1115 0.1921 -0.9750
vn 0.0773 0.0220 -0.9968
vn 0.1386 0.0145 -0.9902
vn 0.0380 -0.5485 -0.8353
vn 0.1489 -0.5508 -0.8212
vn 0.0280 -0.5361 -0.8437
vn 0.1105 0.4211 -0.9002
vn 0.0308 -0.5206 -0.8532
vn 0.1758 -0.5129 -0.8402
vn 0.1663 0.9335 0.3176
vn -0.8319 -0.4669 0.2998
vn -0.9001 -0.3121 0.3039
vn -0.8251 -0.1825 0.5347
vn -0.8965 -0.1952 0.3976
vn -0.6967 0.0576 0.7151
vn -0.8653 -0.1892 0.4641
vn 0.0079 0.7114 0.7028
vn -0.6804 0.0654 0.7299
vn -0.8499 -0.1194 0.5133
vn -0.7585 0.1378 0.6370
vn -0.5354 0.0447 0.8434
vn -0.7134 -0.0624 0.6979
vn -0.7332 0.0964 0.6731
vn -0.6267 0.4203 0.6562
vn -0.6475 0.5706 0.5051
vn -0.6296 0.4140 0.6574
vn -0.6306 0.5576 0.5398
vn -0.3407 -0.8924 0.2959
vn -0.7025 -0.6368 0.3180
vn -0.3373 -0.7800 0.5270
vn -0.3222 -0.9428 -0.0851
vn -0.6621 -0.7456 -0.0752
vn -0.2688 -0.8515 -0.4502
vn -0.1895 -0.7208 -0.6667
vn -0.1882 -0.7082 -0.6805
vn -0.2155 -0.8629 -0.4571
vn -0.2313 -0.9658 -0.1177
vn -0.5205 -0.7363 -0.4323
vn -0.2620 -0.9293 0.2605
vn -0.2819 -0.8271 0.4862
vn -0.4905 -0.2575 0.8325
vn -0.3293 0.6437 0.6908
vn -0.4225 -0.6144 -0.6664
vn -0.2798 -0.4559 -0.8449
vn -0.1364 -0.5285 -0.8379
vn -0.1592 -0.3625 -0.9183
vn -0.0999 -0.3948 -0.9133
vn -0.0610 -0.4256 -0.9028
vn -0.1069 -0.5503 -0.8281
vn 0.0355 -0.5005 -0.8650
vn 0.0223 -0.2758 -0.9609
vn 0.3330 0.0438 -0.9419
vn 0.0050 -0.3263 -0.9452
vn 0.8267 0.5600 -0.0543
vn -0.1068 -0.2825 -0.9533
vn -0.0910 -0.7218 -0.6861
vn -0.8570 0.2227 -0.4647
vn -0.8836 0.4438 -0.1496
vn -0.8362 0.5150 -0.1885
vn 0.0115 0.1970 0.9803
vn -0.2316 0.1937 0.9533
vn -0.9104 0.0666 0.4084
vn -0.4625 0.1912 0.8657
vn -0.7951 0.0912 0.5996
vn -0.3534 0.1435 0.9244
vn -0.2106 0.1539 0.9654
vn -0.2667 0.0626 0.9618
vn -0.2605 0.0664 0.9632
vn -0.3228 0.0357 0.9458
vn -0.2895 0.0014 0.9572
vn -0.1230 -0.0056 0.9924
vn -0.4292 -0.0274 0.9028
vn -0.9910 -0.1327 0.0160
vn 0.0105 -0.0191 0.9998
vn -0.4391 -0.0896 -0.8940
vn 0.1617 -0.0123 -0.9868
vn 0.0840 0.0023 -0.9965
vn 0.1634 -0.0207 -0.9863
vn 0.1949 0.0408 -0.9800
vn 0.1077 0.0520 -0.9928
vn -0.0203 0.0572 -0.9982
vn -0.0668 0.1064 -0.9921
vn -0.1651 0.0880 -0.9823
vn -0.2973 0.0692 -0.9523
vn -0.0312 -0.0358 -0.9989
vn -0.2479 -0.0105 -0.9687
vn -0.0490 -0.1315 -0.9901
vn -0.1784 -0.1044 -0.9784
vn -0.0490 -0.1631 -0.9854
vn -0.1160 -0.1434 -0.9828
vn -0.0613 -0.1325 -0.9893
vn -0.0840 -0.1639 -0.9829
vn -0.0429 -0.1701 -0.9845
vn -0.0428 -0.2008 -0.9787
vn -0.0828 -0.2032 -0.9756
vn -0.0416 -0.2296 -0.9724
vn -0.0802 -0.2387 -0.9678
vn -0.0906 -0.2434 -0.9657
vn 0.1413 -0.8546 -0.4997
vn 0.1899 -0.8105 -0.5541
vn 0.2589 -0.7744 -0.5773
vn 0.3359 -0.6053 0.7216
vn 0.3904 -0.5970 0.7009
vn 0.0529 -0.0376 0.9979
vn -0.0353 0.1297 0.9909
vn 0.0677 -0.2005 0.9773
vn 0.2373 -0.6323 0.7375
vn 0.0325 -0.3344 0.9419
vn 0.1101 -0.6216 0.7756
vn 0.0667 -0.8857 -0.4594
vn -0.0464 -0.5813 0.8124
vn -0.0481 -0.9075 -0.4172
vn 0.0139 -0.2271 -0.9738
vn -0.1839 -0.9183 -0.3507
vn 0.0512 -0.2422 -0.9689
vn 0.0165 -0.2043 -0.9788
vn 0.0528 -0.2116 -0.9759
vn 0.0637 -0.2640 -0.9624
vn 0.0606 -0.2246 -0.9726
vn 0.0239 -0.1758 -0.9841
vn 0.0579 -0.1767 -0.9826
vn 0.0377 -0.1833 -0.9823
vn -0.0631 -0.2463 -0.9671
vn -0.1279 -0.2036 -0.9707
vn 0.0939 -0.1489 -0.9844
vn 0.0460 -0.1278 -0.9907
vn -0.1668 -0.1155 -0.9792
vn -0.8764 -0.1225 -0.4657
vn -0.9421 -0.0445 -0.3325
vn -0.9582 -0.0873 -0.2725
vn -0.7573 -0.1823 -0.6271
vn -0.6716 0.0576 0.7386
vn 0.1615 -0.0980 -0.9820
vn 0.0420 -0.1662 -0.9852
vn 0.0856 -0.1245 -0.9885
vn -0.2838 -0.9045 -0.3182
vn -0.2783 -0.4184 0.8646
vn -0.1845 -0.5039 0.8438
vn -0.0661 -0.0798 0.9946
vn -0.0530 -0.2583 0.9646
vn -0.0083 -0.3614 0.9324
vn -0.0636 0.1153 0.9913
vn 0.2908 0.3061 -0.9065
vn -0.1197 0.1719 -0.9778
vn 0.1046 -0.0299 -0.9941
vn -0.0556 -0.2674 -0.9620
vn -0.2728 0.4583 -0.8459
vn -0.3732 0.6533 -0.6588
vn -0.5400 0.6736 -0.5046
vn 0.7751 0.2668 -0.5727
vn 0.8451 0.3883 -0.3676
vn 0.8232 -0.2287 0.5196
vn 0.7425 -0.6509 0.1582
vn 0.8298 -0.1404 0.5401
vn 0.9005 -0.1212 0.4176
vn 0.6456 0.1310 0.7523
vn 0.5895 -0.0708 0.8047
vn 0.6891 -0.1828 0.7012
vn 0.7030 0.0776 0.7070
vn 0.6513 0.3624 0.6667
vn 0.6168 0.5197 0.5913
vn 0.6161 0.3952 0.6813
vn 0.6217 0.5019 0.6013
vn 0.5699 0.6125 0.5478
vn 0.5936 0.5828 0.5549
vn 0.5678 0.5606 0.6028
vn -0.0944 0.7868 0.6100
vn -0.0765 0.7418 0.6662
vn 0.9318 0.3580 0.0603
vn 0.5964 0.7394 0.3124
vn 0.7006 0.1937 -0.6867
vn 0.7845 0.0438 -0.6185
vn -0.0729 0.2988 0.9515
vn -0.6701 -0.4844 -0.5624
vn -0.4584 -0.4815 0.7470
vn 0.0112 -0.4087 0.9126
vn -0.1952 0.1208 -0.9733
vn -0.1816 0.0554 -0.9818
vn -0.0612 0.1772 -0.9823
vn -0.2847 0.0211 -0.9584
vn -0.0545 0.1169 -0.9916
vn 0.0583 0.2532 -0.9657
vn 0.0832 0.1777 -0.9805
vn 0.2277 0.3375 -0.9134
vn 0.4160 0.2853 -0.8634
vn 0.5588 0.3824 -0.7359
vn -0.8254 -0.2485 -0.5069
vn -0.8380 -0.4246 0.3426
vn -0.0357 -0.2641 0.9638
vn -0.0354 -0.2623 0.9643
vn 0.7457 0.6588 -0.0994
vn 0.9092 0.3877 -0.1515
vn -0.7857 -0.4574 -0.4165
vn -0.8293 -0.5064 0.2363
vn 0.4605 -0.8101 0.3630
vn -0.8237 -0.5492 0.1407
vn -0.0588 -0.6379 -0.7679
vn 0.5411 -0.7559 -0.3684
vn -0.6989 -0.5674 0.4355
vn 0.3922 -0.8524 -0.3457
vn -0.7666 0.2997 0.5679
vn -0.9367 -0.2019 0.2859
vn -0.7929 0.2216 0.5676
vn -0.5873 0.0347 0.8087
vn -0.2672 0.0158 0.9635
vn -0.2866 0.0140 0.9580
vn 0.2327 -0.0306 0.9721
vn 0.1096 -0.0427 0.9931
vn 0.4930 -0.0936 0.8650
vn 0.3919 -0.1148 0.9128
vn 0.7318 -0.2087 0.6488
vn 0.7160 -0.1512 0.6815
vn 0.9252 -0.2943 0.2394
vn 0.9596 -0.1597 0.2317
vn 0.9291 -0.3010 -0.2150
vn 0.9477 -0.1588 -0.2767
vn 0.9198 -0.2793 -0.2757
vn 0.6491 -0.1309 -0.7494
vn 0.6121 -0.2186 -0.7599
vn 0.7338 -0.6253 -0.2655
vn 0.3505 -0.8906 -0.2898
vn -0.2282 -0.9259 -0.3012
vn -0.6723 -0.6778 -0.2978
vn -0.8694 -0.3404 -0.3582
vn -0.9547 -0.2559 0.1522
vn -0.8523 -0.1491 0.5014
vn -0.8946 -0.1678 -0.4141
vn -0.9729 -0.1776 0.1481
vn -0.8957 -0.1176 0.4289
vn -0.6574 -0.0888 0.7483
vn -0.6692 -0.2252 0.7081
vn -0.5007 -0.1503 0.8525
vn -0.8157 -0.2127 0.5380
vn -0.8172 -0.2714 0.5085
vn -0.9219 -0.3760 0.0935
vn -0.8218 -0.3684 0.4346
vn -0.9458 -0.3152 0.0784
vn -0.8280 0.2420 0.5058
vn -0.8653 -0.2796 -0.4161
vn -0.8968 -0.3002 -0.3251
vn -0.9455 0.1000 -0.3099
vn -0.5004 -0.2132 -0.8391
vn -0.5598 -0.1569 -0.8137
vn -0.6043 0.1452 -0.7834
vn 0.0838 -0.0235 -0.9962
vn 0.0209 0.2770 -0.9606
vn -0.0023 0.3523 -0.9359
vn -0.5515 0.2738 -0.7880
vn -0.8778 0.2215 -0.4249
vn -0.7545 0.1241 -0.6445
vn -0.9848 0.0324 -0.1709
vn -0.7204 -0.0944 -0.6871
vn -0.6692 -0.3082 -0.6761
vn -0.8934 -0.3231 -0.3122
vn -0.9462 -0.3161 0.0688
vn -0.7076 -0.1169 -0.6969
vn -0.9125 -0.1499 -0.3807
vn -0.9900 -0.1349 -0.0405
vn -0.8610 -0.2967 0.4130
vn -0.9675 -0.0925 0.2355
vn -0.8997 0.1640 -0.4045
vn -0.9726 0.1861 -0.1391
vn -0.9638 0.2495 0.0941
vn -0.8494 0.3093 0.4276
vn -0.8724 0.4478 -0.1958
vn -0.8827 0.4636 0.0773
vn -0.8142 0.4032 0.4177
vn -0.6950 0.3465 0.6300
vn -0.9819 -0.0269 0.1874
vn -0.7329 -0.2176 0.6446
vn -0.2055 -0.7747 0.5980
vn -0.5874 -0.4470 0.6747
vn -0.9605 -0.0437 -0.2750
vn -0.4644 -0.0819 -0.8819
vn 0.0729 -0.0361 -0.9967
vn 0.4870 -0.0220 -0.8731
vn 0.5265 0.2655 -0.8077
vn 0.6645 -0.0305 -0.7467
vn 0.6819 0.2451 -0.6891
vn 0.6217 0.1439 -0.7699
vn 0.8667 0.2562 -0.4280
vn 0.8335 0.2773 -0.4779
vn 0.7373 -0.2990 -0.6058
vn 0.3801 -0.3592 -0.8524
vn 0.6655 -0.4374 -0.6048
vn 0.4149 -0.2887 -0.8628
vn 0.8534 0.0215 -0.5209
vn 0.6090 0.1538 -0.7781
vn 0.1294 0.2279 -0.9650
vn -0.4881 0.1401 -0.8615
vn 0.6240 0.1460 -0.7677
vn 0.1607 0.1753 -0.9713
vn -0.5020 0.1725 -0.8475
vn -0.7166 -0.0438 -0.6961
vn -0.7628 0.1413 -0.6310
vn 0.1310 0.0926 -0.9870
vn -0.4875 0.1222 -0.8645
vn -0.7535 0.1451 -0.6412
vn -0.9488 0.1483 -0.2790
vn -0.4675 0.1453 -0.8720
vn -0.7506 0.1529 -0.6428
vn -0.9638 0.0476 -0.2622
vn -0.7622 0.0612 -0.6444
vn -0.9744 0.0002 -0.2248
vn -0.9584 -0.1776 0.2235
vn -0.9135 -0.3764 -0.1545
vn -0.8802 -0.3715 0.2953
vn -0.8367 -0.4978 0.2282
vn -0.9316 -0.2692 0.2443
vn -0.7698 -0.6357 -0.0578
vn -0.9878 -0.1430 0.0612
vn -0.9579 0.1072 0.2664
vn -0.9864 -0.1190 0.1134
vn -0.9364 0.2776 0.2145
vn -0.8870 -0.3239 0.3292
vn -0.8491 0.3161 0.4233
vn -0.7319 0.4750 0.4885
vn -0.7915 0.1421 0.5944
vn -0.6410 0.5070 0.5763
vn -0.3640 0.6794 0.6371
vn -0.2982 0.7493 0.5913
vn 0.3126 0.7407 0.5947
vn 0.4315 0.7599 0.4862
vn 0.7095 0.5479 0.4431
vn 0.7613 0.5476 0.3473
vn 0.7760 0.6204 0.1133
vn 0.8306 0.4557 0.3200
vn 0.9009 0.4318 0.0439
vn 0.9377 -0.1904 0.2905
vn 0.9820 -0.1849 -0.0376
vn 0.3867 -0.9184 0.0833
vn 0.4564 -0.8882 -0.0526
vn 0.4696 -0.8672 -0.1655
vn 0.4207 -0.9033 -0.0841
vn 0.0274 -0.9990 -0.0349
vn 0.0015 -0.9987 -0.0501
vn -0.0060 -0.9998 0.0193
vn 0.2547 -0.9616 -0.1024
vn -0.0297 -0.9993 0.0212
vn -0.0569 -0.9970 -0.0520
vn -0.0669 -0.9971 0.0362
vn -0.0845 -0.9941 -0.0685
vn -0.0843 -0.9954 0.0449
vn -0.2628 -0.9613 -0.0824
vn -0.3495 -0.9272 0.1349
vn -0.6215 -0.7833 -0.0137
vn -0.3743 -0.9237 0.0815
vn -0.1586 -0.9857 0.0565
vn -0.5926 -0.7234 0.3542
vn -0.0257 -0.9989 0.0385
vn -0.2355 -0.9493 0.2081
vn -0.6526 -0.4444 0.6137
vn -0.6428 -0.0725 0.7626
vn -0.6472 0.3533 0.6755
vn -0.5295 0.3466 0.7743
vn -0.4382 0.6598 0.6104
vn -0.1420 0.7069 0.6929
vn 0.1272 0.7815 0.6108
vn 0.4988 0.7584 0.4195
vn 0.6236 0.6270 0.4669
vn 0.8052 0.4003 0.4375
vn 0.7881 0.4604 0.4086
vn 0.8063 -0.4054 0.4308
vn 0.8734 -0.2725 0.4036
vn 0.2438 -0.9577 0.1527
vn 0.3111 -0.9433 0.1157
vn 0.0294 -0.9995 0.0063
vn 0.0443 -0.9990 -0.0001
vn 0.7886 -0.4564 -0.4122
vn 0.5557 0.0358 -0.8306
vn 0.8903 0.0923 -0.4458
vn 0.5856 0.1070 -0.8035
vn 0.8860 0.0093 -0.4635
vn 0.5954 0.0634 -0.8009
vn 0.8474 0.0479 -0.5288
vn 0.9897 0.0947 -0.1074
vn 0.8434 0.1988 -0.4992
vn 0.9361 0.3112 -0.1637
vn 0.8760 0.4606 0.1433
vn 0.9201 0.3151 0.2329
vn 0.7479 0.5547 0.3646
vn 0.9291 0.2805 0.2411
vn 0.7341 0.5394 0.4125
vn 0.3799 0.7196 0.5813
vn -0.2831 0.6915 0.6645
vn 0.8254 -0.3224 0.4634
vn 0.5077 -0.2540 0.8232
vn 0.8512 -0.2700 0.4501
vn 0.4920 -0.4539 0.7429
vn 0.9007 0.3714 0.2255
vn 0.8418 0.2797 0.4618
vn 0.9202 0.3383 0.1968
vn 0.8621 0.3674 0.3489
vn 0.8253 0.3827 0.4152
vn 0.8761 0.0924 0.4731
vn 0.8377 0.1179 0.5333
vn 0.7210 0.1442 0.6778
vn 0.8272 -0.0552 0.5592
vn 0.7637 -0.0868 0.6397
vn 0.1897 -0.2053 0.9601
vn 0.0914 0.1267 0.9877
vn 0.8538 -0.1124 0.5084
vn 0.8101 -0.1182 0.5742
vn 0.7838 0.0575 0.6184
vn 0.8411 -0.1063 0.5304
vn 0.8485 -0.0635 0.5254
vn 0.9245 -0.0556 0.3771
vn 0.9325 -0.0819 0.3518
vn 0.9563 0.0535 0.2876
vn 0.9958 -0.0914 0.0027
vn 0.9999 0.0080 -0.0086
vn 0.9537 0.2946 -0.0608
vn 0.9057 -0.0192 -0.4234
vn 0.9372 0.3376 -0.0876
vn 0.9633 -0.2553 -0.0834
vn 0.8894 -0.4498 -0.0822
vn 0.9940 0.0375 -0.1031
vn 0.6765 -0.1325 -0.7245
vn 0.9061 -0.1062 -0.4096
vn 0.7068 0.1032 -0.6999
vn 0.9228 0.0976 -0.3726
vn 0.9990 0.0435 0.0132
vn 0.9261 -0.1215 0.3573
vn 0.8016 -0.1609 0.5758
vn 0.8274 -0.4889 0.2764
vn 0.4371 -0.5066 0.7431
vn 0.3742 -0.0895 0.9230
vn -0.3543 -0.1611 0.9211
vn -0.4393 -0.5105 0.7392
vn -0.6344 -0.6204 0.4611
vn 0.2859 0.0278 0.9579
vn 0.1060 0.1291 -0.9860
vn 0.0618 0.0092 -0.9980
vn -0.4609 0.0378 -0.8866
vn -0.6958 -0.4412 -0.5668
vn 0.6360 0.0037 -0.7717
vn 0.1160 -0.1331 -0.9843
vn 0.6573 -0.0683 -0.7505
vn 0.0951 -0.0043 -0.9955
vn 0.6248 0.0840 -0.7763
vn -0.5039 -0.1124 -0.8564
vn -0.1941 -0.1027 0.9756
vn -0.3811 -0.1594 0.9107
vn 0.0049 -0.0457 0.9989
vn 0.3310 0.0576 0.9419
vn 0.3481 0.0083 0.9374
vn 0.6496 0.2737 0.7093
vn 0.6311 0.1641 0.7582
vn 0.6463 0.0483 0.7616
vn 0.7896 0.2396 0.5649
vn 0.8163 0.0916 0.5703
vn 0.7696 0.3193 0.5530
vn 0.8332 0.2954 0.4674
vn 0.8202 0.0993 0.5634
vn 0.6421 -0.1608 0.7495
vn 0.1656 -0.9854 0.0384
vn -0.1331 -0.9905 0.0333
vn -0.6138 -0.6121 -0.4987
vn -0.6139 -0.6385 -0.4642
vn -0.6850 -0.5656 -0.4591
vn 0.8305 -0.5529 -0.0677
vn 0.9752 0.0872 -0.2036
vn 0.8380 0.3964 0.3749
vn 0.7932 0.5708 -0.2124
vn 0.8051 0.4843 0.3426
vn -0.3960 0.3768 -0.8374
vn 0.5591 0.8264 -0.0673
vn 0.7484 0.5299 0.3990
vn 0.8006 0.5614 0.2096
vn 0.8701 0.4226 0.2537
vn 0.9473 -0.2997 -0.1132
vn 0.8560 0.5071 -0.1003
vn 0.9323 0.3597 -0.0388
vn 0.9239 -0.3529 -0.1482
vn -0.0250 -0.8474 -0.5304
vn -0.1254 -0.9743 -0.1874
vn 0.8778 0.2971 -0.3759
vn 0.8975 -0.3674 -0.2438
vn -0.0685 -0.9543 0.2908
vn -0.7595 -0.6504 -0.0136
vn -0.6777 -0.5633 0.4726
vn 0.7094 -0.3906 -0.5867
vn -0.0263 -0.8661 0.4992
vn -0.4790 -0.4137 0.7742
vn -0.6940 -0.5192 0.4988
vn -0.4910 -0.3927 0.7776
vn -0.1553 -0.8800 0.4490
vn -0.2872 -0.3374 0.8965
vn -0.2816 -0.3146 0.9065
vn -0.0533 -0.3300 0.9425
vn -0.0584 -0.3027 0.9513
vn -0.0579 -0.3154 0.9472
vn -0.2843 -0.3241 0.9023
vn -0.4977 -0.3843 0.7776
vn -0.7185 -0.4607 0.5212
vn -0.7107 -0.4810 0.5134
vn -0.8622 -0.4934 0.1147
vn -0.8419 -0.5303 0.1003
vn -0.8005 -0.5956 0.0672
vn -0.7812 -0.5161 -0.3512
vn -0.6908 -0.5917 -0.4155
vn -0.7262 -0.2996 -0.6188
vn -0.8450 -0.5120 0.1541
vn -0.7173 -0.4415 0.5391
vn -0.8054 -0.5415 0.2411
vn -0.6973 -0.4470 0.5603
vn -0.7819 -0.6001 -0.1688
vn -0.7817 -0.5451 -0.3029
vn -0.7302 -0.5688 0.3785
vn -0.6405 -0.4924 0.5894
vn -0.5678 -0.4580 0.6840
vn -0.5472 -0.4912 0.6777
vn -0.5308 -0.4639 0.7093
vn -0.4626 -0.4550 0.7610
vn -0.4939 -0.4666 0.7338
vn -0.5222 -0.4159 0.7445
vn -0.5244 -0.3816 0.7612
vn -0.5278 -0.3418 0.7776
vn -0.4392 -0.4535 0.7755
vn -0.3967 -0.4751 0.7854
vn -0.2366 -0.4963 0.8353
vn -0.0477 -0.5105 0.8585
vn -0.1197 -0.4983 0.8587
vn 0.1765 -0.4859 0.8560
vn 0.2771 -0.4131 0.8675
vn 0.3485 -0.4411 0.8270
vn 0.4684 -0.3785 0.7983
vn 0.5002 -0.4135 0.7608
vn 0.5096 -0.4614 0.7262
vn 0.6344 -0.4254 0.6454
vn 0.5982 -0.4820 0.6402
vn 0.5617 -0.4980 0.6607
vn 0.5192 -0.4580 0.7215
vn 0.5279 -0.3978 0.7504
vn 0.5195 -0.3801 0.7653
vn 0.5192 -0.3344 0.7865
vn 0.5303 -0.3260 0.7827
vn 0.5004 -0.2892 0.8161
vn 0.5350 -0.2832 0.7960
vn 0.7507 -0.5966 0.2838
vn 0.4602 -0.2154 0.8613
vn 0.5404 -0.2276 0.8100
vn 0.8595 -0.5111 -0.0029
vn 0.4216 -0.1209 0.8987
vn 0.6491 -0.5239 0.5515
vn 0.5502 -0.5466 0.6313
vn 0.7549 -0.6033 0.2572
vn 0.6097 -0.6332 0.4768
vn 0.7537 -0.5876 -0.2946
vn 0.7092 -0.7014 0.0713
vn 0.6599 -0.5735 -0.4855
vn 0.6805 -0.6725 -0.2911
vn 0.7394 -0.5041 -0.4462
vn 0.6808 -0.4545 -0.5744
vn 0.8434 -0.5350 -0.0484
vn 0.8184 -0.5718 0.0573
vn 0.8229 -0.4891 0.2892
vn 0.8647 -0.4924 -0.0994
vn 0.7987 -0.4848 0.3566
vn 0.7390 -0.4940 0.4580
vn 0.6461 -0.4044 0.6473
vn 0.4422 -0.3668 0.8185
vn 0.6461 -0.4231 0.6352
vn 0.4345 -0.3635 0.8241
vn 0.6458 -0.4440 0.6211
vn 0.8187 -0.5149 0.2542
vn 0.6364 -0.4719 0.6102
vn 0.7999 -0.5599 0.2160
vn 0.8194 -0.5421 -0.1865
vn 0.8530 -0.5049 -0.1322
vn 0.7675 -0.3861 -0.5117
vn 0.7681 -0.5836 -0.2636
vn 0.7166 -0.4269 -0.5515
vn 0.6086 0.1088 -0.7860
vn 0.5892 0.0146 -0.8079
vn -0.2736 0.9288 -0.2498
vn -0.4298 0.7818 -0.4518
vn -0.8657 0.4822 0.1346
vn -0.7983 0.5464 0.2533
vn -0.7502 0.5488 0.3688
vn -0.8281 0.5484 0.1164
vn -0.8399 0.5148 0.1720
vn -0.8964 0.3857 0.2184
vn -0.8846 0.4533 -0.1096
vn -0.9386 0.3330 -0.0905
vn -0.9766 -0.2056 -0.0631
vn -0.9422 -0.2994 -0.1505
vn -0.8498 0.2659 -0.4552
vn -0.8820 -0.3559 -0.3089
vn -0.0805 -0.8727 -0.4815
vn 0.0546 -0.9941 -0.0936
vn 0.0357 -0.9301 0.3657
vn -0.6187 -0.4043 -0.6736
vn 0.0936 -0.8738 0.4772
vn 0.7432 -0.6641 0.0810
vn 0.6364 -0.5294 0.5610
vn 0.4337 -0.3818 0.8162
vn 0.1836 -0.8818 0.4343
vn 0.2191 -0.3454 0.9125
vn 0.6388 -0.4902 0.5930
vn 0.4344 -0.3670 0.8226
vn 0.2100 -0.3241 0.9224
vn 0.4313 -0.3673 0.8241
vn 0.2055 -0.3321 0.9206
vn 0.2100 -0.3449 0.9149
vn 0.2339 -0.3726 0.8980
vn 0.7810 -0.6023 0.1654
vn 0.6747 -0.6420 -0.3642
vn 0.0025 -0.5755 -0.8178
vn -0.1297 -0.5217 -0.8432
vn -0.0549 -0.9099 0.4112
vn 0.0303 0.0737 -0.9968
vn -0.1588 0.0738 -0.9846
vn -0.5525 0.1451 -0.8208
vn -0.8151 0.3525 -0.4598
vn -0.7736 0.4169 -0.4771
vn -0.8412 0.5274 -0.1193
vn 0.2577 0.0908 -0.9620
vn 0.1983 -0.4950 -0.8460
vn 0.6522 0.1917 -0.7334
vn 0.8331 0.3747 -0.4068
vn -0.9667 0.2155 0.1376
vn -0.2009 -0.4245 0.8829
vn -0.5228 -0.3063 0.7955
vn 0.0779 0.0024 0.9970
vn -0.4940 -0.2760 0.8245
vn -0.6911 -0.4746 -0.5452
vn -0.7106 -0.5260 -0.4674
vn -0.7378 -0.5284 -0.4201
vn 0.1020 -0.0682 -0.9924
vn 0.0643 -0.0217 -0.9977
vn -0.5000 0.0127 -0.8659
vn -0.4872 0.1831 -0.8539
vn -0.8663 0.0781 -0.4933
vn -0.4554 -0.1151 -0.8828
vn -0.8253 -0.0841 -0.5584
vn -0.3490 0.0889 -0.9329
vn 0.5042 0.1754 -0.8456
vn -0.1696 0.3364 -0.9263
vn 0.3047 -0.1046 -0.9467
vn 0.1539 -0.1867 -0.9703
vn 0.6893 -0.2612 -0.6757
vn 0.4288 0.2872 -0.8565
vn -0.0933 0.3212 -0.9424
vn 0.3586 0.1172 -0.9261
vn -0.0670 0.1628 -0.9844
vn -0.4739 0.2005 -0.8575
vn -0.0892 -0.1543 -0.9840
vn -0.4534 -0.0974 -0.8859
vn -0.6860 -0.0701 -0.7243
vn -0.4860 -0.1272 -0.8646
vn -0.6762 -0.1240 -0.7262
vn -0.8700 -0.0831 -0.4859
vn -0.9209 -0.0508 -0.3864
vn -0.9973 -0.0567 -0.0464
vn -0.7508 0.1577 -0.6414
vn -0.9408 0.1628 -0.2972
vn -0.9829 0.1751 0.0571
vn -0.9676 -0.0268 0.2512
vn -0.9561 0.2027 0.2115
vn -0.9176 0.0067 0.3975
vn -0.8925 0.2238 0.3917
vn -0.8625 0.0246 0.5055
vn -0.8570 -0.0537 0.5126
vn -0.8218 0.0188 0.5694
vn -0.8269 -0.0686 0.5581
vn -0.8443 -0.1111 0.5242
vn -0.3478 -0.0528 0.9361
vn -0.2960 -0.2128 0.9312
vn 0.4090 -0.0959 0.9075
vn 0.4967 -0.2497 0.8312
vn 0.6450 -0.0949 0.7583
vn 0.6408 -0.2340 0.7311
vn 0.8192 -0.1309 0.5584
vn 0.7098 -0.2640 0.6531
vn 0.9520 -0.1915 0.2390
vn 0.8815 -0.2871 0.3748
vn 0.9662 -0.2321 -0.1121
vn 0.9579 -0.2806 0.0611
vn 0.8287 -0.2396 -0.5058
vn 0.8913 -0.2589 -0.3722
vn 0.6284 -0.2204 -0.7460
vn 0.5956 -0.2237 -0.7715
vn 0.6754 0.0752 -0.7336
vn 0.3154 -0.1906 -0.9296
vn 0.3660 -0.1804 -0.9130
vn -0.1162 -0.1461 -0.9824
vn 0.4608 0.1936 -0.8661
vn -0.1225 0.2182 -0.9682
vn -0.5533 0.1619 -0.8171
vn -0.6348 0.3719 -0.6774
vn -0.6688 0.1378 -0.7305
vn -0.6726 0.3690 -0.6415
vn -0.4856 -0.0516 -0.8727
vn -0.5874 0.0348 -0.8085
vn -0.7133 0.0225 -0.7005
vn -0.7956 0.3740 -0.4766
vn -0.9387 0.0477 -0.3414
vn -0.9027 0.4107 -0.1282
vn -0.9898 0.0177 0.1411
vn -0.9010 0.4221 0.1003
vn -0.8942 -0.0018 0.4476
vn -0.8639 0.4538 0.2185
vn -0.7354 -0.0683 0.6742
vn -0.8165 0.4593 0.3498
vn -0.8295 0.2648 0.4918
vn -0.4766 0.5127 0.7141
vn -0.3904 0.3265 0.8608
vn 0.3630 0.4945 0.7897
vn 0.3533 0.2780 0.8932
vn 0.7324 0.4499 0.5111
vn 0.7080 0.2243 0.6697
vn 0.1963 0.0036 0.9805
vn 0.5981 0.0363 0.8006
vn -0.1699 -0.6528 0.7382
vn 0.0801 -0.6151 0.7844
vn 0.5018 -0.6547 0.5652
vn 0.3621 -0.1950 0.9115
vn 0.6363 -0.4498 0.6267
vn 0.8349 -0.4830 0.2639
vn 0.9929 -0.1036 0.0592
vn 0.8773 -0.4798 -0.0081
vn 0.9204 -0.0645 -0.3856
vn 0.7629 -0.5058 -0.4027
vn 0.7212 0.0593 -0.6902
vn 0.4487 -0.5227 -0.7248
vn 0.5745 -0.4605 -0.6766
vn 0.7343 0.0848 -0.6735
vn 0.5392 -0.0873 -0.8377
vn 0.7065 0.3204 -0.6311
vn 0.8192 0.2990 -0.4893
vn 0.7163 0.1271 -0.6862
vn 0.8238 0.0817 -0.5610
vn 0.9447 0.1445 -0.2945
vn 0.7844 0.1471 -0.6025
vn 0.6765 0.1575 -0.7194
vn 0.7897 0.1204 -0.6015
vn 0.6345 0.1000 -0.7664
vn 0.2191 0.0752 -0.9728
vn 0.2045 0.1547 -0.9666
vn -0.3610 0.0652 -0.9303
vn -0.4354 0.1363 -0.8899
vn -0.6676 0.0537 -0.7426
vn -0.6855 0.1171 -0.7186
vn -0.6979 0.2197 -0.6817
vn -0.8881 0.1044 -0.4476
vn -0.8827 0.2494 -0.3983
vn -0.8395 -0.3064 -0.4488
vn -0.5361 -0.3168 -0.7825
vn -0.7191 -0.5784 -0.3851
vn -0.4115 -0.5468 -0.7292
vn -0.9916 -0.1275 0.0226
vn -0.8628 -0.4916 0.1183
vn -0.9079 0.1016 0.4068
vn -0.7220 -0.3794 0.5785
vn -0.6770 0.2075 0.7061
vn -0.3761 -0.4817 0.7915
vn -0.3293 0.0867 0.9402
vn -0.1988 -0.6353 0.7463
vn -0.4648 -0.0202 0.8852
vn 0.0738 -0.0139 0.9972
vn -0.2710 0.7489 0.6048
vn 0.3762 0.6705 0.6395
vn 0.6941 0.4731 0.5426
vn 0.6797 0.2608 0.6856
vn -0.6970 0.5945 0.4009
vn -0.9061 0.3213 0.2753
vn -0.8567 0.4795 0.1903
vn -0.9893 0.1313 -0.0630
vn -0.9423 0.3271 -0.0707
vn -0.2962 0.1398 -0.9448
vn -0.6433 0.1605 -0.7486
vn -0.2530 -0.0070 -0.9674
vn -0.6296 -0.0348 -0.7761
vn -0.6873 -0.6483 -0.3277
vn -0.1574 -0.9853 -0.0670
vn -0.1704 -0.9844 -0.0446
vn -0.7533 -0.6272 -0.1977
vn -0.1205 -0.9898 -0.0766
vn -0.6986 -0.6894 -0.1915
vn -0.0944 -0.9954 -0.0168
vn -0.5891 -0.8078 0.0219
vn -0.9947 -0.0421 0.0943
vn -0.4286 -0.8950 0.1236
vn -0.9230 -0.1903 0.3345
vn -0.8343 0.4254 0.3507
vn -0.8982 0.4156 0.1434
vn -0.7822 0.4987 0.3735
vn -0.8190 0.5368 0.2024
vn -0.6597 0.6131 0.4347
vn -0.6426 0.7103 0.2873
vn -0.1463 0.7763 0.6132
vn -0.0773 0.8866 0.4560
vn 0.4926 0.6218 0.6089
vn 0.5777 0.6871 0.4406
vn 0.7230 0.4371 0.5349
vn 0.8362 0.4159 0.3575
vn 0.7906 0.3792 0.4807
vn 0.9299 0.2485 0.2711
vn 0.8703 -0.1971 0.4514
vn 0.9613 -0.2061 0.1827
vn 0.4154 -0.8937 0.1695
vn 0.5379 -0.8415 0.0508
vn 0.5877 -0.8074 -0.0527
vn 0.5463 -0.8209 0.1662
vn 0.1363 -0.9906 -0.0151
vn 0.1610 -0.9842 -0.0735
vn 0.1367 -0.9898 0.0401
vn 0.0640 -0.9956 -0.0684
vn 0.0663 -0.9977 0.0112
vn 0.0420 -0.9974 -0.0580
vn 0.0600 -0.9981 0.0130
vn 0.0624 -0.9970 0.0448
vn 0.0712 -0.9971 -0.0258
vn 0.0307 -0.9995 0.0112
vn 0.0431 -0.9987 0.0275
vn 0.0273 -0.9984 -0.0498
vn 0.2498 -0.9289 -0.2733
vn 0.5597 -0.4463 -0.6983
vn 0.7725 -0.3717 -0.5149
vn 0.6051 0.0616 -0.7937
vn 0.8183 0.0499 -0.5726
vn 0.6008 0.1602 -0.7832
vn 0.7929 0.1488 -0.5909
vn 0.9582 0.0757 -0.2761
vn 0.9982 0.0381 0.0456
vn 0.9799 0.1924 0.0531
vn 0.2665 0.0342 -0.9632
vn 0.2467 0.1420 -0.9586
vn 0.1183 -0.9925 0.0295
vn 0.3018 -0.9391 0.1645
vn 0.0864 -0.9960 0.0218
vn 0.1516 -0.9761 0.1561
vn -0.0061 -0.9989 0.0472
vn -0.0566 -0.9980 0.0298
vn -0.0850 -0.9963 0.0143
vn -0.1706 -0.9793 0.1087
vn -0.2905 -0.9505 0.1102
vn -0.6290 -0.6939 0.3506
vn -0.8126 -0.4609 0.3568
vn -0.8321 0.3584 0.4233
vn 0.7455 -0.3638 0.5585
vn 0.5411 -0.6137 0.5750
vn 0.6872 0.3988 0.6072
vn 0.5927 0.5386 0.5988
vn 0.4218 0.6273 0.6547
vn 0.3550 0.6575 0.6646
vn 0.8832 -0.3923 0.2571
vn 0.7716 -0.3375 0.5391
vn 0.8929 -0.3437 0.2909
vn 0.7558 -0.3160 0.5735
vn 0.9364 0.2176 0.2755
vn 0.7305 0.1791 0.6590
vn 0.4957 -0.3168 0.8087
vn 0.1122 -0.3218 0.9402
vn 0.4903 -0.2470 0.8358
vn 0.2086 -0.1862 0.9601
vn 0.3405 0.1742 0.9240
vn 0.1950 0.1906 0.9621
vn 0.8098 0.0781 0.5814
vn 0.3206 0.0908 0.9429
vn 0.1941 0.1268 0.9727
vn 0.3228 0.0448 0.9454
vn 0.3337 0.0934 0.9381
vn 0.4462 -0.0286 0.8945
vn 0.4781 0.0118 0.8782
vn 0.5804 -0.1094 0.8069
vn 0.5319 -0.0857 0.8425
vn 0.6914 -0.1139 0.7134
vn 0.7539 -0.1141 -0.6470
vn 0.8850 -0.3649 0.2891
vn 0.5447 0.3817 -0.7467
vn 0.5324 0.3473 -0.7720
vn 0.5512 0.3308 -0.7660
vn 0.5229 0.2737 -0.8072
vn 0.1652 0.0332 -0.9857
vn 0.5610 0.2811 -0.7786
vn 0.4773 0.1803 -0.8601
vn 0.6090 0.2462 -0.7540
vn 0.4345 0.1524 -0.8877
vn 0.4025 0.0837 -0.9116
vn -0.2236 -0.2086 -0.9521
vn 0.3813 -0.0716 -0.9217
vn 0.8865 -0.2571 -0.3848
vn 0.2597 -0.2163 -0.9412
vn 0.6458 -0.1668 0.7451
vn 0.8924 0.4511 -0.0113
vn -0.6626 0.0980 -0.7425
vn -0.4842 -0.2318 -0.8437
vn 0.0988 -0.1518 0.9835
vn -0.8158 -0.5778 0.0257
vn -0.5298 0.0712 -0.8452
vn -0.7275 -0.0969 -0.6793
vn -0.9563 -0.1856 0.2259
vn -0.6225 -0.7813 -0.0448
vn -0.7194 -0.0695 -0.6911
vn -0.8701 -0.1363 0.4736
vn -0.7958 -0.0147 0.6054
vn 0.9573 0.1700 0.2338
vn -0.6139 -0.1436 -0.7762
vn -0.9643 -0.2032 0.1697
vn -0.1851 -0.0830 0.9792
vn -0.5335 -0.3640 -0.7635
vn 0.2244 -0.2119 -0.9512
vn 0.3666 -0.2029 -0.9080
vn 0.9834 0.0405 -0.1769
vn 0.5616 0.0821 0.8233
vn 0.0087 -0.9712 0.2379
vn 0.0677 -0.4988 0.8641
vn -0.0441 0.8384 -0.5433
vn -0.0667 0.5419 -0.8378
vn -0.2768 0.5241 -0.8054
vn -0.7400 -0.3373 0.5819
vn 0.0904 0.8172 -0.5692
vn 0.6003 0.4351 0.6711
vn 0.4541 0.8654 -0.2120
vn -0.2164 0.8127 0.5410
vn 0.0595 0.2309 0.9712
vn -0.2693 0.9116 -0.3106
vn -0.2705 0.4144 -0.8690
vn -0.5792 -0.4111 0.7040
vn -0.8442 -0.1415 0.5170
vn -0.1728 -0.8717 0.4586
vn 0.7552 0.6108 0.2379
vn 0.2075 -0.6926 0.6909
vn -0.2829 -0.8499 0.4445
vn -0.4313 -0.7990 0.4191
vn -0.0000 -0.0000 -0.0000
vn 0.2550 -0.3417 0.9046
vn 0.6435 0.3183 0.6961
vn 0.6606 0.2605 0.7041
vn 0.6488 0.2811 0.7071
vn 0.3469 0.9033 0.2523
vn -0.0000 -1.0000 -0.0000
vn 0.0940 -0.6222 -0.7772
vn -0.7710 -0.1857 -0.6092
vn -0.6068 0.3043 -0.7343
vn 0.2993 -0.7893 0.5361
vn 0.4565 -0.8526 -0.2545
vn -0.4565 0.8526 0.2545
vn -0.2550 0.3417 -0.9046
vn -0.5346 0.8173 0.2149
vn -0.5590 0.6224 0.5478
vn 0.8901 0.4340 0.1391
vn 0.9623 -0.0012 -0.2721
vn 0.4724 0.7435 0.4733
vn 0.5590 -0.6224 -0.5478
vn 0.5346 -0.8173 -0.2149
vt 0.248470 0.888402
vt 0.245349 0.884263
vt 0.251156 0.880189
vt 0.253123 0.887273
vt 0.270847 0.873502
vt 0.259339 0.884004
vt 0.254614 0.870955
vt 0.230990 0.888535
vt 0.225814 0.889256
vt 0.233764 0.883498
vt 0.238040 0.886544
vt 0.291530 0.849179
vt 0.293575 0.858563
vt 0.273520 0.848983
vt 0.285732 0.842995
vt 0.295866 0.868917
vt 0.267562 0.851153
vt 0.017971 0.814400
vt 0.011667 0.814893
vt 0.011337 0.805462
vt 0.018152 0.807290
vt 0.031529 0.178977
vt 0.033576 0.189332
vt 0.021865 0.185619
vt 0.031669 0.171148
vt 0.276899 0.873428
vt 0.274312 0.872248
vt 0.273499 0.868254
vt 0.277249 0.870216
vt 0.272223 0.861586
vt 0.272247 0.867993
vt 0.271305 0.874752
vt 0.276436 0.880245
vt 0.538303 0.185330
vt 0.529641 0.191657
vt 0.534565 0.172509
vt 0.540886 0.174071
vt 0.523672 0.177550
vt 0.526376 0.166087
vt 0.881731 0.102377
vt 0.889160 0.101923
vt 0.888926 0.105877
vt 0.882804 0.110773
vt 0.552352 0.689713
vt 0.545343 0.689497
vt 0.544784 0.685221
vt 0.546512 0.682807
vt 0.813251 0.226738
vt 0.816815 0.227143
vt 0.812393 0.234459
vt 0.811039 0.234490
vt 0.974166 0.760473
vt 0.978820 0.761908
vt 0.967189 0.768095
vt 0.967553 0.764659
vt 0.636720 0.068416
vt 0.630266 0.061936
vt 0.635697 0.055508
vt 0.644091 0.056933
vt 0.971709 0.658390
vt 0.974589 0.660391
vt 0.974769 0.662574
vt 0.972779 0.665273
vt 0.978059 0.664721
vt 0.976149 0.662162
vt 0.949495 0.473471
vt 0.957341 0.467388
vt 0.954648 0.474429
vt 0.950885 0.479872
vt 0.912078 0.735313
vt 0.910284 0.730674
vt 0.915226 0.725596
vt 0.918015 0.731576
vt 0.924981 0.728644
vt 0.918330 0.718995
vt 0.524699 0.938117
vt 0.518775 0.932103
vt 0.527929 0.927920
vt 0.533454 0.931875
vt 0.543430 0.920332
vt 0.534958 0.916879
vt 0.526492 0.916726
vt 0.523177 0.960438
vt 0.521686 0.962210
vt 0.520789 0.960545
vt 0.521603 0.957963
vt 0.518690 0.956560
vt 0.518795 0.960811
vt 0.519865 0.962775
vt 0.523828 0.964504
vt 0.526575 0.958776
vt 0.527638 0.962547
vt 0.526389 0.970696
vt 0.524114 0.969460
vt 0.526581 0.967672
vt 0.520010 0.965147
vt 0.534275 0.971249
vt 0.532489 0.976576
vt 0.529968 0.981160
vt 0.904384 0.633406
vt 0.916880 0.633699
vt 0.921332 0.642139
vt 0.904530 0.640316
vt 0.905716 0.648572
vt 0.918106 0.654795
vt 0.600950 0.952151
vt 0.593688 0.953230
vt 0.597826 0.940912
vt 0.606476 0.942370
vt 0.886683 0.665542
vt 0.874464 0.659023
vt 0.878734 0.655264
vt 0.887734 0.658358
vt 0.870785 0.650974
vt 0.877945 0.650064
vt 0.889140 0.652055
vt 0.903686 0.627300
vt 0.913712 0.629286
vt 0.925763 0.626717
vt 0.918936 0.619222
vt 0.878578 0.645317
vt 0.879732 0.639813
vt 0.892071 0.639703
vt 0.891321 0.646367
vt 0.892124 0.633208
vt 0.418678 0.109115
vt 0.425135 0.106880
vt 0.428485 0.115752
vt 0.427274 0.120973
vt 0.431444 0.105950
vt 0.433606 0.116224
vt 0.434657 0.123819
vt 0.880546 0.633454
vt 0.904150 0.617917
vt 0.904464 0.607526
vt 0.918341 0.606362
vt 0.436499 0.089554
vt 0.435893 0.066170
vt 0.445649 0.060186
vt 0.444159 0.087240
vt 0.429270 0.048882
vt 0.435857 0.045552
vt 0.445343 0.038302
vt 0.453801 0.043331
vt 0.451727 0.086332
vt 0.453814 0.063031
vt 0.458820 0.043688
vt 0.463201 0.033136
vt 0.457399 0.031819
vt 0.458852 0.023731
vt 0.463994 0.023409
vt 0.588538 0.966143
vt 0.595354 0.966256
vt 0.589266 0.977197
vt 0.584089 0.977949
vt 0.451579 0.029109
vt 0.454670 0.022537
vt 0.943184 0.607527
vt 0.948251 0.604062
vt 0.951079 0.611653
vt 0.948860 0.617093
vt 0.470308 0.034546
vt 0.471009 0.027991
vt 0.902590 0.595062
vt 0.891840 0.594161
vt 0.891926 0.587450
vt 0.900234 0.588014
vt 0.884164 0.592538
vt 0.886468 0.586512
vt 0.894243 0.578899
vt 0.913068 0.586915
vt 0.911177 0.576613
vt 0.882510 0.566161
vt 0.894962 0.565687
vt 0.880130 0.578016
vt 0.911122 0.564037
vt 0.877547 0.585004
vt 0.866148 0.599038
vt 0.859085 0.599295
vt 0.859719 0.595148
vt 0.866867 0.591830
vt 0.480250 0.102704
vt 0.487369 0.099470
vt 0.490223 0.108633
vt 0.482551 0.111448
vt 0.866850 0.585659
vt 0.858995 0.588959
vt 0.497325 0.108521
vt 0.494302 0.112651
vt 0.494825 0.103885
vt 0.491239 0.096844
vt 0.500301 0.105856
vt 0.501448 0.109349
vt 0.499159 0.111893
vt 0.860156 0.569622
vt 0.858088 0.574154
vt 0.855434 0.572462
vt 0.855856 0.568451
vt 0.504705 0.102861
vt 0.506154 0.108077
vt 0.577904 0.026373
vt 0.576603 0.020817
vt 0.587139 0.016390
vt 0.591467 0.021894
vt 0.938766 0.494894
vt 0.943199 0.482318
vt 0.947839 0.486387
vt 0.945255 0.497911
vt 0.563632 0.047616
vt 0.585630 0.043704
vt 0.595414 0.049634
vt 0.565577 0.057706
vt 0.566695 0.069119
vt 0.596407 0.059857
vt 0.593732 0.030568
vt 0.600021 0.025443
vt 0.607140 0.035548
vt 0.600189 0.046816
vt 0.922449 0.740819
vt 0.934252 0.753154
vt 0.923989 0.759089
vt 0.915211 0.743873
vt 0.619375 0.063797
vt 0.630166 0.046805
vt 0.953784 0.760408
vt 0.955437 0.769208
vt 0.927173 0.696111
vt 0.924944 0.706949
vt 0.913523 0.704517
vt 0.920335 0.690291
vt 0.921796 0.714319
vt 0.914907 0.460475
vt 0.912286 0.477093
vt 0.907151 0.471207
vt 0.906448 0.456795
vt 0.892036 0.453495
vt 0.882934 0.470114
vt 0.930588 0.676420
vt 0.932713 0.683363
vt 0.948305 0.674569
vt 0.947369 0.687134
vt 0.931957 0.489842
vt 0.922781 0.484121
vt 0.926060 0.466103
vt 0.936063 0.476609
vt 0.939771 0.471835
vt 0.931263 0.462744
vt 0.929093 0.669665
vt 0.947816 0.665100
vt 0.955714 0.645636
vt 0.964748 0.650032
vt 0.955986 0.659133
vt 0.947737 0.647797
vt 0.917236 0.451037
vt 0.922134 0.449626
vt 0.962585 0.667026
vt 0.602002 0.073480
vt 0.604751 0.088704
vt 0.625906 0.079871
vt 0.943854 0.734111
vt 0.940007 0.744380
vt 0.929749 0.737617
vt 0.961582 0.758307
vt 0.965043 0.761862
vt 0.208415 0.038403
vt 0.205648 0.049063
vt 0.193318 0.045596
vt 0.192862 0.038540
vt 0.979710 0.656938
vt 0.968447 0.655708
vt 0.992502 0.656325
vt 0.969921 0.669894
vt 0.944535 0.698933
vt 0.963813 0.698067
vt 0.961842 0.708696
vt 0.944393 0.709005
vt 0.943996 0.716614
vt 0.960501 0.719787
vt 0.975304 0.697037
vt 0.975603 0.705655
vt 0.977801 0.711692
vt 0.971971 0.715676
vt 0.968919 0.721237
vt 0.963559 0.677221
vt 0.975289 0.677529
vt 0.986442 0.666578
vt 0.982029 0.675274
vt 0.629555 0.095758
vt 0.644008 0.089342
vt 0.301026 0.033537
vt 0.290280 0.035875
vt 0.281488 0.023020
vt 0.295671 0.016941
vt 0.278501 0.044117
vt 0.268801 0.035887
vt 0.224324 0.038609
vt 0.219559 0.054478
vt 0.206021 0.060727
vt 0.199771 0.055434
vt 0.943883 0.725632
vt 0.959752 0.728938
vt 0.960143 0.741980
vt 0.954897 0.751363
vt 0.968557 0.727275
vt 0.971110 0.732805
vt 0.963400 0.751810
vt 0.969439 0.742785
vt 0.974400 0.735552
vt 0.192134 0.061664
vt 0.188723 0.059360
vt 0.196100 0.054021
vt 0.991860 0.670078
vt 0.978535 0.660025
vt 0.989452 0.676766
vt 0.214487 0.070854
vt 0.231114 0.065818
vt 0.974643 0.743816
vt 0.970313 0.750773
vt 0.969144 0.754902
vt 0.985099 0.735930
vt 0.978915 0.750222
vt 0.980185 0.734472
vt 0.313401 0.012758
vt 0.313163 0.019794
vt 0.302316 0.012612
vt 0.975109 0.722311
vt 0.973837 0.726524
vt 0.978745 0.723600
vt 0.977397 0.728249
vt 0.965431 0.689306
vt 0.973696 0.688111
vt 0.982804 0.688106
vt 0.991549 0.693124
vt 0.989898 0.706204
vt 0.984081 0.701735
vt 0.983920 0.723006
vt 0.989474 0.722095
vt 0.983660 0.729312
vt 0.979321 0.729108
vt 0.986575 0.710143
vt 0.995000 0.715847
vt 0.984577 0.714712
vt 0.990295 0.733069
vt 0.166502 0.082104
vt 0.158967 0.084312
vt 0.160553 0.081211
vt 0.167350 0.076893
vt 0.340405 0.008898
vt 0.344107 0.013826
vt 0.332773 0.020568
vt 0.329229 0.012074
vt 0.312817 0.032203
vt 0.331482 0.032273
vt 0.352858 0.020450
vt 0.345901 0.027068
vt 0.341735 0.034404
vt 0.338933 0.055913
vt 0.319822 0.056137
vt 0.316518 0.055400
vt 0.346964 0.075178
vt 0.359054 0.041705
vt 0.350985 0.048201
vt 0.906604 0.923995
vt 0.892914 0.930856
vt 0.888333 0.922433
vt 0.896636 0.916586
vt 0.870915 0.918580
vt 0.873240 0.926691
vt 0.948448 0.924762
vt 0.946738 0.924447
vt 0.948489 0.923287
vt 0.949672 0.924190
vt 0.984473 0.870375
vt 0.985921 0.868707
vt 0.988543 0.875563
vt 0.987852 0.875905
vt 0.987357 0.868149
vt 0.989594 0.876842
vt 0.989486 0.874457
vt 0.990198 0.875657
vt 0.990205 0.876838
vt 0.940486 0.925937
vt 0.947254 0.925629
vt 0.940045 0.927096
vt 0.940288 0.927965
vt 0.946438 0.926750
vt 0.942120 0.923118
vt 0.989284 0.868112
vt 0.986515 0.809796
vt 0.987404 0.826827
vt 0.984701 0.835192
vt 0.980693 0.809246
vt 0.980356 0.855084
vt 0.973244 0.834263
vt 0.983947 0.853879
vt 0.986943 0.853216
vt 0.988360 0.841183
vt 0.970434 0.809027
vt 0.964825 0.832775
vt 0.961826 0.808090
vt 0.324570 0.711051
vt 0.321332 0.705885
vt 0.323048 0.705071
vt 0.327583 0.707806
vt 0.327097 0.702680
vt 0.321146 0.700568
vt 0.318569 0.701391
vt 0.623538 0.945851
vt 0.623611 0.949945
vt 0.621867 0.950880
vt 0.620140 0.948549
vt 0.617580 0.956656
vt 0.620925 0.956967
vt 0.768659 0.491823
vt 0.768695 0.478333
vt 0.772536 0.481811
vt 0.774037 0.490595
vt 0.781223 0.484019
vt 0.777868 0.475293
vt 0.774503 0.467764
vt 0.088915 0.908383
vt 0.104704 0.915637
vt 0.095845 0.926331
vt 0.083282 0.916801
vt 0.070559 0.928265
vt 0.073103 0.933899
vt 0.074049 0.938783
vt 0.098724 0.935498
vt 0.829412 0.444972
vt 0.829572 0.435347
vt 0.836222 0.435813
vt 0.838560 0.442755
vt 0.829896 0.427820
vt 0.838190 0.426817
vt 0.846071 0.436032
vt 0.680701 0.947472
vt 0.691196 0.951783
vt 0.690492 0.967227
vt 0.679278 0.964305
vt 0.058818 0.944146
vt 0.049956 0.952049
vt 0.044173 0.949611
vt 0.057817 0.941073
vt 0.047664 0.961136
vt 0.040547 0.966552
vt 0.677675 0.979833
vt 0.690588 0.982554
vt 0.706040 0.989746
vt 0.701090 0.972996
vt 0.812922 0.455080
vt 0.807531 0.448141
vt 0.812083 0.442754
vt 0.819078 0.444900
vt 0.803497 0.441113
vt 0.811038 0.436597
vt 0.820845 0.435495
vt 0.060221 0.948803
vt 0.053675 0.953943
vt 0.062300 0.954602
vt 0.053973 0.960253
vt 0.792789 0.419651
vt 0.777763 0.421696
vt 0.768203 0.409139
vt 0.786403 0.407836
vt 0.760187 0.413404
vt 0.761289 0.403355
vt 0.763235 0.417184
vt 0.780160 0.399029
vt 0.222019 0.396126
vt 0.216395 0.398444
vt 0.216066 0.388361
vt 0.219758 0.388748
vt 0.748930 0.392475
vt 0.743798 0.394454
vt 0.741895 0.390807
vt 0.749099 0.388863
vt 0.061484 0.971716
vt 0.063910 0.975587
vt 0.059566 0.978594
vt 0.056660 0.976549
vt 0.748864 0.381359
vt 0.740332 0.381160
vt 0.224173 0.401013
vt 0.221295 0.405728
vt 0.218520 0.407343
vt 0.214434 0.403458
vt 0.747808 0.374821
vt 0.739874 0.372487
vt 0.792814 0.389707
vt 0.785367 0.391452
vt 0.776287 0.390367
vt 0.790669 0.385910
vt 0.794344 0.395528
vt 0.785744 0.394185
vt 0.774784 0.394607
vt 0.223746 0.412324
vt 0.220221 0.413805
vt 0.740311 0.364220
vt 0.735469 0.370683
vt 0.735123 0.364105
vt 0.802188 0.379468
vt 0.799898 0.375391
vt 0.809999 0.368939
vt 0.811734 0.373848
vt 0.275467 0.378493
vt 0.280804 0.374690
vt 0.284618 0.378748
vt 0.275952 0.382513
vt 0.275509 0.389621
vt 0.281601 0.391940
vt 0.796556 0.369473
vt 0.804493 0.362902
vt 0.809796 0.355944
vt 0.814778 0.357788
vt 0.801002 0.354625
vt 0.808727 0.350825
vt 0.814198 0.350390
vt 0.717209 0.302284
vt 0.722976 0.298241
vt 0.732442 0.318064
vt 0.727793 0.323152
vt 0.738077 0.346810
vt 0.742908 0.346084
vt 0.753019 0.346097
vt 0.743431 0.316906
vt 0.730878 0.293215
vt 0.222077 0.478975
vt 0.213836 0.492502
vt 0.211806 0.487550
vt 0.215727 0.477572
vt 0.712309 0.304509
vt 0.706424 0.294803
vt 0.709794 0.290024
vt 0.703904 0.285919
vt 0.702362 0.291658
vt 0.714536 0.285791
vt 0.709012 0.281448
vt 0.703371 0.277870
vt 0.699229 0.282718
vt 0.262201 0.514364
vt 0.256296 0.521559
vt 0.234728 0.522389
vt 0.242209 0.512791
vt 0.224156 0.506624
vt 0.221142 0.512915
vt 0.250860 0.529129
vt 0.236560 0.534414
vt 0.229796 0.541641
vt 0.224633 0.533976
vt 0.217556 0.520668
vt 0.692872 0.239406
vt 0.701719 0.240800
vt 0.701056 0.254566
vt 0.695292 0.258507
vt 0.710710 0.242237
vt 0.707389 0.258776
vt 0.701331 0.267939
vt 0.209153 0.514722
vt 0.214098 0.528732
vt 0.207401 0.528180
vt 0.220164 0.540608
vt 0.215961 0.544123
vt 0.720867 0.279838
vt 0.714495 0.274423
vt 0.722117 0.259894
vt 0.730587 0.270343
vt 0.717406 0.242348
vt 0.723055 0.241464
vt 0.714426 0.259492
vt 0.730216 0.240721
vt 0.734807 0.251945
vt 0.739684 0.262422
vt 0.238622 0.540086
vt 0.245911 0.537799
vt 0.254047 0.537567
vt 0.261335 0.534754
vt 0.266747 0.526986
vt 0.749064 0.254432
vt 0.754781 0.262642
vt 0.754298 0.276713
vt 0.742326 0.284829
vt 0.765053 0.254421
vt 0.774319 0.274509
vt 0.274139 0.524330
vt 0.271344 0.535293
vt 0.288611 0.446500
vt 0.295207 0.442972
vt 0.307821 0.473646
vt 0.297917 0.481013
vt 0.795627 0.242644
vt 0.806946 0.239860
vt 0.814488 0.273312
vt 0.803438 0.272736
vt 0.301652 0.509976
vt 0.311960 0.506866
vt 0.805115 0.308644
vt 0.813635 0.307957
vt 0.261358 0.547187
vt 0.256206 0.546370
vt 0.249650 0.545636
vt 0.223491 0.550256
vt 0.216973 0.554023
vt 0.234043 0.549729
vt 0.228546 0.562787
vt 0.669729 0.220900
vt 0.665031 0.229567
vt 0.657087 0.221360
vt 0.666011 0.213329
vt 0.667989 0.202446
vt 0.657639 0.213876
vt 0.267178 0.505142
vt 0.276883 0.508888
vt 0.288575 0.513007
vt 0.286182 0.529100
vt 0.282492 0.539421
vt 0.703287 0.231000
vt 0.706058 0.223682
vt 0.717069 0.224612
vt 0.712989 0.232692
vt 0.725666 0.220543
vt 0.722148 0.229971
vt 0.716192 0.214383
vt 0.675427 0.230462
vt 0.676338 0.222874
vt 0.682498 0.222203
vt 0.684006 0.228743
vt 0.679473 0.214621
vt 0.686062 0.216943
vt 0.692696 0.224773
vt 0.728933 0.229729
vt 0.733125 0.222773
vt 0.241567 0.556373
vt 0.243771 0.544170
vt 0.233605 0.567080
vt 0.739915 0.229705
vt 0.737710 0.232117
vt 0.674474 0.214090
vt 0.671511 0.211146
vt 0.675835 0.206563
vt 0.677892 0.208195
vt 0.672606 0.203371
vt 0.683292 0.203435
vt 0.682563 0.207270
vt 0.748028 0.240098
vt 0.736039 0.236940
vt 0.684926 0.240186
vt 0.688727 0.211416
vt 0.696320 0.213411
vt 0.702432 0.215197
vt 0.700811 0.221396
vt 0.708167 0.217468
vt 0.302530 0.529553
vt 0.302865 0.539323
vt 0.267796 0.553317
vt 0.734316 0.217961
vt 0.745567 0.230062
vt 0.198285 0.594697
vt 0.186790 0.599301
vt 0.182373 0.593776
vt 0.197394 0.590103
vt 0.708809 0.210750
vt 0.719416 0.206707
vt 0.299619 0.586244
vt 0.287031 0.590725
vt 0.278690 0.563877
vt 0.288646 0.558695
vt 0.276343 0.595482
vt 0.264991 0.574973
vt 0.237720 0.570544
vt 0.230066 0.579422
vt 0.230222 0.576091
vt 0.224683 0.570082
vt 0.704243 0.201502
vt 0.690385 0.197715
vt 0.689955 0.194279
vt 0.704935 0.197144
vt 0.221504 0.587903
vt 0.218035 0.582378
vt 0.254932 0.566982
vt 0.255543 0.586250
vt 0.243647 0.583830
vt 0.249240 0.562612
vt 0.238840 0.574947
vt 0.230516 0.584416
vt 0.234070 0.594267
vt 0.262276 0.604417
vt 0.251785 0.609623
vt 0.230942 0.604019
vt 0.223979 0.598604
vt 0.210959 0.597306
vt 0.215755 0.608611
vt 0.243164 0.614566
vt 0.238038 0.618239
vt 0.232236 0.620841
vt 0.607949 0.540633
vt 0.619585 0.539187
vt 0.625138 0.576229
vt 0.607419 0.572672
vt 0.594911 0.599991
vt 0.603483 0.606768
vt 0.644162 0.533311
vt 0.656573 0.561182
vt 0.670414 0.584155
vt 0.645647 0.601226
vt 0.622442 0.623395
vt 0.547635 0.637722
vt 0.546691 0.645495
vt 0.543647 0.645512
vt 0.543572 0.637340
vt 0.492764 0.660181
vt 0.488711 0.652079
vt 0.505221 0.644089
vt 0.509047 0.655027
vt 0.659219 0.677355
vt 0.677067 0.684265
vt 0.665174 0.698728
vt 0.647690 0.690666
vt 0.495251 0.670487
vt 0.498696 0.685031
vt 0.487807 0.689672
vt 0.484326 0.675745
vt 0.694394 0.685971
vt 0.687275 0.695294
vt 0.474829 0.679936
vt 0.470547 0.689527
vt 0.464154 0.702424
vt 0.471620 0.717592
vt 0.312786 0.622851
vt 0.327095 0.658690
vt 0.310334 0.663723
vt 0.298975 0.628590
vt 0.340339 0.682492
vt 0.327741 0.686567
vt 0.287368 0.633516
vt 0.293558 0.663506
vt 0.322136 0.687880
vt 0.308724 0.675271
vt 0.294066 0.671139
vt 0.483485 0.669832
vt 0.473155 0.676063
vt 0.462311 0.680848
vt 0.480708 0.665694
vt 0.473909 0.671515
vt 0.470761 0.671064
vt 0.467410 0.672365
vt 0.362553 0.680405
vt 0.357113 0.673056
vt 0.378082 0.658414
vt 0.382576 0.672899
vt 0.345580 0.649952
vt 0.363147 0.637187
vt 0.406787 0.673044
vt 0.403432 0.662211
vt 0.404196 0.647651
vt 0.391233 0.639951
vt 0.380798 0.627100
vt 0.476856 0.662471
vt 0.470421 0.663345
vt 0.041700 0.238218
vt 0.041967 0.236499
vt 0.042855 0.235829
vt 0.044419 0.236596
vt 0.040574 0.236153
vt 0.041750 0.234267
vt 0.045246 0.233837
vt 0.748681 0.135275
vt 0.739424 0.131599
vt 0.740760 0.131647
vt 0.746851 0.132096
vt 0.967896 0.309727
vt 0.964759 0.321467
vt 0.959325 0.319343
vt 0.961750 0.309673
vt 0.778921 0.155530
vt 0.777560 0.159195
vt 0.765624 0.151083
vt 0.766605 0.147593
vt 0.788486 0.167888
vt 0.780959 0.165991
vt 0.774685 0.161514
vt 0.956799 0.307945
vt 0.957759 0.300588
vt 0.963739 0.298119
vt 0.975519 0.308316
vt 0.977406 0.297960
vt 0.980930 0.297366
vt 0.980196 0.308012
vt 0.801122 0.166800
vt 0.781732 0.152667
vt 0.787344 0.151361
vt 0.805885 0.165742
vt 0.811519 0.164631
vt 0.798184 0.155421
vt 0.695900 0.354291
vt 0.702023 0.354453
vt 0.696900 0.362752
vt 0.688927 0.358685
vt 0.677140 0.363564
vt 0.680147 0.367530
vt 0.684927 0.372102
vt 0.700827 0.369537
vt 0.579331 0.690601
vt 0.595913 0.701251
vt 0.596176 0.706140
vt 0.575293 0.696077
vt 0.026508 0.405692
vt 0.018200 0.397516
vt 0.024182 0.387526
vt 0.031329 0.403503
vt 0.037052 0.403056
vt 0.034174 0.384547
vt 0.031790 0.364849
vt 0.023671 0.367226
vt 0.453686 0.690546
vt 0.457927 0.694422
vt 0.453995 0.708437
vt 0.451011 0.703390
vt 0.897833 0.163367
vt 0.907934 0.154386
vt 0.909297 0.157734
vt 0.901344 0.168410
vt 0.918098 0.149542
vt 0.915192 0.162482
vt 0.710444 0.357018
vt 0.721178 0.350310
vt 0.724901 0.355392
vt 0.713585 0.366767
vt 0.577087 0.648604
vt 0.573811 0.660569
vt 0.564847 0.651681
vt 0.568442 0.639967
vt 0.560258 0.633152
vt 0.557507 0.641830
vt 0.571179 0.674007
vt 0.564566 0.667312
vt 0.560603 0.664554
vt 0.561290 0.652108
vt 0.555942 0.645753
vt 0.460618 0.676138
vt 0.024691 0.344315
vt 0.020854 0.354073
vt 0.500716 0.622330
vt 0.512169 0.604019
vt 0.518656 0.604577
vt 0.514500 0.616471
vt 0.707131 0.379794
vt 0.716247 0.378170
vt 0.890062 0.178644
vt 0.886066 0.175869
vt 0.558145 0.681354
vt 0.562923 0.687406
vt 0.560311 0.689663
vt 0.554707 0.684452
vt 0.461313 0.665640
vt 0.478634 0.645992
vt 0.471788 0.644351
vt 0.451104 0.685913
vt 0.462924 0.644138
vt 0.454078 0.664918
vt 0.537202 0.590857
vt 0.532270 0.587712
vt 0.546046 0.570221
vt 0.548362 0.573247
vt 0.543764 0.554668
vt 0.550739 0.554771
vt 0.536957 0.567375
vt 0.525058 0.584228
vt 0.326559 0.194344
vt 0.305316 0.206601
vt 0.296870 0.197458
vt 0.325862 0.189144
vt 0.323978 0.176362
vt 0.298359 0.180275
vt 0.423102 0.665239
vt 0.428621 0.672859
vt 0.413758 0.646663
vt 0.276443 0.180832
vt 0.278589 0.191124
vt 0.892838 0.958969
vt 0.880392 0.978185
vt 0.879992 0.967864
vt 0.889575 0.952635
vt 0.042713 0.382778
vt 0.044740 0.367614
vt 0.443375 0.680779
vt 0.444931 0.664022
vt 0.434815 0.669397
vt 0.982845 0.788383
vt 0.992044 0.787511
vt 0.104235 0.144894
vt 0.098329 0.139322
vt 0.118419 0.139522
vt 0.121430 0.148320
vt 0.088119 0.132955
vt 0.106857 0.132140
vt 0.685618 0.355372
vt 0.682590 0.353540
vt 0.686730 0.347270
vt 0.691155 0.347372
vt 0.684496 0.340252
vt 0.677784 0.342716
vt 0.867693 0.180447
vt 0.858845 0.179597
vt 0.848892 0.175412
vt 0.866954 0.178428
vt 0.862814 0.172263
vt 0.846194 0.169651
vt 0.983795 0.282648
vt 0.978771 0.280052
vt 0.979250 0.259218
vt 0.985350 0.263934
vt 0.993412 0.256803
vt 0.987049 0.252715
vt 0.698546 0.337667
vt 0.705765 0.346143
vt 0.713498 0.347997
vt 0.716474 0.337658
vt 0.906038 0.174154
vt 0.901912 0.187349
vt 0.895419 0.181998
vt 0.914443 0.181886
vt 0.367333 0.073141
vt 0.310961 0.059440
vt 0.337293 0.088623
vt 0.666675 0.331705
vt 0.670097 0.322941
vt 0.681320 0.319210
vt 0.704965 0.328783
vt 0.625049 0.357720
vt 0.655800 0.356088
vt 0.654655 0.365314
vt 0.613007 0.362651
vt 0.660147 0.359327
vt 0.660296 0.360422
vt 0.708143 0.692111
vt 0.702598 0.695179
vt 0.705725 0.698485
vt 0.692980 0.700199
vt 0.015903 0.337709
vt 0.016707 0.333117
vt 0.715397 0.388828
vt 0.711412 0.395048
vt 0.694629 0.381315
vt 0.731578 0.406729
vt 0.714014 0.410015
vt 0.729701 0.399730
vt 0.880004 0.178406
vt 0.877083 0.182885
vt 0.068135 0.148415
vt 0.065305 0.142102
vt 0.071736 0.142107
vt 0.085572 0.151990
vt 0.074733 0.137132
vt 0.068906 0.139141
vt 0.707579 0.638227
vt 0.719434 0.625634
vt 0.728127 0.642237
vt 0.718250 0.652637
vt 0.060634 0.159372
vt 0.079840 0.161536
vt 0.750394 0.477032
vt 0.744020 0.475263
vt 0.749843 0.464121
vt 0.750693 0.462385
vt 0.738651 0.469046
vt 0.748560 0.458292
vt 0.549974 0.681225
vt 0.545931 0.681796
vt 0.546881 0.679049
vt 0.265414 0.705327
vt 0.263813 0.694347
vt 0.271812 0.692558
vt 0.271052 0.697336
vt 0.272069 0.687420
vt 0.275972 0.688586
vt 0.096896 0.156022
vt 0.711189 0.700888
vt 0.692225 0.705892
vt 0.450076 0.644346
vt 0.428329 0.667102
vt 0.432795 0.644265
vt 0.019668 0.330470
vt 0.031682 0.340415
vt 0.121676 0.097027
vt 0.106736 0.082022
vt 0.116909 0.067169
vt 0.126626 0.089899
vt 0.090764 0.064530
vt 0.102333 0.047979
vt 0.733775 0.460057
vt 0.749888 0.451169
vt 0.812084 0.209880
vt 0.809733 0.209759
vt 0.820714 0.247061
vt 0.814838 0.252315
vt 0.393971 0.177409
vt 0.399562 0.175684
vt 0.401247 0.176887
vt 0.396689 0.180179
vt 0.555665 0.431599
vt 0.551425 0.431134
vt 0.552257 0.421706
vt 0.556106 0.424044
vt 0.556426 0.420981
vt 0.553519 0.419510
vt 0.269462 0.682003
vt 0.261869 0.685268
vt 0.251841 0.690825
vt 0.252146 0.693673
vt 0.068323 0.117262
vt 0.088911 0.122258
vt 0.059819 0.127068
vt 0.050380 0.132829
vt 0.827578 0.242134
vt 0.823424 0.222233
vt 0.895461 0.205398
vt 0.880295 0.213733
vt 0.865949 0.196946
vt 0.886483 0.194502
vt 0.880512 0.190389
vt 0.862147 0.190684
vt 0.867208 0.223968
vt 0.852308 0.205571
vt 0.393029 0.171381
vt 0.400001 0.175886
vt 0.515926 0.540311
vt 0.514819 0.530188
vt 0.540740 0.529907
vt 0.537523 0.542220
vt 0.546113 0.543117
vt 0.547161 0.533281
vt 0.552122 0.530891
vt 0.552908 0.520341
vt 0.559055 0.520714
vt 0.563437 0.524321
vt 0.558034 0.534519
vt 0.555576 0.528364
vt 0.552226 0.542395
vt 0.063907 0.138935
vt 0.382200 0.881787
vt 0.385877 0.886441
vt 0.356980 0.885305
vt 0.357698 0.881345
vt 0.390302 0.890675
vt 0.361122 0.889366
vt 0.258596 0.671236
vt 0.250895 0.673356
vt 0.244013 0.675896
vt 0.245792 0.691577
vt 0.715372 0.793625
vt 0.713116 0.798398
vt 0.705191 0.800446
vt 0.703667 0.790802
vt 0.246654 0.699067
vt 0.555955 0.837006
vt 0.568456 0.837833
vt 0.561106 0.839164
vt 0.553100 0.841042
vt 0.590170 0.354630
vt 0.586240 0.359939
vt 0.605746 0.376315
vt 0.602775 0.367465
vt 0.608970 0.382974
vt 0.566212 0.512624
vt 0.563678 0.508767
vt 0.596400 0.725287
vt 0.594808 0.720375
vt 0.608850 0.720845
vt 0.612612 0.728836
vt 0.616826 0.713921
vt 0.618227 0.718809
vt 0.653104 0.822987
vt 0.674245 0.828368
vt 0.671772 0.837651
vt 0.651598 0.830264
vt 0.695314 0.831814
vt 0.689749 0.839007
vt 0.694727 0.824924
vt 0.709374 0.828684
vt 0.707697 0.833577
vt 0.573133 0.738226
vt 0.560582 0.734691
vt 0.558357 0.729276
vt 0.575830 0.733871
vt 0.695186 0.817724
vt 0.711685 0.820900
vt 0.551479 0.721602
vt 0.560173 0.723711
vt 0.546630 0.723183
vt 0.721855 0.822294
vt 0.721582 0.827559
vt 0.577662 0.728069
vt 0.614239 0.815010
vt 0.614855 0.807358
vt 0.636917 0.812561
vt 0.634368 0.818185
vt 0.618636 0.799471
vt 0.639892 0.801587
vt 0.655026 0.815266
vt 0.592461 0.745064
vt 0.594319 0.753231
vt 0.576245 0.745363
vt 0.606525 0.749581
vt 0.604607 0.755759
vt 0.677411 0.810840
vt 0.680275 0.802211
vt 0.696965 0.808201
vt 0.560357 0.719540
vt 0.579152 0.720527
vt 0.712984 0.814345
vt 0.657828 0.806345
vt 0.594836 0.731856
vt 0.695457 0.799835
vt 0.676546 0.792504
vt 0.682953 0.788928
vt 0.570189 0.833416
vt 0.590099 0.833234
vt 0.587982 0.840338
vt 0.621870 0.761069
vt 0.646197 0.768044
vt 0.643984 0.772783
vt 0.619290 0.764980
vt 0.666759 0.776034
vt 0.663336 0.781049
vt 0.609551 0.833752
vt 0.602796 0.838168
vt 0.662893 0.784949
vt 0.245099 0.698922
vt 0.241627 0.698085
vt 0.748403 0.808451
vt 0.754051 0.812190
vt 0.752587 0.815980
vt 0.748289 0.812789
vt 0.242342 0.708903
vt 0.240053 0.709564
vt 0.726276 0.575110
vt 0.724560 0.562876
vt 0.734859 0.550079
vt 0.737821 0.562209
vt 0.722240 0.543685
vt 0.728788 0.530485
vt 0.743146 0.548815
vt 0.742667 0.552930
vt 0.739395 0.544956
vt 0.741886 0.558782
vt 0.580701 0.365810
vt 0.747639 0.553412
vt 0.751923 0.554461
vt 0.753837 0.556787
vt 0.747415 0.556879
vt 0.472456 0.836800
vt 0.470150 0.835035
vt 0.479082 0.823407
vt 0.477870 0.828514
vt 0.236638 0.696961
vt 0.237021 0.691362
vt 0.491494 0.593991
vt 0.473890 0.585477
vt 0.486204 0.577075
vt 0.501484 0.578726
vt 0.489167 0.559849
vt 0.511243 0.560671
vt 0.731858 0.520897
vt 0.735311 0.533516
vt 0.744121 0.531046
vt 0.739094 0.520017
vt 0.350973 0.168024
vt 0.343617 0.136927
vt 0.365192 0.128073
vt 0.368154 0.158338
vt 0.386400 0.122839
vt 0.379371 0.136406
vt 0.377004 0.111492
vt 0.376052 0.155878
vt 0.455772 0.554237
vt 0.471174 0.558048
vt 0.456550 0.581895
vt 0.732050 0.579576
vt 0.716812 0.591112
vt 0.713194 0.576252
vt 0.471563 0.847839
vt 0.466639 0.848451
vt 0.468047 0.858536
vt 0.461158 0.859228
vt 0.573708 0.429801
vt 0.570800 0.423408
vt 0.579645 0.414992
vt 0.582723 0.424158
vt 0.593035 0.416743
vt 0.591150 0.407240
vt 0.569639 0.419798
vt 0.574685 0.414234
vt 0.589013 0.395933
vt 0.579360 0.401463
vt 0.574069 0.404305
vt 0.208458 0.694540
vt 0.226862 0.691669
vt 0.225236 0.698563
vt 0.208057 0.698976
vt 0.750729 0.804352
vt 0.753969 0.797035
vt 0.763467 0.803389
vt 0.758305 0.808976
vt 0.783345 0.806596
vt 0.779671 0.814711
vt 0.767864 0.793941
vt 0.758974 0.787881
vt 0.260068 0.706307
vt 0.254786 0.709750
vt 0.258839 0.712046
vt 0.253461 0.717448
vt 0.724305 0.510440
vt 0.717518 0.519416
vt 0.718298 0.489052
vt 0.726803 0.489460
vt 0.689789 0.481549
vt 0.712512 0.464061
vt 0.698842 0.505828
vt 0.705368 0.532629
vt 0.727075 0.507460
vt 0.732012 0.506968
vt 0.735618 0.515315
vt 0.475396 0.871207
vt 0.472768 0.858033
vt 0.478416 0.856130
vt 0.483693 0.870519
vt 0.256486 0.718654
vt 0.253151 0.722039
vt 0.542286 0.836120
vt 0.534870 0.835749
vt 0.533789 0.833036
vt 0.541010 0.832913
vt 0.540784 0.828295
vt 0.529177 0.830099
vt 0.700577 0.589211
vt 0.708447 0.607334
vt 0.724230 0.614264
vt 0.405302 0.881110
vt 0.404557 0.884772
vt 0.817531 0.308813
vt 0.816635 0.305234
vt 0.821778 0.295986
vt 0.826407 0.295483
vt 0.826676 0.269904
vt 0.821555 0.274488
vt 0.731738 0.491667
vt 0.735118 0.490952
vt 0.547646 0.508017
vt 0.558633 0.500537
vt 0.517975 0.827814
vt 0.526622 0.822755
vt 0.520674 0.834237
vt 0.590726 0.813566
vt 0.571220 0.815051
vt 0.569519 0.803344
vt 0.592088 0.803441
vt 0.558309 0.785755
vt 0.575793 0.791898
vt 0.552772 0.793356
vt 0.595385 0.795613
vt 0.576714 0.393911
vt 0.573309 0.387891
vt 0.582492 0.381333
vt 0.587158 0.388493
vt 0.576127 0.374744
vt 0.580924 0.369985
vt 0.573346 0.377928
vt 0.568756 0.382306
vt 0.599023 0.374982
vt 0.597432 0.371009
vt 0.600472 0.779735
vt 0.600952 0.773603
vt 0.618615 0.777759
vt 0.620616 0.784286
vt 0.090262 0.760456
vt 0.092848 0.743577
vt 0.116144 0.750605
vt 0.110132 0.759805
vt 0.641112 0.333614
vt 0.605975 0.328721
vt 0.616626 0.318055
vt 0.644132 0.321209
vt 0.918710 0.226788
vt 0.930444 0.229500
vt 0.943000 0.254501
vt 0.927992 0.259085
vt 0.937450 0.287226
vt 0.948534 0.280232
vt 0.774280 0.785076
vt 0.786575 0.801173
vt 0.228620 0.177290
vt 0.232205 0.187086
vt 0.211665 0.197306
vt 0.204256 0.185525
vt 0.763194 0.776689
vt 0.796110 0.759253
vt 0.790167 0.778143
vt 0.776928 0.765260
vt 0.766804 0.764192
vt 0.687724 0.738734
vt 0.663831 0.733870
vt 0.669525 0.728625
vt 0.690694 0.732507
vt 0.841905 0.310639
vt 0.825706 0.313630
vt 0.840800 0.290765
vt 0.834901 0.265347
vt 0.360265 0.898426
vt 0.385645 0.905156
vt 0.372282 0.923278
vt 0.350545 0.912208
vt 0.368644 0.567471
vt 0.378407 0.553837
vt 0.401475 0.586731
vt 0.385961 0.590096
vt 0.393797 0.532344
vt 0.415941 0.557835
vt 0.073833 0.080350
vt 0.055077 0.046096
vt 0.070047 0.036009
vt 0.429395 0.570397
vt 0.422895 0.603595
vt 0.552154 0.816876
vt 0.536902 0.815868
vt 0.538651 0.810317
vt 0.550012 0.809207
vt 0.526236 0.814768
vt 0.533882 0.804359
vt 0.544465 0.800723
vt 0.567038 0.363016
vt 0.567197 0.368777
vt 0.566826 0.374986
vt 0.574150 0.371548
vt 0.397444 0.100630
vt 0.407539 0.096778
vt 0.415748 0.114053
vt 0.403930 0.113880
vt 0.801398 0.747594
vt 0.784808 0.751277
vt 0.790357 0.740465
vt 0.804039 0.739165
vt 0.773078 0.754133
vt 0.777942 0.744922
vt 0.405590 0.120943
vt 0.411950 0.119753
vt 0.784429 0.737161
vt 0.794175 0.735433
vt 0.538654 0.822811
vt 0.516081 0.813972
vt 0.521592 0.800367
vt 0.515304 0.821571
vt 0.529528 0.794091
vt 0.564799 0.380116
vt 0.558027 0.381878
vt 0.555006 0.376585
vt 0.511123 0.830337
vt 0.507446 0.826357
vt 0.503931 0.831253
vt 0.502291 0.824997
vt 0.504341 0.813020
vt 0.510575 0.815302
vt 0.549975 0.384685
vt 0.550956 0.374816
vt 0.562715 0.386403
vt 0.559027 0.388005
vt 0.546234 0.372050
vt 0.545752 0.370474
vt 0.545786 0.475199
vt 0.535548 0.458421
vt 0.543927 0.464422
vt 0.547361 0.472052
vt 0.496361 0.830175
vt 0.490886 0.829041
vt 0.489013 0.823962
vt 0.495072 0.823827
vt 0.535920 0.453850
vt 0.551112 0.460214
vt 0.542651 0.477688
vt 0.531439 0.479077
vt 0.527993 0.470676
vt 0.533027 0.464452
vt 0.548523 0.368404
vt 0.142431 0.662097
vt 0.135646 0.654864
vt 0.137957 0.649507
vt 0.142306 0.650642
vt 0.093034 0.699453
vt 0.092487 0.705543
vt 0.090430 0.704099
vt 0.090821 0.699296
vt 0.785767 0.906206
vt 0.785413 0.910081
vt 0.780030 0.910647
vt 0.779120 0.907981
vt 0.775175 0.909558
vt 0.777402 0.911963
vt 0.783529 0.886352
vt 0.790096 0.887952
vt 0.785896 0.895231
vt 0.779481 0.891968
vt 0.799060 0.888924
vt 0.796044 0.896153
vt 0.778682 0.903629
vt 0.777073 0.899482
vt 0.785947 0.901555
vt 0.794312 0.901162
vt 0.773537 0.895993
vt 0.028367 0.303087
vt 0.031757 0.318655
vt 0.025429 0.319623
vt 0.022944 0.304515
vt 0.035222 0.330466
vt 0.029728 0.333474
vt 0.014223 0.282038
vt 0.018085 0.282948
vt 0.016906 0.306173
vt 0.013004 0.297272
vt 0.022118 0.283103
vt 0.848173 0.767773
vt 0.846440 0.757248
vt 0.850215 0.761296
vt 0.853546 0.769236
vt 0.846425 0.746250
vt 0.850202 0.748657
vt 0.042409 0.317312
vt 0.041275 0.328293
vt 0.038337 0.300732
vt 0.043871 0.313757
vt 0.035162 0.301780
vt 0.838613 0.744815
vt 0.841383 0.743202
vt 0.841072 0.751647
vt 0.837356 0.750794
vt 0.844338 0.763177
vt 0.117854 0.178700
vt 0.113575 0.181738
vt 0.112245 0.180510
vt 0.112430 0.176239
vt 0.109267 0.188920
vt 0.113606 0.189976
vt 0.753541 0.660522
vt 0.752683 0.670399
vt 0.743326 0.672051
vt 0.747293 0.659533
vt 0.941655 0.935924
vt 0.950579 0.935438
vt 0.927621 0.941623
vt 0.927083 0.936376
vt 0.096348 0.194147
vt 0.090273 0.188805
vt 0.101749 0.166247
vt 0.103649 0.177600
vt 0.111199 0.171511
vt 0.121137 0.165378
vt 0.144787 0.117840
vt 0.141382 0.113128
vt 0.150642 0.119585
vt 0.146130 0.124288
vt 0.148930 0.137064
vt 0.155061 0.137434
vt 0.962737 0.978922
vt 0.944453 0.977997
vt 0.944714 0.968679
vt 0.963281 0.974070
vt 0.964721 0.969142
vt 0.948730 0.956562
vt 0.139082 0.119895
vt 0.140691 0.124043
vt 0.137138 0.125197
vt 0.135982 0.119910
vt 0.128632 0.169273
vt 0.124884 0.148953
vt 0.131614 0.151659
vt 0.929608 0.951484
vt 0.764464 0.659730
vt 0.753742 0.681256
vt 0.776425 0.689728
vt 0.756985 0.686856
vt 0.776506 0.678742
vt 0.780145 0.660652
vt 0.963794 0.916344
vt 0.961472 0.929909
vt 0.956853 0.916821
vt 0.956871 0.951034
vt 0.963112 0.945767
vt 0.105580 0.221298
vt 0.100026 0.221195
vt 0.102435 0.198156
vt 0.107054 0.200886
vt 0.106487 0.183688
vt 0.092084 0.216989
vt 0.794523 0.680517
vt 0.787392 0.691433
vt 0.798164 0.700623
vt 0.806049 0.698424
vt 0.805144 0.654947
vt 0.808736 0.675577
vt 0.794661 0.659269
vt 0.815149 0.696273
vt 0.137899 0.172254
vt 0.132448 0.187407
vt 0.123395 0.176018
vt 0.121052 0.189391
vt 0.147888 0.174521
vt 0.144193 0.190235
vt 0.140927 0.203104
vt 0.130297 0.202748
vt 0.120608 0.202511
vt 0.784631 0.697149
vt 0.780045 0.697619
vt 0.963115 0.906699
vt 0.959089 0.907693
vt 0.970580 0.925179
vt 0.968968 0.945137
vt 0.147669 0.154708
vt 0.154471 0.154072
vt 0.158184 0.173484
vt 0.968902 0.912507
vt 0.168728 0.191195
vt 0.154699 0.189946
vt 0.169348 0.181211
vt 0.790749 0.704156
vt 0.784643 0.706837
vt 0.821887 0.695421
vt 0.825939 0.713946
vt 0.818104 0.715224
vt 0.827106 0.695198
vt 0.830366 0.714780
vt 0.038896 0.282157
vt 0.045407 0.281950
vt 0.042226 0.299688
vt 0.833393 0.733043
vt 0.831882 0.733782
vt 0.848676 0.699690
vt 0.842801 0.698303
vt 0.841756 0.680876
vt 0.848959 0.688611
vt 0.966265 0.902558
vt 0.976600 0.889096
vt 0.978616 0.909015
vt 0.836540 0.695670
vt 0.834770 0.677145
vt 0.188621 0.214866
vt 0.180280 0.210858
vt 0.186679 0.194250
vt 0.195589 0.199361
vt 0.165221 0.205336
vt 0.812672 0.649148
vt 0.817515 0.672823
vt 0.804455 0.631003
vt 0.811741 0.624973
vt 0.822151 0.671697
vt 0.819973 0.649793
vt 0.819133 0.639013
vt 0.820412 0.644145
vt 0.826758 0.637560
vt 0.829488 0.647756
vt 0.828142 0.673814
vt 0.831907 0.620446
vt 0.835725 0.624501
vt 0.840238 0.627597
vt 0.838011 0.651953
vt 0.021663 0.600260
vt 0.018037 0.582634
vt 0.023707 0.583395
vt 0.025207 0.596212
vt 0.026878 0.588708
vt 0.028853 0.583909
vt 0.036861 0.578406
vt 0.035118 0.577213
vt 0.835981 0.941207
vt 0.831505 0.942853
vt 0.831164 0.937400
vt 0.835240 0.935340
vt 0.825158 0.944225
vt 0.827805 0.937783
vt 0.204360 0.901952
vt 0.208800 0.898312
vt 0.213954 0.902632
vt 0.211107 0.904658
vt 0.211631 0.907447
vt 0.206555 0.905179
vt 0.809677 0.955510
vt 0.810830 0.948819
vt 0.820845 0.949084
vt 0.822649 0.952709
vt 0.203295 0.893760
vt 0.200238 0.896191
vt 0.204638 0.912304
vt 0.207943 0.909549
vt 0.209756 0.915837
vt 0.207444 0.916582
vt 0.206108 0.919333
vt 0.208735 0.919895
vt 0.808937 0.942321
vt 0.806959 0.936146
vt 0.810197 0.935658
vt 0.813678 0.940560
vt 0.202576 0.916290
vt 0.805044 0.941201
vt 0.804690 0.935758
vt 0.196985 0.910664
vt 0.202703 0.902026
vt 0.191769 0.905993
vt 0.200357 0.899355
vt 0.813962 0.962058
vt 0.827315 0.964141
vt 0.194160 0.891834
vt 0.200885 0.899244
vt 0.191494 0.895997
vt 0.805878 0.957649
vt 0.806283 0.948314
vt 0.199219 0.915108
vt 0.807268 0.966240
vt 0.186170 0.914613
vt 0.191590 0.914864
vt 0.237923 0.981307
vt 0.238963 0.977289
vt 0.246785 0.980390
vt 0.248985 0.983059
vt 0.248901 0.976424
vt 0.246404 0.977249
vt 0.241747 0.973853
vt 0.248575 0.971016
vt 0.253768 0.977733
vt 0.834348 0.978838
vt 0.840918 0.981683
vt 0.841459 0.989551
vt 0.837316 0.988701
vt 0.844075 0.986719
vt 0.844328 0.993182
vt 0.844266 0.971685
vt 0.845671 0.977820
vt 0.838482 0.975373
vt 0.834202 0.972128
vt 0.823503 0.972874
vt 0.231405 0.967923
vt 0.236092 0.964861
vt 0.224118 0.962010
vt 0.223469 0.955745
vt 0.812150 0.976317
vt 0.816254 0.986093
vt 0.179126 0.908087
vt 0.186197 0.901510
vt 0.797072 0.958527
vt 0.796897 0.952400
vt 0.791113 0.951836
vt 0.790644 0.955980
vt 0.785120 0.962196
vt 0.787854 0.967594
vt 0.800477 0.968908
vt 0.837339 0.961305
vt 0.843697 0.955981
vt 0.849263 0.967565
vt 0.854528 0.982000
vt 0.856214 0.978468
vt 0.173789 0.861211
vt 0.175160 0.854845
vt 0.182586 0.858253
vt 0.181778 0.862771
vt 0.167779 0.898203
vt 0.171832 0.890896
vt 0.177764 0.884544
vt 0.217845 0.966350
vt 0.208770 0.959903
vt 0.803008 0.980225
vt 0.804167 0.990791
vt 0.207791 0.945676
vt 0.219132 0.944275
vt 0.228218 0.972452
vt 0.210338 0.978705
vt 0.204265 0.978055
vt 0.208236 0.969743
vt 0.215018 0.974429
vt 0.202527 0.969108
vt 0.184841 0.978108
vt 0.185565 0.968069
vt 0.187852 0.956883
vt 0.191383 0.945191
vt 0.094176 0.847321
vt 0.083337 0.835271
vt 0.098075 0.832565
vt 0.104063 0.838433
vt 0.115495 0.827544
vt 0.103205 0.818166
vt 0.104512 0.796582
vt 0.092318 0.789068
vt 0.093921 0.778368
vt 0.110805 0.790910
vt 0.116158 0.783489
vt 0.100212 0.771484
vt 0.542125 0.868579
vt 0.544987 0.882617
vt 0.536161 0.880019
vt 0.534739 0.869457
vt 0.952252 0.867537
vt 0.944918 0.866038
vt 0.943635 0.838105
vt 0.954448 0.843922
vt 0.936870 0.866678
vt 0.932164 0.836469
vt 0.018286 0.637114
vt 0.017515 0.626041
vt 0.027056 0.609763
vt 0.031746 0.625263
vt 0.094714 0.803595
vt 0.088292 0.819425
vt 0.086829 0.805756
vt 0.529590 0.834990
vt 0.542270 0.851142
vt 0.535071 0.848053
vt 0.527603 0.836732
vt 0.537988 0.857006
vt 0.530264 0.852333
vt 0.523517 0.836770
vt 0.547972 0.866932
vt 0.548842 0.849034
vt 0.059230 0.553498
vt 0.045779 0.570219
vt 0.042446 0.563783
vt 0.054910 0.549553
vt 0.014198 0.650472
vt 0.010476 0.648948
vt 0.086165 0.797628
vt 0.084337 0.799896
vt 0.022487 0.570717
vt 0.015623 0.569842
vt 0.014874 0.577745
vt 0.016629 0.583792
vt 0.011024 0.579059
vt 0.012832 0.569230
vt 0.008746 0.567415
vt 0.828964 0.846400
vt 0.822458 0.843883
vt 0.826052 0.839734
vt 0.832962 0.840465
vt 0.862929 0.800422
vt 0.865639 0.822217
vt 0.859887 0.831331
vt 0.851220 0.805773
vt 0.867964 0.838788
vt 0.859195 0.843409
vt 0.302295 0.966871
vt 0.311270 0.971135
vt 0.308931 0.981063
vt 0.300603 0.971928
vt 0.848293 0.845742
vt 0.846782 0.838440
vt 0.066348 0.565230
vt 0.079268 0.557227
vt 0.080215 0.563612
vt 0.070622 0.571100
vt 0.091069 0.556863
vt 0.087790 0.563806
vt 0.076001 0.575896
vt 0.121160 0.267293
vt 0.120936 0.279987
vt 0.115811 0.281644
vt 0.117149 0.267018
vt 0.112619 0.267300
vt 0.111331 0.283352
vt 0.124030 0.285487
vt 0.119050 0.286651
vt 0.107791 0.294798
vt 0.113984 0.291519
vt 0.067823 0.540125
vt 0.076755 0.531861
vt 0.087755 0.542412
vt 0.075690 0.546213
vt 0.078464 0.551575
vt 0.092237 0.549729
vt 0.131315 0.291455
vt 0.126754 0.295292
vt 0.093078 0.714589
vt 0.090879 0.709383
vt 0.093050 0.709311
vt 0.095335 0.712325
vt 0.097570 0.707814
vt 0.094512 0.706074
vt 0.126547 0.267802
vt 0.124670 0.277962
vt 0.132541 0.269978
vt 0.128213 0.282143
vt 0.101790 0.558803
vt 0.099467 0.565113
vt 0.121814 0.555222
vt 0.122759 0.560060
vt 0.124752 0.566518
vt 0.102324 0.574734
vt 0.818042 0.868655
vt 0.804292 0.873100
vt 0.805322 0.864240
vt 0.811026 0.860730
vt 0.794190 0.874176
vt 0.797767 0.861614
vt 0.804029 0.859345
vt 0.289187 0.942913
vt 0.287467 0.936825
vt 0.301431 0.932745
vt 0.301282 0.941967
vt 0.138117 0.669633
vt 0.147323 0.662628
vt 0.137822 0.675249
vt 0.828426 0.574729
vt 0.828804 0.594950
vt 0.820246 0.593267
vt 0.821246 0.572901
vt 0.812833 0.576951
vt 0.811065 0.598587
vt 0.827513 0.615206
vt 0.818756 0.620055
vt 0.127919 0.669990
vt 0.131115 0.661258
vt 0.941759 0.886814
vt 0.948287 0.885066
vt 0.548735 0.883669
vt 0.557975 0.900439
vt 0.549878 0.903886
vt 0.311034 0.942660
vt 0.311516 0.932786
vt 0.144927 0.647296
vt 0.152230 0.644864
vt 0.153276 0.654826
vt 0.088596 0.594005
vt 0.104471 0.581798
vt 0.108405 0.591911
vt 0.097326 0.602816
vt 0.125599 0.575713
vt 0.124065 0.592941
vt 0.108658 0.610839
vt 0.562055 0.897503
vt 0.555008 0.883303
vt 0.560878 0.879387
vt 0.566365 0.884383
vt 0.564965 0.914515
vt 0.558595 0.920019
vt 0.120876 0.709247
vt 0.130671 0.714089
vt 0.127514 0.718259
vt 0.116024 0.715034
vt 0.816721 0.852168
vt 0.811471 0.849397
vt 0.265109 0.961041
vt 0.261011 0.961691
vt 0.255884 0.951878
vt 0.262912 0.950285
vt 0.122711 0.703542
vt 0.130129 0.708440
vt 0.753254 0.531219
vt 0.751770 0.522127
vt 0.760771 0.520089
vt 0.761102 0.531196
vt 0.766275 0.533305
vt 0.767527 0.522259
vt 0.766998 0.514138
vt 0.761462 0.511008
vt 0.145324 0.637512
vt 0.152391 0.635630
vt 0.260850 0.941294
vt 0.269992 0.941874
vt 0.271127 0.947454
vt 0.275685 0.938276
vt 0.278960 0.944715
vt 0.122728 0.695996
vt 0.130116 0.685589
vt 0.129738 0.692726
vt 0.571683 0.884347
vt 0.568585 0.905555
vt 0.579157 0.885148
vt 0.576289 0.913308
vt 0.116272 0.704753
vt 0.140163 0.573199
vt 0.141004 0.583714
vt 0.115340 0.615196
vt 0.131336 0.600534
vt 0.144251 0.589568
vt 0.111208 0.637057
vt 0.100411 0.650255
vt 0.096038 0.642464
vt 0.106577 0.632480
vt 0.101905 0.628391
vt 0.091059 0.639322
vt 0.088086 0.649131
vt 0.123060 0.549456
vt 0.140155 0.553889
vt 0.135652 0.556294
vt 0.135619 0.562077
vt 0.111167 0.712165
vt 0.081570 0.662401
vt 0.090209 0.664033
vt 0.115200 0.641122
vt 0.106427 0.652481
vt 0.097088 0.666239
vt 0.824868 0.854366
vt 0.834519 0.856019
vt 0.831058 0.873000
vt 0.574026 0.933114
vt 0.768918 0.898563
vt 0.763965 0.894773
vt 0.769468 0.892371
vt 0.928141 0.910872
vt 0.940235 0.909258
vt 0.945219 0.912781
vt 0.932019 0.918652
vt 0.764312 0.901640
vt 0.761600 0.900880
vt 0.393013 0.824299
vt 0.403843 0.837075
vt 0.395488 0.855711
vt 0.390637 0.845615
vt 0.381547 0.826191
vt 0.383641 0.849735
vt 0.369297 0.844045
vt 0.388024 0.854796
vt 0.387098 0.856354
vt 0.425758 0.843941
vt 0.408926 0.858355
vt 0.501186 0.427413
vt 0.511538 0.410829
vt 0.530788 0.410160
vt 0.517866 0.430648
vt 0.547012 0.435583
vt 0.550828 0.413211
vt 0.913790 0.908260
vt 0.916085 0.916029
vt 0.102789 0.667859
vt 0.099728 0.682352
vt 0.092424 0.683017
vt 0.082886 0.680636
vt 0.098446 0.692461
vt 0.094600 0.692647
vt 0.199190 0.336348
vt 0.188905 0.365963
vt 0.180309 0.366734
vt 0.191077 0.334533
vt 0.092096 0.693221
vt 0.089530 0.688081
vt 0.183575 0.334314
vt 0.173510 0.359415
vt 0.433171 0.825145
vt 0.459929 0.820533
vt 0.457327 0.833154
vt 0.476177 0.818836
vt 0.466419 0.834355
vt 0.078721 0.699362
vt 0.082168 0.700762
vt 0.178808 0.392001
vt 0.171816 0.393168
vt 0.524129 0.779286
vt 0.518795 0.781970
vt 0.516826 0.799115
vt 0.514585 0.782946
vt 0.557096 0.372154
vt 0.555261 0.368647
vt 0.567292 0.355948
vt 0.556995 0.362470
vt 0.544791 0.361278
vt 0.551097 0.361981
vt 0.551568 0.358031
vt 0.444544 0.531095
vt 0.436436 0.516596
vt 0.443832 0.518592
vt 0.451525 0.535068
vt 0.467206 0.540270
vt 0.466831 0.533101
vt 0.468108 0.522907
vt 0.446191 0.506945
vt 0.486388 0.424445
vt 0.500487 0.401399
vt 0.906884 0.919747
vt 0.900093 0.904943
vt 0.503239 0.375958
vt 0.507710 0.391286
vt 0.496184 0.375640
vt 0.769537 0.744277
vt 0.762925 0.742425
vt 0.766631 0.736292
vt 0.774294 0.737041
vt 0.759012 0.739694
vt 0.765553 0.734196
vt 0.541123 0.366261
vt 0.541674 0.366577
vt 0.427316 0.532967
vt 0.431665 0.518385
vt 0.438212 0.529190
vt 0.436671 0.543327
vt 0.444748 0.549377
vt 0.758587 0.749816
vt 0.755112 0.748696
vt 0.750098 0.746900
vt 0.753779 0.739567
vt 0.757213 0.733102
vt 0.765617 0.733345
vt 0.437070 0.814744
vt 0.464340 0.806583
vt 0.543060 0.356699
vt 0.547229 0.771215
vt 0.545185 0.776788
vt 0.535733 0.770570
vt 0.535061 0.766950
vt 0.524652 0.765837
vt 0.531133 0.773138
vt 0.035988 0.492428
vt 0.037726 0.486282
vt 0.040077 0.485974
vt 0.039679 0.495260
vt 0.042627 0.495445
vt 0.042734 0.486495
vt 0.631337 0.913717
vt 0.642293 0.912111
vt 0.645702 0.916340
vt 0.637680 0.921596
vt 0.647338 0.883783
vt 0.644276 0.875727
vt 0.659680 0.870319
vt 0.664296 0.877551
vt 0.640486 0.869335
vt 0.657136 0.862297
vt 0.679345 0.870761
vt 0.676968 0.864304
vt 0.676291 0.856822
vt 0.619341 0.914801
vt 0.616121 0.908732
vt 0.627371 0.905942
vt 0.611700 0.915165
vt 0.610511 0.901720
vt 0.688329 0.867862
vt 0.688612 0.873483
vt 0.682825 0.877766
vt 0.687682 0.883128
vt 0.695107 0.875010
vt 0.696553 0.867670
vt 0.622801 0.896338
vt 0.608110 0.888475
vt 0.616834 0.887290
vt 0.620857 0.885218
vt 0.626384 0.888800
vt 0.604407 0.912571
vt 0.604927 0.903917
vt 0.601416 0.895122
vt 0.612872 0.874946
vt 0.617425 0.879626
vt 0.629375 0.874667
vt 0.623310 0.881174
vt 0.625042 0.869966
vt 0.620765 0.863705
vt 0.599696 0.924662
vt 0.593298 0.920642
vt 0.597834 0.917396
vt 0.601885 0.919590
vt 0.598398 0.911938
vt 0.590089 0.912842
vt 0.622310 0.921053
vt 0.615963 0.921723
vt 0.607998 0.924608
vt 0.605884 0.921518
vt 0.606169 0.926616
vt 0.612250 0.927342
vt 0.589769 0.891517
vt 0.601130 0.880458
vt 0.609705 0.867635
vt 0.593950 0.908185
vt 0.599352 0.906299
vt 0.695149 0.853670
vt 0.701070 0.853408
vt 0.702242 0.861342
vt 0.695286 0.860559
vt 0.710966 0.862271
vt 0.702600 0.866587
vt 0.676944 0.899292
vt 0.680527 0.901214
vt 0.661333 0.913580
vt 0.658309 0.908179
vt 0.654128 0.921502
vt 0.686594 0.906035
vt 0.669000 0.914717
vt 0.662304 0.922541
vt 0.583074 0.909037
vt 0.590308 0.899755
vt 0.589091 0.924401
vt 0.583248 0.892810
vt 0.702881 0.874800
vt 0.708081 0.876628
vt 0.698543 0.843375
vt 0.702811 0.844622
vt 0.714193 0.877528
vt 0.717774 0.862077
vt 0.709840 0.846684
vt 0.675831 0.926073
vt 0.666841 0.928209
vt 0.667210 0.925076
vt 0.675486 0.919881
vt 0.660664 0.927821
vt 0.625866 0.929228
vt 0.641025 0.929625
vt 0.675372 0.849518
vt 0.685416 0.848702
vt 0.687307 0.854105
vt 0.675764 0.842928
vt 0.693999 0.846136
vt 0.959503 0.055164
vt 0.948748 0.047324
vt 0.957670 0.038487
vt 0.963620 0.040629
vt 0.616951 0.925890
vt 0.617770 0.932246
vt 0.622425 0.939080
vt 0.632444 0.938801
vt 0.644703 0.937163
vt 0.598286 0.898969
vt 0.945815 0.052533
vt 0.935847 0.046049
vt 0.942264 0.038595
vt 0.597355 0.870275
vt 0.589143 0.879806
vt 0.607037 0.861774
vt 0.615405 0.852933
vt 0.617897 0.858949
vt 0.630170 0.849237
vt 0.627173 0.845394
vt 0.621925 0.841991
vt 0.606786 0.853086
vt 0.643203 0.838215
vt 0.648281 0.842082
vt 0.631158 0.836582
vt 0.023511 0.510590
vt 0.030414 0.526365
vt 0.020733 0.520921
vt 0.018845 0.509667
vt 0.920111 0.048350
vt 0.907508 0.045500
vt 0.922701 0.040235
vt 0.925889 0.045714
vt 0.666462 0.934948
vt 0.666042 0.932600
vt 0.673989 0.936848
vt 0.666853 0.936084
vt 0.661395 0.937836
vt 0.675328 0.941435
vt 0.689746 0.919430
vt 0.694852 0.924993
vt 0.985161 0.080336
vt 0.972511 0.090398
vt 0.976604 0.075754
vt 0.980017 0.068162
vt 0.973100 0.060911
vt 0.969931 0.065172
vt 0.963717 0.086663
vt 0.967316 0.078998
vt 0.968287 0.068674
vt 0.971905 0.073505
vt 0.968502 0.075465
vt 0.021223 0.827886
vt 0.025395 0.831076
vt 0.016967 0.840271
vt 0.010454 0.835502
vt 0.875963 0.061694
vt 0.870768 0.062873
vt 0.869597 0.055856
vt 0.872680 0.055683
vt 0.903398 0.040344
vt 0.906083 0.036030
vt 0.894181 0.049965
vt 0.899310 0.040855
vt 0.660963 0.933087
vt 0.655121 0.934780
vt 0.657374 0.941912
vt 0.616961 0.838039
vt 0.610228 0.844237
vt 0.725643 0.867041
vt 0.718070 0.883660
vt 0.721724 0.887857
vt 0.728785 0.877251
vt 0.731232 0.867951
vt 0.727883 0.861329
vt 0.043848 0.509058
vt 0.037031 0.509351
vt 0.040667 0.526464
vt 0.044659 0.524880
vt 0.968357 0.124758
vt 0.977643 0.120805
vt 0.980144 0.128305
vt 0.964543 0.133673
vt 0.733653 0.881947
vt 0.736803 0.872975
vt 0.813968 0.122757
vt 0.802986 0.124703
vt 0.803163 0.118258
vt 0.810710 0.117567
vt 0.963330 0.065749
vt 0.958975 0.067972
vt 0.954272 0.059559
vt 0.959021 0.145151
vt 0.969347 0.142171
vt 0.862899 0.090979
vt 0.859255 0.084247
vt 0.872856 0.076041
vt 0.877959 0.071772
vt 0.966424 0.071014
vt 0.960929 0.158117
vt 0.969069 0.162705
vt 0.962777 0.172175
vt 0.959282 0.169990
vt 0.964239 0.183566
vt 0.955522 0.172810
vt 0.969019 0.183761
vt 0.975658 0.147296
vt 0.917566 0.053270
vt 0.928336 0.057259
vt 0.925546 0.060774
vt 0.915764 0.059038
vt 0.925845 0.070358
vt 0.920583 0.067559
vt 0.930566 0.064785
vt 0.914839 0.064083
vt 0.931232 0.053685
vt 0.940114 0.059744
vt 0.936499 0.062490
vt 0.944905 0.065343
vt 0.937326 0.068840
vt 0.955250 0.153027
vt 0.947959 0.155641
vt 0.951397 0.164218
vt 0.956708 0.090781
vt 0.963735 0.096796
vt 0.984811 0.094615
vt 0.974758 0.099764
vt 0.967159 0.103520
vt 0.948035 0.074616
vt 0.939661 0.079060
vt 0.933430 0.078881
vt 0.933975 0.072066
vt 0.914897 0.074255
vt 0.909912 0.067898
vt 0.906832 0.061595
vt 0.951543 0.173247
vt 0.961704 0.184999
vt 0.956163 0.183866
vt 0.946402 0.173478
vt 0.233976 0.350550
vt 0.236107 0.352481
vt 0.224253 0.366150
vt 0.222860 0.364707
vt 0.208962 0.390044
vt 0.217308 0.375326
vt 0.211197 0.390828
vt 0.969744 0.202013
vt 0.966000 0.204044
vt 0.216400 0.375003
vt 0.206436 0.392584
vt 0.892689 0.073612
vt 0.886375 0.080223
vt 0.887780 0.064911
vt 0.925806 0.082449
vt 0.929909 0.086435
vt 0.936137 0.088627
vt 0.940229 0.143091
vt 0.944369 0.138337
vt 0.950951 0.137717
vt 0.948036 0.146446
vt 0.800046 0.136516
vt 0.803458 0.129452
vt 0.808036 0.133491
vt 0.808134 0.137853
vt 0.816580 0.128436
vt 0.817977 0.132581
vt 0.819271 0.138953
vt 0.955916 0.127352
vt 0.947781 0.128469
vt 0.958134 0.117066
vt 0.961682 0.116532
vt 0.954145 0.121620
vt 0.949342 0.121156
vt 0.956534 0.107226
vt 0.954270 0.102077
vt 0.957434 0.100516
vt 0.961157 0.106786
vt 0.944679 0.099159
vt 0.951172 0.093893
vt 0.398850 0.806443
vt 0.411194 0.815990
vt 0.879940 0.088894
vt 0.876983 0.082623
vt 0.946617 0.114060
vt 0.760897 0.726688
vt 0.768551 0.722451
vt 0.875259 0.118610
vt 0.858815 0.119416
vt 0.865318 0.099629
vt 0.874845 0.102192
vt 0.942698 0.112519
vt 0.940706 0.127749
vt 0.839267 0.933448
vt 0.831596 0.931978
vt 0.831069 0.921414
vt 0.837038 0.928209
vt 0.820318 0.910573
vt 0.833176 0.916334
vt 0.818066 0.913852
vt 0.184890 0.307490
vt 0.195341 0.302833
vt 0.193150 0.286951
vt 0.181578 0.290703
vt 0.836726 0.910311
vt 0.848559 0.913945
vt 0.841537 0.917187
vt 0.848632 0.921065
vt 0.846730 0.923475
vt 0.840579 0.904612
vt 0.850239 0.907470
vt 0.857698 0.908756
vt 0.857399 0.915978
vt 0.538135 0.361723
vt 0.534368 0.354542
vt 0.775450 0.714332
vt 0.777525 0.719120
vt 0.022176 0.792654
vt 0.034416 0.791892
vt 0.032595 0.805674
vt 0.019130 0.804580
vt 0.049539 0.792019
vt 0.048250 0.802573
vt 0.503580 0.758971
vt 0.505330 0.750057
vt 0.514749 0.752221
vt 0.516084 0.765338
vt 0.521063 0.767600
vt 0.523759 0.762674
vt 0.519412 0.771474
vt 0.515664 0.771371
vt 0.528721 0.775804
vt 0.919555 0.100528
vt 0.914087 0.098850
vt 0.915283 0.094828
vt 0.920433 0.091930
vt 0.935701 0.120991
vt 0.945292 0.164674
vt 0.938245 0.152917
vt 0.937618 0.163683
vt 0.929844 0.151670
vt 0.070106 0.777164
vt 0.051669 0.775232
vt 0.050275 0.752846
vt 0.071620 0.756033
vt 0.064200 0.733978
vt 0.040683 0.728540
vt 0.024236 0.726480
vt 0.029817 0.749958
vt 0.033602 0.772428
vt 0.884562 0.093231
vt 0.890601 0.085210
vt 0.897194 0.090951
vt 0.889995 0.097458
vt 0.896688 0.080387
vt 0.902832 0.087661
vt 0.901884 0.098629
vt 0.896246 0.100981
vt 0.913371 0.085240
vt 0.908928 0.090527
vt 0.908461 0.080886
vt 0.902813 0.074437
vt 0.906453 0.096306
vt 0.927855 0.095183
vt 0.936508 0.098709
vt 0.934468 0.100726
vt 0.926654 0.101682
vt 0.934607 0.110283
vt 0.928743 0.109503
vt 0.137300 0.632328
vt 0.136187 0.625035
vt 0.140762 0.622511
vt 0.140773 0.630787
vt 0.137634 0.616445
vt 0.142664 0.615269
vt 0.144598 0.296739
vt 0.155064 0.304555
vt 0.152110 0.309799
vt 0.141290 0.301284
vt 0.843534 0.538523
vt 0.847761 0.522996
vt 0.850879 0.534043
vt 0.849450 0.541209
vt 0.389502 0.797521
vt 0.395311 0.795604
vt 0.919297 0.078734
vt 0.941275 0.091000
vt 0.122954 0.623782
vt 0.137429 0.612366
vt 0.126119 0.628524
vt 0.127958 0.632002
vt 0.507548 0.784106
vt 0.506548 0.770254
vt 0.511932 0.773709
vt 0.807424 0.143096
vt 0.810551 0.143825
vt 0.836201 0.128787
vt 0.835166 0.133552
vt 0.834096 0.139220
vt 0.822068 0.143400
vt 0.813747 0.146852
vt 0.871891 0.130041
vt 0.854352 0.132374
vt 0.930248 0.117259
vt 0.945994 0.086467
vt 0.933099 0.134329
vt 0.921819 0.108718
vt 0.916375 0.108944
vt 0.138049 0.565697
vt 0.147423 0.567166
vt 0.149464 0.578106
vt 0.880678 0.905747
vt 0.869272 0.914126
vt 0.867018 0.908356
vt 0.880598 0.900880
vt 0.859510 0.899303
vt 0.868800 0.897674
vt 0.863937 0.919022
vt 0.862088 0.916960
vt 0.894811 0.106985
vt 0.891286 0.115588
vt 0.928022 0.128331
vt 0.923539 0.115968
vt 0.887991 0.123222
vt 0.886639 0.130096
vt 0.909485 0.103775
vt 0.903417 0.109304
vt 0.901380 0.118446
vt 0.912006 0.116659
vt 0.919167 0.121335
vt 0.412266 0.488242
vt 0.422954 0.488404
vt 0.405136 0.507633
vt 0.386309 0.487282
vt 0.390477 0.466062
vt 0.421566 0.469914
vt 0.413449 0.467151
vt 0.390819 0.451018
vt 0.425348 0.473243
vt 0.432890 0.479340
vt 0.433792 0.488852
vt 0.427151 0.489374
vt 0.156819 0.569856
vt 0.153495 0.582433
vt 0.204079 0.264764
vt 0.212217 0.276010
vt 0.202430 0.282988
vt 0.198513 0.276390
vt 0.205733 0.305291
vt 0.190462 0.271484
vt 0.071516 0.717607
vt 0.053539 0.716176
vt 0.049350 0.702851
vt 0.070998 0.710214
vt 0.931836 0.332648
vt 0.939473 0.323164
vt 0.945176 0.359928
vt 0.930808 0.364889
vt 0.356998 0.412532
vt 0.372103 0.419886
vt 0.356415 0.425013
vt 0.342626 0.410307
vt 0.158228 0.588190
vt 0.147503 0.595167
vt 0.837848 0.516793
vt 0.828884 0.515319
vt 0.826653 0.497929
vt 0.838822 0.503124
vt 0.151136 0.601371
vt 0.169028 0.591246
vt 0.381995 0.294779
vt 0.383057 0.293083
vt 0.402535 0.295848
vt 0.400050 0.297030
vt 0.411306 0.295347
vt 0.411258 0.299769
vt 0.401924 0.292480
vt 0.384507 0.290886
vt 0.500470 0.770164
vt 0.492146 0.770607
vt 0.489794 0.752660
vt 0.483089 0.771388
vt 0.482217 0.747947
vt 0.491889 0.743318
vt 0.403276 0.290389
vt 0.410001 0.292773
vt 0.418865 0.293445
vt 0.415371 0.291023
vt 0.408361 0.288310
vt 0.920856 0.142984
vt 0.913535 0.139592
vt 0.917365 0.135773
vt 0.926218 0.140914
vt 0.905675 0.135626
vt 0.907495 0.131181
vt 0.253865 0.320949
vt 0.250901 0.319624
vt 0.264738 0.306764
vt 0.262742 0.312763
vt 0.248349 0.310714
vt 0.259516 0.297316
vt 0.797161 0.510903
vt 0.794654 0.503844
vt 0.798473 0.501209
vt 0.800973 0.506262
vt 0.797848 0.493192
vt 0.800745 0.496807
vt 0.807021 0.501771
vt 0.908762 0.123979
vt 0.916054 0.127879
vt 0.272043 0.287803
vt 0.276754 0.296787
vt 0.438073 0.453567
vt 0.442079 0.449230
vt 0.446039 0.451475
vt 0.442322 0.457514
vt 0.453577 0.464697
vt 0.454414 0.456681
vt 0.452886 0.450002
vt 0.005198 0.795184
vt 0.012975 0.788080
vt 0.474876 0.337330
vt 0.477012 0.330266
vt 0.483264 0.331107
vt 0.483001 0.341735
vt 0.803265 0.492748
vt 0.802537 0.488547
vt 0.425624 0.438109
vt 0.430303 0.434172
vt 0.449520 0.442978
vt 0.438017 0.446918
vt 0.434974 0.429664
vt 0.455900 0.437046
vt 0.279581 0.300954
vt 0.270426 0.306994
vt 0.188833 0.254717
vt 0.181426 0.248159
vt 0.191266 0.228348
vt 0.202944 0.229140
vt 0.812056 0.498055
vt 0.809694 0.486486
vt 0.463369 0.327058
vt 0.473208 0.323486
vt 0.477967 0.326328
vt 0.472897 0.346133
vt 0.482978 0.352225
vt 0.014803 0.726371
vt 0.007196 0.708493
vt 0.017569 0.708278
vt 0.369222 0.383210
vt 0.386094 0.403966
vt 0.375739 0.398976
vt 0.363799 0.382563
vt 0.379721 0.413445
vt 0.368488 0.405023
vt 0.374543 0.384087
vt 0.390735 0.401881
vt 0.409099 0.421401
vt 0.406114 0.425578
vt 0.400902 0.430778
vt 0.874272 0.424738
vt 0.871151 0.432470
vt 0.842550 0.423740
vt 0.848184 0.412433
vt 0.113703 0.531054
vt 0.131934 0.527174
vt 0.134954 0.536340
vt 0.112499 0.536344
vt 0.140526 0.521481
vt 0.143001 0.535973
vt 0.385177 0.742754
vt 0.374780 0.727369
vt 0.380928 0.722930
vt 0.398330 0.737283
vt 0.393101 0.721878
vt 0.400772 0.727438
vt 0.755383 0.974459
vt 0.742182 0.989968
vt 0.739908 0.958905
vt 0.749443 0.956594
vt 0.430739 0.736595
vt 0.403045 0.724657
vt 0.144121 0.485989
vt 0.153411 0.481977
vt 0.153506 0.494535
vt 0.147623 0.497155
vt 0.486110 0.294427
vt 0.472770 0.304175
vt 0.471797 0.293210
vt 0.484489 0.284537
vt 0.481809 0.275262
vt 0.474851 0.274052
vt 0.040886 0.404707
vt 0.042877 0.404279
vt 0.041678 0.406449
vt 0.040843 0.406168
vt 0.042875 0.407733
vt 0.041578 0.411765
vt 0.039025 0.411063
vt 0.037180 0.408833
vt 0.325498 0.835412
vt 0.327302 0.833032
vt 0.330247 0.836436
vt 0.330968 0.838167
vt 0.330784 0.830779
vt 0.333458 0.833668
vt 0.330410 0.838600
vt 0.324350 0.837100
vt 0.326435 0.824280
vt 0.330198 0.816769
vt 0.333995 0.819938
vt 0.038929 0.421460
vt 0.036225 0.421453
vt 0.042475 0.415438
vt 0.034387 0.419230
vt 0.036110 0.470491
vt 0.027608 0.465306
vt 0.036768 0.457314
vt 0.041896 0.472729
vt 0.029456 0.438068
vt 0.034095 0.436993
vt 0.021733 0.455939
vt 0.017639 0.465179
vt 0.841903 0.038683
vt 0.839024 0.033725
vt 0.849384 0.032616
vt 0.856509 0.036495
vt 0.136924 0.027695
vt 0.108276 0.017798
vt 0.115480 0.012913
vt 0.141130 0.020976
vt 0.129764 0.074026
vt 0.123748 0.062541
vt 0.128772 0.058248
vt 0.135930 0.073096
vt 0.113141 0.049913
vt 0.118488 0.046685
vt 0.126400 0.040998
vt 0.140757 0.057829
vt 0.143313 0.074430
vt 0.277136 0.827207
vt 0.268000 0.827277
vt 0.274765 0.815590
vt 0.282538 0.822119
vt 0.260083 0.824952
vt 0.262573 0.817385
vt 0.284563 0.818455
vt 0.276006 0.802191
vt 0.285939 0.788435
vt 0.291554 0.781870
vt 0.300181 0.793094
vt 0.294735 0.802660
vt 0.306971 0.777837
vt 0.309544 0.796176
vt 0.295950 0.769981
vt 0.285513 0.770422
vt 0.823239 0.075858
vt 0.826593 0.082655
vt 0.819871 0.087046
vt 0.810281 0.074367
vt 0.276840 0.774456
vt 0.269631 0.807708
vt 0.267692 0.801940
vt 0.271837 0.782453
vt 0.281437 0.797854
vt 0.267865 0.787351
vt 0.263124 0.792016
vt 0.131581 0.035818
vt 0.154944 0.055247
vt 0.165390 0.039638
vt 0.223237 0.827984
vt 0.237897 0.839525
vt 0.229806 0.851380
vt 0.214301 0.834681
vt 0.206445 0.840072
vt 0.218805 0.854843
vt 0.148809 0.078882
vt 0.832543 0.064567
vt 0.828878 0.058986
vt 0.825640 0.051670
vt 0.805490 0.060321
vt 0.280133 0.744618
vt 0.286927 0.736647
vt 0.303406 0.753606
vt 0.781473 0.065785
vt 0.782975 0.078272
vt 0.189020 0.856488
vt 0.191281 0.850346
vt 0.193019 0.850838
vt 0.189719 0.859258
vt 0.168636 0.030381
vt 0.172360 0.024949
vt 0.198199 0.019726
vt 0.193849 0.026587
vt 0.802371 0.050576
vt 0.779131 0.056743
vt 0.778301 0.047535
vt 0.800481 0.043079
vt 0.190164 0.036870
vt 0.720333 0.047825
vt 0.716573 0.039609
vt 0.728032 0.039616
vt 0.743396 0.047720
vt 0.665761 0.066768
vt 0.665066 0.063642
vt 0.681495 0.067661
vt 0.675367 0.070048
vt 0.661926 0.057610
vt 0.677688 0.058395
vt 0.700313 0.059390
vt 0.702013 0.066913
vt 0.703597 0.078827
vt 0.688811 0.078548
vt 0.682914 0.078992
vt 0.645574 0.201504
vt 0.662061 0.201405
vt 0.656205 0.204496
vt 0.643843 0.205240
vt 0.676794 0.080450
vt 0.671164 0.073478
vt 0.665796 0.071354
vt 0.656753 0.065697
vt 0.656819 0.062445
vt 0.652295 0.059769
vt 0.649635 0.063565
vt 0.140356 0.505111
vt 0.136397 0.509117
vt 0.133320 0.500937
vt 0.134765 0.494964
vt 0.128148 0.492739
vt 0.127838 0.501886
vt 0.130248 0.513519
vt 0.129167 0.485738
vt 0.138379 0.488282
vt 0.128278 0.480356
vt 0.132822 0.478541
vt 0.137211 0.476916
vt 0.143618 0.500677
vt 0.119195 0.485615
vt 0.121445 0.478559
vt 0.125212 0.471997
vt 0.643854 0.146231
vt 0.639588 0.139323
vt 0.648442 0.133818
vt 0.652668 0.143969
vt 0.664515 0.139700
vt 0.659836 0.133913
vt 0.892898 0.444941
vt 0.893538 0.437920
vt 0.911755 0.440055
vt 0.909187 0.447082
vt 0.893808 0.431059
vt 0.904667 0.432257
vt 0.908202 0.427624
vt 0.909018 0.419871
vt 0.919850 0.418257
vt 0.915069 0.428400
vt 0.908458 0.413364
vt 0.920797 0.411693
vt 0.661809 0.153272
vt 0.672425 0.149948
vt 0.932831 0.411496
vt 0.935897 0.414762
vt 0.538426 0.282658
vt 0.531390 0.288137
vt 0.530810 0.277346
vt 0.540009 0.273190
vt 0.541783 0.261150
vt 0.529790 0.266683
vt 0.535371 0.298655
vt 0.540660 0.291800
vt 0.544376 0.284761
vt 0.520625 0.295325
vt 0.519250 0.283406
vt 0.518051 0.275216
vt 0.484140 0.259125
vt 0.487460 0.263714
vt 0.499583 0.272897
vt 0.705225 0.092110
vt 0.706111 0.101316
vt 0.697375 0.099886
vt 0.694232 0.092955
vt 0.686707 0.094404
vt 0.692884 0.102946
vt 0.704261 0.107737
vt 0.156358 0.720937
vt 0.157895 0.713969
vt 0.174144 0.725535
vt 0.171037 0.732881
vt 0.184489 0.746279
vt 0.187944 0.742036
vt 0.192688 0.738159
vt 0.180996 0.724079
vt 0.546136 0.275002
vt 0.551070 0.280779
vt 0.549121 0.296323
vt 0.555768 0.249105
vt 0.150989 0.523594
vt 0.152172 0.527579
vt 0.150204 0.531917
vt 0.147502 0.527236
vt 0.154465 0.527699
vt 0.152326 0.537155
vt 0.153088 0.521241
vt 0.695093 0.180167
vt 0.706667 0.174553
vt 0.711875 0.178321
vt 0.701278 0.184877
vt 0.107142 0.732337
vt 0.102769 0.728299
vt 0.107225 0.728627
vt 0.112744 0.731519
vt 0.743968 0.173501
vt 0.737435 0.182029
vt 0.155817 0.527145
vt 0.156691 0.529537
vt 0.739231 0.954821
vt 0.737803 0.958024
vt 0.684327 0.175014
vt 0.693047 0.170016
vt 0.282039 0.203981
vt 0.262161 0.202350
vt 0.259504 0.193322
vt 0.279738 0.196624
vt 0.435474 0.320804
vt 0.418164 0.312198
vt 0.426073 0.305849
vt 0.439485 0.316429
vt 0.740515 0.929685
vt 0.743223 0.930903
vt 0.741151 0.933800
vt 0.736819 0.932142
vt 0.736063 0.936786
vt 0.741526 0.937059
vt 0.745167 0.934299
vt 0.734332 0.926000
vt 0.740799 0.923233
vt 0.744997 0.923937
vt 0.894773 0.423672
vt 0.876240 0.420052
vt 0.876898 0.413202
vt 0.894196 0.418360
vt 0.852563 0.408843
vt 0.856348 0.405319
vt 0.894347 0.412742
vt 0.878810 0.409224
vt 0.732690 0.919164
vt 0.731911 0.908207
vt 0.739039 0.904107
vt 0.740466 0.916378
vt 0.681630 0.159688
vt 0.672347 0.165909
vt 0.938759 0.405904
vt 0.948122 0.405262
vt 0.944908 0.400781
vt 0.950188 0.401725
vt 0.961965 0.399461
vt 0.963256 0.400361
vt 0.158044 0.751889
vt 0.152757 0.743904
vt 0.157197 0.742429
vt 0.162122 0.747469
vt 0.165211 0.742284
vt 0.155868 0.735346
vt 0.149483 0.733379
vt 0.326825 0.249837
vt 0.295845 0.238405
vt 0.295705 0.223928
vt 0.328403 0.241830
vt 0.269038 0.231545
vt 0.267094 0.221248
vt 0.264998 0.211632
vt 0.286324 0.211533
vt 0.304734 0.212746
vt 0.308785 0.222559
vt 0.332508 0.235625
vt 0.741154 0.950041
vt 0.749494 0.948211
vt 0.762131 0.964825
vt 0.758961 0.952735
vt 0.759085 0.944233
vt 0.378078 0.353311
vt 0.378078 0.339878
vt 0.390221 0.344301
vt 0.389910 0.368251
vt 0.406797 0.382456
vt 0.416180 0.361406
vt 0.746911 0.916391
vt 0.751439 0.905188
vt 0.389581 0.261324
vt 0.361943 0.255218
vt 0.366459 0.248084
vt 0.393092 0.255561
vt 0.407737 0.307191
vt 0.414748 0.305185
vt 0.404983 0.310257
vt 0.127423 0.742493
vt 0.119746 0.740333
vt 0.117862 0.733571
vt 0.128654 0.738802
vt 0.751390 0.884089
vt 0.748481 0.880189
vt 0.749911 0.860768
vt 0.750880 0.859716
vt 0.135293 0.714041
vt 0.132848 0.707380
vt 0.137957 0.709899
vt 0.140366 0.715824
vt 0.298537 0.204364
vt 0.362116 0.331330
vt 0.361040 0.322782
vt 0.380910 0.331024
vt 0.747263 0.937728
vt 0.753690 0.929928
vt 0.760478 0.934453
vt 0.748494 0.942661
vt 0.757409 0.921605
vt 0.764162 0.924242
vt 0.775164 0.929078
vt 0.775535 0.938410
vt 0.771041 0.944239
vt 0.752953 0.882533
vt 0.753813 0.864222
vt 0.411633 0.190551
vt 0.415434 0.198341
vt 0.406186 0.197585
vt 0.404986 0.191556
vt 0.358920 0.315586
vt 0.371190 0.318323
vt 0.407486 0.172549
vt 0.412376 0.178156
vt 0.411958 0.185435
vt 0.405882 0.183166
vt 0.419725 0.184781
vt 0.147895 0.744555
vt 0.143806 0.745930
vt 0.137845 0.732449
vt 0.144370 0.732821
vt 0.411012 0.170799
vt 0.403880 0.168901
vt 0.140383 0.748441
vt 0.136180 0.738337
vt 0.417905 0.171682
vt 0.423926 0.198842
vt 0.427491 0.173862
vt 0.429811 0.186034
vt 0.432630 0.198352
vt 0.439799 0.175017
vt 0.424485 0.165016
vt 0.439130 0.165614
vt 0.412618 0.166752
vt 0.437405 0.154027
vt 0.429834 0.155532
vt 0.399851 0.314853
vt 0.389662 0.308723
vt 0.397841 0.307045
vt 0.390952 0.320948
vt 0.380450 0.314258
vt 0.133035 0.462282
vt 0.139170 0.459005
vt 0.155016 0.477287
vt 0.142463 0.474634
vt 0.146701 0.458822
vt 0.167102 0.477940
vt 0.157205 0.485177
vt 0.581463 0.202614
vt 0.585473 0.193806
vt 0.599963 0.193904
vt 0.600579 0.202452
vt 0.624815 0.200949
vt 0.628557 0.198188
vt 0.601678 0.173562
vt 0.613907 0.185229
vt 0.591365 0.177670
vt 0.633567 0.193644
vt 0.581441 0.180152
vt 0.210186 0.751153
vt 0.196197 0.736780
vt 0.214645 0.745551
vt 0.567628 0.214030
vt 0.572923 0.211568
vt 0.576557 0.213720
vt 0.573959 0.216385
vt 0.217296 0.740291
vt 0.201896 0.732424
vt 0.601110 0.208860
vt 0.584360 0.212499
vt 0.504491 0.284955
vt 0.495349 0.249794
vt 0.503388 0.255358
vt 0.515699 0.266247
vt 0.515048 0.253968
vt 0.476501 0.239818
vt 0.469315 0.263819
vt 0.570804 0.196308
vt 0.564421 0.200666
vt 0.560211 0.203864
vt 0.576403 0.190950
vt 0.562773 0.189346
vt 0.569490 0.183434
vt 0.492125 0.210831
vt 0.491935 0.228220
vt 0.475119 0.216063
vt 0.490724 0.244124
vt 0.526810 0.240446
vt 0.523890 0.227920
vt 0.532954 0.215226
vt 0.537555 0.231352
vt 0.517612 0.212719
vt 0.551695 0.224339
vt 0.548790 0.214603
vt 0.128827 0.448614
vt 0.137319 0.443256
vt 0.114775 0.454816
vt 0.129606 0.428439
vt 0.120788 0.436183
vt 0.545215 0.197672
vt 0.095235 0.431960
vt 0.105348 0.424280
vt 0.113827 0.435964
vt 0.109366 0.448343
vt 0.113162 0.420580
vt 0.093682 0.454877
vt 0.089256 0.448862
vt 0.500563 0.224748
vt 0.509408 0.220823
vt 0.504846 0.230175
vt 0.499586 0.235134
vt 0.499592 0.240407
vt 0.504218 0.235888
vt 0.511779 0.224925
vt 0.507096 0.232272
vt 0.518184 0.182948
vt 0.518266 0.194412
vt 0.352294 0.921265
vt 0.351075 0.931387
vt 0.330450 0.929507
vt 0.338921 0.917812
vt 0.088991 0.421751
vt 0.082122 0.440066
vt 0.082341 0.427398
vt 0.349144 0.941716
vt 0.341145 0.941259
vt 0.348501 0.953675
vt 0.340583 0.952081
vt 0.522304 0.158960
vt 0.515697 0.156260
vt 0.516493 0.150631
vt 0.517366 0.145648
vt 0.373425 0.926852
vt 0.370235 0.936660
vt 0.510345 0.145079
vt 0.512042 0.135762
vt 0.103291 0.323619
vt 0.096612 0.327972
vt 0.094089 0.312597
vt 0.100798 0.314187
vt 0.317379 0.852821
vt 0.329818 0.850525
vt 0.343229 0.869060
vt 0.320551 0.863091
vt 0.339801 0.894968
vt 0.336943 0.893855
vt 0.348250 0.882322
vt 0.332662 0.891825
vt 0.333367 0.880745
vt 0.317433 0.875962
vt 0.328001 0.890917
vt 0.323403 0.892394
vt 0.324512 0.889319
vt 0.327146 0.887924
vt 0.324439 0.885513
vt 0.322521 0.887484
vt 0.317066 0.889581
vt 0.329642 0.885267
vt 0.310052 0.917298
vt 0.299417 0.903055
vt 0.307906 0.894688
vt 0.318287 0.913528
vt 0.289859 0.889867
vt 0.291407 0.873620
vt 0.321099 0.908759
vt 0.323501 0.899601
vt 0.306799 0.875417
vt 0.305993 0.862103
vt 0.227965 0.900223
vt 0.231559 0.893541
vt 0.236423 0.894710
vt 0.243378 0.895835
vt 0.235536 0.901383
vt 0.222378 0.913504
vt 0.215135 0.913893
vt 0.238020 0.915711
vt 0.248838 0.915492
vt 0.257667 0.913779
vt 0.252043 0.896485
vt 0.306054 0.853237
vt 0.037935 0.191114
vt 0.033325 0.198300
vt 0.028526 0.196415
vt 0.026467 0.809411
vt 0.023519 0.813834
vt 0.024074 0.818246
vt 0.027068 0.812068
vt 0.041327 0.200119
vt 0.035080 0.205690
vt 0.018106 0.819925
vt 0.279434 0.865541
vt 0.259129 0.895624
vt 0.268473 0.915197
vt 0.280843 0.894574
vt 0.272442 0.900681
vt 0.266163 0.884735
vt 0.034264 0.180347
vt 0.038965 0.176120
vt 0.036834 0.181950
vt 0.015729 0.827770
vt 0.010991 0.828806
vt 0.012057 0.820864
vt 0.291091 0.909418
vt 0.280506 0.913881
vt 0.300989 0.923775
vt 0.291174 0.930533
vt 0.279009 0.934752
vt 0.404335 0.972559
vt 0.408506 0.963809
vt 0.419497 0.964429
vt 0.416399 0.973487
vt 0.410411 0.954787
vt 0.421756 0.956493
vt 0.267591 0.934079
vt 0.411731 0.947300
vt 0.423979 0.949390
vt 0.256791 0.933696
vt 0.414944 0.940719
vt 0.426583 0.942916
vt 0.243133 0.933528
vt 0.418639 0.934503
vt 0.428986 0.936619
vt 0.225672 0.934916
vt 0.423983 0.927486
vt 0.432520 0.930412
vt 0.219335 0.935051
vt 0.401008 0.937059
vt 0.407572 0.931015
vt 0.413660 0.923621
vt 0.384543 0.919986
vt 0.392354 0.914689
vt 0.504156 0.142360
vt 0.504864 0.132760
vt 0.130526 0.360733
vt 0.118058 0.345643
vt 0.126299 0.340212
vt 0.135876 0.352061
vt 0.123705 0.371393
vt 0.110238 0.353847
vt 0.094637 0.334062
vt 0.114992 0.378491
vt 0.102279 0.359947
vt 0.088874 0.339850
vt 0.095142 0.363978
vt 0.083515 0.343615
vt 0.325884 0.909253
vt 0.326181 0.920894
vt 0.088337 0.366376
vt 0.078810 0.345282
vt 0.317844 0.926891
vt 0.381764 0.976072
vt 0.401546 0.980323
vt 0.398831 0.987096
vt 0.382767 0.983236
vt 0.310478 0.930225
vt 0.384285 0.969180
vt 0.413603 0.981435
vt 0.359571 0.978146
vt 0.360018 0.967672
vt 0.362156 0.956416
vt 0.388216 0.960993
vt 0.366394 0.945240
vt 0.394280 0.952151
vt 0.397776 0.944279
vt 0.348592 0.966883
vt 0.106648 0.411159
vt 0.098474 0.413696
vt 0.093389 0.405938
vt 0.101532 0.402523
vt 0.339970 0.965731
vt 0.094723 0.392037
vt 0.087870 0.395558
vt 0.120640 0.417363
vt 0.112738 0.407414
vt 0.107833 0.400509
vt 0.118861 0.403560
vt 0.113979 0.394798
vt 0.100957 0.388743
vt 0.107159 0.383908
vt 0.122285 0.389863
vt 0.136791 0.390983
vt 0.126641 0.397701
vt 0.132637 0.383502
vt 0.142271 0.399651
vt 0.134052 0.407722
vt 0.127173 0.414205
vt 0.143387 0.419356
vt 0.136684 0.425134
vt 0.154398 0.433869
vt 0.144881 0.438782
vt 0.167836 0.451189
vt 0.157193 0.456000
vt 0.183112 0.469626
vt 0.174959 0.474096
vt 0.193804 0.477261
vt 0.187540 0.482665
vt 0.184909 0.487787
vt 0.769121 0.951278
vt 0.769131 0.960614
vt 0.430684 0.696326
vt 0.423899 0.703239
vt 0.420395 0.694268
vt 0.425468 0.689773
vt 0.193896 0.463444
vt 0.205040 0.468850
vt 0.216316 0.459803
vt 0.207465 0.453728
vt 0.180012 0.444794
vt 0.194176 0.445326
vt 0.449035 0.153403
vt 0.441566 0.139845
vt 0.464286 0.143096
vt 0.468956 0.153778
vt 0.475450 0.134924
vt 0.481877 0.147024
vt 0.460694 0.130851
vt 0.490785 0.158067
vt 0.479111 0.163549
vt 0.494415 0.166410
vt 0.492162 0.149663
vt 0.497598 0.158496
vt 0.504987 0.169654
vt 0.517531 0.171401
vt 0.514889 0.177243
vt 0.510366 0.164560
vt 0.499409 0.174570
vt 0.503772 0.155654
vt 0.494754 0.145224
vt 0.492651 0.138727
vt 0.502687 0.149148
vt 0.511149 0.157379
vt 0.519483 0.164662
vt 0.502644 0.145991
vt 0.509836 0.152130
vt 0.492258 0.135458
vt 0.492555 0.130235
vt 0.144352 0.376110
vt 0.147688 0.383645
vt 0.154094 0.392629
vt 0.150651 0.410763
vt 0.159206 0.405750
vt 0.487063 0.137136
vt 0.163917 0.427343
vt 0.503373 0.182597
vt 0.487562 0.182737
vt 0.483736 0.172532
vt 0.465334 0.185097
vt 0.460790 0.173735
vt 0.456408 0.164475
vt 0.442559 0.186164
vt 0.471850 0.198084
vt 0.444559 0.199283
vt 0.448060 0.216774
vt 0.435821 0.215986
vt 0.448800 0.237022
vt 0.435898 0.236210
vt 0.428725 0.236062
vt 0.427710 0.215976
vt 0.422466 0.236227
vt 0.421216 0.216066
vt 0.759506 0.906471
vt 0.752348 0.918839
vt 0.761584 0.908228
vt 0.749706 0.926877
vt 0.768186 0.911579
vt 0.779120 0.917497
vt 0.797291 0.937440
vt 0.803128 0.929212
vt 0.492661 0.194784
vt 0.504098 0.208747
vt 0.506246 0.193831
vt 0.514856 0.210722
vt 0.429099 0.138736
vt 0.367830 0.311706
vt 0.375771 0.309570
vt 0.357680 0.307992
vt 0.083104 0.367256
vt 0.284712 0.874247
vt 0.514577 0.238946
vt 0.508121 0.243230
vt 0.546436 0.173067
vt 0.544781 0.183759
vt 0.112493 0.460717
vt 0.092789 0.460046
vt 0.554061 0.180303
vt 0.549013 0.171040
vt 0.551271 0.193756
vt 0.555899 0.166309
vt 0.561494 0.175492
vt 0.571799 0.170995
vt 0.564037 0.163079
vt 0.581179 0.166449
vt 0.574373 0.156144
vt 0.110650 0.467377
vt 0.106854 0.475498
vt 0.091246 0.474558
vt 0.092327 0.465815
vt 0.103618 0.483535
vt 0.089252 0.482073
vt 0.117488 0.493673
vt 0.100901 0.492109
vt 0.085443 0.490446
vt 0.611466 0.154952
vt 0.593670 0.163071
vt 0.586684 0.155435
vt 0.603451 0.148947
vt 0.096315 0.503188
vt 0.082017 0.502478
vt 0.079393 0.520083
vt 0.092954 0.519240
vt 0.116295 0.503438
vt 0.114234 0.519065
vt 0.093328 0.529117
vt 0.631327 0.149244
vt 0.623575 0.141450
vt 0.077999 0.529664
vt 0.652661 0.155998
vt 0.640697 0.159310
vt 0.619596 0.164804
vt 0.653428 0.173793
vt 0.631617 0.178713
vt 0.666440 0.182945
vt 0.650266 0.189175
vt 0.677094 0.185607
vt 0.665753 0.191013
vt 0.654548 0.196744
vt 0.677764 0.190312
vt 0.669001 0.195401
vt 0.685425 0.190984
vt 0.676350 0.195987
vt 0.659041 0.068775
vt 0.686357 0.186960
vt 0.690406 0.188628
vt 0.645398 0.061100
vt 0.648748 0.056789
vt 0.098421 0.726423
vt 0.101597 0.730921
vt 0.098994 0.731828
vt 0.095841 0.728530
vt 0.104093 0.735879
vt 0.100785 0.736224
vt 0.659069 0.052768
vt 0.645437 0.053216
vt 0.656728 0.047911
vt 0.108975 0.738852
vt 0.654630 0.043218
vt 0.641980 0.049520
vt 0.674364 0.046277
vt 0.673574 0.040853
vt 0.639715 0.043930
vt 0.653659 0.038738
vt 0.672419 0.036925
vt 0.694828 0.041076
vt 0.694970 0.037906
vt 0.654546 0.031967
vt 0.671409 0.031954
vt 0.696121 0.033919
vt 0.710859 0.036363
vt 0.706200 0.027401
vt 0.670726 0.026904
vt 0.688337 0.026856
vt 0.163690 0.805108
vt 0.158116 0.809026
vt 0.142087 0.791933
vt 0.145513 0.786705
vt 0.177156 0.824134
vt 0.182814 0.823567
vt 0.150343 0.783587
vt 0.167691 0.801411
vt 0.188677 0.820154
vt 0.197624 0.844651
vt 0.173533 0.797730
vt 0.194969 0.815857
vt 0.179805 0.792319
vt 0.201861 0.810282
vt 0.184034 0.787681
vt 0.206471 0.805083
vt 0.229079 0.820488
vt 0.244059 0.830214
vt 0.210440 0.800360
vt 0.232204 0.815232
vt 0.247787 0.824706
vt 0.251293 0.837118
vt 0.256614 0.830864
vt 0.235182 0.810206
vt 0.249701 0.818887
vt 0.237670 0.802891
vt 0.252206 0.812145
vt 0.240018 0.795602
vt 0.254847 0.804328
vt 0.264185 0.808263
vt 0.243699 0.788956
vt 0.258733 0.796386
vt 0.262530 0.803062
vt 0.247282 0.782407
vt 0.222865 0.775302
vt 0.226576 0.770076
vt 0.232270 0.763572
vt 0.252634 0.774756
vt 0.238073 0.756455
vt 0.258550 0.767857
vt 0.242518 0.748945
vt 0.264479 0.757827
vt 0.246339 0.741191
vt 0.272120 0.750863
vt 0.254358 0.735870
vt 0.722677 0.102089
vt 0.722678 0.092446
vt 0.747060 0.093961
vt 0.742510 0.105377
vt 0.723700 0.080861
vt 0.751557 0.082174
vt 0.262228 0.730567
vt 0.723966 0.069147
vt 0.750578 0.070158
vt 0.723205 0.062078
vt 0.749823 0.061797
vt 0.721767 0.054823
vt 0.747570 0.055679
vt 0.768750 0.044797
vt 0.698566 0.052512
vt 0.697562 0.046732
vt 0.675925 0.051837
vt 0.223326 0.734489
vt 0.718583 0.110827
vt 0.206025 0.756399
vt 0.202449 0.761277
vt 0.219976 0.782494
vt 0.198840 0.767060
vt 0.181271 0.751067
vt 0.194686 0.773666
vt 0.177909 0.756255
vt 0.168093 0.737193
vt 0.155644 0.727679
vt 0.147578 0.717348
vt 0.148029 0.723463
vt 0.146930 0.710094
vt 0.141374 0.722149
vt 0.135620 0.720952
vt 0.191217 0.778305
vt 0.174601 0.760440
vt 0.188160 0.782840
vt 0.170120 0.765369
vt 0.166070 0.769982
vt 0.153486 0.755562
vt 0.161254 0.775480
vt 0.148752 0.759965
vt 0.156195 0.780267
vt 0.144433 0.762594
vt 0.138525 0.765191
vt 0.136693 0.749882
vt 0.654896 0.027912
vt 0.655590 0.023557
vt 0.664243 0.021037
vt 0.133539 0.741685
vt 0.126723 0.747919
vt 0.131817 0.737428
vt 0.133962 0.734003
vt 0.402476 0.306397
vt 0.406912 0.167999
vt 0.120408 0.747052
vt 0.133027 0.769433
vt 0.212935 0.796841
vt 0.216038 0.789390
vt 0.042172 0.479601
vt 0.040448 0.483546
vt 0.029644 0.477779
vt 0.244483 0.844630
vt 0.023133 0.473153
vt 0.013400 0.473427
vt 0.189190 0.841230
vt 0.112274 0.739406
vt 0.115309 0.746836
vt 0.684350 0.182421
vt 0.692836 0.185011
vt 0.675464 0.178161
vt 0.664066 0.169866
vt 0.129134 0.466209
vt 0.538762 0.245395
vt 0.554826 0.234994
vt 0.528537 0.255511
vt 0.505595 0.291053
vt 0.487194 0.302437
vt 0.507264 0.302448
vt 0.488851 0.312947
vt 0.715393 0.933031
vt 0.712012 0.939928
vt 0.702673 0.929665
vt 0.708624 0.924013
vt 0.709034 0.944309
vt 0.698551 0.933973
vt 0.724022 0.940324
vt 0.723603 0.945872
vt 0.723436 0.951414
vt 0.158288 0.499386
vt 0.156060 0.512244
vt 0.153606 0.510757
vt 0.733690 0.949598
vt 0.733007 0.954646
vt 0.155316 0.520989
vt 0.157831 0.520535
vt 0.150557 0.511668
vt 0.157329 0.526627
vt 0.148211 0.514569
vt 0.145123 0.517330
vt 0.733847 0.945179
vt 0.742829 0.945576
vt 0.734332 0.940512
vt 0.742331 0.941126
vt 0.726531 0.935222
vt 0.729063 0.931011
vt 0.719794 0.928668
vt 0.725912 0.923294
vt 0.716118 0.918552
vt 0.723909 0.913129
vt 0.507891 0.314822
vt 0.509942 0.327303
vt 0.491216 0.334897
vt 0.489870 0.323496
vt 0.512735 0.338262
vt 0.492334 0.345293
vt 0.523016 0.308008
vt 0.525309 0.321519
vt 0.529925 0.333077
vt 0.538041 0.311498
vt 0.537915 0.322810
vt 0.544750 0.301936
vt 0.546219 0.314592
vt 0.551361 0.308201
vt 0.616278 0.206824
vt 0.679973 0.094330
vt 0.802054 0.945006
vt 0.791832 0.947530
vt 0.412608 0.319560
vt 0.404367 0.330013
vt 0.430132 0.327575
vt 0.425473 0.340089
vt 0.455346 0.338508
vt 0.449786 0.350092
vt 0.439961 0.372283
vt 0.469680 0.359401
vt 0.461080 0.383489
vt 0.446932 0.410444
vt 0.426619 0.399491
vt 0.440159 0.423277
vt 0.419163 0.408752
vt 0.400603 0.392715
vt 0.414395 0.413125
vt 0.397472 0.395709
vt 0.381764 0.379649
vt 0.384223 0.374883
vt 0.370102 0.362122
vt 0.372021 0.357895
vt 0.358421 0.350857
vt 0.358527 0.347199
vt 0.362209 0.341607
vt 0.472455 0.744613
vt 0.457138 0.740061
vt 0.459148 0.715746
vt 0.469390 0.720168
vt 0.442562 0.782128
vt 0.415885 0.778782
vt 0.422511 0.756079
vt 0.446749 0.758762
vt 0.397380 0.779111
vt 0.398537 0.755631
vt 0.391109 0.779899
vt 0.388747 0.759430
vt 0.386138 0.779696
vt 0.384702 0.760877
vt 0.380466 0.744897
vt 0.434248 0.270465
vt 0.418359 0.265468
vt 0.421180 0.262696
vt 0.438512 0.267203
vt 0.836076 0.401050
vt 0.836963 0.398162
vt 0.371043 0.729718
vt 0.430299 0.274044
vt 0.412779 0.269226
vt 0.426250 0.276171
vt 0.409089 0.272085
vt 0.385111 0.266389
vt 0.403222 0.275667
vt 0.382391 0.271064
vt 0.358616 0.265424
vt 0.359201 0.260684
vt 0.325925 0.256582
vt 0.355392 0.271318
vt 0.326261 0.264079
vt 0.297884 0.256301
vt 0.296250 0.245948
vt 0.275070 0.254914
vt 0.270818 0.241566
vt 0.255026 0.257051
vt 0.248405 0.244518
vt 0.243079 0.232049
vt 0.240484 0.224867
vt 0.230805 0.258456
vt 0.222853 0.249393
vt 0.215731 0.241223
vt 0.236807 0.215765
vt 0.211195 0.234001
vt 0.196564 0.257964
vt 0.182206 0.271167
vt 0.233352 0.206569
vt 0.227771 0.198329
vt 0.220806 0.281522
vt 0.212149 0.309687
vt 0.240666 0.269942
vt 0.230011 0.289910
vt 0.220235 0.313698
vt 0.204279 0.338059
vt 0.209814 0.341454
vt 0.237740 0.297566
vt 0.227332 0.317190
vt 0.215778 0.342039
vt 0.198333 0.366476
vt 0.202865 0.366157
vt 0.232446 0.321765
vt 0.219716 0.344333
vt 0.207103 0.366268
vt 0.223677 0.347540
vt 0.212684 0.365285
vt 0.200731 0.385495
vt 0.196077 0.386940
vt 0.192234 0.388312
vt 0.188016 0.405450
vt 0.181891 0.409678
vt 0.177966 0.410654
vt 0.186683 0.390226
vt 0.172714 0.413090
vt 0.181955 0.391984
vt 0.194154 0.365940
vt 0.168498 0.414046
vt 0.442052 0.290656
vt 0.449104 0.287541
vt 0.449659 0.300196
vt 0.441453 0.301076
vt 0.454477 0.284652
vt 0.457729 0.297729
vt 0.163439 0.415546
vt 0.463151 0.282127
vt 0.463608 0.299067
vt 0.165369 0.395656
vt 0.159283 0.416466
vt 0.385713 0.798193
vt 0.377465 0.824439
vt 0.371731 0.821432
vt 0.380245 0.799841
vt 0.362036 0.839023
vt 0.358928 0.839727
vt 0.075698 0.700178
vt 0.073412 0.682043
vt 0.347138 0.858289
vt 0.342791 0.853888
vt 0.064315 0.679678
vt 0.073376 0.659769
vt 0.042414 0.696087
vt 0.048125 0.676440
vt 0.055324 0.698661
vt 0.053067 0.653055
vt 0.079957 0.646237
vt 0.061381 0.636262
vt 0.036198 0.678989
vt 0.041297 0.653172
vt 0.050173 0.631835
vt 0.575147 0.863257
vt 0.580472 0.863791
vt 0.055513 0.611273
vt 0.060654 0.615294
vt 0.046376 0.628326
vt 0.071269 0.623017
vt 0.096312 0.623953
vt 0.085965 0.635201
vt 0.083067 0.613886
vt 0.074110 0.605272
vt 0.069270 0.599888
vt 0.083395 0.587337
vt 0.064814 0.594291
vt 0.079406 0.580923
vt 0.060717 0.589186
vt 0.052440 0.605939
vt 0.048163 0.600607
vt 0.043652 0.595626
vt 0.056628 0.583125
vt 0.038325 0.589953
vt 0.051995 0.577564
vt 0.034358 0.584986
vt 0.047996 0.573657
vt 0.062649 0.558913
vt 0.557270 0.848734
vt 0.554460 0.866583
vt 0.561520 0.865579
vt 0.564230 0.848985
vt 0.570721 0.848288
vt 0.567943 0.864684
vt 0.576084 0.845606
vt 0.033133 0.691151
vt 0.451121 0.273824
vt 0.454413 0.269665
vt 0.467673 0.279747
vt 0.444426 0.278257
vt 0.439868 0.281108
vt 0.434780 0.283722
vt 0.421144 0.279082
vt 0.427319 0.285884
vt 0.416763 0.282320
vt 0.400972 0.279858
vt 0.412603 0.285788
vt 0.398125 0.282605
vt 0.379553 0.280136
vt 0.379658 0.276252
vt 0.353508 0.276595
vt 0.373626 0.283391
vt 0.351725 0.280632
vt 0.326108 0.276426
vt 0.324393 0.270032
vt 0.300922 0.274582
vt 0.298985 0.265137
vt 0.282488 0.274740
vt 0.278624 0.265185
vt 0.267105 0.279391
vt 0.261574 0.269322
vt 0.254644 0.288220
vt 0.248535 0.280600
vt 0.243701 0.303409
vt 0.237338 0.325481
vt 0.240288 0.330055
vt 0.229373 0.346654
vt 0.243209 0.332733
vt 0.232660 0.346848
vt 0.222710 0.362339
vt 0.215210 0.367840
vt 0.212523 0.378355
vt 0.204095 0.385993
vt 0.202462 0.395311
vt 0.195895 0.403081
vt 0.191910 0.403802
vt 0.247003 0.336067
vt 0.247833 0.341398
vt 0.256447 0.324471
vt 0.257853 0.329814
vt 0.265270 0.315179
vt 0.265922 0.318374
vt 0.273377 0.309823
vt 0.274119 0.313212
vt 0.282757 0.304355
vt 0.283559 0.308548
vt 0.290753 0.297392
vt 0.291515 0.301179
vt 0.292054 0.304741
vt 0.899407 0.126756
vt 0.898236 0.132408
vt 0.306683 0.299771
vt 0.306991 0.302969
vt 0.327604 0.302077
vt 0.327324 0.296667
vt 0.304853 0.295502
vt 0.324891 0.292311
vt 0.344652 0.296305
vt 0.345138 0.292423
vt 0.304270 0.290847
vt 0.324395 0.288738
vt 0.344905 0.289366
vt 0.365752 0.292872
vt 0.366851 0.290012
vt 0.323513 0.282429
vt 0.347914 0.284955
vt 0.368880 0.287291
vt 0.391091 0.288081
vt 0.394420 0.285476
vt 0.302872 0.282591
vt 0.288922 0.291659
vt 0.285740 0.283863
vt 0.362515 0.295060
vt 0.343118 0.301596
vt 0.422933 0.288290
vt 0.426581 0.292618
vt 0.434172 0.291608
vt 0.426948 0.300355
vt 0.436351 0.302471
vt 0.420505 0.297254
vt 0.409578 0.792323
vt 0.440217 0.794354
vt 0.466442 0.785240
vt 0.466254 0.795097
vt 0.481765 0.785980
vt 0.481448 0.795347
vt 0.480168 0.805236
vt 0.490787 0.796082
vt 0.490402 0.807424
vt 0.500226 0.797238
vt 0.498050 0.810153
vt 0.509496 0.797998
vt 0.500233 0.784908
vt 0.491516 0.785296
vt 0.469211 0.770170
vt 0.474171 0.721249
vt 0.365965 0.362104
vt 0.354906 0.347825
vt 0.477093 0.722844
vt 0.363792 0.363952
vt 0.350610 0.346634
vt 0.479920 0.719835
vt 0.011456 0.747182
vt 0.013525 0.770873
vt 0.006123 0.770830
vt 0.006186 0.747929
vt 0.017816 0.748122
vt 0.021894 0.771485
vt 0.008980 0.725649
vt 0.361449 0.362759
vt 0.378778 0.381933
vt 0.395341 0.400465
vt 0.412254 0.418895
vt 0.467221 0.419112
vt 0.460774 0.430561
vt 0.478858 0.437354
vt 0.475990 0.443532
vt 0.495490 0.441165
vt 0.494132 0.447884
vt 0.493366 0.451664
vt 0.474081 0.448261
vt 0.493264 0.458223
vt 0.473597 0.455386
vt 0.493550 0.466095
vt 0.473197 0.462492
vt 0.493536 0.474580
vt 0.472974 0.470901
vt 0.493370 0.484550
vt 0.472452 0.479893
vt 0.452015 0.472393
vt 0.471532 0.489303
vt 0.451930 0.481700
vt 0.436869 0.472473
vt 0.439626 0.464037
vt 0.430054 0.466383
vt 0.434424 0.459634
vt 0.425184 0.461449
vt 0.428865 0.455404
vt 0.433238 0.450414
vt 0.419186 0.447659
vt 0.422424 0.442548
vt 0.416350 0.455448
vt 0.396086 0.437537
vt 0.450187 0.493722
vt 0.470017 0.502517
vt 0.493088 0.492749
vt 0.492025 0.506959
vt 0.491307 0.527817
vt 0.513720 0.510889
vt 0.490415 0.538973
vt 0.515266 0.549985
vt 0.489757 0.548975
vt 0.533005 0.552597
vt 0.527044 0.564656
vt 0.515398 0.581073
vt 0.503972 0.600511
vt 0.491927 0.622526
vt 0.481291 0.617739
vt 0.468185 0.615737
vt 0.453733 0.615430
vt 0.437617 0.614978
vt 0.442547 0.577237
vt 0.080544 0.028440
vt 0.486434 0.645501
vt 0.530796 0.500070
vt 0.534188 0.513703
vt 0.513581 0.496257
vt 0.543557 0.499573
vt 0.550764 0.488508
vt 0.553532 0.494977
vt 0.543404 0.490177
vt 0.531587 0.489058
vt 0.513811 0.487149
vt 0.514131 0.477131
vt 0.513659 0.468202
vt 0.514178 0.460795
vt 0.513335 0.454738
vt 0.512692 0.450085
vt 0.539442 0.446391
vt 0.512988 0.443541
vt 0.514174 0.835202
vt 0.507630 0.834636
vt 0.496690 0.833889
vt 0.479962 0.393774
vt 0.483413 0.368261
vt 0.491759 0.358784
vt 0.494614 0.352164
vt 0.497475 0.360831
vt 0.490500 0.349991
vt 0.785977 0.520919
vt 0.783973 0.515956
vt 0.789419 0.514458
vt 0.791389 0.518244
vt 0.781374 0.530153
vt 0.781456 0.521331
vt 0.787000 0.530126
vt 0.780214 0.515830
vt 0.793000 0.526695
vt 0.787216 0.541189
vt 0.793934 0.539536
vt 0.800005 0.521048
vt 0.801042 0.536233
vt 0.792326 0.558849
vt 0.799176 0.557433
vt 0.804735 0.516865
vt 0.807916 0.533374
vt 0.806461 0.555237
vt 0.797191 0.580723
vt 0.804827 0.578581
vt 0.814834 0.532169
vt 0.814212 0.553971
vt 0.820658 0.532888
vt 0.821208 0.553945
vt 0.828094 0.532974
vt 0.828792 0.554845
vt 0.835589 0.534968
vt 0.835570 0.555103
vt 0.836288 0.574601
vt 0.835837 0.599442
vt 0.841934 0.554925
vt 0.843126 0.574294
vt 0.841625 0.597181
vt 0.163414 0.277693
vt 0.170294 0.258644
vt 0.173746 0.262662
vt 0.169750 0.279391
vt 0.845097 0.599285
vt 0.154108 0.275513
vt 0.161161 0.255488
vt 0.171374 0.230273
vt 0.180046 0.234293
vt 0.148509 0.252386
vt 0.158075 0.226369
vt 0.138289 0.250146
vt 0.146148 0.223862
vt 0.151379 0.203979
vt 0.137120 0.222584
vt 0.130996 0.248820
vt 0.124853 0.246210
vt 0.128454 0.221364
vt 0.118879 0.245204
vt 0.119304 0.221320
vt 0.111974 0.245638
vt 0.111570 0.221828
vt 0.112795 0.202262
vt 0.105776 0.246393
vt 0.107414 0.267167
vt 0.101889 0.267316
vt 0.100400 0.245367
vt 0.096442 0.267186
vt 0.093654 0.243462
vt 0.090608 0.266034
vt 0.087270 0.241281
vt 0.083966 0.213455
vt 0.081612 0.240452
vt 0.077536 0.212235
vt 0.081302 0.190220
vt 0.776166 0.606654
vt 0.771908 0.633309
vt 0.762725 0.632326
vt 0.768282 0.605994
vt 0.784769 0.606818
vt 0.783145 0.633967
vt 0.795201 0.605626
vt 0.795080 0.633595
vt 0.803686 0.602825
vt 0.788643 0.581942
vt 0.780348 0.581521
vt 0.784761 0.558393
vt 0.773358 0.581087
vt 0.777718 0.557585
vt 0.779917 0.539608
vt 0.772023 0.556652
vt 0.772423 0.537093
vt 0.774005 0.526056
vt 0.775182 0.518447
vt 0.767164 0.506362
vt 0.775966 0.511295
vt 0.766780 0.556087
vt 0.101878 0.285830
vt 0.098374 0.287219
vt 0.762903 0.552129
vt 0.768931 0.576830
vt 0.764889 0.572852
vt 0.106682 0.284929
vt 0.101940 0.297243
vt 0.095292 0.298586
vt 0.084439 0.264801
vt 0.141136 0.272402
vt 0.149116 0.288675
vt 0.135855 0.284900
vt 0.159181 0.293327
vt 0.848555 0.555047
vt 0.850756 0.570531
vt 0.818909 0.513758
vt 0.810979 0.514495
vt 0.458885 0.331767
vt 0.428071 0.714980
vt 0.435970 0.701570
vt 0.556898 0.301430
vt 0.443704 0.309943
vt 0.438703 0.723522
vt 0.445404 0.707215
vt 0.870860 0.438812
vt 0.223403 0.020878
vt 0.252815 0.010876
vt 0.238166 0.018622
vt 0.223698 0.023316
vt 0.264461 0.010710
vt 0.242027 0.021564
vt 0.183334 0.841313
vt 0.175214 0.828180
vt 0.207307 0.027174
vt 0.210574 0.020477
vt 0.216006 0.026995
vt 0.238423 0.006060
vt 0.219990 0.028758
vt 0.215256 0.030346
vt 0.217192 0.032051
vt 0.225694 0.024523
vt 0.223990 0.029810
vt 0.216779 0.036049
vt 0.209959 0.029630
vt 0.825102 0.043263
vt 0.824789 0.036249
vt 0.842496 0.045163
vt 0.863376 0.045319
vt 0.843889 0.050956
vt 0.859927 0.040632
vt 0.862666 0.049951
vt 0.846438 0.056534
vt 0.861084 0.054595
vt 0.848567 0.061427
vt 0.836576 0.070187
vt 0.875193 0.037384
vt 0.869816 0.035566
vt 0.870061 0.030830
vt 0.143681 0.015145
vt 0.829491 0.076283
vt 0.103466 0.022933
vt 0.100456 0.028716
vt 0.093672 0.010495
vt 0.087585 0.014226
vt 0.084543 0.019416
vt 0.290828 0.811389
vt 0.300962 0.829367
vt 0.305224 0.823752
vt 0.310148 0.818885
vt 0.318557 0.831299
vt 0.322491 0.828130
vt 0.314946 0.812987
vt 0.318816 0.809847
vt 0.321120 0.794116
vt 0.324167 0.805732
vt 0.041377 0.426611
vt 0.037509 0.438637
vt 0.316179 0.833423
vt 0.032354 0.416903
vt 0.026757 0.432449
vt 0.023950 0.428982
vt 0.298045 0.830874
vt 0.293574 0.835322
vt 0.314081 0.782172
vt 0.317207 0.775854
vt 0.318298 0.779435
vt 0.097155 0.034747
vt 0.099627 0.040591
vt 0.046834 0.481936
vt 0.096096 0.007294
vt 0.126941 0.010810
vt 0.865940 0.029200
vt 0.031309 0.709015
vt 0.152898 0.605393
vt 0.918015 0.130214
vt 0.924737 0.124017
vt 0.397988 0.298113
vt 0.381956 0.297460
vt 0.364635 0.298011
vt 0.397144 0.300225
vt 0.382577 0.299139
vt 0.370034 0.300000
vt 0.134809 0.605779
vt 0.119132 0.619507
vt 0.911612 0.366974
vt 0.916838 0.337007
vt 0.908332 0.307244
vt 0.920026 0.301812
vt 0.928629 0.294206
vt 0.943810 0.310950
vt 0.905063 0.268296
vt 0.916196 0.263382
vt 0.892028 0.234008
vt 0.906331 0.227973
vt 0.910640 0.201345
vt 0.893625 0.275148
vt 0.880035 0.245458
vt 0.875641 0.283244
vt 0.863245 0.255739
vt 0.852274 0.232689
vt 0.845783 0.261586
vt 0.837544 0.238394
vt 0.830543 0.217426
vt 0.840839 0.212734
vt 0.819841 0.198428
vt 0.827304 0.194414
vt 0.834280 0.189265
vt 0.842722 0.183586
vt 0.815358 0.181374
vt 0.820667 0.177959
vt 0.827475 0.176797
vt 0.808391 0.183191
vt 0.794944 0.167669
vt 0.800160 0.183172
vt 0.813237 0.201295
vt 0.855237 0.289356
vt 0.885344 0.311530
vt 0.858652 0.311106
vt 0.888758 0.335375
vt 0.859430 0.329685
vt 0.840664 0.327441
vt 0.487387 0.938575
vt 0.476564 0.912021
vt 0.495347 0.908888
vt 0.506549 0.933104
vt 0.468457 0.890819
vt 0.484004 0.887711
vt 0.824816 0.327980
vt 0.463921 0.873505
vt 0.496723 0.883999
vt 0.446506 0.893658
vt 0.445261 0.875102
vt 0.417585 0.921838
vt 0.418948 0.899363
vt 0.452651 0.914272
vt 0.416331 0.883767
vt 0.388956 0.896204
vt 0.360778 0.893322
vt 0.354003 0.550853
vt 0.361574 0.535105
vt 0.468054 0.939610
vt 0.375811 0.512958
vt 0.351306 0.492934
vt 0.343336 0.517973
vt 0.360678 0.464751
vt 0.884319 0.359771
vt 0.861542 0.350984
vt 0.361188 0.442358
vt 0.077882 0.735089
vt 0.082532 0.757675
vt 0.093290 0.729468
vt 0.077393 0.777846
vt 0.086481 0.778169
vt 0.074873 0.792483
vt 0.086484 0.791615
vt 0.596669 0.340525
vt 0.573197 0.336442
vt 0.582066 0.320503
vt 0.593860 0.348794
vt 0.569304 0.348715
vt 0.632265 0.345144
vt 0.633245 0.350659
vt 0.660678 0.338339
vt 0.658948 0.345725
vt 0.676106 0.346219
vt 0.674476 0.351331
vt 0.673373 0.355931
vt 0.681240 0.348492
vt 0.680808 0.351466
vt 0.675141 0.359479
vt 0.063842 0.800456
vt 0.065502 0.792170
vt 0.073834 0.800867
vt 0.555088 0.351479
vt 0.911123 0.097007
vt 0.862512 0.883806
vt 0.870702 0.885496
vt 0.881715 0.887276
vt 0.881287 0.896105
vt 0.895738 0.888152
vt 0.897163 0.895611
vt 0.898538 0.901155
vt 0.912768 0.896887
vt 0.913045 0.902736
vt 0.925771 0.897738
vt 0.926643 0.903860
vt 0.934221 0.898746
vt 0.936649 0.904281
vt 0.773632 0.888770
vt 0.777208 0.883998
vt 0.924772 0.888067
vt 0.934511 0.888216
vt 0.787495 0.875822
vt 0.780059 0.877665
vt 0.926070 0.867799
vt 0.907762 0.837712
vt 0.921080 0.837261
vt 0.911644 0.867618
vt 0.910875 0.888798
vt 0.895732 0.866683
vt 0.883128 0.837623
vt 0.893623 0.837980
vt 0.882893 0.864411
vt 0.881457 0.818598
vt 0.893032 0.816442
vt 0.906558 0.815904
vt 0.894337 0.800285
vt 0.908487 0.799600
vt 0.921803 0.798235
vt 0.919590 0.815731
vt 0.932464 0.798319
vt 0.930114 0.814829
vt 0.140730 0.785636
vt 0.137839 0.799082
vt 0.130638 0.793709
vt 0.133238 0.784188
vt 0.131928 0.807720
vt 0.124951 0.801771
vt 0.126193 0.817126
vt 0.116523 0.808725
vt 0.140104 0.816559
vt 0.135242 0.826372
vt 0.126912 0.836155
vt 0.151772 0.842915
vt 0.146221 0.850678
vt 0.140435 0.859866
vt 0.115803 0.846495
vt 0.134994 0.869057
vt 0.110581 0.858251
vt 0.129605 0.877360
vt 0.101764 0.867681
vt 0.088330 0.858363
vt 0.874617 0.771916
vt 0.873760 0.786793
vt 0.865314 0.787000
vt 0.868893 0.770383
vt 0.872202 0.799700
vt 0.078155 0.849235
vt 0.882702 0.790153
vt 0.882361 0.799776
vt 0.872814 0.820593
vt 0.874635 0.838331
vt 0.873789 0.862495
vt 0.866484 0.860118
vt 0.858059 0.858994
vt 0.854276 0.881741
vt 0.847482 0.857492
vt 0.844022 0.877715
vt 0.851665 0.898876
vt 0.841494 0.895970
vt 0.827231 0.891930
vt 0.824843 0.900695
vt 0.812459 0.888992
vt 0.808497 0.897882
vt 0.822475 0.906147
vt 0.806410 0.902720
vt 0.804513 0.907002
vt 0.793205 0.906052
vt 0.801289 0.910347
vt 0.792001 0.910010
vt 0.837695 0.847042
vt 0.839499 0.840809
vt 0.285525 0.971393
vt 0.292561 0.966442
vt 0.293388 0.970341
vt 0.287428 0.973885
vt 0.281568 0.962953
vt 0.291063 0.958876
vt 0.303309 0.958454
vt 0.313035 0.961365
vt 0.290039 0.950942
vt 0.302657 0.950480
vt 0.312102 0.951898
vt 0.320218 0.961862
vt 0.321017 0.953418
vt 0.320314 0.944950
vt 0.280221 0.953520
vt 0.274601 0.965281
vt 0.272336 0.956455
vt 0.268659 0.967059
vt 0.054992 0.542175
vt 0.062604 0.533617
vt 0.036522 0.568203
vt 0.894653 0.790415
vt 0.884214 0.771788
vt 0.897232 0.771312
vt 0.910903 0.772045
vt 0.909501 0.787843
vt 0.925418 0.773472
vt 0.923894 0.786084
vt 0.156563 0.968136
vt 0.158823 0.955181
vt 0.155579 0.978508
vt 0.142064 0.978739
vt 0.144042 0.969252
vt 0.158245 0.837931
vt 0.146836 0.809298
vt 0.163271 0.831994
vt 0.175797 0.842514
vt 0.170340 0.849060
vt 0.165050 0.853971
vt 0.172172 0.868087
vt 0.161297 0.861662
vt 0.165297 0.875928
vt 0.156003 0.870725
vt 0.159193 0.883255
vt 0.149203 0.877933
vt 0.154279 0.890227
vt 0.144832 0.885403
vt 0.150776 0.897125
vt 0.142333 0.892681
vt 0.126584 0.883837
vt 0.138434 0.898939
vt 0.125223 0.891093
vt 0.882901 0.738429
vt 0.889586 0.738610
vt 0.097333 0.875309
vt 0.898745 0.719857
vt 0.898142 0.739720
vt 0.893890 0.720991
vt 0.147135 0.904358
vt 0.143055 0.911227
vt 0.134813 0.906308
vt 0.163499 0.903835
vt 0.158347 0.909870
vt 0.795289 0.995000
vt 0.794344 0.982744
vt 0.794507 0.972710
vt 0.785251 0.983084
vt 0.174351 0.911083
vt 0.182769 0.878820
vt 0.850008 0.953619
vt 0.856205 0.962934
vt 0.860260 0.970078
vt 0.863907 0.965985
vt 0.179179 0.848229
vt 0.908406 0.740181
vt 0.832730 0.123890
vt 0.852719 0.112388
vt 0.829597 0.118113
vt 0.847166 0.107860
vt 0.825471 0.112796
vt 0.842869 0.105134
vt 0.854836 0.082934
vt 0.822792 0.108520
vt 0.837554 0.102180
vt 0.034331 0.526853
vt 0.042951 0.548898
vt 0.036723 0.549562
vt 0.031347 0.507626
vt 0.033068 0.549493
vt 0.715682 0.845520
vt 0.715484 0.835300
vt 0.717934 0.835017
vt 0.714009 0.832627
vt 0.027968 0.550017
vt 0.020882 0.566924
vt 0.021407 0.550630
vt 0.024245 0.567879
vt 0.016073 0.525385
vt 0.017166 0.565310
vt 0.017026 0.551289
vt 0.011633 0.528735
vt 0.652226 0.845904
vt 0.632648 0.854785
vt 0.654688 0.853908
vt 0.636013 0.861832
vt 0.028954 0.834702
vt 0.022191 0.844308
vt 0.719614 0.843361
vt 0.122235 0.647291
vt 0.118593 0.643340
vt 0.130251 0.637885
vt 0.115119 0.658979
vt 0.110262 0.655629
vt 0.109525 0.670572
vt 0.111738 0.686196
vt 0.105655 0.683395
vt 0.116774 0.674334
vt 0.120582 0.664144
vt 0.124386 0.679486
vt 0.125876 0.653276
vt 0.132624 0.645724
vt 0.138280 0.641554
vt 0.141340 0.639758
vt 0.145276 0.631659
vt 0.117609 0.690369
vt 0.111894 0.700233
vt 0.107122 0.696433
vt 0.107556 0.708419
vt 0.104015 0.704543
vt 0.100047 0.701887
vt 0.102475 0.693787
vt 0.096333 0.699973
vt 0.100718 0.710926
vt 0.099331 0.717563
vt 0.097458 0.714929
vt 0.102902 0.715213
vt 0.771626 0.901790
vt 0.767106 0.903963
vt 0.773714 0.905526
vt 0.770217 0.906852
vt 0.101976 0.722220
vt 0.104855 0.719399
vt 0.102240 0.724176
vt 0.106426 0.722417
vt 0.572622 0.933538
vt 0.381785 0.858969
vt 0.380547 0.859330
vt 0.898787 0.067557
vt 0.895020 0.058987
vt 0.905086 0.053901
vt 0.883073 0.055051
vt 0.541447 0.782965
vt 0.536513 0.789870
vt 0.843110 0.930981
vt 0.763592 0.720709
vt 0.771572 0.718573
vt 0.746907 0.732092
vt 0.749519 0.724815
vt 0.537371 0.764649
vt 0.548488 0.766082
vt 0.733096 0.729807
vt 0.738239 0.722736
vt 0.561714 0.778736
vt 0.563195 0.773099
vt 0.580747 0.776510
vt 0.579206 0.782920
vt 0.598538 0.787556
vt 0.621027 0.791020
vt 0.642486 0.794761
vt 0.644108 0.789698
vt 0.640365 0.722740
vt 0.641071 0.716856
vt 0.666113 0.723045
vt 0.661600 0.799800
vt 0.665423 0.794452
vt 0.681597 0.797655
vt 0.636967 0.726911
vt 0.659354 0.739724
vt 0.635090 0.733708
vt 0.656129 0.747498
vt 0.632581 0.741152
vt 0.612101 0.735825
vt 0.629260 0.748470
vt 0.609692 0.743156
vt 0.593887 0.738618
vt 0.625503 0.755363
vt 0.652328 0.756073
vt 0.649309 0.762788
vt 0.675658 0.764375
vt 0.671326 0.770872
vt 0.697623 0.772609
vt 0.692221 0.779071
vt 0.687229 0.784287
vt 0.706032 0.784535
vt 0.710290 0.776858
vt 0.720015 0.780509
vt 0.717950 0.787688
vt 0.729114 0.782652
vt 0.727557 0.790199
vt 0.726335 0.796116
vt 0.734994 0.792514
vt 0.734151 0.798375
vt 0.733647 0.803300
vt 0.725238 0.800911
vt 0.737200 0.799990
vt 0.736271 0.804702
vt 0.248911 0.721266
vt 0.249661 0.718221
vt 0.542546 0.838810
vt 0.537632 0.839387
vt 0.742588 0.803045
vt 0.741874 0.807961
vt 0.252693 0.711284
vt 0.250236 0.702984
vt 0.745258 0.798373
vt 0.738199 0.794023
vt 0.748140 0.792433
vt 0.740920 0.787349
vt 0.736760 0.785527
vt 0.744431 0.779194
vt 0.740148 0.776954
vt 0.732990 0.774353
vt 0.744856 0.767375
vt 0.739365 0.764649
vt 0.724979 0.770955
vt 0.731569 0.761367
vt 0.745247 0.755551
vt 0.736897 0.752721
vt 0.716295 0.767712
vt 0.721593 0.757268
vt 0.724866 0.749753
vt 0.740516 0.745189
vt 0.728100 0.742607
vt 0.706887 0.752148
vt 0.708411 0.744977
vt 0.711039 0.738439
vt 0.731154 0.736253
vt 0.712905 0.732188
vt 0.697167 0.728254
vt 0.744074 0.738638
vt 0.713879 0.726166
vt 0.567018 0.768599
vt 0.581600 0.770285
vt 0.691917 0.722288
vt 0.684694 0.745488
vt 0.702723 0.762299
vt 0.680444 0.754880
vt 0.750237 0.757507
vt 0.753585 0.759099
vt 0.748466 0.769648
vt 0.760211 0.761689
vt 0.756046 0.772579
vt 0.752065 0.783245
vt 0.765321 0.752634
vt 0.951680 0.082944
vt 0.954247 0.071248
vt 0.957969 0.079486
vt 0.962881 0.073691
vt 0.950034 0.062498
vt 0.942519 0.056425
vt 0.934277 0.050561
vt 0.969184 0.114487
vt 0.976310 0.110735
vt 0.985487 0.107483
vt 0.984964 0.116819
vt 0.742183 0.876734
vt 0.737608 0.886443
vt 0.725477 0.894463
vt 0.729801 0.899470
vt 0.801533 0.144558
vt 0.708105 0.901695
vt 0.713010 0.909223
vt 0.719782 0.911918
vt 0.688425 0.911563
vt 0.703724 0.895223
vt 0.701203 0.893256
vt 0.697300 0.889845
vt 0.693250 0.886831
vt 0.673088 0.893803
vt 0.650988 0.892546
vt 0.668404 0.885526
vt 0.655107 0.901328
vt 0.635170 0.888536
vt 0.636970 0.896133
vt 0.639760 0.904830
vt 0.627141 0.882788
vt 0.632860 0.880242
vt 0.974612 0.202000
vt 0.879008 0.050590
vt 0.653332 0.927925
vt 0.033524 0.489122
vt 0.035456 0.485767
vt 0.026483 0.823118
vt 0.027980 0.824698
vt 0.598369 0.928711
vt 0.603362 0.936742
vt 0.594930 0.938492
vt 0.609089 0.932431
vt 0.611607 0.938406
vt 0.687909 0.861203
vt 0.536848 0.361589
vt 0.554212 0.454214
vt 0.103960 0.554200
vt 0.321299 0.936860
vt 0.007111 0.557432
vt 0.010471 0.556470
vt 0.817405 0.843411
vt 0.824212 0.630139
vt 0.227299 0.978364
vt 0.855413 0.988225
vt 0.847471 0.984753
vt 0.832604 0.951118
vt 0.837617 0.947645
vt 0.199709 0.889769
vt 0.215175 0.906366
vt 0.831940 0.696940
vt 0.834356 0.715313
vt 0.838651 0.715564
vt 0.837036 0.732374
vt 0.840447 0.732612
vt 0.843497 0.716251
vt 0.844987 0.733098
vt 0.848271 0.717506
vt 0.849132 0.736583
vt 0.853738 0.703417
vt 0.852589 0.719774
vt 0.852996 0.736624
vt 0.853438 0.693503
vt 0.861842 0.696514
vt 0.857778 0.707485
vt 0.855123 0.721464
vt 0.836380 0.742328
vt 0.044506 0.309485
vt 0.044352 0.298791
vt 0.046737 0.306260
vt 0.033371 0.281890
vt 0.811770 0.716003
vt 0.027972 0.282192
vt 0.805670 0.717478
vt 0.799340 0.719609
vt 0.795074 0.720746
vt 0.139835 0.153676
vt 0.141344 0.136404
vt 0.135513 0.134034
vt 0.969336 0.959167
vt 0.974274 0.960970
vt 0.967143 0.963697
vt 0.971945 0.981266
vt 0.969795 0.983132
vt 0.974487 0.978706
vt 0.978694 0.977350
vt 0.039815 0.343456
vt 0.043986 0.341236
vt 0.849170 0.778216
vt 0.846503 0.776267
vt 0.852216 0.781575
vt 0.854937 0.747006
vt 0.834930 0.746617
vt 0.563356 0.392185
vt 0.567005 0.391498
vt 0.567816 0.399114
vt 0.570498 0.397662
vt 0.395350 0.116469
vt 0.398933 0.123600
vt 0.391923 0.128487
vt 0.571382 0.404382
vt 0.388085 0.104355
vt 0.377334 0.069152
vt 0.365847 0.036174
vt 0.383703 0.063535
vt 0.166577 0.121878
vt 0.167240 0.155513
vt 0.157751 0.155863
vt 0.158295 0.125385
vt 0.832766 0.741761
vt 0.829720 0.747051
vt 0.177377 0.117397
vt 0.179477 0.155190
vt 0.826963 0.754455
vt 0.191606 0.111034
vt 0.196857 0.151606
vt 0.184727 0.189950
vt 0.209884 0.105265
vt 0.218450 0.146071
vt 0.226895 0.100434
vt 0.239592 0.138202
vt 0.251208 0.170348
vt 0.261032 0.130503
vt 0.272366 0.161792
vt 0.254163 0.181015
vt 0.822261 0.837565
vt 0.800966 0.824980
vt 0.805106 0.823644
vt 0.825550 0.832082
vt 0.820585 0.840693
vt 0.800480 0.828317
vt 0.172157 0.712359
vt 0.190021 0.701827
vt 0.190429 0.707104
vt 0.173306 0.720768
vt 0.172191 0.702796
vt 0.188705 0.693712
vt 0.207800 0.687560
vt 0.224930 0.683011
vt 0.183925 0.672634
vt 0.202098 0.659509
vt 0.212588 0.664126
vt 0.237304 0.678694
vt 0.224299 0.646394
vt 0.225616 0.625756
vt 0.210077 0.639241
vt 0.203721 0.615193
vt 0.185698 0.609409
vt 0.199192 0.603310
vt 0.190985 0.630030
vt 0.210500 0.591678
vt 0.209265 0.586933
vt 0.718054 0.203495
vt 0.177131 0.640956
vt 0.171780 0.617787
vt 0.172421 0.605412
vt 0.161267 0.646713
vt 0.159979 0.623296
vt 0.155314 0.618755
vt 0.322932 0.547679
vt 0.318210 0.536464
vt 0.331689 0.535782
vt 0.338322 0.541156
vt 0.800477 0.220099
vt 0.786982 0.224824
vt 0.781099 0.216194
vt 0.796001 0.210689
vt 0.769012 0.234732
vt 0.762260 0.224936
vt 0.781062 0.246543
vt 0.759895 0.246133
vt 0.790745 0.273729
vt 0.795132 0.309750
vt 0.782098 0.312283
vt 0.768722 0.313360
vt 0.796644 0.340093
vt 0.786779 0.341988
vt 0.778781 0.343976
vt 0.757136 0.314708
vt 0.766003 0.345516
vt 0.792127 0.358682
vt 0.784208 0.362335
vt 0.770636 0.364905
vt 0.757589 0.365845
vt 0.786320 0.373083
vt 0.772297 0.375351
vt 0.759271 0.376316
vt 0.747349 0.364819
vt 0.773582 0.382663
vt 0.760545 0.384711
vt 0.761193 0.391666
vt 0.761823 0.396214
vt 0.045968 0.977492
vt 0.050406 0.981795
vt 0.039228 0.991632
vt 0.036218 0.991714
vt 0.788504 0.379847
vt 0.805312 0.338080
vt 0.810740 0.337483
vt 0.279514 0.415495
vt 0.285074 0.413901
vt 0.275645 0.399473
vt 0.281926 0.399493
vt 0.272289 0.417055
vt 0.268345 0.398812
vt 0.267862 0.388562
vt 0.260697 0.398691
vt 0.259685 0.387451
vt 0.259639 0.380688
vt 0.267412 0.382422
vt 0.116179 0.970080
vt 0.127134 0.975458
vt 0.126225 0.978291
vt 0.116248 0.975059
vt 0.268170 0.377274
vt 0.116115 0.965926
vt 0.128056 0.970204
vt 0.137426 0.974998
vt 0.135996 0.979479
vt 0.819967 0.375773
vt 0.821090 0.379913
vt 0.813750 0.380493
vt 0.130524 0.962837
vt 0.140460 0.968848
vt 0.817064 0.387779
vt 0.825184 0.385758
vt 0.805162 0.384318
vt 0.808094 0.391959
vt 0.831859 0.399147
vt 0.822697 0.401300
vt 0.813606 0.405526
vt 0.800361 0.407417
vt 0.826620 0.412092
vt 0.816475 0.415048
vt 0.805477 0.418117
vt 0.819114 0.423007
vt 0.808850 0.425083
vt 0.797353 0.427868
vt 0.810252 0.431225
vt 0.800302 0.434828
vt 0.789097 0.440524
vt 0.783552 0.432380
vt 0.780303 0.449114
vt 0.776966 0.441918
vt 0.771661 0.433874
vt 0.770201 0.453542
vt 0.767413 0.446676
vt 0.758722 0.437599
vt 0.764377 0.427201
vt 0.763086 0.474404
vt 0.760467 0.468253
vt 0.657586 0.971971
vt 0.669989 0.990210
vt 0.651797 0.980699
vt 0.636505 0.970657
vt 0.640597 0.965383
vt 0.644196 0.957627
vt 0.661397 0.959803
vt 0.644925 0.948304
vt 0.661982 0.946588
vt 0.043038 0.883994
vt 0.051292 0.892600
vt 0.045313 0.896406
vt 0.038350 0.885393
vt 0.066658 0.915832
vt 0.049279 0.909794
vt 0.692441 0.936122
vt 0.702467 0.942446
vt 0.055222 0.889454
vt 0.069460 0.904088
vt 0.056708 0.882234
vt 0.070590 0.895145
vt 0.057879 0.875825
vt 0.069865 0.886615
vt 0.091770 0.901004
vt 0.109705 0.908985
vt 0.784997 0.493628
vt 0.794685 0.481042
vt 0.797438 0.488065
vt 0.787037 0.500123
vt 0.808312 0.469438
vt 0.812860 0.474102
vt 0.838136 0.459154
vt 0.825916 0.457209
vt 0.790359 0.474385
vt 0.802673 0.462821
vt 0.786137 0.465331
vt 0.796461 0.454452
vt 0.782393 0.458799
vt 0.792595 0.446997
vt 0.772098 0.459314
vt 0.766415 0.474425
vt 0.762933 0.491600
vt 0.630638 0.974544
vt 0.644718 0.984162
vt 0.638013 0.985194
vt 0.626220 0.979734
vt 0.616679 0.970303
vt 0.620459 0.967077
vt 0.624814 0.964587
vt 0.624697 0.957343
vt 0.629578 0.960541
vt 0.626725 0.953557
vt 0.633147 0.955605
vt 0.626941 0.951669
vt 0.633841 0.950824
vt 0.627280 0.948128
vt 0.632895 0.946464
vt 0.639263 0.944198
vt 0.626707 0.941575
vt 0.045794 0.877911
vt 0.036841 0.874188
vt 0.038693 0.870998
vt 0.040372 0.867762
vt 0.048429 0.872686
vt 0.614072 0.956486
vt 0.609940 0.954889
vt 0.614225 0.941410
vt 0.621205 0.942249
vt 0.049110 0.867118
vt 0.608867 0.969863
vt 0.060699 0.868449
vt 0.052161 0.859474
vt 0.070908 0.879896
vt 0.776863 0.498515
vt 0.770919 0.501676
vt 0.619468 0.978473
vt 0.147627 0.924451
vt 0.129847 0.920446
vt 0.130849 0.912200
vt 0.147276 0.914582
vt 0.144726 0.932355
vt 0.125966 0.929105
vt 0.140772 0.940360
vt 0.124114 0.936244
vt 0.136128 0.950271
vt 0.122719 0.945602
vt 0.100595 0.942540
vt 0.118734 0.956883
vt 0.101119 0.951118
vt 0.077867 0.953602
vt 0.075497 0.946796
vt 0.065249 0.960537
vt 0.080735 0.960308
vt 0.068577 0.966200
vt 0.057314 0.966771
vt 0.051631 0.970371
vt 0.081892 0.964119
vt 0.070488 0.970658
vt 0.236509 0.384828
vt 0.227690 0.392323
vt 0.225323 0.387194
vt 0.233630 0.380056
vt 0.238429 0.391669
vt 0.229940 0.397602
vt 0.242222 0.402093
vt 0.233545 0.406448
vt 0.227812 0.410533
vt 0.238392 0.426494
vt 0.232487 0.428460
vt 0.227601 0.430040
vt 0.234504 0.457706
vt 0.228480 0.457185
vt 0.223124 0.455821
vt 0.223837 0.430561
vt 0.733718 0.348269
vt 0.724405 0.325051
vt 0.228968 0.481339
vt 0.229508 0.498805
vt 0.220844 0.495747
vt 0.239361 0.483350
vt 0.242292 0.458712
vt 0.255650 0.485114
vt 0.254738 0.456580
vt 0.247496 0.423472
vt 0.265076 0.453245
vt 0.257986 0.420639
vt 0.253479 0.399568
vt 0.264437 0.418851
vt 0.250292 0.387833
vt 0.249407 0.380340
vt 0.101380 0.965179
vt 0.101005 0.971135
vt 0.083245 0.968634
vt 0.101035 0.959807
vt 0.280345 0.449370
vt 0.272005 0.451897
vt 0.286097 0.486057
vt 0.276620 0.488467
vt 0.268871 0.488127
vt 0.250430 0.502694
vt 0.216251 0.502582
vt 0.208755 0.498855
vt 0.212333 0.508113
vt 0.206820 0.503581
vt 0.205169 0.509471
vt 0.677424 0.259155
vt 0.684292 0.259599
vt 0.691601 0.276664
vt 0.682172 0.272019
vt 0.688518 0.259365
vt 0.696662 0.272124
vt 0.708080 0.272059
vt 0.677474 0.241913
vt 0.670648 0.246092
vt 0.146817 0.954859
vt 0.151776 0.945609
vt 0.836009 0.409045
vt 0.155965 0.938248
vt 0.828899 0.420420
vt 0.837599 0.418123
vt 0.820462 0.429333
vt 0.159044 0.929287
vt 0.315511 0.526626
vt 0.305425 0.551812
vt 0.338594 0.572502
vt 0.317842 0.580164
vt 0.351295 0.604479
vt 0.332103 0.614570
vt 0.372700 0.597797
vt 0.358901 0.562515
vt 0.166237 0.678910
vt 0.241961 0.646060
vt 0.234108 0.647143
vt 0.249466 0.644675
vt 0.266489 0.669769
vt 0.258142 0.642656
vt 0.276708 0.677489
vt 0.274049 0.666607
vt 0.265867 0.640719
vt 0.282554 0.664418
vt 0.276299 0.637683
vt 0.284254 0.674047
vt 0.294219 0.676651
vt 0.285491 0.679869
vt 0.279069 0.683518
vt 0.286433 0.682957
vt 0.280883 0.685221
vt 0.551637 0.673609
vt 0.554200 0.676952
vt 0.557893 0.671693
vt 0.554608 0.669129
vt 0.561748 0.675752
vt 0.558200 0.664138
vt 0.559494 0.652413
vt 0.294173 0.680832
vt 0.306913 0.679870
vt 0.305469 0.683003
vt 0.314068 0.690009
vt 0.316811 0.689207
vt 0.316037 0.697489
vt 0.311766 0.691062
vt 0.318308 0.696389
vt 0.305297 0.685674
vt 0.322665 0.696194
vt 0.329198 0.696953
vt 0.333361 0.703524
vt 0.336083 0.708966
vt 0.336698 0.695642
vt 0.342172 0.701849
vt 0.345478 0.708388
vt 0.337189 0.712128
vt 0.347934 0.712362
vt 0.351931 0.697212
vt 0.357509 0.703046
vt 0.360531 0.706567
vt 0.556398 0.615119
vt 0.552353 0.613717
vt 0.560590 0.598441
vt 0.563380 0.602603
vt 0.370935 0.690668
vt 0.372384 0.692103
vt 0.576740 0.585672
vt 0.572078 0.581195
vt 0.568797 0.605528
vt 0.581252 0.589195
vt 0.576963 0.565856
vt 0.583711 0.565842
vt 0.590318 0.567382
vt 0.581711 0.540191
vt 0.589535 0.540974
vt 0.598495 0.541055
vt 0.597957 0.569924
vt 0.586822 0.593592
vt 0.582232 0.617117
vt 0.574227 0.610869
vt 0.573382 0.629816
vt 0.565834 0.623513
vt 0.560238 0.618361
vt 0.555032 0.629757
vt 0.550529 0.627853
vt 0.552018 0.638708
vt 0.546763 0.626298
vt 0.551063 0.644385
vt 0.583198 0.637545
vt 0.591714 0.624341
vt 0.599054 0.652164
vt 0.609520 0.639719
vt 0.615418 0.683126
vt 0.591700 0.662559
vt 0.623950 0.673628
vt 0.633454 0.661107
vt 0.645453 0.644839
vt 0.667764 0.661758
vt 0.684936 0.669946
vt 0.665180 0.621667
vt 0.682516 0.640102
vt 0.695408 0.653307
vt 0.700123 0.676312
vt 0.707554 0.664584
vt 0.698177 0.622439
vt 0.684948 0.603302
vt 0.693613 0.570670
vt 0.686176 0.547054
vt 0.710806 0.556409
vt 0.675796 0.519689
vt 0.633653 0.505794
vt 0.662232 0.494894
vt 0.621744 0.476065
vt 0.646441 0.464762
vt 0.674571 0.451499
vt 0.633816 0.440348
vt 0.662631 0.424683
vt 0.691324 0.413986
vt 0.699679 0.438525
vt 0.720190 0.427630
vt 0.728831 0.445528
vt 0.962382 0.238477
vt 0.951150 0.238967
vt 0.940973 0.219360
vt 0.956557 0.218705
vt 0.940430 0.238084
vt 0.926657 0.217964
vt 0.966838 0.257935
vt 0.956880 0.258357
vt 0.947978 0.258571
vt 0.969681 0.278195
vt 0.960847 0.278126
vt 0.951370 0.280886
vt 0.970439 0.297188
vt 0.973135 0.240217
vt 0.732298 0.413416
vt 0.655075 0.409233
vt 0.686138 0.397170
vt 0.647372 0.398361
vt 0.674184 0.384844
vt 0.639634 0.387067
vt 0.665510 0.377463
vt 0.631384 0.375626
vt 0.659447 0.371380
vt 0.613252 0.403553
vt 0.609285 0.394242
vt 0.596295 0.425818
vt 0.617615 0.413569
vt 0.590798 0.443209
vt 0.585637 0.431972
vt 0.602077 0.437491
vt 0.624434 0.425040
vt 0.609920 0.453152
vt 0.609450 0.481138
vt 0.598520 0.458468
vt 0.600638 0.484717
vt 0.589781 0.462712
vt 0.581476 0.447863
vt 0.582875 0.466425
vt 0.574351 0.451742
vt 0.568669 0.440516
vt 0.576333 0.437079
vt 0.566166 0.432297
vt 0.562892 0.441773
vt 0.560545 0.432218
vt 0.560126 0.424710
vt 0.564981 0.425424
vt 0.560709 0.420403
vt 0.564303 0.421611
vt 0.567118 0.417277
vt 0.561961 0.417885
vt 0.389305 0.169118
vt 0.385163 0.163875
vt 0.390143 0.164237
vt 0.394179 0.166792
vt 0.378645 0.168000
vt 0.380772 0.174548
vt 0.554247 0.417201
vt 0.557504 0.416145
vt 0.383565 0.179697
vt 0.369261 0.181386
vt 0.370847 0.187524
vt 0.386666 0.184676
vt 0.373373 0.193028
vt 0.352896 0.193665
vt 0.353603 0.200297
vt 0.389197 0.187477
vt 0.374955 0.197098
vt 0.354127 0.204267
vt 0.330554 0.204779
vt 0.331203 0.206258
vt 0.563214 0.456842
vt 0.572152 0.472708
vt 0.568023 0.475578
vt 0.558708 0.458168
vt 0.582916 0.491942
vt 0.578578 0.493869
vt 0.579407 0.512199
vt 0.585061 0.513224
vt 0.577058 0.470141
vt 0.588584 0.489660
vt 0.591945 0.513701
vt 0.593803 0.487486
vt 0.598459 0.513554
vt 0.606585 0.512585
vt 0.616605 0.510318
vt 0.568142 0.454605
vt 0.557963 0.442877
vt 0.553614 0.443598
vt 0.409450 0.687256
vt 0.433347 0.682282
vt 0.434189 0.684051
vt 0.410130 0.690799
vt 0.317437 0.217540
vt 0.316257 0.215760
vt 0.574992 0.540118
vt 0.407860 0.680232
vt 0.430618 0.676837
vt 0.328358 0.199993
vt 0.310455 0.211857
vt 0.351866 0.187648
vt 0.351343 0.181086
vt 0.368679 0.174242
vt 0.384683 0.679413
vt 0.386038 0.685606
vt 0.366606 0.686010
vt 0.385959 0.687340
vt 0.346645 0.691509
vt 0.382784 0.152590
vt 0.384911 0.138449
vt 0.572328 0.412020
vt 0.713577 0.685222
vt 0.719285 0.676139
vt 0.962696 0.788382
vt 0.967449 0.770952
vt 0.973457 0.771809
vt 0.972509 0.788431
vt 0.724039 0.668400
vt 0.982212 0.771671
vt 0.610379 0.693105
vt 0.587387 0.674318
vt 0.607756 0.703130
vt 0.585013 0.685006
vt 0.568270 0.682060
vt 0.510765 0.664395
vt 0.514663 0.679752
vt 0.282074 0.121067
vt 0.295132 0.155029
vt 0.302793 0.110971
vt 0.318883 0.146849
vt 0.323802 0.099399
vt 0.282880 0.078103
vt 0.299616 0.068146
vt 0.264983 0.053099
vt 0.243925 0.049999
vt 0.257426 0.043684
vt 0.250824 0.060274
vt 0.264084 0.086955
vt 0.245182 0.095110
vt 0.240248 0.035573
vt 0.249349 0.030928
vt 0.258053 0.026656
vt 0.850978 0.470404
vt 0.841497 0.471445
vt 0.842243 0.443697
vt 0.854622 0.444143
vt 0.605094 0.102763
vt 0.630330 0.107529
vt 0.604830 0.112202
vt 0.566901 0.109956
vt 0.567913 0.101970
vt 0.568275 0.091041
vt 0.533361 0.096574
vt 0.533618 0.087111
vt 0.533657 0.078790
vt 0.568339 0.079824
vt 0.533497 0.072153
vt 0.511956 0.082993
vt 0.511305 0.077724
vt 0.510612 0.069986
vt 0.534116 0.063686
vt 0.510673 0.060995
vt 0.534730 0.054021
vt 0.511776 0.049952
vt 0.534877 0.045535
vt 0.561314 0.039263
vt 0.535103 0.038309
vt 0.559237 0.032392
vt 0.580345 0.033213
vt 0.534781 0.032307
vt 0.557375 0.026735
vt 0.931628 0.540327
vt 0.935011 0.514739
vt 0.942233 0.517808
vt 0.936888 0.540351
vt 0.924003 0.540330
vt 0.928218 0.511450
vt 0.913602 0.541479
vt 0.917943 0.509629
vt 0.898240 0.543031
vt 0.903086 0.508763
vt 0.886108 0.543536
vt 0.891652 0.508330
vt 0.879100 0.543255
vt 0.877544 0.506190
vt 0.869475 0.542965
vt 0.863921 0.507120
vt 0.864230 0.469472
vt 0.854990 0.508615
vt 0.873463 0.446568
vt 0.862596 0.542939
vt 0.857089 0.542901
vt 0.847215 0.510496
vt 0.862170 0.561365
vt 0.857309 0.560465
vt 0.514648 0.098399
vt 0.533110 0.103967
vt 0.515261 0.105425
vt 0.502480 0.094895
vt 0.513056 0.088089
vt 0.500431 0.089489
vt 0.497878 0.100480
vt 0.494767 0.093874
vt 0.491799 0.087082
vt 0.498660 0.082700
vt 0.489581 0.078715
vt 0.496704 0.075187
vt 0.487344 0.064544
vt 0.495892 0.063847
vt 0.489484 0.051118
vt 0.497696 0.051515
vt 0.494817 0.040594
vt 0.502088 0.041061
vt 0.514395 0.040256
vt 0.506949 0.031753
vt 0.515711 0.032399
vt 0.933065 0.569332
vt 0.932309 0.560020
vt 0.939084 0.559046
vt 0.943252 0.568166
vt 0.922799 0.573229
vt 0.922852 0.561998
vt 0.933665 0.575914
vt 0.924821 0.582096
vt 0.935531 0.583866
vt 0.925875 0.587887
vt 0.914528 0.594290
vt 0.928213 0.595296
vt 0.916798 0.599911
vt 0.904042 0.602306
vt 0.891279 0.605590
vt 0.891252 0.600194
vt 0.882624 0.602818
vt 0.882722 0.597659
vt 0.873980 0.599754
vt 0.874295 0.594406
vt 0.876028 0.589919
vt 0.868227 0.581267
vt 0.495685 0.115441
vt 0.492694 0.121037
vt 0.490684 0.119561
vt 0.865622 0.572289
vt 0.872189 0.575239
vt 0.862195 0.576732
vt 0.868110 0.562858
vt 0.875504 0.564555
vt 0.882615 0.614011
vt 0.873646 0.612156
vt 0.865588 0.611803
vt 0.872765 0.625119
vt 0.864342 0.625853
vt 0.856996 0.626568
vt 0.857820 0.611288
vt 0.454169 0.110953
vt 0.469103 0.106719
vt 0.470691 0.116317
vt 0.455397 0.119049
vt 0.452894 0.100808
vt 0.466698 0.097314
vt 0.477194 0.094161
vt 0.462668 0.085249
vt 0.472723 0.083468
vt 0.477941 0.081925
vt 0.482956 0.091893
vt 0.483364 0.080042
vt 0.487702 0.089468
vt 0.475849 0.065267
vt 0.481153 0.065208
vt 0.479676 0.050101
vt 0.483862 0.050310
vt 0.482992 0.041321
vt 0.489263 0.039295
vt 0.942397 0.588062
vt 0.943685 0.583888
vt 0.949389 0.588805
vt 0.948111 0.591337
vt 0.501322 0.031247
vt 0.493845 0.032484
vt 0.944830 0.574647
vt 0.936219 0.590591
vt 0.945576 0.595694
vt 0.939073 0.598809
vt 0.930920 0.602750
vt 0.933784 0.612616
vt 0.937798 0.620721
vt 0.479992 0.029461
vt 0.477094 0.037231
vt 0.484603 0.034346
vt 0.466282 0.044594
vt 0.472891 0.047106
vt 0.460353 0.064502
vt 0.469469 0.064200
vt 0.446195 0.113423
vt 0.444892 0.103036
vt 0.439562 0.115210
vt 0.437611 0.104926
vt 0.429196 0.090471
vt 0.422557 0.091034
vt 0.423058 0.070357
vt 0.429236 0.067872
vt 0.415874 0.051533
vt 0.422628 0.050220
vt 0.405709 0.032891
vt 0.411799 0.031328
vt 0.417978 0.030647
vt 0.403559 0.016683
vt 0.408406 0.015437
vt 0.412718 0.015065
vt 0.424264 0.029257
vt 0.418435 0.015255
vt 0.432080 0.025986
vt 0.423404 0.010770
vt 0.439804 0.020940
vt 0.547146 0.975499
vt 0.568722 0.978581
vt 0.561444 0.990094
vt 0.540827 0.986620
vt 0.443008 0.015571
vt 0.550843 0.966192
vt 0.573440 0.965731
vt 0.551196 0.956721
vt 0.573142 0.951717
vt 0.549339 0.949273
vt 0.570927 0.941637
vt 0.546103 0.944162
vt 0.565208 0.933676
vt 0.930666 0.662651
vt 0.927021 0.666651
vt 0.542295 0.939318
vt 0.559744 0.929060
vt 0.915845 0.660341
vt 0.926782 0.670763
vt 0.902719 0.653980
vt 0.926392 0.675335
vt 0.915368 0.665362
vt 0.901555 0.660018
vt 0.914390 0.669164
vt 0.900373 0.667113
vt 0.915342 0.678607
vt 0.900826 0.673944
vt 0.884834 0.673181
vt 0.869526 0.663651
vt 0.416540 0.071630
vt 0.415078 0.092128
vt 0.407825 0.091822
vt 0.409714 0.074196
vt 0.863777 0.667248
vt 0.877473 0.678799
vt 0.913755 0.686096
vt 0.900933 0.681229
vt 0.409091 0.053755
vt 0.531062 0.893589
vt 0.537827 0.896589
vt 0.398794 0.034875
vt 0.864148 0.652957
vt 0.858751 0.655336
vt 0.856362 0.648191
vt 0.863238 0.646821
vt 0.870353 0.645310
vt 0.863262 0.640961
vt 0.870870 0.639625
vt 0.863630 0.633698
vt 0.871849 0.632802
vt 0.881758 0.625555
vt 0.891759 0.626279
vt 0.891398 0.615700
vt 0.856423 0.642131
vt 0.856681 0.634645
vt 0.447755 0.121857
vt 0.440742 0.123409
vt 0.544584 0.897918
vt 0.923552 0.679998
vt 0.537973 0.935687
vt 0.552748 0.924253
vt 0.530258 0.946165
vt 0.526923 0.941987
vt 0.523110 0.950845
vt 0.519953 0.948780
vt 0.515460 0.946244
vt 0.511046 0.941296
vt 0.515517 0.953798
vt 0.509516 0.958290
vt 0.504439 0.955008
vt 0.516104 0.962151
vt 0.518247 0.966231
vt 0.503919 0.958203
vt 0.522123 0.971233
vt 0.402343 0.006160
vt 0.405061 0.005062
vt 0.407677 0.005040
vt 0.391398 0.019863
vt 0.397516 0.018406
vt 0.532459 0.951389
vt 0.525310 0.955122
vt 0.534467 0.955559
vt 0.536070 0.960327
vt 0.535929 0.965468
vt 0.529411 0.965169
vt 0.535739 0.991664
vt 0.202264 0.078132
vt 0.187274 0.076515
vt 0.196416 0.067544
vt 0.189810 0.087052
vt 0.183918 0.068476
vt 0.174302 0.070759
vt 0.181809 0.064940
vt 0.174686 0.075787
vt 0.176443 0.084819
vt 0.166496 0.090719
vt 0.176394 0.095986
vt 0.165900 0.102422
vt 0.157695 0.091055
vt 0.157001 0.103597
vt 0.553716 0.827738
vt 0.553937 0.822750
vt 0.554427 0.831972
vt 0.571228 0.828038
vt 0.570806 0.821832
vt 0.591331 0.827676
vt 0.591347 0.820086
vt 0.612155 0.828413
vt 0.613883 0.822640
vt 0.629382 0.831415
vt 0.632887 0.825613
vt 0.633809 0.774606
vt 0.614697 0.767648
vt 0.624524 0.836681
vt 0.650149 0.835522
vt 0.605798 0.760235
vt 0.601221 0.761815
vt 0.663750 0.838665
vt 0.095971 0.094957
vt 0.089886 0.109649
vt 0.069453 0.103534
vt 0.116843 0.107162
vt 0.111643 0.116902
vt 0.109385 0.127079
vt 0.133547 0.116072
vt 0.130337 0.124817
vt 0.129450 0.138884
vt 0.878317 0.937633
vt 0.883350 0.945621
vt 0.871580 0.955803
vt 0.864681 0.946715
vt 0.897767 0.937011
vt 0.903085 0.943343
vt 0.910897 0.931130
vt 0.913836 0.938330
vt 0.926880 0.922611
vt 0.927386 0.927702
vt 0.927653 0.933091
vt 0.976370 0.856175
vt 0.972961 0.860216
vt 0.961033 0.843187
vt 0.982482 0.872028
vt 0.860035 0.933578
vt 0.845225 0.941007
vt 0.849284 0.950957
vt 0.815464 0.318923
vt 0.652229 0.304920
vt 0.739088 0.585711
vt 0.725145 0.592793
vt 0.740516 0.578224
vt 0.719693 0.593348
vt 0.265942 0.714110
vt 0.476109 0.849284
vt 0.476148 0.837349
vt 0.479957 0.829416
vt 0.748132 0.549944
vt 0.753498 0.553035
vt 0.675166 0.819381
vt 0.549352 0.717605
vt 0.722759 0.817026
vt 0.862062 0.189151
vt 0.877293 0.186878
vt 0.866429 0.184824
vt 0.876678 0.185326
vt 0.716588 0.387070
vt 0.857992 0.182116
vt 0.858108 0.181135
vt 0.804438 0.200865
vt 0.804240 0.221752
vt 0.721146 0.346941
vt 0.727836 0.341568
vt 0.855186 0.928487
vt 0.445891 0.699816
vt 0.020196 0.408568
vt 0.014509 0.404107
vt 0.044189 0.398441
vt 0.904947 0.947917
vt 0.767797 0.143661
vt 0.768939 0.138398
vt 0.982091 0.324695
vt 0.978750 0.323651
vt 0.750355 0.137338
vt 0.040884 0.225191
vt 0.033228 0.209791
vt 0.038730 0.207790
vt 0.044018 0.223323
vt 0.750398 0.138833
vt 0.743571 0.135017
vt 0.740215 0.132591
vt 0.749347 0.139925
vt 0.741145 0.134143
vt 0.028237 0.212241
vt 0.037985 0.226498
vt 0.034779 0.229781
vt 0.023320 0.215804
vt 0.022873 0.201963
vt 0.024776 0.197233
vt 0.792284 0.183547
vt 0.952950 0.311208
vt 0.034362 0.257143
vt 0.024931 0.259896
vt 0.026406 0.224971
vt 0.043188 0.253123
vt 0.497653 0.634381
vt 0.246454 0.559659
vt 0.700156 0.206678
vt 0.690516 0.205425
vt 0.749766 0.228335
vt 0.718071 0.234040
vt 0.911706 0.945224
vt 0.313039 0.009683
vt 0.328813 0.007982
vt 0.340983 0.005000
vt 0.984673 0.750570
vt 0.301262 0.009001
vt 0.979400 0.715918
vt 0.982105 0.718399
vt 0.980108 0.721380
vt 0.976982 0.718855
vt 0.970244 0.757692
vt 0.976001 0.661079
vt 0.595654 0.019745
vt 0.593840 0.015345
vt 0.543757 0.685853
vt 0.557719 0.545246
vt 0.558500 0.538379
vt 0.558861 0.554429
vt 0.297314 0.008275
vt 0.605130 0.714160
vt 0.039848 0.238116
vt 0.558183 0.563520
vt 0.591875 0.716282
vt 0.568051 0.740868
vt 0.653943 0.784058
vt 0.014574 0.314260
vt 0.423021 0.301988
vt 0.756392 0.554610
vt 0.026808 0.819517
vt 0.029083 0.820794
vt 0.272851 0.006684
vt 0.265976 0.005390
vt 0.543742 0.719477
vt 0.716623 0.692617
vt 0.958882 0.782250
vt 0.956606 0.772593
vt 0.822495 0.948527
vt 0.820037 0.946853
vt 0.882169 0.039100
vt 0.870738 0.048459
vt 0.866992 0.053629
vt 0.870550 0.025494
vt 0.879550 0.029403
vt 0.365258 0.305935
vt 0.436937 0.740239
vt 0.214100 0.658991
vt 0.194272 0.919191
vt 0.605513 0.857403
vt 0.039677 0.279613
vt 0.008403 0.511985
vt 0.008403 0.515434
vt 0.005257 0.512396
vt 0.011106 0.239152
vt 0.015183 0.237805
vt 0.010556 0.244236
vt 0.012713 0.255811
vt 0.017701 0.262120
vt 0.010994 0.259927
vt 0.018104 0.278193
vt 0.015222 0.279751
vt 0.013448 0.263910
vt 0.005394 0.523196
vt 0.006607 0.517925
vt 0.006715 0.520871
vt 0.988766 0.236903
vt 0.993533 0.241236
vt 0.987643 0.241163
vt 0.005225 0.520517
vt 0.008911 0.532643
vt 0.005000 0.525511
vt 0.008911 0.528004
vt 0.992806 0.235294
vt 0.005015 0.515610
vt 0.005029 0.530204
vt 0.017037 0.254989
vt 0.456574 0.852204
vt 0.006340 0.554840
vt 0.008315 0.534875
vt 0.008365 0.551274
vt 0.043761 0.344430
vt 0.012069 0.278892
vt 0.015156 0.242163
vt 0.987819 0.249593
vt 0.994835 0.246373
vt 0.994151 0.251685
vt 0.019188 0.245867
vt 0.019188 0.252706
vt 0.013128 0.246353
vt 0.990464 0.243382
vt 0.012464 0.252496
vt 0.005053 0.550935
vt 0.463238 0.847631
s 1
f 1/1/1 2/2/2 3/3/3 4/4/4
f 5/5/5 6/6/6 3/3/3 7/7/7
f 8/8/8 9/9/9 10/10/10 11/11/11
f 9/12/9 12/13/12 13/14/13 10/15/10
f 14/16/14 15/17/15 13/14/13 12/13/12
f 16/18/16 10/19/10 13/20/13 17/21/17
f 18/22/18 17/23/17 13/24/13 15/25/15
f 19/26/19 20/27/20 21/28/21 22/29/22
f 23/30/23 22/29/22 21/28/21 24/31/24
f 25/32/25 24/31/24 21/28/21 20/27/20
f 5/5/5 23/30/23 24/31/24 25/32/25
f 26/33/26 25/32/25 20/27/20 19/26/19
f 27/34/27 28/35/28 29/36/29 30/37/30
f 31/38/31 32/39/32 29/36/29 28/35/28
f 33/40/33 34/41/34 35/42/35 36/43/36
f 37/44/37 38/45/38 39/46/39 40/47/40
f 41/48/41 42/49/42 43/50/43 44/51/44
f 45/52/45 46/53/46 47/54/47 48/55/48
f 49/56/49 50/57/50 47/58/47 51/59/51
f 52/60/52 53/61/53 54/62/54 55/63/55
f 56/64/56 55/63/55 54/62/54 57/65/57
f 58/66/58 59/67/59 60/68/60 61/69/61
f 62/70/62 61/71/61 60/72/60 63/73/63
f 64/74/64 63/73/63 60/72/60 59/75/59
f 65/76/65 66/77/66 67/78/67 68/79/68
f 69/80/69 68/79/68 67/78/67 70/81/70
f 71/82/71 70/81/70 67/78/67 66/77/66
f 72/83/72 73/84/73 74/85/74 75/86/75
f 76/87/76 75/86/75 74/85/74 77/88/77
f 78/89/78 77/88/77 74/85/74 73/84/73
f 79/90/79 78/89/78 73/84/73 72/83/72
f 80/91/80 81/92/81 79/90/79 72/83/72
f 82/93/82 83/94/83 79/90/79 84/95/84
f 85/96/85 78/89/78 79/90/79 83/94/83
f 86/97/86 87/98/87 82/93/82 84/95/84
f 88/99/88 83/94/83 82/93/82 87/98/87
f 89/100/89 90/101/90 91/102/91 92/103/92
f 93/104/93 92/103/92 91/102/91 94/105/94
f 95/106/95 96/107/96 91/108/91 90/109/90
f 97/110/97 98/111/98 99/112/99 100/113/100
f 101/114/101 102/115/102 99/112/99 98/111/98
f 103/116/103 100/113/100 99/112/99 102/115/102
f 89/100/89 104/117/104 105/118/105 90/101/90
f 95/119/95 90/101/90 105/118/105 106/120/106
f 107/121/107 108/122/108 109/123/109 110/124/110
f 93/104/93 110/124/110 109/123/109 92/103/92
f 89/100/89 92/103/92 109/123/109 111/125/111
f 112/126/112 113/127/113 114/128/114 115/129/115
f 116/130/116 117/131/117 114/128/114 113/127/113
f 118/132/118 115/129/115 114/128/114 117/131/117
f 119/133/119 111/125/111 109/123/109 108/122/108
f 104/117/104 120/134/120 106/120/106 105/118/105
f 121/135/121 122/136/122 106/120/106 120/134/120
f 123/137/123 124/138/124 125/139/125 126/140/126
f 127/141/127 128/142/128 125/139/125 124/138/124
f 129/143/129 130/144/130 125/139/125 128/142/128
f 131/145/131 126/140/126 125/139/125 132/146/132
f 133/147/133 132/146/132 125/139/125 130/144/130
f 134/148/134 135/149/135 136/150/136 137/151/137
f 138/152/138 139/153/139 136/154/136 140/155/140
f 141/156/141 140/157/140 136/150/136 135/149/135
f 142/158/142 143/159/143 137/160/137 136/161/136
f 144/162/144 134/148/134 137/151/137 143/163/143
f 145/164/145 146/165/146 147/166/147 148/167/148
f 149/168/149 150/169/150 147/166/147 146/165/146
f 151/170/151 148/167/148 147/166/147 150/169/150
f 152/171/152 148/167/148 151/170/151 153/172/153
f 154/173/154 155/174/155 151/170/151 156/175/156
f 157/176/157 153/172/153 151/170/151 155/174/155
f 158/177/158 156/175/156 151/170/151 150/169/150
f 159/178/159 160/179/160 161/180/161 162/181/162
f 163/182/163 164/183/164 161/184/161 160/185/160
f 165/186/165 162/181/162 161/180/161 166/187/166
f 167/188/167 166/189/166 161/184/161 168/190/168
f 169/191/169 168/190/168 161/184/161 164/183/164
f 167/188/167 170/192/170 171/193/171 172/194/172
f 173/195/173 172/196/172 171/197/171 174/198/174
f 175/199/175 174/200/174 171/193/171 170/192/170
f 176/201/176 177/202/177 178/203/178 179/204/179
f 180/205/180 181/206/181 178/207/178 177/208/177
f 182/209/182 183/210/183 184/211/184 185/212/185
f 186/213/186 185/212/185 184/211/184 187/214/187
f 188/215/188 189/216/189 190/217/190 191/218/191
f 192/219/192 193/220/193 190/221/190 189/222/189
f 194/223/194 191/218/191 190/217/190 195/224/195
f 196/225/196 195/226/195 190/221/190 193/220/193
f 197/227/197 198/228/198 58/229/58 199/230/199
f 200/231/200 59/75/59 58/229/58 198/228/198
f 201/232/201 202/233/202 203/234/203 204/235/204
f 205/236/205 204/235/204 203/234/203 206/237/206
f 199/230/199 207/238/207 208/239/208 197/227/197
f 209/240/209 210/241/210 208/239/208 207/238/207
f 211/242/211 212/243/212 213/244/213 214/245/214
f 199/246/199 214/245/214 213/244/213 207/247/207
f 209/240/209 207/238/207 213/248/213 215/249/215
f 195/224/195 47/58/47 50/57/50 194/223/194
f 204/250/204 216/251/216 217/252/217 201/253/201
f 213/244/213 201/232/201 217/254/217 215/255/215
f 218/256/218 215/249/215 217/252/217 216/251/216
f 187/214/187 191/218/191 194/223/194 219/257/219
f 220/258/220 219/257/219 194/223/194 221/259/221
f 49/56/49 221/259/221 194/223/194 50/57/50
f 222/260/222 223/261/223 224/262/224 64/74/64
f 63/73/63 64/74/64 224/262/224 192/219/192
f 193/220/193 192/219/192 224/262/224 223/261/223
f 225/263/225 226/264/226 195/226/195 196/225/196
f 48/55/48 47/54/47 195/226/195 226/264/226
f 205/265/205 227/266/227 216/267/216 204/268/204
f 228/269/228 229/270/229 216/251/216 230/271/230
f 231/272/231 218/256/218 216/251/216 229/270/229
f 232/273/232 233/274/233 234/275/234 235/276/235
f 236/277/236 235/276/235 234/275/234 237/278/237
f 238/279/238 239/280/239 234/275/234 233/274/233
f 240/281/240 241/282/241 234/275/234 239/280/239
f 242/283/242 237/278/237 234/275/234 241/282/241
f 52/60/52 55/63/55 231/272/231 229/270/229
f 243/284/243 218/256/218 231/272/231 244/285/244
f 56/64/56 245/286/245 231/272/231 55/63/55
f 246/287/246 244/285/244 231/272/231 245/286/245
f 247/288/247 221/259/221 49/56/49 248/289/248
f 249/290/249 250/291/250 49/292/49 51/293/51
f 251/294/251 248/295/248 49/292/49 250/291/250
f 252/296/252 253/297/253 227/266/227 205/265/205
f 254/298/254 255/299/255 227/266/227 253/297/253
f 256/300/256 257/301/257 258/302/258 222/260/222
f 223/261/223 222/260/222 258/302/258 259/303/259
f 260/304/260 261/305/261 258/302/258 257/301/257
f 262/306/262 259/303/259 258/302/258 263/307/263
f 264/308/264 263/307/263 258/302/258 261/305/261
f 265/309/265 266/310/266 230/311/230 255/299/255
f 245/286/245 228/269/228 230/271/230 266/312/266
f 267/313/267 228/269/228 245/286/245 56/64/56
f 268/314/268 246/287/246 245/286/245 266/312/266
f 269/315/269 254/298/254 253/297/253 270/316/270
f 263/307/263 271/317/271 272/318/272 262/306/262
f 225/263/225 262/306/262 272/318/272 273/319/273
f 274/320/274 275/321/275 271/317/271 276/322/276
f 275/321/275 273/319/273 272/318/272 271/317/271
f 277/323/277 278/324/278 51/293/51 279/325/279
f 242/283/242 280/326/280 281/327/281 260/304/260
f 282/328/282 283/329/283 281/327/281 280/326/280
f 261/305/261 260/304/260 281/327/281 283/329/283
f 238/279/238 233/274/233 284/330/284 285/331/285
f 232/273/232 210/241/210 284/330/284 233/274/233
f 264/308/264 276/322/276 271/317/271 263/307/263
f 244/285/244 246/287/246 286/332/286 285/331/285
f 268/314/268 287/333/287 286/332/286 246/287/246
f 288/334/288 289/335/289 286/332/286 287/333/287
f 290/336/290 291/337/291 292/338/292 293/339/293
f 264/308/264 293/339/293 292/338/292 276/322/276
f 274/320/274 276/322/276 292/338/292 291/337/291
f 294/340/294 295/341/295 291/337/291 296/342/296
f 297/343/297 274/320/274 291/337/291 295/341/295
f 289/335/289 288/334/288 295/341/295 294/340/294
f 298/344/298 299/345/299 295/346/295 288/347/288
f 299/348/299 300/349/300 301/350/301 302/351/302
f 303/352/303 278/324/278 301/350/301 304/353/304
f 277/323/277 302/351/302 301/350/301 278/324/278
f 305/354/305 306/355/306 301/350/301 300/349/300
f 307/356/307 304/353/304 301/350/301 306/355/306
f 304/353/304 308/357/308 309/358/309 303/352/303
f 249/290/249 303/352/303 309/358/309 310/359/310
f 311/360/311 310/359/310 309/358/309 308/357/308
f 312/361/312 313/362/313 307/356/307 306/355/306
f 308/357/308 304/353/304 307/356/307 313/362/313
f 314/363/314 315/364/315 316/365/316 317/366/317
f 318/367/318 317/366/317 316/365/316 319/368/319
f 320/369/320 321/370/321 322/371/322 323/372/323
f 324/373/324 325/374/325 322/375/322 321/376/321
f 326/377/326 323/378/323 322/375/322 325/374/325
f 323/378/323 327/379/327 328/380/328 320/381/320
f 329/382/329 320/369/320 328/383/328 330/384/330
f 331/385/331 330/384/330 328/383/328 327/386/327
f 329/382/329 324/387/324 321/370/321 320/369/320
f 326/377/326 331/388/331 327/379/327 323/378/323
f 332/389/332 333/390/333 334/391/334 335/392/335
f 336/393/336 337/394/337 334/391/334 338/395/338
f 339/396/339 338/395/338 334/391/334 340/397/340
f 341/398/341 337/394/337 317/399/317 318/400/318
f 342/401/342 343/402/343 344/403/344 345/404/345
f 346/405/346 345/404/345 344/403/344 347/406/347
f 348/407/348 347/406/347 344/403/344 343/402/343
f 349/408/349 350/409/350 351/410/351 352/411/352
f 353/412/353 352/411/352 351/410/351 354/413/354
f 355/414/355 356/415/356 357/416/357 358/417/358
f 359/418/359 358/417/358 357/416/357 360/419/360
f 361/420/361 360/419/360 357/416/357 356/415/356
f 362/421/362 363/422/363 364/423/364 365/424/365
f 366/425/366 365/424/365 364/423/364 367/426/367
f 368/427/368 367/426/367 364/423/364 369/428/369
f 370/429/370 371/430/371 372/431/372 373/432/373
f 374/433/374 375/434/375 372/431/372 371/430/371
f 376/435/376 373/432/373 372/431/372 375/434/375
f 377/436/377 378/437/378 379/438/379 380/439/380
f 381/440/381 382/441/382 379/442/379 378/443/378
f 383/444/383 384/445/384 379/442/379 382/441/382
f 385/446/385 380/439/380 379/438/379 386/447/386
f 387/448/387 386/447/386 379/438/379 384/449/384
f 388/450/388 389/451/389 390/452/390 391/453/391
f 392/454/392 393/455/393 390/452/390 389/451/389
f 394/456/394 391/453/391 390/452/390 393/455/393
f 381/440/381 395/457/395 396/458/396 382/441/382
f 397/459/397 398/460/398 396/458/396 395/457/395
f 383/444/383 382/441/382 396/458/396 398/460/398
f 399/461/399 400/462/400 387/463/387 401/464/401
f 402/465/402 403/466/403 387/463/387 384/467/384
f 404/468/404 401/464/401 387/463/387 403/466/403
f 405/469/405 406/470/406 407/471/407 408/472/408
f 409/473/409 410/474/410 407/475/407 411/476/411
f 412/477/412 408/478/408 407/479/407 410/480/410
f 413/481/413 411/476/411 407/475/407 406/482/406
f 414/483/414 415/484/415 406/470/406 405/469/405
f 416/485/416 417/486/417 406/470/406 415/484/415
f 418/487/418 413/481/413 406/482/406 417/488/417
f 419/489/419 420/490/420 421/491/421 422/492/422
f 419/489/419 423/493/423 424/494/424 420/490/420
f 404/468/404 425/495/425 424/494/424 423/493/423
f 426/496/426 427/497/427 416/485/416 415/484/415
f 428/498/428 417/488/417 416/499/416 427/500/427
f 429/501/429 430/502/430 431/503/431 432/504/432
f 433/505/433 432/506/432 431/507/431 434/508/434
f 435/509/435 434/508/434 431/507/431 436/510/436
f 437/511/437 438/512/438 431/503/431 430/502/430
f 439/513/439 436/514/436 431/503/431 438/512/438
f 440/515/440 441/516/441 439/513/439 438/512/438
f 442/517/442 436/514/436 439/513/439 441/516/441
f 443/518/443 444/519/444 445/520/445 446/521/446
f 447/522/447 446/521/446 445/520/445 448/523/448
f 449/524/449 448/523/448 445/520/445 450/525/450
f 451/526/451 450/525/450 445/520/445 444/519/444
f 452/527/452 453/528/453 454/529/454 455/530/455
f 443/518/443 455/531/455 454/532/454 456/533/456
f 457/534/457 456/533/456 454/532/454 453/535/453
f 458/536/458 456/533/456 457/534/457 459/537/459
f 460/538/460 459/537/459 457/534/457 461/539/461
f 462/540/462 463/541/463 464/542/464 465/543/465
f 466/544/466 465/543/465 464/542/464 467/545/467
f 468/546/468 469/547/469 464/542/464 463/541/463
f 470/548/470 471/549/471 464/542/464 469/547/469
f 472/550/472 467/545/467 464/542/464 471/549/471
f 473/551/473 474/552/474 475/553/475 476/554/476
f 477/555/477 478/556/478 475/553/475 474/552/474
f 479/557/479 476/554/476 475/553/475 478/556/478
f 480/558/480 472/550/472 481/559/481 482/560/482
f 471/549/471 483/561/483 481/559/481 472/550/472
f 484/562/484 482/560/482 481/559/481 483/561/483
f 485/563/485 486/564/486 487/565/487 488/566/488
f 489/567/489 490/568/490 487/565/487 491/569/491
f 492/570/492 493/571/493 487/565/487 490/568/490
f 494/572/494 488/566/488 487/565/487 493/571/493
f 495/573/495 469/547/469 468/546/468 496/574/496
f 497/575/497 496/574/496 468/546/468 498/576/498
f 499/577/499 498/576/498 468/546/468 463/541/463
f 500/578/500 501/579/501 502/580/502 494/572/494
f 488/566/488 494/572/494 502/580/502 503/581/503
f 504/582/504 505/583/505 502/580/502 501/579/501
f 462/540/462 506/584/506 499/577/499 463/541/463
f 507/585/507 498/576/498 499/577/499 506/584/506
f 508/586/508 509/587/509 510/588/510 511/589/511
f 512/590/512 513/591/513 510/592/510 514/593/514
f 515/594/515 511/589/511 510/588/510 513/595/513
f 516/596/516 514/593/514 510/592/510 509/597/509
f 517/598/517 518/599/518 498/576/498 507/585/507
f 519/600/519 497/575/497 498/576/498 518/599/518
f 484/562/484 483/561/483 520/601/520 521/602/521
f 471/549/471 470/548/470 520/601/520 483/561/483
f 522/603/522 523/604/523 520/601/520 470/548/470
f 524/605/524 521/606/521 520/607/520 525/608/525
f 526/609/526 525/608/525 520/607/520 523/610/523
f 527/611/527 528/612/528 506/584/506 462/540/462
f 529/613/529 530/614/530 506/584/506 528/612/528
f 531/615/531 507/585/507 506/584/506 530/614/530
f 469/547/469 495/573/495 522/603/522 470/548/470
f 532/616/532 533/617/533 534/618/534 535/619/535
f 536/620/536 537/621/537 534/618/534 538/622/538
f 539/623/539 540/624/540 541/625/541 542/626/542
f 543/627/543 544/628/544 541/625/541 540/624/540
f 545/629/545 542/626/542 541/625/541 544/628/544
f 490/568/490 537/621/537 546/630/546 492/570/492
f 536/620/536 547/631/547 546/630/546 537/621/537
f 519/600/519 548/632/548 522/603/522 549/633/549
f 550/634/550 523/604/523 522/603/522 548/632/548
f 551/635/551 552/636/552 546/630/546 547/631/547
f 553/637/553 554/638/554 555/639/555 556/640/556
f 557/641/557 558/642/558 555/639/555 554/638/554
f 559/643/559 556/640/556 555/639/555 558/642/558
f 543/627/543 553/637/553 556/640/556 559/643/559
f 552/636/552 551/635/551 560/644/560 561/645/561
f 492/570/492 561/645/561 560/644/560 493/571/493
f 562/646/562 542/626/542 545/629/545 473/551/473
f 563/647/563 564/648/564 545/629/545 544/628/544
f 565/649/565 566/650/566 545/629/545 564/648/564
f 474/552/474 473/551/473 545/629/545 532/616/532
f 545/629/545 566/650/566 533/617/533 532/616/532
f 538/622/538 534/618/534 533/617/533 567/651/567
f 568/652/568 569/653/569 531/615/531 530/614/530
f 517/598/517 507/585/507 531/615/531 570/654/570
f 571/655/571 547/631/547 536/620/536 538/622/538
f 547/631/547 571/655/571 572/656/572 551/635/551
f 573/657/573 574/658/574 572/659/572 571/660/571
f 565/649/565 575/661/575 538/622/538 567/651/567
f 576/662/576 571/655/571 538/622/538 575/661/575
f 577/663/577 578/664/578 579/665/579 580/666/580
f 531/615/531 580/666/580 579/665/579 570/654/570
f 581/667/581 582/668/582 579/665/579 578/664/578
f 583/669/583 584/670/584 585/671/585 550/634/550
f 523/604/523 550/634/550 585/671/585 526/672/526
f 586/673/586 587/674/587 585/675/585 588/676/588
f 557/641/557 526/609/526 585/675/585 587/674/587
f 589/677/589 588/678/588 585/671/585 584/670/584
f 590/679/590 570/654/570 579/665/579 582/668/582
f 582/668/582 591/680/591 592/681/592 590/679/590
f 593/682/593 590/679/590 592/681/592 594/683/594
f 595/684/595 594/683/594 592/681/592 596/685/596
f 581/667/581 597/686/597 591/680/591 582/668/582
f 598/687/598 592/681/592 591/680/591 597/686/597
f 596/685/596 599/688/599 600/689/600 595/684/595
f 584/670/584 595/684/595 600/689/600 589/677/589
f 601/690/601 589/677/589 600/689/600 602/691/602
f 603/692/603 604/693/604 599/688/599 596/685/596
f 605/694/605 600/689/600 599/688/599 604/693/604
f 606/695/606 607/696/607 608/697/608 609/698/609
f 610/699/610 609/698/609 608/697/608 611/700/611
f 612/701/612 613/702/613 608/697/608 607/696/607
f 614/703/614 615/704/615 608/697/608 613/702/613
f 616/705/616 611/700/611 608/697/608 615/704/615
f 617/706/617 348/707/348 343/708/343 342/709/342
f 618/710/618 619/711/619 620/712/620 621/713/621
f 622/714/622 623/715/623 624/716/624 625/717/625
f 626/718/626 625/719/625 624/720/624 627/721/627
f 628/722/628 629/723/629 624/716/624 623/715/623
f 630/724/630 627/721/627 624/720/624 631/725/631
f 632/726/632 631/725/631 624/720/624 629/727/629
f 633/728/633 634/729/634 635/730/635 636/731/636
f 637/732/637 638/733/638 635/730/635 634/729/634
f 639/734/639 636/731/636 635/730/635 640/735/640
f 641/736/641 642/737/642 635/730/635 638/733/638
f 643/738/643 640/735/640 635/730/635 642/737/642
f 644/739/644 627/721/627 630/724/630 645/740/645
f 646/741/646 645/740/645 630/724/630 631/725/631
f 647/742/647 644/739/644 645/740/645 648/743/648
f 649/744/649 648/743/648 645/740/645 650/745/650
f 651/746/651 652/747/652 653/748/653 654/749/654
f 655/750/655 656/751/656 653/748/653 652/747/652
f 657/752/657 654/749/654 653/748/653 658/753/658
f 659/754/659 658/753/658 653/748/653 660/755/660
f 661/756/661 660/755/660 653/748/653 656/751/656
f 647/742/647 648/743/648 649/744/649 662/757/662
f 663/758/663 662/757/662 649/744/649 650/745/650
f 664/759/664 665/760/665 666/761/666 667/762/667
f 668/763/668 669/764/669 666/761/666 665/760/665
f 670/765/670 667/762/667 666/761/666 669/764/669
f 671/766/671 667/767/667 670/768/670 672/769/672
f 673/770/673 674/771/674 675/772/675 676/773/676
f 677/774/677 678/775/678 675/776/675 679/777/679
f 678/775/678 680/778/680 681/779/681 682/780/682
f 676/773/676 682/781/682 681/782/681 683/783/683
f 684/784/684 685/785/685 686/786/686 687/787/687
f 688/788/688 689/789/689 687/790/687 690/791/690
f 691/792/691 690/791/690 687/790/687 686/793/686
f 692/794/692 693/795/693 694/796/694 695/797/695
f 696/798/696 695/797/695 694/796/694 697/799/697
f 698/800/698 697/799/697 694/796/694 699/801/699
f 700/802/700 701/803/701 702/804/702 703/805/703
f 704/806/704 705/807/705 706/808/706 707/809/707
f 708/810/708 707/809/707 706/808/706 709/811/709
f 710/812/710 709/811/709 706/808/706 711/813/711
f 712/814/712 711/815/711 706/816/706 705/817/705
f 713/818/713 714/819/714 715/820/715 716/821/716
f 717/822/717 718/823/718 715/820/715 714/819/714
f 719/824/719 720/825/720 714/826/714 713/827/713
f 721/828/721 722/829/722 723/830/723 724/831/724
f 725/832/725 724/831/724 723/830/723 726/833/726
f 727/834/727 728/835/728 723/830/723 722/829/722
f 729/836/729 730/837/730 723/830/723 728/835/728
f 731/838/731 726/833/726 723/830/723 730/837/730
f 631/725/631 632/726/632 711/815/711 646/741/646
f 732/839/732 646/741/646 711/815/711 712/814/712
f 733/840/733 710/812/710 711/813/711 632/841/632
f 734/842/734 735/843/735 736/844/736 702/845/702
f 694/796/694 719/824/719 713/827/713 699/801/699
f 737/846/737 699/801/699 713/827/713 738/847/738
f 739/848/739 738/849/738 713/818/713 716/821/716
f 740/850/740 741/851/741 742/852/742 743/853/743
f 650/745/650 732/839/732 744/854/744 663/758/663
f 745/855/745 663/758/663 744/854/744 746/856/746
f 712/814/712 747/857/747 744/854/744 732/839/732
f 748/858/748 746/856/746 744/854/744 749/859/749
f 703/860/703 750/861/750 742/862/742 741/863/741
f 751/864/751 752/865/752 742/862/742 753/866/753
f 754/867/754 753/866/753 742/862/742 750/861/750
f 755/868/755 756/869/756 757/870/757 758/871/758
f 759/872/759 758/871/758 757/870/757 760/873/760
f 657/752/657 658/753/658 757/874/757 756/875/756
f 659/754/659 761/876/761 757/874/757 658/753/658
f 762/877/762 760/873/760 757/870/757 761/878/761
f 332/879/332 763/880/763 764/881/764 765/882/765
f 766/883/766 709/811/709 710/812/710 747/884/747
f 744/854/744 747/857/747 710/885/710 749/859/749
f 767/886/767 749/859/749 710/885/710 733/887/733
f 335/392/335 768/888/768 763/889/763 332/389/332
f 769/890/769 770/891/770 763/892/763 768/893/768
f 771/894/771 772/895/772 763/892/763 770/891/770
f 773/896/773 774/897/774 775/898/775 776/899/776
f 777/900/777 776/899/776 775/898/775 778/901/778
f 779/902/779 780/903/780 781/904/781 782/905/782
f 783/906/783 782/905/782 781/904/781 784/907/784
f 691/908/691 785/909/785 784/910/784 786/911/786
f 787/912/787 786/911/786 784/910/784 781/913/781
f 692/794/692 788/914/788 789/915/789 693/795/693
f 790/916/790 693/795/693 789/915/789 718/917/718
f 715/820/715 718/823/718 789/918/789 716/821/716
f 791/919/791 792/920/792 789/918/789 788/921/788
f 739/848/739 716/821/716 789/918/789 792/920/792
f 313/362/313 793/922/793 311/360/311 308/357/308
f 794/923/794 310/359/310 311/360/311 795/924/795
f 776/899/776 777/900/777 788/914/788 692/794/692
f 796/925/796 797/926/797 788/914/788 777/900/777
f 798/927/798 791/928/791 788/914/788 797/926/797
f 799/929/799 800/930/800 801/931/801 802/932/802
f 800/930/800 803/933/803 804/934/804 801/931/801
f 805/935/805 806/936/806 629/723/629 628/722/628
f 807/937/807 808/938/808 629/723/629 806/936/806
f 733/840/733 632/841/632 629/939/629 808/940/808
f 737/846/737 809/941/809 810/942/810 811/943/811
f 783/944/783 812/945/812 810/942/810 782/946/782
f 779/902/779 782/905/782 810/947/810 809/948/809
f 813/949/813 814/950/814 815/951/815 816/952/816
f 817/953/817 816/952/816 815/951/815 818/954/818
f 771/894/771 770/891/770 816/952/816 817/953/817
f 819/955/819 820/956/820 816/957/816 821/958/821
f 822/959/822 813/949/813 816/952/816 820/960/820
f 823/961/823 824/962/824 44/963/44 43/964/43
f 825/965/825 41/966/41 44/963/44 824/962/824
f 826/967/826 40/47/40 827/968/827 828/969/828
f 829/970/829 830/971/830 827/972/827 831/973/831
f 832/974/832 828/975/828 827/972/827 830/971/830
f 769/890/769 821/976/821 816/952/816 770/891/770
f 807/937/807 833/977/833 834/978/834 808/938/808
f 835/979/835 767/886/767 834/980/834 836/981/836
f 733/840/733 808/940/808 834/982/834 767/983/767
f 837/984/837 838/985/838 834/986/834 833/987/833
f 839/988/839 836/989/836 834/986/834 838/985/838
f 840/990/840 841/991/841 41/966/41 825/965/825
f 842/992/842 42/49/42 41/48/41 843/993/843
f 844/994/844 823/995/823 43/50/43 42/49/42
f 845/996/845 846/997/846 847/998/847 848/999/848
f 849/1000/849 848/1001/848 847/1002/847 850/1003/850
f 851/1004/851 850/1003/850 847/1002/847 846/1005/846
f 852/1006/852 832/974/832 830/971/830 853/1007/853
f 854/1008/854 853/1007/853 830/971/830 855/1009/855
f 856/1010/856 857/1011/857 771/894/771 858/1012/858
f 859/1013/859 858/1012/858 771/894/771 817/953/817
f 860/1014/860 844/994/844 42/49/42 861/1015/861
f 862/1016/862 863/1017/863 864/1018/864 865/1019/865
f 866/1020/866 865/1019/865 864/1018/864 867/1021/867
f 868/1022/868 869/1023/869 864/1018/864 863/1017/863
f 870/1024/870 851/1025/851 846/997/846 845/996/845
f 871/1026/871 872/1027/872 873/1028/873 874/1029/874
f 875/1030/875 874/1029/874 873/1028/873 876/1031/876
f 877/1032/877 876/1031/876 873/1028/873 878/1033/878
f 879/1034/879 829/1035/829 831/1036/831 880/1037/880
f 881/1038/881 875/1030/875 876/1031/876 877/1032/877
f 814/950/814 813/949/813 859/1013/859 882/1039/882
f 818/954/818 882/1039/882 859/1013/859 817/953/817
f 822/1040/822 883/1041/883 859/1042/859 813/1043/813
f 884/1044/884 858/1045/858 859/1042/859 883/1041/883
f 885/1046/885 853/1007/853 854/1008/854 886/1047/886
f 887/1048/887 886/1047/886 854/1008/854 888/1049/888
f 889/1050/889 890/1051/890 855/1052/855 891/1053/891
f 890/1054/890 888/1049/888 854/1008/854 855/1009/855
f 892/1055/892 893/1056/893 855/1057/855 894/1058/894
f 895/1059/895 799/929/799 802/932/802 896/1060/896
f 897/1061/897 898/1062/898 802/932/802 899/1063/899
f 880/1037/880 877/1032/877 878/1033/878 879/1034/879
f 900/1064/900 879/1034/879 878/1033/878 901/1065/901
f 902/1066/902 903/1067/903 904/1068/904 905/1069/905
f 906/1070/906 907/1071/907 904/1068/904 903/1067/903
f 908/1072/908 909/1073/909 910/1074/910 911/1075/911
f 912/1076/912 913/1077/913 910/1074/910 909/1073/909
f 912/1076/912 914/1078/914 915/1079/915 916/1080/916
f 917/1081/917 916/1082/916 915/1083/915 918/1084/918
f 919/1085/919 920/1086/920 915/1079/915 914/1078/914
f 921/1087/921 922/1088/922 915/1083/915 923/1089/923
f 924/1090/924 923/1091/923 915/1079/915 920/1086/920
f 925/1092/925 918/1084/918 915/1083/915 922/1088/922
f 926/1093/926 927/1094/927 928/1095/928 929/1096/929
f 930/1097/930 931/1098/931 928/1095/928 927/1094/927
f 908/1072/908 929/1096/929 928/1095/928 932/1099/932
f 917/1081/917 933/1100/933 910/1101/910 913/1102/913
f 934/1103/934 935/1104/935 910/1101/910 933/1100/933
f 936/1105/936 937/1106/937 938/1107/938 919/1085/919
f 922/1088/922 939/1108/939 938/1109/938 925/1092/925
f 920/1086/920 919/1085/919 938/1107/938 939/1110/939
f 940/1111/940 932/1099/932 928/1095/928 931/1098/931
f 941/1112/941 925/1092/925 938/1109/938 902/1066/902
f 855/1052/855 893/1113/893 942/1114/942 943/1115/943
f 944/1116/944 945/1117/945 942/1118/942 893/1056/893
f 946/1119/946 947/1120/947 948/1121/948 949/1122/949
f 950/1123/950 951/1124/951 948/1121/948 947/1120/947
f 952/1125/952 953/1126/953 942/1118/942 945/1117/945
f 951/1124/951 943/1115/943 942/1114/942 953/1127/953
f 888/1049/888 890/1054/890 892/1128/892 954/1129/954
f 955/1130/955 954/1131/954 892/1132/892 894/1133/894
f 956/1134/956 957/1135/957 892/1128/892 890/1054/890
f 958/1136/958 959/1137/959 960/1138/960 961/1139/961
f 962/1140/962 963/1141/963 960/1138/960 959/1137/959
f 964/1142/964 965/1143/965 960/1138/960 966/1144/966
f 967/1145/967 961/1139/961 960/1138/960 965/1143/965
f 968/1146/968 896/1060/896 802/932/802 898/1062/898
f 969/1147/969 970/1148/970 971/1149/971 972/1150/972
f 973/1151/973 972/1152/972 971/1153/971 974/1154/974
f 975/1155/975 976/1156/976 888/1049/888 954/1129/954
f 977/1157/977 978/1158/978 979/1159/979 980/1160/980
f 980/1160/980 979/1159/979 981/1161/981 982/1162/982
f 963/1141/963 983/1163/983 984/1164/984 960/1138/960
f 985/1165/985 960/1138/960 984/1164/984 986/1166/986
f 987/1167/987 988/1168/988 989/1169/989 990/1170/990
f 991/1171/991 992/1172/992 989/1169/989 993/1173/993
f 994/1174/994 990/1170/990 989/1169/989 992/1172/992
f 995/1175/995 996/1176/996 978/1158/978 997/1177/997
f 998/1178/998 999/1179/999 958/1136/958 961/1139/961
f 1000/1180/1000 959/1137/959 958/1136/958 999/1179/999
f 973/1151/973 1001/1181/1001 967/1182/967 972/1152/972
f 1002/1183/1002 1003/1184/1003 967/1182/967 1001/1181/1001
f 1004/1185/1004 1005/1186/1005 1006/1187/1006 1007/1188/1007
f 1008/1189/1008 1007/1188/1007 1006/1187/1006 1009/1190/1009
f 1010/1191/1010 1011/1192/1011 1006/1187/1006 1005/1186/1005
f 1012/1193/1012 1009/1190/1009 1006/1187/1006 1013/1194/1013
f 1014/1195/1014 1013/1194/1013 1006/1187/1006 1011/1192/1011
f 1015/1196/1015 1016/1197/1016 1017/1198/1017 1018/1199/1018
f 976/1156/976 975/1155/975 1017/1198/1017 1016/1197/1016
f 1019/1200/1019 1020/1201/1020 1017/1202/1017 975/1203/975
f 1021/1204/1021 1018/1205/1018 1017/1202/1017 1022/1206/1022
f 1023/1207/1023 1022/1206/1022 1017/1202/1017 1020/1201/1020
f 855/1009/855 830/971/830 1024/1208/1024 1025/1209/1025
f 829/970/829 1026/1210/1026 1024/1208/1024 830/971/830
f 1027/1211/1027 1025/1209/1025 1024/1208/1024 1026/1210/1026
f 1028/1212/1028 1029/1213/1029 1030/1214/1030 1031/1215/1031
f 1032/1216/1032 1033/1217/1033 1030/1214/1030 1034/1218/1034
f 1035/1219/1035 1034/1218/1034 1030/1214/1030 1029/1213/1029
f 983/1163/983 1036/1220/1036 1037/1221/1037 1038/1222/1038
f 1039/1223/1039 966/1224/966 960/1225/960 985/1226/985
f 1027/1211/1027 1026/1210/1026 900/1227/900 1040/1228/1040
f 957/1229/957 1040/1230/1040 900/1231/900 1041/1232/1041
f 1042/1233/1042 1041/1232/1041 900/1231/900 901/1234/901
f 1043/1235/1043 1000/1180/1000 999/1179/999 1044/1236/1044
f 820/956/820 1044/1236/1044 999/1179/999 822/1237/822
f 883/1041/883 822/1040/822 999/1238/999 1045/1239/1045
f 986/1240/986 1038/1241/1038 1037/1242/1037 1046/1243/1046
f 1047/1244/1047 1046/1243/1046 1037/1242/1037 1048/1245/1048
f 1049/1246/1049 1048/1247/1048 1037/1221/1037 1036/1220/1036
f 1050/1248/1050 1051/1249/1051 901/1065/901 878/1033/878
f 1052/1250/1052 1053/1251/1053 901/1234/901 1051/1252/1051
f 1054/1253/1054 1055/1254/1055 1056/1255/1056 1057/1256/1057
f 1058/1257/1058 1059/1258/1059 1056/1255/1056 1060/1259/1060
f 1061/1260/1061 1057/1256/1057 1056/1255/1056 1059/1258/1059
f 1062/1261/1062 1063/1262/1063 1064/1263/1064 1065/1264/1065
f 1066/1265/1066 1067/1266/1067 1064/1263/1064 1068/1267/1068
f 1069/1268/1069 1068/1267/1068 1064/1263/1064 1063/1262/1063
f 897/1061/897 1065/1264/1065 1064/1263/1064 1070/1269/1070
f 1071/1270/1071 1070/1269/1070 1064/1263/1064 1067/1266/1067
f 1072/1271/1072 1073/1272/1073 1074/1273/1074 1075/1274/1075
f 1076/1275/1076 1077/1276/1077 1078/1277/1078 1079/1278/1079
f 1080/1279/1080 1079/1280/1079 1078/1281/1078 1081/1282/1081
f 1082/1283/1082 1081/1284/1081 1078/1285/1078 1083/1286/1083
f 1084/1287/1084 1083/1286/1083 1078/1285/1078 1077/1288/1077
f 1021/1204/1021 1022/1206/1022 1085/1289/1085 1086/1290/1086
f 1087/1291/1087 1086/1292/1086 1085/1293/1085 1088/1294/1088
f 1023/1207/1023 1089/1295/1089 1085/1289/1085 1022/1206/1022
f 1090/1296/1090 1088/1297/1088 1085/1289/1085 1091/1298/1091
f 1092/1299/1092 1091/1298/1091 1085/1289/1085 1089/1295/1089
f 1093/1300/1093 1094/1301/1094 1074/1302/1074 1095/1303/1095
f 1096/1304/1096 1097/1305/1097 1046/1243/1046 1098/1306/1098
f 1099/1307/1099 1098/1306/1098 1046/1243/1046 1047/1244/1047
f 1100/1308/1100 1101/1309/1101 1102/1310/1102 1103/1311/1103
f 1104/1312/1104 1105/1313/1105 1102/1314/1102 1101/1315/1101
f 1106/1316/1106 1107/1317/1107 1102/1314/1102 1105/1313/1105
f 839/988/839 1103/1318/1103 1102/1319/1102 1108/1320/1108
f 1109/1321/1109 1108/1322/1108 1102/1314/1102 1107/1317/1107
f 898/1062/898 1071/1270/1071 1067/1266/1067 968/1146/968
f 1110/1323/1110 1111/1324/1111 1112/1325/1112 1113/1326/1113
f 1114/1327/1114 1115/1328/1115 1112/1325/1112 1111/1324/1111
f 1116/1329/1116 1113/1326/1113 1112/1325/1112 1115/1328/1115
f 1117/1330/1117 896/1060/896 968/1146/968 1118/1331/1118
f 1119/1332/1119 1118/1331/1118 968/1146/968 1120/1333/1120
f 1121/1334/1121 1122/1335/1122 1123/1336/1123 1124/1337/1124
f 1125/1338/1125 1126/1339/1126 1123/1340/1123 1122/1341/1122
f 1127/1342/1127 1128/1343/1128 1123/1340/1123 1126/1339/1126
f 1129/1344/1129 1124/1337/1124 1123/1336/1123 1130/1345/1130
f 1131/1346/1131 1130/1347/1130 1123/1340/1123 1128/1343/1128
f 1132/1348/1132 1053/1251/1053 1114/1327/1114 1111/1324/1111
f 1133/1349/1133 1134/1350/1134 1114/1327/1114 1135/1351/1135
f 1052/1250/1052 1135/1351/1135 1114/1327/1114 1053/1251/1053
f 1136/1352/1136 1115/1328/1115 1114/1327/1114 1134/1350/1134
f 1068/1267/1068 1069/1268/1069 1137/1353/1137 1119/1332/1119
f 1138/1354/1138 1139/1355/1139 1119/1332/1119 1137/1353/1137
f 1066/1265/1066 1068/1267/1068 1119/1332/1119 1120/1333/1120
f 1052/1250/1052 1140/1356/1140 1141/1357/1141 1135/1351/1135
f 1142/1358/1142 1143/1359/1143 1141/1357/1141 1140/1356/1140
f 1144/1360/1144 1145/1361/1145 1141/1357/1141 1143/1359/1143
f 1139/1355/1139 1138/1354/1138 1131/1362/1131 1146/1363/1146
f 1147/1364/1147 1130/1365/1130 1131/1362/1131 1138/1354/1138
f 1148/1366/1148 1149/1367/1149 1146/1363/1146 1131/1362/1131
f 1150/1368/1150 1151/1369/1151 1152/1370/1152 1153/1371/1153
f 1153/1372/1153 1152/1373/1152 1154/1374/1154 1155/1375/1155
f 1156/1376/1156 1154/1377/1154 1152/1370/1152 1151/1369/1151
f 1157/1378/1157 1158/1379/1158 1159/1380/1159 1160/1381/1160
f 1149/1367/1149 1161/1382/1161 1139/1355/1139 1146/1363/1146
f 1162/1383/1162 1163/1384/1163 1164/1385/1164 1165/1386/1165
f 1166/1387/1166 1167/1388/1167 1168/1389/1168 1169/1390/1169
f 1170/1391/1170 1169/1392/1169 1168/1393/1168 1171/1394/1171
f 1172/1395/1172 1171/1394/1171 1168/1393/1168 1167/1396/1167
f 1173/1397/1173 1174/1398/1174 1175/1399/1175 1176/1400/1176
f 1177/1401/1177 1178/1402/1178 1175/1399/1175 1174/1398/1174
f 1179/1403/1179 1180/1404/1180 1175/1399/1175 1181/1405/1181
f 1182/1406/1182 1181/1405/1181 1175/1399/1175 1178/1402/1178
f 1183/1407/1183 1176/1400/1176 1175/1399/1175 1180/1404/1180
f 1184/1408/1184 1185/1409/1185 1186/1410/1186 1187/1411/1187
f 1188/1412/1188 1189/1413/1189 1186/1410/1186 1185/1409/1185
f 1190/1414/1190 1191/1415/1191 1192/1416/1192 1193/1417/1193
f 1194/1418/1194 1187/1411/1187 1192/1416/1192 1191/1415/1191
f 1195/1419/1195 1196/1420/1196 1186/1421/1186 1189/1422/1189
f 1197/1423/1197 1198/1424/1198 1186/1421/1186 1196/1420/1196
f 1188/1412/1188 1185/1409/1185 1199/1425/1199 1200/1426/1200
f 1201/1427/1201 1202/1428/1202 1199/1425/1199 1203/1429/1203
f 1204/1430/1204 1205/1431/1205 1199/1432/1199 1202/1433/1202
f 1197/1423/1197 1196/1420/1196 1199/1432/1199 1205/1431/1205
f 1195/1419/1195 1200/1434/1200 1199/1432/1199 1196/1420/1196
f 1206/1435/1206 1207/1436/1207 1208/1437/1208 1209/1438/1209
f 1210/1439/1210 1208/1437/1208 1207/1436/1207 1211/1440/1211
f 1212/1441/1212 1213/1442/1213 1214/1443/1214 1215/1444/1215
f 1216/1445/1216 1217/1446/1217 1214/1447/1214 1213/1448/1213
f 1218/1449/1218 1215/1450/1215 1214/1451/1214 1219/1452/1219
f 1220/1453/1220 1219/1452/1219 1214/1451/1214 1221/1454/1221
f 1222/1455/1222 1223/1456/1223 1224/1457/1224 1225/1458/1225
f 1226/1459/1226 1225/1458/1225 1224/1457/1224 1227/1460/1227
f 1228/1461/1228 1229/1462/1229 1230/1463/1230 1231/1464/1231
f 1232/1465/1232 1231/1464/1231 1230/1463/1230 1233/1466/1233
f 1234/1467/1234 1235/1468/1235 1236/1469/1236 1237/1470/1237
f 1223/1456/1223 1222/1455/1222 1234/1467/1234 1237/1470/1237
f 1238/1471/1238 1221/1454/1221 1230/1472/1230 1229/1473/1229
f 1214/1447/1214 1233/1466/1233 1230/1463/1230 1221/1474/1221
f 1239/1475/1239 1216/1476/1216 1213/1442/1213 1212/1441/1212
f 1240/1477/1240 1217/1478/1217 1216/1476/1216 1241/1479/1241
f 1242/1480/1242 1241/1479/1241 1216/1476/1216 1239/1475/1239
f 1243/1481/1243 1244/1482/1244 1217/1446/1217 1240/1483/1240
f 1233/1466/1233 1214/1447/1214 1217/1446/1217 1245/1484/1245
f 1246/1485/1246 1245/1484/1245 1217/1446/1217 1244/1482/1244
f 1247/1486/1247 1248/1487/1248 1249/1488/1249 1250/1489/1250
f 1210/1439/1210 1250/1489/1250 1249/1488/1249 1251/1490/1251
f 1252/1491/1252 1218/1449/1218 1249/1488/1249 1248/1487/1248
f 1219/1452/1219 1251/1490/1251 1249/1488/1249 1218/1449/1218
f 1240/1477/1240 1241/1479/1241 1253/1492/1253 1254/1493/1254
f 1255/1494/1255 1254/1493/1254 1253/1492/1253 1256/1495/1256
f 1257/1496/1257 1258/1497/1258 1253/1492/1253 1259/1498/1259
f 1260/1499/1260 1256/1495/1256 1253/1492/1253 1258/1497/1258
f 1242/1480/1242 1259/1498/1259 1253/1492/1253 1241/1479/1241
f 1238/1471/1238 1261/1500/1261 1262/1501/1262 1263/1502/1263
f 1206/1435/1206 1263/1502/1263 1262/1501/1262 1264/1503/1264
f 1265/1504/1265 1266/1505/1266 1262/1501/1262 1261/1500/1261
f 1267/1506/1267 1268/1507/1268 1262/1501/1262 1266/1505/1266
f 1269/1508/1269 1264/1503/1264 1262/1501/1262 1268/1507/1268
f 1270/1509/1270 1271/1510/1271 1240/1477/1240 1254/1493/1254
f 1272/1511/1272 1243/1481/1243 1240/1483/1240 1271/1512/1271
f 1246/1485/1246 1244/1482/1244 1273/1513/1273 1274/1514/1274
f 1275/1515/1275 1274/1516/1274 1273/1517/1273 1265/1504/1265
f 1243/1481/1243 1276/1518/1276 1273/1513/1273 1244/1482/1244
f 1277/1519/1277 1278/1520/1278 1273/1517/1273 1276/1521/1276
f 1266/1505/1266 1265/1504/1265 1273/1517/1273 1278/1520/1278
f 1255/1494/1255 1279/1522/1279 1270/1509/1270 1254/1493/1254
f 1280/1523/1280 1271/1510/1271 1270/1509/1270 1279/1522/1279
f 1260/1499/1260 1281/1524/1281 1282/1525/1282 1283/1526/1283
f 1284/1527/1284 1285/1528/1285 1282/1525/1282 1281/1524/1281
f 1201/1427/1201 1283/1529/1283 1282/1530/1282 1286/1531/1286
f 1287/1532/1287 1286/1533/1286 1282/1525/1282 1285/1528/1285
f 1288/1534/1288 1289/1535/1289 1290/1536/1290 1291/1537/1291
f 1276/1518/1276 1291/1538/1291 1290/1539/1290 1277/1540/1277
f 1292/1541/1292 1293/1542/1293 1290/1536/1290 1289/1535/1289
f 1294/1543/1294 1295/1544/1295 1290/1545/1290 1293/1546/1293
f 1296/1547/1296 1277/1519/1277 1290/1545/1290 1295/1544/1295
f 1258/1497/1258 1257/1496/1257 1297/1548/1297 1298/1549/1298
f 1299/1550/1299 1300/1551/1300 1297/1548/1297 1257/1496/1257
f 1301/1552/1301 1298/1549/1298 1297/1548/1297 1302/1553/1302
f 1303/1554/1303 1304/1555/1304 1302/1553/1302 1297/1548/1297
f 1305/1556/1305 1306/1557/1306 1302/1553/1302 1304/1555/1304
f 1301/1552/1301 1302/1553/1302 1306/1557/1306 1307/1558/1307
f 1308/1559/1308 1309/1560/1309 1306/1557/1306 1305/1556/1305
f 1310/1561/1310 1294/1562/1294 1306/1557/1306 1309/1560/1309
f 1311/1563/1311 1312/1564/1312 1313/1565/1313 1314/1566/1314
f 1315/1567/1315 1314/1566/1314 1313/1565/1313 1316/1568/1316
f 1317/1569/1317 1316/1568/1316 1313/1565/1313 1318/1570/1318
f 1319/1571/1319 1320/1572/1320 1321/1573/1321 1322/1574/1322
f 1323/1575/1323 1324/1576/1324 1321/1573/1321 1320/1572/1320
f 1325/1577/1325 1319/1578/1319 1322/1579/1322 1326/1580/1326
f 1325/1577/1325 1326/1580/1326 1324/1581/1324 1323/1582/1323
f 1327/1583/1327 1328/1584/1328 1329/1585/1329 1330/1586/1330
f 1331/1587/1331 1319/1578/1319 1325/1577/1325 1332/1588/1332
f 1333/1589/1333 1334/1590/1334 1335/1591/1335 1336/1592/1336
f 1337/1593/1337 1336/1592/1336 1335/1591/1335 1338/1594/1338
f 1339/1595/1339 1338/1596/1338 1335/1597/1335 1334/1598/1334
f 1340/1599/1340 1333/1589/1333 1336/1592/1336 1337/1593/1337
f 1339/1595/1339 1340/1600/1340 1337/1601/1337 1338/1596/1338
f 1339/1595/1339 1334/1598/1334 1329/1585/1329 1328/1584/1328
f 1333/1589/1333 1341/1602/1341 1329/1603/1329 1334/1590/1334
f 1342/1604/1342 1343/1605/1343 1329/1603/1329 1341/1602/1341
f 1344/1606/1344 1327/1583/1327 1330/1586/1330 1345/1607/1345
f 1346/1608/1346 1332/1588/1332 1347/1609/1347 1348/1610/1348
f 1327/1583/1327 1349/1611/1349 1350/1612/1350 1328/1584/1328
f 1339/1595/1339 1328/1584/1328 1350/1612/1350 1340/1600/1340
f 1333/1589/1333 1340/1599/1340 1350/1613/1350 1341/1602/1341
f 1351/1614/1351 1349/1611/1349 1327/1583/1327 1344/1606/1344
f 1352/1615/1352 1342/1604/1342 1341/1602/1341 1353/1616/1353
f 1354/1617/1354 1355/1618/1355 1356/1619/1356 1357/1620/1357
f 1358/1621/1358 1357/1620/1357 1356/1619/1356 1359/1622/1359
f 1360/1623/1360 1359/1622/1359 1356/1619/1356 1355/1618/1355
f 1360/1623/1360 1361/1624/1361 1358/1621/1358 1359/1622/1359
f 1362/1625/1362 1357/1620/1357 1358/1621/1358 1361/1624/1361
f 1363/1626/1363 1364/1627/1364 1362/1628/1362 1361/1629/1361
f 1354/1630/1354 1357/1631/1357 1362/1628/1362 1364/1627/1364
f 1365/1632/1365 1366/1633/1366 1367/1634/1367 1368/1635/1368
f 1368/1635/1368 1367/1634/1367 1363/1626/1363 1369/1636/1369
f 1364/1627/1364 1363/1626/1363 1367/1634/1367 1366/1633/1366
f 1360/1623/1360 1370/1637/1370 1363/1638/1363 1361/1624/1361
f 1371/1639/1371 1372/1640/1372 1363/1638/1363 1370/1637/1370
f 1373/1641/1373 1369/1636/1369 1363/1626/1363 1372/1642/1372
f 1374/1643/1374 1375/1644/1375 1342/1604/1342 1352/1615/1352
f 1350/1612/1350 1349/1611/1349 1376/1645/1376 1377/1646/1377
f 1353/1647/1353 1377/1646/1377 1376/1645/1376 1352/1648/1352
f 1374/1649/1374 1352/1648/1352 1376/1645/1376 1378/1650/1378
f 1351/1614/1351 1379/1651/1379 1376/1645/1376 1349/1611/1349
f 1345/1607/1345 1380/1652/1380 1365/1632/1365 1368/1635/1368
f 1381/1653/1381 1382/1654/1382 1365/1632/1365 1380/1652/1380
f 1383/1655/1383 1366/1633/1366 1365/1632/1365 1384/1656/1384
f 1385/1657/1385 1384/1658/1384 1365/1659/1365 1382/1660/1382
f 1373/1641/1373 1351/1614/1351 1344/1606/1344 1369/1636/1369
f 1386/1661/1386 1387/1662/1387 1375/1644/1375 1374/1643/1374
f 1388/1663/1388 1348/1610/1348 1375/1644/1375 1387/1662/1387
f 1389/1664/1389 1390/1665/1390 1372/1640/1372 1371/1639/1371
f 1391/1666/1391 1373/1641/1373 1372/1642/1372 1392/1667/1392
f 1393/1668/1393 1392/1669/1392 1372/1640/1372 1390/1665/1390
f 1394/1670/1394 1389/1664/1389 1371/1639/1371 1370/1637/1370
f 1383/1671/1383 1395/1672/1395 1396/1673/1396 1397/1674/1397
f 1397/1674/1397 1396/1673/1396 1390/1665/1390 1389/1664/1389
f 1398/1675/1398 1390/1665/1390 1396/1673/1396 1395/1672/1395
f 1399/1676/1399 1400/1677/1400 1398/1675/1398 1395/1672/1395
f 1401/1678/1401 1390/1665/1390 1398/1675/1398 1400/1677/1400
f 1402/1679/1402 1393/1668/1393 1390/1665/1390 1401/1678/1401
f 1403/1680/1403 1404/1681/1404 1405/1682/1405 1406/1683/1406
f 1407/1684/1407 1406/1683/1406 1405/1682/1405 1408/1685/1408
f 1409/1686/1409 1410/1687/1410 1411/1688/1411 1412/1689/1412
f 1413/1690/1413 1412/1689/1412 1411/1688/1411 1414/1691/1414
f 1415/1692/1415 1416/1693/1416 1411/1694/1411 1410/1695/1410
f 1417/1696/1417 1418/1697/1418 1411/1698/1411 1416/1699/1416
f 1419/1700/1419 1414/1701/1414 1411/1698/1411 1418/1697/1418
f 1420/1702/1420 1421/1703/1421 1422/1704/1422 1404/1705/1404
f 1423/1706/1423 1408/1685/1408 1422/1707/1422 1314/1708/1314
f 1311/1563/1311 1314/1566/1314 1422/1704/1422 1421/1703/1421
f 1424/1709/1424 1425/1710/1425 1426/1711/1426 1427/1712/1427
f 1312/1713/1312 1311/1714/1311 1426/1711/1426 1425/1710/1425
f 1421/1715/1421 1427/1712/1427 1426/1711/1426 1311/1714/1311
f 1428/1716/1428 1415/1692/1415 1425/1710/1425 1429/1717/1429
f 1410/1695/1410 1312/1713/1312 1425/1710/1425 1415/1692/1415
f 1430/1718/1430 1427/1719/1427 1421/1720/1421 1431/1721/1431
f 1432/1722/1432 1431/1723/1431 1421/1703/1421 1420/1702/1420
f 1312/1724/1312 1423/1706/1423 1314/1708/1314 1315/1725/1315
f 1433/1726/1433 1313/1565/1313 1312/1564/1312 1434/1727/1434
f 1435/1728/1435 1312/1564/1312 1315/1729/1315 1316/1730/1316
f 1409/1686/1409 1423/1706/1423 1312/1724/1312 1410/1687/1410
f 1436/1731/1436 1435/1728/1435 1316/1730/1316 1437/1732/1437
f 1438/1733/1438 1437/1734/1437 1316/1735/1316 1317/1736/1317
f 1436/1731/1436 1434/1727/1434 1312/1564/1312 1435/1728/1435
f 1439/1737/1439 1440/1738/1440 1420/1739/1420 1404/1740/1404
f 1441/1741/1441 1442/1742/1442 1420/1739/1420 1440/1738/1440
f 1443/1743/1443 1432/1744/1432 1420/1745/1420 1444/1746/1444
f 1445/1747/1445 1444/1748/1444 1420/1739/1420 1442/1742/1442
f 1446/1749/1446 1447/1750/1447 1448/1751/1448 1449/1752/1449
f 1450/1753/1450 1451/1754/1451 1448/1751/1448 1447/1750/1447
f 1452/1755/1452 1449/1752/1449 1448/1751/1448 1451/1754/1451
f 1453/1756/1453 1454/1757/1454 1455/1758/1455 1456/1759/1456
f 1457/1760/1457 1456/1759/1456 1455/1758/1455 1458/1761/1458
f 1459/1762/1459 1460/1763/1460 1455/1758/1455 1454/1757/1454
f 1461/1764/1461 1458/1761/1458 1455/1758/1455 1462/1765/1462
f 1463/1766/1463 1462/1767/1462 1455/1768/1455 1464/1769/1464
f 1465/1770/1465 1464/1769/1464 1455/1768/1455 1460/1771/1460
f 1466/1772/1466 1467/1773/1467 1460/1763/1460 1459/1762/1459
f 1468/1774/1468 1172/1775/1172 1469/1776/1469 1470/1777/1470
f 1471/1778/1471 1470/1777/1470 1469/1776/1469 1472/1779/1472
f 1167/1388/1167 1472/1779/1472 1469/1776/1469 1172/1775/1172
f 1453/1756/1453 1473/1780/1473 1474/1781/1474 1454/1757/1454
f 1475/1782/1475 1476/1783/1476 1474/1781/1474 1473/1780/1473
f 1459/1762/1459 1454/1757/1454 1474/1781/1474 1476/1783/1476
f 1450/1753/1450 1477/1784/1477 1478/1785/1478 1451/1754/1451
f 1479/1786/1479 1480/1787/1480 1478/1785/1478 1477/1784/1477
f 1481/1788/1481 1482/1789/1482 1478/1785/1478 1480/1787/1480
f 1483/1790/1483 1484/1791/1484 1485/1792/1485 1486/1793/1486
f 1487/1794/1487 1417/1795/1417 1485/1792/1485 1484/1791/1484
f 1488/1796/1488 1486/1793/1486 1485/1792/1485 1417/1795/1417
f 1489/1797/1489 1490/1798/1490 1491/1799/1491 1492/1800/1492
f 1493/1801/1493 1162/1383/1162 1491/1802/1491 1490/1803/1490
f 1494/1804/1494 1495/1805/1495 1496/1806/1496 1497/1807/1497
f 1498/1808/1498 1497/1807/1497 1496/1806/1496 1499/1809/1499
f 1500/1810/1500 1501/1811/1501 1496/1806/1496 1495/1805/1495
f 1502/1812/1502 1503/1813/1503 1493/1801/1493 1490/1803/1490
f 1504/1814/1504 1418/1697/1418 1417/1696/1417 1487/1815/1487
f 1505/1816/1505 1506/1817/1506 1417/1818/1417 1416/1693/1416
f 1507/1819/1507 1492/1800/1492 1491/1799/1491 1508/1820/1508
f 1165/1386/1165 1509/1821/1509 1491/1802/1491 1162/1383/1162
f 1510/1822/1510 1508/1823/1508 1491/1802/1491 1509/1821/1509
f 1511/1824/1511 1512/1825/1512 1513/1826/1513 1514/1827/1514
f 1515/1828/1515 1516/1829/1516 1513/1826/1513 1512/1825/1512
f 1517/1830/1517 1514/1827/1514 1513/1826/1513 1516/1829/1516
f 1300/1551/1300 1499/1809/1499 1496/1806/1496 1501/1811/1501
f 1518/1831/1518 1519/1832/1519 1520/1833/1520 1521/1834/1521
f 1522/1835/1522 1523/1836/1523 1417/1818/1417 1506/1817/1506
f 1524/1837/1524 1488/1838/1488 1417/1839/1417 1523/1840/1523
f 1525/1841/1525 1486/1793/1486 1488/1796/1488 1526/1842/1526
f 1527/1843/1527 1526/1844/1526 1488/1845/1488 1528/1846/1528
f 1529/1847/1529 1528/1848/1528 1488/1838/1488 1524/1837/1524
f 1530/1849/1530 1508/1850/1508 1510/1851/1510 1531/1852/1531
f 1532/1853/1532 1531/1852/1531 1510/1851/1510 1533/1854/1533
f 1534/1855/1534 1533/1854/1533 1510/1851/1510 1535/1856/1535
f 1536/1857/1536 1535/1858/1535 1510/1822/1510 1509/1821/1509
f 1528/1846/1528 1529/1859/1529 1537/1860/1537 1538/1861/1538
f 1538/1861/1538 1537/1860/1537 1539/1862/1539 1540/1863/1540
f 1541/1864/1541 1539/1865/1539 1537/1866/1537 1529/1847/1529
f 1521/1834/1521 1542/1867/1542 1543/1868/1543 1518/1831/1518
f 1544/1869/1544 1545/1870/1545 1543/1868/1543 1542/1867/1542
f 1506/1817/1506 1518/1831/1518 1543/1868/1543 1522/1835/1522
f 1546/1871/1546 1541/1864/1541 1529/1847/1529 1524/1837/1524
f 1547/1872/1547 1548/1873/1548 1516/1829/1516 1515/1828/1515
f 1549/1874/1549 1517/1830/1517 1516/1829/1516 1550/1875/1550
f 1551/1876/1551 1550/1875/1550 1516/1829/1516 1548/1873/1548
f 1552/1877/1552 1553/1878/1553 1554/1879/1554 1555/1880/1555
f 1556/1881/1556 1555/1880/1555 1554/1879/1554 1557/1882/1557
f 1558/1883/1558 1557/1882/1557 1554/1879/1554 1553/1878/1553
f 1559/1884/1559 1560/1885/1560 1561/1886/1561 1479/1786/1479
f 1480/1787/1480 1479/1786/1479 1561/1886/1561 1562/1887/1562
f 1546/1871/1546 1524/1837/1524 1523/1840/1523 1563/1888/1563
f 1564/1889/1564 1558/1883/1558 1553/1878/1553 1565/1890/1565
f 1566/1891/1566 1567/1892/1567 1553/1878/1553 1552/1877/1552
f 1568/1893/1568 1565/1890/1565 1553/1878/1553 1567/1892/1567
f 1525/1841/1525 1569/1894/1569 1483/1790/1483 1486/1793/1486
f 1570/1895/1570 1571/1896/1571 1483/1790/1483 1569/1894/1569
f 1572/1897/1572 1522/1835/1522 1543/1868/1543 1545/1870/1545
f 1183/1407/1183 1573/1898/1573 1574/1899/1574 1575/1900/1575
f 1576/1901/1576 1575/1902/1575 1574/1903/1574 1577/1904/1577
f 1578/1905/1578 1579/1906/1579 1574/1899/1574 1573/1898/1573
f 1580/1907/1580 1581/1908/1581 1574/1909/1574 1582/1910/1582
f 1583/1911/1583 1580/1907/1580 1584/1912/1584 1585/1913/1585
f 1586/1914/1586 1582/1910/1582 1574/1909/1574 1579/1915/1579
f 1581/1908/1581 1587/1916/1587 1577/1917/1577 1574/1909/1574
f 1588/1918/1588 1589/1919/1589 1577/1920/1577 1590/1921/1590
f 1591/1922/1591 1590/1921/1590 1577/1920/1577 1587/1923/1587
f 1592/1924/1592 1576/1901/1576 1577/1904/1577 1589/1925/1589
f 1593/1926/1593 1594/1927/1594 1595/1928/1595 1568/1893/1568
f 1565/1890/1565 1568/1893/1568 1595/1928/1595 1596/1929/1596
f 1597/1930/1597 1598/1931/1598 1595/1928/1595 1594/1927/1594
f 1599/1932/1599 1600/1933/1600 1595/1934/1595 1601/1935/1601
f 1602/1936/1602 1603/1937/1603 1595/1928/1595 1598/1931/1598
f 1604/1938/1604 1601/1935/1601 1595/1934/1595 1603/1939/1603
f 1605/1940/1605 1606/1941/1606 1591/1942/1591 1587/1916/1587
f 1607/1943/1607 1608/1944/1608 1591/1942/1591 1606/1941/1606
f 1609/1945/1609 1596/1929/1596 1595/1928/1595 1610/1946/1610
f 1611/1947/1611 1610/1948/1610 1595/1934/1595 1600/1933/1600
f 1612/1949/1612 1136/1352/1136 1134/1350/1134 1613/1950/1613
f 1145/1361/1145 1614/1951/1614 1134/1350/1134 1133/1349/1133
f 1615/1952/1615 1613/1950/1613 1134/1350/1134 1614/1951/1614
f 1118/1331/1118 1616/1953/1616 1617/1954/1617 1117/1330/1117
f 1618/1955/1618 1117/1330/1117 1617/1954/1617 1619/1956/1619
f 1620/1957/1620 1621/1958/1621 1617/1954/1617 1161/1382/1161
f 1622/1959/1622 1619/1956/1619 1617/1954/1617 1621/1958/1621
f 1623/1960/1623 1624/1961/1624 1625/1962/1625 1626/1963/1626
f 1627/1964/1627 1626/1963/1626 1625/1962/1625 1628/1965/1628
f 1629/1966/1629 1628/1965/1628 1625/1962/1625 1630/1967/1630
f 1588/1918/1588 1631/1968/1631 1632/1969/1632 1589/1919/1589
f 1592/1924/1592 1589/1925/1589 1632/1970/1632 1633/1971/1633
f 1634/1972/1634 1633/1973/1633 1632/1969/1632 1635/1974/1635
f 1636/1975/1636 1637/1976/1637 1638/1977/1638 1148/1978/1148
f 1639/1979/1639 1640/1980/1640 1638/1977/1638 1637/1976/1637
f 1149/1367/1149 1148/1366/1148 1638/1981/1638 1640/1982/1640
f 1641/1983/1641 1642/1984/1642 1643/1985/1643 1644/1986/1644
f 1645/1987/1645 1644/1986/1644 1643/1985/1643 1623/1960/1623
f 1624/1961/1624 1623/1960/1623 1643/1985/1643 1642/1984/1642
f 1646/1988/1646 1647/1989/1647 1639/1979/1639 1637/1976/1637
f 1648/1990/1648 1649/1991/1649 1639/1979/1639 1647/1989/1647
f 1650/1992/1650 1651/1993/1651 1639/1979/1639 1649/1991/1649
f 1606/1941/1606 1605/1940/1605 1652/1994/1652 1653/1995/1653
f 1654/1996/1654 1622/1959/1622 1621/1958/1621 1620/1957/1620
f 1655/1997/1655 1656/1998/1656 1657/1999/1657 1658/2000/1658
f 1659/2001/1659 1658/2000/1658 1657/1999/1657 1660/2002/1660
f 1661/2003/1661 1662/2004/1662 1663/2005/1663 1664/2006/1664
f 1665/2007/1665 1664/2006/1664 1663/2005/1663 1666/2008/1666
f 1667/2009/1667 1668/2010/1668 1669/2011/1669 1670/2012/1670
f 1671/2013/1671 1672/2014/1672 1673/2015/1673 1674/2016/1674
f 1675/2017/1675 1676/2018/1676 1673/2015/1673 1672/2014/1672
f 1677/2019/1677 1674/2016/1674 1673/2015/1673 1678/2020/1678
f 1679/2021/1679 1678/2020/1678 1673/2015/1673 1676/2018/1676
f 1667/2009/1667 1680/2022/1680 1681/2023/1681 1682/2024/1682
f 1683/2025/1683 1684/2026/1684 1681/2023/1681 1680/2022/1680
f 1677/2019/1677 1685/2027/1685 1686/2028/1686 1687/2029/1687
f 1688/2030/1688 1687/2029/1687 1686/2028/1686 1689/2031/1689
f 1690/2032/1690 1689/2031/1689 1686/2028/1686 1685/2027/1685
f 1681/2023/1681 1684/2026/1684 1691/2033/1691 1682/2024/1682
f 1692/2034/1692 1693/2035/1693 1691/2033/1691 1684/2026/1684
f 1694/2036/1694 1695/2037/1695 1691/2033/1691 1693/2035/1693
f 1696/2038/1696 1697/2039/1697 1684/2026/1684 1683/2025/1683
f 1698/2040/1698 1692/2034/1692 1684/2026/1684 1697/2039/1697
f 1692/2034/1692 1699/2041/1699 1700/2042/1700 1693/2035/1693
f 1701/2043/1701 1702/2044/1702 1700/2042/1700 1703/2045/1703
f 1704/2046/1704 1703/2045/1703 1700/2042/1700 1699/2041/1699
f 1705/2047/1705 1706/2048/1706 1707/2049/1707 1708/2050/1708
f 1696/2038/1696 1708/2050/1708 1707/2049/1707 1709/2051/1709
f 1710/2052/1710 1709/2051/1709 1707/2049/1707 1706/2048/1706
f 1711/2053/1711 1712/2054/1712 1683/2025/1683 1680/2022/1680
f 1713/2055/1713 1714/2056/1714 1683/2025/1683 1712/2054/1712
f 1715/2057/1715 1714/2056/1714 1713/2055/1713 1716/2058/1716
f 1717/2059/1717 1718/2060/1718 1692/2034/1692 1698/2040/1698
f 1719/2061/1719 1699/2041/1699 1692/2034/1692 1718/2060/1718
f 1709/2051/1709 1710/2052/1710 1720/2062/1720 1721/2063/1721
f 1722/2064/1722 1723/2065/1723 1724/2066/1724 1725/2067/1725
f 1726/2068/1726 1727/2069/1727 1724/2066/1724 1723/2065/1723
f 1690/2032/1690 1725/2067/1725 1724/2066/1724 1727/2069/1727
f 1728/2070/1728 1729/2071/1729 1730/2072/1730 1731/2073/1731
f 1668/2010/1668 1731/2073/1731 1730/2072/1730 1669/2011/1669
f 1670/2012/1670 1669/2011/1669 1730/2072/1730 1732/2074/1732
f 1733/2075/1733 1734/2076/1734 1730/2072/1730 1729/2071/1729
f 1735/2077/1735 1732/2074/1732 1730/2072/1730 1734/2076/1734
f 1736/2078/1736 1737/2079/1737 1720/2062/1720 1710/2052/1710
f 1738/2080/1738 1736/2078/1736 1710/2052/1710 1706/2048/1706
f 1717/2059/1717 1737/2079/1737 1736/2078/1736 1739/2081/1739
f 1740/2082/1740 1727/2069/1727 1726/2068/1726 1741/2083/1741
f 1742/2084/1742 1743/2085/1743 1726/2068/1726 1723/2065/1723
f 1744/2086/1744 1741/2083/1741 1726/2068/1726 1745/2087/1745
f 1746/2088/1746 1745/2087/1745 1726/2068/1726 1743/2085/1743
f 1747/2089/1747 1748/2090/1748 1749/2091/1749 1750/2092/1750
f 1751/2093/1751 1735/2077/1735 1749/2091/1749 1748/2090/1748
f 1680/2022/1680 1667/2009/1667 1670/2012/1670 1711/2053/1711
f 1752/2094/1752 1711/2053/1711 1670/2012/1670 1753/2095/1753
f 1679/2021/1679 1754/2096/1754 1755/2097/1755 1756/2098/1756
f 1757/2099/1757 1758/2100/1758 1755/2097/1755 1754/2096/1754
f 1722/2064/1722 1756/2098/1756 1755/2097/1755 1758/2100/1758
f 1759/2101/1759 1739/2102/1739 1736/2103/1736 1738/2104/1738
f 1716/2058/1716 1760/2105/1760 1752/2094/1752 1761/2106/1761
f 1762/2107/1762 1761/2106/1761 1752/2094/1752 1763/2108/1763
f 1764/2109/1764 1763/2108/1763 1752/2094/1752 1753/2095/1753
f 1712/2054/1712 1711/2053/1711 1752/2094/1752 1760/2105/1760
f 1765/2110/1765 1737/2079/1737 1717/2059/1717 1698/2040/1698
f 1766/2111/1766 1767/2112/1767 1717/2113/1717 1739/2102/1739
f 1768/2114/1768 1718/2060/1718 1717/2059/1717 1767/2115/1767
f 1719/2061/1719 1769/2116/1769 1770/2117/1770 1771/2118/1771
f 1772/2119/1772 1771/2118/1771 1770/2117/1770 1773/2120/1773
f 1774/2121/1774 1773/2120/1773 1770/2117/1770 1775/2122/1775
f 1772/2119/1772 1773/2120/1773 1776/2123/1776 1777/2124/1777
f 1774/2121/1774 1778/2125/1778 1776/2123/1776 1773/2120/1773
f 1779/2126/1779 1780/2127/1780 1776/2128/1776 1778/2129/1778
f 1719/2061/1719 1718/2060/1718 1768/2114/1768 1769/2116/1769
f 1781/2130/1781 1782/2131/1782 1768/2132/1768 1783/2133/1783
f 1784/2134/1784 1785/2135/1785 1786/2136/1786 1787/2137/1787
f 1788/2138/1788 1787/2137/1787 1786/2136/1786 1789/2139/1789
f 1790/2140/1790 1791/2141/1791 1786/2136/1786 1747/2089/1747
f 1748/2090/1748 1747/2089/1747 1786/2136/1786 1785/2135/1785
f 1762/2142/1762 1792/2143/1792 1793/2144/1793 1794/2145/1794
f 1795/2146/1795 1794/2145/1794 1793/2144/1793 1796/2147/1796
f 1797/2148/1797 1798/2149/1798 1793/2144/1793 1792/2143/1792
f 1799/2150/1799 1796/2147/1796 1793/2144/1793 1800/2151/1800
f 1801/2152/1801 1800/2151/1800 1793/2144/1793 1798/2149/1798
f 1665/2153/1665 1802/2154/1802 1779/2155/1779 1803/2156/1803
f 1804/2157/1804 1803/2158/1803 1779/2159/1779 1778/2160/1778
f 1768/2132/1768 1782/2131/1782 1805/2161/1805 1769/2162/1769
f 1806/2163/1806 1775/2164/1775 1805/2161/1805 1782/2131/1782
f 1785/2135/1785 1784/2134/1784 1788/2138/1788 1807/2165/1807
f 1808/2166/1808 1807/2165/1807 1788/2138/1788 1809/2167/1809
f 1810/2168/1810 1774/2121/1774 1775/2122/1775 1806/2169/1806
f 1744/2086/1744 1745/2087/1745 1811/2170/1811 1812/2171/1812
f 1813/2172/1813 1812/2171/1812 1811/2170/1811 1814/2173/1814
f 1815/2174/1815 1814/2173/1814 1811/2170/1811 1816/2175/1816
f 1664/2006/1664 1665/2007/1665 1803/2176/1803 1817/2177/1817
f 1818/2178/1818 1817/2177/1817 1803/2176/1803 1819/2179/1819
f 1820/2180/1820 1809/2181/1809 1788/2182/1788 1821/2183/1821
f 1822/2184/1822 1814/2173/1814 1815/2174/1815 1823/2185/1823
f 1824/2186/1824 1823/2187/1823 1815/2188/1815 1816/2189/1816
f 1796/2147/1796 1825/2190/1825 1759/2101/1759 1795/2146/1795
f 1826/2191/1826 1827/2192/1827 1759/2101/1759 1825/2190/1825
f 1766/2111/1766 1739/2102/1739 1759/2101/1759 1827/2192/1827
f 1828/2193/1828 1821/2183/1821 1788/2182/1788 1789/2194/1789
f 1829/2195/1829 1819/2196/1819 1803/2158/1803 1830/2197/1830
f 1831/2198/1831 1830/2197/1830 1803/2158/1803 1804/2157/1804
f 1825/2190/1825 1796/2147/1796 1799/2150/1799 1832/2199/1832
f 1833/2200/1833 1791/2201/1791 1834/2202/1834 1835/2203/1835
f 1835/2203/1835 1834/2202/1834 1836/2204/1836 1837/2205/1837
f 1836/2204/1836 1834/2202/1834 1791/2201/1791 1838/2206/1838
f 1786/2207/1786 1791/2201/1791 1833/2200/1833 1789/2194/1789
f 1839/2208/1839 1840/2209/1840 1841/2210/1841 1842/2211/1842
f 1843/2212/1843 1844/2213/1844 1841/2210/1841 1845/2214/1845
f 1846/2215/1846 1842/2211/1842 1841/2210/1841 1844/2213/1844
f 1847/2216/1847 1848/2217/1848 1849/2218/1849 1840/2209/1840
f 1850/2219/1850 1851/2220/1851 1849/2218/1849 1848/2217/1848
f 1828/2193/1828 1789/2194/1789 1833/2200/1833 1852/2221/1852
f 1853/2222/1853 1852/2221/1852 1833/2200/1833 1854/2223/1854
f 1855/2224/1855 1797/2148/1797 1792/2143/1792 1856/2225/1856
f 1763/2226/1763 1857/2227/1857 1792/2143/1792 1762/2142/1762
f 1858/2228/1858 1856/2225/1856 1792/2143/1792 1857/2227/1857
f 1854/2223/1854 1833/2200/1833 1835/2203/1835 1837/2205/1837
f 1859/2229/1859 1860/2230/1860 1851/2220/1851 1850/2219/1850
f 1861/2231/1861 1862/2232/1862 1851/2220/1851 1860/2230/1860
f 1843/2212/1843 1845/2214/1845 1851/2220/1851 1862/2232/1862
f 1863/2233/1863 1864/2234/1864 1846/2215/1846 1844/2213/1844
f 1865/2235/1865 1842/2211/1842 1846/2215/1846 1864/2234/1864
f 1866/2236/1866 1867/2237/1867 1868/2238/1868 1869/2239/1869
f 1870/2240/1870 1869/2241/1869 1868/2242/1868 1871/2243/1871
f 1872/2244/1872 1873/2245/1873 1868/2242/1868 1874/2246/1874
f 1875/2247/1875 1874/2248/1874 1868/2238/1868 1867/2237/1867
f 1876/2249/1876 1871/2243/1871 1868/2242/1868 1873/2245/1873
f 1877/2250/1877 1876/2249/1876 1873/2245/1873 1872/2244/1872
f 1878/2251/1878 1879/2252/1879 1831/2198/1831 1880/2253/1880
f 1881/2254/1881 1862/2232/1862 1861/2231/1861 1882/2255/1882
f 1883/2256/1883 1882/2255/1882 1861/2231/1861 1860/2230/1860
f 1884/2257/1884 1885/2258/1885 1886/2259/1886 1887/2260/1887
f 1828/2193/1828 1887/2260/1887 1886/2259/1886 1821/2183/1821
f 1888/2261/1888 1889/2262/1889 1890/2263/1890 1891/2264/1891
f 1892/2265/1892 1893/2266/1893 1890/2263/1890 1889/2262/1889
f 1894/2267/1894 1891/2264/1891 1890/2263/1890 1893/2266/1893
f 1821/2183/1821 1886/2259/1886 1895/2268/1895 1820/2180/1820
f 1885/2258/1885 1896/2269/1896 1895/2268/1895 1886/2259/1886
f 1897/2270/1897 1898/2271/1898 1895/2268/1895 1899/2272/1899
f 1900/2273/1900 1899/2272/1899 1895/2268/1895 1896/2269/1896
f 1901/2274/1901 1902/2275/1902 1903/2276/1903 1904/2277/1904
f 1905/2278/1905 1906/2279/1906 1903/2276/1903 1902/2275/1902
f 1858/2228/1858 1904/2277/1904 1903/2276/1903 1856/2225/1856
f 1887/2260/1887 1828/2193/1828 1852/2221/1852 1853/2222/1853
f 1580/1907/1580 1907/2280/1907 1908/2281/1908 1581/1908/1581
f 1587/1916/1587 1581/1908/1581 1908/2281/1908 1605/1940/1605
f 1909/2282/1909 1910/2283/1910 1831/2198/1831 1879/2252/1879
f 1898/2271/1898 1897/2270/1897 1901/2274/1901 1904/2277/1904
f 1911/2284/1911 1902/2275/1902 1901/2274/1901 1900/2273/1900
f 1912/2285/1912 1913/2286/1913 1651/1993/1651 1650/1992/1650
f 1855/2224/1855 1856/2225/1856 1903/2276/1903 1906/2279/1906
f 1914/2287/1914 1915/2288/1915 1916/2289/1916 1917/2290/1917
f 1918/2291/1918 1905/2278/1905 1902/2275/1902 1911/2284/1911
f 1919/2292/1919 1911/2284/1911 1900/2273/1900 1896/2269/1896
f 1920/2293/1920 1921/2294/1921 1922/2295/1922 1923/2296/1923
f 1924/2297/1924 1925/2298/1925 1922/2295/1922 1604/2299/1604
f 1601/1935/1601 1604/1938/1604 1922/2300/1922 1926/2301/1926
f 1927/2302/1927 1926/2301/1926 1922/2300/1922 1921/2303/1921
f 1928/2304/1928 1929/2305/1929 1930/2306/1930 1925/2298/1925
f 1534/2307/1534 1535/2308/1535 1930/2306/1930 1929/2305/1929
f 1931/2309/1931 1932/2310/1932 1929/2305/1929 1928/2304/1928
f 1933/2311/1933 1934/2312/1934 1929/2305/1929 1932/2310/1932
f 1620/1957/1620 1651/2313/1651 1935/2314/1935 1654/1996/1654
f 1913/2286/1913 1936/2315/1936 1935/2316/1935 1651/1993/1651
f 1937/2317/1937 1938/2318/1938 1935/2319/1935 1939/2320/1939
f 1940/2321/1940 1654/2322/1654 1935/2319/1935 1938/2318/1938
f 1941/2323/1941 1939/2324/1939 1935/2325/1935 1936/2326/1936
f 1659/2001/1659 1942/2327/1942 1936/2326/1936 1913/2328/1913
f 1943/2329/1943 1944/2330/1944 1936/2326/1936 1942/2327/1942
f 1945/2331/1945 1612/1949/1612 1943/2329/1943 1942/2327/1942
f 1613/1950/1613 1944/2330/1944 1943/2329/1943 1612/1949/1612
f 1946/2332/1946 1947/2333/1947 1948/2334/1948 1949/2335/1949
f 1950/2336/1950 1918/2291/1918 1911/2284/1911 1919/2292/1919
f 1854/2223/1854 1951/2337/1951 1952/2338/1952 1853/2222/1853
f 1887/2260/1887 1853/2222/1853 1952/2338/1952 1884/2257/1884
f 1953/2339/1953 1954/2340/1954 1952/2338/1952 1951/2337/1951
f 1955/2341/1955 1956/2342/1956 1957/2343/1957 1958/2344/1958
f 1959/2345/1959 1958/2344/1958 1957/2343/1957 1960/2346/1960
f 1961/2347/1961 1960/2346/1960 1957/2343/1957 1962/2348/1962
f 1963/2349/1963 1962/2348/1962 1957/2343/1957 1956/2342/1956
f 1964/2350/1964 1965/2351/1965 1966/2352/1966 1967/2353/1967
f 1968/2354/1968 1969/2355/1969 1966/2352/1966 1965/2351/1965
f 1970/2356/1970 1971/2357/1971 1966/2352/1966 1969/2355/1969
f 1972/2358/1972 1973/2359/1973 1969/2355/1969 1974/2360/1974
f 1975/2361/1975 1974/2360/1974 1969/2355/1969 1968/2354/1968
f 1976/2362/1976 1970/2356/1970 1969/2355/1969 1973/2359/1973
f 1977/2363/1977 1978/2364/1978 1979/2365/1979 1980/2366/1980
f 1981/2367/1981 1982/2368/1982 1979/2365/1979 1978/2364/1978
f 1983/2369/1983 1984/2370/1984 1921/2371/1921 1920/2372/1920
f 1985/2373/1985 1986/2374/1986 1921/2371/1921 1984/2370/1984
f 1987/2375/1987 1988/2376/1988 1560/2377/1560 1559/2378/1559
f 1989/2379/1989 1990/2380/1990 1560/2381/1560 1988/2382/1988
f 1991/2383/1991 1992/2384/1992 1580/1907/1580 1583/1911/1583
f 1882/2255/1882 1977/2363/1977 1949/2335/1949 1881/2254/1881
f 1973/2359/1973 1972/2358/1972 1949/2335/1949 1948/2334/1948
f 1993/2385/1993 1881/2254/1881 1949/2335/1949 1972/2358/1972
f 1980/2366/1980 1946/2332/1946 1949/2335/1949 1977/2363/1977
f 1994/2386/1994 1905/2278/1905 1978/2364/1978 1883/2256/1883
f 1918/2291/1918 1981/2367/1981 1978/2364/1978 1905/2278/1905
f 1995/2387/1995 1996/2388/1996 1985/2373/1985 1997/2389/1997
f 1998/2390/1998 1997/2389/1997 1985/2373/1985 1984/2370/1984
f 1999/2391/1999 2000/2392/2000 2001/2393/2001 1615/1952/1615
f 1613/1950/1613 1615/1952/1615 2001/2393/2001 1944/2330/1944
f 1875/2394/1875 1891/2264/1891 1894/2267/1894 1874/2395/1874
f 2002/2396/2002 2003/2397/2003 1894/2267/1894 1893/2266/1893
f 2004/2398/2004 2005/2399/2005 1894/2267/1894 2003/2397/2003
f 1872/2400/1872 1874/2395/1874 1894/2267/1894 2005/2399/2005
f 2006/2401/2006 2007/2402/2007 1915/2288/1915 1914/2287/1914
f 33/40/33 1964/2350/1964 1967/2353/1967 34/41/34
f 1971/2357/1971 34/41/34 1967/2353/1967 1966/2352/1966
f 2008/2403/2008 1981/2367/1981 1918/2291/1918 1950/2336/1950
f 2009/2404/2009 1906/2279/1906 1905/2278/1905 1994/2386/1994
f 1884/2257/1884 2010/2405/2010 1919/2292/1919 1885/2258/1885
f 1982/2368/1982 2011/2406/2011 1980/2366/1980 1979/2365/1979
f 2012/2407/2012 1946/2332/1946 1980/2366/1980 2011/2406/2011
f 2013/2408/2013 1560/1885/1560 1990/2409/1990 1547/1872/1547
f 1548/1873/1548 1547/1872/1547 1990/2409/1990 2014/2410/2014
f 1634/2411/1634 2015/2412/2015 2016/2413/2016 2017/2414/2017
f 2018/2415/2018 2019/2416/2019 2016/2413/2016 1933/2311/1933
f 2020/2417/2020 2021/2418/2021 2016/2413/2016 2015/2412/2015
f 1934/2312/1934 1933/2311/1933 2016/2413/2016 2021/2418/2021
f 1971/2357/1971 2022/2419/2022 35/42/35 34/41/34
f 2023/2420/2023 36/43/36 35/42/35 2022/2419/2022
f 2024/2421/2024 1950/2336/1950 1919/2292/1919 2010/2405/2010
f 2025/2422/2025 2012/2407/2012 2011/2406/2011 1982/2368/1982
f 33/40/33 36/43/36 1914/2287/1914 1917/2290/1917
f 2023/2420/2023 2026/2423/2026 1914/2287/1914 36/43/36
f 2027/2424/2027 2006/2401/2006 1914/2287/1914 2026/2423/2026
f 1976/2362/1976 2028/2425/2028 2029/2426/2029 1970/2356/1970
f 1971/2357/1971 1970/2356/1970 2029/2426/2029 2022/2419/2022
f 2023/2420/2023 2022/2419/2022 2029/2426/2029 2030/2427/2030
f 2029/2426/2029 2028/2425/2028 2012/2407/2012 2031/2428/2031
f 2032/2429/2032 2031/2428/2031 2012/2407/2012 2025/2422/2025
f 1624/1961/1624 1642/1984/1642 2033/2430/2033 2034/2431/2034
f 1641/1983/1641 2035/2432/2035 2033/2430/2033 1642/1984/1642
f 2036/2433/2036 2037/2434/2037 2033/2430/2033 2035/2432/2035
f 2038/2435/2038 2034/2431/2034 2033/2430/2033 2039/2436/2039
f 2040/2437/2040 2039/2436/2039 2033/2430/2033 2037/2434/2037
f 2041/2438/2041 2042/2439/2042 2043/2440/2043 2044/2441/2044
f 2045/2442/2045 2046/2443/2046 2014/2410/2014 1990/2409/1990
f 1551/1876/1551 1548/1873/1548 2014/2410/2014 2046/2443/2046
f 2047/2444/2047 2048/2445/2048 2049/2446/2049 2050/2447/2050
f 2050/2447/2050 2049/2446/2049 1926/2301/1926 1927/2302/1927
f 2051/2448/2051 1926/2301/1926 2049/2446/2049 2048/2445/2048
f 1986/2449/1986 2050/2447/2050 1927/2302/1927 1921/2303/1921
f 2052/2450/2052 2053/2451/2053 2054/2452/2054 2055/2453/2055
f 2056/2454/2056 2055/2455/2055 2054/2456/2054 2057/2457/2057
f 2058/2458/2058 2059/2459/2059 2054/2460/2054 2053/2461/2053
f 1551/1876/1551 2046/2443/2046 2060/2462/2060 2061/2463/2061
f 2045/2464/2045 2062/2465/2062 2060/2466/2060 2046/2467/2046
f 2063/2468/2063 2061/2463/2061 2060/2462/2060 2064/2469/2064
f 2065/2470/2065 2066/2471/2066 2067/2472/2067 2068/2473/2068
f 2069/2474/2069 2070/2475/2070 2067/2472/2067 2071/2476/2071
f 2072/2477/2072 2071/2476/2071 2067/2472/2067 2066/2471/2066
f 2073/2478/2073 2074/2479/2074 2075/2480/2075 1941/2323/1941
f 2076/2481/2076 2077/2482/2077 2075/2480/2075 2074/2479/2074
f 1939/2324/1939 1941/2323/1941 2075/2480/2075 2078/2483/2078
f 2071/2476/2071 2079/2484/2079 2080/2485/2080 2069/2474/2069
f 2081/2486/2081 2069/2474/2069 2080/2485/2080 2082/2487/2082
f 2083/2488/2083 2082/2487/2082 2080/2485/2080 2079/2484/2079
f 2084/2489/2084 2085/2490/2085 2086/2491/2086 2087/2492/2087
f 2088/2493/2088 2089/2494/2089 2086/2491/2086 2085/2490/2085
f 2090/2495/2090 2091/2496/2091 2092/2497/2092 2093/2498/2093
f 2094/2499/2094 2095/2500/2095 2092/2497/2092 2091/2496/2091
f 2096/2501/2096 2097/2502/2097 2098/2503/2098 2099/2504/2099
f 2100/2505/2100 2101/2506/2101 2098/2503/2098 2097/2502/2097
f 2102/2507/2102 2099/2504/2099 2098/2503/2098 2101/2506/2101
f 2103/2508/2103 2104/2509/2104 2086/2491/2086 2089/2494/2089
f 2105/2510/2105 2106/2511/2106 2092/2497/2092 2095/2500/2095
f 2107/2512/2107 2108/2513/2108 2109/2514/2109 2110/2515/2110
f 2111/2516/2111 2110/2515/2110 2109/2514/2109 2112/2517/2112
f 2113/2518/2113 2112/2517/2112 2109/2514/2109 2108/2513/2108
f 1939/2320/1939 2078/2519/2078 2114/2520/2114 1937/2317/1937
f 2115/2521/2115 2116/2522/2116 2100/2523/2100 2097/2524/2097
f 2117/2525/2117 2101/2506/2101 2100/2505/2100 2116/2526/2116
f 2118/2527/2118 2119/2528/2119 2120/2529/2120 2121/2530/2121
f 2108/2513/2108 2121/2530/2121 2120/2529/2120 2113/2518/2113
f 2122/2531/2122 2123/2532/2123 2120/2529/2120 2119/2528/2119
f 2124/2533/2124 2125/2534/2125 2092/2497/2092 2106/2511/2106
f 2126/2535/2126 2063/2536/2063 2064/2537/2064 2127/2538/2127
f 2128/2539/2128 2117/2525/2117 2064/2540/2064 2060/2466/2060
f 2116/2522/2116 2129/2541/2129 2064/2542/2064 2117/2543/2117
f 2130/2544/2130 2115/2521/2115 2097/2524/2097 2131/2545/2131
f 1961/2347/1961 2132/2546/2132 2133/2547/2133 2134/2548/2134
f 2135/2549/2135 2136/2550/2136 2133/2551/2133 2132/2552/2132
f 2137/2553/2137 2134/2554/2134 2133/2551/2133 2136/2550/2136
f 2138/2555/2138 2139/2556/2139 2136/2550/2136 2135/2549/2135
f 2140/2557/2140 2141/2558/2141 2136/2550/2136 2139/2556/2139
f 2142/2559/2142 2137/2553/2137 2136/2550/2136 2141/2558/2141
f 2143/2560/2143 2144/2561/2144 2145/2562/2145 2146/2563/2146
f 2147/2564/2147 2148/2565/2148 2145/2566/2145 2144/2567/2144
f 2149/2568/2149 2150/2569/2150 2145/2566/2145 2148/2565/2148
f 2151/2570/2151 2146/2571/2146 2145/2572/2145 2152/2573/2152
f 2150/2574/2150 2153/2575/2153 2152/2573/2152 2145/2572/2145
f 2154/2576/2154 2155/2577/2155 2156/2578/2156 2157/2579/2157
f 2155/2580/2155 2152/2573/2152 2153/2575/2153 2156/2581/2156
f 2158/2582/2158 2159/2583/2159 2160/2584/2160 2161/2585/2161
f 2162/2586/2162 2163/2587/2163 2160/2588/2160 2164/2589/2164
f 2165/2590/2165 2164/2589/2164 2160/2588/2160 2159/2591/2159
f 2166/2592/2166 2167/2593/2167 2168/2594/2168 2169/2595/2169
f 2170/2596/2170 2171/2597/2171 2168/2594/2168 2167/2593/2167
f 2172/2598/2172 2169/2595/2169 2168/2594/2168 2171/2597/2171
f 2173/2599/2173 2166/2592/2166 2169/2595/2169 2172/2598/2172
f 2174/2600/2174 2175/2601/2175 2170/2602/2170 2167/2603/2167
f 2176/2604/2176 2171/2605/2171 2170/2602/2170 2175/2601/2175
f 2174/2600/2174 2167/2603/2167 2166/2606/2166 2173/2607/2173
f 2176/2604/2176 2177/2608/2177 2178/2609/2178 2179/2610/2179
f 2179/2611/2179 2180/2612/2180 2171/2597/2171 2176/2613/2176
f 2181/2614/2181 2172/2598/2172 2171/2597/2171 2180/2612/2180
f 2182/2615/2182 2183/2616/2183 2184/2617/2184 2185/2618/2185
f 2186/2619/2186 2187/2620/2187 2184/2617/2184 2188/2621/2188
f 2189/2622/2189 2188/2621/2188 2184/2617/2184 2183/2616/2183
f 2190/2623/2190 2191/2624/2191 2192/2625/2192 2193/2626/2193
f 2194/2627/2194 2195/2628/2195 2192/2629/2192 2196/2630/2196
f 2197/2631/2197 2198/2632/2198 2199/2633/2199 2200/2634/2200
f 2201/2635/2201 2202/2636/2202 2199/2633/2199 2198/2632/2198
f 2203/2637/2203 2204/2638/2204 2199/2633/2199 2202/2636/2202
f 2205/2639/2205 2200/2634/2200 2199/2633/2199 2204/2638/2204
f 2188/2640/2188 2189/2641/2189 2206/2642/2206 2207/2643/2207
f 2208/2644/2208 2209/2645/2209 2206/2642/2206 2189/2641/2189
f 2210/2646/2210 2207/2643/2207 2206/2642/2206 2211/2647/2211
f 2212/2648/2212 2213/2649/2213 2214/2650/2214 2215/2651/2215
f 2216/2652/2216 2217/2653/2217 2214/2650/2214 2218/2654/2218
f 2219/2655/2219 2218/2654/2218 2214/2650/2214 2213/2649/2213
f 2220/2656/2220 2216/2657/2216 2218/2658/2218 2221/2659/2221
f 2222/2660/2222 2219/2655/2219 2213/2649/2213 2212/2648/2212
f 2223/2661/2223 2224/2662/2224 2211/2647/2211 2206/2642/2206
f 2225/2663/2225 2226/2664/2226 2211/2647/2211 2227/2665/2227
f 2228/2666/2228 2227/2665/2227 2211/2647/2211 2224/2662/2224
f 2203/2637/2203 2229/2667/2229 2230/2668/2230 2204/2638/2204
f 2194/2627/2194 2231/2669/2231 2230/2668/2230 2229/2667/2229
f 2232/2670/2232 2233/2671/2233 2230/2672/2230 2234/2673/2234
f 2235/2674/2235 2234/2673/2234 2230/2672/2230 2231/2675/2231
f 2205/2639/2205 2204/2638/2204 2230/2668/2230 2233/2676/2233
f 2236/2677/2236 2220/2656/2220 2221/2659/2221 2237/2678/2237
f 2238/2679/2238 2237/2678/2237 2221/2659/2221 2239/2680/2239
f 2240/2681/2240 2241/2682/2241 2221/2683/2221 2218/2654/2218
f 2242/2684/2242 2239/2680/2239 2221/2659/2221 2241/2685/2241
f 2243/2686/2243 2244/2687/2244 2245/2688/2245 2246/2689/2246
f 2247/2690/2247 2248/2691/2248 2249/2692/2249 2250/2693/2250
f 2251/2694/2251 2252/2695/2252 2249/2696/2249 2248/2697/2248
f 2231/2669/2231 2247/2690/2247 2250/2693/2250 2235/2698/2235
f 2253/2699/2253 2254/2700/2254 2255/2701/2255 2256/2702/2256
f 2257/2703/2257 2258/2704/2258 2259/2705/2259 2260/2706/2260
f 2261/2707/2261 2262/2708/2262 2259/2705/2259 2258/2704/2258
f 2263/2709/2263 2264/2710/2264 2259/2705/2259 2262/2708/2262
f 2265/2711/2265 2266/2712/2266 2259/2705/2259 2264/2710/2264
f 2267/2713/2267 2260/2706/2260 2259/2705/2259 2266/2712/2266
f 2268/2714/2268 2269/2715/2269 2270/2716/2270 2271/2717/2271
f 2267/2713/2267 2271/2718/2271 2270/2719/2270 2260/2706/2260
f 2257/2703/2257 2260/2706/2260 2270/2719/2270 2269/2720/2269
f 2257/2703/2257 2272/2721/2272 2273/2722/2273 2258/2704/2258
f 2261/2707/2261 2258/2704/2258 2273/2722/2273 2274/2723/2274
f 2275/2724/2275 2274/2723/2274 2273/2722/2273 2272/2721/2272
f 2276/2725/2276 2277/2726/2277 2278/2727/2278 2279/2728/2279
f 2280/2729/2280 2279/2728/2279 2278/2727/2278 2281/2730/2281
f 2282/2731/2282 2281/2730/2281 2278/2727/2278 2277/2726/2277
f 2280/2729/2280 2283/2732/2283 2284/2733/2284 2279/2728/2279
f 2285/2734/2285 2286/2735/2286 2284/2733/2284 2283/2732/2283
f 2287/2736/2287 2158/2582/2158 2284/2733/2284 2286/2735/2286
f 2276/2725/2276 2279/2728/2279 2284/2733/2284 2288/2737/2288
f 2161/2585/2161 2288/2737/2288 2284/2733/2284 2158/2582/2158
f 2289/2738/2289 2290/2739/2290 2285/2734/2285 2283/2732/2283
f 2291/2740/2291 2286/2735/2286 2285/2734/2285 2290/2739/2290
f 2292/2741/2292 2293/2742/2293 2294/2743/2294 2295/2744/2295
f 2296/2745/2296 2295/2744/2295 2294/2743/2294 2297/2746/2297
f 2298/2747/2298 2299/2748/2299 2294/2749/2294 2293/2750/2293
f 2300/2751/2300 2301/2752/2301 2294/2749/2294 2299/2748/2299
f 2302/2753/2302 2303/2754/2303 2296/2755/2296 2297/2756/2297
f 2304/2757/2304 2305/2758/2305 2296/2755/2296 2303/2754/2303
f 2306/2759/2306 2295/2744/2295 2296/2745/2296 2307/2760/2307
f 2308/2761/2308 2307/2762/2307 2296/2755/2296 2305/2758/2305
f 2309/2763/2309 2310/2764/2310 2311/2765/2311 2312/2766/2312
f 2313/2767/2313 2312/2766/2312 2311/2765/2311 2314/2768/2314
f 2315/2769/2315 2310/2764/2310 2309/2763/2309 2316/2770/2316
f 2317/2771/2317 2316/2770/2316 2309/2763/2309 2312/2766/2312
f 2318/2772/2318 2319/2773/2319 2311/2765/2311 2310/2764/2310
f 2320/2774/2320 2314/2768/2314 2311/2765/2311 2319/2773/2319
f 2321/2775/2321 2322/2776/2322 2165/2590/2165 2159/2591/2159
f 2323/2777/2323 2164/2589/2164 2165/2590/2165 2322/2776/2322
f 2324/2778/2324 2325/2779/2325 2326/2780/2326 2327/2781/2327
f 2328/2782/2328 2327/2781/2327 2326/2780/2326 2329/2783/2329
f 2330/2784/2330 2329/2783/2329 2326/2780/2326 2325/2779/2325
f 2331/2785/2331 2332/2786/2332 2333/2787/2333 2334/2788/2334
f 2335/2789/2335 2334/2788/2334 2333/2787/2333 2336/2790/2336
f 2337/2791/2337 2336/2790/2336 2333/2787/2333 2338/2792/2338
f 2312/2766/2312 2313/2767/2313 2339/2793/2339 2317/2771/2317
f 2317/2771/2317 2339/2793/2339 2332/2794/2332 2340/2795/2340
f 2333/2796/2333 2332/2794/2332 2339/2793/2339 2313/2767/2313
f 2341/2797/2341 2342/2798/2342 2343/2799/2343 2344/2800/2344
f 2345/2801/2345 2153/2802/2153 2343/2799/2343 2342/2798/2342
f 2150/2569/2150 2344/2800/2344 2343/2799/2343 2153/2802/2153
f 2346/2803/2346 2345/2801/2345 2342/2798/2342 2341/2797/2341
f 2347/2804/2347 2348/2805/2348 2349/2806/2349 2350/2807/2350
f 2351/2808/2351 2350/2809/2350 2349/2810/2349 2352/2811/2352
f 2353/2812/2353 2354/2813/2354 2349/2806/2349 2348/2805/2348
f 2345/2801/2345 2355/2814/2355 2156/2815/2156 2153/2802/2153
f 2356/2816/2356 2157/2579/2157 2156/2578/2156 2355/2817/2355
f 2357/2818/2357 2358/2819/2358 2348/2805/2348 2347/2804/2347
f 2359/2820/2359 2360/2821/2360 2348/2822/2348 2358/2823/2358
f 2361/2824/2361 2362/2825/2362 2349/2826/2349 2354/2827/2354
f 2363/2828/2363 2364/2829/2364 2365/2830/2365 2366/2831/2366
f 2367/2832/2367 2366/2831/2366 2365/2830/2365 2368/2833/2368
f 2369/2834/2369 2368/2833/2368 2365/2830/2365 2364/2829/2364
f 2370/2835/2370 2371/2836/2371 2363/2828/2363 2366/2831/2366
f 2372/2837/2372 2364/2829/2364 2363/2828/2363 2371/2836/2371
f 2373/2838/2373 2374/2839/2374 2375/2840/2375 2376/2841/2376
f 2377/2842/2377 2378/2843/2378 2375/2840/2375 2374/2839/2374
f 2379/2844/2379 2376/2841/2376 2375/2840/2375 2380/2845/2380
f 2381/2846/2381 2380/2847/2380 2375/2848/2375 2382/2849/2382
f 2306/2759/2306 2307/2760/2307 2383/2850/2383 2384/2851/2384
f 2308/2761/2308 2385/2852/2385 2383/2853/2383 2307/2762/2307
f 2386/2854/2386 2387/2855/2387 2383/2853/2383 2385/2852/2385
f 2359/2856/2359 2358/2857/2358 2383/2853/2383 2387/2855/2387
f 2357/2818/2357 2384/2851/2384 2383/2850/2383 2358/2819/2358
f 2388/2858/2388 2389/2859/2389 2390/2860/2390 2391/2861/2391
f 2392/2862/2392 2391/2861/2391 2390/2860/2390 2393/2863/2393
f 2394/2864/2394 2393/2863/2393 2390/2860/2390 2389/2859/2389
f 2395/2865/2395 2396/2866/2396 2397/2867/2397 2398/2868/2398
f 2399/2869/2399 2400/2870/2400 2397/2867/2397 2396/2866/2396
f 2401/2871/2401 2402/2872/2402 2397/2867/2397 2400/2870/2400
f 2403/2873/2403 2404/2874/2404 2397/2867/2397 2402/2872/2402
f 2405/2875/2405 2398/2868/2398 2397/2867/2397 2404/2874/2404
f 2406/2876/2406 2407/2877/2407 2157/2579/2157 2356/2816/2356
f 2408/2878/2408 2154/2576/2154 2157/2579/2157 2409/2879/2409
f 2410/2880/2410 2409/2879/2409 2157/2579/2157 2407/2877/2407
f 2411/2881/2411 2412/2882/2412 2413/2883/2413 2414/2884/2414
f 2415/2885/2415 2414/2884/2414 2413/2883/2413 2416/2886/2416
f 2417/2887/2417 2382/2849/2382 2375/2848/2375 2418/2888/2418
f 2419/2889/2419 2420/2890/2420 2375/2891/2375 2378/2892/2378
f 2398/2868/2398 2405/2875/2405 2375/2891/2375 2420/2890/2420
f 2421/2893/2421 2422/2894/2422 2362/2825/2362 2423/2895/2423
f 2424/2896/2424 2425/2897/2425 2422/2898/2422 2421/2899/2421
f 2426/2900/2426 2418/2888/2418 2375/2848/2375 2405/2901/2405
f 2426/2900/2426 2405/2901/2405 2404/2902/2404 2403/2903/2403
f 2427/2904/2427 2403/2905/2403 2387/2906/2387 2428/2907/2428
f 2402/2872/2402 2359/2820/2359 2387/2908/2387 2403/2873/2403
f 2429/2909/2429 2430/2910/2430 2431/2911/2431 2412/2882/2412
f 2432/2912/2432 2433/2913/2433 2434/2914/2434 2435/2915/2435
f 2436/2916/2436 2437/2917/2437 2434/2914/2434 2433/2913/2433
f 2407/2877/2407 2435/2915/2435 2434/2914/2434 2410/2880/2410
f 2438/2918/2438 2439/2919/2439 2434/2914/2434 2437/2917/2437
f 2440/2920/2440 2410/2880/2410 2434/2914/2434 2439/2919/2439
f 2441/2921/2441 2426/2900/2426 2403/2903/2403 2442/2922/2442
f 2443/2923/2443 2442/2924/2442 2403/2925/2403 2427/2926/2427
f 2444/2927/2444 2445/2928/2445 2431/2911/2431 2430/2910/2430
f 2446/2929/2446 2447/2930/2447 2448/2931/2448 2449/2932/2449
f 2450/2933/2450 2443/2923/2443 2448/2931/2448 2447/2930/2447
f 2427/2926/2427 2449/2932/2449 2448/2931/2448 2443/2923/2443
f 2451/2934/2451 2452/2935/2452 2446/2936/2446 2453/2937/2453
f 2454/2938/2454 2447/2930/2447 2446/2929/2446 2455/2939/2455
f 2456/2940/2456 2455/2941/2455 2446/2936/2446 2452/2935/2452
f 2454/2938/2454 2457/2942/2457 2450/2933/2450 2447/2930/2447
f 2442/2924/2442 2443/2923/2443 2450/2933/2450 2458/2943/2458
f 2459/2944/2459 2460/2945/2460 2450/2933/2450 2457/2942/2457
f 2461/2946/2461 2458/2943/2458 2450/2933/2450 2460/2945/2460
f 2462/2947/2462 2459/2944/2459 2463/2948/2463 2464/2949/2464
f 2457/2942/2457 2465/2950/2465 2463/2948/2463 2459/2944/2459
f 2466/2951/2466 2464/2949/2464 2463/2948/2463 2467/2952/2467
f 2423/2895/2423 2468/2953/2468 2463/2954/2463 2465/2955/2465
f 2469/2956/2469 2467/2957/2467 2463/2954/2463 2468/2953/2468
f 2470/2958/2470 2471/2959/2471 2472/2960/2472 2473/2961/2473
f 2474/2962/2474 2475/2963/2475 2472/2960/2472 2471/2959/2471
f 2159/2583/2159 2473/2961/2473 2472/2960/2472 2476/2964/2476
f 2477/2965/2477 2478/2966/2478 2479/2967/2479 2480/2968/2480
f 2481/2969/2481 2480/2968/2480 2479/2967/2479 2482/2970/2482
f 2483/2971/2483 2484/2972/2484 2479/2967/2479 2485/2973/2485
f 2486/2974/2486 2482/2970/2482 2479/2967/2479 2484/2972/2484
f 2487/2975/2487 2485/2973/2485 2479/2967/2479 2478/2966/2478
f 2488/2976/2488 2337/2791/2337 2489/2977/2489 2490/2978/2490
f 2491/2979/2491 2492/2980/2492 2489/2981/2489 2337/2982/2337
f 2493/2983/2493 2490/2978/2490 2489/2977/2489 2330/2984/2330
f 2329/2985/2329 2330/2986/2330 2477/2965/2477 2480/2968/2480
f 2477/2965/2477 2330/2986/2330 2489/2981/2489 2492/2980/2492
f 2162/2586/2162 2164/2589/2164 2323/2777/2323 2494/2987/2494
f 2495/2988/2495 2496/2989/2496 2323/2777/2323 2322/2776/2322
f 2320/2774/2320 2494/2987/2494 2323/2777/2323 2497/2990/2497
f 2498/2991/2498 2497/2990/2497 2323/2777/2323 2496/2989/2496
f 2499/2992/2499 2321/2775/2321 2159/2591/2159 2476/2993/2476
f 2500/2994/2500 2477/2965/2477 2492/2980/2492 2501/2995/2501
f 2502/2996/2502 2501/2995/2501 2492/2980/2492 2491/2979/2491
f 2477/2965/2477 2500/2994/2500 2503/2997/2503 2478/2966/2478
f 2504/2998/2504 2505/2999/2505 2503/2997/2503 2500/2994/2500
f 2487/2975/2487 2478/2966/2478 2503/2997/2503 2505/2999/2505
f 2506/3000/2506 2507/3001/2507 2499/2992/2499 2508/3002/2508
f 2509/3003/2509 2321/2775/2321 2499/2992/2499 2507/3001/2507
f 2510/3004/2510 2511/3005/2511 2512/3006/2512 2513/3007/2513
f 2514/3008/2514 28/35/28 2512/3006/2512 2511/3005/2511
f 2515/3009/2515 2513/3007/2513 2512/3006/2512 2516/3010/2516
f 2474/2962/2474 2471/2959/2471 2517/3011/2517 2518/3012/2518
f 2470/2958/2470 2519/3013/2519 2517/3011/2517 2471/2959/2471
f 2520/3014/2520 2518/3012/2518 2517/3011/2517 2521/3015/2521
f 2522/3016/2522 2502/2996/2502 2516/3010/2516 2512/3006/2512
f 2491/2979/2491 2515/3009/2515 2516/3010/2516 2502/2996/2502
f 2523/3017/2523 2524/3018/2524 2525/3019/2525 2526/3020/2526
f 2527/3021/2527 2521/3015/2521 2525/3019/2525 2524/3018/2524
f 2528/3022/2528 30/3023/30 2526/3020/2526 2519/3013/2519
f 2529/3024/2529 2530/3025/2530 2531/3026/2531 2532/3027/2532
f 2533/3028/2533 2532/3027/2532 2531/3026/2531 2534/3029/2534
f 2535/3030/2535 2536/3031/2536 2531/3026/2531 2530/3025/2530
f 2522/3016/2522 2512/3006/2512 28/35/28 27/34/27
f 2537/3032/2537 31/38/31 28/35/28 2538/3033/2538
f 2539/3034/2539 2540/3035/2540 29/3036/29 32/3037/32
f 2541/3038/2541 2523/3017/2523 29/3039/29 2542/3040/2542
f 2543/3041/2543 2542/3042/2542 29/3036/29 2540/3035/2540
f 2544/3043/2544 2541/3044/2541 2542/3042/2542 2543/3041/2543
f 2539/3045/2539 2545/3046/2545 2546/3047/2546 2547/3048/2547
f 2540/3035/2540 2539/3034/2539 2547/3049/2547 2548/3050/2548
f 2549/3051/2549 2550/3052/2550 2547/3048/2547 2546/3047/2546
f 2551/3053/2551 2552/3054/2552 2553/3055/2553 2554/3056/2554
f 2555/3057/2555 2554/3058/2554 2553/3059/2553 2556/3060/2556
f 2557/3061/2557 2558/3062/2558 2553/3059/2553 2552/3063/2552
f 2559/3064/2559 2560/3065/2560 2553/3059/2553 2558/3062/2558
f 2561/3066/2561 2556/3060/2556 2553/3059/2553 2560/3065/2560
f 2562/3067/2562 2563/3068/2563 2564/3069/2564 2565/3070/2565
f 2566/3071/2566 2565/3070/2565 2564/3069/2564 2567/3072/2567
f 2568/3073/2568 2567/3072/2567 2564/3069/2564 2563/3068/2563
f 2569/3074/2569 2562/3067/2562 2565/3070/2565 2566/3071/2566
f 2561/3066/2561 2566/3071/2566 2567/3072/2567 2568/3073/2568
f 2559/3064/2559 2562/3067/2562 2569/3074/2569 2560/3065/2560
f 2561/3066/2561 2560/3065/2560 2569/3074/2569 2566/3071/2566
f 2570/3075/2570 2571/3076/2571 2572/3077/2572 2573/3078/2573
f 2574/3079/2574 2575/3080/2575 2572/3077/2572 2571/3076/2571
f 2576/3081/2576 2573/3078/2573 2572/3077/2572 2577/3082/2577
f 2563/3068/2563 2577/3082/2577 2572/3077/2572 2568/3073/2568
f 14/16/14 2578/3083/2578 2572/3077/2572 2575/3080/2575
f 2561/3066/2561 2568/3073/2568 2572/3077/2572 2578/3083/2578
f 2579/3084/2579 2556/3060/2556 2561/3066/2561 2578/3083/2578
f 2580/3085/2580 9/9/9 8/8/8 2581/3086/2581
f 2582/3087/2582 11/11/11 2583/3088/2583 2584/3089/2584
f 2585/3090/2585 2586/3091/2586 9/9/9 2580/3085/2580
f 2587/3092/2587 2584/3089/2584 2583/3088/2583 2588/3093/2588
f 2589/3094/2589 2588/3093/2588 2583/3088/2583 2590/3095/2590
f 2579/3084/2579 12/13/12 9/12/9 2586/3096/2586
f 1/1/1 2590/3095/2590 2583/3088/2583 11/11/11
f 2/2/2 1/1/1 11/11/11 10/10/10
f 7/3097/7 2591/3098/2591 2592/3099/2592 17/23/17
f 16/18/16 17/21/17 2592/3100/2592 2593/3101/2593
f 2594/3102/2594 2593/3101/2593 2592/3100/2592 2591/3103/2591
f 2595/3104/2595 2594/3105/2594 2591/3098/2591 7/3097/7
f 16/18/16 2593/3101/2593 2594/3102/2594 2595/3106/2595
f 2575/3080/2575 2596/3107/2596 15/17/15 14/16/14
f 23/30/23 5/5/5 15/17/15 2596/3107/2596
f 1/1/1 4/4/4 2597/3108/2597 2590/3095/2590
f 2589/3094/2589 2590/3095/2590 2597/3108/2597 2598/3109/2598
f 3/3/3 6/6/6 2597/3108/2597 4/4/4
f 2599/3110/2599 2600/3111/2600 2601/3112/2601 26/33/26
f 2597/3108/2597 6/6/6 2601/3112/2601 2600/3111/2600
f 5/5/5 25/32/25 2601/3112/2601 6/6/6
f 2602/3113/2602 18/22/18 5/3114/5 2603/3115/2603
f 2595/3106/2595 7/3116/7 3/3117/3 2/3118/2
f 2603/3115/2603 5/3114/5 7/3097/7 17/23/17
f 2604/3119/2604 2605/3120/2605 2600/3111/2600 2599/3110/2599
f 2598/3109/2598 2597/3108/2597 2600/3111/2600 2605/3120/2605
f 2606/3121/2606 2607/3122/2607 2605/3120/2605 2604/3119/2604
f 2608/3123/2608 2598/3109/2598 2605/3120/2605 2607/3122/2607
f 2609/3124/2609 2610/3125/2610 2608/3126/2608 2607/3127/2607
f 2611/3128/2611 2612/3129/2612 2608/3126/2608 2610/3125/2610
f 2589/3094/2589 2598/3109/2598 2608/3123/2608 2612/3130/2612
f 2613/3131/2613 2614/3132/2614 2612/3129/2612 2611/3128/2611
f 2588/3093/2588 2589/3094/2589 2612/3130/2612 2614/3133/2614
f 2615/3134/2615 2616/3135/2616 2614/3132/2614 2613/3131/2613
f 2587/3092/2587 2588/3093/2588 2614/3133/2614 2616/3136/2616
f 2617/3137/2617 2618/3138/2618 2616/3135/2616 2615/3134/2615
f 2585/3090/2585 2587/3092/2587 2616/3136/2616 2618/3139/2618
f 2554/3140/2554 2555/3141/2555 2618/3138/2618 2617/3137/2617
f 2586/3091/2586 2585/3090/2585 2618/3139/2618 2555/3142/2555
f 2619/3143/2619 2620/3144/2620 2617/3137/2617 2615/3134/2615
f 2551/3145/2551 2554/3140/2554 2617/3137/2617 2620/3144/2620
f 2547/3049/2547 2550/3146/2550 2620/3144/2620 2619/3143/2619
f 2621/3147/2621 2551/3145/2551 2620/3144/2620 2550/3146/2550
f 2549/3051/2549 2622/3148/2622 2621/3149/2621 2550/3052/2550
f 2623/3150/2623 2624/3151/2624 2621/3152/2621 2622/3153/2622
f 2552/3054/2552 2551/3053/2551 2621/3152/2621 2624/3151/2624
f 2625/3154/2625 2626/3155/2626 2624/3151/2624 2623/3150/2623
f 2557/3156/2557 2552/3054/2552 2624/3151/2624 2626/3155/2626
f 2627/3157/2627 2628/3158/2628 2626/3155/2626 2625/3154/2625
f 2629/3159/2629 2557/3156/2557 2626/3155/2626 2628/3158/2628
f 2630/3160/2630 2631/3161/2631 2629/3159/2629 2628/3158/2628
f 2573/3078/2573 2576/3081/2576 2629/3162/2629 2631/3163/2631
f 2558/3062/2558 2557/3061/2557 2629/3162/2629 2576/3081/2576
f 2632/3164/2632 2633/3165/2633 2631/3161/2631 2630/3160/2630
f 2570/3075/2570 2573/3078/2573 2631/3163/2631 2633/3166/2633
f 2634/3167/2634 2635/3168/2635 2633/3169/2633 2632/3170/2632
f 2606/3121/2606 2570/3075/2570 2633/3166/2633 2635/3171/2635
f 2636/3172/2636 2609/3124/2609 2635/3168/2635 2634/3167/2634
f 2607/3127/2607 2606/3173/2606 2635/3168/2635 2609/3124/2609
f 2637/3174/2637 2638/3175/2638 2636/3172/2636 2634/3167/2634
f 2639/3176/2639 2640/3177/2640 2636/3172/2636 2638/3175/2638
f 2610/3125/2610 2609/3124/2609 2636/3172/2636 2640/3177/2640
f 2641/3178/2641 2642/3179/2642 2640/3177/2640 2639/3176/2639
f 2611/3128/2611 2610/3125/2610 2640/3177/2640 2642/3179/2642
f 2548/3050/2548 2643/3180/2643 2642/3179/2642 2641/3178/2641
f 2613/3131/2613 2611/3128/2611 2642/3179/2642 2643/3180/2643
f 2547/3049/2547 2619/3143/2619 2643/3180/2643 2548/3050/2548
f 2615/3134/2615 2613/3131/2613 2643/3180/2643 2619/3143/2619
f 2544/3043/2544 2543/3041/2543 2641/3178/2641 2639/3176/2639
f 2540/3035/2540 2548/3050/2548 2641/3178/2641 2543/3041/2543
f 2644/3181/2644 2544/3043/2544 2639/3176/2639 2638/3175/2638
f 2645/3182/2645 2646/3183/2646 2644/3184/2644 2647/3185/2647
f 2541/3044/2541 2544/3043/2544 2644/3181/2644 2646/3186/2646
f 2637/3187/2637 2647/3185/2647 2644/3184/2644 2638/3188/2638
f 2527/3021/2527 2524/3018/2524 2646/3183/2646 2645/3182/2645
f 2523/3017/2523 2541/3038/2541 2646/3183/2646 2524/3018/2524
f 2648/3189/2648 2527/3021/2527 2645/3182/2645 2649/3190/2649
f 2650/3191/2650 2649/3190/2649 2645/3182/2645 2647/3185/2647
f 2651/3192/2651 2649/3190/2649 2650/3191/2650 2652/3193/2652
f 2637/3187/2637 2653/3194/2653 2650/3191/2650 2647/3185/2647
f 2654/3195/2654 2652/3193/2652 2650/3191/2650 2653/3194/2653
f 2655/3196/2655 2652/3193/2652 2654/3195/2654 2627/3157/2627
f 2632/3164/2632 2630/3160/2630 2654/3195/2654 2653/3194/2653
f 2628/3158/2628 2627/3157/2627 2654/3195/2654 2630/3160/2630
f 2656/3197/2656 2657/3198/2657 2655/3196/2655 2658/3199/2658
f 2651/3192/2651 2652/3193/2652 2655/3196/2655 2657/3198/2657
f 2625/3154/2625 2658/3199/2658 2655/3196/2655 2627/3157/2627
f 2659/3200/2659 2660/3201/2660 2657/3198/2657 2656/3197/2656
f 2661/3202/2661 2651/3192/2651 2657/3198/2657 2660/3201/2660
f 2662/3203/2662 2663/3204/2663 2661/3202/2661 2660/3201/2660
f 2520/3014/2520 2648/3189/2648 2661/3202/2661 2663/3204/2663
f 2649/3190/2649 2651/3192/2651 2661/3202/2661 2648/3189/2648
f 2664/3205/2664 2665/3206/2665 2663/3204/2663 2662/3203/2662
f 2518/3012/2518 2520/3014/2520 2663/3204/2663 2665/3206/2665
f 2666/3207/2666 2667/3208/2667 2665/3206/2665 2664/3205/2664
f 2474/2962/2474 2518/3012/2518 2665/3206/2665 2667/3208/2667
f 2668/3209/2668 2669/3210/2669 2667/3208/2667 2666/3207/2666
f 2475/2963/2475 2474/2962/2474 2667/3208/2667 2669/3210/2669
f 2670/3211/2670 2671/3212/2671 2669/3210/2669 2668/3209/2668
f 2440/3213/2440 2475/2963/2475 2669/3210/2669 2671/3212/2671
f 2408/2878/2408 2409/2879/2409 2671/3214/2671 2670/3215/2670
f 2410/2880/2410 2440/2920/2440 2671/3214/2671 2409/2879/2409
f 2444/3216/2444 2408/3217/2408 2670/3218/2670 2672/3219/2672
f 2673/3220/2673 2672/3221/2672 2670/3211/2670 2668/3209/2668
f 2674/3222/2674 2672/3221/2672 2673/3220/2673 2675/3223/2675
f 2666/3207/2666 2676/3224/2676 2673/3220/2673 2668/3209/2668
f 2677/3225/2677 2675/3223/2675 2673/3220/2673 2676/3224/2676
f 2678/3226/2678 2675/3227/2675 2677/3228/2677 2679/3229/2679
f 2680/3230/2680 2681/3231/2681 2677/3228/2677 2676/3232/2676
f 2682/3233/2682 2679/3229/2679 2677/3228/2677 2681/3231/2681
f 2683/3234/2683 2679/3229/2679 2682/3233/2682 2684/3235/2684
f 2685/3236/2685 2686/3237/2686 2682/3233/2682 2681/3231/2681
f 2687/3238/2687 2684/3235/2684 2682/3233/2682 2686/3237/2686
f 2688/3239/2688 2689/3240/2689 2687/3238/2687 2690/3241/2690
f 2691/3242/2691 2684/3235/2684 2687/3238/2687 2689/3240/2689
f 2692/3243/2692 2690/3241/2690 2687/3238/2687 2686/3237/2686
f 2685/3236/2685 2693/3244/2693 2692/3243/2692 2686/3237/2686
f 2694/3245/2694 2695/3246/2695 2692/3243/2692 2693/3244/2693
f 2696/3247/2696 2690/3241/2690 2692/3243/2692 2695/3246/2695
f 2688/3239/2688 2690/3241/2690 2696/3247/2696 2697/3248/2697
f 2698/3249/2698 2699/3250/2699 2696/3247/2696 2695/3246/2695
f 2545/3046/2545 2697/3248/2697 2696/3247/2696 2699/3250/2699
f 2622/3148/2622 2549/3051/2549 2699/3250/2699 2698/3249/2698
f 2546/3047/2546 2545/3046/2545 2699/3250/2699 2549/3051/2549
f 2694/3245/2694 2700/3251/2700 2698/3249/2698 2695/3246/2695
f 2623/3252/2623 2622/3148/2622 2698/3249/2698 2700/3251/2700
f 2656/3197/2656 2658/3199/2658 2700/3253/2700 2694/3254/2694
f 2625/3154/2625 2623/3150/2623 2700/3253/2700 2658/3199/2658
f 31/38/31 2688/3239/2688 2697/3248/2697 32/39/32
f 2539/3045/2539 32/39/32 2697/3248/2697 2545/3046/2545
f 2659/3200/2659 2656/3197/2656 2694/3254/2694 2693/3255/2693
f 2701/3256/2701 2659/3200/2659 2693/3255/2693 2685/3257/2685
f 2681/3231/2681 2680/3230/2680 2701/3258/2701 2685/3236/2685
f 2664/3205/2664 2662/3203/2662 2701/3256/2701 2680/3259/2680
f 2660/3201/2660 2659/3200/2659 2701/3256/2701 2662/3203/2662
f 2537/3032/2537 2702/3260/2702 2691/3242/2691 2689/3240/2689
f 2703/3261/2703 2704/3262/2704 2691/3242/2691 2702/3260/2702
f 2683/3234/2683 2684/3235/2684 2691/3242/2691 2704/3262/2704
f 2705/3263/2705 2706/3264/2706 2704/3262/2704 2703/3261/2703
f 2707/3265/2707 2683/3234/2683 2704/3262/2704 2706/3264/2706
f 2462/2947/2462 2464/2949/2464 2707/3265/2707 2706/3264/2706
f 2466/2951/2466 2678/3226/2678 2707/3265/2707 2464/2949/2464
f 2679/3229/2679 2683/3234/2683 2707/3265/2707 2678/3226/2678
f 2708/3266/2708 2462/2947/2462 2706/3264/2706 2705/3263/2705
f 2709/3267/2709 2710/3268/2710 2708/3266/2708 2705/3263/2705
f 2461/2946/2461 2460/2945/2460 2708/3266/2708 2710/3268/2710
f 2459/2944/2459 2462/2947/2462 2708/3266/2708 2460/2945/2460
f 2508/3002/2508 2711/3269/2711 2710/3268/2710 2709/3267/2709
f 2712/3270/2712 2461/2946/2461 2710/3268/2710 2711/3269/2711
f 2713/3271/2713 2714/3272/2714 2712/3270/2712 2711/3269/2711
f 2715/3273/2715 2716/3274/2716 2712/3270/2712 2714/3272/2714
f 2458/2943/2458 2461/2946/2461 2712/3270/2712 2716/3274/2716
f 2717/3275/2717 2441/3276/2441 2716/3274/2716 2715/3273/2715
f 2442/2924/2442 2458/2943/2458 2716/3274/2716 2441/3276/2441
f 2417/2887/2417 2418/2888/2418 2717/3277/2717 2718/3278/2718
f 2426/2900/2426 2441/2921/2441 2717/3277/2717 2418/2888/2418
f 2436/2916/2436 2718/3278/2718 2717/3277/2717 2715/3279/2715
f 2372/2837/2372 2417/2887/2417 2718/3278/2718 2719/3280/2719
f 2433/2913/2433 2719/3280/2719 2718/3278/2718 2436/2916/2436
f 2364/2829/2364 2372/2837/2372 2719/3280/2719 2369/2834/2369
f 2432/2912/2432 2369/2834/2369 2719/3280/2719 2433/2913/2433
f 2437/2917/2437 2436/2916/2436 2715/3279/2715 2714/3281/2714
f 2438/2918/2438 2437/2917/2437 2714/3281/2714 2713/3282/2713
f 2508/3002/2508 2499/2992/2499 2713/3271/2713 2711/3269/2711
f 2476/3283/2476 2438/2918/2438 2713/3282/2713 2499/3284/2499
f 2506/3000/2506 2508/3002/2508 2709/3267/2709 2720/3285/2720
f 2703/3261/2703 2720/3285/2720 2709/3267/2709 2705/3263/2705
f 2721/3286/2721 2506/3000/2506 2720/3285/2720 2722/3287/2722
f 2702/3260/2702 2722/3287/2722 2720/3285/2720 2703/3261/2703
f 2530/3025/2530 2529/3024/2529 2721/3286/2721 2723/3288/2723
f 2507/3001/2507 2506/3000/2506 2721/3286/2721 2529/3024/2529
f 2538/3033/2538 2723/3288/2723 2721/3286/2721 2722/3287/2722
f 2535/3030/2535 2530/3025/2530 2723/3288/2723 2514/3008/2514
f 28/35/28 2514/3008/2514 2723/3288/2723 2538/3033/2538
f 2537/3032/2537 2538/3033/2538 2722/3287/2722 2702/3260/2702
f 31/38/31 2537/3032/2537 2689/3240/2689 2688/3239/2688
f 2666/3207/2666 2664/3205/2664 2680/3259/2680 2676/3224/2676
f 2674/3289/2674 2675/3227/2675 2678/3226/2678 2466/2951/2466
f 2467/2957/2467 2445/2928/2445 2674/3290/2674 2466/3291/2466
f 2444/2927/2444 2672/3292/2672 2674/3290/2674 2445/2928/2445
f 2634/3293/2634 2632/3164/2632 2653/3194/2653 2637/3187/2637
f 2521/3015/2521 2527/3021/2527 2648/3189/2648 2520/3014/2520
f 2571/3076/2571 2570/3075/2570 2606/3121/2606 2604/3119/2604
f 2574/3079/2574 2571/3076/2571 2604/3119/2604 2599/3110/2599
f 2724/3294/2724 2574/3079/2574 2599/3110/2599 26/33/26
f 2575/3080/2575 2574/3079/2574 2724/3294/2724 2596/3107/2596
f 19/26/19 22/29/22 2724/3294/2724 26/33/26
f 23/30/23 2596/3107/2596 2724/3294/2724 22/29/22
f 2580/3085/2580 2584/3089/2584 2587/3092/2587 2585/3090/2585
f 2556/3060/2556 2579/3084/2579 2586/3096/2586 2555/3057/2555
f 2581/3086/2581 2582/3087/2582 2584/3089/2584 2580/3085/2580
f 14/16/14 12/13/12 2579/3084/2579 2578/3083/2578
f 2559/3064/2559 2558/3062/2558 2576/3081/2576 2577/3082/2577
f 2562/3067/2562 2559/3064/2559 2577/3082/2577 2563/3068/2563
f 2511/3005/2511 2725/3295/2725 2535/3030/2535 2514/3008/2514
f 2726/3296/2726 2536/3031/2536 2535/3030/2535 2725/3295/2725
f 2498/2991/2498 2496/2989/2496 2726/3296/2726 2725/3295/2725
f 2495/2988/2495 2533/3028/2533 2726/3296/2726 2496/2989/2496
f 2534/3029/2534 2536/3031/2536 2726/3296/2726 2533/3028/2533
f 2510/3004/2510 2498/2991/2498 2725/3295/2725 2511/3005/2511
f 2509/3003/2509 2532/3027/2532 2533/3028/2533 2495/2988/2495
f 2509/3003/2509 2507/3001/2507 2529/3024/2529 2532/3027/2532
f 27/34/27 30/37/30 2528/3297/2528 2727/3298/2727
f 2728/3299/2728 2729/3300/2729 2528/3022/2528 2519/3013/2519
f 2730/3301/2730 2727/3298/2727 2528/3297/2528 2729/3302/2729
f 2731/3303/2731 2727/3298/2727 2730/3301/2730 2504/2998/2504
f 2732/3304/2732 2733/3305/2733 2730/3301/2730 2729/3302/2729
f 2505/2999/2505 2504/2998/2504 2730/3301/2730 2733/3305/2733
f 2487/2975/2487 2505/2999/2505 2733/3305/2733 2734/3306/2734
f 2735/3307/2735 2734/3306/2734 2733/3305/2733 2732/3304/2732
f 2736/3308/2736 2734/3306/2734 2735/3307/2735 2737/3309/2737
f 2738/3310/2738 2739/3311/2739 2735/3312/2735 2732/3313/2732
f 2740/3314/2740 2737/3315/2737 2735/3312/2735 2739/3311/2739
f 2290/2739/2290 2289/2738/2289 2740/3314/2740 2739/3311/2739
f 2741/3316/2741 2742/3317/2742 2740/3314/2740 2289/2738/2289
f 2743/3318/2743 2737/3315/2737 2740/3314/2740 2742/3317/2742
f 2744/3319/2744 2745/3320/2745 2743/3321/2743 2746/3322/2746
f 2736/3308/2736 2737/3309/2737 2743/3321/2743 2745/3320/2745
f 2747/3323/2747 2746/3324/2746 2743/3318/2743 2742/3317/2742
f 2748/3325/2748 2746/3324/2746 2747/3323/2747 2749/3326/2749
f 2741/3316/2741 2750/3327/2750 2747/3323/2747 2742/3317/2742
f 2751/3328/2751 2749/3326/2749 2747/3323/2747 2750/3327/2750
f 2298/3329/2298 2749/3326/2749 2751/3328/2751 2147/2564/2147
f 2281/2730/2281 2282/2731/2282 2751/3328/2751 2750/3327/2750
f 2148/2565/2148 2147/2564/2147 2751/3328/2751 2282/2731/2282
f 2280/2729/2280 2281/2730/2281 2750/3327/2750 2741/3316/2741
f 2292/2741/2292 2752/3330/2752 2748/3331/2748 2293/2742/2293
f 2744/3319/2744 2746/3322/2746 2748/3331/2748 2752/3330/2752
f 2298/3329/2298 2293/3332/2293 2748/3325/2748 2749/3326/2749
f 2753/3333/2753 2754/3334/2754 2752/3330/2752 2292/2741/2292
f 2755/3335/2755 2744/3319/2744 2752/3330/2752 2754/3334/2754
f 2756/3336/2756 2757/3337/2757 2755/3335/2755 2754/3334/2754
f 2484/2972/2484 2483/2971/2483 2755/3335/2755 2757/3337/2757
f 2745/3320/2745 2744/3319/2744 2755/3335/2755 2483/2971/2483
f 2758/3338/2758 2759/3339/2759 2757/3337/2757 2756/3336/2756
f 2486/2974/2486 2484/2972/2484 2757/3337/2757 2759/3339/2759
f 2760/3340/2760 2761/3341/2761 2759/3339/2759 2758/3338/2758
f 2762/3342/2762 2486/2974/2486 2759/3339/2759 2761/3341/2761
f 2482/2970/2482 2486/2974/2486 2762/3342/2762 2268/2714/2268
f 2763/3343/2763 2764/3344/2764 2762/3342/2762 2761/3341/2761
f 2269/2715/2269 2268/2714/2268 2762/3342/2762 2764/3344/2764
f 2275/3345/2275 2272/3346/2272 2764/3344/2764 2763/3343/2763
f 2257/2703/2257 2269/2720/2269 2764/3347/2764 2272/2721/2272
f 2760/3340/2760 2765/3348/2765 2763/3343/2763 2761/3341/2761
f 2766/3349/2766 2275/3345/2275 2763/3343/2763 2765/3348/2765
f 2274/2723/2274 2275/2724/2275 2766/3350/2766 2767/3351/2767
f 2768/3352/2768 2769/3353/2769 2766/3354/2766 2765/3355/2765
f 2770/3356/2770 2767/3357/2767 2766/3354/2766 2769/3353/2769
f 2771/3358/2771 2767/3351/2767 2770/3359/2770 2772/3360/2772
f 2351/2808/2351 2773/3361/2773 2770/3356/2770 2769/3353/2769
f 2774/3362/2774 2772/3360/2772 2770/3359/2770 2773/3363/2773
f 2775/3364/2775 2772/3360/2772 2774/3362/2774 2776/3365/2776
f 2777/3366/2777 2778/3367/2778 2774/3362/2774 2773/3363/2773
f 2779/3368/2779 2776/3365/2776 2774/3362/2774 2778/3367/2778
f 2780/3369/2780 2776/3365/2776 2779/3368/2779 2781/3370/2781
f 2782/3371/2782 2783/3372/2783 2779/3368/2779 2778/3367/2778
f 2784/3373/2784 2781/3370/2781 2779/3368/2779 2783/3372/2783
f 2785/3374/2785 2781/3370/2781 2784/3373/2784 2786/3375/2786
f 2787/3376/2787 2788/3377/2788 2784/3373/2784 2783/3372/2783
f 2789/3378/2789 2786/3379/2786 2784/3380/2784 2788/3381/2788
f 2790/3382/2790 2786/3379/2786 2789/3378/2789 2791/3383/2791
f 2792/3384/2792 2793/3385/2793 2789/3378/2789 2788/3381/2788
f 2794/3386/2794 2791/3383/2791 2789/3378/2789 2793/3385/2793
f 2250/3387/2250 2791/3383/2791 2794/3386/2794 2235/2674/2235
f 2795/3388/2795 2796/3389/2796 2794/3386/2794 2793/3385/2793
f 2234/2673/2234 2235/2674/2235 2794/3386/2794 2796/3389/2796
f 2797/3390/2797 2798/3391/2798 2796/3389/2796 2795/3388/2795
f 2232/2670/2232 2234/2673/2234 2796/3389/2796 2798/3391/2798
f 2799/3392/2799 2800/3393/2800 2798/3391/2798 2797/3390/2797
f 2801/3394/2801 2232/2670/2232 2798/3391/2798 2800/3393/2800
f 2233/2671/2233 2232/2670/2232 2801/3394/2801 2802/3395/2802
f 2803/3396/2803 2804/3397/2804 2801/3394/2801 2800/3393/2800
f 2805/3398/2805 2802/3395/2802 2801/3394/2801 2804/3397/2804
f 2806/3399/2806 2802/3395/2802 2805/3398/2805 2807/3400/2807
f 2808/3401/2808 2809/3402/2809 2805/3398/2805 2804/3397/2804
f 2208/2644/2208 2807/3400/2807 2805/3398/2805 2809/3402/2809
f 2810/3403/2810 2811/3404/2811 2809/3402/2809 2808/3401/2808
f 2209/2645/2209 2208/2644/2208 2809/3402/2809 2811/3404/2811
f 2812/3405/2812 2813/3406/2813 2811/3404/2811 2810/3403/2810
f 2814/3407/2814 2209/2645/2209 2811/3404/2811 2813/3406/2813
f 2815/3408/2815 2816/3409/2816 2813/3406/2813 2812/3405/2812
f 2817/3410/2817 2814/3407/2814 2813/3406/2813 2816/3409/2816
f 2818/3411/2818 2228/2666/2228 2816/3409/2816 2815/3408/2815
f 2224/2662/2224 2817/3410/2817 2816/3409/2816 2228/2666/2228
f 2819/3412/2819 2820/3413/2820 2818/3411/2818 2815/3408/2815
f 2821/3414/2821 2822/3415/2822 2818/3411/2818 2820/3413/2820
f 2227/2665/2227 2228/2666/2228 2818/3411/2818 2822/3415/2822
f 2823/3416/2823 2824/3417/2824 2822/3415/2822 2821/3414/2821
f 2225/2663/2225 2227/2665/2227 2822/3415/2822 2824/3417/2824
f 2825/3418/2825 2826/3419/2826 2824/3417/2824 2823/3416/2823
f 2222/2660/2222 2225/2663/2225 2824/3417/2824 2826/3419/2826
f 2827/3420/2827 2828/3421/2828 2826/3419/2826 2825/3418/2825
f 2219/2655/2219 2222/2660/2222 2826/3419/2826 2828/3421/2828
f 2829/3422/2829 2240/2681/2240 2828/3421/2828 2827/3420/2827
f 2218/2654/2218 2219/2655/2219 2828/3421/2828 2240/2681/2240
f 2830/3423/2830 2831/3424/2831 2829/3425/2829 2827/3426/2827
f 2832/3427/2832 2833/3428/2833 2829/3425/2829 2831/3424/2831
f 2241/2682/2241 2240/2681/2240 2829/3422/2829 2833/3429/2833
f 2834/3430/2834 2835/3431/2835 2833/3428/2833 2832/3427/2832
f 2242/2684/2242 2241/2685/2241 2833/3428/2833 2835/3431/2835
f 2836/3432/2836 2837/3433/2837 2835/3431/2835 2834/3430/2834
f 2252/2695/2252 2242/2684/2242 2835/3431/2835 2837/3433/2837
f 2838/3434/2838 2839/3435/2839 2837/3433/2837 2836/3432/2836
f 2249/2696/2249 2252/2695/2252 2837/3433/2837 2839/3435/2839
f 2253/2699/2253 2256/2702/2256 2839/3435/2839 2838/3434/2838
f 2840/3436/2840 2249/2696/2249 2839/3435/2839 2256/2702/2256
f 2263/2709/2263 2841/3437/2841 2838/3434/2838 2836/3432/2836
f 2842/3438/2842 2253/2699/2253 2838/3434/2838 2841/3437/2841
f 2843/3439/2843 2775/3364/2775 2842/3438/2842 2841/3437/2841
f 2776/3365/2776 2780/3369/2780 2842/3438/2842 2775/3364/2775
f 2254/2700/2254 2253/2699/2253 2842/3438/2842 2780/3369/2780
f 2263/2709/2263 2262/2708/2262 2843/3439/2843 2841/3437/2841
f 2261/2707/2261 2771/3358/2771 2843/3439/2843 2262/2708/2262
f 2772/3360/2772 2775/3364/2775 2843/3439/2843 2771/3358/2771
f 2264/2710/2264 2263/2709/2263 2836/3432/2836 2834/3430/2834
f 2265/2711/2265 2264/2710/2264 2834/3430/2834 2832/3427/2832
f 2324/2778/2324 2265/2711/2265 2832/3427/2832 2831/3424/2831
f 2325/2779/2325 2324/2778/2324 2831/3424/2831 2830/3423/2830
f 2825/3418/2825 2493/2983/2493 2830/3440/2830 2827/3420/2827
f 2330/2784/2330 2325/2779/2325 2830/3423/2830 2493/3441/2493
f 2490/2978/2490 2493/2983/2493 2825/3418/2825 2823/3416/2823
f 2488/2976/2488 2490/2978/2490 2823/3416/2823 2821/3414/2821
f 2844/3442/2844 2488/2976/2488 2821/3414/2821 2820/3413/2820
f 2819/3412/2819 2845/3443/2845 2844/3442/2844 2820/3413/2820
f 2335/2789/2335 2336/2790/2336 2844/3442/2844 2845/3443/2845
f 2337/2791/2337 2488/2976/2488 2844/3442/2844 2336/2790/2336
f 2846/3444/2846 2847/3445/2847 2845/3443/2845 2819/3412/2819
f 2848/3446/2848 2335/2789/2335 2845/3443/2845 2847/3445/2847
f 2849/3447/2849 2850/3448/2850 2848/3446/2848 2847/3445/2847
f 2392/2862/2392 2851/3449/2851 2848/3446/2848 2850/3448/2850
f 2334/2788/2334 2335/2789/2335 2848/3446/2848 2851/3449/2851
f 2393/2863/2393 2852/3450/2852 2851/3449/2851 2392/2862/2392
f 2331/2785/2331 2334/2788/2334 2851/3449/2851 2852/3450/2852
f 2853/3451/2853 2331/2785/2331 2852/3450/2852 2854/3452/2854
f 2394/2864/2394 2854/3452/2854 2852/3450/2852 2393/2863/2393
f 2387/2906/2387 2386/3453/2386 2853/3451/2853 2428/2907/2428
f 2332/2786/2332 2331/2785/2331 2853/3451/2853 2386/3453/2386
f 2855/3454/2855 2428/2907/2428 2853/3451/2853 2854/3452/2854
f 2427/2904/2427 2428/2907/2428 2855/3454/2855 2449/3455/2449
f 2394/2864/2394 2453/2937/2453 2855/3454/2855 2854/3452/2854
f 2446/2936/2446 2449/3455/2449 2855/3454/2855 2453/2937/2453
f 2856/3456/2856 2857/3457/2857 2850/3448/2850 2849/3447/2849
f 2391/2861/2391 2392/2862/2392 2850/3448/2850 2857/3457/2857
f 2858/3458/2858 2859/3459/2859 2857/3457/2857 2856/3456/2856
f 2388/2858/2388 2391/2861/2391 2857/3457/2857 2859/3459/2859
f 2799/3392/2799 2860/3460/2860 2859/3459/2859 2858/3458/2858
f 2861/3461/2861 2388/2858/2388 2859/3459/2859 2860/3460/2860
f 2862/3462/2862 2863/3463/2863 2861/3461/2861 2860/3460/2860
f 2452/2935/2452 2451/2934/2451 2861/3461/2861 2863/3463/2863
f 2389/2859/2389 2388/2858/2388 2861/3461/2861 2451/2934/2451
f 2864/3464/2864 2865/3465/2865 2863/3463/2863 2862/3462/2862
f 2456/2940/2456 2452/2935/2452 2863/3463/2863 2865/3465/2865
f 2792/3384/2792 2866/3466/2866 2865/3465/2865 2864/3464/2864
f 2867/3467/2867 2456/2940/2456 2865/3465/2865 2866/3466/2866
f 2787/3376/2787 2868/3468/2868 2867/3469/2867 2866/3470/2866
f 2424/2896/2424 2869/3471/2869 2867/3467/2867 2868/3472/2868
f 2455/2941/2455 2456/2940/2456 2867/3467/2867 2869/3471/2869
f 2421/2899/2421 2870/3473/2870 2869/3471/2869 2424/2896/2424
f 2454/3474/2454 2455/2941/2455 2869/3471/2869 2870/3473/2870
f 2423/2895/2423 2465/2955/2465 2870/3475/2870 2421/2893/2421
f 2457/2942/2457 2454/2938/2454 2870/3476/2870 2465/2950/2465
f 2783/3372/2783 2782/3371/2782 2868/3468/2868 2787/3376/2787
f 2425/2897/2425 2424/2896/2424 2868/3472/2868 2782/3477/2782
f 2788/3381/2788 2787/3478/2787 2866/3466/2866 2792/3384/2792
f 2793/3385/2793 2792/3384/2792 2864/3464/2864 2795/3388/2795
f 2797/3390/2797 2795/3388/2795 2864/3464/2864 2862/3462/2862
f 2799/3392/2799 2797/3390/2797 2862/3462/2862 2860/3460/2860
f 2800/3393/2800 2799/3392/2799 2858/3458/2858 2803/3396/2803
f 2871/3479/2871 2803/3396/2803 2858/3458/2858 2856/3456/2856
f 2804/3397/2804 2803/3396/2803 2871/3479/2871 2808/3401/2808
f 2849/3447/2849 2872/3480/2872 2871/3479/2871 2856/3456/2856
f 2810/3403/2810 2808/3401/2808 2871/3479/2871 2872/3480/2872
f 2847/3445/2847 2846/3444/2846 2872/3480/2872 2849/3447/2849
f 2812/3405/2812 2810/3403/2810 2872/3480/2872 2846/3444/2846
f 2815/3408/2815 2812/3405/2812 2846/3444/2846 2819/3412/2819
f 2200/3481/2200 2205/3482/2205 2806/3483/2806 2182/2615/2182
f 2233/2671/2233 2802/3395/2802 2806/3399/2806 2205/3484/2205
f 2183/2616/2183 2182/2615/2182 2806/3483/2806 2807/3485/2807
f 2189/2622/2189 2183/2616/2183 2807/3485/2807 2208/3486/2208
f 2873/3487/2873 2790/3382/2790 2791/3383/2791 2250/3387/2250
f 2777/3488/2777 2425/2897/2425 2782/3477/2782 2778/3489/2778
f 2785/3374/2785 2254/2700/2254 2780/3369/2780 2781/3370/2781
f 2351/2808/2351 2352/2811/2352 2777/3488/2777 2773/3361/2773
f 2422/2898/2422 2425/2897/2425 2777/3488/2777 2352/2811/2352
f 2274/2723/2274 2767/3351/2767 2771/3358/2771 2261/2707/2261
f 2350/2809/2350 2351/2808/2351 2769/3353/2769 2768/3352/2768
f 2760/3340/2760 2874/3490/2874 2768/3491/2768 2765/3348/2765
f 2347/2804/2347 2350/2807/2350 2768/3491/2768 2874/3490/2874
f 2758/3338/2758 2875/3492/2875 2874/3490/2874 2760/3340/2760
f 2357/2818/2357 2347/2804/2347 2874/3490/2874 2875/3492/2875
f 2756/3336/2756 2876/3493/2876 2875/3492/2875 2758/3338/2758
f 2384/2851/2384 2357/2818/2357 2875/3492/2875 2876/3493/2876
f 2754/3334/2754 2753/3333/2753 2876/3493/2876 2756/3336/2756
f 2306/2759/2306 2384/2851/2384 2876/3493/2876 2753/3333/2753
f 2295/2744/2295 2306/2759/2306 2753/3333/2753 2292/2741/2292
f 2485/2973/2485 2736/3308/2736 2745/3320/2745 2483/2971/2483
f 2283/2732/2283 2280/2729/2280 2741/3316/2741 2289/2738/2289
f 2291/2740/2291 2290/2739/2290 2739/3311/2739 2738/3310/2738
f 2729/3300/2729 2728/3299/2728 2738/3310/2738 2732/3313/2732
f 2877/3494/2877 2291/2740/2291 2738/3310/2738 2728/3299/2728
f 2519/3013/2519 2470/2958/2470 2877/3494/2877 2728/3299/2728
f 2473/2961/2473 2287/2736/2287 2877/3494/2877 2470/2958/2470
f 2286/2735/2286 2291/2740/2291 2877/3494/2877 2287/2736/2287
f 2487/2975/2487 2734/3306/2734 2736/3308/2736 2485/2973/2485
f 2500/2994/2500 2501/2995/2501 2731/3303/2731 2504/2998/2504
f 2502/2996/2502 2522/3016/2522 2731/3303/2731 2501/2995/2501
f 27/34/27 2727/3298/2727 2731/3303/2731 2522/3016/2522
f 2878/3495/2878 2513/3007/2513 2515/3009/2515 2338/3496/2338
f 2337/2982/2337 2338/3496/2338 2515/3009/2515 2491/2979/2491
f 2314/2768/2314 2879/3497/2879 2878/3495/2878 2313/2767/2313
f 2510/3004/2510 2513/3007/2513 2878/3495/2878 2879/3497/2879
f 2333/2796/2333 2313/2767/2313 2878/3495/2878 2338/3496/2338
f 2320/2774/2320 2497/2990/2497 2879/3497/2879 2314/2768/2314
f 2498/2991/2498 2510/3004/2510 2879/3497/2879 2497/2990/2497
f 2322/2776/2322 2321/2775/2321 2509/3003/2509 2495/2988/2495
f 2319/2773/2319 2880/3498/2880 2494/2987/2494 2320/2774/2320
f 2881/3499/2881 2162/2586/2162 2494/2987/2494 2880/3498/2880
f 2882/3500/2882 2883/3501/2883 2881/3499/2881 2880/3498/2880
f 2884/3502/2884 2885/3503/2885 2881/3504/2881 2883/3505/2883
f 2163/3506/2163 2162/3507/2162 2881/3504/2881 2885/3503/2885
f 2886/3508/2886 2887/3509/2887 2885/3503/2885 2884/3502/2884
f 2888/3510/2888 2163/3506/2163 2885/3503/2885 2887/3509/2887
f 2160/2584/2160 2163/3511/2163 2888/3512/2888 2889/3513/2889
f 2890/3514/2890 2891/3515/2891 2888/3510/2888 2887/3509/2887
f 2892/3516/2892 2889/3513/2889 2888/3512/2888 2891/3517/2891
f 2893/3518/2893 2889/3513/2889 2892/3516/2892 2346/2803/2346
f 2356/3519/2356 2355/2814/2355 2892/3516/2892 2891/3517/2891
f 2345/2801/2345 2346/2803/2346 2892/3516/2892 2355/2814/2355
f 2288/2737/2288 2161/2585/2161 2893/3518/2893 2894/3520/2894
f 2160/2584/2160 2889/3513/2889 2893/3518/2893 2161/2585/2161
f 2341/2797/2341 2894/3520/2894 2893/3518/2893 2346/2803/2346
f 2276/2725/2276 2288/2737/2288 2894/3520/2894 2895/3521/2895
f 2344/2800/2344 2895/3521/2895 2894/3520/2894 2341/2797/2341
f 2277/2726/2277 2276/2725/2276 2895/3521/2895 2149/2568/2149
f 2150/2569/2150 2149/2568/2149 2895/3521/2895 2344/2800/2344
f 2406/2876/2406 2356/2816/2356 2891/3515/2891 2890/3514/2890
f 2886/3508/2886 2896/3522/2896 2890/3514/2890 2887/3509/2887
f 2897/3523/2897 2406/2876/2406 2890/3514/2890 2896/3522/2896
f 2898/3524/2898 2899/3525/2899 2897/3523/2897 2896/3522/2896
f 2432/2912/2432 2435/2915/2435 2897/3523/2897 2899/3525/2899
f 2407/2877/2407 2406/2876/2406 2897/3523/2897 2435/2915/2435
f 2367/2832/2367 2368/2833/2368 2899/3525/2899 2898/3524/2898
f 2369/2834/2369 2432/2912/2432 2899/3525/2899 2368/2833/2368
f 2886/3508/2886 2900/3526/2900 2898/3524/2898 2896/3522/2896
f 2901/3527/2901 2367/2832/2367 2898/3524/2898 2900/3526/2900
f 2902/3528/2902 2903/3529/2903 2901/3527/2901 2900/3526/2900
f 2381/2846/2381 2370/2835/2370 2901/3527/2901 2903/3529/2903
f 2366/2831/2366 2367/2832/2367 2901/3527/2901 2370/2835/2370
f 2904/3530/2904 2905/3531/2905 2903/3529/2903 2902/3528/2902
f 2380/2847/2380 2381/2846/2381 2903/3529/2903 2905/3531/2905
f 2906/3532/2906 2907/3533/2907 2905/3534/2905 2904/3535/2904
f 2379/3536/2379 2380/3537/2380 2905/3534/2905 2907/3533/2907
f 2908/3538/2908 2909/3539/2909 2907/3533/2907 2906/3532/2906
f 2304/3540/2304 2379/3536/2379 2907/3533/2907 2909/3539/2909
f 2315/2769/2315 2910/3541/2910 2909/3539/2909 2908/3538/2908
f 2305/3542/2305 2304/3540/2304 2909/3539/2909 2910/3541/2910
f 2316/2770/2316 2911/3543/2911 2910/3541/2910 2315/2769/2315
f 2308/3544/2308 2305/3542/2305 2910/3541/2910 2911/3543/2911
f 2317/2771/2317 2340/2795/2340 2911/3543/2911 2316/2770/2316
f 2385/3545/2385 2308/3544/2308 2911/3543/2911 2340/2795/2340
f 2310/2764/2310 2315/2769/2315 2908/3538/2908 2318/2772/2318
f 2882/3500/2882 2318/2772/2318 2908/3538/2908 2906/3532/2906
f 2883/3501/2883 2882/3500/2882 2906/3532/2906 2904/3535/2904
f 2884/3502/2884 2883/3505/2883 2904/3530/2904 2902/3528/2902
f 2886/3508/2886 2884/3502/2884 2902/3528/2902 2900/3526/2900
f 2319/2773/2319 2318/2772/2318 2882/3500/2882 2880/3498/2880
f 2329/2985/2329 2480/2968/2480 2481/2969/2481 2328/3546/2328
f 2268/2714/2268 2271/2717/2271 2481/2969/2481 2482/2970/2482
f 2267/2713/2267 2328/2782/2328 2481/3547/2481 2271/2718/2271
f 2439/2919/2439 2438/2918/2438 2476/3283/2476 2472/3548/2472
f 2440/2920/2440 2439/2919/2439 2472/3548/2472 2475/3549/2475
f 2158/2582/2158 2287/2736/2287 2473/2961/2473 2159/2583/2159
f 2362/2825/2362 2912/3550/2912 2468/2953/2468 2423/2895/2423
f 2913/3551/2913 2469/2956/2469 2468/2953/2468 2912/3550/2912
f 2914/3552/2914 2915/3553/2915 2913/3551/2913 2912/3550/2912
f 2416/2886/2416 2413/2883/2413 2913/3551/2913 2915/3553/2915
f 2916/3554/2916 2917/3555/2917 2915/3553/2915 2914/3552/2914
f 2918/3556/2918 2416/2886/2416 2915/3553/2915 2917/3555/2917
f 2919/3557/2919 2920/3558/2920 2918/3556/2918 2917/3555/2917
f 2921/3559/2921 2922/3560/2922 2918/3556/2918 2920/3558/2920
f 2415/2885/2415 2416/2886/2416 2918/3556/2918 2922/3560/2922
f 2923/3561/2923 2924/3562/2924 2922/3560/2922 2921/3559/2921
f 2925/3563/2925 2415/2885/2415 2922/3560/2922 2924/3562/2924
f 2926/3564/2926 2927/3565/2927 2925/3563/2925 2924/3562/2924
f 2928/3566/2928 2929/3567/2929 2925/3563/2925 2927/3565/2927
f 2414/2884/2414 2415/2885/2415 2925/3563/2925 2929/3567/2929
f 2930/3568/2930 2931/3569/2931 2929/3567/2929 2928/3566/2928
f 2411/2881/2411 2414/2884/2414 2929/3567/2929 2931/3569/2931
f 2932/3570/2932 2933/3571/2933 2931/3569/2931 2930/3568/2930
f 2934/3572/2934 2411/2881/2411 2931/3569/2931 2933/3571/2933
f 2412/2882/2412 2411/2881/2411 2934/3572/2934 2429/2909/2429
f 2935/3573/2935 2936/3574/2936 2934/3575/2934 2933/3576/2933
f 2937/3577/2937 2938/3578/2938 2939/3579/2939 2940/3580/2940
f 2941/3581/2941 2942/3582/2942 2939/3579/2939 2938/3578/2938
f 2943/3583/2943 2944/3584/2944 2942/3582/2942 2941/3581/2941
f 2151/2570/2151 2152/2573/2152 2942/3582/2942 2944/3584/2944
f 2945/3585/2945 2946/3586/2946 2944/3584/2944 2943/3583/2943
f 2947/3587/2947 2151/2570/2151 2944/3584/2944 2946/3586/2946
f 2948/3588/2948 2949/3589/2949 2947/3590/2947 2946/3591/2946
f 2378/2843/2378 2377/2842/2377 2947/3592/2947 2949/3593/2949
f 2146/2571/2146 2151/2570/2151 2947/3587/2947 2377/3594/2377
f 2950/3595/2950 2951/3596/2951 2949/3589/2949 2948/3588/2948
f 2419/2889/2419 2378/2892/2378 2949/3589/2949 2951/3596/2951
f 2952/3597/2952 2953/3598/2953 2951/3596/2951 2950/3595/2950
f 2954/3599/2954 2419/2889/2419 2951/3596/2951 2953/3598/2953
f 2955/3600/2955 2956/3601/2956 2954/3599/2954 2953/3598/2953
f 2957/3602/2957 2958/3603/2958 2954/3599/2954 2956/3601/2956
f 2420/2890/2420 2419/2889/2419 2954/3599/2954 2958/3603/2958
f 2959/3604/2959 2395/2865/2395 2958/3603/2958 2957/3602/2957
f 2398/2868/2398 2420/2890/2420 2958/3603/2958 2395/2865/2395
f 2960/3605/2960 2961/3606/2961 2959/3604/2959 2957/3602/2957
f 2962/3607/2962 2963/3608/2963 2959/3604/2959 2961/3606/2961
f 2396/2866/2396 2395/2865/2395 2959/3604/2959 2963/3608/2963
f 2964/3609/2964 2965/3610/2965 2963/3608/2963 2962/3607/2962
f 2399/2869/2399 2396/2866/2396 2963/3608/2963 2965/3610/2965
f 2966/3611/2966 2967/3612/2967 2965/3610/2965 2964/3609/2964
f 2968/3613/2968 2399/2869/2399 2965/3610/2965 2967/3612/2967
f 2400/2870/2400 2399/2869/2399 2968/3613/2968 2969/3614/2969
f 2970/3615/2970 2971/3616/2971 2968/3613/2968 2967/3612/2967
f 2972/3617/2972 2969/3614/2969 2968/3613/2968 2971/3616/2971
f 2973/3618/2973 2969/3614/2969 2972/3617/2972 2974/3619/2974
f 2048/2445/2048 2047/2444/2047 2972/3617/2972 2971/3616/2971
f 2975/3620/2975 2974/3619/2974 2972/3617/2972 2047/2444/2047
f 2127/2538/2127 2974/3619/2974 2975/3620/2975 2126/2535/2126
f 2050/2447/2050 1986/2449/1986 2975/3620/2975 2047/2444/2047
f 1985/3621/1985 2126/2535/2126 2975/3620/2975 1986/2449/1986
f 2360/2821/2360 2401/2871/2401 2973/3618/2973 2976/3622/2976
f 2400/2870/2400 2969/3614/2969 2973/3618/2973 2401/2871/2401
f 2127/2538/2127 2976/3622/2976 2973/3618/2973 2974/3619/2974
f 2348/2822/2348 2360/2821/2360 2976/3622/2976 2353/3623/2353
f 2064/2537/2064 2353/3623/2353 2976/3622/2976 2127/2538/2127
f 2977/3624/2977 2048/2445/2048 2971/3616/2971 2970/3615/2970
f 2051/2448/2051 2048/2445/2048 2977/3624/2977 2978/3625/2978
f 2979/3626/2979 2980/3627/2980 2977/3624/2977 2970/3615/2970
f 2981/3628/2981 2978/3625/2978 2977/3624/2977 2980/3627/2980
f 2982/3629/2982 2978/3625/2978 2981/3628/2981 2983/3630/2983
f 2984/3631/2984 2985/3632/2985 2981/3628/2981 2980/3627/2980
f 2986/3633/2986 2983/3630/2983 2981/3628/2981 2985/3632/2985
f 2987/3634/2987 2983/3630/2983 2986/3633/2986 2988/3635/2988
f 2989/3636/2989 2990/3637/2990 2986/3633/2986 2985/3632/2985
f 2991/3638/2991 2988/3635/2988 2986/3633/2986 2990/3637/2990
f 2992/3639/2992 2993/3640/2993 2991/3638/2991 2990/3637/2990
f 2994/3641/2994 2995/3642/2995 2991/3638/2991 2993/3640/2993
f 2996/3643/2996 2988/3635/2988 2991/3638/2991 2995/3642/2995
f 2997/3644/2997 2998/3645/2998 2996/3643/2996 2995/3642/2995
f 2999/3646/2999 3000/3647/3000 2996/3643/2996 2998/3645/2998
f 2987/3634/2987 2988/3635/2988 2996/3643/2996 3000/3647/3000
f 3001/3648/3001 3002/3649/3002 3000/3647/3000 2999/3646/2999
f 3003/3650/3003 2987/3634/2987 3000/3647/3000 3002/3649/3002
f 2983/3630/2983 2987/3634/2987 3003/3650/3003 2982/3629/2982
f 1611/1947/1611 1600/1933/1600 3003/3650/3003 3002/3649/3002
f 1599/1932/1599 2982/3629/2982 3003/3650/3003 1600/1933/1600
f 3004/3651/3004 1611/1947/1611 3002/3649/3002 3001/3648/3001
f 3005/3652/3005 3006/3653/3006 3004/3654/3004 3001/3655/3001
f 3007/3656/3007 3008/3657/3008 3004/3654/3004 3006/3653/3006
f 1610/1948/1610 1611/1947/1611 3004/3651/3004 3008/3658/3008
f 3009/3659/3009 3010/3660/3010 3008/3657/3008 3007/3656/3007
f 1609/3661/1609 1610/1948/1610 3008/3658/3008 3010/3662/3010
f 3011/3663/3011 3012/3664/3012 3010/3665/3010 3009/3666/3009
f 3013/3667/3013 1609/3668/1609 3010/3665/3010 3012/3664/3012
f 1596/1929/1596 1609/1945/1609 3013/3669/3013 3014/3670/3014
f 1583/1911/1583 1585/1913/1585 3013/3667/3013 3012/3664/3012
f 3015/3671/3015 3014/3672/3014 3013/3667/3013 1585/1913/1585
f 1564/1889/1564 3014/3670/3014 3015/3673/3015 3016/3674/3016
f 1584/3675/1584 3017/3676/3017 3015/3673/3015 1585/3677/1585
f 3018/3678/3018 3016/3674/3016 3015/3673/3015 3017/3676/3017
f 3019/3679/3019 3016/3674/3016 3018/3678/3018 3020/3680/3020
f 1545/3681/1545 1544/3682/1544 3018/3678/3018 3017/3676/3017
f 3021/3683/3021 3020/3680/3020 3018/3678/3018 1544/3682/1544
f 1542/1867/1542 3022/3684/3022 3021/3685/3021 1544/1869/1544
f 3023/3686/3023 3024/3687/3024 3021/3683/3021 3022/3688/3022
f 3025/3689/3025 3020/3680/3020 3021/3683/3021 3024/3687/3024
f 3026/3690/3026 3027/3691/3027 3025/3689/3025 3028/3692/3028
f 3019/3679/3019 3020/3680/3020 3025/3689/3025 3027/3691/3027
f 3029/3693/3029 3028/3692/3028 3025/3689/3025 3024/3687/3024
f 3023/3686/3023 3030/3694/3030 3029/3693/3029 3024/3687/3024
f 3031/3695/3031 1511/1824/1511 3029/3693/3029 3030/3694/3030
f 1514/1827/1514 3028/3692/3028 3029/3693/3029 1511/1824/1511
f 3032/3696/3032 3033/3697/3033 3031/3695/3031 3030/3694/3030
f 1478/1785/1478 1482/1789/1482 3031/3695/3031 3033/3697/3033
f 1512/1825/1512 1511/1824/1511 3031/3695/3031 1482/1789/1482
f 3034/3698/3034 1452/1755/1452 3033/3697/3033 3032/3696/3032
f 1451/1754/1451 1478/1785/1478 3033/3697/3033 1452/1755/1452
f 3035/3699/3035 3036/3700/3036 3034/3698/3034 3032/3696/3032
f 3037/3701/3037 3038/3702/3038 3034/3698/3034 3036/3700/3036
f 1449/1752/1449 1452/1755/1452 3034/3698/3034 3038/3702/3038
f 1429/3703/1429 3039/3704/3039 3038/3702/3038 3037/3701/3037
f 1446/1749/1446 1449/1752/1449 3038/3702/3038 3039/3704/3039
f 1425/3705/1425 1424/3706/1424 3039/3704/3039 1429/3703/1429
f 3040/3707/3040 1446/1749/1446 3039/3704/3039 1424/3706/1424
f 1427/1719/1427 1430/1718/1430 3040/3707/3040 1424/3706/1424
f 1464/1769/1464 1465/1770/1465 3040/3707/3040 1430/1718/1430
f 1447/1750/1447 1446/1749/1446 3040/3707/3040 1465/1770/1465
f 1428/1716/1428 1429/1717/1429 3037/3708/3037 3041/3709/3041
f 3042/3710/3042 3041/3709/3041 3037/3708/3037 3036/3711/3036
f 1519/1832/1519 3041/3709/3041 3042/3710/3042 1520/1833/1520
f 3035/3712/3035 3043/3713/3043 3042/3710/3042 3036/3711/3036
f 1521/1834/1521 1520/1833/1520 3042/3710/3042 3043/3713/3043
f 3023/3714/3023 3022/3684/3022 3043/3713/3043 3035/3712/3035
f 1542/1867/1542 1521/1834/1521 3043/3713/3043 3022/3684/3022
f 1505/1816/1505 1428/1716/1428 3041/3709/3041 1519/1832/1519
f 3030/3694/3030 3023/3686/3023 3035/3699/3035 3032/3696/3032
f 1556/1881/1556 1557/1882/1557 3027/3691/3027 3026/3690/3026
f 1514/1827/1514 1517/1830/1517 3026/3690/3026 3028/3692/3028
f 1549/1874/1549 1556/1881/1556 3026/3690/3026 1517/1830/1517
f 1557/1882/1557 1558/1883/1558 3019/3679/3019 3027/3691/3027
f 1564/1889/1564 3016/3674/3016 3019/3679/3019 1558/1883/1558
f 1572/3715/1572 1545/3681/1545 3017/3676/3017 1584/3675/1584
f 1565/1890/1565 1596/1929/1596 3014/3670/3014 1564/1889/1564
f 1991/2383/1991 1583/1911/1583 3012/3664/3012 3011/3663/3011
f 3044/3716/3044 2945/3717/2945 3011/3718/3011 3009/3659/3009
f 2943/3583/2943 1991/2383/1991 3011/3663/3011 2945/3585/2945
f 3007/3656/3007 3045/3719/3045 3044/3716/3044 3009/3659/3009
f 2950/3595/2950 2948/3588/2948 3044/3716/3044 3045/3719/3045
f 2946/3591/2946 2945/3717/2945 3044/3716/3044 2948/3588/2948
f 3006/3653/3006 3046/3720/3046 3045/3719/3045 3007/3656/3007
f 2952/3597/2952 2950/3595/2950 3045/3719/3045 3046/3720/3046
f 3005/3652/3005 3047/3721/3047 3046/3720/3046 3006/3653/3006
f 3048/3722/3048 2952/3597/2952 3046/3720/3046 3047/3721/3047
f 3049/3723/3049 3050/3724/3050 3048/3722/3048 3047/3721/3047
f 3051/3725/3051 2955/3600/2955 3048/3722/3048 3050/3724/3050
f 2953/3598/2953 2952/3597/2952 3048/3722/3048 2955/3600/2955
f 3052/3726/3052 3053/3727/3053 3051/3725/3051 3050/3724/3050
f 3054/3728/3054 3055/3729/3055 3051/3725/3051 3053/3727/3053
f 2956/3601/2956 2955/3600/2955 3051/3725/3051 3055/3729/3055
f 3056/3730/3056 2960/3605/2960 3055/3729/3055 3054/3728/3054
f 2957/3602/2957 2956/3601/2956 3055/3729/3055 2960/3605/2960
f 3057/3731/3057 3058/3732/3058 3056/3730/3056 3054/3728/3054
f 3059/3733/3059 3060/3734/3060 3056/3730/3056 3058/3732/3058
f 2961/3606/2961 2960/3605/2960 3056/3730/3056 3060/3734/3060
f 3061/3735/3061 3062/3736/3062 3060/3734/3060 3059/3733/3059
f 2962/3607/2962 2961/3606/2961 3060/3734/3060 3062/3736/3062
f 3063/3737/3063 3064/3738/3064 3062/3736/3062 3061/3735/3061
f 2964/3609/2964 2962/3607/2962 3062/3736/3062 3064/3738/3064
f 3065/3739/3065 3066/3740/3066 3064/3738/3064 3063/3737/3063
f 2966/3611/2966 2964/3609/2964 3064/3738/3064 3066/3740/3066
f 3067/3741/3067 3068/3742/3068 3066/3740/3066 3065/3739/3065
f 2979/3626/2979 2966/3611/2966 3066/3740/3066 3068/3742/3068
f 3069/3743/3069 2984/3631/2984 3068/3742/3068 3067/3741/3067
f 2980/3627/2980 2979/3626/2979 3068/3742/3068 2984/3631/2984
f 2985/3632/2985 2984/3631/2984 3069/3743/3069 2989/3636/2989
f 2095/2500/2095 2094/2499/2094 3069/3743/3069 3067/3741/3067
f 3070/3744/3070 2989/3636/2989 3069/3743/3069 2094/2499/2094
f 2990/3637/2990 2989/3636/2989 3070/3744/3070 2992/3639/2992
f 2091/2496/2091 3071/3745/3071 3070/3744/3070 2094/2499/2094
f 3072/3746/3072 2992/3639/2992 3070/3744/3070 3071/3745/3071
f 3073/3747/3073 3074/3748/3074 3072/3746/3072 3071/3745/3071
f 3075/3749/3075 3076/3750/3076 3072/3746/3072 3074/3748/3074
f 2993/3640/2993 2992/3639/2992 3072/3746/3072 3076/3750/3076
f 3077/3751/3077 3078/3752/3078 3076/3750/3076 3075/3749/3075
f 2994/3641/2994 2993/3640/2993 3076/3750/3076 3078/3752/3078
f 2068/3753/2068 2067/3754/2067 3078/3752/3078 3077/3751/3077
f 2070/3755/2070 2994/3641/2994 3078/3752/3078 2067/3754/2067
f 1871/2243/1871 1876/2249/1876 3077/3751/3077 3075/3749/3075
f 1877/2250/1877 2068/3753/2068 3077/3751/3077 1876/2249/1876
f 1870/2240/1870 1871/2243/1871 3075/3749/3075 3074/3748/3074
f 3079/3756/3079 1870/2240/1870 3074/3748/3074 3073/3747/3073
f 1869/2241/1869 1870/2240/1870 3079/3756/3079 1953/3757/1953
f 2090/2495/2090 3080/3758/3080 3079/3756/3079 3073/3747/3073
f 1954/3759/1954 1953/3757/1953 3079/3756/3079 3080/3758/3080
f 2093/2498/2093 3081/3760/3081 3080/3758/3080 2090/2495/2090
f 2084/3761/2084 1954/3759/1954 3080/3758/3080 3081/3760/3081
f 2125/2534/2125 3082/3762/3082 3081/3760/3081 2093/2498/2093
f 2085/3763/2085 2084/3761/2084 3081/3760/3081 3082/3762/3082
f 2124/2533/2124 3083/3764/3083 3082/3762/3082 2125/2534/2125
f 2088/3765/2088 2085/3763/2085 3082/3762/3082 3083/3764/3083
f 3084/3766/3084 3085/3767/3085 3083/3764/3083 2124/2533/2124
f 3086/3768/3086 2088/3765/2088 3083/3764/3083 3085/3767/3085
f 2026/2423/2026 3087/3769/3087 3086/3770/3086 2027/2424/2027
f 2089/2494/2089 2088/2493/2088 3086/3770/3086 3087/3769/3087
f 3088/3771/3088 2027/3772/2027 3086/3768/3086 3085/3767/3085
f 2006/3773/2006 2027/3772/2027 3088/3771/3088 3089/3774/3089
f 3084/3766/3084 3090/3775/3090 3088/3771/3088 3085/3767/3085
f 3091/3776/3091 3089/3774/3089 3088/3771/3088 3090/3775/3090
f 3092/3777/3092 3089/3774/3089 3091/3776/3091 3093/3778/3093
f 3094/3779/3094 3095/3780/3095 3091/3776/3091 3090/3775/3090
f 3096/3781/3096 3093/3778/3093 3091/3776/3091 3095/3780/3095
f 3097/3782/3097 3093/3778/3093 3096/3781/3096 3098/3783/3098
f 3099/3784/3099 3100/3785/3100 3096/3781/3096 3095/3780/3095
f 3101/3786/3101 3098/3783/3098 3096/3781/3096 3100/3785/3100
f 2072/2477/2072 3098/3783/3098 3101/3786/3101 3102/3787/3102
f 3058/3732/3058 3057/3731/3057 3101/3786/3101 3100/3785/3100
f 3103/3788/3103 3102/3787/3102 3101/3786/3101 3057/3731/3057
f 2079/2484/2079 3102/3787/3102 3103/3788/3103 2083/2488/2083
f 3054/3728/3054 3053/3727/3053 3103/3788/3103 3057/3731/3057
f 3052/3726/3052 2083/2488/2083 3103/3788/3103 3053/3727/3053
f 2071/2476/2071 2072/2477/2072 3102/3787/3102 2079/2484/2079
f 3059/3733/3059 3058/3732/3058 3100/3785/3100 3099/3784/3099
f 3094/3779/3094 3104/3789/3104 3099/3784/3099 3095/3780/3095
f 3061/3735/3061 3059/3733/3059 3099/3784/3099 3104/3789/3104
f 3105/3790/3105 3106/3791/3106 3104/3789/3104 3094/3779/3094
f 3063/3737/3063 3061/3735/3061 3104/3789/3104 3106/3791/3106
f 2106/2511/2106 2105/2510/2105 3106/3791/3106 3105/3790/3105
f 3065/3739/3065 3063/3737/3063 3106/3791/3106 2105/2510/2105
f 3090/3775/3090 3084/3766/3084 3105/3790/3105 3094/3779/3094
f 2124/2533/2124 2106/2511/2106 3105/3790/3105 3084/3766/3084
f 2065/2470/2065 3107/3792/3107 3097/3782/3097 2066/2471/2066
f 3092/3777/3092 3093/3778/3093 3097/3782/3097 3107/3792/3107
f 2072/2477/2072 2066/2471/2066 3097/3782/3097 3098/3783/3098
f 2007/3793/2007 2006/3773/2006 3089/3774/3089 3092/3777/3092
f 2103/2508/2103 2089/2494/2089 3087/3769/3087 2030/2427/2030
f 2023/2420/2023 2030/2427/2030 3087/3769/3087 2026/2423/2026
f 2091/2496/2091 2090/2495/2090 3073/3747/3073 3071/3745/3071
f 2105/2510/2105 2095/2500/2095 3067/3741/3067 3065/3739/3065
f 2082/2487/2082 2083/2488/2083 3052/3726/3052 3108/3794/3108
f 3049/3723/3049 3108/3794/3108 3052/3726/3052 3050/3724/3050
f 2081/2486/2081 2082/2487/2082 3108/3794/3108 3109/3795/3109
f 3110/3796/3110 3109/3795/3109 3108/3794/3108 3049/3723/3049
f 2998/3797/2998 3109/3795/3109 3110/3796/3110 2999/3798/2999
f 3047/3721/3047 3005/3652/3005 3110/3796/3110 3049/3723/3049
f 3001/3655/3001 2999/3798/2999 3110/3796/3110 3005/3652/3005
f 2997/3799/2997 2081/2486/2081 3109/3795/3109 2998/3797/2998
f 2994/3641/2994 2070/3755/2070 2997/3644/2997 2995/3642/2995
f 2069/2474/2069 2081/2486/2081 2997/3799/2997 2070/2475/2070
f 2051/2448/2051 2978/3625/2978 2982/3629/2982 1599/1932/1599
f 2967/3612/2967 2966/3611/2966 2979/3626/2979 2970/3615/2970
f 1992/2384/1992 1991/2383/1991 2943/3583/2943 2941/3581/2941
f 3111/3800/3111 1992/2384/1992 2941/3581/2941 2938/3578/2938
f 3112/3801/3112 3111/3800/3111 2938/3578/2938 2937/3577/2937
f 3113/3802/3113 3114/3803/3114 3112/3801/3112 2937/3577/2937
f 1653/1995/1653 1652/1994/1652 3112/3801/3112 3114/3803/3114
f 1907/2280/1907 3111/3800/3111 3112/3801/3112 1652/1994/1652
f 3115/3804/3115 3116/3805/3116 3114/3803/3114 3113/3802/3113
f 3117/3806/3117 1653/1995/1653 3114/3803/3114 3116/3805/3116
f 3118/3807/3118 3119/3808/3119 3117/3806/3117 3116/3805/3116
f 1154/1374/1154 1607/1943/1607 3117/3806/3117 3119/3808/3119
f 1606/1941/1606 1653/1995/1653 3117/3806/3117 1607/1943/1607
f 3120/3809/3120 3121/3810/3121 3119/3808/3119 3118/3807/3118
f 1155/1375/1155 1154/1374/1154 3119/3808/3119 3121/3810/3121
f 3122/3811/3122 1144/1360/1144 3121/3810/3121 3120/3809/3120
f 1143/1359/1143 1155/1375/1155 3121/3810/3121 1144/1360/1144
f 1615/1952/1615 1614/1951/1614 3122/3811/3122 1999/2391/1999
f 1145/1361/1145 1144/1360/1144 3122/3811/3122 1614/1951/1614
f 3123/3812/3123 1999/2391/1999 3122/3811/3122 3120/3809/3120
f 2000/2392/2000 1999/2391/1999 3123/3812/3123 2073/2478/2073
f 3118/3807/3118 3124/3813/3124 3123/3812/3123 3120/3809/3120
f 2074/2479/2074 2073/2478/2073 3123/3812/3123 3124/3813/3124
f 3116/3805/3116 3115/3804/3115 3124/3813/3124 3118/3807/3118
f 2076/2481/2076 2074/2479/2074 3124/3813/3124 3115/3804/3115
f 3125/3814/3125 2076/2481/2076 3115/3804/3115 3113/3802/3113
f 2077/2482/2077 2076/2481/2076 3125/3814/3125 2935/3573/2935
f 2937/3577/2937 2940/3580/2940 3125/3814/3125 3113/3802/3113
f 2936/3574/2936 2935/3573/2935 3125/3814/3125 2940/3580/2940
f 2932/3815/2932 2077/2482/2077 2935/3573/2935 2933/3576/2933
f 3126/3816/3126 3127/3817/3127 2932/3570/2932 2930/3568/2930
f 2075/2480/2075 2077/2482/2077 2932/3815/2932 3127/3818/3127
f 3128/3819/3128 3129/3820/3129 3127/3817/3127 3126/3816/3126
f 2078/2483/2078 2075/2480/2075 3127/3818/3127 3129/3821/3129
f 3130/3822/3130 3131/3823/3131 3129/3824/3129 3128/3825/3128
f 2114/2520/2114 2078/2519/2078 3129/3824/3129 3131/3823/3131
f 3132/3826/3132 3133/3827/3133 3131/3823/3131 3130/3822/3130
f 1937/2317/1937 2114/2520/2114 3131/3823/3131 3133/3827/3133
f 1962/2348/1962 1963/2349/1963 3133/3827/3133 3132/3826/3132
f 1938/2318/1938 1937/2317/1937 3133/3827/3133 1963/2349/1963
f 2135/3828/2135 2132/2546/2132 3132/3826/3132 3130/3822/3130
f 1961/2347/1961 1962/2348/1962 3132/3826/3132 2132/2546/2132
f 2138/2555/2138 2135/2549/2135 3130/3829/3130 3128/3819/3128
f 3134/3830/3134 2138/2555/2138 3128/3819/3128 3126/3816/3126
f 2927/3565/2927 3135/3831/3135 3134/3830/3134 2928/3566/2928
f 2139/2556/2139 2138/2555/2138 3134/3830/3134 3135/3831/3135
f 2930/3568/2930 2928/3566/2928 3134/3830/3134 3126/3816/3126
f 2926/3564/2926 3136/3832/3136 3135/3831/3135 2927/3565/2927
f 2140/2557/2140 2139/2556/2139 3135/3831/3135 3136/3832/3136
f 2122/2531/2122 2119/2528/2119 3136/3832/3136 2926/3564/2926
f 2118/2527/2118 2140/2557/2140 3136/3832/3136 2119/2528/2119
f 2923/3561/2923 2122/2531/2122 2926/3564/2926 2924/3562/2924
f 3137/3833/3137 3138/3834/3138 2923/3561/2923 2921/3559/2921
f 2123/2532/2123 2122/2531/2122 2923/3561/2923 3138/3834/3138
f 1631/1968/1631 3139/3835/3139 3138/3834/3138 3137/3833/3137
f 3140/3836/3140 2123/2532/2123 3138/3834/3138 3139/3835/3139
f 3141/3837/3141 3142/3838/3142 3140/3836/3140 3139/3835/3139
f 3143/3839/3143 3144/3840/3144 3140/3836/3140 3142/3838/3142
f 2120/2529/2120 2123/2532/2123 3140/3836/3140 3144/3840/3144
f 3145/3841/3145 3146/3842/3146 3144/3840/3144 3143/3839/3143
f 2113/2518/2113 2120/2529/2120 3144/3840/3144 3146/3842/3146
f 3147/3843/3147 3148/3844/3148 3146/3842/3146 3145/3841/3145
f 2112/2517/2112 2113/2518/2113 3146/3842/3146 3148/3844/3148
f 3149/3845/3149 3150/3846/3150 3148/3844/3148 3147/3843/3147
f 2111/2516/2111 2112/2517/2112 3148/3844/3148 3150/3846/3150
f 3151/3847/3151 3152/3848/3152 3150/3846/3150 3149/3845/3149
f 3153/3849/3153 2111/2516/2111 3150/3846/3150 3152/3848/3152
f 3154/3850/3154 3155/3851/3155 3153/3849/3153 3152/3848/3152
f 3156/3852/3156 3157/3853/3157 3153/3849/3153 3155/3851/3155
f 2110/2515/2110 2111/2516/2111 3153/3849/3153 3157/3853/3157
f 3158/3854/3158 3159/3855/3159 3157/3853/3157 3156/3852/3156
f 2107/2512/2107 2110/2515/2110 3157/3853/3157 3159/3855/3159
f 3160/3856/3160 3161/3857/3161 3159/3855/3159 3158/3854/3158
f 3162/3858/3162 2107/2512/2107 3159/3855/3159 3161/3857/3161
f 2108/2513/2108 2107/2512/2107 3162/3858/3162 2121/2530/2121
f 3163/3859/3163 3164/3860/3164 3162/3858/3162 3161/3857/3161
f 2118/2527/2118 2121/2530/2121 3162/3858/3162 3164/3860/3164
f 2142/2559/2142 2141/2558/2141 3164/3860/3164 3163/3859/3163
f 2140/2557/2140 2118/2527/2118 3164/3860/3164 2141/2558/2141
f 3160/3856/3160 3165/3861/3165 3163/3859/3163 3161/3857/3161
f 3166/3862/3166 2142/2559/2142 3163/3859/3163 3165/3861/3165
f 2039/2436/2039 2040/2437/2040 3166/3862/3166 3165/3861/3165
f 2054/2460/2054 2059/2459/2059 3166/3862/3166 2040/2437/2040
f 2137/2553/2137 2142/2559/2142 3166/3862/3166 2059/2459/2059
f 2038/2435/2038 2039/2436/2039 3165/3861/3165 3160/3856/3160
f 2041/2438/2041 2038/2435/2038 3160/3856/3160 3158/3854/3158
f 2042/2439/2042 2041/2438/2041 3158/3854/3158 3156/3852/3156
f 3167/3863/3167 2042/2439/2042 3156/3852/3156 3155/3851/3155
f 3154/3850/3154 3168/3864/3168 3167/3863/3167 3155/3851/3155
f 1629/1966/1629 1630/1967/1630 3167/3863/3167 3168/3864/3168
f 2043/2440/2043 2042/2439/2042 3167/3863/3167 1630/1967/1630
f 3169/3865/3169 3170/3866/3170 3168/3864/3168 3154/3850/3154
f 3171/3867/3171 1629/1966/1629 3168/3864/3168 3170/3866/3170
f 3172/3868/3172 872/1027/872 3171/3867/3171 3170/3866/3170
f 871/1026/871 3173/3869/3173 3171/3867/3171 872/1027/872
f 1628/1965/1628 1629/1966/1629 3171/3867/3171 3173/3869/3173
f 3174/3870/3174 3175/3871/3175 3173/3869/3173 871/1026/871
f 1627/1964/1627 1628/1965/1628 3173/3869/3173 3175/3871/3175
f 982/1162/982 981/1161/981 3175/3871/3175 3174/3870/3174
f 996/1176/996 1627/1964/1627 3175/3871/3175 981/1161/981
f 874/1029/874 3176/3872/3176 3174/3870/3174 871/1026/871
f 3177/3873/3177 982/1162/982 3174/3870/3174 3176/3872/3176
f 751/864/751 753/866/753 3177/3873/3177 3176/3872/3176
f 754/867/754 3178/3874/3178 3177/3873/3177 753/866/753
f 980/1160/980 982/1162/982 3177/3873/3177 3178/3874/3178
f 735/843/735 3179/3875/3179 3178/3874/3178 754/867/754
f 977/1157/977 980/1160/980 3178/3874/3178 3179/3875/3179
f 734/842/734 3180/3876/3180 3179/3875/3179 735/843/735
f 3181/3877/3181 977/1157/977 3179/3875/3179 3180/3876/3180
f 745/855/745 746/856/746 3181/3877/3181 3180/3876/3180
f 748/858/748 3182/3878/3182 3181/3877/3181 746/856/746
f 978/1158/978 977/1157/977 3181/3877/3181 3182/3878/3182
f 835/979/835 3183/3879/3183 3182/3878/3182 748/858/748
f 997/1177/997 978/1158/978 3182/3878/3182 3183/3879/3183
f 836/981/836 3184/3880/3184 3183/3879/3183 835/979/835
f 3185/3881/3185 997/1177/997 3183/3879/3183 3184/3880/3184
f 995/1175/995 997/1177/997 3185/3881/3185 1645/1987/1645
f 1108/1322/1108 1109/1321/1109 3185/3881/3185 3184/3880/3184
f 1644/1986/1644 1645/1987/1645 3185/3881/3185 1109/1321/1109
f 839/988/839 1108/1320/1108 3184/3882/3184 836/989/836
f 3186/3883/3186 745/855/745 3180/3876/3180 734/842/734
f 875/1030/875 751/864/751 3176/3872/3176 874/1029/874
f 3187/3884/3187 3188/3885/3188 3172/3868/3172 3189/3886/3189
f 873/1028/873 872/1027/872 3172/3868/3172 3188/3885/3188
f 3169/3865/3169 3189/3886/3189 3172/3868/3172 3170/3866/3170
f 3190/3887/3190 1050/1248/1050 3188/3885/3188 3187/3884/3187
f 878/1033/878 873/1028/873 3188/3885/3188 1050/1248/1050
f 3191/3888/3191 3192/3889/3192 3190/3887/3190 3193/3890/3193
f 1051/1249/1051 1050/1248/1050 3190/3887/3190 3192/3889/3192
f 3194/3891/3194 3193/3890/3193 3190/3887/3190 3187/3884/3187
f 1157/1378/1157 3193/3890/3193 3194/3891/3194 1158/1379/1158
f 3189/3886/3189 3195/3892/3195 3194/3891/3194 3187/3884/3187
f 3196/3893/3196 1158/1379/1158 3194/3891/3194 3195/3892/3195
f 1159/1380/1159 1158/1379/1158 3196/3893/3196 3197/3894/3197
f 3151/3847/3151 3149/3845/3149 3196/3893/3196 3195/3892/3195
f 3147/3843/3147 3197/3894/3197 3196/3893/3196 3149/3845/3149
f 1160/1381/1160 1159/1380/1159 3197/3894/3197 3198/3895/3198
f 3145/3841/3145 3198/3895/3198 3197/3894/3197 3147/3843/3147
f 1151/1369/1151 1160/1381/1160 3198/3895/3198 3199/3896/3199
f 3143/3839/3143 3199/3896/3199 3198/3895/3198 3145/3841/3145
f 1156/1376/1156 1151/1369/1151 3199/3896/3199 3200/3897/3200
f 3142/3838/3142 3200/3897/3200 3199/3896/3199 3143/3839/3143
f 1608/3898/1608 1156/1376/1156 3200/3897/3200 3201/3899/3201
f 3141/3837/3141 3201/3899/3201 3200/3897/3200 3142/3838/3142
f 1591/1922/1591 1608/3898/1608 3201/3899/3201 1590/1921/1590
f 1588/1918/1588 1590/1921/1590 3201/3899/3201 3141/3837/3141
f 3169/3865/3169 3151/3847/3151 3195/3892/3195 3189/3886/3189
f 1142/1358/1142 1140/1356/1140 3192/3900/3192 3191/3901/3191
f 1052/1250/1052 1051/1252/1051 3192/3900/3192 1140/1356/1140
f 1153/1372/1153 1142/1358/1142 3191/3901/3191 1150/3902/1150
f 1157/1378/1157 1150/1368/1150 3191/3888/3191 3193/3890/3193
f 3152/3848/3152 3151/3847/3151 3169/3865/3169 3154/3850/3154
f 1631/1968/1631 1588/1918/1588 3141/3837/3141 3139/3835/3139
f 1632/1969/1632 1631/1968/1631 3137/3833/3137 3202/3903/3202
f 2920/3558/2920 3202/3903/3202 3137/3833/3137 2921/3559/2921
f 1635/1974/1635 1632/1969/1632 3202/3903/3202 3203/3904/3203
f 2919/3557/2919 3203/3904/3203 3202/3903/3202 2920/3558/2920
f 3204/3905/3204 1635/1974/1635 3203/3904/3203 2131/2545/2131
f 2130/2544/2130 2131/2545/2131 3203/3904/3203 2919/3557/2919
f 2020/3906/2020 2015/3907/2015 3204/3905/3204 3205/3908/3205
f 1634/1972/1634 1635/1974/1635 3204/3905/3204 2015/3907/2015
f 2097/2524/2097 3205/3908/3205 3204/3905/3204 2131/2545/2131
f 3206/3909/3206 2020/3910/2020 3205/3911/3205 3207/3912/3207
f 2096/2501/2096 3207/3912/3207 3205/3911/3205 2097/2502/2097
f 3208/3913/3208 3209/3914/3209 3206/3909/3206 3210/3915/3210
f 2021/3916/2021 2020/3910/2020 3206/3909/3206 3209/3914/3209
f 3211/3917/3211 3210/3915/3210 3206/3909/3206 3207/3912/3207
f 3212/3918/3212 3210/3915/3210 3211/3917/3211 3213/3919/3213
f 2096/2501/2096 3214/3920/3214 3211/3917/3211 3207/3912/3207
f 3215/3921/3215 3213/3919/3213 3211/3917/3211 3214/3920/3214
f 3216/3922/3216 3213/3919/3213 3215/3921/3215 3217/3923/3217
f 3218/3924/3218 3219/3925/3219 3215/3921/3215 3214/3920/3214
f 3220/3926/3220 3217/3923/3217 3215/3921/3215 3219/3925/3219
f 3221/3927/3221 3217/3923/3217 3220/3926/3220 3222/3928/3222
f 3223/3929/3223 3224/3930/3224 3220/3926/3220 3219/3925/3219
f 1498/1808/1498 3222/3928/3222 3220/3926/3220 3224/3930/3224
f 3225/3931/3225 3226/3932/3226 3224/3930/3224 3223/3929/3223
f 1497/1807/1497 1498/1808/1498 3224/3930/3224 3226/3932/3226
f 3227/3933/3227 3228/3934/3228 3226/3932/3226 3225/3931/3225
f 1494/1804/1494 1497/1807/1497 3226/3932/3226 3228/3934/3228
f 3229/3935/3229 3230/3936/3230 3228/3934/3228 3227/3933/3227
f 3231/3937/3231 1494/1804/1494 3228/3934/3228 3230/3936/3230
f 1495/1805/1495 1494/1804/1494 3231/3937/3231 3232/3938/3232
f 3233/3939/3233 3234/3940/3234 3231/3937/3231 3230/3936/3230
f 3235/3941/3235 3232/3938/3232 3231/3937/3231 3234/3940/3234
f 1308/1559/1308 3232/3938/3232 3235/3941/3235 1309/1560/1309
f 3236/3942/3236 3237/3943/3237 3235/3944/3235 3234/3945/3234
f 1310/1561/1310 1309/1560/1309 3235/3941/3235 3237/3946/3237
f 3238/3947/3238 3239/3948/3239 3237/3943/3237 3236/3942/3236
f 3240/3949/3240 1310/3950/1310 3237/3943/3237 3239/3948/3239
f 1294/1543/1294 1310/3950/1310 3240/3949/3240 1295/1544/1295
f 3241/3951/3241 3242/3952/3242 3240/3949/3240 3239/3948/3239
f 1296/1547/1296 1295/1544/1295 3240/3949/3240 3242/3952/3242
f 3243/3953/3243 3244/3954/3244 3242/3952/3242 3241/3951/3241
f 3245/3955/3245 1296/1547/1296 3242/3952/3242 3244/3954/3244
f 1277/1519/1277 1296/1547/1296 3245/3955/3245 1278/1520/1278
f 3246/3956/3246 1267/1506/1267 3245/3955/3245 3244/3954/3244
f 1266/1505/1266 1278/1520/1278 3245/3955/3245 1267/1506/1267
f 3243/3953/3243 3247/3957/3247 3246/3956/3246 3244/3954/3244
f 3248/3958/3248 3249/3959/3249 3246/3956/3246 3247/3957/3247
f 1268/1507/1268 1267/1506/1267 3246/3956/3246 3249/3959/3249
f 3250/3960/3250 3251/3961/3251 3249/3959/3249 3248/3958/3248
f 1269/1508/1269 1268/1507/1268 3249/3959/3249 3251/3961/3251
f 3252/3962/3252 3253/3963/3253 3251/3961/3251 3250/3960/3250
f 3254/3964/3254 1269/1508/1269 3251/3961/3251 3253/3963/3253
f 1264/1503/1264 1269/1508/1269 3254/3964/3254 1211/1440/1211
f 1247/1486/1247 1250/1489/1250 3254/3964/3254 3253/3963/3253
f 1210/1439/1210 1211/1440/1211 3254/3964/3254 1250/1489/1250
f 3255/3965/3255 1247/1486/1247 3253/3963/3253 3252/3962/3252
f 1457/1760/1457 3256/3966/3256 3255/3965/3255 3252/3962/3252
f 3257/3967/3257 3258/3968/3258 3255/3965/3255 3256/3966/3256
f 1248/1487/1248 1247/1486/1247 3255/3965/3255 3258/3968/3258
f 3259/3969/3259 3260/3970/3260 3258/3968/3258 3257/3967/3257
f 1252/1491/1252 1248/1487/1248 3258/3968/3258 3260/3970/3260
f 3261/3971/3261 3262/3972/3262 3260/3970/3260 3259/3969/3259
f 3263/3973/3263 1252/1491/1252 3260/3970/3260 3262/3972/3262
f 1218/1449/1218 1252/1491/1252 3263/3973/3263 1215/1450/1215
f 3264/3974/3264 3265/3975/3265 3263/3973/3263 3262/3972/3262
f 1212/3976/1212 1215/1450/1215 3263/3973/3263 3265/3975/3265
f 3266/3977/3266 3267/3978/3267 3265/3979/3265 3264/3980/3264
f 1239/1475/1239 1212/1441/1212 3265/3979/3265 3267/3978/3267
f 3268/3981/3268 3269/3982/3269 3267/3978/3267 3266/3977/3266
f 1242/1480/1242 1239/1475/1239 3267/3978/3267 3269/3982/3269
f 3270/3983/3270 3271/3984/3271 3269/3982/3269 3268/3981/3268
f 1259/1498/1259 1242/1480/1242 3269/3982/3269 3271/3984/3271
f 3272/3985/3272 1299/1550/1299 3271/3984/3271 3270/3983/3270
f 1257/1496/1257 1259/1498/1259 3271/3984/3271 1299/1550/1299
f 3221/3927/3221 3222/3928/3222 3272/3985/3272 3270/3983/3270
f 1498/1808/1498 1499/1809/1499 3272/3985/3272 3222/3928/3222
f 1300/1551/1300 1299/1550/1299 3272/3985/3272 1499/1809/1499
f 3273/3986/3273 3221/3927/3221 3270/3983/3270 3268/3981/3268
f 3266/3977/3266 3274/3987/3274 3273/3986/3273 3268/3981/3268
f 3275/3988/3275 3216/3922/3216 3273/3986/3273 3274/3987/3274
f 3217/3923/3217 3221/3927/3221 3273/3986/3273 3216/3922/3216
f 3276/3989/3276 3277/3990/3277 3275/3988/3275 3274/3987/3274
f 3278/3991/3278 3212/3918/3212 3275/3988/3275 3277/3990/3277
f 3213/3919/3213 3216/3922/3216 3275/3988/3275 3212/3918/3212
f 3279/3992/3279 3280/3993/3280 3278/3991/3278 3277/3990/3277
f 3281/3994/3281 3208/3913/3208 3278/3991/3278 3280/3993/3280
f 3210/3915/3210 3212/3918/3212 3278/3991/3278 3208/3913/3208
f 1532/1853/1532 1533/1854/1533 3281/3994/3281 3280/3993/3280
f 1534/1855/1534 3282/3995/3282 3281/3994/3281 1533/1854/1533
f 3209/3914/3209 3208/3913/3208 3281/3994/3281 3282/3995/3282
f 1929/3996/1929 1934/3997/1934 3282/3995/3282 1534/1855/1534
f 2021/3916/2021 3209/3914/3209 3282/3995/3282 1934/3997/1934
f 3283/3998/3283 1532/1853/1532 3280/3993/3280 3279/3992/3279
f 3257/3967/3257 3284/3999/3284 3283/4000/3283 3259/3969/3259
f 1531/1852/1531 1532/1853/1532 3283/3998/3283 3284/4001/3284
f 3261/4002/3261 3259/4003/3259 3283/3998/3283 3279/3992/3279
f 3256/3966/3256 3285/4004/3285 3284/3999/3284 3257/3967/3257
f 1530/4005/1530 1531/4006/1531 3284/3999/3284 3285/4004/3285
f 1457/1760/1457 1458/1761/1458 3285/4004/3285 3256/3966/3256
f 1461/1764/1461 1530/4005/1530 3285/4004/3285 1458/1761/1458
f 3276/3989/3276 3261/4002/3261 3279/3992/3279 3277/3990/3277
f 3262/3972/3262 3261/3971/3261 3276/4007/3276 3264/3974/3264
f 3266/3977/3266 3264/3980/3264 3276/3989/3276 3274/3987/3274
f 1456/1759/1456 1457/1760/1457 3252/3962/3252 3250/3960/3250
f 1453/1756/1453 1456/1759/1456 3250/3960/3250 3248/3958/3248
f 1473/1780/1473 1453/1756/1453 3248/3958/3248 3247/3957/3247
f 1475/1782/1475 1473/1780/1473 3247/3957/3247 3243/3953/3243
f 3286/4008/3286 1475/1782/1475 3243/3953/3243 3241/3951/3241
f 3239/3948/3239 3238/3947/3238 3286/4008/3286 3241/3951/3241
f 3287/4009/3287 3288/4010/3288 3286/4008/3286 3238/3947/3238
f 1476/1783/1476 1475/1782/1475 3286/4008/3286 3288/4010/3288
f 1987/2375/1987 1466/1772/1466 3288/4010/3288 3287/4009/3287
f 1459/1762/1459 1476/1783/1476 3288/4010/3288 1466/1772/1466
f 3236/3942/3236 3289/4011/3289 3287/4009/3287 3238/3947/3238
f 1988/2376/1988 1987/2375/1987 3287/4009/3287 3289/4011/3289
f 3234/3940/3234 3233/3939/3233 3289/4012/3289 3236/4013/3236
f 1989/2379/1989 1988/2382/1988 3289/4012/3289 3233/3939/3233
f 3229/3935/3229 1989/2379/1989 3233/3939/3233 3230/3936/3230
f 1500/1810/1500 1495/1805/1495 3232/3938/3232 1308/1559/1308
f 2062/2465/2062 2045/2464/2045 3229/3935/3229 3227/3933/3227
f 1990/2380/1990 1989/2379/1989 3229/3935/3229 2045/2464/2045
f 3290/4014/3290 2062/2465/2062 3227/3933/3227 3225/3931/3225
f 3223/3929/3223 3291/4015/3291 3290/4014/3290 3225/3931/3225
f 2102/2507/2102 2128/2539/2128 3290/4014/3290 3291/4015/3291
f 2060/2466/2060 2062/2465/2062 3290/4014/3290 2128/2539/2128
f 3219/3925/3219 3218/3924/3218 3291/4015/3291 3223/3929/3223
f 2099/2504/2099 2102/2507/2102 3291/4015/3291 3218/3924/3218
f 2096/2501/2096 2099/2504/2099 3218/3924/3218 3214/3920/3214
f 2916/3554/2916 2130/2544/2130 2919/3557/2919 2917/3555/2917
f 2115/2521/2115 2130/2544/2130 2916/3554/2916 3292/4016/3292
f 2361/2824/2361 3292/4016/3292 2916/3554/2916 2914/3552/2914
f 2116/2522/2116 2115/2521/2115 3292/4016/3292 2129/2541/2129
f 2354/2827/2354 2129/2541/2129 3292/4016/3292 2361/2824/2361
f 2362/2825/2362 2361/2824/2361 2914/3552/2914 2912/3550/2912
f 2394/2864/2394 2389/2859/2389 2451/2934/2451 2453/2937/2453
f 2154/4017/2154 2408/3217/2408 2444/3216/2444 2430/4018/2430
f 2371/2836/2371 2382/2849/2382 2417/2887/2417 2372/2837/2372
f 2913/3551/2913 2413/2883/2413 2431/2911/2431 2469/2956/2469
f 2360/2821/2360 2359/2820/2359 2402/2872/2402 2401/2871/2401
f 2340/2795/2340 2332/2794/2332 2386/4019/2386 2385/3545/2385
f 2371/2836/2371 2370/2835/2370 2381/2846/2381 2382/2849/2382
f 2303/2754/2303 2376/2841/2376 2379/2844/2379 2304/2757/2304
f 2143/2560/2143 2146/2563/2146 2377/2842/2377 2374/2839/2374
f 2300/2751/2300 2143/2560/2143 2374/2839/2374 2373/2838/2373
f 2303/2754/2303 2302/2753/2302 2373/2838/2373 2376/2841/2376
f 2301/2752/2301 2300/2751/2300 2373/2838/2373 2302/2753/2302
f 2064/2542/2064 2129/2541/2129 2354/2827/2354 2353/4020/2353
f 2934/3575/2934 2936/3574/2936 3293/4021/3293 2429/4022/2429
f 2942/3582/2942 2152/2573/2152 2155/2580/2155 2939/3579/2939
f 2266/2712/2266 2327/2781/2327 2328/2782/2328 2267/2713/2267
f 2266/2712/2266 2265/2711/2265 2324/2778/2324 2327/2781/2327
f 2144/2561/2144 2143/2560/2143 2300/2751/2300 2299/2748/2299
f 2147/4023/2147 2144/2561/2144 2299/2748/2299 2298/2747/2298
f 2149/2568/2149 2148/2565/2148 2282/2731/2282 2277/2726/2277
f 3294/4024/3294 2255/4025/2255 3295/4026/3295 3296/4027/3296
f 2786/4028/2786 2790/4029/2790 3295/4026/3295 2255/4025/2255
f 2873/3487/2873 3296/4030/3296 3295/4031/3295 2790/3382/2790
f 2245/4032/2245 2840/4033/2840 3294/4024/3294 3297/4034/3297
f 2256/4035/2256 2255/4025/2255 3294/4024/3294 2840/4033/2840
f 3298/4036/3298 3297/4034/3297 3294/4024/3294 3296/4027/3296
f 3299/4037/3299 3297/4034/3297 3298/4036/3298 3300/4038/3300
f 2873/4039/2873 2244/4040/2244 3298/4036/3298 3296/4027/3296
f 2243/4041/2243 3300/4038/3300 3298/4036/3298 2244/4040/2244
f 2246/4042/2246 2245/4032/2245 3297/4034/3297 3299/4037/3299
f 2239/2680/2239 2242/2684/2242 2252/2695/2252 2251/2694/2251
f 2238/2679/2238 2239/2680/2239 2251/2694/2251 3301/4043/3301
f 3302/4044/3302 3301/4043/3301 2251/2694/2251 2248/2697/2248
f 3303/4045/3303 2238/2679/2238 3301/4043/3301 2190/2623/2190
f 2191/2624/2191 2190/2623/2190 3301/4043/3301 3302/4044/3302
f 3304/4046/3304 3305/4047/3305 3303/4045/3303 3306/4048/3306
f 2237/2678/2237 2238/2679/2238 3303/4045/3303 3305/4047/3305
f 2193/2626/2193 3306/4048/3306 3303/4045/3303 2190/2623/2190
f 3307/4049/3307 3308/4050/3308 3305/4047/3305 3304/4046/3304
f 2236/2677/2236 2237/2678/2237 3305/4047/3305 3308/4050/3308
f 3309/4051/3309 2201/4052/2201 3308/4050/3308 3307/4049/3307
f 2198/4053/2198 2236/2677/2236 3308/4050/3308 2201/4052/2201
f 3310/4054/3310 3304/4046/3304 3306/4048/3306 3311/4055/3311
f 3312/4056/3312 3311/4055/3311 3306/4048/3306 2193/2626/2193
f 2196/2630/2196 3302/4057/3302 2248/2691/2248 2247/2690/2247
f 2194/2627/2194 2196/2630/2196 2247/2690/2247 2231/2669/2231
f 2197/4058/2197 2220/2656/2220 2236/2677/2236 2198/4053/2198
f 2195/2628/2195 2194/2627/2194 2229/2667/2229 3313/4059/3313
f 3314/4060/3314 3313/4059/3313 2229/2667/2229 2203/2637/2203
f 3315/4061/3315 2195/2628/2195 3313/4059/3313 3316/4062/3316
f 3317/4063/3317 3316/4062/3316 3313/4059/3313 3314/4060/3314
f 2210/2646/2210 2211/2647/2211 2226/2664/2226 3318/4064/3318
f 2222/2660/2222 2212/2648/2212 2226/2664/2226 2225/2663/2225
f 2215/2651/2215 3318/4064/3318 2226/2664/2226 2212/2648/2212
f 3319/4065/3319 2210/2646/2210 3318/4064/3318 3320/4066/3320
f 3321/4067/3321 3320/4066/3320 3318/4064/3318 2215/2651/2215
f 3322/4068/3322 3320/4066/3320 3321/4067/3321 3323/4069/3323
f 2214/2650/2214 3324/4070/3324 3321/4067/3321 2215/2651/2215
f 2177/2608/2177 3323/4069/3323 3321/4067/3321 3324/4070/3324
f 2217/2653/2217 3325/4071/3325 3324/4070/3324 2214/2650/2214
f 2178/2609/2178 2177/2608/2177 3324/4070/3324 3325/4071/3325
f 2184/4072/2184 2187/4073/2187 3325/4071/3325 2217/2653/2217
f 2179/2611/2179 2178/4074/2178 3325/4075/3325 2187/2620/2187
f 2173/2607/2173 3326/4076/3326 3322/4068/3322 2174/2600/2174
f 3319/4065/3319 3320/4066/3320 3322/4068/3322 3326/4076/3326
f 2175/2601/2175 2174/2600/2174 3322/4068/3322 3323/4069/3323
f 2172/2598/2172 2181/2614/2181 3326/4077/3326 2173/2599/2173
f 3327/4078/3327 3319/4079/3319 3326/4077/3326 2181/2614/2181
f 2180/2612/2180 2186/2619/2186 3327/4078/3327 2181/2614/2181
f 2188/2640/2188 2207/2643/2207 3327/4080/3327 2186/4081/2186
f 2210/2646/2210 3319/4065/3319 3327/4080/3327 2207/2643/2207
f 2176/2604/2176 2175/2601/2175 3323/4069/3323 2177/2608/2177
f 2185/4082/2185 2216/2652/2216 2220/4083/2220 2197/4084/2197
f 2185/4082/2185 2184/4072/2184 2217/2653/2217 2216/2652/2216
f 2814/3407/2814 2223/2661/2223 2206/2642/2206 2209/2645/2209
f 3328/4085/3328 3314/4060/3314 2203/2637/2203 2202/2636/2202
f 3309/4086/3309 3328/4085/3328 2202/2636/2202 2201/2635/2201
f 2182/2615/2182 2185/2618/2185 2197/4087/2197 2200/3481/2200
f 3329/4088/3329 2192/2629/2192 2195/2628/2195 3315/4061/3315
f 2196/2630/2196 2192/2629/2192 2191/4089/2191 3302/4057/3302
f 3329/4090/3329 3312/4056/3312 2193/2626/2193 2192/2625/2192
f 2180/2612/2180 2179/2611/2179 2187/2620/2187 2186/2619/2186
f 2058/2458/2058 2134/2554/2134 2137/2553/2137 2059/2459/2059
f 1960/2346/1960 1961/2347/1961 2134/2548/2134 2058/4091/2058
f 2101/2506/2101 2117/2525/2117 2128/2539/2128 2102/2507/2102
f 1996/2388/1996 2063/2468/2063 2126/4092/2126 1985/2373/1985
f 2032/2429/2032 2104/2509/2104 2103/2508/2103 2031/2428/2031
f 2029/2426/2029 2031/2428/2031 2103/2508/2103 2030/2427/2030
f 2024/2421/2024 2086/2491/2086 3330/4093/3330 3331/4094/3331
f 2032/2429/2032 3331/4094/3331 3330/4093/3330 2104/2509/2104
f 1950/2336/1950 2024/2421/2024 3331/4094/3331 2008/2403/2008
f 2025/2422/2025 2008/2403/2008 3331/4094/3331 2032/2429/2032
f 1952/2338/1952 1954/2340/1954 2084/2489/2084 2087/2492/2087
f 1884/2257/1884 1952/2338/1952 2087/2492/2087 2010/2405/2010
f 2024/2421/2024 2010/2405/2010 2087/2492/2087 2086/2491/2086
f 1877/4095/1877 3332/4096/3332 2065/2470/2065 2068/2473/2068
f 3333/4097/3333 3107/3792/3107 2065/2470/2065 3332/4096/3332
f 1872/4098/1872 2005/4099/2005 3332/4096/3332 1877/4095/1877
f 2004/4100/2004 3333/4097/3333 3332/4096/3332 2005/4099/2005
f 3334/4101/3334 2061/2463/2061 2063/2468/2063 1996/2388/1996
f 1551/1876/1551 2061/2463/2061 3334/4101/3334 1550/1875/1550
f 1995/2387/1995 3335/4102/3335 3334/4101/3334 1996/2388/1996
f 1549/1874/1549 1550/1875/1550 3334/4101/3334 3335/4102/3335
f 1552/1877/1552 1555/1880/1555 3335/4102/3335 1995/2387/1995
f 1556/1881/1556 1549/1874/1549 3335/4102/3335 1555/1880/1555
f 1959/2345/1959 1960/2346/1960 2058/4091/2058 2053/2451/2053
f 3336/4103/3336 3337/4104/3337 2056/2454/2056 2057/2457/2057
f 3338/4105/3338 3339/4106/3339 2056/2454/2056 3337/4104/3337
f 3340/4107/3340 2055/2455/2055 2056/2454/2056 3339/4106/3339
f 2052/4108/2052 2055/2455/2055 3340/4107/3340 1084/1287/1084
f 3341/4109/3341 3342/4110/3342 3340/4107/3340 3339/4106/3339
f 1083/1286/1083 1084/1287/1084 3340/4107/3340 3342/4110/3342
f 3343/4111/3343 3344/4112/3344 3342/4110/3342 3341/4109/3341
f 1082/1283/1082 1083/1286/1083 3342/4110/3342 3344/4112/3344
f 863/1017/863 862/1016/862 3344/4112/3344 3343/4111/3343
f 798/4113/798 1082/1283/1082 3344/4112/3344 862/1016/862
f 3345/4114/3345 3346/4115/3346 3343/4111/3343 3341/4109/3341
f 868/1022/868 863/1017/863 3343/4111/3343 3346/4115/3346
f 3347/4116/3347 3348/4117/3348 3346/4115/3346 3345/4114/3345
f 3349/4118/3349 868/1022/868 3346/4115/3346 3348/4117/3348
f 3350/4119/3350 3351/4120/3351 3349/4118/3349 3348/4117/3348
f 3352/4121/3352 3353/4122/3353 3349/4118/3349 3351/4120/3351
f 869/1023/869 868/1022/868 3349/4118/3349 3353/4122/3353
f 3354/4123/3354 3355/4124/3355 3353/4122/3353 3352/4121/3352
f 3356/4125/3356 869/1023/869 3353/4122/3353 3355/4124/3355
f 864/1018/864 869/1023/869 3356/4125/3356 787/4126/787
f 3357/4127/3357 3358/4128/3358 3356/4125/3356 3355/4124/3355
f 786/4129/786 787/4126/787 3356/4125/3356 3358/4128/3358
f 688/788/688 690/791/690 3358/4128/3358 3357/4127/3357
f 691/792/691 786/4129/786 3358/4128/3358 690/791/690
f 3354/4123/3354 3359/4130/3359 3357/4127/3357 3355/4124/3355
f 3360/4131/3360 688/788/688 3357/4127/3357 3359/4130/3359
f 3361/4132/3361 680/778/680 3360/4131/3360 3359/4130/3359
f 678/775/678 677/774/677 3360/4131/3360 680/778/680
f 689/789/689 688/788/688 3360/4131/3360 677/774/677
f 3362/4133/3362 3361/4132/3361 3359/4130/3359 3354/4123/3354
f 861/1015/861 3362/4133/3362 3354/4123/3354 3352/4121/3352
f 860/1014/860 861/1015/861 3352/4121/3352 3351/4120/3351
f 1099/1307/1099 860/1014/860 3351/4120/3351 3350/4119/3350
f 3347/4116/3347 3363/4134/3363 3350/4119/3350 3348/4117/3348
f 1098/1306/1098 1099/1307/1099 3350/4119/3350 3363/4134/3363
f 3364/4135/3364 3365/4136/3365 3363/4134/3363 3347/4116/3347
f 1096/1304/1096 1098/1306/1098 3363/4134/3363 3365/4136/3365
f 3366/4137/3366 3367/4138/3367 3365/4136/3365 3364/4135/3364
f 3368/4139/3368 1096/1304/1096 3365/4136/3365 3367/4138/3367
f 3369/4140/3369 3370/4141/3370 3368/4142/3368 3367/4143/3367
f 3371/4144/3371 3372/4145/3372 3368/4142/3368 3370/4141/3370
f 1097/1305/1097 1096/1304/1096 3368/4139/3368 3372/4146/3372
f 3373/4147/3373 1039/1223/1039 3372/4145/3372 3371/4144/3371
f 985/1226/985 1097/4148/1097 3372/4145/3372 1039/1223/1039
f 3374/4149/3374 3375/4150/3375 3373/4147/3373 3371/4144/3371
f 1003/1184/1003 1002/1183/1002 3373/4147/3373 3375/4150/3375
f 966/1224/966 1039/1223/1039 3373/4147/3373 1002/1183/1002
f 1104/4151/1104 3376/4152/3376 3374/4149/3374 3377/4153/3377
f 3378/4154/3378 3375/4150/3375 3374/4149/3374 3376/4152/3376
f 3370/4141/3370 3377/4153/3377 3374/4149/3374 3371/4144/3371
f 1101/1309/1101 3379/4155/3379 3376/4152/3376 1104/4151/1104
f 884/1044/884 3378/4154/3378 3376/4152/3376 3379/4155/3379
f 1100/1308/1100 856/4156/856 3379/4155/3379 1101/1309/1101
f 858/1045/858 884/1044/884 3379/4155/3379 856/4156/856
f 1105/1313/1105 1104/1312/1104 3377/4157/3377 3380/4158/3380
f 3369/4140/3369 3380/4159/3380 3377/4153/3377 3370/4141/3370
f 1106/1316/1106 1105/1313/1105 3380/4158/3380 3381/4160/3381
f 3382/4161/3382 3381/4160/3381 3380/4158/3380 3369/4162/3369
f 2036/2433/2036 3381/4160/3381 3382/4161/3382 3336/4163/3336
f 3367/4138/3367 3366/4137/3366 3382/4164/3382 3369/4165/3369
f 3337/4104/3337 3336/4103/3336 3382/4164/3382 3366/4137/3366
f 2035/2432/2035 1106/1316/1106 3381/4160/3381 2036/2433/2036
f 3338/4105/3338 3337/4104/3337 3366/4137/3366 3364/4135/3364
f 3345/4114/3345 3338/4105/3338 3364/4135/3364 3347/4116/3347
f 3339/4106/3339 3338/4105/3338 3345/4114/3345 3341/4109/3341
f 2037/2434/2037 2036/2433/2036 3336/4163/3336 2057/4166/2057
f 2040/2437/2040 2037/2434/2037 2057/4166/2057 2054/2460/2054
f 3383/4167/3383 1959/2345/1959 2053/2451/2053 2052/2450/2052
f 1958/2344/1958 1959/2345/1959 3383/4167/3383 3384/4168/3384
f 1084/4169/1084 1077/1276/1077 3383/4167/3383 2052/2450/2052
f 1076/1275/1076 3384/4168/3384 3383/4167/3383 1077/1276/1077
f 1955/2341/1955 1958/2344/1958 3384/4168/3384 3385/4170/3385
f 3386/4171/3386 3385/4170/3385 3384/4168/3384 1076/1275/1076
f 3387/4172/3387 3385/4170/3385 3386/4171/3386 3388/4173/3388
f 1079/1280/1079 3389/4174/3389 3386/4175/3386 1076/4176/1076
f 3390/4177/3390 3388/4178/3388 3386/4175/3386 3389/4174/3389
f 1618/1955/1618 3388/4178/3388 3390/4177/3390 895/1059/895
f 3391/4179/3391 3392/4180/3392 3390/4177/3390 3389/4174/3389
f 799/929/799 895/1059/895 3390/4177/3390 3392/4180/3392
f 3393/4181/3393 3394/4182/3394 3392/4180/3392 3391/4179/3391
f 800/930/800 799/929/799 3392/4180/3392 3394/4182/3394
f 778/901/778 3395/4183/3395 3394/4182/3394 3393/4181/3393
f 3396/4184/3396 800/930/800 3394/4182/3394 3395/4183/3395
f 803/933/803 800/930/800 3396/4184/3396 3397/4185/3397
f 3398/4186/3398 3399/4187/3399 3396/4184/3396 3395/4183/3395
f 774/897/774 3397/4185/3397 3396/4184/3396 3399/4187/3399
f 804/934/804 803/933/803 3397/4185/3397 3400/4188/3400
f 773/896/773 3400/4188/3400 3397/4185/3397 774/897/774
f 801/931/801 804/934/804 3400/4188/3400 696/798/696
f 695/797/695 696/798/696 3400/4188/3400 773/896/773
f 775/898/775 3398/4186/3398 3395/4183/3395 778/901/778
f 1080/1279/1080 796/925/796 3393/4181/3393 3391/4179/3391
f 777/900/777 778/901/778 3393/4181/3393 796/925/796
f 1079/1280/1079 1080/1279/1080 3391/4179/3391 3389/4174/3389
f 1622/4189/1622 3401/4190/3401 3387/4172/3387 1619/4191/1619
f 1955/2341/1955 3385/4170/3385 3387/4172/3387 3401/4190/3401
f 1618/1955/1618 1619/1956/1619 3387/4192/3387 3388/4178/3388
f 1654/2322/1654 1940/2321/1940 3401/4190/3401 1622/4189/1622
f 1956/2342/1956 1955/2341/1955 3401/4190/3401 1940/2321/1940
f 1601/1935/1601 1926/2301/1926 2051/2448/2051 1599/1932/1599
f 2034/2431/2034 2038/2435/2038 2041/2438/2041 2044/2441/2044
f 1630/1967/1630 1625/1962/1625 2044/2441/2044 2043/2440/2043
f 1624/1961/1624 2034/2431/2034 2044/2441/2044 1625/1962/1625
f 1107/1317/1107 1106/1316/1106 2035/2432/2035 1641/1983/1641
f 1946/2332/1946 2012/2407/2012 2028/2425/2028 1947/2333/1947
f 3402/4193/3402 1947/2333/1947 2028/2425/2028 1976/2362/1976
f 1981/2367/1981 2008/2403/2008 2025/2422/2025 1982/2368/1982
f 3403/4194/3403 3404/4195/3404 2019/2416/2019 2018/2415/2018
f 3405/4196/3405 3406/4197/3406 2019/2416/2019 3404/4195/3404
f 2017/2414/2017 2016/2413/2016 2019/2416/2019 3406/4197/3406
f 3407/4198/3407 3408/4199/3408 3406/4197/3406 3405/4196/3405
f 3409/4200/3409 2017/2414/2017 3406/4197/3406 3408/4199/3408
f 3410/4201/3410 3411/4202/3411 3409/4200/3409 3408/4199/3408
f 1592/1924/1592 1633/1971/1633 3409/4200/3409 3411/4202/3411
f 1634/2411/1634 2017/2414/2017 3409/4200/3409 1633/1971/1633
f 3412/4203/3412 3413/4204/3413 3411/4202/3411 3410/4201/3410
f 1576/1901/1576 1592/1924/1592 3411/4202/3411 3413/4204/3413
f 3414/4205/3414 3415/4206/3415 3413/4204/3413 3412/4203/3412
f 1575/1902/1575 1576/1901/1576 3413/4204/3413 3415/4206/3415
f 1173/1397/1173 1176/1400/1176 3415/4207/3415 3414/4208/3414
f 1183/1407/1183 1575/1900/1575 3415/4207/3415 1176/1400/1176
f 3416/4209/3416 3417/4210/3417 3414/4205/3414 3412/4203/3412
f 1504/4211/1504 1173/1397/1173 3414/4208/3414 3417/4212/3417
f 3418/4213/3418 1419/1700/1419 3417/4210/3417 3416/4209/3416
f 1418/1697/1418 1504/1814/1504 3417/4210/3417 1419/1700/1419
f 3419/4214/3419 3420/4215/3420 3418/4213/3418 3421/4216/3421
f 1414/1701/1414 1419/1700/1419 3418/4213/3418 3420/4215/3420
f 3422/4217/3422 3421/4216/3421 3418/4213/3418 3416/4209/3416
f 3423/4218/3423 3421/4216/3421 3422/4217/3422 3407/4198/3407
f 3412/4203/3412 3410/4201/3410 3422/4217/3422 3416/4209/3416
f 3408/4199/3408 3407/4198/3407 3422/4217/3422 3410/4201/3410
f 3424/4219/3424 3425/4220/3425 3423/4218/3423 3426/4221/3426
f 3419/4214/3419 3421/4216/3421 3423/4218/3423 3425/4220/3425
f 3405/4196/3405 3426/4221/3426 3423/4218/3423 3407/4198/3407
f 3427/4222/3427 3428/4223/3428 3425/4220/3425 3424/4219/3424
f 3429/4224/3429 3419/4214/3419 3425/4220/3425 3428/4223/3428
f 3430/4225/3430 3431/4226/3431 3429/4224/3429 3428/4223/3428
f 3432/4227/3432 3433/4228/3433 3429/4224/3429 3431/4226/3431
f 3420/4215/3420 3419/4214/3419 3429/4224/3429 3433/4228/3433
f 3434/4229/3434 1413/4230/1413 3433/4228/3433 3432/4227/3432
f 1414/1701/1414 3420/4215/3420 3433/4228/3433 1413/4230/1413
f 3435/4231/3435 3436/4232/3436 3434/4233/3434 3432/4234/3432
f 3437/4235/3437 3438/4236/3438 3434/4233/3434 3436/4232/3436
f 1412/1689/1412 1413/1690/1413 3434/4233/3434 3438/4236/3438
f 3439/4237/3439 3440/4238/3440 3438/4236/3438 3437/4235/3437
f 1409/1686/1409 1412/1689/1412 3438/4236/3438 3440/4238/3440
f 1407/1684/1407 1408/1685/1408 3440/4238/3440 3439/4237/3439
f 1423/1706/1423 1409/1686/1409 3440/4238/3440 1408/1685/1408
f 3441/4239/3441 3442/4240/3442 3439/4237/3439 3437/4235/3437
f 3443/4241/3443 1407/1684/1407 3439/4237/3439 3442/4240/3442
f 3444/4242/3444 3445/4243/3445 3443/4241/3443 3442/4240/3442
f 3446/4244/3446 3447/4245/3447 3443/4241/3443 3445/4243/3445
f 1406/1683/1406 1407/1684/1407 3443/4241/3443 3447/4245/3447
f 3448/4246/3448 3449/4247/3449 3447/4245/3447 3446/4244/3446
f 1403/1680/1403 1406/1683/1406 3447/4245/3447 3449/4247/3449
f 3450/4248/3450 3451/4249/3451 3449/4247/3449 3448/4246/3448
f 3452/4250/3452 1403/1680/1403 3449/4247/3449 3451/4249/3451
f 3453/4251/3453 3454/4252/3454 3452/4253/3452 3451/4254/3451
f 3455/4255/3455 1439/1737/1439 3452/4253/3452 3454/4252/3454
f 1404/1681/1404 1403/1680/1403 3452/4250/3452 1439/4256/1439
f 3456/4257/3456 3457/4258/3457 3455/4255/3455 3454/4252/3454
f 3427/4222/3427 3458/4259/3458 3455/4255/3455 3457/4258/3457
f 1440/1738/1440 1439/1737/1439 3455/4255/3455 3458/4259/3458
f 3424/4219/3424 3459/4260/3459 3458/4259/3458 3427/4222/3427
f 1441/1741/1441 1440/1738/1440 3458/4259/3458 3459/4260/3459
f 3426/4221/3426 3460/4261/3460 3459/4260/3459 3424/4219/3424
f 3461/4262/3461 1441/1741/1441 3459/4260/3459 3460/4261/3460
f 1442/1742/1442 1441/1741/1441 3461/4262/3461 3462/4263/3462
f 3404/4195/3404 3403/4194/3403 3461/4262/3461 3460/4261/3460
f 3463/4264/3463 3462/4263/3462 3461/4262/3461 3403/4194/3403
f 3464/4265/3464 3462/4263/3462 3463/4264/3463 3465/4266/3465
f 2018/2415/2018 3466/4267/3466 3463/4264/3463 3403/4194/3403
f 3467/4268/3467 3465/4266/3465 3463/4264/3463 3466/4267/3466
f 1571/1896/1571 3465/4266/3465 3467/4268/3467 3468/4269/3468
f 1932/2310/1932 1931/2309/1931 3467/4268/3467 3466/4267/3466
f 3469/4270/3469 3468/4269/3468 3467/4268/3467 1931/2309/1931
f 3470/4271/3470 3468/4269/3468 3469/4270/3469 3471/4272/3471
f 1928/2304/1928 3472/4273/3472 3469/4270/3469 1931/2309/1931
f 3473/4274/3473 3471/4272/3471 3469/4270/3469 3472/4273/3472
f 1178/1402/1178 3471/4272/3471 3473/4274/3473 1182/1406/1182
f 1924/2297/1924 3474/4275/3474 3473/4274/3473 3472/4273/3472
f 3475/4276/3475 1182/1406/1182 3473/4274/3473 3474/4275/3474
f 1181/1405/1181 1182/1406/1182 3475/4276/3475 1170/1391/1170
f 1603/4277/1603 1602/4278/1602 3475/4276/3475 3474/4275/3474
f 1169/1392/1169 1170/1391/1170 3475/4276/3475 1602/4278/1602
f 1604/2299/1604 1603/4277/1603 3474/4275/3474 1924/2297/1924
f 1925/2298/1925 1924/2297/1924 3472/4273/3472 1928/2304/1928
f 1484/1791/1484 1483/1790/1483 3470/4271/3470 1177/1401/1177
f 1571/1896/1571 3468/4269/3468 3470/4271/3470 1483/1790/1483
f 1178/1402/1178 1177/1401/1177 3470/4271/3470 3471/4272/3471
f 1933/2311/1933 1932/2310/1932 3466/4267/3466 2018/2415/2018
f 3476/4279/3476 1445/1747/1445 3464/4265/3464 1570/1895/1570
f 1442/1742/1442 3462/4263/3462 3464/4265/3464 1445/1747/1445
f 1571/1896/1571 1570/1895/1570 3464/4265/3464 3465/4266/3465
f 1317/1736/1317 3477/4280/3477 3476/4279/3476 1438/1733/1438
f 1444/1748/1444 1445/1747/1445 3476/4279/3476 3477/4280/3477
f 1569/1894/1569 1438/1733/1438 3476/4279/3476 1570/1895/1570
f 1318/4281/1318 3478/4282/3478 3477/4283/3477 1317/4284/1317
f 1443/1743/1443 1444/1746/1444 3477/4283/3477 3478/4282/3478
f 3479/4285/3479 3480/4286/3480 3478/4282/3478 1318/4281/1318
f 3481/4287/3481 1443/1743/1443 3478/4282/3478 3480/4286/3480
f 1432/1744/1432 1443/1743/1443 3481/4287/3481 3482/4288/3482
f 3483/4289/3483 3484/4290/3484 3481/4287/3481 3480/4286/3480
f 3485/4291/3485 3482/4288/3482 3481/4287/3481 3484/4290/3484
f 1463/4292/1463 3482/4288/3482 3485/4291/3485 1462/4293/1462
f 1492/1800/1492 1507/1819/1507 3485/4291/3485 3484/4290/3484
f 1461/4294/1461 1462/4293/1462 3485/4291/3485 1507/1819/1507
f 1489/1797/1489 1492/1800/1492 3484/4290/3484 3483/4289/3483
f 1540/1863/1540 1489/1797/1489 3483/4289/3483 3486/4295/3486
f 3479/4285/3479 3486/4295/3486 3483/4289/3483 3480/4286/3480
f 1433/4296/1433 3487/4297/3487 3486/4295/3486 3479/4285/3479
f 1538/1861/1538 1540/1863/1540 3486/4295/3486 3487/4297/3487
f 1434/4298/1434 1527/1843/1527 3487/4297/3487 1433/4296/1433
f 1528/1846/1528 1538/1861/1538 3487/4297/3487 1527/1843/1527
f 1431/1721/1431 1432/4299/1432 3482/4300/3482 1463/1766/1463
f 1313/1565/1313 1433/1726/1433 3479/4301/3479 1318/1570/1318
f 3405/4196/3405 3404/4195/3404 3460/4261/3460 3426/4221/3426
f 3488/4302/3488 3430/4225/3430 3457/4258/3457 3456/4257/3456
f 3428/4223/3428 3427/4222/3427 3457/4258/3457 3430/4225/3430
f 3489/4303/3489 3490/4304/3490 3488/4302/3488 3456/4257/3456
f 3491/4305/3491 3492/4306/3492 3488/4302/3488 3490/4304/3490
f 3431/4226/3431 3430/4225/3430 3488/4302/3488 3492/4306/3492
f 3493/4307/3493 3435/4308/3435 3492/4306/3492 3491/4305/3491
f 3432/4227/3432 3431/4226/3431 3492/4306/3492 3435/4308/3435
f 1401/1678/1401 1400/1677/1400 3493/4309/3493 3491/4310/3491
f 1399/1676/1399 3494/4311/3494 3493/4309/3493 1400/1677/1400
f 3436/4312/3436 3435/4313/3435 3493/4309/3493 3494/4311/3494
f 3495/4314/3495 3441/4239/3441 3494/4315/3494 1399/4316/1399
f 3437/4235/3437 3436/4232/3436 3494/4315/3494 3441/4239/3441
f 1395/4317/1395 3496/4318/3496 3495/4314/3495 1399/4316/1399
f 3497/4319/3497 3444/4242/3444 3495/4314/3495 3496/4318/3496
f 3442/4240/3442 3441/4239/3441 3495/4314/3495 3444/4242/3444
f 1384/1658/1384 1385/1657/1385 3497/4319/3497 3496/4318/3496
f 3498/4320/3498 3499/4321/3499 3497/4319/3497 1385/1657/1385
f 3445/4243/3445 3444/4242/3444 3497/4319/3497 3499/4321/3499
f 3500/4322/3500 3501/4323/3501 3499/4321/3499 3498/4320/3498
f 3446/4244/3446 3445/4243/3445 3499/4321/3499 3501/4323/3501
f 3502/4324/3502 3503/4325/3503 3501/4323/3501 3500/4322/3500
f 3448/4246/3448 3446/4244/3446 3501/4323/3501 3503/4325/3503
f 3504/4326/3504 3505/4327/3505 3503/4325/3503 3502/4324/3502
f 3450/4248/3450 3448/4246/3448 3503/4325/3503 3505/4327/3505
f 3506/4328/3506 3507/4329/3507 3505/4327/3505 3504/4326/3504
f 3508/4330/3508 3450/4248/3450 3505/4327/3505 3507/4329/3507
f 3509/4331/3509 3510/4332/3510 3508/4330/3508 3507/4329/3507
f 3489/4303/3489 3453/4251/3453 3508/4333/3508 3510/4334/3510
f 3451/4249/3451 3450/4248/3450 3508/4330/3508 3453/4335/3453
f 1393/4336/1393 1402/4337/1402 3510/4334/3510 3509/4338/3509
f 3490/4304/3490 3489/4303/3489 3510/4334/3510 1402/4337/1402
f 3506/4328/3506 3511/4339/3511 3509/4331/3509 3507/4329/3507
f 1392/4340/1392 1393/4341/1393 3509/4331/3509 3511/4339/3511
f 3512/4342/3512 3513/4343/3513 3511/4339/3511 3506/4328/3506
f 1391/1666/1391 1392/1667/1392 3511/4344/3511 3513/4345/3513
f 1378/1650/1378 3514/4346/3514 3513/4345/3513 3512/4347/3512
f 1379/1651/1379 1391/1666/1391 3513/4345/3513 3514/4346/3514
f 1374/1643/1374 1378/4348/1378 3512/4342/3512 1386/1661/1386
f 3504/4326/3504 1386/1661/1386 3512/4342/3512 3506/4328/3506
f 1387/1662/1387 1386/1661/1386 3504/4326/3504 3502/4324/3502
f 1388/1663/1388 1387/1662/1387 3502/4324/3502 3500/4322/3500
f 3515/4349/3515 1388/1663/1388 3500/4322/3500 3498/4320/3498
f 1381/1653/1381 1346/4350/1346 3515/4351/3515 1382/1654/1382
f 1348/1610/1348 1388/1663/1388 3515/4349/3515 1346/1608/1346
f 1385/4352/1385 1382/1654/1382 3515/4351/3515 3498/4353/3498
f 1383/4354/1383 1384/1658/1384 3496/4318/3496 1395/4317/1395
f 1402/4337/1402 1401/4355/1401 3491/4305/3491 3490/4304/3490
f 3454/4252/3454 3453/4251/3453 3489/4303/3489 3456/4257/3456
f 2002/2396/2002 1915/2288/1915 2007/2402/2007 2003/2397/2003
f 1892/2265/1892 3516/4356/3516 2002/2396/2002 1893/2266/1893
f 3517/4357/3517 1915/2288/1915 2002/2396/2002 3516/4356/3516
f 1824/2186/1824 3518/4358/3518 3516/4356/3516 1892/2265/1892
f 3519/4359/3519 3517/4357/3517 3516/4356/3516 3518/4358/3518
f 1829/2195/1829 3517/4357/3517 3519/4359/3519 1819/2196/1819
f 3520/4360/3520 3521/4361/3521 3519/4359/3519 3518/4358/3518
f 1818/4362/1818 1819/2196/1819 3519/4359/3519 3521/4361/3521
f 3522/4363/3522 3523/4364/3523 3521/4361/3521 3520/4360/3520
f 3524/4365/3524 1818/2178/1818 3521/4366/3521 3523/4367/3523
f 1817/2177/1817 1818/2178/1818 3524/4365/3524 3525/4368/3525
f 3526/4369/3526 1780/2127/1780 3524/4365/3524 3523/4367/3523
f 1779/2126/1779 3525/4368/3525 3524/4365/3524 1780/2127/1780
f 3522/4370/3522 1746/2088/1746 3526/4371/3526 3523/4372/3523
f 1743/2085/1743 3527/4373/3527 3526/4371/3526 1746/2088/1746
f 1776/2128/1776 1780/2127/1780 3526/4369/3526 3527/4374/3527
f 1742/4375/1742 3528/4376/3528 3527/4374/3527 1743/4377/1743
f 1777/4378/1777 1776/2128/1776 3527/4374/3527 3528/4376/3528
f 1758/4379/1758 1757/4380/1757 3528/4376/3528 1742/4375/1742
f 3529/4381/3529 1777/4378/1777 3528/4376/3528 1757/4380/1757
f 1772/2119/1772 1777/2124/1777 3529/4382/3529 3530/4383/3530
f 1754/2096/1754 3531/4384/3531 3529/4382/3529 1757/2099/1757
f 3532/4385/3532 3530/4383/3530 3529/4382/3529 3531/4384/3531
f 1704/2046/1704 3530/4383/3530 3532/4385/3532 1703/2045/1703
f 1676/2018/1676 1675/2017/1675 3532/4385/3532 3531/4384/3531
f 1701/2043/1701 1703/2045/1703 3532/4385/3532 1675/2017/1675
f 1679/2021/1679 1676/2018/1676 3531/4384/3531 1754/2096/1754
f 1771/2118/1771 1772/2119/1772 3530/4383/3530 1704/2046/1704
f 1664/2006/1664 1817/2177/1817 3525/4368/3525 1661/2003/1661
f 1802/2154/1802 1661/4386/1661 3525/4387/3525 1779/2155/1779
f 1816/2175/1816 1811/2170/1811 3522/4370/3522 3520/4388/3520
f 1745/2087/1745 1746/2088/1746 3522/4370/3522 1811/2170/1811
f 1824/2186/1824 1816/2189/1816 3520/4360/3520 3518/4358/3518
f 1941/2323/1941 1936/2326/1936 2000/2392/2000 2073/2478/2073
f 1944/2330/1944 2001/2393/2001 2000/2392/2000 1936/2326/1936
f 3533/4389/3533 3534/4390/3534 1998/2390/1998 3535/4391/3535
f 1566/1891/1566 1997/2389/1997 1998/2390/1998 3534/4390/3534
f 1983/2369/1983 3535/4391/3535 1998/2390/1998 1984/2370/1984
f 3536/4392/3536 3537/4393/3537 3534/4390/3534 3533/4389/3533
f 1567/1892/1567 1566/1891/1566 3534/4390/3534 3537/4393/3537
f 3538/4394/3538 1593/1926/1593 3537/4393/3537 3536/4392/3536
f 1568/1893/1568 1567/1892/1567 3537/4393/3537 1593/1926/1593
f 3539/4395/3539 3540/4396/3540 3538/4394/3538 3541/4397/3541
f 1594/1927/1594 1593/1926/1593 3538/4394/3538 3540/4396/3540
f 3542/4398/3542 3541/4397/3541 3538/4394/3538 3536/4392/3536
f 3543/4399/3543 3541/4397/3541 3542/4398/3542 1502/1812/1502
f 3533/4389/3533 3544/4400/3544 3542/4398/3542 3536/4392/3536
f 1503/1813/1503 1502/1812/1502 3542/4398/3542 3544/4400/3544
f 3535/4391/3535 3545/4401/3545 3544/4400/3544 3533/4389/3533
f 1163/1384/1163 1503/1813/1503 3544/4400/3544 3545/4401/3545
f 1983/2369/1983 3546/4402/3546 3545/4401/3545 3535/4391/3535
f 1164/1385/1164 1163/1384/1163 3545/4401/3545 3546/4402/3546
f 1920/2372/1920 3547/4403/3547 3546/4402/3546 1983/2369/1983
f 1165/1386/1165 1164/1385/1164 3546/4402/3546 3547/4403/3547
f 1923/4404/1923 1536/1857/1536 3547/4403/3547 1920/2372/1920
f 1509/1821/1509 1165/1386/1165 3547/4403/3547 1536/1857/1536
f 1541/1864/1541 3548/4405/3548 3543/4399/3543 1539/1865/1539
f 3539/4395/3539 3541/4397/3541 3543/4399/3543 3548/4405/3548
f 1490/1803/1490 1539/1865/1539 3543/4399/3543 1502/1812/1502
f 1546/1871/1546 3549/4406/3549 3548/4405/3548 1541/1864/1541
f 3550/4407/3550 3539/4395/3539 3548/4405/3548 3549/4406/3549
f 3551/4408/3551 3552/4409/3552 3550/4407/3550 3549/4406/3549
f 3553/4410/3553 3554/4411/3554 3550/4407/3550 3552/4409/3552
f 3540/4396/3540 3539/4395/3539 3550/4407/3550 3554/4411/3554
f 3555/4412/3555 1597/1930/1597 3554/4411/3554 3553/4410/3553
f 1594/1927/1594 3540/4396/3540 3554/4411/3554 1597/1930/1597
f 1471/1778/1471 1472/1779/1472 3555/4412/3555 3553/4410/3553
f 1167/1388/1167 1166/1387/1166 3555/4412/3555 1472/1779/1472
f 1598/1931/1598 1597/1930/1597 3555/4412/3555 1166/1387/1166
f 3556/4413/3556 1471/1778/1471 3553/4410/3553 3552/4409/3552
f 1578/4414/1578 3557/4415/3557 3556/4413/3556 3558/4416/3558
f 1470/1777/1470 1471/1778/1471 3556/4413/3556 3557/4415/3557
f 3551/4408/3551 3558/4416/3558 3556/4413/3556 3552/4409/3552
f 1573/1898/1573 3559/4417/3559 3557/4418/3557 1578/1905/1578
f 1468/4419/1468 1470/4420/1470 3557/4418/3557 3559/4417/3559
f 1183/1407/1183 1180/1404/1180 3559/4417/3559 1573/1898/1573
f 1179/1403/1179 1468/4419/1468 3559/4417/3559 1180/1404/1180
f 1579/4421/1579 1578/4414/1578 3558/4416/3558 3560/4422/3560
f 1563/1888/1563 3560/4422/3560 3558/4416/3558 3551/4408/3551
f 1586/4423/1586 1579/4421/1579 3560/4422/3560 3561/4424/3561
f 1523/1840/1523 3561/4424/3561 3560/4422/3560 1563/1888/1563
f 1522/1835/1522 1572/1897/1572 3561/4425/3561 1523/1836/1523
f 1584/1912/1584 1586/1914/1586 3561/4426/3561 1572/4427/1572
f 1546/1871/1546 1563/1888/1563 3551/4408/3551 3549/4406/3549
f 1566/1891/1566 1552/1877/1552 1995/2387/1995 1997/2389/1997
f 1862/2232/1862 1881/2254/1881 1993/2385/1993 1843/2212/1843
f 1974/2360/1974 1863/2233/1863 1993/2385/1993 1972/2358/1972
f 1844/2213/1844 1843/2212/1843 1993/2385/1993 1863/2233/1863
f 1467/1773/1467 1466/1772/1466 1987/2375/1987 1559/2378/1559
f 1882/2255/1882 1883/2256/1883 1978/2364/1978 1977/2363/1977
f 1948/2334/1948 3402/4193/3402 1976/2362/1976 1973/2359/1973
f 1863/2233/1863 1974/2360/1974 1975/2361/1975 1864/2234/1864
f 1878/2251/1878 3562/4428/3562 1975/2361/1975 1968/2354/1968
f 1865/2235/1865 1864/2234/1864 1975/2361/1975 3562/4428/3562
f 1880/2253/1880 3563/4429/3563 3562/4428/3562 1878/2251/1878
f 3564/4430/3564 1865/2235/1865 3562/4428/3562 3563/4429/3563
f 1842/2211/1842 1865/2235/1865 3564/4430/3564 1839/2208/1839
f 1806/2163/1806 1782/2131/1782 3564/4430/3564 3563/4429/3563
f 1781/2130/1781 1839/2208/1839 3564/4430/3564 1782/2131/1782
f 1810/4431/1810 1806/2163/1806 3563/4429/3563 1880/2253/1880
f 1879/2252/1879 1878/2251/1878 1968/2354/1968 1965/2351/1965
f 1909/2282/1909 1879/2252/1879 1965/2351/1965 1964/2350/1964
f 1917/2290/1917 1909/2282/1909 1964/2350/1964 33/40/33
f 1940/2321/1940 1938/2318/1938 1963/2349/1963 1956/2342/1956
f 1866/2236/1866 1869/2239/1869 1953/2339/1953 1951/2337/1951
f 1837/2205/1837 1866/2236/1866 1951/2337/1951 1854/2223/1854
f 1659/2001/1659 1660/2002/1660 1945/2331/1945 1942/2327/1942
f 3565/4432/3565 3566/4433/3566 1945/2331/1945 1660/2002/1660
f 1136/1352/1136 1612/1949/1612 1945/2331/1945 3566/4433/3566
f 1060/1259/1060 1116/1329/1116 3566/4433/3566 3565/4432/3565
f 1115/1328/1115 1136/1352/1136 3566/4433/3566 1116/1329/1116
f 1657/1999/1657 1656/1998/1656 3565/4432/3565 1660/2002/1660
f 1058/1257/1058 1060/1259/1060 3565/4432/3565 1656/1998/1656
f 1925/2298/1925 1930/2306/1930 1923/2296/1923 1922/2295/1922
f 1535/2308/1535 1536/4434/1536 1923/2296/1923 1930/2306/1930
f 1910/2283/1910 1909/2282/1909 1917/2290/1917 1916/2289/1916
f 1830/2197/1830 1910/2283/1910 1916/2289/1916 1829/2195/1829
f 1658/4435/1658 1659/4436/1659 1913/2286/1913 1912/2285/1912
f 3567/4437/3567 3568/4438/3568 1912/2285/1912 1650/1992/1650
f 1655/1997/1655 1658/2000/1658 1912/4439/1912 3568/4440/3568
f 3569/4441/3569 3570/4442/3570 3568/4438/3568 3567/4437/3567
f 3571/4443/3571 1655/1997/1655 3568/4440/3568 3570/4444/3570
f 1656/1998/1656 1655/1997/1655 3571/4443/3571 1058/1257/1058
f 3572/4445/3572 3573/4446/3573 3571/4443/3571 3570/4444/3570
f 1059/1258/1059 1058/1257/1058 3571/4443/3571 3573/4446/3573
f 1072/1271/1072 3574/4447/3574 3573/4446/3573 3572/4445/3572
f 1061/1260/1061 1059/1258/1059 3573/4446/3573 3574/4447/3574
f 1075/1274/1075 3575/4448/3575 3574/4447/3574 1072/1271/1072
f 930/1097/930 1061/1260/1061 3574/4447/3574 3575/4448/3575
f 931/1098/931 930/1097/930 3575/4448/3575 3576/4449/3576
f 3577/4450/3577 3576/4449/3576 3575/4448/3575 1075/1274/1075
f 1074/1302/1074 3578/4451/3578 3577/4452/3577 1075/4453/1075
f 907/1071/907 906/1070/906 3577/4452/3577 3578/4451/3578
f 3579/4454/3579 3576/4449/3576 3577/4450/3577 906/4455/906
f 931/1098/931 3576/4449/3576 3579/4454/3579 940/1111/940
f 903/4456/903 937/1106/937 3579/4454/3579 906/4455/906
f 936/1105/936 940/1111/940 3579/4454/3579 937/1106/937
f 1094/1301/1094 3580/4457/3580 3578/4451/3578 1074/1302/1074
f 904/1068/904 907/1071/907 3578/4451/3578 3580/4457/3580
f 3581/4458/3581 3582/4459/3582 3580/4457/3580 1094/1301/1094
f 905/1069/905 904/1068/904 3580/4457/3580 3582/4459/3582
f 3583/4460/3583 3584/4461/3584 3582/4459/3582 3581/4458/3581
f 3585/4462/3585 905/1069/905 3582/4459/3582 3584/4461/3584
f 902/1066/902 905/1069/905 3585/4462/3585 941/1112/941
f 3586/4463/3586 3587/4464/3587 3585/4462/3585 3584/4461/3584
f 3588/4465/3588 941/1112/941 3585/4462/3585 3587/4464/3587
f 925/1092/925 941/1112/941 3588/4465/3588 918/1084/918
f 934/1103/934 933/1100/933 3588/4465/3588 3587/4464/3587
f 917/1081/917 918/1084/918 3588/4465/3588 933/1100/933
f 3589/4466/3589 934/1103/934 3587/4464/3587 3586/4463/3586
f 3590/4467/3590 3591/4468/3591 3589/4466/3589 3586/4463/3586
f 947/1120/947 946/1119/946 3589/4466/3589 3591/4468/3591
f 935/1104/935 934/1103/934 3589/4466/3589 946/1119/946
f 3592/4469/3592 3593/4470/3593 3591/4468/3591 3590/4467/3590
f 950/1123/950 947/1120/947 3591/4468/3591 3593/4470/3593
f 3594/4471/3594 3595/4472/3595 3593/4470/3593 3592/4469/3592
f 3596/4473/3596 950/1123/950 3593/4470/3593 3595/4472/3595
f 3597/4474/3597 891/1053/891 3596/4473/3596 3595/4472/3595
f 855/1052/855 943/1115/943 3596/4473/3596 891/1053/891
f 951/1124/951 950/1123/950 3596/4473/3596 943/1115/943
f 3594/4471/3594 3598/4475/3598 3597/4474/3597 3595/4472/3595
f 3599/4476/3599 3600/4477/3600 3597/4474/3597 3598/4475/3598
f 889/1050/889 891/1053/891 3597/4474/3597 3600/4477/3600
f 3601/4478/3601 3602/4479/3602 3600/4477/3600 3599/4476/3599
f 3603/4480/3603 889/1050/889 3600/4477/3600 3602/4479/3602
f 3604/4481/3604 3605/4482/3605 3603/4480/3603 3602/4479/3602
f 3606/4483/3606 956/4484/956 3603/4480/3603 3605/4482/3605
f 890/1051/890 889/1050/889 3603/4480/3603 956/4484/956
f 3607/4485/3607 3608/4486/3608 3606/4483/3606 3605/4482/3605
f 1027/1211/1027 1040/1228/1040 3606/4487/3606 3608/4488/3608
f 957/1229/957 956/4489/956 3606/4490/3606 1040/1230/1040
f 3609/4491/3609 3610/4492/3610 3608/4486/3608 3607/4485/3607
f 1025/1209/1025 1027/1211/1027 3608/4488/3608 3610/4493/3610
f 955/1130/955 894/1133/894 3610/4492/3610 3609/4491/3609
f 855/1009/855 1025/1209/1025 3610/4493/3610 894/4494/894
f 1019/1200/1019 955/1130/955 3609/4491/3609 3611/4495/3611
f 3612/4496/3612 3611/4495/3611 3609/4491/3609 3607/4485/3607
f 3613/4497/3613 3611/4495/3611 3612/4496/3612 3614/4498/3614
f 3605/4482/3605 3604/4481/3604 3612/4496/3612 3607/4485/3607
f 3615/4499/3615 3614/4498/3614 3612/4496/3612 3604/4481/3604
f 3616/4500/3616 3614/4498/3614 3615/4499/3615 3617/4501/3617
f 3602/4479/3602 3601/4478/3601 3615/4499/3615 3604/4481/3604
f 3618/4502/3618 3617/4501/3617 3615/4499/3615 3601/4478/3601
f 3619/4503/3619 3617/4501/3617 3618/4502/3618 3620/4504/3620
f 3599/4476/3599 3621/4505/3621 3618/4502/3618 3601/4478/3601
f 3622/4506/3622 3620/4504/3620 3618/4502/3618 3621/4505/3621
f 3623/4507/3623 3620/4504/3620 3622/4506/3622 3624/4508/3624
f 3625/4509/3625 3626/4510/3626 3622/4506/3622 3621/4505/3621
f 3627/4511/3627 3624/4508/3624 3622/4506/3622 3626/4510/3626
f 3628/4512/3628 3624/4508/3624 3627/4511/3627 3629/4513/3629
f 3630/4514/3630 3631/4515/3631 3627/4511/3627 3626/4510/3626
f 3632/4516/3632 3629/4513/3629 3627/4511/3627 3631/4515/3631
f 3633/4517/3633 3629/4513/3629 3632/4516/3632 3634/4518/3634
f 1093/1300/1093 1095/1303/1095 3632/4516/3632 3631/4515/3631
f 3635/4519/3635 3634/4518/3634 3632/4516/3632 1095/1303/1095
f 3567/4437/3567 3636/4520/3636 3633/4517/3633 3569/4441/3569
f 3628/4512/3628 3629/4513/3629 3633/4517/3633 3636/4520/3636
f 3637/4521/3637 3569/4441/3569 3633/4517/3633 3634/4518/3634
f 3570/4444/3570 3569/4522/3569 3637/4523/3637 3572/4445/3572
f 3635/4519/3635 1073/4524/1073 3637/4521/3637 3634/4518/3634
f 1072/1271/1072 3572/4445/3572 3637/4523/3637 1073/1272/1073
f 1650/1992/1650 1649/1991/1649 3636/4520/3636 3567/4437/3567
f 1648/1990/1648 3628/4512/3628 3636/4520/3636 1649/1991/1649
f 3638/4525/3638 1093/1300/1093 3631/4515/3631 3630/4514/3630
f 3639/4526/3639 3640/4527/3640 3638/4525/3638 3630/4514/3630
f 3583/4460/3583 3581/4458/3581 3638/4525/3638 3640/4527/3640
f 1094/1301/1094 1093/1300/1093 3638/4525/3638 3581/4458/3581
f 3594/4471/3594 3592/4469/3592 3640/4527/3640 3639/4526/3639
f 3590/4467/3590 3583/4460/3583 3640/4527/3640 3592/4469/3592
f 3626/4510/3626 3625/4509/3625 3639/4526/3639 3630/4514/3630
f 3598/4475/3598 3594/4471/3594 3639/4526/3639 3625/4509/3625
f 3623/4507/3623 3624/4508/3624 3628/4512/3628 1648/1990/1648
f 3599/4476/3599 3598/4475/3598 3625/4509/3625 3621/4505/3621
f 1647/1989/1647 3641/4528/3641 3623/4507/3623 1648/1990/1648
f 3619/4503/3619 3620/4504/3620 3623/4507/3623 3641/4528/3641
f 1646/1988/1646 3642/4529/3642 3641/4528/3641 1647/1989/1647
f 3643/4530/3643 3619/4503/3619 3641/4528/3641 3642/4529/3642
f 3644/4531/3644 3645/4532/3645 3643/4530/3643 3642/4529/3642
f 3646/4533/3646 3616/4500/3616 3643/4530/3643 3645/4532/3645
f 3617/4501/3617 3619/4503/3619 3643/4530/3643 3616/4500/3616
f 1089/1295/1089 1023/1207/1023 3646/4533/3646 3645/4532/3645
f 1020/1201/1020 3613/4497/3613 3646/4533/3646 1023/1207/1023
f 3614/4498/3614 3616/4500/3616 3646/4533/3646 3613/4497/3613
f 1092/1299/1092 1089/1295/1089 3645/4532/3645 3644/4531/3644
f 1127/1342/1127 1092/1299/1092 3644/4531/3644 3647/4534/3647
f 1646/1988/1646 3647/4534/3647 3644/4531/3644 3642/4529/3642
f 1128/1343/1128 1127/1342/1127 3647/4534/3647 1636/1975/1636
f 1637/1976/1637 1636/1975/1636 3647/4534/3647 1646/1988/1646
f 1019/1200/1019 3611/4495/3611 3613/4497/3613 1020/1201/1020
f 3584/4461/3584 3583/4460/3583 3590/4467/3590 3586/4463/3586
f 1992/2384/1992 3111/3800/3111 1907/2280/1907 1580/1907/1580
f 3648/4535/3648 1855/2224/1855 1906/2279/1906 2009/2404/2009
f 1860/2230/1860 1859/2229/1859 3648/4535/3648 2009/2404/2009
f 3649/4536/3649 3650/4537/3650 3648/4535/3648 1859/2229/1859
f 1797/2148/1797 1855/2224/1855 3648/4535/3648 3650/4537/3650
f 1826/2191/1826 3651/4538/3651 3650/4537/3650 3649/4536/3649
f 1798/2149/1798 1797/2148/1797 3650/4537/3650 3651/4538/3651
f 1825/2190/1825 1832/2199/1832 3651/4538/3651 1826/2191/1826
f 1801/2152/1801 1798/2149/1798 3651/4538/3651 1832/2199/1832
f 1850/2219/1850 3652/4539/3652 3649/4536/3649 1859/2229/1859
f 1827/2192/1827 1826/2191/1826 3649/4536/3649 3652/4539/3652
f 1848/2217/1848 3653/4540/3653 3652/4539/3652 1850/2219/1850
f 1766/2111/1766 1827/2192/1827 3652/4539/3652 3653/4540/3653
f 1847/2216/1847 3654/4541/3654 3653/4540/3653 1848/2217/1848
f 1767/2112/1767 1766/2111/1766 3653/4540/3653 3654/4541/3654
f 3655/4542/3655 1898/2271/1898 1904/2277/1904 1858/2228/1858
f 1857/2227/1857 3656/4543/3656 3655/4542/3655 1858/2228/1858
f 1809/2181/1809 1820/2180/1820 3655/4542/3655 3656/4543/3656
f 1895/2268/1895 1898/2271/1898 3655/4542/3655 1820/2180/1820
f 1763/2226/1763 1764/4544/1764 3656/4543/3656 1857/2227/1857
f 1808/4545/1808 1809/2181/1809 3656/4543/3656 1764/4544/1764
f 1860/2230/1860 2009/2404/2009 1994/2386/1994 1883/2256/1883
f 1823/2187/1823 1824/2186/1824 1892/2265/1892 1889/2262/1889
f 1822/2184/1822 1823/2185/1823 1889/4546/1889 1888/4547/1888
f 3657/4548/3657 1822/2184/1822 1888/4547/1888 3658/4549/3658
f 1875/2394/1875 3658/4550/3658 1888/2261/1888 1891/2264/1891
f 3659/4551/3659 1813/2172/1813 3657/4548/3657 1838/4552/1838
f 1814/2173/1814 1822/2184/1822 3657/4548/3657 1813/2172/1813
f 1836/4553/1836 1838/4552/1838 3657/4548/3657 3658/4549/3658
f 3660/4554/3660 3661/4555/3661 3659/4551/3659 1790/2140/1790
f 1812/2171/1812 1813/2172/1813 3659/4551/3659 3661/4555/3661
f 1791/2141/1791 1790/2140/1790 3659/4551/3659 1838/4552/1838
f 1733/2075/1733 3662/4556/3662 3661/4555/3661 3660/4554/3660
f 1744/2086/1744 1812/2171/1812 3661/4555/3661 3662/4556/3662
f 1729/2071/1729 3663/4557/3663 3662/4556/3662 1733/2075/1733
f 1741/2083/1741 1744/2086/1744 3662/4556/3662 3663/4557/3663
f 1728/2070/1728 3664/4558/3664 3663/4557/3663 1729/2071/1729
f 1740/2082/1740 1741/2083/1741 3663/4557/3663 3664/4558/3664
f 3665/4559/3665 1688/2030/1688 3664/4558/3664 1728/2070/1728
f 1689/2031/1689 1740/2082/1740 3664/4558/3664 1688/2030/1688
f 3666/4560/3666 3667/4561/3667 3665/4559/3665 3668/4562/3668
f 1687/2029/1687 1688/2030/1688 3665/4559/3665 3667/4561/3667
f 1731/2073/1731 3668/4562/3668 3665/4559/3665 1728/2070/1728
f 1671/2013/1671 1674/2016/1674 3667/4561/3667 3666/4560/3666
f 1677/2019/1677 1687/2029/1687 3667/4561/3667 1674/2016/1674
f 3669/4563/3669 1671/2013/1671 3666/4560/3666 3670/4564/3670
f 3671/4565/3671 3670/4564/3670 3666/4560/3666 3668/4562/3668
f 1691/2033/1691 3670/4564/3670 3671/4565/3671 1682/2024/1682
f 1731/2073/1731 1668/2010/1668 3671/4565/3671 3668/4562/3668
f 1667/2009/1667 1682/2024/1682 3671/4565/3671 1668/2010/1668
f 3672/4566/3672 3673/4567/3673 3669/4563/3669 1695/2037/1695
f 1672/2014/1672 1671/2013/1671 3669/4563/3669 3673/4567/3673
f 1691/2033/1691 1695/2037/1695 3669/4563/3669 3670/4564/3670
f 1702/2044/1702 1701/2043/1701 3673/4567/3673 3672/4566/3672
f 1675/2017/1675 1672/2014/1672 3673/4567/3673 1701/2043/1701
f 1734/2076/1734 1733/2075/1733 3660/4554/3660 1750/2092/1750
f 1747/2089/1747 1750/2092/1750 3660/4554/3660 1790/2140/1790
f 1867/2237/1867 1836/2204/1836 3658/4568/3658 1875/2247/1875
f 1804/2157/1804 1810/4431/1810 1880/2253/1880 1831/2198/1831
f 1837/2205/1837 1836/2204/1836 1867/2237/1867 1866/2236/1866
f 1839/2208/1839 1781/2130/1781 1847/2216/1847 1840/2209/1840
f 1783/2133/1783 3654/4541/3654 1847/2216/1847 1781/2130/1781
f 1778/2160/1778 1774/4569/1774 1810/4431/1810 1804/2157/1804
f 1753/2095/1753 3674/4570/3674 1808/2166/1808 1764/2109/1764
f 1751/2093/1751 1807/2165/1807 1808/2166/1808 3674/4570/3674
f 1670/2012/1670 1732/2074/1732 3674/4570/3674 1753/2095/1753
f 1735/2077/1735 1751/2093/1751 3674/4570/3674 1732/2074/1732
f 1748/2090/1748 1785/2135/1785 1807/2165/1807 1751/2093/1751
f 1662/2004/1662 1661/2003/1661 1802/4571/1802 3675/4572/3675
f 1666/4573/1666 3675/4574/3675 1802/2154/1802 1665/2153/1665
f 1738/2080/1738 3676/4575/3676 1795/4576/1795 1759/4577/1759
f 3677/4578/3677 1794/4579/1794 1795/4576/1795 3676/4575/3676
f 1705/2047/1705 1715/2057/1715 3677/4578/3677 3676/4575/3676
f 1716/2058/1716 1761/2106/1761 3677/4578/3677 1715/2057/1715
f 1762/2107/1762 1794/4579/1794 3677/4578/3677 1761/2106/1761
f 1706/2048/1706 1705/2047/1705 3676/4575/3676 1738/2080/1738
f 1767/2112/1767 3654/4541/3654 1783/2133/1783 1768/2132/1768
f 1699/2041/1699 1719/2061/1719 1771/2118/1771 1704/2046/1704
f 1723/2065/1723 1722/2064/1722 1758/2100/1758 1742/2084/1742
f 1725/2067/1725 3678/4580/3678 1756/2098/1756 1722/2064/1722
f 1678/2020/1678 1679/2021/1679 1756/2098/1756 3678/4580/3678
f 1690/2032/1690 1685/2027/1685 3678/4580/3678 1725/2067/1725
f 1677/2019/1677 1678/2020/1678 3678/4580/3678 1685/2027/1685
f 1690/2032/1690 1727/2069/1727 1740/2082/1740 1689/2031/1689
f 1697/2039/1697 1721/2063/1721 1765/2110/1765 1698/2040/1698
f 1696/2038/1696 1709/2051/1709 1721/2063/1721 1697/2039/1697
f 1708/2050/1708 1714/2056/1714 1715/2057/1715 1705/2047/1705
f 1696/2038/1696 1683/2025/1683 1714/2056/1714 1708/2050/1708
f 1626/1963/1626 995/1175/995 1645/1987/1645 1623/1960/1623
f 1109/1321/1109 1107/1317/1107 1641/1983/1641 1644/1986/1644
f 1131/1346/1131 1128/1343/1128 1636/1975/1636 1148/1978/1148
f 995/1175/995 1626/1963/1626 1627/1964/1627 996/1176/996
f 896/1060/896 1117/1330/1117 1618/1955/1618 895/1059/895
f 1161/1382/1161 1149/1367/1149 1651/2313/1651 1620/1957/1620
f 1651/2313/1651 1149/1367/1149 1640/1982/1640 1639/4581/1639
f 1154/1377/1154 1156/1376/1156 1608/3898/1608 1607/4582/1607
f 1166/1387/1166 1169/1390/1169 1602/1936/1602 1598/1931/1598
f 1437/1734/1437 1438/1733/1438 1569/1894/1569 1525/1841/1525
f 1515/1828/1515 1481/1788/1481 2013/2408/2013 1547/1872/1547
f 1480/1787/1480 1562/1887/1562 2013/2408/2013 1481/1788/1481
f 1560/1885/1560 2013/2408/2013 1562/1887/1562 1561/1886/1561
f 1477/1784/1477 1467/4583/1467 1559/1884/1559 1479/1786/1479
f 1490/1798/1490 1489/1797/1489 1540/1863/1540 1539/1862/1539
f 1507/1819/1507 1508/1820/1508 1530/4584/1530 1461/4294/1461
f 1436/1731/1436 1526/4585/1526 1527/4586/1527 1434/1727/1434
f 1436/4587/1436 1437/1734/1437 1525/1841/1525 1526/1842/1526
f 1506/1817/1506 1505/1816/1505 1519/1832/1519 1518/1831/1518
f 1482/1789/1482 1481/1788/1481 1515/1828/1515 1512/1825/1512
f 1415/1692/1415 1428/1716/1428 1505/1816/1505 1416/1693/1416
f 1174/1398/1174 1173/1397/1173 1504/4211/1504 1487/1794/1487
f 1162/1383/1162 1493/1801/1493 1503/1813/1503 1163/1384/1163
f 1297/1548/1297 1300/1551/1300 1501/1811/1501 1303/1554/1303
f 3679/4588/3679 1303/1554/1303 1501/1811/1501 1500/1810/1500
f 1305/1556/1305 3679/4588/3679 1500/1810/1500 1308/1559/1308
f 1177/1401/1177 1174/1398/1174 1487/1794/1487 1484/1791/1484
f 1460/1771/1460 1467/4583/1467 1477/1784/1477 1450/1753/1450
f 1171/1394/1171 1172/1395/1172 1468/4419/1468 1179/1403/1179
f 1450/1753/1450 1447/1750/1447 1465/1770/1465 1460/1771/1460
f 1430/1718/1430 1431/1721/1431 1463/1766/1463 1464/1769/1464
f 1394/1670/1394 3680/4589/3680 1397/1674/1397 1389/1664/1389
f 1366/1633/1366 1383/1655/1383 1397/4590/1397 3680/4591/3680
f 1355/1618/1355 1354/1617/1354 3680/4589/3680 1394/1670/1394
f 1364/1627/1364 1366/1633/1366 3680/4591/3680 1354/1630/1354
f 1360/1623/1360 1355/1618/1355 1394/1670/1394 1370/1637/1370
f 1351/1614/1351 1373/1641/1373 1391/1666/1391 1379/1651/1379
f 3681/4592/3681 1331/4593/1331 1381/1653/1381 1380/1652/1380
f 1332/1588/1332 1346/1608/1346 1381/4594/1381 1331/1587/1331
f 1323/1575/1323 1320/1572/1320 3681/4592/3681 1330/1586/1330
f 1319/1571/1319 1331/4593/1331 3681/4592/3681 1320/1572/1320
f 1345/1607/1345 1330/1586/1330 3681/4592/3681 1380/1652/1380
f 1345/1607/1345 1368/1635/1368 1369/1636/1369 1344/1606/1344
f 1321/4595/1321 1324/1581/1324 1326/1580/1326 1322/1579/1322
f 1284/1527/1284 1301/1552/1301 1307/1558/1307 3682/4596/3682
f 1294/1562/1294 1293/1542/1293 1307/1558/1307 1306/1557/1306
f 1292/1541/1292 3682/4596/3682 1307/1558/1307 1293/1542/1293
f 1285/1528/1285 1284/1527/1284 3682/4596/3682 3683/4597/3683
f 3684/4598/3684 3683/4597/3683 3682/4596/3682 1292/1541/1292
f 3685/4599/3685 3683/4597/3683 3684/4598/3684 3686/4600/3686
f 1289/1535/1289 3687/4601/3687 3684/4598/3684 1292/1541/1292
f 3688/4602/3688 3686/4600/3686 3684/4598/3684 3687/4601/3687
f 1205/1431/1205 3686/4600/3686 3688/4602/3688 1197/1423/1197
f 3689/4603/3689 3690/4604/3690 3688/4602/3688 3687/4601/3687
f 1198/1424/1198 1197/1423/1197 3688/4602/3688 3690/4604/3690
f 1289/1535/1289 1288/1534/1288 3689/4603/3689 3687/4601/3687
f 3691/4605/3691 1190/4606/1190 3689/4603/3689 1288/1534/1288
f 1193/4607/1193 3690/4604/3690 3689/4603/3689 1190/4606/1190
f 1291/1537/1291 1272/4608/1272 3691/4605/3691 1288/1534/1288
f 1271/4609/1271 1280/4610/1280 3691/4605/3691 1272/4608/1272
f 1191/4611/1191 1190/4606/1190 3691/4605/3691 1280/4610/1280
f 3692/4612/3692 1287/1532/1287 3685/4599/3685 1204/1430/1204
f 1285/1528/1285 3683/4597/3683 3685/4599/3685 1287/1532/1287
f 1205/1431/1205 1204/1430/1204 3685/4599/3685 3686/4600/3686
f 1281/1524/1281 1298/1549/1298 1301/1552/1301 1284/1527/1284
f 1260/1499/1260 1258/1497/1258 1298/1549/1298 1281/1524/1281
f 1243/1481/1243 1272/1511/1272 1291/1538/1291 1276/1518/1276
f 3693/4613/3693 1286/1531/1286 1287/4614/1287 3692/4615/3692
f 1202/1428/1202 1201/1427/1201 1286/1531/1286 3693/4613/3693
f 1203/1429/1203 3694/4616/3694 1283/1529/1283 1201/1427/1201
f 1256/1495/1256 1260/1499/1260 1283/1526/1283 3694/4617/3694
f 1184/1408/1184 3695/4618/3695 3694/4616/3694 1203/1429/1203
f 1255/1494/1255 1256/1495/1256 3694/4617/3694 3695/4619/3695
f 1187/1411/1187 1194/1418/1194 3695/4618/3695 1184/1408/1184
f 1279/1522/1279 1255/1494/1255 3695/4619/3695 1194/4620/1194
f 1194/4620/1194 1191/4621/1191 1280/1523/1280 1279/1522/1279
f 1227/1460/1227 1274/1516/1274 1275/1515/1275 1226/1459/1226
f 1261/1500/1261 3696/4622/3696 1275/1515/1275 1265/1504/1265
f 3697/4623/3697 1226/1459/1226 1275/1515/1275 3696/4622/3696
f 1225/1458/1225 1226/1459/1226 3697/4623/3697 1235/1468/1235
f 1229/1473/1229 1228/4624/1228 3697/4623/3697 3696/4622/3696
f 1236/1469/1236 1235/1468/1235 3697/4623/3697 1228/4624/1228
f 1238/1471/1238 1229/1473/1229 3696/4622/3696 1261/1500/1261
f 3698/4625/3698 1246/1485/1246 1274/1514/1274 1227/4626/1227
f 1207/1436/1207 1206/1435/1206 1264/1503/1264 1211/1440/1211
f 1209/1438/1209 1220/1453/1220 1263/1502/1263 1206/1435/1206
f 1221/1454/1221 1238/1471/1238 1263/1502/1263 1220/1453/1220
f 1208/1437/1208 1210/1439/1210 1251/1490/1251 1209/1438/1209
f 1220/1453/1220 1209/1438/1209 1251/1490/1251 1219/1452/1219
f 3699/4627/3699 1245/1484/1245 1246/1485/1246 3698/4625/3698
f 1232/1465/1232 1233/1466/1233 1245/1484/1245 3699/4627/3699
f 1222/1455/1222 1225/1458/1225 1235/1468/1235 1234/1467/1234
f 1228/1461/1228 1231/1464/1231 1237/4628/1237 1236/4629/1236
f 1232/1465/1232 1223/4630/1223 1237/4628/1237 1231/1464/1231
f 1224/4631/1224 1223/4630/1223 1232/1465/1232 3699/4627/3699
f 1185/1409/1185 1184/1408/1184 1203/1429/1203 1199/1425/1199
f 3700/4632/3700 1188/1412/1188 1200/1426/1200 3701/4633/3701
f 3702/4634/3702 3701/4635/3701 1200/1434/1200 1195/1419/1195
f 3700/4636/3700 3702/4634/3702 1195/1419/1195 1189/1422/1189
f 1198/1424/1198 3690/4604/3690 1193/4607/1193 1192/4637/1192
f 1202/1433/1202 3693/4638/3693 3692/4612/3692 1204/1430/1204
f 1170/1391/1170 1171/1394/1171 1179/1403/1179 1181/1405/1181
f 1161/1382/1161 1617/1954/1617 1616/1953/1616 1139/1355/1139
f 1119/1332/1119 1139/1355/1139 1616/1953/1616 1118/1331/1118
f 1151/1369/1151 1150/1368/1150 1157/1378/1157 1160/1381/1160
f 1142/1358/1142 1153/1372/1153 1155/1375/1155 1143/1359/1143
f 1129/4639/1129 1130/1365/1130 1147/1364/1147 3703/4640/3703
f 1137/1353/1137 1069/1268/1069 1147/1364/1147 1138/1354/1138
f 1063/1262/1063 3703/4640/3703 1147/1364/1147 1069/1268/1069
f 3704/4641/3704 1129/4639/1129 3703/4640/3703 3705/4642/3705
f 1062/1261/1062 3705/4642/3705 3703/4640/3703 1063/1262/1063
f 991/1171/991 3706/4643/3706 3704/4644/3704 3707/4645/3707
f 1124/1337/1124 1129/1344/1129 3704/4644/3704 3706/4643/3706
f 1014/1195/1014 3707/4646/3707 3704/4641/3704 3705/4642/3705
f 993/1173/993 3708/4647/3708 3706/4643/3706 991/1171/991
f 1121/1334/1121 1124/1337/1124 3706/4643/3706 3708/4647/3708
f 311/360/311 793/922/793 3708/4647/3708 993/1173/993
f 3709/4648/3709 1121/1334/1121 3708/4647/3708 793/922/793
f 313/362/313 312/361/312 3709/4648/3709 793/922/793
f 3710/4649/3710 3711/4650/3711 3709/4648/3709 312/361/312
f 1122/1335/1122 1121/1334/1121 3709/4648/3709 3711/4650/3711
f 3712/4651/3712 3713/4652/3713 3711/4653/3711 3710/4654/3710
f 1125/1338/1125 1122/1341/1122 3711/4655/3711 3713/4656/3713
f 3714/4657/3714 3715/4658/3715 3713/4652/3713 3712/4651/3712
f 1090/1296/1090 1125/1338/1125 3713/4656/3713 3715/4659/3715
f 3716/4660/3716 3717/4661/3717 3715/4658/3715 3714/4657/3714
f 1088/1294/1088 1090/4662/1090 3715/4658/3715 3717/4661/3717
f 3718/4663/3718 3719/4664/3719 3717/4661/3717 3716/4660/3716
f 1087/1291/1087 1088/1294/1088 3717/4661/3717 3719/4664/3719
f 3720/4665/3720 3721/4666/3721 3719/4664/3719 3718/4663/3718
f 3722/4667/3722 1087/1291/1087 3719/4664/3719 3721/4666/3721
f 3723/4668/3723 3724/4669/3724 3722/4667/3722 3721/4666/3721
f 762/877/762 3725/4670/3725 3722/4667/3722 3724/4669/3724
f 1086/1292/1086 1087/1291/1087 3722/4667/3722 3725/4670/3725
f 761/4671/761 3726/4672/3726 3725/4673/3725 762/4674/762
f 1021/1204/1021 1086/1290/1086 3725/4673/3725 3726/4672/3726
f 659/4675/659 3727/4676/3727 3726/4672/3726 761/4671/761
f 1018/1205/1018 1021/1204/1021 3726/4672/3726 3727/4676/3727
f 660/4677/660 3728/4678/3728 3727/4679/3727 659/4680/659
f 1015/1196/1015 1018/1199/1018 3727/4679/3727 3728/4678/3728
f 661/4681/661 3729/4682/3729 3728/4678/3728 660/4677/660
f 3730/4683/3730 1015/1196/1015 3728/4678/3728 3729/4682/3729
f 1016/1197/1016 1015/1196/1015 3730/4683/3730 3731/4684/3731
f 3732/4685/3732 3733/4686/3733 3730/4683/3730 3729/4682/3729
f 3734/4687/3734 3731/4684/3731 3730/4683/3730 3733/4686/3733
f 3735/4688/3735 3731/4684/3731 3734/4687/3734 3736/4689/3736
f 3737/4690/3737 3738/4691/3738 3739/4692/3739 602/691/602
f 3740/4693/3740 3741/4694/3741 3739/4692/3739 3742/4695/3742
f 601/690/601 602/691/602 3739/4692/3739 3741/4694/3741
f 574/658/574 573/657/573 3741/4694/3741 3740/4693/3740
f 3743/4696/3743 601/690/601 3741/4694/3741 573/657/573
f 589/677/589 601/690/601 3743/4696/3743 588/678/588
f 571/660/571 576/4697/576 3743/4696/3743 573/657/573
f 586/673/586 588/676/588 3743/4698/3743 576/662/576
f 3744/4699/3744 3745/4700/3745 3740/4693/3740 3742/4695/3742
f 3746/4701/3746 574/658/574 3740/4693/3740 3745/4700/3745
f 3747/4702/3747 3748/4703/3748 3745/4700/3745 3744/4699/3744
f 3749/4704/3749 3746/4701/3746 3745/4700/3745 3748/4703/3748
f 3750/4705/3750 3751/4706/3751 3749/4707/3749 3748/4708/3748
f 3752/4709/3752 3753/4710/3753 3749/4711/3749 3751/4712/3751
f 3754/4713/3754 3746/4714/3746 3749/4711/3749 3753/4710/3753
f 513/591/513 512/590/512 3753/4710/3753 3752/4709/3752
f 3755/4715/3755 3754/4713/3754 3753/4710/3753 512/590/512
f 3756/4716/3756 3754/4713/3754 3755/4715/3755 504/582/504
f 514/593/514 3757/4717/3757 3755/4715/3755 512/590/512
f 505/583/505 504/582/504 3755/4715/3755 3757/4717/3757
f 516/596/516 3758/4718/3758 3757/4717/3757 514/593/514
f 3759/4719/3759 505/583/505 3757/4717/3757 3758/4718/3758
f 502/580/502 505/583/505 3759/4719/3759 3760/4720/3760
f 3761/4721/3761 3762/4722/3762 3759/4719/3759 3758/4718/3758
f 3763/4723/3763 3760/4720/3760 3759/4719/3759 3762/4722/3762
f 3764/4724/3764 3760/4720/3760 3763/4723/3763 3765/4725/3765
f 3766/4726/3766 3767/4727/3767 3763/4723/3763 3762/4722/3762
f 3768/4728/3768 3765/4725/3765 3763/4723/3763 3767/4727/3767
f 449/524/449 3765/4725/3765 3768/4728/3768 3769/4729/3769
f 3770/4730/3770 3771/4731/3771 3768/4728/3768 3767/4727/3767
f 3772/4732/3772 3769/4729/3769 3768/4728/3768 3771/4731/3771
f 3773/4733/3773 3769/4729/3769 3772/4732/3772 418/487/418
f 3774/4734/3774 3775/4735/3775 3772/4732/3772 3771/4731/3771
f 413/481/413 418/487/418 3772/4732/3772 3775/4735/3775
f 421/491/421 3776/4736/3776 3775/4735/3775 3774/4734/3774
f 411/476/411 413/481/413 3775/4735/3775 3776/4736/3776
f 425/495/425 3777/4737/3777 3776/4736/3776 421/491/421
f 409/473/409 411/476/411 3776/4736/3776 3777/4737/3777
f 404/468/404 403/466/403 3777/4737/3777 425/495/425
f 402/4738/402 409/4739/409 3777/4740/3777 403/4741/403
f 3770/4730/3770 3778/4742/3778 3774/4734/3774 3771/4731/3771
f 422/492/422 421/491/421 3774/4734/3774 3778/4742/3778
f 437/511/437 430/502/430 3778/4742/3778 3770/4730/3770
f 429/501/429 422/492/422 3778/4742/3778 430/502/430
f 447/522/447 448/523/448 3773/4733/3773 428/498/428
f 449/524/449 3769/4729/3769 3773/4733/3773 448/523/448
f 417/488/417 428/498/428 3773/4733/3773 418/487/418
f 3766/4726/3766 437/511/437 3770/4730/3770 3767/4727/3767
f 3761/4721/3761 440/515/440 3766/4726/3766 3762/4722/3762
f 438/512/438 437/511/437 3766/4726/3766 440/515/440
f 451/526/451 503/581/503 3764/4724/3764 450/525/450
f 502/580/502 3760/4720/3760 3764/4724/3764 503/581/503
f 449/524/449 450/525/450 3764/4724/3764 3765/4725/3765
f 516/596/516 3779/4743/3779 3761/4721/3761 3758/4718/3758
f 441/516/441 440/515/440 3761/4721/3761 3779/4743/3779
f 509/597/509 3780/4744/3780 3779/4743/3779 516/596/516
f 442/517/442 441/516/441 3779/4743/3779 3780/4744/3780
f 508/586/508 3781/4745/3781 3780/4746/3780 509/587/509
f 3782/4747/3782 442/4748/442 3780/4746/3780 3781/4745/3781
f 3783/4749/3783 3784/4750/3784 3782/4747/3782 3781/4745/3781
f 3785/4751/3785 435/509/435 3782/4747/3782 3784/4750/3784
f 436/510/436 442/4748/442 3782/4747/3782 435/509/435
f 3786/4752/3786 3787/4753/3787 3785/4751/3785 3784/4750/3784
f 3788/4754/3788 3789/4755/3789 3785/4751/3785 3787/4753/3787
f 434/508/434 435/509/435 3785/4751/3785 3789/4755/3789
f 3790/4756/3790 3791/4757/3791 3789/4758/3789 3788/4759/3788
f 433/505/433 434/508/434 3789/4755/3789 3791/4760/3791
f 3792/4761/3792 3793/4762/3793 3791/4757/3791 3790/4756/3790
f 3794/4763/3794 433/4764/433 3791/4757/3791 3793/4762/3793
f 432/504/432 433/4765/433 3794/4766/3794 3795/4767/3795
f 3796/4768/3796 3797/4769/3797 3794/4763/3794 3793/4762/3793
f 3798/4770/3798 3795/4767/3795 3794/4766/3794 3797/4771/3797
f 3799/4772/3799 3795/4767/3795 3798/4770/3798 3800/4773/3800
f 3801/4774/3801 3802/4775/3802 3798/4770/3798 3797/4771/3797
f 3803/4776/3803 3800/4773/3800 3798/4770/3798 3802/4775/3802
f 423/493/423 3800/4773/3800 3803/4776/3803 3804/4777/3804
f 3805/4778/3805 3806/4779/3806 3803/4776/3803 3802/4775/3802
f 3807/4780/3807 3804/4777/3804 3803/4776/3803 3806/4779/3806
f 401/464/401 3804/4777/3804 3807/4780/3807 399/461/399
f 3808/4781/3808 3809/4782/3809 3807/4780/3807 3806/4779/3806
f 3810/4783/3810 399/461/399 3807/4780/3807 3809/4782/3809
f 3811/4784/3811 3812/4785/3812 3810/4783/3810 3809/4782/3809
f 3813/4786/3813 3814/4787/3814 3810/4783/3810 3812/4785/3812
f 400/462/400 399/461/399 3810/4783/3810 3814/4787/3814
f 3815/4788/3815 3816/4789/3816 3814/4787/3814 3813/4786/3813
f 3817/4790/3817 400/462/400 3814/4787/3814 3816/4789/3816
f 3818/4791/3818 3819/4792/3819 3817/4790/3817 3816/4789/3816
f 385/4793/385 386/4794/386 3817/4790/3817 3819/4792/3819
f 387/463/387 400/462/400 3817/4790/3817 386/4794/386
f 3820/4795/3820 3821/4796/3821 3819/4792/3819 3818/4791/3818
f 3822/4797/3822 385/446/385 3819/4798/3819 3821/4799/3821
f 3823/4800/3823 3824/4801/3824 3822/4797/3822 3821/4799/3821
f 3825/4802/3825 3826/4803/3826 3822/4797/3822 3824/4801/3824
f 380/439/380 385/446/385 3822/4797/3822 3826/4803/3826
f 3827/4804/3827 3828/4805/3828 3826/4803/3826 3825/4802/3825
f 377/436/377 380/439/380 3826/4803/3826 3828/4805/3828
f 3829/4806/3829 3830/4807/3830 3828/4808/3828 3827/4809/3827
f 3831/4810/3831 377/4811/377 3828/4808/3828 3830/4807/3830
f 378/437/378 377/436/377 3831/4812/3831 366/4813/366
f 3832/4814/3832 3833/4815/3833 3831/4810/3831 3830/4807/3830
f 365/424/365 366/425/366 3831/4810/3831 3833/4815/3833
f 3834/4816/3834 3835/4817/3835 3833/4815/3833 3832/4814/3832
f 362/421/362 365/424/365 3833/4815/3833 3835/4817/3835
f 3836/4818/3836 3837/4819/3837 3835/4817/3835 3834/4816/3834
f 3838/4820/3838 362/421/362 3835/4817/3835 3837/4819/3837
f 363/422/363 362/421/362 3838/4820/3838 3839/4821/3839
f 3840/4822/3840 3841/4823/3841 3838/4824/3838 3837/4825/3837
f 3842/4826/3842 3839/4827/3839 3838/4824/3838 3841/4823/3841
f 3843/4828/3843 3839/4827/3839 3842/4826/3842 3844/4829/3844
f 3845/4830/3845 3846/4831/3846 3842/4826/3842 3841/4823/3841
f 388/450/388 3844/4829/3844 3842/4826/3842 3846/4831/3846
f 3847/4832/3847 3848/4833/3848 3846/4831/3846 3845/4830/3845
f 389/451/389 388/450/388 3846/4831/3846 3848/4833/3848
f 3849/4834/3849 3850/4835/3850 3848/4833/3848 3847/4832/3847
f 392/454/392 389/451/389 3848/4833/3848 3850/4835/3850
f 3815/4788/3815 3813/4786/3813 3850/4835/3850 3849/4834/3849
f 3812/4785/3812 392/454/392 3850/4835/3850 3813/4786/3813
f 360/419/360 361/420/361 3849/4834/3849 3847/4832/3847
f 3851/4836/3851 3815/4788/3815 3849/4834/3849 361/420/361
f 356/415/356 3852/4837/3852 3851/4836/3851 361/420/361
f 3820/4795/3820 3818/4791/3818 3851/4836/3851 3852/4837/3852
f 3816/4789/3816 3815/4788/3815 3851/4836/3851 3818/4791/3818
f 355/414/355 3853/4838/3853 3852/4837/3852 356/415/356
f 3854/4839/3854 3820/4840/3820 3852/4841/3852 3853/4842/3853
f 3855/4843/3855 3856/4844/3856 3854/4839/3854 3853/4842/3853
f 3857/4845/3857 3823/4800/3823 3854/4839/3854 3856/4844/3856
f 3821/4799/3821 3820/4840/3820 3854/4839/3854 3823/4800/3823
f 353/412/353 354/413/354 3857/4845/3857 3856/4844/3856
f 3858/4846/3858 3859/4847/3859 3857/4845/3857 354/413/354
f 3824/4801/3824 3823/4800/3823 3857/4845/3857 3859/4847/3859
f 3860/4848/3860 3861/4849/3861 3859/4847/3859 3858/4846/3858
f 3825/4802/3825 3824/4801/3824 3859/4847/3859 3861/4849/3861
f 3862/4850/3862 3863/4851/3863 3861/4849/3861 3860/4848/3860
f 3827/4804/3827 3825/4802/3825 3861/4849/3861 3863/4851/3863
f 3864/4852/3864 3865/4853/3865 3863/4851/3863 3862/4850/3862
f 3829/4854/3829 3827/4804/3827 3863/4851/3863 3865/4853/3865
f 349/408/349 3866/4855/3866 3865/4853/3865 3864/4852/3864
f 3867/4856/3867 3829/4806/3829 3865/4857/3865 3866/4858/3866
f 3830/4807/3830 3829/4806/3829 3867/4856/3867 3832/4814/3832
f 3868/4859/3868 3869/4860/3869 3867/4856/3867 3866/4858/3866
f 3834/4816/3834 3832/4814/3832 3867/4856/3867 3869/4860/3869
f 3870/4861/3870 3871/4862/3871 3869/4863/3869 3868/4864/3868
f 3836/4818/3836 3834/4816/3834 3869/4860/3869 3871/4865/3871
f 3855/4843/3855 3872/4866/3872 3871/4862/3871 3870/4861/3870
f 3873/4867/3873 3836/4818/3836 3871/4865/3871 3872/4868/3872
f 3837/4819/3837 3836/4818/3836 3873/4867/3873 3840/4869/3840
f 355/414/355 358/417/358 3873/4870/3873 3872/4871/3872
f 359/418/359 3840/4822/3840 3873/4870/3873 358/417/358
f 3853/4842/3853 355/4872/355 3872/4866/3872 3855/4843/3855
f 352/411/352 353/412/353 3870/4861/3870 3868/4864/3868
f 3856/4844/3856 3855/4843/3855 3870/4861/3870 353/412/353
f 349/408/349 352/411/352 3868/4864/3868 3866/4855/3866
f 359/418/359 360/419/360 3847/4832/3847 3845/4830/3845
f 3840/4822/3840 359/418/359 3845/4830/3845 3841/4823/3841
f 376/4873/376 3874/4874/3874 3843/4875/3843 373/4876/373
f 363/422/363 3839/4821/3839 3843/4875/3843 3874/4874/3874
f 370/429/370 373/432/373 3843/4828/3843 3844/4829/3844
f 3875/4877/3875 3876/4878/3876 3874/4874/3874 376/4873/376
f 364/423/364 363/422/363 3874/4874/3874 3876/4878/3876
f 3877/4879/3877 3878/4880/3878 3876/4878/3876 3875/4877/3875
f 369/428/369 364/423/364 3876/4878/3876 3878/4880/3878
f 3879/4881/3879 3880/4882/3880 3878/4880/3878 3877/4879/3877
f 3881/4883/3881 369/428/369 3878/4880/3878 3880/4882/3880
f 3882/4884/3882 3883/4885/3883 3881/4883/3881 3880/4882/3880
f 3884/4886/3884 3885/4887/3885 3881/4883/3881 3883/4885/3883
f 368/427/368 369/428/369 3881/4883/3881 3885/4887/3885
f 3886/4888/3886 397/459/397 3885/4887/3885 3884/4886/3884
f 395/457/395 368/427/368 3885/4887/3885 397/459/397
f 3887/4889/3887 3888/4890/3888 3886/4888/3886 3884/4886/3884
f 412/477/412 3889/4891/3889 3886/4888/3886 3888/4890/3888
f 398/460/398 397/459/397 3886/4888/3886 3889/4891/3889
f 410/480/410 3890/4892/3890 3889/4891/3889 412/477/412
f 383/444/383 398/460/398 3889/4891/3889 3890/4892/3890
f 409/4739/409 402/4738/402 3890/4892/3890 410/480/410
f 384/445/384 383/444/383 3890/4892/3890 402/4738/402
f 3891/4893/3891 3892/4894/3892 3888/4890/3888 3887/4889/3887
f 408/478/408 412/477/412 3888/4890/3888 3892/4894/3892
f 3893/4895/3893 3894/4896/3894 3892/4897/3892 3891/4898/3891
f 405/469/405 408/472/408 3892/4897/3892 3894/4896/3894
f 3895/4899/3895 3896/4900/3896 3894/4896/3894 3893/4895/3893
f 414/483/414 405/469/405 3894/4896/3894 3896/4900/3896
f 3897/4901/3897 3898/4902/3898 3896/4900/3896 3895/4899/3895
f 3899/4903/3899 414/483/414 3896/4900/3896 3898/4902/3898
f 3900/4904/3900 3901/4905/3901 3899/4903/3899 3898/4902/3898
f 3902/4906/3902 426/496/426 3899/4903/3899 3901/4905/3901
f 415/484/415 414/483/414 3899/4903/3899 426/496/426
f 3903/4907/3903 3904/4908/3904 3902/4906/3902 3901/4905/3901
f 3905/4909/3905 3906/4910/3906 3902/4906/3902 3904/4908/3904
f 427/497/427 426/496/426 3902/4906/3902 3906/4910/3906
f 446/521/446 447/522/447 3906/4911/3906 3905/4912/3905
f 428/498/428 427/500/427 3906/4911/3906 447/522/447
f 452/527/452 455/530/455 3905/4909/3905 3904/4908/3904
f 443/518/443 446/521/446 3905/4912/3905 455/531/455
f 3907/4913/3907 452/527/452 3904/4908/3904 3903/4907/3903
f 3908/4914/3908 3909/4915/3909 3907/4913/3907 3910/4916/3910
f 453/528/453 452/527/452 3907/4913/3907 3909/4915/3909
f 3911/4917/3911 3910/4916/3910 3907/4913/3907 3903/4907/3903
f 3912/4918/3912 3910/4916/3910 3911/4917/3911 3913/4919/3913
f 3901/4905/3901 3900/4904/3900 3911/4917/3911 3903/4907/3903
f 3914/4920/3914 3913/4919/3913 3911/4917/3911 3900/4904/3900
f 3915/4921/3915 3913/4919/3913 3914/4920/3914 3916/4922/3916
f 3898/4902/3898 3897/4901/3897 3914/4920/3914 3900/4904/3900
f 3917/4923/3917 3916/4922/3916 3914/4920/3914 3897/4901/3897
f 3918/4924/3918 3916/4922/3916 3917/4923/3917 3786/4752/3786
f 3895/4899/3895 3919/4925/3919 3917/4923/3917 3897/4901/3897
f 3787/4753/3787 3786/4752/3786 3917/4923/3917 3919/4925/3919
f 3893/4895/3893 3920/4926/3920 3919/4925/3919 3895/4899/3895
f 3788/4754/3788 3787/4753/3787 3919/4925/3919 3920/4926/3920
f 3891/4893/3891 3921/4927/3921 3920/4928/3920 3893/4929/3893
f 3790/4756/3790 3788/4759/3788 3920/4928/3920 3921/4927/3921
f 3887/4889/3887 3922/4930/3922 3921/4927/3921 3891/4893/3891
f 3792/4761/3792 3790/4756/3790 3921/4927/3921 3922/4930/3922
f 3884/4886/3884 3883/4885/3883 3922/4930/3922 3887/4889/3887
f 3882/4884/3882 3792/4761/3792 3922/4930/3922 3883/4885/3883
f 3923/4931/3923 3924/4932/3924 3918/4924/3918 3783/4749/3783
f 3915/4921/3915 3916/4922/3916 3918/4924/3918 3924/4932/3924
f 3784/4750/3784 3783/4749/3783 3918/4924/3918 3786/4752/3786
f 3925/4933/3925 3926/4934/3926 3924/4932/3924 3923/4931/3923
f 3927/4935/3927 3915/4921/3915 3924/4932/3924 3926/4934/3926
f 528/612/528 527/611/527 3927/4935/3927 3926/4934/3926
f 3928/4936/3928 3912/4918/3912 3927/4935/3927 527/611/527
f 3913/4919/3913 3915/4921/3915 3927/4935/3927 3912/4918/3912
f 462/540/462 465/543/465 3928/4936/3928 527/611/527
f 466/544/466 3908/4914/3908 3928/4936/3928 465/543/465
f 3910/4916/3910 3912/4918/3912 3928/4936/3928 3908/4914/3908
f 529/613/529 528/612/528 3926/4934/3926 3925/4933/3925
f 515/594/515 529/613/529 3925/4933/3925 511/589/511
f 508/586/508 511/589/511 3925/4933/3925 3923/4931/3923
f 3781/4745/3781 508/586/508 3923/4931/3923 3783/4749/3783
f 466/544/466 3929/4937/3929 3909/4915/3909 3908/4914/3908
f 457/4938/457 453/528/453 3909/4915/3909 3929/4937/3929
f 467/545/467 3930/4939/3930 3929/4937/3929 466/544/466
f 461/4940/461 457/4938/457 3929/4937/3929 3930/4939/3930
f 472/550/472 480/558/480 3930/4939/3930 467/545/467
f 3931/4941/3931 461/4940/461 3930/4939/3930 480/558/480
f 482/4942/482 3932/4943/3932 3931/4944/3931 480/4945/480
f 3933/4946/3933 3934/4947/3934 3931/4944/3931 3932/4943/3932
f 460/538/460 461/539/461 3931/4944/3931 3934/4947/3934
f 476/554/476 479/557/479 3934/4947/3934 3933/4946/3933
f 3935/4948/3935 460/538/460 3934/4947/3934 479/557/479
f 478/556/478 491/569/491 3935/4948/3935 479/557/479
f 487/565/487 486/564/486 3935/4948/3935 491/569/491
f 459/537/459 460/538/460 3935/4948/3935 486/564/486
f 3936/4949/3936 562/646/562 3933/4946/3933 3932/4943/3932
f 473/551/473 476/554/476 3933/4946/3933 562/646/562
f 521/606/521 539/623/539 3936/4949/3936 484/4950/484
f 542/626/542 562/646/562 3936/4949/3936 539/623/539
f 482/4942/482 484/4950/484 3936/4949/3936 3932/4943/3932
f 3793/4762/3793 3792/4761/3792 3882/4884/3882 3796/4768/3796
f 3879/4881/3879 3796/4768/3796 3882/4884/3882 3880/4882/3880
f 3797/4769/3797 3796/4768/3796 3879/4881/3879 3801/4951/3801
f 3937/4952/3937 3801/4951/3801 3879/4881/3879 3877/4879/3877
f 3802/4775/3802 3801/4774/3801 3937/4953/3937 3805/4778/3805
f 3875/4877/3875 3938/4954/3938 3937/4952/3937 3877/4879/3877
f 3939/4955/3939 3805/4778/3805 3937/4953/3937 3938/4956/3938
f 3806/4779/3806 3805/4778/3805 3939/4955/3939 3808/4781/3808
f 375/434/375 374/433/374 3939/4955/3939 3938/4956/3938
f 3940/4957/3940 3808/4781/3808 3939/4955/3939 374/433/374
f 3809/4782/3809 3808/4781/3808 3940/4957/3940 3811/4784/3811
f 371/430/371 394/456/394 3940/4957/3940 374/433/374
f 393/455/393 3811/4784/3811 3940/4957/3940 394/456/394
f 376/4873/376 375/4958/375 3938/4954/3938 3875/4877/3875
f 391/453/391 370/429/370 3844/4829/3844 388/450/388
f 393/455/393 392/454/392 3812/4785/3812 3811/4784/3811
f 404/468/404 423/493/423 3804/4777/3804 401/464/401
f 422/492/422 429/501/429 3799/4772/3799 419/489/419
f 432/504/432 3795/4767/3795 3799/4772/3799 429/501/429
f 423/493/423 419/489/419 3799/4772/3799 3800/4773/3800
f 569/653/569 568/652/568 3752/4959/3752 3751/4706/3751
f 515/594/515 513/595/513 3752/4959/3752 568/652/568
f 3941/4960/3941 569/653/569 3751/4706/3751 3750/4705/3750
f 3942/4961/3942 3943/4962/3943 3941/4960/3941 3750/4705/3750
f 577/663/577 580/666/580 3941/4960/3941 3943/4962/3943
f 531/615/531 569/653/569 3941/4960/3941 580/666/580
f 3944/4963/3944 3945/4964/3945 3943/4962/3943 3942/4961/3942
f 633/728/633 577/663/577 3943/4962/3943 3945/4964/3945
f 656/751/656 655/750/655 3945/4964/3945 3944/4963/3944
f 634/729/634 633/728/633 3945/4964/3945 655/750/655
f 661/756/661 656/751/656 3944/4963/3944 3946/4965/3946
f 3747/4966/3747 3946/4965/3946 3944/4963/3944 3942/4961/3942
f 3729/4682/3729 661/4681/661 3946/4967/3946 3732/4685/3732
f 3744/4699/3744 3732/4685/3732 3946/4967/3946 3747/4702/3747
f 3748/4708/3748 3747/4966/3747 3942/4961/3942 3750/4705/3750
f 3733/4686/3733 3732/4685/3732 3744/4699/3744 3742/4695/3742
f 3947/4968/3947 3948/4969/3948 3737/4690/3737 605/694/605
f 3736/4689/3736 3738/4691/3738 3737/4690/3737 3948/4969/3948
f 600/689/600 605/694/605 3737/4690/3737 602/691/602
f 886/1047/886 887/1048/887 3948/4969/3948 3947/4968/3947
f 3735/4688/3735 3736/4689/3736 3948/4969/3948 887/1048/887
f 885/1046/885 886/1047/886 3947/4968/3947 3949/4970/3949
f 604/693/604 3949/4970/3949 3947/4968/3947 605/694/605
f 3950/4971/3950 885/1046/885 3949/4970/3949 3951/4972/3951
f 603/692/603 3951/4972/3951 3949/4970/3949 604/693/604
f 3952/4973/3952 852/1006/852 3950/4971/3950 3953/4974/3953
f 853/1007/853 885/1046/885 3950/4971/3950 852/1006/852
f 3954/4975/3954 3953/4974/3953 3950/4971/3950 3951/4972/3951
f 3955/4976/3955 3953/4974/3953 3954/4975/3954 3956/4977/3956
f 603/692/603 598/687/598 3954/4975/3954 3951/4972/3951
f 597/686/597 3956/4977/3956 3954/4975/3954 598/687/598
f 643/738/643 3957/4978/3957 3955/4976/3955 640/735/640
f 3952/4973/3952 3953/4974/3953 3955/4976/3955 3957/4978/3957
f 639/734/639 640/735/640 3955/4976/3955 3956/4977/3956
f 3958/4979/3958 3959/4980/3959 3957/4978/3957 643/738/643
f 3960/4981/3960 3952/4973/3952 3957/4978/3957 3959/4980/3959
f 3961/4982/3961 3962/4983/3962 3960/4981/3960 3959/4980/3959
f 828/975/828 832/974/832 3960/4981/3960 3962/4983/3962
f 852/1006/852 3952/4973/3952 3960/4981/3960 832/974/832
f 826/967/826 828/969/828 3962/4984/3962 3963/4985/3963
f 3964/4986/3964 3963/4985/3963 3962/4984/3962 3961/4987/3961
f 740/850/740 3963/4985/3963 3964/4986/3964 3965/4988/3965
f 3966/4989/3966 729/836/729 3964/4986/3964 3961/4987/3961
f 728/835/728 3965/4988/3965 3964/4986/3964 729/836/729
f 730/837/730 729/836/729 3966/4989/3966 3967/4990/3967
f 3959/4980/3959 3958/4979/3958 3966/4991/3966 3961/4982/3961
f 3968/4992/3968 3967/4993/3967 3966/4991/3966 3958/4979/3958
f 3969/4994/3969 3967/4993/3967 3968/4992/3968 3970/4995/3970
f 643/738/643 642/737/642 3968/4992/3968 3958/4979/3958
f 641/736/641 3970/4995/3970 3968/4992/3968 642/737/642
f 3971/4996/3971 731/4997/731 3969/4994/3969 3972/4998/3972
f 730/4999/730 3967/4993/3967 3969/4994/3969 731/4997/731
f 3973/5000/3973 3972/4998/3972 3969/4994/3969 3970/4995/3970
f 347/406/347 3972/4998/3972 3973/5000/3973 346/405/346
f 641/736/641 3974/5001/3974 3973/5000/3973 3970/4995/3970
f 3975/5002/3975 346/405/346 3973/5000/3973 3974/5001/3974
f 345/404/345 346/405/346 3975/5002/3975 3976/5003/3976
f 3977/5004/3977 3978/5005/3978 3975/5002/3975 3974/5001/3974
f 3979/5006/3979 3976/5003/3976 3975/5002/3975 3978/5005/3978
f 3980/5007/3980 3976/5003/3976 3979/5006/3979 3981/5008/3981
f 3982/5009/3982 3983/5010/3983 3979/5006/3979 3978/5005/3978
f 3984/5011/3984 3981/5008/3981 3979/5006/3979 3983/5010/3983
f 3985/5012/3985 3981/5013/3981 3984/5014/3984 3986/5015/3986
f 3987/5016/3987 3988/5017/3988 3984/5011/3984 3983/5010/3983
f 3989/5018/3989 3986/5015/3986 3984/5014/3984 3988/5019/3988
f 3990/5020/3990 3986/5015/3986 3989/5018/3989 3991/5021/3991
f 3992/5022/3992 3993/5023/3993 3989/5018/3989 3988/5019/3988
f 3994/5024/3994 3991/5021/3991 3989/5018/3989 3993/5023/3993
f 3995/5025/3995 3996/5026/3996 3994/5024/3994 3993/5023/3993
f 3997/5027/3997 3998/5028/3998 3994/5024/3994 3996/5026/3996
f 3999/5029/3999 3991/5021/3991 3994/5024/3994 3998/5028/3998
f 4000/5030/4000 4001/5031/4001 3999/5029/3999 610/699/610
f 3990/5020/3990 3991/5021/3991 3999/5029/3999 4001/5031/4001
f 609/698/609 610/699/610 3999/5029/3999 3998/5028/3998
f 4002/5032/4002 4003/5033/4003 4001/5031/4001 4000/5030/4000
f 4004/5034/4004 3990/5020/3990 4001/5031/4001 4003/5033/4003
f 725/832/725 4005/5035/4005 4004/5034/4004 4003/5033/4003
f 4006/5036/4006 3985/5012/3985 4004/5034/4004 4005/5035/4005
f 3986/5015/3986 3990/5020/3990 4004/5034/4004 3985/5012/3985
f 4007/5037/4007 617/706/617 4006/5036/4006 4005/5035/4005
f 342/709/342 3980/5038/3980 4006/5036/4006 617/706/617
f 3981/5013/3981 3985/5012/3985 4006/5036/4006 3980/5038/3980
f 731/838/731 3971/5039/3971 4007/5037/4007 726/833/726
f 348/707/348 617/706/617 4007/5037/4007 3971/5039/3971
f 725/832/725 726/833/726 4007/5037/4007 4005/5035/4005
f 724/831/724 725/832/725 4003/5033/4003 4002/5032/4002
f 721/828/721 724/831/724 4002/5032/4002 4008/5040/4008
f 4009/5041/4009 4008/5040/4008 4002/5032/4002 4000/5030/4000
f 4010/5042/4010 4008/5040/4008 4009/5041/4009 4011/5043/4011
f 610/699/610 611/700/611 4009/5041/4009 4000/5030/4000
f 616/705/616 4011/5043/4011 4009/5041/4009 611/700/611
f 4012/5044/4012 4013/5045/4013 4010/5042/4010 4014/5046/4014
f 721/828/721 4008/5040/4008 4010/5042/4010 4013/5045/4013
f 4015/5047/4015 4014/5046/4014 4010/5042/4010 4011/5043/4011
f 625/717/625 4014/5046/4014 4015/5047/4015 622/714/622
f 616/705/616 4016/5048/4016 4015/5047/4015 4011/5043/4011
f 4017/5049/4017 622/714/622 4015/5047/4015 4016/5048/4016
f 623/715/623 622/714/622 4017/5049/4017 4018/5050/4018
f 4019/5051/4019 4020/5052/4020 4017/5049/4017 4016/5048/4016
f 4021/5053/4021 4018/5050/4018 4017/5049/4017 4020/5052/4020
f 4022/5054/4022 4018/5050/4018 4021/5053/4021 4023/5055/4023
f 4024/5056/4024 819/955/819 4021/5053/4021 4020/5052/4020
f 821/958/821 4023/5055/4023 4021/5053/4021 819/955/819
f 4019/5051/4019 4025/5057/4025 4024/5056/4024 4020/5052/4020
f 1043/1235/1043 1044/1236/1044 4024/5056/4024 4025/5057/4025
f 820/956/820 819/955/819 4024/5056/4024 1044/1236/1044
f 615/704/615 614/703/614 4025/5057/4025 4019/5051/4019
f 4026/5058/4026 1043/1235/1043 4025/5057/4025 614/703/614
f 613/702/613 4027/5059/4027 4026/5058/4026 614/703/614
f 1035/1219/1035 4028/5060/4028 4026/5058/4026 4027/5059/4027
f 1000/1180/1000 1043/1235/1043 4026/5058/4026 4028/5060/4028
f 1029/1213/1029 962/1140/962 4028/5060/4028 1035/1219/1035
f 959/1137/959 1000/1180/1000 4028/5060/4028 962/1140/962
f 612/701/612 4029/5061/4029 4027/5059/4027 613/702/613
f 1034/1218/1034 1035/1219/1035 4027/5059/4027 4029/5061/4029
f 4030/5062/4030 4031/5063/4031 4029/5061/4029 612/701/612
f 1032/1216/1032 1034/1218/1034 4029/5061/4029 4031/5063/4031
f 4032/5064/4032 4033/5065/4033 4031/5063/4031 4030/5062/4030
f 4034/5066/4034 1032/1216/1032 4031/5063/4031 4033/5065/4033
f 4035/5067/4035 4036/5068/4036 4034/5066/4034 4033/5065/4033
f 4037/5069/4037 4038/5070/4038 4034/5066/4034 4036/5068/4036
f 1033/1217/1033 1032/1216/1032 4034/5066/4034 4038/5070/4038
f 812/945/812 4039/5071/4039 4038/5070/4038 4037/5069/4037
f 4040/5072/4040 1033/1217/1033 4038/5070/4038 4039/5071/4039
f 1030/1214/1030 1033/1217/1033 4040/5072/4040 840/990/840
f 4041/5073/4041 4042/5074/4042 4040/5075/4040 4039/5076/4039
f 841/5077/841 840/5078/840 4040/5075/4040 4042/5074/4042
f 4043/5079/4043 4044/5080/4044 4042/5074/4042 4041/5073/4041
f 4045/5081/4045 841/5077/841 4042/5074/4042 4044/5080/4044
f 4046/5082/4046 4047/5083/4047 4044/5080/4044 4043/5079/4043
f 4048/5084/4048 4045/5081/4045 4044/5080/4044 4047/5083/4047
f 4049/5085/4049 683/783/683 4047/5083/4047 4046/5082/4046
f 681/782/681 4048/5084/4048 4047/5083/4047 683/783/683
f 785/909/785 685/785/685 4049/5085/4049 4046/5082/4046
f 684/784/684 673/770/673 4049/5085/4049 685/785/685
f 676/773/676 683/783/683 4049/5085/4049 673/770/673
f 784/910/784 785/909/785 4046/5082/4046 4043/5079/4043
f 783/5086/783 784/910/784 4043/5079/4043 4041/5073/4041
f 812/945/812 783/944/783 4041/5087/4041 4039/5071/4039
f 4050/5088/4050 4051/5089/4051 4037/5069/4037 4036/5068/4036
f 810/942/810 812/945/812 4037/5069/4037 4051/5089/4051
f 4052/5090/4052 4053/5091/4053 4051/5089/4051 4050/5088/4050
f 811/943/811 810/942/810 4051/5089/4051 4053/5091/4053
f 4054/5092/4054 4055/5093/4055 4053/5091/4053 4052/5090/4052
f 698/800/698 811/943/811 4053/5091/4053 4055/5093/4055
f 4056/5094/4056 4057/5095/4057 4055/5093/4055 4054/5092/4054
f 697/799/697 698/800/698 4055/5093/4055 4057/5095/4057
f 802/932/802 801/931/801 4057/5095/4057 4056/5094/4056
f 696/798/696 697/799/697 4057/5095/4057 801/931/801
f 4058/5096/4058 4059/5097/4059 4056/5094/4056 4054/5092/4054
f 899/1063/899 802/932/802 4056/5094/4056 4059/5097/4059
f 1008/1189/1008 1009/1190/1009 4059/5097/4059 4058/5096/4058
f 1012/1193/1012 899/1063/899 4059/5097/4059 1009/1190/1009
f 4060/5098/4060 1008/1189/1008 4058/5096/4058 4061/5099/4061
f 4052/5090/4052 4061/5099/4061 4058/5096/4058 4054/5092/4054
f 4062/5100/4062 4063/5101/4063 4060/5098/4060 4064/5102/4064
f 1007/1188/1007 1008/1189/1008 4060/5098/4060 4063/5101/4063
f 4065/5103/4065 4064/5102/4064 4060/5098/4060 4061/5099/4061
f 4066/5104/4066 4064/5102/4064 4065/5103/4065 4035/5067/4035
f 4052/5090/4052 4050/5088/4050 4065/5103/4065 4061/5099/4061
f 4036/5068/4036 4035/5067/4035 4065/5103/4065 4050/5088/4050
f 4067/5105/4067 4068/5106/4068 4066/5104/4066 4032/5064/4032
f 4062/5100/4062 4064/5102/4064 4066/5104/4066 4068/5106/4068
f 4033/5065/4033 4032/5064/4032 4066/5104/4066 4035/5067/4035
f 4069/5107/4069 4070/5108/4070 4068/5106/4068 4067/5105/4067
f 4071/5109/4071 4062/5100/4062 4068/5106/4068 4070/5108/4070
f 4072/5110/4072 4073/5111/4073 4071/5109/4071 4070/5108/4070
f 4074/5112/4074 4075/5113/4075 4071/5109/4071 4073/5111/4073
f 4063/5101/4063 4062/5100/4062 4071/5109/4071 4075/5113/4075
f 4076/5114/4076 1004/1185/1004 4075/5113/4075 4074/5112/4074
f 1007/1188/1007 4063/5101/4063 4075/5113/4075 1004/1185/1004
f 4077/5115/4077 4078/5116/4078 4076/5114/4076 4074/5112/4074
f 4079/5117/4079 4080/5118/4080 4076/5114/4076 4078/5116/4078
f 1005/1186/1005 1004/1185/1004 4076/5114/4076 4080/5118/4080
f 4081/5119/4081 4082/5120/4082 4080/5118/4080 4079/5117/4079
f 1010/1191/1010 1005/1186/1005 4080/5118/4080 4082/5120/4082
f 4083/5121/4083 1010/1191/1010 4082/5120/4082 4084/5122/4084
f 4085/5123/4085 4084/5124/4084 4082/5125/4082 4081/5126/4081
f 4086/5127/4086 4084/5124/4084 4085/5123/4085 4087/5128/4087
f 851/1004/851 870/5129/870 4085/5130/4085 4081/5119/4081
f 4088/5131/4088 4087/5128/4087 4085/5123/4085 870/1024/870
f 4089/5132/4089 4087/5128/4087 4088/5131/4088 4090/5133/4090
f 845/996/845 4091/5134/4091 4088/5131/4088 870/1024/870
f 4092/5135/4092 4090/5133/4090 4088/5131/4088 4091/5134/4091
f 4093/5136/4093 4090/5133/4090 4092/5135/4092 4094/5137/4094
f 4095/5138/4095 4096/5139/4096 4092/5135/4092 4091/5134/4091
f 4097/5140/4097 4094/5137/4094 4092/5135/4092 4096/5139/4096
f 4098/5141/4098 4094/5137/4094 4097/5140/4097 4099/5142/4099
f 4100/5143/4100 4101/5144/4101 4097/5145/4097 4096/5146/4096
f 4102/5147/4102 4099/5148/4099 4097/5145/4097 4101/5144/4101
f 4103/5149/4103 4099/5148/4099 4102/5147/4102 4104/5150/4104
f 4105/5151/4105 4106/5152/4106 4102/5147/4102 4101/5144/4101
f 4107/5153/4107 4104/5150/4104 4102/5147/4102 4106/5152/4106
f 3995/5025/3995 4104/5150/4104 4107/5153/4107 3996/5026/3996
f 4108/5154/4108 4109/5155/4109 4107/5153/4107 4106/5152/4106
f 3997/5027/3997 3996/5026/3996 4107/5153/4107 4109/5155/4109
f 4069/5107/4069 4110/5156/4110 4109/5155/4109 4108/5154/4108
f 606/695/606 3997/5027/3997 4109/5155/4109 4110/5156/4110
f 4067/5105/4067 4111/5157/4111 4110/5156/4110 4069/5107/4069
f 607/696/607 606/695/606 4110/5156/4110 4111/5157/4111
f 4032/5064/4032 4030/5062/4030 4111/5157/4111 4067/5105/4067
f 612/701/612 607/696/607 4111/5157/4111 4030/5062/4030
f 4105/5151/4105 4072/5110/4072 4108/5154/4108 4106/5152/4106
f 4070/5108/4070 4069/5107/4069 4108/5154/4108 4072/5110/4072
f 4100/5143/4100 4112/5158/4112 4105/5151/4105 4101/5144/4101
f 4073/5111/4073 4072/5110/4072 4105/5151/4105 4112/5158/4112
f 4113/5159/4113 4077/5115/4077 4112/5158/4112 4100/5143/4100
f 4074/5112/4074 4073/5111/4073 4112/5158/4112 4077/5115/4077
f 4096/5146/4096 4095/5160/4095 4113/5159/4113 4100/5143/4100
f 848/1001/848 849/1000/849 4113/5159/4113 4095/5160/4095
f 4078/5116/4078 4077/5115/4077 4113/5159/4113 849/1000/849
f 4114/5161/4114 4115/5162/4115 4103/5163/4103 4116/5164/4116
f 4098/5141/4098 4099/5142/4099 4103/5165/4103 4115/5166/4115
f 3995/5025/3995 4116/5167/4116 4103/5149/4103 4104/5150/4104
f 4117/5168/4117 4118/5169/4118 4115/5162/4115 4114/5161/4114
f 4119/5170/4119 4098/5141/4098 4115/5166/4115 4118/5171/4118
f 756/869/756 755/868/755 4119/5170/4119 4118/5171/4118
f 4120/5172/4120 4093/5136/4093 4119/5170/4119 755/868/755
f 4094/5137/4094 4098/5141/4098 4119/5170/4119 4093/5136/4093
f 758/871/758 4121/5173/4121 4120/5172/4120 755/868/755
f 4122/5174/4122 4089/5132/4089 4120/5172/4120 4121/5173/4121
f 4090/5133/4090 4093/5136/4093 4120/5172/4120 4089/5132/4089
f 987/1167/987 990/1170/990 4122/5174/4122 4121/5173/4121
f 994/1174/994 4086/5127/4086 4122/5174/4122 990/1170/990
f 4087/5128/4087 4089/5132/4089 4122/5174/4122 4086/5127/4086
f 759/872/759 987/1167/987 4121/5173/4121 758/871/758
f 657/752/657 756/875/756 4118/5169/4118 4117/5168/4117
f 654/749/654 657/752/657 4117/5168/4117 4123/5175/4123
f 4124/5176/4124 4123/5175/4123 4117/5168/4117 4114/5161/4114
f 4125/5177/4125 4123/5175/4123 4124/5176/4124 3987/5016/3987
f 4116/5164/4116 3992/5178/3992 4124/5176/4124 4114/5161/4114
f 3988/5017/3988 3987/5016/3987 4124/5176/4124 3992/5178/3992
f 3983/5010/3983 3982/5009/3982 4125/5177/4125 3987/5016/3987
f 4126/5179/4126 651/746/651 4125/5177/4125 3982/5009/3982
f 654/749/654 4123/5175/4123 4125/5177/4125 651/746/651
f 3978/5005/3978 3977/5004/3977 4126/5179/4126 3982/5009/3982
f 638/733/638 637/732/637 4126/5179/4126 3977/5004/3977
f 652/747/652 651/746/651 4126/5179/4126 637/732/637
f 3993/5023/3993 3992/5022/3992 4116/5167/4116 3995/5025/3995
f 845/996/845 848/999/848 4095/5138/4095 4091/5134/4091
f 4083/5180/4083 4084/5124/4084 4086/5127/4086 994/1174/994
f 992/1172/992 4127/5181/4127 4083/5180/4083 994/1174/994
f 1011/1192/1011 1010/1191/1010 4083/5121/4083 4127/5182/4127
f 991/1171/991 3707/4645/3707 4127/5181/4127 992/1172/992
f 1014/1195/1014 1011/1192/1011 4127/5182/4127 3707/4646/3707
f 850/1003/850 851/1004/851 4081/5119/4081 4079/5117/4079
f 849/1000/849 850/1003/850 4079/5117/4079 4078/5116/4078
f 805/935/805 628/722/628 4022/5054/4022 4128/5183/4128
f 623/715/623 4018/5050/4018 4022/5054/4022 628/722/628
f 4129/5184/4129 4128/5183/4128 4022/5054/4022 4023/5055/4023
f 4130/5185/4130 4128/5186/4128 4129/5187/4129 4131/5188/4131
f 821/958/821 769/5189/769 4129/5184/4129 4023/5055/4023
f 768/888/768 4131/5188/4131 4129/5187/4129 769/5190/769
f 335/392/335 341/398/341 4131/5188/4131 768/888/768
f 318/400/318 4130/5185/4130 4131/5188/4131 341/398/341
f 616/705/616 615/704/615 4019/5051/4019 4016/5048/4016
f 621/5191/621 4132/5192/4132 4013/5045/4013 4012/5044/4012
f 722/829/722 721/828/721 4013/5045/4013 4132/5192/4132
f 620/5193/620 4133/5194/4133 4132/5192/4132 621/5191/621
f 727/834/727 722/829/722 4132/5192/4132 4133/5194/4133
f 701/803/701 700/802/700 4133/5194/4133 620/5193/620
f 4134/5195/4134 727/834/727 4133/5194/4133 700/802/700
f 703/805/703 741/851/741 4134/5195/4134 700/802/700
f 740/850/740 3965/4988/3965 4134/5195/4134 741/851/741
f 728/835/728 727/834/727 4134/5195/4134 3965/4988/3965
f 618/710/618 621/713/621 4012/5196/4012 626/718/626
f 625/719/625 626/718/626 4012/5196/4012 4014/5197/4014
f 606/695/606 609/698/609 3998/5028/3998 3997/5027/3997
f 345/404/345 3976/5003/3976 3980/5007/3980 342/401/342
f 641/736/641 638/733/638 3977/5004/3977 3974/5001/3974
f 347/406/347 348/407/348 3971/4996/3971 3972/4998/3972
f 743/853/743 826/967/826 3963/4985/3963 740/850/740
f 581/667/581 639/734/639 3956/4977/3956 597/686/597
f 888/1049/888 976/1156/976 3735/4688/3735 887/1048/887
f 1016/1197/1016 3731/4684/3731 3735/4688/3735 976/1156/976
f 4135/5198/4135 4136/5199/4136 3724/4669/3724 3723/4668/3723
f 760/873/760 762/877/762 3724/4669/3724 4136/5199/4136
f 4137/5200/4137 4138/5201/4138 4136/5199/4136 4135/5198/4135
f 759/872/759 760/873/760 4136/5199/4136 4138/5201/4138
f 4139/5202/4139 988/1168/988 4138/5201/4138 4137/5200/4137
f 987/1167/987 759/872/759 4138/5201/4138 988/1168/988
f 4140/5203/4140 4141/5204/4141 4139/5202/4139 4137/5200/4137
f 794/923/794 795/924/795 4139/5202/4139 4141/5204/4141
f 989/1169/989 988/1168/988 4139/5202/4139 795/924/795
f 4142/5205/4142 251/294/251 4141/5204/4141 4140/5203/4140
f 250/291/250 794/923/794 4141/5204/4141 251/294/251
f 4143/5206/4143 4144/5207/4144 4142/5205/4142 4145/5208/4145
f 248/295/248 251/294/251 4142/5205/4142 4144/5207/4144
f 4146/5209/4146 4145/5208/4145 4142/5205/4142 4140/5203/4140
f 270/316/270 4145/5208/4145 4146/5209/4146 4147/5210/4147
f 4137/5200/4137 4135/5198/4135 4146/5209/4146 4140/5203/4140
f 3723/4668/3723 4147/5210/4147 4146/5209/4146 4135/5198/4135
f 269/315/269 270/316/270 4147/5210/4147 3720/4665/3720
f 3721/4666/3721 3720/4665/3720 4147/5210/4147 3723/4668/3723
f 4148/5211/4148 4149/5212/4149 4144/5207/4144 4143/5206/4143
f 247/5213/247 248/295/248 4144/5207/4144 4149/5212/4149
f 4150/5214/4150 4151/5215/4151 4149/5216/4149 4148/5217/4148
f 4152/5218/4152 247/288/247 4149/5219/4149 4151/5220/4151
f 4153/5221/4153 4154/5222/4154 4152/5218/4152 4151/5220/4151
f 4155/5223/4155 220/258/220 4152/5218/4152 4154/5222/4154
f 221/259/221 247/288/247 4152/5218/4152 220/258/220
f 4156/5224/4156 4157/5225/4157 4155/5223/4155 4154/5222/4154
f 4158/5226/4158 4159/5227/4159 4155/5223/4155 4157/5225/4157
f 219/257/219 220/258/220 4155/5223/4155 4159/5227/4159
f 4160/5228/4160 186/213/186 4159/5227/4159 4158/5226/4158
f 187/214/187 219/257/219 4159/5227/4159 186/213/186
f 4161/5229/4161 4162/5230/4162 4160/5228/4160 4158/5226/4158
f 4163/5231/4163 4164/5232/4164 4160/5228/4160 4162/5230/4162
f 185/212/185 186/213/186 4160/5228/4160 4164/5232/4164
f 4165/5233/4165 4166/5234/4166 4164/5232/4164 4163/5231/4163
f 182/209/182 185/212/185 4164/5232/4164 4166/5234/4166
f 4167/5235/4167 4168/5236/4168 4166/5234/4166 4165/5233/4165
f 4169/5237/4169 182/209/182 4166/5234/4166 4168/5236/4168
f 4170/5238/4170 4171/5239/4171 4169/5237/4169 4168/5236/4168
f 176/201/176 4172/5240/4172 4169/5237/4169 4171/5239/4171
f 183/210/183 182/209/182 4169/5237/4169 4172/5240/4172
f 179/204/179 188/215/188 4172/5240/4172 176/201/176
f 191/218/191 183/210/183 4172/5240/4172 188/215/188
f 4173/5241/4173 4174/5242/4174 4171/5239/4171 4170/5238/4170
f 177/202/177 176/201/176 4171/5239/4171 4174/5242/4174
f 4175/5243/4175 4176/5244/4176 4174/5245/4174 4173/5246/4173
f 180/205/180 177/208/177 4174/5245/4174 4176/5244/4176
f 4177/5247/4177 4178/5248/4178 4176/5244/4176 4175/5243/4175
f 211/242/211 180/205/180 4176/5244/4176 4178/5248/4178
f 4179/5249/4179 4180/5250/4180 4178/5248/4178 4177/5247/4177
f 212/243/212 211/242/211 4178/5248/4178 4180/5250/4180
f 4181/5251/4181 4182/5252/4182 4180/5250/4180 4179/5249/4179
f 202/233/202 212/243/212 4180/5250/4180 4182/5252/4182
f 4183/5253/4183 4184/5254/4184 4182/5252/4182 4181/5251/4181
f 203/234/203 202/233/202 4182/5252/4182 4184/5254/4184
f 4185/5255/4185 4186/5256/4186 4184/5254/4184 4183/5253/4183
f 206/237/206 203/234/203 4184/5254/4184 4186/5256/4186
f 4187/5257/4187 4188/5258/4188 4186/5256/4186 4185/5255/4185
f 4189/5259/4189 206/237/206 4186/5256/4186 4188/5258/4188
f 4190/5260/4190 4150/5214/4150 4189/5259/4189 4188/5258/4188
f 4148/5217/4148 252/5261/252 4189/5259/4189 4150/5214/4150
f 205/236/205 206/237/206 4189/5259/4189 252/5261/252
f 4187/5257/4187 4191/5262/4191 4190/5260/4190 4188/5258/4188
f 4192/5263/4192 4153/5264/4153 4190/5260/4190 4191/5262/4191
f 4151/5215/4151 4150/5214/4150 4190/5260/4190 4153/5264/4153
f 4193/5265/4193 4194/5266/4194 4192/5263/4192 4191/5262/4191
f 4195/5267/4195 4156/5224/4156 4192/5268/4192 4194/5269/4194
f 4154/5222/4154 4153/5221/4153 4192/5268/4192 4156/5224/4156
f 174/200/174 175/199/175 4195/5267/4195 4194/5269/4194
f 4196/5270/4196 4197/5271/4197 4195/5267/4195 175/199/175
f 4157/5225/4157 4156/5224/4156 4195/5267/4195 4197/5271/4197
f 4198/5272/4198 4161/5229/4161 4197/5271/4197 4196/5270/4196
f 4158/5226/4158 4157/5225/4157 4197/5271/4197 4161/5229/4161
f 4199/5273/4199 4200/5274/4200 4198/5272/4198 4196/5270/4196
f 4201/5275/4201 4202/5276/4202 4198/5272/4198 4200/5274/4200
f 4162/5230/4162 4161/5229/4161 4198/5272/4198 4202/5276/4202
f 4203/5277/4203 4204/5278/4204 4202/5276/4202 4201/5275/4201
f 4163/5231/4163 4162/5230/4162 4202/5276/4202 4204/5278/4204
f 4205/5279/4205 4206/5280/4206 4204/5278/4204 4203/5277/4203
f 4165/5233/4165 4163/5231/4163 4204/5278/4204 4206/5280/4206
f 4207/5281/4207 4208/5282/4208 4206/5280/4206 4205/5279/4205
f 4167/5235/4167 4165/5233/4165 4206/5280/4206 4208/5282/4208
f 4209/5283/4209 4210/5284/4210 4208/5282/4208 4207/5281/4207
f 4211/5285/4211 4167/5235/4167 4208/5282/4208 4210/5284/4210
f 4212/5286/4212 4213/5287/4213 4211/5285/4211 4210/5284/4210
f 4173/5241/4173 4170/5238/4170 4211/5285/4211 4213/5287/4213
f 4168/5236/4168 4167/5235/4167 4211/5285/4211 4170/5238/4170
f 4214/5288/4214 4215/5289/4215 4213/5290/4213 4212/5291/4212
f 4175/5243/4175 4173/5246/4173 4213/5290/4213 4215/5289/4215
f 4216/5292/4216 4217/5293/4217 4215/5289/4215 4214/5288/4214
f 4177/5247/4177 4175/5243/4175 4215/5289/4215 4217/5293/4217
f 153/172/153 157/176/157 4217/5293/4217 4216/5292/4216
f 4179/5249/4179 4177/5247/4177 4217/5293/4217 157/176/157
f 4218/5294/4218 4219/5295/4219 4216/5292/4216 4214/5288/4214
f 152/171/152 153/172/153 4216/5292/4216 4219/5295/4219
f 4220/5296/4220 4221/5297/4221 4219/5295/4219 4218/5294/4218
f 4222/5298/4222 152/171/152 4219/5295/4219 4221/5297/4221
f 4223/5299/4223 4224/5300/4224 4222/5298/4222 4221/5297/4221
f 4225/5301/4225 145/164/145 4222/5298/4222 4224/5300/4224
f 148/167/148 152/171/152 4222/5298/4222 145/164/145
f 122/136/122 121/135/121 4225/5301/4225 4224/5300/4224
f 4226/5302/4226 4227/5303/4227 4225/5301/4225 121/135/121
f 146/165/146 145/164/145 4225/5301/4225 4227/5303/4227
f 4228/5304/4228 4229/5305/4229 4227/5303/4227 4226/5302/4226
f 149/168/149 146/165/146 4227/5303/4227 4229/5305/4229
f 4230/5306/4230 4231/5307/4231 4229/5305/4229 4228/5304/4228
f 4232/5308/4232 149/168/149 4229/5305/4229 4231/5307/4231
f 162/181/162 165/186/165 4232/5308/4232 4231/5307/4231
f 4233/5309/4233 158/177/158 4232/5308/4232 165/186/165
f 150/169/150 149/168/149 4232/5308/4232 158/177/158
f 166/189/166 4234/5310/4234 4233/5311/4233 165/5312/165
f 4235/5313/4235 4236/5314/4236 4233/5309/4233 4234/5315/4234
f 156/175/156 158/177/158 4233/5309/4233 4236/5314/4236
f 4237/5316/4237 4238/5317/4238 4236/5314/4236 4235/5313/4235
f 154/173/154 156/175/156 4236/5314/4236 4238/5317/4238
f 4187/5257/4187 4185/5255/4185 4238/5317/4238 4237/5316/4237
f 4183/5253/4183 154/173/154 4238/5317/4238 4185/5255/4185
f 173/195/173 4193/5265/4193 4237/5316/4237 4235/5313/4235
f 4191/5262/4191 4187/5257/4187 4237/5316/4237 4193/5265/4193
f 172/196/172 173/195/173 4235/5313/4235 4234/5315/4234
f 167/188/167 172/194/172 4234/5310/4234 166/189/166
f 159/178/159 162/181/162 4231/5307/4231 4230/5306/4230
f 4239/5318/4239 4240/5319/4240 4230/5306/4230 4228/5304/4228
f 4241/5320/4241 159/178/159 4230/5306/4230 4240/5319/4240
f 4242/5321/4242 4243/5322/4243 4241/5320/4241 4240/5319/4240
f 4244/5323/4244 4245/5324/4245 4241/5320/4241 4243/5322/4243
f 160/179/160 159/178/159 4241/5320/4241 4245/5324/4245
f 4246/5325/4246 4247/5326/4247 4245/5327/4245 4244/5328/4244
f 163/182/163 160/185/160 4245/5327/4245 4247/5326/4247
f 4248/5329/4248 4249/5330/4249 4247/5326/4247 4246/5325/4246
f 4250/5331/4250 163/182/163 4247/5326/4247 4249/5330/4249
f 4251/5332/4251 4252/5333/4252 4250/5331/4250 4249/5330/4249
f 4253/5334/4253 4254/5335/4254 4250/5331/4250 4252/5333/4252
f 164/183/164 163/182/163 4250/5331/4250 4254/5335/4254
f 4255/5336/4255 4256/5337/4256 4254/5335/4254 4253/5334/4253
f 169/191/169 164/183/164 4254/5335/4254 4256/5337/4256
f 4203/5277/4203 4201/5275/4201 4256/5337/4256 4255/5336/4255
f 4200/5274/4200 169/191/169 4256/5337/4256 4201/5275/4201
f 4257/5338/4257 4258/5339/4258 4255/5336/4255 4253/5334/4253
f 4205/5279/4205 4203/5277/4203 4255/5336/4255 4258/5339/4258
f 4259/5340/4259 4260/5341/4260 4258/5339/4258 4257/5338/4257
f 4207/5281/4207 4205/5279/4205 4258/5339/4258 4260/5341/4260
f 4261/5342/4261 4262/5343/4262 4260/5341/4260 4259/5340/4259
f 4209/5283/4209 4207/5281/4207 4260/5341/4260 4262/5343/4262
f 4263/5344/4263 4264/5345/4264 4262/5346/4262 4261/5347/4261
f 4265/5348/4265 4209/5283/4209 4262/5343/4262 4264/5349/4264
f 4220/5296/4220 4218/5294/4218 4265/5350/4265 4264/5345/4264
f 4214/5288/4214 4212/5291/4212 4265/5350/4265 4218/5294/4218
f 4210/5284/4210 4209/5283/4209 4265/5348/4265 4212/5286/4212
f 4266/5351/4266 4220/5296/4220 4264/5345/4264 4263/5344/4263
f 4267/5352/4267 4268/5353/4268 4266/5351/4266 4263/5344/4263
f 4269/5354/4269 4223/5299/4223 4266/5351/4266 4268/5353/4268
f 4221/5297/4221 4220/5296/4220 4266/5351/4266 4223/5299/4223
f 142/158/142 4270/5355/4270 4269/5354/4269 4268/5353/4268
f 106/120/106 122/136/122 4269/5354/4269 4270/5355/4270
f 4224/5300/4224 4223/5299/4223 4269/5354/4269 122/136/122
f 136/161/136 139/5356/139 4270/5355/4270 142/158/142
f 95/119/95 106/120/106 4270/5355/4270 139/5356/139
f 143/159/143 142/158/142 4268/5353/4268 4267/5352/4267
f 144/162/144 143/163/143 4267/5357/4267 4271/5358/4271
f 4261/5342/4261 4271/5358/4271 4267/5357/4267 4263/5359/4263
f 4272/5360/4272 144/162/144 4271/5358/4271 4273/5361/4273
f 4259/5340/4259 4273/5361/4273 4271/5358/4271 4261/5342/4261
f 132/146/132 133/147/133 4272/5360/4272 4274/5362/4274
f 134/148/134 144/162/144 4272/5360/4272 133/147/133
f 4275/5363/4275 4274/5362/4274 4272/5360/4272 4273/5361/4273
f 4251/5332/4251 4274/5362/4274 4275/5363/4275 4252/5333/4252
f 4259/5340/4259 4257/5338/4257 4275/5363/4275 4273/5361/4273
f 4253/5334/4253 4252/5333/4252 4275/5363/4275 4257/5338/4257
f 131/145/131 132/146/132 4274/5362/4274 4251/5332/4251
f 4248/5329/4248 131/145/131 4251/5332/4251 4249/5330/4249
f 4276/5364/4276 4277/5365/4277 4248/5329/4248 4246/5325/4246
f 126/140/126 131/145/131 4248/5329/4248 4277/5365/4277
f 4278/5366/4278 4279/5367/4279 4277/5365/4277 4276/5364/4276
f 123/137/123 126/140/126 4277/5365/4277 4279/5367/4279
f 117/131/117 116/130/116 4279/5367/4279 4278/5366/4278
f 4280/5368/4280 123/137/123 4279/5367/4279 116/130/116
f 113/127/113 4281/5369/4281 4280/5368/4280 116/130/116
f 4282/5370/4282 4283/5371/4283 4280/5368/4280 4281/5369/4281
f 124/138/124 123/137/123 4280/5368/4280 4283/5371/4283
f 4284/5372/4284 4285/5373/4285 4283/5371/4283 4282/5370/4282
f 127/141/127 124/138/124 4283/5371/4283 4285/5373/4285
f 4286/5374/4286 4287/5375/4287 4285/5373/4285 4284/5372/4284
f 4288/5376/4288 127/141/127 4285/5373/4285 4287/5375/4287
f 4289/5377/4289 4290/5378/4290 4288/5376/4288 4287/5375/4287
f 4291/5379/4291 4292/5380/4292 4288/5376/4288 4290/5378/4290
f 128/142/128 127/141/127 4288/5376/4288 4292/5380/4292
f 4293/5381/4293 4294/5382/4294 4292/5380/4292 4291/5379/4291
f 129/143/129 128/142/128 4292/5380/4292 4294/5382/4294
f 4295/5383/4295 4296/5384/4296 4294/5382/4294 4293/5381/4293
f 141/156/141 129/143/129 4294/5382/4294 4296/5384/4296
f 4297/5385/4297 4298/5386/4298 4296/5387/4296 4295/5388/4295
f 140/157/140 141/156/141 4296/5384/4296 4298/5389/4298
f 4299/5390/4299 4300/5391/4300 4298/5386/4298 4297/5385/4297
f 138/152/138 140/155/140 4298/5386/4298 4300/5391/4300
f 4301/5392/4301 4302/5393/4302 4300/5391/4300 4299/5390/4299
f 96/107/96 138/152/138 4300/5391/4300 4302/5393/4302
f 4303/5394/4303 4304/5395/4304 4302/5393/4302 4301/5392/4301
f 91/108/91 96/107/96 4302/5393/4302 4304/5395/4304
f 4305/5396/4305 4306/5397/4306 4304/5395/4304 4303/5394/4303
f 94/105/94 91/102/91 4304/5398/4304 4306/5399/4306
f 4307/5400/4307 4308/5401/4308 4306/5397/4306 4305/5396/4305
f 4309/5402/4309 94/105/94 4306/5399/4306 4308/5403/4308
f 93/104/93 94/105/94 4309/5402/4309 4310/5404/4310
f 4311/5405/4311 4312/5406/4312 4309/5402/4309 4308/5403/4308
f 4313/5407/4313 4310/5404/4310 4309/5402/4309 4312/5406/4312
f 103/116/103 4310/5404/4310 4313/5407/4313 100/113/100
f 4314/5408/4314 4315/5409/4315 4313/5407/4313 4312/5406/4312
f 97/110/97 100/113/100 4313/5407/4313 4315/5409/4315
f 4316/5410/4316 4317/5411/4317 4315/5409/4315 4314/5408/4314
f 4318/5412/4318 97/110/97 4315/5409/4315 4317/5411/4317
f 98/111/98 97/110/97 4318/5412/4318 4319/5413/4319
f 4320/5414/4320 4321/5415/4321 4318/5416/4318 4317/5417/4317
f 112/5418/112 4319/5413/4319 4318/5412/4318 4321/5419/4321
f 4282/5370/4282 4281/5369/4281 4321/5415/4321 4320/5414/4320
f 113/127/113 112/126/112 4321/5415/4321 4281/5369/4281
f 4316/5410/4316 4322/5420/4322 4320/5421/4320 4317/5411/4317
f 4284/5372/4284 4282/5370/4282 4320/5414/4320 4322/5422/4322
f 70/81/70 71/82/71 4322/5423/4322 4316/5424/4316
f 4286/5374/4286 4284/5372/4284 4322/5422/4322 71/5425/71
f 101/114/101 98/111/98 4319/5413/4319 4323/5426/4323
f 115/5427/115 4323/5426/4323 4319/5413/4319 112/5418/112
f 118/5428/118 4324/5429/4324 4323/5426/4323 115/5427/115
f 4325/5430/4325 101/114/101 4323/5426/4323 4324/5429/4324
f 102/115/102 101/114/101 4325/5430/4325 107/121/107
f 4326/5431/4326 4327/5432/4327 4325/5430/4325 4324/5429/4324
f 108/122/108 107/121/107 4325/5430/4325 4327/5432/4327
f 4328/5433/4328 4329/5434/4329 4327/5432/4327 4326/5431/4326
f 119/133/119 108/122/108 4327/5432/4327 4329/5434/4329
f 4243/5322/4243 4242/5321/4242 4329/5434/4329 4328/5433/4328
f 4330/5435/4330 119/133/119 4329/5434/4329 4242/5321/4242
f 111/125/111 119/133/119 4330/5435/4330 4331/5436/4331
f 4240/5319/4240 4239/5318/4239 4330/5435/4330 4242/5321/4242
f 4332/5437/4332 4331/5436/4331 4330/5435/4330 4239/5318/4239
f 104/117/104 4331/5436/4331 4332/5437/4332 120/134/120
f 4228/5304/4228 4226/5302/4226 4332/5437/4332 4239/5318/4239
f 121/135/121 120/134/120 4332/5437/4332 4226/5302/4226
f 89/100/89 111/125/111 4331/5436/4331 104/117/104
f 4333/5438/4333 4334/5439/4334 4328/5433/4328 4326/5431/4326
f 4244/5323/4244 4243/5322/4243 4328/5433/4328 4334/5439/4334
f 4278/5366/4278 4276/5364/4276 4334/5440/4334 4333/5441/4333
f 4246/5325/4246 4244/5328/4244 4334/5440/4334 4276/5364/4276
f 4324/5429/4324 118/5428/118 4333/5438/4333 4326/5431/4326
f 117/131/117 4278/5366/4278 4333/5441/4333 118/132/118
f 69/80/69 70/81/70 4316/5424/4316 4314/5442/4314
f 4311/5405/4311 69/5443/69 4314/5408/4314 4312/5406/4312
f 4307/5400/4307 4335/5444/4335 4311/5445/4311 4308/5401/4308
f 68/79/68 69/80/69 4311/5445/4311 4335/5444/4335
f 4336/5446/4336 4337/5447/4337 4335/5444/4335 4307/5400/4307
f 65/76/65 68/79/68 4335/5444/4335 4337/5447/4337
f 4338/5448/4338 4339/5449/4339 4337/5447/4337 4336/5446/4336
f 4340/5450/4340 65/76/65 4337/5447/4337 4339/5449/4339
f 66/77/66 65/76/65 4340/5450/4340 4341/5451/4341
f 4342/5452/4342 4343/5453/4343 4340/5450/4340 4339/5449/4339
f 4289/5454/4289 4341/5451/4341 4340/5450/4340 4343/5453/4343
f 4344/5455/4344 4345/5456/4345 4343/5453/4343 4342/5452/4342
f 4290/5457/4290 4289/5454/4289 4343/5453/4343 4345/5456/4345
f 85/96/85 4346/5458/4346 4345/5456/4345 4344/5455/4344
f 4291/5379/4291 4290/5378/4290 4345/5459/4345 4346/5460/4346
f 83/94/83 88/99/88 4346/5458/4346 85/96/85
f 4293/5381/4293 4291/5379/4291 4346/5460/4346 88/5461/88
f 76/87/76 77/88/77 4344/5455/4344 4342/5452/4342
f 78/89/78 85/96/85 4344/5455/4344 77/88/77
f 4338/5448/4338 76/87/76 4342/5452/4342 4339/5449/4339
f 71/5425/71 66/5462/66 4341/5463/4341 4286/5374/4286
f 4287/5375/4287 4286/5374/4286 4341/5463/4341 4289/5377/4289
f 4347/5464/4347 4348/5465/4348 4338/5448/4338 4336/5446/4336
f 75/86/75 76/87/76 4338/5448/4338 4348/5465/4348
f 4349/5466/4349 80/91/80 4348/5465/4348 4347/5464/4347
f 72/83/72 75/86/75 4348/5465/4348 80/91/80
f 4301/5392/4301 4350/5467/4350 4349/5466/4349 4303/5394/4303
f 81/92/81 80/91/80 4349/5466/4349 4350/5467/4350
f 4305/5396/4305 4303/5394/4303 4349/5466/4349 4347/5464/4347
f 4299/5390/4299 4351/5468/4351 4350/5467/4350 4301/5392/4301
f 4352/5469/4352 81/92/81 4350/5467/4350 4351/5468/4351
f 4297/5385/4297 86/97/86 4351/5468/4351 4299/5390/4299
f 84/95/84 4352/5469/4352 4351/5468/4351 86/97/86
f 4307/5400/4307 4305/5396/4305 4347/5464/4347 4336/5446/4336
f 110/124/110 93/104/93 4310/5404/4310 103/116/103
f 87/98/87 86/97/86 4297/5385/4297 4295/5388/4295
f 88/99/88 87/98/87 4295/5388/4295 4293/5470/4293
f 168/190/168 169/191/169 4200/5274/4200 4199/5273/4199
f 167/188/167 168/190/168 4199/5273/4199 170/192/170
f 175/199/175 170/192/170 4199/5273/4199 4196/5270/4196
f 173/195/173 174/198/174 4194/5266/4194 4193/5265/4193
f 155/174/155 154/173/154 4183/5253/4183 4181/5251/4181
f 157/176/157 155/174/155 4181/5251/4181 4179/5249/4179
f 253/297/253 252/296/252 4148/5211/4148 4143/5206/4143
f 270/316/270 253/297/253 4143/5206/4143 4145/5208/4145
f 4353/5471/4353 269/315/269 3720/4665/3720 3718/4663/3718
f 4354/5472/4354 4355/5473/4355 4353/5471/4353 4356/5474/4356
f 254/298/254 269/315/269 4353/5471/4353 4355/5473/4355
f 3716/4660/3716 4356/5474/4356 4353/5471/4353 3718/4663/3718
f 4357/5475/4357 265/309/265 4355/5473/4355 4354/5472/4354
f 255/299/255 254/298/254 4355/5473/4355 265/309/265
f 287/5476/287 268/5477/268 4357/5475/4357 4358/5478/4358
f 266/310/266 265/309/265 4357/5475/4357 268/5477/268
f 4359/5479/4359 4358/5478/4358 4357/5475/4357 4354/5472/4354
f 298/344/298 4358/5478/4358 4359/5479/4359 4360/5480/4360
f 4356/5474/4356 4361/5481/4361 4359/5479/4359 4354/5472/4354
f 4362/5482/4362 4360/5480/4360 4359/5479/4359 4361/5481/4361
f 300/5483/300 4360/5480/4360 4362/5482/4362 305/5484/305
f 3714/4657/3714 3712/4651/3712 4362/5482/4362 4361/5481/4361
f 3710/4654/3710 305/5484/305 4362/5482/4362 3712/4651/3712
f 3716/4660/3716 3714/4657/3714 4361/5481/4361 4356/5474/4356
f 299/345/299 298/344/298 4360/5480/4360 300/5483/300
f 288/347/288 287/5476/287 4358/5478/4358 298/344/298
f 306/355/306 305/354/305 3710/4649/3710 312/361/312
f 1013/1194/1013 1014/1195/1014 3705/4642/3705 1062/1261/1062
f 4363/5485/4363 1042/1233/1042 1132/1348/1132 4364/5486/4364
f 901/1234/901 1053/1251/1053 1132/1348/1132 1042/1233/1042
f 1110/1323/1110 4364/5486/4364 1132/1348/1132 1111/1324/1111
f 944/1116/944 4365/5487/4365 4363/5485/4363 4366/5488/4366
f 1041/1232/1041 1042/1233/1042 4363/5485/4363 4365/5487/4365
f 4367/5489/4367 4366/5488/4366 4363/5485/4363 4364/5486/4364
f 4368/5490/4368 4366/5488/4366 4367/5489/4367 4369/5491/4369
f 1110/1323/1110 1055/1254/1055 4367/5489/4367 4364/5486/4364
f 1054/1253/1054 4369/5491/4369 4367/5489/4367 1055/1254/1055
f 952/1125/952 945/1117/945 4368/5490/4368 4370/5492/4370
f 944/1116/944 4366/5488/4366 4368/5490/4368 945/1117/945
f 4371/5493/4371 4370/5492/4370 4368/5490/4368 4369/5491/4369
f 4372/5494/4372 4370/5492/4370 4371/5493/4371 4373/5495/4373
f 1054/1253/1054 926/1093/926 4371/5493/4371 4369/5491/4369
f 929/1096/929 4373/5495/4373 4371/5493/4371 926/1093/926
f 949/1122/949 948/1121/948 4372/5496/4372 4374/5497/4374
f 952/1125/952 4370/5492/4370 4372/5494/4372 948/5498/948
f 911/1075/911 4374/5499/4374 4372/5494/4372 4373/5495/4373
f 4375/5500/4375 949/1122/949 4374/5497/4374 4376/5501/4376
f 910/1074/910 4376/5502/4376 4374/5499/4374 911/1075/911
f 908/1072/908 911/1075/911 4373/5495/4373 929/1096/929
f 893/1056/893 892/1055/892 4365/5487/4365 944/1116/944
f 957/1229/957 1041/1232/1041 4365/5487/4365 892/1055/892
f 1091/1298/1091 1092/1299/1092 1127/1342/1127 1126/1339/1126
f 1090/1296/1090 1091/1298/1091 1126/1339/1126 1125/1338/1125
f 1056/1255/1056 1113/1326/1113 1116/1329/1116 1060/1259/1060
f 1056/1255/1056 1055/1254/1055 1110/1323/1110 1113/1326/1113
f 4377/5503/4377 4378/5504/4378 1100/5505/1100 1103/1318/1103
f 857/1011/857 856/1010/856 1100/5505/1100 4378/5504/4378
f 4379/5506/4379 4380/5507/4380 4378/5504/4378 4377/5503/4377
f 4381/5508/4381 857/1011/857 4378/5504/4378 4380/5507/4380
f 4382/5509/4382 4383/5510/4383 4380/5507/4380 4379/5506/4379
f 764/5511/764 4381/5508/4381 4380/5507/4380 4383/5510/4383
f 4384/5512/4384 4385/5513/4385 4383/5514/4383 4382/5515/4382
f 765/882/765 764/881/764 4383/5514/4383 4385/5513/4385
f 315/364/315 4386/5516/4386 4385/5513/4385 4384/5512/4384
f 4387/5517/4387 765/882/765 4385/5513/4385 4386/5516/4386
f 314/363/314 4388/5518/4388 4386/5516/4386 315/364/315
f 340/5519/340 4387/5517/4387 4386/5516/4386 4388/5518/4388
f 4389/5520/4389 4390/5521/4390 4388/5518/4388 314/363/314
f 339/5522/339 340/5519/340 4388/5518/4388 4390/5521/4390
f 329/382/329 330/384/330 4390/5521/4390 4389/5520/4389
f 331/385/331 339/5522/339 4390/5521/4390 330/384/330
f 317/399/317 4391/5523/4391 4389/5524/4389 314/5525/314
f 324/373/324 329/5526/329 4389/5524/4389 4391/5523/4391
f 337/394/337 336/393/336 4391/5523/4391 317/399/317
f 325/374/325 324/373/324 4391/5523/4391 336/393/336
f 4392/5527/4392 319/368/319 4384/5512/4384 4382/5515/4382
f 316/365/316 315/364/315 4384/5512/4384 319/368/319
f 837/5528/837 4392/5527/4392 4382/5515/4382 4379/5529/4379
f 838/985/838 837/984/837 4379/5506/4379 4377/5503/4377
f 839/988/839 838/985/838 4377/5503/4377 1103/1318/1103
f 844/994/844 860/1014/860 1099/1307/1099 1047/1244/1047
f 986/1240/986 1046/1243/1046 1097/1305/1097 985/5530/985
f 797/926/797 1081/1282/1081 1082/5531/1082 798/927/798
f 797/926/797 796/925/796 1080/1279/1080 1081/1282/1081
f 1012/1193/1012 1013/1194/1013 1062/1261/1062 1065/1264/1065
f 899/1063/899 1012/1193/1012 1065/1264/1065 897/1061/897
f 927/1094/927 1057/1256/1057 1061/1260/1061 930/1097/930
f 927/1094/927 926/1093/926 1054/1253/1054 1057/1256/1057
f 1028/1212/1028 1031/1215/1031 1049/1246/1049 1036/1220/1036
f 825/965/825 824/962/824 1049/1246/1049 1031/1215/1031
f 823/961/823 1048/1247/1048 1049/1246/1049 824/962/824
f 823/995/823 844/994/844 1047/1244/1047 1048/1245/1048
f 884/1044/884 883/1041/883 1045/1239/1045 3378/4154/3378
f 3375/5532/3375 3378/5533/3378 998/1178/998 1003/5534/1003
f 998/1178/998 3378/5533/3378 1045/5535/1045 999/1179/999
f 963/1141/963 1028/1212/1028 1036/1220/1036 983/1163/983
f 963/1141/963 962/1140/962 1029/1213/1029 1028/1212/1028
f 840/990/840 825/965/825 1031/1215/1031 1030/1214/1030
f 879/5536/879 900/1227/900 1026/1210/1026 829/970/829
f 954/1131/954 955/1130/955 1019/1200/1019 975/1203/975
f 964/5537/964 966/1224/966 1002/1183/1002 1001/1181/1001
f 4393/5538/4393 964/5537/964 1001/1181/1001 973/1151/973
f 974/1154/974 4394/5539/4394 4393/5538/4393 973/1151/973
f 970/1148/970 969/1147/969 4393/5540/4393 4394/5541/4394
f 965/1143/965 964/1142/964 4393/5540/4393 969/1147/969
f 795/924/795 311/360/311 993/1173/993 989/1169/989
f 967/1145/967 965/1143/965 969/1147/969 972/1150/972
f 4375/5500/4375 935/1104/935 946/1119/946 949/1122/949
f 4395/5542/4395 932/1099/932 940/1111/940 936/1105/936
f 908/1072/908 932/1099/932 4395/5542/4395 909/1073/909
f 919/1085/919 914/1078/914 4395/5542/4395 936/1105/936
f 912/1076/912 909/1073/909 4395/5542/4395 914/1078/914
f 921/1087/921 4396/5543/4396 939/1108/939 922/1088/922
f 924/1090/924 920/1086/920 939/1110/939 4396/5544/4396
f 752/865/752 751/864/751 875/1030/875 881/1038/881
f 791/919/791 865/1019/865 866/1020/866 792/920/792
f 4397/5545/4397 4398/5546/4398 866/1020/866 867/1021/867
f 739/848/739 792/920/792 866/1020/866 4398/5546/4398
f 4399/5547/4399 4400/5548/4400 4398/5546/4398 4397/5545/4397
f 738/849/738 739/848/739 4398/5546/4398 4400/5548/4400
f 779/902/779 809/948/809 4400/5548/4400 4399/5547/4399
f 737/846/737 738/847/738 4400/5549/4400 809/941/809
f 4401/5550/4401 4402/5551/4402 4399/5547/4399 4397/5545/4397
f 780/903/780 779/902/779 4399/5547/4399 4402/5551/4402
f 781/904/781 4401/5550/4401 4397/5545/4397 867/1021/867
f 787/4126/787 781/904/781 867/1021/867 864/1018/864
f 791/919/791 798/4113/798 862/1016/862 865/1019/865
f 842/992/842 3362/4133/3362 861/1015/861 42/49/42
f 772/895/772 771/894/771 857/1011/857 4381/5508/4381
f 4045/5552/4045 843/993/843 41/48/41 841/5553/841
f 749/859/749 767/886/767 835/979/835 748/858/748
f 37/44/37 40/47/40 826/967/826 743/853/743
f 699/801/699 737/846/737 811/943/811 698/800/698
f 249/290/249 310/359/310 794/923/794 250/291/250
f 720/825/720 719/824/719 790/916/790 4403/5554/4403
f 694/796/694 693/795/693 790/916/790 719/824/719
f 717/5555/717 4403/5554/4403 790/916/790 718/917/718
f 686/786/686 685/785/685 785/909/785 691/908/691
f 692/794/692 695/797/695 773/896/773 776/899/776
f 318/367/318 319/368/319 4392/5527/4392 4130/5556/4130
f 712/814/712 705/817/705 766/5557/766 747/857/747
f 704/806/704 4404/5558/4404 766/5559/766 705/807/705
f 708/810/708 709/811/709 766/883/766 4404/5560/4404
f 333/5561/333 332/879/332 765/882/765 4387/5517/4387
f 736/844/736 735/843/735 754/867/754 750/861/750
f 702/845/702 736/844/736 750/861/750 703/860/703
f 662/757/662 663/758/663 745/855/745 3186/3883/3186
f 645/740/645 646/741/646 732/839/732 650/745/650
f 679/777/679 4405/5562/4405 689/789/689 677/774/677
f 4406/5563/4406 687/790/687 689/789/689 4405/5562/4405
f 684/784/684 687/787/687 4406/5564/4406 4407/5565/4407
f 4408/5566/4408 671/766/671 4406/5563/4406 4405/5562/4405
f 672/5567/672 4407/5568/4407 4406/5569/4406 671/5570/671
f 679/777/679 4409/5571/4409 4408/5566/4408 4405/5562/4405
f 4410/5572/4410 664/5573/664 4408/5566/4408 4409/5571/4409
f 667/767/667 671/766/671 4408/5566/4408 664/5573/664
f 675/776/675 4411/5574/4411 4409/5571/4409 679/777/679
f 668/5575/668 4410/5572/4410 4409/5571/4409 4411/5574/4411
f 674/5576/674 4412/5577/4412 4411/5578/4411 675/5579/675
f 669/764/669 668/763/668 4411/5578/4411 4412/5577/4412
f 4407/5568/4407 672/5567/672 4412/5577/4412 674/5576/674
f 670/765/670 669/764/669 4412/5577/4412 672/5567/672
f 673/5580/673 684/5581/684 4407/5568/4407 674/5576/674
f 3361/4132/3361 4048/5582/4048 681/779/681 680/778/680
f 675/772/675 678/5583/678 682/781/682 676/773/676
f 619/711/619 647/742/647 662/757/662 3186/3883/3186
f 4413/5584/4413 708/5585/708 4404/5586/4404 704/5587/704
f 637/732/637 634/729/634 655/750/655 652/747/652
f 618/710/618 644/739/644 647/742/647 619/711/619
f 626/718/626 627/721/627 644/739/644 618/710/618
f 578/664/578 636/731/636 639/734/639 581/667/581
f 578/664/578 577/663/577 633/728/633 636/731/636
f 619/711/619 3186/3883/3186 4414/5588/4414 620/712/620
f 734/842/734 702/845/702 4414/5588/4414 3186/3883/3186
f 592/681/592 598/687/598 603/692/603 596/685/596
f 583/669/583 594/683/594 595/684/595 584/670/584
f 570/654/570 590/679/590 593/682/593 517/598/517
f 583/669/583 4415/5589/4415 593/682/593 594/683/594
f 518/599/518 517/598/517 593/682/593 4415/5589/4415
f 550/634/550 548/632/548 4415/5589/4415 583/669/583
f 519/600/519 518/599/518 4415/5589/4415 548/632/548
f 4416/5590/4416 4417/5591/4417 587/674/587 586/673/586
f 558/642/558 557/641/557 587/674/587 4417/5591/4417
f 564/648/564 563/647/563 4417/5591/4417 4416/5590/4416
f 559/643/559 558/642/558 4417/5591/4417 563/647/563
f 576/662/576 575/661/575 4416/5590/4416 586/673/586
f 565/649/565 564/648/564 4416/5590/4416 575/661/575
f 529/613/529 515/594/515 568/652/568 530/614/530
f 543/627/543 559/643/559 563/647/563 544/628/544
f 3746/4714/3746 3754/4713/3754 560/644/560 574/5592/574
f 560/644/560 3754/4713/3754 3756/4716/3756 500/578/500
f 501/579/501 500/578/500 3756/4716/3756 504/582/504
f 494/572/494 493/571/493 560/644/560 500/578/500
f 525/608/525 526/609/526 557/641/557 554/638/554
f 524/605/524 525/608/525 554/638/554 553/637/553
f 540/624/540 524/605/524 553/637/553 543/627/543
f 521/606/521 524/605/524 540/624/540 539/623/539
f 489/567/489 4418/5593/4418 537/621/537 490/568/490
f 477/555/477 535/619/535 4418/5593/4418 489/567/489
f 477/555/477 474/552/474 532/616/532 535/619/535
f 496/574/496 549/633/549 522/603/522 495/573/495
f 485/563/485 488/566/488 503/581/503 451/526/451
f 478/556/478 477/555/477 489/567/489 491/569/491
f 458/536/458 459/537/459 486/564/486 485/563/485
f 444/519/444 458/536/458 485/563/485 451/526/451
f 443/518/443 456/533/456 458/536/458 444/519/444
f 367/426/367 368/427/368 395/457/395 381/440/381
f 370/429/370 391/453/391 394/456/394 371/430/371
f 366/425/366 367/426/367 381/440/381 378/443/378
f 351/410/351 350/409/350 3862/4850/3862 3860/4848/3860
f 334/391/334 337/394/337 341/398/341 335/392/335
f 326/377/326 338/395/338 339/396/339 331/388/331
f 326/377/326 325/374/325 336/393/336 338/395/338
f 340/5519/340 334/5594/334 333/5561/333 4387/5517/4387
f 51/293/51 278/324/278 303/352/303 249/290/249
f 4419/5595/4419 297/5596/297 302/351/302 277/323/277
f 295/5597/295 299/348/299 302/351/302 297/5596/297
f 45/52/45 275/321/275 4419/5598/4419 46/53/46
f 274/320/274 297/343/297 4419/5598/4419 275/321/275
f 279/325/279 46/5599/46 4419/5595/4419 277/323/277
f 240/281/240 239/280/239 294/340/294 296/342/296
f 238/279/238 289/335/289 294/340/294 239/280/239
f 4420/5600/4420 240/281/240 296/342/296 4421/5601/4421
f 290/336/290 4421/5601/4421 296/342/296 291/337/291
f 4422/5602/4422 4421/5601/4421 290/336/290 282/328/282
f 283/329/283 282/328/282 290/336/290 293/339/293
f 261/305/261 283/329/283 293/339/293 264/308/264
f 209/240/209 243/284/243 284/330/284 210/241/210
f 244/285/244 285/331/285 284/330/284 243/284/243
f 4423/5603/4423 4422/5602/4422 282/328/282 280/326/280
f 241/282/241 4423/5603/4423 280/326/280 242/283/242
f 4424/5604/4424 273/319/273 275/321/275 45/52/45
f 226/264/226 225/263/225 273/319/273 4424/5604/4424
f 57/65/57 4425/5605/4425 267/313/267 56/64/56
f 53/61/53 52/60/52 267/313/267 4425/5605/4425
f 229/270/229 228/269/228 267/313/267 52/60/52
f 240/281/240 4420/5600/4420 4423/5603/4423 241/282/241
f 196/225/196 259/303/259 262/306/262 225/263/225
f 237/278/237 242/283/242 260/304/260 257/301/257
f 193/220/193 223/261/223 259/303/259 196/225/196
f 236/277/236 237/278/237 257/301/257 256/300/256
f 64/74/64 59/75/59 256/300/256 222/260/222
f 200/231/200 236/277/236 256/300/256 59/75/59
f 215/249/215 218/256/218 243/284/243 209/240/209
f 198/228/198 235/276/235 236/277/236 200/231/200
f 198/228/198 197/227/197 232/273/232 235/276/235
f 208/239/208 210/241/210 232/273/232 197/227/197
f 202/233/202 201/232/201 213/244/213 212/243/212
f 181/206/181 180/205/180 211/242/211 214/245/214
f 58/66/58 181/206/181 214/245/214 199/246/199
f 62/70/62 63/73/63 192/219/192 189/222/189
f 179/204/179 62/5606/62 189/216/189 188/215/188
f 184/211/184 183/210/183 191/218/191 187/214/187
f 130/144/130 129/143/129 141/156/141 135/149/135
f 96/107/96 95/106/95 139/153/139 138/152/138
f 133/147/133 130/144/130 135/149/135 134/148/134
f 103/116/103 102/115/102 107/121/107 110/124/110
f 179/204/179 178/203/178 61/5607/61 62/5606/62
f 181/206/181 58/66/58 61/69/61 178/207/178
f 40/47/40 39/46/39 831/5608/831 827/968/827
f 38/5609/38 881/1038/881 831/1036/831 39/5610/39
f 881/1038/881 877/1032/877 880/1037/880 831/1036/831
f 752/865/752 881/1038/881 38/5609/38 37/5611/37
f 898/1062/898 897/1061/897 1070/1269/1070 1071/1270/1071
f 2/3118/2 10/19/10 16/18/16 2595/3106/2595
f 286/332/286 289/335/289 238/279/238 285/331/285
f 279/325/279 51/293/51 47/5612/47 46/5599/46
f 4352/5469/4352 84/95/84 79/90/79 81/92/81
f 4424/5604/4424 45/52/45 48/55/48 226/264/226
f 255/299/255 230/311/230 216/267/216 227/266/227
f 4422/5602/4422 4423/5603/4423 4420/5600/4420 4421/5601/4421
f 772/895/772 4381/5508/4381 764/5511/764 763/892/763
f 497/575/497 519/600/519 549/633/549 496/574/496
f 3858/4846/3858 354/413/354 351/410/351 3860/4848/3860
f 3862/4850/3862 350/409/350 349/408/349 3864/4852/3864
f 421/491/421 420/490/420 424/494/424 425/495/425
f 4418/5593/4418 535/619/535 534/618/534 537/621/537
f 572/656/572 574/5592/574 560/644/560 551/635/551
f 565/649/565 567/651/567 533/617/533 566/650/566
f 702/804/702 701/803/701 620/5193/620 4414/5613/4414
f 668/763/668 665/760/665 664/759/664 4410/5614/4410
f 37/5611/37 743/5615/743 742/862/742 752/865/752
f 903/1067/903 902/1066/902 938/1109/938 937/5616/937
f 917/1081/917 913/1102/913 912/5617/912 916/1082/916
f 953/1127/953 952/5618/952 948/1121/948 951/1124/951
f 996/1176/996 981/1161/981 979/1159/979 978/1158/978
f 3635/4519/3635 1095/1303/1095 1074/1302/1074 1073/4524/1073
f 1133/1349/1133 1135/1351/1135 1141/1357/1141 1145/1361/1145
f 1192/1416/1192 1187/1411/1187 1186/1410/1186 1198/5619/1198
f 3698/4625/3698 1227/4626/1227 1224/4631/1224 3699/4627/3699
f 1586/1914/1586 1584/1912/1584 1580/1907/1580 1582/1910/1582
f 3672/4566/3672 1695/2037/1695 1694/2036/1694 1702/2044/1702
f 1700/2042/1700 1702/2044/1702 1694/2036/1694 1693/2035/1693
f 1760/2105/1760 1716/2058/1716 1713/2055/1713 1712/2054/1712
f 3299/4037/3299 3300/4038/3300 2243/4041/2243 2246/4042/2246
f 2302/2753/2302 2297/2756/2297 2294/2749/2294 2301/2752/2301
f 2422/2894/2422 2352/5620/2352 2349/2826/2349 2362/2825/2362
f 4425/5605/4425 57/65/57 54/62/54 53/61/53
f 4402/5551/4402 4401/5550/4401 781/904/781 780/903/780
f 4375/5500/4375 4376/5501/4376 910/1101/910 935/1104/935
f 4394/5541/4394 974/5621/974 971/1149/971 970/1148/970
f 1120/1333/1120 968/1146/968 1067/1266/1067 1066/1265/1066
f 3514/4346/3514 1378/1650/1378 1376/1645/1376 1379/1651/1379
f 3675/4574/3675 1666/4573/1666 1663/5622/1663 1662/5623/1662
f 1899/2272/1899 1900/2273/1900 1901/2274/1901 1897/2270/1897
f 2223/2661/2223 2814/3407/2814 2817/3410/2817 2224/2662/2224
f 2785/5624/2785 2786/4028/2786 2255/4025/2255 2254/5625/2254
f 882/1039/882 818/954/818 815/951/815 814/950/814
f 3679/4588/3679 1305/1556/1305 1304/1555/1304 1303/1554/1303
f 1765/2110/1765 1721/2063/1721 1720/2062/1720 1737/2079/1737
f 1749/2091/1749 1735/2077/1735 1734/2076/1734 1750/2092/1750
f 1801/2152/1801 1832/2199/1832 1799/2150/1799 1800/2151/1800
f 4396/5543/4396 921/1087/921 923/1089/923 924/5626/924
f 1405/1682/1405 1404/1681/1404 1422/1707/1422 1408/1685/1408
f 1652/1994/1652 1605/1940/1605 1908/2281/1908 1907/2280/1907
f 1916/2289/1916 1915/2288/1915 3517/4357/3517 1829/2195/1829
f 2519/3013/2519 2526/3020/2526 2521/3015/2521 2517/3011/2517
f 2431/2911/2431 2445/2928/2445 2467/2957/2467 2469/2956/2469
f 3739/4692/3739 3738/4691/3738 3733/4686/3733 3742/4695/3742
f 837/5627/837 833/977/833 805/935/805 4128/5183/4128
f 4392/5628/4392 837/5629/837 4128/5186/4128 4130/5185/4130
f 1325/5630/1325 1330/1586/1330 1329/1585/1329 1347/5631/1347
f 1348/1610/1348 1347/1609/1347 1343/1605/1343 1342/1604/1342
f 1840/2209/1840 1849/2218/1849 1845/2214/1845 1841/2210/1841
f 3304/4046/3304 3310/4054/3310 3317/5632/3317 3314/5633/3314
f 3307/4049/3307 3304/4046/3304 3314/5633/3314 3328/5634/3328
f 3315/5635/3315 3316/5636/3316 3312/4056/3312 3329/4090/3329
f 3312/4056/3312 3316/5636/3316 3310/4054/3310 3311/4055/3311
f 2245/2688/2245 2244/2687/2244 2873/3487/2873 2250/3387/2250
f 2840/4033/2840 2245/4032/2245 2250/2693/2250 2249/2692/2249
f 11/11/11 2582/3087/2582 2581/3086/2581 8/8/8
f 842/992/842 843/993/843 4045/5552/4045 3362/4133/3362
f 3361/4132/3361 3362/4133/3362 4045/5552/4045 4048/5582/4048
f 2004/4100/2004 2003/5637/2003 2007/3793/2007 3333/4097/3333
f 3107/3792/3107 3333/4097/3333 2007/3793/2007 3092/3777/3092
f 2940/3580/2940 4426/5638/4426 3293/4021/3293 2936/3574/2936
f 2155/2580/2155 4426/5638/4426 2940/3580/2940 2939/3579/2939
f 2526/3020/2526 30/3023/30 29/3039/29 2523/3017/2523
f 4427/5639/4427 3733/4686/3733 3738/4691/3738 3736/4689/3736
f 3399/4187/3399 3398/4186/3398 775/898/775 774/897/774
f 1038/1222/1038 986/1166/986 984/1164/984 983/1163/983
f 1353/1616/1353 1341/1602/1341 1350/1613/1350 1377/5640/1377
f 1805/5641/1805 1775/2122/1775 1770/2117/1770 1769/2116/1769
f 3293/4021/3293 2154/4017/2154 2430/4018/2430 2429/4022/2429
f 4413/5584/4413 707/5642/707 708/5585/708
f 1325/5630/1325 1323/1575/1323 1330/1586/1330
f 1325/1577/1325 1347/1609/1347 1332/1588/1332
f 4428/5643/4428 4429/5644/4429 4430/5645/4430
f 1831/2198/1831 1910/2283/1910 1830/2197/1830
f 1896/2269/1896 1885/2258/1885 1919/2292/1919
f 2413/2883/2413 2412/2882/2412 2431/2911/2431
f 2525/3019/2525 2521/3015/2521 2526/3020/2526
f 4431/5646/4431 4432/5647/4432 4433/5648/4433
f 4434/5649/4434 4435/5650/4434 4436/5651/4434
f 15/25/15 5/3114/5 18/22/18
f 1189/1413/1189 1188/1412/1188 3700/4632/3700
f 1948/2334/1948 1947/2333/1947 3402/4193/3402
f 1788/2138/1788 1784/2134/1784 1787/2137/1787
f 546/630/546 552/636/552 561/645/561
f 561/645/561 492/570/492 546/630/546
f 704/5587/704 707/5642/707 4413/5584/4413
f 4437/5652/4433 4438/5653/4433 4439/5654/4433
f 4440/5655/4435 4441/5656/4436 4442/5657/4437
f 2125/2534/2125 2093/2498/2093 2092/2497/2092
s 0
f 1329/1603/4438 1343/1605/4439 1347/1609/4440
s 1
f 1342/1604/1342 1375/1644/1375 1348/1610/1348
f 3328/5634/3328 3309/4051/3309 3307/4049/3307
f 3317/5632/3317 3310/4054/3310 3316/5636/3316
f 4427/5639/4427 3734/4687/3734 3733/4686/3733
f 4427/5639/4427 3736/4689/3736 3734/4687/3734
f 2155/2580/2155 3293/4021/3293 4426/5638/4426
f 2155/2580/2155 2154/4017/2154 3293/4021/3293
f 1849/2218/1849 1851/2220/1851 1845/2214/1845
f 4443/5658/4441 4444/5659/4442 4445/5660/4443
f 2086/2491/2086 2104/2509/2104 3330/4093/3330
f 4441/5656/4436 4440/5655/4435 4442/5661/4437
f 17/23/17 18/22/18 2602/3113/2602
f 4446/5662/4444 4447/5663/4444 4448/5664/4444
f 4445/5665/4443 4444/5659/4442 4443/5658/4441
f 4430/5645/4430 4429/5644/4429 4428/5666/4428
f 4446/5662/4445 4448/5667/4445 4447/5663/4445
f 17/23/17 2602/3113/2602 2603/3115/2603
f 4434/5649/4446 4436/5668/4446 4435/5650/4446
f 2601/3112/2601 25/32/25 26/33/26
f 967/1182/967 1003/1184/1003 998/5669/998
f 4449/5670/4447 4450/5671/4447 4451/5672/4447
f 3702/5673/3702 3700/4632/3700 3701/4633/3701
f 4438/5653/4433 4437/5674/4433 4439/5654/4433
f 2531/3026/2531 2536/3031/2536 2534/3029/2534
f 4432/5647/4432 4431/5675/4431 4433/5648/4433
f 4452/5676/4448 4453/5677/4448 4454/5678/4448
f 717/5555/717 720/825/720 4403/5554/4403
f 807/937/807 806/936/806 805/935/805
f 4455/5679/4449 4456/5680/4450 4457/5681/4451
f 717/5555/717 714/826/714 720/825/720
f 4452/5676/4452 4454/5682/4452 4453/5677/4452
f 805/935/805 833/977/833 807/937/807
f 4456/5680/4450 4455/5683/4449 4457/5681/4451
f 4449/5670/4453 4451/5684/4453 4450/5671/4453
f 967/1182/967 998/5669/998 961/5685/961
