# Blender 5.2.0 LTS
# www.blender.org
mtllib terrain-abyss-chancel-object-077.mtl
o terrain-abyss-chancel-object-077
v -0.087611 0.669768 0.052854
v -0.091821 0.674481 0.050832
v -0.085981 0.671364 0.055239
v -0.090984 0.665161 0.050003
v -0.082718 0.665926 0.054522
v -0.074849 0.660804 0.058977
v -0.084328 0.660359 0.051074
v -0.076400 0.653010 0.056711
v -0.093302 0.654106 0.046766
v -0.089782 0.648684 0.049201
v -0.097911 0.658855 0.047899
v -0.103241 0.653122 0.042958
v -0.105629 0.661179 0.042990
v -0.111331 0.656975 0.033829
v -0.102064 0.647527 0.043511
v -0.103295 0.642916 0.046280
v -0.112224 0.649857 0.033910
v -0.124378 0.652201 0.024883
v -0.115162 0.644160 0.036671
v -0.126748 0.645312 0.027802
v -0.116774 0.637928 0.037902
v -0.103399 0.637021 0.046958
v -0.116855 0.632180 0.036808
v -0.128728 0.639092 0.029684
v -0.128928 0.632935 0.028377
v -0.138954 0.640251 0.022526
v -0.138904 0.633778 0.021138
v -0.147842 0.641345 0.016401
v -0.137040 0.646085 0.020982
v -0.145465 0.647650 0.015596
v -0.134483 0.654596 0.020660
v -0.130427 0.663525 0.022537
v -0.140654 0.656443 0.015463
v -0.149271 0.659995 0.011566
v -0.129596 0.670807 0.020600
v -0.122475 0.668548 0.029586
v -0.140055 0.678129 0.011563
v -0.125351 0.683162 0.026378
v -0.121231 0.676824 0.032338
v -0.115380 0.694408 0.034390
v -0.136171 0.689474 0.016704
v -0.151022 0.691553 0.011912
v -0.132757 0.699085 0.023073
v -0.131251 0.707027 0.024984
v -0.148147 0.702147 0.015400
v -0.158241 0.703812 0.006005
v -0.146638 0.711388 0.016319
v -0.158394 0.713855 0.007014
v -0.143429 0.717832 0.015197
v -0.129835 0.713456 0.024443
v -0.158437 0.720457 0.006906
v -0.148946 0.724251 0.020290
v -0.128513 0.722990 0.023745
v -0.132743 0.723793 0.027546
v -0.123784 0.717191 0.024712
v -0.110796 0.719734 0.032730
v -0.092334 0.717791 0.045103
v -0.112119 0.713578 0.034374
v -0.113757 0.722572 0.037138
v -0.116775 0.725044 0.041551
v -0.093340 0.721680 0.048242
v -0.097056 0.723092 0.054556
v -0.075352 0.720760 0.061640
v -0.060527 0.719175 0.075009
v -0.074254 0.716129 0.059145
v -0.078900 0.721846 0.066694
v -0.079475 0.728319 0.069759
v -0.062024 0.720074 0.078461
v -0.045406 0.719471 0.087575
v -0.066051 0.724570 0.083617
v -0.063983 0.738701 0.082338
v -0.050491 0.720669 0.094161
v -0.037209 0.720304 0.101931
v -0.050229 0.737552 0.094126
v -0.036672 0.736654 0.102215
v -0.044558 0.738242 0.084446
v -0.032284 0.737568 0.092155
v -0.056784 0.738346 0.073971
v -0.039085 0.738534 0.074119
v -0.033638 0.738934 0.062771
v -0.027375 0.737846 0.081714
v -0.051034 0.738590 0.065796
v -0.065610 0.738177 0.054916
v -0.044979 0.736923 0.055401
v -0.038120 0.737287 0.042456
v -0.059338 0.737250 0.045816
v -0.052006 0.737593 0.033916
v -0.078105 0.737746 0.033650
v -0.070402 0.738061 0.022762
v -0.084584 0.738766 0.042069
v -0.101841 0.738407 0.018508
v -0.095006 0.738732 0.007410
v -0.122654 0.739006 0.005140
v -0.106992 0.739920 0.027116
v -0.111927 0.739915 0.035137
v -0.127046 0.740813 0.014451
v -0.131324 0.740374 0.022544
v -0.138259 0.741131 0.006661
v -0.144339 0.741454 0.001809
v -0.134249 0.739635 -0.002170
v -0.144314 0.740735 0.013053
v -0.150897 0.741143 0.004961
v -0.149571 0.739006 0.018690
v -0.157701 0.740076 0.008073
v -0.151955 0.734377 0.022246
v -0.136309 0.738581 0.030476
v -0.116992 0.739270 0.043462
v -0.136313 0.733513 0.030599
v -0.117388 0.731522 0.043348
v -0.135472 0.727884 0.030075
v -0.150939 0.728227 0.022951
v -0.165161 0.729062 0.011015
v -0.163714 0.736351 0.010568
v -0.161656 0.724136 0.008787
v -0.166097 0.730899 -0.009330
v -0.166168 0.737922 -0.009083
v -0.161670 0.725119 -0.007901
v -0.157583 0.730966 -0.026431
v -0.157700 0.738441 -0.026633
v -0.153975 0.724697 -0.024011
v -0.147701 0.731495 -0.043239
v -0.147980 0.738881 -0.043912
v -0.138603 0.731502 -0.059350
v -0.143843 0.725914 -0.040447
v -0.137910 0.722311 -0.036262
v -0.134456 0.725994 -0.056363
v -0.128616 0.722293 -0.052579
v -0.127325 0.726015 -0.069457
v -0.130716 0.731677 -0.071996
v -0.121322 0.726521 -0.080310
v -0.121480 0.722854 -0.066033
v -0.116400 0.723008 -0.077085
v -0.122693 0.716718 -0.066455
v -0.125205 0.709106 -0.067505
v -0.129817 0.716549 -0.052700
v -0.116870 0.716701 -0.077173
v -0.110881 0.717984 -0.085153
v -0.118935 0.709272 -0.078322
v -0.117148 0.700125 -0.078850
v -0.113252 0.710986 -0.085796
v -0.103115 0.710440 -0.087297
v -0.112864 0.700231 -0.084744
v -0.111358 0.686383 -0.085910
v -0.104735 0.700548 -0.087665
v -0.104483 0.685716 -0.086557
v -0.097524 0.698507 -0.077732
v -0.097747 0.684116 -0.079743
v -0.085118 0.696753 -0.062413
v -0.097101 0.708651 -0.078270
v -0.085906 0.708968 -0.065482
v -0.097205 0.717512 -0.077961
v -0.103326 0.718442 -0.085375
v -0.095046 0.725419 -0.079036
v -0.085815 0.717353 -0.066995
v -0.069792 0.719460 -0.056926
v -0.083886 0.725011 -0.070633
v -0.068665 0.724891 -0.061191
v -0.081748 0.730140 -0.075258
v -0.082094 0.737609 -0.075801
v -0.092696 0.730434 -0.082771
v -0.067514 0.729452 -0.065583
v -0.068865 0.736106 -0.066254
v -0.050080 0.728538 -0.054244
v -0.030333 0.726854 -0.041088
v -0.050952 0.724997 -0.049412
v -0.051010 0.734337 -0.054106
v -0.053269 0.739888 -0.051341
v -0.030848 0.733355 -0.041162
v -0.032133 0.739702 -0.039115
v -0.015351 0.730912 -0.030212
v -0.016989 0.737563 -0.028577
v -0.005174 0.728675 -0.023644
v -0.015204 0.724296 -0.028747
v -0.005136 0.722608 -0.022013
v -0.015652 0.716018 -0.023166
v -0.011273 0.699828 -0.019600
v -0.004082 0.714427 -0.019654
v -0.031186 0.716599 -0.035271
v -0.023378 0.702618 -0.024768
v -0.041917 0.706902 -0.042106
v -0.041633 0.719346 -0.038183
v -0.048907 0.712600 -0.042247
v -0.053837 0.723775 -0.046026
v -0.056447 0.716615 -0.046081
v -0.069198 0.712592 -0.054346
v -0.066336 0.704655 -0.050899
v -0.058483 0.697559 -0.049669
v -0.073316 0.687249 -0.056130
v -0.051778 0.689792 -0.046845
v -0.038258 0.699662 -0.035335
v -0.048622 0.680670 -0.040439
v -0.064099 0.680134 -0.055476
v -0.060845 0.672793 -0.049649
v -0.073474 0.670868 -0.061394
v -0.069408 0.664450 -0.056682
v -0.080537 0.662000 -0.066277
v -0.082279 0.676956 -0.062102
v -0.092683 0.681734 -0.068013
v -0.087802 0.665622 -0.067647
v -0.091371 0.656798 -0.072970
v -0.096177 0.669325 -0.072519
v -0.096703 0.659259 -0.077886
v -0.098791 0.670945 -0.082361
v -0.105020 0.671609 -0.087355
v -0.100232 0.660532 -0.084347
v -0.105885 0.660511 -0.088371
v -0.101318 0.652498 -0.085856
v -0.096751 0.651801 -0.081852
v -0.106402 0.652209 -0.089215
v -0.101179 0.646960 -0.088253
v -0.107330 0.646172 -0.090274
v -0.095965 0.646972 -0.084855
v -0.101185 0.642556 -0.090884
v -0.095253 0.642483 -0.086756
v -0.101236 0.636939 -0.090583
v -0.112485 0.643242 -0.096649
v -0.109225 0.635650 -0.094881
v -0.111803 0.639423 -0.096471
v -0.110967 0.632088 -0.096575
v -0.111949 0.643958 -0.091494
v -0.118050 0.641070 -0.085287
v -0.110339 0.651700 -0.088637
v -0.110187 0.632548 -0.090487
v -0.116267 0.631784 -0.084446
v -0.105886 0.631909 -0.086148
v -0.106725 0.632194 -0.094447
v -0.101582 0.632957 -0.090753
v -0.096698 0.632736 -0.086570
v -0.091085 0.632979 -0.081263
v -0.095957 0.637272 -0.086595
v -0.100949 0.631618 -0.082169
v -0.106149 0.633304 -0.075921
v -0.093631 0.632042 -0.078246
v -0.096972 0.633254 -0.073415
v -0.085514 0.631430 -0.073118
v -0.088820 0.632188 -0.068908
v -0.075750 0.631246 -0.067330
v -0.082926 0.633123 -0.076019
v -0.082125 0.637946 -0.075862
v -0.073443 0.633557 -0.069930
v -0.072961 0.638646 -0.069764
v -0.062068 0.634449 -0.062413
v -0.061945 0.639838 -0.061871
v -0.047867 0.636330 -0.053698
v -0.063575 0.631190 -0.060622
v -0.048749 0.631108 -0.052007
v -0.066737 0.632350 -0.056486
v -0.051949 0.631124 -0.047455
v -0.069123 0.634533 -0.053587
v -0.079093 0.631535 -0.062805
v -0.081274 0.634788 -0.060059
v -0.081727 0.640640 -0.060062
v -0.090265 0.635825 -0.066911
v -0.098153 0.636984 -0.072051
v -0.090926 0.641198 -0.066029
v -0.099065 0.641595 -0.070984
v -0.091686 0.648029 -0.066142
v -0.092311 0.655852 -0.066236
v -0.099235 0.648064 -0.070717
v -0.082251 0.647204 -0.059991
v -0.082840 0.654864 -0.060055
v -0.070308 0.645757 -0.052321
v -0.054983 0.643608 -0.042160
v -0.070575 0.653060 -0.052097
v -0.069876 0.639725 -0.052745
v -0.055095 0.637476 -0.042529
v -0.040762 0.635418 -0.032843
v -0.055165 0.632531 -0.042755
v -0.039913 0.631079 -0.034503
v -0.027671 0.631058 -0.027153
v -0.036835 0.631068 -0.039403
v -0.024631 0.631082 -0.032208
v -0.034159 0.632209 -0.043874
v -0.022595 0.632791 -0.036065
v -0.034146 0.637564 -0.044600
v -0.022748 0.638030 -0.036924
v -0.034377 0.643760 -0.045116
v -0.023204 0.643765 -0.037489
v -0.038550 0.644431 -0.039747
v -0.047806 0.643089 -0.054345
v -0.050965 0.644328 -0.049009
v -0.053579 0.647808 -0.045473
v -0.063351 0.643562 -0.058536
v -0.065660 0.645720 -0.053910
v -0.073365 0.643593 -0.067769
v -0.082087 0.642970 -0.075189
v -0.075892 0.644828 -0.063219
v -0.076665 0.647667 -0.060883
v -0.084797 0.644901 -0.072211
v -0.090497 0.646083 -0.079322
v -0.086500 0.647832 -0.069674
v -0.092511 0.650023 -0.076031
v -0.084116 0.653790 -0.068763
v -0.075874 0.652978 -0.060665
v -0.075107 0.658946 -0.061135
v -0.067287 0.658211 -0.054024
v -0.057556 0.663754 -0.046787
v -0.065939 0.651256 -0.053423
v -0.055110 0.655249 -0.045685
v -0.042490 0.658957 -0.037068
v -0.041145 0.650085 -0.036932
v -0.030253 0.661941 -0.028949
v -0.044912 0.669105 -0.038043
v -0.031105 0.673164 -0.028887
v -0.034270 0.687238 -0.030728
v -0.020276 0.676768 -0.021952
v -0.012033 0.678960 -0.017728
v -0.021139 0.691929 -0.022688
v -0.020219 0.663651 -0.022465
v -0.020670 0.652629 -0.023373
v -0.012185 0.664716 -0.017828
v -0.012605 0.653111 -0.018414
v -0.006884 0.664989 -0.018587
v -0.006354 0.652892 -0.019733
v 0.000411 0.665457 -0.017792
v -0.006888 0.680455 -0.018271
v 0.000553 0.680838 -0.017347
v 0.006960 0.682085 -0.010322
v -0.000590 0.699453 -0.018133
v 0.005909 0.699009 -0.012954
v 0.002652 0.699227 -0.002075
v 0.004176 0.713384 -0.015199
v 0.006287 0.712147 -0.006066
v 0.002158 0.721776 -0.017240
v 0.002914 0.727783 -0.020156
v 0.006318 0.721343 -0.009418
v 0.001118 0.717274 0.001499
v 0.008492 0.729411 -0.008145
v 0.009702 0.726924 -0.016055
v 0.007764 0.732521 -0.014453
v 0.001573 0.734376 -0.018736
v 0.005143 0.737745 -0.011165
v 0.007329 0.734155 -0.007853
v 0.002853 0.739970 -0.003660
v -0.001012 0.740892 -0.014378
v -0.010116 0.740823 -0.017971
v -0.004887 0.742265 -0.007056
v -0.014163 0.741703 -0.011137
v -0.008681 0.741317 0.003603
v -0.018150 0.738280 -0.000399
v -0.012867 0.740701 0.015251
v 0.001446 0.740085 0.006955
v -0.003038 0.740174 0.018870
v 0.001490 0.731851 0.008155
v 0.005168 0.733536 -0.001001
v 0.000229 0.723893 0.008310
v -0.002509 0.729374 0.019768
v -0.006050 0.722473 0.019631
v -0.008773 0.724904 0.035235
v -0.013481 0.721866 0.033221
v -0.016062 0.721831 0.052481
v -0.008904 0.739803 0.034918
v -0.019541 0.740172 0.031157
v -0.015757 0.739136 0.053748
v -0.022148 0.738426 0.069132
v -0.027192 0.739506 0.048692
v -0.021627 0.721524 0.069593
v -0.027850 0.721207 0.083280
v -0.028515 0.720522 0.067865
v -0.021561 0.721227 0.050338
v -0.035745 0.719817 0.081605
v -0.032230 0.718137 0.067231
v -0.037548 0.717403 0.082171
v -0.032172 0.714480 0.068792
v -0.024435 0.718536 0.049185
v -0.016259 0.719053 0.032118
v -0.023368 0.714027 0.050609
v -0.014814 0.714484 0.033260
v -0.019785 0.712313 0.053047
v -0.027847 0.712011 0.070650
v -0.011024 0.712135 0.035612
v -0.019530 0.707118 0.054351
v -0.010739 0.706186 0.036079
v -0.021526 0.700589 0.055299
v -0.028056 0.707083 0.071031
v -0.034122 0.706404 0.084987
v -0.028993 0.701359 0.071615
v -0.031474 0.692575 0.071924
v -0.034327 0.700499 0.083534
v -0.039271 0.698850 0.093600
v -0.036154 0.693466 0.081606
v -0.036487 0.680351 0.081702
v -0.042734 0.693807 0.087388
v -0.043779 0.680708 0.085463
v -0.052829 0.693292 0.081924
v -0.045741 0.703331 0.091849
v -0.053954 0.702081 0.085439
v -0.040109 0.704844 0.095481
v -0.045574 0.709672 0.092344
v -0.039567 0.710709 0.094432
v -0.039926 0.716124 0.086542
v -0.052841 0.709781 0.086715
v -0.063300 0.709852 0.075539
v -0.049340 0.713970 0.085159
v -0.047536 0.717487 0.085379
v -0.060528 0.714578 0.074540
v -0.077068 0.711223 0.061522
v -0.063403 0.703101 0.074057
v -0.079246 0.703828 0.061244
v -0.062685 0.694447 0.070399
v -0.081264 0.694409 0.056324
v -0.060063 0.681545 0.067961
v -0.060791 0.666685 0.066049
v -0.074094 0.682904 0.060265
v -0.052887 0.681000 0.079875
v -0.053156 0.666524 0.078329
v -0.044420 0.667166 0.085633
v -0.053571 0.653206 0.078180
v -0.055421 0.644224 0.079882
v -0.063140 0.655193 0.067361
v -0.044001 0.652874 0.086361
v -0.039615 0.646070 0.091513
v -0.035747 0.655125 0.084106
v -0.048969 0.642316 0.087515
v -0.043345 0.639206 0.092408
v -0.050018 0.634160 0.086100
v -0.043955 0.632502 0.090469
v -0.056246 0.636206 0.080290
v -0.048097 0.630102 0.082016
v -0.044826 0.630472 0.075433
v -0.055250 0.630242 0.077578
v -0.041047 0.630092 0.085414
v -0.037220 0.630415 0.078345
v -0.035384 0.630272 0.087748
v -0.039393 0.630281 0.093711
v -0.031384 0.630794 0.080116
v -0.032773 0.635981 0.088792
v -0.038017 0.636429 0.096040
v -0.031560 0.642464 0.088686
v -0.028609 0.635995 0.080813
v -0.024883 0.636372 0.071234
v -0.027388 0.642559 0.080959
v -0.023654 0.642146 0.071136
v -0.031111 0.646809 0.078535
v -0.027173 0.646249 0.068292
v -0.032566 0.655057 0.076605
v -0.034544 0.647615 0.086096
v -0.027509 0.654356 0.066655
v -0.033024 0.666565 0.074381
v -0.032867 0.679704 0.072681
v -0.027425 0.665406 0.064477
v -0.036094 0.667255 0.082868
v -0.026469 0.676923 0.061709
v -0.023022 0.662906 0.051858
v -0.018032 0.669319 0.047218
v -0.022289 0.653261 0.053458
v -0.015388 0.655450 0.043578
v -0.020858 0.645927 0.056107
v -0.017379 0.642235 0.059503
v -0.014669 0.646461 0.044168
v -0.011643 0.642365 0.046772
v -0.011909 0.648342 0.031098
v -0.006195 0.642336 0.033896
v -0.007116 0.649487 0.018430
v -0.011037 0.660472 0.032348
v -0.006505 0.662677 0.019481
v -0.015091 0.680643 0.038055
v -0.008315 0.681374 0.022157
v -0.013022 0.697526 0.036352
v -0.027243 0.690299 0.058578
v -0.009493 0.696780 0.022676
v -0.003815 0.697193 0.011841
v -0.004992 0.705770 0.023074
v -0.000296 0.706988 0.012153
v -0.004848 0.712293 0.022048
v -0.000796 0.713293 0.010006
v -0.008733 0.715159 0.019048
v -0.010222 0.719391 0.018397
v -0.004536 0.715910 0.004001
v -0.004589 0.719844 0.006725
v 0.003238 0.709458 0.003276
v -0.000811 0.698355 0.003415
v -0.003218 0.682974 0.002375
v 0.002670 0.682833 -0.001851
v -0.002488 0.665620 0.001081
v -0.006122 0.682941 0.011086
v -0.005851 0.664507 0.008840
v -0.001325 0.650211 0.009123
v 0.002903 0.642598 0.011592
v 0.000939 0.649985 0.000235
v 0.006872 0.642577 0.003400
v 0.006489 0.649931 -0.004967
v 0.010441 0.642626 -0.003492
v 0.007697 0.648821 -0.013069
v 0.004662 0.666193 -0.003073
v 0.006959 0.665320 -0.011348
v 0.010574 0.643901 -0.019595
v 0.013297 0.642906 -0.010434
v 0.000336 0.651387 -0.018654
v 0.002779 0.643857 -0.022909
v 0.002485 0.638831 -0.022421
v -0.007432 0.644282 -0.024948
v -0.006172 0.638863 -0.026478
v -0.014870 0.643959 -0.031167
v -0.014092 0.644736 -0.019651
v -0.019392 0.644333 -0.025874
v -0.027806 0.644381 -0.032222
v -0.029907 0.651714 -0.029408
v -0.014236 0.638573 -0.031053
v -0.013832 0.633596 -0.029597
v -0.015251 0.631437 -0.026088
v -0.006240 0.634602 -0.024133
v -0.007610 0.632122 -0.020433
v 0.001443 0.634373 -0.020228
v 0.007560 0.632881 -0.018254
v -0.000609 0.632023 -0.015894
v -0.003562 0.631540 -0.010210
v 0.005419 0.631571 -0.013031
v 0.002282 0.631153 -0.006778
v 0.010164 0.631212 -0.011189
v 0.012240 0.636547 -0.010576
v 0.013760 0.631476 -0.016919
v 0.007195 0.630927 -0.004460
v 0.009283 0.636238 -0.003832
v 0.003215 0.630981 0.002865
v 0.005462 0.636384 0.002966
v -0.001105 0.631002 0.011711
v -0.002388 0.631762 0.001307
v -0.008959 0.632778 -0.002120
v -0.006635 0.631248 0.010192
v -0.012553 0.631622 0.008432
v -0.010989 0.631028 0.020407
v -0.005415 0.631031 0.021876
v -0.017038 0.631306 0.018736
v -0.016008 0.630823 0.032038
v -0.022129 0.630980 0.030539
v -0.021604 0.630629 0.045139
v -0.010328 0.631064 0.033577
v -0.015939 0.630888 0.046662
v -0.007480 0.636121 0.034088
v -0.002663 0.636138 0.022186
v -0.013051 0.636060 0.047076
v -0.018928 0.636148 0.059912
v -0.021787 0.630918 0.059480
v -0.027537 0.631190 0.070790
v -0.027125 0.630613 0.057622
v -0.033065 0.631550 0.055549
v -0.032974 0.630604 0.069385
v -0.041058 0.631808 0.066652
v -0.042171 0.636673 0.065275
v -0.049949 0.631088 0.066847
v -0.049512 0.635419 0.065631
v -0.052581 0.630258 0.072526
v -0.059156 0.630277 0.063053
v -0.057813 0.633879 0.060818
v -0.070070 0.630339 0.057353
v -0.062469 0.630246 0.068352
v -0.065033 0.632459 0.072435
v -0.073961 0.630258 0.062522
v -0.087918 0.630477 0.054548
v -0.076403 0.634399 0.064998
v -0.077929 0.642349 0.064665
v -0.089748 0.636137 0.056132
v -0.090304 0.643284 0.054927
v -0.065591 0.639049 0.073256
v -0.064286 0.646814 0.069890
v -0.083809 0.630481 0.049716
v -0.102767 0.630740 0.046285
v -0.099063 0.630689 0.041150
v -0.114406 0.630818 0.031976
v -0.095881 0.630667 0.036738
v -0.080262 0.631924 0.045642
v -0.111586 0.630835 0.026650
v -0.094960 0.636078 0.035955
v -0.095048 0.642878 0.036775
v -0.079872 0.637346 0.045992
v -0.111099 0.635856 0.025086
v -0.111734 0.642782 0.025067
v -0.122372 0.635893 0.017090
v -0.123198 0.631024 0.018677
v -0.122850 0.643168 0.017214
v -0.131943 0.636148 0.010477
v -0.132154 0.643394 0.010713
v -0.132872 0.631037 0.011909
v -0.140345 0.636598 0.004627
v -0.146532 0.636894 -0.001377
v -0.140932 0.631048 0.005667
v -0.140970 0.643428 0.004302
v -0.140968 0.651565 0.004570
v -0.147440 0.643231 -0.001174
v -0.146130 0.643747 -0.009337
v -0.147699 0.651185 -0.001132
v -0.147928 0.661160 -0.000676
v -0.146684 0.651495 -0.008766
v -0.146490 0.661115 -0.008812
v -0.141839 0.652142 -0.017494
v -0.136052 0.652810 -0.028047
v -0.141719 0.661474 -0.017502
v -0.141823 0.644534 -0.017375
v -0.136241 0.645072 -0.027553
v -0.141582 0.638378 -0.017473
v -0.142792 0.633219 -0.017617
v -0.135849 0.638998 -0.027762
v -0.145548 0.637184 -0.008893
v -0.146355 0.632346 -0.008792
v -0.147080 0.631251 -0.000747
v -0.151989 0.631255 -0.010127
v -0.146711 0.631913 -0.019169
v -0.157339 0.631355 -0.012039
v -0.155906 0.631202 -0.002121
v -0.160620 0.631445 0.004389
v -0.162447 0.631213 -0.004051
v -0.166711 0.631821 0.002305
v -0.164547 0.634861 -0.004264
v -0.159899 0.635065 -0.012842
v -0.165145 0.639660 -0.003209
v -0.167181 0.635758 0.002699
v -0.163113 0.635656 0.006639
v -0.166968 0.639432 0.002882
v -0.169380 0.643558 0.003576
v -0.164727 0.640291 0.006021
v -0.158879 0.642193 0.010548
v -0.167151 0.644466 0.006021
v -0.162225 0.644799 0.005273
v -0.158964 0.650759 0.005951
v -0.163629 0.646485 0.000459
v -0.159465 0.646909 -0.010489
v -0.160613 0.651915 0.000596
v -0.157782 0.652432 -0.008536
v -0.159801 0.661799 0.000653
v -0.156503 0.660903 0.007053
v -0.160108 0.675664 0.001504
v -0.156975 0.662156 -0.007742
v -0.148290 0.662114 -0.019102
v -0.156641 0.675696 -0.007701
v -0.147091 0.675935 -0.018829
v -0.156903 0.691734 -0.007056
v -0.158519 0.705076 -0.006836
v -0.159625 0.691641 0.003714
v -0.148888 0.694100 -0.019165
v -0.138525 0.698567 -0.035919
v -0.150465 0.706882 -0.019923
v -0.141479 0.708460 -0.036652
v -0.148028 0.714607 -0.018579
v -0.147986 0.721046 -0.019384
v -0.157966 0.714975 -0.005834
v -0.138658 0.715720 -0.035750
v -0.157748 0.721547 -0.005678
v -0.132722 0.709098 -0.053830
v -0.130049 0.696813 -0.051810
v -0.121915 0.699850 -0.067138
v -0.129858 0.674337 -0.054040
v -0.124334 0.661973 -0.062722
v -0.132600 0.659297 -0.049383
v -0.139678 0.675463 -0.036983
v -0.117868 0.683027 -0.069268
v -0.116118 0.669084 -0.073713
v -0.114999 0.686206 -0.079862
v -0.114236 0.670882 -0.081380
v -0.110763 0.671404 -0.087149
v -0.113747 0.659165 -0.082591
v -0.110506 0.659982 -0.087892
v -0.116114 0.657143 -0.076702
v -0.113845 0.650288 -0.083443
v -0.117604 0.648120 -0.078223
v -0.122557 0.644681 -0.069466
v -0.121289 0.641140 -0.080066
v -0.126215 0.641869 -0.071075
v -0.120915 0.633906 -0.079077
v -0.125773 0.635224 -0.070171
v -0.117377 0.631628 -0.075822
v -0.112881 0.632251 -0.071501
v -0.111772 0.631838 -0.080764
v -0.123262 0.631619 -0.068185
v -0.119088 0.633054 -0.065172
v -0.129753 0.631473 -0.057565
v -0.124705 0.631497 -0.054567
v -0.132263 0.635753 -0.059157
v -0.137071 0.631460 -0.044958
v -0.144223 0.631455 -0.032510
v -0.139554 0.635770 -0.046543
v -0.131873 0.631480 -0.041797
v -0.128693 0.633686 -0.039830
v -0.139453 0.631461 -0.029578
v -0.135825 0.633376 -0.027579
v -0.121880 0.634699 -0.052383
v -0.129158 0.639526 -0.039808
v -0.122441 0.640574 -0.052058
v -0.129624 0.645780 -0.039727
v -0.129634 0.653739 -0.039706
v -0.122660 0.646995 -0.051805
v -0.116787 0.647934 -0.061819
v -0.122788 0.654992 -0.051579
v -0.122799 0.664098 -0.051328
v -0.116926 0.655853 -0.061256
v -0.111891 0.655594 -0.068926
v -0.116934 0.664846 -0.060934
v -0.116864 0.676119 -0.060477
v -0.111841 0.665128 -0.068969
v -0.106776 0.664949 -0.075044
v -0.111968 0.677120 -0.068114
v -0.108396 0.677568 -0.073856
v -0.112094 0.691862 -0.066062
v -0.116950 0.690467 -0.059097
v -0.110857 0.708068 -0.064088
v -0.106986 0.692832 -0.070457
v -0.105845 0.708192 -0.067699
v -0.099876 0.692002 -0.069960
v -0.101048 0.677169 -0.071271
v -0.099273 0.706616 -0.067785
v -0.091531 0.689768 -0.064948
v -0.090152 0.704105 -0.063783
v -0.092739 0.676010 -0.065980
v -0.081954 0.687084 -0.058696
v -0.083116 0.674392 -0.059679
v -0.080395 0.700739 -0.057511
v -0.069911 0.684404 -0.050843
v -0.070642 0.672041 -0.051567
v -0.068604 0.697747 -0.049800
v -0.052848 0.681061 -0.039892
v -0.051671 0.694419 -0.038873
v -0.038105 0.678252 -0.030469
v -0.053740 0.669098 -0.040699
v -0.054344 0.659243 -0.041288
v -0.038946 0.666580 -0.031179
v -0.039726 0.657080 -0.031813
v -0.028032 0.664957 -0.024102
v -0.028508 0.655692 -0.024470
v -0.027264 0.676261 -0.023500
v -0.018576 0.663676 -0.017633
v -0.010920 0.662328 -0.010399
v -0.019042 0.654630 -0.018037
v -0.017824 0.674591 -0.017210
v -0.016986 0.688585 -0.016413
v -0.010264 0.673111 -0.010037
v -0.009649 0.687474 -0.009612
v -0.010518 0.672107 -0.000295
v -0.010554 0.661190 -0.000336
v -0.014368 0.671473 0.010387
v -0.009846 0.686778 -0.000502
v -0.014234 0.685924 0.010386
v -0.010628 0.702559 0.000671
v -0.014703 0.701736 0.010385
v -0.009159 0.703435 -0.007808
v -0.010910 0.714066 0.001410
v -0.008945 0.714055 -0.007776
v -0.013372 0.723216 0.000383
v -0.014644 0.714039 0.010754
v -0.017350 0.723056 0.009913
v -0.019230 0.713968 0.021073
v -0.021244 0.722480 0.020078
v -0.024330 0.714374 0.032363
v -0.019520 0.701988 0.021119
v -0.019261 0.685360 0.021523
v -0.024920 0.702188 0.032437
v -0.030057 0.702236 0.043243
v -0.024814 0.685159 0.033488
v -0.024983 0.670215 0.033763
v -0.029984 0.685137 0.044324
v -0.034820 0.685383 0.053992
v -0.030340 0.669943 0.045267
v -0.035264 0.669794 0.055485
v -0.030095 0.658601 0.045134
v -0.035134 0.658664 0.055438
v -0.029735 0.649061 0.044632
v -0.024659 0.658788 0.033427
v -0.019148 0.659464 0.021229
v -0.024304 0.649121 0.032852
v -0.024449 0.641511 0.031987
v -0.018951 0.649904 0.020622
v -0.019040 0.642011 0.019803
v -0.014384 0.650886 0.009972
v -0.010816 0.652162 -0.000273
v -0.014443 0.660274 0.010278
v -0.014506 0.643101 0.009390
v -0.014676 0.636322 0.008515
v -0.011324 0.644364 -0.000576
v -0.012165 0.645471 -0.010839
v -0.011155 0.638199 -0.000752
v -0.012782 0.639560 -0.011200
v -0.012907 0.635161 -0.012158
v -0.019628 0.640188 -0.018501
v -0.019489 0.646491 -0.018199
v -0.029035 0.640783 -0.024931
v -0.019394 0.635196 -0.019064
v -0.028989 0.634607 -0.024984
v -0.017689 0.632529 -0.021970
v -0.010065 0.632105 -0.015963
v -0.028867 0.647316 -0.024759
v -0.040664 0.641789 -0.032648
v -0.040371 0.648760 -0.032367
v -0.054709 0.650626 -0.041754
v -0.011015 0.653254 -0.010663
v -0.019235 0.635474 0.018779
v -0.024832 0.634873 0.030712
v -0.030140 0.634860 0.043245
v -0.027514 0.630713 0.043554
v -0.035191 0.635704 0.054848
v -0.029839 0.641504 0.043927
v -0.035100 0.641716 0.054929
v -0.034889 0.649333 0.055178
v -0.041704 0.641977 0.063972
v -0.041008 0.649074 0.063562
v -0.049619 0.641399 0.064859
v -0.049555 0.648451 0.064981
v -0.057940 0.640190 0.060764
v -0.058020 0.647264 0.061006
v -0.067746 0.638752 0.054197
v -0.067894 0.645518 0.054914
v -0.067747 0.632779 0.054078
v -0.067596 0.654971 0.055258
v -0.079971 0.643986 0.046999
v -0.079577 0.653189 0.047408
v -0.078872 0.664808 0.047282
v -0.094659 0.651845 0.037219
v -0.093717 0.663147 0.037198
v -0.112239 0.651219 0.025063
v -0.111839 0.661853 0.025078
v -0.123491 0.651218 0.017126
v -0.123767 0.661418 0.017002
v -0.132589 0.651564 0.010739
v -0.133011 0.661410 0.010669
v -0.132979 0.672942 0.010596
v -0.141118 0.661337 0.004810
v -0.141116 0.673089 0.005043
v -0.147660 0.673058 -0.000379
v -0.140435 0.687949 0.004948
v -0.138431 0.703825 0.004869
v -0.147298 0.688233 -0.000284
v -0.131917 0.688025 0.010474
v -0.129837 0.704188 0.011169
v -0.121778 0.688763 0.016964
v -0.109072 0.690097 0.025625
v -0.120051 0.704922 0.018201
v -0.123236 0.672853 0.016844
v -0.110502 0.673609 0.025003
v -0.092686 0.675705 0.036500
v -0.092356 0.692153 0.037465
v -0.078023 0.678063 0.046574
v -0.066880 0.680099 0.054258
v -0.078337 0.694866 0.046892
v -0.078515 0.708170 0.046880
v -0.067249 0.697106 0.054190
v -0.057680 0.698959 0.060183
v -0.067467 0.710795 0.054633
v -0.066945 0.720844 0.054034
v -0.057396 0.712963 0.061168
v -0.056088 0.720861 0.059847
v -0.047310 0.713200 0.065216
v -0.047827 0.700141 0.063664
v -0.042979 0.718161 0.063478
v -0.034705 0.716182 0.052783
v -0.043058 0.724412 0.058896
v -0.041306 0.701351 0.060797
v -0.040070 0.685703 0.062469
v -0.034905 0.702067 0.052576
v -0.048266 0.684615 0.064456
v -0.040673 0.669682 0.064484
v -0.040464 0.657819 0.064254
v -0.048606 0.669021 0.067164
v -0.057204 0.667809 0.061386
v -0.048796 0.657013 0.065945
v -0.057781 0.656352 0.061440
v -0.057412 0.682289 0.060736
v -0.067069 0.666354 0.054991
v -0.038021 0.724643 0.051484
v -0.052663 0.724492 0.054588
v -0.047267 0.724734 0.046222
v -0.063237 0.724601 0.048556
v -0.075363 0.724867 0.042266
v -0.057824 0.724894 0.040283
v -0.052256 0.725159 0.031387
v -0.069726 0.725132 0.033858
v -0.063987 0.725393 0.025123
v -0.083999 0.725480 0.026183
v -0.100524 0.725920 0.017705
v -0.089059 0.725213 0.034669
v -0.078715 0.725745 0.017023
v -0.072761 0.726075 0.006083
v -0.095120 0.726182 0.007443
v -0.089943 0.726537 -0.003780
v -0.107228 0.726479 0.000583
v -0.117567 0.726649 -0.004902
v -0.101965 0.726814 -0.010302
v -0.112943 0.726226 0.010607
v -0.123123 0.726409 0.005067
v -0.117621 0.723036 0.017691
v -0.105436 0.723857 0.025726
v -0.127829 0.723008 0.011800
v -0.119871 0.716038 0.020264
v -0.129648 0.715450 0.013395
v -0.107779 0.716984 0.028551
v -0.092202 0.718034 0.039060
v -0.107810 0.705718 0.026823
v -0.091977 0.706504 0.037849
v -0.079170 0.719105 0.047990
v -0.137921 0.714756 0.006330
v -0.136606 0.722855 0.006568
v -0.143434 0.714337 -0.001678
v -0.146570 0.721333 -0.002532
v -0.142643 0.714230 -0.006765
v -0.144054 0.704169 -0.001316
v -0.143143 0.703743 -0.008537
v -0.145556 0.688319 -0.008618
v -0.139465 0.703344 -0.017243
v -0.138917 0.714948 -0.016858
v -0.140788 0.688064 -0.017501
v -0.134366 0.703281 -0.027076
v -0.135573 0.688146 -0.027431
v -0.133857 0.715308 -0.026589
v -0.128135 0.703919 -0.038121
v -0.127975 0.715726 -0.037397
v -0.121752 0.705373 -0.048975
v -0.129256 0.688559 -0.039097
v -0.122572 0.689338 -0.050364
v -0.129506 0.674270 -0.039199
v -0.136025 0.673473 -0.027384
v -0.129576 0.663190 -0.039498
v -0.122626 0.675160 -0.051138
v -0.136128 0.662237 -0.027677
v -0.141399 0.673072 -0.017456
v -0.146109 0.673040 -0.008670
v -0.122021 0.717218 -0.048032
v -0.116360 0.706881 -0.057707
v -0.115501 0.719919 -0.055992
v -0.106345 0.724146 -0.060502
v -0.116388 0.728101 -0.056038
v -0.107217 0.727257 -0.053195
v -0.119395 0.725236 -0.045825
v -0.125052 0.724832 -0.035435
v -0.111063 0.727528 -0.042505
v -0.116631 0.727221 -0.031305
v -0.101828 0.727662 -0.039060
v -0.097075 0.727490 -0.049440
v -0.107197 0.727347 -0.027147
v -0.090711 0.727500 -0.033919
v -0.078023 0.727208 -0.026895
v -0.096518 0.727196 -0.022198
v -0.085506 0.727468 -0.043511
v -0.072476 0.727238 -0.036013
v -0.081209 0.726622 -0.050938
v -0.067911 0.726170 -0.043612
v -0.078668 0.721685 -0.055773
v -0.093370 0.726691 -0.056533
v -0.090341 0.725587 -0.061666
v -0.103051 0.725052 -0.065947
v -0.089553 0.716906 -0.063086
v -0.098408 0.720920 -0.068521
v -0.079209 0.712447 -0.056522
v -0.067275 0.709171 -0.048735
v -0.050625 0.706491 -0.037875
v -0.066315 0.719340 -0.047697
v -0.049961 0.717586 -0.036813
v -0.036140 0.715604 -0.027390
v -0.051208 0.725755 -0.033771
v -0.036436 0.724686 -0.025011
v -0.055465 0.727035 -0.025829
v -0.060815 0.726733 -0.016060
v -0.040604 0.726532 -0.016594
v -0.030123 0.726193 -0.010030
v -0.045908 0.726250 -0.006360
v -0.035740 0.725950 0.000221
v -0.051398 0.725970 0.004032
v -0.041073 0.725696 0.010574
v -0.066535 0.726418 -0.005442
v -0.057509 0.725674 0.014871
v -0.046516 0.725426 0.021097
v -0.035644 0.725230 0.026790
v -0.026464 0.722937 0.031221
v -0.041191 0.724981 0.037017
v -0.030372 0.725479 0.016177
v -0.026151 0.725718 0.005870
v -0.020951 0.725916 -0.003832
v -0.016970 0.722464 -0.011318
v -0.015927 0.714116 -0.014184
v -0.009658 0.722872 -0.009156
v -0.025473 0.723993 -0.018486
v -0.025075 0.714624 -0.020416
v -0.025247 0.703564 -0.021477
v -0.016229 0.702991 -0.015080
v -0.026193 0.690009 -0.022604
v -0.036621 0.704645 -0.028811
v -0.037281 0.691884 -0.029667
v -0.031464 0.723648 0.042132
v -0.029597 0.714860 0.043243
v -0.084195 0.726911 -0.015812
v -0.112349 0.726962 -0.015697
v -0.122070 0.726807 -0.020394
v -0.127073 0.726584 -0.009601
v -0.130727 0.725029 -0.024694
v -0.135042 0.724621 -0.013751
v -0.139744 0.724528 -0.001517
v -0.132526 0.726474 0.001416
v -0.019355 0.670801 0.021559
v -0.070772 0.661863 -0.051919
v -0.083337 0.663818 -0.060092
v -0.092712 0.664891 -0.066228
v -0.100644 0.665094 -0.071237
v -0.099999 0.655789 -0.071041
v -0.106289 0.655117 -0.074188
v -0.106521 0.647600 -0.072472
v -0.106397 0.641708 -0.072537
v -0.111862 0.647972 -0.068799
v -0.111722 0.641641 -0.069211
v -0.111570 0.636493 -0.069792
v -0.116810 0.641554 -0.062540
v -0.117498 0.636379 -0.063656
v -0.106453 0.637413 -0.073283
v -0.146467 0.635713 -0.034000
v -0.139871 0.640825 -0.047121
v -0.132689 0.641578 -0.059707
v -0.133674 0.643891 -0.044623
v -0.147020 0.641332 -0.034637
v -0.142339 0.645991 -0.033401
v -0.153587 0.641200 -0.022115
v -0.150929 0.646043 -0.020434
v -0.160569 0.640602 -0.012327
v -0.153045 0.635596 -0.022132
v -0.151045 0.631463 -0.021234
v -0.149430 0.652566 -0.019577
v -0.139836 0.652331 -0.034334
v -0.132850 0.650931 -0.046011
v -0.139783 0.661101 -0.036231
v -0.125152 0.649073 -0.056153
v -0.125622 0.655930 -0.057104
v -0.127936 0.644002 -0.057125
v -0.121861 0.652050 -0.067297
v -0.154656 0.676118 0.009187
v -0.154445 0.649563 0.010254
v -0.156791 0.635805 0.009904
v -0.152688 0.631991 0.006379
v -0.147860 0.635081 0.014953
v -0.145174 0.631033 0.010722
v -0.136529 0.630994 0.017191
v -0.126527 0.630922 0.024027
v -0.001370 0.642528 0.021904
v 0.001480 0.636237 0.011951
v 0.014677 0.637215 -0.016114
v 0.009284 0.638126 -0.019809
v 0.015587 0.643282 -0.015635
v -0.036129 0.642819 0.096367
v -0.073574 0.669249 0.059418
v -0.085145 0.690062 0.056650
v -0.085399 0.686614 0.055448
v -0.088311 0.682675 0.053521
v -0.085940 0.690058 0.055081
v -0.095568 0.683131 0.047036
v -0.094868 0.689279 0.048171
v -0.097072 0.675555 0.045204
v -0.103439 0.683494 0.041246
v -0.112176 0.685652 0.036018
v -0.103091 0.688925 0.042361
v -0.103866 0.676115 0.040657
v -0.104597 0.668357 0.041523
v -0.111398 0.676548 0.038010
v -0.111695 0.667073 0.038833
v -0.116748 0.677661 0.038711
v -0.113602 0.666968 0.041238
v -0.115787 0.689878 0.037128
v -0.114990 0.686476 0.033733
v -0.118099 0.670145 0.037509
v -0.113601 0.664261 0.036539
v -0.114595 0.665124 0.041457
v -0.111695 0.667073 0.038833
v -0.108659 0.660016 0.046100
v -0.102594 0.658366 0.050055
v -0.107665 0.661704 0.045728
v -0.105629 0.661179 0.042990
v -0.102919 0.661057 0.048666
v -0.101823 0.661610 0.045842
v -0.095644 0.662871 0.052760
v -0.097969 0.661140 0.048512
v -0.098062 0.660282 0.053421
v -0.094812 0.667704 0.048710
v -0.099281 0.668224 0.044799
v -0.112867 0.684755 0.036647
v -0.110191 0.686929 0.036039
v -0.110409 0.689641 0.034737
v -0.112867 0.684755 0.036647
v -0.115787 0.689878 0.037128
v -0.106072 0.693404 0.041208
v -0.112867 0.684755 0.036647
v -0.098868 0.692736 0.047262
v -0.096517 0.705519 0.049894
v -0.114368 0.701461 0.036958
v -0.113942 0.709582 0.037338
v -0.094874 0.713078 0.047967
v -0.034929 0.711069 0.086550
v -0.033071 0.720703 0.093684
v -0.030235 0.737697 0.026878
v -0.023139 0.737969 0.011636
v -0.044100 0.737953 0.020103
v -0.036405 0.738289 0.005382
v -0.061871 0.738413 0.009459
v -0.053193 0.738732 -0.004813
v -0.086214 0.739094 -0.006265
v -0.076360 0.739412 -0.020676
v -0.107281 0.739742 -0.021181
v -0.116162 0.739361 -0.006352
v -0.120158 0.740175 -0.029960
v -0.097700 0.740091 -0.035182
v -0.110916 0.740524 -0.044251
v -0.089074 0.740347 -0.046185
v -0.067836 0.739643 -0.032365
v -0.102554 0.740781 -0.055344
v -0.081605 0.741862 -0.054822
v -0.095303 0.741860 -0.064065
v -0.061119 0.740939 -0.041024
v -0.076788 0.742901 -0.059253
v -0.057284 0.741898 -0.045757
v -0.071647 0.741248 -0.064103
v -0.089594 0.743375 -0.069203
v -0.099792 0.743714 -0.076226
v -0.084319 0.743611 -0.074043
v -0.095082 0.743897 -0.081418
v -0.093202 0.738029 -0.082968
v -0.104006 0.744098 -0.087877
v -0.113020 0.743717 -0.096192
v -0.102411 0.738136 -0.088834
v -0.108476 0.743980 -0.082372
v -0.115686 0.743901 -0.087994
v -0.113945 0.743955 -0.075244
v -0.120862 0.743815 -0.066648
v -0.105807 0.743342 -0.070382
v -0.120498 0.744045 -0.079532
v -0.123263 0.739293 -0.081609
v -0.126823 0.743861 -0.070420
v -0.130283 0.738888 -0.072366
v -0.134872 0.743492 -0.058445
v -0.128751 0.743423 -0.055363
v -0.138448 0.738720 -0.060025
v -0.144589 0.743083 -0.042594
v -0.138332 0.742899 -0.039714
v -0.154159 0.742475 -0.025162
v -0.147447 0.742458 -0.022500
v -0.159855 0.741154 -0.007854
v -0.152267 0.741736 -0.007451
v -0.143991 0.740923 -0.006434
v -0.139706 0.741251 -0.019346
v -0.131458 0.740350 -0.036481
v -0.129015 0.739843 -0.013980
v -0.121798 0.741384 -0.051328
v -0.113884 0.741402 -0.062445
v -0.123672 0.732438 -0.082024
v -0.117082 0.738526 -0.089377
v -0.116564 0.732897 -0.090031
v -0.110611 0.737582 -0.092912
v -0.109702 0.732035 -0.091764
v -0.111228 0.724538 -0.086497
v -0.101833 0.730797 -0.088989
v -0.103091 0.724380 -0.085744
v -0.116605 0.726772 -0.088442
v -0.035646 0.741139 -0.033199
v -0.020942 0.740938 -0.023224
v -0.039670 0.739162 -0.027015
v -0.024574 0.740471 -0.017894
v -0.045643 0.738973 -0.017276
v -0.029872 0.738556 -0.007443
v 0.004833 0.726163 0.000229
v -0.006552 0.735883 -0.022602
v -0.013259 0.693426 -0.019132
v -0.089330 0.642157 -0.081282
v -0.090084 0.637591 -0.081453
v -0.097524 0.729885 0.056957
v -0.095666 0.739020 0.056607
v -0.089877 0.739391 0.048761
v -0.076757 0.738240 0.068694
v -0.070639 0.738681 0.061311
v -0.123678 0.660502 0.027393
vn -0.5121 0.0652 0.8565
vn -0.3329 -0.1818 0.9253
vn -0.5342 -0.2259 0.8146
vn -0.6322 -0.0179 0.7746
vn -0.5247 -0.1585 0.8364
vn -0.6665 -0.0007 0.7455
vn -0.4970 -0.2226 0.8387
vn -0.4724 -0.1368 0.8707
vn -0.5590 -0.0119 0.8291
vn -0.4399 -0.0396 0.8972
vn -0.5795 0.2461 0.7769
vn -0.3844 -0.0673 0.9207
vn -0.4791 0.3807 0.7909
vn -0.1235 -0.6153 0.7786
vn -0.5893 -0.1235 0.7984
vn -0.5131 0.3670 0.7759
vn -0.5587 -0.8105 0.1760
vn -0.6775 -0.4253 0.6001
vn -0.6549 -0.1746 0.7353
vn -0.5847 0.2642 0.7670
vn -0.5395 0.3590 0.7616
vn -0.5232 0.3794 0.7631
vn -0.5199 0.4127 0.7479
vn -0.5826 -0.0940 0.8073
vn -0.4959 0.1736 0.8508
vn -0.4780 0.3934 0.7853
vn -0.5645 0.1068 0.8185
vn -0.5717 0.0651 0.8179
vn -0.5589 -0.0257 0.8289
vn -0.4372 -0.6770 0.5920
vn -0.3755 -0.7533 0.5399
vn -0.4698 -0.6196 0.6288
vn -0.4854 0.3183 0.8143
vn -0.5556 0.0949 0.8260
vn -0.4999 -0.5690 0.6529
vn -0.5114 0.0584 0.8573
vn -0.4810 -0.5379 0.6923
vn -0.4662 0.2545 0.8473
vn -0.5342 0.1832 0.8253
vn -0.5136 0.1948 0.8357
vn -0.6259 0.0856 0.7752
vn -0.6734 0.0480 0.7377
vn -0.4356 0.1201 0.8921
vn -0.5271 0.2319 0.8176
vn -0.4367 -0.0519 0.8981
vn -0.7845 0.0449 0.6185
vn -0.6802 -0.0454 0.7316
vn -0.7427 -0.1416 0.6545
vn -0.5061 -0.1924 0.8407
vn -0.6545 0.1945 0.7306
vn -0.6439 -0.1023 0.7582
vn -0.5387 -0.1473 0.8295
vn -0.5352 -0.1449 0.8322
vn -0.5728 -0.0345 0.8189
vn -0.5557 -0.1194 0.8228
vn -0.5349 0.0363 0.8442
vn -0.5943 -0.0820 0.8001
vn -0.5306 0.0984 0.8419
vn -0.9172 -0.0186 0.3980
vn -0.9621 -0.0066 0.2727
vn -0.8879 0.0662 0.4552
vn -0.4558 -0.2734 0.8470
vn -0.8181 -0.4485 0.3600
vn -0.4748 0.2353 0.8481
vn -0.4741 0.2813 0.8344
vn -0.3887 -0.5617 0.7304
vn -0.6632 -0.6986 0.2686
vn -0.3747 -0.7137 0.5918
vn -0.2630 -0.8269 0.4971
vn -0.5299 -0.3763 0.7600
vn -0.2842 -0.8926 0.3501
vn -0.4829 0.4336 0.7608
vn -0.3350 -0.8512 0.4041
vn -0.5828 -0.0849 0.8081
vn -0.5012 0.4510 0.7386
vn -0.4487 -0.4506 0.7718
vn -0.4547 -0.6314 0.6281
vn -0.4109 -0.7387 0.5342
vn -0.4455 -0.7812 0.4374
vn -0.4017 -0.8104 0.4265
vn -0.6574 0.0820 0.7491
vn -0.6714 0.2493 0.6979
vn -0.5523 -0.6105 0.5676
vn -0.3594 -0.8662 0.3473
vn -0.6359 -0.3640 0.6806
vn -0.6374 -0.1529 0.7552
vn -0.5610 -0.0978 0.8220
vn -0.2681 -0.2674 0.9255
vn 0.0173 -0.9381 0.3460
vn -0.4515 -0.6230 0.6387
vn -0.4245 0.7501 0.5071
vn -0.3859 0.7878 0.4801
vn -0.3776 0.6880 0.6197
vn 0.6534 -0.6828 0.3269
vn 0.2207 -0.5747 0.7881
vn 0.2600 0.5233 0.8115
vn 0.0131 0.9989 0.0459
vn 0.6301 0.6980 0.3402
vn 0.0025 0.9999 0.0115
vn 0.6483 0.6905 0.3208
vn 0.0025 0.9999 0.0127
vn 0.0051 0.9992 -0.0389
vn -0.0368 0.9993 -0.0054
vn -0.0334 0.9983 -0.0472
vn 0.6538 0.6983 0.2916
vn 0.0495 0.9974 -0.0514
vn 0.0171 0.9999 -0.0004
vn 0.0349 0.9991 -0.0226
vn -0.0786 0.9969 -0.0015
vn -0.0857 0.9963 -0.0106
vn 0.0050 0.9995 0.0305
vn 0.0433 0.9989 -0.0192
vn 0.0673 0.9965 -0.0492
vn 0.0067 0.9995 0.0320
vn 0.0075 0.9994 0.0326
vn 0.0556 0.9978 -0.0349
vn 0.0663 0.9967 -0.0458
vn 0.0668 0.9968 -0.0436
vn 0.0137 0.9993 0.0334
vn 0.0588 0.9975 -0.0385
vn -0.0083 0.9989 0.0452
vn 0.0234 0.9996 0.0149
vn -0.0458 0.9948 0.0913
vn 0.0611 0.9979 -0.0219
vn -0.0630 0.9911 0.1172
vn 0.0965 0.9951 -0.0228
vn 0.0602 0.9982 -0.0070
vn -0.0569 0.9949 0.0827
vn 0.0943 0.9953 0.0213
vn -0.3139 0.9210 0.2306
vn -0.3174 0.8461 0.4283
vn -0.3886 0.7175 0.5781
vn -0.5595 0.3084 0.7693
vn -0.7704 0.4824 0.4169
vn -0.5285 0.0399 0.8480
vn -0.3924 0.6941 0.6035
vn -0.5564 -0.1047 0.8243
vn -0.5211 -0.3331 0.7858
vn -0.8658 -0.2838 0.4121
vn -0.8681 0.4802 -0.1256
vn -0.9406 -0.2736 -0.2011
vn -0.6928 -0.6985 -0.1792
vn -0.8245 0.3944 -0.4058
vn -0.8276 -0.3326 -0.4521
vn -0.5606 -0.7583 -0.3328
vn -0.8212 0.3278 -0.4671
vn -0.8018 -0.3621 -0.4754
vn -0.5264 -0.7808 -0.3366
vn -0.8073 0.3195 -0.4962
vn -0.8003 -0.3610 -0.4787
vn -0.5313 -0.7880 -0.3111
vn -0.7419 -0.5039 -0.4422
vn -0.7302 -0.4952 -0.4707
vn -0.7862 -0.4442 -0.4296
vn -0.5542 -0.7604 -0.3385
vn -0.7899 -0.4476 -0.4192
vn -0.7971 -0.2982 -0.5251
vn -0.7868 -0.1843 -0.5890
vn -0.5906 -0.6916 -0.4158
vn -0.7444 -0.4915 -0.4519
vn -0.8435 0.1915 -0.5018
vn -0.8557 0.2547 -0.4506
vn -0.8548 0.2641 -0.4468
vn -0.8830 0.0519 -0.4664
vn -0.8788 0.0399 -0.4754
vn -0.8500 0.0598 -0.5233
vn -0.4625 0.0803 -0.8830
vn -0.5472 0.1185 -0.8286
vn -0.2466 -0.4931 -0.8343
vn -0.5734 -0.0548 -0.8174
vn -0.8625 -0.1398 -0.4863
vn -0.8701 -0.1773 -0.4598
vn 0.3959 0.0487 -0.9170
vn 0.4145 -0.0208 -0.9098
vn 0.3005 -0.0314 -0.9533
vn -0.5451 -0.0009 -0.8384
vn -0.9028 -0.0649 -0.4250
vn 0.3446 0.0373 -0.9380
vn 0.8190 -0.0204 -0.5735
vn 0.7937 -0.0585 -0.6055
vn 0.7792 -0.0381 -0.6256
vn 0.6328 -0.0394 -0.7733
vn 0.7379 0.0126 -0.6748
vn 0.6617 -0.1241 -0.7394
vn 0.7230 -0.1259 -0.6793
vn 0.6054 -0.2847 -0.7432
vn 0.3724 -0.3845 -0.8447
vn 0.5618 -0.4722 -0.6793
vn 0.4744 -0.5746 -0.6669
vn 0.5585 -0.1675 -0.8124
vn 0.5302 -0.4504 -0.7184
vn 0.4104 -0.6883 -0.5981
vn 0.5103 -0.3704 -0.7761
vn 0.5174 -0.3713 -0.7710
vn 0.5403 -0.3230 -0.7770
vn 0.5715 0.2298 -0.7878
vn 0.5700 0.2835 -0.7712
vn 0.5478 0.1918 -0.8143
vn 0.2608 -0.7797 -0.5693
vn 0.4970 -0.3351 -0.8004
vn 0.5356 0.2861 -0.7945
vn 0.5211 -0.2841 -0.8048
vn 0.5603 0.2098 -0.8013
vn 0.4859 -0.3465 -0.8024
vn 0.3849 0.8200 -0.4237
vn 0.3519 0.8000 -0.4860
vn 0.3922 0.7469 -0.5369
vn 0.5091 -0.3006 -0.8065
vn 0.5718 0.0979 -0.8145
vn 0.4510 0.6542 -0.6071
vn 0.4282 0.5337 -0.7292
vn 0.4910 -0.0090 -0.8711
vn 0.4305 -0.2922 -0.8540
vn 0.4128 -0.2991 -0.8603
vn 0.3935 -0.1575 -0.9057
vn 0.2683 -0.1115 -0.9569
vn 0.5241 -0.1627 -0.8359
vn 0.4116 -0.0423 -0.9104
vn 0.6147 -0.1689 -0.7705
vn 0.4795 0.0357 -0.8768
vn 0.3949 0.1113 -0.9119
vn 0.1736 -0.4669 -0.8671
vn 0.3747 -0.6119 -0.6966
vn 0.5300 -0.1293 -0.8381
vn 0.4665 0.0229 -0.8842
vn 0.4127 0.1293 -0.9017
vn 0.3988 0.1592 -0.9031
vn 0.5902 -0.0940 -0.8018
vn 0.5258 0.0186 -0.8504
vn 0.5781 -0.0590 -0.8138
vn 0.6251 -0.1026 -0.7738
vn 0.6527 -0.1274 -0.7468
vn 0.4189 0.1873 -0.8885
vn 0.4978 0.0851 -0.8631
vn 0.6627 -0.1129 -0.7403
vn 0.6668 -0.1093 -0.7372
vn 0.5187 0.0942 -0.8498
vn 0.4807 0.2283 -0.8467
vn 0.8021 0.0946 -0.5897
vn 0.6107 0.0211 -0.7916
vn 0.6343 0.2002 -0.7467
vn 0.8092 0.1687 -0.5627
vn 0.8198 0.0173 -0.5724
vn 0.7481 0.0760 -0.6592
vn 0.3147 0.0664 -0.9469
vn 0.2576 0.0764 -0.9632
vn 0.7257 0.3443 -0.5956
vn 0.5988 0.2213 -0.7697
vn 0.2131 0.1761 -0.9610
vn 0.6086 0.4578 -0.6481
vn 0.4574 0.4223 -0.7826
vn 0.1308 0.4929 -0.8602
vn 0.4873 0.2584 -0.8341
vn -0.3011 0.6205 -0.7241
vn 0.6245 0.1773 -0.7606
vn 0.6372 -0.0980 -0.7644
vn 0.5493 -0.0194 -0.8354
vn 0.5217 -0.1227 -0.8443
vn -0.8464 0.2968 -0.4421
vn -0.4774 0.1661 -0.8629
vn -0.5015 -0.6412 -0.5808
vn -0.4416 -0.8428 -0.3076
vn -0.8358 0.2622 -0.4823
vn -0.4901 0.2313 -0.8404
vn -0.7964 0.1072 -0.5952
vn -0.5116 -0.7462 -0.4260
vn -0.0117 -0.9998 0.0178
vn 0.0302 -0.9991 -0.0286
vn 0.4385 -0.6228 -0.6480
vn 0.3868 -0.6505 -0.6536
vn 0.4736 -0.6786 -0.5614
vn 0.0352 -0.9991 0.0225
vn 0.0232 -0.9992 -0.0312
vn 0.4561 -0.6725 -0.5829
vn 0.6259 -0.0862 -0.7751
vn 0.0940 -0.8788 0.4679
vn -0.2544 -0.8232 0.5076
vn 0.0436 -0.9900 -0.1344
vn -0.3249 -0.8620 0.3890
vn 0.4448 -0.5772 -0.6848
vn 0.1353 -0.9696 -0.2041
vn -0.2250 -0.9083 0.3527
vn 0.4921 -0.4512 -0.7445
vn 0.5772 0.0214 -0.8163
vn 0.5687 0.1774 -0.8032
vn 0.4913 0.3729 -0.7871
vn 0.5120 -0.3031 -0.8037
vn 0.2109 -0.9199 -0.3307
vn 0.4001 0.5774 -0.7117
vn 0.5229 -0.1882 -0.8314
vn 0.3013 -0.8236 -0.4805
vn -0.1689 -0.9541 0.2473
vn -0.0967 -0.9919 0.0828
vn -0.4516 -0.6678 0.5917
vn -0.4618 -0.5549 0.6919
vn -0.4864 -0.4476 0.7503
vn -0.5345 -0.3891 0.7502
vn -0.5493 -0.0959 0.8301
vn -0.5424 -0.0914 0.8352
vn -0.5470 -0.1163 0.8290
vn -0.3655 -0.1364 0.9208
vn -0.3598 -0.3705 0.8563
vn -0.5447 -0.0490 0.8372
vn -0.5347 -0.0385 0.8442
vn -0.4108 0.0018 0.9117
vn -0.4748 0.0220 0.8798
vn -0.5382 -0.0263 0.8424
vn -0.5477 -0.0320 0.8361
vn -0.5499 -0.0547 0.8334
vn -0.5482 -0.0326 0.8357
vn -0.5645 -0.1067 0.8185
vn -0.5577 -0.0382 0.8292
vn -0.5499 -0.0247 0.8348
vn -0.5399 -0.1901 0.8200
vn -0.5548 -0.0176 0.8318
vn -0.3235 -0.8148 0.4810
vn 0.0398 -0.9975 -0.0577
vn -0.2132 -0.8812 0.4220
vn -0.4920 -0.3367 0.8028
vn 0.1255 -0.9852 -0.1164
vn 0.4641 -0.6183 -0.6343
vn 0.4073 -0.6885 -0.6001
vn 0.5519 -0.1139 -0.8261
vn 0.5734 -0.0743 -0.8159
vn 0.4231 0.6484 -0.6329
vn 0.4281 0.6631 -0.6141
vn 0.2716 0.8571 -0.4377
vn 0.3102 0.8261 -0.4705
vn 0.2140 0.8810 -0.4221
vn 0.2649 0.8521 -0.4513
vn 0.4736 0.4614 -0.7502
vn 0.5102 0.3339 -0.7926
vn 0.4295 0.6244 -0.6524
vn 0.3877 0.7920 -0.4715
vn 0.4083 0.7396 -0.5350
vn 0.5301 0.5497 -0.6456
vn 0.4762 0.7748 -0.4157
vn 0.6151 0.2290 -0.7544
vn 0.5711 0.1091 -0.8136
vn 0.6615 0.3778 -0.6478
vn 0.6270 0.6031 -0.4931
vn 0.6490 0.2747 -0.7095
vn 0.7169 0.3971 -0.5730
vn 0.6455 -0.0731 -0.7603
vn 0.6169 -0.0271 -0.7865
vn 0.5888 0.0102 -0.8082
vn 0.5583 0.0686 -0.8268
vn 0.5478 0.0598 -0.8345
vn 0.5595 0.0253 -0.8284
vn 0.5402 0.0500 -0.8401
vn 0.5296 0.2455 -0.8119
vn 0.5400 0.0241 -0.8413
vn 0.4955 0.0053 -0.8686
vn 0.5147 0.0366 -0.8566
vn 0.4806 -0.0655 -0.8745
vn 0.1801 -0.0210 -0.9834
vn 0.1754 0.0375 -0.9838
vn 0.2169 -0.0906 -0.9720
vn 0.1277 0.1846 -0.9745
vn 0.5567 0.1539 -0.8163
vn -0.0537 0.2693 -0.9615
vn -0.0144 0.0476 -0.9988
vn 0.0287 -0.0238 -0.9993
vn 0.3986 0.3625 -0.8425
vn 0.4304 0.0543 -0.9010
vn 0.4461 -0.0020 -0.8950
vn 0.9649 0.0564 -0.2563
vn 0.9848 0.0283 -0.1712
vn 0.9412 -0.0130 -0.3377
vn 0.8288 -0.0439 -0.5578
vn 0.9197 -0.0922 0.3816
vn 0.8025 -0.0004 0.5967
vn 0.9848 0.0320 0.1709
vn 0.6124 -0.3297 -0.7186
vn 0.9824 -0.1851 -0.0235
vn 0.5329 -0.0968 -0.8406
vn 0.8854 -0.1896 -0.4244
vn 0.8343 0.0307 0.5505
vn 0.9284 -0.0074 0.3715
vn 0.9741 0.0151 0.2256
vn 0.8951 -0.1941 0.4014
vn 0.8561 0.3615 -0.3694
vn 0.4920 0.4768 -0.7284
vn 0.3457 0.8647 -0.3644
vn 0.7132 0.6794 -0.1724
vn 0.9227 0.3487 0.1643
vn 0.6177 0.7761 0.1269
vn 0.9281 0.1875 0.3216
vn 0.0781 0.9969 -0.0037
vn 0.1678 0.9282 -0.3320
vn -0.1013 0.9943 0.0324
vn -0.0657 0.9969 0.0441
vn -0.1561 0.9859 0.0599
vn 0.6810 0.6945 0.2322
vn -0.1158 0.9931 -0.0209
vn -0.0925 0.9957 -0.0103
vn 0.6546 0.7080 0.2650
vn 0.9341 -0.0117 0.3567
vn 0.9192 -0.1908 0.3446
vn 0.8018 -0.4279 0.4171
vn 0.6971 -0.6660 0.2656
vn 0.6570 0.7002 0.2793
vn 0.8399 -0.4602 0.2877
vn 0.5656 -0.7998 0.2010
vn 0.7220 -0.6502 0.2365
vn 0.4206 -0.8965 0.1395
vn 0.6681 0.6889 0.2814
vn -0.0894 0.9959 -0.0106
vn 0.7189 -0.6405 0.2703
vn -0.0983 0.9950 -0.0185
vn 0.6995 -0.6434 0.3109
vn 0.3367 -0.9171 0.2135
vn 0.3724 -0.9194 0.1264
vn 0.8688 -0.3427 0.3574
vn 0.8770 -0.2756 0.3936
vn 0.7301 -0.2784 0.6241
vn 0.1854 0.7677 0.6135
vn 0.7767 0.5362 0.3304
vn 0.6739 0.6642 0.3236
vn 0.6676 0.6701 0.3245
vn 0.8804 -0.2486 0.4038
vn 0.7304 0.5834 0.3552
vn 0.7510 0.5534 0.3603
vn 0.7846 0.5080 0.3554
vn 0.9066 -0.0498 0.4191
vn 0.8978 -0.0468 0.4380
vn 0.9087 -0.1003 0.4051
vn 0.8996 -0.1792 0.3983
vn 0.8749 -0.1971 0.4423
vn 0.8904 -0.2130 0.4022
vn 0.7564 0.4489 0.4758
vn 0.8981 -0.0464 0.4374
vn 0.8584 -0.2723 0.4347
vn 0.9033 -0.1551 0.4001
vn 0.8977 -0.0871 0.4319
vn 0.7956 -0.2657 0.5444
vn 0.2115 -0.1426 0.9669
vn 0.3090 -0.4900 0.8151
vn 0.0393 -0.4267 0.9035
vn 0.9112 0.0209 0.4115
vn 0.7452 -0.0116 0.6667
vn -0.0432 -0.0538 0.9976
vn -0.7019 -0.0910 0.7064
vn -0.6418 -0.2673 0.7188
vn -0.5273 -0.2276 0.8186
vn -0.6511 -0.2350 0.7216
vn -0.3906 0.4040 0.8272
vn -0.6229 0.3078 0.7192
vn 0.3468 0.4137 0.8418
vn -0.4645 0.5246 0.7135
vn -0.6805 0.2742 0.6795
vn -0.7005 -0.1723 0.6925
vn -0.5858 0.3612 0.7255
vn -0.5929 -0.0700 0.8022
vn -0.4957 -0.0886 0.8640
vn -0.6728 -0.2499 0.6964
vn -0.6963 -0.1172 0.7081
vn -0.4498 -0.0815 0.8894
vn -0.7331 0.0199 0.6799
vn -0.6704 0.0368 0.7411
vn -0.1742 0.0325 0.9842
vn -0.6972 0.1905 0.6911
vn -0.2580 0.2883 0.9221
vn -0.6642 0.1556 0.7311
vn -0.6668 0.2357 0.7070
vn -0.5951 0.3310 0.7324
vn -0.6321 0.1661 0.7569
vn -0.5930 0.0901 0.8002
vn -0.0735 0.5664 0.8208
vn 0.6224 0.5803 0.5252
vn 0.6703 0.2457 0.7002
vn 0.6977 0.0697 0.7130
vn -0.6203 -0.4003 0.6745
vn -0.5440 -0.5883 0.5983
vn -0.6527 -0.1527 0.7421
vn -0.1331 -0.9858 0.1028
vn -0.2490 -0.9303 0.2695
vn -0.3578 -0.8372 0.4136
vn 0.0275 -0.9987 -0.0437
vn 0.0166 -0.9972 -0.0726
vn -0.0030 -0.9999 -0.0137
vn 0.5173 -0.8304 0.2068
vn 0.4298 -0.8516 0.3002
vn -0.0092 -0.7370 0.6758
vn 0.8139 -0.3115 0.4905
vn 0.1089 -0.1811 0.9774
vn 0.8643 -0.3217 0.3867
vn 0.8152 0.2918 0.5004
vn 0.2780 0.3453 0.8964
vn 0.8805 0.2865 0.3776
vn 0.8691 0.3150 0.3814
vn 0.8609 -0.3246 0.3917
vn 0.5025 -0.8359 0.2206
vn 0.7997 0.4908 0.3459
vn 0.8144 0.4739 0.3347
vn 0.9046 0.1488 0.3994
vn 0.9050 0.1523 0.3972
vn 0.8973 0.0365 0.4399
vn 0.9056 0.0716 0.4181
vn 0.8925 0.0404 0.4492
vn 0.8614 0.0088 0.5079
vn 0.8809 0.0573 0.4699
vn 0.8658 0.1489 0.4777
vn 0.8901 0.0724 0.4500
vn 0.7641 0.5095 0.3957
vn 0.8075 0.4633 0.3650
vn 0.8474 0.3204 0.4234
vn 0.8682 0.3087 0.3885
vn 0.8816 0.2972 0.3667
vn 0.8818 0.3481 0.3182
vn 0.9377 0.0104 0.3473
vn 0.8780 0.2773 0.3901
vn 0.8643 0.3564 0.3549
vn 0.9557 0.0378 0.2917
vn 0.9121 0.0180 0.4095
vn 0.9554 0.0102 0.2952
vn 0.9196 -0.1905 0.3437
vn 0.9128 -0.1511 0.3794
vn 0.9571 -0.0486 0.2858
vn 0.9148 -0.2341 0.3291
vn 0.9293 -0.1055 0.3539
vn 0.7379 0.5438 0.3996
vn 0.7742 0.5358 0.3370
vn 0.5801 0.5682 0.5837
vn 0.7193 0.6222 0.3088
vn 0.8710 -0.3322 0.3618
vn 0.8122 -0.2693 0.5176
vn 0.8834 -0.2062 0.4209
vn 0.8230 -0.0695 0.5638
vn 0.7929 0.0631 0.6060
vn 0.8037 0.0247 0.5945
vn 0.9539 0.0981 0.2835
vn 0.7700 0.3662 0.5225
vn 0.8480 0.4150 0.3296
vn 0.8885 0.2361 0.3936
vn 0.8672 0.2167 0.4484
vn 0.8254 0.3556 0.4385
vn 0.8825 0.2216 0.4149
vn 0.9146 0.3147 0.2538
vn 0.8057 0.5375 -0.2490
vn 0.3643 0.3264 -0.8722
vn 0.5836 0.4006 -0.7063
vn 0.9192 0.3294 -0.2159
vn 0.1818 0.5216 -0.8336
vn 0.3993 -0.1739 -0.9002
vn 0.3383 -0.2106 -0.9172
vn 0.4679 -0.1096 -0.8770
vn 0.5749 -0.0548 -0.8164
vn 0.3937 0.7145 -0.5783
vn 0.3451 0.8034 -0.4852
vn 0.1391 0.6552 -0.7425
vn 0.3999 -0.6601 -0.6359
vn 0.4831 -0.6083 -0.6298
vn 0.1731 -0.9752 -0.1382
vn 0.1346 -0.9704 -0.2006
vn 0.2254 -0.7139 -0.6630
vn 0.0431 -0.9722 -0.2304
vn 0.1401 -0.7268 -0.6724
vn -0.0411 -0.9837 -0.1753
vn -0.0703 -0.9970 -0.0321
vn -0.1448 -0.9895 -0.0054
vn -0.2147 -0.9677 0.1322
vn 0.6432 -0.6821 -0.3479
vn 0.4858 -0.8602 0.1553
vn 0.4859 -0.8423 0.2332
vn 0.8851 -0.2508 0.3922
vn 0.8645 -0.2812 0.4165
vn 0.9291 -0.2230 -0.2950
vn 0.8535 -0.2904 0.4327
vn 0.4564 -0.8577 0.2367
vn -0.0899 -0.9952 -0.0396
vn 0.8731 -0.3049 0.3804
vn 0.4675 -0.8632 0.1904
vn -0.0486 -0.9971 -0.0594
vn -0.5734 -0.8184 -0.0375
vn -0.5223 -0.8117 -0.2614
vn -0.0156 -0.9996 -0.0231
vn -0.4947 -0.8336 -0.2457
vn 0.4798 -0.8559 0.1930
vn 0.0060 -0.9999 -0.0132
vn 0.4863 -0.8511 0.1976
vn -0.4659 -0.8564 -0.2224
vn -0.0008 -1.0000 -0.0008
vn -0.4695 -0.8621 -0.1906
vn 0.4879 -0.8468 0.2118
vn 0.8711 -0.3315 0.3624
vn 0.8620 -0.3359 0.3797
vn 0.8769 -0.3206 0.3582
vn 0.8467 -0.3281 0.4187
vn 0.4908 -0.8356 0.2467
vn -0.0226 -0.9997 0.0007
vn -0.0062 -0.9995 -0.0311
vn -0.4954 -0.8325 -0.2480
vn -0.2255 -0.8684 -0.4417
vn -0.8522 -0.2226 -0.4734
vn -0.4328 -0.2482 -0.8666
vn 0.1747 -0.8325 -0.5257
vn 0.2226 -0.2428 -0.9442
vn 0.2376 -0.8964 -0.3741
vn 0.4915 -0.3248 -0.8081
vn -0.1221 -0.9815 0.1477
vn 0.1496 -0.9618 -0.2292
vn 0.4918 -0.4733 -0.7308
vn -0.2301 -0.9173 0.3251
vn -0.4793 -0.6026 0.6381
vn -0.5342 -0.3651 0.7625
vn -0.3017 -0.8392 0.4524
vn 0.0687 -0.9924 -0.1016
vn -0.5501 -0.1636 0.8189
vn -0.5875 0.0956 0.8036
vn -0.5495 0.2790 0.7875
vn -0.0090 -0.9999 -0.0064
vn -0.0809 -0.9935 0.0803
vn 0.3282 -0.8034 -0.4968
vn 0.3569 -0.7583 -0.5456
vn 0.4381 -0.6119 -0.6585
vn 0.5468 0.0414 -0.8363
vn 0.5489 -0.0395 -0.8349
vn 0.5627 -0.1145 -0.8187
vn 0.5609 0.0608 -0.8256
vn 0.5727 0.0470 -0.8184
vn 0.5493 0.0672 -0.8329
vn 0.3295 -0.8108 -0.4838
vn 0.5662 -0.1412 -0.8121
vn 0.5748 0.0422 -0.8172
vn 0.3393 -0.8072 -0.4830
vn 0.5718 -0.1311 -0.8098
vn 0.5788 0.0355 -0.8147
vn 0.6353 -0.0851 -0.7676
vn 0.6240 0.0395 -0.7804
vn 0.3669 -0.8040 -0.4680
vn 0.9437 -0.0298 -0.3294
vn 0.9370 0.0737 -0.3416
vn 0.4761 -0.8587 -0.1898
vn 0.6152 0.0298 -0.7878
vn 0.5809 0.0251 -0.8136
vn 0.9371 0.0310 -0.3478
vn 0.9615 -0.0349 0.2725
vn 0.9460 0.0625 0.3180
vn 0.9488 0.0129 0.3157
vn 0.9364 0.0052 -0.3510
vn 0.6085 0.0196 -0.7933
vn 0.9445 -0.0188 0.3281
vn 0.8766 0.0007 0.4813
vn 0.8775 -0.0194 0.4793
vn 0.8795 0.0324 0.4749
vn 0.8766 -0.0171 0.4809
vn 0.8767 -0.0029 0.4811
vn 0.8756 0.0242 0.4824
vn 0.8841 -0.0388 0.4657
vn 0.8672 0.0106 0.4979
vn 0.6734 -0.7282 0.1271
vn 0.6714 -0.6601 0.3369
vn 0.7155 -0.5456 0.4363
vn 0.0833 -0.9964 -0.0143
vn 0.0140 -0.9997 0.0217
vn 0.1470 -0.9871 0.0641
vn -0.4023 -0.8697 -0.2859
vn -0.3936 -0.8803 -0.2650
vn -0.4723 -0.8480 -0.2404
vn -0.1911 -0.8792 0.4365
vn -0.1677 -0.9360 0.3095
vn -0.6805 -0.7120 0.1730
vn -0.8778 -0.2155 -0.4279
vn -0.9456 -0.2361 0.2239
vn -0.8039 -0.2917 -0.5183
vn -0.8968 0.1230 -0.4250
vn -0.8431 0.1695 -0.5104
vn -0.9878 -0.0950 0.1231
vn -0.5042 -0.3516 0.7887
vn -0.5951 -0.0703 0.8005
vn -0.9406 0.2985 0.1616
vn -0.8393 0.5311 -0.1166
vn -0.5394 0.4825 0.6901
vn -0.5292 0.0970 0.8429
vn -0.5631 0.5580 0.6096
vn -0.4092 -0.4853 0.7726
vn -0.7631 0.2708 0.5868
vn -0.9554 0.2902 0.0553
vn -0.8057 0.3748 -0.4586
vn -0.8566 0.2517 -0.4505
vn -0.9954 0.0581 0.0759
vn -0.8787 0.0689 -0.4723
vn -0.6980 0.0733 0.7123
vn -0.9897 0.0090 0.1429
vn -0.8790 0.0133 -0.4766
vn -0.8073 0.1801 -0.5620
vn -0.8417 0.0560 -0.5371
vn -0.8498 0.0092 -0.5270
vn -0.9154 -0.0300 -0.4013
vn -0.8432 -0.0860 -0.5307
vn -0.8485 0.0642 -0.5253
vn -0.9480 0.0288 -0.3170
vn -0.8694 -0.1198 -0.4793
vn -0.8865 0.0199 -0.4622
vn -0.8798 0.0736 -0.4695
vn -0.8389 0.1440 -0.5249
vn -0.8629 0.2145 -0.4577
vn -0.9495 0.0580 -0.3085
vn -0.8375 -0.4813 -0.2589
vn -0.8587 -0.1206 -0.4981
vn -0.8469 0.0025 -0.5317
vn -0.8946 -0.0359 -0.4455
vn -0.9077 0.0369 -0.4179
vn -0.8608 -0.0066 -0.5090
vn -0.8744 -0.1249 -0.4688
vn -0.8437 -0.1008 -0.5273
vn -0.8824 -0.0231 -0.4699
vn -0.9171 0.0054 -0.3987
vn -0.5183 0.0492 -0.8538
vn -0.8944 0.0545 -0.4439
vn -0.5333 0.0665 -0.8433
vn -0.8968 0.1127 -0.4278
vn -0.8341 0.3697 -0.4093
vn -0.8535 0.2143 -0.4749
vn -0.7699 0.5563 -0.3127
vn -0.9065 0.1440 -0.3969
vn -0.8266 0.3832 -0.4122
vn -0.7875 -0.4331 -0.4384
vn -0.7192 -0.5629 -0.4074
vn -0.1489 -0.9880 -0.0397
vn -0.2821 -0.9468 -0.1549
vn 0.3739 -0.8356 0.4024
vn 0.4305 -0.8587 0.2778
vn 0.3813 -0.9144 0.1363
vn -0.3563 -0.9055 -0.2306
vn -0.8067 -0.3615 -0.4675
vn 0.2502 -0.9593 0.1310
vn -0.4072 -0.8830 -0.2334
vn -0.8148 -0.3472 -0.4643
vn 0.1868 -0.9743 0.1260
vn -0.4141 -0.8804 -0.2312
vn -0.8236 -0.3299 -0.4614
vn 0.8334 -0.3979 0.3835
vn 0.7769 -0.4634 0.4263
vn 0.8715 0.0476 0.4881
vn 0.8831 0.0027 0.4692
vn 0.8674 -0.0004 0.4977
vn 0.8722 0.0222 0.4886
vn 0.8717 -0.0061 0.4900
vn 0.8621 -0.0104 0.5066
vn 0.8427 -0.0212 0.5380
vn 0.8459 -0.0109 0.5332
vn 0.8417 -0.0688 0.5355
vn 0.8716 -0.0171 0.4899
vn 0.8609 -0.0187 0.5085
vn 0.8481 -0.0196 0.5294
vn 0.7177 0.0037 0.6963
vn 0.7647 0.0291 0.6438
vn 0.8075 0.0048 0.5899
vn 0.8580 -0.0271 0.5129
vn 0.8449 -0.0374 0.5337
vn 0.8135 -0.0576 0.5788
vn 0.1434 0.0801 0.9864
vn 0.1772 -0.0019 0.9842
vn 0.3147 -0.1044 0.9434
vn 0.3079 -0.1678 0.9365
vn 0.7615 -0.1188 0.6372
vn 0.8330 -0.0708 0.5486
vn 0.6959 -0.1982 0.6902
vn 0.7833 -0.1288 0.6082
vn 0.4156 -0.1715 0.8932
vn -0.4284 -0.0658 0.9012
vn -0.3273 -0.0989 0.9397
vn -0.2140 -0.0673 0.9745
vn -0.5411 -0.0194 0.8407
vn -0.5258 -0.0298 0.8501
vn -0.5066 -0.0210 0.8619
vn -0.5481 -0.0134 0.8363
vn -0.5470 -0.0140 0.8370
vn -0.5487 -0.0180 0.8358
vn -0.5456 -0.0184 0.8378
vn -0.5456 -0.0144 0.8380
vn -0.5469 -0.0144 0.8371
vn -0.5431 -0.0161 0.8395
vn -0.5420 -0.0155 0.8402
vn -0.5435 -0.0186 0.8392
vn -0.5417 -0.0139 0.8405
vn -0.5419 -0.0218 0.8402
vn -0.5440 -0.0116 0.8390
vn -0.5467 -0.0237 0.8370
vn -0.5458 -0.0193 0.8377
vn -0.5472 -0.0123 0.8369
vn -0.5571 -0.0045 0.8304
vn -0.5534 -0.0059 0.8329
vn -0.5504 -0.0093 0.8349
vn -0.6246 0.0018 0.7809
vn -0.6268 0.0112 0.7791
vn -0.6236 0.0024 0.7817
vn -0.9124 0.0170 0.4090
vn -0.9192 0.0271 0.3929
vn -0.9102 0.0458 0.4116
vn -0.6297 -0.0229 0.7765
vn -0.5529 -0.0237 0.8329
vn -0.9269 0.0005 0.3752
vn -0.9832 0.0269 -0.1806
vn -0.9776 0.0118 -0.2101
vn -0.9868 0.0182 -0.1610
vn -0.9297 0.0077 -0.3683
vn -0.9262 0.0097 -0.3769
vn -0.9212 -0.0042 -0.3890
vn -0.9188 -0.0057 -0.3948
vn -0.9646 -0.0026 -0.2637
vn -0.9519 -0.0145 0.3061
vn -0.9431 -0.1210 -0.3097
vn -0.9124 -0.1363 -0.3860
vn -0.9499 -0.1036 0.2950
vn -0.6687 -0.7166 -0.1981
vn -0.7437 -0.5744 0.3420
vn -0.6391 -0.7140 -0.2860
vn -0.6551 -0.6960 -0.2940
vn -0.9063 -0.1224 -0.4045
vn -0.9091 -0.0011 -0.4166
vn -0.9017 -0.1134 -0.4172
vn -0.6315 -0.7228 -0.2807
vn -0.9039 0.0021 -0.4277
vn -0.9091 -0.0107 -0.4164
vn -0.9049 -0.0143 -0.4254
vn -0.8949 -0.0015 -0.4462
vn -0.8850 -0.1235 -0.4489
vn -0.8989 -0.0204 -0.4376
vn -0.9020 -0.0098 -0.4316
vn -0.9071 -0.0053 -0.4209
vn -0.9114 0.0009 -0.4115
vn -0.8665 -0.0418 -0.4975
vn -0.8491 -0.0187 -0.5279
vn -0.8769 -0.0151 -0.4804
vn -0.9030 -0.0117 -0.4296
vn -0.8734 0.0031 -0.4870
vn -0.9093 -0.0086 -0.4160
vn -0.9038 0.0208 -0.4275
vn -0.8626 0.0298 -0.5051
vn -0.9115 0.0265 -0.4104
vn -0.9146 -0.0004 -0.4044
vn -0.9168 0.0277 -0.3984
vn -0.9069 0.0652 -0.4162
vn -0.9105 0.0831 -0.4050
vn -0.9138 0.0750 -0.3992
vn -0.9331 0.0314 -0.3583
vn -0.9328 0.0528 -0.3565
vn -0.9884 0.0496 -0.1436
vn -0.9919 0.0552 -0.1147
vn -0.9840 -0.1379 -0.1127
vn -0.9112 -0.1651 -0.3774
vn -0.8951 -0.1819 -0.4071
vn -0.9037 0.0530 0.4249
vn -0.8935 -0.0866 0.4406
vn -0.6968 -0.6039 0.3871
vn -0.6441 -0.0471 0.7635
vn -0.5381 -0.4683 0.7008
vn -0.6380 0.0125 0.7699
vn -0.5601 -0.0073 0.8284
vn -0.5556 -0.0246 0.8311
vn -0.1910 -0.9216 0.3380
vn -0.5507 -0.0137 0.8346
vn -0.8929 -0.2113 -0.3976
vn -0.8932 -0.2318 -0.3854
vn -0.8625 0.0302 -0.5051
vn -0.5138 -0.0419 -0.8569
vn -0.5453 0.0521 -0.8366
vn 0.1908 -0.0570 -0.9800
vn 0.1502 0.0418 -0.9878
vn 0.5018 0.0127 -0.8649
vn 0.4816 0.0378 -0.8755
vn 0.5482 0.0532 -0.8346
vn 0.5373 0.0536 -0.8417
vn 0.5416 -0.0120 -0.8406
vn 0.5009 0.0128 -0.8654
vn 0.5554 -0.0149 -0.8314
vn 0.5644 -0.0098 -0.8255
vn 0.5618 -0.0606 -0.8250
vn 0.5537 -0.0471 -0.8314
vn 0.5622 -0.0616 -0.8247
vn 0.5702 0.0049 -0.8215
vn 0.5590 -0.0434 -0.8280
vn 0.5724 0.0187 -0.8198
vn 0.5606 -0.0172 -0.8279
vn 0.5718 0.0048 -0.8204
vn 0.5554 -0.0247 -0.8312
vn 0.5964 -0.0113 -0.8026
vn 0.5489 -0.0377 -0.8351
vn 0.9373 -0.0207 -0.3478
vn 0.6047 -0.0638 -0.7939
vn 0.5560 -0.0401 -0.8302
vn 0.9369 -0.1010 -0.3347
vn 0.6661 -0.0261 -0.7454
vn 0.5808 0.0454 -0.8128
vn 0.9502 -0.1058 -0.2930
vn 0.5562 -0.0210 -0.8308
vn 0.5661 0.0695 -0.8214
vn 0.5639 0.0014 -0.8259
vn 0.5541 -0.0405 -0.8315
vn 0.5660 0.0672 -0.8217
vn 0.5612 -0.0324 -0.8270
vn 0.5624 0.0160 -0.8267
vn 0.5625 -0.0251 -0.8264
vn 0.5575 0.0187 -0.8300
vn 0.5495 0.0180 -0.8353
vn 0.5572 -0.0226 -0.8301
vn 0.5453 0.0416 -0.8372
vn 0.5604 0.0583 -0.8262
vn 0.5280 -0.0081 -0.8492
vn 0.4519 0.0176 -0.8919
vn 0.4943 -0.0475 -0.8680
vn 0.4238 -0.0912 -0.9012
vn 0.4934 -0.3687 -0.7878
vn 0.4341 -0.5223 -0.7341
vn 0.3149 -0.5618 -0.7650
vn -0.3805 -0.3414 -0.8595
vn 0.0044 -0.0603 -0.9982
vn -0.0044 0.0141 -0.9999
vn -0.6260 -0.0097 -0.7798
vn -0.8317 -0.1611 -0.5313
vn -0.2786 -0.8184 -0.5026
vn -0.4868 -0.8190 -0.3038
vn 0.1056 -0.9414 -0.3203
vn -0.6051 -0.0867 -0.7914
vn 0.0745 -0.0950 -0.9927
vn -0.5902 -0.0341 -0.8065
vn 0.1211 -0.0394 -0.9919
vn -0.5831 0.0539 -0.8106
vn 0.1242 0.0650 -0.9901
vn 0.5229 -0.0354 -0.8516
vn -0.0149 -0.9996 -0.0234
vn 0.1375 -0.9570 -0.2553
vn -0.0004 -0.9995 -0.0312
vn -0.0043 -0.9994 -0.0338
vn 0.1830 -0.9320 -0.3128
vn -0.0051 -0.9995 -0.0318
vn -0.0028 -0.9996 -0.0292
vn -0.0594 -0.9978 -0.0300
vn 0.0133 -0.9988 -0.0479
vn -0.0072 -0.9994 -0.0331
vn 0.2516 -0.8869 -0.3875
vn 0.3400 -0.8049 -0.4863
vn 0.0562 -0.9937 -0.0970
vn -0.0072 -0.9994 -0.0324
vn -0.0073 -0.9994 -0.0336
vn -0.0065 -0.9995 -0.0313
vn -0.0061 -0.9994 -0.0340
vn 0.0819 -0.9848 -0.1530
vn -0.0039 -0.9995 -0.0299
vn -0.0021 -0.9995 -0.0324
vn 0.0908 -0.9788 -0.1834
vn 0.0055 -0.9998 -0.0215
vn 0.0115 -0.9996 -0.0254
vn 0.3720 -0.7401 -0.5602
vn 0.4025 -0.6615 -0.6328
vn 0.5550 -0.1978 -0.8080
vn 0.5604 -0.1379 -0.8166
vn 0.5805 -0.0712 -0.8111
vn 0.5333 -0.2708 -0.8014
vn 0.6873 0.0055 -0.7264
vn 0.5486 -0.5444 -0.6345
vn 0.9871 -0.0620 -0.1476
vn 0.9279 -0.3605 0.0952
vn 0.8969 -0.2090 0.3898
vn 0.5417 -0.8389 0.0523
vn 0.9520 -0.1088 0.2860
vn 0.9434 -0.0886 0.3196
vn 0.8986 -0.0833 0.4307
vn 0.8857 -0.0649 0.4596
vn 0.8919 -0.2419 0.3820
vn 0.8695 -0.2178 0.4433
vn 0.8796 -0.0694 0.4705
vn 0.8797 -0.0554 0.4722
vn 0.8697 -0.0561 0.4904
vn 0.8698 -0.0653 0.4891
vn 0.8613 -0.1996 0.4672
vn 0.8508 -0.0705 0.5207
vn 0.8592 -0.1603 0.4858
vn 0.8557 -0.0588 0.5141
vn 0.8785 -0.0239 0.4772
vn 0.8713 -0.0217 0.4902
vn 0.8800 -0.0293 0.4741
vn 0.9420 -0.0315 0.3340
vn 0.6958 -0.2542 0.6718
vn 0.3999 -0.6984 0.5935
vn 0.4828 -0.7329 0.4794
vn 0.0827 -0.9574 0.2768
vn 0.6187 -0.7431 0.2549
vn 0.0907 -0.9959 0.0017
vn 0.5907 -0.7505 0.2962
vn 0.1187 -0.9923 0.0345
vn -0.0049 -0.9947 0.1022
vn 0.0044 -1.0000 -0.0030
vn 0.0115 -0.9996 -0.0249
vn -0.0365 -0.9984 0.0425
vn -0.0087 -0.9999 -0.0148
vn -0.0031 -0.9995 -0.0307
vn -0.0440 -0.9982 0.0398
vn -0.0093 -0.9997 -0.0230
vn -0.0069 -0.9994 -0.0327
vn -0.0551 -0.9799 0.1917
vn -0.2357 -0.9220 0.3072
vn -0.3061 -0.8459 0.4367
vn -0.5090 -0.4318 0.7446
vn -0.5339 -0.2957 0.7922
vn -0.3441 -0.7230 0.5990
vn 0.2416 -0.6606 0.7108
vn -0.2057 -0.1996 0.9580
vn -0.4959 -0.1141 0.8609
vn -0.5427 -0.0408 0.8389
vn -0.5504 -0.0264 0.8345
vn -0.5506 -0.0369 0.8340
vn -0.5439 -0.2161 0.8109
vn -0.3552 -0.7861 0.5058
vn -0.5419 -0.1629 0.8245
vn -0.5465 -0.0492 0.8360
vn -0.3924 -0.7284 0.5616
vn -0.0739 -0.9958 0.0547
vn -0.0569 -0.9974 0.0434
vn -0.0088 -0.9995 -0.0307
vn -0.0100 -0.9994 -0.0325
vn -0.4437 -0.6910 0.5707
vn -0.1067 -0.9912 0.0777
vn -0.0091 -0.9995 -0.0291
vn -0.0082 -0.9995 -0.0317
vn -0.0083 -0.9994 -0.0333
vn -0.0068 -0.9996 -0.0286
vn -0.0049 -0.9996 -0.0284
vn -0.1015 -0.9934 -0.0542
vn -0.1257 -0.9893 -0.0745
vn -0.5974 -0.7470 -0.2918
vn -0.1238 -0.9891 -0.0801
vn -0.1749 -0.9839 0.0372
vn -0.4534 -0.6967 0.5559
vn -0.6029 -0.1141 0.7896
vn -0.5620 -0.1508 0.8133
vn -0.5569 -0.0514 0.8290
vn -0.6376 -0.0399 0.7693
vn 0.1092 -0.9937 0.0267
vn 0.1074 -0.9938 0.0272
vn 0.5869 -0.7628 0.2714
vn 0.5907 -0.7744 0.2267
vn 0.2014 -0.9652 -0.1669
vn -0.5485 -0.0240 0.8358
vn -0.5417 -0.0214 0.8403
vn -0.4973 -0.0240 0.8672
vn 0.1865 0.0397 0.9816
vn 0.1894 -0.1026 0.9765
vn 0.6740 -0.0821 0.7342
vn 0.6249 -0.3131 0.7152
vn 0.2170 -0.3404 0.9149
vn 0.7883 -0.3562 0.5017
vn -0.8052 0.3380 -0.4873
vn -0.7716 0.4317 -0.4672
vn -0.7762 0.4791 -0.4099
vn -0.6850 0.5719 -0.4512
vn -0.6994 0.6411 -0.3160
vn -0.7205 0.4804 -0.5001
vn -0.8092 0.2405 -0.5361
vn -0.7394 0.4154 -0.5298
vn -0.8011 -0.3048 -0.5151
vn -0.8492 0.0538 -0.5254
vn -0.8404 0.0063 -0.5419
vn -0.8938 0.0926 -0.4389
vn -0.2093 -0.9502 0.2308
vn -0.1760 -0.9626 0.2059
vn -0.1262 -0.9809 0.1478
vn -0.3600 0.1302 0.9238
vn -0.5537 0.0496 0.8312
vn -0.4974 0.0152 0.8674
vn -0.6272 0.0487 0.7773
vn -0.6281 -0.0385 0.7772
vn -0.5789 -0.0638 0.8129
vn -0.5390 -0.2226 0.8123
vn -0.5434 -0.0041 0.8395
vn -0.4732 0.0634 0.8787
vn -0.4879 -0.2528 0.8355
vn -0.0342 0.0391 0.9986
vn -0.0338 0.1452 0.9888
vn -0.4529 0.1878 0.8716
vn -0.5822 0.2073 0.7862
vn 0.1488 0.4310 0.8900
vn -0.3677 0.2831 0.8858
vn -0.0902 0.4076 0.9087
vn -0.6750 0.4700 0.5688
vn -0.7128 -0.5270 0.4629
vn -0.7679 -0.1754 0.6160
vn -0.3651 0.9109 -0.1922
vn -0.6197 -0.7743 0.1285
vn -0.6659 -0.6422 0.3797
vn -0.1051 0.7498 0.6532
vn -0.3744 -0.7022 0.6056
vn -0.3200 0.8405 0.4373
vn -0.0951 0.7984 0.5945
vn -0.3611 0.8043 0.4719
vn 0.6156 0.3148 0.7224
vn -0.0468 0.2800 0.9589
vn 0.1080 -0.3603 0.9265
vn -0.9681 -0.2268 0.1065
vn -0.7644 -0.6210 0.1737
vn -0.0000 -0.0000 1.0000
vn -0.7732 -0.6281 -0.0872
vn 0.4431 0.8807 -0.1672
vn -0.4243 -0.8434 0.3297
vn -0.4431 -0.8807 -0.1672
vn -0.5207 -0.2587 0.8136
vn -0.1044 0.9632 0.2478
vn -0.4948 0.8681 0.0407
vn 0.4936 -0.8659 -0.0813
vn -0.9693 -0.2417 0.0456
vn -0.1402 0.9421 -0.3046
vn -0.5634 -0.1837 0.8055
vn -0.5374 0.2895 0.7921
vn -0.5472 0.1036 0.8305
vn 0.0096 0.9996 0.0265
vn 0.0075 0.9996 0.0280
vn 0.0085 0.9995 0.0296
vn 0.0102 0.9996 0.0273
vn 0.0108 0.9995 0.0292
vn 0.0091 0.9995 0.0305
vn 0.0114 0.9994 0.0315
vn 0.0111 0.9995 0.0312
vn 0.0520 0.9980 0.0362
vn 0.0257 0.9991 0.0339
vn 0.0190 0.9990 0.0403
vn -0.0187 0.9972 0.0719
vn -0.0030 0.9961 0.0883
vn -0.0054 0.9978 0.0668
vn -0.0431 0.9888 0.1426
vn -0.0647 0.9886 0.1361
vn -0.0408 0.9886 0.1451
vn -0.0021 0.9963 0.0861
vn 0.0351 0.9987 0.0382
vn 0.0459 0.9989 0.0031
vn 0.3566 0.8381 -0.4129
vn 0.3234 0.8337 -0.4476
vn 0.0020 0.9973 0.0727
vn 0.0172 0.9904 0.1371
vn 0.5212 0.1010 -0.8474
vn 0.3536 0.7888 -0.5028
vn 0.0030 0.9999 0.0154
vn -0.2146 0.5046 -0.8363
vn -0.4789 0.8029 -0.3549
vn -0.0036 -0.0648 -0.9979
vn -0.3794 0.8866 -0.2648
vn 0.0273 0.9974 0.0674
vn 0.0815 0.9863 0.1431
vn 0.0713 0.9924 0.1001
vn -0.3677 0.9003 -0.2330
vn -0.7143 0.0672 -0.6966
vn -0.7617 0.3121 -0.5678
vn -0.7799 0.3336 -0.5296
vn -0.3698 0.9044 -0.2131
vn 0.1056 0.9891 0.1030
vn -0.3664 0.9109 -0.1897
vn 0.1077 0.9906 0.0847
vn 0.0624 0.9963 0.0598
vn -0.3523 0.9270 -0.1288
vn -0.0113 0.9987 0.0495
vn -0.3363 0.9417 0.0135
vn 0.1218 0.9907 0.0608
vn 0.1301 0.9873 0.0913
vn 0.1226 0.9859 0.1142
vn -0.5194 -0.2036 -0.8299
vn 0.0553 -0.2712 -0.9609
vn 0.4172 -0.2911 -0.8609
vn -0.4397 -0.5974 -0.6707
vn 0.0514 0.9982 -0.0313
vn -0.0642 0.9905 0.1213
vn -0.0914 0.9925 0.0807
vn 0.0985 0.9836 -0.1514
vn -0.0515 0.9958 0.0757
vn -0.0114 0.9987 0.0496
vn -0.3520 0.7435 0.5687
vt 0.529244 0.720205
vt 0.529485 0.717542
vt 0.532958 0.718409
vt 0.532794 0.722233
vt 0.534567 0.718220
vt 0.537296 0.724890
vt 0.533457 0.714634
vt 0.530045 0.713286
vt 0.535869 0.710078
vt 0.539414 0.713325
vt 0.532246 0.707512
vt 0.523723 0.712458
vt 0.523874 0.709560
vt 0.523696 0.715039
vt 0.517409 0.716641
vt 0.516861 0.713987
vt 0.517976 0.719791
vt 0.514133 0.725410
vt 0.512716 0.721796
vt 0.510723 0.719421
vt 0.522567 0.706485
vt 0.515691 0.711719
vt 0.509016 0.716957
vt 0.508349 0.728159
vt 0.504949 0.725184
vt 0.502847 0.722220
vt 0.500738 0.719888
vt 0.507110 0.715028
vt 0.514144 0.709542
vt 0.505123 0.713273
vt 0.511915 0.708153
vt 0.498692 0.717893
vt 0.497858 0.726480
vt 0.495574 0.724277
vt 0.493363 0.721828
vt 0.491292 0.728255
vt 0.488871 0.725929
vt 0.494161 0.730419
vt 0.501517 0.729598
vt 0.498949 0.733019
vt 0.506173 0.731854
vt 0.508723 0.735562
vt 0.496355 0.737643
vt 0.490664 0.734795
vt 0.505662 0.743514
vt 0.516946 0.734239
vt 0.515334 0.739502
vt 0.512327 0.731188
vt 0.511675 0.746854
vt 0.521866 0.739626
vt 0.522973 0.746179
vt 0.517129 0.750952
vt 0.506825 0.753063
vt 0.499377 0.747506
vt 0.512237 0.756359
vt 0.522483 0.753881
vt 0.528140 0.745345
vt 0.516486 0.759865
vt 0.507965 0.761635
vt 0.502685 0.757187
vt 0.511653 0.765667
vt 0.520360 0.761804
vt 0.513436 0.768011
vt 0.526868 0.754142
vt 0.529727 0.754767
vt 0.529080 0.758693
vt 0.514508 0.770641
vt 0.522422 0.766927
vt 0.529657 0.761552
vt 0.536219 0.750961
vt 0.537809 0.753498
vt 0.533929 0.748622
vt 0.546683 0.744884
vt 0.544807 0.743054
vt 0.542600 0.740736
vt 0.530911 0.764175
vt 0.539477 0.755892
vt 0.549089 0.747777
vt 0.555905 0.737366
vt 0.557916 0.739739
vt 0.553999 0.735416
vt 0.562407 0.728502
vt 0.563672 0.730766
vt 0.565143 0.731929
vt 0.567079 0.734651
vt 0.560578 0.741991
vt 0.551525 0.750138
vt 0.570429 0.725331
vt 0.573089 0.724869
vt 0.573682 0.731017
vt 0.571211 0.741026
vt 0.563894 0.745875
vt 0.577673 0.737787
vt 0.582131 0.727810
vt 0.578972 0.729449
vt 0.582061 0.734400
vt 0.582625 0.740849
vt 0.585830 0.734503
vt 0.574933 0.744988
vt 0.590534 0.734411
vt 0.585526 0.743896
vt 0.577962 0.748243
vt 0.589361 0.745908
vt 0.581366 0.752509
vt 0.595877 0.735165
vt 0.569405 0.752289
vt 0.566962 0.749411
vt 0.572458 0.756391
vt 0.593229 0.749736
vt 0.584479 0.757553
vt 0.575612 0.761686
vt 0.562759 0.763336
vt 0.559796 0.759627
vt 0.566834 0.766902
vt 0.707453 0.444853
vt 0.714430 0.444582
vt 0.712559 0.459389
vt 0.706079 0.461057
vt 0.548506 0.769154
vt 0.550940 0.772397
vt 0.713820 0.431019
vt 0.707325 0.430540
vt 0.718365 0.430156
vt 0.718386 0.442410
vt 0.546469 0.765209
vt 0.557521 0.756520
vt 0.538389 0.776246
vt 0.536465 0.772751
vt 0.716396 0.421632
vt 0.719269 0.418349
vt 0.721453 0.427358
vt 0.712719 0.422211
vt 0.715437 0.416673
vt 0.716520 0.412366
vt 0.712032 0.415166
vt 0.718073 0.409035
vt 0.720644 0.414545
vt 0.529668 0.777723
vt 0.527155 0.774796
vt 0.534029 0.768663
vt 0.723025 0.411038
vt 0.720018 0.403569
vt 0.532445 0.766638
vt 0.525170 0.772448
vt 0.543823 0.761458
vt 0.541517 0.758530
vt 0.523815 0.769433
vt 0.515710 0.774083
vt 0.518468 0.777716
vt 0.712665 0.400799
vt 0.711091 0.396621
vt 0.718713 0.397593
vt 0.710075 0.392133
vt 0.715801 0.392133
vt 0.704893 0.400394
vt 0.703497 0.395595
vt 0.700751 0.391448
vt 0.695936 0.400497
vt 0.694210 0.395875
vt 0.691260 0.391492
vt 0.686957 0.400029
vt 0.683878 0.395757
vt 0.680282 0.391753
vt 0.687507 0.387233
vt 0.698569 0.386971
vt 0.676366 0.388720
vt 0.672664 0.393697
vt 0.667799 0.390990
vt 0.676302 0.396730
vt 0.669490 0.397675
vt 0.665933 0.395586
vt 0.663184 0.394884
vt 0.660492 0.394496
vt 0.665072 0.389289
vt 0.673542 0.386577
vt 0.670000 0.383599
vt 0.661940 0.387423
vt 0.658191 0.393184
vt 0.657927 0.399578
vt 0.655929 0.397537
vt 0.660138 0.400431
vt 0.652379 0.396000
vt 0.654522 0.392269
vt 0.657453 0.385839
vt 0.653376 0.402775
vt 0.656079 0.404933
vt 0.650533 0.400720
vt 0.646995 0.395617
vt 0.648558 0.391694
vt 0.645229 0.399455
vt 0.642513 0.404674
vt 0.647176 0.407127
vt 0.650613 0.408633
vt 0.642304 0.418196
vt 0.639101 0.411840
vt 0.647386 0.417763
vt 0.653669 0.410205
vt 0.650775 0.418533
vt 0.658307 0.406465
vt 0.656628 0.411981
vt 0.654694 0.419297
vt 0.646568 0.429210
vt 0.650218 0.428684
vt 0.653691 0.428523
vt 0.657208 0.428546
vt 0.658403 0.419827
vt 0.659382 0.413025
vt 0.662306 0.420495
vt 0.661254 0.428612
vt 0.663146 0.414084
vt 0.652815 0.439359
vt 0.655972 0.439264
vt 0.659625 0.439359
vt 0.653686 0.450606
vt 0.657550 0.450904
vt 0.646939 0.450894
vt 0.664996 0.428864
vt 0.663785 0.440015
vt 0.661761 0.451630
vt 0.651651 0.460102
vt 0.655621 0.459901
vt 0.659975 0.460334
vt 0.658580 0.465829
vt 0.654341 0.465889
vt 0.650777 0.466355
vt 0.646598 0.461428
vt 0.646527 0.467691
vt 0.638163 0.464177
vt 0.639191 0.457276
vt 0.638518 0.469703
vt 0.637649 0.447968
vt 0.641312 0.444130
vt 0.644298 0.440762
vt 0.647461 0.444923
vt 0.650497 0.438631
vt 0.647107 0.436951
vt 0.642542 0.430491
vt 0.638304 0.434180
vt 0.636619 0.424925
vt 0.634245 0.437780
vt 0.632415 0.429189
vt 0.631426 0.450407
vt 0.629602 0.441017
vt 0.628530 0.432190
vt 0.635125 0.417984
vt 0.631294 0.422022
vt 0.628034 0.425116
vt 0.627651 0.420646
vt 0.630486 0.416418
vt 0.633132 0.413127
vt 0.636289 0.407621
vt 0.628845 0.414140
vt 0.631655 0.408998
vt 0.633832 0.404783
vt 0.638704 0.402102
vt 0.635604 0.400692
vt 0.640600 0.397685
vt 0.637135 0.396688
vt 0.631722 0.402932
vt 0.633237 0.399211
vt 0.634482 0.395288
vt 0.630245 0.401622
vt 0.631285 0.398221
vt 0.632583 0.394544
vt 0.629648 0.397342
vt 0.630916 0.391433
vt 0.628547 0.401065
vt 0.626756 0.400432
vt 0.627094 0.396962
vt 0.627632 0.392949
vt 0.632927 0.389279
vt 0.630241 0.390740
vt 0.628275 0.390731
vt 0.627177 0.387833
vt 0.636518 0.389469
vt 0.635276 0.392863
vt 0.634279 0.386739
vt 0.316119 0.157740
vt 0.313257 0.155114
vt 0.318215 0.152659
vt 0.319594 0.155867
vt 0.322007 0.154561
vt 0.320462 0.151982
vt 0.318404 0.149950
vt 0.316542 0.151122
vt 0.626065 0.392997
vt 0.625569 0.396300
vt 0.319825 0.148647
vt 0.322006 0.150357
vt 0.625298 0.400129
vt 0.322461 0.147116
vt 0.320766 0.146256
vt 0.623864 0.404833
vt 0.625537 0.404959
vt 0.325527 0.153072
vt 0.324897 0.148069
vt 0.321807 0.142681
vt 0.323979 0.143384
vt 0.320080 0.142060
vt 0.320340 0.136967
vt 0.322428 0.137289
vt 0.318790 0.136724
vt 0.623874 0.410251
vt 0.622665 0.409661
vt 0.621228 0.417032
vt 0.620208 0.415977
vt 0.618482 0.424617
vt 0.617268 0.423606
vt 0.317432 0.129411
vt 0.319000 0.129680
vt 0.614998 0.433861
vt 0.613314 0.432002
vt 0.316760 0.120794
vt 0.314828 0.120889
vt 0.321057 0.129934
vt 0.318973 0.120771
vt 0.321284 0.120654
vt 0.322934 0.130269
vt 0.324270 0.137542
vt 0.325766 0.143595
vt 0.325088 0.130127
vt 0.326871 0.137616
vt 0.328073 0.143523
vt 0.328958 0.148927
vt 0.326803 0.148587
vt 0.329657 0.137492
vt 0.330971 0.143484
vt 0.331943 0.148267
vt 0.335587 0.147685
vt 0.334830 0.142831
vt 0.333256 0.137108
vt 0.328030 0.130021
vt 0.331558 0.129605
vt 0.323732 0.120628
vt 0.326738 0.120439
vt 0.330887 0.120154
vt 0.323214 0.111947
vt 0.327044 0.112069
vt 0.320685 0.111899
vt 0.317576 0.111900
vt 0.321538 0.105056
vt 0.324072 0.105217
vt 0.318217 0.104938
vt 0.307863 0.569420
vt 0.310200 0.565616
vt 0.309497 0.573700
vt 0.306035 0.575156
vt 0.315314 0.112012
vt 0.304473 0.576863
vt 0.306042 0.570213
vt 0.303882 0.582409
vt 0.302607 0.582602
vt 0.303777 0.576611
vt 0.304463 0.570737
vt 0.301631 0.583739
vt 0.614342 0.442898
vt 0.612433 0.450681
vt 0.609904 0.451123
vt 0.612058 0.443304
vt 0.616806 0.434541
vt 0.619675 0.425527
vt 0.618543 0.434861
vt 0.616648 0.443598
vt 0.621135 0.426285
vt 0.623735 0.418431
vt 0.622551 0.417548
vt 0.625142 0.410853
vt 0.626320 0.411625
vt 0.624645 0.418963
vt 0.622725 0.426688
vt 0.627355 0.412549
vt 0.628379 0.406069
vt 0.626997 0.405440
vt 0.629927 0.406972
vt 0.625914 0.419998
vt 0.625214 0.426502
vt 0.624436 0.433728
vt 0.621215 0.434652
vt 0.620054 0.443554
vt 0.624508 0.442524
vt 0.619888 0.451563
vt 0.615559 0.451009
vt 0.624696 0.452007
vt 0.626191 0.458877
vt 0.619609 0.458146
vt 0.633731 0.458598
vt 0.627099 0.463669
vt 0.620040 0.463149
vt 0.634481 0.463131
vt 0.614506 0.462292
vt 0.615104 0.456837
vt 0.613652 0.465319
vt 0.619929 0.465902
vt 0.627897 0.466377
vt 0.612732 0.468691
vt 0.620062 0.469655
vt 0.628325 0.470323
vt 0.620373 0.474465
vt 0.629410 0.475188
vt 0.638688 0.473933
vt 0.646232 0.472455
vt 0.639677 0.479671
vt 0.630680 0.480074
vt 0.646387 0.477474
vt 0.650282 0.471049
vt 0.650222 0.475845
vt 0.653301 0.469997
vt 0.654147 0.473134
vt 0.652163 0.481561
vt 0.647362 0.482045
vt 0.655684 0.476494
vt 0.657528 0.480331
vt 0.656930 0.474003
vt 0.657407 0.470145
vt 0.661896 0.471014
vt 0.660333 0.474131
vt 0.659265 0.476395
vt 0.664214 0.476087
vt 0.661938 0.478980
vt 0.666457 0.472485
vt 0.663372 0.466728
vt 0.668356 0.467895
vt 0.672470 0.475196
vt 0.675142 0.470634
vt 0.668910 0.479507
vt 0.682295 0.473882
vt 0.678813 0.478577
vt 0.675366 0.482892
vt 0.665202 0.482492
vt 0.670045 0.486310
vt 0.660350 0.483772
vt 0.665823 0.488587
vt 0.684628 0.487579
vt 0.675934 0.492237
vt 0.672240 0.493531
vt 0.683351 0.498428
vt 0.679813 0.499730
vt 0.693742 0.493397
vt 0.688007 0.482667
vt 0.697420 0.487402
vt 0.597199 0.744190
vt 0.695994 0.501250
vt 0.688081 0.505771
vt 0.691289 0.477456
vt 0.700249 0.480823
vt 0.585048 0.725200
vt 0.592467 0.725142
vt 0.689427 0.512934
vt 0.687075 0.514671
vt 0.684285 0.507297
vt 0.681889 0.508385
vt 0.677435 0.500669
vt 0.685303 0.515057
vt 0.685410 0.517615
vt 0.679938 0.509493
vt 0.674573 0.501746
vt 0.666564 0.495302
vt 0.669626 0.494384
vt 0.671777 0.502741
vt 0.663401 0.496062
vt 0.676614 0.510302
vt 0.673671 0.511195
vt 0.668633 0.503893
vt 0.659476 0.496669
vt 0.654273 0.497912
vt 0.664696 0.505179
vt 0.670293 0.512361
vt 0.679729 0.517629
vt 0.676630 0.517478
vt 0.672932 0.517796
vt 0.665290 0.514019
vt 0.659757 0.508480
vt 0.668508 0.518420
vt 0.677784 0.523079
vt 0.674799 0.522802
vt 0.670395 0.522047
vt 0.565290 0.699924
vt 0.569432 0.704331
vt 0.566951 0.708411
vt 0.562237 0.703301
vt 0.564706 0.712013
vt 0.559629 0.706342
vt 0.555899 0.709928
vt 0.560176 0.715395
vt 0.571447 0.715337
vt 0.568138 0.716625
vt 0.569486 0.712639
vt 0.563663 0.719209
vt 0.569966 0.719243
vt 0.566496 0.722198
vt 0.572809 0.718002
vt 0.573269 0.722902
vt 0.576589 0.720906
vt 0.568782 0.724021
vt 0.560161 0.726469
vt 0.557615 0.723725
vt 0.575575 0.723757
vt 0.552022 0.733015
vt 0.687636 0.519347
vt 0.686811 0.519926
vt 0.549039 0.730335
vt 0.544030 0.727627
vt 0.554090 0.720164
vt 0.550203 0.713834
vt 0.544286 0.719262
vt 0.550585 0.703463
vt 0.544554 0.707838
vt 0.554827 0.700144
vt 0.545804 0.697862
vt 0.550329 0.693305
vt 0.540431 0.703197
vt 0.542779 0.693902
vt 0.537993 0.699295
vt 0.545599 0.689680
vt 0.547068 0.685801
vt 0.550050 0.688026
vt 0.553119 0.688096
vt 0.554397 0.691735
vt 0.557585 0.697180
vt 0.542678 0.686753
vt 0.544756 0.683440
vt 0.540236 0.690685
vt 0.300819 0.497199
vt 0.299576 0.494060
vt 0.302854 0.494242
vt 0.303367 0.497412
vt 0.538195 0.688163
vt 0.540618 0.684816
vt 0.302864 0.501657
vt 0.305519 0.500688
vt 0.305417 0.496276
vt 0.307311 0.498528
vt 0.300455 0.501467
vt 0.298772 0.497385
vt 0.297881 0.494096
vt 0.296471 0.497336
vt 0.295011 0.492909
vt 0.298109 0.501969
vt 0.294027 0.497374
vt 0.292609 0.492972
vt 0.295125 0.501649
vt 0.296504 0.506846
vt 0.299390 0.506873
vt 0.302185 0.506327
vt 0.558443 0.682433
vt 0.555810 0.686025
vt 0.554855 0.682939
vt 0.557224 0.680171
vt 0.552616 0.684169
vt 0.560801 0.685915
vt 0.557353 0.689786
vt 0.550353 0.684930
vt 0.563832 0.690308
vt 0.560654 0.694453
vt 0.567752 0.694291
vt 0.566973 0.684691
vt 0.570515 0.685657
vt 0.563930 0.680619
vt 0.629992 0.502849
vt 0.640729 0.504640
vt 0.637459 0.507318
vt 0.631376 0.507631
vt 0.626412 0.507955
vt 0.623753 0.502760
vt 0.562133 0.677963
vt 0.623371 0.508862
vt 0.623782 0.514041
vt 0.621291 0.513728
vt 0.620908 0.503536
vt 0.614681 0.497929
vt 0.619618 0.497295
vt 0.628325 0.497739
vt 0.610039 0.492482
vt 0.615527 0.491487
vt 0.624143 0.492084
vt 0.644365 0.500236
vt 0.636952 0.492775
vt 0.646836 0.492533
vt 0.652075 0.510799
vt 0.657597 0.515805
vt 0.652864 0.491500
vt 0.633889 0.487609
vt 0.642381 0.487024
vt 0.648100 0.486497
vt 0.651403 0.485560
vt 0.656603 0.490817
vt 0.654160 0.484354
vt 0.660122 0.490092
vt 0.662630 0.489391
vt 0.657304 0.484754
vt 0.640753 0.482768
vt 0.631970 0.483409
vt 0.621743 0.483077
vt 0.621113 0.478919
vt 0.621948 0.487254
vt 0.613272 0.481854
vt 0.613758 0.486314
vt 0.608716 0.487161
vt 0.608413 0.482513
vt 0.612660 0.477975
vt 0.608446 0.478619
vt 0.608058 0.475936
vt 0.611875 0.473609
vt 0.608117 0.468250
vt 0.607142 0.472142
vt 0.606778 0.474360
vt 0.608200 0.462537
vt 0.300754 0.563324
vt 0.301468 0.560729
vt 0.304318 0.561081
vt 0.303433 0.563067
vt 0.307152 0.561797
vt 0.305818 0.563721
vt 0.307727 0.564835
vt 0.304400 0.568094
vt 0.611478 0.456371
vt 0.611730 0.459981
vt 0.608947 0.457364
vt 0.308464 0.560500
vt 0.309520 0.563413
vt 0.310752 0.561321
vt 0.309808 0.557977
vt 0.305827 0.558956
vt 0.307407 0.555990
vt 0.303815 0.557990
vt 0.305051 0.555069
vt 0.306341 0.551659
vt 0.308905 0.552689
vt 0.311325 0.555407
vt 0.301698 0.557444
vt 0.302844 0.554731
vt 0.303874 0.551468
vt 0.300176 0.554822
vt 0.301270 0.551348
vt 0.299443 0.558251
vt 0.301901 0.547410
vt 0.304801 0.547267
vt 0.307739 0.547004
vt 0.301805 0.542349
vt 0.304616 0.542092
vt 0.307394 0.541863
vt 0.311688 0.547639
vt 0.310583 0.541384
vt 0.306864 0.535747
vt 0.310025 0.535247
vt 0.303975 0.536115
vt 0.306168 0.528674
vt 0.303305 0.529051
vt 0.309286 0.528032
vt 0.305849 0.520665
vt 0.308958 0.520217
vt 0.302952 0.521141
vt 0.300442 0.529359
vt 0.300017 0.521506
vt 0.301132 0.536415
vt 0.297976 0.536768
vt 0.297396 0.529742
vt 0.296856 0.522079
vt 0.299976 0.513696
vt 0.303018 0.513306
vt 0.296864 0.514079
vt 0.305894 0.513056
vt 0.305021 0.506264
vt 0.309168 0.512784
vt 0.309276 0.505136
vt 0.311678 0.512629
vt 0.312135 0.505820
vt 0.309783 0.500750
vt 0.312106 0.501950
vt 0.310268 0.496298
vt 0.312080 0.497399
vt 0.307829 0.494277
vt 0.310172 0.490716
vt 0.312170 0.491337
vt 0.307580 0.489204
vt 0.305649 0.492789
vt 0.305477 0.488033
vt 0.307609 0.482555
vt 0.310044 0.483440
vt 0.305291 0.481000
vt 0.527869 0.697420
vt 0.533911 0.692564
vt 0.535834 0.695352
vt 0.529799 0.701022
vt 0.520877 0.703596
vt 0.307444 0.474651
vt 0.305066 0.473501
vt 0.310180 0.475504
vt 0.310375 0.467439
vt 0.307928 0.467001
vt 0.313188 0.467800
vt 0.312686 0.476221
vt 0.312223 0.484422
vt 0.314804 0.484830
vt 0.315486 0.476765
vt 0.315037 0.468373
vt 0.319088 0.477128
vt 0.317243 0.468043
vt 0.318027 0.485388
vt 0.347855 0.207752
vt 0.350108 0.206615
vt 0.354334 0.210504
vt 0.352103 0.211836
vt 0.353817 0.205364
vt 0.358035 0.209309
vt 0.344149 0.204381
vt 0.346325 0.203174
vt 0.350237 0.202041
vt 0.343159 0.200077
vt 0.346675 0.198859
vt 0.340928 0.201499
vt 0.340523 0.197095
vt 0.344177 0.196284
vt 0.337783 0.198508
vt 0.351154 0.197689
vt 0.354638 0.200734
vt 0.348092 0.194973
vt 0.338457 0.194084
vt 0.341761 0.192946
vt 0.346037 0.191881
vt 0.353361 0.193311
vt 0.356577 0.196267
vt 0.351042 0.190402
vt 0.344297 0.187429
vt 0.349263 0.185904
vt 0.340349 0.188532
vt 0.347412 0.180343
vt 0.342472 0.181345
vt 0.338696 0.182638
vt 0.337215 0.189378
vt 0.335607 0.183274
vt 0.336139 0.195254
vt 0.334654 0.190570
vt 0.333043 0.184010
vt 0.333472 0.196676
vt 0.333815 0.200804
vt 0.332628 0.191497
vt 0.330982 0.198079
vt 0.330452 0.192319
vt 0.330832 0.202459
vt 0.333429 0.204295
vt 0.336218 0.203531
vt 0.331115 0.205633
vt 0.328855 0.203707
vt 0.329772 0.206670
vt 0.328959 0.198891
vt 0.325756 0.203737
vt 0.326548 0.200040
vt 0.328338 0.207649
vt 0.331810 0.208208
vt 0.329851 0.209293
vt 0.327077 0.208969
vt 0.324832 0.211639
vt 0.327817 0.210273
vt 0.332738 0.211937
vt 0.328546 0.211648
vt 0.334801 0.207470
vt 0.488651 0.737372
vt 0.485193 0.735824
vt 0.486358 0.732638
vt 0.487001 0.739831
vt 0.484354 0.738179
vt 0.674027 0.353191
vt 0.666989 0.354194
vt 0.663310 0.351887
vt 0.668770 0.350312
vt 0.670700 0.356320
vt 0.676577 0.355497
vt 0.681551 0.359354
vt 0.675502 0.359780
vt 0.493220 0.740992
vt 0.490464 0.743613
vt 0.495527 0.750251
vt 0.682918 0.365283
vt 0.689732 0.365236
vt 0.661968 0.357879
vt 0.666583 0.361263
vt 0.673680 0.365984
vt 0.699541 0.373338
vt 0.691943 0.371873
vt 0.683940 0.373428
vt 0.691650 0.378775
vt 0.699503 0.379168
vt 0.707154 0.379707
vt 0.674081 0.376309
vt 0.662508 0.369074
vt 0.680324 0.380632
vt 0.695031 0.383232
vt 0.684810 0.383826
vt 0.704699 0.384677
vt 0.707968 0.388926
vt 0.713025 0.388896
vt 0.711632 0.386362
vt 0.663350 0.379659
vt 0.653332 0.373321
vt 0.650560 0.385418
vt 0.644428 0.386191
vt 0.645890 0.377939
vt 0.645177 0.374463
vt 0.649019 0.369477
vt 0.655776 0.364331
vt 0.643163 0.390856
vt 0.641764 0.394364
vt 0.639185 0.390378
vt 0.638031 0.393963
vt 0.640225 0.386754
vt 0.637461 0.385674
vt 0.635209 0.384356
vt 0.638920 0.379948
vt 0.641561 0.379956
vt 0.637571 0.379326
vt 0.322330 0.163290
vt 0.319228 0.164328
vt 0.317614 0.160057
vt 0.320729 0.158832
vt 0.323083 0.158033
vt 0.324566 0.162665
vt 0.325956 0.157252
vt 0.327071 0.161899
vt 0.327823 0.168668
vt 0.325212 0.169378
vt 0.322901 0.170029
vt 0.329328 0.176674
vt 0.326680 0.177308
vt 0.324450 0.178014
vt 0.330981 0.184668
vt 0.328513 0.185298
vt 0.326355 0.185872
vt 0.329942 0.168278
vt 0.331330 0.176284
vt 0.334000 0.175678
vt 0.332723 0.167919
vt 0.335739 0.167442
vt 0.336956 0.175211
vt 0.340962 0.174365
vt 0.339583 0.166960
vt 0.334692 0.160976
vt 0.338506 0.160629
vt 0.331578 0.161173
vt 0.345729 0.173363
vt 0.344182 0.166131
vt 0.342884 0.160144
vt 0.333554 0.156170
vt 0.337214 0.155640
vt 0.341732 0.154887
vt 0.349723 0.164942
vt 0.348505 0.159080
vt 0.347694 0.154237
vt 0.336073 0.151486
vt 0.340803 0.150699
vt 0.346980 0.150504
vt 0.354779 0.149242
vt 0.355170 0.153131
vt 0.355823 0.157992
vt 0.363462 0.151424
vt 0.364344 0.155727
vt 0.362621 0.148174
vt 0.346390 0.146323
vt 0.353974 0.145229
vt 0.361483 0.144458
vt 0.345253 0.141071
vt 0.352638 0.140046
vt 0.360312 0.138807
vt 0.351143 0.134053
vt 0.359711 0.133177
vt 0.343832 0.135530
vt 0.342672 0.128490
vt 0.350482 0.127430
vt 0.359575 0.126366
vt 0.342261 0.119370
vt 0.350817 0.118432
vt 0.360828 0.117664
vt 0.351930 0.110802
vt 0.362231 0.110216
vt 0.343262 0.111223
vt 0.336110 0.129105
vt 0.336040 0.119735
vt 0.336848 0.111618
vt 0.337664 0.105404
vt 0.344448 0.105502
vt 0.352685 0.105231
vt 0.345415 0.100512
vt 0.338974 0.100505
vt 0.353412 0.100346
vt 0.328337 0.550254
vt 0.334293 0.549400
vt 0.335680 0.554554
vt 0.329583 0.555545
vt 0.324576 0.556330
vt 0.323261 0.550891
vt 0.364017 0.099994
vt 0.363430 0.104660
vt 0.342355 0.548445
vt 0.343672 0.553486
vt 0.333307 0.544347
vt 0.341467 0.543825
vt 0.327181 0.545086
vt 0.326343 0.538999
vt 0.332536 0.538306
vt 0.340468 0.537500
vt 0.349547 0.536920
vt 0.350426 0.542457
vt 0.351301 0.546990
vt 0.356853 0.541442
vt 0.356422 0.536098
vt 0.357167 0.546263
vt 0.361894 0.540869
vt 0.361763 0.546000
vt 0.361934 0.535477
vt 0.361242 0.529881
vt 0.356233 0.530127
vt 0.349384 0.530604
vt 0.356077 0.523564
vt 0.361204 0.523202
vt 0.349131 0.523929
vt 0.339931 0.531120
vt 0.339462 0.524195
vt 0.348770 0.517569
vt 0.356025 0.517313
vt 0.339150 0.517803
vt 0.330595 0.518029
vt 0.331050 0.524718
vt 0.331754 0.531770
vt 0.339060 0.512018
vt 0.348432 0.511898
vt 0.330394 0.511914
vt 0.324369 0.518445
vt 0.324267 0.512230
vt 0.324620 0.525496
vt 0.319134 0.518901
vt 0.319158 0.512528
vt 0.319384 0.526113
vt 0.325466 0.532629
vt 0.320166 0.533450
vt 0.315071 0.519413
vt 0.315236 0.526726
vt 0.315918 0.534100
vt 0.321166 0.539704
vt 0.316902 0.540387
vt 0.322222 0.545464
vt 0.317984 0.546106
vt 0.314641 0.546456
vt 0.313238 0.540980
vt 0.312392 0.534759
vt 0.318934 0.551483
vt 0.315730 0.552049
vt 0.313655 0.553380
vt 0.316596 0.557217
vt 0.313469 0.557998
vt 0.320015 0.556742
vt 0.332213 0.105549
vt 0.327909 0.105494
vt 0.329062 0.100349
vt 0.333347 0.100436
vt 0.325881 0.100354
vt 0.312102 0.560146
vt 0.311868 0.564826
vt 0.314235 0.563053
vt 0.331248 0.111883
vt 0.311725 0.527389
vt 0.311487 0.519744
vt 0.314968 0.512588
vt 0.315145 0.506602
vt 0.318996 0.506929
vt 0.315154 0.502484
vt 0.318904 0.502507
vt 0.315081 0.497835
vt 0.318634 0.497855
vt 0.314690 0.491962
vt 0.318284 0.492325
vt 0.323241 0.492248
vt 0.323393 0.497659
vt 0.323394 0.485676
vt 0.324129 0.477343
vt 0.330395 0.485767
vt 0.329853 0.492041
vt 0.331696 0.477899
vt 0.368056 0.215817
vt 0.362714 0.208436
vt 0.369378 0.207775
vt 0.371668 0.215331
vt 0.363115 0.216550
vt 0.358339 0.204114
vt 0.364290 0.202878
vt 0.360208 0.199295
vt 0.366432 0.197654
vt 0.363116 0.194405
vt 0.371887 0.201967
vt 0.360232 0.191585
vt 0.371342 0.192198
vt 0.374993 0.195507
vt 0.368540 0.189025
vt 0.379582 0.189167
vt 0.384126 0.189916
vt 0.376698 0.185895
vt 0.379406 0.197023
vt 0.387344 0.190748
vt 0.383992 0.199278
vt 0.375766 0.207258
vt 0.392165 0.191259
vt 0.340385 0.478727
vt 0.335912 0.469169
vt 0.341107 0.469709
vt 0.392121 0.199967
vt 0.386913 0.207306
vt 0.338631 0.486099
vt 0.351584 0.479657
vt 0.349948 0.486828
vt 0.348806 0.492580
vt 0.338274 0.492200
vt 0.359689 0.487474
vt 0.362594 0.481049
vt 0.357779 0.492906
vt 0.347781 0.497563
vt 0.338393 0.497589
vt 0.356631 0.498016
vt 0.367931 0.488941
vt 0.364642 0.494585
vt 0.361840 0.500058
vt 0.357442 0.504939
vt 0.354705 0.502791
vt 0.347692 0.502783
vt 0.348099 0.506398
vt 0.356305 0.511736
vt 0.361215 0.506653
vt 0.361785 0.511106
vt 0.364746 0.502958
vt 0.339218 0.506773
vt 0.338905 0.502346
vt 0.330210 0.506336
vt 0.330072 0.502346
vt 0.323839 0.506842
vt 0.323483 0.502451
vt 0.329987 0.497374
vt 0.367202 0.508725
vt 0.369067 0.498511
vt 0.371656 0.507290
vt 0.375858 0.502580
vt 0.372450 0.493429
vt 0.378023 0.511608
vt 0.373257 0.514865
vt 0.367875 0.516890
vt 0.380220 0.496086
vt 0.382875 0.503984
vt 0.376897 0.486788
vt 0.409228 0.181197
vt 0.402223 0.181198
vt 0.403470 0.172925
vt 0.410902 0.177356
vt 0.388685 0.492245
vt 0.390759 0.498608
vt 0.407202 0.156228
vt 0.403219 0.148509
vt 0.406652 0.141437
vt 0.410913 0.148947
vt 0.404805 0.164066
vt 0.399915 0.156683
vt 0.398457 0.174259
vt 0.398259 0.165636
vt 0.395298 0.158818
vt 0.394133 0.175189
vt 0.393254 0.168457
vt 0.391298 0.161925
vt 0.397297 0.180618
vt 0.392740 0.181787
vt 0.399804 0.186138
vt 0.393089 0.185951
vt 0.388506 0.186113
vt 0.407340 0.184770
vt 0.371213 0.482387
vt 0.370646 0.474792
vt 0.376115 0.475378
vt 0.398518 0.196659
vt 0.386488 0.184834
vt 0.389350 0.180805
vt 0.381608 0.183824
vt 0.385101 0.181685
vt 0.380273 0.181336
vt 0.386080 0.178807
vt 0.374578 0.182756
vt 0.366393 0.185743
vt 0.372175 0.178629
vt 0.363867 0.181380
vt 0.378163 0.176278
vt 0.376227 0.171303
vt 0.369778 0.173508
vt 0.361550 0.176332
vt 0.359173 0.170007
vt 0.367495 0.167389
vt 0.373909 0.165435
vt 0.365492 0.161256
vt 0.372074 0.159524
vt 0.356772 0.163502
vt 0.353596 0.178806
vt 0.351445 0.172261
vt 0.355611 0.184197
vt 0.357564 0.188280
vt 0.371259 0.154163
vt 0.373376 0.148257
vt 0.375202 0.153227
vt 0.377599 0.149183
vt 0.377012 0.157999
vt 0.381067 0.154089
vt 0.379136 0.163259
vt 0.384010 0.160262
vt 0.379880 0.143910
vt 0.384579 0.149635
vt 0.387773 0.156111
vt 0.382914 0.137742
vt 0.386977 0.143563
vt 0.391899 0.151338
vt 0.385317 0.130539
vt 0.390306 0.137638
vt 0.395506 0.145994
vt 0.376259 0.141289
vt 0.378527 0.134839
vt 0.380315 0.127527
vt 0.374077 0.132918
vt 0.374956 0.126468
vt 0.373407 0.139658
vt 0.371086 0.145508
vt 0.368800 0.143263
vt 0.368261 0.138051
vt 0.367058 0.132445
vt 0.367748 0.126146
vt 0.369813 0.117270
vt 0.378218 0.117765
vt 0.384271 0.118831
vt 0.380243 0.110296
vt 0.371862 0.110190
vt 0.386591 0.111406
vt 0.392540 0.114451
vt 0.389456 0.122233
vt 0.394383 0.129552
vt 0.397737 0.123245
vt 0.389303 0.105366
vt 0.394736 0.109470
vt 0.399581 0.116994
vt 0.402068 0.131877
vt 0.399161 0.137968
vt 0.380069 0.530439
vt 0.379980 0.536354
vt 0.373375 0.536426
vt 0.373649 0.529633
vt 0.373738 0.522574
vt 0.380077 0.522292
vt 0.367064 0.523074
vt 0.367111 0.529487
vt 0.361272 0.516992
vt 0.367344 0.535716
vt 0.366725 0.541893
vt 0.373171 0.542369
vt 0.395934 0.103942
vt 0.393169 0.101652
vt 0.364153 0.548777
vt 0.358678 0.550917
vt 0.369272 0.551398
vt 0.364629 0.554360
vt 0.382285 0.104688
vt 0.373861 0.104477
vt 0.375485 0.099914
vt 0.382715 0.099671
vt 0.351978 0.552065
vt 0.386427 0.165812
vt 0.388950 0.171442
vt 0.381760 0.168616
vt 0.383813 0.173506
vt 0.389878 0.177363
vt 0.338095 0.136484
vt 0.339343 0.142073
vt 0.340118 0.146748
vt 0.332598 0.152498
vt 0.329790 0.152970
vt 0.330572 0.156541
vt 0.328139 0.156794
vt 0.327746 0.153237
vt 0.328988 0.161540
vt 0.323913 0.186514
vt 0.322249 0.178498
vt 0.320329 0.170664
vt 0.639023 0.372325
vt 0.642496 0.363908
vt 0.644720 0.365254
vt 0.641272 0.372765
vt 0.648278 0.357194
vt 0.650569 0.359311
vt 0.656130 0.353758
vt 0.658732 0.355661
vt 0.328379 0.193167
vt 0.325914 0.194129
vt 0.652187 0.361750
vt 0.646510 0.366987
vt 0.643276 0.373658
vt 0.484874 0.729762
vt 0.339008 0.203724
vt 0.337453 0.208023
vt 0.342054 0.206656
vt 0.340591 0.208905
vt 0.345506 0.209337
vt 0.343725 0.211096
vt 0.347932 0.214940
vt 0.349940 0.213459
vt 0.298755 0.542586
vt 0.298880 0.547494
vt 0.298204 0.551442
vt 0.297413 0.555301
vt 0.296549 0.559461
vt 0.548264 0.682043
vt 0.545877 0.681358
vt 0.541483 0.725010
vt 0.540190 0.725566
vt 0.540371 0.727413
vt 0.529820 0.724955
vt 0.532816 0.727983
vt 0.534658 0.730995
vt 0.530098 0.734684
vt 0.528875 0.730904
vt 0.526377 0.727183
vt 0.526650 0.735025
vt 0.524866 0.731969
vt 0.522397 0.729381
vt 0.524430 0.724466
vt 0.527020 0.722414
vt 0.520354 0.726129
vt 0.519801 0.731859
vt 0.518775 0.726323
vt 0.524437 0.734007
vt 0.517719 0.725829
vt 0.516820 0.729120
vt 0.523727 0.736000
vt 0.516242 0.724599
vt 0.519364 0.720535
vt 0.519991 0.721737
vt 0.521942 0.718523
vt 0.522734 0.720387
vt 0.521861 0.722490
vt 0.524065 0.720932
vt 0.524156 0.718074
vt 0.526098 0.718432
vt 0.523828 0.716985
vt 0.524416 0.737125
vt 0.526062 0.737514
vt 0.525011 0.737571
vt 0.528827 0.739346
vt 0.524551 0.740837
vt 0.533468 0.734535
vt 0.531893 0.746755
vt 0.539894 0.737542
vt 0.679986 0.521935
vt 0.579607 0.723556
vt 0.685273 0.466907
vt 0.694451 0.469901
vt 0.703095 0.472335
vt 0.697127 0.459401
vt 0.687101 0.457287
vt 0.688395 0.443080
vt 0.698373 0.444597
vt 0.698902 0.430393
vt 0.689020 0.429568
vt 0.707168 0.421931
vt 0.698005 0.421642
vt 0.689368 0.421123
vt 0.680924 0.429492
vt 0.681561 0.421090
vt 0.679321 0.442044
vt 0.672261 0.441352
vt 0.673710 0.429249
vt 0.674845 0.420827
vt 0.670321 0.421042
vt 0.669525 0.429244
vt 0.668343 0.440811
vt 0.666181 0.420890
vt 0.666796 0.414621
vt 0.670976 0.414921
vt 0.675660 0.414398
vt 0.664090 0.408525
vt 0.667620 0.409583
vt 0.671441 0.409413
vt 0.667692 0.404720
vt 0.671168 0.404590
vt 0.665228 0.404078
vt 0.675521 0.404738
vt 0.676177 0.409361
vt 0.681938 0.413687
vt 0.681511 0.408567
vt 0.680860 0.404349
vt 0.668203 0.401740
vt 0.672963 0.400569
vt 0.679291 0.400647
vt 0.687848 0.403784
vt 0.688444 0.408151
vt 0.696891 0.403833
vt 0.697006 0.408278
vt 0.705659 0.408738
vt 0.705469 0.404055
vt 0.712343 0.410048
vt 0.713114 0.405822
vt 0.706396 0.414381
vt 0.697516 0.413391
vt 0.688676 0.413213
vt 0.665944 0.400235
vt 0.663252 0.402952
vt 0.661085 0.407636
vt 0.664199 0.398919
vt 0.666092 0.452857
vt 0.671076 0.453866
vt 0.668993 0.462023
vt 0.664793 0.461332
vt 0.676569 0.464084
vt 0.678412 0.455232
vt 0.554640 0.753236
s 1
usemtl abyss_chancel_background_pbr
f 1064/1/1 4/2/2 1/3/3 2/4/4
f 1/3/3 3/5/5 1035/6/6 2/4/4
f 1/3/3 5/7/7 3/5/5
f 7/8/8 5/7/7 1/3/3 4/2/2
f 6/9/9 1032/10/10 3/5/5 5/7/7
f 5/7/7 7/8/8 8/11/11 6/9/9
f 9/12/12 10/13/13 8/11/11 7/8/8
f 7/8/8 4/2/2 11/14/14 9/12/12
f 9/12/12 12/15/15 15/16/16 10/13/13
f 12/15/15 9/12/12 11/14/14 13/17/17
f 12/15/15 13/17/17 1052/18/18 14/19/19
f 14/19/19 17/20/20 15/16/16 12/15/15
f 554/21/21 10/13/13 15/16/16 16/22/22
f 15/16/16 17/20/20 19/23/23 16/22/22
f 1159/24/24 18/25/25 17/20/20 14/19/19
f 18/25/25 20/26/26 19/23/23 17/20/20
f 19/23/23 20/26/26 24/27/27 21/28/28
f 22/29/29 16/22/22 19/23/23 21/28/28
f 21/28/28 23/30/30 558/31/31 22/29/29
f 23/30/30 21/28/28 24/27/27 25/32/32
f 29/33/33 26/34/34 24/27/27 20/26/26
f 24/27/27 26/34/34 27/35/35 25/32/32
f 28/36/36 1022/37/37 27/35/35 26/34/34
f 28/36/36 26/34/34 29/33/33 30/38/38
f 18/25/25 31/39/39 29/33/33 20/26/26
f 33/40/40 30/38/38 29/33/33 31/39/39
f 18/25/25 1159/24/24 32/41/41 31/39/39
f 31/39/39 32/41/41 35/42/42 33/40/40
f 30/38/38 33/40/40 34/43/43 1019/44/44
f 34/43/43 33/40/40 35/42/42 37/45/45
f 39/46/46 38/47/47 35/42/42 36/48/48
f 1159/24/24 36/48/48 35/42/42 32/41/41
f 41/49/49 37/45/45 35/42/42 38/47/47
f 39/46/46 1050/50/50 40/51/51 38/47/47
f 38/47/47 40/51/51 43/52/52 41/49/49
f 42/53/53 1018/54/54 37/45/45 41/49/49
f 41/49/49 43/52/52 45/55/55 42/53/53
f 44/56/56 43/52/52 40/51/51 1075/57/57
f 44/56/56 47/58/58 45/55/55 43/52/52
f 42/53/53 45/55/55 46/59/59 629/60/60
f 47/58/58 48/61/61 46/59/59 45/55/55
f 48/61/61 47/58/58 49/62/62 51/63/63
f 44/56/56 50/64/64 49/62/62 47/58/58
f 49/62/62 50/64/64 55/65/65 53/66/66
f 114/67/67 51/63/63 49/62/62 52/68/68
f 54/69/69 52/68/68 49/62/62 53/66/66
f 54/69/69 53/66/66 56/70/70 59/71/71
f 55/65/65 58/72/72 56/70/70 53/66/66
f 61/73/73 59/71/71 56/70/70 57/74/74
f 56/70/70 58/72/72 1077/75/75 57/74/74
f 110/76/76 54/69/69 59/71/71 60/77/77
f 62/78/78 60/77/77 59/71/71 61/73/73
f 61/73/73 63/79/79 66/80/80 62/78/78
f 57/74/74 65/81/81 63/79/79 61/73/73
f 396/82/82 64/83/83 63/79/79 65/81/81
f 64/83/83 68/84/84 66/80/80 63/79/79
f 68/84/84 70/85/85 67/86/86 66/80/80
f 62/78/78 66/80/80 67/86/86 1154/87/87
f 64/83/83 395/88/88 69/89/89 68/84/84
f 70/85/85 68/84/84 69/89/89 72/90/90
f 67/86/86 70/85/85 71/91/91 1157/92/92
f 72/90/90 74/93/93 71/91/91 70/85/85
f 69/89/89 1079/94/94 73/95/95 72/90/90
f 72/90/90 73/95/95 75/96/96 74/93/93
f 76/97/97 74/93/93 75/96/96 77/98/98
f 74/93/93 76/97/97 78/99/99 71/91/91
f 76/97/97 77/98/98 81/100/100 79/101/101
f 79/101/101 82/102/102 78/99/99 76/97/97
f 79/101/101 80/103/103 84/104/104 82/102/102
f 79/101/101 81/100/100 355/105/105 80/103/103
f 82/102/102 83/106/106 1158/107/107 78/99/99
f 83/106/106 82/102/102 84/104/104 86/108/108
f 84/104/104 80/103/103 356/109/109 85/110/110
f 87/111/111 86/108/108 84/104/104 85/110/110
f 83/106/106 86/108/108 88/112/112 90/113/113
f 88/112/112 86/108/108 87/111/111 89/114/114
f 92/115/115 91/116/116 88/117/112 89/118/114
f 94/119/117 90/113/113 88/112/112 91/120/116
f 93/121/118 91/116/116 92/115/115 1089/122/119
f 91/116/116 93/121/118 96/123/120 94/124/117
f 90/113/113 94/119/117 95/125/121 1156/126/122
f 94/119/117 96/127/120 97/128/123 95/125/121
f 98/129/124 101/130/125 97/131/123 96/123/120
f 100/132/126 98/129/124 96/123/120 93/121/118
f 101/130/125 98/129/124 99/133/127 102/134/128
f 100/132/126 1128/135/129 99/133/127 98/129/124
f 101/130/125 102/134/128 104/136/130 103/137/131
f 97/128/123 101/138/125 103/139/131 106/140/132
f 105/141/133 103/137/131 104/136/130 113/142/134
f 108/143/135 106/140/132 103/139/131 105/144/133
f 107/145/136 95/125/121 97/128/123 106/140/132
f 106/140/132 108/143/135 109/146/137 107/145/136
f 105/144/133 111/147/138 110/76/76 108/143/135
f 109/146/137 108/143/135 110/76/76 60/77/77
f 52/68/68 54/69/69 110/76/76 111/147/138
f 114/67/67 52/68/68 111/147/138 112/148/139
f 113/149/134 112/148/139 111/147/138 105/144/133
f 116/150/140 115/151/141 112/152/139 113/142/134
f 117/153/142 114/154/67 112/152/139 115/151/141
f 116/150/140 119/155/143 118/156/144 115/151/141
f 118/156/144 120/157/145 117/153/142 115/151/141
f 119/155/143 122/158/146 121/159/147 118/156/144
f 118/156/144 121/159/147 124/160/148 120/157/145
f 1121/161/149 123/162/150 121/159/147 122/158/146
f 123/162/150 126/163/151 124/160/148 121/159/147
f 124/160/148 125/164/152 635/165/153 120/157/145
f 126/163/151 127/166/154 125/164/152 124/160/148
f 126/163/151 128/167/155 131/168/156 127/166/154
f 123/162/150 129/169/157 128/167/155 126/163/151
f 1134/170/158 130/171/159 128/167/155 129/169/157
f 130/171/159 132/172/160 131/168/156 128/167/155
f 132/172/160 136/173/161 133/174/162 131/168/156
f 127/166/154 131/168/156 133/174/162 135/175/163
f 639/176/164 135/175/163 133/174/162 134/177/165
f 133/174/162 136/173/161 138/178/166 134/177/165
f 137/179/167 140/180/168 138/178/166 136/173/161
f 136/173/161 132/172/160 1139/181/169 137/179/167
f 140/180/168 142/182/170 139/183/171 138/178/166
f 134/177/165 138/178/166 139/183/171 641/184/172
f 141/185/173 140/180/168 137/179/167 152/186/174
f 140/180/168 141/185/173 144/187/175 142/182/170
f 142/182/170 143/188/176 648/189/177 139/183/171
f 143/188/176 142/182/170 144/187/175 145/190/178
f 147/191/179 145/190/178 144/187/175 146/192/180
f 149/193/181 146/192/180 144/187/175 141/185/173
f 147/191/179 146/192/180 148/194/182 198/195/183
f 149/193/181 150/196/184 148/194/182 146/192/180
f 150/196/184 149/193/181 151/197/185 154/198/186
f 141/185/173 152/186/174 151/197/185 149/193/181
f 152/186/174 1141/199/187 153/200/188 151/197/185
f 154/198/186 151/197/185 153/200/188 156/201/189
f 185/202/190 150/196/184 154/198/186 155/203/191
f 157/204/192 155/203/191 154/198/186 156/201/189
f 161/205/193 157/204/192 156/201/189 158/206/194
f 156/201/189 153/200/188 160/207/195 158/206/194
f 159/208/196 162/209/197 161/205/193 158/206/194
f 158/206/194 160/207/195 1106/210/198 159/208/196
f 165/211/199 157/204/192 161/205/193 163/212/200
f 166/213/201 163/212/200 161/205/193 162/209/197
f 164/214/202 163/212/200 166/213/201 168/215/203
f 163/212/200 164/214/202 178/216/204 165/211/199
f 1101/217/205 167/218/206 166/213/201 162/209/197
f 169/219/207 168/215/203 166/213/201 167/218/206
f 173/220/208 164/214/202 168/215/203 170/221/209
f 171/222/210 170/221/209 168/215/203 169/219/207
f 1150/223/211 172/224/212 170/221/209 171/222/210
f 174/225/213 173/220/208 170/221/209 172/224/212
f 173/220/208 175/226/214 178/216/204 164/214/202
f 175/226/214 173/220/208 174/225/213 177/227/215
f 178/216/204 175/226/214 176/228/216 179/229/217
f 177/227/215 319/230/218 176/228/216 175/226/214
f 190/231/219 180/232/220 178/216/204 179/229/217
f 182/233/221 181/234/222 178/216/204 180/232/220
f 183/235/223 165/211/199 178/216/204 181/234/222
f 182/233/221 184/236/224 183/235/223 181/234/222
f 185/202/190 155/203/191 183/235/223 184/236/224
f 157/204/192 165/211/199 183/235/223 155/203/191
f 182/233/221 186/237/225 185/202/190 184/236/224
f 185/202/190 186/237/225 148/194/182 150/196/184
f 187/238/226 188/239/227 148/194/182 186/237/225
f 182/233/221 180/232/220 187/238/226 186/237/225
f 180/232/220 190/231/219 189/240/228 187/238/226
f 188/239/227 187/238/226 189/240/228 192/241/229
f 189/240/228 190/231/219 305/242/230 191/243/231
f 193/244/232 192/241/229 189/240/228 191/243/231
f 197/245/233 188/239/227 192/241/229 194/246/234
f 195/247/235 194/246/234 192/241/229 193/244/232
f 194/246/234 195/247/235 295/248/236 196/249/237
f 194/246/234 196/249/237 199/250/238 197/245/233
f 197/245/233 198/195/183 148/194/182 188/239/227
f 198/195/183 197/245/233 199/250/238 201/251/239
f 196/249/237 293/252/240 200/253/241 199/250/238
f 201/251/239 199/250/238 200/253/241 202/254/242
f 147/191/179 198/195/183 201/251/239 203/255/243
f 205/256/244 203/255/243 201/251/239 202/254/242
f 145/190/178 147/191/179 203/255/243 204/257/245
f 206/258/246 204/257/245 203/255/243 205/256/244
f 202/254/242 208/259/247 207/260/248 205/256/244
f 207/260/248 209/261/249 206/258/246 205/256/244
f 212/262/250 210/263/251 207/260/248 208/259/247
f 211/264/252 209/261/249 207/260/248 210/263/251
f 211/264/252 210/263/251 213/265/253 216/266/254
f 213/265/253 210/263/251 212/262/250 214/267/255
f 230/268/256 215/269/257 213/265/253 214/267/255
f 217/270/258 216/266/254 213/265/253 215/269/257
f 220/271/259 211/264/252 216/266/254 218/272/260
f 217/270/258 219/273/261 218/272/260 216/266/254
f 218/272/260 219/273/261 223/274/262 220/271/259
f 654/275/263 222/276/264 220/271/259 221/277/265
f 221/278/265 220/279/259 223/280/262 224/281/266
f 209/261/249 211/264/252 220/271/259 222/276/264
f 663/282/267 224/281/266 223/280/262 225/283/268
f 227/284/269 225/283/268 223/280/262 226/285/270
f 217/270/258 226/286/270 223/274/262 219/273/261
f 215/269/257 227/287/269 226/286/270 217/270/258
f 225/283/268 227/284/269 228/288/271 231/289/272
f 227/287/269 215/269/257 230/268/256 228/290/271
f 233/291/273 231/289/272 228/288/271 229/292/274
f 229/293/274 228/290/271 230/268/256 1153/294/275
f 225/283/268 231/289/272 232/295/276 663/282/267
f 233/291/273 234/296/277 232/295/276 231/289/272
f 234/296/277 233/291/273 235/297/278 236/298/279
f 229/292/274 238/299/280 235/297/278 233/291/273
f 235/297/278 237/300/281 250/301/282 236/298/279
f 240/302/283 237/300/281 235/297/278 238/299/280
f 1153/294/275 239/303/284 238/304/280 229/293/274
f 241/305/285 240/306/283 238/304/280 239/303/284
f 241/305/285 243/307/286 242/308/287 240/306/283
f 237/300/281 240/302/283 242/309/287 245/310/288
f 242/308/287 243/307/286 280/311/289 244/312/290
f 246/313/291 245/310/288 242/309/287 244/314/290
f 247/315/292 245/310/288 246/313/291 248/316/293
f 245/310/288 247/315/292 250/301/282 237/300/281
f 247/315/292 248/316/293 268/317/294 249/318/295
f 247/315/292 249/318/295 251/319/296 250/301/282
f 236/298/279 250/301/282 251/319/296 253/320/297
f 249/318/295 265/321/298 252/322/299 251/319/296
f 253/320/297 251/319/296 252/322/299 255/323/300
f 256/324/301 254/325/302 253/320/297 255/323/300
f 254/325/302 234/296/277 236/298/279 253/320/297
f 255/323/300 252/322/299 260/326/303 257/327/304
f 257/327/304 259/328/305 256/324/301 255/323/300
f 989/329/306 259/328/305 257/327/304 258/330/307
f 257/327/304 260/326/303 261/331/308 258/330/307
f 265/321/298 262/332/309 260/326/303 252/322/299
f 262/332/309 264/333/310 261/331/308 260/326/303
f 265/321/298 266/334/311 263/335/312 262/332/309
f 264/333/310 262/332/309 263/335/312 782/336/313
f 265/321/298 249/318/295 268/317/294 266/334/311
f 263/335/312 266/334/311 267/337/314 780/338/315
f 267/337/314 266/334/311 268/317/294 269/339/316
f 268/317/294 248/316/293 271/340/317 269/339/316
f 270/341/318 776/342/319 267/337/314 269/339/316
f 270/341/318 269/339/316 271/340/317 272/343/320
f 274/344/321 272/345/320 271/346/317 273/347/322
f 271/340/317 248/316/293 246/313/291 273/348/322
f 273/347/322 275/349/323 276/350/324 274/344/321
f 275/349/323 273/347/322 246/351/291 244/352/290
f 277/353/325 278/354/326 276/350/324 275/349/323
f 275/349/323 244/352/290 280/355/289 277/353/325
f 279/356/327 497/357/328 278/358/326 277/359/325
f 279/356/327 277/359/325 280/311/289 281/360/329
f 280/311/289 243/307/286 283/361/330 281/360/329
f 279/356/327 281/360/329 282/362/331 301/363/332
f 283/361/330 284/364/333 282/362/331 281/360/329
f 287/365/334 284/364/333 283/361/330 285/366/335
f 241/305/285 285/366/335 283/361/330 243/307/286
f 285/366/335 241/305/285 239/303/284 286/367/336
f 287/365/334 285/366/335 286/367/336 289/368/337
f 287/365/334 288/369/338 298/370/339 284/364/333
f 288/369/338 287/365/334 289/368/337 291/371/340
f 290/372/341 289/368/337 286/367/336 1152/373/342
f 292/374/343 291/371/340 289/368/337 290/372/341
f 200/253/241 293/252/240 291/371/340 292/374/343
f 294/375/344 288/369/338 291/371/340 293/252/240
f 293/252/240 196/249/237 295/248/236 294/375/344
f 296/376/345 294/375/344 295/248/236 195/247/235
f 294/375/344 296/376/345 298/370/339 288/369/338
f 296/376/345 195/247/235 193/244/232 297/377/346
f 298/370/339 296/376/345 297/377/346 299/378/347
f 282/362/331 284/364/333 298/370/339 299/378/347
f 300/379/348 301/363/332 282/362/331 299/378/347
f 300/379/348 299/378/347 297/377/346 303/380/349
f 300/379/348 302/381/350 498/382/351 301/363/332
f 300/379/348 303/380/349 304/383/352 302/381/350
f 303/380/349 297/377/346 193/244/232 191/243/231
f 191/243/231 305/242/230 304/383/352 303/380/349
f 304/383/352 306/384/353 309/385/354 302/381/350
f 308/386/355 306/384/353 304/383/352 305/242/230
f 307/387/356 311/388/357 309/385/354 306/384/353
f 306/384/353 308/386/355 1151/389/358 307/387/356
f 312/390/359 310/391/360 309/385/354 311/388/357
f 309/385/354 310/391/360 498/382/351 302/381/350
f 314/392/361 312/390/359 311/388/357 313/393/362
f 316/394/363 313/393/362 311/388/357 307/387/356
f 489/395/364 314/392/361 313/393/362 315/396/365
f 317/397/366 315/396/365 313/393/362 316/394/363
f 316/394/363 307/387/356 1151/389/358 176/228/216
f 317/397/366 316/394/363 176/228/216 319/230/218
f 486/398/367 315/396/365 317/397/366 318/399/368
f 320/400/369 318/399/368 317/397/366 319/230/218
f 320/400/369 319/230/218 177/227/215 322/401/370
f 318/399/368 320/400/369 321/402/371 474/403/372
f 322/401/370 323/404/373 321/402/371 320/400/369
f 322/401/370 324/405/374 326/406/375 323/404/373
f 322/401/370 177/227/215 174/225/213 324/405/374
f 325/407/376 324/405/374 174/225/213 172/224/212
f 325/407/376 329/408/377 326/406/375 324/405/374
f 323/404/373 326/406/375 327/409/378 471/410/379
f 328/411/380 1149/412/381 327/409/378 326/406/375
f 330/413/382 328/411/380 326/406/375 329/408/377
f 331/414/383 330/413/382 329/408/377 325/407/376
f 330/413/382 331/414/383 335/415/384 332/416/385
f 330/413/382 332/416/385 333/417/386 328/411/380
f 334/418/387 345/419/388 333/417/386 332/416/385
f 334/418/387 332/416/385 335/415/384 337/420/389
f 335/415/384 331/414/383 1150/223/211 336/421/390
f 335/415/384 336/421/390 338/422/391 337/420/389
f 339/423/392 337/420/389 338/422/391 340/424/393
f 337/420/389 339/423/392 342/425/394 334/418/387
f 339/423/392 340/424/393 1081/426/395 341/427/396
f 342/425/394 339/423/392 341/427/396 343/428/397
f 345/419/388 334/418/387 342/425/394 344/429/398
f 347/430/399 344/429/398 342/425/394 343/428/397
f 1149/412/381 345/419/388 344/429/398 346/431/400
f 348/432/401 346/431/400 344/429/398 347/430/399
f 343/428/397 352/433/402 349/434/403 347/430/399
f 349/434/403 350/435/404 348/432/401 347/430/399
f 350/435/404 349/434/403 351/436/405 360/437/406
f 352/433/402 354/438/407 351/436/405 349/434/403
f 352/433/402 353/439/408 356/440/109 354/438/407
f 352/433/402 343/428/397 341/427/396 353/439/408
f 356/109/109 80/103/103 355/105/105 354/441/407
f 355/442/105 357/443/409 351/436/405 354/438/407
f 1080/444/410 85/445/110 356/440/109 353/439/408
f 358/446/411 357/447/409 355/105/105 81/100/100
f 358/448/411 361/449/412 359/450/413 357/443/409
f 351/436/405 357/443/409 359/450/413 360/437/406
f 359/450/413 362/451/414 365/452/415 360/437/406
f 363/453/416 362/451/414 359/450/413 361/449/412
f 362/451/414 363/453/416 391/454/417 364/455/418
f 362/451/414 364/455/418 367/456/419 365/452/415
f 367/456/419 368/457/420 366/458/421 365/452/415
f 360/437/406 365/452/415 366/458/421 350/435/404
f 369/459/422 371/460/423 368/457/420 367/456/419
f 364/455/418 370/461/424 369/459/422 367/456/419
f 370/461/424 375/462/425 372/463/426 369/459/422
f 372/463/426 373/464/427 371/460/423 369/459/422
f 459/465/428 373/464/427 372/463/426 374/466/429
f 377/467/430 374/466/429 372/463/426 375/462/425
f 1078/468/431 376/469/432 375/462/425 370/461/424
f 379/470/433 377/467/430 375/462/425 376/469/432
f 377/467/430 378/471/434 460/472/435 374/466/429
f 378/471/434 377/467/430 379/470/433 381/473/436
f 376/469/432 388/474/437 380/475/438 379/470/433
f 379/470/433 380/475/438 383/476/439 381/473/436
f 440/477/440 378/478/434 381/479/436 382/480/441
f 382/480/441 381/479/436 383/481/439 384/482/442
f 405/483/443 384/482/442 383/481/439 385/484/444
f 388/485/437 386/486/445 383/481/439 380/487/438
f 387/488/446 385/484/444 383/481/439 386/486/445
f 386/486/445 389/489/447 392/490/448 387/488/446
f 386/486/445 388/485/437 390/491/449 389/489/447
f 391/492/417 389/489/447 390/491/449 1078/493/431
f 392/490/448 389/489/447 391/492/417 394/494/450
f 387/488/446 392/490/448 393/495/451 398/496/452
f 392/490/448 394/494/450 396/82/82 393/495/451
f 395/88/88 64/83/83 396/82/82 394/494/450
f 395/88/88 394/494/450 391/492/417 363/497/416
f 397/498/453 393/495/451 396/82/82 65/81/81
f 363/453/416 361/449/412 69/499/89 395/500/88
f 399/501/454 398/496/452 393/495/451 397/498/453
f 401/502/455 400/503/456 398/496/452 399/501/454
f 385/484/444 387/488/446 398/496/452 400/503/456
f 405/483/443 385/484/444 400/503/456 402/504/457
f 404/505/458 402/504/457 400/503/456 401/502/455
f 406/506/459 405/483/443 402/504/457 403/507/460
f 1032/10/10 403/507/460 402/504/457 404/505/458
f 407/508/461 384/482/442 405/483/443 406/506/459
f 406/506/459 408/509/462 411/510/463 407/508/461
f 408/509/462 406/506/459 403/507/460 410/511/464
f 409/512/465 408/509/462 410/511/464 556/513/466
f 409/512/465 414/514/467 411/510/463 408/509/462
f 415/515/468 412/516/469 411/510/463 414/514/467
f 437/517/470 413/518/471 411/510/463 412/516/469
f 442/519/472 407/508/461 411/510/463 413/518/471
f 415/515/468 414/514/467 416/520/473 417/521/474
f 409/512/465 418/522/475 416/520/473 414/514/467
f 422/523/476 417/524/474 416/525/473 419/526/477
f 416/520/473 418/522/475 421/527/478 419/528/477
f 423/529/479 422/523/476 419/526/477 420/530/480
f 420/530/480 419/526/477 421/531/478 543/532/481
f 422/523/476 423/529/479 426/533/482 424/534/483
f 422/523/476 424/534/483 425/535/484 417/524/474
f 427/536/485 428/537/486 425/535/484 424/534/483
f 427/536/485 424/534/483 426/533/482 430/538/487
f 427/536/485 429/539/488 1031/540/489 428/537/486
f 429/539/488 427/536/485 430/538/487 432/541/490
f 433/542/491 432/541/490 430/538/487 431/543/492
f 430/538/487 426/533/482 535/544/493 431/543/492
f 435/545/494 434/546/495 432/547/490 433/548/491
f 437/517/470 429/549/488 432/547/490 434/546/495
f 438/550/496 436/551/497 434/546/495 435/545/494
f 413/518/471 437/517/470 434/546/495 436/551/497
f 437/517/470 412/516/469 1031/552/489 429/549/488
f 441/553/498 439/554/499 436/551/497 438/550/496
f 442/519/472 413/518/471 436/551/497 439/554/499
f 382/480/441 442/519/472 439/554/499 440/477/440
f 443/555/500 440/477/440 439/554/499 441/553/498
f 407/508/461 442/519/472 382/480/441 384/482/442
f 443/555/500 441/553/498 444/556/501 445/557/502
f 438/550/496 446/558/503 444/556/501 441/553/498
f 447/559/504 445/560/502 444/561/501 446/562/503
f 447/559/504 446/562/503 448/563/505 450/564/506
f 446/558/503 438/550/496 435/545/494 448/565/505
f 449/566/507 448/563/505 435/567/494 433/568/491
f 451/569/508 450/564/506 448/563/505 449/566/507
f 453/570/509 452/571/510 450/564/506 451/569/508
f 455/572/511 447/559/504 450/564/506 452/571/510
f 1026/573/512 454/574/513 452/571/510 453/570/509
f 456/575/514 455/572/511 452/571/510 454/574/513
f 447/559/504 455/572/511 457/576/515 445/560/502
f 456/575/514 458/577/516 457/576/515 455/572/511
f 461/578/517 459/465/428 457/576/515 458/577/516
f 374/466/429 460/472/435 457/576/515 459/465/428
f 443/579/500 445/560/502 457/576/515 460/472/435
f 440/580/440 443/579/500 460/472/435 378/471/434
f 373/464/427 459/465/428 461/578/517 463/581/518
f 476/582/519 462/583/520 461/578/517 458/577/516
f 464/584/521 463/581/518 461/578/517 462/583/520
f 464/584/521 466/585/522 465/586/523 463/581/518
f 463/581/518 465/586/523 371/460/423 373/464/427
f 465/586/523 466/585/522 469/587/524 467/588/525
f 465/586/523 467/588/525 368/457/420 371/460/423
f 467/588/525 468/589/526 366/458/421 368/457/420
f 468/589/526 467/588/525 469/587/524 470/590/527
f 469/587/524 466/585/522 327/409/378 470/590/527
f 346/431/400 470/590/527 327/409/378 1149/412/381
f 470/590/527 346/431/400 348/432/401 468/589/526
f 366/458/421 468/589/526 348/432/401 350/435/404
f 464/584/521 471/410/379 327/409/378 466/585/522
f 472/591/528 471/410/379 464/584/521 462/583/520
f 471/410/379 472/591/528 321/402/371 323/404/373
f 473/592/529 474/403/372 321/402/371 472/591/528
f 473/592/529 472/591/528 462/583/520 476/582/519
f 474/403/372 473/592/529 475/593/530 485/594/531
f 473/592/529 476/582/519 477/595/532 475/593/530
f 458/577/516 456/575/514 477/595/532 476/582/519
f 480/596/533 475/593/530 477/595/532 478/597/534
f 477/595/532 456/575/514 454/574/513 478/597/534
f 479/598/535 478/597/534 454/574/513 1026/573/512
f 479/598/535 481/599/536 480/596/533 478/597/534
f 482/600/537 485/594/531 475/593/530 480/596/533
f 483/601/538 482/600/537 480/596/533 481/599/536
f 483/601/538 488/602/539 484/603/540 482/600/537
f 485/594/531 482/600/537 484/603/540 486/398/367
f 485/594/531 486/398/367 318/399/368 474/403/372
f 315/396/365 486/398/367 484/603/540 489/395/364
f 490/604/541 489/395/364 484/603/540 487/605/542
f 484/603/540 488/602/539 1030/606/543 487/605/542
f 489/395/364 490/604/541 492/607/544 314/392/361
f 487/608/542 1029/609/545 491/610/546 490/611/541
f 491/610/546 493/612/547 492/613/544 490/611/541
f 499/614/548 494/615/549 492/613/544 493/612/547
f 496/616/550 495/617/551 492/607/544 494/618/549
f 312/390/359 314/392/361 492/607/544 495/617/551
f 310/391/360 312/390/359 495/617/551 496/616/550
f 496/616/550 494/618/549 278/358/326 497/357/328
f 310/391/360 496/616/550 497/357/328 498/382/351
f 301/363/332 498/382/351 497/357/328 279/356/327
f 494/615/549 499/614/548 276/350/324 278/354/326
f 499/614/548 493/612/547 502/619/552 500/620/553
f 276/350/324 499/614/548 500/620/553 274/344/321
f 272/345/320 274/344/321 500/620/553 501/621/554
f 500/620/553 502/619/552 503/622/555 501/621/554
f 493/612/547 491/610/546 504/623/556 502/619/552
f 504/623/556 506/624/557 503/622/555 502/619/552
f 1029/609/545 505/625/558 504/623/556 491/610/546
f 505/625/558 508/626/559 506/624/557 504/623/556
f 509/627/560 507/628/561 506/624/557 508/626/559
f 507/628/561 778/629/562 503/622/555 506/624/557
f 508/626/559 505/625/558 512/630/563 510/631/564
f 508/626/559 510/631/564 513/632/565 509/627/560
f 511/633/566 514/634/567 513/632/565 510/631/564
f 511/633/566 510/631/564 512/630/563 1028/635/568
f 514/634/567 516/636/569 515/637/570 513/632/565
f 509/627/560 513/632/565 515/637/570 518/638/571
f 515/637/570 516/636/569 1027/639/572 517/640/573
f 520/641/574 518/638/571 515/637/570 517/640/573
f 509/627/560 518/638/571 519/642/575 507/628/561
f 520/641/574 521/643/576 519/642/575 518/638/571
f 521/643/576 520/641/574 522/644/577 524/645/578
f 520/641/574 517/640/573 523/646/579 522/644/577
f 525/647/580 522/644/577 523/646/579 528/648/581
f 526/649/582 524/645/578 522/644/577 525/647/580
f 525/647/580 527/650/583 787/651/584 526/649/582
f 528/648/581 529/652/585 527/650/583 525/647/580
f 529/652/585 528/648/581 530/653/586 532/654/587
f 530/653/586 528/648/581 523/646/579 531/655/588
f 1026/656/512 453/657/509 530/653/586 531/655/588
f 451/658/508 532/654/587 530/653/586 453/657/509
f 532/654/587 533/659/589 534/660/590 529/652/585
f 533/659/589 532/654/587 451/658/508 449/661/507
f 431/543/492 535/544/493 534/660/590 533/659/589
f 431/543/492 533/659/589 449/661/507 433/542/491
f 534/660/590 536/662/591 527/650/583 529/652/585
f 538/663/592 536/662/591 534/660/590 535/544/493
f 536/662/591 537/664/593 787/651/584 527/650/583
f 536/662/591 538/663/592 539/665/594 537/664/593
f 423/529/479 420/530/480 539/665/594 538/663/592
f 423/529/479 538/663/592 535/544/493 426/533/482
f 788/666/595 537/664/593 539/665/594 540/667/596
f 543/532/481 541/668/597 539/665/594 420/530/480
f 542/669/598 540/667/596 539/665/594 541/668/597
f 541/668/597 544/670/599 545/671/600 542/669/598
f 541/668/597 543/532/481 547/672/601 544/670/599
f 546/673/602 800/674/603 545/671/600 544/670/599
f 547/672/601 549/675/604 546/673/602 544/670/599
f 421/531/478 548/676/605 547/672/601 543/532/481
f 551/677/606 549/675/604 547/672/601 548/676/605
f 550/678/607 557/679/608 546/673/602 549/675/604
f 549/675/604 551/677/606 553/680/609 550/678/607
f 551/681/606 548/682/605 555/683/610 552/684/611
f 553/685/609 551/681/606 552/684/611 554/21/21
f 16/22/22 22/29/29 553/685/609 554/21/21
f 558/686/31 550/678/607 553/680/609 22/687/29
f 10/13/13 554/21/21 552/684/611 8/11/11
f 8/11/11 552/684/611 555/683/610 556/513/466
f 555/683/610 548/682/605 421/527/478 418/522/475
f 409/512/465 556/513/466 555/683/610 418/522/475
f 410/511/464 6/9/9 8/11/11 556/513/466
f 557/679/608 550/678/607 558/686/31 559/688/612
f 560/689/613 559/688/612 558/686/31 23/690/30
f 563/691/614 561/692/615 559/688/612 560/689/613
f 562/693/616 557/679/608 559/688/612 561/692/615
f 566/694/617 562/693/616 561/692/615 564/695/618
f 567/696/619 564/695/618 561/692/615 563/691/614
f 565/697/620 564/695/618 567/696/619 568/698/621
f 564/695/618 565/697/620 802/699/622 566/694/617
f 570/700/623 569/701/624 567/702/619 563/703/614
f 571/704/625 568/705/621 567/702/619 569/701/624
f 570/700/623 574/706/626 572/707/627 569/701/624
f 572/707/627 573/708/628 571/704/625 569/701/624
f 572/707/627 575/709/629 578/710/630 573/708/628
f 577/711/631 575/709/629 572/707/627 574/706/626
f 575/709/629 576/712/632 580/713/633 578/710/630
f 575/709/629 577/711/631 596/714/634 576/712/632
f 578/710/630 579/715/635 811/716/636 573/708/628
f 579/715/635 578/710/630 580/713/633 582/717/637
f 576/712/632 594/718/638 581/719/639 580/713/633
f 582/717/637 580/713/633 581/719/639 584/720/640
f 582/717/637 583/721/641 814/722/642 579/715/635
f 583/721/641 582/717/637 584/720/640 585/723/643
f 585/723/643 584/720/640 586/724/644 588/725/645
f 586/724/644 584/720/640 581/719/639 589/726/646
f 910/727/647 588/725/645 586/724/644 587/728/648
f 590/729/649 587/728/648 586/724/644 589/726/646
f 589/726/646 591/730/650 593/731/651 590/729/649
f 581/719/639 594/718/638 591/730/650 589/726/646
f 594/718/638 595/732/652 592/733/653 591/730/650
f 592/733/653 675/734/654 593/731/651 591/730/650
f 594/718/638 576/712/632 596/714/634 595/732/652
f 597/735/655 595/732/652 596/714/634 600/736/656
f 597/735/655 598/737/657 592/733/653 595/732/652
f 599/738/658 1009/739/659 598/737/657 597/735/655
f 600/736/656 602/740/660 599/738/658 597/735/655
f 601/741/661 600/736/656 596/714/634 1021/742/662
f 600/736/656 601/741/661 603/743/663 602/740/660
f 604/744/664 602/740/660 603/743/663 607/745/665
f 604/744/664 605/746/666 599/738/658 602/740/660
f 604/744/664 606/747/667 1007/748/668 605/746/666
f 604/744/664 607/745/665 609/749/669 606/747/667
f 608/750/670 611/751/671 609/749/669 607/745/665
f 608/750/670 607/745/665 603/743/663 601/741/661
f 606/747/667 609/749/669 610/752/672 616/753/673
f 611/751/671 613/754/674 610/752/672 609/749/669
f 613/754/674 611/751/671 612/755/675 614/756/676
f 608/750/670 1020/757/677 612/755/675 611/751/671
f 616/753/673 610/752/672 613/754/674 614/756/676
f 615/758/678 614/759/676 612/760/675 1019/44/44
f 615/758/678 618/761/679 616/762/673 614/759/676
f 616/763/673 617/764/680 1007/765/668 606/766/667
f 619/767/681 617/764/680 616/763/673 618/768/679
f 619/767/681 618/768/679 620/769/682 623/770/683
f 618/761/679 615/758/678 621/771/684 620/772/682
f 622/773/685 620/772/682 621/771/684 1018/54/54
f 625/774/686 623/770/683 620/769/682 622/775/685
f 1010/776/687 619/767/681 623/770/683 624/777/688
f 626/778/689 624/777/688 623/770/683 625/774/686
f 622/775/685 629/779/60 627/780/690 625/774/686
f 626/778/689 625/774/686 627/780/690 630/781/691
f 632/782/692 630/781/691 627/780/690 628/783/693
f 627/780/690 629/779/60 46/784/59 628/783/693
f 626/778/689 630/781/691 631/785/694 645/786/695
f 632/782/692 633/787/696 631/785/694 630/781/691
f 632/782/692 634/788/697 637/789/698 633/787/696
f 632/782/692 628/783/693 636/790/699 634/788/697
f 637/789/698 634/788/697 635/165/153 125/164/152
f 636/790/699 638/791/700 635/165/153 634/788/697
f 639/176/164 633/787/696 637/789/698 135/175/163
f 127/166/154 135/175/163 637/789/698 125/164/152
f 51/792/63 638/791/700 636/790/699 48/793/61
f 46/784/59 48/793/61 636/790/699 628/783/693
f 51/792/63 114/154/67 117/153/142 638/791/700
f 635/165/153 638/791/700 117/153/142 120/157/145
f 639/176/164 640/794/701 631/785/694 633/787/696
f 640/794/701 639/176/164 134/177/165 641/184/172
f 631/785/694 640/794/701 642/795/702 645/786/695
f 641/184/172 646/796/703 642/795/702 640/794/701
f 647/797/704 643/798/705 642/795/702 646/796/703
f 642/795/702 643/798/705 1015/799/706 644/800/707
f 1013/801/708 645/786/695 642/795/702 644/800/707
f 641/184/172 139/183/171 648/189/177 646/796/703
f 647/797/704 646/796/703 648/189/177 649/802/709
f 648/189/177 143/188/176 650/803/710 649/802/709
f 651/804/711 649/802/709 650/803/710 652/805/712
f 653/806/713 647/797/704 649/802/709 651/804/711
f 222/276/264 654/275/263 651/804/711 652/805/712
f 654/275/263 655/807/714 653/806/713 651/804/711
f 654/275/263 221/277/265 657/808/715 655/807/714
f 656/809/716 1017/810/717 653/806/713 655/807/714
f 657/808/715 658/811/718 656/809/716 655/807/714
f 660/812/719 658/813/718 657/814/715 659/815/720
f 224/281/266 659/815/720 657/814/715 221/278/265
f 663/282/267 661/816/721 659/815/720 224/281/266
f 661/816/721 664/817/722 660/812/719 659/815/720
f 662/818/723 665/819/724 664/817/722 661/816/721
f 661/816/721 663/282/267 232/295/276 662/818/723
f 667/820/725 666/821/726 664/817/722 665/819/724
f 666/821/726 668/822/727 660/812/719 664/817/722
f 666/821/726 667/820/725 672/823/728 669/824/729
f 669/824/729 671/825/730 668/822/727 666/821/726
f 672/823/728 674/826/731 670/827/732 669/824/729
f 671/825/730 669/824/729 670/827/732 999/828/733
f 676/829/734 673/830/735 672/823/728 667/820/725
f 675/734/654 674/826/731 672/823/728 673/830/735
f 598/737/657 1009/739/659 670/827/732 674/826/731
f 674/826/731 675/734/654 592/733/653 598/737/657
f 673/830/735 677/831/736 593/731/651 675/734/654
f 677/831/736 673/830/735 676/829/734 678/832/737
f 678/832/737 681/833/738 679/834/739 677/831/736
f 593/731/651 677/831/736 679/834/739 590/729/649
f 587/728/648 590/729/649 679/834/739 680/835/740
f 679/834/739 681/833/738 683/836/741 680/835/740
f 682/837/742 685/838/743 683/836/741 681/833/738
f 681/833/738 678/832/737 996/839/744 682/837/742
f 908/840/745 680/835/740 683/836/741 684/841/746
f 683/836/741 685/838/743 687/842/747 684/841/746
f 685/838/743 682/837/742 993/843/748 686/844/749
f 686/844/749 689/845/750 687/842/747 685/838/743
f 909/846/751 684/841/746 687/842/747 688/847/752
f 687/842/747 689/845/750 691/848/753 688/847/752
f 689/845/750 686/844/749 990/849/754 690/850/755
f 690/850/755 692/851/756 691/848/753 689/845/750
f 692/851/756 696/852/757 693/853/758 691/848/753
f 691/848/753 693/853/758 694/854/759 688/847/752
f 695/855/760 914/856/761 694/854/759 693/853/758
f 697/857/762 695/855/760 693/853/758 696/852/757
f 699/858/763 698/859/764 696/852/757 692/851/756
f 700/860/765 697/857/762 696/852/757 698/859/764
f 698/859/764 699/858/763 703/861/766 701/862/767
f 702/863/768 700/860/765 698/859/764 701/862/767
f 702/863/768 701/862/767 704/864/769 706/865/770
f 704/864/769 701/862/767 703/861/766 705/866/771
f 708/867/772 707/868/773 704/864/769 705/866/771
f 709/869/774 706/865/770 704/864/769 707/868/773
f 707/868/773 708/867/772 713/870/775 710/871/776
f 710/871/776 711/872/777 709/869/774 707/868/773
f 711/872/777 710/871/776 712/873/778 973/874/779
f 710/871/776 713/870/775 715/875/780 712/873/778
f 985/876/781 714/877/782 713/870/775 708/867/772
f 714/877/782 716/878/783 715/875/780 713/870/775
f 715/875/780 716/878/783 718/879/784 717/880/785
f 719/881/786 712/873/778 715/875/780 717/880/785
f 720/882/787 717/880/785 718/879/784 722/883/788
f 720/882/787 723/884/789 719/881/786 717/880/785
f 721/885/790 725/886/791 723/887/789 720/888/787
f 720/888/787 722/889/788 783/890/792 721/885/790
f 724/891/793 971/892/794 719/881/786 723/884/789
f 725/886/791 726/893/795 724/894/793 723/887/789
f 725/886/791 727/895/796 730/896/797 726/893/795
f 721/885/790 728/897/798 727/895/796 725/886/791
f 764/898/799 729/899/800 727/895/796 728/897/798
f 729/899/800 731/900/801 730/896/797 727/895/796
f 730/896/797 731/900/801 733/901/802 732/902/803
f 734/903/804 726/893/795 730/896/797 732/902/803
f 735/904/805 732/902/803 733/901/802 738/905/806
f 735/904/805 736/906/807 734/903/804 732/902/803
f 735/904/805 737/907/808 966/908/809 736/906/807
f 737/907/808 735/904/805 738/905/806 739/909/810
f 741/910/811 739/909/810 738/905/806 740/911/812
f 738/905/806 733/901/802 743/912/813 740/911/812
f 740/911/812 742/913/814 959/914/815 741/910/811
f 742/913/814 740/911/812 743/912/813 745/915/816
f 731/900/801 744/916/817 743/912/813 733/901/802
f 743/912/813 744/916/817 747/917/818 745/915/816
f 742/913/814 745/915/816 746/918/819 975/919/820
f 746/918/819 745/915/816 747/917/818 749/920/821
f 751/921/822 749/920/821 747/917/818 748/922/823
f 747/917/818 744/916/817 984/923/824 748/922/823
f 750/924/825 846/925/826 746/918/819 749/920/821
f 752/926/827 750/924/825 749/920/821 751/921/822
f 751/921/822 753/927/828 754/928/829 752/926/827
f 751/921/822 748/922/823 756/929/830 753/927/828
f 755/930/831 791/931/832 754/928/829 753/927/828
f 755/930/831 753/927/828 756/929/830 758/932/833
f 984/923/824 757/933/834 756/929/830 748/922/823
f 756/929/830 757/933/834 760/934/835 758/932/833
f 789/935/836 755/930/831 758/932/833 759/936/837
f 759/936/837 758/932/833 760/934/835 761/937/838
f 760/934/835 762/938/839 765/939/840 761/937/838
f 764/898/799 762/938/839 760/934/835 757/933/834
f 762/938/839 764/898/799 728/897/798 763/940/841
f 763/940/841 767/941/842 765/939/840 762/938/839
f 769/942/843 766/943/844 765/939/840 767/941/842
f 765/939/840 766/943/844 784/944/845 761/937/838
f 767/941/842 763/940/841 783/890/792 768/945/846
f 769/942/843 767/941/842 768/945/846 770/946/847
f 766/943/844 769/942/843 519/642/575 521/643/576
f 770/946/847 771/947/848 519/642/575 769/942/843
f 771/947/848 770/946/847 772/948/849 775/949/850
f 772/948/849 770/946/847 768/945/846 773/950/851
f 779/951/852 774/952/853 772/953/849 773/954/851
f 776/342/319 775/955/850 772/953/849 774/952/853
f 778/629/562 771/947/848 775/949/850 777/956/854
f 270/957/318 777/956/854 775/949/850 776/958/319
f 272/345/320 501/621/554 777/956/854 270/957/318
f 503/622/555 778/629/562 777/956/854 501/621/554
f 778/629/562 507/628/561 519/642/575 771/947/848
f 774/952/853 780/338/315 267/337/314 776/342/319
f 774/952/853 779/951/852 781/959/855 780/338/315
f 781/959/855 782/336/313 263/335/312 780/338/315
f 718/879/784 716/878/783 781/959/855 779/951/852
f 714/877/782 782/336/313 781/959/855 716/878/783
f 782/336/313 714/877/782 985/876/781 264/333/310
f 773/954/851 722/883/788 718/879/784 779/951/852
f 773/950/851 768/945/846 783/890/792 722/889/788
f 783/890/792 763/940/841 728/897/798 721/885/790
f 766/943/844 521/643/576 524/645/578 784/944/845
f 759/936/837 761/937/838 784/944/845 785/960/856
f 785/960/856 784/944/845 524/645/578 526/649/582
f 526/649/582 787/651/584 786/961/857 785/960/856
f 759/936/837 785/960/856 786/961/857 789/935/836
f 537/664/593 788/666/595 786/961/857 787/651/584
f 786/961/857 788/666/595 790/962/858 789/935/836
f 755/930/831 789/935/836 790/962/858 791/931/832
f 790/962/858 792/963/859 793/964/860 791/931/832
f 540/667/596 792/963/859 790/962/858 788/666/595
f 794/965/861 795/966/862 793/964/860 792/963/859
f 540/667/596 542/669/598 794/965/861 792/963/859
f 796/967/863 797/968/864 795/966/862 794/965/861
f 794/965/861 542/669/598 545/671/600 796/967/863
f 797/968/864 796/967/863 798/969/865 799/970/866
f 545/671/600 800/674/603 798/969/865 796/967/863
f 798/969/865 566/694/617 802/699/622 799/970/866
f 562/693/616 566/694/617 798/969/865 800/674/603
f 562/693/616 800/674/603 546/673/602 557/679/608
f 799/970/866 801/971/867 853/972/868 797/968/864
f 801/971/867 799/970/866 802/699/622 803/973/869
f 802/699/622 565/697/620 805/974/870 803/973/869
f 803/973/869 804/975/871 855/976/872 801/971/867
f 804/975/871 803/973/869 805/974/870 806/977/873
f 805/978/870 807/979/874 808/980/875 806/981/873
f 568/705/621 807/979/874 805/978/870 565/982/620
f 807/979/874 568/705/621 571/704/625 809/983/876
f 809/983/876 810/984/877 808/980/875 807/979/874
f 810/984/877 809/983/876 811/716/636 812/985/878
f 811/716/636 809/983/876 571/704/625 573/708/628
f 814/722/642 812/985/878 811/716/636 579/715/635
f 813/986/879 812/985/878 814/722/642 815/987/880
f 812/985/878 813/986/879 825/988/881 810/984/877
f 816/989/882 815/987/880 814/722/642 583/721/641
f 815/987/880 817/990/883 820/991/884 813/986/879
f 817/990/883 815/987/880 816/989/882 819/992/885
f 820/991/884 817/990/883 818/993/886 821/994/887
f 819/992/885 892/995/888 818/993/886 817/990/883
f 825/988/881 813/986/879 820/991/884 822/996/889
f 824/997/890 822/996/889 820/991/884 821/994/887
f 823/998/891 826/999/892 825/988/881 822/996/889
f 822/996/889 824/997/890 884/1000/893 823/998/891
f 808/980/875 810/984/877 825/988/881 826/999/892
f 827/1001/894 806/977/873 808/1002/875 826/1003/892
f 826/999/892 823/998/891 828/1004/895 827/1005/894
f 806/977/873 827/1001/894 829/1006/896 804/975/871
f 828/1007/895 831/1008/897 829/1006/896 827/1001/894
f 833/1009/898 830/1010/899 829/1006/896 831/1008/897
f 829/1006/896 830/1010/899 855/976/872 804/975/871
f 832/1011/900 831/1008/897 828/1007/895 885/1012/901
f 831/1008/897 832/1011/900 835/1013/902 833/1009/898
f 830/1010/899 833/1009/898 834/1014/903 854/1015/904
f 834/1014/903 833/1009/898 835/1013/902 837/1016/905
f 835/1013/902 832/1011/900 886/1017/906 836/1018/907
f 838/1019/908 837/1016/905 835/1013/902 836/1018/907
f 837/1016/905 838/1019/908 841/1020/909 839/1021/910
f 839/1021/910 840/1022/911 834/1014/903 837/1016/905
f 844/1023/912 840/1022/911 839/1021/910 841/1020/909
f 841/1020/909 842/1024/913 846/925/826 844/1023/912
f 842/1024/913 841/1020/909 843/1025/914 856/1026/915
f 838/1019/908 857/1027/916 843/1025/914 841/1020/909
f 844/1023/912 845/1028/917 847/1029/918 840/1022/911
f 845/1028/917 844/1023/912 846/925/826 750/924/825
f 842/1024/913 975/919/820 746/918/819 846/925/826
f 848/1030/919 850/1031/920 847/1029/918 845/1028/917
f 750/924/825 752/926/827 848/1030/919 845/1028/917
f 754/928/829 849/1032/921 848/1030/919 752/926/827
f 852/1033/922 850/1031/920 848/1030/919 849/1032/921
f 851/1034/923 854/1015/904 847/1029/918 850/1031/920
f 850/1031/920 852/1033/922 853/972/868 851/1034/923
f 852/1033/922 849/1032/921 793/964/860 795/966/862
f 853/972/868 852/1033/922 795/966/862 797/968/864
f 855/976/872 851/1034/923 853/972/868 801/971/867
f 854/1015/904 851/1034/923 855/976/872 830/1010/899
f 847/1029/918 854/1015/904 834/1014/903 840/1022/911
f 793/964/860 849/1032/921 754/928/829 791/931/832
f 858/1035/924 856/1026/915 843/1025/914 857/1027/916
f 858/1035/924 857/1027/916 859/1036/925 861/1037/926
f 857/1027/916 838/1019/908 836/1018/907 859/1036/925
f 863/1038/927 861/1037/926 859/1036/925 860/1039/928
f 859/1036/925 836/1018/907 886/1017/906 860/1039/928
f 863/1038/927 864/1040/929 862/1041/930 861/1037/926
f 861/1037/926 862/1041/930 960/1042/931 858/1035/924
f 864/1040/929 863/1038/927 865/1043/932 868/1044/933
f 863/1038/927 860/1039/928 867/1045/934 865/1043/932
f 867/1046/934 878/1047/935 866/1048/936 865/1049/932
f 868/1044/933 865/1043/932 866/1050/936 870/1051/937
f 868/1052/933 869/1053/938 956/1054/939 864/1055/929
f 869/1053/938 868/1052/933 870/1056/937 871/1057/940
f 866/1048/936 875/1058/941 872/1059/942 870/1056/937
f 871/1057/940 870/1056/937 872/1059/942 874/1060/943
f 876/1061/944 873/1062/945 872/1059/942 875/1058/941
f 872/1059/942 873/1062/945 977/1063/946 874/1060/943
f 875/1058/941 877/1064/947 879/1065/948 876/1061/944
f 877/1064/947 875/1058/941 866/1048/936 878/1047/935
f 878/1047/935 882/1066/949 880/1067/950 877/1064/947
f 879/1065/948 877/1064/947 880/1067/950 881/1068/951
f 821/994/887 881/1068/951 880/1067/950 824/997/890
f 880/1067/950 882/1066/949 884/1000/893 824/997/890
f 882/1066/949 878/1047/935 867/1046/934 883/1069/952
f 883/1070/952 885/1012/901 884/1071/893 882/1072/949
f 884/1000/893 885/1073/901 828/1004/895 823/998/891
f 885/1012/901 883/1070/952 886/1017/906 832/1011/900
f 886/1017/906 883/1070/952 867/1045/934 860/1039/928
f 818/993/886 887/1074/953 881/1068/951 821/994/887
f 887/1074/953 888/1075/954 879/1065/948 881/1068/951
f 889/1076/955 887/1074/953 818/993/886 892/995/888
f 887/1074/953 889/1076/955 890/1077/956 888/1075/954
f 889/1076/955 891/1078/957 982/1079/958 890/1077/956
f 889/1076/955 892/995/888 893/1080/959 891/1078/957
f 892/995/888 819/992/885 894/1081/960 893/1080/959
f 895/1082/961 893/1080/959 894/1081/960 897/1083/962
f 891/1078/957 893/1080/959 895/1082/961 896/1084/963
f 900/1085/964 896/1084/963 895/1082/961 898/1086/965
f 899/1087/966 898/1086/965 895/1082/961 897/1083/962
f 898/1086/965 899/1087/966 904/1088/967 901/1089/968
f 901/1089/968 902/1090/969 900/1085/964 898/1086/965
f 903/1091/970 913/1092/971 902/1090/969 901/1089/968
f 904/1088/967 905/1093/972 903/1091/970 901/1089/968
f 899/1087/966 907/1094/973 906/1095/974 904/1088/967
f 905/1093/972 904/1088/967 906/1095/974 909/846/751
f 906/1095/974 907/1094/973 910/727/647 908/840/745
f 684/841/746 909/846/751 906/1095/974 908/840/745
f 909/846/751 688/847/752 694/854/759 905/1093/972
f 680/835/740 908/840/745 910/727/647 587/728/648
f 911/1096/975 588/725/645 910/727/647 907/1094/973
f 897/1083/962 911/1096/975 907/1094/973 899/1087/966
f 912/1097/976 585/723/643 588/725/645 911/1096/975
f 911/1096/975 897/1083/962 894/1081/960 912/1097/976
f 894/1081/960 819/992/885 816/989/882 912/1097/976
f 585/723/643 912/1097/976 816/989/882 583/721/641
f 694/854/759 914/856/761 903/1091/970 905/1093/972
f 915/1098/977 913/1092/971 903/1091/970 914/856/761
f 914/856/761 695/855/760 916/1099/978 915/1098/977
f 917/1100/979 915/1098/977 916/1099/978 918/1101/980
f 913/1092/971 915/1098/977 917/1100/979 919/1102/981
f 921/1103/982 919/1102/981 917/1100/979 918/1101/980
f 919/1102/981 920/1104/983 902/1090/969 913/1092/971
f 919/1102/981 921/1103/982 922/1105/984 920/1104/983
f 918/1101/980 924/1106/985 923/1107/986 921/1103/982
f 922/1105/984 921/1103/982 923/1107/986 925/1108/987
f 923/1107/986 924/1106/985 929/1109/988 926/1110/989
f 928/1111/990 925/1108/987 923/1107/986 926/1110/989
f 929/1109/988 930/1112/991 927/1113/992 926/1110/989
f 928/1111/990 926/1110/989 927/1113/992 976/1114/993
f 924/1106/985 934/1115/994 931/1116/995 929/1109/988
f 931/1116/995 932/1117/996 930/1112/991 929/1109/988
f 933/1118/997 942/1119/998 932/1117/996 931/1116/995
f 934/1115/994 935/1120/999 933/1118/997 931/1116/995
f 924/1106/985 918/1101/980 916/1099/978 934/1115/994
f 935/1120/999 934/1115/994 916/1099/978 936/1121/1000
f 935/1120/999 936/1121/1000 938/1122/1001 937/1123/1002
f 937/1123/1002 939/1124/1003 933/1118/997 935/1120/999
f 702/863/768 937/1123/1002 938/1122/1001 700/860/765
f 702/863/768 706/865/770 939/1124/1003 937/1123/1002
f 939/1124/1003 706/865/770 709/869/774 940/1125/1004
f 940/1125/1004 942/1119/998 933/1118/997 939/1124/1003
f 942/1119/998 940/1125/1004 941/1126/1005 943/1127/1006
f 941/1126/1005 940/1125/1004 709/869/774 711/872/777
f 943/1127/1006 945/1128/1007 932/1117/996 942/1119/998
f 944/1129/1008 943/1127/1006 941/1126/1005 972/1130/1009
f 945/1128/1007 943/1127/1006 944/1129/1008 946/1131/1010
f 945/1128/1007 946/1131/1010 949/1132/1011 947/1133/1012
f 945/1128/1007 947/1133/1012 930/1112/991 932/1117/996
f 947/1133/1012 948/1134/1013 927/1113/992 930/1112/991
f 948/1134/1013 947/1133/1012 949/1132/1011 951/1135/1014
f 949/1132/1011 946/1131/1010 967/1136/1015 950/1137/1016
f 952/1138/1017 951/1135/1014 949/1132/1011 950/1137/1016
f 951/1135/1014 953/1139/1018 955/1140/1019 948/1134/1013
f 953/1141/1018 951/1142/1014 952/1143/1017 954/1144/1020
f 954/1144/1020 957/1145/1021 956/1146/939 953/1141/1018
f 955/1140/1019 953/1139/1018 956/1054/939 869/1053/938
f 956/1146/939 957/1145/1021 862/1041/930 864/1040/929
f 957/1145/1021 958/1147/1022 960/1042/931 862/1041/930
f 957/1145/1021 954/1144/1020 961/1148/1023 958/1147/1022
f 960/1042/931 958/1147/1022 959/914/815 974/1149/1024
f 959/914/815 958/1147/1022 961/1148/1023 741/910/811
f 961/1148/1023 954/1144/1020 952/1143/1017 962/1150/1025
f 739/909/810 741/910/811 961/1148/1023 962/1150/1025
f 963/1151/1026 962/1150/1025 952/1143/1017 950/1152/1016
f 963/1151/1026 737/907/808 739/909/810 962/1150/1025
f 963/1153/1026 950/1137/1016 967/1136/1015 964/1154/1027
f 963/1151/1026 964/1155/1027 966/908/809 737/907/808
f 965/1156/1028 964/1155/1027 967/1157/1015 968/1158/1029
f 965/1156/1028 736/906/807 966/908/809 964/1155/1027
f 967/1136/1015 946/1131/1010 944/1129/1008 968/1159/1029
f 969/1160/1030 968/1159/1029 944/1129/1008 972/1130/1009
f 968/1159/1029 969/1160/1030 970/1161/1031 965/1162/1028
f 969/1160/1030 971/892/794 724/891/793 970/1161/1031
f 972/1130/1009 973/874/779 971/892/794 969/1160/1030
f 973/874/779 972/1130/1009 941/1126/1005 711/872/777
f 973/874/779 712/873/778 719/881/786 971/892/794
f 736/906/807 965/1156/1028 970/1163/1031 734/903/804
f 734/903/804 970/1163/1031 724/894/793 726/893/795
f 856/1026/915 858/1035/924 960/1042/931 974/1149/1024
f 842/1024/913 856/1026/915 974/1149/1024 975/919/820
f 975/919/820 974/1149/1024 959/914/815 742/913/814
f 871/1057/940 976/1114/993 955/1140/1019 869/1053/938
f 927/1113/992 948/1134/1013 955/1140/1019 976/1114/993
f 976/1114/993 871/1057/940 874/1060/943 928/1111/990
f 697/857/762 700/860/765 938/1122/1001 936/1121/1000
f 697/857/762 936/1121/1000 916/1099/978 695/855/760
f 928/1111/990 874/1060/943 977/1063/946 925/1108/987
f 977/1063/946 978/1164/1032 922/1105/984 925/1108/987
f 979/1165/1033 978/1164/1032 977/1063/946 873/1062/945
f 980/1166/1034 920/1104/983 922/1105/984 978/1164/1032
f 979/1165/1033 981/1167/1035 980/1166/1034 978/1164/1032
f 920/1104/983 980/1166/1034 900/1085/964 902/1090/969
f 981/1167/1035 896/1084/963 900/1085/964 980/1166/1034
f 896/1084/963 981/1167/1035 982/1079/958 891/1078/957
f 979/1165/1033 983/1168/1036 982/1079/958 981/1167/1035
f 888/1075/954 890/1077/956 982/1079/958 983/1168/1036
f 983/1168/1036 876/1061/944 879/1065/948 888/1075/954
f 979/1165/1033 873/1062/945 876/1061/944 983/1168/1036
f 764/898/799 757/933/834 984/923/824 729/899/800
f 731/900/801 729/899/800 984/923/824 744/916/817
f 261/331/308 264/333/310 985/876/781 986/1169/1037
f 705/866/771 986/1169/1037 985/876/781 708/867/772
f 986/1169/1037 705/866/771 703/861/766 987/1170/1038
f 987/1170/1038 258/330/307 261/331/308 986/1169/1037
f 703/861/766 699/858/763 988/1171/1039 987/1170/1038
f 258/330/307 987/1170/1038 988/1171/1039 989/329/306
f 692/851/756 690/850/755 988/1171/1039 699/858/763
f 988/1171/1039 690/850/755 990/849/754 989/329/306
f 259/328/305 989/329/306 990/849/754 991/1172/1040
f 990/849/754 686/844/749 993/843/748 991/1172/1040
f 991/1172/1040 992/1173/1041 256/324/301 259/328/305
f 992/1173/1041 991/1172/1040 993/843/748 994/1174/1042
f 993/843/748 682/837/742 996/839/744 994/1174/1042
f 995/1175/1043 998/1176/1044 992/1173/1041 994/1174/1042
f 995/1175/1043 994/1174/1042 996/839/744 997/1177/1045
f 996/839/744 678/832/737 676/829/734 997/1177/1045
f 662/818/723 995/1175/1043 997/1177/1045 665/819/724
f 665/819/724 997/1177/1045 676/829/734 667/820/725
f 995/1175/1043 662/818/723 232/295/276 998/1176/1044
f 254/325/302 998/1176/1044 232/295/276 234/296/277
f 998/1176/1044 254/325/302 256/324/301 992/1173/1041
f 1003/1178/1046 1000/1179/1047 671/825/730 999/828/733
f 1000/1179/1047 1001/1180/1048 668/822/727 671/825/730
f 1001/1181/1048 1000/1182/1047 1002/1183/1049 1016/1184/1050
f 1003/1185/1046 1004/1186/1051 1002/1183/1049 1000/1182/1047
f 1003/1185/1046 1005/1187/1052 1006/1188/1053 1004/1186/1051
f 1003/1178/1046 999/828/733 1008/1189/1054 1005/1190/1052
f 1007/765/668 617/764/680 1006/1188/1053 1005/1187/1052
f 1008/1189/1054 605/746/666 1007/748/668 1005/1190/1052
f 599/738/658 605/746/666 1008/1189/1054 1009/739/659
f 670/827/732 1009/739/659 1008/1189/1054 999/828/733
f 1004/1186/1051 1006/1188/1053 1010/776/687 1011/1191/1055
f 617/764/680 619/767/681 1010/776/687 1006/1188/1053
f 1013/801/708 1011/1191/1055 1010/776/687 624/777/688
f 1012/1192/1056 1011/1191/1055 1013/801/708 644/800/707
f 1011/1191/1055 1012/1192/1056 1002/1183/1049 1004/1186/1051
f 645/786/695 1013/801/708 624/777/688 626/778/689
f 1014/1193/1057 1016/1184/1050 1002/1183/1049 1012/1192/1056
f 1012/1192/1056 644/800/707 1015/799/706 1014/1193/1057
f 1017/810/717 1014/1193/1057 1015/799/706 643/798/705
f 1014/1193/1057 1017/810/717 656/809/716 1016/1184/1050
f 643/798/705 647/797/704 653/806/713 1017/810/717
f 1001/1181/1048 1016/1184/1050 656/809/716 658/811/718
f 1001/1180/1048 658/813/718 660/812/719 668/822/727
f 209/261/249 222/276/264 652/805/712 206/258/246
f 652/805/712 650/803/710 204/257/245 206/258/246
f 143/188/176 145/190/178 204/257/245 650/803/710
f 1018/54/54 42/53/53 629/60/60 622/773/685
f 621/771/684 34/43/43 37/45/45 1018/54/54
f 1019/44/44 34/43/43 621/771/684 615/758/678
f 30/38/38 1019/44/44 612/760/675 28/36/36
f 1022/37/37 28/36/36 612/760/675 1020/1194/677
f 601/741/661 1021/742/662 1020/757/677 608/750/670
f 1021/742/662 1023/1195/1058 1022/1196/37 1020/757/677
f 1023/1195/1058 1024/1197/1059 27/1198/35 1022/1196/37
f 1023/1195/1058 1021/742/662 596/714/634 577/711/631
f 1023/1195/1058 577/711/631 574/706/626 1024/1197/1059
f 1025/1199/1060 1024/1197/1059 574/706/626 570/700/623
f 27/1198/35 1024/1197/1059 1025/1199/1060 25/1200/32
f 23/1201/30 25/1200/32 1025/1199/1060 560/1202/613
f 563/703/614 560/1202/613 1025/1199/1060 570/700/623
f 523/646/579 517/640/573 1027/639/572 531/655/588
f 1026/656/512 531/655/588 1027/639/572 479/1203/535
f 1027/639/572 516/636/569 481/1204/536 479/1203/535
f 514/634/567 483/1205/538 481/1204/536 516/636/569
f 488/1206/539 483/1205/538 514/634/567 511/633/566
f 1029/609/545 1028/635/568 512/630/563 505/625/558
f 511/633/566 1028/635/568 1030/1207/543 488/1206/539
f 1029/609/545 487/608/542 1030/1207/543 1028/635/568
f 415/515/468 428/1208/486 1031/552/489 412/516/469
f 415/515/468 417/521/474 425/1209/484 428/1208/486
f 6/9/9 410/511/464 403/507/460 1032/10/10
f 1032/10/10 404/505/458 1033/1210/1061 3/5/5
f 1033/1210/1061 404/505/458 401/502/455 1034/1211/1062
f 1035/6/6 3/5/5 1033/1210/1061 1034/1211/1062
f 1035/6/6 1034/1211/1062 401/502/455 1036/1212/1063
f 1039/1213/1064 2/4/4 1035/6/6 1037/1214/1065
f 1037/1214/1065 1035/6/6 1036/1212/1063 1038/1215/1066
f 1038/1215/1066 1042/1216/1067 1040/1217/1068 1037/1214/1065
f 1039/1213/1064 1037/1214/1065 1040/1217/1068 1043/1218/1069
f 1042/1216/1067 1067/1219/1070 1041/1220/1071 1040/1217/1068
f 1043/1218/1069 1040/1217/1068 1041/1220/1071 1045/1221/1072
f 1044/1222/1073 1065/1223/1074 1039/1213/1064 1043/1218/1069
f 1043/1218/1069 1045/1221/1072 1046/1224/1075 1044/1222/1073
f 1047/1225/1076 1048/1226/1077 1046/1224/1075 1045/1221/1072
f 1047/1225/1076 1045/1221/1072 1041/1220/1071 1049/1227/1078
f 1053/1228/1079 1048/1226/1077 1047/1225/1076 1051/1229/1080
f 1047/1225/1076 1049/1227/1078 1066/1230/1081 1050/50/50
f 39/46/46 1051/1229/1080 1047/1225/1076 1050/50/50
f 1053/1228/1079 1051/1229/1080 1052/18/18 1054/1231/1082
f 39/46/46 36/48/48 1052/18/18 1051/1229/1080
f 1053/1228/1079 1054/1231/1082 13/17/17 1055/1232/1083
f 1053/1228/1079 1055/1232/1083 1057/1233/1084 1048/1226/1077
f 1055/1232/1083 1056/1234/1085 1059/1235/1086 1057/1233/1084
f 1055/1232/1083 13/17/17 11/14/14 1056/1234/1085
f 1057/1233/1084 1058/1236/1087 1046/1224/1075 1048/1226/1077
f 1059/1235/1086 1060/1237/1088 1058/1236/1087 1057/1233/1084
f 1059/1235/1086 1061/1238/1089 1062/1239/1090 1060/1237/1088
f 1056/1234/1085 1063/1240/1091 1061/1238/1089 1059/1235/1086
f 1061/1238/1089 1063/1240/1091 1062/1239/1090
f 1063/1240/1091 1056/1234/1085 11/14/14 1062/1239/1090
f 1065/1223/1074 1060/1237/1088 1062/1239/1090 1064/1/1
f 1064/1/1 1062/1239/1090 11/14/14 4/2/2
f 1064/1/1 2/4/4 1039/1213/1064 1065/1223/1074
f 1065/1223/1074 1044/1222/1073 1058/1236/1087 1060/1237/1088
f 1058/1236/1087 1044/1222/1073 1046/1224/1075
f 13/17/17 1054/1231/1082 1052/18/18
f 1159/24/24 14/19/19 1052/18/18 36/48/48
f 40/51/51 1050/50/50 1066/1230/1081 1068/1241/1092
f 1067/1219/1070 1066/1230/1081 1049/1227/1078
s 0
f 1067/1219/1093 1069/1242/1094 1066/1230/1095
f 1069/1242/1096 1068/1241/1097 1066/1230/1094
f 1069/1242/1094 1072/1243/1098 1068/1241/1097
s 1
f 1042/1216/1067 1071/1244/1099 1069/1242/1100 1067/1219/1070
s 0
f 1069/1242/1101 1070/1245/1102 1072/1243/1094
s 1
f 40/51/51 1070/1245/1103 1069/1242/1100 1071/1244/1099
f 40/51/51 1068/1241/1092 1072/1243/1104 1070/1245/1103
f 1042/1216/1067 1038/1215/1066 1073/1246/1105 1071/1244/1099
f 40/51/51 1071/1244/1099 1073/1246/1105 1075/57/57
f 1076/1247/1106 1075/57/57 1073/1246/1105 1074/1248/1107
f 1074/1248/1107 1073/1246/1105 401/502/455 399/501/454
f 1073/1246/1105 1038/1215/1066 1036/1212/1063 401/502/455
f 1075/57/57 1076/1247/1106 50/64/64 44/56/56
f 50/64/64 1076/1247/1106 58/72/72 55/65/65
f 1076/1247/1106 1074/1248/1107 1077/75/75 58/72/72
f 1074/1248/1107 399/501/454 397/498/453 1077/75/75
f 57/74/74 1077/75/75 397/498/453 65/81/81
f 1067/1219/1070 1049/1227/1078 1041/1220/1071
f 370/461/424 364/455/418 391/454/417 1078/468/431
f 376/469/432 1078/468/431 390/1249/449 388/474/437
f 358/446/411 1079/94/94 69/89/89 361/1250/412
f 1079/94/94 358/446/411 81/100/100 77/98/98
f 1079/94/94 77/98/98 75/96/96 73/95/95
f 353/439/408 341/427/396 1081/426/395 1080/444/410
f 1080/444/410 1081/426/395 1083/1251/1108 1082/1252/1109
f 1080/444/410 1082/1252/1109 87/1253/111 85/445/110
f 1084/1254/1110 1082/1252/1109 1083/1251/1108 1085/1255/1111
f 1084/1254/1110 89/118/114 87/1253/111 1082/1252/1109
f 1085/1255/1111 1087/1256/1112 1086/1257/1113 1084/1254/1110
f 1084/1254/1110 1086/1257/1113 92/115/115 89/118/114
f 1088/1258/1114 1089/122/119 92/115/115 1086/1257/1113
f 1087/1256/1112 1091/1259/1115 1088/1258/1114 1086/1257/1113
f 1131/1260/1116 1089/122/119 1088/1258/1114 1090/1261/1117
f 1092/1262/1118 1090/1261/1117 1088/1258/1114 1091/1259/1115
f 1093/1263/1119 1095/1264/1120 1092/1262/1118 1091/1259/1115
f 1087/1256/1112 1094/1265/1121 1093/1263/1119 1091/1259/1115
f 1094/1265/1121 1098/1266/1122 1096/1267/1123 1093/1263/1119
f 1096/1267/1123 1097/1268/1124 1095/1264/1120 1093/1263/1119
f 1102/1269/1125 1097/1268/1124 1096/1267/1123 1099/1270/1126
f 1100/1271/1127 1099/1270/1126 1096/1267/1123 1098/1266/1122
f 167/218/206 1101/217/205 1099/1270/1126 1100/1271/1127
f 1104/1272/1128 1102/1269/1125 1099/1270/1126 1101/217/205
f 1104/1272/1128 1105/1273/1129 1103/1274/1130 1102/1269/1125
f 1097/1268/1124 1102/1269/1125 1103/1274/1130 1114/1275/1131
f 159/208/196 1106/210/198 1105/1273/1129 1104/1272/1128
f 159/208/196 1104/1272/1128 1101/217/205 162/209/197
f 1109/1276/1132 1107/1277/1133 1105/1273/1129 1106/210/198
f 1107/1277/1133 1110/1278/1134 1103/1274/1130 1105/1273/1129
f 1110/1278/1134 1107/1277/1133 1108/1279/1135 1111/1280/1136
f 1109/1276/1132 1137/1281/1137 1108/1279/1135 1107/1277/1133
f 1110/1278/1134 1111/1280/1136 1115/1282/1138 1112/1283/1139
f 1103/1274/1130 1110/1278/1134 1112/1283/1139 1114/1275/1131
f 1133/1284/1140 1114/1275/1131 1112/1283/1139 1113/1285/1141
f 1113/1285/1141 1112/1283/1139 1115/1282/1138 1117/1286/1142
f 1111/1280/1136 1135/1287/1143 1116/1288/1144 1115/1282/1138
f 1117/1286/1142 1115/1282/1138 1116/1288/1144 1118/1289/1145
f 1118/1289/1145 1121/161/149 1119/1290/1146 1117/1286/1142
f 1117/1286/1142 1119/1290/1146 1120/1291/1147 1113/1285/1141
f 1122/1292/1148 1123/1293/1149 1120/1291/1147 1119/1290/1146
f 1121/161/149 122/158/146 1122/1292/1148 1119/1290/1146
f 1125/1294/1150 1123/1293/1149 1122/1292/1148 1124/1295/1151
f 119/155/143 1124/1295/1151 1122/1292/1148 122/158/146
f 1127/1296/1152 1125/1294/1150 1124/1295/1151 1126/1297/1153
f 116/150/140 1126/1297/1153 1124/1295/1151 119/155/143
f 113/142/134 104/136/130 1126/1297/1153 116/150/140
f 102/134/128 1127/1296/1152 1126/1297/1153 104/136/130
f 1127/1296/1152 1128/135/129 1129/1298/1154 1125/1294/1150
f 1127/1296/1152 102/134/128 99/133/127 1128/135/129
f 100/132/126 1131/1260/1116 1129/1298/1154 1128/135/129
f 1125/1294/1150 1129/1298/1154 1130/1299/1155 1123/1293/1149
f 1131/1260/1116 1090/1261/1117 1130/1299/1155 1129/1298/1154
f 93/121/118 1089/122/119 1131/1260/1116 100/132/126
f 1120/1291/1147 1123/1293/1149 1130/1299/1155 1132/1300/1156
f 1130/1299/1155 1090/1261/1117 1092/1262/1118 1132/1300/1156
f 1133/1284/1140 1132/1300/1156 1092/1262/1118 1095/1264/1120
f 1133/1284/1140 1113/1285/1141 1120/1291/1147 1132/1300/1156
f 1114/1275/1131 1133/1284/1140 1095/1264/1120 1097/1268/1124
f 1121/161/149 1118/1289/1145 129/169/157 123/162/150
f 1116/1288/1144 1134/170/158 129/169/157 1118/1289/1145
f 1136/1301/1157 1134/170/158 1116/1288/1144 1135/1287/1143
f 1138/1302/1158 1136/1301/1157 1135/1287/1143 1137/1281/1137
f 1135/1287/1143 1111/1280/1136 1108/1279/1135 1137/1281/1137
f 1138/1302/1158 1137/1281/1137 1109/1276/1132 1140/1303/1159
f 1136/1301/1157 1138/1302/1158 1139/181/169 1142/1304/1160
f 1140/1303/1159 1141/199/187 1139/181/169 1138/1302/1158
f 1141/199/187 1140/1303/1159 160/207/195 153/200/188
f 1140/1303/1159 1109/1276/1132 1106/210/198 160/207/195
f 152/186/174 137/179/167 1139/181/169 1141/199/187
f 130/171/159 1142/1304/1160 1139/181/169 132/172/160
f 1134/170/158 1136/1301/1157 1142/1304/1160 130/171/159
f 167/218/206 1100/1271/1127 1143/1305/1161 169/219/207
f 1098/1266/1122 1145/1306/1162 1143/1305/1161 1100/1271/1127
f 1146/1307/1163 1144/1308/1164 1143/1305/1161 1145/1306/1162
f 1143/1305/1161 1144/1308/1164 171/222/210 169/219/207
f 1148/1309/1165 1146/1307/1163 1145/1306/1162 1147/1310/1166
f 1094/1265/1121 1147/1310/1166 1145/1306/1162 1098/1266/1122
f 1083/1251/1108 1148/1309/1165 1147/1310/1166 1085/1255/1111
f 1087/1256/1112 1085/1255/1111 1147/1310/1166 1094/1265/1121
f 340/424/393 1148/1309/1165 1083/1251/1108 1081/426/395
f 1148/1309/1165 340/424/393 338/422/391 1146/1307/1163
f 1144/1308/1164 1146/1307/1163 338/422/391 336/421/390
f 1144/1308/1164 336/421/390 1150/223/211 171/222/210
f 1149/412/381 328/411/380 333/417/386 345/419/388
f 331/414/383 325/407/376 172/224/212 1150/223/211
f 179/229/217 176/228/216 1151/389/358 308/386/355
f 179/229/217 308/386/355 305/242/230 190/231/219
f 208/259/247 202/254/242 200/253/241 292/374/343
f 292/374/343 290/372/341 212/262/250 208/259/247
f 1152/373/342 214/267/255 212/262/250 290/372/341
f 1152/373/342 1153/294/275 230/268/256 214/267/255
f 1152/373/342 286/367/336 239/303/284 1153/294/275
f 1155/1311/1167 107/145/136 109/146/137 1154/87/87
f 62/78/78 1154/87/87 109/146/137 60/77/77
f 1155/1311/1167 1154/87/87 67/86/86 1157/92/92
f 1155/1311/1167 1156/126/122 95/125/121 107/145/136
f 1157/92/92 1158/107/107 1156/126/122 1155/1311/1167
f 71/91/91 78/99/99 1158/107/107 1157/92/92
f 83/106/106 90/113/113 1156/126/122 1158/107/107
