# Blender 5.2.0 LTS
# www.blender.org
mtllib terrain-abyss-chancel-object-018.mtl
o terrain-abyss-chancel-object-018
v -0.888910 0.637008 0.042945
v -0.883273 0.637901 0.038586
v -0.889303 0.631904 0.042063
v -0.890802 0.639435 0.040476
v -0.898722 0.636945 0.046971
v -0.900255 0.632525 0.047003
v -0.907312 0.640505 0.048209
v -0.898839 0.639684 0.043500
v -0.907174 0.642835 0.043205
v -0.899882 0.639534 0.039269
v -0.892713 0.639802 0.036060
v -0.901115 0.637205 0.038554
v -0.907351 0.641327 0.038627
v -0.913394 0.644218 0.035408
v -0.908476 0.637746 0.038870
v -0.909671 0.635716 0.043644
v -0.915455 0.638331 0.035275
v -0.921821 0.642382 0.032602
v -0.917834 0.636041 0.042410
v -0.924115 0.642096 0.041638
v -0.916279 0.637435 0.049884
v -0.913217 0.643307 0.051438
v -0.921758 0.641865 0.050187
v -0.908913 0.636639 0.047796
v -0.918411 0.642903 0.053891
v -0.920605 0.647642 0.042846
v -0.913517 0.646534 0.043115
v -0.918893 0.646121 0.033583
v -0.900901 0.632788 0.042100
v -0.892734 0.632311 0.036548
v -0.890147 0.632400 0.031410
v -0.892818 0.638348 0.031667
v -0.890885 0.650561 0.025452
v -0.897148 0.632659 0.025496
v -0.902640 0.641968 0.020279
v -0.909747 0.644815 0.013194
v -0.905404 0.633883 0.018340
v -0.901312 0.653812 0.019727
v -0.908363 0.655658 0.014094
v -0.901501 0.668842 0.019943
v -0.894184 0.668157 0.025509
v -0.901464 0.682781 0.020215
v -0.907995 0.669495 0.014431
v -0.908008 0.683133 0.014526
v -0.905392 0.669948 0.006278
v -0.905447 0.656732 0.005671
v -0.905114 0.683245 0.005915
v -0.899328 0.670329 -0.001700
v -0.898033 0.682655 -0.002093
v -0.889930 0.671175 -0.005338
v -0.898876 0.658031 -0.002664
v -0.896927 0.646620 -0.004768
v -0.889019 0.660060 -0.006008
v -0.888344 0.649862 -0.005976
v -0.879779 0.663140 -0.016591
v -0.879949 0.673173 -0.015647
v -0.868306 0.665526 -0.031991
v -0.879365 0.654097 -0.017637
v -0.879095 0.646401 -0.018889
v -0.867941 0.656271 -0.032713
v -0.854745 0.655535 -0.049468
v -0.867237 0.648119 -0.033561
v -0.857144 0.649392 -0.047016
v -0.869603 0.643991 -0.036648
v -0.855556 0.645008 -0.054434
v -0.872676 0.641622 -0.039771
v -0.881710 0.644306 -0.021714
v -0.890923 0.643958 -0.011017
v -0.884632 0.640889 -0.024202
v -0.893416 0.639671 -0.013149
v -0.884617 0.634498 -0.024182
v -0.893292 0.632651 -0.012702
v -0.884408 0.628519 -0.023896
v -0.872662 0.635535 -0.040309
v -0.872041 0.629481 -0.040182
v -0.858310 0.636286 -0.058446
v -0.858385 0.642148 -0.058401
v -0.858032 0.630290 -0.058185
v -0.845974 0.637329 -0.073500
v -0.846359 0.643469 -0.072401
v -0.845481 0.631077 -0.073382
v -0.837777 0.637798 -0.083337
v -0.837556 0.643927 -0.082095
v -0.831706 0.638492 -0.091339
v -0.836929 0.631656 -0.083478
v -0.834616 0.627584 -0.082084
v -0.830336 0.632193 -0.091956
v -0.825092 0.632566 -0.099231
v -0.826797 0.627963 -0.090256
v -0.822247 0.627748 -0.086681
v -0.819609 0.628660 -0.097424
v -0.812783 0.628249 -0.092568
v -0.814815 0.629299 -0.102813
v -0.807053 0.628703 -0.097665
v -0.821554 0.633681 -0.104984
v -0.811069 0.631935 -0.107015
v -0.817750 0.635486 -0.109218
v -0.808147 0.637334 -0.107454
v -0.803475 0.630482 -0.102018
v -0.802221 0.635999 -0.101884
v -0.796444 0.630576 -0.094073
v -0.795844 0.635947 -0.094655
v -0.788730 0.630580 -0.087060
v -0.799363 0.628314 -0.090814
v -0.805993 0.627960 -0.085238
v -0.791908 0.628057 -0.083787
v -0.796720 0.627869 -0.078734
v -0.782645 0.627575 -0.074503
v -0.779263 0.630496 -0.078105
v -0.769462 0.626903 -0.061469
v -0.787326 0.627367 -0.069843
v -0.789170 0.631839 -0.068189
v -0.773977 0.626314 -0.056756
v -0.775785 0.631728 -0.055443
v -0.759153 0.627550 -0.043253
v -0.748590 0.628969 -0.032825
v -0.754596 0.627994 -0.047734
v -0.760998 0.633484 -0.042421
v -0.761369 0.641087 -0.043440
v -0.750574 0.635013 -0.032307
v -0.742664 0.635682 -0.023233
v -0.751111 0.642527 -0.033131
v -0.743111 0.643143 -0.023853
v -0.751576 0.651680 -0.034113
v -0.743171 0.652466 -0.025074
v -0.761684 0.650265 -0.044338
v -0.752083 0.662920 -0.035140
v -0.762182 0.661513 -0.045281
v -0.752846 0.674610 -0.036323
v -0.743478 0.663784 -0.025926
v -0.744264 0.675932 -0.027008
v -0.736108 0.664040 -0.018135
v -0.736680 0.652604 -0.016758
v -0.737191 0.664806 -0.009135
v -0.736687 0.677537 -0.017831
v -0.736701 0.678555 -0.011196
v -0.737529 0.690803 -0.019162
v -0.737254 0.695347 -0.016493
v -0.745151 0.688709 -0.028485
v -0.747290 0.697251 -0.029546
v -0.753845 0.686357 -0.037761
v -0.754820 0.696882 -0.038784
v -0.763872 0.685274 -0.047847
v -0.764863 0.696148 -0.049347
v -0.762893 0.673505 -0.046403
v -0.778069 0.684050 -0.061029
v -0.777073 0.672181 -0.059769
v -0.790843 0.682962 -0.072366
v -0.778879 0.695154 -0.062154
v -0.791296 0.694203 -0.072938
v -0.781062 0.703722 -0.061745
v -0.793073 0.703488 -0.071851
v -0.781602 0.714401 -0.063839
v -0.767112 0.704613 -0.048942
v -0.767264 0.715453 -0.050774
v -0.755995 0.705143 -0.038105
v -0.747610 0.705212 -0.029204
v -0.755271 0.717355 -0.039066
v -0.756228 0.729792 -0.037492
v -0.740958 0.716946 -0.021166
v -0.740822 0.730886 -0.019147
v -0.745306 0.714196 0.004394
v -0.739184 0.704992 -0.009471
v -0.740169 0.693094 -0.003550
v -0.740434 0.703191 -0.020554
v -0.746879 0.702198 0.005688
v -0.746321 0.691700 0.007861
v -0.756193 0.699522 0.021543
v -0.755262 0.711165 0.021943
v -0.769303 0.698116 0.042944
v -0.754717 0.690317 0.022600
v -0.767827 0.689173 0.044250
v -0.755440 0.678460 0.023471
v -0.768331 0.677472 0.044872
v -0.756050 0.666755 0.024375
v -0.747328 0.678948 0.009126
v -0.741612 0.678895 -0.001360
v -0.748657 0.666655 0.011307
v -0.749743 0.656420 0.013402
v -0.742620 0.665950 0.000437
v -0.743623 0.655361 0.002348
v -0.744433 0.645880 0.004216
v -0.738476 0.653879 -0.007158
v -0.739450 0.644549 -0.005756
v -0.739795 0.636901 -0.004738
v -0.738186 0.643600 -0.015367
v -0.737562 0.636210 -0.014868
v -0.735459 0.629075 -0.014083
v -0.739113 0.630615 -0.003620
v -0.728203 0.628934 -0.008307
v -0.740915 0.629693 -0.023642
v -0.728272 0.629370 -0.019886
v -0.721410 0.629321 -0.014251
v -0.735320 0.629403 -0.027482
v -0.722356 0.629945 -0.024927
v -0.720612 0.635573 -0.025187
v -0.730269 0.630570 -0.031693
v -0.714520 0.629894 -0.020588
v -0.716542 0.634987 -0.018774
v -0.718612 0.633722 -0.011804
v -0.715946 0.640422 -0.017685
v -0.714909 0.646463 -0.018153
v -0.719371 0.641073 -0.024165
v -0.717706 0.640072 -0.011214
v -0.721016 0.647179 -0.013138
v -0.723170 0.639300 -0.003009
v -0.729450 0.638606 0.004043
v -0.723720 0.632293 -0.004443
v -0.726970 0.645952 -0.003512
v -0.729741 0.656198 -0.003784
v -0.730462 0.645736 0.004362
v -0.735890 0.643057 0.015610
v -0.735038 0.653913 0.002168
v -0.736775 0.664304 0.001669
v -0.741518 0.650011 0.012444
v -0.742191 0.659233 0.013815
v -0.747383 0.646701 0.027745
v -0.752167 0.646161 0.041530
v -0.743471 0.641596 0.028170
v -0.750299 0.655343 0.028664
v -0.753665 0.652947 0.040229
v -0.751418 0.665404 0.029512
v -0.753944 0.663184 0.040990
v -0.750884 0.676223 0.032306
v -0.741725 0.671692 0.014729
v -0.742651 0.684502 0.015980
v -0.736240 0.677945 0.000792
v -0.730633 0.693617 -0.003074
v -0.730759 0.677083 -0.004227
v -0.725272 0.680988 -0.006627
v -0.730580 0.667394 -0.004109
v -0.724306 0.668410 -0.008436
v -0.723258 0.657243 -0.010329
v -0.719997 0.669103 -0.016741
v -0.720173 0.657870 -0.017624
v -0.719797 0.681890 -0.015736
v -0.729869 0.669388 -0.026637
v -0.730502 0.659097 -0.026904
v -0.742600 0.669073 -0.033315
v -0.728829 0.681428 -0.025988
v -0.726249 0.695188 -0.026017
v -0.742012 0.680637 -0.032852
v -0.739414 0.696375 -0.033843
v -0.755632 0.678698 -0.046499
v -0.755930 0.689599 -0.047014
v -0.755356 0.668692 -0.046069
v -0.771540 0.677224 -0.061648
v -0.771167 0.668061 -0.061145
v -0.771990 0.686443 -0.062320
v -0.786105 0.675691 -0.075272
v -0.786307 0.684579 -0.075388
v -0.786020 0.666915 -0.075158
v -0.796191 0.674448 -0.084083
v -0.795973 0.665796 -0.084190
v -0.796356 0.683320 -0.083983
v -0.804110 0.673414 -0.090877
v -0.804063 0.682610 -0.090404
v -0.804948 0.672846 -0.097733
v -0.803994 0.664747 -0.091163
v -0.805030 0.664004 -0.098102
v -0.803819 0.656170 -0.092354
v -0.795771 0.657426 -0.084183
v -0.802848 0.649353 -0.092923
v -0.804983 0.655895 -0.098318
v -0.809605 0.655118 -0.102078
v -0.804796 0.649069 -0.098605
v -0.809246 0.648328 -0.102037
v -0.802718 0.646053 -0.100169
v -0.798555 0.645732 -0.093738
v -0.801376 0.641887 -0.101246
v -0.807024 0.646125 -0.104530
v -0.812060 0.646299 -0.108111
v -0.806335 0.642697 -0.106605
v -0.809813 0.642837 -0.109954
v -0.813227 0.638843 -0.111170
v -0.818747 0.642452 -0.111205
v -0.820706 0.641697 -0.108165
v -0.823551 0.640718 -0.103683
v -0.814806 0.647365 -0.105296
v -0.814452 0.654083 -0.105381
v -0.821611 0.646198 -0.101313
v -0.819622 0.652945 -0.100937
v -0.826981 0.646048 -0.096583
v -0.827020 0.639730 -0.098226
v -0.831832 0.644619 -0.090053
v -0.823749 0.651834 -0.095058
v -0.828049 0.650783 -0.087940
v -0.823193 0.660860 -0.095542
v -0.827376 0.660582 -0.088546
v -0.819228 0.661624 -0.101371
v -0.823179 0.671247 -0.095641
v -0.819231 0.671488 -0.101423
v -0.823729 0.682589 -0.095061
v -0.827194 0.671466 -0.088795
v -0.827725 0.683012 -0.088620
v -0.831983 0.672214 -0.078327
v -0.832513 0.660957 -0.078546
v -0.833289 0.684143 -0.078745
v -0.840973 0.673246 -0.065307
v -0.842821 0.684484 -0.066034
v -0.840929 0.662170 -0.065234
v -0.854929 0.675431 -0.048695
v -0.854564 0.685207 -0.048817
v -0.868190 0.675417 -0.031403
v -0.854982 0.665248 -0.048841
v -0.868043 0.684817 -0.030965
v -0.868259 0.692282 -0.030529
v -0.880016 0.682989 -0.014587
v -0.880036 0.691426 -0.013834
v -0.890288 0.682176 -0.004275
v -0.892298 0.692233 -0.002601
v -0.894958 0.693945 -0.005122
v -0.885214 0.695219 -0.016880
v -0.905297 0.695023 0.004135
v -0.895021 0.705611 -0.007217
v -0.893777 0.713260 -0.004145
v -0.885749 0.702876 -0.016718
v -0.906133 0.708301 0.001648
v -0.903440 0.717979 0.002497
v -0.911400 0.710954 0.013992
v -0.910933 0.722930 0.012520
v -0.903545 0.710937 0.021838
v -0.911932 0.694095 0.016137
v -0.902148 0.695499 0.021842
v -0.894821 0.695800 0.027835
v -0.889669 0.710498 0.024998
v -0.888021 0.696636 0.033012
v -0.894747 0.682545 0.025903
v -0.884604 0.685153 0.028729
v -0.888326 0.669297 0.022866
v -0.874080 0.683385 0.032034
v -0.869860 0.691201 0.042398
v -0.875081 0.698941 0.045379
v -0.866055 0.681091 0.042612
v -0.855822 0.690860 0.054980
v -0.844539 0.691139 0.063760
v -0.852748 0.679633 0.056299
v -0.862508 0.697344 0.057422
v -0.863732 0.709383 0.057116
v -0.848388 0.696010 0.070081
v -0.835356 0.694929 0.079570
v -0.849094 0.706936 0.071204
v -0.846213 0.717665 0.068241
v -0.834992 0.704891 0.083030
v -0.830090 0.715987 0.079488
v -0.824456 0.702523 0.091687
v -0.815822 0.700347 0.101118
v -0.823988 0.692914 0.088047
v -0.820124 0.713458 0.091296
v -0.813056 0.711889 0.101872
v -0.820164 0.724025 0.094587
v -0.812315 0.722847 0.103051
v -0.826066 0.729489 0.101783
v -0.831249 0.726880 0.083703
v -0.836875 0.729597 0.092444
v -0.847422 0.726920 0.071727
v -0.864639 0.728598 0.060259
v -0.852064 0.729749 0.079320
v -0.868070 0.735443 0.063834
v -0.850921 0.741041 0.079773
v -0.836123 0.739138 0.093311
v -0.848657 0.748003 0.078327
v -0.867827 0.743706 0.063790
v -0.883247 0.744592 0.049180
v -0.865300 0.747974 0.061447
v -0.879686 0.747950 0.046236
v -0.860416 0.747917 0.056801
v -0.855618 0.747827 0.052263
v -0.874433 0.747886 0.041727
v -0.844370 0.747982 0.073913
v -0.839639 0.747959 0.069229
v -0.830031 0.748013 0.088483
v -0.824600 0.748006 0.083705
v -0.818701 0.748076 0.098491
v -0.835190 0.747270 0.093337
v -0.823926 0.746886 0.102865
v -0.815520 0.746351 0.109978
v -0.825409 0.738735 0.102768
v -0.816690 0.738463 0.109864
v -0.817240 0.729048 0.108853
v -0.808876 0.738506 0.116506
v -0.808146 0.746118 0.116586
v -0.802401 0.738616 0.121617
v -0.808918 0.729340 0.115831
v -0.801479 0.730041 0.122294
v -0.803820 0.723208 0.109911
v -0.797081 0.729967 0.117333
v -0.795950 0.721470 0.109071
v -0.805625 0.711400 0.108322
v -0.807455 0.698831 0.108764
v -0.797321 0.711156 0.108971
v -0.789965 0.711124 0.104119
v -0.797371 0.698250 0.110728
v -0.789405 0.697878 0.104898
v -0.798590 0.684852 0.109571
v -0.807069 0.686901 0.105644
v -0.799860 0.673311 0.110739
v -0.791163 0.683382 0.104337
v -0.786413 0.682578 0.095337
v -0.792124 0.671613 0.105361
v -0.787247 0.669919 0.096823
v -0.793074 0.660658 0.106648
v -0.787924 0.658785 0.098553
v -0.793343 0.650616 0.107203
v -0.800730 0.662335 0.111673
v -0.807598 0.663498 0.105481
v -0.800573 0.652574 0.111929
v -0.807566 0.652990 0.105760
v -0.800789 0.646040 0.112866
v -0.791702 0.644620 0.108314
v -0.794794 0.639517 0.114367
v -0.808280 0.644340 0.106524
v -0.804667 0.640415 0.112736
v -0.809804 0.640064 0.107805
v -0.800837 0.636008 0.112989
v -0.796431 0.632088 0.109921
v -0.807360 0.633333 0.108049
v -0.803823 0.628808 0.105403
v -0.815133 0.631924 0.100436
v -0.812759 0.627303 0.098865
v -0.816328 0.638790 0.100192
v -0.825491 0.631934 0.089501
v -0.837913 0.631725 0.077483
v -0.826384 0.638238 0.089337
v -0.824152 0.626740 0.088996
v -0.820349 0.625871 0.085607
v -0.836184 0.626755 0.077066
v -0.849651 0.626578 0.064860
v -0.831967 0.625769 0.073905
v -0.845627 0.625594 0.061162
v -0.827599 0.625698 0.070524
v -0.841297 0.625507 0.057460
v -0.816214 0.625704 0.081795
v -0.825800 0.630104 0.069624
v -0.814562 0.630452 0.080288
v -0.825467 0.636875 0.070124
v -0.839432 0.629809 0.056459
v -0.839007 0.636494 0.057184
v -0.853594 0.629173 0.042612
v -0.855245 0.625428 0.044443
v -0.866513 0.628523 0.029472
v -0.854031 0.635611 0.042653
v -0.867390 0.634452 0.028768
v -0.854295 0.642574 0.042808
v -0.868454 0.641084 0.028351
v -0.838464 0.643825 0.058020
v -0.854535 0.651393 0.043066
v -0.837735 0.652479 0.059020
v -0.854506 0.661702 0.043424
v -0.869300 0.650681 0.028450
v -0.881014 0.651919 0.016083
v -0.869255 0.661712 0.028749
v -0.880554 0.662634 0.017072
v -0.868684 0.675538 0.029657
v -0.854133 0.676137 0.044148
v -0.879360 0.675608 0.018595
v -0.867405 0.693196 0.030543
v -0.852472 0.693862 0.044179
v -0.867084 0.711439 0.032469
v -0.878035 0.693041 0.019583
v -0.877748 0.711068 0.020634
v -0.884047 0.693372 0.008515
v -0.884377 0.710322 0.007528
v -0.879099 0.692859 -0.005779
v -0.887619 0.676285 0.009607
v -0.880499 0.675055 -0.004452
v -0.886791 0.662711 0.006589
v -0.881116 0.661688 -0.004130
v -0.885096 0.651455 0.005331
v -0.881904 0.640179 0.006028
v -0.881231 0.650307 -0.004314
v -0.880021 0.640314 -0.003618
v -0.872668 0.649025 -0.016527
v -0.872391 0.640514 -0.015972
v -0.872366 0.659924 -0.017236
v -0.860884 0.647944 -0.032316
v -0.860961 0.658185 -0.032494
v -0.847345 0.647350 -0.049305
v -0.860529 0.640191 -0.032014
v -0.846886 0.639583 -0.048849
v -0.860279 0.633648 -0.031827
v -0.860146 0.627660 -0.031719
v -0.846787 0.633209 -0.048916
v -0.872132 0.633643 -0.015625
v -0.872048 0.627660 -0.015387
v -0.879469 0.633155 -0.003293
v -0.881172 0.632923 0.006754
v -0.879322 0.627522 -0.002999
v -0.882980 0.625603 -0.004690
v -0.881483 0.627840 0.007380
v -0.886798 0.625634 0.009099
v -0.876592 0.627666 0.017665
v -0.878485 0.625709 0.021210
v -0.877986 0.633304 0.015778
v -0.879677 0.639835 0.014315
v -0.881308 0.625805 0.027672
v -0.867830 0.625491 0.032611
v -0.870950 0.625622 0.037940
v -0.858898 0.625589 0.049043
v -0.873644 0.626993 0.042961
v -0.872829 0.632446 0.044823
v -0.883151 0.627580 0.033412
v -0.861831 0.626525 0.053993
v -0.861483 0.631676 0.055760
v -0.860763 0.637337 0.057517
v -0.850932 0.631533 0.065562
v -0.851965 0.637214 0.065678
v -0.839235 0.637590 0.077360
v -0.852812 0.642358 0.065213
v -0.850010 0.644883 0.060118
v -0.859272 0.642584 0.059206
v -0.840126 0.643103 0.076620
v -0.837561 0.646563 0.072662
v -0.826076 0.644163 0.087837
v -0.815208 0.645032 0.097389
v -0.821659 0.643810 0.082327
v -0.811795 0.644663 0.091875
v -0.821902 0.655131 0.081906
v -0.813978 0.654849 0.089735
v -0.821965 0.666297 0.081676
v -0.837034 0.656575 0.070997
v -0.846851 0.656671 0.059679
v -0.836567 0.667390 0.071179
v -0.836059 0.679129 0.071376
v -0.848729 0.668373 0.060275
v -0.844725 0.680128 0.061239
v -0.853234 0.667948 0.055878
v -0.849372 0.656581 0.060196
v -0.852916 0.656592 0.056775
v -0.852529 0.644800 0.057801
v -0.863767 0.655427 0.042817
v -0.865056 0.667666 0.042364
v -0.863803 0.644471 0.042857
v -0.877141 0.655741 0.028747
v -0.884775 0.654511 0.021121
v -0.876830 0.669182 0.029078
v -0.876961 0.646239 0.029093
v -0.886906 0.644736 0.019347
v -0.882789 0.642288 0.037725
v -0.871015 0.642231 0.047516
v -0.887930 0.644824 0.029828
v -0.872146 0.637836 0.046369
v -0.821542 0.677981 0.081577
v -0.835191 0.690366 0.071114
v -0.820883 0.688884 0.081670
v -0.814251 0.688691 0.087933
v -0.813960 0.677487 0.088849
v -0.815199 0.689563 0.095846
v -0.814319 0.676450 0.098078
v -0.807559 0.674667 0.105261
v -0.814042 0.664730 0.098866
v -0.814173 0.665641 0.089161
v -0.814251 0.654287 0.099085
v -0.884552 0.633406 0.037065
v -0.891337 0.627398 0.027279
v -0.890531 0.626001 0.019725
v -0.899529 0.626890 0.021280
v -0.898370 0.626057 0.013265
v -0.906994 0.626965 0.015695
v -0.913525 0.628359 0.012103
v -0.904247 0.626138 0.007955
v -0.908159 0.629112 0.004139
v -0.899013 0.625920 -0.001122
v -0.892219 0.626733 -0.011464
v -0.901325 0.630205 -0.004070
v -0.894145 0.625780 0.003579
v -0.888283 0.625886 -0.008031
v -0.880694 0.626015 -0.021028
v -0.875511 0.625601 -0.017496
v -0.868811 0.626314 -0.038010
v -0.855384 0.626609 -0.056052
v -0.863637 0.625932 -0.034251
v -0.850425 0.626222 -0.052150
v -0.839080 0.626839 -0.067543
v -0.846712 0.627414 -0.049110
v -0.835214 0.626986 -0.064100
v -0.834596 0.632619 -0.063144
v -0.826422 0.627274 -0.074964
v -0.830442 0.627334 -0.078525
v -0.825367 0.632197 -0.073585
v -0.817917 0.627522 -0.082281
v -0.817474 0.632119 -0.081922
v -0.806676 0.632365 -0.083145
v -0.817438 0.638572 -0.082297
v -0.818823 0.645309 -0.084024
v -0.825373 0.638752 -0.073511
v -0.807600 0.638422 -0.083630
v -0.807958 0.645562 -0.086467
v -0.798985 0.638610 -0.077725
v -0.798823 0.632168 -0.077022
v -0.799374 0.646333 -0.079074
v -0.788954 0.639122 -0.068980
v -0.789238 0.647092 -0.070100
v -0.775382 0.639439 -0.056452
v -0.775339 0.648519 -0.057427
v -0.776026 0.659539 -0.058440
v -0.789776 0.658117 -0.071105
v -0.790345 0.670951 -0.071754
v -0.800525 0.657522 -0.080368
v -0.809794 0.657052 -0.087559
v -0.801607 0.670308 -0.081085
v -0.811123 0.670029 -0.088135
v -0.802242 0.682330 -0.081524
v -0.811991 0.682492 -0.088543
v -0.802594 0.693594 -0.081236
v -0.813916 0.692991 -0.088087
v -0.803627 0.704106 -0.079575
v -0.813447 0.705311 -0.083913
v -0.804301 0.714078 -0.081070
v -0.806777 0.723681 -0.082057
v -0.813293 0.713779 -0.085183
v -0.793934 0.714239 -0.073683
v -0.796871 0.725081 -0.074583
v -0.801045 0.732537 -0.075886
v -0.784118 0.725967 -0.063695
v -0.785237 0.733734 -0.063894
v -0.769438 0.727340 -0.050522
v -0.769521 0.735278 -0.050450
v -0.755246 0.737877 -0.036780
v -0.772013 0.739122 -0.046853
v -0.789625 0.737718 -0.060805
v -0.773317 0.743064 -0.043918
v -0.756535 0.740426 -0.033467
v -0.758368 0.743964 -0.029706
v -0.744622 0.742205 -0.014962
v -0.746245 0.743770 -0.013406
v -0.740178 0.740589 -0.018010
v -0.748406 0.742595 0.001041
v -0.750890 0.745285 -0.000249
v -0.745111 0.741664 0.003089
v -0.759299 0.743378 0.016925
v -0.755362 0.741815 0.020132
v -0.772322 0.742970 0.035667
v -0.760166 0.746849 0.015580
v -0.772794 0.747364 0.033814
v -0.756311 0.747732 0.017430
v -0.768145 0.747847 0.035862
v -0.748824 0.747866 0.000710
v -0.750576 0.747946 0.020194
v -0.762722 0.747975 0.038458
v -0.741474 0.748024 0.003537
v -0.744937 0.748030 0.022826
v -0.757256 0.748017 0.041000
v -0.734584 0.748108 0.006370
v -0.739350 0.748073 0.025439
v -0.728327 0.748122 0.008736
v -0.736213 0.744221 0.026512
v -0.751490 0.747971 0.043612
v -0.764665 0.748006 0.062321
v -0.747570 0.745043 0.044963
v -0.746965 0.737952 0.044294
v -0.760289 0.746000 0.064763
v -0.759952 0.738648 0.064394
v -0.772824 0.746074 0.082071
v -0.777108 0.747871 0.078584
v -0.772547 0.738820 0.082645
v -0.781465 0.746136 0.094349
v -0.781213 0.738620 0.094888
v -0.787921 0.745993 0.103333
v -0.786535 0.747875 0.090512
v -0.792503 0.747890 0.086070
v -0.793282 0.747884 0.099336
v -0.799760 0.747934 0.094316
v -0.798781 0.747894 0.106282
v -0.805432 0.747980 0.100501
v -0.793088 0.745852 0.110573
v -0.803625 0.747955 0.112339
v -0.796906 0.746004 0.117300
v -0.810899 0.748036 0.105893
v -0.802289 0.745223 0.121523
v -0.797226 0.738632 0.117685
v -0.792806 0.738385 0.111243
v -0.787547 0.738415 0.103811
v -0.792920 0.729445 0.111282
v -0.787742 0.729681 0.104031
v -0.781372 0.730071 0.095134
v -0.790029 0.721316 0.103304
v -0.785577 0.721901 0.093606
v -0.785432 0.710924 0.094470
v -0.779238 0.721265 0.078119
v -0.772230 0.730730 0.082390
v -0.767065 0.719635 0.058634
v -0.779633 0.708207 0.080215
v -0.766501 0.701785 0.061621
v -0.778782 0.695309 0.083129
v -0.786020 0.681991 0.083493
v -0.769709 0.690684 0.064830
v -0.784603 0.697164 0.095773
v -0.759590 0.683504 0.050312
v -0.776521 0.679925 0.071062
v -0.767417 0.682804 0.055035
v -0.782070 0.666796 0.078550
v -0.785432 0.655708 0.084674
v -0.775327 0.664535 0.065564
v -0.789040 0.668924 0.087479
v -0.788668 0.657376 0.092369
v -0.786996 0.645919 0.092990
v -0.786957 0.647428 0.087398
v -0.778036 0.645025 0.081560
v -0.788392 0.648438 0.100478
v -0.783216 0.640158 0.094165
v -0.786460 0.642009 0.102804
v -0.776223 0.639768 0.082713
v -0.783797 0.633521 0.094176
v -0.776625 0.632703 0.082421
v -0.787538 0.628076 0.092867
v -0.788131 0.634895 0.103368
v -0.792439 0.628191 0.102863
v -0.791995 0.637912 0.110199
v -0.799922 0.626439 0.098862
v -0.808981 0.626052 0.094074
v -0.795212 0.626201 0.088921
v -0.784791 0.626483 0.077158
v -0.795000 0.630817 0.086464
v -0.805969 0.626135 0.088754
v -0.804994 0.630873 0.087855
v -0.803861 0.636418 0.088053
v -0.793868 0.636510 0.085073
v -0.802632 0.643200 0.089039
v -0.814379 0.636726 0.080348
v -0.814080 0.643594 0.080785
v -0.814053 0.652331 0.081126
v -0.825092 0.644088 0.070644
v -0.824556 0.652967 0.071400
v -0.823897 0.663850 0.072242
v -0.836855 0.663212 0.060188
v -0.813857 0.663614 0.081485
v -0.823075 0.677561 0.073112
v -0.820918 0.693931 0.072640
v -0.813349 0.677390 0.081822
v -0.835943 0.677672 0.061374
v -0.834171 0.693970 0.060982
v -0.834829 0.712619 0.062863
v -0.820951 0.711333 0.074583
v -0.852496 0.712270 0.046898
v -0.833602 0.726866 0.063355
v -0.819744 0.726656 0.075314
v -0.851355 0.726033 0.047624
v -0.832888 0.736120 0.062880
v -0.850108 0.734718 0.047487
v -0.831561 0.741736 0.062079
v -0.818350 0.737138 0.075494
v -0.807658 0.739058 0.084629
v -0.814841 0.742373 0.074941
v -0.809242 0.745328 0.074932
v -0.803347 0.742739 0.080527
v -0.798832 0.742996 0.075239
v -0.796229 0.742342 0.082738
v -0.796166 0.726321 0.084838
v -0.799467 0.742154 0.086941
v -0.792143 0.742403 0.076879
v -0.786441 0.742244 0.067935
v -0.791577 0.725788 0.078017
v -0.792759 0.711599 0.080691
v -0.785606 0.724682 0.069298
v -0.778030 0.723399 0.058032
v -0.786036 0.710582 0.070538
v -0.778389 0.709844 0.059059
v -0.787511 0.697929 0.071846
v -0.787473 0.688836 0.073739
v -0.797472 0.697694 0.084483
v -0.779713 0.697943 0.059408
v -0.779023 0.688822 0.061359
v -0.779874 0.676501 0.062734
v -0.787295 0.676023 0.073881
v -0.779925 0.664407 0.063029
v -0.768623 0.665894 0.045456
v -0.787152 0.663306 0.073999
v -0.779648 0.654435 0.062862
v -0.786992 0.652949 0.074087
v -0.779125 0.645695 0.062491
v -0.768816 0.656165 0.046070
v -0.757188 0.657082 0.026573
v -0.768859 0.647628 0.046492
v -0.758106 0.648302 0.028612
v -0.768752 0.640206 0.046882
v -0.778620 0.638505 0.062299
v -0.768392 0.632880 0.047167
v -0.758545 0.640613 0.030186
v -0.751196 0.639656 0.016985
v -0.758450 0.633308 0.031676
v -0.756170 0.628078 0.034254
v -0.751029 0.632450 0.018511
v -0.748022 0.628252 0.021408
v -0.744814 0.631415 0.006718
v -0.740889 0.628567 0.009823
v -0.744909 0.638211 0.005546
v -0.736552 0.630668 0.013462
v -0.734494 0.628655 -0.000576
v -0.729985 0.631638 0.002766
v -0.736083 0.637034 0.014828
v -0.743468 0.629704 0.025338
v -0.751976 0.628688 0.038071
v -0.743367 0.635531 0.026954
v -0.751219 0.634157 0.040165
v -0.751180 0.640419 0.041380
v -0.759481 0.633433 0.054061
v -0.760944 0.628341 0.052298
v -0.759574 0.639470 0.055033
v -0.768347 0.632999 0.068551
v -0.768209 0.639642 0.069352
v -0.770468 0.627637 0.067452
v -0.775530 0.627006 0.064035
v -0.779523 0.627222 0.080725
v -0.778145 0.631571 0.062284
v -0.765675 0.628084 0.048962
v -0.786533 0.630532 0.075127
v -0.786782 0.637149 0.074891
v -0.787013 0.644004 0.074610
v -0.793386 0.642993 0.083799
v -0.792796 0.651537 0.083002
v -0.792865 0.662690 0.082760
v -0.797038 0.649757 0.089930
v -0.797342 0.662298 0.090226
v -0.800855 0.651293 0.093264
v -0.801607 0.662601 0.093001
v -0.805323 0.650766 0.088813
v -0.806748 0.663016 0.088189
v -0.807419 0.677275 0.087447
v -0.806288 0.691424 0.087056
v -0.802671 0.676815 0.092267
v -0.797822 0.676480 0.091074
v -0.803547 0.689602 0.090843
v -0.798993 0.689397 0.093728
v -0.794249 0.688521 0.083691
v -0.793143 0.676143 0.082698
v -0.811422 0.693903 0.080994
v -0.801194 0.701940 0.086472
v -0.796495 0.711027 0.086194
v -0.807524 0.708081 0.084739
v -0.808397 0.725567 0.084179
v -0.801709 0.711512 0.091179
v -0.800841 0.726484 0.088469
v -0.770374 0.645138 0.069528
v -0.761179 0.646665 0.054674
v -0.777094 0.644262 0.067533
v -0.768433 0.644355 0.054943
v -0.782710 0.644649 0.078297
v -0.776591 0.651888 0.067339
v -0.771302 0.663297 0.059281
v -0.768149 0.652235 0.054522
v -0.779869 0.652728 0.073036
v -0.766697 0.661325 0.052230
v -0.761473 0.649882 0.044179
v -0.761291 0.663021 0.044637
v -0.764017 0.673435 0.048503
v -0.754784 0.673309 0.043955
v -0.750702 0.647400 0.015489
v -0.768154 0.709656 0.043086
v -0.767758 0.722768 0.042195
v -0.767691 0.741858 0.039829
v -0.755149 0.723791 0.021486
v -0.745100 0.726527 0.003901
v -0.778633 0.741877 0.056391
v -0.782834 0.742860 0.052661
v -0.784883 0.746133 0.050192
v -0.791066 0.743061 0.065197
v -0.794690 0.745914 0.063706
v -0.792387 0.746998 0.066402
v -0.787208 0.747739 0.070559
v -0.808794 0.745327 0.075097
v -0.780529 0.747801 0.052712
v -0.775246 0.747928 0.055927
v -0.770161 0.747976 0.059041
v -0.782359 0.747858 0.074431
v -0.798683 0.747877 0.081432
v -0.818155 0.747999 0.079657
v -0.829374 0.747942 0.060377
v -0.846968 0.746053 0.043950
v -0.834853 0.747949 0.065000
v -0.828322 0.744476 0.059339
v -0.846779 0.742273 0.044308
v -0.849644 0.740032 0.047554
v -0.861706 0.741390 0.031293
v -0.864669 0.738859 0.033666
v -0.860136 0.745052 0.029874
v -0.872127 0.741223 0.019965
v -0.876491 0.740620 0.007640
v -0.875544 0.738028 0.021524
v -0.869416 0.743789 0.018651
v -0.873990 0.742679 0.008277
v -0.872189 0.746697 0.021433
v -0.877334 0.746110 0.008695
v -0.877977 0.747597 0.025897
v -0.864302 0.747052 0.033228
v -0.851204 0.747588 0.047894
v -0.869221 0.747687 0.037336
v -0.883964 0.747840 0.030382
v -0.884909 0.747485 0.016335
v -0.892018 0.747384 0.008782
v -0.891305 0.747836 0.021582
v -0.897786 0.747914 0.026481
v -0.898465 0.747721 0.014471
v -0.904229 0.746417 0.009019
v -0.904408 0.747880 0.019307
v -0.909970 0.745992 0.013275
v -0.907162 0.743359 0.021986
v -0.911600 0.741305 0.014964
v -0.907200 0.736461 0.022382
v -0.901419 0.744540 0.029423
v -0.893659 0.745027 0.038154
v -0.901504 0.737291 0.029804
v -0.894441 0.737730 0.037993
v -0.901390 0.730155 0.029982
v -0.907321 0.730133 0.022767
v -0.895463 0.730125 0.037031
v -0.897392 0.725608 0.027537
v -0.892416 0.728316 0.031456
v -0.904729 0.724449 0.021172
v -0.884927 0.709600 0.026899
v -0.875272 0.725025 0.039342
v -0.882642 0.730039 0.047656
v -0.875642 0.711854 0.042225
v -0.860016 0.720785 0.054698
v -0.883753 0.737515 0.049202
v -0.912226 0.730001 0.016516
v -0.911661 0.735525 0.015911
v -0.915487 0.729321 0.011962
v -0.912181 0.728203 0.007057
v -0.914980 0.734344 0.010422
v -0.913204 0.733149 0.003944
v -0.915706 0.740135 0.009637
v -0.912119 0.739004 0.003357
v -0.916461 0.745843 0.008428
v -0.909234 0.743524 0.004721
v -0.902765 0.743886 -0.000912
v -0.897523 0.746876 0.003449
v -0.895948 0.744489 -0.008078
v -0.905611 0.738357 -0.002964
v -0.899111 0.738685 -0.010919
v -0.906382 0.732027 -0.002990
v -0.904647 0.726571 -0.000434
v -0.898076 0.731622 -0.011199
v -0.890096 0.730700 -0.019804
v -0.893318 0.725214 -0.008884
v -0.885413 0.726696 -0.016282
v -0.874712 0.725561 -0.031567
v -0.881016 0.720033 -0.013577
v -0.878649 0.714194 -0.017088
v -0.870317 0.721861 -0.029006
v -0.870069 0.714762 -0.028967
v -0.858564 0.722486 -0.046456
v -0.857946 0.716528 -0.046751
v -0.848931 0.722723 -0.063350
v -0.864130 0.724864 -0.049250
v -0.854171 0.722805 -0.066217
v -0.868878 0.729484 -0.051856
v -0.858106 0.728048 -0.068439
v -0.870087 0.737154 -0.052475
v -0.880038 0.729875 -0.034504
v -0.881154 0.737568 -0.034649
v -0.878175 0.742797 -0.032378
v -0.890581 0.737969 -0.020064
v -0.887823 0.743621 -0.017777
v -0.882625 0.744863 -0.013770
v -0.872672 0.743773 -0.028411
v -0.877168 0.745116 -0.009775
v -0.890689 0.746633 -0.003584
v -0.884836 0.746477 0.001714
v -0.867346 0.744010 -0.024521
v -0.871178 0.744141 -0.005768
v -0.868547 0.741344 -0.003907
v -0.861906 0.743368 -0.020485
v -0.850739 0.742201 -0.036482
v -0.858827 0.740315 -0.017841
v -0.863299 0.738178 -0.020475
v -0.847323 0.739781 -0.033063
v -0.835886 0.738640 -0.048061
v -0.851945 0.737114 -0.035620
v -0.840777 0.735915 -0.050342
v -0.855061 0.733192 -0.036743
v -0.843860 0.731639 -0.051388
v -0.856798 0.725997 -0.036548
v -0.865924 0.734681 -0.021634
v -0.875631 0.735676 -0.007227
v -0.867084 0.727247 -0.021583
v -0.876201 0.728333 -0.007161
v -0.868133 0.717860 -0.021271
v -0.858152 0.715824 -0.035914
v -0.868462 0.705986 -0.020155
v -0.877228 0.720148 -0.007198
v -0.878018 0.708527 -0.006573
v -0.883663 0.722304 0.007400
v -0.881782 0.730130 0.007084
v -0.876917 0.723154 0.021344
v -0.866036 0.724401 0.033280
v -0.875805 0.731571 0.021445
v -0.865098 0.733138 0.033460
v -0.882123 0.736463 0.007226
v -0.858318 0.703002 -0.034181
v -0.870441 0.691093 -0.019464
v -0.860117 0.688669 -0.033953
v -0.871437 0.673714 -0.018086
v -0.860695 0.672302 -0.032929
v -0.847511 0.670789 -0.049621
v -0.847664 0.685705 -0.050009
v -0.847415 0.657296 -0.049480
v -0.835614 0.669869 -0.063726
v -0.836030 0.683624 -0.063518
v -0.827041 0.669655 -0.073972
v -0.835428 0.657257 -0.063762
v -0.826545 0.657171 -0.074506
v -0.835359 0.646703 -0.063572
v -0.826329 0.645918 -0.074616
v -0.834674 0.639094 -0.062931
v -0.818882 0.656925 -0.084082
v -0.819404 0.669724 -0.083436
v -0.820364 0.682604 -0.082134
v -0.821287 0.694336 -0.079604
v -0.827724 0.682718 -0.073112
v -0.827259 0.695545 -0.071635
v -0.827817 0.708498 -0.072585
v -0.835474 0.697171 -0.062376
v -0.835915 0.710969 -0.063432
v -0.846594 0.699725 -0.049576
v -0.846895 0.713541 -0.050582
v -0.845787 0.724371 -0.051336
v -0.834991 0.722163 -0.064118
v -0.832898 0.730458 -0.063849
v -0.826830 0.719400 -0.073801
v -0.824013 0.727492 -0.073968
v -0.820699 0.716255 -0.080959
v -0.818518 0.724447 -0.081402
v -0.820924 0.706591 -0.079372
v -0.812172 0.729430 -0.079527
v -0.814508 0.721542 -0.088336
v -0.819881 0.734807 -0.073959
v -0.810567 0.737228 -0.072157
v -0.830118 0.735313 -0.063310
v -0.825158 0.737669 -0.061260
v -0.829102 0.740897 -0.065305
v -0.819271 0.741641 -0.075583
v -0.834786 0.741707 -0.070310
v -0.839314 0.741359 -0.051926
v -0.844711 0.742005 -0.056827
v -0.850238 0.741820 -0.061556
v -0.855990 0.742817 -0.041015
v -0.861417 0.742741 -0.045484
v -0.867189 0.742188 -0.050129
v -0.856004 0.741153 -0.066477
v -0.846631 0.739982 -0.080272
v -0.858810 0.735794 -0.068812
v -0.849712 0.734458 -0.082415
v -0.849183 0.726728 -0.081737
v -0.841839 0.733555 -0.093642
v -0.841475 0.725745 -0.093382
v -0.835853 0.733028 -0.102785
v -0.838985 0.739512 -0.091754
v -0.833286 0.738991 -0.101233
v -0.832515 0.741148 -0.087006
v -0.826831 0.741313 -0.096879
v -0.826155 0.742978 -0.081192
v -0.840595 0.741025 -0.075397
v -0.820148 0.744331 -0.091027
v -0.814539 0.743229 -0.100104
v -0.812354 0.743077 -0.083080
v -0.804203 0.739964 -0.073334
v -0.806937 0.743464 -0.091055
v -0.801945 0.741819 -0.097404
v -0.797776 0.741523 -0.080045
v -0.783451 0.743155 -0.064250
v -0.792181 0.741385 -0.086461
v -0.777028 0.743283 -0.070214
v -0.786924 0.740387 -0.092382
v -0.770790 0.742814 -0.076054
v -0.784027 0.735694 -0.094569
v -0.797289 0.739792 -0.102292
v -0.805334 0.738674 -0.110371
v -0.795052 0.734287 -0.104244
v -0.795157 0.727054 -0.103104
v -0.803758 0.733296 -0.111545
v -0.811630 0.732605 -0.117752
v -0.804386 0.726493 -0.110273
v -0.812100 0.726073 -0.115727
v -0.805573 0.720673 -0.108540
v -0.809249 0.718911 -0.103761
v -0.812773 0.719928 -0.113916
v -0.796402 0.720887 -0.100862
v -0.800137 0.718411 -0.097036
v -0.784375 0.722860 -0.089987
v -0.789095 0.721871 -0.084936
v -0.768153 0.724763 -0.074446
v -0.783360 0.728427 -0.093071
v -0.766043 0.730710 -0.078338
v -0.748335 0.734510 -0.061983
v -0.766482 0.738174 -0.079444
v -0.749539 0.742000 -0.062158
v -0.734668 0.744712 -0.048165
v -0.754317 0.744842 -0.058146
v -0.740394 0.746489 -0.043602
v -0.760872 0.744992 -0.052659
v -0.747464 0.746364 -0.037894
v -0.767568 0.744582 -0.047568
v -0.754861 0.745599 -0.032248
v -0.745915 0.746501 -0.015441
v -0.736428 0.747605 -0.025692
v -0.734000 0.748049 -0.009814
v -0.724138 0.747857 -0.018909
v -0.724985 0.748030 -0.006313
v -0.718185 0.746409 -0.004008
v -0.715001 0.747847 -0.016467
v -0.712657 0.745099 -0.027908
v -0.711374 0.743698 -0.015617
v -0.710675 0.738960 -0.017545
v -0.714226 0.740985 -0.029300
v -0.723348 0.739599 -0.038551
v -0.715232 0.736292 -0.029609
v -0.723240 0.733633 -0.037792
v -0.716228 0.731834 -0.028845
v -0.720000 0.724002 -0.023998
v -0.709559 0.734999 -0.019234
v -0.725311 0.729047 -0.034940
v -0.729377 0.724921 -0.030721
v -0.737307 0.728390 -0.042391
v -0.754399 0.726819 -0.053694
v -0.733645 0.731014 -0.047804
v -0.741752 0.727501 -0.035027
v -0.742404 0.717786 -0.034996
v -0.757185 0.723878 -0.049728
v -0.756728 0.716682 -0.049252
v -0.774562 0.721180 -0.065734
v -0.772826 0.724625 -0.068760
v -0.791205 0.716700 -0.080422
v -0.773564 0.713930 -0.065310
v -0.788962 0.710674 -0.078535
v -0.770270 0.707376 -0.067882
v -0.784170 0.704694 -0.081644
v -0.754801 0.709926 -0.051034
v -0.768550 0.700128 -0.068281
v -0.772218 0.694474 -0.063195
v -0.783276 0.697246 -0.081251
v -0.752214 0.702853 -0.053066
v -0.739757 0.706846 -0.040445
v -0.754828 0.696466 -0.048971
v -0.742333 0.696718 -0.038645
v -0.743751 0.710901 -0.039190
v -0.734722 0.712476 -0.033603
v -0.723441 0.708987 -0.025268
v -0.719601 0.707159 -0.013504
v -0.728529 0.703014 0.001693
v -0.720261 0.719847 -0.011390
v -0.714912 0.697827 -0.016634
v -0.716553 0.731022 -0.006784
v -0.732483 0.718034 0.002013
v -0.743859 0.719126 0.020360
v -0.725559 0.730241 0.008236
v -0.735533 0.730270 0.025576
v -0.725515 0.736697 0.008888
v -0.725890 0.743295 0.009443
v -0.735731 0.737309 0.026031
v -0.716869 0.736006 -0.005926
v -0.717296 0.741518 -0.005129
v -0.746639 0.730322 0.043607
v -0.752256 0.717210 0.038139
v -0.759867 0.730399 0.063984
v -0.752243 0.692198 0.039090
v -0.741013 0.697338 0.019243
v -0.708045 0.731315 -0.022073
v -0.786660 0.692588 -0.076073
v -0.794293 0.695203 -0.089598
v -0.796075 0.702255 -0.091981
v -0.796736 0.691587 -0.084407
v -0.802327 0.692530 -0.095271
v -0.804293 0.682609 -0.096950
v -0.802516 0.702171 -0.097608
v -0.809191 0.693026 -0.101128
v -0.803100 0.691237 -0.089707
v -0.809066 0.702760 -0.102970
v -0.809346 0.682668 -0.101208
v -0.815319 0.694035 -0.104380
v -0.814853 0.682726 -0.105021
v -0.821005 0.694502 -0.100586
v -0.815507 0.703291 -0.104260
v -0.816207 0.711508 -0.105196
v -0.821695 0.704261 -0.101033
v -0.826731 0.705452 -0.095200
v -0.821577 0.712490 -0.101460
v -0.821397 0.718460 -0.101790
v -0.826368 0.713090 -0.094655
v -0.830818 0.714429 -0.086196
v -0.826159 0.718874 -0.094629
v -0.831982 0.720198 -0.099393
v -0.831535 0.720893 -0.085810
v -0.838203 0.720737 -0.090761
v -0.840207 0.721873 -0.075722
v -0.829282 0.721366 -0.080619
v -0.835552 0.719879 -0.072413
v -0.828873 0.714364 -0.081499
v -0.835169 0.713404 -0.072967
v -0.829402 0.707442 -0.081159
v -0.831957 0.706190 -0.085994
v -0.836316 0.707276 -0.074893
v -0.838402 0.703337 -0.079136
v -0.846507 0.706850 -0.065302
v -0.848498 0.700655 -0.069158
v -0.861083 0.705440 -0.051151
v -0.844847 0.711802 -0.062240
v -0.845291 0.718622 -0.061435
v -0.857599 0.710081 -0.047473
v -0.871124 0.707541 -0.030078
v -0.874630 0.702795 -0.033315
v -0.883168 0.707484 -0.014743
v -0.874254 0.696221 -0.033958
v -0.861479 0.698216 -0.052594
v -0.857424 0.693311 -0.050892
v -0.846280 0.692909 -0.068644
v -0.836469 0.694727 -0.080338
v -0.830402 0.695141 -0.088430
v -0.825647 0.694914 -0.095009
v -0.846199 0.721791 -0.079758
v -0.835493 0.725271 -0.102374
v -0.827170 0.719853 -0.107259
v -0.823070 0.719540 -0.114018
v -0.830294 0.725373 -0.110559
v -0.830668 0.732764 -0.111245
v -0.824606 0.725585 -0.116685
v -0.819023 0.725908 -0.118767
v -0.825367 0.732017 -0.118763
v -0.823923 0.737688 -0.118493
v -0.819809 0.730746 -0.122287
v -0.819679 0.734848 -0.125446
v -0.812692 0.737656 -0.117727
v -0.817073 0.739238 -0.113371
v -0.821886 0.740386 -0.106239
v -0.809705 0.740712 -0.106003
v -0.828441 0.738139 -0.110197
v -0.819392 0.719462 -0.120972
v -0.816610 0.719283 -0.106564
v -0.810055 0.710993 -0.102726
v -0.801715 0.710529 -0.094433
v -0.799852 0.707264 -0.089226
v -0.819702 0.682578 -0.100966
v -0.814654 0.671959 -0.105153
v -0.809562 0.672394 -0.101584
v -0.814585 0.662514 -0.105292
v -0.809670 0.663298 -0.101901
v -0.749837 0.728613 -0.059229
v -0.733190 0.737835 -0.048830
v -0.724723 0.744556 -0.037175
v -0.728606 0.747116 -0.032612
v -0.714398 0.747302 -0.025816
v -0.790530 0.741030 -0.058451
v -0.872646 0.739504 -0.006002
v -0.889876 0.747940 0.035145
v -0.807007 0.747955 0.088654
v -0.812931 0.748011 0.093820
v -0.843293 0.627094 -0.071444
v -0.901007 0.637466 -0.005127
v -0.907947 0.635817 0.003396
v -0.906046 0.645772 0.003932
v -0.910435 0.635230 0.011769
v -0.843684 0.650012 -0.064183
v -0.834276 0.650452 -0.079076
v -0.795567 0.642069 -0.094867
v -0.788298 0.642928 -0.088093
v -0.792698 0.645268 -0.085239
v -0.788261 0.636716 -0.087610
v -0.779162 0.643397 -0.079639
v -0.764556 0.643573 -0.066339
v -0.783300 0.644935 -0.076379
v -0.778792 0.637147 -0.078963
v -0.764869 0.637142 -0.066171
v -0.765803 0.630280 -0.065378
v -0.750087 0.637087 -0.052332
v -0.738713 0.637124 -0.040293
v -0.749983 0.643561 -0.052166
v -0.750823 0.630473 -0.051557
v -0.739427 0.631032 -0.039897
v -0.743602 0.628990 -0.036622
v -0.738379 0.643188 -0.040022
v -0.753423 0.645277 -0.048332
v -0.755313 0.650623 -0.045957
v -0.740402 0.645807 -0.037103
v -0.768444 0.645159 -0.062320
v -0.770591 0.650533 -0.060461
v -0.770862 0.659160 -0.060758
v -0.785562 0.650137 -0.074757
v -0.795464 0.649542 -0.083980
v -0.785788 0.658454 -0.074947
v -0.755288 0.659349 -0.045911
v -0.742932 0.659127 -0.033600
v -0.743135 0.650727 -0.033768
v -0.730285 0.650583 -0.027359
v -0.720493 0.648600 -0.018364
v -0.728697 0.646860 -0.029515
v -0.727654 0.642621 -0.031772
v -0.719112 0.646005 -0.022111
v -0.728745 0.636541 -0.031877
v -0.885970 0.643796 -0.008589
vn 0.4708 0.1936 0.8607
vn -0.0955 0.0611 0.9936
vn -0.2472 0.7895 0.5618
vn 0.0772 0.8599 0.5047
vn 0.3729 -0.7749 0.5103
vn -0.1774 -0.6363 0.7508
vn 0.3123 0.3199 0.8945
vn -0.0017 -0.7323 0.6809
vn 0.2477 0.9265 0.2832
vn 0.3897 0.3948 0.8320
vn -0.0033 -0.7055 0.7087
vn 0.4493 0.8896 0.0823
vn -0.3362 0.9391 0.0709
vn -0.0196 0.8907 -0.4541
vn 0.4123 0.5261 -0.7438
vn -0.9231 0.1849 0.3373
vn -0.3346 -0.2254 -0.9150
vn 0.0795 -0.5768 -0.8130
vn 0.4708 0.5026 -0.7251
vn 0.3532 0.9330 0.0688
vn 0.0221 -0.6582 -0.7525
vn -0.2902 -0.9151 -0.2800
vn -0.1537 -0.9800 -0.1268
vn -0.3637 -0.9300 -0.0533
vn -0.5915 -0.1134 -0.7983
vn -0.1074 0.6827 -0.7227
vn -0.9931 -0.1156 -0.0215
vn -0.1611 -0.7845 0.5988
vn -0.8164 -0.1353 0.5614
vn 0.3189 0.4152 0.8520
vn -0.2079 0.2333 0.9499
vn -0.3749 0.9227 0.0900
vn -0.2902 -0.9342 -0.2074
vn -0.5790 -0.6332 0.5137
vn -0.6842 -0.2314 0.6916
vn -0.1884 0.8808 0.4344
vn 0.0589 0.2337 0.9705
vn -0.6744 0.0923 0.7326
vn -0.6039 0.0617 0.7947
vn -0.6894 -0.0459 0.7230
vn -0.9580 0.0624 0.2798
vn -0.9648 0.1090 0.2392
vn -0.9722 0.1386 0.1886
vn -0.6170 -0.0285 0.7864
vn -0.9609 0.0036 0.2769
vn -0.1957 -0.0672 0.9783
vn -0.4080 -0.1620 0.8985
vn -0.6183 -0.0951 0.7802
vn -0.9585 -0.1294 0.2542
vn -0.8487 -0.0514 -0.5263
vn -0.8817 0.0215 -0.4714
vn -0.8705 0.0632 -0.4881
vn -0.5933 0.0359 -0.8042
vn -0.5667 0.0532 -0.8222
vn -0.5047 -0.0144 -0.8632
vn -0.4780 0.0177 -0.8782
vn -0.5447 0.0397 -0.8377
vn -0.5550 0.0274 -0.8314
vn -0.5529 0.2944 -0.7795
vn -0.8462 0.1584 -0.5087
vn -0.4947 0.2186 -0.8411
vn -0.7786 0.0179 -0.6273
vn -0.7929 0.0130 -0.6092
vn -0.7675 0.0412 -0.6398
vn -0.7948 0.0292 -0.6061
vn -0.7988 0.0384 -0.6003
vn -0.7916 0.0252 -0.6105
vn -0.6988 0.5307 -0.4796
vn -0.7364 0.3896 -0.5531
vn -0.5120 0.6565 -0.5540
vn -0.7757 0.0294 -0.6304
vn -0.7768 0.1268 -0.6168
vn -0.7511 0.3488 -0.5605
vn -0.6134 0.6586 -0.4359
vn -0.5168 0.7702 -0.3737
vn -0.4629 0.8289 -0.3140
vn -0.7114 0.4581 -0.5329
vn -0.6964 0.4911 -0.5233
vn -0.7238 0.4160 -0.5506
vn -0.4222 0.7284 -0.5397
vn -0.7268 0.2781 -0.6280
vn -0.7561 -0.1704 -0.6319
vn -0.7973 -0.0586 -0.6007
vn -0.7924 -0.0264 -0.6094
vn -0.6571 -0.5616 -0.5029
vn -0.5012 -0.7554 -0.4221
vn -0.6956 -0.4678 -0.5453
vn -0.7779 -0.0230 -0.6280
vn -0.7100 -0.3999 -0.5797
vn -0.7211 0.4115 -0.5574
vn -0.7643 0.0012 -0.6448
vn -0.7132 -0.3526 -0.6058
vn -0.7425 0.3804 -0.5514
vn -0.7806 0.0135 -0.6249
vn -0.7123 -0.3554 -0.6052
vn -0.7839 0.3459 -0.5156
vn -0.8092 0.0028 -0.5876
vn -0.7015 -0.4153 -0.5792
vn -0.3440 -0.8770 -0.3354
vn -0.3430 -0.8838 -0.3181
vn -0.2857 -0.9076 -0.3077
vn -0.8113 0.0489 -0.5825
vn -0.6739 -0.5011 -0.5430
vn -0.2228 -0.9341 -0.2791
vn 0.0100 -0.9970 -0.0769
vn 0.0051 -0.9981 -0.0612
vn 0.0019 -0.9991 -0.0420
vn -0.1267 -0.9115 -0.3914
vn 0.1035 -0.9725 -0.2089
vn -0.6103 -0.5152 -0.6018
vn 0.1844 -0.6664 -0.7224
vn 0.4802 -0.6373 -0.6028
vn -0.3505 -0.4811 -0.8035
vn 0.1454 -0.1484 -0.9782
vn 0.5460 -0.2352 -0.8041
vn 0.6928 -0.1306 -0.7092
vn 0.1525 -0.9706 -0.1864
vn 0.5603 -0.6037 -0.5671
vn 0.7122 -0.0982 -0.6951
vn 0.5598 -0.5613 -0.6095
vn 0.6784 -0.0906 -0.7291
vn 0.1690 -0.9630 -0.2098
vn -0.0840 -0.9195 0.3840
vn -0.3191 -0.8818 0.3471
vn 0.1760 -0.9579 -0.2269
vn -0.3654 -0.8678 0.3367
vn 0.5626 -0.5563 -0.6115
vn 0.2019 -0.9574 -0.2064
vn 0.5622 -0.5714 -0.5979
vn -0.3499 -0.8524 0.3886
vn -0.6208 -0.2278 0.7501
vn -0.6743 -0.1950 0.7123
vn -0.6713 -0.1488 0.7261
vn -0.3371 -0.8284 0.4473
vn -0.6723 -0.1234 0.7299
vn 0.2126 -0.9664 -0.1446
vn 0.1503 -0.9846 -0.0896
vn -0.3948 -0.8065 0.4401
vn -0.7172 -0.1258 0.6854
vn -0.6951 0.0623 0.7162
vn -0.6799 0.0897 0.7278
vn -0.7300 0.0398 0.6823
vn -0.4884 -0.7966 0.3563
vn -0.8029 -0.1317 0.5813
vn -0.7992 0.0495 0.5990
vn -0.7256 0.0397 0.6869
vn -0.7651 0.0752 0.6396
vn -0.7014 0.0404 0.7116
vn -0.7437 0.0240 0.6681
vn -0.7222 0.0252 0.6912
vn -0.7006 0.0259 0.7130
vn -0.7223 0.0229 0.6912
vn -0.6984 0.0250 0.7153
vn -0.7484 0.0093 0.6632
vn -0.9506 0.0288 0.3090
vn -0.9455 -0.0118 0.3253
vn -0.9656 0.1039 0.2385
vn -0.9446 0.0442 -0.3252
vn -0.9541 0.0104 -0.2993
vn -0.9762 -0.0300 -0.2148
vn -0.9829 -0.1134 0.1447
vn -0.9089 -0.0790 0.4094
vn -0.7605 -0.0504 0.6474
vn -0.7633 -0.0857 0.6403
vn -0.7279 -0.0823 0.6807
vn -0.7278 0.0050 0.6858
vn -0.6980 0.0250 0.7156
vn -0.6902 -0.0858 0.7186
vn -0.6605 -0.0899 0.7454
vn -0.6728 0.0236 0.7394
vn -0.6789 0.0201 0.7340
vn -0.6429 0.0072 0.7659
vn -0.6552 0.0086 0.7554
vn -0.6240 -0.0967 0.7754
vn -0.6562 -0.0511 0.7529
vn -0.6138 -0.0553 0.7875
vn -0.6882 -0.0448 0.7242
vn -0.6528 -0.0140 0.7574
vn -0.6109 -0.0076 0.7917
vn -0.6838 -0.0155 0.7295
vn -0.7306 -0.0371 0.6818
vn -0.7315 -0.0312 0.6811
vn -0.7952 -0.0207 0.6060
vn -0.9544 -0.0458 0.2951
vn -0.7316 -0.0586 0.6792
vn -0.6734 -0.0836 0.7345
vn -0.9695 -0.0116 0.2449
vn -0.9286 -0.0319 -0.3697
vn -0.9371 -0.0002 -0.3490
vn -0.9155 -0.0499 0.3993
vn -0.9774 -0.1425 -0.1564
vn -0.8849 -0.0944 -0.4561
vn -0.9228 -0.0878 -0.3750
vn -0.8679 -0.0723 -0.4915
vn -0.8563 -0.0562 -0.5133
vn -0.8619 0.0369 -0.5057
vn -0.8550 -0.0852 -0.5116
vn -0.8454 -0.0591 -0.5308
vn -0.8479 0.0379 -0.5288
vn -0.8421 -0.0952 -0.5308
vn -0.8740 0.0124 -0.4857
vn -0.8637 0.0094 -0.5040
vn -0.8482 0.0015 -0.5296
vn -0.8647 -0.0039 -0.5023
vn -0.8493 -0.0098 -0.5279
vn -0.8729 -0.0003 -0.4878
vn -0.8964 -0.0103 -0.4432
vn -0.8770 -0.0029 -0.4805
vn -0.8645 -0.0179 -0.5024
vn -0.8729 -0.0139 -0.4877
vn -0.8780 -0.0037 -0.4786
vn -0.8839 -0.0174 -0.4674
vn -0.8739 -0.0293 -0.4852
vn -0.9483 0.0127 -0.3170
vn -0.9803 0.0510 0.1908
vn -0.9753 -0.1452 0.1663
vn -0.9369 -0.1076 -0.3326
vn -0.8849 -0.0728 -0.4600
vn -0.4963 -0.8676 0.0319
vn -0.6891 -0.6758 -0.2618
vn 0.0509 -0.9967 0.0631
vn 0.1914 -0.9711 0.1427
vn 0.3938 -0.8931 0.2175
vn 0.0245 -0.9980 -0.0589
vn 0.0607 -0.9957 -0.0705
vn 0.4363 -0.7275 -0.5295
vn 0.7859 -0.5782 -0.2192
vn 0.4550 -0.7028 -0.5469
vn 0.7057 -0.0429 -0.7073
vn 0.6347 -0.1163 -0.7639
vn 0.9850 -0.1199 -0.1239
vn 0.8194 -0.3659 0.4412
vn 0.9990 0.0122 -0.0433
vn 0.8699 0.0999 0.4830
vn 0.7566 0.0789 -0.6491
vn 0.6731 0.5086 -0.5369
vn 0.8604 0.5087 -0.0302
vn 0.8285 0.3342 0.4493
vn 0.7702 0.3077 0.5587
vn 0.8054 0.1067 0.5830
vn 0.6766 -0.5470 0.4929
vn 0.8340 -0.0089 0.5517
vn 0.6574 -0.6070 0.4464
vn 0.7727 0.3395 0.5363
vn 0.7620 0.2877 0.5801
vn 0.7242 0.1481 0.6735
vn 0.8388 0.0385 0.5431
vn 0.7841 0.3775 0.4926
vn 0.8050 0.2971 0.5135
vn 0.8621 -0.1008 0.4966
vn 0.8149 0.0420 0.5780
vn 0.8853 0.0418 0.4632
vn 0.6352 0.0197 0.7721
vn 0.8361 0.3639 0.4105
vn 0.8429 0.2283 0.4872
vn 0.9174 0.1074 0.3832
vn 0.7792 0.2496 0.5750
vn 0.7815 0.4006 0.4783
vn 0.8610 0.0969 0.4993
vn 0.9236 -0.0224 0.3826
vn 0.7918 -0.0673 0.6070
vn 0.8955 -0.0556 0.4417
vn 0.7685 -0.1427 0.6237
vn 0.9129 -0.0734 0.4015
vn 0.8843 -0.1559 0.4401
vn 0.8046 -0.0556 0.5911
vn 0.7864 -0.1553 0.5979
vn 0.5805 -0.0314 0.8137
vn 0.6961 -0.0469 0.7164
vn 0.7546 -0.0215 0.6559
vn 0.9883 -0.0073 -0.1523
vn 0.9948 -0.0931 -0.0424
vn 0.9740 0.0252 -0.2252
vn 0.5770 0.0230 -0.8164
vn 0.5926 0.0086 -0.8055
vn 0.6016 -0.0729 -0.7954
vn 0.5942 -0.0009 -0.8043
vn 0.5928 0.0075 -0.8053
vn 0.5888 -0.0536 -0.8065
vn 0.6568 -0.1804 -0.7321
vn 0.6349 -0.0857 -0.7679
vn 0.9965 -0.0585 -0.0602
vn 0.6924 -0.0338 -0.7207
vn 0.6754 -0.1749 -0.7164
vn 0.6988 -0.0084 -0.7153
vn 0.6791 -0.0612 -0.7315
vn 0.6864 -0.0110 -0.7271
vn 0.6883 -0.0077 -0.7254
vn 0.6780 0.0021 -0.7351
vn 0.6705 0.0022 -0.7419
vn 0.6630 -0.0165 -0.7485
vn 0.6531 0.0205 -0.7570
vn 0.6458 0.0021 -0.7635
vn 0.6674 0.0283 -0.7441
vn 0.8747 0.0353 -0.4834
vn 0.8859 0.0081 -0.4639
vn 0.9035 -0.0491 -0.4259
vn 0.8772 0.0050 -0.4802
vn 0.8913 -0.0439 -0.4512
vn 0.8664 0.0220 -0.4989
vn 0.8467 0.0502 -0.5296
vn 0.8820 0.0695 -0.4661
vn 0.6932 0.0400 -0.7197
vn 0.6857 0.3307 -0.6485
vn 0.7980 0.3996 -0.4511
vn 0.7167 0.4558 -0.5278
vn 0.5866 0.0193 -0.8097
vn 0.5996 0.0212 -0.8000
vn 0.4923 0.4853 -0.7225
vn 0.4778 0.6784 -0.5582
vn 0.6123 0.6112 -0.5015
vn 0.5995 0.6712 -0.4359
vn 0.6917 0.3445 -0.6347
vn 0.7294 0.2073 -0.6519
vn 0.6638 0.2199 -0.7149
vn 0.1132 0.7572 -0.6433
vn -0.2392 0.6090 -0.7563
vn 0.4601 0.2434 -0.8538
vn -0.3869 0.3313 -0.8605
vn -0.6671 0.2818 -0.6896
vn -0.7765 0.1738 -0.6057
vn -0.6719 0.4020 -0.6220
vn -0.0330 0.0330 -0.9989
vn -0.7063 0.1206 -0.6975
vn -0.7644 0.3598 -0.5350
vn -0.8062 0.2507 -0.5359
vn -0.8109 0.3297 -0.4835
vn -0.8685 0.0383 -0.4942
vn -0.8421 0.0093 -0.5392
vn -0.7394 0.0010 -0.6732
vn -0.8779 -0.0164 -0.4786
vn -0.8423 -0.0095 -0.5389
vn -0.7373 -0.0032 -0.6756
vn -0.8277 -0.0684 -0.5569
vn -0.7210 -0.0281 -0.6923
vn -0.8525 -0.1202 -0.5087
vn -0.8625 -0.0399 -0.5044
vn -0.8155 -0.2114 -0.5388
vn -0.8571 0.0770 -0.5093
vn -0.8037 0.0661 -0.5913
vn -0.8017 -0.0494 -0.5957
vn -0.7800 -0.2595 -0.5694
vn -0.7875 -0.0051 -0.6163
vn -0.8067 -0.1794 -0.5631
vn -0.8143 -0.0287 -0.5797
vn -0.7365 0.4266 -0.5249
vn -0.7591 0.0393 -0.6498
vn -0.7084 -0.4977 -0.5005
vn -0.7215 -0.4861 -0.4931
vn -0.6684 -0.4590 -0.5853
vn -0.3473 -0.3749 -0.8596
vn -0.5657 -0.3152 -0.7620
vn -0.6625 -0.5244 -0.5349
vn -0.6327 0.1427 -0.7611
vn -0.7308 0.2532 -0.6339
vn -0.8020 -0.1138 -0.5863
vn -0.7550 0.0470 -0.6540
vn -0.7305 -0.0888 -0.6771
vn -0.5792 0.0714 -0.8121
vn -0.6418 0.4046 -0.6514
vn -0.9882 0.0347 0.1490
vn -0.9500 -0.3002 0.0855
vn -0.9523 -0.1355 0.2735
vn -0.5512 -0.0011 0.8344
vn -0.6294 -0.3204 0.7080
vn -0.5555 -0.0383 0.8306
vn -0.4776 0.0167 0.8784
vn -0.4511 -0.0250 0.8921
vn -0.5877 -0.0337 0.8084
vn -0.6258 0.0709 0.7768
vn -0.3733 -0.3163 0.8721
vn -0.0794 -0.1224 0.9893
vn -0.6197 -0.0957 0.7790
vn -0.6162 -0.2953 0.7301
vn -0.5844 -0.4891 0.6475
vn -0.7164 -0.1659 0.6777
vn -0.7015 -0.2032 0.6831
vn -0.5908 -0.4629 0.6608
vn -0.6495 -0.3903 0.6525
vn -0.6483 -0.0580 0.7592
vn -0.5740 -0.4848 0.6599
vn -0.5761 -0.4980 0.6482
vn -0.6490 -0.0011 0.7608
vn -0.7265 0.1172 0.6771
vn -0.6934 0.1491 0.7049
vn -0.6329 0.1312 0.7630
vn -0.5504 -0.5571 0.6218
vn -0.5831 -0.4693 0.6632
vn -0.6253 0.0942 0.7746
vn -0.6285 -0.0232 0.7775
vn -0.6867 -0.2062 0.6971
vn -0.6507 0.0357 0.7585
vn -0.7081 0.0078 0.7061
vn -0.7470 0.0620 0.6620
vn -0.5800 -0.6210 0.5272
vn -0.7346 -0.0604 0.6758
vn -0.7152 0.0561 0.6966
vn -0.8370 -0.3040 0.4549
vn -0.6427 -0.5694 0.5126
vn -0.5051 -0.6993 0.5058
vn -0.6218 -0.4695 0.6269
vn -0.5742 -0.4771 0.6653
vn -0.5945 -0.5136 0.6187
vn -0.5641 -0.5741 0.5934
vn -0.5837 -0.5467 0.6004
vn -0.4834 -0.6984 0.5278
vn -0.5321 -0.6779 0.5072
vn -0.6650 -0.2919 0.6875
vn -0.6707 0.1846 0.7184
vn -0.6436 0.3401 0.6856
vn -0.6670 0.0712 0.7417
vn -0.3926 0.8196 0.4173
vn -0.4680 0.7120 0.5235
vn -0.3016 0.8979 0.3206
vn -0.6272 0.4538 0.6330
vn -0.6840 -0.1124 0.7207
vn -0.2307 0.9448 0.2327
vn 0.0062 0.9999 -0.0098
vn 0.0117 0.9998 -0.0141
vn -0.0052 1.0000 0.0079
vn 0.0382 0.9983 -0.0435
vn 0.0157 0.9995 -0.0264
vn 0.0026 1.0000 -0.0091
vn -0.0285 0.9988 0.0402
vn 0.0011 1.0000 -0.0034
vn -0.0513 0.9961 0.0724
vn 0.0049 1.0000 -0.0034
vn -0.4662 0.6785 0.5677
vn -0.6434 0.0291 0.7649
vn -0.4875 0.6451 0.5884
vn -0.0726 0.9922 0.1014
vn -0.6414 0.0184 0.7670
vn -0.6428 0.0077 0.7660
vn -0.4522 0.6370 0.6243
vn -0.4760 -0.5051 0.7199
vn -0.0185 0.0216 0.9996
vn -0.0090 0.4874 0.8731
vn 0.0285 -0.3972 0.9173
vn -0.1953 -0.5451 0.8153
vn 0.5301 -0.4313 0.7301
vn 0.6980 -0.2785 0.6598
vn 0.4362 -0.2964 0.8496
vn 0.2749 0.0259 0.9611
vn -0.3863 0.0313 0.9218
vn -0.4889 -0.0556 0.8706
vn 0.1946 -0.0214 0.9807
vn 0.7700 0.0514 0.6359
vn 0.7928 -0.1757 0.5837
vn 0.7551 -0.0153 0.6555
vn 0.0995 -0.0468 0.9939
vn 0.7483 -0.0576 0.6609
vn -0.5929 -0.0820 0.8011
vn -0.6478 0.0475 0.7603
vn 0.0019 0.0576 0.9983
vn 0.7378 0.0128 0.6749
vn 0.9433 -0.1568 0.2925
vn 0.9164 -0.0515 0.3969
vn 0.9769 -0.0593 0.2052
vn 0.7132 0.0283 0.7004
vn 0.9691 0.0109 0.2463
vn -0.0697 0.0449 0.9966
vn 0.9173 0.2403 0.3175
vn 0.6858 0.1552 0.7110
vn -0.0698 0.1108 0.9914
vn -0.6776 0.0326 0.7348
vn -0.6986 0.0487 0.7139
vn -0.1024 0.2494 0.9630
vn 0.7072 0.2660 0.6551
vn -0.7040 0.2651 0.6589
vn 0.6686 -0.1622 0.7257
vn 0.3766 -0.0067 0.9263
vn -0.1550 -0.3987 0.9039
vn -0.5105 0.0548 0.8581
vn -0.7053 0.1088 0.7005
vn -0.4959 -0.4575 0.7381
vn 0.2463 -0.6877 0.6829
vn -0.1677 -0.8208 0.5460
vn -0.3416 -0.8057 0.4839
vn -0.6438 -0.3232 0.6936
vn -0.7313 0.1145 0.6723
vn -0.6855 -0.2115 0.6967
vn -0.4445 -0.7566 0.4795
vn -0.6948 0.0613 0.7166
vn -0.6714 -0.0362 0.7402
vn -0.6690 -0.1965 0.7169
vn -0.4580 -0.7419 0.4897
vn -0.0582 -0.9946 0.0859
vn -0.0349 -0.9917 0.1234
vn -0.0638 -0.9951 0.0753
vn -0.6617 -0.1966 0.7235
vn -0.4522 -0.7369 0.5025
vn -0.0620 -0.9952 0.0763
vn 0.3628 -0.8565 -0.3671
vn 0.3781 -0.8430 -0.3826
vn 0.3489 -0.8519 -0.3906
vn 0.6802 -0.2101 -0.7022
vn 0.6786 -0.2028 -0.7059
vn 0.6339 -0.2052 -0.7456
vn 0.6854 0.0180 -0.7279
vn 0.6403 -0.0024 -0.7681
vn 0.6920 0.0324 -0.7211
vn 0.7043 0.0436 -0.7086
vn 0.6775 -0.2755 -0.6820
vn 0.3199 -0.8907 -0.3230
vn 0.6796 -0.3942 -0.6187
vn 0.2595 -0.9328 -0.2501
vn 0.7434 0.0428 -0.6674
vn 0.7371 0.0792 -0.6711
vn 0.7003 0.0453 -0.7124
vn 0.6886 0.0292 -0.7245
vn 0.7222 0.0597 -0.6891
vn 0.6968 0.0325 -0.7165
vn 0.6860 0.0245 -0.7272
vn 0.6961 0.0194 -0.7176
vn 0.6837 0.0179 -0.7295
vn 0.7132 0.0192 -0.7007
vn 0.8393 0.1112 -0.5322
vn 0.7903 0.0573 -0.6100
vn 0.8774 0.1344 -0.4605
vn 0.7090 -0.0049 -0.7052
vn 0.6917 -0.0190 -0.7219
vn 0.7645 -0.0081 -0.6446
vn 0.7071 0.0174 -0.7069
vn 0.6836 0.0186 -0.7296
vn 0.7917 -0.0214 -0.6106
vn 0.6822 0.0374 -0.7302
vn 0.7152 0.0258 -0.6985
vn 0.8225 -0.0043 -0.5688
vn 0.9949 -0.0616 -0.0794
vn 0.9993 -0.0254 -0.0266
vn 0.9900 -0.0460 -0.1334
vn 0.8783 -0.0241 0.4775
vn 0.8812 -0.0431 0.4709
vn 0.8706 -0.0457 0.4899
vn 0.8657 -0.0065 0.5006
vn 0.9987 0.0467 -0.0207
vn 0.9904 0.1381 0.0100
vn 0.8869 0.0898 0.4532
vn 0.9857 0.1637 -0.0391
vn 0.9147 0.1254 0.3842
vn 0.8167 0.0458 0.5752
vn 0.8236 0.0739 0.5624
vn 0.8161 -0.0040 0.5779
vn 0.7920 0.0539 0.6081
vn 0.7917 0.0419 0.6094
vn 0.7934 0.0087 0.6087
vn 0.7743 0.0131 0.6327
vn 0.7720 0.0515 0.6336
vn 0.7698 0.0495 0.6364
vn 0.7955 0.0306 0.6052
vn 0.7755 -0.0159 0.6312
vn 0.8317 0.0504 0.5529
vn 0.7131 -0.5264 0.4629
vn 0.6655 -0.5581 0.4956
vn 0.6043 -0.6396 0.4752
vn 0.9331 0.0556 0.3554
vn 0.7759 -0.5549 0.3002
vn 0.9951 0.0572 -0.0802
vn 0.7944 -0.6007 -0.0901
vn 0.1706 -0.9829 0.0685
vn 0.1583 -0.9830 0.0928
vn 0.1284 -0.9915 -0.0203
vn 0.8670 0.0489 -0.4959
vn 0.7030 -0.5304 -0.4738
vn 0.1958 -0.9686 -0.1533
vn -0.1091 -0.9898 0.0911
vn -0.1039 -0.9894 0.1010
vn -0.0647 -0.9942 0.0855
vn -0.0757 -0.9942 0.0764
vn -0.4145 -0.7755 0.4762
vn -0.4714 -0.7258 0.5010
vn -0.4825 -0.7117 0.5106
vn -0.6389 -0.1970 0.7437
vn -0.6773 -0.1691 0.7160
vn -0.6897 -0.0805 0.7196
vn -0.6463 -0.0432 0.7618
vn -0.6744 -0.0861 0.7333
vn -0.6040 0.4927 0.6265
vn -0.5484 0.5637 0.6177
vn -0.5773 0.5720 0.5827
vn -0.5220 0.5958 0.6103
vn -0.5606 0.5721 0.5987
vn -0.5869 0.5953 0.5488
vn -0.4485 0.7484 0.4886
vn -0.4592 0.6820 0.5692
vn -0.8271 0.4079 0.3868
vn -0.8192 0.5546 0.1462
vn -0.6321 0.0331 0.7742
vn -0.9306 -0.0084 0.3660
vn -0.6504 0.0558 0.7576
vn -0.9205 0.0125 0.3906
vn -0.6385 0.0204 0.7694
vn -0.6473 0.0155 0.7621
vn -0.3520 0.0299 0.9355
vn -0.6525 0.0341 0.7570
vn -0.6428 0.0327 0.7654
vn -0.6357 0.0339 0.7712
vn -0.7068 0.0116 0.7074
vn -0.2774 0.0103 0.9607
vn -0.7396 0.0180 0.6728
vn -0.7579 -0.0036 0.6524
vn -0.5968 0.5996 0.5332
vn -0.7526 -0.0249 0.6580
vn -0.6857 -0.0343 0.7271
vn -0.5582 0.5888 0.5846
vn -0.1034 0.0144 0.9945
vn 0.1524 0.5450 0.8244
vn -0.5313 0.6044 0.5937
vn -0.6109 -0.4643 0.6412
vn -0.8188 -0.4576 0.3467
vn -0.9316 -0.0000 0.3634
vn -0.9340 0.0036 0.3572
vn -0.9251 0.0119 0.3795
vn -0.9415 0.0004 0.3371
vn -0.3864 -0.7759 0.4987
vn -0.4094 -0.7536 0.5143
vn -0.0547 -0.9968 0.0589
vn -0.5260 -0.7104 0.4675
vn -0.2288 -0.9669 -0.1133
vn -0.9097 -0.3955 0.1267
vn -0.7487 -0.4607 -0.4766
vn -0.7050 -0.3531 -0.6151
vn -0.3321 -0.9010 -0.2791
vn -0.0323 -0.9994 -0.0098
vn -0.0843 -0.9933 -0.0790
vn -0.1945 -0.9669 -0.1652
vn -0.2773 -0.9329 -0.2299
vn 0.1272 -0.9885 0.0820
vn -0.3210 -0.9053 -0.2782
vn 0.0721 -0.9966 0.0395
vn 0.5157 -0.7508 0.4128
vn 0.0233 -0.9996 -0.0136
vn 0.7583 -0.0907 0.6456
vn 0.4405 -0.8094 0.3884
vn 0.7304 -0.1236 0.6717
vn 0.2721 -0.8480 0.4548
vn 0.4547 -0.1087 0.8840
vn -0.2407 -0.1832 0.9531
vn -0.2446 0.1702 0.9546
vn 0.4659 0.1852 0.8652
vn 0.7508 0.1038 0.6523
vn -0.2277 0.1582 0.9608
vn 0.5291 0.1728 0.8308
vn 0.7679 0.1082 0.6314
vn -0.6323 0.0940 0.7690
vn -0.6413 0.0773 0.7634
vn -0.6706 0.0917 0.7361
vn -0.6684 0.0570 0.7416
vn -0.6839 0.0502 0.7278
vn -0.6832 0.0235 0.7298
vn -0.6640 0.0179 0.7475
vn -0.6352 0.0018 0.7723
vn -0.6178 -0.0055 0.7863
vn -0.1438 0.0241 0.9893
vn -0.0584 0.0045 0.9983
vn 0.0091 -0.0311 0.9995
vn -0.5951 -0.0252 0.8032
vn -0.5517 -0.1305 0.8237
vn 0.1323 -0.1363 0.9818
vn -0.5194 -0.0592 0.8525
vn 0.0937 -0.0468 0.9945
vn -0.5289 0.0485 0.8473
vn 0.0574 0.1324 0.9895
vn -0.4138 -0.2872 0.8639
vn -0.5697 -0.1614 0.8058
vn 0.1234 -0.2103 0.9698
vn -0.6394 -0.1120 0.7606
vn 0.0216 -0.6194 0.7848
vn -0.3511 -0.5648 0.7468
vn -0.5267 -0.4809 0.7009
vn -0.5791 -0.4266 0.6948
vn -0.6198 -0.4585 0.6369
vn -0.4004 -0.8001 0.4468
vn -0.4152 -0.7125 0.5657
vn -0.4841 -0.5290 0.6970
vn -0.6488 0.3193 0.6907
vn -0.5468 0.5792 0.6046
vn -0.7722 0.1539 0.6165
vn -0.9735 -0.2286 -0.0049
vn -0.4334 -0.8875 0.1566
vn -0.8327 -0.5015 0.2347
vn -0.5007 -0.8462 -0.1823
vn -0.9294 -0.0079 -0.3691
vn -0.7663 -0.5769 -0.2828
vn -0.5324 -0.7763 -0.3375
vn -0.7739 0.3945 -0.4954
vn -0.6641 -0.6301 -0.4023
vn -0.5038 -0.7889 -0.3518
vn -0.6366 -0.6537 -0.4091
vn -0.7227 0.4825 -0.4949
vn -0.3492 0.9244 -0.1533
vn -0.1401 0.9860 -0.0901
vn -0.0818 0.9952 -0.0542
vn -0.0139 0.9999 -0.0094
vn -0.0169 0.9998 -0.0081
vn -0.0259 0.9994 -0.0210
vn -0.0038 1.0000 -0.0015
vn -0.0066 1.0000 -0.0012
vn 0.0187 0.9998 0.0025
vn 0.2553 0.9538 0.1584
vn 0.3519 0.9103 0.2181
vn 0.4659 0.8411 0.2747
vn 0.8011 0.3452 0.4889
vn 0.8348 0.2051 0.5110
vn 0.7556 0.4536 0.4725
vn -0.0068 1.0000 -0.0001
vn 0.1724 0.9779 0.1182
vn 0.6912 0.5527 0.4655
vn 0.8460 0.0033 0.5332
vn 0.8560 -0.0008 0.5170
vn 0.8312 0.0099 0.5560
vn 0.6444 0.6104 0.4607
vn 0.8181 0.0304 0.5742
vn 0.1268 0.9873 0.0958
vn 0.1123 0.9901 0.0837
vn 0.6294 0.6311 0.4534
vn 0.8140 0.0381 0.5796
vn 0.6248 0.6343 0.4553
vn 0.8138 0.0363 0.5801
vn 0.1114 0.9901 0.0857
vn -0.0060 1.0000 -0.0026
vn 0.0014 1.0000 -0.0038
vn 0.0057 1.0000 -0.0009
vn 0.1135 0.9906 0.0763
vn 0.0084 1.0000 -0.0008
vn 0.6399 0.6362 0.4311
vn 0.0125 0.9865 0.1635
vn 0.5588 0.6116 0.5601
vn 0.7457 0.0233 0.6659
vn 0.8257 0.0245 0.5636
vn 0.8055 -0.1868 0.5624
vn 0.8163 -0.2542 0.5187
vn 0.8727 -0.2370 0.4268
vn 0.9125 0.0675 0.4036
vn 0.7898 -0.3186 0.5242
vn 0.8319 -0.2928 0.4714
vn 0.8893 0.0741 0.4512
vn 0.7925 -0.2852 0.5391
vn 0.7781 -0.3283 0.5356
vn 0.8413 0.0404 0.5391
vn 0.8930 -0.1094 0.4365
vn 0.8191 -0.1861 0.5426
vn 0.9067 -0.1881 0.3774
vn 0.8232 -0.1956 0.5330
vn 0.7486 -0.2979 0.5923
vn 0.7459 -0.1781 0.6418
vn 0.8752 -0.0184 0.4833
vn 0.8552 -0.0031 0.5182
vn 0.8659 -0.0529 0.4974
vn 0.9688 -0.0209 0.2469
vn 0.9900 0.0408 0.1348
vn 0.9083 0.0353 0.4167
vn 0.8827 -0.0266 0.4692
vn 0.8973 0.3897 0.2073
vn 0.8325 0.5026 0.2331
vn 0.5153 0.8107 0.2780
vn 0.6610 0.6965 0.2793
vn 0.8369 0.1711 0.5199
vn 0.8888 0.1814 0.4209
vn 0.8862 0.1666 0.4324
vn 0.7943 -0.3185 0.5174
vn 0.8163 -0.3419 0.4656
vn 0.8064 -0.3038 0.5074
vn 0.4636 -0.8361 0.2933
vn 0.4582 -0.8358 0.3025
vn 0.4173 -0.8074 0.4171
vn 0.0486 -0.9764 0.2104
vn -0.0831 -0.9344 -0.3463
vn 0.1702 -0.8748 -0.4537
vn -0.3336 -0.9046 -0.2653
vn -0.7759 -0.2814 -0.5647
vn -0.4839 -0.2429 -0.8407
vn 0.2584 -0.2167 -0.9414
vn -0.6043 -0.0222 -0.7965
vn 0.1690 -0.0177 -0.9855
vn 0.0800 0.1771 -0.9809
vn -0.7066 0.0633 -0.7048
vn 0.6425 0.0419 -0.7652
vn 0.6825 0.0222 -0.7306
vn 0.6652 0.0416 -0.7455
vn 0.5719 0.1483 -0.8068
vn 0.6812 0.0201 -0.7318
vn 0.6781 0.0083 -0.7349
vn 0.6777 0.0112 -0.7353
vn 0.6784 -0.0376 -0.7337
vn 0.6691 -0.0499 -0.7415
vn 0.6834 -0.0543 -0.7280
vn 0.6697 0.0051 -0.7426
vn 0.6550 -0.0140 -0.7555
vn 0.6321 -0.0481 -0.7734
vn 0.6361 0.0312 -0.7710
vn 0.6607 0.0359 -0.7498
vn 0.6587 -0.0568 -0.7502
vn 0.6365 -0.0361 -0.7705
vn 0.6822 -0.0563 -0.7290
vn 0.6167 -0.2686 -0.7399
vn 0.6464 -0.1697 -0.7439
vn 0.6726 -0.0919 -0.7342
vn 0.5823 -0.5355 -0.6117
vn 0.5353 -0.5967 -0.5979
vn 0.4245 -0.7168 -0.5531
vn 0.5797 -0.0436 -0.8136
vn 0.4955 -0.4213 -0.7596
vn 0.1738 -0.9217 -0.3469
vn 0.6133 -0.3430 -0.7115
vn 0.3603 -0.3286 -0.8730
vn -0.1318 -0.9664 -0.2207
vn -0.4838 -0.7046 -0.5190
vn -0.0880 -0.5868 -0.8050
vn -0.5949 -0.6941 -0.4053
vn -0.7583 -0.0582 -0.6493
vn -0.8298 -0.0525 -0.5556
vn -0.1001 -0.0841 -0.9914
vn -0.2830 -0.9341 -0.2176
vn -0.6092 -0.6875 -0.3952
vn -0.8318 -0.0512 -0.5528
vn -0.6056 0.1171 -0.7871
vn -0.7981 0.0302 -0.6018
vn -0.8275 0.0206 -0.5611
vn -0.8346 -0.0460 -0.5490
vn -0.8386 0.0273 -0.5441
vn -0.6240 -0.6687 -0.4042
vn -0.8386 -0.0520 -0.5422
vn -0.8204 -0.0466 -0.5699
vn -0.5953 -0.1983 -0.7787
vn -0.8329 -0.0864 -0.5467
vn -0.8200 -0.0914 -0.5651
vn -0.8025 -0.1836 -0.5676
vn -0.8350 -0.0078 -0.5502
vn -0.8317 -0.0161 -0.5550
vn -0.8370 -0.0130 -0.5470
vn -0.8351 -0.0157 -0.5499
vn -0.8488 -0.0204 -0.5283
vn -0.8374 -0.0212 -0.5461
vn -0.8343 -0.0191 -0.5510
vn -0.8372 -0.0357 -0.5457
vn -0.8296 -0.0348 -0.5572
vn -0.8473 -0.0353 -0.5299
vn -0.8639 -0.0347 -0.5025
vn -0.8365 -0.0507 -0.5457
vn -0.8433 -0.0602 -0.5341
vn -0.8606 -0.0747 -0.5037
vn -0.7903 -0.3226 -0.5209
vn -0.7819 -0.3203 -0.5349
vn -0.8026 -0.3507 -0.4824
vn -0.7911 -0.4346 -0.4305
vn -0.8756 -0.0740 -0.4773
vn -0.3529 -0.8977 -0.2639
vn -0.3298 -0.9180 -0.2201
vn -0.2253 -0.9633 -0.1457
vn -0.7472 -0.5409 -0.3861
vn -0.0762 -0.9959 -0.0495
vn 0.6388 -0.6847 0.3509
vn 0.6783 -0.6341 0.3713
vn 0.8532 -0.1450 0.5009
vn 0.5560 -0.7667 0.3212
vn 0.8433 -0.1947 0.5009
vn 0.8480 0.0628 0.5262
vn 0.8341 -0.2311 0.5009
vn 0.5182 -0.8043 0.2909
vn 0.8259 -0.2587 0.5009
vn 0.4996 -0.8190 0.2821
vn 0.8480 0.1094 0.5187
vn -0.3277 -0.9061 -0.2676
vn -0.8248 -0.0433 -0.5638
vn -0.8142 0.0435 -0.5790
vn -0.5599 0.2023 -0.8035
vn -0.8483 -0.0141 -0.5293
vn -0.7112 -0.0171 -0.7028
vn 0.0549 0.1679 -0.9843
vn 0.1229 0.0005 -0.9924
vn 0.6879 0.0157 -0.7256
vn 0.7119 -0.0388 -0.7012
vn 0.3572 0.0027 -0.9340
vn 0.1928 -0.2491 -0.9491
vn 0.5013 -0.1567 -0.8510
vn -0.5980 0.0023 -0.8015
vn -0.4641 -0.2185 -0.8584
vn -0.0644 0.0545 -0.9964
vn -0.8550 -0.0163 -0.5184
vn 0.5103 0.0735 -0.8568
vn 0.0545 0.1070 -0.9928
vn 0.4417 0.8485 0.2916
vn 0.4383 0.7530 0.4908
vn 0.5700 0.7410 0.3548
vn 0.4276 0.7926 0.4347
vn 0.8338 -0.0078 0.5520
vn 0.8519 -0.0147 0.5236
vn 0.8408 -0.0218 0.5409
vn 0.8292 -0.0082 0.5589
vn 0.5952 0.3913 0.7018
vn 0.6338 -0.0861 0.7687
vn 0.6566 -0.1820 0.7320
vn -0.8449 -0.0375 -0.5335
vn -0.8583 -0.0281 -0.5123
vn -0.4033 -0.8732 -0.2736
vn -0.7877 0.3072 -0.5341
vn -0.7513 0.1683 -0.6381
vn -0.0339 0.9815 -0.1885
vn -0.1588 0.9800 -0.1198
vn -0.1298 0.9889 -0.0726
vn -0.0524 0.9980 -0.0350
vn -0.0260 0.9996 -0.0089
vn -0.0337 0.9965 -0.0763
vn 0.0099 0.9984 -0.0562
vn 0.0459 0.9971 -0.0611
vn 0.4045 0.7770 -0.4823
vn 0.0446 0.9975 -0.0548
vn 0.5203 0.6138 -0.5938
vn 0.0743 0.9914 -0.1079
vn 0.5880 -0.5334 -0.6081
vn 0.5456 -0.6796 -0.4904
vn 0.6401 -0.4744 -0.6043
vn 0.6778 0.3588 -0.6417
vn 0.7731 -0.4324 -0.4640
vn 0.5803 -0.7506 -0.3159
vn 0.8541 0.0938 -0.5117
vn 0.9228 -0.3849 0.0142
vn 0.5869 -0.8084 0.0450
vn 0.9962 -0.0820 -0.0296
vn 0.3333 0.9397 -0.0766
vn 0.2670 0.9435 -0.1961
vn 0.1631 0.9720 -0.1693
vn 0.0555 0.9971 -0.0521
vn 0.0588 0.9968 -0.0546
vn 0.0158 0.9997 -0.0169
vn 0.0160 0.9996 -0.0224
vn 0.0143 0.9980 -0.0612
vn 0.0820 0.9944 -0.0671
vn -0.0448 0.9967 -0.0678
vn -0.3819 0.9083 0.1708
vn -0.2526 0.9479 0.1941
vn -0.2104 0.9590 0.1900
vn -0.1508 0.9756 -0.1598
vn -0.1446 0.9697 -0.1969
vn -0.4844 0.8544 0.1882
vn -0.7720 0.3705 0.5165
vn -0.6920 0.4609 0.5557
vn -0.7943 0.2219 0.5655
vn -0.8286 0.0938 0.5520
vn -0.8069 0.0560 0.5881
vn -0.7733 0.0335 0.6331
vn -0.6393 0.5032 0.5814
vn -0.7292 -0.0032 0.6843
vn -0.5836 -0.5411 0.6055
vn -0.6585 -0.3843 0.6470
vn -0.7460 -0.2404 0.6210
vn -0.4282 -0.5122 0.7445
vn -0.4076 -0.6969 0.5901
vn -0.8420 -0.1808 0.5083
vn -0.5443 -0.6242 0.5605
vn -0.6162 -0.4913 0.6155
vn -0.9611 -0.2504 0.1163
vn -0.8231 -0.4279 -0.3733
vn -0.9972 -0.0081 0.0742
vn -0.8249 -0.1784 -0.5364
vn -0.9893 0.1384 0.0462
vn -0.7416 0.1827 -0.6455
vn -0.7356 0.6622 -0.1426
vn -0.4226 0.7272 -0.5409
vn -0.4597 0.7770 -0.4301
vn -0.6869 0.2996 -0.6621
vn -0.4213 0.8107 -0.4065
vn -0.0710 0.9858 -0.1521
vn -0.7101 0.2854 -0.6437
vn -0.6693 -0.3509 -0.6549
vn -0.6955 -0.2608 -0.6695
vn -0.6568 -0.4486 -0.6061
vn -0.5347 -0.5068 -0.6761
vn -0.6882 -0.4779 -0.5459
vn -0.7565 0.2517 -0.6036
vn -0.5206 -0.6801 -0.5162
vn -0.6642 -0.2640 -0.6994
vn -0.7302 -0.5127 -0.4515
vn -0.5064 -0.8004 -0.3208
vn -0.7287 -0.4646 -0.5032
vn -0.7582 0.1431 -0.6361
vn -0.8118 0.0826 -0.5781
vn -0.7991 -0.0740 -0.5966
vn -0.6260 -0.6619 -0.4123
vn -0.4550 -0.8568 -0.2425
vn -0.3733 -0.8958 -0.2411
vn -0.7231 -0.3392 -0.6017
vn -0.4147 -0.8901 -0.1890
vn -0.7552 -0.4739 -0.4528
vn -0.7814 -0.4129 -0.4679
vn -0.8073 0.2400 -0.5391
vn -0.7953 0.2418 -0.5559
vn -0.8126 0.2393 -0.5314
vn -0.4177 0.8546 -0.3087
vn -0.3971 0.8659 -0.3041
vn -0.3996 0.8356 -0.3770
vn -0.0375 0.9905 -0.1324
vn -0.0375 0.9954 -0.0878
vn 0.0863 0.9950 -0.0496
vn 0.0648 0.9976 -0.0259
vn 0.3844 0.9148 0.1238
vn 0.3162 0.9355 0.1579
vn 0.8716 -0.1625 0.4625
vn 0.8068 -0.1139 0.5797
vn 0.2708 0.9525 0.1394
vn 0.7977 -0.0233 0.6026
vn 0.0599 0.9980 -0.0189
vn 0.5073 -0.7997 0.3212
vn 0.4733 -0.7892 0.3913
vn 0.4787 -0.7723 0.4176
vn 0.7847 -0.0137 0.6197
vn 0.2560 0.9552 0.1484
vn 0.4958 -0.7407 0.4533
vn 0.7194 -0.4012 0.5670
vn 0.7018 -0.3810 0.6019
vn 0.7445 -0.3893 0.5424
vn 0.7988 -0.1151 0.5905
vn 0.7670 -0.1171 0.6309
vn 0.8222 -0.1011 0.5602
vn 0.8050 -0.3879 0.4489
vn 0.8764 -0.0916 0.4727
vn 0.8274 -0.0279 0.5610
vn 0.8736 -0.0723 0.4812
vn 0.8098 -0.0030 0.5866
vn 0.8032 -0.0135 0.5955
vn 0.8210 -0.0214 0.5705
vn 0.9934 -0.1146 -0.0109
vn 0.9956 -0.0932 0.0056
vn 0.8326 -0.0798 -0.5481
vn 0.8390 -0.0641 -0.5404
vn 0.7214 -0.0486 -0.6908
vn 0.7180 -0.0567 -0.6937
vn 0.8203 -0.0384 0.5706
vn 0.7973 -0.0373 0.6025
vn 0.8219 -0.0105 0.5695
vn 0.7977 0.0053 0.6031
vn 0.7749 0.0138 0.6319
vn 0.7709 -0.0319 0.6361
vn 0.7645 0.0103 0.6445
vn 0.7543 -0.0373 0.6555
vn 0.7682 0.0116 0.6401
vn 0.7719 0.0026 0.6358
vn 0.7667 -0.0436 0.6405
vn 0.7757 0.0072 0.6311
vn 0.7651 0.0720 0.6399
vn 0.7578 0.0623 0.6495
vn 0.5850 0.0287 0.8105
vn 0.6448 0.0097 0.7643
vn 0.7067 -0.0200 0.7072
vn 0.7217 -0.0650 0.6892
vn 0.7595 -0.0212 0.6502
vn 0.7540 -0.0077 0.6568
vn 0.6740 0.0136 0.7386
vn 0.7515 0.0371 0.6587
vn 0.7590 0.0266 0.6506
vn 0.7803 0.0130 0.6253
vn 0.7750 -0.0083 0.6319
vn 0.7410 -0.1160 0.6614
vn 0.6845 -0.3407 0.6445
vn 0.7365 -0.0992 0.6691
vn 0.6355 -0.3323 0.6969
vn 0.6928 0.0232 0.7208
vn 0.5138 -0.3797 0.7693
vn 0.3480 -0.7096 0.6126
vn -0.0292 -0.0096 0.9995
vn 0.4937 -0.7124 0.4989
vn 0.7009 -0.0555 0.7111
vn 0.2154 0.9539 0.2089
vn 0.1177 0.9498 0.2900
vn -0.0858 0.9952 0.0475
vn -0.0092 0.9998 0.0175
vn 0.0456 0.9989 -0.0099
vn -0.0931 0.9923 -0.0813
vn -0.0257 0.9969 -0.0737
vn -0.0191 0.9975 -0.0688
vn -0.3856 0.8636 -0.3248
vn -0.7963 0.2377 -0.5563
vn -0.4227 0.8429 -0.3328
vn -0.7867 -0.3716 -0.4930
vn -0.8065 0.2237 -0.5473
vn -0.7797 -0.3726 -0.5033
vn -0.4759 0.8137 -0.3338
vn -0.7807 -0.3845 -0.4926
vn -0.8264 0.1973 -0.5274
vn -0.5168 0.7800 -0.3529
vn -0.1943 0.9762 -0.0962
vn -0.2209 0.9609 -0.1668
vn -0.1012 0.9941 -0.0388
vn 0.0452 0.9772 0.2073
vn 0.1079 0.9941 -0.0122
vn -0.0065 0.9816 -0.1907
vn -0.1415 0.9636 -0.2269
vn -0.2448 0.8611 0.4457
vn -0.0102 0.9986 0.0513
vn 0.1482 0.9753 -0.1635
vn 0.0969 0.9600 -0.2626
vn 0.0576 0.9946 -0.0859
vn -0.1291 0.9913 0.0266
vn -0.0381 0.9965 -0.0742
vn 0.1958 0.9243 -0.3276
vn 0.3086 0.8585 -0.4095
vn 0.3855 0.7898 -0.4772
vn 0.5941 0.3965 -0.6999
vn 0.6191 0.2774 -0.7347
vn 0.6367 0.1747 -0.7511
vn 0.4171 0.7184 -0.5568
vn 0.6341 0.0635 -0.7707
vn 0.6509 -0.2888 -0.7021
vn 0.6340 -0.2661 -0.7261
vn 0.5994 -0.2697 -0.7536
vn 0.4277 0.6346 -0.6437
vn 0.6041 -0.1339 -0.7856
vn 0.5618 -0.2407 -0.7914
vn 0.3974 -0.7584 -0.5166
vn 0.4237 -0.7254 -0.5425
vn 0.4788 -0.7402 -0.4720
vn 0.3667 -0.7142 -0.5961
vn 0.5307 -0.7244 -0.4400
vn -0.0495 -0.8625 -0.5036
vn 0.4867 -0.8311 -0.2689
vn 0.4676 -0.8026 -0.3705
vn 0.4211 -0.8476 -0.3228
vn 0.3652 -0.8993 -0.2409
vn 0.6669 -0.2912 -0.6859
vn 0.6716 -0.1736 -0.7203
vn 0.4659 -0.7767 -0.4238
vn 0.5238 0.5646 -0.6379
vn 0.1058 0.9677 -0.2290
vn 0.0741 0.9836 -0.1642
vn 0.4896 0.6713 -0.5565
vn 0.6884 0.0049 -0.7253
vn -0.0561 0.9975 -0.0437
vn -0.0670 0.9973 -0.0297
vn -0.2334 0.9660 0.1112
vn -0.1446 0.9880 0.0548
vn -0.3657 0.9297 0.0431
vn -0.0509 0.9982 -0.0306
vn -0.0340 0.9991 -0.0248
vn 0.0215 0.9992 -0.0331
vn 0.1139 0.9927 0.0393
vn 0.4781 0.8773 0.0425
vn 0.9418 0.2834 0.1809
vn 0.6693 0.6377 0.3814
vn 0.7021 0.6092 -0.3687
vn 0.1783 0.9678 -0.1774
vn 0.8483 0.1113 -0.5176
vn 0.8642 0.0487 0.5008
vn 0.9969 0.0306 0.0729
vn 0.8271 -0.1057 -0.5520
vn 0.4890 0.6595 -0.5709
vn 0.7029 0.0761 -0.7073
vn 0.6691 -0.3899 -0.6327
vn 0.4253 -0.7590 -0.4929
vn 0.6810 -0.3657 -0.6344
vn 0.9993 -0.0319 -0.0195
vn 0.7757 -0.4399 -0.4526
vn 0.4169 -0.4997 -0.7593
vn 0.8776 -0.4143 -0.2411
vn 0.4243 -0.5886 -0.6882
vn 0.2627 -0.9252 -0.2737
vn 0.5615 -0.6071 -0.5623
vn 0.2972 -0.9340 -0.1982
vn 0.6247 -0.5091 -0.5921
vn 0.6771 0.1912 -0.7106
vn 0.5106 0.1727 -0.8423
vn 0.5316 0.0426 -0.8459
vn 0.6525 -0.3959 -0.6461
vn 0.6262 0.2833 -0.7263
vn 0.7285 -0.3366 -0.5966
vn 0.6203 0.3090 -0.7209
vn 0.6200 0.4069 -0.6708
vn 0.6074 0.3791 -0.6981
vn 0.5781 0.3539 -0.7352
vn 0.6763 -0.2818 -0.6806
vn 0.6294 -0.4127 -0.6585
vn 0.6935 -0.0941 -0.7142
vn 0.6329 -0.4392 -0.6376
vn 0.6327 -0.4392 -0.6378
vn 0.6208 -0.4509 -0.6414
vn 0.7253 0.0506 -0.6866
vn 0.7002 -0.3946 -0.5950
vn 0.5454 0.4448 -0.7104
vn 0.7687 -0.0243 -0.6392
vn 0.9852 -0.0041 0.1714
vn 0.9006 -0.3313 0.2814
vn 0.7998 -0.2348 0.5525
vn 0.8230 -0.0616 0.5647
vn 0.8401 -0.3302 0.4304
vn 0.8027 -0.3320 0.4953
vn 0.8265 -0.2896 0.4827
vn 0.8742 -0.0763 0.4796
vn 0.8158 -0.3289 0.4757
vn 0.8609 -0.0156 0.5085
vn 0.8698 -0.0124 0.4933
vn 0.8057 -0.3086 0.5056
vn 0.8285 -0.2619 0.4950
vn 0.6041 -0.4811 -0.6353
vn 0.5911 -0.5033 -0.6303
vn 0.6562 0.2208 -0.7216
vn 0.7630 -0.2840 -0.5806
vn 0.6929 0.0456 -0.7196
vn 0.7900 -0.4590 -0.4065
vn 0.5968 0.0176 -0.8022
vn 0.5463 -0.0541 -0.8358
vn 0.4961 -0.0191 -0.8680
vn -0.0853 -0.0308 -0.9959
vn -0.1108 -0.0578 -0.9922
vn -0.0396 0.0144 -0.9991
vn -0.6789 -0.0601 -0.7318
vn -0.6606 -0.0504 -0.7491
vn 0.4918 -0.0730 -0.8677
vn -0.1499 -0.1045 -0.9832
vn -0.7070 -0.0386 -0.7062
vn -0.8412 0.0313 -0.5398
vn -0.8212 -0.0022 -0.5706
vn -0.8090 -0.0965 -0.5799
vn -0.5509 -0.6795 -0.4846
vn -0.6763 -0.6445 -0.3567
vn -0.9002 0.2266 -0.3719
vn -0.9979 0.0188 -0.0621
vn -0.5710 -0.8207 0.0196
vn -0.4176 -0.8632 -0.2838
vn -0.4240 -0.8800 -0.2139
vn -0.4050 -0.8947 -0.1884
vn -0.4052 -0.8937 -0.1925
vn -0.1452 -0.9862 -0.0798
vn -0.6435 -0.5475 -0.5350
vn -0.7697 -0.6154 -0.1697
vn -0.9940 0.0504 -0.0976
vn -0.7506 0.1652 -0.6397
vn -0.8574 0.4775 -0.1918
vn -0.6446 0.5433 -0.5379
vn -0.7143 0.3684 -0.5951
vn -0.7579 0.1036 -0.6441
vn -0.6477 0.5200 -0.5568
vn -0.7179 0.3055 -0.6255
vn -0.7091 0.4704 -0.5253
vn -0.7781 -0.2270 -0.5858
vn -0.7326 0.4021 -0.5492
vn -0.7719 0.3678 -0.5187
vn -0.7270 0.4614 -0.5086
vn -0.7284 -0.4509 -0.5159
vn -0.7337 -0.3538 -0.5800
vn -0.7627 -0.1940 -0.6169
vn -0.8208 -0.1165 -0.5593
vn -0.7638 -0.3663 -0.5314
vn -0.4082 -0.8271 -0.3864
vn -0.6666 -0.3149 -0.6756
vn -0.8240 0.1318 -0.5510
vn -0.7281 -0.0917 -0.6793
vn 0.0176 -0.2954 -0.9552
vn -0.0450 -0.5792 -0.8139
vn -0.0529 -0.3300 -0.9425
vn -0.4887 0.6974 -0.5242
vn -0.5371 0.7497 -0.3866
vn -0.0286 0.3248 -0.9454
vn -0.0060 0.9611 -0.2763
vn 0.7646 -0.0649 -0.6412
vn 0.7274 0.2784 -0.6272
vn -0.0403 0.0128 -0.9991
vn 0.6048 0.0195 -0.7961
vn -0.0500 0.0110 -0.9987
vn 0.1014 0.9783 -0.1805
vn -0.7330 0.1304 -0.6676
vn -0.8486 0.1252 -0.5140
vn -0.7744 0.3863 -0.5011
vn 0.5982 0.5009 -0.6256
vn 0.4932 0.7356 -0.4644
vn 0.4327 0.7693 -0.4701
vn 0.5527 0.5715 -0.6066
vn 0.6759 -0.0945 -0.7309
vn 0.4305 0.7739 -0.4645
vn 0.5530 0.5818 -0.5964
vn 0.6786 -0.0987 -0.7279
vn 0.7024 -0.0843 -0.7067
vn 0.5769 -0.5949 -0.5597
vn 0.5832 0.5552 -0.5929
vn 0.5849 0.4415 -0.6804
vn 0.6802 -0.0868 -0.7278
vn 0.5413 -0.6399 -0.5454
vn 0.4366 0.7658 -0.4722
vn 0.4225 0.6992 -0.5767
vn 0.5578 0.3153 -0.7678
vn 0.6614 0.2775 -0.6968
vn 0.6662 0.2418 -0.7055
vn 0.6616 0.2500 -0.7070
vn 0.6893 -0.0032 -0.7245
vn 0.6982 -0.0035 -0.7159
vn 0.6832 0.0021 -0.7302
vn 0.5432 0.3712 -0.7531
vn 0.4947 0.5970 -0.6316
vn 0.7709 0.5857 -0.2504
vn 0.6116 0.2547 -0.7490
vt 0.164416 0.929093
vt 0.161361 0.931618
vt 0.159435 0.928539
vt 0.163165 0.926332
vt 0.166738 0.931198
vt 0.165814 0.934160
vt 0.059643 0.007951
vt 0.062153 0.009090
vt 0.060302 0.013564
vt 0.057960 0.013276
vt 0.063645 0.009925
vt 0.062570 0.013850
vt 0.060511 0.017975
vt 0.058188 0.017936
vt 0.063515 0.018091
vt 0.065963 0.010524
vt 0.064814 0.013984
vt 0.066149 0.017976
vt 0.067956 0.009881
vt 0.066204 0.014217
vt 0.015490 0.158690
vt 0.014114 0.158397
vt 0.014392 0.154746
vt 0.016406 0.155073
vt 0.067283 0.021539
vt 0.063413 0.021646
vt 0.015843 0.151133
vt 0.018534 0.152094
vt 0.011126 0.158761
vt 0.011655 0.154205
vt 0.012094 0.150233
vt 0.071214 0.023202
vt 0.068210 0.026747
vt 0.067308 0.024870
vt 0.011832 0.145816
vt 0.016798 0.147305
vt 0.008622 0.150523
vt 0.008076 0.146794
vt 0.009292 0.153991
vt 0.059114 0.021319
vt 0.054696 0.021822
vt 0.058006 0.023663
vt 0.057722 0.025978
vt 0.008750 0.158528
vt 0.061117 0.028946
vt 0.062768 0.025245
vt 0.011011 0.163651
vt 0.008088 0.164493
vt 0.014684 0.163705
vt 0.171893 0.937170
vt 0.171023 0.934515
vt 0.173593 0.935768
vt 0.178317 0.938570
vt 0.161713 0.923072
vt 0.159254 0.921215
vt 0.160797 0.915377
vt 0.163092 0.919998
vt 0.236631 0.165569
vt 0.233035 0.162270
vt 0.238245 0.158177
vt 0.241705 0.163474
vt 0.232873 0.168516
vt 0.231517 0.165740
vt 0.242358 0.167522
vt 0.237443 0.169380
vt 0.233802 0.171759
vt 0.248898 0.161769
vt 0.249377 0.165932
vt 0.247820 0.157478
vt 0.255508 0.156642
vt 0.256025 0.160987
vt 0.256362 0.165234
vt 0.789973 0.497969
vt 0.789724 0.493912
vt 0.797906 0.494128
vt 0.798267 0.497971
vt 0.806534 0.497756
vt 0.805899 0.493720
vt 0.797631 0.489666
vt 0.804863 0.488948
vt 0.790193 0.489147
vt 0.790850 0.485353
vt 0.797063 0.485050
vt 0.803198 0.484303
vt 0.811577 0.487189
vt 0.812106 0.493124
vt 0.808556 0.483487
vt 0.801555 0.477578
vt 0.806452 0.476601
vt 0.796161 0.478230
vt 0.800100 0.468313
vt 0.794773 0.468745
vt 0.805050 0.467648
vt 0.810666 0.475864
vt 0.809351 0.466766
vt 0.811374 0.481645
vt 0.799677 0.457806
vt 0.804823 0.457133
vt 0.808241 0.458558
vt 0.810864 0.455046
vt 0.812243 0.465955
vt 0.812987 0.475361
vt 0.813499 0.453832
vt 0.814715 0.465258
vt 0.815661 0.475105
vt 0.813806 0.482442
vt 0.816481 0.482380
vt 0.820007 0.482140
vt 0.818870 0.474770
vt 0.817724 0.464784
vt 0.821794 0.474423
vt 0.823045 0.481841
vt 0.820724 0.464063
vt 0.816382 0.453136
vt 0.819208 0.452494
vt 0.811569 0.444872
vt 0.814580 0.443724
vt 0.817710 0.442858
vt 0.810035 0.438786
vt 0.813304 0.437759
vt 0.816494 0.436769
vt 0.808834 0.434383
vt 0.812069 0.433472
vt 0.815401 0.432117
vt 0.818929 0.435748
vt 0.820056 0.442216
vt 0.818389 0.430450
vt 0.810420 0.430170
vt 0.814111 0.428668
vt 0.816632 0.426198
vt 0.819623 0.422952
vt 0.820877 0.428501
vt 0.821557 0.434520
vt 0.815414 0.423415
vt 0.817674 0.419763
vt 0.812656 0.426148
vt 0.813475 0.421484
vt 0.815139 0.418186
vt 0.811616 0.424039
vt 0.810031 0.422002
vt 0.811237 0.419892
vt 0.812515 0.416968
vt 0.819128 0.415375
vt 0.816551 0.414123
vt 0.813704 0.413133
vt 0.817407 0.409510
vt 0.814220 0.408589
vt 0.819944 0.410423
vt 0.823233 0.418805
vt 0.823144 0.411882
vt 0.820784 0.403959
vt 0.823736 0.404883
vt 0.818042 0.403257
vt 0.821429 0.394549
vt 0.818568 0.393908
vt 0.824288 0.395216
vt 0.825415 0.412848
vt 0.825964 0.405530
vt 0.826852 0.395819
vt 0.825042 0.384656
vt 0.827806 0.385348
vt 0.822072 0.384036
vt 0.822526 0.375879
vt 0.825496 0.376825
vt 0.828520 0.377608
vt 0.831164 0.386288
vt 0.830139 0.396440
vt 0.831998 0.378527
vt 0.826445 0.370827
vt 0.829511 0.371613
vt 0.832933 0.372322
vt 0.836127 0.379529
vt 0.837119 0.373272
vt 0.835159 0.387044
vt 0.842154 0.374149
vt 0.841131 0.380501
vt 0.840114 0.387899
vt 0.846315 0.381482
vt 0.845416 0.388759
vt 0.847517 0.375192
vt 0.843071 0.368811
vt 0.849189 0.369376
vt 0.838020 0.367953
vt 0.525982 0.509127
vt 0.523975 0.514592
vt 0.519632 0.513628
vt 0.521264 0.507822
vt 0.521905 0.521433
vt 0.518711 0.520602
vt 0.517989 0.529494
vt 0.516971 0.527167
vt 0.854987 0.370222
vt 0.853234 0.376181
vt 0.857458 0.369402
vt 0.857128 0.377528
vt 0.856474 0.383229
vt 0.851681 0.382466
vt 0.850776 0.389566
vt 0.855919 0.390418
vt 0.855135 0.399769
vt 0.849993 0.399303
vt 0.844533 0.398661
vt 0.849370 0.407852
vt 0.843645 0.407810
vt 0.854735 0.407984
vt 0.859392 0.400406
vt 0.859208 0.408312
vt 0.860015 0.391078
vt 0.864597 0.401288
vt 0.864351 0.409152
vt 0.865290 0.391677
vt 0.860451 0.383488
vt 0.866408 0.383638
vt 0.860893 0.377782
vt 0.866918 0.373127
vt 0.872537 0.382921
vt 0.871136 0.392095
vt 0.874086 0.371371
vt 0.516619 0.543408
vt 0.529144 0.542095
vt 0.528194 0.548862
vt 0.516437 0.551841
vt 0.860618 0.372553
vt 0.863598 0.368287
vt 0.521072 0.536208
vt 0.529982 0.535552
vt 0.524417 0.529454
vt 0.531329 0.529885
vt 0.860421 0.364322
vt 0.539884 0.534736
vt 0.539510 0.541127
vt 0.540461 0.529805
vt 0.553714 0.534722
vt 0.552822 0.540710
vt 0.554350 0.530025
vt 0.533396 0.523160
vt 0.542012 0.523593
vt 0.555724 0.524039
vt 0.543663 0.517555
vt 0.557038 0.518135
vt 0.535677 0.516765
vt 0.527328 0.522382
vt 0.529412 0.515772
vt 0.545800 0.512634
vt 0.537840 0.511567
vt 0.531244 0.510391
vt 0.533205 0.505674
vt 0.539801 0.506965
vt 0.527669 0.504420
vt 0.522745 0.503588
vt 0.523453 0.500089
vt 0.528772 0.500497
vt 0.534494 0.501693
vt 0.833950 0.367352
vt 0.830949 0.366636
vt 0.523809 0.496659
vt 0.529408 0.497180
vt 0.827606 0.365998
vt 0.530103 0.494172
vt 0.525217 0.492521
vt 0.521118 0.490473
vt 0.519981 0.494128
vt 0.823081 0.369754
vt 0.823908 0.364225
vt 0.820176 0.363961
vt 0.819977 0.360049
vt 0.823763 0.360458
vt 0.819907 0.369047
vt 0.817305 0.363315
vt 0.816739 0.368330
vt 0.817644 0.359417
vt 0.521949 0.487839
vt 0.517177 0.488606
vt 0.518659 0.486325
vt 0.519142 0.484260
vt 0.522343 0.484890
vt 0.814647 0.362428
vt 0.815308 0.359071
vt 0.812168 0.360884
vt 0.812806 0.358605
vt 0.518787 0.481248
vt 0.522492 0.481012
vt 0.528106 0.482567
vt 0.526955 0.486115
vt 0.526086 0.489441
vt 0.531625 0.487258
vt 0.530848 0.490931
vt 0.532309 0.483561
vt 0.532835 0.478584
vt 0.528857 0.477163
vt 0.524431 0.476246
vt 0.538929 0.480927
vt 0.538552 0.485749
vt 0.537933 0.488811
vt 0.533337 0.473302
vt 0.540002 0.476321
vt 0.529128 0.471459
vt 0.547378 0.483519
vt 0.546327 0.486782
vt 0.548729 0.478966
vt 0.555089 0.480870
vt 0.554962 0.484837
vt 0.554366 0.487978
vt 0.549374 0.473694
vt 0.555071 0.474659
vt 0.540463 0.469851
vt 0.556447 0.468792
vt 0.550375 0.467553
vt 0.541305 0.463244
vt 0.532884 0.466447
vt 0.529917 0.458068
vt 0.529239 0.466475
vt 0.526363 0.464223
vt 0.525398 0.470614
vt 0.520852 0.469976
vt 0.521301 0.463031
vt 0.520566 0.475429
vt 0.798458 0.358749
vt 0.804799 0.359449
vt 0.803604 0.366070
vt 0.797745 0.365417
vt 0.790828 0.364653
vt 0.790931 0.358223
vt 0.797510 0.372288
vt 0.802941 0.372838
vt 0.791134 0.371797
vt 0.782343 0.371191
vt 0.782581 0.364121
vt 0.781113 0.357408
vt 0.791743 0.381090
vt 0.785762 0.381299
vt 0.797165 0.381103
vt 0.787086 0.392205
vt 0.791969 0.391978
vt 0.796833 0.391845
vt 0.796745 0.401942
vt 0.792180 0.401911
vt 0.787605 0.401982
vt 0.792301 0.408604
vt 0.787835 0.408611
vt 0.796734 0.408629
vt 0.796745 0.413906
vt 0.792406 0.413901
vt 0.787857 0.413718
vt 0.792384 0.417418
vt 0.787301 0.417009
vt 0.796914 0.417401
vt 0.801035 0.417230
vt 0.801063 0.414221
vt 0.801034 0.408629
vt 0.805137 0.408573
vt 0.804594 0.413975
vt 0.804555 0.416836
vt 0.801155 0.420258
vt 0.797120 0.420403
vt 0.804361 0.419905
vt 0.806215 0.419056
vt 0.806832 0.416281
vt 0.807620 0.412926
vt 0.810339 0.412536
vt 0.809476 0.416138
vt 0.808309 0.418948
vt 0.806351 0.421909
vt 0.804519 0.423575
vt 0.808297 0.420905
vt 0.808670 0.423978
vt 0.808864 0.425307
vt 0.809366 0.427514
vt 0.806114 0.427438
vt 0.801475 0.423374
vt 0.802454 0.426918
vt 0.807132 0.430758
vt 0.803569 0.430446
vt 0.804775 0.434399
vt 0.799516 0.434109
vt 0.798851 0.430091
vt 0.798056 0.426612
vt 0.793778 0.433999
vt 0.793463 0.430051
vt 0.793058 0.426538
vt 0.787582 0.430478
vt 0.787365 0.426842
vt 0.787788 0.434355
vt 0.794117 0.439685
vt 0.787899 0.440107
vt 0.800119 0.439505
vt 0.800236 0.447179
vt 0.794390 0.447461
vt 0.788461 0.448066
vt 0.794186 0.458189
vt 0.788918 0.458350
vt 0.789742 0.469099
vt 0.806852 0.447912
vt 0.790638 0.478611
vt 0.785669 0.469445
vt 0.784125 0.458555
vt 0.785720 0.478780
vt 0.785197 0.485907
vt 0.783044 0.486752
vt 0.781605 0.479404
vt 0.775644 0.485351
vt 0.777003 0.479402
vt 0.782173 0.492816
vt 0.773704 0.491456
vt 0.767266 0.490271
vt 0.770273 0.485443
vt 0.773630 0.478912
vt 0.772238 0.497242
vt 0.764509 0.495574
vt 0.782869 0.498885
vt 0.271200 0.161062
vt 0.278875 0.160962
vt 0.278331 0.166189
vt 0.271299 0.166402
vt 0.262758 0.160352
vt 0.262296 0.165874
vt 0.262436 0.155651
vt 0.270654 0.154299
vt 0.262596 0.151111
vt 0.269871 0.151910
vt 0.256072 0.151232
vt 0.247433 0.154329
vt 0.246877 0.147902
vt 0.254190 0.145888
vt 0.258945 0.140732
vt 0.253431 0.139217
vt 0.263921 0.141739
vt 0.258750 0.131111
vt 0.263517 0.132801
vt 0.252780 0.129584
vt 0.258610 0.123828
vt 0.263150 0.123169
vt 0.252928 0.124795
vt 0.270816 0.142967
vt 0.269922 0.133294
vt 0.268841 0.123034
vt 0.262434 0.114974
vt 0.258263 0.117769
vt 0.267644 0.113684
vt 0.274853 0.122840
vt 0.276529 0.132616
vt 0.274018 0.112796
vt 0.266653 0.106583
vt 0.272584 0.105125
vt 0.261507 0.107511
vt 0.265909 0.100018
vt 0.272057 0.098760
vt 0.259754 0.101169
vt 0.278373 0.103905
vt 0.279739 0.111708
vt 0.278085 0.098260
vt 0.283452 0.098006
vt 0.284094 0.103370
vt 0.284926 0.110742
vt 0.284816 0.121131
vt 0.280052 0.122018
vt 0.282313 0.132366
vt 0.286921 0.132498
vt 0.290602 0.120633
vt 0.291340 0.132580
vt 0.289707 0.110070
vt 0.294421 0.120326
vt 0.293683 0.109615
vt 0.294223 0.132553
vt 0.291704 0.143352
vt 0.288039 0.143326
vt 0.294638 0.143283
vt 0.297747 0.132570
vt 0.298114 0.143315
vt 0.297506 0.120339
vt 0.301543 0.143190
vt 0.301111 0.132554
vt 0.300822 0.120332
vt 0.297152 0.109410
vt 0.300653 0.109000
vt 0.296516 0.101383
vt 0.300111 0.100716
vt 0.293048 0.101939
vt 0.288870 0.102725
vt 0.292498 0.096532
vt 0.295896 0.095866
vt 0.288367 0.097083
vt 0.288483 0.092117
vt 0.292474 0.091823
vt 0.283670 0.092849
vt 0.288791 0.088228
vt 0.292141 0.088251
vt 0.283960 0.088240
vt 0.278502 0.093030
vt 0.281619 0.087777
vt 0.279818 0.086936
vt 0.277137 0.089027
vt 0.272025 0.089713
vt 0.272105 0.093871
vt 0.265482 0.094373
vt 0.265312 0.089309
vt 0.595546 0.441309
vt 0.596329 0.446768
vt 0.592318 0.447606
vt 0.591562 0.442266
vt 0.597024 0.453902
vt 0.592764 0.454534
vt 0.597201 0.461362
vt 0.593298 0.462364
vt 0.259111 0.094758
vt 0.258450 0.090173
vt 0.252686 0.094155
vt 0.252580 0.089639
vt 0.594125 0.468911
vt 0.597594 0.467770
vt 0.589053 0.463466
vt 0.588156 0.455779
vt 0.590654 0.470638
vt 0.594386 0.475236
vt 0.590646 0.476820
vt 0.597779 0.473389
vt 0.590967 0.482529
vt 0.594051 0.480851
vt 0.597525 0.478481
vt 0.246588 0.093514
vt 0.246778 0.089157
vt 0.240829 0.092914
vt 0.241290 0.088439
vt 0.597092 0.481648
vt 0.594063 0.484534
vt 0.236371 0.092773
vt 0.237559 0.087924
vt 0.595433 0.487691
vt 0.596811 0.486053
vt 0.232464 0.087253
vt 0.234310 0.084892
vt 0.234451 0.089253
vt 0.234055 0.092492
vt 0.230776 0.090948
vt 0.229582 0.085350
vt 0.232137 0.083330
vt 0.227963 0.089854
vt 0.227488 0.095897
vt 0.229752 0.096600
vt 0.232700 0.097496
vt 0.228355 0.104584
vt 0.226466 0.103763
vt 0.230724 0.105558
vt 0.230375 0.115445
vt 0.228178 0.114041
vt 0.226244 0.113085
vt 0.600861 0.505867
vt 0.595860 0.501697
vt 0.598123 0.500050
vt 0.602607 0.504842
vt 0.608384 0.509607
vt 0.607018 0.510557
vt 0.228015 0.122091
vt 0.226054 0.120976
vt 0.615476 0.514271
vt 0.614758 0.515549
vt 0.613733 0.516704
vt 0.605939 0.511789
vt 0.599134 0.507159
vt 0.613344 0.518054
vt 0.605131 0.513055
vt 0.598180 0.508836
vt 0.604318 0.515043
vt 0.597543 0.511249
vt 0.612616 0.520124
vt 0.621650 0.525225
vt 0.622017 0.523257
vt 0.622310 0.521927
vt 0.630169 0.528422
vt 0.629885 0.526760
vt 0.630453 0.530759
vt 0.629644 0.532695
vt 0.621274 0.527864
vt 0.611835 0.522419
vt 0.629252 0.536418
vt 0.620529 0.531345
vt 0.610627 0.525339
vt 0.619589 0.535344
vt 0.609350 0.530073
vt 0.628395 0.540743
vt 0.636410 0.541738
vt 0.634946 0.545711
vt 0.637471 0.537249
vt 0.626345 0.546617
vt 0.617921 0.541496
vt 0.632786 0.550461
vt 0.624104 0.554410
vt 0.615402 0.549775
vt 0.630605 0.558267
vt 0.612304 0.558016
vt 0.621065 0.562868
vt 0.628184 0.566384
vt 0.636067 0.561375
vt 0.634739 0.569554
vt 0.637729 0.553348
vt 0.867076 0.471367
vt 0.869450 0.478685
vt 0.861419 0.480072
vt 0.859854 0.472763
vt 0.851742 0.474831
vt 0.853420 0.482506
vt 0.845752 0.476100
vt 0.847217 0.482026
vt 0.640207 0.548577
vt 0.842049 0.482179
vt 0.840680 0.477118
vt 0.641480 0.544188
vt 0.837056 0.483166
vt 0.836228 0.478215
vt 0.641499 0.539455
vt 0.838778 0.469769
vt 0.835036 0.470849
vt 0.843567 0.468381
vt 0.833512 0.460368
vt 0.836873 0.459674
vt 0.841487 0.458757
vt 0.839699 0.447775
vt 0.835279 0.448426
vt 0.831841 0.449087
vt 0.830661 0.461087
vt 0.829062 0.449756
vt 0.832023 0.471762
vt 0.829378 0.472618
vt 0.828070 0.461803
vt 0.826527 0.450428
vt 0.833026 0.479135
vt 0.830526 0.480155
vt 0.834376 0.484235
vt 0.832524 0.485237
vt 0.828516 0.480852
vt 0.827310 0.473221
vt 0.830775 0.487577
vt 0.641458 0.536910
vt 0.637149 0.534386
vt 0.637219 0.532579
vt 0.641493 0.535402
vt 0.636322 0.530752
vt 0.642786 0.533447
vt 0.629850 0.524812
vt 0.635992 0.528622
vt 0.641558 0.529934
vt 0.622569 0.520250
vt 0.635128 0.525017
vt 0.629845 0.523024
vt 0.622725 0.518611
vt 0.155055 0.939218
vt 0.157620 0.940890
vt 0.146735 0.946231
vt 0.144909 0.944720
vt 0.166857 0.936649
vt 0.221796 0.121621
vt 0.222648 0.122924
vt 0.142699 0.942555
vt 0.153752 0.936914
vt 0.135305 0.948174
vt 0.135155 0.946095
vt 0.230097 0.124000
vt 0.232271 0.124469
vt 0.233075 0.116543
vt 0.231735 0.127957
vt 0.229428 0.127577
vt 0.235865 0.117210
vt 0.235221 0.126264
vt 0.234632 0.128329
vt 0.232798 0.108431
vt 0.235525 0.108221
vt 0.235461 0.098932
vt 0.237445 0.102054
vt 0.241184 0.108359
vt 0.241827 0.101995
vt 0.240988 0.117908
vt 0.246620 0.102947
vt 0.246439 0.108700
vt 0.246488 0.117996
vt 0.241008 0.125625
vt 0.246805 0.126544
vt 0.252424 0.117986
vt 0.252156 0.108792
vt 0.246598 0.129791
vt 0.240888 0.126910
vt 0.240663 0.129386
vt 0.239999 0.138248
vt 0.234322 0.137874
vt 0.246368 0.138839
vt 0.239997 0.148219
vt 0.235091 0.147607
vt 0.239531 0.153889
vt 0.234567 0.154941
vt 0.156322 0.925892
vt 0.156849 0.915981
vt 0.146601 0.934604
vt 0.150865 0.936276
vt 0.234981 0.159750
vt 0.139536 0.941688
vt 0.134812 0.941544
vt 0.257668 0.108872
vt 0.257141 0.104577
vt 0.252211 0.103116
vt 0.252800 0.098854
vt 0.246688 0.097876
vt 0.241082 0.097574
vt 0.173665 0.939673
vt 0.176514 0.942637
vt 0.168601 0.939822
vt 0.180516 0.941425
vt 0.182452 0.944472
vt 0.186643 0.945086
vt 0.187816 0.947946
vt 0.185600 0.941865
vt 0.231166 0.173775
vt 0.230617 0.171304
vt 0.191174 0.945580
vt 0.191158 0.950181
vt 0.824262 0.493463
vt 0.821255 0.493568
vt 0.820638 0.488220
vt 0.823386 0.488190
vt 0.827919 0.493392
vt 0.826532 0.488200
vt 0.825554 0.481673
vt 0.831474 0.492931
vt 0.824400 0.474003
vt 0.823066 0.463408
vt 0.825987 0.462506
vt 0.821560 0.451873
vt 0.824370 0.451054
vt 0.825070 0.440711
vt 0.822755 0.441428
vt 0.827544 0.440019
vt 0.823923 0.433451
vt 0.826128 0.432667
vt 0.823274 0.426558
vt 0.825311 0.425894
vt 0.825372 0.419018
vt 0.828086 0.419549
vt 0.828136 0.425419
vt 0.829031 0.432016
vt 0.831570 0.419947
vt 0.831591 0.425458
vt 0.832285 0.431493
vt 0.828308 0.413507
vt 0.831756 0.414143
vt 0.829141 0.406348
vt 0.832706 0.406997
vt 0.834004 0.397172
vt 0.838806 0.397981
vt 0.837713 0.407552
vt 0.837121 0.414670
vt 0.843184 0.414979
vt 0.837006 0.420515
vt 0.843193 0.420752
vt 0.849054 0.420817
vt 0.848945 0.415014
vt 0.854322 0.414932
vt 0.854012 0.421314
vt 0.859379 0.415078
vt 0.859776 0.420961
vt 0.863883 0.415472
vt 0.863526 0.420715
vt 0.868421 0.416877
vt 0.869481 0.410893
vt 0.866982 0.420886
vt 0.870329 0.402146
vt 0.871831 0.420060
vt 0.872784 0.414009
vt 0.874093 0.402845
vt 0.874963 0.392079
vt 0.876521 0.382318
vt 0.878616 0.381433
vt 0.877695 0.391799
vt 0.876940 0.404085
vt 0.732603 0.410297
vt 0.731034 0.397955
vt 0.733337 0.396387
vt 0.734429 0.408592
vt 0.729405 0.386959
vt 0.731920 0.385021
vt 0.729942 0.374713
vt 0.728774 0.375189
vt 0.879046 0.371788
vt 0.881651 0.371194
vt 0.519514 0.560559
vt 0.518423 0.559454
vt 0.526902 0.559231
vt 0.526531 0.561252
vt 0.517159 0.557242
vt 0.527482 0.557114
vt 0.537129 0.560186
vt 0.536524 0.562130
vt 0.537666 0.557408
vt 0.549986 0.561079
vt 0.550531 0.557813
vt 0.549205 0.563428
vt 0.726374 0.368471
vt 0.725502 0.369857
vt 0.717797 0.364033
vt 0.719149 0.362879
vt 0.711218 0.356379
vt 0.709627 0.357698
vt 0.712440 0.355270
vt 0.720737 0.360880
vt 0.728994 0.365801
vt 0.713144 0.353664
vt 0.721763 0.358891
vt 0.731589 0.363187
vt 0.714736 0.351756
vt 0.723220 0.357230
vt 0.733896 0.360562
vt 0.723839 0.355538
vt 0.734283 0.357469
vt 0.715615 0.350367
vt 0.332283 0.088025
vt 0.323524 0.090976
vt 0.324057 0.088331
vt 0.333333 0.085579
vt 0.334251 0.083572
vt 0.324833 0.086032
vt 0.553894 0.430105
vt 0.553748 0.433729
vt 0.542601 0.433445
vt 0.542572 0.429804
vt 0.566762 0.429424
vt 0.566588 0.433221
vt 0.578444 0.429592
vt 0.578363 0.433259
vt 0.316059 0.090618
vt 0.316902 0.087831
vt 0.309708 0.091215
vt 0.310404 0.087934
vt 0.586392 0.429936
vt 0.586198 0.433807
vt 0.590585 0.428427
vt 0.590442 0.432901
vt 0.304242 0.091062
vt 0.304810 0.087635
vt 0.315549 0.093740
vt 0.308901 0.095045
vt 0.303859 0.095184
vt 0.299769 0.091049
vt 0.299743 0.095510
vt 0.300198 0.087398
vt 0.295811 0.091128
vt 0.295931 0.087071
vt 0.596240 0.429110
vt 0.596462 0.424357
vt 0.598073 0.426093
vt 0.598555 0.427738
vt 0.593863 0.431757
vt 0.593622 0.427674
vt 0.599115 0.430923
vt 0.596980 0.433298
vt 0.594247 0.436919
vt 0.590722 0.437879
vt 0.585747 0.438115
vt 0.586497 0.442959
vt 0.587227 0.448527
vt 0.578104 0.437333
vt 0.578403 0.443722
vt 0.579860 0.450398
vt 0.566496 0.444818
vt 0.566461 0.437492
vt 0.568078 0.453919
vt 0.581564 0.457137
vt 0.570590 0.459633
vt 0.583639 0.464620
vt 0.575477 0.465365
vt 0.565312 0.464121
vt 0.560675 0.463202
vt 0.553682 0.458587
vt 0.580566 0.472393
vt 0.572979 0.472960
vt 0.586170 0.471440
vt 0.587822 0.477697
vt 0.584065 0.478539
vt 0.577462 0.479433
vt 0.587636 0.484682
vt 0.585149 0.483172
vt 0.580525 0.486528
vt 0.579979 0.483736
vt 0.580763 0.489545
vt 0.587213 0.488561
vt 0.591323 0.486457
vt 0.592063 0.490074
vt 0.587559 0.492200
vt 0.580791 0.493091
vt 0.587952 0.495774
vt 0.580675 0.496348
vt 0.592838 0.493876
vt 0.596437 0.491244
vt 0.593844 0.497735
vt 0.596980 0.495629
vt 0.589064 0.500511
vt 0.593898 0.503512
vt 0.580581 0.499558
vt 0.580062 0.501900
vt 0.587645 0.503002
vt 0.592553 0.505353
vt 0.586030 0.505793
vt 0.591315 0.507724
vt 0.590261 0.510788
vt 0.584537 0.508886
vt 0.597207 0.514069
vt 0.603907 0.518154
vt 0.596890 0.518187
vt 0.591896 0.515699
vt 0.602891 0.521480
vt 0.596019 0.523576
vt 0.601714 0.526418
vt 0.607164 0.536700
vt 0.599953 0.532441
vt 0.594322 0.530189
vt 0.604812 0.544345
vt 0.597290 0.540303
vt 0.591570 0.537968
vt 0.594414 0.548620
vt 0.601912 0.553318
vt 0.599077 0.560168
vt 0.591274 0.555902
vt 0.609556 0.564730
vt 0.589068 0.561754
vt 0.597578 0.565066
vt 0.607871 0.569108
vt 0.606795 0.571715
vt 0.596044 0.567920
vt 0.585724 0.564306
vt 0.585524 0.552666
vt 0.583207 0.559290
vt 0.580301 0.562166
vt 0.594724 0.570250
vt 0.581573 0.565768
vt 0.576254 0.561882
vt 0.577357 0.558727
vt 0.579699 0.558711
vt 0.573934 0.558828
vt 0.578458 0.550956
vt 0.574455 0.550135
vt 0.581345 0.551567
vt 0.569063 0.561863
vt 0.568542 0.558791
vt 0.569077 0.549331
vt 0.579994 0.543414
vt 0.576695 0.543125
vt 0.570516 0.541967
vt 0.562032 0.548165
vt 0.563166 0.541179
vt 0.561324 0.558098
vt 0.564431 0.535051
vt 0.572384 0.535585
vt 0.581442 0.536908
vt 0.565674 0.530408
vt 0.573753 0.531050
vt 0.579748 0.531621
vt 0.567488 0.524211
vt 0.574620 0.524474
vt 0.568611 0.517999
vt 0.575801 0.517896
vt 0.558209 0.513131
vt 0.569415 0.512912
vt 0.576960 0.512741
vt 0.569973 0.508542
vt 0.578336 0.508430
vt 0.559094 0.508766
vt 0.547756 0.508140
vt 0.570441 0.504974
vt 0.559947 0.505049
vt 0.549201 0.504172
vt 0.560560 0.501364
vt 0.570929 0.501593
vt 0.550499 0.500390
vt 0.542431 0.499176
vt 0.541236 0.502945
vt 0.561046 0.498454
vt 0.551542 0.497211
vt 0.543457 0.496172
vt 0.535453 0.498148
vt 0.536290 0.495242
vt 0.544439 0.493008
vt 0.537220 0.492162
vt 0.545445 0.489940
vt 0.552495 0.494307
vt 0.553495 0.491329
vt 0.562779 0.489698
vt 0.562053 0.492759
vt 0.561495 0.495533
vt 0.571632 0.493034
vt 0.571644 0.495910
vt 0.572078 0.489764
vt 0.571357 0.498915
vt 0.579253 0.505138
vt 0.582843 0.512863
vt 0.586940 0.513847
vt 0.581385 0.518444
vt 0.585870 0.519594
vt 0.589053 0.515353
vt 0.588415 0.520508
vt 0.591806 0.521683
vt 0.590643 0.528767
vt 0.587531 0.527249
vt 0.586833 0.533686
vt 0.588206 0.535836
vt 0.585009 0.526282
vt 0.584800 0.532237
vt 0.583712 0.539562
vt 0.580113 0.525111
vt 0.587325 0.543636
vt 0.583194 0.544580
vt 0.572862 0.486925
vt 0.563273 0.485992
vt 0.574002 0.483578
vt 0.566120 0.483141
vt 0.565876 0.479317
vt 0.574042 0.479552
vt 0.568898 0.473829
vt 0.564186 0.474876
vt 0.559776 0.481054
vt 0.559356 0.474548
vt 0.561582 0.469245
vt 0.551821 0.547703
vt 0.538898 0.547751
vt 0.561135 0.561135
vt 0.560951 0.563519
vt 0.570197 0.564157
vt 0.315802 0.101085
vt 0.309069 0.105957
vt 0.308965 0.105789
vt 0.315544 0.099608
vt 0.323306 0.095880
vt 0.323598 0.097945
vt 0.315214 0.096904
vt 0.323120 0.093411
vt 0.308689 0.099068
vt 0.331304 0.091990
vt 0.331729 0.090049
vt 0.330885 0.093883
vt 0.303824 0.100280
vt 0.304138 0.107894
vt 0.593749 0.572017
vt 0.581430 0.565775
vt 0.307430 0.119742
vt 0.303963 0.120109
vt 0.307229 0.132658
vt 0.304230 0.132651
vt 0.606039 0.574219
vt 0.605640 0.576204
vt 0.615093 0.577918
vt 0.615992 0.575797
vt 0.614506 0.580018
vt 0.623197 0.578992
vt 0.622131 0.581394
vt 0.621184 0.583110
vt 0.629973 0.582078
vt 0.627906 0.584956
vt 0.626398 0.585987
vt 0.308143 0.150670
vt 0.309789 0.156512
vt 0.307514 0.157409
vt 0.305688 0.150562
vt 0.304740 0.143067
vt 0.307577 0.142920
vt 0.302017 0.150814
vt 0.302126 0.157118
vt 0.298254 0.151095
vt 0.297918 0.157115
vt 0.301588 0.162663
vt 0.306767 0.162992
vt 0.297011 0.162427
vt 0.292858 0.162022
vt 0.293783 0.157280
vt 0.294429 0.151147
vt 0.300710 0.166592
vt 0.295751 0.166305
vt 0.291854 0.166036
vt 0.289784 0.161726
vt 0.290752 0.157047
vt 0.288839 0.165638
vt 0.285586 0.165180
vt 0.285991 0.161402
vt 0.286903 0.156867
vt 0.291564 0.151179
vt 0.287761 0.151326
vt 0.283831 0.151910
vt 0.283028 0.156501
vt 0.282458 0.161124
vt 0.279476 0.156016
vt 0.280437 0.152664
vt 0.282543 0.165004
vt 0.284050 0.143375
vt 0.277804 0.143375
vt 0.282242 0.167721
vt 0.280457 0.169184
vt 0.284993 0.168287
vt 0.756692 0.492157
vt 0.760226 0.493600
vt 0.758359 0.495665
vt 0.755852 0.495168
vt 0.752768 0.494822
vt 0.753369 0.491546
vt 0.288030 0.168878
vt 0.749823 0.494484
vt 0.750288 0.491036
vt 0.290834 0.169587
vt 0.295488 0.169455
vt 0.746458 0.490856
vt 0.745609 0.486975
vt 0.749720 0.487074
vt 0.753531 0.487420
vt 0.748948 0.482374
vt 0.744923 0.482171
vt 0.753044 0.482642
vt 0.757227 0.482746
vt 0.757441 0.488042
vt 0.761364 0.488974
vt 0.762215 0.482871
vt 0.757056 0.477276
vt 0.752639 0.476700
vt 0.761315 0.477704
vt 0.766152 0.477931
vt 0.757095 0.468943
vt 0.761600 0.469201
vt 0.765384 0.469365
vt 0.769627 0.476421
vt 0.769598 0.469811
vt 0.768966 0.459892
vt 0.765457 0.459846
vt 0.761518 0.459760
vt 0.765061 0.451052
vt 0.768297 0.451018
vt 0.761703 0.450844
vt 0.757287 0.459417
vt 0.757732 0.450567
vt 0.752664 0.458778
vt 0.753200 0.449909
vt 0.752450 0.468468
vt 0.748645 0.467909
vt 0.749008 0.458208
vt 0.748603 0.476248
vt 0.744760 0.475748
vt 0.744592 0.467129
vt 0.740969 0.475109
vt 0.740865 0.466355
vt 0.740603 0.482097
vt 0.741492 0.486941
vt 0.735359 0.481343
vt 0.736916 0.474207
vt 0.737017 0.465513
vt 0.734593 0.473758
vt 0.734236 0.464951
vt 0.733308 0.479922
vt 0.736750 0.455493
vt 0.733797 0.454800
vt 0.740585 0.456466
vt 0.884701 0.468327
vt 0.882312 0.468649
vt 0.880529 0.460530
vt 0.883222 0.460196
vt 0.882009 0.450635
vt 0.879188 0.451230
vt 0.733665 0.444606
vt 0.736653 0.445667
vt 0.877695 0.441931
vt 0.880497 0.440882
vt 0.876754 0.451886
vt 0.875147 0.442835
vt 0.878353 0.460915
vt 0.873186 0.452741
vt 0.871582 0.443755
vt 0.874723 0.461486
vt 0.879922 0.469031
vt 0.876376 0.469591
vt 0.870219 0.462304
vt 0.872523 0.470270
vt 0.868280 0.453778
vt 0.862121 0.454991
vt 0.864681 0.463377
vt 0.875176 0.477691
vt 0.878861 0.476595
vt 0.633288 0.574943
vt 0.625951 0.571709
vt 0.624546 0.575824
vt 0.631606 0.579009
vt 0.618740 0.568934
vt 0.617033 0.573032
vt 0.881826 0.476131
vt 0.885030 0.474866
vt 0.857731 0.464909
vt 0.855430 0.456270
vt 0.849783 0.466815
vt 0.847840 0.457651
vt 0.845826 0.447093
vt 0.852792 0.446317
vt 0.844385 0.437905
vt 0.850973 0.437656
vt 0.838486 0.438229
vt 0.843559 0.431342
vt 0.849846 0.431486
vt 0.837643 0.431321
vt 0.833739 0.438817
vt 0.830331 0.439212
vt 0.837080 0.425303
vt 0.843156 0.425393
vt 0.849395 0.425888
vt 0.855121 0.426660
vt 0.856138 0.431454
vt 0.857531 0.437445
vt 0.860822 0.425827
vt 0.862354 0.430669
vt 0.864236 0.436651
vt 0.866297 0.444820
vt 0.859594 0.445669
vt 0.869772 0.435614
vt 0.873909 0.434427
vt 0.867482 0.429633
vt 0.871184 0.427792
vt 0.865248 0.425144
vt 0.869043 0.423712
vt 0.874264 0.425052
vt 0.876700 0.419507
vt 0.876333 0.433036
vt 0.878436 0.430956
vt 0.737222 0.436666
vt 0.734263 0.434963
vt 0.735877 0.423466
vt 0.739092 0.428902
vt 0.742610 0.432610
vt 0.741308 0.438923
vt 0.740758 0.446993
vt 0.745508 0.440822
vt 0.744943 0.448270
vt 0.744673 0.457353
vt 0.749360 0.449243
vt 0.754199 0.443080
vt 0.750223 0.442224
vt 0.758822 0.443746
vt 0.755431 0.437731
vt 0.759815 0.438013
vt 0.751375 0.436872
vt 0.761002 0.433824
vt 0.756406 0.433763
vt 0.752634 0.432917
vt 0.746921 0.434968
vt 0.748758 0.430755
vt 0.744566 0.427715
vt 0.741143 0.423524
vt 0.744546 0.419796
vt 0.747850 0.423767
vt 0.750440 0.427118
vt 0.737765 0.418486
vt 0.742053 0.414274
vt 0.748765 0.416933
vt 0.750365 0.420902
vt 0.746475 0.411663
vt 0.738990 0.405026
vt 0.743522 0.402410
vt 0.748001 0.400383
vt 0.751032 0.409793
vt 0.752598 0.415065
vt 0.751835 0.398914
vt 0.754334 0.408575
vt 0.756516 0.414050
vt 0.754019 0.418797
vt 0.757432 0.417979
vt 0.758494 0.407386
vt 0.760613 0.413604
vt 0.761677 0.418055
vt 0.755036 0.422043
vt 0.757756 0.421388
vt 0.761080 0.421394
vt 0.764493 0.422199
vt 0.765125 0.418777
vt 0.764619 0.413651
vt 0.768492 0.420032
vt 0.767747 0.414248
vt 0.768739 0.424456
vt 0.765454 0.406219
vt 0.761811 0.406568
vt 0.759921 0.396549
vt 0.763815 0.395573
vt 0.755931 0.397629
vt 0.753631 0.386825
vt 0.757471 0.385723
vt 0.749343 0.388118
vt 0.745470 0.389475
vt 0.743964 0.380166
vt 0.748057 0.378798
vt 0.751804 0.377752
vt 0.740797 0.391473
vt 0.739155 0.381949
vt 0.734290 0.383902
vt 0.736566 0.393820
vt 0.731807 0.374536
vt 0.739600 0.373732
vt 0.735667 0.368314
vt 0.742340 0.367048
vt 0.738893 0.363655
vt 0.746525 0.362629
vt 0.749795 0.359611
vt 0.741520 0.360423
vt 0.750043 0.365067
vt 0.748193 0.365391
vt 0.752524 0.365149
vt 0.526224 0.430442
vt 0.521568 0.428869
vt 0.520847 0.426721
vt 0.526088 0.427629
vt 0.755304 0.364777
vt 0.752895 0.359519
vt 0.749080 0.371789
vt 0.752221 0.371085
vt 0.755866 0.369856
vt 0.759413 0.368991
vt 0.758174 0.364374
vt 0.755534 0.359505
vt 0.764573 0.363383
vt 0.764129 0.368562
vt 0.759150 0.359717
vt 0.763777 0.374349
vt 0.759280 0.375708
vt 0.755588 0.376898
vt 0.761717 0.384758
vt 0.764980 0.384017
vt 0.769138 0.383360
vt 0.769056 0.374021
vt 0.772286 0.370052
vt 0.766417 0.394925
vt 0.770333 0.394260
vt 0.768899 0.405416
vt 0.771911 0.404115
vt 0.773180 0.382954
vt 0.774490 0.393766
vt 0.775916 0.403376
vt 0.778416 0.393186
vt 0.779595 0.402936
vt 0.777491 0.382438
vt 0.781843 0.381705
vt 0.782848 0.392643
vt 0.783500 0.402337
vt 0.775781 0.373960
vt 0.781674 0.373923
vt 0.772864 0.375307
vt 0.774087 0.363435
vt 0.774374 0.357686
vt 0.766819 0.357396
vt 0.532253 0.444918
vt 0.531551 0.452849
vt 0.523263 0.449875
vt 0.523719 0.442920
vt 0.520122 0.454554
vt 0.762043 0.353489
vt 0.532411 0.437257
vt 0.522926 0.436294
vt 0.542928 0.444828
vt 0.542164 0.456311
vt 0.542597 0.437136
vt 0.532697 0.433773
vt 0.524089 0.434078
vt 0.532633 0.429545
vt 0.517375 0.427930
vt 0.519028 0.427424
vt 0.531380 0.427345
vt 0.553544 0.437676
vt 0.553107 0.445572
vt 0.783672 0.408956
vt 0.780414 0.410034
vt 0.776970 0.411537
vt 0.781900 0.415401
vt 0.776788 0.416052
vt 0.783771 0.413029
vt 0.787141 0.420278
vt 0.781716 0.420127
vt 0.776655 0.420451
vt 0.781310 0.423778
vt 0.776516 0.423900
vt 0.787146 0.423639
vt 0.781225 0.427360
vt 0.776231 0.427579
vt 0.772477 0.420625
vt 0.772430 0.424226
vt 0.772069 0.427824
vt 0.772116 0.432066
vt 0.775998 0.431588
vt 0.781295 0.431100
vt 0.769096 0.428267
vt 0.769094 0.432765
vt 0.776369 0.436969
vt 0.771568 0.436379
vt 0.767539 0.437919
vt 0.765246 0.429760
vt 0.764865 0.433469
vt 0.763369 0.438026
vt 0.762164 0.443955
vt 0.765704 0.444188
vt 0.768615 0.444363
vt 0.769217 0.439838
vt 0.771711 0.438437
vt 0.772061 0.444156
vt 0.774448 0.439209
vt 0.775343 0.443463
vt 0.778086 0.441974
vt 0.779392 0.449080
vt 0.775426 0.450101
vt 0.772145 0.450763
vt 0.776571 0.459551
vt 0.780606 0.459142
vt 0.772715 0.459785
vt 0.777585 0.470099
vt 0.773800 0.470101
vt 0.781304 0.469864
vt 0.783540 0.448362
vt 0.782263 0.440576
vt 0.781667 0.435310
vt 0.761238 0.430272
vt 0.764166 0.427069
vt 0.760768 0.427349
vt 0.757265 0.430380
vt 0.757788 0.427211
vt 0.760484 0.424580
vt 0.762716 0.424861
vt 0.758437 0.424772
vt 0.755060 0.426797
vt 0.754075 0.429629
vt 0.756675 0.424741
vt 0.752796 0.424166
vt 0.772106 0.414451
vt 0.773687 0.411801
vt 0.792703 0.423548
vt 0.792487 0.420421
vt 0.797436 0.423483
vt 0.745333 0.372366
vt 0.886615 0.474434
vt 0.816901 0.487806
vt 0.817631 0.492992
vt 0.812646 0.497927
vt 0.817439 0.497436
vt 0.820071 0.497801
vt 0.805857 0.439465
vt 0.810932 0.408149
vt 0.807877 0.408252
vt 0.808718 0.402284
vt 0.811516 0.402281
vt 0.814747 0.402587
vt 0.809184 0.392361
vt 0.812142 0.392656
vt 0.815235 0.393209
vt 0.816053 0.382940
vt 0.819256 0.383490
vt 0.812777 0.382522
vt 0.813255 0.374139
vt 0.816471 0.374640
vt 0.819643 0.375157
vt 0.810050 0.382123
vt 0.810881 0.373767
vt 0.807438 0.373395
vt 0.806839 0.381684
vt 0.806059 0.392098
vt 0.805589 0.402193
vt 0.801543 0.391871
vt 0.802180 0.381324
vt 0.801196 0.402004
vt 0.808389 0.366569
vt 0.810915 0.366879
vt 0.809778 0.360200
vt 0.813482 0.367589
vt 0.518393 0.479457
vt 0.520294 0.479506
s 1
usemtl abyss_chancel_background_pbr
f 1/1/1 2/2/2 539/3/3 4/4/4
f 1/1/1 3/5/5 554/6/6 2/2/2
f 3/7/5 1/8/1 5/9/7 6/10/8
f 1/8/1 4/11/4 8/12/9 5/9/7
f 5/9/7 7/13/10 24/14/11 6/10/8
f 8/12/9 9/15/12 7/13/10 5/9/7
f 11/16/13 10/17/14 8/12/9 4/11/4
f 10/17/14 13/18/15 9/15/12 8/12/9
f 10/17/14 11/16/13 32/19/16 12/20/17
f 10/21/14 12/22/17 15/23/18 13/24/15
f 14/25/19 27/26/20 9/15/12 13/18/15
f 13/24/15 15/23/18 17/27/21 14/28/19
f 12/22/17 29/29/22 16/30/23 15/23/18
f 16/30/23 19/31/24 17/27/21 15/23/18
f 17/32/21 18/33/25 28/34/26 14/25/19
f 19/31/24 20/35/27 18/36/25 17/27/21
f 19/31/24 21/37/28 23/38/29 20/35/27
f 21/37/28 19/31/24 16/30/23 24/39/11
f 22/40/30 21/41/28 24/14/11 7/13/10
f 21/41/28 22/40/30 25/42/31 23/43/29
f 6/44/8 24/39/11 16/30/23 29/29/22
f 20/45/27 23/43/29 25/42/31 26/46/32
f 27/26/20 26/46/32 25/42/31 22/40/30
f 27/26/20 14/25/19 28/34/26 26/46/32
f 20/45/27 26/46/32 28/34/26 18/33/25
f 27/26/20 22/40/30 7/13/10 9/15/12
f 30/47/33 3/48/5 6/44/8 29/29/22
f 29/29/22 12/22/17 32/49/16 30/47/33
f 31/50/34 30/51/33 32/52/16 34/53/35
f 30/51/33 31/50/34 554/6/6 3/5/5
f 11/54/13 541/55/36 33/56/37 32/57/16
f 35/58/38 32/59/16 33/60/37 38/61/39
f 35/58/38 37/62/40 34/63/35 32/59/16
f 38/61/39 39/64/41 36/65/42 35/58/38
f 37/62/40 35/58/38 36/65/42 1251/66/43
f 38/61/39 40/67/44 43/68/45 39/64/41
f 33/60/37 41/69/46 40/67/44 38/61/39
f 328/70/47 42/71/48 40/67/44 41/69/46
f 42/71/48 44/72/49 43/68/45 40/67/44
f 44/73/49 47/74/50 45/75/51 43/76/45
f 39/77/41 43/76/45 45/75/51 46/78/52
f 46/78/52 45/75/51 48/79/53 51/80/54
f 47/74/50 49/81/55 48/79/53 45/75/51
f 49/81/55 310/82/56 50/83/57 48/79/53
f 51/80/54 48/79/53 50/83/57 53/84/58
f 46/78/52 51/80/54 52/85/59 1250/86/60
f 53/84/58 54/87/61 52/85/59 51/80/54
f 54/87/61 53/84/58 55/88/62 58/89/63
f 53/84/58 50/83/57 56/90/64 55/88/62
f 57/91/65 55/88/62 56/90/64 304/92/66
f 60/93/67 58/89/63 55/88/62 57/91/65
f 59/94/68 58/89/63 60/93/67 62/95/69
f 58/89/63 59/94/68 1289/96/70 54/87/61
f 305/97/71 61/98/72 60/93/67 57/91/65
f 63/99/73 62/95/69 60/93/67 61/98/72
f 65/100/74 64/101/75 62/95/69 63/99/73
f 67/102/76 59/94/68 62/95/69 64/101/75
f 77/103/77 66/104/78 64/101/75 65/100/74
f 69/105/79 67/102/76 64/101/75 66/104/78
f 67/102/76 68/106/80 1289/96/70 59/94/68
f 68/106/80 67/102/76 69/105/79 70/107/81
f 72/108/82 70/107/81 69/105/79 71/109/83
f 74/110/84 71/109/83 69/105/79 66/104/78
f 73/111/85 564/112/86 72/108/82 71/109/83
f 71/109/83 74/110/84 75/113/87 73/111/85
f 66/104/78 77/103/77 76/114/88 74/110/84
f 76/114/88 78/115/89 75/113/87 74/110/84
f 80/116/90 79/117/91 76/114/88 77/103/77
f 81/118/92 78/115/89 76/114/88 79/117/91
f 80/116/90 83/119/93 82/120/94 79/117/91
f 82/120/94 85/121/95 81/118/92 79/117/91
f 285/122/96 84/123/97 82/120/94 83/119/93
f 87/124/98 85/121/95 82/120/94 84/123/97
f 86/125/99 1247/126/100 81/118/92 85/121/95
f 85/121/95 87/124/98 89/127/101 86/125/99
f 84/123/97 284/128/102 88/129/103 87/124/98
f 88/129/103 91/130/104 89/127/101 87/124/98
f 92/131/105 90/132/106 89/127/101 91/130/104
f 89/127/101 90/132/106 579/133/107 86/125/99
f 92/131/105 91/130/104 93/134/108 94/135/109
f 93/134/108 91/130/104 88/129/103 95/136/110
f 94/135/109 93/134/108 96/137/111 99/138/112
f 93/134/108 95/136/110 97/139/113 96/137/111
f 97/139/113 275/140/114 98/141/115 96/137/111
f 99/138/112 96/137/111 98/141/115 100/142/116
f 104/143/117 94/135/109 99/138/112 101/144/118
f 102/145/119 101/144/118 99/138/112 100/142/116
f 103/146/120 101/144/118 102/145/119 1257/147/121
f 104/143/117 101/144/118 103/146/120 106/148/122
f 94/135/109 104/143/117 105/149/123 92/131/105
f 106/148/122 107/150/124 105/149/123 104/143/117
f 107/150/124 106/148/122 108/151/125 111/152/126
f 106/148/122 103/146/120 109/153/127 108/151/125
f 110/154/128 108/151/125 109/153/127 1263/155/129
f 113/156/130 111/152/126 108/151/125 110/154/128
f 590/157/131 107/150/124 111/152/126 112/158/132
f 111/152/126 113/156/130 114/159/133 112/158/132
f 115/160/134 118/161/135 114/159/133 113/156/130
f 110/154/128 117/162/136 115/160/134 113/156/130
f 1269/163/137 116/164/138 115/160/134 117/162/136
f 120/165/139 118/161/135 115/160/134 116/164/138
f 119/166/140 594/167/141 114/159/133 118/161/135
f 118/161/135 120/165/139 122/168/142 119/166/140
f 191/169/143 121/170/144 120/165/139 116/164/138
f 120/165/139 121/170/144 123/171/145 122/168/142
f 124/172/146 122/168/142 123/171/145 125/173/147
f 126/174/148 119/166/140 122/168/142 124/172/146
f 124/172/146 125/173/147 130/175/149 127/176/150
f 127/176/150 128/177/151 126/174/148 124/172/146
f 128/177/151 127/176/150 129/178/152 145/179/153
f 127/176/150 130/175/149 131/180/154 129/178/152
f 132/181/155 135/182/156 131/180/154 130/175/149
f 125/173/147 133/183/157 132/181/155 130/175/149
f 183/184/158 134/185/159 132/186/155 133/187/157
f 136/188/160 135/189/156 132/186/155 134/185/159
f 136/188/160 138/190/161 137/191/162 135/189/156
f 135/182/156 137/192/162 139/193/163 131/180/154
f 138/194/161 140/195/164 139/193/163 137/192/162
f 139/193/163 140/195/164 142/196/165 141/197/166
f 129/178/152 131/180/154 139/193/163 141/197/166
f 143/198/167 141/197/166 142/196/165 144/199/168
f 143/198/167 145/179/153 129/178/152 141/197/166
f 149/200/169 146/201/170 143/198/167 144/199/168
f 147/202/171 145/179/153 143/198/167 146/201/170
f 146/201/170 148/203/172 598/204/173 147/202/171
f 149/200/169 150/205/174 148/203/172 146/201/170
f 151/206/175 152/207/176 150/205/174 149/200/169
f 149/200/169 144/199/168 154/208/177 151/206/175
f 153/209/178 612/210/179 152/207/176 151/206/175
f 151/206/175 154/208/177 155/211/180 153/209/178
f 156/212/181 158/213/182 155/211/180 154/208/177
f 142/196/165 156/212/181 154/208/177 144/199/168
f 157/214/183 156/212/181 142/196/165 140/195/164
f 156/212/181 157/214/183 160/215/184 158/213/182
f 159/216/185 617/217/186 155/211/180 158/213/182
f 159/216/185 158/213/182 160/215/184 161/218/187
f 160/219/184 162/220/188 853/221/189 161/222/187
f 165/223/190 163/224/191 160/215/184 157/214/183
f 160/219/184 163/225/191 166/226/192 162/220/188
f 163/225/191 164/227/193 167/228/194 166/226/192
f 163/224/191 165/223/190 138/194/161 164/229/193
f 162/220/188 166/226/192 168/230/195 169/231/196
f 167/228/194 171/232/197 168/230/195 166/226/192
f 168/230/195 170/233/198 849/234/199 169/231/196
f 172/235/200 170/233/198 168/230/195 171/232/197
f 171/232/197 167/228/194 176/236/201 173/237/202
f 173/237/202 174/238/203 172/235/200 171/232/197
f 174/238/203 173/237/202 175/239/204 767/240/205
f 173/237/202 176/236/201 178/241/206 175/239/204
f 167/228/194 164/227/193 177/242/207 176/236/201
f 178/241/206 176/236/201 177/242/207 180/243/208
f 773/244/209 175/239/204 178/241/206 179/245/210
f 181/246/211 179/245/210 178/241/206 180/243/208
f 181/246/211 180/243/208 134/185/159 183/184/158
f 177/242/207 136/188/160 134/185/159 180/243/208
f 182/247/212 848/248/213 179/245/210 181/246/211
f 181/246/211 183/184/158 184/249/214 182/247/212
f 133/187/157 186/250/215 184/249/214 183/184/158
f 187/251/216 185/252/217 184/249/214 186/250/215
f 184/249/214 185/252/217 787/253/218 182/247/212
f 125/173/147 123/171/145 186/254/215 133/183/157
f 121/170/144 187/255/216 186/254/215 123/171/145
f 185/252/217 187/251/216 188/256/219 189/257/220
f 121/170/144 191/169/143 188/258/219 187/255/216
f 789/259/221 189/257/220 188/256/219 190/260/222
f 193/261/223 190/260/222 188/256/219 192/262/224
f 194/263/225 192/264/224 188/258/219 191/169/143
f 192/264/224 195/265/226 198/266/227 193/267/223
f 192/264/224 194/263/225 197/268/228 195/265/226
f 196/269/229 195/265/226 197/268/228 1288/270/230
f 196/269/229 199/271/231 198/266/227 195/265/226
f 200/272/232 193/261/223 198/273/227 199/274/231
f 200/272/232 199/274/231 201/275/233 204/276/234
f 199/271/231 196/269/229 203/277/235 201/278/233
f 203/277/235 1287/279/236 202/280/237 201/278/233
f 201/275/233 202/281/237 205/282/238 204/276/234
f 204/276/234 205/282/238 209/283/239 206/284/240
f 204/276/234 206/284/240 208/285/241 200/272/232
f 206/284/240 207/286/242 790/287/243 208/285/241
f 207/286/242 206/284/240 209/283/239 211/288/244
f 213/289/245 211/288/244 209/283/239 210/290/246
f 233/291/247 210/290/246 209/283/239 205/282/238
f 215/292/248 212/293/249 211/288/244 213/289/245
f 211/288/244 212/293/249 791/294/250 207/286/242
f 215/292/248 213/289/245 214/295/251 216/296/252
f 213/289/245 210/290/246 231/297/253 214/295/251
f 212/293/249 215/292/248 217/298/254 219/299/255
f 216/296/252 220/300/256 217/298/254 215/292/248
f 221/301/257 218/302/258 217/298/254 220/300/256
f 796/303/259 219/299/255 217/298/254 218/302/258
f 221/301/257 220/300/256 222/304/260 223/305/261
f 222/304/260 220/300/256 216/296/252 225/306/262
f 847/307/263 223/305/261 222/304/260 224/308/264
f 226/309/265 224/308/264 222/304/260 225/306/262
f 225/306/262 227/310/266 228/311/267 226/309/265
f 225/306/262 216/296/252 214/295/251 227/310/266
f 228/311/267 227/310/266 229/312/268 230/313/269
f 227/310/266 214/295/251 231/297/253 229/312/268
f 229/312/268 231/297/253 232/314/270 230/313/269
f 210/290/246 233/291/247 232/314/270 231/297/253
f 230/313/269 232/314/270 234/315/271 236/316/272
f 233/291/247 235/317/273 234/315/271 232/314/270
f 234/318/271 235/319/273 238/320/274 237/321/275
f 240/322/276 236/323/272 234/318/271 237/321/275
f 239/324/277 237/321/275 238/320/274 1281/325/278
f 242/326/279 240/322/276 237/321/275 239/324/277
f 240/322/276 242/326/279 243/327/280 241/328/281
f 240/322/276 241/328/281 1142/329/282 236/323/272
f 243/327/280 242/326/279 244/330/283 245/331/284
f 244/330/283 242/326/279 239/324/277 246/332/285
f 249/333/286 245/331/284 244/330/283 247/334/287
f 248/335/288 247/334/287 244/330/283 246/332/285
f 247/334/287 248/335/288 252/336/289 250/337/290
f 250/337/290 251/338/291 249/333/286 247/334/287
f 251/338/291 250/337/290 253/339/292 255/340/293
f 252/336/289 254/341/294 253/339/292 250/337/290
f 253/339/292 254/341/294 259/342/295 256/343/296
f 257/344/297 255/340/293 253/339/292 256/343/296
f 257/344/297 256/343/296 258/345/298 1164/346/299
f 259/342/295 260/347/300 258/345/298 256/343/296
f 264/348/301 260/347/300 259/342/295 261/349/302
f 262/350/303 261/349/302 259/342/295 254/341/294
f 261/349/302 262/350/303 1278/351/304 263/352/305
f 264/348/301 261/349/302 263/352/305 266/353/306
f 264/348/301 265/354/307 1236/355/308 260/347/300
f 265/354/307 264/348/301 266/353/306 267/356/309
f 271/357/310 267/356/309 266/353/306 268/358/311
f 268/358/311 266/353/306 263/352/305 269/359/312
f 1254/360/313 270/361/314 268/358/311 269/359/312
f 273/362/315 271/357/310 268/358/311 270/361/314
f 271/357/310 272/363/316 279/364/317 267/356/309
f 272/363/316 271/357/310 273/362/315 274/365/318
f 100/142/116 98/141/115 273/362/315 270/361/314
f 275/140/114 274/365/318 273/362/315 98/141/115
f 275/140/114 276/366/319 272/363/316 274/365/318
f 276/366/319 275/140/114 97/139/113 277/367/320
f 276/366/319 277/367/320 279/364/317 272/363/316
f 278/368/321 277/367/320 97/139/113 95/136/110
f 278/368/321 281/369/322 279/364/317 277/367/320
f 265/354/307 267/356/309 279/364/317 280/370/323
f 282/371/324 280/370/323 279/364/317 281/369/322
f 282/371/324 281/369/322 283/372/325 286/373/326
f 281/369/322 278/368/321 284/128/102 283/372/325
f 285/122/96 283/372/325 284/128/102 84/123/97
f 287/374/327 286/373/326 283/372/325 285/122/96
f 289/375/328 288/376/329 286/373/326 287/374/327
f 290/377/330 282/371/324 286/373/326 288/376/329
f 288/376/329 289/375/328 294/378/331 291/379/332
f 291/379/332 292/380/333 290/377/330 288/376/329
f 292/380/333 291/379/332 293/381/334 1232/382/335
f 294/378/331 295/383/336 293/381/334 291/379/332
f 296/384/337 298/385/338 295/383/336 294/378/331
f 289/375/328 297/386/339 296/384/337 294/378/331
f 297/386/339 301/387/340 299/388/341 296/384/337
f 299/388/341 300/389/342 298/385/338 296/384/337
f 300/389/342 299/388/341 302/390/343 303/391/344
f 301/387/340 305/97/71 302/390/343 299/388/341
f 302/390/343 304/92/66 306/392/345 303/391/344
f 302/390/343 305/97/71 57/91/65 304/92/66
f 305/97/71 301/387/340 1252/393/346 61/98/72
f 56/90/64 308/394/347 306/392/345 304/92/66
f 303/391/344 306/392/345 307/395/348 1205/396/349
f 308/394/347 309/397/350 307/395/348 306/392/345
f 308/394/347 310/82/56 311/398/351 309/397/350
f 310/82/56 308/394/347 56/90/64 50/83/57
f 49/81/55 312/399/352 311/398/351 310/82/56
f 313/400/353 309/397/350 311/398/351 312/399/352
f 313/400/353 312/399/352 315/401/354 317/402/355
f 47/74/50 314/403/356 312/399/352 49/81/55
f 314/403/356 318/404/357 315/401/354 312/399/352
f 318/404/357 319/405/358 316/406/359 315/401/354
f 317/402/355 315/401/354 316/406/359 1202/407/360
f 318/404/357 320/408/361 321/409/362 319/405/358
f 314/403/356 323/410/363 320/408/361 318/404/357
f 322/411/364 909/412/365 321/413/362 320/414/361
f 324/415/366 322/411/364 320/414/361 323/416/363
f 42/71/48 324/415/366 323/416/363 44/72/49
f 47/74/50 44/73/49 323/410/363 314/403/356
f 324/415/366 42/71/48 328/70/47 325/417/367
f 322/411/364 324/415/366 325/417/367 326/418/368
f 325/417/367 327/419/369 910/420/370 326/418/368
f 325/417/367 328/70/47 329/421/371 327/419/369
f 41/69/46 330/422/372 329/421/371 328/70/47
f 330/422/372 536/423/373 331/424/374 329/421/371
f 332/425/375 329/421/371 331/424/374 334/426/376
f 333/427/377 327/419/369 329/421/371 332/425/375
f 332/425/375 335/428/378 338/429/379 333/427/377
f 332/425/375 334/426/376 337/430/380 335/428/378
f 338/429/379 335/428/378 336/431/381 340/432/382
f 337/430/380 526/433/383 336/431/381 335/428/378
f 913/434/384 333/427/377 338/429/379 339/435/385
f 342/436/386 339/435/385 338/429/379 340/432/382
f 341/437/387 340/432/382 336/431/381 544/438/388
f 340/432/382 341/437/387 344/439/389 342/436/386
f 343/440/390 914/441/391 339/435/385 342/436/386
f 343/440/390 342/436/386 344/439/389 345/442/392
f 344/439/389 346/443/393 349/444/394 345/442/392
f 348/445/395 346/443/393 344/439/389 341/437/387
f 347/446/396 350/447/397 349/444/394 346/443/393
f 346/443/393 348/445/395 548/448/398 347/446/396
f 345/442/392 349/444/394 351/449/399 354/450/400
f 350/447/397 352/451/401 351/449/399 349/444/394
f 352/451/401 380/452/402 353/453/403 351/449/399
f 354/450/400 351/449/399 353/453/403 355/454/404
f 358/455/405 356/456/406 354/450/400 355/454/404
f 356/456/406 343/440/390 345/442/392 354/450/400
f 356/456/406 357/457/407 914/441/391 343/440/390
f 358/455/405 359/458/408 357/457/407 356/456/406
f 359/458/408 358/455/405 360/459/409 363/460/410
f 358/455/405 355/454/404 361/461/411 360/459/409
f 362/462/412 360/459/409 361/461/411 375/463/413
f 363/460/410 360/459/409 362/462/412 365/464/414
f 363/460/410 364/465/415 915/466/416 359/458/408
f 364/465/415 363/460/410 365/464/414 366/467/417
f 366/467/417 365/464/414 367/468/418 369/469/419
f 367/468/418 365/464/414 362/462/412 370/470/420
f 887/471/421 369/469/419 367/468/418 368/472/422
f 371/473/423 368/472/422 367/468/418 370/470/420
f 370/470/420 372/474/424 373/475/425 371/473/423
f 372/474/424 370/470/420 362/462/412 375/463/413
f 374/476/426 1246/477/427 373/475/425 372/474/424
f 374/476/426 372/474/424 375/463/413 376/478/428
f 376/478/428 375/463/413 361/461/411 378/479/429
f 376/478/428 377/480/430 669/481/431 374/476/426
f 378/479/429 379/482/432 377/480/430 376/478/428
f 353/453/403 380/452/402 379/482/432 378/479/429
f 361/461/411 355/454/404 353/453/403 378/479/429
f 381/483/433 382/484/434 377/480/430 379/482/432
f 384/485/435 381/483/433 379/482/432 380/452/402
f 381/483/433 383/486/436 670/487/437 382/484/434
f 381/483/433 384/485/435 385/488/438 383/486/436
f 386/489/439 387/490/440 385/488/438 384/485/435
f 380/452/402 352/451/401 386/489/439 384/485/435
f 674/491/441 387/490/440 386/489/439 388/492/442
f 391/493/443 388/492/442 386/489/439 389/494/444
f 350/447/397 389/494/444 386/489/439 352/451/401
f 350/447/397 347/446/396 390/495/445 389/494/444
f 389/494/444 390/495/445 393/496/446 391/493/443
f 388/497/442 391/498/443 392/499/447 677/500/448
f 391/498/443 393/501/446 394/502/449 392/499/447
f 395/503/450 398/504/451 394/502/449 393/501/446
f 390/495/445 396/505/452 395/506/450 393/496/446
f 550/507/453 397/508/454 395/506/450 396/505/452
f 400/509/455 398/504/451 395/503/450 397/510/454
f 398/504/451 399/511/456 688/512/457 394/502/449
f 398/504/451 400/509/455 401/513/458 399/511/456
f 402/514/459 403/515/460 401/513/458 400/509/455
f 397/510/454 405/516/461 402/514/459 400/509/455
f 700/517/462 403/515/460 402/514/459 404/518/463
f 407/519/464 404/518/463 402/514/459 405/516/461
f 550/507/453 406/520/465 405/521/461 397/508/454
f 408/522/466 407/523/464 405/521/461 406/520/465
f 404/518/463 407/519/464 409/524/467 410/525/468
f 408/522/466 412/526/469 409/527/467 407/523/464
f 709/528/470 410/525/468 409/524/467 411/529/471
f 415/530/472 411/531/471 409/527/467 413/532/473
f 414/533/474 413/532/473 409/527/467 412/526/469
f 413/532/473 414/533/474 417/534/475 415/530/472
f 411/531/471 415/530/472 416/535/476 709/536/470
f 417/534/475 418/537/477 416/535/476 415/530/472
f 420/538/478 418/537/477 417/534/475 419/539/479
f 421/540/480 419/539/479 417/534/475 414/533/474
f 422/541/481 425/542/482 420/538/478 419/539/479
f 421/540/480 424/543/483 422/541/481 419/539/479
f 508/544/484 423/545/485 422/541/481 424/543/483
f 427/546/486 425/542/482 422/541/481 423/545/485
f 426/547/487 711/548/488 420/549/478 425/550/482
f 425/550/482 427/551/486 429/552/489 426/547/487
f 427/546/486 423/545/485 506/553/490 428/554/491
f 429/552/489 427/551/486 428/555/491 430/556/492
f 432/557/493 431/558/494 429/552/489 430/556/492
f 433/559/495 426/547/487 429/552/489 431/558/494
f 431/558/494 432/557/493 437/560/496 434/561/497
f 434/561/497 435/562/498 433/559/495 431/558/494
f 436/563/499 720/564/500 435/562/498 434/561/497
f 437/560/496 438/565/501 436/563/499 434/561/497
f 442/566/502 438/565/501 437/560/496 439/567/503
f 440/568/504 439/567/503 437/560/496 432/557/493
f 441/569/505 439/567/503 440/568/504 497/570/506
f 442/566/502 439/567/503 441/569/505 443/571/507
f 445/572/508 444/573/509 442/566/502 443/571/507
f 446/574/510 438/565/501 442/566/502 444/573/509
f 450/575/511 447/576/512 444/573/509 445/572/508
f 448/577/513 446/574/510 444/573/509 447/576/512
f 449/578/514 726/579/515 448/577/513 447/576/512
f 447/576/512 450/575/511 452/580/516 449/578/514
f 451/581/517 453/582/518 452/580/516 450/575/511
f 450/575/511 445/572/508 495/583/519 451/581/517
f 452/580/516 454/584/520 455/585/521 449/578/514
f 456/586/522 454/584/520 452/580/516 453/582/518
f 457/587/523 458/588/524 455/585/521 454/584/520
f 456/586/522 460/589/525 457/587/523 454/584/520
f 735/590/526 458/588/524 457/587/523 459/591/527
f 461/592/528 459/591/527 457/587/523 460/589/525
f 461/592/528 460/589/525 462/593/529 463/594/530
f 456/586/522 465/595/531 462/593/529 460/589/525
f 982/596/532 463/597/530 462/598/529 464/599/533
f 466/600/534 464/599/533 462/598/529 465/601/531
f 468/602/535 466/600/534 465/601/531 467/603/536
f 453/582/518 467/604/536 465/595/531 456/586/522
f 467/603/536 469/605/537 471/606/538 468/602/535
f 467/604/536 453/582/518 451/581/517 469/607/537
f 469/605/537 470/608/539 472/609/540 471/606/538
f 469/607/537 451/581/517 495/583/519 470/610/539
f 473/611/541 471/606/538 472/609/540 474/612/542
f 475/613/543 468/602/535 471/606/538 473/611/541
f 474/612/542 479/614/544 476/615/545 473/611/541
f 476/615/545 477/616/546 475/613/543 473/611/541
f 997/617/547 477/616/546 476/615/545 478/618/548
f 480/619/549 478/618/548 476/615/545 479/614/544
f 481/620/550 483/621/551 480/619/549 479/614/544
f 484/622/552 481/620/550 479/614/544 474/612/542
f 484/622/552 485/623/553 482/624/554 481/620/550
f 483/621/551 481/620/550 482/624/554 575/625/555
f 486/626/556 488/627/557 485/623/553 484/622/552
f 474/612/542 472/609/540 486/626/556 484/622/552
f 470/608/539 487/628/558 486/626/556 472/609/540
f 490/629/559 488/627/557 486/626/556 487/628/558
f 489/630/560 569/631/561 485/623/553 488/627/557
f 488/627/557 490/629/559 491/632/562 489/630/560
f 487/633/558 494/634/563 492/635/564 490/636/559
f 492/635/564 493/637/565 491/638/562 490/636/559
f 493/637/565 492/635/564 441/569/505 497/570/506
f 494/634/563 443/571/507 441/569/505 492/635/564
f 443/571/507 494/634/563 495/583/519 445/572/508
f 487/633/558 470/610/539 495/583/519 494/634/563
f 493/637/565 497/570/506 498/639/566 496/640/567
f 496/640/567 556/641/568 491/638/562 493/637/565
f 498/639/566 497/570/506 440/568/504 499/642/569
f 502/643/570 496/640/567 498/639/566 500/644/571
f 503/645/572 500/644/571 498/639/566 499/642/569
f 501/646/573 500/647/571 503/648/572 504/649/574
f 500/647/571 501/646/573 554/6/6 502/650/570
f 503/651/572 428/554/491 506/553/490 504/652/574
f 499/642/569 430/556/492 428/555/491 503/645/572
f 501/646/573 504/649/574 505/653/575 542/654/576
f 505/653/575 504/649/574 506/655/490 507/656/577
f 506/553/490 423/545/485 508/544/484 507/657/577
f 509/658/578 507/657/577 508/544/484 512/659/579
f 509/658/578 511/660/580 505/661/575 507/657/577
f 512/659/579 513/662/581 510/663/582 509/658/578
f 511/660/580 509/658/578 510/663/582 530/664/583
f 514/665/584 516/666/585 513/662/581 512/659/579
f 514/665/584 512/659/579 508/544/484 424/543/483
f 424/543/483 421/540/480 515/667/586 514/665/584
f 516/666/585 514/665/584 515/667/586 517/668/587
f 518/669/588 516/666/585 517/668/587 519/670/589
f 516/666/585 518/669/588 521/671/590 513/662/581
f 518/669/588 519/670/589 552/672/591 520/673/592
f 521/671/590 518/669/588 520/673/592 523/674/593
f 521/671/590 522/675/594 510/663/582 513/662/581
f 523/674/593 525/676/595 522/675/594 521/671/590
f 524/677/596 523/674/593 520/673/592 543/678/597
f 525/676/595 523/674/593 524/677/596 526/433/383
f 525/676/595 526/433/383 337/430/380 527/679/598
f 528/680/599 525/676/595 527/679/598 529/681/600
f 528/680/599 510/663/582 522/675/594 525/676/595
f 529/681/600 530/664/583 510/663/582 528/680/599
f 530/664/583 529/681/600 531/682/601 533/683/602
f 531/682/601 529/681/600 527/679/598 532/684/603
f 536/423/373 534/685/604 531/682/601 532/684/603
f 537/686/605 533/683/602 531/682/601 534/685/604
f 330/422/372 535/687/606 534/685/604 536/423/373
f 534/685/604 535/687/606 538/688/607 537/686/605
f 539/3/3 537/689/605 538/690/607 541/55/36
f 533/691/602 537/689/605 539/3/3 540/692/608
f 542/654/576 540/692/608 539/3/3 2/2/2
f 11/54/13 4/4/4 539/3/3 541/55/36
f 538/688/607 535/687/606 33/60/37 541/693/36
f 511/694/580 530/695/583 533/691/602 540/692/608
f 540/692/608 542/654/576 505/653/575 511/694/580
f 542/654/576 2/2/2 554/6/6 501/646/573
f 532/684/603 334/426/376 331/424/374 536/423/373
f 330/422/372 41/69/46 33/60/37 535/687/606
f 532/684/603 527/679/598 337/430/380 334/426/376
f 336/431/381 526/433/383 524/677/596 544/438/388
f 545/696/609 544/438/388 524/677/596 543/678/597
f 545/696/609 348/445/395 341/437/387 544/438/388
f 545/696/609 546/697/610 548/448/398 348/445/395
f 543/678/597 547/698/611 546/697/610 545/696/609
f 547/698/611 549/699/612 548/448/398 546/697/610
f 550/507/453 396/505/452 548/448/398 549/699/612
f 390/495/445 347/446/396 548/448/398 396/505/452
f 547/698/611 552/672/591 551/700/613 549/699/612
f 549/699/612 551/700/613 406/520/465 550/507/453
f 553/701/614 408/522/466 406/520/465 551/700/613
f 519/670/589 553/701/614 551/700/613 552/672/591
f 519/670/589 517/668/587 515/667/586 553/701/614
f 408/522/466 553/701/614 515/667/586 412/526/469
f 543/678/597 520/673/592 552/672/591 547/698/611
f 414/533/474 412/526/469 515/667/586 421/540/480
f 555/702/615 502/650/570 554/6/6 31/50/34
f 502/650/570 555/702/615 556/703/568 496/704/567
f 31/50/34 34/53/35 557/705/616 555/702/615
f 555/702/615 557/705/616 558/706/617 556/703/568
f 559/707/618 561/708/619 558/706/617 557/705/616
f 37/709/40 559/707/618 557/705/616 34/53/35
f 37/62/40 1251/66/43 560/710/620 559/711/618
f 561/708/619 559/707/618 560/712/620 562/713/621
f 561/714/619 562/715/621 565/716/622 563/717/623
f 558/718/617 561/714/619 563/717/623 566/719/624
f 567/720/625 566/719/624 563/717/623 564/112/86
f 563/717/623 565/716/622 72/108/82 564/112/86
f 567/720/625 489/630/560 491/632/562 566/719/624
f 558/718/617 566/719/624 491/632/562 556/721/568
f 489/630/560 567/720/625 568/722/626 569/631/561
f 568/722/626 567/720/625 564/112/86 73/111/85
f 75/113/87 570/723/627 568/722/626 73/111/85
f 572/724/628 569/631/561 568/722/626 570/723/627
f 571/725/629 570/723/627 75/113/87 78/115/89
f 572/724/628 570/723/627 571/725/629 573/726/630
f 569/631/561 572/724/628 482/624/554 485/623/553
f 482/624/554 572/724/628 573/726/630 575/625/555
f 576/727/631 575/625/555 573/726/630 574/728/632
f 574/728/632 573/726/630 571/725/629 1247/126/100
f 576/727/631 577/729/633 483/621/551 575/625/555
f 576/727/631 578/730/634 580/731/635 577/729/633
f 574/728/632 579/133/107 578/730/634 576/727/631
f 90/132/106 581/732/636 578/730/634 579/133/107
f 581/732/636 582/733/637 580/731/635 578/730/634
f 90/132/106 92/131/105 105/149/123 581/732/636
f 582/733/637 581/732/636 105/149/123 583/734/638
f 583/734/638 587/735/639 584/736/640 582/733/637
f 580/731/635 582/733/637 584/736/640 586/737/641
f 588/738/642 585/739/643 584/736/640 587/735/639
f 584/736/640 585/739/643 1004/740/644 586/737/641
f 587/735/639 589/741/645 591/742/646 588/738/642
f 583/734/638 590/157/131 589/741/645 587/735/639
f 590/157/131 112/158/132 592/743/647 589/741/645
f 592/743/647 593/744/648 591/742/646 589/741/645
f 595/745/649 593/744/648 592/743/647 594/167/141
f 114/159/133 594/167/141 592/743/647 112/158/132
f 594/167/141 119/166/140 126/174/148 595/745/649
f 593/744/648 595/745/649 596/746/650 597/747/651
f 596/746/650 595/745/649 126/174/148 128/177/151
f 145/179/153 147/202/171 596/746/650 128/177/151
f 598/204/173 597/747/651 596/746/650 147/202/171
f 597/747/651 599/748/652 591/742/646 593/744/648
f 599/748/652 597/747/651 598/204/173 601/749/653
f 591/742/646 599/748/652 600/750/654 588/738/642
f 601/749/653 602/751/655 600/750/654 599/748/652
f 604/752/656 602/751/655 601/749/653 603/753/657
f 603/753/657 601/749/653 598/204/173 148/203/172
f 603/753/657 605/754/658 606/755/659 604/752/656
f 605/754/658 603/753/657 148/203/172 150/205/174
f 607/756/660 608/757/661 606/755/659 605/754/658
f 607/756/660 605/754/658 150/205/174 152/207/176
f 609/758/662 611/759/663 608/757/661 607/756/660
f 609/758/662 607/756/660 152/207/176 612/210/179
f 610/760/664 609/758/662 612/210/179 613/761/665
f 609/758/662 610/760/664 1026/762/666 611/759/663
f 615/763/667 613/761/665 612/210/179 153/209/178
f 1025/764/668 610/760/664 613/761/665 614/765/669
f 616/766/670 614/765/669 613/761/665 615/763/667
f 155/211/180 617/217/186 615/763/667 153/209/178
f 618/767/671 616/766/670 615/763/667 617/217/186
f 619/768/672 618/767/671 617/217/186 159/216/185
f 618/767/671 619/768/672 623/769/673 620/770/674
f 621/771/675 616/766/670 618/767/671 620/770/674
f 621/772/675 620/773/674 622/774/676 1242/775/677
f 623/776/673 624/777/678 622/774/676 620/773/674
f 626/778/679 624/777/678 623/776/673 625/779/680
f 627/780/681 625/781/680 623/769/673 619/768/672
f 626/782/679 625/783/680 628/784/682 629/785/683
f 628/784/682 625/783/680 627/786/681 630/787/684
f 629/785/683 628/784/682 631/788/685 634/789/686
f 628/784/682 630/787/684 632/790/687 631/788/685
f 633/791/688 631/788/685 632/790/687 851/792/689
f 635/793/690 634/789/686 631/788/685 633/791/688
f 638/794/691 629/795/683 634/796/686 636/797/692
f 637/798/693 636/797/692 634/796/686 635/799/690
f 640/800/694 639/801/695 636/797/692 637/798/693
f 641/802/696 638/794/691 636/797/692 639/801/695
f 643/803/697 642/804/698 639/801/695 640/800/694
f 644/805/699 641/802/696 639/801/695 642/804/698
f 642/804/698 643/803/697 648/806/700 645/807/701
f 645/807/701 646/808/702 644/805/699 642/804/698
f 646/808/702 645/807/701 647/809/703 1149/810/704
f 647/809/703 645/807/701 648/806/700 650/811/705
f 643/812/697 864/813/706 649/814/707 648/815/700
f 650/816/705 648/815/700 649/814/707 652/817/708
f 650/818/705 651/819/709 1150/820/710 647/821/703
f 652/822/708 653/823/711 651/819/709 650/818/705
f 653/823/711 652/822/708 654/824/712 656/825/713
f 649/814/707 655/826/714 654/827/712 652/817/708
f 660/828/715 657/829/716 654/827/712 655/826/714
f 654/824/712 657/830/716 658/831/717 656/825/713
f 659/832/718 673/833/719 658/831/717 657/830/716
f 657/829/716 660/828/715 662/834/720 659/835/718
f 660/828/715 655/826/714 865/836/721 661/837/722
f 660/828/715 661/837/722 663/838/723 662/834/720
f 664/839/724 662/834/720 663/838/723 665/840/725
f 666/841/726 659/835/718 662/834/720 664/839/724
f 669/481/431 667/842/727 664/839/724 665/840/725
f 667/842/727 668/843/728 666/841/726 664/839/724
f 667/842/727 382/484/434 670/487/437 668/843/728
f 382/484/434 667/842/727 669/481/431 377/480/430
f 669/481/431 665/840/725 1246/477/427 374/476/426
f 671/844/729 668/845/728 670/846/437 383/847/436
f 671/844/729 672/848/730 666/849/726 668/845/728
f 671/844/729 383/847/436 385/850/438 387/851/440
f 387/851/440 674/852/441 672/848/730 671/844/729
f 673/833/719 659/832/718 666/849/726 672/848/730
f 672/848/730 674/852/441 675/853/731 673/833/719
f 388/497/442 677/500/448 675/853/731 674/852/441
f 658/831/717 673/833/719 675/853/731 676/854/732
f 675/853/731 677/500/448 678/855/733 676/854/732
f 678/855/733 677/500/448 392/499/447 679/856/734
f 681/857/735 676/854/732 678/855/733 680/858/736
f 683/859/737 680/858/736 678/855/733 679/856/734
f 680/858/736 682/860/738 1155/861/739 681/857/735
f 683/859/737 684/862/740 682/860/738 680/858/736
f 685/863/741 687/864/742 684/862/740 683/859/737
f 679/856/734 688/512/457 685/863/741 683/859/737
f 399/511/456 686/865/743 685/863/741 688/512/457
f 686/865/743 690/866/744 687/864/742 685/863/741
f 392/499/447 394/502/449 688/512/457 679/856/734
f 691/867/745 689/868/746 687/864/742 690/866/744
f 689/868/746 1156/869/747 684/862/740 687/864/742
f 690/866/744 692/870/748 694/871/749 691/867/745
f 686/865/743 695/872/750 692/870/748 690/866/744
f 696/873/751 693/874/752 692/870/748 695/872/750
f 693/874/752 842/875/753 694/871/749 692/870/748
f 399/511/456 401/513/458 695/872/750 686/865/743
f 403/515/460 696/873/751 695/872/750 401/513/458
f 696/873/751 697/876/754 698/877/755 693/874/752
f 403/515/460 700/517/462 697/876/754 696/873/751
f 699/878/756 838/879/757 698/877/755 697/876/754
f 703/880/758 699/878/756 697/876/754 701/881/759
f 702/882/760 701/881/759 697/876/754 700/517/462
f 702/882/760 707/883/761 704/884/762 701/881/759
f 701/881/759 704/884/762 705/885/763 703/880/758
f 706/886/764 804/887/765 705/885/763 704/884/762
f 708/888/766 706/886/764 704/884/762 707/883/761
f 410/525/468 709/528/470 707/883/761 702/882/760
f 416/889/476 708/888/766 707/883/761 709/528/470
f 710/890/767 708/888/766 416/889/476 418/891/477
f 708/888/766 710/890/767 712/892/768 706/886/764
f 710/890/767 418/891/477 420/549/478 711/548/488
f 711/548/488 715/893/769 712/892/768 710/890/767
f 804/887/765 706/886/764 712/892/768 713/894/770
f 807/895/771 713/894/770 712/892/768 714/896/772
f 716/897/773 714/896/772 712/892/768 715/893/769
f 711/548/488 426/547/487 433/559/495 715/893/769
f 716/897/773 715/893/769 433/559/495 435/562/498
f 718/898/774 714/896/772 716/897/773 717/899/775
f 717/899/775 716/897/773 435/562/498 720/564/500
f 718/898/774 717/899/775 719/900/776 810/901/777
f 720/564/500 721/902/778 719/900/776 717/899/775
f 721/902/778 720/564/500 436/563/499 723/903/779
f 722/904/780 817/905/781 719/900/776 721/902/778
f 721/902/778 723/903/779 724/906/782 722/904/780
f 446/574/510 723/903/779 436/563/499 438/565/501
f 723/903/779 446/574/510 448/577/513 724/906/782
f 727/907/783 722/904/780 724/906/782 725/908/784
f 725/908/784 724/906/782 448/577/513 726/579/515
f 726/579/515 731/909/785 728/910/786 725/908/784
f 728/910/786 730/911/787 727/907/783 725/908/784
f 732/912/788 729/913/789 728/910/786 731/909/785
f 729/913/789 827/914/790 730/911/787 728/910/786
f 455/585/521 458/588/524 732/912/788 731/909/785
f 726/579/515 449/578/514 455/585/521 731/909/785
f 734/915/791 729/913/789 732/912/788 733/916/792
f 735/590/526 733/916/792 732/912/788 458/588/524
f 734/915/791 733/916/792 736/917/793 737/918/794
f 733/916/792 735/590/526 738/919/795 736/917/793
f 742/920/796 737/918/794 736/917/793 739/921/797
f 739/921/797 736/917/793 738/919/795 740/922/798
f 873/923/799 741/924/800 739/921/797 740/922/798
f 741/924/800 744/925/801 742/920/796 739/921/797
f 831/926/802 737/918/794 742/920/796 743/927/803
f 746/928/804 743/927/803 742/920/796 744/925/801
f 741/924/800 871/929/805 745/930/806 744/925/801
f 746/928/804 744/925/801 745/930/806 747/931/807
f 746/928/804 748/932/808 750/933/809 743/927/803
f 746/928/804 747/931/807 751/934/810 748/932/808
f 749/935/811 748/932/808 751/934/810 753/936/812
f 749/935/811 833/937/813 750/933/809 748/932/808
f 747/931/807 857/938/814 752/939/815 751/934/810
f 753/936/812 751/934/810 752/939/815 755/940/816
f 829/941/817 749/935/811 753/936/812 754/942/818
f 753/936/812 755/940/816 757/943/819 754/942/818
f 757/943/819 755/940/816 756/944/820 758/945/821
f 756/944/820 755/940/816 752/939/815 854/946/822
f 758/945/821 762/947/823 759/948/824 757/943/819
f 754/942/818 757/943/819 759/948/824 761/949/825
f 762/947/823 763/950/826 760/951/827 759/948/824
f 761/949/825 759/948/824 760/951/827 825/952/828
f 762/947/823 758/945/821 849/234/199 170/233/198
f 762/947/823 170/233/198 172/235/200 763/950/826
f 764/953/829 763/950/826 172/235/200 174/238/203
f 760/951/827 763/950/826 764/953/829 765/954/830
f 767/240/205 766/955/831 764/953/829 174/238/203
f 768/956/832 765/954/830 764/953/829 766/955/831
f 766/955/831 767/240/205 772/957/833 769/958/834
f 769/958/834 770/959/835 768/956/832 766/955/831
f 771/960/836 809/961/837 770/959/835 769/958/834
f 769/958/834 772/957/833 774/962/838 771/960/836
f 767/240/205 175/239/204 773/244/209 772/957/833
f 774/962/838 772/957/833 773/244/209 775/963/839
f 777/964/840 771/960/836 774/962/838 776/965/841
f 779/966/842 776/965/841 774/962/838 775/963/839
f 776/965/841 778/967/843 805/968/844 777/964/840
f 778/967/843 776/965/841 779/966/842 781/969/845
f 783/970/846 781/969/845 779/966/842 780/971/847
f 848/248/213 780/971/847 779/966/842 775/963/839
f 806/972/848 778/967/843 781/969/845 782/973/849
f 784/974/850 782/973/849 781/969/845 783/970/846
f 783/970/846 785/975/851 786/976/852 784/974/850
f 780/971/847 787/253/218 785/975/851 783/970/846
f 189/257/220 789/259/221 786/976/852 785/975/851
f 185/252/217 189/257/220 785/975/851 787/253/218
f 848/248/213 182/247/212 787/253/218 780/971/847
f 792/977/853 784/974/850 786/976/852 788/978/854
f 786/976/852 789/259/221 790/287/243 788/978/854
f 190/260/222 208/285/241 790/287/243 789/259/221
f 790/287/243 207/286/242 791/294/250 788/978/854
f 788/978/854 791/294/250 794/979/855 792/977/853
f 792/977/853 793/980/856 782/973/849 784/974/850
f 792/977/853 794/979/855 795/981/857 793/980/856
f 212/293/249 219/299/255 794/979/855 791/294/250
f 219/299/255 796/303/259 795/981/857 794/979/855
f 796/303/259 799/982/858 797/983/859 795/981/857
f 793/980/856 795/981/857 797/983/859 798/984/860
f 797/983/859 800/985/861 802/986/862 798/984/860
f 799/982/858 801/987/863 800/985/861 797/983/859
f 801/987/863 703/880/758 705/885/763 800/985/861
f 705/885/763 804/887/765 802/986/862 800/985/861
f 804/887/765 713/894/770 803/988/864 802/986/862
f 798/984/860 802/986/862 803/988/864 806/972/848
f 713/894/770 807/895/771 805/968/844 803/988/864
f 806/972/848 803/988/864 805/968/844 778/967/843
f 798/984/860 806/972/848 782/973/849 793/980/856
f 805/968/844 807/895/771 808/989/865 777/964/840
f 714/896/772 718/898/774 808/989/865 807/895/771
f 718/898/774 810/901/777 809/961/837 808/989/865
f 777/964/840 808/989/865 809/961/837 771/960/836
f 810/901/777 811/990/866 770/959/835 809/961/837
f 811/990/866 810/901/777 719/900/776 813/991/867
f 811/990/866 812/992/868 768/956/832 770/959/835
f 813/991/867 814/993/869 812/992/868 811/990/866
f 814/993/869 813/991/867 815/994/870 816/995/871
f 719/900/776 817/905/781 815/994/870 813/991/867
f 818/996/872 816/995/871 815/994/870 817/905/781
f 817/905/781 722/904/780 727/907/783 818/996/872
f 816/995/871 818/996/872 819/997/873 821/998/874
f 819/997/873 818/996/872 727/907/783 730/911/787
f 823/999/875 821/998/874 819/997/873 820/1000/876
f 827/914/790 820/1000/876 819/997/873 730/911/787
f 821/998/874 822/1001/877 814/993/869 816/995/871
f 821/998/874 823/999/875 824/1002/878 822/1001/877
f 820/1000/876 828/1003/879 761/949/825 823/999/875
f 824/1002/878 823/999/875 761/949/825 825/952/828
f 826/1004/880 822/1001/877 824/1002/878 825/952/828
f 826/1004/880 825/952/828 760/951/827 765/954/830
f 822/1001/877 826/1004/880 812/992/868 814/993/869
f 826/1004/880 765/954/830 768/956/832 812/992/868
f 820/1000/876 827/914/790 830/1005/881 828/1003/879
f 829/941/817 754/942/818 761/949/825 828/1003/879
f 828/1003/879 830/1005/881 832/1006/882 829/941/817
f 737/918/794 831/926/802 830/1005/881 734/915/791
f 831/926/802 833/937/813 832/1006/882 830/1005/881
f 729/913/789 734/915/791 830/1005/881 827/914/790
f 749/935/811 829/941/817 832/1006/882 833/937/813
f 831/926/802 743/927/803 750/933/809 833/937/813
f 834/1007/883 699/878/756 703/880/758 801/987/863
f 801/987/863 799/982/858 835/1008/884 834/1007/883
f 836/1009/885 834/1007/883 835/1008/884 837/1010/886
f 836/1009/885 838/879/757 699/878/756 834/1007/883
f 837/1010/886 841/1011/887 839/1012/888 836/1009/885
f 838/879/757 836/1009/885 839/1012/888 842/875/753
f 694/871/749 842/875/753 839/1012/888 840/1013/889
f 839/1012/888 841/1011/887 843/1014/890 840/1013/889
f 842/875/753 693/874/752 698/877/755 838/879/757
f 843/1014/890 841/1011/887 844/1015/891 845/1016/892
f 844/1015/891 841/1011/887 837/1010/886
f 835/1008/884 844/1015/891 837/1010/886
f 221/301/257 844/1015/891 835/1008/884 218/302/258
f 223/305/261 845/1016/892 844/1015/891 221/301/257
f 223/305/261 847/307/263 846/1017/893 845/1016/892
f 846/1017/893 840/1013/889 843/1014/890 845/1016/892
f 847/307/263 689/868/746 691/867/745 846/1017/893
f 846/1017/893 691/867/745 694/871/749 840/1013/889
f 847/307/263 224/308/264 1156/869/747 689/868/746
f 796/303/259 218/302/258 835/1008/884 799/982/858
f 848/248/213 775/963/839 773/244/209 179/245/210
f 849/234/199 758/945/821 756/944/820 850/1018/894
f 852/1019/895 169/231/196 849/234/199 850/1018/894
f 851/792/689 850/1018/894 756/944/820 854/946/822
f 850/1018/894 851/792/689 632/790/687 852/1019/895
f 632/790/687 630/787/684 853/221/189 852/1019/895
f 169/231/196 852/1019/895 853/221/189 162/220/188
f 853/221/189 630/787/684 627/786/681 161/222/187
f 851/792/689 854/946/822 855/1020/896 633/791/688
f 752/939/815 857/938/814 855/1020/896 854/946/822
f 633/791/688 855/1020/896 856/1021/897 635/793/690
f 857/938/814 858/1022/898 856/1021/897 855/1020/896
f 857/938/814 747/931/807 745/930/806 858/1022/898
f 858/1023/898 745/1024/806 861/1025/899 859/1026/900
f 858/1023/898 859/1026/900 862/1027/901 856/1028/897
f 859/1026/900 860/1029/902 863/1030/903 862/1027/901
f 860/1029/902 859/1026/900 861/1025/899 866/1031/904
f 637/1032/693 862/1027/901 863/1030/903 640/1033/694
f 635/1034/690 856/1028/897 862/1027/901 637/1032/693
f 643/812/697 640/1033/694 863/1030/903 864/813/706
f 863/1030/903 860/1029/902 865/836/721 864/813/706
f 865/836/721 655/826/714 649/814/707 864/813/706
f 866/1031/904 661/837/722 865/836/721 860/1029/902
f 1245/1035/905 866/1031/904 861/1025/899 867/1036/906
f 868/1037/907 861/1038/899 745/930/806 871/929/805
f 861/1025/899 868/1039/907 870/1040/908 867/1036/906
f 870/1040/908 868/1039/907 869/1041/909 886/1042/910
f 868/1037/907 871/929/805 872/1043/911 869/1044/909
f 871/929/805 741/924/800 873/923/799 872/1043/911
f 874/1045/912 872/1043/911 873/923/799 875/1046/913
f 876/1047/914 869/1044/909 872/1043/911 874/1045/912
f 875/1046/913 879/1048/915 877/1049/916 874/1045/912
f 877/1049/916 880/1050/917 876/1047/914 874/1045/912
f 989/1051/918 878/1052/919 877/1049/916 879/1048/915
f 881/1053/920 880/1050/917 877/1049/916 878/1052/919
f 880/1054/917 881/1055/920 883/1056/921 882/1057/922
f 880/1054/917 882/1057/922 885/1058/923 876/1059/914
f 884/1060/924 882/1057/922 883/1056/921 889/1061/925
f 882/1057/922 884/1060/924 887/471/421 885/1058/923
f 886/1042/910 885/1058/923 887/471/421 368/472/422
f 885/1058/923 886/1042/910 869/1041/909 876/1059/914
f 888/1062/926 369/469/419 887/471/421 884/1060/924
f 368/472/422 371/473/423 870/1040/908 886/1042/910
f 884/1060/924 889/1061/925 891/1063/927 888/1062/926
f 890/1064/928 889/1061/925 883/1056/921 959/1065/929
f 889/1061/925 890/1064/928 893/1066/930 891/1063/927
f 893/1066/930 895/1067/931 892/1068/932 891/1063/927
f 888/1062/926 891/1063/927 892/1068/932 1244/1069/933
f 927/1070/934 894/1071/935 893/1066/930 890/1064/928
f 896/1072/936 895/1067/931 893/1066/930 894/1071/935
f 897/1073/937 900/1074/938 892/1068/932 895/1067/931
f 896/1072/936 898/1075/939 897/1073/937 895/1067/931
f 917/1076/940 899/1077/941 897/1073/937 898/1075/939
f 902/1078/942 900/1074/938 897/1073/937 899/1077/941
f 892/1068/932 900/1074/938 901/1079/943 1244/1069/933
f 902/1078/942 903/1080/944 901/1079/943 900/1074/938
f 906/1081/945 903/1080/944 902/1078/942 904/1082/946
f 904/1082/946 902/1078/942 899/1077/941 905/1083/947
f 905/1083/947 909/412/365 907/1084/948 904/1082/946
f 904/1082/946 907/1084/948 908/1085/949 906/1081/945
f 326/418/368 910/420/370 908/1085/949 907/1084/948
f 909/412/365 322/411/364 326/418/368 907/1084/948
f 905/1083/947 916/1086/950 321/413/362 909/412/365
f 912/1087/951 906/1081/945 908/1085/949 911/1088/952
f 913/434/384 911/1088/952 908/1085/949 910/420/370
f 912/1087/951 911/1088/952 914/441/391 357/457/407
f 911/1088/952 913/434/384 339/435/385 914/441/391
f 333/427/377 913/434/384 910/420/370 327/419/369
f 915/466/416 912/1087/951 357/457/407 359/458/408
f 906/1081/945 912/1087/951 915/466/416 903/1080/944
f 901/1079/943 903/1080/944 915/466/416 364/465/415
f 916/1086/950 905/1083/947 899/1077/941 917/1076/940
f 321/413/362 916/1086/950 918/1089/953 919/1090/954
f 917/1076/940 920/1091/955 918/1089/953 916/1086/950
f 921/1092/956 919/1093/954 918/1094/953 920/1095/955
f 922/1096/957 923/1097/958 921/1092/956 920/1095/955
f 922/1098/957 920/1091/955 917/1076/940 898/1075/939
f 923/1097/958 922/1096/957 924/1099/959 925/1100/960
f 898/1075/939 896/1072/936 924/1101/959 922/1098/957
f 894/1071/935 925/1102/960 924/1101/959 896/1072/936
f 925/1100/960 894/1103/935 927/1104/934 926/1105/961
f 923/1097/958 925/1100/960 926/1105/961 929/1106/962
f 928/1107/963 926/1105/961 927/1104/934 958/1108/964
f 930/1109/965 929/1106/962 926/1105/961 928/1107/963
f 933/1110/966 931/1111/967 929/1106/962 930/1109/965
f 921/1092/956 923/1097/958 929/1106/962 931/1111/967
f 931/1111/967 932/1112/968 919/1093/954 921/1092/956
f 931/1111/967 933/1110/966 935/1113/969 932/1112/968
f 934/1114/970 933/1110/966 930/1109/965 953/1115/971
f 934/1114/970 936/1116/972 935/1113/969 933/1110/966
f 319/405/358 932/1112/968 935/1113/969 316/406/359
f 938/1117/973 316/406/359 935/1113/969 936/1116/972
f 936/1116/972 934/1114/970 950/1118/974 937/1119/975
f 938/1117/973 936/1116/972 937/1119/975 940/1120/976
f 316/406/359 938/1117/973 939/1121/977 1202/407/360
f 939/1121/977 938/1117/973 940/1120/976 941/1122/978
f 943/1123/979 941/1122/978 940/1120/976 942/1124/980
f 942/1124/980 940/1120/976 937/1119/975 945/1125/981
f 942/1124/980 944/1126/982 1198/1127/983 943/1123/979
f 945/1125/981 946/1128/984 944/1126/982 942/1124/980
f 947/1129/985 948/1130/986 946/1128/984 945/1125/981
f 945/1125/981 937/1119/975 950/1118/974 947/1129/985
f 948/1130/986 947/1129/985 949/1131/987 1042/1132/988
f 950/1118/974 951/1133/989 949/1131/987 947/1129/985
f 953/1115/971 951/1133/989 950/1118/974 934/1114/970
f 952/1134/990 1039/1135/991 949/1131/987 951/1133/989
f 951/1133/989 953/1115/971 954/1136/992 952/1134/990
f 954/1136/992 953/1115/971 930/1109/965 928/1107/963
f 958/1108/964 955/1137/993 954/1136/992 928/1107/963
f 956/1138/994 952/1134/990 954/1136/992 955/1137/993
f 957/1139/995 960/1140/996 956/1138/994 955/1137/993
f 959/1141/929 957/1139/995 955/1137/993 958/1108/964
f 959/1141/929 958/1108/964 927/1104/934 890/1142/928
f 957/1139/995 959/1141/929 883/1143/921 961/1144/997
f 957/1139/995 961/1144/997 963/1145/998 960/1140/996
f 961/1144/997 962/1146/999 965/1147/1000 963/1145/998
f 962/1146/999 961/1144/997 883/1143/921 881/1148/920
f 964/1149/1001 963/1145/998 965/1147/1000 967/1150/1002
f 963/1145/998 964/1149/1001 1037/1151/1003 960/1140/996
f 962/1152/999 1243/1153/1004 966/1154/1005 965/1155/1000
f 967/1156/1002 965/1155/1000 966/1154/1005 969/1157/1006
f 967/1150/1002 968/1158/1007 1034/1159/1008 964/1149/1001
f 969/1157/1006 970/1160/1009 968/1161/1007 967/1156/1002
f 971/1162/1010 972/1163/1011 970/1160/1009 969/1157/1006
f 969/1157/1006 966/1154/1005 974/1164/1012 971/1162/1010
f 972/1163/1011 971/1162/1010 973/1165/1013 1017/1166/1014
f 974/1164/1012 976/1167/1015 973/1165/1013 971/1162/1010
f 1243/1153/1004 975/1168/1016 974/1164/1012 966/1154/1005
f 974/1164/1012 975/1168/1016 977/1169/1017 976/1167/1015
f 978/1170/1018 976/1167/1015 977/1169/1017 981/1171/1019
f 973/1165/1013 976/1167/1015 978/1170/1018 979/1172/1020
f 990/1173/1021 979/1172/1020 978/1170/1018 980/1174/1022
f 982/596/532 980/1174/1022 978/1170/1018 981/1171/1019
f 463/597/530 982/596/532 981/1171/1019 983/1175/1023
f 983/1175/1023 981/1171/1019 977/1169/1017 984/1176/1024
f 461/592/528 463/594/530 983/1177/1023 985/1178/1025
f 987/1179/1026 985/1178/1025 983/1177/1023 984/1180/1024
f 986/1181/1027 985/1178/1025 987/1179/1026 988/1182/1028
f 985/1178/1025 986/1181/1027 459/591/527 461/592/528
f 987/1179/1026 984/1180/1024 989/1051/918 879/1048/915
f 875/1046/913 988/1182/1028 987/1179/1026 879/1048/915
f 988/1182/1028 740/922/798 738/919/795 986/1181/1027
f 988/1182/1028 875/1046/913 873/923/799 740/922/798
f 738/919/795 735/590/526 459/591/527 986/1181/1027
f 977/1169/1017 975/1168/1016 989/1183/918 984/1176/1024
f 1243/1153/1004 878/1184/919 989/1183/918 975/1168/1016
f 982/596/532 464/599/533 991/1185/1029 980/1174/1022
f 991/1185/1029 992/1186/1030 990/1173/1021 980/1174/1022
f 464/599/533 466/600/534 993/1187/1031 991/1185/1029
f 992/1186/1030 991/1185/1029 993/1187/1031 994/1188/1032
f 994/1188/1032 993/1187/1031 475/613/543 477/616/546
f 466/600/534 468/602/535 475/613/543 993/1187/1031
f 994/1188/1032 995/1189/1033 996/1190/1034 992/1186/1030
f 477/616/546 997/617/547 995/1189/1033 994/1188/1032
f 998/1191/1035 999/1192/1036 996/1190/1034 995/1189/1033
f 1001/1193/1037 998/1191/1035 995/1189/1033 997/617/547
f 998/1191/1035 1000/1194/1038 1010/1195/1039 999/1192/1036
f 1000/1194/1038 998/1191/1035 1001/1193/1037 1002/1196/1040
f 1004/740/644 1002/1196/1040 1001/1193/1037 1003/1197/1041
f 478/618/548 1003/1197/1041 1001/1193/1037 997/617/547
f 1005/1198/1042 586/737/641 1004/740/644 1003/1197/1041
f 1003/1197/1041 478/618/548 480/619/549 1005/1198/1042
f 1005/1198/1042 577/729/633 580/731/635 586/737/641
f 577/729/633 1005/1198/1042 480/619/549 483/621/551
f 1006/1199/1043 1002/1196/1040 1004/740/644 585/739/643
f 1002/1196/1040 1006/1199/1043 1007/1200/1044 1000/1194/1038
f 600/750/654 602/751/655 1007/1200/1044 1006/1199/1043
f 585/739/643 588/738/642 600/750/654 1006/1199/1043
f 1007/1200/1044 1008/1201/1045 1010/1195/1039 1000/1194/1038
f 604/752/656 1008/1201/1045 1007/1200/1044 602/751/655
f 1008/1201/1045 604/752/656 606/755/659 1009/1202/1046
f 1008/1201/1045 1009/1202/1046 1011/1203/1047 1010/1195/1039
f 999/1192/1036 1010/1195/1039 1011/1203/1047 1013/1204/1048
f 1009/1202/1046 1024/1205/1049 1012/1206/1050 1011/1203/1047
f 1013/1204/1048 1011/1203/1047 1012/1206/1050 1014/1207/1051
f 1013/1204/1048 1014/1207/1051 1016/1208/1052 1015/1209/1053
f 1013/1204/1048 1015/1209/1053 996/1190/1034 999/1192/1036
f 996/1190/1034 1015/1209/1053 990/1173/1021 992/1186/1030
f 1016/1208/1052 979/1172/1020 990/1173/1021 1015/1209/1053
f 1018/1210/1054 1017/1166/1014 1016/1208/1052 1014/1207/1051
f 973/1165/1013 979/1172/1020 1016/1208/1052 1017/1166/1014
f 1017/1166/1014 1018/1210/1054 1019/1211/1055 972/1163/1011
f 1020/1212/1056 1021/1213/1057 1019/1211/1055 1018/1210/1054
f 1014/1207/1051 1012/1206/1050 1020/1212/1056 1018/1210/1054
f 1024/1205/1049 1022/1214/1058 1020/1212/1056 1012/1206/1050
f 1023/1215/1059 1021/1213/1057 1020/1212/1056 1022/1214/1058
f 1022/1214/1058 611/759/663 1026/762/666 1023/1215/1059
f 611/759/663 1022/1214/1058 1024/1205/1049 608/757/661
f 1024/1205/1049 1009/1202/1046 606/755/659 608/757/661
f 1025/764/668 1027/1216/1060 1021/1213/1057 1023/1215/1059
f 1025/764/668 1023/1215/1059 1026/762/666 610/760/664
f 1025/764/668 614/765/669 1028/1217/1061 1027/1216/1060
f 1029/1218/1062 1027/1216/1060 1028/1217/1061 1030/1219/1063
f 1027/1216/1060 1029/1218/1062 1019/1211/1055 1021/1213/1057
f 1029/1218/1062 1030/1219/1063 968/1161/1007 970/1160/1009
f 1019/1211/1055 1029/1218/1062 970/1160/1009 972/1163/1011
f 1031/1220/1064 1030/1221/1063 1028/1222/1061 1032/1223/1065
f 1030/1221/1063 1031/1220/1064 1034/1159/1008 968/1158/1007
f 1031/1220/1064 1032/1223/1065 1052/1224/1066 1033/1225/1067
f 1033/1225/1067 1035/1226/1068 1034/1159/1008 1031/1220/1064
f 1034/1159/1008 1035/1226/1068 1037/1151/1003 964/1149/1001
f 1035/1226/1068 1033/1225/1067 1053/1227/1069 1036/1228/1070
f 1036/1228/1070 1038/1229/1071 1037/1151/1003 1035/1226/1068
f 1037/1151/1003 1038/1229/1071 956/1138/994 960/1140/996
f 1039/1135/991 952/1134/990 956/1138/994 1038/1229/1071
f 1038/1229/1071 1036/1228/1070 1040/1230/1072 1039/1135/991
f 949/1131/987 1039/1135/991 1040/1230/1072 1042/1132/988
f 1043/1231/1073 1042/1132/988 1040/1230/1072 1041/1232/1074
f 1040/1230/1072 1036/1228/1070 1053/1227/1069 1041/1232/1074
f 1042/1132/988 1043/1231/1073 1044/1233/1075 948/1130/986
f 1045/1234/1076 1046/1235/1077 1044/1233/1075 1043/1231/1073
f 1041/1232/1074 1048/1236/1078 1045/1234/1076 1043/1231/1073
f 1211/1237/1079 1046/1235/1077 1045/1234/1076 1047/1238/1080
f 1049/1239/1081 1047/1238/1080 1045/1234/1076 1048/1236/1078
f 1048/1236/1078 1041/1232/1074 1053/1227/1069 1050/1240/1082
f 1050/1240/1082 1051/1241/1083 1049/1239/1081 1048/1236/1078
f 1050/1240/1082 1052/1224/1066 1054/1242/1084 1051/1241/1083
f 1053/1227/1069 1033/1225/1067 1052/1224/1066 1050/1240/1082
f 1032/1223/1065 1056/1243/1085 1054/1242/1084 1052/1224/1066
f 1054/1242/1084 1056/1243/1085 1058/1244/1086 1055/1245/1087
f 1054/1242/1084 1055/1245/1087 1224/1246/1088 1051/1241/1083
f 1057/1247/1089 1060/1248/1090 1058/1244/1086 1056/1243/1085
f 1056/1243/1085 1032/1223/1065 1028/1222/1061 1057/1247/1089
f 1058/1244/1086 1059/1249/1091 1225/1250/1092 1055/1245/1087
f 1062/1251/1093 1059/1249/1091 1058/1244/1086 1060/1248/1090
f 1242/775/677 1061/1252/1094 1060/1248/1090 1057/1247/1089
f 1061/1252/1094 1063/1253/1095 1062/1251/1093 1060/1248/1090
f 1065/1254/1096 1064/1255/1097 1062/1251/1093 1063/1253/1095
f 1067/1256/1098 1059/1249/1091 1062/1251/1093 1064/1255/1097
f 1086/1257/1099 1066/1258/1100 1064/1255/1097 1065/1254/1096
f 1069/1259/1101 1067/1256/1098 1064/1255/1097 1066/1258/1100
f 1067/1256/1098 1068/1260/1102 1225/1250/1092 1059/1249/1091
f 1068/1260/1102 1067/1256/1098 1069/1259/1101 1071/1261/1103
f 1083/1262/1104 1070/1263/1105 1069/1259/1101 1066/1258/1100
f 1073/1264/1106 1071/1261/1103 1069/1259/1101 1070/1263/1105
f 1222/1265/1107 1068/1260/1102 1071/1261/1103 1072/1266/1108
f 1074/1267/1109 1072/1266/1108 1071/1261/1103 1073/1264/1106
f 1077/1268/1110 1074/1267/1109 1073/1264/1106 1075/1269/1111
f 1078/1270/1112 1075/1269/1111 1073/1264/1106 1070/1263/1105
f 1076/1271/1113 1075/1269/1111 1078/1270/1112 1079/1272/1114
f 1075/1269/1111 1076/1271/1113 1228/1273/1115 1077/1268/1110
f 1081/1274/1116 1079/1272/1114 1078/1270/1112 1080/1275/1117
f 1083/1262/1104 1080/1275/1117 1078/1270/1112 1070/1263/1105
f 1080/1275/1117 1082/1276/1118 1122/1277/1119 1081/1274/1116
f 1082/1276/1118 1080/1275/1117 1083/1262/1104 1084/1278/1120
f 1086/1257/1099 1084/1278/1120 1083/1262/1104 1066/1258/1100
f 1084/1278/1120 1085/1279/1121 1237/1280/1122 1082/1276/1118
f 1085/1279/1121 1084/1278/1120 1086/1257/1099 1087/1281/1123
f 1089/1282/1124 1087/1281/1123 1086/1257/1099 1065/1254/1096
f 1089/1282/1124 1090/1283/1125 1088/1284/1126 1087/1281/1123
f 1087/1281/1123 1088/1284/1126 1238/1285/1127 1085/1279/1121
f 1091/1286/1128 1092/1287/1129 1090/1283/1125 1089/1282/1124
f 1065/1254/1096 1063/1253/1095 1091/1286/1128 1089/1282/1124
f 1094/1288/1130 1092/1287/1129 1091/1286/1128 1093/1289/1131
f 1061/1252/1094 1093/1289/1131 1091/1286/1128 1063/1253/1095
f 1242/775/677 622/774/676 1093/1289/1131 1061/1252/1094
f 624/777/678 1094/1288/1130 1093/1289/1131 622/774/676
f 1092/1287/1129 1094/1288/1130 1095/1290/1132 1096/1291/1133
f 624/777/678 626/778/679 1095/1290/1132 1094/1288/1130
f 1096/1291/1133 1095/1290/1132 1097/1292/1134 1098/1293/1135
f 641/802/696 1097/1292/1134 1095/1290/1132 638/794/691
f 629/795/683 638/794/691 1095/1290/1132 626/778/679
f 1098/1293/1135 1097/1292/1134 1099/1294/1136 1101/1295/1137
f 1097/1292/1134 641/802/696 644/805/699 1099/1294/1136
f 1103/1296/1138 1101/1295/1137 1099/1294/1136 1100/1297/1139
f 1100/1297/1139 1099/1294/1136 644/805/699 646/808/702
f 1101/1295/1137 1102/1298/1140 1241/1299/1141 1098/1293/1135
f 1102/1298/1140 1101/1295/1137 1103/1296/1138 1105/1300/1142
f 1152/1301/1143 1104/1302/1144 1103/1303/1138 1100/1304/1139
f 1107/1305/1145 1105/1300/1142 1103/1296/1138 1104/1306/1144
f 1239/1307/1146 1102/1298/1140 1105/1300/1142 1106/1308/1147
f 1108/1309/1148 1106/1308/1147 1105/1300/1142 1107/1305/1145
f 1112/1310/1149 1108/1309/1148 1107/1305/1145 1109/1311/1150
f 1111/1312/1151 1109/1311/1150 1107/1305/1145 1104/1306/1144
f 1112/1310/1149 1109/1311/1150 1110/1313/1152 1113/1314/1153
f 1109/1311/1150 1111/1312/1151 1158/1315/1154 1110/1313/1152
f 1112/1310/1149 1113/1314/1153 1117/1316/1155 1114/1317/1156
f 1114/1317/1156 1116/1318/1157 1108/1309/1148 1112/1310/1149
f 1114/1317/1156 1115/1319/1158 1237/1280/1122 1116/1318/1157
f 1115/1319/1158 1114/1317/1156 1117/1316/1155 1119/1320/1159
f 1120/1321/1160 1119/1320/1159 1117/1316/1155 1118/1322/1161
f 1137/1323/1162 1118/1322/1161 1117/1316/1155 1113/1314/1153
f 1115/1319/1158 1119/1320/1159 1121/1324/1163 1122/1277/1119
f 1119/1320/1159 1120/1321/1160 1124/1325/1164 1121/1324/1163
f 1081/1274/1116 1122/1277/1119 1121/1324/1163 1123/1326/1165
f 1123/1326/1165 1121/1324/1163 1124/1325/1164 1125/1327/1166
f 1120/1321/1160 1128/1328/1167 1126/1329/1168 1124/1325/1164
f 1125/1327/1166 1124/1325/1164 1126/1329/1168 1127/1330/1169
f 1127/1330/1169 1126/1329/1168 1129/1331/1170 1131/1332/1171
f 1128/1328/1167 1132/1333/1172 1129/1331/1170 1126/1329/1168
f 1132/1333/1172 1134/1334/1173 1130/1335/1174 1129/1331/1170
f 1131/1332/1171 1129/1331/1170 1130/1335/1174 1159/1336/1175
f 1133/1337/1176 1135/1338/1177 1134/1334/1173 1132/1333/1172
f 1132/1333/1172 1128/1328/1167 1136/1339/1178 1133/1337/1176
f 1134/1334/1173 245/331/284 249/333/286 1130/1335/1174
f 245/331/284 1134/1334/1173 1135/1338/1177 243/327/280
f 1133/1337/1176 1137/1323/1162 243/327/280 1135/1338/1177
f 1137/1323/1162 1133/1337/1176 1136/1339/1178 1118/1322/1161
f 1137/1323/1162 1113/1314/1153 1110/1313/1152 1138/1340/1179
f 241/328/281 243/327/280 1137/1323/1162 1138/1340/1179
f 1139/1341/1180 1138/1340/1179 1110/1313/1152 1141/1342/1181
f 1138/1340/1179 1139/1341/1180 1142/329/282 241/328/281
f 1144/1343/1182 1140/1344/1183 1139/1345/1180 1141/1346/1181
f 1139/1345/1180 1140/1344/1183 228/311/267 1142/1347/282
f 236/316/272 1142/1347/282 228/311/267 230/313/269
f 1141/1342/1181 1110/1313/1152 1158/1315/1154 1143/1348/1184
f 1146/1349/1185 1144/1343/1182 1141/1346/1181 1143/1350/1184
f 1140/1344/1183 1144/1343/1182 1145/1351/1186 1157/1352/1187
f 1146/1349/1185 1147/1353/1188 1145/1351/1186 1144/1343/1182
f 1147/1353/1188 1146/1349/1185 1148/1354/1189 1150/820/710
f 1143/1350/1184 1151/1355/1190 1148/1354/1189 1146/1349/1185
f 647/821/703 1150/820/710 1148/1354/1189 1149/1356/704
f 1148/1354/1189 1151/1355/1190 1152/1301/1143 1149/1356/704
f 1151/1355/1190 1143/1350/1184 1158/1357/1154 1111/1358/1151
f 1151/1355/1190 1111/1358/1151 1104/1302/1144 1152/1301/1143
f 646/1359/702 1149/1356/704 1152/1301/1143 1100/1304/1139
f 1153/1360/1191 1147/1353/1188 1150/820/710 651/819/709
f 1153/1360/1191 1154/1361/1192 1145/1351/1186 1147/1353/1188
f 1154/1361/1192 1153/1360/1191 1155/861/739 682/860/738
f 1155/861/739 1153/1360/1191 651/819/709 653/823/711
f 656/825/713 681/857/735 1155/861/739 653/823/711
f 1156/869/747 1157/1352/1187 1145/1351/1186 1154/1361/1192
f 1156/869/747 1154/1361/1192 682/860/738 684/862/740
f 226/309/265 1157/1352/1187 1156/869/747 224/308/264
f 1157/1352/1187 226/309/265 228/311/267 1140/1344/1183
f 1120/1321/1160 1118/1322/1161 1136/1339/1178 1128/1328/1167
f 1162/1362/1193 1160/1363/1194 1131/1332/1171 1159/1336/1175
f 1161/1364/1195 1127/1330/1169 1131/1332/1171 1160/1363/1194
f 1161/1364/1195 1160/1363/1194 1163/1365/1196 1165/1366/1197
f 1160/1363/1194 1162/1362/1193 1167/1367/1198 1163/1365/1196
f 1169/1368/1199 1166/1369/1200 1163/1365/1196 1164/346/299
f 1164/346/299 1163/1365/1196 1167/1367/1198 257/344/297
f 1168/1370/1201 1165/1366/1197 1163/1365/1196 1166/1369/1200
f 255/340/293 257/344/297 1167/1367/1198 1162/1362/1193
f 1168/1370/1201 1166/1369/1200 1170/1371/1202 1173/1372/1203
f 1166/1369/1200 1169/1368/1199 1171/1373/1204 1170/1371/1202
f 1172/1374/1205 1170/1371/1202 1171/1373/1204 1232/382/335
f 1175/1375/1206 1173/1372/1203 1170/1371/1202 1172/1374/1205
f 1229/1376/1207 1168/1370/1201 1173/1372/1203 1174/1377/1208
f 1177/1378/1209 1174/1377/1208 1173/1372/1203 1175/1375/1206
f 1179/1379/1210 1177/1378/1209 1175/1375/1206 1176/1380/1211
f 1209/1381/1212 1176/1380/1211 1175/1375/1206 1172/1374/1205
f 1178/1382/1213 1177/1378/1209 1179/1379/1210 1181/1383/1214
f 1177/1378/1209 1178/1382/1213 1228/1273/1115 1174/1377/1208
f 1179/1379/1210 1176/1380/1211 1191/1384/1215 1180/1385/1216
f 1179/1379/1210 1180/1385/1216 1183/1386/1217 1181/1383/1214
f 1212/1387/1218 1178/1382/1213 1181/1383/1214 1182/1388/1219
f 1182/1388/1219 1181/1383/1214 1183/1386/1217 1184/1389/1220
f 1210/1390/1221 1184/1389/1220 1183/1386/1217 1185/1391/1222
f 1187/1392/1223 1185/1391/1222 1183/1386/1217 1186/1393/1224
f 1188/1394/1225 1186/1393/1224 1183/1386/1217 1180/1385/1216
f 1189/1395/1226 1187/1392/1223 1186/1393/1224 1188/1394/1225
f 1188/1394/1225 1180/1385/1216 1191/1384/1215 1190/1396/1227
f 1189/1395/1226 1188/1394/1225 1190/1396/1227 1192/1397/1228
f 1192/1397/1228 1190/1396/1227 1191/1384/1215 1193/1398/1229
f 1192/1397/1228 1193/1398/1229 1195/1399/1230 1194/1400/1231
f 1189/1395/1226 1192/1397/1228 1194/1400/1231 1197/1401/1232
f 1196/1402/1233 1194/1400/1231 1195/1399/1230 1204/1403/1234
f 1199/1404/1235 1197/1401/1232 1194/1400/1231 1196/1402/1233
f 1187/1392/1223 1189/1395/1226 1197/1401/1232 1198/1127/983
f 943/1123/979 1198/1127/983 1197/1401/1232 1199/1404/1235
f 1196/1402/1233 1201/1405/1236 1200/1406/1237 1199/1404/1235
f 1199/1404/1235 1200/1406/1237 941/1122/978 943/1123/979
f 1202/407/360 939/1121/977 941/1122/978 1200/1406/1237
f 317/402/355 1202/407/360 1200/1406/1237 1201/1405/1236
f 313/400/353 317/402/355 1201/1405/1236 1203/1407/1238
f 1204/1403/1234 1203/1407/1238 1201/1405/1236 1196/1402/1233
f 309/397/350 313/400/353 1203/1407/1238 307/395/348
f 1205/396/349 307/395/348 1203/1407/1238 1204/1403/1234
f 1204/1403/1234 1195/1399/1230 1206/1408/1239 1205/396/349
f 303/391/344 1205/396/349 1206/1408/1239 300/389/342
f 1193/1398/1229 1207/1409/1240 1206/1408/1239 1195/1399/1230
f 1206/1408/1239 1207/1409/1240 298/385/338 300/389/342
f 1207/1409/1240 1208/1410/1241 295/383/336 298/385/338
f 1207/1409/1240 1193/1398/1229 1191/1384/1215 1208/1410/1241
f 1209/1381/1212 1208/1410/1241 1191/1384/1215 1176/1380/1211
f 1208/1410/1241 1209/1381/1212 293/381/334 295/383/336
f 293/381/334 1209/1381/1212 1172/1374/1205 1232/382/335
f 1185/1391/1222 1187/1392/1223 1198/1127/983 944/1126/982
f 1210/1390/1221 1185/1391/1222 944/1126/982 946/1128/984
f 1184/1389/1220 1210/1390/1221 1044/1233/1075 1046/1235/1077
f 1044/1233/1075 1210/1390/1221 946/1128/984 948/1130/986
f 1184/1389/1220 1046/1235/1077 1211/1237/1079 1182/1388/1219
f 1182/1388/1219 1211/1237/1079 1214/1411/1242 1212/1387/1218
f 1213/1412/1243 1212/1387/1218 1214/1411/1242 1216/1413/1244
f 1212/1387/1218 1213/1412/1243 1228/1273/1115 1178/1382/1213
f 1211/1237/1079 1047/1238/1080 1215/1414/1245 1214/1411/1242
f 1216/1413/1244 1214/1411/1242 1215/1414/1245 1218/1415/1246
f 1216/1413/1244 1217/1416/1247 1227/1417/1248 1213/1412/1243
f 1220/1418/1249 1217/1416/1247 1216/1413/1244 1218/1415/1246
f 1219/1419/1250 1218/1415/1246 1215/1414/1245 1226/1420/1251
f 1218/1415/1246 1219/1419/1250 1221/1421/1252 1220/1418/1249
f 1220/1418/1249 1072/1266/1108 1074/1267/1109 1217/1416/1247
f 1072/1266/1108 1220/1418/1249 1221/1421/1252 1222/1265/1107
f 1223/1422/1253 1222/1265/1107 1221/1421/1252 1219/1419/1250
f 1222/1265/1107 1223/1422/1253 1225/1250/1092 1068/1260/1102
f 1219/1419/1250 1226/1420/1251 1224/1246/1088 1223/1422/1253
f 1225/1250/1092 1223/1422/1253 1224/1246/1088 1055/1245/1087
f 1224/1246/1088 1226/1420/1251 1049/1239/1081 1051/1241/1083
f 1215/1414/1245 1047/1238/1080 1049/1239/1081 1226/1420/1251
f 1074/1267/1109 1077/1268/1110 1227/1417/1248 1217/1416/1247
f 1228/1273/1115 1213/1412/1243 1227/1417/1248 1077/1268/1110
f 1229/1376/1207 1174/1377/1208 1228/1273/1115 1076/1271/1113
f 1076/1271/1113 1079/1272/1114 1230/1423/1254 1229/1376/1207
f 1168/1370/1201 1229/1376/1207 1230/1423/1254 1165/1366/1197
f 1165/1366/1197 1230/1423/1254 1231/1424/1255 1161/1364/1195
f 1123/1326/1165 1125/1327/1166 1231/1424/1255 1230/1423/1254
f 1081/1274/1116 1123/1326/1165 1230/1423/1254 1079/1272/1114
f 1127/1330/1169 1161/1364/1195 1231/1424/1255 1125/1327/1166
f 1232/382/335 1171/1373/1204 1233/1425/1256 292/380/333
f 1169/1368/1199 1234/1426/1257 1233/1425/1256 1171/1373/1204
f 1236/355/308 1235/1427/1258 1233/1425/1256 1234/1426/1257
f 1233/1425/1256 1235/1427/1258 290/377/330 292/380/333
f 280/370/323 282/371/324 290/377/330 1235/1427/1258
f 280/370/323 1235/1427/1258 1236/355/308 265/354/307
f 258/345/298 260/347/300 1236/355/308 1234/1426/1257
f 1169/1368/1199 1164/346/299 258/345/298 1234/1426/1257
f 255/340/293 1162/1362/1193 1159/1336/1175 251/338/291
f 1159/1336/1175 1130/1335/1174 249/333/286 251/338/291
f 1237/1280/1122 1115/1319/1158 1122/1277/1119 1082/1276/1118
f 1238/1285/1127 1116/1318/1157 1237/1280/1122 1085/1279/1121
f 1108/1309/1148 1116/1318/1157 1238/1285/1127 1106/1308/1147
f 1239/1307/1146 1106/1308/1147 1238/1285/1127 1088/1284/1126
f 1240/1428/1259 1239/1307/1146 1088/1284/1126 1090/1283/1125
f 1239/1307/1146 1240/1428/1259 1241/1299/1141 1102/1298/1140
f 1096/1291/1133 1240/1428/1259 1090/1283/1125 1092/1287/1129
f 1096/1291/1133 1098/1293/1135 1241/1299/1141 1240/1428/1259
f 1242/775/677 1057/1247/1089 1028/1222/1061 621/772/675
f 616/766/670 621/771/675 1028/1217/1061 614/765/669
f 881/1429/920 878/1184/919 1243/1153/1004 962/1152/999
f 932/1112/968 319/405/358 321/409/362 919/1093/954
f 366/467/417 1244/1069/933 901/1079/943 364/465/415
f 1244/1069/933 366/467/417 369/469/419 888/1062/926
f 373/475/425 867/1036/906 870/1040/908 371/473/423
f 1245/1035/905 867/1036/906 373/475/425 1246/477/427
f 663/838/723 1245/1035/905 1246/477/427 665/840/725
f 866/1031/904 1245/1035/905 663/838/723 661/837/722
f 702/882/760 700/517/462 404/518/463 410/525/468
f 681/857/735 656/825/713 658/831/717 676/854/732
f 159/216/185 161/218/187 627/780/681 619/768/672
f 590/157/131 583/734/638 105/149/123 107/150/124
f 1247/126/100 86/125/99 579/133/107 574/728/632
f 571/725/629 78/115/89 81/118/92 1247/126/100
f 1248/1430/1260 70/107/81 72/108/82 565/716/622
f 1249/1431/1261 1248/1430/1260 565/716/622 562/715/621
f 70/107/81 1248/1430/1260 52/85/59 68/106/80
f 1249/1431/1261 1250/86/60 52/85/59 1248/1430/1260
f 36/1432/42 1250/86/60 1249/1431/1261 1251/1433/43
f 1249/1431/1261 562/715/621 560/1434/620 1251/1433/43
f 46/78/52 1250/86/60 36/1432/42 39/77/41
f 430/556/492 499/642/569 440/568/504 432/557/493
f 297/386/339 1253/1435/1262 1252/393/346 301/387/340
f 83/119/93 80/116/90 1252/393/346 1253/1435/1262
f 1252/393/346 65/100/74 63/99/73 61/98/72
f 77/103/77 65/100/74 1252/393/346 80/116/90
f 1253/1435/1262 297/386/339 289/375/328 287/374/327
f 83/119/93 1253/1435/1262 287/374/327 285/122/96
f 278/368/321 95/136/110 88/129/103 284/128/102
f 270/361/314 1254/360/313 102/145/119 100/142/116
f 1255/1436/1263 1257/147/121 102/145/119 1254/360/313
f 269/359/312 1256/1437/1264 1255/1436/1263 1254/360/313
f 1260/1438/1265 1258/1439/1266 1255/1436/1263 1256/1437/1264
f 1261/1440/1267 1257/147/121 1255/1436/1263 1258/1439/1266
f 1260/1438/1265 1274/1441/1268 1259/1442/1269 1258/1439/1266
f 1259/1442/1269 1262/1443/1270 1261/1440/1267 1258/1439/1266
f 103/146/120 1257/147/121 1261/1440/1267 109/153/127
f 1263/155/129 109/153/127 1261/1440/1267 1262/1443/1270
f 1263/155/129 1262/1443/1270 1264/1444/1271 1267/1445/1272
f 1264/1444/1271 1262/1443/1270 1259/1442/1269 1266/1446/1273
f 1270/1447/1274 1265/1448/1275 1264/1444/1271 1266/1446/1273
f 1268/1449/1276 1267/1445/1272 1264/1444/1271 1265/1448/1275
f 117/162/136 110/154/128 1263/155/129 1267/1445/1272
f 1267/1445/1272 1268/1449/1276 1269/163/137 117/162/136
f 197/268/228 194/263/225 1269/163/137 1268/1449/1276
f 1265/1448/1275 1288/270/230 197/268/228 1268/1449/1276
f 191/169/143 116/164/138 1269/163/137 194/263/225
f 1270/1447/1274 1266/1446/1273 1271/1450/1277 1273/1451/1278
f 1271/1450/1277 1266/1446/1273 1259/1442/1269 1274/1441/1268
f 1282/1452/1279 1273/1451/1278 1271/1450/1277 1272/1453/1280
f 1275/1454/1281 1272/1453/1280 1271/1450/1277 1274/1441/1268
f 1277/1455/1282 1275/1454/1281 1274/1441/1268 1260/1438/1265
f 1276/1456/1283 1280/1457/1284 1272/1453/1280 1275/1454/1281
f 1275/1454/1281 1277/1455/1282 1279/1458/1285 1276/1456/1283
f 1260/1438/1265 1256/1437/1264 1278/351/304 1277/1455/1282
f 1278/351/304 262/350/303 1279/1458/1285 1277/1455/1282
f 262/350/303 254/341/294 252/336/289 1279/1458/1285
f 1276/1456/1283 1279/1458/1285 252/336/289 248/335/288
f 269/359/312 263/352/305 1278/351/304 1256/1437/1264
f 246/332/285 1280/1457/1284 1276/1456/1283 248/335/288
f 1281/325/278 1282/1452/1279 1272/1453/1280 1280/1457/1284
f 1280/1457/1284 246/332/285 239/324/277 1281/325/278
f 1281/325/278 238/320/274 1283/1459/1286 1282/1452/1279
f 1282/1452/1279 1283/1459/1286 1285/1460/1287 1273/1451/1278
f 235/319/273 1284/1461/1288 1283/1459/1286 238/320/274
f 1284/1461/1288 1287/279/236 1285/1460/1287 1283/1459/1286
f 1287/279/236 203/277/235 1286/1462/1289 1285/1460/1287
f 1273/1451/1278 1285/1460/1287 1286/1462/1289 1270/1447/1274
f 1287/1463/236 1284/1464/1288 205/282/238 202/281/237
f 203/277/235 196/269/229 1288/270/230 1286/1462/1289
f 1270/1447/1274 1286/1462/1289 1288/270/230 1265/1448/1275
f 235/317/273 233/291/247 205/282/238 1284/1464/1288
f 193/261/223 200/272/232 208/285/241 190/260/222
f 138/190/161 136/188/160 177/242/207 164/227/193
f 165/223/190 157/214/183 140/195/164 138/194/161
f 52/85/59 54/87/61 1289/96/70 68/106/80
