# Blender 5.2.0 LTS
# www.blender.org
mtllib terrain-abyss-chancel-object-051.mtl
o terrain-abyss-chancel-object-051
v -0.243922 0.719460 0.008376
v -0.248579 0.719375 0.011800
v -0.245959 0.728912 0.006186
v -0.241365 0.717709 0.003847
v -0.244393 0.703887 0.012290
v -0.247502 0.706985 0.017223
v -0.245021 0.701718 0.007500
v -0.247857 0.686574 0.018192
v -0.247397 0.684633 0.010030
v -0.251544 0.670365 0.023663
v -0.248958 0.690429 0.024349
v -0.251570 0.674529 0.031345
v -0.254968 0.694695 0.031062
v -0.255456 0.707971 0.026078
v -0.255676 0.678891 0.038165
v -0.259962 0.696917 0.042714
v -0.261626 0.707189 0.041763
v -0.263135 0.698411 0.054522
v -0.260572 0.682797 0.045426
v -0.263536 0.685565 0.052793
v -0.262135 0.665170 0.053065
v -0.262448 0.668851 0.058799
v -0.256673 0.662681 0.044195
v -0.264950 0.674562 0.052401
v -0.258731 0.649997 0.059250
v -0.258808 0.660285 0.065840
v -0.258517 0.668001 0.065190
v -0.259712 0.649864 0.067977
v -0.261648 0.659077 0.072487
v -0.261800 0.650627 0.072957
v -0.261408 0.667514 0.071830
v -0.267018 0.659551 0.073427
v -0.266389 0.668002 0.073740
v -0.272580 0.660481 0.069933
v -0.268477 0.652141 0.072730
v -0.269396 0.645689 0.072578
v -0.274061 0.653610 0.069189
v -0.275631 0.647601 0.069219
v -0.278430 0.654777 0.065709
v -0.281071 0.649495 0.065262
v -0.283024 0.655906 0.062734
v -0.276973 0.661366 0.066603
v -0.276004 0.669215 0.067066
v -0.281304 0.662132 0.063638
v -0.285052 0.662990 0.061637
v -0.280346 0.669922 0.063812
v -0.279819 0.678827 0.064054
v -0.284464 0.670517 0.061489
v -0.284309 0.679211 0.061187
v -0.285466 0.671013 0.062646
v -0.281486 0.671328 0.066169
v -0.285513 0.663532 0.063137
v -0.285379 0.679725 0.062105
v -0.285585 0.688610 0.061594
v -0.281200 0.680713 0.065759
v -0.281339 0.690343 0.065280
v -0.278290 0.681815 0.070010
v -0.278226 0.671418 0.069887
v -0.280816 0.682371 0.075095
v -0.278293 0.692952 0.070084
v -0.280910 0.694243 0.075423
v -0.278253 0.703666 0.068725
v -0.281889 0.699017 0.064602
v -0.280979 0.705905 0.075569
v -0.279229 0.714064 0.068254
v -0.278226 0.716306 0.065271
v -0.283010 0.706179 0.063155
v -0.281039 0.716713 0.075900
v -0.276360 0.724956 0.071527
v -0.273196 0.722277 0.069658
v -0.271206 0.730487 0.073991
v -0.279943 0.726889 0.076646
v -0.277303 0.733798 0.078342
v -0.286410 0.729036 0.080409
v -0.289994 0.731405 0.084910
v -0.287027 0.718442 0.080426
v -0.293540 0.728699 0.076693
v -0.282678 0.735525 0.083502
v -0.278752 0.740319 0.086740
v -0.287431 0.737466 0.084784
v -0.283675 0.741845 0.083394
v -0.293638 0.738736 0.083173
v -0.295517 0.732945 0.081727
v -0.289030 0.741934 0.079836
v -0.301301 0.739609 0.079581
v -0.295944 0.741952 0.075493
v -0.310081 0.740100 0.073208
v -0.302775 0.733853 0.076648
v -0.300836 0.728675 0.069777
v -0.310437 0.734763 0.070489
v -0.308040 0.731472 0.064488
v -0.322323 0.735206 0.062669
v -0.322080 0.740435 0.064290
v -0.337261 0.736303 0.051305
v -0.319960 0.732149 0.057661
v -0.335316 0.732478 0.047676
v -0.316615 0.731567 0.051892
v -0.332882 0.731783 0.041160
v -0.305030 0.731382 0.058634
v -0.313998 0.729881 0.047029
v -0.330041 0.731640 0.036528
v -0.302804 0.729227 0.053922
v -0.314869 0.723306 0.046286
v -0.316376 0.715404 0.046007
v -0.329882 0.725722 0.035058
v -0.303968 0.722106 0.053527
v -0.296288 0.721260 0.058167
v -0.305259 0.713527 0.053682
v -0.306381 0.702103 0.054460
v -0.297408 0.711317 0.058607
v -0.297841 0.710188 0.065542
v -0.298152 0.699361 0.059731
v -0.298271 0.684779 0.061822
v -0.298881 0.698028 0.067262
v -0.300209 0.683932 0.069199
v -0.297868 0.697047 0.074074
v -0.298897 0.709678 0.072901
v -0.291551 0.696109 0.078423
v -0.296505 0.683162 0.075320
v -0.290184 0.682700 0.079522
v -0.294580 0.670978 0.076720
v -0.288568 0.671088 0.080540
v -0.292447 0.660643 0.078152
v -0.300043 0.671099 0.073061
v -0.298763 0.671393 0.066151
v -0.298691 0.660564 0.073922
v -0.297184 0.651676 0.075148
v -0.299890 0.659955 0.067401
v -0.300478 0.658503 0.063220
v -0.301709 0.650660 0.067503
v -0.299667 0.652821 0.064116
v -0.309826 0.657268 0.065193
v -0.307720 0.648651 0.071050
v -0.314870 0.655028 0.065548
v -0.296193 0.645933 0.076772
v -0.307122 0.642181 0.076129
v -0.317908 0.645381 0.063554
v -0.318270 0.640994 0.067001
v -0.320070 0.650273 0.061416
v -0.323732 0.642598 0.051867
v -0.315561 0.641497 0.050670
v -0.331573 0.641430 0.055965
v -0.334304 0.642230 0.036834
v -0.319926 0.641668 0.047448
v -0.323307 0.653473 0.044431
v -0.326853 0.657312 0.055538
v -0.331306 0.664511 0.037097
v -0.339711 0.678089 0.028515
v -0.335774 0.666741 0.047883
v -0.345926 0.678929 0.038284
v -0.331016 0.672649 0.053518
v -0.341881 0.685410 0.045161
v -0.324766 0.677665 0.054334
v -0.322336 0.662567 0.060155
v -0.317082 0.665837 0.061037
v -0.313096 0.665817 0.056883
v -0.308643 0.668207 0.057033
v -0.318790 0.679243 0.049331
v -0.306747 0.656627 0.061861
v -0.305729 0.658114 0.059695
v -0.313125 0.684832 0.052364
v -0.327225 0.694091 0.041301
v -0.319264 0.703255 0.045595
v -0.341755 0.706550 0.033733
v -0.334689 0.691496 0.046727
v -0.348325 0.705844 0.038007
v -0.357964 0.718419 0.029243
v -0.354446 0.700621 0.034637
v -0.366223 0.715642 0.025006
v -0.358442 0.695790 0.026685
v -0.376711 0.717110 0.009050
v -0.350510 0.695112 0.018744
v -0.363001 0.642561 0.015082
v -0.363928 0.710442 0.008111
v -0.370006 0.642554 0.009678
v -0.379846 0.694109 0.008272
v -0.374426 0.643653 0.004510
v -0.386609 0.692878 0.008249
v -0.379785 0.716844 0.010307
v -0.384547 0.717112 0.009806
v -0.372121 0.723004 0.020608
v -0.375609 0.726801 0.018014
v -0.363183 0.726222 0.026113
v -0.365280 0.731502 0.025472
v -0.353963 0.728748 0.025111
v -0.353407 0.732837 0.033816
v -0.352961 0.720266 0.026362
v -0.349624 0.730321 0.024258
v -0.350434 0.731022 0.018202
v -0.351590 0.720928 0.022783
v -0.335409 0.711577 0.032614
v -0.350355 0.722980 0.019820
v -0.331822 0.717715 0.034522
v -0.353227 0.736568 0.037397
v -0.352887 0.740763 0.038602
v -0.366167 0.734757 0.026684
v -0.365757 0.739807 0.026882
v -0.379801 0.729670 0.014640
v -0.378434 0.739033 0.016043
v -0.390305 0.716351 0.008317
v -0.393853 0.729897 0.004048
v -0.392146 0.740389 0.005530
v -0.396390 0.729338 -0.005529
v -0.397783 0.715941 0.001026
v -0.395001 0.691995 -0.001421
v -0.395922 0.715074 -0.007052
v -0.394779 0.692621 -0.008857
v -0.390405 0.714255 -0.012616
v -0.393322 0.729172 -0.012137
v -0.380000 0.713881 -0.013100
v -0.387371 0.694395 -0.012105
v -0.378016 0.695404 -0.015785
v -0.383639 0.671628 -0.011750
v -0.376908 0.673531 -0.018276
v -0.389425 0.668122 -0.008301
v -0.384468 0.653636 -0.011913
v -0.389444 0.650339 -0.007946
v -0.386980 0.644814 -0.014776
v -0.377165 0.657366 -0.019157
v -0.370133 0.660199 -0.031099
v -0.378732 0.646749 -0.021202
v -0.383657 0.642906 -0.025047
v -0.370646 0.648508 -0.031781
v -0.362029 0.650494 -0.046301
v -0.375630 0.642713 -0.035480
v -0.379546 0.640080 -0.038253
v -0.366251 0.642961 -0.049518
v -0.371222 0.641165 -0.052723
v -0.358049 0.645453 -0.062674
v -0.362564 0.642342 -0.065499
v -0.352365 0.646963 -0.072770
v -0.355395 0.654108 -0.059973
v -0.356681 0.667846 -0.057372
v -0.349392 0.656355 -0.069775
v -0.348523 0.670946 -0.066422
v -0.347372 0.657747 -0.077213
v -0.349122 0.648408 -0.079842
v -0.346776 0.659382 -0.083150
v -0.344247 0.671972 -0.073618
v -0.347454 0.672841 -0.081490
v -0.345932 0.691816 -0.071045
v -0.346991 0.691802 -0.079654
v -0.346646 0.707542 -0.068631
v -0.350321 0.689013 -0.062391
v -0.351834 0.705138 -0.058005
v -0.357211 0.684987 -0.052594
v -0.357762 0.701360 -0.046946
v -0.364057 0.679268 -0.041802
v -0.362469 0.663402 -0.044620
v -0.370328 0.675819 -0.029143
v -0.366490 0.697189 -0.038315
v -0.366854 0.715573 -0.030946
v -0.371834 0.695327 -0.025610
v -0.374862 0.713558 -0.021654
v -0.378862 0.728981 -0.015750
v -0.384702 0.729717 -0.014889
v -0.376565 0.729853 -0.023010
v -0.372664 0.731777 -0.028735
v -0.382622 0.733562 -0.022419
v -0.383574 0.740913 -0.020254
v -0.377896 0.734585 -0.032070
v -0.378154 0.741752 -0.031830
v -0.371109 0.734436 -0.045498
v -0.363710 0.734502 -0.058951
v -0.371264 0.741842 -0.044978
v -0.363950 0.731788 -0.042914
v -0.358201 0.725758 -0.041758
v -0.357058 0.731872 -0.055816
v -0.351974 0.726407 -0.053982
v -0.351235 0.731395 -0.066505
v -0.347400 0.726779 -0.076221
v -0.357232 0.734690 -0.070647
v -0.347825 0.726758 -0.062017
v -0.346707 0.720556 -0.065413
v -0.352124 0.716667 -0.055464
v -0.358444 0.713968 -0.043814
v -0.351999 0.734341 -0.081339
v -0.357095 0.741686 -0.071369
v -0.351021 0.741638 -0.082691
v -0.363902 0.741902 -0.058956
v -0.345842 0.741917 -0.065808
v -0.352539 0.741981 -0.053489
v -0.339878 0.741964 -0.076768
v -0.335848 0.738152 -0.061190
v -0.329627 0.740386 -0.071242
v -0.324183 0.737821 -0.054192
v -0.342872 0.737842 -0.048960
v -0.331386 0.737850 -0.042705
v -0.350948 0.737936 -0.034877
v -0.339040 0.738430 -0.028403
v -0.360298 0.742001 -0.039463
v -0.360257 0.738411 -0.019022
v -0.348463 0.739194 -0.010068
v -0.369071 0.740980 -0.005955
v -0.368320 0.742027 -0.025327
v -0.376044 0.742229 -0.014064
v -0.381718 0.743183 -0.007019
v -0.386469 0.743468 -0.002592
v -0.387467 0.739966 -0.012491
v -0.374374 0.742394 -0.000683
v -0.379350 0.742749 0.003646
v -0.364427 0.741974 0.010042
v -0.359554 0.737624 0.011990
v -0.352990 0.740851 0.019202
v -0.369701 0.742108 0.011524
v -0.374957 0.741846 0.014417
v -0.357310 0.741922 0.021916
v -0.362426 0.741688 0.024869
v -0.344786 0.741880 0.031868
v -0.349109 0.741973 0.035570
v -0.341740 0.739532 0.029137
v -0.328827 0.741915 0.045049
v -0.324863 0.738059 0.041789
v -0.312776 0.741942 0.056605
v -0.332889 0.741872 0.048503
v -0.317730 0.741841 0.061166
v -0.336567 0.741562 0.051702
v -0.305695 0.741949 0.069479
v -0.299827 0.741893 0.063669
v -0.289155 0.741926 0.070168
v -0.295021 0.738741 0.059582
v -0.287024 0.737949 0.049785
v -0.308341 0.738350 0.052199
v -0.281981 0.741231 0.064862
v -0.274685 0.738032 0.055114
v -0.275951 0.741758 0.068171
v -0.267579 0.741702 0.058968
v -0.283133 0.741912 0.074403
v -0.270252 0.741605 0.071160
v -0.264857 0.736952 0.073652
v -0.261203 0.741689 0.062262
v -0.278046 0.741891 0.078103
v -0.275274 0.739490 0.079400
v -0.254829 0.738844 0.063693
v -0.253267 0.741648 0.046516
v -0.248760 0.739826 0.047803
v -0.260274 0.741599 0.044500
v -0.245894 0.741628 0.025784
v -0.252630 0.741679 0.023225
v -0.238568 0.741660 0.008149
v -0.241518 0.739682 0.027776
v -0.234660 0.739211 0.010033
v -0.241167 0.733960 0.027855
v -0.234608 0.732794 0.010177
v -0.244158 0.730918 0.026744
v -0.248275 0.733877 0.047475
v -0.252099 0.731088 0.045713
v -0.253873 0.732875 0.062273
v -0.258260 0.727328 0.058963
v -0.261143 0.728673 0.071672
v -0.259283 0.725859 0.067045
v -0.268091 0.725517 0.073022
v -0.262113 0.718841 0.072900
v -0.259383 0.718994 0.067210
v -0.266320 0.717925 0.073534
v -0.261737 0.709590 0.072393
v -0.261503 0.699329 0.071793
v -0.265769 0.709270 0.073843
v -0.259175 0.709553 0.066690
v -0.258942 0.699152 0.066071
v -0.259605 0.709380 0.061454
v -0.259455 0.718839 0.061050
v -0.265279 0.708845 0.055593
v -0.260226 0.699013 0.060924
v -0.261403 0.686561 0.059450
v -0.263312 0.674542 0.058060
v -0.258740 0.687134 0.065649
v -0.258657 0.675737 0.065473
v -0.261344 0.687729 0.071458
v -0.265686 0.688151 0.074019
v -0.261286 0.676593 0.071420
v -0.265983 0.677429 0.073919
v -0.270815 0.678037 0.070814
v -0.275400 0.678304 0.067358
v -0.271533 0.668756 0.070447
v -0.270245 0.688410 0.071102
v -0.269894 0.698886 0.071266
v -0.274674 0.688308 0.067748
v -0.274526 0.698072 0.067813
v -0.279110 0.688085 0.064301
v -0.278809 0.696639 0.064403
v -0.284165 0.687819 0.060918
v -0.284114 0.695021 0.060697
v -0.286202 0.696529 0.060882
v -0.283915 0.702100 0.060638
v -0.279579 0.704410 0.063796
v -0.285448 0.701632 0.061372
v -0.283966 0.709621 0.061373
v -0.280673 0.710739 0.062649
v -0.276571 0.714045 0.066357
v -0.274971 0.706828 0.067403
v -0.271329 0.716374 0.070426
v -0.270146 0.708219 0.071009
v -0.265550 0.699303 0.074031
v -0.267320 0.712995 0.052168
v -0.265250 0.719355 0.057529
v -0.263814 0.726466 0.056260
v -0.269183 0.720294 0.054056
v -0.263440 0.722058 0.041339
v -0.269300 0.726902 0.053738
v -0.263977 0.729085 0.041214
v -0.254846 0.730896 0.023560
v -0.258747 0.731024 0.043779
v -0.249931 0.730847 0.024930
v -0.242823 0.728086 0.006404
v -0.238520 0.725864 -0.005292
v -0.237843 0.729932 0.008067
v -0.234360 0.729188 -0.007069
v -0.240400 0.715066 -0.007717
v -0.232372 0.729488 -0.004870
v -0.234170 0.715238 -0.008095
v -0.227672 0.729240 -0.010520
v -0.229883 0.738576 -0.002809
v -0.226651 0.738821 -0.010385
v -0.233797 0.741663 -0.003713
v -0.239862 0.741611 -0.006077
v -0.230763 0.741723 -0.011775
v -0.237714 0.741648 -0.013590
v -0.226816 0.741767 -0.019910
v -0.221659 0.739009 -0.019940
v -0.221339 0.731145 -0.020440
v -0.233526 0.741710 -0.023030
v -0.230237 0.736872 -0.027518
v -0.242259 0.741698 -0.026038
v -0.248281 0.741741 -0.017116
v -0.238439 0.741569 -0.031978
v -0.256454 0.741724 -0.033116
v -0.262316 0.740615 -0.027115
v -0.277096 0.741784 -0.046630
v -0.250260 0.741628 -0.039489
v -0.247682 0.731231 -0.035769
v -0.269848 0.741439 -0.053828
v -0.291959 0.741819 -0.068979
v -0.269016 0.732218 -0.052274
v -0.291542 0.733583 -0.069239
v -0.271491 0.729889 -0.043656
v -0.271714 0.721671 -0.039050
v -0.251020 0.721110 -0.025926
v -0.296669 0.731128 -0.062236
v -0.313817 0.729127 -0.075607
v -0.300087 0.723978 -0.058181
v -0.315935 0.721886 -0.072848
v -0.298769 0.709953 -0.059064
v -0.301637 0.702403 -0.060886
v -0.273409 0.702644 -0.040763
v -0.313158 0.714515 -0.069591
v -0.319413 0.708857 -0.071085
v -0.326920 0.716006 -0.078164
v -0.320305 0.695571 -0.072774
v -0.328152 0.695747 -0.078410
v -0.321136 0.687307 -0.069185
v -0.307331 0.690301 -0.063704
v -0.291724 0.679913 -0.052653
v -0.311237 0.680758 -0.062703
v -0.314169 0.669664 -0.064547
v -0.299762 0.670942 -0.057696
v -0.292811 0.660978 -0.052985
v -0.305164 0.664447 -0.061890
v -0.299723 0.658503 -0.057913
v -0.310850 0.654917 -0.067276
v -0.304111 0.651051 -0.059993
v -0.317593 0.647659 -0.073462
v -0.318488 0.658747 -0.067234
v -0.322575 0.650248 -0.072427
v -0.324662 0.661281 -0.071332
v -0.329369 0.648088 -0.075650
v -0.329255 0.661429 -0.077440
v -0.322199 0.673567 -0.069801
v -0.328889 0.675557 -0.074196
v -0.328232 0.689021 -0.073831
v -0.328850 0.676101 -0.081979
v -0.334376 0.674628 -0.087296
v -0.330003 0.661675 -0.083175
v -0.329671 0.651217 -0.083650
v -0.334896 0.661339 -0.087813
v -0.339933 0.660856 -0.090995
v -0.335057 0.651060 -0.088195
v -0.335207 0.643829 -0.088550
v -0.340525 0.650789 -0.091321
v -0.343850 0.650005 -0.088898
v -0.342547 0.642764 -0.093032
v -0.347058 0.636083 -0.096308
v -0.343768 0.642112 -0.102001
v -0.347142 0.643688 -0.090936
v -0.349135 0.636481 -0.092649
v -0.350237 0.643084 -0.087149
v -0.353055 0.643002 -0.082524
v -0.346690 0.649440 -0.084682
v -0.351659 0.636463 -0.088077
v -0.354347 0.636327 -0.083287
v -0.348665 0.630013 -0.086657
v -0.340950 0.630293 -0.081924
v -0.351452 0.630058 -0.082003
v -0.346476 0.630012 -0.091188
v -0.338594 0.630141 -0.087013
v -0.344526 0.630008 -0.095252
v -0.336077 0.629952 -0.091196
v -0.342604 0.630542 -0.099068
v -0.333712 0.631753 -0.094180
v -0.344087 0.636183 -0.100731
v -0.332942 0.637671 -0.094708
v -0.333628 0.642125 -0.093365
v -0.324411 0.638451 -0.088367
v -0.324794 0.632691 -0.087742
v -0.314881 0.639070 -0.081920
v -0.325568 0.641767 -0.086685
v -0.327503 0.644823 -0.083233
v -0.315880 0.642412 -0.078825
v -0.305904 0.641437 -0.068924
v -0.307137 0.645235 -0.062430
v -0.292991 0.641221 -0.057600
v -0.303760 0.639695 -0.074520
v -0.292400 0.641118 -0.064843
v -0.305151 0.633931 -0.074829
v -0.315657 0.633270 -0.081564
v -0.293100 0.635110 -0.066859
v -0.307525 0.629915 -0.072834
v -0.295775 0.629914 -0.065529
v -0.317505 0.629924 -0.078995
v -0.311776 0.629927 -0.067652
v -0.300338 0.629910 -0.061027
v -0.316068 0.630590 -0.062819
v -0.320785 0.629942 -0.074201
v -0.328595 0.629950 -0.080099
v -0.325118 0.629964 -0.069778
v -0.331761 0.629978 -0.073624
v -0.328654 0.633539 -0.067364
v -0.336304 0.633464 -0.069524
v -0.320246 0.633285 -0.059716
v -0.326616 0.633199 -0.055782
v -0.309988 0.633195 -0.051908
v -0.297362 0.633090 -0.043939
v -0.316964 0.633140 -0.045171
v -0.305005 0.629924 -0.055916
v -0.292870 0.629883 -0.049064
v -0.288050 0.629898 -0.053956
v -0.279583 0.629862 -0.042343
v -0.267319 0.629852 -0.036455
v -0.281995 0.633010 -0.037637
v -0.275901 0.629897 -0.047378
v -0.272607 0.630923 -0.052066
v -0.264531 0.629899 -0.041298
v -0.262500 0.631330 -0.045172
v -0.253519 0.629835 -0.035591
v -0.255462 0.629778 -0.031627
v -0.244328 0.629785 -0.030595
v -0.252329 0.631796 -0.038229
v -0.243556 0.632443 -0.032301
v -0.252334 0.636280 -0.038993
v -0.243387 0.637385 -0.033229
v -0.252454 0.640199 -0.039655
v -0.262846 0.635745 -0.046067
v -0.263781 0.639549 -0.047285
v -0.272464 0.635991 -0.052823
v -0.281383 0.635551 -0.058904
v -0.272586 0.640853 -0.051916
v -0.279176 0.640914 -0.055581
v -0.272066 0.642442 -0.044200
v -0.258631 0.645916 -0.033678
v -0.275517 0.641813 -0.043930
v -0.266118 0.642371 -0.043582
v -0.255565 0.642454 -0.036506
v -0.245305 0.644158 -0.030577
v -0.237201 0.643393 -0.025772
v -0.243633 0.641479 -0.033328
v -0.248337 0.649643 -0.026119
v -0.238152 0.649827 -0.024238
v -0.244838 0.658428 -0.021928
v -0.253084 0.655708 -0.026806
v -0.259692 0.650178 -0.033635
v -0.258907 0.661481 -0.027225
v -0.251308 0.659481 -0.021006
v -0.253058 0.666169 -0.022161
v -0.246039 0.668182 -0.020381
v -0.255016 0.676358 -0.024068
v -0.258225 0.690501 -0.028226
v -0.261429 0.671636 -0.028699
v -0.248586 0.679612 -0.019716
v -0.250480 0.694020 -0.023693
v -0.241011 0.680046 -0.023944
v -0.242947 0.697290 -0.023926
v -0.239666 0.668614 -0.023525
v -0.234209 0.681032 -0.021591
v -0.235487 0.698863 -0.022120
v -0.232917 0.668338 -0.020886
v -0.228347 0.681873 -0.018316
v -0.227167 0.667741 -0.016980
v -0.228271 0.682419 -0.012049
v -0.229409 0.699266 -0.018922
v -0.230956 0.718042 -0.019904
v -0.227723 0.699625 -0.013721
v -0.227386 0.716659 -0.015521
v -0.229922 0.700086 -0.008653
v -0.235995 0.700614 -0.008919
v -0.229245 0.715827 -0.009814
v -0.232207 0.682910 -0.007672
v -0.233082 0.667048 -0.007706
v -0.237682 0.683325 -0.009831
v -0.239093 0.666622 -0.009078
v -0.241870 0.683638 -0.005370
v -0.241354 0.666148 -0.003448
v -0.244594 0.683737 0.001852
v -0.241823 0.700914 -0.005614
v -0.245041 0.700941 0.001459
v -0.241957 0.716147 -0.002561
v -0.243715 0.666258 0.004102
v -0.246740 0.667471 0.014166
v -0.241855 0.654155 0.004600
v -0.249141 0.655516 0.015628
v -0.240925 0.645280 0.003106
v -0.239978 0.653746 -0.003008
v -0.237904 0.645640 -0.002638
v -0.238678 0.654096 -0.008885
v -0.237425 0.646001 -0.008229
v -0.233269 0.655216 -0.007459
v -0.232956 0.645539 -0.006873
v -0.228988 0.656126 -0.010035
v -0.229118 0.645865 -0.008581
v -0.227099 0.656430 -0.016432
v -0.228699 0.667404 -0.010843
v -0.227005 0.648317 -0.016478
v -0.232357 0.657308 -0.020580
v -0.238792 0.658549 -0.023582
v -0.232135 0.649335 -0.020490
v -0.231651 0.642861 -0.021548
v -0.228351 0.642047 -0.024270
v -0.225954 0.642680 -0.016405
v -0.225602 0.642407 -0.008431
v -0.222464 0.641973 -0.020922
v -0.223100 0.635649 -0.013091
v -0.221331 0.635732 -0.017358
v -0.224166 0.629648 -0.012844
v -0.224904 0.636195 -0.008871
v -0.226742 0.635700 -0.003536
v -0.225866 0.629666 -0.008873
v -0.239478 0.629671 -0.018801
v -0.227600 0.629703 -0.003953
v -0.232136 0.629778 0.001303
v -0.242859 0.629649 -0.015037
v -0.249609 0.629633 -0.020758
v -0.250448 0.629635 -0.008549
v -0.253943 0.629727 0.005307
v -0.252512 0.633078 -0.008201
v -0.254342 0.629435 -0.016993
v -0.264314 0.629352 -0.015371
v -0.258158 0.632571 -0.021738
v -0.257541 0.629684 -0.025123
v -0.268269 0.632528 -0.021661
v -0.268842 0.632879 -0.027998
v -0.287330 0.632528 -0.024387
v -0.288307 0.630165 -0.016744
v -0.304486 0.629881 -0.027024
v -0.284766 0.632879 -0.030915
v -0.304370 0.632952 -0.035055
v -0.318030 0.632978 -0.031942
v -0.324259 0.631407 -0.039401
v -0.321697 0.628824 -0.026646
v -0.330446 0.629402 -0.033853
v -0.320124 0.627798 -0.012034
v -0.340707 0.628732 -0.016315
v -0.362397 0.629405 -0.008366
v -0.341997 0.632030 -0.023644
v -0.339617 0.628837 -0.005932
v -0.336716 0.631825 0.005069
v -0.356768 0.632457 0.003435
v -0.363725 0.630263 0.010413
v -0.349443 0.632882 0.014329
v -0.338776 0.633272 0.026770
v -0.353731 0.630323 0.019423
v -0.341259 0.629773 0.031385
v -0.357653 0.629808 0.025026
v -0.344307 0.629728 0.036890
v -0.367674 0.629738 0.016357
v -0.360624 0.631131 0.029666
v -0.370666 0.631189 0.021051
v -0.360694 0.636501 0.030453
v -0.346832 0.631208 0.041180
v -0.346987 0.636444 0.042120
v -0.331209 0.631306 0.054282
v -0.331478 0.636153 0.055174
v -0.317100 0.631852 0.065735
v -0.328874 0.629631 0.050776
v -0.314878 0.629523 0.063164
v -0.325519 0.629767 0.045972
v -0.323724 0.632270 0.043215
v -0.311139 0.629589 0.058814
v -0.300362 0.629546 0.068573
v -0.307787 0.630646 0.055170
v -0.296410 0.629506 0.064394
v -0.303886 0.630920 0.050875
v -0.292621 0.628898 0.060259
v -0.318036 0.631604 0.036613
v -0.296075 0.628894 0.043312
v -0.286038 0.629263 0.050662
v -0.288921 0.629539 0.034694
v -0.307965 0.627951 0.028813
v -0.292617 0.628591 0.021544
v -0.316358 0.625207 0.011290
v -0.330230 0.631245 0.018980
v -0.318966 0.627466 -0.001868
v -0.297273 0.627662 0.006096
v -0.301042 0.627524 -0.005438
v -0.277354 0.632030 0.003670
v -0.276273 0.631980 0.019494
v -0.254385 0.632062 0.005124
v -0.279657 0.633340 -0.006749
v -0.259625 0.632177 0.020865
v -0.258892 0.629725 0.020877
v -0.266311 0.632650 0.039710
v -0.265947 0.630021 0.038966
v -0.277224 0.629831 0.054648
v -0.278985 0.632147 0.037635
v -0.269987 0.629756 0.056246
v -0.283349 0.629521 0.066838
v -0.273264 0.629628 0.072810
v -0.286752 0.629536 0.072298
v -0.278481 0.630316 0.077674
v -0.289725 0.629542 0.076674
v -0.293042 0.629547 0.078599
v -0.280642 0.629570 0.081365
v -0.287285 0.634915 0.083779
v -0.279871 0.642012 0.081100
v -0.292851 0.638472 0.083304
v -0.304493 0.632830 0.075746
v -0.305932 0.637377 0.075969
v -0.303829 0.629577 0.072608
v -0.317796 0.636484 0.066364
v -0.281525 0.639261 0.085303
v -0.295494 0.642403 0.082541
v -0.281301 0.642386 0.088408
v -0.286083 0.643771 0.081907
v -0.289790 0.651793 0.080068
v -0.283729 0.651803 0.080160
v -0.280696 0.651319 0.075914
v -0.286975 0.660882 0.081526
v -0.282551 0.661294 0.078351
v -0.279818 0.661721 0.073408
v -0.283521 0.671295 0.079667
v -0.280319 0.671420 0.074443
v -0.284208 0.682541 0.080369
v -0.284704 0.695254 0.080954
v -0.286560 0.707590 0.080990
v -0.292827 0.708844 0.077296
v -0.293529 0.719570 0.076542
v -0.300176 0.719880 0.072029
v -0.297376 0.720734 0.064399
v -0.297697 0.729616 0.063486
v -0.295267 0.728671 0.057951
v -0.278788 0.662148 0.068982
v -0.278755 0.652555 0.072296
v -0.279231 0.653898 0.068589
v -0.276131 0.645323 0.070670
v -0.270099 0.639195 0.077293
v -0.278902 0.647297 0.067177
v -0.260774 0.643513 0.070785
v -0.256397 0.636690 0.068687
v -0.251902 0.636494 0.055174
v -0.256677 0.643078 0.064168
v -0.262477 0.629609 0.079280
v -0.254693 0.629753 0.059129
v -0.247839 0.629759 0.041030
v -0.241324 0.629767 0.024547
v -0.245913 0.636281 0.039781
v -0.246220 0.641474 0.037666
v -0.239805 0.636058 0.024026
v -0.234730 0.635779 0.010787
v -0.239583 0.641323 0.022882
v -0.233538 0.640596 0.009931
v -0.244560 0.641934 0.020026
v -0.237228 0.642157 0.006482
v -0.251131 0.641919 0.033553
v -0.249467 0.646537 0.016976
v -0.254819 0.647483 0.030588
v -0.258183 0.650588 0.037991
v -0.254237 0.657595 0.028307
v -0.254694 0.659274 0.037237
v -0.257505 0.646331 0.046511
v -0.252384 0.642024 0.051657
v -0.234532 0.643070 -0.001550
v -0.230288 0.641346 -0.000222
v -0.226151 0.641224 -0.002780
v -0.230914 0.635542 0.000770
v -0.236116 0.629773 0.011374
v -0.262640 0.646550 0.074118
v -0.282398 0.655302 0.066184
v -0.286381 0.657107 0.063008
v -0.281779 0.662781 0.066266
v -0.284462 0.652268 0.062292
v -0.285413 0.658257 0.061436
v -0.303679 0.627999 -0.015959
v -0.346709 0.642462 0.042389
v -0.360313 0.642506 0.030857
v -0.370091 0.642538 0.022568
v -0.353043 0.642571 0.022766
v -0.370743 0.636547 0.021958
v -0.376604 0.642258 0.017216
v -0.382646 0.642105 0.012607
v -0.377116 0.636571 0.016285
v -0.383130 0.636653 0.011433
v -0.377628 0.631416 0.014960
v -0.383606 0.631578 0.010409
v -0.375462 0.629693 0.010029
v -0.382044 0.629509 0.005894
v -0.371872 0.630237 0.002774
v -0.378964 0.629524 -0.001301
v -0.374653 0.629799 -0.010935
v -0.383645 0.629393 -0.003491
v -0.388048 0.629289 -0.005926
v -0.378944 0.629722 -0.012048
v -0.387138 0.629158 0.002907
v -0.391444 0.629088 0.000513
v -0.388929 0.631809 0.006762
v -0.388898 0.636847 0.008154
v -0.392816 0.632399 0.003707
v -0.397088 0.632898 0.001298
v -0.392719 0.637291 0.004495
v -0.392704 0.642256 0.005195
v -0.397305 0.637535 0.002033
v -0.401505 0.637949 -0.000967
v -0.397322 0.642304 0.002524
v -0.402095 0.642352 -0.000236
v -0.392080 0.642342 0.003989
v -0.389192 0.661639 0.002065
v -0.388858 0.642463 0.008603
v -0.392316 0.643410 -0.000195
v -0.391584 0.665069 -0.002160
v -0.384295 0.657377 0.005226
v -0.392106 0.691989 0.004923
v -0.393426 0.642721 -0.009099
v -0.396705 0.640003 -0.010482
v -0.391072 0.641638 -0.017605
v -0.396512 0.635514 -0.010364
v -0.400920 0.633450 -0.001678
v -0.396266 0.630734 -0.010311
v -0.391226 0.637282 -0.017797
v -0.385922 0.638877 -0.026794
v -0.390626 0.632076 -0.017608
v -0.385271 0.633178 -0.026692
v -0.388032 0.629729 -0.016286
v -0.392606 0.629284 -0.008415
v -0.382804 0.629818 -0.025749
v -0.383521 0.629712 -0.013977
v -0.377972 0.629825 -0.023574
v -0.373000 0.630030 -0.021196
v -0.371851 0.629873 -0.035159
v -0.366694 0.629887 -0.032362
v -0.376857 0.629862 -0.037583
v -0.364030 0.629934 -0.049493
v -0.358417 0.631323 -0.045635
v -0.355470 0.630011 -0.063977
v -0.369007 0.629919 -0.052221
v -0.361012 0.629987 -0.066000
v -0.370858 0.635215 -0.052911
v -0.363171 0.636033 -0.066328
v -0.378869 0.634223 -0.038478
v -0.357193 0.636221 -0.076396
v -0.354961 0.630034 -0.075955
v -0.356530 0.642481 -0.075457
v -0.349070 0.630020 -0.072743
v -0.341946 0.630934 -0.066001
v -0.344694 0.630530 -0.077687
v -0.333019 0.630206 -0.051590
v -0.349143 0.630615 -0.061025
v -0.338792 0.630595 -0.047332
v -0.349384 0.633016 -0.036539
v -0.356495 0.633007 -0.025418
v -0.357692 0.633135 -0.039983
v -0.365700 0.633218 -0.031032
v -0.371814 0.633204 -0.020505
v -0.358582 0.631626 -0.017793
v -0.395780 0.629088 -0.001371
v -0.400344 0.629068 -0.002385
v -0.269550 0.630607 -0.032040
v -0.256879 0.629725 -0.028107
v -0.247590 0.629674 -0.024073
v -0.245976 0.629728 -0.027273
v -0.236888 0.629690 -0.021622
v -0.235021 0.629696 -0.025352
v -0.222488 0.629643 -0.016219
v -0.233765 0.631826 -0.028207
v -0.220809 0.629638 -0.019593
v -0.234508 0.637505 -0.029215
v -0.225114 0.636652 -0.023597
v -0.235506 0.642108 -0.028745
v -0.226522 0.729869 -0.017709
v -0.231557 0.730140 -0.023386
v -0.238070 0.730450 -0.028868
v -0.237547 0.718930 -0.023330
v -0.258073 0.711903 -0.027166
v -0.263640 0.702434 -0.030680
v -0.265427 0.665206 -0.035575
v -0.264889 0.685975 -0.032868
v -0.272220 0.677890 -0.039159
v -0.281850 0.691692 -0.046783
v -0.280703 0.667744 -0.046933
v -0.275621 0.657121 -0.044099
v -0.291598 0.652379 -0.051365
v -0.274745 0.649993 -0.043496
v -0.261602 0.657149 -0.034689
v -0.293062 0.645196 -0.052651
v -0.283759 0.629917 -0.058065
v -0.326404 0.629929 -0.084832
v -0.344040 0.660350 -0.088382
v -0.344398 0.673384 -0.087739
v -0.339731 0.674003 -0.090813
v -0.344707 0.691713 -0.087223
v -0.339450 0.692311 -0.090609
v -0.344532 0.710289 -0.087176
v -0.344339 0.724841 -0.088593
v -0.346081 0.708987 -0.078534
v -0.339108 0.711726 -0.090326
v -0.333282 0.714027 -0.086724
v -0.339321 0.725690 -0.090896
v -0.337803 0.732739 -0.096472
v -0.333179 0.728214 -0.087230
v -0.324847 0.729628 -0.081549
v -0.330391 0.734037 -0.092418
v -0.330191 0.741964 -0.093624
v -0.320831 0.734407 -0.086983
v -0.320087 0.742007 -0.087762
v -0.309082 0.733750 -0.080642
v -0.308393 0.741929 -0.079953
v -0.313629 0.741905 -0.071182
v -0.325040 0.741969 -0.078895
v -0.298138 0.741838 -0.060659
v -0.318067 0.739447 -0.063844
v -0.303393 0.739446 -0.054285
v -0.310203 0.737703 -0.045784
v -0.282850 0.739939 -0.040986
v -0.289639 0.737737 -0.033183
v -0.267454 0.737548 -0.021520
v -0.297300 0.738127 -0.023221
v -0.316916 0.738010 -0.034434
v -0.308477 0.738473 -0.007544
v -0.275960 0.737098 -0.011518
v -0.290005 0.737813 0.005007
v -0.263029 0.737680 -0.005142
v -0.254489 0.737486 -0.014329
v -0.254789 0.737747 -0.000610
v -0.277471 0.737369 0.012667
v -0.265902 0.737258 0.017969
v -0.291695 0.737832 0.031387
v -0.306866 0.737967 0.022767
v -0.300725 0.738059 0.042736
v -0.278350 0.737660 0.037360
v -0.267032 0.737551 0.041986
v -0.256917 0.739537 0.021524
v -0.249791 0.741496 0.002433
v -0.245632 0.741057 -0.008654
v -0.244467 0.741689 0.005279
v -0.248349 0.737792 -0.009878
v -0.317077 0.737999 0.033340
v -0.334685 0.737909 0.022190
v -0.323408 0.738169 0.010956
v -0.347686 0.737984 0.014111
v -0.337146 0.740095 -0.000403
v -0.325670 0.738536 -0.019593
v -0.334970 0.741974 -0.085835
v -0.346002 0.741788 -0.092373
v -0.341853 0.741912 -0.100376
v -0.344754 0.732788 -0.094773
v -0.333554 0.693513 -0.086748
v -0.328302 0.650162 -0.079095
v -0.256944 0.725560 0.023279
v -0.251450 0.726620 0.010160
v -0.256261 0.717410 0.023968
v -0.262595 0.714579 0.041395
v -0.382603 0.742122 0.007543
v -0.389959 0.743020 -0.007220
v -0.393949 0.736930 -0.011286
v -0.396043 0.739364 -0.005994
v -0.364727 0.729158 -0.028624
v -0.305194 0.686181 0.057324
v -0.302560 0.670816 0.060781
vn 0.7453 0.1513 0.6493
vn 0.7232 0.2767 0.6328
vn 0.8129 0.1853 0.5521
vn 0.9502 -0.0105 0.3114
vn 0.4779 -0.5435 0.6901
vn 0.7966 -0.0966 0.5967
vn 0.9601 -0.0918 0.2641
vn 0.5518 -0.7143 0.4304
vn 0.9864 -0.1231 0.1094
vn 0.9751 -0.0757 0.2086
vn 0.9028 0.0623 0.4254
vn 0.9776 -0.0225 0.2090
vn 0.9649 -0.1004 0.2426
vn 0.9311 0.0041 0.3647
vn 0.9534 -0.0320 0.2999
vn 0.8554 0.1679 0.4900
vn 0.8772 0.1072 0.4680
vn 0.8466 0.2061 0.4907
vn 0.9256 0.2068 0.3170
vn 0.9340 0.1102 0.3400
vn 0.8847 0.0732 0.4603
vn 0.9270 0.1858 -0.3259
vn 0.9914 0.0706 -0.1102
vn 0.9973 -0.0329 0.0663
vn 0.9824 0.0604 0.1767
vn 0.9796 0.1470 0.1368
vn 0.9445 0.0505 0.3245
vn 0.9328 0.0328 -0.3588
vn 0.9301 0.1389 -0.3401
vn 0.9981 0.0569 -0.0221
vn 0.9930 0.0517 0.1063
vn 0.8531 0.5052 0.1301
vn 0.9553 0.2771 0.1033
vn 0.9573 0.0953 0.2728
vn 0.6876 0.0031 0.7261
vn 0.6141 -0.0030 0.7892
vn 0.5669 0.0302 0.8232
vn -0.2834 0.0529 0.9575
vn -0.1860 0.0050 0.9825
vn -0.1038 0.0069 0.9946
vn -0.5676 0.0244 0.8229
vn -0.5689 0.0151 0.8223
vn -0.5471 0.0819 0.8330
vn -0.1619 0.2852 0.9447
vn 0.4074 0.1057 0.9071
vn -0.4757 0.3064 0.8245
vn -0.5657 0.0997 0.8186
vn 0.3218 0.8967 0.3039
vn -0.5857 0.0304 0.8100
vn -0.3425 0.1044 0.9337
vn 0.4970 0.7139 0.4933
vn -0.5224 0.0263 0.8523
vn -0.5947 0.0234 0.8036
vn -0.5429 0.0302 0.8393
vn 0.3096 -0.0352 0.9502
vn 0.2574 -0.0081 0.9663
vn 0.1982 0.0236 0.9799
vn -0.6020 0.0148 0.7984
vn -0.5668 0.0207 0.8236
vn 0.0731 0.0344 0.9967
vn 0.9996 -0.0064 0.0262
vn 0.9950 -0.0276 -0.0963
vn 0.9717 -0.0657 -0.2268
vn 0.7088 -0.0288 -0.7048
vn 0.6584 -0.0293 -0.7521
vn 0.7430 -0.0256 -0.6688
vn -0.0609 0.0427 0.9972
vn 0.9884 0.0339 0.1481
vn 0.7517 -0.0200 -0.6592
vn 0.9980 -0.0099 -0.0625
vn 0.9968 -0.0047 -0.0794
vn 0.9893 -0.0150 -0.1454
vn 0.8707 0.0040 0.4918
vn 0.8917 -0.0021 0.4526
vn 0.8611 0.0183 0.5081
vn 0.9855 0.0205 -0.1683
vn 0.8524 0.0415 0.5213
vn 0.7353 -0.0242 -0.6773
vn 0.8883 -0.1268 -0.4414
vn 0.9666 -0.2395 0.0909
vn 0.7827 -0.0787 0.6175
vn -0.1363 -0.3552 0.9248
vn 0.4969 -0.4632 0.7338
vn 0.1527 -0.5022 0.8511
vn 0.5428 -0.4500 0.7091
vn 0.5691 -0.3444 0.7467
vn 0.2604 -0.3488 0.9003
vn -0.0494 -0.1328 0.9899
vn 0.4716 -0.4727 0.7444
vn 0.3184 -0.3916 0.8633
vn 0.1218 -0.4302 0.8945
vn 0.0376 -0.0073 0.9993
vn -0.4581 -0.4809 0.7475
vn -0.5306 -0.4509 0.7177
vn -0.1234 -0.4948 0.8602
vn -0.1182 0.1459 0.9822
vn -0.5513 0.0268 0.8339
vn 0.6283 0.3128 0.7123
vn 0.4678 0.2365 0.8516
vn -0.0343 0.8041 0.5934
vn -0.1082 0.9440 0.3117
vn -0.3628 0.4441 0.8192
vn -0.4703 0.4563 0.7554
vn -0.5404 -0.5399 0.6454
vn -0.0880 0.9781 0.1887
vn -0.0872 0.9864 0.1391
vn -0.5206 0.4660 0.7154
vn -0.5157 -0.6015 0.6101
vn -0.7274 -0.6521 0.2136
vn -0.2590 -0.9533 0.1551
vn -0.5036 -0.5612 0.6568
vn -0.2001 -0.9474 0.2499
vn -0.5048 0.5272 0.6836
vn -0.4915 0.6331 0.5980
vn -0.5726 -0.4335 0.6959
vn -0.2785 -0.8903 0.3603
vn -0.0585 -0.9917 0.1148
vn -0.1134 -0.9858 0.1237
vn -0.1757 -0.9810 0.0821
vn -0.3079 -0.8524 0.4226
vn -0.4517 -0.6261 0.6356
vn -0.4604 -0.5766 0.6749
vn -0.5967 -0.1554 0.7873
vn -0.5660 0.0180 0.8242
vn -0.5226 0.0629 0.8502
vn -0.5312 0.0993 0.8414
vn -0.5697 0.0965 0.8162
vn -0.5650 0.1559 0.8102
vn -0.9085 0.0750 0.4111
vn -0.8315 -0.4339 0.3470
vn -0.8813 0.1008 0.4617
vn -0.5405 0.1342 0.8306
vn -0.5330 0.1125 0.8386
vn -0.8875 0.0988 0.4501
vn -0.9642 -0.0240 -0.2639
vn -0.9933 0.0164 -0.1147
vn -0.9996 0.0292 0.0060
vn -0.5598 0.1164 0.8204
vn -0.9257 0.0801 0.3697
vn -0.9909 0.0153 0.1339
vn -0.7063 0.0393 0.7068
vn -0.8320 0.0224 0.5543
vn -0.9111 -0.0080 0.4121
vn -0.4651 0.0051 0.8853
vn -0.5265 0.0128 0.8501
vn -0.3577 0.0081 0.9338
vn -0.9214 0.0102 0.3885
vn -0.5877 0.0194 0.8088
vn -0.1933 0.0149 0.9810
vn -0.4996 -0.0075 0.8662
vn 0.0499 0.0013 0.9988
vn -0.8359 0.0126 0.5488
vn -0.9765 0.0222 0.2142
vn -0.9821 0.0281 0.1860
vn -0.6478 0.2342 0.7249
vn -0.3496 0.0358 0.9362
vn -0.4681 0.6306 0.6190
vn -0.8150 0.1663 0.5551
vn -0.6781 0.0896 0.7295
vn -0.6360 0.6367 0.4360
vn 0.2260 0.6399 0.7345
vn 0.2049 0.6483 0.7333
vn -0.3758 0.5583 0.7396
vn -0.3680 0.5480 0.7512
vn -0.3993 0.2275 0.8881
vn -0.8767 -0.0405 0.4793
vn -0.6489 0.6156 0.4473
vn -0.3573 0.3745 0.8557
vn -0.5236 0.2530 0.8136
vn -0.6487 0.2613 0.7148
vn -0.2071 0.9777 -0.0347
vn -0.5535 0.5752 0.6023
vn -0.9215 0.3643 0.1348
vn -0.3605 0.7740 0.5206
vn -0.4617 0.6983 0.5470
vn -0.4124 0.7283 0.5472
vn -0.8217 -0.3529 0.4476
vn -0.8397 -0.3740 0.3938
vn -0.8211 -0.3975 0.4097
vn -0.8323 -0.4637 0.3038
vn -0.8589 -0.4018 0.3176
vn -0.4049 0.7383 0.5395
vn -0.8408 -0.5162 0.1630
vn -0.5548 0.0800 0.8281
vn -0.6138 0.0152 0.7893
vn -0.5015 0.1243 0.8562
vn 0.0431 0.4940 0.8684
vn -0.0357 0.4922 0.8698
vn 0.1193 0.5346 0.8367
vn 0.2096 0.5454 0.8116
vn -0.0644 0.4472 0.8921
vn -0.5328 0.1280 0.8365
vn -0.3990 0.1908 0.8969
vn -0.2559 0.2933 0.9211
vn -0.1405 0.4508 0.8815
vn 0.0616 0.6001 0.7976
vn -0.3835 0.3342 0.8609
vn -0.1285 0.4636 0.8767
vn -0.6748 -0.0442 0.7367
vn 0.2614 0.4398 0.8592
vn -0.1698 0.3308 0.9283
vn -0.6731 -0.1345 0.7272
vn -0.3954 -0.4321 0.8105
vn -0.8093 -0.5825 0.0756
vn -0.5704 -0.6402 0.5146
vn -0.8364 -0.4824 0.2603
vn -0.4055 0.7324 0.5470
vn -0.2731 0.7423 0.6119
vn -0.0832 -0.0525 0.9952
vn -0.0409 0.4920 0.8697
vn -0.2870 -0.2930 0.9120
vn -0.2600 -0.0851 0.9618
vn -0.2664 0.1022 0.9584
vn -0.3503 -0.1575 0.9233
vn -0.5282 -0.2193 0.8203
vn -0.5791 -0.2579 0.7734
vn -0.3185 -0.1127 0.9412
vn -0.4737 -0.3456 0.8100
vn 0.2297 -0.4865 0.8429
vn -0.3290 -0.7553 0.5668
vn 0.2999 0.3037 0.9044
vn 0.3098 -0.8634 0.3983
vn 0.1071 -0.3432 0.9331
vn 0.2319 0.1609 0.9593
vn -0.5935 -0.3479 0.7258
vn -0.6043 -0.2020 0.7707
vn -0.5734 0.5033 0.6464
vn -0.5384 0.5801 0.6112
vn -0.5535 0.4595 0.6946
vn -0.5772 -0.0673 0.8138
vn -0.6670 0.5501 0.5025
vn -0.8482 0.0687 0.5252
vn -0.5911 -0.0300 0.8061
vn -0.9464 0.0115 0.3227
vn -0.9861 0.0408 -0.1608
vn -0.8528 0.5049 -0.1334
vn -0.9147 -0.0185 -0.4037
vn -0.6966 -0.1044 0.7098
vn -0.9779 -0.1209 0.1707
vn -0.8120 -0.1010 -0.5748
vn -0.4444 -0.0397 -0.8950
vn -0.4359 -0.0287 -0.8996
vn -0.6013 -0.0051 -0.7990
vn -0.5323 -0.2160 -0.8186
vn -0.4985 -0.0394 -0.8660
vn -0.6538 0.0018 -0.7567
vn -0.5613 -0.0202 -0.8274
vn -0.7540 0.0238 -0.6564
vn -0.7849 -0.0723 -0.6154
vn -0.7824 0.1265 -0.6098
vn -0.6677 0.1820 -0.7219
vn -0.8124 0.2933 -0.5039
vn -0.6315 0.7152 -0.2994
vn -0.6108 0.6358 -0.4719
vn -0.6727 0.5445 -0.5010
vn -0.8642 0.0629 -0.4992
vn -0.7736 0.4307 -0.4648
vn -0.8779 0.0182 -0.4784
vn -0.5802 0.7194 -0.3818
vn -0.6924 0.5582 -0.4571
vn -0.5307 0.7897 -0.3077
vn -0.8880 0.0309 -0.4588
vn -0.8491 0.3144 -0.4245
vn -0.5743 0.7759 -0.2610
vn -0.8254 0.2474 -0.5075
vn -0.7771 0.4529 -0.4369
vn -0.7392 0.5435 -0.3977
vn -0.6790 0.6706 -0.2989
vn -0.7349 0.5539 -0.3914
vn -0.8582 0.2474 -0.4498
vn -0.7678 0.5654 -0.3012
vn -0.7916 0.4867 -0.3693
vn -0.8755 0.2553 -0.4104
vn -0.8532 0.0672 -0.5172
vn -0.8560 0.1035 -0.5065
vn -0.9920 0.0550 -0.1133
vn -0.9673 0.1833 -0.1751
vn -0.8486 0.4507 -0.2770
vn -0.9665 0.0579 -0.2500
vn -0.8518 0.3417 -0.3971
vn -0.9956 0.0057 -0.0938
vn -0.9852 -0.0039 -0.1714
vn -0.9973 0.0010 -0.0734
vn -0.8627 0.0567 -0.5025
vn -0.9765 0.0193 -0.2148
vn -0.9939 -0.0074 -0.1099
vn -0.8867 0.0729 -0.4566
vn -0.8362 0.0844 -0.5419
vn -0.8341 0.1112 -0.5402
vn -0.8418 0.0804 -0.5338
vn -0.8758 0.0341 -0.4815
vn -0.8687 0.0187 -0.4950
vn -0.8201 -0.0419 -0.5707
vn -0.8022 0.0748 -0.5924
vn -0.8479 0.1291 -0.5142
vn -0.6528 -0.4318 -0.6224
vn -0.6023 -0.5349 -0.5925
vn -0.7670 -0.4559 -0.4516
vn -0.7465 -0.5119 -0.4252
vn -0.4725 -0.6989 -0.5369
vn -0.6874 -0.3766 -0.6210
vn -0.7015 0.6375 -0.3186
vn -0.6500 0.6916 -0.3151
vn -0.4726 0.6651 -0.5782
vn -0.7259 -0.5683 -0.3874
vn -0.6315 0.7013 -0.3309
vn -0.4456 -0.8686 -0.2168
vn -0.6276 0.6979 -0.3451
vn -0.7190 -0.5753 -0.3900
vn -0.4793 -0.8388 -0.2582
vn -0.8365 -0.3153 -0.4481
vn -0.8331 -0.3414 -0.4351
vn -0.6689 -0.7266 -0.1571
vn -0.8831 -0.3629 -0.2973
vn -0.8016 -0.4831 -0.3522
vn -0.9163 -0.3749 -0.1408
vn -0.9725 -0.0720 -0.2214
vn -0.8830 -0.3024 -0.3590
vn -0.8895 0.0842 -0.4491
vn -0.6319 0.6966 -0.3398
vn -0.6313 0.7028 -0.3279
vn 0.0330 0.9969 0.0720
vn 0.1097 0.9901 0.0875
vn 0.1529 0.9846 0.0846
vn 0.1553 0.9842 0.0856
vn 0.1026 0.9849 0.1394
vn 0.0066 0.9858 0.1680
vn -0.0928 0.9787 0.1831
vn -0.0284 0.9968 0.0742
vn 0.0035 0.9999 -0.0137
vn 0.1540 0.9845 0.0839
vn 0.1522 0.9861 0.0668
vn -0.0037 0.9991 -0.0415
vn 0.1545 0.9869 0.0470
vn 0.0043 0.9999 -0.0103
vn 0.1242 0.9908 0.0545
vn 0.2225 0.9746 -0.0267
vn 0.2207 0.9267 -0.3042
vn 0.0412 0.9987 -0.0288
vn 0.1928 0.9800 -0.0501
vn 0.0161 0.9929 -0.1181
vn -0.0115 0.9968 0.0788
vn -0.1498 0.9887 0.0037
vn -0.3163 0.9099 -0.2684
vn 0.2502 0.9554 -0.1572
vn 0.0205 0.9995 0.0245
vn 0.2338 0.9246 -0.3008
vn 0.0825 0.9902 -0.1124
vn 0.0729 0.9958 -0.0552
vn -0.1910 0.9465 0.2602
vn -0.1601 0.9723 0.1704
vn -0.1873 0.9418 0.2792
vn 0.1581 0.9730 -0.1684
vn -0.0871 0.9927 0.0829
vn 0.2312 0.9443 -0.2343
vn -0.0499 0.9964 0.0679
vn 0.1744 0.9585 -0.2254
vn 0.1956 0.9474 -0.2532
vn 0.1348 0.9648 -0.2259
vn 0.1421 0.9569 -0.2532
vn -0.0726 0.9913 0.1096
vn 0.0832 0.9753 -0.2044
vn 0.0193 0.9932 -0.1151
vn -0.0277 0.9790 -0.2020
vn 0.0666 0.9669 -0.2464
vn 0.0061 0.9968 -0.0793
vn 0.0091 0.9997 -0.0210
vn -0.1384 0.9726 -0.1866
vn -0.1276 0.9847 -0.1185
vn -0.0339 0.9947 -0.0972
vn 0.0073 0.9998 -0.0204
vn 0.2289 0.9409 0.2498
vn 0.2071 0.9577 0.1998
vn 0.2068 0.9660 0.1554
vn 0.5055 0.3335 0.7958
vn 0.6952 0.5284 0.4873
vn 0.7544 0.5871 0.2937
vn 0.1846 0.9795 0.0807
vn -0.2070 0.9739 -0.0934
vn 0.7706 0.5712 0.2827
vn 0.1918 0.9789 0.0702
vn -0.1711 0.9842 -0.0464
vn 0.2441 0.9658 0.0869
vn -0.0671 0.9976 -0.0198
vn 0.8335 0.4753 0.2818
vn 0.8723 -0.3850 0.3014
vn 0.8555 -0.3992 0.3297
vn 0.8276 -0.4731 0.3021
vn 0.3942 -0.8953 0.2075
vn 0.3491 -0.9214 0.1707
vn 0.3804 -0.9235 0.0502
vn 0.8756 -0.2600 0.4071
vn 0.7348 -0.6577 -0.1659
vn 0.6275 -0.0703 0.7754
vn 0.9407 -0.2238 0.2548
vn 0.9745 -0.0234 0.2233
vn 0.5906 0.0318 0.8063
vn -0.1591 0.0104 0.9872
vn 0.6755 -0.0014 0.7374
vn 0.9865 -0.0011 0.1637
vn -0.1077 -0.0036 0.9942
vn 0.9963 -0.0064 0.0861
vn 0.7279 -0.0066 0.6857
vn -0.0428 -0.0031 0.9991
vn 0.8946 -0.0756 -0.4405
vn 0.9122 0.0379 -0.4080
vn 0.9290 0.0205 -0.3694
vn 0.6315 -0.0343 -0.7746
vn 0.9281 -0.0408 -0.3701
vn 0.9999 -0.0124 0.0049
vn 0.9988 0.0017 -0.0489
vn 0.7411 -0.0054 0.6713
vn 0.7277 -0.0012 0.6859
vn -0.0467 0.0006 0.9989
vn -0.0248 -0.0035 0.9997
vn -0.5709 0.0102 0.8210
vn -0.5704 0.0073 0.8213
vn -0.6073 0.0110 0.7944
vn -0.6097 0.0055 0.7926
vn -0.5694 0.0059 0.8221
vn -0.5994 0.0106 0.8004
vn -0.5856 0.0182 0.8104
vn -0.1671 0.0270 0.9856
vn 0.9654 -0.0432 0.2571
vn 0.0889 -0.1018 0.9908
vn 0.9898 -0.1215 -0.0748
vn -0.5851 -0.0014 0.8110
vn -0.5294 -0.0978 0.8427
vn -0.5795 -0.0765 0.8113
vn -0.6154 -0.0048 0.7882
vn -0.5608 -0.0425 0.8268
vn -0.5678 -0.0056 0.8232
vn 0.9152 0.1735 0.3639
vn 0.9685 0.2476 0.0249
vn 0.9693 0.0534 -0.2401
vn 0.8274 -0.5077 -0.2400
vn 0.4041 -0.6659 -0.6271
vn 0.9188 0.0449 0.3921
vn 0.7192 -0.6616 0.2124
vn 0.1431 -0.9851 -0.0951
vn 0.5073 -0.8237 0.2534
vn 0.9056 -0.0697 0.4183
vn 0.0382 -0.9970 0.0676
vn 0.9444 -0.1590 0.2877
vn 0.7908 -0.4582 0.4058
vn 0.2705 -0.5923 0.7590
vn 0.6324 -0.4641 0.6202
vn 0.5671 -0.1096 0.8164
vn 0.1904 -0.0530 0.9803
vn 0.7517 -0.0608 0.6568
vn 0.8682 -0.1723 0.4654
vn 0.8406 0.3693 0.3962
vn 0.8618 0.3649 0.3522
vn 0.2541 0.9592 0.1242
vn 0.2774 0.9547 0.1079
vn -0.0253 0.9997 -0.0001
vn -0.0158 0.9998 0.0137
vn 0.5274 0.8397 -0.1295
vn 0.2511 0.9443 -0.2125
vn 0.9479 0.2225 0.2280
vn 0.9136 -0.3498 -0.2074
vn 0.8520 -0.1968 -0.4851
vn 0.5783 0.1292 -0.8055
vn 0.4837 0.5975 -0.6396
vn 0.0644 0.9971 -0.0394
vn -0.2022 0.9628 0.1791
vn -0.0354 0.9989 0.0311
vn -0.1559 0.9657 0.2075
vn 0.4381 0.6588 -0.6116
vn -0.1313 0.9732 0.1885
vn -0.0560 0.9953 0.0785
vn 0.4385 0.6724 -0.5964
vn 0.4254 -0.4789 -0.7679
vn 0.4245 -0.3832 -0.8203
vn 0.4447 -0.5869 -0.6766
vn -0.0705 0.9915 0.1092
vn 0.4041 0.7077 -0.5796
vn 0.4735 -0.5597 -0.6801
vn 0.2867 -0.4259 -0.8582
vn 0.3381 -0.7296 -0.5944
vn 0.3829 -0.7778 -0.4984
vn 0.5597 -0.2351 -0.7947
vn 0.5963 -0.2568 -0.7606
vn 0.4339 -0.1288 -0.8917
vn 0.5554 -0.2958 -0.7772
vn 0.4210 -0.6802 -0.6001
vn 0.4589 -0.5087 -0.7284
vn 0.6258 0.0063 -0.7799
vn 0.5774 -0.0081 -0.8164
vn 0.5575 -0.1037 -0.8237
vn 0.5569 -0.0878 -0.8259
vn 0.5440 -0.0514 -0.8375
vn 0.5869 -0.0120 -0.8096
vn 0.6580 -0.1517 -0.7376
vn 0.5356 -0.1817 -0.8247
vn 0.7692 -0.0931 -0.6322
vn 0.4947 -0.1188 -0.8609
vn 0.4934 -0.2089 -0.8443
vn 0.8201 -0.1956 -0.5378
vn 0.4691 -0.0822 -0.8793
vn 0.5230 -0.0323 -0.8517
vn 0.4895 -0.0008 -0.8720
vn 0.5838 0.0104 -0.8118
vn 0.4510 0.0849 -0.8885
vn 0.4914 0.0779 -0.8674
vn 0.5194 -0.0404 -0.8536
vn 0.5352 0.0163 -0.8445
vn 0.6046 -0.0453 -0.7953
vn 0.5049 0.1369 -0.8522
vn 0.6280 -0.0310 -0.7776
vn 0.3794 0.2285 -0.8966
vn 0.6204 0.4110 -0.6680
vn 0.4416 0.6482 -0.6203
vn 0.3023 0.6549 -0.6926
vn 0.6315 0.6102 -0.4785
vn 0.6627 0.0533 -0.7470
vn 0.9445 0.0042 -0.3284
vn 0.8076 0.4333 -0.3999
vn 0.8809 -0.0082 -0.4733
vn 0.9243 -0.0092 -0.3815
vn 0.8847 0.0190 -0.4658
vn 0.6411 0.0106 -0.7674
vn 0.6813 0.0048 -0.7320
vn 0.6051 0.0149 -0.7960
vn 0.7726 0.1651 -0.6131
vn 0.5717 0.0443 -0.8192
vn 0.0217 0.1241 -0.9920
vn -0.0094 0.0251 -0.9996
vn -0.0011 0.0141 -0.9999
vn 0.4928 0.6180 -0.6126
vn 0.4353 0.5928 -0.6776
vn -0.2923 0.6952 -0.6567
vn -0.6743 0.2698 -0.6874
vn -0.7393 0.0283 -0.6727
vn -0.6388 0.4451 -0.6275
vn -0.8142 -0.0024 -0.5806
vn -0.8730 0.0005 -0.4877
vn -0.2142 0.6307 -0.7459
vn -0.3570 -0.0080 -0.9341
vn 0.4090 0.6894 -0.5978
vn -0.7849 0.4205 -0.4551
vn -0.8603 -0.0947 -0.5009
vn -0.8142 0.4435 -0.3747
vn -0.8804 -0.1120 -0.4607
vn -0.4759 -0.8490 -0.2297
vn -0.4446 -0.8657 -0.2298
vn -0.4595 -0.8525 -0.2493
vn -0.0094 -0.9998 0.0149
vn -0.0335 -0.9954 0.0897
vn 0.0485 -0.9957 0.0791
vn -0.4255 -0.8433 -0.3283
vn 0.1269 -0.9790 -0.1595
vn -0.0725 -0.6535 -0.7534
vn 0.4614 -0.5772 -0.6737
vn 0.5686 0.0371 -0.8217
vn 0.5735 0.2036 -0.7935
vn 0.5111 -0.4950 -0.7026
vn 0.4185 0.6855 -0.5957
vn 0.5375 0.3429 -0.7704
vn 0.5087 -0.4217 -0.7506
vn 0.4138 0.7589 -0.5029
vn 0.3419 0.8729 -0.3480
vn 0.4968 0.5386 -0.6805
vn 0.5023 0.2881 -0.8153
vn 0.2528 0.8918 -0.3752
vn 0.3781 0.7423 -0.5532
vn 0.5639 -0.1616 -0.8099
vn 0.5347 -0.3217 -0.7814
vn 0.2514 -0.8916 -0.3765
vn 0.2205 -0.9202 -0.3235
vn 0.2870 -0.8565 -0.4291
vn -0.0104 -0.9999 0.0049
vn -0.0167 -0.9996 0.0224
vn -0.0054 -0.9998 0.0185
vn -0.1466 -0.9679 0.2044
vn -0.1822 -0.9543 0.2371
vn -0.1568 -0.9519 0.2632
vn -0.0135 -0.9999 0.0048
vn 0.1884 -0.9474 -0.2588
vn -0.1112 -0.9628 0.2462
vn -0.1646 -0.9415 0.2942
vn 0.0608 -0.9919 0.1118
vn -0.1628 -0.9663 0.1996
vn 0.1376 -0.9850 -0.1040
vn -0.1336 -0.9740 0.1829
vn 0.0785 -0.9961 -0.0409
vn -0.1125 -0.9705 0.2135
vn -0.1079 -0.9759 0.1895
vn 0.0296 -0.9868 -0.1594
vn 0.0149 -0.9998 -0.0132
vn 0.0522 -0.9967 -0.0627
vn -0.1079 -0.9774 0.1815
vn -0.1403 -0.9648 0.2224
vn -0.0712 -0.9940 0.0828
vn -0.1626 -0.9660 0.2008
vn 0.0934 -0.9851 -0.1445
vn 0.3260 -0.8114 -0.4852
vn 0.4010 -0.7008 -0.5900
vn 0.4375 -0.6313 -0.6404
vn 0.4713 -0.5310 -0.7042
vn 0.1639 -0.9517 -0.2596
vn -0.0144 -0.9999 0.0047
vn 0.1787 -0.9245 -0.3367
vn 0.0014 -0.9999 -0.0122
vn 0.4256 -0.4563 -0.7814
vn 0.5562 -0.0973 -0.8253
vn 0.5606 -0.1156 -0.8200
vn 0.4941 -0.0611 -0.8672
vn 0.4707 0.4327 -0.7689
vn 0.4154 0.5055 -0.7563
vn 0.4686 0.4847 -0.7385
vn 0.5381 -0.0208 -0.8426
vn 0.3493 0.6985 -0.6246
vn 0.3310 0.7724 -0.5421
vn 0.5460 -0.0363 -0.8370
vn 0.3357 0.6927 -0.6384
vn 0.2250 0.8346 -0.5027
vn 0.2251 0.8810 -0.4162
vn 0.3521 0.6118 -0.7083
vn 0.2374 0.8157 -0.5276
vn 0.5430 0.2650 -0.7968
vn 0.2632 0.7338 -0.6262
vn 0.2978 0.4716 -0.8300
vn 0.3625 0.7069 -0.6073
vn 0.4027 0.6135 -0.6793
vn 0.3569 0.2737 -0.8932
vn -0.0146 0.2234 -0.9746
vn 0.1423 0.1003 -0.9847
vn 0.5401 0.3630 -0.7593
vn 0.3586 0.2868 -0.8883
vn 0.6572 0.1722 -0.7337
vn 0.7082 0.2230 -0.6699
vn 0.4530 0.0866 -0.8873
vn -0.0998 0.0060 -0.9950
vn 0.5518 -0.0456 -0.8327
vn 0.0925 -0.0940 -0.9913
vn 0.6908 0.0441 -0.7217
vn 0.2209 -0.0881 -0.9713
vn 0.5853 -0.0289 -0.8103
vn 0.6525 -0.0014 -0.7578
vn -0.0199 -0.0059 -0.9998
vn -0.0241 -0.0565 -0.9981
vn 0.1172 -0.0555 -0.9916
vn 0.3586 -0.0048 -0.9335
vn 0.4077 -0.0018 -0.9131
vn 0.4678 -0.0049 -0.8838
vn 0.7620 -0.0018 -0.6476
vn 0.8559 0.0079 -0.5171
vn 0.9276 0.0046 -0.3736
vn 0.9406 0.0035 0.3396
vn 0.8506 0.0171 0.5256
vn 0.9972 -0.0073 0.0743
vn 0.3760 -0.2205 -0.9000
vn 0.6639 -0.1139 -0.7391
vn 0.9874 -0.0572 -0.1474
vn 0.5191 0.0002 0.8547
vn 0.2854 0.0125 0.9583
vn 0.2171 -0.0026 0.9761
vn 0.2790 0.0121 0.9602
vn 0.1835 0.0245 0.9827
vn 0.4324 0.0486 0.9004
vn 0.8495 0.0164 0.5273
vn 0.9324 0.0793 0.3525
vn 0.7540 -0.0244 0.6564
vn 0.9525 0.0397 0.3021
vn 0.9397 0.0799 0.3327
vn 0.9708 -0.0787 0.2268
vn 0.9116 0.0771 0.4038
vn 0.9532 0.1423 0.2669
vn 0.8969 -0.0048 0.4422
vn 0.8166 0.4206 0.3954
vn 0.7634 0.5195 0.3838
vn 0.7240 0.6189 0.3047
vn 0.4516 0.5070 0.7342
vn 0.5135 0.1217 0.8494
vn 0.1247 0.0499 0.9909
vn 0.1945 0.6385 0.7446
vn 0.6996 0.4814 0.5281
vn 0.7968 0.0368 0.6031
vn 0.9506 0.0070 -0.3103
vn 0.9297 0.1673 -0.3282
vn 0.5839 0.1063 -0.8048
vn 0.5268 0.0171 -0.8498
vn 0.8115 0.5840 -0.0227
vn 0.4457 0.7068 -0.5493
vn 0.4375 0.6925 -0.5736
vn 0.7544 0.5953 -0.2765
vn 0.8762 0.4186 0.2389
vn 0.9665 0.0100 0.2566
vn 0.9327 0.1087 0.3439
vn 0.9772 0.1983 0.0760
vn 0.5957 -0.7586 0.2640
vn 0.7050 -0.7089 0.0205
vn 0.6023 -0.7632 0.2340
vn 0.8571 -0.0873 0.5077
vn 0.5988 -0.7172 0.3566
vn 0.7865 0.3467 0.5111
vn 0.0059 -1.0000 0.0014
vn 0.0019 -1.0000 -0.0035
vn -0.0005 -1.0000 -0.0050
vn 0.8337 -0.1164 0.5398
vn 0.5243 -0.7917 0.3134
vn -0.2497 -0.9665 0.0601
vn -0.0564 -0.9983 0.0150
vn 0.0026 -0.9999 -0.0107
vn -0.1444 -0.9875 0.0636
vn -0.5879 -0.7868 -0.1878
vn -0.4011 -0.9092 0.1113
vn -0.5578 -0.8165 -0.1492
vn 0.5982 -0.7661 0.2349
vn -0.0413 -0.9991 0.0034
vn -0.0454 -0.9851 -0.1660
vn -0.1805 -0.9802 -0.0815
vn -0.1753 -0.9726 0.1525
vn -0.1321 -0.9787 0.1573
vn 0.1242 -0.9875 -0.0968
vn 0.0761 -0.9725 -0.2202
vn -0.0025 -0.9995 -0.0301
vn 0.0621 -0.9634 -0.2609
vn 0.0925 -0.9913 -0.0940
vn 0.0326 -0.9795 -0.1986
vn 0.1071 -0.9594 -0.2610
vn 0.1761 -0.9778 -0.1136
vn -0.0128 -0.9948 -0.1013
vn -0.0266 -0.9995 -0.0149
vn -0.0917 -0.9910 -0.0975
vn -0.1413 -0.9806 -0.1361
vn -0.0551 -0.9919 0.1141
vn -0.0037 -0.9972 -0.0747
vn 0.0729 -0.9957 0.0574
vn -0.0686 -0.9718 -0.2257
vn 0.1097 -0.9916 -0.0688
vn -0.1327 -0.9860 0.1009
vn -0.0878 -0.9961 0.0086
vn 0.1170 -0.9917 -0.0540
vn 0.0669 -0.9977 0.0105
vn 0.1615 -0.9751 -0.1517
vn 0.1980 -0.9571 -0.2117
vn 0.1360 -0.9778 -0.1593
vn -0.1874 -0.9784 0.0876
vn -0.0666 -0.9951 0.0726
vn -0.0623 -0.9953 0.0739
vn -0.0909 -0.9910 0.0986
vn -0.4908 -0.6511 0.5789
vn -0.4858 -0.6615 0.5713
vn -0.4948 -0.6579 0.5678
vn -0.6498 -0.0763 0.7562
vn -0.6450 -0.0705 0.7609
vn -0.6455 -0.0918 0.7582
vn -0.5011 -0.6179 0.6058
vn -0.6353 -0.1389 0.7597
vn -0.1256 -0.9812 0.1464
vn -0.5170 -0.5510 0.6551
vn -0.6151 -0.1802 0.7676
vn -0.1818 -0.9560 0.2303
vn 0.0660 -0.9911 -0.1155
vn 0.1597 -0.9664 -0.2014
vn 0.1333 -0.9709 -0.1992
vn 0.0207 -0.9921 -0.1234
vn 0.0075 -0.9997 -0.0242
vn -0.2200 -0.9046 0.3651
vn -0.0207 -0.9995 -0.0218
vn -0.1056 -0.9940 0.0282
vn -0.0322 -0.9994 0.0094
vn -0.1451 -0.9834 0.1086
vn -0.0127 -0.9990 0.0428
vn 0.0549 -0.9977 -0.0389
vn -0.0680 -0.9893 0.1287
vn 0.1556 -0.9878 0.0032
vn 0.1205 -0.9918 -0.0420
vn 0.1556 -0.9874 0.0271
vn -0.1147 -0.9923 0.0472
vn 0.1506 -0.9877 -0.0415
vn 0.1196 -0.9912 -0.0569
vn 0.1073 -0.9942 0.0097
vn 0.1051 -0.9928 -0.0582
vn 0.0880 -0.9919 0.0911
vn -0.5997 -0.7738 -0.2042
vn -0.5905 -0.7816 -0.2011
vn -0.3109 -0.9314 -0.1894
vn -0.4276 -0.8843 -0.1878
vn -0.0768 -0.9949 -0.0660
vn -0.0136 -0.9961 -0.0867
vn 0.1382 -0.8856 0.4434
vn 0.0146 -0.9994 0.0310
vn 0.0168 -0.9996 0.0209
vn 0.3256 -0.7730 0.5444
vn 0.3291 -0.6867 0.6482
vn -0.0333 -0.9756 0.2169
vn -0.1969 -0.8345 0.5147
vn 0.1109 -0.5409 0.8337
vn 0.5610 0.2057 0.8019
vn 0.3698 -0.1611 0.9150
vn -0.3041 -0.3577 0.8829
vn -0.5287 -0.2118 0.8219
vn -0.4449 -0.4568 0.7703
vn 0.1966 0.4931 0.8475
vn 0.0275 0.6613 0.7496
vn 0.3334 0.1664 0.9280
vn 0.7852 0.3198 0.5303
vn 0.7330 0.0332 0.6794
vn 0.3719 0.2002 0.9064
vn 0.5751 0.0186 0.8179
vn 0.9645 0.2482 0.0903
vn 0.9343 0.0104 0.3564
vn 0.4216 0.0079 0.9068
vn 0.3036 0.0168 0.9526
vn 0.1276 0.0239 0.9915
vn -0.9477 -0.0255 0.3183
vn -0.7108 -0.6700 -0.2140
vn 0.9489 -0.0093 -0.3154
vn 0.8935 0.1362 -0.4278
vn 0.4114 0.7387 0.5340
vn 0.4215 0.8037 0.4200
vn 0.6804 0.1248 -0.7221
vn 0.8838 0.3147 0.3463
vn 0.7295 0.1681 0.6630
vn 0.8144 0.0425 0.5787
vn 0.3214 -0.5192 0.7919
vn 0.9389 0.0289 0.3430
vn 0.8293 0.5188 0.2076
vn 0.5860 -0.7819 0.2128
vn 0.5884 -0.7753 0.2296
vn 0.9286 0.0065 0.3711
vn 0.5912 -0.7718 0.2342
vn 0.9241 -0.0707 0.3755
vn 0.7048 0.6678 0.2394
vn 0.6833 0.6714 0.2870
vn 0.9239 -0.1250 0.3617
vn 0.7745 0.5494 0.3134
vn 0.4971 0.8582 0.1279
vn 0.3827 0.9081 0.1699
vn 0.3750 0.9040 0.2055
vn 0.8945 0.3429 0.2868
vn 0.9548 -0.0991 0.2804
vn 0.9769 0.1144 0.1803
vn 0.9716 -0.1183 0.2050
vn 0.6240 0.5636 0.5413
vn 0.3065 0.8982 0.3152
vn 0.9901 0.1373 0.0286
vn -0.4564 0.7043 0.5437
vn -0.4656 0.7020 0.5389
vn -0.4604 0.6675 0.5852
vn -0.6350 -0.0968 0.7664
vn -0.2997 0.3843 0.8732
vn -0.5697 -0.1206 0.8130
vn -0.4468 -0.6114 0.6531
vn -0.4873 -0.6394 0.5948
vn -0.0660 -0.9916 0.1109
vn -0.0850 -0.9799 0.1804
vn 0.0371 -0.9993 0.0032
vn 0.1360 -0.9894 -0.0506
vn 0.0337 -0.9993 -0.0153
vn 0.1228 -0.9924 -0.0023
vn -0.1434 -0.9625 0.2302
vn -0.1832 -0.9392 0.2903
vn 0.0226 -0.9993 -0.0285
vn 0.0192 -0.9996 -0.0222
vn -0.5009 -0.4717 0.7257
vn -0.4948 -0.5526 0.6707
vn -0.5966 -0.1265 0.7925
vn -0.5823 -0.1206 0.8040
vn -0.2447 -0.9093 0.3367
vn -0.4794 -0.3617 0.7996
vn -0.5299 -0.1435 0.8358
vn -0.4063 0.5712 0.7132
vn -0.4760 0.6162 0.6275
vn -0.4400 0.1826 0.8792
vn -0.9471 -0.2294 0.2246
vn -0.9732 0.0242 0.2285
vn -0.8072 0.5394 0.2398
vn -0.7263 0.6705 0.1516
vn -0.4465 0.8076 0.3852
vn -0.7831 0.0196 0.6216
vn -0.9971 -0.0629 0.0418
vn -0.8087 0.3034 -0.5040
vn -0.8446 -0.0459 -0.5334
vn -0.8184 0.0317 -0.5737
vn -0.6612 -0.5772 -0.4792
vn -0.7270 -0.6757 0.1216
vn -0.7110 -0.4850 -0.5091
vn -0.7995 -0.3721 -0.4716
vn -0.1128 -0.9820 -0.1516
vn -0.2486 -0.9461 -0.2078
vn -0.3731 -0.8999 -0.2257
vn 0.0119 -0.9999 -0.0014
vn 0.3777 -0.9140 0.1482
vn 0.0353 -0.9994 0.0059
vn 0.4081 -0.8823 0.2347
vn -0.4531 -0.8539 -0.2560
vn 0.1092 -0.9844 0.1378
vn 0.0600 -0.9979 0.0259
vn -0.4905 -0.8232 -0.2859
vn 0.0486 -0.9982 0.0338
vn 0.0427 -0.9977 0.0527
vn -0.4987 -0.8129 -0.3009
vn -0.8482 -0.1837 -0.4968
vn -0.8515 -0.1085 -0.5130
vn -0.8383 -0.2733 -0.4717
vn -0.8783 -0.0963 -0.4683
vn -0.4820 -0.8314 -0.2764
vn 0.0994 -0.9950 -0.0007
vn 0.1645 -0.9847 -0.0580
vn 0.1448 -0.9836 -0.1074
vn -0.0303 -0.9994 0.0148
vn -0.0862 -0.9956 0.0361
vn 0.1712 -0.9496 0.2624
vn -0.0413 -0.9963 -0.0755
vn 0.4062 -0.8852 0.2267
vn 0.3706 -0.9278 0.0427
vn -0.0800 -0.9929 0.0881
vn 0.1007 -0.9654 -0.2406
vn 0.3830 -0.5213 -0.7626
vn 0.7437 -0.4726 -0.4728
vn 0.4728 0.0145 -0.8811
vn 0.6662 0.0064 -0.7457
vn 0.4900 -0.4276 -0.7596
vn 0.6117 0.0167 -0.7909
vn 0.6903 0.1253 -0.7126
vn 0.6354 0.0427 -0.7710
vn 0.5169 0.0435 -0.8550
vn 0.4971 -0.0195 -0.8675
vn 0.5069 0.0943 -0.8568
vn -0.7630 0.0184 -0.6461
vn -0.7965 0.0251 -0.6042
vn 0.0049 0.0088 -0.9999
vn -0.8099 -0.0091 -0.5864
vn 0.0352 -0.0248 -0.9991
vn -0.7466 -0.3147 -0.5861
vn 0.1081 -0.4009 -0.9097
vn 0.5728 -0.4474 -0.6869
vn 0.6637 -0.0519 -0.7462
vn 0.5008 -0.4399 -0.7455
vn 0.1286 -0.4606 -0.8782
vn -0.6603 -0.3672 -0.6551
vn 0.4489 -0.4781 -0.7550
vn 0.4858 -0.5586 -0.6723
vn 0.3741 0.6563 -0.6552
vn 0.3792 0.6679 -0.6404
vn -0.1798 0.4637 -0.8676
vn 0.3807 0.7070 -0.5960
vn -0.0598 0.9919 0.1122
vn -0.0186 0.9967 0.0785
vn -0.1211 0.9761 0.1802
vn -0.0414 0.9973 0.0604
vn -0.0551 0.9942 0.0922
vn -0.1083 0.9814 0.1585
vn 0.0213 0.9997 -0.0076
vn 0.0107 0.9999 0.0012
vn 0.0096 0.9997 -0.0224
vn 0.0205 0.9994 -0.0268
vn 0.0309 0.9995 0.0008
vn 0.0203 0.9998 0.0013
vn 0.0083 1.0000 -0.0024
vn -0.0100 0.9999 -0.0025
vn -0.2103 0.9560 0.2046
vn -0.2330 0.9669 -0.1042
vn -0.4327 0.8984 0.0745
vn -0.1055 0.9940 -0.0273
vn 0.0093 0.9999 0.0045
vn 0.0149 0.9999 -0.0067
vn -0.0110 0.9998 -0.0157
vn 0.0162 0.9998 -0.0138
vn -0.2386 0.9650 -0.1089
vn -0.2864 0.9548 -0.0802
vn -0.2876 0.9502 -0.1198
vn -0.2780 0.9606 0.0025
vn 0.0183 0.9994 0.0306
vn 0.0602 0.9980 -0.0196
vn -0.0032 0.9997 0.0255
vn -0.0055 0.9997 0.0235
vn -0.5956 0.6777 -0.4313
vn 0.8681 0.2005 0.4541
vn -0.6432 0.2854 -0.7105
vt 0.681476 0.837416
vt 0.680910 0.840184
vt 0.672601 0.838646
vt 0.674243 0.835998
vt 0.688791 0.842384
vt 0.685454 0.843217
vt 0.830708 0.115504
vt 0.828127 0.115793
vt 0.829704 0.111506
vt 0.831111 0.110806
vt 0.832117 0.123874
vt 0.829602 0.124158
vt 0.834737 0.135048
vt 0.835074 0.124286
vt 0.837832 0.134592
vt 0.830872 0.134038
vt 0.836049 0.145621
vt 0.831273 0.144112
vt 0.839714 0.145389
vt 0.664301 0.845008
vt 0.654758 0.845118
vt 0.653518 0.840782
vt 0.663323 0.840125
vt 0.672174 0.844562
vt 0.669398 0.852574
vt 0.663711 0.851323
vt 0.655746 0.849804
vt 0.668197 0.859797
vt 0.662705 0.857467
vt 0.655846 0.853608
vt 0.649674 0.852041
vt 0.644835 0.849141
vt 0.644690 0.844235
vt 0.648704 0.854228
vt 0.645745 0.852834
vt 0.643451 0.855777
vt 0.639302 0.854266
vt 0.635438 0.842616
vt 0.634788 0.848828
vt 0.633151 0.853028
vt 0.641835 0.858781
vt 0.636978 0.857224
vt 0.632523 0.856035
vt 0.632429 0.859633
vt 0.636548 0.859973
vt 0.641171 0.861192
vt 0.635920 0.863249
vt 0.640533 0.864203
vt 0.631734 0.863309
vt 0.628302 0.862434
vt 0.629883 0.856890
vt 0.628578 0.866374
vt 0.632030 0.866300
vt 0.629409 0.869498
vt 0.635647 0.866354
vt 0.632445 0.869467
vt 0.630837 0.870195
vt 0.635433 0.869511
vt 0.639770 0.867141
vt 0.639213 0.870165
vt 0.634987 0.872128
vt 0.633020 0.871349
vt 0.638550 0.873200
vt 0.644515 0.868365
vt 0.643615 0.871444
vt 0.642750 0.874597
vt 0.642677 0.875499
vt 0.638449 0.874209
vt 0.634854 0.873361
vt 0.637373 0.877353
vt 0.633224 0.875663
vt 0.642061 0.878680
vt 0.647036 0.876035
vt 0.647207 0.876919
vt 0.646940 0.879837
vt 0.647731 0.882598
vt 0.641893 0.881486
vt 0.636621 0.879824
vt 0.641794 0.883942
vt 0.636009 0.882246
vt 0.648632 0.885200
vt 0.654638 0.883214
vt 0.655836 0.885995
vt 0.652073 0.881049
vt 0.656194 0.880564
vt 0.661042 0.882753
vt 0.661831 0.886243
vt 0.666083 0.879230
vt 0.666601 0.881601
vt 0.661888 0.880019
vt 0.658094 0.879517
vt 0.667100 0.885022
vt 0.670497 0.880133
vt 0.669332 0.877085
vt 0.670569 0.884824
vt 0.670207 0.889068
vt 0.666656 0.889662
vt 0.661406 0.890065
vt 0.668455 0.895395
vt 0.665493 0.894333
vt 0.668923 0.892434
vt 0.671568 0.892008
vt 0.661282 0.893889
vt 0.673928 0.885071
vt 0.672929 0.888585
vt 0.673773 0.890614
vt 0.674805 0.893076
vt 0.671488 0.894762
vt 0.671598 0.898379
vt 0.667999 0.899503
vt 0.675243 0.896324
vt 0.676562 0.900957
vt 0.673471 0.902224
vt 0.670924 0.903261
vt 0.664356 0.899102
vt 0.367339 0.400490
vt 0.367834 0.403977
vt 0.363550 0.404333
vt 0.363154 0.400774
vt 0.374812 0.400994
vt 0.375185 0.403939
vt 0.367146 0.397116
vt 0.375300 0.398626
vt 0.385870 0.400021
vt 0.385573 0.401875
vt 0.385651 0.403820
vt 0.386703 0.406065
vt 0.375700 0.406595
vt 0.367417 0.407107
vt 0.385280 0.408294
vt 0.375198 0.409708
vt 0.368348 0.409984
vt 0.383371 0.413076
vt 0.374672 0.413595
vt 0.368508 0.414073
vt 0.368577 0.419541
vt 0.375211 0.418429
vt 0.384286 0.418194
vt 0.364253 0.414933
vt 0.364480 0.411267
vt 0.364754 0.420722
vt 0.377297 0.425550
vt 0.370002 0.426083
vt 0.365745 0.427550
vt 0.659407 0.901696
vt 0.658753 0.904715
vt 0.653743 0.903189
vt 0.654099 0.899892
vt 0.647352 0.901011
vt 0.647420 0.897587
vt 0.370274 0.435022
vt 0.366554 0.435874
vt 0.639071 0.898124
vt 0.639498 0.895002
vt 0.639751 0.892058
vt 0.647815 0.894549
vt 0.655045 0.896528
vt 0.648351 0.891264
vt 0.655635 0.893017
vt 0.640574 0.889031
vt 0.632188 0.892104
vt 0.632934 0.889423
vt 0.633920 0.886582
vt 0.627022 0.886661
vt 0.628117 0.883976
vt 0.626109 0.889785
vt 0.631547 0.894944
vt 0.624963 0.892408
vt 0.621908 0.886346
vt 0.624130 0.881680
vt 0.619731 0.890538
vt 0.623654 0.893919
vt 0.629146 0.896696
vt 0.620559 0.892504
vt 0.375471 0.452469
vt 0.372218 0.456078
vt 0.370929 0.453610
vt 0.373419 0.451071
vt 0.620329 0.882884
vt 0.617157 0.888489
vt 0.377885 0.454267
vt 0.374188 0.459695
vt 0.381607 0.456750
vt 0.381635 0.460815
vt 0.371592 0.466250
vt 0.370981 0.463575
vt 0.375440 0.463353
vt 0.382036 0.463722
vt 0.390651 0.464027
vt 0.392408 0.467472
vt 0.387557 0.459929
vt 0.390471 0.461063
vt 0.404973 0.466578
vt 0.399834 0.461354
vt 0.391250 0.455646
vt 0.395154 0.450940
vt 0.385088 0.451912
vt 0.389869 0.446803
vt 0.399632 0.443215
vt 0.413184 0.459232
vt 0.394235 0.439118
vt 0.385852 0.443905
vt 0.390287 0.436233
vt 0.381273 0.449361
vt 0.382410 0.441232
vt 0.386528 0.433581
vt 0.378389 0.447462
vt 0.375739 0.445558
vt 0.379240 0.438372
vt 0.375191 0.435712
vt 0.373313 0.444213
vt 0.372539 0.449656
vt 0.369895 0.450284
vt 0.369478 0.443249
vt 0.382932 0.430526
vt 0.390234 0.424369
vt 0.388748 0.421103
vt 0.392823 0.426397
vt 0.396506 0.427712
vt 0.396489 0.417213
vt 0.399416 0.418062
vt 0.403963 0.418642
vt 0.413862 0.419127
vt 0.400842 0.428888
vt 0.411856 0.425721
vt 0.404789 0.434221
vt 0.420311 0.457197
vt 0.425217 0.454857
vt 0.421796 0.428754
vt 0.428763 0.451728
vt 0.415420 0.418414
vt 0.425273 0.427912
vt 0.432888 0.443909
vt 0.417777 0.417567
vt 0.410382 0.413905
vt 0.407587 0.415205
vt 0.402165 0.413286
vt 0.403400 0.410317
vt 0.397403 0.410800
vt 0.396479 0.406591
vt 0.395562 0.415057
vt 0.394769 0.411249
vt 0.392894 0.412708
vt 0.393600 0.414913
vt 0.395999 0.404332
vt 0.403781 0.408516
vt 0.404040 0.405946
vt 0.396187 0.402655
vt 0.412181 0.407281
vt 0.412871 0.412388
vt 0.420104 0.406634
vt 0.422388 0.410732
vt 0.420929 0.417009
vt 0.426397 0.416050
vt 0.427156 0.408876
vt 0.425503 0.405123
vt 0.430365 0.414083
vt 0.428535 0.426887
vt 0.431879 0.425387
vt 0.435258 0.423339
vt 0.433984 0.412046
vt 0.438365 0.420606
vt 0.430315 0.406234
vt 0.433225 0.402814
vt 0.438090 0.409464
vt 0.442507 0.417427
vt 0.442133 0.431971
vt 0.445730 0.428272
vt 0.439821 0.435294
vt 0.447890 0.436449
vt 0.444658 0.440879
vt 0.442523 0.443627
vt 0.443768 0.448220
vt 0.446569 0.445444
vt 0.449846 0.441520
vt 0.452895 0.430821
vt 0.454466 0.436625
vt 0.450567 0.423372
vt 0.451160 0.444791
vt 0.447995 0.448354
vt 0.455947 0.440576
vt 0.458291 0.424775
vt 0.460584 0.430736
vt 0.461972 0.435077
vt 0.451930 0.447325
vt 0.456702 0.443210
vt 0.734313 0.182157
vt 0.733460 0.191594
vt 0.731320 0.189541
vt 0.731622 0.178568
vt 0.732968 0.169482
vt 0.734836 0.173730
vt 0.729205 0.174143
vt 0.730231 0.164742
vt 0.733922 0.162832
vt 0.735947 0.167499
vt 0.732090 0.157241
vt 0.725125 0.167045
vt 0.727114 0.157586
vt 0.728952 0.150170
vt 0.731250 0.146560
vt 0.733809 0.153741
vt 0.735510 0.157846
vt 0.735591 0.150231
vt 0.736798 0.155182
vt 0.734141 0.143002
vt 0.729040 0.136070
vt 0.732213 0.133355
vt 0.726235 0.141275
vt 0.727321 0.127754
vt 0.731233 0.123692
vt 0.723355 0.133539
vt 0.723054 0.148893
vt 0.719679 0.140045
vt 0.451749 0.408812
vt 0.455460 0.402147
vt 0.459363 0.410028
vt 0.455612 0.417130
vt 0.718882 0.157474
vt 0.447079 0.414254
vt 0.441948 0.406795
vt 0.446423 0.401845
vt 0.452018 0.396915
vt 0.436076 0.401902
vt 0.437546 0.398675
vt 0.433873 0.398345
vt 0.436726 0.393504
vt 0.439290 0.395525
vt 0.443172 0.396051
vt 0.429873 0.396811
vt 0.433439 0.391829
vt 0.427768 0.400154
vt 0.441126 0.387389
vt 0.437547 0.385648
vt 0.444980 0.389235
vt 0.442204 0.379324
vt 0.445742 0.381340
vt 0.449301 0.383628
vt 0.448324 0.391899
vt 0.452529 0.386457
vt 0.453079 0.379519
vt 0.455022 0.383014
vt 0.450107 0.376148
vt 0.457588 0.376373
vt 0.457814 0.383964
vt 0.453892 0.371880
vt 0.455804 0.390562
vt 0.724802 0.122005
vt 0.728411 0.114918
vt 0.721192 0.128088
vt 0.458977 0.395695
vt 0.446674 0.373818
vt 0.450532 0.369019
vt 0.443872 0.365641
vt 0.440062 0.370478
vt 0.436008 0.376045
vt 0.430346 0.373082
vt 0.434329 0.367321
vt 0.437789 0.362556
vt 0.430204 0.359601
vt 0.427170 0.364312
vt 0.423555 0.369946
vt 0.431544 0.382686
vt 0.426152 0.379868
vt 0.419538 0.376899
vt 0.421525 0.387806
vt 0.414359 0.385709
vt 0.427245 0.389690
vt 0.418639 0.394990
vt 0.408473 0.396498
vt 0.424237 0.395582
vt 0.417378 0.398671
vt 0.422525 0.399311
vt 0.416876 0.401813
vt 0.421584 0.402098
vt 0.424602 0.402388
vt 0.410342 0.399149
vt 0.411241 0.401952
vt 0.403728 0.397486
vt 0.403868 0.393033
vt 0.403828 0.400408
vt 0.411729 0.404825
vt 0.404048 0.403637
vt 0.416452 0.404421
vt 0.396867 0.397838
vt 0.396221 0.400407
vt 0.397193 0.395402
vt 0.386386 0.397816
vt 0.386714 0.395336
vt 0.387332 0.392330
vt 0.376128 0.393122
vt 0.376859 0.389724
vt 0.375692 0.396273
vt 0.367732 0.394281
vt 0.368652 0.390489
vt 0.678797 0.891974
vt 0.680734 0.897735
vt 0.681470 0.886750
vt 0.683209 0.894591
vt 0.368994 0.387193
vt 0.371289 0.381217
vt 0.378564 0.383937
vt 0.364618 0.382611
vt 0.365908 0.377324
vt 0.683205 0.878680
vt 0.685826 0.882839
vt 0.679572 0.884095
vt 0.677419 0.887917
vt 0.677616 0.881959
vt 0.681002 0.876368
vt 0.675598 0.886471
vt 0.674621 0.878796
vt 0.680001 0.873198
vt 0.685957 0.867298
vt 0.687609 0.869565
vt 0.689232 0.872955
vt 0.366091 0.355888
vt 0.367984 0.357241
vt 0.363284 0.365784
vt 0.361990 0.364002
vt 0.370490 0.359333
vt 0.365210 0.368495
vt 0.371788 0.349301
vt 0.374629 0.350504
vt 0.369890 0.347884
vt 0.685553 0.864905
vt 0.692065 0.856175
vt 0.694135 0.859274
vt 0.696187 0.847701
vt 0.698957 0.850153
vt 0.694076 0.845484
vt 0.690306 0.853820
vt 0.684422 0.863210
vt 0.678919 0.870665
vt 0.676772 0.867855
vt 0.672740 0.874246
vt 0.673196 0.871084
vt 0.670293 0.869010
vt 0.668512 0.871927
vt 0.667022 0.873737
vt 0.664722 0.868930
vt 0.665956 0.866059
vt 0.663682 0.870880
vt 0.660661 0.863399
vt 0.659461 0.866244
vt 0.658522 0.868318
vt 0.671603 0.866251
vt 0.666882 0.863664
vt 0.661647 0.860901
vt 0.673013 0.863440
vt 0.655407 0.857176
vt 0.654340 0.860335
vt 0.647897 0.857964
vt 0.653324 0.863323
vt 0.647010 0.860686
vt 0.646518 0.863115
vt 0.652484 0.865559
vt 0.645617 0.865785
vt 0.651397 0.867860
vt 0.649975 0.870222
vt 0.655138 0.872393
vt 0.657032 0.870278
vt 0.652898 0.874337
vt 0.648638 0.872831
vt 0.650907 0.877114
vt 0.651295 0.878331
vt 0.654557 0.878345
vt 0.654194 0.879066
vt 0.656805 0.876384
vt 0.659116 0.878442
vt 0.661853 0.878043
vt 0.659772 0.874552
vt 0.664755 0.875914
vt 0.661897 0.872629
vt 0.673392 0.853602
vt 0.671032 0.859006
vt 0.674028 0.860970
vt 0.676934 0.861770
vt 0.676549 0.864697
vt 0.677217 0.855454
vt 0.680476 0.857923
vt 0.682549 0.861302
vt 0.685430 0.850341
vt 0.682412 0.848458
vt 0.687736 0.852035
vt 0.691121 0.843560
vt 0.824778 0.115475
vt 0.823374 0.110077
vt 0.698039 0.839295
vt 0.696033 0.838792
vt 0.698332 0.840396
vt 0.821970 0.115056
vt 0.821383 0.108184
vt 0.818771 0.114583
vt 0.818603 0.107500
vt 0.816041 0.113991
vt 0.815966 0.106985
vt 0.817821 0.103172
vt 0.819970 0.103079
vt 0.825079 0.100318
vt 0.825599 0.103507
vt 0.374941 0.338438
vt 0.377292 0.339728
vt 0.374961 0.343465
vt 0.373017 0.341885
vt 0.377729 0.344877
vt 0.380332 0.341643
vt 0.379549 0.335812
vt 0.383186 0.337063
vt 0.377424 0.333699
vt 0.813488 0.098419
vt 0.815094 0.099396
vt 0.813366 0.105710
vt 0.811760 0.102238
vt 0.807866 0.102064
vt 0.808666 0.096542
vt 0.804100 0.099395
vt 0.805652 0.096418
vt 0.387616 0.339175
vt 0.385532 0.344234
vt 0.396181 0.342213
vt 0.395324 0.346202
vt 0.388647 0.336558
vt 0.397046 0.338103
vt 0.408294 0.350412
vt 0.409332 0.346664
vt 0.410501 0.341969
vt 0.797431 0.102924
vt 0.796203 0.097927
vt 0.804181 0.104990
vt 0.782246 0.100527
vt 0.781988 0.096462
vt 0.422162 0.352336
vt 0.424531 0.348083
vt 0.765849 0.099653
vt 0.765501 0.096046
vt 0.797891 0.109583
vt 0.783072 0.104664
vt 0.765720 0.103640
vt 0.784189 0.108797
vt 0.765574 0.107747
vt 0.793805 0.113884
vt 0.753516 0.109359
vt 0.753118 0.105533
vt 0.753509 0.101512
vt 0.782430 0.117746
vt 0.765649 0.114574
vt 0.755918 0.112795
vt 0.752805 0.116169
vt 0.763881 0.118465
vt 0.776777 0.123208
vt 0.746999 0.113733
vt 0.752113 0.122930
vt 0.746691 0.124119
vt 0.760858 0.124777
vt 0.753333 0.127158
vt 0.748973 0.127489
vt 0.759516 0.129984
vt 0.771033 0.129331
vt 0.766290 0.133974
vt 0.753021 0.134359
vt 0.758186 0.135843
vt 0.763126 0.138005
vt 0.770758 0.139056
vt 0.777447 0.135456
vt 0.766719 0.140708
vt 0.760002 0.143802
vt 0.764869 0.145039
vt 0.756331 0.141921
vt 0.763552 0.148526
vt 0.756287 0.149037
vt 0.754207 0.146302
vt 0.751116 0.146727
vt 0.752479 0.140705
vt 0.748544 0.141914
vt 0.749612 0.147891
vt 0.748884 0.134389
vt 0.745230 0.135398
vt 0.745834 0.143144
vt 0.741692 0.137270
vt 0.741721 0.126836
vt 0.742767 0.144581
vt 0.747622 0.148925
vt 0.744000 0.149517
vt 0.740715 0.150756
vt 0.739953 0.145999
vt 0.738884 0.138997
vt 0.749892 0.151679
vt 0.745290 0.152531
vt 0.740378 0.154517
vt 0.738323 0.153336
vt 0.737599 0.147891
vt 0.738842 0.157342
vt 0.739581 0.161367
vt 0.740600 0.160011
vt 0.742386 0.156610
vt 0.742514 0.158834
vt 0.746455 0.155122
vt 0.737656 0.159280
vt 0.738469 0.163108
vt 0.736413 0.162692
vt 0.738610 0.166851
vt 0.741894 0.164103
vt 0.741510 0.166402
vt 0.741304 0.168903
vt 0.746152 0.165454
vt 0.746147 0.168093
vt 0.745467 0.170818
vt 0.742593 0.162383
vt 0.746310 0.163050
vt 0.743148 0.160893
vt 0.746826 0.160598
vt 0.746935 0.157517
vt 0.751041 0.156455
vt 0.751223 0.160030
vt 0.750441 0.154093
vt 0.756041 0.156069
vt 0.756152 0.159478
vt 0.756047 0.153412
vt 0.762605 0.152493
vt 0.762266 0.155902
vt 0.771442 0.147611
vt 0.770541 0.150978
vt 0.769232 0.154579
vt 0.768806 0.158051
vt 0.761961 0.159129
vt 0.761828 0.161913
vt 0.756253 0.162141
vt 0.768498 0.161280
vt 0.768287 0.164723
vt 0.761790 0.165606
vt 0.756386 0.165345
vt 0.768121 0.168387
vt 0.761669 0.169060
vt 0.755969 0.168622
vt 0.751716 0.165126
vt 0.751403 0.162489
vt 0.752182 0.169084
vt 0.755307 0.171451
vt 0.751374 0.172688
vt 0.761005 0.172068
vt 0.759629 0.175684
vt 0.767576 0.172136
vt 0.767005 0.177158
vt 0.774999 0.167150
vt 0.775113 0.171098
vt 0.775597 0.177049
vt 0.775144 0.163507
vt 0.781824 0.161826
vt 0.782164 0.165080
vt 0.782976 0.168208
vt 0.788644 0.162945
vt 0.789323 0.165518
vt 0.788030 0.160040
vt 0.775322 0.160388
vt 0.781387 0.158805
vt 0.787392 0.157711
vt 0.793363 0.156425
vt 0.793881 0.158237
vt 0.794517 0.160515
vt 0.798726 0.157089
vt 0.799290 0.159128
vt 0.798313 0.155341
vt 0.786620 0.155483
vt 0.792853 0.154015
vt 0.797860 0.152665
vt 0.792398 0.151961
vt 0.797594 0.150520
vt 0.785719 0.153586
vt 0.780791 0.156187
vt 0.780707 0.153636
vt 0.776917 0.153855
vt 0.775588 0.157068
vt 0.780977 0.149288
vt 0.782608 0.150076
vt 0.785424 0.150874
vt 0.790755 0.146845
vt 0.791683 0.149450
vt 0.790279 0.144586
vt 0.797543 0.148335
vt 0.797238 0.144565
vt 0.802313 0.147736
vt 0.802026 0.149505
vt 0.802774 0.144624
vt 0.800338 0.140175
vt 0.803557 0.140459
vt 0.794989 0.141650
vt 0.797101 0.139046
vt 0.788929 0.141002
vt 0.792455 0.138287
vt 0.796427 0.135865
vt 0.800144 0.135259
vt 0.795096 0.130930
vt 0.799164 0.129704
vt 0.791012 0.133298
vt 0.797785 0.122553
vt 0.792805 0.124054
vt 0.788296 0.126109
vt 0.803795 0.135469
vt 0.803596 0.129740
vt 0.802007 0.121250
vt 0.806181 0.120631
vt 0.807256 0.129515
vt 0.807451 0.136027
vt 0.809890 0.120898
vt 0.810695 0.129555
vt 0.810902 0.136646
vt 0.813884 0.129711
vt 0.814105 0.137184
vt 0.812855 0.121205
vt 0.805817 0.111077
vt 0.810103 0.111963
vt 0.813081 0.113319
vt 0.815834 0.121403
vt 0.816914 0.129887
vt 0.819037 0.121650
vt 0.819919 0.130394
vt 0.816867 0.137736
vt 0.819946 0.138582
vt 0.823000 0.131006
vt 0.822855 0.140123
vt 0.822604 0.122308
vt 0.826813 0.132571
vt 0.826474 0.142008
vt 0.826552 0.123517
vt 0.824976 0.148208
vt 0.821673 0.146214
vt 0.830490 0.151088
vt 0.829181 0.156029
vt 0.822873 0.152126
vt 0.820276 0.150127
vt 0.818408 0.148131
vt 0.819014 0.144455
vt 0.816402 0.143489
vt 0.816630 0.148479
vt 0.814727 0.147858
vt 0.813953 0.142722
vt 0.810604 0.142131
vt 0.810313 0.145676
vt 0.806653 0.144881
vt 0.807218 0.141458
vt 0.810399 0.148088
vt 0.806072 0.147542
vt 0.806203 0.149248
vt 0.809115 0.149994
vt 0.814280 0.150018
vt 0.814052 0.153557
vt 0.812521 0.152360
vt 0.810791 0.152477
vt 0.811688 0.156059
vt 0.810439 0.154980
vt 0.813141 0.156914
vt 0.815921 0.155569
vt 0.814312 0.158603
vt 0.816450 0.152781
vt 0.804892 0.162599
vt 0.804494 0.160267
vt 0.804290 0.158455
vt 0.817466 0.157785
vt 0.815507 0.161152
vt 0.805399 0.167292
vt 0.800303 0.163159
vt 0.799810 0.161105
vt 0.800441 0.166157
vt 0.809965 0.172585
vt 0.804770 0.169291
vt 0.810922 0.171676
vt 0.818582 0.164578
vt 0.797473 0.170372
vt 0.793295 0.169506
vt 0.796895 0.165901
vt 0.795933 0.163807
vt 0.791017 0.167187
vt 0.788192 0.178535
vt 0.785666 0.175169
vt 0.784305 0.171734
vt 0.778372 0.180389
vt 0.782589 0.184260
vt 0.771620 0.186274
vt 0.770913 0.182596
vt 0.765835 0.181767
vt 0.764802 0.185810
vt 0.777293 0.190960
vt 0.765746 0.195050
vt 0.761922 0.192708
vt 0.769967 0.198584
vt 0.757674 0.203191
vt 0.764946 0.206256
vt 0.755876 0.198781
vt 0.773089 0.208129
vt 0.775771 0.201645
vt 0.781529 0.194193
vt 0.430198 0.470369
vt 0.434604 0.467000
vt 0.440149 0.471052
vt 0.433759 0.473679
vt 0.765431 0.211006
vt 0.773276 0.211116
vt 0.783999 0.211244
vt 0.783672 0.208916
vt 0.784495 0.204365
vt 0.773672 0.213975
vt 0.766295 0.214113
vt 0.784814 0.213413
vt 0.407377 0.471724
vt 0.418981 0.468947
vt 0.420943 0.471086
vt 0.409799 0.473090
vt 0.426444 0.466054
vt 0.428085 0.468036
vt 0.424908 0.463949
vt 0.417406 0.466667
vt 0.406066 0.469265
vt 0.393496 0.471217
vt 0.392338 0.469530
vt 0.785979 0.215249
vt 0.798772 0.211603
vt 0.799233 0.213114
vt 0.380731 0.468109
vt 0.381576 0.465925
vt 0.811200 0.210751
vt 0.811168 0.209238
vt 0.810931 0.207180
vt 0.798442 0.209545
vt 0.797808 0.208137
vt 0.810619 0.205263
vt 0.820277 0.205108
vt 0.820483 0.207200
vt 0.820148 0.202710
vt 0.810504 0.202991
vt 0.819889 0.200355
vt 0.797407 0.204822
vt 0.810678 0.198157
vt 0.818319 0.195716
vt 0.799479 0.199062
vt 0.809718 0.193474
vt 0.815147 0.189994
vt 0.802392 0.191625
vt 0.787996 0.197435
vt 0.793812 0.189242
vt 0.787607 0.186938
vt 0.808066 0.184963
vt 0.800728 0.181407
vt 0.795545 0.178868
vt 0.814854 0.178355
vt 0.815917 0.177241
vt 0.820744 0.185070
vt 0.821751 0.183870
vt 0.826863 0.189586
vt 0.823535 0.192758
vt 0.832422 0.194960
vt 0.826378 0.198107
vt 0.827644 0.200617
vt 0.833218 0.198606
vt 0.833798 0.200511
vt 0.828247 0.202809
vt 0.827469 0.204443
vt 0.832661 0.204526
vt 0.620153 0.865025
vt 0.622504 0.870887
vt 0.618863 0.870467
vt 0.619120 0.865760
vt 0.620028 0.871911
vt 0.616036 0.870680
vt 0.609709 0.869323
vt 0.609902 0.868979
vt 0.821678 0.208690
vt 0.374589 0.467514
vt 0.376055 0.465574
vt 0.370285 0.468478
vt 0.620136 0.873467
vt 0.614009 0.871112
vt 0.367310 0.472180
vt 0.368794 0.468232
vt 0.622579 0.875969
vt 0.625194 0.877456
vt 0.626143 0.874556
vt 0.629164 0.881704
vt 0.623609 0.865166
vt 0.634739 0.884504
vt 0.627312 0.873247
vt 0.630254 0.879510
vt 0.641392 0.886594
vt 0.648679 0.888114
vt 0.655794 0.889591
vt 0.660178 0.897775
vt 0.663713 0.902794
vt 0.662162 0.905417
vt 0.363429 0.407466
vt 0.631611 0.877693
vt 0.628806 0.873271
vt 0.626981 0.867970
vt 0.628335 0.869478
vt 0.630273 0.873310
vt 0.630386 0.847980
vt 0.629194 0.854391
vt 0.626378 0.852525
vt 0.842297 0.192596
vt 0.837745 0.189597
vt 0.840548 0.182787
vt 0.621194 0.861544
vt 0.840715 0.178514
vt 0.835649 0.177492
vt 0.836906 0.172986
vt 0.833379 0.181866
vt 0.828271 0.174895
vt 0.830389 0.171328
vt 0.822834 0.169296
vt 0.824877 0.165868
vt 0.831643 0.168127
vt 0.826272 0.162934
vt 0.820536 0.161224
vt 0.821501 0.158406
vt 0.832896 0.164268
vt 0.827597 0.159889
vt 0.822227 0.155329
vt 0.834305 0.160156
vt 0.836244 0.154210
vt 0.837770 0.161418
vt 0.838523 0.167255
vt 0.840050 0.155865
vt 0.842950 0.158480
vt 0.645028 0.840268
vt 0.630796 0.843583
vt 0.818556 0.153904
vt 0.819180 0.151815
vt 0.632089 0.871939
vt 0.415669 0.464143
vt 0.423159 0.461726
vt 0.427595 0.459020
vt 0.429274 0.461312
vt 0.431666 0.455905
vt 0.432676 0.458186
vt 0.433823 0.459946
vt 0.430703 0.462882
vt 0.432482 0.464290
vt 0.435313 0.462446
vt 0.438070 0.465183
vt 0.444574 0.465308
vt 0.441602 0.462878
vt 0.446007 0.461422
vt 0.437836 0.461876
vt 0.439694 0.460312
vt 0.443863 0.460456
vt 0.448699 0.457347
vt 0.438038 0.458981
vt 0.436326 0.459319
vt 0.435606 0.456474
vt 0.438100 0.455957
vt 0.442268 0.459148
vt 0.440851 0.457555
vt 0.440184 0.455487
vt 0.439481 0.452925
vt 0.437096 0.453460
vt 0.435053 0.452958
vt 0.443283 0.455952
vt 0.442356 0.454358
vt 0.441505 0.453001
vt 0.439604 0.449360
vt 0.437693 0.451458
vt 0.435570 0.441548
vt 0.437349 0.437834
vt 0.445122 0.450669
vt 0.445782 0.452756
vt 0.448531 0.451067
vt 0.446350 0.455075
vt 0.444140 0.456698
vt 0.449560 0.454295
vt 0.451948 0.450895
vt 0.445551 0.457857
vt 0.448650 0.456561
vt 0.453121 0.454567
vt 0.452804 0.457183
vt 0.742354 0.200650
vt 0.745656 0.200773
vt 0.742544 0.204891
vt 0.740079 0.204612
vt 0.742272 0.194236
vt 0.745700 0.194619
vt 0.739220 0.200367
vt 0.739148 0.193610
vt 0.747020 0.187497
vt 0.743146 0.186532
vt 0.739966 0.185850
vt 0.743319 0.178673
vt 0.747213 0.179182
vt 0.740155 0.178033
vt 0.736774 0.184433
vt 0.737477 0.176385
vt 0.736587 0.192727
vt 0.736811 0.199958
vt 0.734037 0.198915
vt 0.738359 0.170615
vt 0.741055 0.172477
vt 0.744644 0.174011
vt 0.749592 0.175607
vt 0.758053 0.179506
vt 0.756503 0.182749
vt 0.754282 0.189397
vt 0.749083 0.189814
vt 0.754178 0.195408
vt 0.747793 0.195212
vt 0.747861 0.200880
vt 0.750286 0.204962
vt 0.446993 0.467004
vt 0.447903 0.466548
vt 0.795175 0.162401
vt 0.803721 0.156569
vt 0.803134 0.154678
vt 0.809367 0.154007
vt 0.802353 0.151869
vt 0.807123 0.151491
vt 0.808412 0.105741
vt 0.789958 0.118197
vt 0.786987 0.136710
vt 0.783139 0.130103
vt 0.780453 0.141031
vt 0.772018 0.143610
vt 0.781270 0.144772
vt 0.736838 0.140682
vt 0.735521 0.130837
vt 0.738368 0.128521
vt 0.735031 0.120481
vt 0.737984 0.118290
vt 0.734254 0.112644
vt 0.737121 0.111040
vt 0.740854 0.108744
vt 0.741351 0.115968
vt 0.740509 0.104541
vt 0.736592 0.106357
vt 0.733550 0.107932
vt 0.746161 0.102890
vt 0.746316 0.106943
vt 0.739453 0.100707
vt 0.745599 0.099228
vt 0.733235 0.102861
vt 0.753599 0.097656
vt 0.435591 0.352052
vt 0.432705 0.356017
vt 0.443432 0.355049
vt 0.440269 0.358976
vt 0.420529 0.356048
vt 0.418595 0.360939
vt 0.406837 0.355329
vt 0.394338 0.350212
vt 0.404546 0.361284
vt 0.392709 0.356435
vt 0.415083 0.366440
vt 0.411329 0.374108
vt 0.401404 0.370385
vt 0.390399 0.367170
vt 0.382951 0.365164
vt 0.385406 0.353987
vt 0.386342 0.347944
vt 0.380561 0.352720
vt 0.382316 0.347365
vt 0.376956 0.363074
vt 0.388633 0.379412
vt 0.380097 0.376960
vt 0.373669 0.373849
vt 0.388057 0.386667
vt 0.368651 0.370526
vt 0.372696 0.360560
vt 0.363280 0.374489
vt 0.377190 0.351681
vt 0.380464 0.346330
vt 0.398595 0.381951
vt 0.397395 0.390133
vt 0.406821 0.384385
vt 0.446657 0.361573
vt 0.449035 0.357648
vt 0.454249 0.360905
vt 0.453427 0.364376
vt 0.730521 0.104475
vt 0.457926 0.365514
vt 0.727286 0.110746
vt 0.678003 0.846097
vt 0.427673 0.404037
vt 0.366416 0.443138
s 1
usemtl abyss_chancel_background_pbr
f 1/1/1 2/2/2 6/3/3 5/4/4
f 1/1/1 3/5/5 965/6/6 2/2/2
f 1/7/1 4/8/7 405/9/8 3/10/5
f 4/8/7 1/7/1 5/11/4 7/12/9
f 8/13/10 5/11/4 6/14/3 11/15/11
f 9/16/12 7/12/9 5/11/4 8/13/10
f 8/13/10 10/17/13 607/18/14 9/16/12
f 11/15/11 12/19/15 10/17/13 8/13/10
f 13/20/16 15/21/17 12/22/15 11/23/11
f 6/3/3 14/24/18 13/20/16 11/23/11
f 17/25/19 16/26/20 13/20/16 14/24/18
f 19/27/21 15/21/17 13/20/16 16/26/20
f 16/26/20 17/25/19 363/28/22 18/29/23
f 18/29/23 20/30/24 19/27/21 16/26/20
f 20/30/24 24/31/25 21/32/26 19/27/21
f 15/21/17 19/27/21 21/32/26 23/33/27
f 21/32/26 24/31/25 366/34/28 22/35/29
f 27/36/30 26/37/31 21/32/26 22/35/29
f 777/38/32 23/33/27 21/32/26 25/39/33
f 28/40/34 25/39/33 21/32/26 26/37/31
f 27/36/30 31/41/35 29/42/36 26/37/31
f 28/40/34 26/37/31 29/42/36 30/43/37
f 35/44/38 30/43/37 29/42/36 32/45/39
f 29/42/36 31/41/35 33/46/40 32/45/39
f 34/47/41 32/45/39 33/46/40 375/48/42
f 35/44/38 32/45/39 34/47/41 37/49/43
f 35/44/38 36/50/44 784/51/45 30/43/37
f 36/50/44 35/44/38 37/49/43 38/52/46
f 37/49/43 39/53/47 40/54/48 38/52/46
f 39/53/47 37/49/43 34/47/41 42/55/49
f 39/53/47 41/56/50 788/57/51 40/54/48
f 41/56/50 39/53/47 42/55/49 44/58/52
f 43/59/53 42/55/49 34/47/41 375/48/42
f 42/55/49 43/59/53 46/60/54 44/58/52
f 41/56/50 44/58/52 45/61/55 789/62/56
f 46/60/54 48/63/57 45/61/55 44/58/52
f 374/64/58 47/65/59 46/60/54 43/59/53
f 49/66/60 48/63/57 46/60/54 47/65/59
f 48/63/57 49/66/60 53/67/61 50/68/62
f 48/63/57 50/68/62 52/69/63 45/61/55
f 52/69/63 50/68/62 51/70/64 787/71/65
f 51/70/64 50/68/62 53/67/61 55/72/66
f 53/67/61 49/66/60 382/73/67 54/74/68
f 56/75/69 55/72/66 53/67/61 54/74/68
f 55/72/66 56/75/69 60/76/70 57/77/71
f 57/77/71 58/78/72 51/70/64 55/72/66
f 58/78/72 57/77/71 59/79/73 739/80/74
f 57/77/71 60/76/70 61/81/75 59/79/73
f 62/82/76 64/83/77 61/81/75 60/76/70
f 63/84/78 62/82/76 60/76/70 56/75/69
f 63/84/78 67/85/79 65/86/80 62/82/76
f 64/83/77 62/82/76 65/86/80 68/87/81
f 70/88/82 69/89/83 65/86/80 66/90/84
f 65/86/80 67/85/79 388/91/85 66/90/84
f 72/92/86 68/87/81 65/86/80 69/89/83
f 71/93/87 69/89/83 70/88/82 352/94/88
f 71/93/87 73/95/89 72/92/86 69/89/83
f 73/95/89 78/96/90 74/97/91 72/92/86
f 68/87/81 72/92/86 74/97/91 76/98/92
f 83/99/93 77/100/94 74/97/91 75/101/95
f 80/102/96 75/101/95 74/97/91 78/96/90
f 744/103/97 76/98/92 74/97/91 77/100/94
f 73/95/89 333/104/98 79/105/99 78/96/90
f 80/102/96 78/96/90 79/105/99 81/106/100
f 80/102/96 81/106/100 84/107/101 82/108/102
f 82/108/102 83/99/93 75/101/95 80/102/96
f 83/99/93 82/108/102 85/109/103 88/110/104
f 84/107/101 86/111/105 85/109/103 82/108/102
f 85/109/103 86/111/105 318/112/106 87/113/107
f 90/114/108 88/110/104 85/109/103 87/113/107
f 83/99/93 88/110/104 89/115/109 77/100/94
f 90/116/108 91/117/110 89/118/109 88/119/104
f 91/117/110 90/116/108 92/120/111 95/121/112
f 92/120/111 90/116/108 87/122/107 93/123/113
f 317/124/114 94/125/115 92/120/111 93/123/113
f 96/126/116 95/121/112 92/120/111 94/125/115
f 98/127/117 97/128/118 95/121/112 96/126/116
f 99/129/119 91/117/110 95/121/112 97/128/118
f 101/130/120 100/131/121 97/128/118 98/127/117
f 102/132/122 99/129/119 97/128/118 100/131/121
f 105/133/123 103/134/124 100/131/121 101/130/120
f 106/135/125 102/132/122 100/131/121 103/134/124
f 108/136/126 106/135/125 103/134/124 104/137/127
f 193/138/128 104/137/127 103/134/124 105/133/123
f 106/135/125 107/139/129 748/140/130 102/132/122
f 106/135/125 108/136/126 110/141/131 107/139/129
f 108/136/126 104/137/127 163/142/132 109/143/133
f 108/136/126 109/143/133 112/144/134 110/141/131
f 746/145/135 107/146/129 110/147/131 111/148/136
f 111/148/136 110/147/131 112/149/134 114/150/137
f 109/143/133 973/151/138 113/152/139 112/144/134
f 114/150/137 112/149/134 113/153/139 115/154/140
f 115/154/140 119/155/141 116/156/142 114/150/137
f 116/156/142 117/157/143 111/148/136 114/150/137
f 118/158/144 743/159/145 117/157/143 116/156/142
f 116/156/142 119/155/141 120/160/146 118/158/144
f 119/155/141 115/154/140 124/161/147 121/162/148
f 121/162/148 122/163/149 120/160/146 119/155/141
f 121/162/148 123/164/150 735/165/151 122/163/149
f 124/161/147 126/166/152 123/164/150 121/162/148
f 113/153/139 125/167/153 124/161/147 115/154/140
f 128/168/154 126/166/152 124/161/147 125/167/153
f 127/169/155 732/170/156 123/164/150 126/166/152
f 126/166/152 128/168/154 130/171/157 127/169/155
f 129/172/158 128/168/154 125/167/153 974/173/159
f 128/168/154 129/172/158 131/174/160 130/171/157
f 132/175/161 130/176/157 131/177/160 159/178/162
f 135/179/163 127/169/155 130/171/157 133/180/164
f 134/181/165 133/182/164 130/176/157 132/175/161
f 139/183/166 137/184/167 133/182/164 134/181/165
f 729/185/168 135/186/163 133/182/164 136/187/169
f 138/188/170 136/187/169 133/182/164 137/184/167
f 138/188/170 137/184/167 140/189/171 142/190/172
f 137/184/167 139/183/166 141/191/173 140/189/171
f 141/191/173 144/192/174 140/189/171
f 791/193/175 142/190/172 140/189/171 143/194/176
f 143/194/176 140/189/171 144/192/174
f 144/192/174 145/195/177 147/196/178 143/194/176
f 141/191/173 145/195/177 144/192/174
f 146/197/179 145/195/177 141/191/173 139/183/166
f 146/197/179 149/198/180 147/196/178 145/195/177
f 147/196/178 148/199/181 794/200/182 143/194/176
f 150/201/183 148/199/181 147/196/178 149/198/180
f 151/202/184 152/203/185 150/201/183 149/198/180
f 149/198/180 146/197/179 154/204/186 151/202/184
f 151/202/184 153/205/187 165/206/188 152/203/185
f 154/204/186 155/207/189 153/205/187 151/202/184
f 132/175/161 155/207/189 154/204/186 134/181/165
f 139/183/166 134/181/165 154/204/186 146/197/179
f 156/208/190 158/209/191 153/205/187 155/207/189
f 159/178/162 156/208/190 155/207/189 132/175/161
f 161/210/192 158/209/191 156/208/190 157/211/193
f 156/208/190 159/178/162 160/212/194 157/211/193
f 160/212/194 159/178/162 131/177/160 129/213/158
f 974/214/159 157/211/193 160/212/194 129/213/158
f 158/209/191 161/210/192 163/142/132 162/215/195
f 158/209/191 162/215/195 165/206/188 153/205/187
f 164/216/196 162/215/195 163/142/132 191/217/197
f 162/215/195 164/216/196 166/218/198 165/206/188
f 165/206/188 166/218/198 168/219/199 152/203/185
f 187/220/200 167/221/201 166/218/198 164/216/196
f 167/221/201 169/222/202 168/219/199 166/218/198
f 169/222/202 171/223/203 170/224/204 168/219/199
f 168/219/199 170/224/204 150/201/183 152/203/185
f 174/225/205 172/226/206 170/224/204 171/223/203
f 172/226/206 148/199/181 150/201/183 170/224/204
f 172/226/206 173/227/207 794/200/182 148/199/181
f 173/227/207 172/226/206 174/225/205 175/228/208
f 175/228/208 174/225/205 176/229/209 177/230/210
f 176/229/209 174/225/205 171/223/203 179/231/211
f 178/232/212 827/233/213 177/230/210 176/229/209
f 179/231/211 180/234/214 178/232/212 176/229/209
f 182/235/215 180/234/214 179/231/211 181/236/216
f 181/236/216 179/231/211 171/223/203 169/222/202
f 167/221/201 183/237/217 181/236/216 169/222/202
f 184/238/218 182/235/215 181/236/216 183/237/217
f 184/238/218 183/237/217 185/239/219 186/240/220
f 167/221/201 187/220/200 185/239/219 183/237/217
f 186/240/220 185/239/219 98/127/117 96/126/116
f 190/241/221 188/242/222 185/239/219 187/220/200
f 188/242/222 101/130/120 98/127/117 185/239/219
f 101/130/120 188/242/222 189/243/223 105/133/123
f 190/241/221 192/244/224 189/243/223 188/242/222
f 191/217/197 190/241/221 187/220/200 164/216/196
f 191/217/197 193/138/128 192/244/224 190/241/221
f 193/138/128 105/133/123 189/243/223 192/244/224
f 193/138/128 191/217/197 163/142/132 104/137/127
f 194/245/225 186/240/220 96/126/116 94/125/115
f 184/238/218 186/240/220 194/245/225 196/246/226
f 197/247/227 196/246/226 194/245/225 195/248/228
f 317/124/114 195/248/228 194/245/225 94/125/115
f 197/247/227 199/249/229 198/250/230 196/246/226
f 184/238/218 196/246/226 198/250/230 182/235/215
f 198/250/230 199/249/229 202/251/231 201/252/232
f 180/234/214 182/235/215 198/250/230 200/253/233
f 198/250/230 201/252/232 204/254/234 200/253/233
f 203/255/235 201/252/232 202/251/231 971/256/236
f 201/252/232 203/255/235 206/257/237 204/254/234
f 828/258/238 200/253/233 204/254/234 205/259/239
f 204/254/234 206/257/237 207/260/240 205/259/239
f 208/261/241 211/262/242 207/260/240 206/257/237
f 209/263/243 208/261/241 206/257/237 203/255/235
f 208/261/241 209/263/243 256/264/244 210/265/245
f 208/261/241 210/265/245 212/266/246 211/262/242
f 213/267/247 211/262/242 212/266/246 214/268/248
f 207/260/240 211/262/242 213/267/247 215/269/249
f 219/270/250 216/271/251 213/267/247 214/268/248
f 217/272/252 215/269/249 213/267/247 216/271/251
f 829/273/253 217/272/252 216/271/251 218/274/254
f 221/275/255 218/274/254 216/271/251 219/270/250
f 219/270/250 220/276/256 223/277/257 221/275/255
f 219/270/250 214/268/248 250/278/258 220/276/256
f 222/279/259 831/280/260 218/274/254 221/275/255
f 222/279/259 221/275/255 223/277/257 225/281/261
f 220/276/256 249/282/262 224/283/263 223/277/257
f 225/281/261 223/277/257 224/283/263 227/284/264
f 836/285/265 222/279/259 225/281/261 226/286/266
f 228/287/267 226/288/266 225/289/261 227/290/264
f 227/290/264 229/291/268 230/292/269 228/287/267
f 227/290/264 224/293/263 232/294/270 229/291/268
f 231/295/271 858/296/272 230/292/269 229/291/268
f 232/294/270 234/297/273 231/295/271 229/291/268
f 249/298/262 233/299/274 232/294/270 224/293/263
f 233/299/274 235/300/275 234/297/273 232/294/270
f 239/301/276 236/302/277 234/297/273 235/300/275
f 236/302/277 237/303/278 231/295/271 234/297/273
f 236/302/277 238/304/279 488/305/280 237/303/278
f 238/304/279 236/302/277 239/301/276 240/306/281
f 239/301/276 241/307/282 242/308/283 240/306/281
f 235/300/275 244/309/284 241/307/282 239/301/276
f 243/310/285 910/311/286 242/308/283 241/307/282
f 245/312/287 243/310/285 241/307/282 244/309/284
f 235/300/275 233/299/274 246/313/288 244/309/284
f 246/313/288 247/314/289 245/312/287 244/309/284
f 251/315/290 247/316/289 246/317/288 248/318/291
f 249/298/262 248/319/291 246/313/288 233/299/274
f 220/276/256 250/278/258 248/318/291 249/282/262
f 253/320/292 251/315/290 248/318/291 250/278/258
f 253/320/292 254/321/293 252/322/294 251/315/290
f 247/316/289 251/315/290 252/322/294 276/323/295
f 254/321/293 253/320/292 212/266/246 210/265/245
f 212/266/246 253/320/292 250/278/258 214/268/248
f 254/321/293 210/265/245 256/264/244 255/324/296
f 255/324/296 257/325/297 252/322/294 254/321/293
f 257/325/297 255/324/296 256/264/244 259/326/298
f 257/325/297 259/326/298 261/327/299 258/328/300
f 257/325/297 258/328/300 972/329/301 252/322/294
f 259/326/298 260/330/302 262/331/303 261/327/299
f 259/326/298 256/264/244 299/332/304 260/330/302
f 263/333/305 261/327/299 262/331/303 265/334/306
f 266/335/307 258/328/300 261/327/299 263/333/305
f 265/334/306 280/336/308 264/337/309 263/333/305
f 263/333/305 264/337/309 268/338/310 266/335/307
f 266/335/307 267/339/311 972/329/301 258/328/300
f 266/335/307 268/338/310 269/340/312 267/339/311
f 270/341/313 273/342/314 269/340/312 268/338/310
f 272/343/315 270/341/313 268/338/310 264/337/309
f 273/342/314 270/341/313 271/344/316 274/345/317
f 272/343/315 277/346/318 271/344/316 270/341/313
f 273/342/314 274/345/317 275/347/319 269/340/312
f 243/310/285 274/348/317 271/349/316 910/311/286
f 274/348/317 243/310/285 245/312/287 275/350/319
f 267/339/311 269/340/312 275/347/319 276/323/295
f 276/323/295 275/347/319 245/351/287 247/316/289
f 276/323/295 252/322/294 972/329/301 267/339/311
f 277/346/318 272/343/315 278/352/320 279/353/321
f 278/352/320 272/343/315 264/337/309 280/336/308
f 283/354/322 279/353/321 278/352/320 281/355/323
f 282/356/324 281/355/323 278/352/320 280/336/308
f 282/356/324 287/357/325 284/358/326 281/355/323
f 284/358/326 285/359/327 283/354/322 281/355/323
f 926/360/328 285/359/327 284/358/326 286/361/329
f 288/362/330 286/361/329 284/358/326 287/357/325
f 282/356/324 291/363/331 289/364/332 287/357/325
f 289/364/332 290/365/333 288/362/330 287/357/325
f 292/366/334 293/367/335 290/365/333 289/364/332
f 295/368/336 292/366/334 289/364/332 291/363/331
f 292/366/334 294/369/337 303/370/338 293/367/335
f 294/369/337 292/366/334 295/368/336 296/371/339
f 260/330/302 296/371/339 295/368/336 262/331/303
f 265/334/306 262/331/303 295/368/336 291/363/331
f 300/372/340 294/369/337 296/371/339 297/373/341
f 296/371/339 260/330/302 299/332/304 297/373/341
f 301/374/342 300/372/340 297/373/341 298/375/343
f 298/375/343 297/373/341 299/332/304 969/376/344
f 300/372/340 302/377/345 303/370/338 294/369/337
f 302/377/345 300/372/340 301/374/342 305/378/346
f 304/379/347 955/380/348 303/370/338 302/377/345
f 302/377/345 305/378/346 307/381/349 304/379/347
f 305/378/346 306/382/350 308/383/351 307/381/349
f 305/378/346 301/374/342 968/384/352 306/382/350
f 309/385/353 307/381/349 308/383/351 310/386/354
f 311/387/355 304/379/347 307/381/349 309/385/353
f 315/388/356 312/389/357 309/385/353 310/386/354
f 313/390/358 311/387/355 309/385/353 312/389/357
f 312/389/357 314/391/359 323/392/360 313/390/358
f 315/388/356 316/393/361 314/391/359 312/389/357
f 316/393/361 315/388/356 317/124/114 93/123/113
f 315/388/356 310/386/354 195/248/228 317/124/114
f 318/394/106 319/395/362 314/391/359 316/393/361
f 93/123/113 87/122/107 318/394/106 316/393/361
f 320/396/363 319/397/362 318/112/106 86/111/105
f 319/397/362 320/396/363 324/398/364 321/399/365
f 319/395/362 321/400/365 323/392/360 314/391/359
f 322/401/366 944/402/367 323/392/360 321/400/365
f 322/401/366 321/400/365 324/403/364 325/404/368
f 327/405/369 325/406/368 324/398/364 326/407/370
f 328/408/371 326/407/370 324/398/364 320/396/363
f 329/409/372 331/410/373 327/405/369 326/407/370
f 329/409/372 326/407/370 328/408/371 332/411/374
f 332/411/374 333/104/98 330/412/375 329/409/372
f 331/410/373 329/409/372 330/412/375 334/413/376
f 332/411/374 81/106/100 79/105/99 333/104/98
f 332/411/374 328/408/371 84/107/101 81/106/100
f 73/95/89 71/93/87 330/412/375 333/104/98
f 334/413/376 336/414/377 335/415/378 331/410/373
f 327/405/369 331/410/373 335/415/378 337/416/379
f 341/417/380 338/418/381 335/419/378 336/420/377
f 335/419/378 338/418/381 339/421/382 337/422/379
f 340/423/383 950/424/384 339/421/382 338/418/381
f 340/423/383 338/418/381 341/417/380 342/425/385
f 346/426/386 343/427/387 341/428/380 336/414/377
f 344/429/388 342/430/385 341/428/380 343/427/387
f 407/431/389 344/429/388 343/427/387 345/432/390
f 347/433/391 345/432/390 343/427/387 346/426/386
f 346/426/386 348/434/392 349/435/393 347/433/391
f 348/434/392 346/426/386 336/414/377 334/413/376
f 350/436/394 351/437/395 349/435/393 348/434/392
f 348/434/392 334/413/376 330/412/375 350/436/394
f 354/438/396 351/437/395 350/436/394 353/439/397
f 71/93/87 352/94/88 350/436/394 330/412/375
f 355/440/398 353/439/397 350/436/394 352/94/88
f 354/438/396 353/439/397 356/441/399 359/442/400
f 353/439/397 355/440/398 358/443/401 356/441/399
f 360/444/402 359/442/400 356/441/399 357/445/403
f 356/441/399 358/443/401 394/446/404 357/445/403
f 362/447/405 354/438/396 359/442/400 361/448/406
f 364/449/407 361/448/406 359/442/400 360/444/402
f 362/447/405 361/448/406 363/28/22 396/450/408
f 364/449/407 18/29/23 363/28/22 361/448/406
f 365/451/409 364/449/407 360/444/402 367/452/410
f 18/29/23 364/449/407 365/451/409 20/30/24
f 20/30/24 365/451/409 366/34/28 24/31/25
f 367/452/410 368/453/411 366/34/28 365/451/409
f 368/453/411 367/452/410 369/454/412 371/455/413
f 369/454/412 367/452/410 360/444/402 357/445/403
f 372/456/414 371/455/413 369/454/412 370/457/415
f 369/454/412 357/445/403 394/446/404 370/457/415
f 33/46/40 31/41/35 371/455/413 372/456/414
f 27/36/30 368/453/411 371/455/413 31/41/35
f 373/458/416 375/48/42 33/46/40 372/456/414
f 372/456/414 370/457/415 376/459/417 373/458/416
f 376/459/417 378/460/418 374/64/58 373/458/416
f 375/48/42 373/458/416 374/64/58 43/59/53
f 379/461/419 378/460/418 376/459/417 377/462/420
f 394/446/404 377/462/420 376/459/417 370/457/415
f 378/460/418 379/461/419 381/463/421 380/464/422
f 380/464/422 47/65/59 374/64/58 378/460/418
f 382/73/67 380/464/422 381/463/421 383/465/423
f 47/65/59 380/464/422 382/73/67 49/66/60
f 384/466/424 54/74/68 382/73/67 383/465/423
f 385/467/425 387/468/426 384/466/424 383/465/423
f 385/467/425 383/465/423 381/463/421 386/469/427
f 386/469/427 389/470/428 388/91/85 385/467/425
f 387/468/426 385/467/425 388/91/85 67/85/79
f 390/471/429 66/90/84 388/91/85 389/470/428
f 391/472/430 390/471/429 389/470/428 386/469/427
f 392/473/431 390/471/429 391/472/430 393/474/432
f 66/90/84 390/471/429 392/473/431 70/88/82
f 392/473/431 393/474/432 358/443/401 355/440/398
f 352/94/88 70/88/82 392/473/431 355/440/398
f 393/474/432 377/462/420 394/446/404 358/443/401
f 377/462/420 393/474/432 391/472/430 379/461/419
f 381/463/421 379/461/419 391/472/430 386/469/427
f 67/85/79 63/84/78 384/466/424 387/468/426
f 384/466/424 63/84/78 56/75/69 54/74/68
f 27/36/30 22/35/29 366/34/28 368/453/411
f 17/25/19 967/475/433 395/476/434 363/28/22
f 396/450/408 363/28/22 395/476/434 398/477/435
f 396/450/408 398/477/435 400/478/436 397/479/437
f 396/450/408 397/479/437 349/435/393 362/447/405
f 399/480/438 398/477/435 395/476/434 967/475/433
f 399/480/438 401/481/439 400/478/436 398/477/435
f 403/482/440 397/479/437 400/478/436 401/481/439
f 402/483/441 401/481/439 399/480/438 964/484/442
f 404/485/443 403/482/440 401/481/439 402/483/441
f 345/432/390 347/433/391 403/482/440 404/485/443
f 403/482/440 347/433/391 349/435/393 397/479/437
f 402/483/441 3/5/5 405/486/8 404/485/443
f 345/432/390 404/485/443 405/486/8 407/431/389
f 605/487/444 406/488/445 405/9/8 4/8/7
f 408/489/446 407/431/389 405/486/8 406/490/445
f 407/431/389 408/489/446 410/491/447 344/429/388
f 409/492/448 408/493/446 406/488/445 605/487/444
f 409/492/448 411/494/449 410/495/447 408/493/446
f 595/496/450 412/497/451 410/495/447 411/494/449
f 414/498/452 413/499/453 410/495/447 412/497/451
f 410/495/447 413/499/453 342/500/385 344/501/388
f 414/502/452 417/503/454 415/504/455 413/505/453
f 415/504/455 340/423/383 342/425/385 413/505/453
f 950/424/384 340/423/383 415/504/455 416/506/456
f 418/507/457 416/506/456 415/504/455 417/503/454
f 417/503/454 419/508/458 422/509/459 418/507/457
f 417/503/454 414/502/452 420/510/460 419/508/458
f 419/511/458 420/512/460 885/513/461 421/514/462
f 421/514/462 423/515/463 422/516/459 419/511/458
f 422/516/459 423/515/463 426/517/464 424/518/465
f 422/509/459 424/519/465 425/520/466 418/507/457
f 425/520/466 424/519/465 427/521/467 428/522/468
f 426/523/464 430/524/469 427/521/467 424/519/465
f 929/525/470 428/522/468 427/521/467 429/526/471
f 427/521/467 430/524/469 432/527/472 429/526/471
f 431/528/473 430/529/469 426/517/464 887/530/474
f 431/528/473 434/531/475 432/532/472 430/529/469
f 925/533/476 429/526/471 432/527/472 433/534/477
f 432/532/472 434/531/475 435/535/478 433/536/477
f 434/531/475 431/528/473 438/537/479 436/538/480
f 434/531/475 436/538/480 439/539/481 435/535/478
f 437/540/482 441/541/483 439/539/481 436/538/480
f 437/540/482 436/538/480 438/537/479 889/542/484
f 442/543/485 440/544/486 439/539/481 441/541/483
f 439/539/481 440/544/486 921/545/487 435/535/478
f 445/546/488 443/547/489 441/541/483 437/540/482
f 446/548/490 442/543/485 441/541/483 443/547/489
f 447/549/491 446/548/490 443/547/489 444/550/492
f 894/551/493 444/550/492 443/547/489 445/546/488
f 448/552/494 442/543/485 446/548/490 447/549/491
f 449/553/495 450/554/496 448/552/494 447/549/491
f 449/553/495 447/549/491 444/550/492 452/555/497
f 451/556/498 470/557/499 450/554/496 449/553/495
f 451/556/498 449/553/495 452/555/497 454/558/500
f 453/559/501 452/555/497 444/550/492 894/551/493
f 456/560/502 454/558/500 452/555/497 453/559/501
f 468/561/503 451/556/498 454/558/500 455/562/504
f 458/563/505 455/562/504 454/558/500 456/560/502
f 457/564/506 456/560/502 453/559/501 895/565/507
f 456/560/502 457/564/506 459/566/508 458/563/505
f 460/567/509 458/563/505 459/566/508 461/568/510
f 460/567/509 463/569/511 455/562/504 458/563/505
f 461/568/510 510/570/512 462/571/513 460/567/509
f 463/569/511 460/567/509 462/571/513 464/572/514
f 463/569/511 464/572/514 466/573/515 465/574/516
f 465/574/516 468/561/503 455/562/504 463/569/511
f 467/575/517 465/574/516 466/573/515 963/576/518
f 468/561/503 465/574/516 467/575/517 469/577/519
f 468/561/503 469/577/519 470/557/499 451/556/498
f 469/577/519 471/578/520 450/554/496 470/557/499
f 469/577/519 467/575/517 473/579/521 471/578/520
f 472/580/522 962/581/523 450/554/496 471/578/520
f 471/578/520 473/579/521 475/582/524 472/580/522
f 963/576/518 474/583/525 473/579/521 467/575/517
f 474/583/525 477/584/526 475/582/524 473/579/521
f 479/585/527 476/586/528 475/582/524 477/584/526
f 475/582/524 476/586/528 905/587/529 472/580/522
f 507/588/530 478/589/531 477/584/526 474/583/525
f 477/584/526 478/589/531 481/590/532 479/585/527
f 479/585/527 480/591/533 903/592/534 476/586/528
f 480/591/533 479/585/527 481/590/532 484/593/535
f 485/594/536 484/593/535 481/590/532 482/595/537
f 482/595/537 481/590/532 483/596/538 500/597/539
f 478/589/531 502/598/540 483/596/538 481/590/532
f 480/591/533 484/593/535 486/599/541 488/305/280
f 484/593/535 485/594/536 489/600/542 486/599/541
f 237/303/278 488/305/280 486/599/541 487/601/543
f 487/601/543 486/599/541 489/600/542 490/602/544
f 485/594/536 494/603/545 491/604/546 489/600/542
f 489/600/542 491/604/546 493/605/547 490/602/544
f 495/606/548 492/607/549 491/604/546 494/603/545
f 492/607/549 861/608/550 493/605/547 491/604/546
f 482/595/537 496/609/551 494/603/545 485/594/536
f 497/610/552 495/606/548 494/603/545 496/609/551
f 497/610/552 496/609/551 498/611/553 499/612/554
f 482/595/537 500/597/539 498/611/553 496/609/551
f 501/613/555 499/612/554 498/611/553 500/597/539
f 501/613/555 500/597/539 483/596/538 502/598/540
f 501/613/555 503/614/556 504/615/557 499/612/554
f 502/598/540 506/616/558 503/614/556 501/613/555
f 505/617/559 515/618/560 504/615/557 503/614/556
f 508/619/561 505/617/559 503/614/556 506/616/558
f 506/616/558 502/598/540 478/589/531 507/588/530
f 506/616/558 507/588/530 462/571/513 508/619/561
f 509/620/562 508/619/561 462/571/513 510/570/512
f 508/619/561 509/620/562 512/621/563 505/617/559
f 509/620/562 510/570/512 900/622/564 511/623/565
f 512/621/563 509/620/562 511/623/565 513/624/566
f 516/625/567 514/626/568 512/621/563 513/624/566
f 515/618/560 505/617/559 512/621/563 514/626/568
f 514/626/568 517/627/569 519/628/570 515/618/560
f 517/627/569 514/626/568 516/625/567 518/629/571
f 518/629/571 521/630/572 520/631/573 517/627/569
f 519/628/570 517/627/569 520/631/573 523/632/574
f 520/631/573 521/630/572 534/633/575 522/634/576
f 525/635/577 523/632/574 520/631/573 522/634/576
f 524/636/578 902/637/579 519/628/570 523/632/574
f 523/632/574 525/635/577 526/638/580 524/636/578
f 527/639/581 528/640/582 526/638/580 525/635/577
f 527/639/581 525/635/577 522/634/576 529/641/583
f 530/642/584 528/640/582 527/639/581 529/641/583
f 531/643/585 533/644/586 530/642/584 529/641/583
f 529/641/583 522/634/576 534/633/575 531/643/585
f 531/643/585 534/633/575 535/645/587 532/646/588
f 531/643/585 532/646/588 654/647/589 533/644/586
f 521/630/572 536/648/590 535/645/587 534/633/575
f 535/645/587 536/648/590 540/649/591 537/650/592
f 539/651/593 532/646/588 535/645/587 537/650/592
f 539/651/593 537/650/592 538/652/594 873/653/595
f 538/652/594 537/650/592 540/649/591 542/654/596
f 540/649/591 536/648/590 901/655/597 541/656/598
f 543/657/599 542/654/596 540/649/591 541/656/598
f 542/654/596 543/657/599 547/658/600 544/659/601
f 544/659/601 545/660/602 538/652/594 542/654/596
f 545/660/602 544/659/601 546/661/603 876/662/604
f 547/658/600 548/663/605 546/661/603 544/659/601
f 543/657/599 552/664/606 549/665/607 547/658/600
f 549/665/607 550/666/608 548/663/605 547/658/600
f 551/667/609 565/668/610 550/666/608 549/665/607
f 553/669/611 551/667/609 549/665/607 552/664/606
f 541/656/598 554/670/612 552/664/606 543/657/599
f 556/671/613 553/669/611 552/664/606 554/670/612
f 557/672/614 556/671/613 554/670/612 555/673/615
f 554/670/612 541/656/598 901/655/597 555/673/615
f 556/671/613 557/672/614 560/674/616 558/675/617
f 556/671/613 558/675/617 561/676/618 553/669/611
f 559/677/619 562/678/620 561/676/618 558/675/617
f 559/677/619 558/675/617 560/674/616 570/679/621
f 551/667/609 553/669/611 561/676/618 562/678/620
f 562/678/620 563/680/622 565/668/610 551/667/609
f 562/678/620 559/677/619 566/681/623 563/680/622
f 563/680/622 564/682/624 884/683/625 565/668/610
f 564/682/624 563/680/622 566/681/623 567/684/626
f 567/684/626 566/681/623 568/685/627 623/686/628
f 569/687/629 572/688/630 568/685/627 566/681/623
f 570/679/621 569/687/629 566/681/623 559/677/619
f 570/679/621 899/689/631 571/690/632 569/687/629
f 572/688/630 569/687/629 571/690/632 573/691/633
f 573/691/633 574/692/634 568/685/627 572/688/630
f 574/692/634 573/691/633 575/693/635 578/694/636
f 575/693/635 573/691/633 571/690/632 577/695/637
f 579/696/638 578/694/636 575/693/635 576/697/639
f 892/698/640 576/697/639 575/693/635 577/695/637
f 582/699/641 574/692/634 578/694/636 580/700/642
f 581/701/643 580/700/642 578/694/636 579/696/638
f 584/702/644 583/703/645 580/700/642 581/701/643
f 585/704/646 582/699/641 580/700/642 583/703/645
f 583/703/645 584/702/644 589/705/647 586/706/648
f 586/706/648 587/707/649 585/704/646 583/703/645
f 588/708/650 620/709/651 587/707/649 586/706/648
f 586/706/648 589/705/647 591/710/652 588/708/650
f 888/711/653 590/712/654 589/705/647 584/702/644
f 590/712/654 592/713/655 591/710/652 589/705/647
f 592/713/655 595/496/450 593/714/656 591/710/652
f 588/708/650 591/710/652 593/714/656 596/715/657
f 595/496/450 411/494/449 594/716/658 593/714/656
f 596/715/657 593/714/656 594/716/658 598/717/659
f 596/715/657 597/718/660 620/709/651 588/708/650
f 598/717/659 599/719/661 597/718/660 596/715/657
f 600/720/662 601/721/663 599/719/661 598/717/659
f 598/717/659 594/716/658 603/722/664 600/720/662
f 602/723/665 606/724/666 601/721/663 600/720/662
f 600/720/662 603/722/664 604/725/667 602/723/665
f 409/492/448 605/487/444 604/725/667 603/722/664
f 411/494/449 409/492/448 603/722/664 594/716/658
f 602/723/665 604/725/667 7/12/9 9/16/12
f 605/487/444 4/8/7 7/12/9 604/725/667
f 9/16/12 607/18/14 606/724/666 602/723/665
f 608/726/668 611/727/669 601/721/663 606/724/666
f 609/728/670 608/726/668 606/724/666 607/18/14
f 609/728/670 772/729/671 610/730/672 608/726/668
f 611/727/669 608/726/668 610/730/672 612/731/673
f 611/727/669 612/731/673 614/732/674 613/733/675
f 611/727/669 613/733/675 599/719/661 601/721/663
f 615/734/676 613/733/675 614/732/674 616/735/677
f 613/733/675 615/734/676 597/718/660 599/719/661
f 615/734/676 616/735/677 618/736/678 617/737/679
f 615/734/676 617/737/679 620/709/651 597/718/660
f 619/738/680 617/737/679 618/736/678 621/739/681
f 617/737/679 619/738/680 587/707/649 620/709/651
f 621/739/681 624/740/682 622/741/683 619/738/680
f 619/738/680 622/741/683 585/704/646 587/707/649
f 567/684/626 623/686/628 622/741/683 624/740/682
f 623/686/628 582/699/641 585/704/646 622/741/683
f 624/740/682 621/739/681 627/742/684 625/743/685
f 624/740/682 625/743/685 564/682/624 567/684/626
f 625/743/685 626/744/686 884/683/625 564/682/624
f 626/744/686 625/743/685 627/742/684 629/745/687
f 628/746/688 633/747/689 630/748/690 627/742/684
f 618/736/678 628/746/688 627/742/684 621/739/681
f 630/748/690 631/749/691 629/745/687 627/742/684
f 631/749/691 630/748/690 632/750/692 879/751/693
f 630/748/690 633/747/689 635/752/694 632/750/692
f 634/753/695 637/754/696 635/752/694 633/747/689
f 633/747/689 628/746/688 781/755/697 634/753/695
f 637/754/696 639/756/698 636/757/699 635/752/694
f 632/750/692 635/752/694 636/757/699 877/758/700
f 782/759/701 638/760/702 637/754/696 634/753/695
f 637/754/696 638/760/702 641/761/703 639/756/698
f 639/756/698 640/762/704 875/763/705 636/757/699
f 640/762/704 639/756/698 641/761/703 644/764/706
f 705/765/707 643/766/708 641/761/703 642/767/709
f 783/768/710 642/767/709 641/761/703 638/760/702
f 645/769/711 644/764/706 641/761/703 643/766/708
f 645/769/711 648/770/712 646/771/713 644/764/706
f 640/762/704 644/764/706 646/771/713 647/772/714
f 649/773/715 647/772/714 646/771/713 648/770/712
f 648/770/712 645/769/711 651/774/716 650/775/717
f 648/770/712 650/775/717 653/776/718 649/773/715
f 652/777/719 650/775/717 651/774/716 790/778/720
f 650/775/717 652/777/719 654/647/589 653/776/718
f 653/776/718 539/651/593 873/653/595 649/773/715
f 539/651/593 653/776/718 654/647/589 532/646/588
f 657/779/721 655/780/722 654/647/589 652/777/719
f 656/781/723 533/644/586 654/647/589 655/780/722
f 658/782/724 656/781/723 655/780/722 657/779/721
f 790/778/720 659/783/725 657/779/721 652/777/719
f 658/782/724 657/779/721 660/784/726 662/785/727
f 657/779/721 659/783/725 663/786/728 660/784/726
f 661/787/729 660/784/726 663/786/728 665/788/730
f 662/785/727 660/784/726 661/787/729 870/789/731
f 667/790/732 665/788/730 663/786/728 664/791/733
f 663/786/728 659/783/725 700/792/734 664/791/733
f 666/793/735 804/794/736 661/795/729 665/796/730
f 666/797/735 665/788/730 667/790/732 669/798/737
f 670/799/738 669/798/737 667/790/732 668/800/739
f 699/801/740 668/800/739 667/790/732 664/791/733
f 666/797/735 669/798/737 671/802/741 673/803/742
f 671/802/741 669/798/737 670/799/738 672/804/743
f 677/805/744 674/806/745 671/807/741 672/808/743
f 675/809/746 673/810/742 671/807/741 674/806/745
f 795/811/747 675/809/746 674/806/745 676/812/748
f 674/806/745 677/805/744 678/813/749 676/812/748
f 679/814/750 680/815/751 678/813/749 677/805/744
f 677/816/744 672/804/743 682/817/752 679/818/750
f 681/819/753 727/820/754 680/815/751 679/814/750
f 681/821/753 679/818/750 682/817/752 683/822/755
f 686/823/756 683/822/755 682/817/752 684/824/757
f 682/817/752 672/804/743 670/799/738 684/824/757
f 685/825/758 684/824/757 670/799/738 668/800/739
f 688/826/759 686/823/756 684/824/757 685/825/758
f 686/823/756 687/827/760 726/828/761 683/822/755
f 688/826/759 689/829/762 687/827/760 686/823/756
f 690/830/763 691/831/764 689/829/762 688/826/759
f 685/825/758 692/832/765 690/830/763 688/826/759
f 693/833/766 694/834/767 691/831/764 690/830/763
f 696/835/768 693/833/766 690/830/763 692/832/765
f 694/834/767 693/833/766 695/836/769 712/837/770
f 696/835/768 697/838/771 695/836/769 693/833/766
f 697/838/771 696/835/768 698/839/772 701/840/773
f 698/839/772 696/835/768 692/832/765 699/801/740
f 664/791/733 700/792/734 698/839/772 699/801/740
f 702/841/774 701/840/773 698/839/772 700/792/734
f 704/842/775 697/838/771 701/840/773 703/843/776
f 706/844/777 703/843/776 701/840/773 702/841/774
f 707/845/778 704/842/775 703/843/776 705/765/707
f 643/766/708 705/765/707 703/843/776 706/844/777
f 645/769/711 643/766/708 706/844/777 651/774/716
f 702/841/774 790/778/720 651/774/716 706/844/777
f 642/767/709 708/846/779 707/845/778 705/765/707
f 712/837/770 704/842/775 707/845/778 709/847/780
f 710/848/781 709/847/780 707/845/778 708/846/779
f 713/849/782 711/850/783 709/847/780 710/848/781
f 694/834/767 712/837/770 709/847/780 711/850/783
f 704/842/775 712/837/770 695/836/769 697/838/771
f 711/850/783 713/849/782 715/851/784 714/852/785
f 711/850/783 714/852/785 691/831/764 694/834/767
f 716/853/786 714/852/785 715/851/784 717/854/787
f 714/852/785 716/853/786 689/829/762 691/831/764
f 717/854/787 720/855/788 718/856/789 716/853/786
f 716/853/786 718/856/789 687/827/760 689/829/762
f 718/856/789 719/857/790 726/828/761 687/827/760
f 718/856/789 720/855/788 721/858/791 719/857/790
f 717/859/787 722/860/792 721/861/791 720/862/788
f 728/863/793 723/864/794 721/861/791 722/860/792
f 721/861/791 723/864/794 725/865/795 724/866/796
f 719/857/790 721/858/791 724/867/796 726/828/761
f 683/822/755 726/828/761 724/867/796 681/821/753
f 724/868/796 725/869/795 727/820/754 681/819/753
f 136/187/169 138/188/170 727/820/754 725/869/795
f 729/185/168 136/187/169 725/869/795 723/870/794
f 138/188/170 142/190/172 680/815/751 727/820/754
f 723/864/794 728/863/793 730/871/797 729/872/168
f 729/185/168 730/873/797 731/874/798 135/186/163
f 722/860/792 731/875/798 730/871/797 728/863/793
f 127/169/155 135/179/163 731/875/798 732/170/156
f 733/876/799 732/170/156 731/875/798 722/860/792
f 732/170/156 733/876/799 735/165/151 123/164/150
f 733/876/799 734/877/800 736/878/801 735/165/151
f 733/876/799 722/860/792 753/879/802 734/877/800
f 122/163/149 735/165/151 736/878/801 738/880/803
f 734/877/800 750/881/804 737/882/805 736/878/801
f 738/880/803 736/878/801 737/882/805 739/80/74
f 739/80/74 59/79/73 740/883/806 738/880/803
f 122/163/149 738/880/803 740/883/806 120/160/146
f 740/883/806 59/79/73 61/81/75 741/884/807
f 118/158/144 120/160/146 740/883/806 741/884/807
f 741/884/807 742/885/808 743/159/145 118/158/144
f 61/81/75 64/83/77 742/885/808 741/884/807
f 68/87/81 76/98/92 742/885/808 64/83/77
f 76/98/92 744/103/97 743/159/145 742/885/808
f 744/103/97 745/886/809 117/157/143 743/159/145
f 744/103/97 77/100/94 89/115/109 745/886/809
f 746/145/135 745/886/809 89/115/109 747/887/810
f 745/886/809 746/145/135 111/148/136 117/157/143
f 746/145/135 747/887/810 748/888/130 107/146/129
f 99/129/119 747/889/810 89/118/109 91/117/110
f 99/129/119 102/132/122 748/140/130 747/889/810
f 739/80/74 737/882/805 749/890/811 58/78/72
f 750/881/804 751/891/812 749/890/811 737/882/805
f 750/881/804 734/877/800 753/879/802 752/892/813
f 750/881/804 752/892/813 754/893/814 751/891/812
f 38/52/46 752/892/813 753/879/802 36/50/44
f 752/892/813 38/52/46 40/54/48 754/893/814
f 751/891/812 754/893/814 40/54/48 785/894/815
f 758/895/816 755/896/817 753/879/802 756/897/818
f 753/879/802 755/896/817 784/51/45 36/50/44
f 753/898/802 715/851/784 759/899/819 756/900/818
f 717/859/787 715/901/784 753/879/802 722/860/792
f 758/902/816 756/900/818 757/903/820 778/904/821
f 757/903/820 756/900/818 759/899/819 760/905/822
f 713/849/782 760/905/822 759/899/819 715/851/784
f 757/903/820 760/905/822 761/906/823 763/907/824
f 760/905/822 713/849/782 710/848/781 761/906/823
f 762/908/825 761/906/823 710/848/781 708/846/779
f 765/909/826 763/907/824 761/906/823 762/908/825
f 778/904/821 757/903/820 763/907/824 764/910/827
f 767/911/828 764/910/827 763/907/824 765/909/826
f 783/768/710 766/912/829 765/909/826 762/908/825
f 766/912/829 768/913/830 767/911/828 765/909/826
f 771/914/831 764/910/827 767/911/828 769/915/832
f 770/916/833 769/915/832 767/911/828 768/913/830
f 769/915/832 770/916/833 610/730/672 772/729/671
f 772/729/671 773/917/834 771/914/831 769/915/832
f 772/729/671 609/728/670 775/918/835 773/917/834
f 771/914/831 773/917/834 774/919/836 777/920/32
f 775/918/835 776/921/837 774/919/836 773/917/834
f 775/918/835 609/728/670 607/18/14 10/17/13
f 776/921/837 775/918/835 10/17/13 12/19/15
f 23/922/27 777/920/32 774/919/836 776/921/837
f 23/33/27 776/923/837 12/22/15 15/21/17
f 758/895/816 778/924/821 777/38/32 25/39/33
f 764/910/827 771/914/831 777/920/32 778/904/821
f 770/916/833 768/913/830 780/925/838 779/926/839
f 779/926/839 612/731/673 610/730/672 770/916/833
f 779/926/839 616/735/677 614/732/674 612/731/673
f 779/926/839 780/925/838 618/736/678 616/735/677
f 781/755/697 628/746/688 618/736/678 780/925/838
f 634/753/695 781/755/697 780/925/838 782/759/701
f 766/912/829 782/759/701 780/925/838 768/913/830
f 782/759/701 766/912/829 783/768/710 638/760/702
f 642/767/709 783/768/710 762/908/825 708/846/779
f 25/39/33 28/40/34 755/896/817 758/895/816
f 28/40/34 30/43/37 784/51/45 755/896/817
f 785/894/815 787/71/65 749/890/811 751/891/812
f 785/894/815 786/927/840 52/69/63 787/71/65
f 785/894/815 40/54/48 788/57/51 786/927/840
f 749/890/811 787/71/65 51/70/64 58/78/72
f 789/62/56 786/927/840 788/57/51 41/56/50
f 789/62/56 45/61/55 52/69/63 786/927/840
f 790/778/720 702/841/774 700/792/734 659/783/725
f 668/800/739 699/801/740 692/832/765 685/825/758
f 142/190/172 791/193/175 678/813/749 680/815/751
f 678/813/749 791/193/175 792/928/841 676/812/748
f 791/193/175 143/194/176 794/200/182 792/928/841
f 794/200/182 173/227/207 793/929/842 792/928/841
f 676/812/748 792/928/841 793/929/842 795/811/747
f 793/929/842 796/930/843 798/931/844 795/811/747
f 175/228/208 796/930/843 793/929/842 173/227/207
f 796/930/843 175/228/208 177/230/210 797/932/845
f 797/932/845 799/933/846 798/931/844 796/930/843
f 798/931/844 799/933/846 801/934/847 800/935/848
f 675/809/746 795/811/747 798/931/844 800/935/848
f 802/936/849 800/935/848 801/934/847 803/937/850
f 800/935/848 802/936/849 673/810/742 675/809/746
f 805/938/851 804/794/736 802/936/849 803/937/850
f 804/794/736 666/793/735 673/810/742 802/936/849
f 805/938/851 806/939/852 661/795/729 804/794/736
f 806/939/852 805/938/851 807/940/853 809/941/854
f 805/938/851 803/937/850 810/942/855 807/940/853
f 810/942/855 811/943/856 808/944/857 807/940/853
f 809/941/854 807/940/853 808/944/857 842/945/858
f 814/946/859 811/943/856 810/942/855 812/947/860
f 801/934/847 812/947/860 810/942/855 803/937/850
f 813/948/861 812/947/860 801/934/847 799/933/846
f 814/946/859 812/947/860 813/948/861 816/949/862
f 871/950/863 811/943/856 814/946/859 815/951/864
f 815/951/864 814/946/859 816/949/862 818/952/865
f 820/953/866 818/952/865 816/949/862 817/954/867
f 817/954/867 816/949/862 813/948/861 824/955/868
f 833/956/869 815/951/864 818/952/865 819/957/870
f 818/952/865 820/953/866 821/958/871 819/957/870
f 825/959/872 821/958/871 820/953/866 822/960/873
f 824/955/868 822/960/873 820/953/866 817/954/867
f 824/955/868 827/233/213 823/961/874 822/960/873
f 823/961/874 826/962/875 825/959/872 822/960/873
f 829/273/253 821/958/871 825/959/872 217/272/252
f 215/269/249 217/272/252 825/959/872 826/962/875
f 826/962/875 205/259/239 207/260/240 215/269/249
f 826/962/875 823/961/874 828/258/238 205/259/239
f 824/955/868 797/932/845 177/230/210 827/233/213
f 797/932/845 824/955/868 813/948/861 799/933/846
f 827/233/213 178/232/212 828/258/238 823/961/874
f 180/234/214 200/253/233 828/258/238 178/232/212
f 830/963/876 819/957/870 821/958/871 829/273/253
f 830/963/876 829/273/253 218/274/254 831/280/260
f 833/956/869 819/957/870 830/963/876 832/964/877
f 832/964/877 830/963/876 831/280/260 835/965/878
f 832/964/877 834/966/879 872/967/880 833/956/869
f 834/966/879 832/964/877 835/965/878 837/968/881
f 836/285/265 835/965/878 831/280/260 222/279/259
f 838/969/882 837/968/881 835/965/878 836/285/265
f 840/970/883 834/966/879 837/968/881 839/971/884
f 841/972/885 839/971/884 837/968/881 838/969/882
f 808/944/857 840/970/883 839/971/884 842/945/858
f 843/973/886 842/945/858 839/971/884 841/972/885
f 843/974/886 844/975/887 809/976/854 842/977/858
f 845/978/888 846/979/889 844/975/887 843/974/886
f 841/980/885 847/981/890 845/978/888 843/974/886
f 849/982/891 846/979/889 845/978/888 848/983/892
f 851/984/893 848/983/892 845/978/888 847/981/890
f 848/983/892 850/985/894 863/986/895 849/982/891
f 851/984/893 852/987/896 850/985/894 848/983/892
f 852/987/896 851/984/893 853/988/897 854/989/898
f 853/988/897 851/984/893 847/981/890 855/990/899
f 230/292/269 854/989/898 853/988/897 228/287/267
f 226/288/266 228/287/267 853/988/897 855/990/899
f 838/991/882 836/992/265 226/288/266 855/990/899
f 838/991/882 855/990/899 847/981/890 841/980/885
f 854/989/898 856/993/900 857/994/901 852/987/896
f 856/993/900 854/989/898 230/292/269 858/296/272
f 490/602/544 493/605/547 857/994/901 856/993/900
f 490/602/544 856/993/900 858/296/272 487/601/543
f 487/601/543 858/296/272 231/295/271 237/303/278
f 857/994/901 859/995/902 850/985/894 852/987/896
f 861/608/550 859/995/902 857/994/901 493/605/547
f 859/995/902 860/996/903 863/986/895 850/985/894
f 859/995/902 861/608/550 528/640/582 860/996/903
f 861/608/550 492/607/549 526/638/580 528/640/582
f 860/996/903 862/997/904 864/998/905 863/986/895
f 862/997/904 860/996/903 528/640/582 530/642/584
f 864/998/905 865/999/906 849/982/891 863/986/895
f 656/781/723 658/782/724 864/998/905 862/997/904
f 662/785/727 865/999/906 864/998/905 658/782/724
f 867/1000/907 865/999/906 866/1001/908 868/1002/909
f 662/785/727 870/789/731 866/1001/908 865/999/906
f 867/1000/907 849/982/891 865/999/906
f 846/979/889 849/982/891 867/1000/907 868/1002/909
f 868/1002/909 869/1003/910 844/975/887 846/979/889
f 869/1003/910 868/1002/909 866/1001/908 870/789/731
f 869/1003/910 870/789/731 661/787/729 806/1004/852
f 869/1005/910 806/939/852 809/941/854 844/1006/887
f 533/644/586 656/781/723 862/997/904 530/642/584
f 840/970/883 871/950/863 872/967/880 834/966/879
f 871/950/863 840/970/883 808/944/857 811/943/856
f 815/951/864 833/956/869 872/967/880 871/950/863
f 649/773/715 873/653/595 874/1007/911 647/772/714
f 874/1007/911 873/653/595 538/652/594 545/660/602
f 640/762/704 647/772/714 874/1007/911 875/763/705
f 876/662/604 875/763/705 874/1007/911 545/660/602
f 877/758/700 636/757/699 875/763/705 876/662/604
f 546/661/603 878/1008/912 877/758/700 876/662/604
f 878/1008/912 879/751/693 632/750/692 877/758/700
f 878/1008/912 880/1009/913 881/1010/914 879/751/693
f 880/1009/913 878/1008/912 546/661/603 548/663/605
f 882/1011/915 883/1012/916 881/1010/914 880/1009/913
f 882/1011/915 880/1009/913 548/663/605 550/666/608
f 883/1012/916 882/1011/915 884/683/625 626/744/686
f 884/683/625 882/1011/915 550/666/608 565/668/610
f 883/1012/916 626/744/686 629/745/687 631/749/691
f 631/749/691 879/751/693 881/1010/914 883/1012/916
f 582/699/641 623/686/628 568/685/627 574/692/634
f 595/496/450 592/713/655 885/513/461 412/497/451
f 590/712/654 886/1013/917 885/513/461 592/713/655
f 423/515/463 421/514/462 885/513/461 886/1013/917
f 414/498/452 412/497/451 885/513/461 420/512/460
f 590/712/654 888/711/653 887/530/474 886/1013/917
f 886/1013/917 887/530/474 426/517/464 423/515/463
f 887/530/474 888/711/653 438/537/479 431/528/473
f 584/702/644 581/701/643 438/537/479 888/711/653
f 579/696/638 889/542/484 438/537/479 581/701/643
f 579/696/638 576/697/639 890/1014/918 889/542/484
f 437/540/482 889/542/484 890/1014/918 445/546/488
f 892/698/640 445/546/488 890/1014/918 576/697/639
f 571/690/632 899/689/631 891/1015/919 577/695/637
f 892/698/640 577/695/637 891/1015/919 893/1016/920
f 893/1016/920 894/551/493 445/546/488 892/698/640
f 893/1016/920 895/565/507 453/559/501 894/551/493
f 891/1015/919 896/1017/921 895/565/507 893/1016/920
f 897/1018/922 457/564/506 895/565/507 896/1017/921
f 900/622/564 897/1018/922 896/1017/921 898/1019/923
f 898/1019/923 896/1017/921 891/1015/919 899/689/631
f 899/689/631 570/679/621 560/674/616 898/1019/923
f 560/674/616 511/623/565 900/622/564 898/1019/923
f 461/568/510 897/1018/922 900/622/564 510/570/512
f 897/1018/922 461/568/510 459/566/508 457/564/506
f 557/672/614 513/624/566 511/623/565 560/674/616
f 557/672/614 555/673/615 516/625/567 513/624/566
f 901/655/597 518/629/571 516/625/567 555/673/615
f 521/630/572 518/629/571 901/655/597 536/648/590
f 495/606/548 524/636/578 526/638/580 492/607/549
f 495/606/548 497/610/552 902/637/579 524/636/578
f 504/615/557 515/618/560 519/628/570 902/637/579
f 497/610/552 499/612/554 504/615/557 902/637/579
f 474/583/525 963/576/518 462/571/513 507/588/530
f 903/592/534 480/591/533 488/305/280 238/304/279
f 240/306/281 904/1020/924 903/592/534 238/304/279
f 905/587/529 476/586/528 903/592/534 904/1020/924
f 240/306/281 242/308/283 906/1021/925 904/1020/924
f 906/1021/925 907/1022/926 905/587/529 904/1020/924
f 908/1023/927 911/1024/928 907/1022/926 906/1021/925
f 910/311/286 908/1023/927 906/1021/925 242/308/283
f 909/1025/929 913/1026/930 911/1024/928 908/1023/927
f 908/1023/927 910/311/286 271/349/316 909/1025/929
f 915/1027/931 912/1028/932 911/1024/928 913/1026/930
f 912/1028/932 962/581/523 907/1022/926 911/1024/928
f 917/1029/933 915/1027/931 913/1026/930 914/1030/934
f 913/1026/930 909/1025/929 961/1031/935 914/1030/934
f 915/1027/931 917/1029/933 919/1032/936 916/1033/937
f 915/1027/931 916/1033/937 448/552/494 912/1028/932
f 917/1029/933 918/1034/938 920/1035/939 919/1032/936
f 917/1029/933 914/1030/934 960/1036/940 918/1034/938
f 440/544/486 916/1033/937 919/1032/936 921/545/487
f 921/545/487 919/1032/936 920/1035/939 922/1037/941
f 433/536/477 435/535/478 921/545/487 922/1037/941
f 433/534/477 922/1038/941 923/1039/942 925/533/476
f 920/1040/939 924/1041/943 923/1039/942 922/1038/941
f 285/359/327 926/360/328 923/1039/942 924/1041/943
f 923/1039/942 926/360/328 927/1042/944 925/533/476
f 286/361/329 928/1043/945 927/1042/944 926/360/328
f 927/1042/944 928/1043/945 930/1044/946 929/525/470
f 429/526/471 925/533/476 927/1042/944 929/525/470
f 428/522/468 929/525/470 930/1044/946 931/1045/947
f 930/1044/946 932/1046/948 935/1047/949 931/1045/947
f 933/1048/950 932/1046/948 930/1044/946 928/1043/945
f 932/1046/948 933/1048/950 957/1049/951 934/1050/952
f 934/1050/952 936/1051/953 935/1047/949 932/1046/948
f 935/1047/949 936/1051/953 940/1052/954 937/1053/955
f 938/1054/956 931/1045/947 935/1047/949 937/1053/955
f 937/1053/955 939/1055/957 951/1056/958 938/1054/956
f 939/1055/957 937/1053/955 940/1052/954 941/1057/959
f 936/1051/953 943/1058/960 942/1059/961 940/1052/954
f 941/1057/959 940/1052/954 942/1059/961 945/1060/962
f 942/1059/961 943/1058/960 952/1061/963 944/402/367
f 322/401/366 945/1060/962 942/1059/961 944/402/367
f 946/1062/964 947/1063/965 941/1057/959 945/1060/962
f 322/401/366 325/404/368 946/1062/964 945/1060/962
f 339/421/382 947/1063/965 946/1062/964 337/422/379
f 327/1064/369 337/422/379 946/1062/964 325/404/368
f 948/1065/966 947/1063/965 339/421/382 950/424/384
f 948/1065/966 939/1055/957 941/1057/959 947/1063/965
f 949/1066/967 948/1065/966 950/424/384 416/506/456
f 948/1065/966 949/1066/967 951/1056/958 939/1055/957
f 416/506/456 418/507/457 425/520/466 949/1066/967
f 951/1056/958 949/1066/967 425/520/466 938/1054/956
f 323/392/360 944/402/367 952/1061/963 313/390/358
f 952/1061/963 943/1058/960 954/1067/968 953/1068/969
f 311/387/355 313/390/358 952/1061/963 953/1068/969
f 955/380/348 953/1068/969 954/1067/968 956/1069/970
f 955/380/348 304/379/347 311/387/355 953/1068/969
f 956/1069/970 293/367/335 303/370/338 955/380/348
f 293/367/335 956/1069/970 957/1049/951 290/365/333
f 954/1067/968 934/1050/952 957/1049/951 956/1069/970
f 957/1049/951 933/1048/950 288/362/330 290/365/333
f 936/1051/953 934/1050/952 954/1067/968 943/1058/960
f 938/1054/956 425/520/466 428/522/468 931/1045/947
f 928/1043/945 286/361/329 288/362/330 933/1048/950
f 924/1041/943 958/1070/971 283/354/322 285/359/327
f 958/1070/971 924/1041/943 920/1040/939 918/1071/938
f 958/1070/971 918/1071/938 960/1072/940 959/1073/972
f 959/1073/972 279/353/321 283/354/322 958/1070/971
f 961/1031/935 959/1074/972 960/1036/940 914/1030/934
f 279/353/321 959/1073/972 961/1075/935 277/346/318
f 271/349/316 277/1076/318 961/1031/935 909/1025/929
f 440/544/486 442/543/485 448/552/494 916/1033/937
f 912/1028/932 448/552/494 450/554/496 962/581/523
f 962/581/523 472/580/522 905/587/529 907/1022/926
f 462/571/513 963/576/518 466/573/515 464/572/514
f 402/483/441 964/484/442 965/6/6 3/5/5
f 966/1077/973 2/2/2 965/6/6 964/484/442
f 964/484/442 399/480/438 967/475/433 966/1077/973
f 2/2/2 966/1077/973 14/24/18 6/3/3
f 967/475/433 17/25/19 14/24/18 966/1077/973
f 354/438/396 362/447/405 349/435/393 351/437/395
f 320/396/363 86/111/105 84/107/101 328/408/371
f 308/383/351 197/247/227 195/248/228 310/386/354
f 199/249/229 197/247/227 308/383/351 306/382/350
f 199/249/229 306/382/350 968/384/352 202/251/231
f 298/375/343 202/251/231 968/384/352 301/374/342
f 971/256/236 969/376/344 299/332/304 970/1078/974
f 209/263/243 970/1078/974 299/332/304 256/264/244
f 971/256/236 970/1078/974 209/263/243 203/255/235
f 969/376/344 971/256/236 202/251/231 298/375/343
f 280/336/308 265/334/306 291/363/331 282/356/324
f 973/151/138 109/143/133 163/142/132 161/210/192
f 973/151/138 161/210/192 157/211/193 974/214/159
f 973/151/138 974/214/159 125/1079/153 113/152/139
