# Blender 5.2.0 LTS
# www.blender.org
mtllib terrain-abyss-chancel-object-068.mtl
o terrain-abyss-chancel-object-068
v -0.151101 1.066617 0.081221
v -0.162862 1.068554 0.077855
v -0.154454 1.066487 0.093302
v -0.140932 1.067210 0.073801
v -0.139757 1.057380 0.080628
v -0.152615 1.060281 0.082409
v -0.152658 1.081422 0.085428
v -0.159786 1.073475 0.078224
v -0.162711 1.070508 0.075296
v -0.165528 1.070802 0.081123
v -0.162273 1.086045 0.075620
v -0.164361 1.102683 0.073102
v -0.163719 1.084276 0.069355
v -0.165304 1.084481 0.080781
v -0.165546 1.101663 0.079211
v -0.171447 1.081676 0.088455
v -0.172019 1.099122 0.087947
v -0.171074 1.068257 0.087549
v -0.171663 1.080332 0.097665
v -0.164367 1.079617 0.101431
v -0.172229 1.065936 0.095460
v -0.172228 1.098006 0.099684
v -0.172373 1.121178 0.101201
v -0.164615 1.097629 0.104249
v -0.164605 1.121091 0.106214
v -0.154917 1.097710 0.099099
v -0.155223 1.120576 0.102159
v -0.150960 1.098490 0.088678
v -0.155174 1.079968 0.096162
v -0.143543 1.100161 0.080992
v -0.149666 1.120402 0.093355
v -0.147886 1.147650 0.096606
v -0.145565 1.122672 0.082137
v -0.155970 1.127223 0.073845
v -0.139834 1.116790 0.065315
v -0.147665 1.148586 0.084398
v -0.157479 1.150004 0.075379
v -0.150564 1.167991 0.086300
v -0.160609 1.173841 0.082518
v -0.151188 1.169983 0.096927
v -0.153258 1.165592 0.105699
v -0.162689 1.177669 0.095620
v -0.164761 1.168725 0.107200
v -0.174096 1.170316 0.093845
v -0.174233 1.166005 0.104424
v -0.174586 1.148230 0.092220
v -0.171425 1.171984 0.083711
v -0.169203 1.148729 0.079938
v -0.165843 1.122412 0.076210
v -0.162759 1.116205 0.064694
v -0.173014 1.120965 0.089331
v -0.160931 1.104153 0.058576
v -0.149590 1.121165 0.059568
v -0.149168 1.103645 0.054879
v -0.139576 1.101825 0.065188
v -0.149060 1.082881 0.056095
v -0.148336 1.067565 0.056843
v -0.159076 1.082795 0.058621
v -0.139987 1.083129 0.064566
v -0.142047 1.082312 0.077686
v -0.140634 1.068230 0.063527
v -0.139417 1.058696 0.061536
v -0.136078 1.051036 0.058872
v -0.137442 1.058084 0.070298
v -0.145972 1.058323 0.055919
v -0.139941 1.051189 0.052526
v -0.155169 1.055765 0.056739
v -0.144683 1.049787 0.049687
v -0.165972 1.057606 0.065947
v -0.155514 1.051120 0.059215
v -0.158414 1.067134 0.058804
v -0.146071 1.046084 0.049852
v -0.154045 1.050085 0.062476
v -0.165609 1.052829 0.061538
v -0.172336 1.053208 0.061333
v -0.164857 1.050994 0.063968
v -0.164355 1.050043 0.067906
v -0.172250 1.049934 0.061944
v -0.179401 1.050891 0.060221
v -0.172584 1.049257 0.066691
v -0.179623 1.048923 0.065857
v -0.172864 1.049527 0.071470
v -0.180095 1.049193 0.070601
v -0.172777 1.049945 0.077437
v -0.165189 1.050069 0.073368
v -0.156780 1.049596 0.074930
v -0.165900 1.050416 0.080364
v -0.159834 1.050592 0.083852
v -0.167389 1.050288 0.089254
v -0.172758 1.050610 0.084732
v -0.162071 1.050252 0.093372
v -0.169733 1.049690 0.096555
v -0.172519 1.049309 0.102963
v -0.164265 1.049737 0.100904
v -0.174692 1.049852 0.091532
v -0.179292 1.054618 0.086744
v -0.177644 1.049299 0.097967
v -0.181230 1.048860 0.103104
v -0.182059 1.050899 0.092865
v -0.180990 1.055592 0.094375
v -0.185667 1.050422 0.097598
v -0.184861 1.055146 0.097543
v -0.189299 1.051520 0.102200
v -0.187221 1.054840 0.101302
v -0.185590 1.050244 0.108123
v -0.185074 1.055330 0.108202
v -0.179496 1.050101 0.113321
v -0.175764 1.048932 0.108285
v -0.179870 1.053946 0.114944
v -0.172914 1.049708 0.118135
v -0.166131 1.049587 0.121831
v -0.173424 1.052907 0.120089
v -0.169842 1.049358 0.112709
v -0.167045 1.049427 0.107507
v -0.163723 1.049440 0.116480
v -0.158403 1.050463 0.118878
v -0.160939 1.050075 0.111593
v -0.156149 1.050595 0.105601
v -0.156644 1.050411 0.113923
v -0.154891 1.052310 0.114123
v -0.154819 1.051116 0.110805
v -0.150599 1.050572 0.110851
v -0.138657 1.050816 0.113334
v -0.148785 1.048626 0.106481
v -0.152178 1.054918 0.108378
v -0.147931 1.056808 0.097895
v -0.139074 1.055611 0.112073
v -0.158718 1.058432 0.104347
v -0.159127 1.053524 0.115474
v -0.164946 1.055834 0.111956
v -0.164147 1.053346 0.121831
v -0.160539 1.052215 0.125246
v -0.167885 1.050478 0.124673
v -0.169877 1.054471 0.117065
v -0.175606 1.056272 0.111445
v -0.180684 1.056520 0.104520
v -0.170556 1.058569 0.107092
v -0.176624 1.058597 0.100878
v -0.163972 1.065462 0.101130
v -0.154077 1.059841 0.090132
v -0.150183 1.051757 0.090205
v -0.147251 1.056542 0.086956
v -0.143875 1.055715 0.092532
v -0.136817 1.055655 0.090602
v -0.137606 1.071259 0.091257
v -0.138165 1.061103 0.105247
v -0.127181 1.058731 0.082774
v -0.114050 1.059215 0.084722
v -0.128803 1.053485 0.077746
v -0.126948 1.070890 0.082536
v -0.112599 1.071482 0.085109
v -0.127139 1.085611 0.080712
v -0.138911 1.086099 0.090734
v -0.127596 1.101894 0.079779
v -0.112048 1.085424 0.084128
v -0.111697 1.101101 0.082264
v -0.103283 1.085586 0.096811
v -0.102699 1.100760 0.095978
v -0.104543 1.072109 0.097886
v -0.106493 1.086412 0.110031
v -0.108076 1.072708 0.110378
v -0.114882 1.086287 0.117387
v -0.104598 1.101976 0.111351
v -0.104966 1.119409 0.113431
v -0.113864 1.100821 0.117665
v -0.126499 1.100739 0.118863
v -0.114315 1.116919 0.117606
v -0.114543 1.128067 0.118609
v -0.125871 1.116421 0.119202
v -0.124177 1.130195 0.115544
v -0.138050 1.117214 0.110502
v -0.138529 1.101485 0.108741
v -0.139085 1.118444 0.092158
v -0.135375 1.128304 0.109842
v -0.133865 1.132301 0.095706
v -0.120399 1.131855 0.101429
v -0.125752 1.131073 0.084421
v -0.114751 1.130399 0.088056
v -0.127025 1.118279 0.080366
v -0.112214 1.117486 0.082372
v -0.102422 1.117393 0.095230
v -0.106017 1.128697 0.095025
v -0.109951 1.129267 0.107972
v -0.139795 1.102173 0.091244
v -0.138752 1.086269 0.107605
v -0.126878 1.086286 0.117424
v -0.138219 1.072621 0.106725
v -0.127125 1.073792 0.116616
v -0.127478 1.063391 0.116184
v -0.116028 1.073527 0.116837
v -0.118172 1.063072 0.116425
v -0.110200 1.061546 0.111250
v -0.119287 1.056373 0.119493
v -0.124472 1.051963 0.121931
v -0.129115 1.057025 0.116960
v -0.111109 1.054099 0.113701
v -0.114800 1.050419 0.124823
v -0.112131 1.049741 0.121558
v -0.111110 1.053116 0.121275
v -0.119768 1.049310 0.119460
v -0.126620 1.048957 0.112606
v -0.115204 1.048972 0.113790
v -0.109943 1.050050 0.114044
v -0.123992 1.048254 0.107459
v -0.113202 1.048623 0.103647
v -0.107954 1.049735 0.105405
v -0.121435 1.047914 0.100172
v -0.110288 1.047579 0.094465
v -0.118845 1.047642 0.091516
v -0.104055 1.048348 0.096921
v -0.105865 1.044717 0.085977
v -0.113670 1.045412 0.082917
v -0.099716 1.045909 0.088651
v -0.097950 1.043066 0.075466
v -0.105223 1.043495 0.072516
v -0.092180 1.043853 0.078362
v -0.091138 1.041120 0.062393
v -0.096992 1.040396 0.060659
v -0.085297 1.042757 0.063671
v -0.084534 1.041941 0.049297
v -0.081514 1.043613 0.051555
v -0.088605 1.040780 0.046084
v -0.075405 1.042507 0.043183
v -0.077839 1.041733 0.038047
v -0.073538 1.043649 0.047302
v -0.066080 1.043642 0.040622
v -0.068554 1.043963 0.034724
v -0.058182 1.043717 0.038114
v -0.063455 1.043571 0.042384
v -0.054769 1.044616 0.046547
v -0.059467 1.047494 0.029997
v -0.057147 1.045343 0.028920
v -0.061368 1.048250 0.022839
v -0.050600 1.047435 0.028233
v -0.061220 1.055952 0.037724
v -0.063335 1.049830 0.025599
v -0.054458 1.046847 0.036317
v -0.071383 1.047480 0.050140
v -0.081874 1.048844 0.051245
v -0.068141 1.061866 0.045800
v -0.064815 1.065084 0.033762
v -0.069255 1.078045 0.047552
v -0.079992 1.061545 0.049781
v -0.091048 1.063504 0.045463
v -0.079961 1.077272 0.051090
v -0.091852 1.077239 0.047122
v -0.080651 1.092713 0.052744
v -0.081244 1.107913 0.052509
v -0.091637 1.091802 0.049309
v -0.070050 1.093167 0.048738
v -0.065819 1.093808 0.037144
v -0.072931 1.107223 0.049132
v -0.066989 1.107708 0.038351
v -0.077880 1.116158 0.045834
v -0.071740 1.114475 0.038919
v -0.086686 1.115516 0.043267
v -0.082311 1.117102 0.048008
v -0.087724 1.116170 0.047136
v -0.099870 1.109158 0.039432
v -0.088534 1.109795 0.052528
v -0.099475 1.101160 0.038547
v -0.098834 1.089491 0.035650
v -0.096546 1.102376 0.022870
v -0.082742 1.108173 0.019224
v -0.095025 1.090848 0.020156
v -0.097959 1.109024 0.025799
v -0.087736 1.113871 0.028868
v -0.079124 1.115476 0.034204
v -0.091993 1.114375 0.037282
v -0.070476 1.109269 0.026658
v -0.067430 1.094310 0.023944
v -0.068306 1.079185 0.023828
v -0.079875 1.093330 0.015986
v -0.079690 1.078934 0.015975
v -0.093713 1.077891 0.019926
v -0.079061 1.066149 0.016372
v -0.090937 1.065581 0.019875
v -0.079151 1.057682 0.014687
v -0.068473 1.065990 0.023096
v -0.068230 1.057309 0.020884
v -0.067295 1.052593 0.015600
v -0.062989 1.056110 0.030480
v -0.060417 1.052360 0.016400
v -0.078515 1.052508 0.008886
v -0.067206 1.055703 0.003768
v -0.073480 1.048183 -0.002766
v -0.068306 1.061150 -0.006092
v -0.059507 1.055585 0.005287
v -0.056253 1.062474 -0.004840
v -0.054454 1.053842 0.005259
v -0.054774 1.051199 0.014949
v -0.054354 1.050338 0.003888
v -0.051409 1.055889 -0.007079
v -0.048115 1.054048 -0.023254
v -0.052228 1.051826 -0.008771
v -0.047037 1.049847 -0.022750
v -0.056338 1.049496 -0.010428
v -0.058811 1.047384 0.002862
v -0.047578 1.045698 -0.023340
v -0.060368 1.048681 -0.012819
v -0.068456 1.046585 -0.018818
v -0.052557 1.043807 -0.029235
v -0.064191 1.046679 0.001916
v -0.062255 1.044312 0.016094
v -0.056405 1.044891 0.014369
v -0.073226 1.044706 0.012008
v -0.071962 1.044907 0.022096
v -0.090682 1.042692 0.008668
v -0.106813 1.042303 -0.009925
v -0.084054 1.042568 0.024589
v -0.113147 1.041211 0.024323
v -0.078275 1.046992 -0.012534
v -0.094750 1.045333 -0.026139
v -0.077857 1.053640 -0.020550
v -0.074886 1.044649 -0.028298
v -0.072354 1.049657 -0.015631
v -0.072499 1.053071 -0.014084
v -0.072271 1.044949 -0.043726
v -0.085425 1.049964 -0.042531
v -0.085028 1.044946 -0.058301
v -0.103726 1.044236 -0.051042
v -0.101228 1.045702 -0.060962
v -0.110842 1.044715 -0.039398
v -0.118055 1.044430 -0.055268
v -0.123660 1.043815 -0.045997
v -0.127703 1.043141 -0.058402
v -0.115632 1.044824 -0.062936
v -0.124431 1.043681 -0.066100
v -0.115120 1.045446 -0.068876
v -0.102115 1.045874 -0.068504
v -0.123395 1.044118 -0.072133
v -0.116325 1.046291 -0.072809
v -0.124452 1.046701 -0.075634
v -0.105422 1.046213 -0.073231
v -0.120760 1.050895 -0.067069
v -0.124245 1.056877 -0.057879
v -0.112200 1.054358 -0.071115
v -0.128925 1.048984 -0.068632
v -0.135133 1.047359 -0.072869
v -0.132465 1.050804 -0.059040
v -0.125935 1.060327 -0.056954
v -0.140381 1.054781 -0.052942
v -0.141177 1.048042 -0.065355
v -0.146724 1.048588 -0.055510
v -0.144694 1.043618 -0.068434
v -0.137015 1.042863 -0.074105
v -0.140425 1.041497 -0.065279
v -0.153525 1.045281 -0.057638
v -0.148638 1.041313 -0.055621
v -0.155619 1.045983 -0.039844
v -0.149692 1.049957 -0.041081
v -0.154331 1.048644 -0.023981
v -0.152647 1.042408 -0.039026
v -0.154714 1.044760 -0.026181
v -0.146184 1.042056 -0.039027
v -0.151985 1.043707 -0.024333
v -0.138812 1.042496 -0.036597
v -0.141286 1.040961 -0.052999
v -0.132913 1.042398 -0.049471
v -0.134408 1.041616 -0.061342
v -0.129815 1.042927 -0.068459
v -0.129059 1.043133 -0.074425
v -0.135202 1.042272 -0.069597
v -0.129401 1.044463 -0.078324
v -0.147975 1.042733 -0.020803
v -0.131885 1.042881 -0.032403
v -0.142868 1.042752 -0.016452
v -0.122242 1.042615 -0.025277
v -0.135370 1.043111 -0.009934
v -0.143608 1.042581 0.001094
v -0.122684 1.039938 0.004234
v -0.132398 1.041997 0.012025
v -0.127389 1.040845 0.027504
v -0.136412 1.042694 0.017218
v -0.134788 1.051554 0.022450
v -0.135048 1.042435 0.028970
v -0.146914 1.042990 0.008676
v -0.147969 1.046955 0.013830
v -0.157758 1.041786 0.000972
v -0.164822 1.040346 -0.007136
v -0.152580 1.042006 -0.005382
v -0.160433 1.042735 0.005628
v -0.169779 1.042178 -0.003350
v -0.158667 1.049675 0.005162
v -0.170520 1.045649 -0.003372
v -0.161854 1.048492 -0.003123
v -0.157247 1.061001 0.008525
v -0.146318 1.053735 0.014245
v -0.142374 1.063499 0.012262
v -0.133375 1.057815 0.017973
v -0.135175 1.060492 0.012638
v -0.131138 1.063314 0.016527
v -0.123174 1.057529 0.022187
v -0.113113 1.058566 0.018897
v -0.122993 1.065082 0.022522
v -0.122674 1.052123 0.025203
v -0.123476 1.054124 0.031910
v -0.109584 1.052260 0.023855
v -0.103346 1.053665 0.004270
v -0.098381 1.052812 0.029069
v -0.107497 1.055400 0.042408
v -0.093905 1.052115 0.056305
v -0.110319 1.061336 0.039147
v -0.107841 1.052510 0.059822
v -0.100876 1.059801 0.057246
v -0.088923 1.060302 0.062459
v -0.108094 1.058690 0.060744
v -0.099177 1.065050 0.057148
v -0.088778 1.067009 0.064392
v -0.098721 1.071464 0.058423
v -0.108446 1.064679 0.059944
v -0.109301 1.067889 0.069282
v -0.110360 1.072686 0.057736
v -0.105834 1.074044 0.066700
v -0.099997 1.075772 0.064347
v -0.101116 1.075074 0.072675
v -0.093849 1.075310 0.070202
v -0.100943 1.069114 0.077112
v -0.090601 1.068244 0.076009
v -0.100945 1.061984 0.080307
v -0.089985 1.060941 0.077809
v -0.100086 1.055250 0.084240
v -0.110628 1.060918 0.071467
v -0.111381 1.054150 0.072655
v -0.114917 1.053655 0.079769
v -0.117169 1.047470 0.062135
v -0.128654 1.046759 0.062756
v -0.117743 1.042503 0.052408
v -0.114894 1.047160 0.069574
v -0.117281 1.050426 0.058775
v -0.116498 1.058395 0.056600
v -0.126868 1.050262 0.056214
v -0.132181 1.049475 0.048162
v -0.123733 1.058534 0.054541
v -0.127356 1.058253 0.046191
v -0.121952 1.068790 0.055132
v -0.127037 1.069649 0.047584
v -0.113545 1.066864 0.056831
v -0.117894 1.077117 0.056078
v -0.124879 1.081452 0.049791
v -0.111509 1.082263 0.051912
v -0.113720 1.073356 0.057642
v -0.107928 1.077095 0.048160
v -0.115583 1.086327 0.044191
v -0.111628 1.078185 0.038530
v -0.107390 1.067176 0.049388
v -0.111329 1.069427 0.038120
v -0.109271 1.059491 0.052669
v -0.123510 1.070088 0.037529
v -0.122311 1.082453 0.039504
v -0.124781 1.059066 0.037147
v -0.135183 1.049077 0.040740
v -0.133598 1.049629 0.030857
v -0.138670 1.042421 0.039743
v -0.133041 1.041489 0.041992
v -0.126006 1.041665 0.045357
v -0.141875 1.043980 0.052507
v -0.136939 1.043047 0.055607
v -0.132111 1.043432 0.059512
v -0.151716 1.048870 0.066092
v -0.143695 1.048214 0.066726
v -0.148257 1.049250 0.077217
v -0.137472 1.049180 0.065823
v -0.137400 1.050030 0.077957
v -0.136817 1.055655 0.090602
v -0.124783 1.049488 0.079350
v -0.131656 1.048663 0.087442
v -0.133155 1.046179 0.096655
v -0.143945 1.047378 0.094046
v -0.135164 1.046719 0.103139
v -0.146858 1.047191 0.100837
v -0.137052 1.047816 0.108443
v -0.154677 1.049775 0.098102
v -0.150183 1.051757 0.090205
v -0.115602 1.087519 0.048330
v -0.105981 1.040665 0.057357
v -0.093973 1.039937 0.041946
v -0.102100 1.039849 0.034813
v -0.080349 1.041786 0.032282
v -0.070455 1.044515 0.029064
v -0.105010 1.053014 0.091509
v -0.099958 1.051261 0.097556
v -0.105361 1.059851 0.098872
v -0.104530 1.053443 0.104831
v -0.096451 1.049524 0.088992
v -0.088663 1.048395 0.079717
v -0.089845 1.054592 0.079106
v -0.082849 1.047848 0.063149
v -0.091360 1.072269 0.064494
v -0.090285 1.053853 0.045914
v -0.095926 1.056254 0.031467
v -0.089775 1.057312 0.017754
v -0.096683 1.064874 0.032400
v -0.098118 1.077304 0.034079
v -0.091630 1.052600 0.008164
v -0.084589 1.057725 -0.011210
v -0.095562 1.060767 -0.007300
v -0.092070 1.060114 -0.032363
v -0.080292 1.075050 -0.018113
v -0.090524 1.075033 -0.031853
v -0.090218 1.075171 -0.006818
v -0.079647 1.091598 -0.019639
v -0.087975 1.092464 -0.007040
v -0.078684 1.107665 -0.019843
v -0.088918 1.090872 -0.032707
v -0.104218 1.091611 -0.025156
v -0.086738 1.106057 -0.033250
v -0.088305 1.123629 -0.029897
v -0.103869 1.105966 -0.026568
v -0.103620 1.120537 -0.025725
v -0.100210 1.108756 -0.010717
v -0.101562 1.092502 -0.010678
v -0.098838 1.120228 -0.012726
v -0.085701 1.108743 -0.008410
v -0.086959 1.122984 -0.012334
v -0.079046 1.122685 -0.018201
v -0.101289 1.126089 -0.027305
v -0.101471 1.075380 -0.011906
v -0.102786 1.075155 -0.024505
v -0.101855 1.060102 -0.012228
v -0.106010 1.052245 -0.009903
v -0.102120 1.060223 -0.024540
v -0.108859 1.052462 -0.027671
v -0.099527 1.053802 -0.037484
v -0.114266 1.058140 -0.039461
v -0.122206 1.052904 -0.023661
v -0.131408 1.052241 -0.019392
v -0.115603 1.056304 -0.002531
v -0.122637 1.059855 -0.028568
v -0.122228 1.071116 -0.031050
v -0.131570 1.058860 -0.023592
v -0.144568 1.058759 -0.027650
v -0.130941 1.070454 -0.022005
v -0.144014 1.069845 -0.028070
v -0.130734 1.085966 -0.021077
v -0.130266 1.106603 -0.019810
v -0.121402 1.086241 -0.031882
v -0.145239 1.086503 -0.026777
v -0.146662 1.084965 -0.043041
v -0.139320 1.104941 -0.030901
v -0.127993 1.111200 -0.040719
v -0.140282 1.100233 -0.046223
v -0.128620 1.107423 -0.052662
v -0.134463 1.093493 -0.050819
v -0.127170 1.093205 -0.053542
v -0.135334 1.083246 -0.050734
v -0.125747 1.083529 -0.053203
v -0.135303 1.068176 -0.051197
v -0.125533 1.073961 -0.052036
v -0.146236 1.068371 -0.041306
v -0.146367 1.055609 -0.041541
v -0.107395 1.062296 -0.069857
v -0.117064 1.074114 -0.066159
v -0.081446 1.053220 -0.075143
v -0.094982 1.064084 -0.072206
v -0.090746 1.062424 -0.060678
v -0.080800 1.053684 -0.069361
v -0.102871 1.072549 -0.066791
v -0.105419 1.086844 -0.067224
v -0.095621 1.072889 -0.059889
v -0.096836 1.086994 -0.058865
v -0.096713 1.071102 -0.049466
v -0.095890 1.058982 -0.050114
v -0.096655 1.086446 -0.047359
v -0.106450 1.069774 -0.040562
v -0.106003 1.085373 -0.039579
v -0.116286 1.068446 -0.041249
v -0.104660 1.059227 -0.040765
v -0.120726 1.067422 -0.043827
v -0.116754 1.082111 -0.039850
v -0.112261 1.105727 -0.037701
v -0.104185 1.128156 -0.036097
v -0.103978 1.105092 -0.039217
v -0.122306 1.107484 -0.034501
v -0.116356 1.129509 -0.037196
v -0.124707 1.129823 -0.044300
v -0.114197 1.151517 -0.035044
v -0.113819 1.168917 -0.038757
v -0.102429 1.151933 -0.035216
v -0.125918 1.151832 -0.043991
v -0.122828 1.171453 -0.047742
v -0.128073 1.151646 -0.060184
v -0.120055 1.151527 -0.070995
v -0.127014 1.166694 -0.060499
v -0.127433 1.129886 -0.057523
v -0.120015 1.129671 -0.069876
v -0.120309 1.105498 -0.068185
v -0.105464 1.129933 -0.070911
v -0.106784 1.152018 -0.072212
v -0.105660 1.106145 -0.069165
v -0.094796 1.129252 -0.060221
v -0.096223 1.127701 -0.044573
v -0.095266 1.151976 -0.061586
v -0.095536 1.106626 -0.059149
v -0.096514 1.106102 -0.046421
v -0.100317 1.171798 -0.061171
v -0.094880 1.151366 -0.046665
v -0.095783 1.166957 -0.049952
v -0.104073 1.171076 -0.042213
v -0.111502 1.175723 -0.054650
v -0.119970 1.171056 -0.067827
v -0.110456 1.171305 -0.070660
v -0.100810 1.123070 -0.038057
v -0.120088 1.087876 -0.066392
v -0.085425 1.049964 -0.042531
v -0.081145 1.052363 -0.056580
v -0.066838 1.053671 -0.031874
v -0.063221 1.046119 -0.042926
v -0.056228 1.057458 -0.035003
v -0.070332 1.059354 -0.018836
v -0.065897 1.073927 -0.023337
v -0.070411 1.074698 -0.013426
v -0.068532 1.094759 -0.021848
v -0.060168 1.074706 -0.025332
v -0.054038 1.075135 -0.018152
v -0.059811 1.094779 -0.026269
v -0.060863 1.121612 -0.027585
v -0.051905 1.095042 -0.018249
v -0.053736 1.094501 -0.004994
v -0.052474 1.121768 -0.019470
v -0.052028 1.142481 -0.020247
v -0.053423 1.121806 -0.005329
v -0.063836 1.121579 0.000965
v -0.052200 1.142114 -0.006173
v -0.062762 1.141639 0.001806
v -0.052757 1.156520 -0.008122
v -0.052901 1.155228 -0.019829
v -0.060238 1.167344 -0.012985
v -0.061120 1.156461 -0.000019
v -0.072076 1.158326 -0.004452
v -0.062371 1.165064 -0.002626
v -0.067854 1.164952 -0.006746
v -0.068478 1.165603 -0.013697
v -0.072146 1.159017 -0.017261
v -0.062751 1.159065 -0.026239
v -0.073267 1.142269 -0.019104
v -0.073179 1.142196 -0.005255
v -0.070796 1.121211 -0.020054
v -0.062368 1.142731 -0.027619
v -0.072207 1.121280 -0.007148
v -0.071437 1.094571 -0.009901
v -0.065099 1.094260 -0.000768
v -0.068457 1.074549 -0.002895
v -0.056549 1.075217 -0.005190
v -0.052862 1.061208 -0.023299
v -0.050906 1.060038 -0.035844
v -0.045135 1.054854 -0.039230
v -0.051572 1.063169 -0.042041
v -0.049304 1.057513 -0.047908
v -0.059571 1.054572 -0.044436
v -0.050628 1.059187 -0.053755
v -0.043232 1.051178 -0.051854
v -0.040310 1.049866 -0.039836
v -0.045433 1.052549 -0.057767
v -0.040392 1.046581 -0.053356
v -0.045982 1.043571 -0.051915
v -0.039347 1.044803 -0.039765
v -0.043746 1.047957 -0.059745
v -0.047699 1.043403 -0.060042
v -0.047741 1.048713 -0.067340
v -0.049139 1.047222 -0.073045
v -0.049917 1.042506 -0.067100
v -0.057515 1.048768 -0.073150
v -0.049088 1.053689 -0.064344
v -0.050629 1.059400 -0.063445
v -0.057748 1.053932 -0.069695
v -0.066774 1.051947 -0.064247
v -0.058255 1.060047 -0.069009
v -0.064238 1.060347 -0.062990
v -0.059011 1.068258 -0.068612
v -0.050938 1.068379 -0.063526
v -0.063375 1.068444 -0.059475
v -0.060187 1.076942 -0.067266
v -0.051860 1.077060 -0.063629
v -0.060820 1.085204 -0.063765
v -0.062739 1.076916 -0.057991
v -0.053846 1.077071 -0.054315
v -0.061040 1.083608 -0.057591
v -0.054043 1.084119 -0.056260
v -0.053881 1.084511 -0.063445
v -0.053101 1.068683 -0.053742
v -0.068235 1.047966 -0.073027
v -0.069541 1.044043 -0.074445
v -0.060857 1.042346 -0.073844
v -0.069571 1.043378 -0.069921
v -0.085597 1.045424 -0.077291
v -0.084638 1.044286 -0.073936
v -0.084313 1.043867 -0.067019
v -0.069997 1.043564 -0.063478
v -0.071031 1.044409 -0.055304
v -0.061184 1.042783 -0.061785
v -0.061142 1.042346 -0.068960
v -0.054247 1.042634 -0.060629
v -0.061304 1.043333 -0.052989
v -0.053012 1.043028 -0.051627
v -0.063221 1.046119 -0.042926
v -0.053708 1.043560 -0.044255
v -0.046112 1.043750 -0.040881
v -0.055231 1.041988 -0.068243
v -0.056767 1.042120 -0.074806
v -0.053887 1.047198 -0.075412
v -0.051505 1.042090 -0.073056
v -0.145609 1.053622 -0.023779
v -0.139755 1.061755 -0.008921
v -0.127802 1.057438 -0.002526
v -0.154215 1.057008 -0.010553
v -0.141128 1.077679 -0.009003
v -0.136913 1.064043 0.003345
v -0.137872 1.078983 0.002699
v -0.131178 1.063147 0.006744
v -0.130992 1.073311 0.007115
v -0.124960 1.071286 0.000375
v -0.130508 1.074844 0.017043
v -0.131427 1.085584 0.007629
v -0.131536 1.097857 0.007208
v -0.130804 1.087012 0.018275
v -0.125818 1.083728 -0.000597
v -0.125817 1.096049 -0.001728
v -0.116267 1.082266 -0.000408
v -0.115910 1.094202 -0.001512
v -0.116399 1.069839 0.000345
v -0.109802 1.080828 0.008922
v -0.110385 1.068961 0.008494
v -0.112793 1.078609 0.020351
v -0.109622 1.092668 0.008414
v -0.112157 1.090989 0.020108
v -0.109261 1.103743 0.007554
v -0.108735 1.111494 0.006947
v -0.112709 1.102104 0.019906
v -0.116504 1.105401 -0.002870
v -0.125361 1.106468 -0.003171
v -0.120242 1.111409 0.006774
v -0.122170 1.110201 0.017784
v -0.131270 1.108379 0.005384
v -0.129892 1.110676 0.021861
v -0.131269 1.098835 0.019163
v -0.121967 1.101407 0.023858
v -0.122170 1.089038 0.025239
v -0.122839 1.076264 0.024215
v -0.113463 1.111996 0.015371
v -0.113209 1.067013 0.019174
v -0.109352 1.059064 0.006683
v -0.143369 1.078388 0.013043
v -0.136813 1.097694 0.003803
v -0.143955 1.097727 0.014310
v -0.136187 1.121845 0.004594
v -0.140185 1.096317 -0.009727
v -0.138280 1.122028 -0.010380
v -0.153354 1.095956 -0.013815
v -0.152478 1.122900 -0.016345
v -0.160268 1.096644 -0.002809
v -0.154105 1.075932 -0.011017
v -0.160487 1.076328 -0.000981
v -0.159909 1.058430 -0.001076
v -0.155866 1.076877 0.009350
v -0.156119 1.097439 0.009849
v -0.157115 1.123215 0.009421
v -0.158289 1.142384 0.009125
v -0.161485 1.123557 -0.004677
v -0.144284 1.122590 0.016147
v -0.146996 1.147151 0.017139
v -0.134993 1.146983 0.004258
v -0.149153 1.168646 0.011274
v -0.145418 1.167161 -0.007885
v -0.162557 1.150067 -0.000242
v -0.150818 1.153083 -0.016883
v -0.135536 1.143745 -0.009217
v -0.162965 1.048295 -0.010788
v -0.171107 1.046136 -0.011062
v -0.164003 1.047287 -0.019022
v -0.170226 1.046139 -0.015809
v -0.164100 1.043300 -0.022073
v -0.172318 1.042797 -0.016890
v -0.161700 1.041014 -0.017432
v -0.158483 1.040937 -0.011897
v -0.169286 1.040796 -0.013357
v -0.172611 1.041794 -0.009554
v -0.174897 1.044179 -0.010670
v -0.168952 1.046583 -0.006067
v -0.051962 1.044417 0.023704
v -0.052870 1.047774 0.013197
v -0.049213 1.046081 0.020622
v -0.044395 1.045797 0.027066
v -0.053041 1.048649 0.021458
v -0.048183 1.042796 0.030880
v -0.041467 1.044333 0.031666
v -0.045804 1.042396 0.038464
v -0.047791 1.046922 0.034643
v -0.048056 1.046089 0.040896
v -0.051009 1.043088 0.044749
v -0.053726 1.043268 0.036195
v -0.065412 1.078866 0.035773
v -0.108800 1.050977 0.120188
v -0.129449 1.051255 0.117365
v -0.176604 1.057943 0.089545
v -0.173904 1.059663 0.084150
v -0.176649 1.055991 0.081447
v -0.171351 1.060817 0.078019
v -0.169132 1.059921 0.073132
v -0.173827 1.056721 0.075941
v -0.176624 1.055035 0.074708
v -0.172519 1.056010 0.071148
v -0.172539 1.054674 0.065704
v -0.177310 1.054725 0.071043
v -0.178578 1.054135 0.067334
v -0.182965 1.053423 0.073849
v -0.184019 1.053085 0.069711
v -0.179768 1.054024 0.078569
v -0.179813 1.050238 0.076381
v -0.179081 1.051624 0.081756
v -0.183982 1.051727 0.065596
v -0.179314 1.053000 0.063178
v -0.163957 1.099548 0.066761
v -0.172858 1.147952 0.103351
v -0.164105 1.147625 0.108631
v -0.153883 1.147320 0.105669
vn -0.6565 0.2187 -0.7220
vn -0.9740 -0.0105 -0.2261
vn 0.6341 -0.0598 0.7709
vn -0.1292 0.7547 -0.6432
vn 0.9016 -0.0678 0.4273
vn 0.8513 0.4901 0.1873
vn 0.7957 -0.0808 0.6003
vn 0.8439 -0.0980 0.5274
vn 0.8602 -0.0817 0.5034
vn 0.9022 0.1774 0.3931
vn 0.3990 0.8873 0.2311
vn 0.8827 0.4699 -0.0081
vn 0.3185 0.6509 0.6891
vn 0.1503 0.8793 0.4520
vn -0.9365 0.3252 0.1310
vn -0.9862 -0.0788 -0.1458
vn -0.9959 -0.0657 -0.0617
vn -0.7761 -0.0793 -0.6256
vn -0.9807 -0.0377 -0.1918
vn -0.8920 -0.0652 -0.4473
vn -0.9817 -0.0313 -0.1880
vn -0.9372 -0.0146 -0.3485
vn -0.9479 -0.0424 -0.3158
vn -0.9169 0.2666 -0.2971
vn -0.8744 -0.0641 0.4810
vn -0.8666 -0.0723 0.4937
vn -0.8507 0.4216 0.3140
vn -0.0334 -0.1213 0.9921
vn 0.0100 -0.1193 0.9928
vn 0.1501 0.4082 0.9005
vn -0.9726 -0.0380 -0.2295
vn -0.8582 -0.0595 0.5098
vn -0.0874 -0.0978 0.9914
vn 0.7370 -0.1162 0.6658
vn 0.6543 -0.1115 0.7480
vn 0.9023 -0.0710 0.4251
vn 0.8564 -0.1020 0.5061
vn 0.8891 -0.0381 0.4561
vn 0.9731 0.2258 0.0465
vn 0.9524 0.0166 0.3045
vn 0.6137 -0.0385 0.7886
vn 0.9206 0.1335 -0.3671
vn 0.1894 0.1731 -0.9665
vn 0.0982 0.5759 -0.8116
vn 0.8807 0.3953 -0.2610
vn 0.1624 0.6658 -0.7283
vn 0.9609 0.0452 -0.2730
vn 0.1323 0.7384 -0.6613
vn 0.8138 0.4462 -0.3723
vn 0.7781 0.5746 0.2540
vn 0.0247 0.9829 0.1826
vn 0.5871 0.3094 0.7480
vn -0.1092 0.5136 0.8511
vn -0.6421 0.5059 -0.5759
vn -0.8506 0.5259 -0.0011
vn -0.7751 0.2864 0.5632
vn -0.9878 -0.0252 -0.1535
vn -0.8289 -0.0448 0.5576
vn -0.6694 0.0650 -0.7400
vn -0.7874 0.1552 -0.5966
vn -0.7504 0.3479 -0.5621
vn -0.6858 0.0884 -0.7224
vn 0.2033 0.1033 -0.9737
vn 0.9487 -0.0006 -0.3161
vn 0.2480 -0.0255 -0.9684
vn -0.6659 -0.0786 -0.7419
vn 0.9075 0.1371 -0.3971
vn 0.2380 0.0841 -0.9676
vn -0.6294 0.0740 -0.7735
vn 0.8604 0.3509 -0.3697
vn 0.2540 0.4275 -0.8676
vn 0.5447 0.8376 -0.0418
vn 0.1776 0.8883 -0.4235
vn 0.7713 -0.4190 0.4790
vn -0.4268 0.5117 -0.7457
vn -0.4708 0.1752 -0.8647
vn -0.7091 -0.5410 -0.4523
vn -0.5450 -0.5758 -0.6094
vn -0.5996 0.5595 -0.5722
vn -0.2114 -0.1344 -0.9681
vn -0.3097 -0.9494 0.0516
vn -0.2774 -0.9506 -0.1393
vn -0.0034 -0.9156 -0.4020
vn -0.0275 0.5183 -0.8548
vn -0.2277 0.9031 -0.3641
vn 0.1031 -0.7022 -0.7045
vn -0.1619 -0.9860 0.0394
vn -0.0015 -0.9966 -0.0826
vn 0.0692 -0.9940 -0.0850
vn -0.2726 -0.4113 -0.8698
vn -0.4249 0.6014 -0.6766
vn -0.3688 -0.9111 -0.1838
vn 0.0006 -0.9988 0.0481
vn 0.0372 -0.9968 0.0712
vn -0.3758 -0.9175 0.1302
vn -0.0289 -0.9946 0.0992
vn -0.5401 -0.7966 0.2715
vn -0.0019 -0.9992 0.0410
vn -0.0559 -0.9957 0.0741
vn 0.0092 -0.9993 0.0362
vn 0.0525 -0.9976 -0.0460
vn 0.0268 -0.9988 -0.0398
vn -0.1683 -0.9846 0.0475
vn 0.0417 -0.9975 -0.0576
vn -0.1342 -0.9790 -0.1531
vn 0.0494 -0.9987 -0.0153
vn 0.0475 -0.9982 -0.0359
vn -0.0506 -0.9868 -0.1540
vn 0.0723 -0.9972 -0.0167
vn -0.8064 -0.5599 0.1904
vn -0.9782 0.0027 -0.2076
vn -0.6502 -0.5063 -0.5665
vn -0.0278 -0.9983 0.0506
vn -0.1320 -0.9911 -0.0194
vn -0.6584 -0.5681 -0.4937
vn -0.7283 0.6305 -0.2683
vn -0.8030 0.5799 -0.1374
vn -0.6311 0.6569 -0.4126
vn -0.9455 -0.3249 -0.0222
vn -0.7433 0.6555 -0.1336
vn -0.6910 -0.5863 0.4227
vn -0.6300 0.6477 0.4285
vn -0.4643 -0.7378 0.4899
vn -0.5689 0.4266 0.7031
vn 0.0080 -0.9996 0.0258
vn -0.3236 -0.8723 0.3667
vn -0.5139 0.2830 0.8098
vn -0.1056 -0.8475 0.5201
vn 0.0946 -0.9936 0.0620
vn -0.3884 0.0918 0.9169
vn 0.1199 -0.9927 -0.0089
vn 0.7830 -0.4059 0.4713
vn 0.4274 -0.8464 0.3177
vn 0.5760 -0.1121 0.8097
vn -0.0660 -0.9954 0.0693
vn 0.0629 -0.9816 0.1805
vn 0.6741 0.1196 0.7289
vn 0.4162 0.7997 0.4328
vn -0.0478 -0.5003 0.8646
vn -0.1853 -0.9520 0.2437
vn -0.4311 0.5090 0.7450
vn 0.0918 0.8512 0.5167
vn -0.2824 -0.4462 0.8492
vn -0.0627 -0.9491 0.3086
vn 0.0280 0.9991 -0.0310
vn 0.3524 0.8018 0.4826
vn -0.7854 0.5312 0.3177
vn 0.1204 0.9003 0.4184
vn 0.1361 0.8103 0.5700
vn -0.0342 0.9248 0.3789
vn -0.1349 0.9396 0.3146
vn -0.1196 0.8700 0.4783
vn -0.4747 0.8626 0.1749
vn -0.2586 0.9609 0.0987
vn 0.3086 0.9507 -0.0316
vn -0.2093 0.9715 -0.1116
vn -0.4796 0.8098 -0.3381
vn -0.9149 -0.0566 0.3997
vn -0.8989 -0.0513 -0.4351
vn -0.2509 -0.0543 -0.9665
vn -0.1531 0.5162 -0.8426
vn 0.3831 0.4955 -0.7795
vn 0.5703 -0.0817 -0.8174
vn 0.5481 0.3090 -0.7772
vn -0.0674 0.8606 -0.5048
vn -0.2533 -0.0870 -0.9635
vn 0.5570 -0.0952 -0.8250
vn -0.9090 -0.0594 -0.4125
vn -0.2916 -0.0106 -0.9565
vn -0.9276 0.0094 -0.3733
vn 0.5340 -0.0392 -0.8446
vn 0.9741 -0.0449 -0.2217
vn 0.9788 -0.0921 -0.1829
vn 0.9857 -0.1009 -0.1352
vn 0.8488 -0.0579 0.5256
vn 0.8513 -0.0909 0.5168
vn 0.8243 -0.0912 0.5588
vn 0.3257 -0.0699 0.9429
vn 0.3449 -0.0760 0.9356
vn 0.3392 -0.0563 0.9390
vn 0.8286 0.1863 0.5279
vn 0.3154 0.0866 0.9450
vn 0.9510 0.1855 -0.2475
vn -0.2929 -0.0421 0.9552
vn -0.3354 -0.0599 0.9402
vn -0.2844 0.0752 0.9557
vn 0.2907 0.5657 0.7717
vn 0.5693 0.7768 0.2694
vn -0.1646 0.7344 0.6585
vn -0.6649 0.6163 0.4219
vn -0.8625 0.1437 0.4852
vn -0.8927 -0.0202 0.4502
vn -0.9153 0.1975 -0.3509
vn -0.5754 0.7996 -0.1722
vn 0.0711 0.9954 0.0642
vn 0.3696 0.7715 -0.5178
vn -0.1813 0.7276 -0.6616
vn -0.2887 0.2178 -0.9323
vn 0.5038 0.1745 -0.8460
vn 0.7040 0.6794 -0.2069
vn -0.9041 -0.0535 0.4239
vn -0.3633 -0.0536 0.9301
vn -0.3777 0.1839 0.9075
vn 0.2847 0.1019 0.9532
vn 0.7863 0.0797 0.6127
vn 0.0440 0.4268 0.9033
vn 0.8148 0.3388 0.4704
vn -0.4062 0.3774 0.8322
vn -0.3860 -0.4494 0.8056
vn -0.4160 -0.2101 0.8847
vn 0.2466 -0.1873 0.9508
vn -0.1601 -0.8564 0.4909
vn 0.6597 0.5508 0.5113
vn 0.4010 -0.7940 0.4569
vn 0.9224 -0.2927 0.2519
vn 0.1028 -0.9917 0.0775
vn -0.0709 -0.9642 0.2555
vn 0.0513 -0.9931 0.1051
vn 0.7521 -0.6376 0.1666
vn 0.5034 -0.8014 0.3228
vn 0.0855 -0.9919 0.0943
vn 0.0571 -0.9979 0.0304
vn -0.0036 -0.9808 0.1952
vn 0.3329 -0.8687 0.3669
vn -0.0651 -0.9976 0.0228
vn -0.0426 -0.9781 0.2038
vn -0.1994 -0.9792 0.0377
vn 0.3106 -0.8659 0.3920
vn -0.1823 -0.9777 0.1044
vn 0.0186 -0.9854 0.1692
vn 0.4379 -0.8251 0.3569
vn -0.0256 -0.9935 0.1111
vn 0.1466 -0.9821 0.1182
vn 0.6228 -0.7502 0.2220
vn 0.1081 -0.9934 0.0387
vn 0.2042 -0.9722 0.1145
vn 0.5121 -0.7521 0.4149
vn 0.1546 -0.9824 0.1051
vn 0.3959 -0.6689 0.6291
vn 0.1580 -0.9872 -0.0201
vn 0.1782 -0.9604 -0.2144
vn 0.1034 -0.9937 -0.0422
vn 0.5027 -0.5807 0.6404
vn 0.9438 -0.3023 -0.1338
vn -0.1077 -0.9902 -0.0895
vn -0.0823 -0.0989 0.9917
vn 0.5189 -0.0028 0.8548
vn -0.0761 0.9831 0.1666
vn -0.4237 -0.9057 -0.0132
vn -0.2353 -0.9706 -0.0499
vn -0.2115 0.2777 0.9371
vn -0.0207 -0.9995 0.0233
vn 0.1802 0.9832 0.0279
vn 0.3349 0.9356 0.1119
vn 0.3225 0.9277 0.1881
vn 0.9418 0.1664 0.2922
vn 0.7150 0.0487 0.6974
vn 0.9560 -0.1768 -0.2342
vn 0.9033 0.3468 -0.2525
vn 0.2774 -0.9476 -0.1583
vn 0.4324 0.3015 0.8498
vn -0.0455 0.0292 0.9985
vn 0.9820 0.1851 -0.0377
vn 0.9987 0.0162 0.0485
vn 0.7110 -0.0348 0.7024
vn 0.0072 -0.1002 0.9949
vn -0.6667 -0.1176 0.7360
vn -0.7123 -0.0688 0.6985
vn -0.5336 0.6232 0.5718
vn 0.0560 -0.0604 0.9966
vn -0.6084 -0.0875 0.7888
vn 0.7037 0.0227 0.7101
vn 0.1400 0.2331 0.9623
vn 0.6429 0.2831 0.7117
vn -0.4353 0.2174 0.8736
vn 0.9054 0.4094 0.1125
vn 0.9924 0.0728 0.0988
vn 0.5672 0.8209 0.0660
vn 0.3626 0.8591 0.3612
vn 0.1129 0.8996 0.4219
vn -0.1813 0.9784 -0.0989
vn 0.1653 0.9564 -0.2408
vn -0.3751 0.8220 0.4285
vn -0.9725 -0.0087 0.2329
vn -0.8641 0.4633 0.1968
vn -0.3530 0.9321 -0.0808
vn -0.9902 -0.0616 0.1253
vn -0.7335 0.5103 -0.4489
vn -0.7399 0.1983 -0.6429
vn -0.7039 0.0199 -0.7100
vn -0.1727 0.8977 -0.4054
vn 0.0549 0.5308 -0.8457
vn 0.1518 0.1135 -0.9819
vn 0.6511 0.5618 -0.5103
vn 0.8231 0.1151 -0.5561
vn 0.1501 -0.0124 -0.9886
vn 0.8221 0.0127 -0.5693
vn -0.6953 -0.0703 -0.7152
vn 0.1507 0.1003 -0.9835
vn -0.6748 -0.0110 -0.7380
vn 0.7842 0.1282 -0.6071
vn 0.1440 0.5806 -0.8013
vn -0.5794 0.5471 -0.6041
vn 0.7318 0.3871 -0.5609
vn 0.2722 0.9520 -0.1400
vn 0.0711 0.9641 -0.2560
vn 0.1634 0.9261 0.3401
vn 0.1932 0.8988 0.3936
vn -0.3548 0.9057 0.2321
vn -0.2887 -0.9515 -0.1059
vn -0.7517 0.3641 0.5499
vn -0.8966 0.3007 0.3251
vn 0.6233 0.4743 0.6216
vn 0.8163 0.5127 0.2659
vn 0.9243 0.2927 0.2450
vn 0.5577 0.8045 0.2041
vn 0.9376 -0.2586 -0.2325
vn 0.8878 -0.4589 -0.0351
vn 0.8628 -0.4434 0.2430
vn 0.8771 0.4362 0.2011
vn 0.9176 -0.0495 0.3944
vn 0.8570 0.5100 -0.0736
vn 0.3544 -0.9220 0.1560
vn 0.5253 -0.7507 0.4007
vn 0.3319 -0.9302 -0.1571
vn 0.0711 -0.9883 -0.1346
vn 0.0334 -0.9963 0.0790
vn -0.0054 -0.9918 0.1276
vn -0.0600 -0.9913 0.1170
vn -0.0348 -0.9945 0.0984
vn 0.1059 -0.9923 -0.0645
vn 0.2531 -0.9484 -0.1909
vn 0.1224 -0.9760 -0.1801
vn 0.2066 -0.9774 0.0450
vn 0.1119 -0.9895 -0.0917
vn 0.1271 -0.9891 -0.0739
vn 0.5760 -0.8046 0.1445
vn 0.0803 -0.9941 -0.0735
vn 0.0078 -1.0000 -0.0034
vn -0.0223 -0.9993 -0.0297
vn 0.0949 -0.9924 -0.0777
vn -0.0113 -0.9994 -0.0332
vn -0.0505 -0.9982 0.0336
vn 0.0241 -0.9996 0.0158
vn 0.7829 0.5889 0.2005
vn 0.1195 0.9928 -0.0044
vn -0.6245 -0.6138 0.4831
vn -0.8904 0.4498 -0.0704
vn -0.0972 -0.9918 0.0833
vn -0.1039 -0.9862 0.1286
vn -0.0572 -0.9907 0.1236
vn 0.0203 -0.9996 0.0212
vn 0.0956 -0.9954 0.0115
vn 0.0985 -0.9942 -0.0429
vn 0.0807 -0.9965 -0.0216
vn 0.0953 -0.9938 -0.0578
vn 0.0838 -0.9965 -0.0072
vn 0.1598 -0.9871 0.0049
vn 0.1263 -0.9912 0.0389
vn 0.1652 -0.9858 -0.0317
vn -0.0391 -0.9985 -0.0375
vn 0.1013 -0.9835 -0.1496
vn 0.2439 -0.9327 -0.2656
vn -0.0042 -0.3417 -0.9398
vn -0.1589 -0.7166 -0.6791
vn 0.3399 0.2348 -0.9107
vn -0.1322 0.9135 -0.3847
vn -0.3442 0.6759 -0.6516
vn -0.3629 0.2806 -0.8886
vn -0.2832 0.7592 -0.5860
vn -0.4148 0.4757 -0.7756
vn -0.4116 0.3344 -0.8478
vn -0.3404 0.7020 -0.6256
vn -0.3423 0.8392 -0.4226
vn -0.0058 0.1496 -0.9887
vn -0.5599 0.5529 -0.6171
vn -0.4858 0.1632 -0.8587
vn -0.4714 0.8213 -0.3213
vn -0.4379 -0.5479 -0.7128
vn -0.7097 -0.1747 -0.6825
vn -0.9180 0.0504 -0.3933
vn 0.0146 -0.9920 -0.1251
vn -0.1267 -0.9786 -0.1623
vn -0.3353 -0.9360 -0.1067
vn -0.9762 0.1953 -0.0939
vn -0.5208 -0.8532 0.0280
vn -0.6643 0.7385 -0.1154
vn -0.5992 0.7027 -0.3836
vn -0.4268 0.9043 -0.0069
vn -0.6188 -0.7062 -0.3441
vn -0.0452 -0.9970 0.0622
vn -0.0452 -0.9930 -0.1094
vn 0.0428 -0.9987 0.0281
vn 0.0423 -0.9984 0.0382
vn 0.0413 -0.9986 -0.0331
vn 0.1226 -0.9922 -0.0242
vn 0.1411 -0.9887 -0.0504
vn 0.1087 -0.8795 -0.4632
vn 0.0472 -0.9989 -0.0044
vn 0.0477 -0.9989 0.0015
vn -0.0182 -0.9993 -0.0315
vn 0.0351 -0.9976 -0.0604
vn -0.1018 -0.9948 0.0094
vn -0.0161 -0.9998 0.0105
vn 0.0895 -0.9957 0.0234
vn -0.0815 -0.9966 0.0143
vn -0.8026 -0.5956 -0.0321
vn -0.4315 -0.8550 0.2877
vn -0.1212 -0.9440 0.3068
vn -0.5043 -0.2695 0.8204
vn -0.6687 0.4207 0.6131
vn -0.7558 0.6433 -0.1220
vn -0.4584 -0.5396 0.7062
vn -0.0106 -0.9812 0.1926
vn -0.5798 -0.6291 0.5177
vn -0.0492 -0.9949 0.0883
vn 0.0842 -0.9955 -0.0430
vn -0.7341 0.1924 0.6512
vn -0.7329 0.4897 0.4723
vn -0.4572 0.2566 0.8515
vn -0.6503 0.7596 -0.0108
vn -0.3354 0.9410 0.0447
vn -0.9891 0.1429 -0.0356
vn -0.7050 0.0250 0.7087
vn 0.0709 0.3560 0.9318
vn -0.4402 0.4755 0.7616
vn -0.2956 0.8103 0.5061
vn -0.5960 0.7758 -0.2071
vn -0.8044 0.2710 0.5286
vn -0.0920 0.3657 0.9262
vn -0.1324 -0.0218 0.9910
vn -0.0919 0.9229 0.3739
vn 0.7388 -0.0554 0.6717
vn 0.6354 0.3918 0.6654
vn 0.1967 0.9676 0.1585
vn -0.1549 0.9122 -0.3794
vn 0.4519 0.8458 -0.2834
vn -0.2338 0.9701 -0.0647
vn 0.0261 0.9996 0.0067
vn 0.1791 0.9782 0.1053
vn 0.8402 0.5313 -0.1086
vn 0.5522 0.8106 -0.1949
vn -0.5079 0.4618 -0.7271
vn 0.6859 0.1195 -0.7178
vn 0.0015 0.4519 -0.8921
vn 0.9129 -0.0017 -0.4081
vn 0.8638 0.2299 0.4484
vn -0.5816 0.7962 0.1667
vn -0.8899 0.1988 -0.4105
vn 0.9067 0.2106 -0.3655
vn 0.1890 0.0367 -0.9813
vn -0.7729 0.0238 -0.6341
vn 0.2447 0.5137 -0.8223
vn 0.7113 0.5797 -0.3974
vn -0.6506 0.4821 -0.5867
vn -0.9420 0.1868 0.2789
vn -0.9046 0.2723 0.3280
vn -0.5896 0.7958 0.1380
vn 0.0600 0.9685 -0.2417
vn -0.2518 0.8178 0.5175
vn 0.4449 0.8705 0.2105
vn -0.2615 0.4977 0.8270
vn 0.6840 0.4111 0.6026
vn -0.2585 0.3594 0.8967
vn 0.8000 0.1272 0.5864
vn 0.1326 0.7715 0.6222
vn 0.7730 0.4361 0.4607
vn -0.8209 0.5598 0.1133
vn -0.7060 -0.0900 0.7025
vn -0.8470 -0.5211 -0.1051
vn 0.5635 0.8209 -0.0925
vn -0.2319 0.7364 0.6355
vn -0.2332 0.8181 0.5257
vn 0.2536 -0.0146 0.9672
vn 0.0319 -0.9068 0.4203
vn -0.0889 -0.9773 0.1922
vn -0.1883 -0.9731 0.1327
vn 0.0009 0.2392 0.9710
vn -0.6007 0.2246 0.7672
vn -0.4036 0.9145 0.0275
vn -0.9192 0.3627 0.1533
vn -0.9812 0.1201 0.1508
vn -0.5790 0.0418 0.8142
vn 0.3367 -0.0084 0.9416
vn -0.7752 0.5337 0.3380
vn -0.1677 0.3144 0.9344
vn 0.3681 0.1042 0.9239
vn 0.5365 0.6465 0.5423
vn 0.1207 0.9619 0.2455
vn 0.9415 0.3310 0.0631
vn 0.9837 -0.0315 0.1769
vn 0.2501 0.9141 -0.3191
vn 0.5473 0.3236 -0.7718
vn -0.4344 0.6097 -0.6630
vn 0.5930 0.0029 -0.8052
vn -0.5554 0.1070 -0.8247
vn -0.6796 0.6718 -0.2946
vn -0.7794 -0.5402 -0.3172
vn -0.1331 -0.9906 0.0324
vn -0.0326 -0.9970 0.0697
vn -0.1412 -0.9753 0.1696
vn -0.0227 -0.9664 0.2561
vn 0.0373 -0.9868 0.1575
vn 0.0799 -0.9955 0.0506
vn -0.3072 -0.8236 -0.4767
vn -0.1390 -0.9396 -0.3129
vn 0.0170 -0.9919 -0.1261
vn -0.2504 -0.9518 -0.1770
vn -0.0572 -0.9794 -0.1939
vn -0.1414 -0.8664 -0.4789
vn -0.0002 -0.9932 0.1166
vn -0.2014 -0.9795 -0.0024
vn -0.1179 -0.9909 -0.0644
vn 0.0244 -0.9995 -0.0203
vn 0.1438 -0.9844 -0.1012
vn 0.9740 0.2161 -0.0683
vn 0.9219 -0.0293 0.3864
vn 0.9117 -0.0485 0.4081
vn 0.7522 0.0287 0.6583
vn 0.8683 0.0620 0.4921
vn 0.9364 0.2859 0.2033
vn -0.8875 0.4609 -0.0007
vn -0.9946 -0.1040 -0.0019
vn -0.9922 -0.1070 0.0636
vn -0.1438 0.6028 0.7848
vn 0.2897 0.9558 -0.0498
vn 0.1649 0.6009 -0.7821
vn 0.2047 -0.0001 0.9788
vn 0.9890 -0.1370 0.0563
vn 0.2273 -0.1273 -0.9655
vn 0.2440 -0.0853 -0.9660
vn 0.9960 -0.0888 -0.0065
vn 0.3318 -0.0086 0.9433
vn 0.9997 0.0260 -0.0013
vn 0.3953 0.0903 0.9141
vn 0.3278 0.0294 -0.9443
vn -0.8702 0.0707 -0.4876
vn -0.8993 -0.0140 -0.4370
vn -0.8973 -0.0199 -0.4410
vn 0.2762 0.6372 -0.7195
vn 0.8237 0.5622 0.0730
vn -0.8271 0.4071 -0.3875
vn -0.7425 0.0237 0.6694
vn -0.6668 0.1257 0.7346
vn -0.5890 0.4568 0.6667
vn 0.2241 0.6904 0.6878
vn -0.3931 0.7901 -0.4704
vn -0.8142 0.0018 0.5806
vn -0.8397 0.4293 -0.3326
vn -0.8468 0.4179 0.3292
vn -0.2961 0.9551 -0.0107
vn -0.1125 0.9871 0.1142
vn 0.0555 0.9985 0.0019
vn 0.3804 0.5330 0.7558
vn 0.3672 0.5612 0.7418
vn 0.2527 0.9232 0.2896
vn 0.6219 0.4643 0.6306
vn 0.3053 0.7895 -0.5324
vn 0.0479 0.7965 -0.6028
vn 0.1737 0.9727 0.1539
vn 0.1003 0.3282 0.9393
vn 0.8429 0.0278 0.5374
vn 0.1849 -0.0393 0.9820
vn 0.4402 0.0962 0.8927
vn -0.7915 -0.0368 0.6101
vn -0.7844 0.2964 0.5448
vn 0.7725 -0.0484 0.6332
vn 0.1966 0.0260 0.9801
vn -0.8368 0.1085 0.5366
vn 0.1411 0.5278 0.8376
vn -0.6787 0.6673 0.3068
vn 0.2214 0.4058 0.8867
vn -0.9165 0.0968 -0.3881
vn -0.9519 0.0393 -0.3038
vn -0.7670 0.4150 -0.4895
vn -0.7301 0.6308 0.2629
vn -0.8848 0.1977 -0.4220
vn -0.4560 0.0407 -0.8891
vn -0.4244 -0.0122 -0.9054
vn -0.6734 -0.0467 -0.7378
vn -0.6140 -0.1455 -0.7758
vn -0.5025 0.0024 -0.8646
vn -0.9069 0.3692 -0.2031
vn -0.5788 -0.1474 -0.8021
vn -0.2812 0.2934 -0.9137
vn 0.3146 0.3023 -0.8998
vn 0.3939 0.5957 -0.7000
vn -0.0712 -0.1960 -0.9780
vn 0.1530 0.4701 -0.8693
vn 0.3843 0.8763 -0.2905
vn 0.3611 0.9207 0.1481
vn 0.7585 0.6466 0.0813
vn 0.9342 0.2808 -0.2198
vn -0.5708 -0.1191 -0.8124
vn 0.3337 -0.0273 -0.9423
vn 0.9295 0.0110 -0.3686
vn 0.9001 -0.0419 0.4336
vn 0.8722 0.0598 0.4855
vn 0.6757 0.5374 0.5046
vn 0.3469 -0.0098 0.9379
vn 0.3636 -0.0786 0.9282
vn 0.4495 -0.1248 0.8845
vn -0.2762 -0.0176 0.9609
vn 0.2491 -0.0581 0.9667
vn 0.4540 -0.0979 0.8856
vn 0.3768 -0.0139 0.9262
vn -0.3141 0.0368 0.9487
vn 0.5799 -0.0319 0.8140
vn -0.8738 0.0870 0.4785
vn -0.2986 0.1028 0.9488
vn 0.4562 0.1138 0.8825
vn -0.8556 0.0764 0.5119
vn -0.2293 0.5532 0.8009
vn -0.6523 0.6630 0.3672
vn 0.3811 0.7055 0.5975
vn -0.8825 0.4163 -0.2189
vn -0.9718 0.0330 -0.2336
vn -0.9773 -0.0069 -0.2118
vn -0.4980 0.0149 -0.8670
vn -0.5162 -0.0648 -0.8540
vn -0.4347 0.6380 -0.6356
vn -0.5384 -0.0782 -0.8390
vn 0.3500 -0.0539 -0.9352
vn 0.3460 -0.0790 -0.9349
vn 0.3178 0.0612 -0.9462
vn 0.9029 0.0803 -0.4223
vn 0.9332 -0.0314 -0.3581
vn 0.9347 -0.0487 -0.3521
vn 0.9483 0.0873 0.3050
vn 0.9250 -0.0200 0.3794
vn 0.9179 -0.0637 0.3917
vn 0.1915 0.5834 -0.7893
vn 0.6548 0.6764 -0.3373
vn 0.8670 0.4606 0.1904
vn -0.0157 0.9991 0.0398
vn -0.4105 0.7998 -0.4380
vn -0.3228 0.9450 -0.0531
vn -0.4339 0.7838 -0.4444
vn -0.6617 0.6755 -0.3254
vn -0.7316 0.1441 -0.6663
vn 0.2330 0.2317 -0.9445
vn -0.9997 -0.0000 -0.0236
vn -0.7902 -0.0342 -0.6118
vn -0.9869 -0.0361 0.1575
vn 0.1657 -0.0352 -0.9856
vn 0.9797 0.0359 -0.1974
vn 0.9516 -0.0516 -0.3030
vn -0.8592 -0.0508 -0.5092
vn 0.0669 -0.0245 -0.9975
vn 0.9265 -0.0122 -0.3762
vn 0.6937 -0.0953 0.7139
vn 0.7906 -0.0735 0.6079
vn 0.8449 -0.0279 0.5343
vn -0.0257 0.0392 -0.9989
vn 0.8990 0.0253 -0.4373
vn 0.8897 0.0156 0.4562
vn -0.1214 -0.0518 0.9912
vn -0.2907 -0.0628 0.9547
vn 0.0213 0.0165 0.9996
vn 0.8487 0.2979 -0.4371
vn 0.8977 0.3406 0.2795
vn 0.1927 0.2926 0.9366
vn 0.0372 0.4817 -0.8755
vn 0.3150 0.9441 -0.0971
vn 0.1319 0.7131 0.6885
vn -0.5402 0.7451 0.3912
vn -0.8053 0.2718 0.5269
vn -0.8870 0.0041 0.4618
vn -0.5427 0.8202 -0.1807
vn -0.8302 0.4032 -0.3851
vn -0.8999 0.0088 -0.4361
vn -0.9390 -0.0611 0.3385
vn -0.5417 -0.0863 0.8361
vn 0.7764 0.6279 0.0550
vn 0.3688 0.9259 0.0814
vn 0.0241 0.9784 -0.2053
vn 0.2242 0.9460 -0.2341
vn 0.9022 0.4150 0.1174
vn 0.8122 0.5685 -0.1310
vn 0.3942 0.8485 0.3531
vn 0.8137 0.5418 -0.2105
vn 0.8482 -0.5128 0.1328
vn 0.9275 -0.2823 -0.2452
vn 0.9212 -0.0823 -0.3803
vn 0.1137 -0.9930 0.0317
vn 0.2721 -0.9593 -0.0757
vn 0.4647 -0.8715 -0.1565
vn 0.8383 0.1893 -0.5113
vn 0.7177 0.4604 -0.5224
vn 0.5468 -0.8302 -0.1086
vn 0.1470 0.4177 -0.8966
vn -0.0250 0.5996 -0.7999
vn 0.7353 0.3195 -0.5977
vn 0.4914 -0.7359 -0.4658
vn 0.0421 0.5210 -0.8525
vn -0.0941 0.1892 -0.9774
vn 0.8386 0.2706 -0.4727
vn -0.2555 0.9550 -0.1509
vn 0.0942 0.5666 -0.8186
vn -0.9453 0.3190 -0.0677
vn -0.9400 -0.0558 0.3367
vn -0.2439 0.1271 -0.9614
vn 0.9020 0.1266 -0.4128
vn 0.8644 0.2021 -0.4604
vn -0.4293 0.1877 -0.8834
vn -0.8916 0.0687 0.4476
vn -0.4702 0.7350 -0.4886
vn 0.5921 0.6964 -0.4054
vn -0.6414 0.5945 0.4849
vn 0.4425 0.1319 0.8870
vn 0.3909 -0.0205 0.9202
vn 0.4468 0.6300 0.6352
vn 0.0371 -0.5688 -0.8216
vn -0.1629 -0.6732 -0.7213
vn -0.0929 -0.9956 0.0094
vn -0.0829 -0.9947 -0.0612
vn -0.0933 -0.9443 -0.3155
vn -0.0681 -0.9974 0.0254
vn -0.0804 -0.9953 0.0539
vn -0.0811 -0.9906 0.1106
vn -0.0792 -0.9949 0.0631
vn 0.0064 -0.9991 0.0413
vn 0.0259 -0.9979 0.0594
vn -0.0122 -0.9975 0.0691
vn -0.0904 -0.9934 0.0708
vn -0.0856 -0.6474 -0.7573
vn -0.5814 0.5388 -0.6097
vn 0.4303 0.6070 -0.6681
vn 0.7651 0.6431 0.0322
vn 0.6738 -0.0280 -0.7384
vn -0.4169 -0.0477 -0.9077
vn 0.9918 0.0050 0.1277
vn 0.3611 -0.0274 0.9321
vn -0.9556 0.0267 -0.2933
vn -0.4323 0.0781 -0.8983
vn -0.8967 -0.0324 0.4415
vn -0.9630 -0.0390 -0.2668
vn -0.4663 -0.0717 -0.8817
vn -0.8827 -0.0316 0.4689
vn -0.4814 -0.0898 -0.8719
vn -0.9685 -0.0108 -0.2490
vn -0.8404 0.0591 0.5388
vn 0.4829 -0.0890 -0.8712
vn 0.4633 -0.0706 -0.8834
vn 0.4670 0.0869 -0.8800
vn 0.9848 -0.0283 -0.1714
vn 0.9837 -0.0455 -0.1737
vn 0.9860 0.0303 -0.1638
vn 0.7532 -0.0707 0.6540
vn 0.7781 0.0057 0.6281
vn 0.9654 0.1830 -0.1859
vn 0.6919 0.2100 0.6908
vn 0.3553 0.3372 -0.8718
vn 0.0184 0.9570 -0.2897
vn 0.6749 0.7193 -0.1647
vn 0.4410 0.7785 0.4466
vn -0.3690 0.4222 -0.8280
vn -0.7471 0.5831 -0.3192
vn -0.0117 0.8435 0.5369
vn -0.5647 0.5806 0.5866
vn 0.0334 0.1894 0.9813
vn -0.0914 -0.0106 0.9958
vn -0.1530 -0.0873 0.9844
vn 0.7289 -0.0784 -0.6801
vn 0.9824 -0.0479 0.1804
vn 0.3049 -0.0523 0.9510
vn 0.9651 -0.0410 0.2585
vn 0.2372 -0.0355 0.9708
vn 0.7795 -0.0657 -0.6229
vn -0.3354 -0.0831 -0.9384
vn -0.2780 -0.0316 -0.9601
vn -0.9913 -0.0306 -0.1281
vn -0.9828 -0.0257 -0.1830
vn -0.9962 -0.0086 -0.0869
vn -0.6714 -0.0210 0.7408
vn -0.7144 -0.0284 0.6992
vn -0.7613 -0.0533 0.6462
vn 0.1205 0.2261 0.9666
vn -0.7763 0.0201 0.6300
vn -0.9648 0.2628 -0.0023
vn 0.9632 0.2076 0.1710
vn 0.2086 0.9251 -0.3174
vn -0.0790 0.8473 0.5252
vn -0.1551 0.4364 -0.8863
vn 0.8212 0.0955 -0.5626
vn -0.4799 0.8610 -0.1685
vn -0.4542 0.7397 -0.4964
vn -0.4249 0.9023 -0.0723
vn -0.4589 0.8057 -0.3746
vn -0.4223 -0.3029 -0.8544
vn -0.7517 -0.2221 -0.6210
vn -0.0288 -0.9670 -0.2531
vn -0.2486 -0.9597 -0.1311
vn -0.5994 -0.7781 0.1878
vn -0.9933 0.1143 0.0180
vn 0.9041 -0.0833 -0.4191
vn 0.0483 -0.9811 -0.1872
vn 0.8860 0.0998 -0.4529
vn 0.7187 -0.5666 0.4029
vn 0.9876 -0.0815 -0.1341
vn 0.4682 0.7328 0.4938
vn 0.4309 -0.6447 0.6314
vn -0.7915 0.5695 -0.2217
vn -0.7247 0.6770 -0.1285
vn -0.6953 0.6037 -0.3900
vn -0.5754 0.7848 -0.2302
vn -0.6535 0.6526 -0.3834
vn -0.4263 0.8635 -0.2696
vn -0.3445 0.9352 -0.0824
vn -0.8281 0.5407 0.1476
vn -0.2448 0.9649 -0.0953
vn -0.2240 0.9555 -0.1918
vn -0.9578 0.2874 0.0053
vn -0.9164 0.3423 0.2076
vn -0.9408 0.0587 -0.3339
vn -0.0999 -0.0440 0.9940
vt 0.742976 0.009041
vt 0.743887 0.010972
vt 0.743222 0.015912
vt 0.741534 0.010480
vt 0.889449 0.446913
vt 0.895028 0.445638
vt 0.892524 0.448179
vt 0.885383 0.451008
vt 0.897561 0.440023
vt 0.892081 0.441691
vt 0.737197 0.024854
vt 0.735666 0.018312
vt 0.745283 0.023383
vt 0.751273 0.021158
vt 0.751131 0.026052
vt 0.747129 0.015638
vt 0.751936 0.015835
vt 0.745965 0.010045
vt 0.920559 0.445501
vt 0.923589 0.447264
vt 0.920006 0.453086
vt 0.917981 0.451373
vt 0.914446 0.450689
vt 0.917539 0.444561
vt 0.924616 0.437823
vt 0.921439 0.436952
vt 0.926924 0.440558
vt 0.912062 0.443448
vt 0.915735 0.435534
vt 0.909773 0.449715
vt 0.907025 0.441976
vt 0.909719 0.433394
vt 0.905461 0.448973
vt 0.905256 0.432060
vt 0.902784 0.440683
vt 0.900577 0.447435
vt 0.919282 0.424897
vt 0.913455 0.421881
vt 0.908634 0.420487
vt 0.899690 0.430627
vt 0.903248 0.419278
vt 0.730331 0.889159
vt 0.732263 0.894034
vt 0.720769 0.897659
vt 0.719455 0.892327
vt 0.711134 0.895060
vt 0.712514 0.900455
vt 0.718111 0.886898
vt 0.709653 0.888460
vt 0.729620 0.882862
vt 0.743275 0.887675
vt 0.745390 0.892655
vt 0.742353 0.881759
vt 0.742219 0.875215
vt 0.731247 0.874770
vt 0.722190 0.876923
vt 0.722816 0.871827
vt 0.715516 0.879595
vt 0.754886 0.874981
vt 0.751914 0.880368
vt 0.753704 0.884821
vt 0.760283 0.881561
vt 0.753269 0.889777
vt 0.759169 0.890290
vt 0.760271 0.874049
vt 0.764746 0.877225
vt 0.924654 0.394165
vt 0.927213 0.401185
vt 0.920890 0.401583
vt 0.916686 0.397936
vt 0.923900 0.411963
vt 0.917921 0.409629
vt 0.932319 0.402665
vt 0.930877 0.414629
vt 0.937481 0.411766
vt 0.936180 0.400424
vt 0.926840 0.427635
vt 0.729898 0.868607
vt 0.741737 0.869488
vt 0.724399 0.864606
vt 0.930819 0.433223
vt 0.931288 0.440016
vt 0.714727 0.872708
vt 0.717003 0.865596
vt 0.706593 0.882555
vt 0.704506 0.874842
vt 0.705662 0.868278
vt 0.737404 0.031638
vt 0.745357 0.028949
vt 0.745133 0.034045
vt 0.736860 0.037708
vt 0.698115 0.871372
vt 0.698494 0.866367
vt 0.730203 0.488481
vt 0.730598 0.490899
vt 0.726340 0.487024
vt 0.726928 0.484421
vt 0.751449 0.030338
vt 0.732916 0.492106
vt 0.733434 0.494590
vt 0.212679 0.192293
vt 0.206237 0.198092
vt 0.210546 0.190303
vt 0.215391 0.186781
vt 0.732904 0.496109
vt 0.728108 0.490403
vt 0.693814 0.869684
vt 0.693361 0.864851
vt 0.732496 0.497641
vt 0.727359 0.491706
vt 0.927181 0.457768
vt 0.930050 0.463955
vt 0.924103 0.461021
vt 0.723918 0.486350
vt 0.722935 0.483032
vt 0.928671 0.450071
vt 0.732384 0.500543
vt 0.725913 0.491871
vt 0.722630 0.486471
vt 0.213720 0.265607
vt 0.211266 0.264892
vt 0.210576 0.260125
vt 0.213763 0.259929
vt 0.720432 0.482658
vt 0.720989 0.482390
vt 0.724413 0.492367
vt 0.720639 0.485853
vt 0.718785 0.482009
vt 0.717354 0.478949
vt 0.717985 0.478758
vt 0.715946 0.478635
vt 0.717952 0.484126
vt 0.717380 0.481118
vt 0.212899 0.278677
vt 0.213819 0.284099
vt 0.211946 0.281253
vt 0.211057 0.276113
vt 0.210844 0.279624
vt 0.209768 0.274759
vt 0.715035 0.482309
vt 0.715366 0.480142
vt 0.718430 0.487022
vt 0.713849 0.483352
vt 0.710610 0.480812
vt 0.712287 0.479398
vt 0.713990 0.478032
vt 0.198604 0.103572
vt 0.196776 0.104928
vt 0.194550 0.101209
vt 0.196427 0.099221
vt 0.198854 0.111796
vt 0.199906 0.107516
vt 0.194742 0.105250
vt 0.191198 0.099930
vt 0.197470 0.112030
vt 0.209082 0.274828
vt 0.209448 0.277607
vt 0.208356 0.276491
vt 0.206578 0.271980
vt 0.206473 0.275509
vt 0.205895 0.283024
vt 0.192219 0.104473
vt 0.189489 0.099704
vt 0.188831 0.095264
vt 0.186812 0.097270
vt 0.204253 0.274825
vt 0.205537 0.268620
vt 0.183135 0.096139
vt 0.184487 0.098209
vt 0.186609 0.099223
vt 0.185258 0.099345
vt 0.187346 0.101791
vt 0.185831 0.102977
vt 0.189762 0.103846
vt 0.186437 0.106328
vt 0.194662 0.108681
vt 0.190504 0.107273
vt 0.189015 0.108459
vt 0.192976 0.110784
vt 0.195503 0.113043
vt 0.191122 0.110356
vt 0.197444 0.114878
vt 0.194541 0.115970
vt 0.196205 0.118312
vt 0.193115 0.113330
vt 0.199350 0.116965
vt 0.197739 0.119743
vt 0.195484 0.119442
vt 0.192814 0.117374
vt 0.198437 0.123071
vt 0.201994 0.120927
vt 0.200957 0.131089
vt 0.195533 0.123461
vt 0.203740 0.128579
vt 0.206882 0.125802
vt 0.173203 0.222550
vt 0.186912 0.222054
vt 0.194435 0.229727
vt 0.177704 0.226505
vt 0.198309 0.137380
vt 0.192018 0.127667
vt 0.189001 0.115762
vt 0.189198 0.120819
vt 0.191435 0.112913
vt 0.188675 0.111786
vt 0.185048 0.107919
vt 0.184986 0.111590
vt 0.181332 0.106782
vt 0.183486 0.102782
vt 0.183377 0.115750
vt 0.177989 0.109136
vt 0.897097 0.450284
vt 0.179293 0.099290
vt 0.205402 0.247830
vt 0.202690 0.246908
vt 0.201768 0.228513
vt 0.197466 0.219598
vt 0.193469 0.223314
vt 0.191337 0.217691
vt 0.190596 0.211578
vt 0.201743 0.209204
vt 0.174941 0.215361
vt 0.197275 0.146367
vt 0.190418 0.147855
vt 0.191522 0.137512
vt 0.184617 0.148342
vt 0.184381 0.142590
vt 0.192912 0.199750
vt 0.198905 0.199396
vt 0.743118 0.863133
vt 0.743899 0.854012
vt 0.750739 0.857143
vt 0.750068 0.865132
vt 0.753069 0.868992
vt 0.753930 0.860976
vt 0.734353 0.861297
vt 0.735163 0.852192
vt 0.187920 0.157913
vt 0.181471 0.158479
vt 0.180805 0.173387
vt 0.188272 0.167389
vt 0.724767 0.851946
vt 0.723383 0.861237
vt 0.726721 0.841851
vt 0.736524 0.842794
vt 0.744710 0.844867
vt 0.727529 0.833256
vt 0.737458 0.835166
vt 0.745966 0.837287
vt 0.747210 0.831670
vt 0.738990 0.829099
vt 0.728832 0.827064
vt 0.715876 0.830127
vt 0.717659 0.824282
vt 0.715928 0.841332
vt 0.731461 0.821046
vt 0.741084 0.823408
vt 0.202859 0.178564
vt 0.198886 0.177559
vt 0.201939 0.164815
vt 0.205041 0.170584
vt 0.710284 0.824404
vt 0.707842 0.830821
vt 0.200595 0.187729
vt 0.196352 0.186404
vt 0.192398 0.182757
vt 0.193399 0.175623
vt 0.195592 0.165859
vt 0.184833 0.179292
vt 0.187104 0.187073
vt 0.189686 0.195834
vt 0.182890 0.200759
vt 0.181499 0.190411
vt 0.178824 0.179086
vt 0.713692 0.850665
vt 0.712113 0.859305
vt 0.702920 0.856374
vt 0.705234 0.848350
vt 0.708641 0.840629
vt 0.700598 0.836400
vt 0.197283 0.195777
vt 0.196002 0.155984
vt 0.203119 0.154554
vt 0.203498 0.145883
vt 0.205324 0.139123
vt 0.753511 0.832377
vt 0.749020 0.826021
vt 0.755580 0.827837
vt 0.752297 0.838026
vt 0.758031 0.830556
vt 0.756375 0.837911
vt 0.759338 0.825703
vt 0.762530 0.824770
vt 0.761631 0.827675
vt 0.761745 0.830923
vt 0.763498 0.828097
vt 0.760771 0.833415
vt 0.763193 0.831053
vt 0.762006 0.833376
vt 0.765827 0.828859
vt 0.766419 0.824519
vt 0.768479 0.825683
vt 0.762244 0.835071
vt 0.766246 0.831806
vt 0.768750 0.828430
vt 0.771746 0.825118
vt 0.769889 0.828833
vt 0.770617 0.829812
vt 0.773723 0.825269
vt 0.413984 0.987251
vt 0.416954 0.990960
vt 0.413460 0.994037
vt 0.410857 0.990471
vt 0.416860 0.985070
vt 0.419426 0.988655
vt 0.407675 0.984399
vt 0.410796 0.981843
vt 0.413397 0.979720
vt 0.403121 0.978509
vt 0.405175 0.976268
vt 0.407282 0.973914
vt 0.398719 0.970802
vt 0.401418 0.969464
vt 0.403369 0.968576
vt 0.209319 0.790615
vt 0.210483 0.793529
vt 0.207058 0.797325
vt 0.206135 0.793752
vt 0.211605 0.797302
vt 0.207040 0.802262
vt 0.722580 0.548385
vt 0.719148 0.550390
vt 0.721441 0.545355
vt 0.724841 0.543359
vt 0.718036 0.551182
vt 0.720108 0.545080
vt 0.719784 0.553578
vt 0.716830 0.554568
vt 0.713571 0.555877
vt 0.115038 0.395299
vt 0.117167 0.399455
vt 0.115737 0.407359
vt 0.113523 0.395372
vt 0.120739 0.398923
vt 0.118535 0.404362
vt 0.718539 0.555532
vt 0.715069 0.557433
vt 0.129098 0.410916
vt 0.129100 0.415145
vt 0.126825 0.418968
vt 0.127408 0.411100
vt 0.119276 0.408970
vt 0.119208 0.413755
vt 0.116690 0.411137
vt 0.120045 0.405599
vt 0.951313 0.746421
vt 0.954106 0.748047
vt 0.949767 0.752657
vt 0.945881 0.747640
vt 0.716065 0.559469
vt 0.721202 0.553340
vt 0.718786 0.557929
vt 0.724678 0.548566
vt 0.204383 0.792832
vt 0.209283 0.787495
vt 0.201834 0.786663
vt 0.197802 0.792526
vt 0.956559 0.742654
vt 0.951506 0.744176
vt 0.963143 0.741489
vt 0.960370 0.747961
vt 0.185473 0.788415
vt 0.192852 0.784207
vt 0.196764 0.779056
vt 0.206093 0.780295
vt 0.212648 0.781519
vt 0.184826 0.781765
vt 0.189800 0.777290
vt 0.177144 0.784809
vt 0.179069 0.777175
vt 0.174139 0.778192
vt 0.182042 0.774863
vt 0.167173 0.779493
vt 0.171005 0.787581
vt 0.181960 0.791849
vt 0.165249 0.775304
vt 0.172203 0.773898
vt 0.175712 0.773464
vt 0.173007 0.770108
vt 0.166569 0.770145
vt 0.176678 0.771834
vt 0.183392 0.769086
vt 0.177872 0.767246
vt 0.173174 0.767133
vt 0.195752 0.771837
vt 0.177232 0.760833
vt 0.181511 0.763849
vt 0.186020 0.762890
vt 0.986564 0.726507
vt 0.987589 0.733687
vt 0.981690 0.733297
vt 0.982573 0.725285
vt 0.975428 0.723958
vt 0.973714 0.731774
vt 0.168626 0.765264
vt 0.986647 0.740791
vt 0.980240 0.740963
vt 0.984103 0.746711
vt 0.979424 0.747445
vt 0.971704 0.745869
vt 0.972527 0.739072
vt 0.966314 0.729667
vt 0.964713 0.736130
vt 0.967933 0.722780
vt 0.959409 0.728800
vt 0.961040 0.722351
vt 0.957745 0.735765
vt 0.078413 0.146589
vt 0.082078 0.144522
vt 0.085139 0.147724
vt 0.082143 0.149763
vt 0.079443 0.153696
vt 0.081971 0.154943
vt 0.114033 0.405736
vt 0.112649 0.408949
vt 0.109663 0.405262
vt 0.112574 0.403211
vt 0.115926 0.409225
vt 0.114107 0.411906
vt 0.076437 0.150794
vt 0.074483 0.144700
vt 0.116306 0.415085
vt 0.072939 0.153302
vt 0.071174 0.150014
vt 0.076690 0.154505
vt 0.067297 0.144388
vt 0.136152 0.432763
vt 0.131364 0.436047
vt 0.131114 0.430362
vt 0.136300 0.429252
vt 0.070544 0.159897
vt 0.068448 0.156254
vt 0.117220 0.422976
vt 0.114353 0.429562
vt 0.111194 0.426423
vt 0.114869 0.420909
vt 0.118286 0.417297
vt 0.120364 0.418291
vt 0.119148 0.424126
vt 0.116158 0.431397
vt 0.109397 0.437215
vt 0.111269 0.438587
vt 0.105648 0.434680
vt 0.119001 0.432719
vt 0.113367 0.439875
vt 0.122451 0.425591
vt 0.125759 0.427241
vt 0.121287 0.434721
vt 0.116221 0.443725
vt 0.126117 0.439116
vt 0.121082 0.452955
vt 0.132993 0.421981
vt 0.123150 0.418667
vt 0.123349 0.413026
vt 0.728412 0.548625
vt 0.732820 0.549810
vt 0.726877 0.554672
vt 0.723695 0.554191
vt 0.732866 0.540714
vt 0.741796 0.541598
vt 0.064220 0.154277
vt 0.062551 0.142932
vt 0.069717 0.150716
vt 0.756476 0.536778
vt 0.743046 0.523366
vt 0.756423 0.523470
vt 0.762008 0.547580
vt 0.750774 0.553623
vt 0.734633 0.526832
vt 0.770073 0.555920
vt 0.759143 0.559303
vt 0.064689 0.135109
vt 0.059090 0.141761
vt 0.133130 0.438808
vt 0.131843 0.442069
vt 0.129725 0.438782
vt 0.128659 0.446126
vt 0.136093 0.436801
vt 0.124886 0.454646
vt 0.130639 0.456332
vt 0.123760 0.461502
vt 0.128830 0.465721
vt 0.133994 0.470025
vt 0.135931 0.466731
vt 0.773426 0.543443
vt 0.780480 0.549466
vt 0.784685 0.544293
vt 0.789524 0.547236
vt 0.785628 0.552104
vt 0.779532 0.539106
vt 0.786530 0.540288
vt 0.783435 0.535389
vt 0.791183 0.543820
vt 0.790371 0.553211
vt 0.794690 0.547867
vt 0.794890 0.545096
vt 0.136388 0.482723
vt 0.134565 0.477951
vt 0.134947 0.474554
vt 0.137653 0.481322
vt 0.798718 0.545346
vt 0.797843 0.548429
vt 0.801496 0.542259
vt 0.803017 0.547281
vt 0.803706 0.553852
vt 0.798867 0.553230
vt 0.804509 0.535776
vt 0.806580 0.541940
vt 0.808506 0.539666
vt 0.798883 0.539883
vt 0.798710 0.535038
vt 0.797318 0.543176
vt 0.804045 0.528644
vt 0.811119 0.528587
vt 0.799213 0.529541
vt 0.796396 0.539672
vt 0.795366 0.535814
vt 0.794785 0.529634
vt 0.793676 0.539679
vt 0.792564 0.536633
vt 0.791226 0.530760
vt 0.790224 0.522543
vt 0.787259 0.523039
vt 0.795635 0.522522
vt 0.788462 0.514578
vt 0.794265 0.515652
vt 0.784770 0.516590
vt 0.784117 0.525362
vt 0.781974 0.517780
vt 0.787312 0.532544
vt 0.780028 0.528350
vt 0.778000 0.518605
vt 0.789404 0.538022
vt 0.792401 0.541682
vt 0.795387 0.542763
vt 0.775417 0.530437
vt 0.773708 0.520049
vt 0.767672 0.521601
vt 0.768998 0.533623
vt 0.755257 0.515520
vt 0.764325 0.514604
vt 0.770801 0.512928
vt 0.745226 0.514347
vt 0.746137 0.509788
vt 0.754015 0.511952
vt 0.762283 0.510677
vt 0.760709 0.507681
vt 0.750870 0.506358
vt 0.745982 0.505685
vt 0.769090 0.506213
vt 0.769305 0.509018
vt 0.774506 0.505873
vt 0.774918 0.508727
vt 0.776049 0.512202
vt 0.770402 0.501911
vt 0.775716 0.504649
vt 0.759960 0.504929
vt 0.775463 0.501437
vt 0.777183 0.503713
vt 0.920501 0.316484
vt 0.922069 0.320168
vt 0.918561 0.320957
vt 0.915908 0.319320
vt 0.758505 0.501396
vt 0.766058 0.498528
vt 0.752355 0.503708
vt 0.753673 0.501914
vt 0.043229 0.676808
vt 0.044593 0.679473
vt 0.044010 0.682620
vt 0.041465 0.681295
vt 0.656124 0.571638
vt 0.651462 0.575113
vt 0.647669 0.569017
vt 0.650855 0.566814
vt 0.656920 0.562440
vt 0.650201 0.560090
vt 0.656796 0.584182
vt 0.663736 0.576777
vt 0.663756 0.567484
vt 0.656286 0.554236
vt 0.651399 0.554056
vt 0.661756 0.544187
vt 0.090059 0.144021
vt 0.078083 0.140281
vt 0.079266 0.135006
vt 0.090916 0.138381
vt 0.682181 0.588565
vt 0.671599 0.587917
vt 0.219817 0.783279
vt 0.214631 0.771108
vt 0.222507 0.767933
vt 0.227807 0.772857
vt 0.652997 0.539976
vt 0.661037 0.538265
vt 0.226566 0.782711
vt 0.223542 0.787903
vt 0.234594 0.774390
vt 0.233895 0.779954
vt 0.232385 0.768921
vt 0.232078 0.782645
vt 0.226077 0.790343
vt 0.228392 0.786492
vt 0.232514 0.786610
vt 0.229673 0.790540
vt 0.228252 0.793478
vt 0.233267 0.790501
vt 0.237192 0.788039
vt 0.237201 0.790951
vt 0.233940 0.796043
vt 0.231430 0.794871
vt 0.429909 0.965821
vt 0.432385 0.969926
vt 0.429399 0.970754
vt 0.426639 0.967958
vt 0.432952 0.975390
vt 0.427687 0.974264
vt 0.423885 0.971269
vt 0.424943 0.977566
vt 0.421085 0.973828
vt 0.430909 0.978541
vt 0.422306 0.980445
vt 0.418538 0.975979
vt 0.429818 0.980358
vt 0.238551 0.786365
vt 0.242110 0.790738
vt 0.239913 0.782354
vt 0.243489 0.785864
vt 0.428927 0.982395
vt 0.424239 0.984621
vt 0.239826 0.780499
vt 0.640714 0.512751
vt 0.642025 0.515193
vt 0.644865 0.522787
vt 0.641327 0.517228
vt 0.725040 0.504378
vt 0.727551 0.502881
vt 0.727392 0.510589
vt 0.723892 0.509536
vt 0.403999 0.988196
vt 0.400018 0.988880
vt 0.394445 0.985372
vt 0.399359 0.981289
vt 0.239398 0.774583
vt 0.644141 0.518854
vt 0.646138 0.524323
vt 0.735865 0.492871
vt 0.737780 0.497133
vt 0.218164 0.176957
vt 0.212009 0.180794
vt 0.646713 0.530245
vt 0.645004 0.531216
vt 0.648511 0.527822
vt 0.645525 0.520415
vt 0.642760 0.513120
vt 0.644743 0.515900
vt 0.642159 0.511490
vt 0.249158 0.769909
vt 0.242894 0.771314
vt 0.246185 0.768345
vt 0.248305 0.767185
vt 0.248530 0.763844
vt 0.250959 0.762203
vt 0.256595 0.762603
vt 0.246384 0.763195
vt 0.240048 0.769335
vt 0.251361 0.760105
vt 0.645535 0.512837
vt 0.650102 0.513515
vt 0.650436 0.522846
vt 0.647010 0.519786
vt 0.237135 0.766331
vt 0.242272 0.762606
vt 0.651862 0.528939
vt 0.657819 0.526969
vt 0.645718 0.541460
vt 0.739584 0.500843
vt 0.739395 0.504872
vt 0.738112 0.507901
vt 0.734887 0.510128
vt 0.730768 0.502548
vt 0.723465 0.495205
vt 0.718693 0.489945
vt 0.722848 0.497491
vt 0.716877 0.491740
vt 0.715043 0.495225
vt 0.713884 0.493010
vt 0.710240 0.487405
vt 0.712484 0.485788
vt 0.709696 0.490117
vt 0.760074 0.867891
vt 0.754963 0.872395
vt 0.406731 0.993944
vt 0.779914 0.819756
vt 0.781106 0.819916
vt 0.780813 0.822347
vt 0.776064 0.821422
vt 0.215695 0.120652
vt 0.212607 0.116914
vt 0.221431 0.114305
vt 0.223701 0.117245
vt 0.211015 0.123566
vt 0.206510 0.119251
vt 0.774155 0.820454
vt 0.213328 0.128913
vt 0.217479 0.126731
vt 0.209069 0.131583
vt 0.205804 0.115542
vt 0.213032 0.112944
vt 0.706457 0.481933
vt 0.705044 0.476306
vt 0.709052 0.475999
vt 0.255505 0.758355
vt 0.395172 0.971862
vt 0.389535 0.973126
vt 0.728564 0.541914
vt 0.729383 0.531624
vt 0.726139 0.534802
vt 0.752299 0.846118
vt 0.756182 0.851602
vt 0.757717 0.847531
vt 0.757559 0.842756
vt 0.421486 0.987034
vt 0.418875 0.983260
vt 0.422759 0.990732
vt 0.421773 0.991922
vt 0.424751 0.994229
vt 0.423710 0.995000
vt 0.415961 0.977951
vt 0.409075 0.971740
vt 0.412590 0.965429
vt 0.405658 0.966492
vt 0.408204 0.961696
vt 0.418204 0.965491
vt 0.421634 0.965773
vt 0.424268 0.964768
vt 0.428645 0.962427
vt 0.211514 0.772334
vt 0.207217 0.771858
vt 0.957509 0.719766
vt 0.959640 0.712389
vt 0.962826 0.714931
vt 0.090462 0.146178
vt 0.968489 0.715190
vt 0.199262 0.772929
vt 0.975584 0.716073
vt 0.070463 0.131372
vt 0.048417 0.144123
vt 0.052055 0.135553
vt 0.066059 0.124061
vt 0.058402 0.125671
vt 0.049386 0.127851
vt 0.046405 0.118965
vt 0.054220 0.117346
vt 0.061505 0.114576
vt 0.050834 0.108568
vt 0.054999 0.105581
vt 0.044908 0.110276
vt 0.748030 0.617995
vt 0.750910 0.624463
vt 0.738946 0.622624
vt 0.733852 0.614723
vt 0.720828 0.612359
vt 0.720964 0.618087
vt 0.042213 0.099760
vt 0.049296 0.099862
vt 0.774183 0.631372
vt 0.762549 0.622653
vt 0.733857 0.609340
vt 0.749794 0.611339
vt 0.759463 0.617944
vt 0.726706 0.604060
vt 0.741557 0.602444
vt 0.053841 0.096139
vt 0.056519 0.093051
vt 0.060589 0.097242
vt 0.041876 0.091296
vt 0.770517 0.625816
vt 0.770800 0.617779
vt 0.719958 0.607128
vt 0.716984 0.596963
vt 0.705391 0.608029
vt 0.703634 0.601659
vt 0.700865 0.596853
vt 0.689588 0.598223
vt 0.698270 0.609083
vt 0.710417 0.614314
vt 0.706495 0.615900
vt 0.705206 0.618782
vt 0.699256 0.616899
vt 0.687196 0.609671
vt 0.688630 0.614371
vt 0.676344 0.596840
vt 0.839718 0.033182
vt 0.840282 0.034224
vt 0.827802 0.040265
vt 0.831062 0.037355
vt 0.827092 0.036120
vt 0.821892 0.042787
vt 0.814038 0.039665
vt 0.820861 0.036755
vt 0.819772 0.052827
vt 0.814442 0.047866
vt 0.806366 0.511940
vt 0.806663 0.516964
vt 0.800104 0.517453
vt 0.800300 0.513183
vt 0.799449 0.510536
vt 0.820973 0.508890
vt 0.817616 0.512115
vt 0.812210 0.507999
vt 0.815961 0.516534
vt 0.825123 0.514018
vt 0.828048 0.517181
vt 0.828077 0.511229
vt 0.816071 0.521844
vt 0.806697 0.521873
vt 0.826723 0.521313
vt 0.835361 0.517303
vt 0.835897 0.525456
vt 0.824991 0.525440
vt 0.818667 0.527789
vt 0.826218 0.529823
vt 0.820762 0.532721
vt 0.815214 0.535199
vt 0.800304 0.522247
vt 0.818495 0.543056
vt 0.811725 0.550369
vt 0.816922 0.552589
vt 0.812286 0.554256
vt 0.034407 0.061792
vt 0.027330 0.077211
vt 0.025763 0.073676
vt 0.031365 0.058739
vt 0.029559 0.059213
vt 0.025690 0.066097
vt 0.024130 0.060664
vt 0.021867 0.065662
vt 0.810775 0.074488
vt 0.808845 0.082003
vt 0.802346 0.077011
vt 0.804276 0.070765
vt 0.826233 0.539249
vt 0.825723 0.550000
vt 0.795382 0.067772
vt 0.793034 0.075368
vt 0.797830 0.060536
vt 0.807288 0.064380
vt 0.814275 0.067769
vt 0.817003 0.058824
vt 0.810623 0.056199
vt 0.801168 0.052744
vt 0.805668 0.046335
vt 0.813292 0.050683
vt 0.820479 0.063583
vt 0.822017 0.074790
vt 0.804770 0.039552
vt 0.789937 0.043958
vt 0.790674 0.036864
vt 0.788786 0.049433
vt 0.774174 0.044401
vt 0.775565 0.036021
vt 0.776737 0.047705
vt 0.847059 0.517560
vt 0.847437 0.512750
vt 0.761061 0.034733
vt 0.758814 0.041862
vt 0.862479 0.513687
vt 0.861288 0.520001
vt 0.873624 0.517112
vt 0.873294 0.521504
vt 0.745733 0.040325
vt 0.749186 0.032852
vt 0.870061 0.526877
vt 0.861707 0.528486
vt 0.848613 0.526271
vt 0.863239 0.535930
vt 0.850494 0.535012
vt 0.875606 0.528055
vt 0.836484 0.537790
vt 0.851931 0.545384
vt 0.837755 0.548164
vt 0.865207 0.542440
vt 0.751146 0.067745
vt 0.753470 0.058617
vt 0.767891 0.061256
vt 0.766087 0.070107
vt 0.783222 0.064140
vt 0.780899 0.073257
vt 0.756887 0.050102
vt 0.772348 0.051996
vt 0.785977 0.056066
vt 0.737828 0.064742
vt 0.740394 0.055746
vt 0.746416 0.048687
vt 0.736031 0.044290
vt 0.886236 0.519212
vt 0.878096 0.513809
vt 0.887758 0.529818
vt 0.879029 0.530280
vt 0.817436 0.082174
vt 0.045968 0.895606
vt 0.048813 0.898111
vt 0.044864 0.904040
vt 0.033262 0.897559
vt 0.038702 0.908326
vt 0.026503 0.903817
vt 0.046679 0.139543
vt 0.046408 0.910446
vt 0.041784 0.912507
vt 0.152037 0.885963
vt 0.156624 0.888217
vt 0.151128 0.896337
vt 0.148201 0.894170
vt 0.160649 0.895561
vt 0.155597 0.901078
vt 0.145856 0.904554
vt 0.150701 0.908921
vt 0.141827 0.900941
vt 0.040568 0.694722
vt 0.045831 0.694196
vt 0.046086 0.703667
vt 0.040290 0.704123
vt 0.042170 0.688156
vt 0.047339 0.685380
vt 0.137606 0.913911
vt 0.132430 0.909769
vt 0.042095 0.716342
vt 0.048157 0.716260
vt 0.033543 0.695128
vt 0.033236 0.704125
vt 0.034359 0.716731
vt 0.047872 0.726503
vt 0.042029 0.726087
vt 0.034713 0.726202
vt 0.027897 0.717010
vt 0.026834 0.704099
vt 0.027759 0.726525
vt 0.041493 0.731948
vt 0.035524 0.732715
vt 0.029048 0.733370
vt 0.047414 0.734406
vt 0.038005 0.738777
vt 0.030450 0.737503
vt 0.132577 0.937722
vt 0.129674 0.934664
vt 0.132102 0.932271
vt 0.137175 0.936037
vt 0.141750 0.930578
vt 0.137038 0.926421
vt 0.123298 0.935568
vt 0.126577 0.932561
vt 0.126840 0.927910
vt 0.122593 0.924534
vt 0.126137 0.917658
vt 0.131817 0.921762
vt 0.142702 0.918420
vt 0.147319 0.922686
vt 0.155462 0.912412
vt 0.160584 0.904818
vt 0.026921 0.694524
vt 0.026136 0.688385
vt 0.032490 0.689311
vt 0.163082 0.899302
vt 0.045355 0.918395
vt 0.048017 0.915279
vt 0.054319 0.913978
vt 0.054564 0.916346
vt 0.045361 0.914371
vt 0.040622 0.917682
vt 0.054214 0.027898
vt 0.049015 0.032195
vt 0.045642 0.029692
vt 0.051452 0.026295
vt 0.037112 0.919544
vt 0.044540 0.034847
vt 0.042002 0.031930
vt 0.055979 0.028787
vt 0.050378 0.033824
vt 0.046587 0.036465
vt 0.108703 0.448573
vt 0.112155 0.450018
vt 0.110171 0.456113
vt 0.107053 0.456325
vt 0.051868 0.036306
vt 0.048094 0.038909
vt 0.042535 0.039389
vt 0.039922 0.037337
vt 0.045675 0.041663
vt 0.039644 0.043688
vt 0.036590 0.044240
vt 0.041834 0.041887
vt 0.043564 0.042966
vt 0.034807 0.041827
vt 0.033251 0.039213
vt 0.036821 0.035123
vt 0.028115 0.047702
vt 0.034111 0.050505
vt 0.029039 0.041440
vt 0.025211 0.037076
vt 0.029474 0.034766
vt 0.032262 0.030931
vt 0.027581 0.027398
vt 0.024744 0.030089
vt 0.021393 0.032422
vt 0.020773 0.025760
vt 0.023423 0.024713
vt 0.028156 0.927376
vt 0.028217 0.930927
vt 0.026039 0.932830
vt 0.024326 0.930938
vt 0.032279 0.927519
vt 0.028528 0.922723
vt 0.034033 0.923850
vt 0.030603 0.930447
vt 0.031645 0.933498
vt 0.034520 0.930710
vt 0.036692 0.926533
vt 0.040112 0.923490
vt 0.027833 0.917848
vt 0.027396 0.912819
vt 0.021696 0.906383
vt 0.036213 0.051524
vt 0.039073 0.047460
vt 0.042197 0.048282
vt 0.038585 0.052158
vt 0.036087 0.061274
vt 0.136569 0.483511
vt 0.126390 0.476224
vt 0.127091 0.474737
vt 0.127898 0.470688
vt 0.121926 0.470188
vt 0.123050 0.466019
vt 0.119747 0.458842
vt 0.119886 0.463770
vt 0.048035 0.048226
vt 0.044432 0.052478
vt 0.045029 0.045247
vt 0.049100 0.043592
vt 0.114798 0.457056
vt 0.115252 0.462304
vt 0.115693 0.452938
vt 0.110432 0.460874
vt 0.040646 0.045789
vt 0.106180 0.446945
vt 0.103780 0.444123
vt 0.788604 0.504324
vt 0.795798 0.505433
vt 0.838625 0.031466
vt 0.844482 0.029110
vt 0.045584 0.670804
vt 0.049470 0.672891
vt 0.045834 0.676512
vt 0.932363 0.304692
vt 0.933168 0.312415
vt 0.925847 0.315230
vt 0.924711 0.306053
vt 0.466877 0.910359
vt 0.465422 0.903203
vt 0.469408 0.897787
vt 0.470736 0.905834
vt 0.047052 0.679549
vt 0.460303 0.911292
vt 0.459372 0.904027
vt 0.037831 0.675437
vt 0.038686 0.670393
vt 0.035983 0.680390
vt 0.031610 0.674317
vt 0.032422 0.668949
vt 0.029997 0.679717
vt 0.026420 0.668398
vt 0.025568 0.673890
vt 0.023890 0.680045
vt 0.026852 0.663122
vt 0.032968 0.664001
vt 0.039533 0.665907
vt 0.634290 0.610111
vt 0.646939 0.600137
vt 0.647476 0.608085
vt 0.634816 0.618418
vt 0.660023 0.593269
vt 0.661154 0.601908
vt 0.644378 0.592843
vt 0.631403 0.602701
vt 0.621926 0.618495
vt 0.619998 0.610176
vt 0.622168 0.627387
vt 0.607477 0.630746
vt 0.614921 0.623976
vt 0.611210 0.620103
vt 0.021537 0.667726
vt 0.020522 0.663764
vt 0.015094 0.670202
vt 0.020623 0.672335
vt 0.606746 0.615821
vt 0.018564 0.679717
vt 0.014992 0.679342
vt 0.018925 0.686648
vt 0.027567 0.684877
vt 0.615960 0.605301
vt 0.629477 0.595056
vt 0.643008 0.584939
vt 0.034302 0.685445
vt 0.039657 0.686187
vt 0.046068 0.664507
vt 0.939244 0.303259
vt 0.932381 0.295162
vt 0.940318 0.293857
vt 0.467161 0.920022
vt 0.460430 0.920990
vt 0.469187 0.931762
vt 0.461368 0.933270
vt 0.931810 0.282113
vt 0.939117 0.281823
vt 0.924594 0.295956
vt 0.923757 0.282565
vt 0.917134 0.296711
vt 0.916559 0.281881
vt 0.917707 0.306929
vt 0.446450 0.902502
vt 0.451225 0.903712
vt 0.453230 0.911352
vt 0.447142 0.910939
vt 0.453620 0.921910
vt 0.447085 0.921243
vt 0.452921 0.934841
vt 0.445495 0.934025
vt 0.463152 0.945393
vt 0.455494 0.943788
vt 0.909158 0.279269
vt 0.908600 0.272301
vt 0.910285 0.267499
vt 0.470885 0.943687
vt 0.938755 0.263551
vt 0.925316 0.263371
vt 0.924860 0.255265
vt 0.939874 0.257607
vt 0.460625 0.955948
vt 0.454267 0.949404
vt 0.923123 0.269833
vt 0.932723 0.271021
vt 0.924749 0.321067
vt 0.784589 0.508056
vt 0.781342 0.502682
vt 0.779864 0.504976
vt 0.781764 0.506775
vt 0.783603 0.511162
vt 0.780499 0.507798
vt 0.780027 0.511891
vt 0.778424 0.508561
vt 0.777633 0.506700
vt 0.778872 0.505807
vt 0.120971 0.413254
vt 0.125299 0.408535
vt 0.121392 0.409431
vt 0.123755 0.405407
vt 0.121789 0.406927
vt 0.122106 0.402737
vt 0.124020 0.400463
vt 0.127642 0.406198
vt 0.712412 0.557995
vt 0.206270 0.134546
vt 0.204984 0.261603
vt 0.206338 0.264751
vt 0.199923 0.262808
vt 0.201204 0.256371
vt 0.205474 0.257156
vt 0.206939 0.261335
vt 0.201020 0.248550
vt 0.207078 0.256470
vt 0.208155 0.261675
vt 0.207649 0.266623
vt 0.207532 0.270200
vt 0.208474 0.266993
vt 0.209625 0.269244
vt 0.210033 0.273086
vt 0.208618 0.270646
vt 0.210654 0.269826
vt 0.211193 0.273308
vt 0.212614 0.273635
vt 0.912547 0.407507
vt 0.906907 0.405751
vt 0.910170 0.397386
s 1
usemtl abyss_chancel_background_pbr
f 10/1/1 8/2/2 1/3/3 2/4/4
f 1/5/3 3/6/5 140/7/6 2/8/4
f 29/9/7 3/6/5 1/5/3 7/10/8
f 60/11/9 7/12/8 1/3/3 4/13/10
f 4/13/10 1/3/3 5/14/11 64/15/12
f 6/16/13 142/17/14 5/14/11 1/3/3
f 9/18/15 6/16/13 1/3/3 8/2/2
f 11/19/16 13/20/17 9/21/15 8/22/2
f 11/19/16 8/22/2 10/23/1 14/24/18
f 12/25/19 11/19/16 14/24/18 15/26/20
f 11/19/16 12/25/19 813/27/21 13/20/17
f 15/26/20 14/24/18 16/28/22 17/29/23
f 16/28/22 14/24/18 10/23/1 18/30/24
f 17/29/23 16/28/22 19/31/25 22/32/26
f 16/28/22 18/30/24 21/33/27 19/31/25
f 24/34/28 22/32/26 19/31/25 20/35/29
f 19/31/25 21/33/27 139/36/30 20/35/29
f 51/37/31 17/29/23 22/32/26 23/38/32
f 25/39/33 23/38/32 22/32/26 24/34/28
f 20/35/29 29/9/7 26/40/34 24/34/28
f 26/40/34 27/41/35 25/39/33 24/34/28
f 31/42/36 27/43/35 26/44/34 28/45/37
f 7/46/8 28/45/37 26/44/34 29/47/7
f 29/9/7 20/35/29 139/36/30 3/6/5
f 30/48/38 28/45/37 7/46/8 60/49/9
f 28/45/37 30/48/38 33/50/39 31/42/36
f 32/51/40 816/52/41 27/43/35 31/42/36
f 32/51/40 31/42/36 33/50/39 36/53/42
f 37/54/43 36/53/42 33/50/39 34/55/44
f 34/55/44 33/50/39 35/56/45 53/57/46
f 30/48/38 55/58/47 35/56/45 33/50/39
f 37/54/43 39/59/48 38/60/49 36/53/42
f 32/51/40 36/53/42 38/60/49 40/61/50
f 42/62/51 40/61/50 38/60/49 39/59/48
f 32/51/40 40/61/50 41/63/52 816/52/41
f 42/62/51 43/64/53 41/63/52 40/61/50
f 42/62/51 39/59/48 47/65/54 44/66/55
f 42/67/51 44/68/55 45/69/56 43/70/53
f 46/71/57 814/72/58 45/69/56 44/68/55
f 46/71/57 44/68/55 47/73/54 48/74/59
f 37/75/43 48/74/59 47/73/54 39/76/48
f 46/71/57 48/74/59 49/77/60 51/37/31
f 37/54/43 34/55/44 49/78/60 48/79/59
f 53/57/46 50/80/61 49/78/60 34/55/44
f 12/25/19 15/26/20 49/77/60 50/81/61
f 17/29/23 51/37/31 49/77/60 15/26/20
f 46/71/57 51/37/31 23/38/32 814/72/58
f 50/81/61 52/82/62 813/27/21 12/25/19
f 53/57/46 54/83/63 52/84/62 50/80/61
f 54/83/63 53/57/46 35/56/45 55/58/47
f 54/83/63 55/58/47 59/85/64 56/86/65
f 52/84/62 54/83/63 56/86/65 58/87/66
f 59/88/64 61/89/67 57/90/68 56/91/65
f 58/87/66 56/86/65 57/92/68 71/93/69
f 30/48/38 60/49/9 59/85/64 55/58/47
f 60/11/9 4/13/10 61/89/67 59/88/64
f 62/94/70 65/95/71 57/96/68 61/97/67
f 64/15/12 62/98/70 61/89/67 4/13/10
f 63/99/72 66/100/73 65/95/71 62/94/70
f 62/101/70 64/102/12 463/103/74 63/104/72
f 66/100/73 68/105/75 67/106/76 65/95/71
f 57/92/68 65/107/71 67/108/76 71/93/69
f 72/109/77 70/110/78 67/106/76 68/105/75
f 9/21/15 71/111/69 67/112/76 69/113/79
f 74/114/80 69/115/79 67/106/76 70/110/78
f 58/116/66 71/111/69 9/21/15 13/20/17
f 457/117/81 73/118/82 70/110/78 72/109/77
f 73/118/82 76/119/83 74/114/80 70/110/78
f 75/120/84 803/121/85 69/122/79 74/123/80
f 74/114/80 76/119/83 78/124/86 75/125/84
f 76/119/83 73/118/82 460/126/87 77/127/88
f 76/119/83 77/127/88 80/128/89 78/124/86
f 75/125/84 78/124/86 79/129/90 812/130/91
f 80/128/89 81/131/92 79/129/90 78/124/86
f 77/127/88 85/132/93 82/133/94 80/128/89
f 81/134/92 80/135/89 82/136/94 83/137/95
f 83/137/95 82/136/94 84/138/96 809/139/97
f 85/132/93 87/140/98 84/141/96 82/133/94
f 86/142/99 88/143/100 87/140/98 85/132/93
f 85/132/93 77/127/88 460/126/87 86/142/99
f 88/143/100 91/144/101 89/145/102 87/140/98
f 84/141/96 87/140/98 89/145/102 90/146/103
f 89/147/102 92/148/104 95/149/105 90/150/103
f 94/151/106 92/148/104 89/147/102 91/152/101
f 95/149/105 92/148/104 93/153/107 97/154/108
f 94/151/106 114/155/109 93/153/107 92/148/104
f 810/156/110 90/157/103 95/158/105 96/159/111
f 99/160/112 96/159/111 95/158/105 97/161/108
f 93/153/107 108/162/113 98/163/114 97/154/108
f 99/164/112 97/154/108 98/163/114 101/165/115
f 100/166/116 795/167/117 96/159/111 99/160/112
f 100/168/116 99/164/112 101/165/115 102/169/118
f 101/165/115 103/170/119 104/171/120 102/169/118
f 98/163/114 105/172/121 103/170/119 101/165/115
f 105/172/121 106/173/122 104/171/120 103/170/119
f 106/173/122 105/172/121 107/174/123 109/175/124
f 107/174/123 105/172/121 98/163/114 108/162/113
f 113/176/125 110/177/126 107/174/123 108/162/113
f 112/178/127 109/175/124 107/174/123 110/177/126
f 111/179/128 110/177/126 113/176/125 115/180/129
f 110/177/126 111/179/128 133/181/130 112/178/127
f 93/153/107 114/155/109 113/176/125 108/162/113
f 117/182/131 115/180/129 113/176/125 114/155/109
f 116/183/132 115/180/129 117/182/131 119/184/133
f 115/180/129 116/183/132 132/185/134 111/179/128
f 114/155/109 94/151/106 118/186/135 117/182/131
f 119/184/133 117/182/131 118/186/135 121/187/136
f 116/183/132 119/184/133 120/188/137 129/189/138
f 119/184/133 121/187/136 122/190/139 120/188/137
f 118/186/135 124/191/140 122/190/139 121/187/136
f 127/192/141 125/193/142 122/190/139 123/194/143
f 472/195/144 123/194/143 122/190/139 124/191/140
f 122/190/139 125/193/142 129/189/138 120/188/137
f 125/196/142 126/197/145 140/198/6 128/199/146
f 125/193/142 127/192/141 146/200/147 126/201/145
f 130/202/148 129/189/138 125/193/142 128/203/146
f 129/189/138 131/204/149 132/185/134 116/183/132
f 129/189/138 130/202/148 134/205/150 131/204/149
f 133/181/130 111/179/128 132/185/134 131/204/149
f 134/205/150 112/178/127 133/181/130 131/204/149
f 134/205/150 135/206/151 109/175/124 112/178/127
f 130/202/148 137/207/152 135/206/151 134/205/150
f 138/208/153 136/209/154 135/206/151 137/207/152
f 136/209/154 106/173/122 109/175/124 135/206/151
f 130/202/148 128/203/146 139/210/30 137/207/152
f 138/208/153 137/207/152 139/210/30 21/211/27
f 139/36/30 128/212/146 140/7/6 3/6/5
f 100/168/116 138/208/153 21/211/27 795/213/117
f 100/168/116 102/169/118 136/209/154 138/208/153
f 136/209/154 102/169/118 104/171/120 106/173/122
f 9/214/15 2/215/4 140/198/6 6/216/13
f 142/217/14 6/216/13 140/198/6 141/218/155
f 140/198/6 126/197/145 141/218/155
f 142/217/14 141/218/155 126/197/145 143/219/156
f 143/219/156 144/220/157 5/221/11 142/217/14
f 126/197/145 146/222/147 144/220/157 143/219/156
f 187/223/158 145/224/159 144/225/157 146/200/147
f 150/226/160 147/227/161 144/225/157 145/224/159
f 144/220/157 147/228/161 149/229/162 5/221/11
f 150/230/160 151/231/163 148/232/164 147/233/161
f 149/234/162 147/233/161 148/232/164 425/235/165
f 151/231/163 150/230/160 152/236/166 155/237/167
f 150/226/160 145/224/159 153/238/168 152/239/166
f 154/240/169 152/239/166 153/238/168 184/241/170
f 156/242/171 155/237/167 152/236/166 154/243/169
f 158/244/172 157/245/173 155/237/167 156/242/171
f 159/246/174 151/231/163 155/237/167 157/245/173
f 163/247/175 160/248/176 157/245/173 158/244/172
f 161/249/177 159/246/174 157/245/173 160/248/176
f 190/250/178 161/249/177 160/248/176 162/251/179
f 165/252/180 162/251/179 160/248/176 163/247/175
f 165/252/180 163/247/175 164/253/181 167/254/182
f 158/244/172 181/255/183 164/253/181 163/247/175
f 162/251/179 165/252/180 166/256/184 186/257/185
f 167/258/182 169/259/186 166/260/184 165/261/180
f 168/262/187 167/254/182 164/253/181 183/263/188
f 169/259/186 167/258/182 168/264/187 170/265/189
f 169/259/186 170/265/189 174/266/190 171/267/191
f 169/259/186 171/267/191 172/268/192 166/260/184
f 171/267/191 173/269/193 184/241/170 172/268/192
f 173/269/193 171/267/191 174/266/190 175/270/194
f 176/271/195 175/270/194 174/266/190 170/265/189
f 176/271/195 178/272/196 177/273/197 175/270/194
f 173/269/193 175/270/194 177/273/197 179/274/198
f 180/275/199 179/276/198 177/277/197 178/278/196
f 173/269/193 179/274/198 154/240/169 184/241/170
f 179/276/198 180/275/199 156/242/171 154/243/169
f 181/255/183 158/244/172 156/242/171 180/275/199
f 180/275/199 178/278/196 182/279/200 181/255/183
f 164/253/181 181/255/183 182/279/200 183/263/188
f 176/280/195 183/263/188 182/279/200 178/278/196
f 176/271/195 170/265/189 168/264/187 183/281/188
f 184/241/170 153/238/168 185/282/201 172/268/192
f 166/260/184 172/268/192 185/282/201 186/283/185
f 185/282/201 187/223/158 188/284/202 186/283/185
f 145/224/159 187/223/158 185/282/201 153/238/168
f 188/284/202 187/223/158 146/200/147 189/285/203
f 191/286/204 190/250/178 188/287/202 189/288/203
f 162/251/179 186/257/185 188/287/202 190/250/178
f 192/289/205 161/249/177 190/250/178 191/286/204
f 191/286/204 193/290/206 196/291/207 192/289/205
f 189/288/203 195/292/208 193/290/206 191/286/204
f 794/293/209 194/294/210 193/290/206 195/292/208
f 197/295/211 193/290/206 194/294/210 200/296/212
f 197/295/211 199/297/213 196/291/207 193/290/206
f 197/295/211 198/298/214 793/299/215 199/297/213
f 197/295/211 200/296/212 202/300/216 198/298/214
f 200/296/212 194/294/210 794/293/209 201/301/217
f 201/301/217 204/302/218 202/300/216 200/296/212
f 202/300/216 203/303/219 793/299/215 198/298/214
f 206/304/220 203/303/219 202/300/216 205/305/221
f 207/306/222 205/305/221 202/300/216 204/302/218
f 206/304/220 205/305/221 208/307/223 210/308/224
f 205/305/221 207/306/222 209/309/225 208/307/223
f 211/310/226 208/311/223 209/312/225 212/313/227
f 213/314/228 210/315/224 208/311/223 211/310/226
f 212/313/227 215/316/229 214/317/230 211/310/226
f 214/317/230 216/318/231 213/314/228 211/310/226
f 218/319/232 217/320/233 214/317/230 215/316/229
f 219/321/234 216/318/231 214/317/230 217/320/233
f 222/322/235 220/323/236 217/320/233 218/319/232
f 221/324/237 219/321/234 217/320/233 220/323/236
f 221/325/237 220/326/236 223/327/238 225/328/239
f 223/327/238 220/326/236 222/329/235 224/330/240
f 227/331/241 226/332/242 223/333/238 224/334/240
f 229/335/243 225/336/239 223/333/238 226/332/242
f 226/332/242 227/331/241 231/337/244 228/338/245
f 226/332/242 228/338/245 230/339/246 229/335/243
f 225/340/239 229/341/243 231/342/244 238/343/247
f 231/342/244 229/341/243 230/344/246 237/345/248
f 228/338/245 231/337/244 232/346/249 791/347/250
f 231/348/244 233/349/251 304/350/252 232/351/249
f 234/352/253 784/353/254 233/354/251 231/342/244
f 788/355/255 234/352/253 231/342/244 237/345/248
f 235/356/256 240/357/257 238/358/247 231/359/244
f 235/360/256 231/337/244 236/361/258 282/362/259
f 480/363/260 236/361/258 231/337/244 227/331/241
f 225/328/239 238/364/247 239/365/261 221/325/237
f 243/366/262 239/365/261 238/364/247 240/367/257
f 241/368/263 240/357/257 235/356/256 282/369/259
f 240/357/257 241/368/263 792/370/264 242/371/265
f 243/366/262 240/367/257 242/372/265 245/373/266
f 245/373/266 246/374/267 244/375/268 243/366/262
f 244/375/268 490/376/269 239/365/261 243/366/262
f 247/377/270 249/378/271 246/374/267 245/373/266
f 247/377/270 245/373/266 242/372/265 250/379/272
f 248/380/273 247/377/270 250/379/272 252/381/274
f 247/377/270 248/380/273 260/382/275 249/378/271
f 253/383/276 252/381/274 250/379/272 251/384/277
f 250/379/272 242/372/265 792/385/264 251/384/277
f 252/381/274 253/383/276 255/386/278 254/387/279
f 252/381/274 254/387/279 257/388/280 248/380/273
f 256/389/281 254/387/279 255/386/278 268/390/282
f 254/387/279 256/389/281 258/391/283 257/388/280
f 260/382/275 248/380/273 257/388/280 258/391/283
f 261/392/284 260/382/275 258/391/283 259/393/285
f 269/394/286 259/393/285 258/391/283 256/389/281
f 260/382/275 261/392/284 262/395/287 249/378/271
f 259/393/285 266/396/288 263/397/289 261/392/284
f 262/395/287 261/392/284 263/397/289 265/398/290
f 266/399/288 267/400/291 264/401/292 263/402/289
f 265/403/290 263/402/289 264/401/292 273/404/293
f 266/396/288 259/393/285 269/394/286 267/405/291
f 268/406/282 270/407/294 264/401/292 267/400/291
f 267/405/291 269/394/286 256/389/281 268/390/282
f 270/407/294 268/406/282 255/408/278 253/409/276
f 270/407/294 253/409/276 251/410/277 271/411/295
f 264/401/292 270/407/294 271/411/295 273/404/293
f 274/412/296 273/404/293 271/411/295 272/413/297
f 271/411/295 251/410/277 792/370/264 272/413/297
f 274/412/296 275/414/298 265/403/290 273/404/293
f 274/412/296 276/415/299 277/416/300 275/414/298
f 272/413/297 279/417/301 276/415/299 274/412/296
f 278/418/302 492/419/303 277/420/300 276/421/299
f 280/422/304 278/418/302 276/421/299 279/423/301
f 792/370/264 241/368/263 279/417/301 272/413/297
f 282/424/259 280/425/304 279/426/301 241/427/263
f 282/424/259 236/428/258 281/429/305 280/425/304
f 278/418/302 280/422/304 281/430/305 284/431/306
f 233/354/251 283/432/307 281/429/305 236/428/258
f 288/433/308 285/434/309 281/430/305 283/435/307
f 286/436/310 284/431/306 281/430/305 285/434/309
f 287/437/311 317/438/312 286/439/310 285/440/309
f 285/434/309 288/433/308 289/441/313 287/442/311
f 290/443/314 293/444/315 289/445/313 288/446/308
f 288/446/308 283/432/307 291/447/316 290/443/314
f 291/447/316 781/448/317 292/449/318 290/443/314
f 293/444/315 290/443/314 292/449/318 295/450/319
f 294/451/320 293/444/315 295/450/319 296/452/321
f 293/444/315 294/451/320 645/453/322 289/445/313
f 295/450/319 297/454/323 299/455/324 296/452/321
f 292/449/318 298/456/325 297/454/323 295/450/319
f 303/457/326 300/458/327 297/454/323 298/456/325
f 300/458/327 302/459/328 299/455/324 297/454/323
f 303/457/326 286/439/310 301/460/329 300/458/327
f 302/459/328 300/458/327 301/460/329 696/461/330
f 286/439/310 303/457/326 304/350/252 306/462/331
f 298/456/325 305/463/332 304/350/252 303/457/326
f 780/464/333 232/351/249 304/350/252 305/463/332
f 307/465/334 306/466/331 304/467/252 233/468/251
f 306/466/331 307/465/334 310/469/335 308/470/336
f 308/471/336 312/472/337 286/436/310 306/473/331
f 309/474/338 308/470/336 311/475/339 371/476/340
f 313/477/341 312/478/337 308/470/336 309/474/338
f 310/469/335 478/479/342 311/475/339 308/470/336
f 312/478/337 313/477/341 319/480/343 315/481/344
f 496/482/345 286/436/310 312/472/337 314/483/346
f 314/484/346 312/485/337 316/486/347 317/438/312
f 312/485/337 315/487/344 301/460/329 316/486/347
f 317/438/312 316/486/347 301/460/329 286/439/310
f 610/488/348 314/484/346 317/438/312 287/437/311
f 315/487/344 318/489/349 696/461/330 301/460/329
f 318/489/349 315/487/344 319/490/343
f 690/491/350 318/489/349 319/490/343 320/492/351
f 322/493/352 320/492/351 319/490/343 321/494/353
f 323/495/354 321/496/353 319/480/343 313/477/341
f 321/496/353 324/497/355 327/498/356 322/499/352
f 321/496/353 323/495/354 325/500/357 324/497/355
f 326/501/358 324/497/355 325/500/357 359/502/359
f 327/498/356 324/497/355 326/501/358 328/503/360
f 330/504/361 322/499/352 327/498/356 329/505/362
f 331/506/363 329/505/362 327/498/356 328/503/360
f 332/507/364 334/508/365 330/509/361 329/510/362
f 333/511/366 332/512/364 329/505/362 331/506/363
f 333/511/366 338/513/367 335/514/368 332/512/364
f 332/512/364 335/514/368 337/515/369 334/516/365
f 335/514/368 338/513/367 340/517/370 336/518/371
f 336/518/371 341/519/372 337/515/369 335/514/368
f 339/520/373 343/521/374 340/517/370 338/513/367
f 338/513/367 333/511/366 364/522/375 339/520/373
f 336/518/371 340/517/370 341/519/372
f 340/517/370 342/523/376 548/524/377 341/519/372
f 344/525/378 342/523/376 340/517/370 343/521/374
f 346/526/379 345/527/380 343/521/374 339/520/373
f 343/521/374 345/527/380 348/528/381 344/525/378
f 345/527/380 346/526/379 363/529/382 347/530/383
f 345/527/380 347/530/383 349/531/384 348/528/381
f 350/532/385 348/528/381 349/531/384 353/533/386
f 351/534/387 344/525/378 348/528/381 350/532/385
f 350/532/385 352/535/388 703/536/389 351/534/387
f 353/533/386 354/537/390 352/535/388 350/532/385
f 354/537/390 353/533/386 355/538/391 356/539/392
f 353/533/386 349/531/384 358/540/393 355/538/391
f 355/538/391 357/541/394 365/542/395 356/539/392
f 357/541/394 355/538/391 358/540/393 359/502/359
f 358/540/393 360/543/396 326/501/358 359/502/359
f 347/530/383 360/543/396 358/540/393 349/531/384
f 360/543/396 347/530/383 363/529/382 361/544/397
f 361/544/397 328/503/360 326/501/358 360/543/396
f 362/545/398 331/506/363 328/503/360 361/544/397
f 362/545/398 361/544/397 363/529/382 346/526/379
f 346/526/379 339/520/373 364/522/375 362/545/398
f 331/506/363 362/545/398 364/522/375 333/511/366
f 359/502/359 325/500/357 366/546/399 357/541/394
f 366/546/399 367/547/400 365/542/395 357/541/394
f 369/548/401 367/547/400 366/546/399 368/549/402
f 323/495/354 368/549/402 366/546/399 325/500/357
f 313/477/341 309/474/338 368/549/402 323/495/354
f 371/476/340 369/548/401 368/549/402 309/474/338
f 371/476/340 372/550/403 370/551/404 369/548/401
f 367/547/400 369/548/401 370/551/404 381/552/405
f 372/550/403 371/476/340 311/475/339 373/553/406
f 372/550/403 373/553/406 376/554/407 374/555/408
f 370/551/404 372/550/403 374/555/408 377/556/409
f 378/557/410 377/556/409 374/555/408 375/558/411
f 376/554/407 453/559/412 375/558/411 374/555/408
f 378/557/410 382/560/413 379/561/414 377/556/409
f 379/561/414 381/552/405 370/551/404 377/556/409
f 383/562/415 380/563/416 379/561/414 382/560/413
f 775/564/417 381/552/405 379/561/414 380/563/416
f 383/562/415 382/560/413 384/565/418 385/566/419
f 378/557/410 388/567/420 384/565/418 382/560/413
f 384/565/418 386/568/421 779/569/422 385/566/419
f 754/570/423 386/571/421 384/572/418 387/573/424
f 389/574/425 387/575/424 384/565/418 388/567/420
f 388/567/420 378/557/410 375/558/411 390/576/426
f 389/574/425 388/567/420 390/576/426 391/577/427
f 710/578/428 391/579/427 390/580/426 392/581/429
f 393/582/430 395/583/431 392/584/429 390/585/426
f 396/586/432 393/582/430 390/585/426 375/587/411
f 741/588/433 395/583/431 393/582/430 394/589/434
f 393/582/430 396/586/432 398/590/435 394/589/434
f 397/591/436 396/586/432 375/587/411 453/592/412
f 397/591/436 401/593/437 398/590/435 396/586/432
f 400/594/438 495/595/439 399/596/440 398/597/435
f 394/589/434 398/590/435 399/598/440 742/599/441
f 402/600/442 400/601/438 398/602/435 401/603/437
f 451/604/443 403/605/444 401/593/437 397/591/436
f 405/606/445 406/607/446 402/600/442 401/603/437
f 448/608/447 404/609/448 401/603/437 403/610/444
f 407/611/449 405/606/445 401/603/437 404/609/448
f 409/612/450 406/607/446 405/606/445 408/613/451
f 408/613/451 405/606/445 407/611/449 411/614/452
f 408/613/451 410/615/453 489/616/454 409/612/450
f 408/613/451 411/614/452 413/617/455 410/615/453
f 411/614/452 407/611/449 423/618/456 412/619/457
f 412/619/457 414/620/458 413/617/455 411/614/452
f 414/620/458 415/621/459 410/615/453 413/617/455
f 415/622/459 414/623/458 416/624/460 417/625/461
f 412/626/457 418/627/462 416/624/460 414/623/458
f 419/628/463 417/625/461 416/624/460 418/627/462
f 419/628/463 418/627/462 420/629/464 421/630/465
f 418/627/462 412/626/457 423/631/456 420/629/464
f 421/630/465 420/629/464 422/632/466 487/633/467
f 423/631/456 424/634/468 422/632/466 420/629/464
f 423/618/456 407/611/449 404/609/448 424/635/468
f 425/636/165 424/635/468 426/637/469 429/638/470
f 425/639/165 481/640/471 422/632/466 424/634/468
f 426/637/469 424/635/468 404/609/448 430/641/472
f 426/642/469 430/643/472 432/644/473 427/645/474
f 427/646/474 459/647/475 428/648/476 426/649/469
f 429/650/470 426/651/469 428/652/476 476/653/477
f 431/654/478 430/641/472 404/609/448 448/608/447
f 431/655/478 434/656/479 432/644/473 430/643/472
f 66/100/73 63/99/72 432/657/473 433/658/480
f 432/659/473 63/104/72 463/103/74 427/660/474
f 435/661/481 433/662/480 432/644/473 434/656/479
f 437/663/482 435/661/481 434/656/479 436/664/483
f 436/664/483 434/656/479 431/655/478 438/665/484
f 440/666/485 437/663/482 436/664/483 439/667/486
f 436/668/483 438/669/484 442/670/487 439/671/486
f 439/671/486 441/672/488 475/673/489 440/674/485
f 439/671/486 442/670/487 443/675/490 441/672/488
f 438/669/484 446/676/491 443/675/490 442/670/487
f 443/675/490 444/677/492 475/673/489 441/672/488
f 444/678/492 443/679/490 445/680/493 450/681/494
f 446/676/491 447/682/495 445/683/493 443/675/490
f 447/682/495 446/676/491 448/608/447 403/610/444
f 446/676/491 438/669/484 431/654/478 448/608/447
f 449/684/496 450/681/494 445/680/493 447/685/495
f 447/685/495 403/605/444 451/604/443 449/684/496
f 450/681/494 449/684/496 437/663/482 440/666/485
f 437/663/482 449/684/496 451/604/443 435/661/481
f 453/592/412 452/686/497 451/604/443 397/591/436
f 433/662/480 435/661/481 451/604/443 452/686/497
f 66/100/73 433/658/480 452/687/497 68/105/75
f 376/554/407 454/688/498 452/687/497 453/559/412
f 72/109/77 68/105/75 452/687/497 454/688/498
f 454/688/498 455/689/499 457/117/81 72/109/77
f 373/553/406 455/689/499 454/688/498 376/554/407
f 456/690/500 458/691/501 457/117/81 455/689/499
f 455/689/499 373/553/406 311/475/339 456/690/500
f 457/117/81 458/691/501 460/126/87 73/118/82
f 459/647/475 461/692/502 460/126/87 458/691/501
f 458/691/501 456/690/500 428/648/476 459/647/475
f 462/693/503 86/142/99 460/126/87 461/692/502
f 459/647/475 427/646/474 463/694/74 461/692/502
f 462/693/503 461/692/502 463/694/74 464/695/504
f 64/102/12 5/221/11 149/229/162 463/103/74
f 463/694/74 149/696/162 466/697/505 464/695/504
f 462/693/503 464/695/504 465/698/506 474/699/507
f 465/698/506 464/695/504 466/697/505 467/700/508
f 149/234/162 425/235/165 429/701/470 466/702/505
f 212/313/227 466/703/505 429/650/470 215/316/229
f 209/309/225 467/704/508 466/705/505 212/706/227
f 207/306/222 468/707/509 467/704/508 209/309/225
f 468/708/509 469/709/510 465/710/506 467/711/508
f 468/708/509 470/712/511 471/713/512 469/709/510
f 207/306/222 204/302/218 470/714/511 468/707/509
f 201/715/217 472/195/144 470/712/511 204/716/218
f 472/195/144 124/191/140 471/713/512 470/712/511
f 201/715/217 794/717/209 123/194/143 472/195/144
f 471/713/512 473/718/513 474/719/507 469/709/510
f 471/713/512 124/191/140 118/186/135 473/718/513
f 91/144/101 473/720/513 118/721/135 94/722/106
f 91/144/101 88/143/100 474/699/507 473/720/513
f 465/710/506 469/709/510 474/719/507
f 86/142/99 462/693/503 474/699/507 88/143/100
f 428/648/476 456/690/500 311/475/339 478/479/342
f 440/674/485 475/673/489 444/677/492 450/723/494
f 218/319/232 215/316/229 429/650/470 476/653/477
f 476/653/477 477/724/514 222/322/235 218/319/232
f 477/724/514 476/653/477 428/652/476 478/725/342
f 478/479/342 310/469/335 479/726/515 477/727/514
f 479/726/515 224/334/240 222/728/235 477/727/514
f 307/465/334 480/363/260 479/726/515 310/469/335
f 227/331/241 224/334/240 479/726/515 480/363/260
f 480/363/260 307/465/334 233/468/251 236/361/258
f 425/235/165 148/232/164 483/729/516 481/730/471
f 482/731/517 481/730/471 483/729/516 484/732/518
f 482/733/517 485/734/519 422/632/466 481/640/471
f 483/729/516 192/289/205 196/291/207 484/732/518
f 161/249/177 192/289/205 483/729/516 159/246/174
f 151/231/163 159/246/174 483/729/516 148/232/164
f 484/735/518 206/736/220 210/315/224 482/733/517
f 206/736/220 484/735/518 196/737/207 203/738/219
f 485/734/519 482/733/517 210/315/224 213/314/228
f 486/739/520 485/734/519 213/314/228 216/318/231
f 486/739/520 487/633/467 422/632/466 485/734/519
f 486/739/520 488/740/521 402/741/442 487/633/467
f 488/740/521 486/739/520 216/318/231 219/321/234
f 219/321/234 221/324/237 239/742/261 488/740/521
f 402/741/442 488/740/521 239/742/261 490/743/269
f 421/630/465 487/633/467 402/741/442 406/744/446
f 409/745/450 419/628/463 421/630/465 406/744/446
f 419/628/463 409/745/450 489/746/454 417/625/461
f 415/622/459 417/625/461 489/746/454 410/747/453
f 491/748/522 400/601/438 402/600/442 490/376/269
f 491/748/522 490/376/269 244/375/268 493/749/523
f 492/750/303 491/751/522 493/752/523 277/416/300
f 491/753/522 492/419/303 495/595/439 400/594/438
f 275/414/298 277/416/300 493/752/523 494/754/524
f 494/755/524 493/749/523 244/375/268 246/374/267
f 246/374/267 249/378/271 262/395/287 494/755/524
f 275/414/298 494/754/524 262/756/287 265/403/290
f 278/418/302 284/431/306 495/595/439 492/419/303
f 399/596/440 495/595/439 496/482/345 497/757/525
f 284/431/306 286/436/310 496/482/345 495/595/439
f 314/483/346 605/758/526 498/759/527 496/482/345
f 501/760/528 497/757/525 496/482/345 499/761/529
f 499/761/529 496/482/345 498/759/527 500/762/530
f 500/762/530 505/763/531 502/764/532 499/761/529
f 499/761/529 502/764/532 503/765/533 501/760/528
f 504/766/534 514/767/535 503/765/533 502/764/532
f 507/768/536 504/766/534 502/764/532 505/763/531
f 509/769/537 507/770/536 505/771/531 506/772/538
f 519/773/539 506/772/538 505/771/531 500/774/530
f 507/768/536 508/775/540 516/776/541 504/766/534
f 508/777/540 507/770/536 509/769/537 510/778/542
f 512/779/543 511/780/544 509/769/537 506/772/538
f 513/781/545 510/778/542 509/769/537 511/780/544
f 511/780/544 512/779/543 503/782/533 514/783/535
f 515/784/546 513/785/545 511/786/544 514/767/535
f 514/767/535 504/766/534 516/776/541 515/784/546
f 517/787/547 515/784/546 516/776/541 508/775/540
f 517/788/547 510/778/542 513/781/545 515/789/546
f 508/777/540 510/778/542 517/788/547
f 503/782/533 512/779/543 518/790/548 501/791/528
f 506/772/538 519/773/539 518/790/548 512/779/543
f 519/773/539 522/792/549 520/793/550 518/790/548
f 501/791/528 518/790/548 520/793/550 497/794/525
f 497/794/525 520/793/550 521/795/551 399/598/440
f 522/792/549 523/796/552 521/795/551 520/793/550
f 519/773/539 500/774/530 498/797/527 522/792/549
f 523/796/552 522/792/549 498/797/527 524/798/553
f 524/798/553 568/799/554 525/800/555 523/796/552
f 526/801/556 523/796/552 525/800/555 529/802/557
f 523/796/552 526/801/556 528/803/558 521/795/551
f 705/804/559 528/805/558 526/806/556 527/807/560
f 531/808/561 527/807/560 526/806/556 529/809/557
f 529/809/557 530/810/562 533/811/563 531/808/561
f 529/809/557 525/812/555 569/813/564 530/810/562
f 533/814/563 534/815/565 532/816/566 531/817/561
f 531/817/561 532/816/566 703/536/389 527/818/560
f 537/819/567 535/820/568 533/814/563 530/821/562
f 538/822/569 534/815/565 533/814/563 535/820/568
f 538/822/569 535/820/568 536/823/570 540/824/571
f 535/820/568 537/819/567 574/825/572 536/823/570
f 539/826/573 550/827/574 534/815/565 538/822/569
f 540/824/571 542/828/575 539/826/573 538/822/569
f 540/824/571 541/829/576 543/830/577 542/828/575
f 540/824/571 536/823/570 574/825/572 541/829/576
f 539/826/573 542/828/575 544/831/578 546/832/579
f 544/831/578 542/828/575 543/830/577 545/833/580
f 547/834/581 546/832/579 544/831/578 545/833/580
f 539/826/573 546/832/579 548/524/377 550/827/574
f 546/832/579 547/834/581 549/835/582 548/524/377
f 549/835/582 341/519/372 548/524/377
f 551/836/583 550/827/574 548/524/377 342/523/376
f 550/827/574 551/836/583 532/816/566 534/815/565
f 342/523/376 344/525/378 351/534/387 551/836/583
f 551/836/583 351/534/387 703/536/389 532/816/566
f 553/837/584 552/838/585 549/835/582 547/834/581
f 337/515/369 341/519/372 549/835/582 552/838/585
f 558/839/586 555/840/587 552/838/585 553/837/584
f 686/841/588 337/842/369 552/843/585 554/844/589
f 557/845/590 554/844/589 552/843/585 555/846/587
f 606/847/591 557/845/590 555/846/587 556/848/592
f 556/849/592 555/850/587 558/851/586 560/852/593
f 604/853/594 559/854/595 558/839/586 553/837/584
f 561/855/596 560/852/593 558/851/586 559/856/595
f 564/857/597 562/858/598 560/852/593 561/855/596
f 563/859/599 556/849/592 560/852/593 562/858/598
f 568/860/554 563/859/599 562/858/598 565/861/600
f 566/862/601 565/861/600 562/858/598 564/857/597
f 565/861/600 566/862/601 570/863/602 567/864/603
f 565/861/600 567/864/603 525/812/555 568/860/554
f 568/860/554 524/865/553 605/866/526 563/859/599
f 569/813/564 525/812/555 567/864/603
f 570/863/602 569/813/564 567/864/603
f 530/810/562 569/813/564 570/863/602 537/867/567
f 570/863/602 571/868/604 574/869/572 537/867/567
f 573/870/605 571/868/604 570/863/602 566/862/601
f 574/869/572 571/868/604 572/871/606 575/872/607
f 573/870/605 603/873/608 572/871/606 571/868/604
f 576/874/609 541/829/576 574/825/572 575/875/607
f 577/876/610 575/872/607 572/871/606 579/877/611
f 577/878/610 580/879/612 576/874/609 575/875/607
f 580/879/612 577/878/610 578/880/613 581/881/614
f 579/877/611 599/882/615 578/883/613 577/876/610
f 580/879/612 581/881/614 584/884/616 582/885/617
f 580/879/612 582/885/617 585/886/618 576/874/609
f 582/885/617 583/887/619 586/888/620 585/886/618
f 583/887/619 582/885/617 584/884/616 601/889/621
f 586/888/620 587/890/622 543/830/577 585/886/618
f 576/874/609 585/886/618 543/830/577 541/829/576
f 587/890/622 586/888/620 588/891/623 590/892/624
f 583/887/619 589/893/625 588/891/623 586/888/620
f 589/894/625 593/895/626 591/896/627 588/897/623
f 588/897/623 591/896/627 594/898/628 590/899/624
f 597/900/629 592/901/630 591/896/627 593/895/626
f 592/901/630 595/902/631 594/898/628 591/896/627
f 559/856/595 590/899/624 594/898/628 561/855/596
f 594/898/628 595/902/631 564/857/597 561/855/596
f 573/870/605 566/862/601 564/857/597 595/902/631
f 595/902/631 592/901/630 603/873/608 573/870/605
f 593/895/626 589/894/625 602/903/632 596/904/633
f 593/895/626 596/904/633 598/905/634 597/900/629
f 579/877/611 572/871/606 592/901/630 597/900/629
f 579/877/611 597/900/629 598/905/634 599/882/615
f 600/906/635 599/882/615 598/905/634 596/904/633
f 600/907/635 581/881/614 578/880/613 599/908/615
f 600/907/635 601/889/621 584/884/616 581/881/614
f 600/907/635 596/909/633 602/910/632 601/889/621
f 583/887/619 601/889/621 602/910/632 589/893/625
f 603/873/608 592/901/630 572/871/606
f 604/853/594 587/890/622 590/892/624 559/854/595
f 604/853/594 545/833/580 543/830/577 587/890/622
f 545/833/580 604/853/594 553/837/584 547/834/581
f 556/849/592 563/859/599 605/866/526 606/911/591
f 314/912/346 610/913/348 607/914/636 605/915/526
f 608/916/637 606/917/591 605/915/526 607/914/636
f 498/759/527 605/758/526 524/918/553
f 608/916/637 607/914/636 609/919/638 650/920/639
f 609/921/638 607/922/636 611/923/640 614/924/641
f 607/922/636 610/925/348 612/926/642 611/923/640
f 613/927/643 611/923/640 612/926/642 641/928/644
f 616/929/645 614/924/641 611/923/640 613/927/643
f 615/930/646 614/931/641 616/932/645 618/933/647
f 614/931/641 615/930/646 645/934/322 609/935/638
f 638/936/648 617/937/649 616/929/645 613/927/643
f 620/938/650 618/933/647 616/932/645 617/939/649
f 644/940/651 615/930/646 618/933/647 619/941/652
f 622/942/653 619/941/652 618/933/647 620/938/650
f 639/943/654 621/944/655 620/938/650 617/939/649
f 621/944/655 624/945/656 622/942/653 620/938/650
f 623/946/657 642/947/658 619/941/652 622/942/653
f 624/945/656 625/948/659 623/946/657 622/942/653
f 624/945/656 621/944/655 627/949/660 626/950/661
f 626/950/661 629/951/662 625/948/659 624/945/656
f 627/949/660 635/952/663 628/953/664 626/950/661
f 629/951/662 626/950/661 628/953/664 631/954/665
f 631/955/665 632/956/666 630/957/667 629/958/662
f 625/959/659 629/958/662 630/957/667 637/960/668
f 632/956/666 631/955/665 628/961/664 633/962/669
f 630/957/667 632/956/666 633/962/669 634/963/670
f 634/963/670 633/962/669 628/961/664 635/964/663
f 635/964/663 639/965/654 636/966/671 634/963/670
f 636/966/671 637/960/668 630/957/667 634/963/670
f 636/966/671 638/936/648 640/967/672 637/960/668
f 636/966/671 639/965/654 617/937/649 638/936/648
f 639/943/654 635/952/663 627/949/660 621/944/655
f 613/927/643 641/928/644 640/967/672 638/936/648
f 637/960/668 640/967/672 623/968/657 625/959/659
f 641/928/644 642/969/658 623/968/657 640/967/672
f 642/969/658 641/928/644 612/926/642 643/970/673
f 643/971/673 644/940/651 619/941/652 642/947/658
f 643/971/673 287/972/311 289/973/313 644/940/651
f 612/926/642 610/925/348 287/974/311 643/970/673
f 644/940/651 289/973/313 645/934/322 615/930/646
f 647/975/674 646/976/675 645/977/322 294/978/320
f 645/977/322 646/976/675 648/979/676 609/919/638
f 647/975/674 649/980/677 648/979/676 646/976/675
f 650/920/639 609/919/638 648/979/676 649/980/677
f 653/981/678 652/982/679 649/983/677 647/984/674
f 608/916/637 650/920/639 649/980/677 651/985/680
f 654/986/681 651/987/680 649/983/677 652/982/679
f 652/982/679 653/981/678 657/988/682 655/989/683
f 654/986/681 652/982/679 655/989/683 658/990/684
f 657/991/682 698/992/685 656/993/686 655/994/683
f 658/990/684 655/989/683 656/995/686 659/996/687
f 654/986/681 658/990/684 660/997/688 664/998/689
f 659/996/687 662/999/690 660/997/688 658/990/684
f 701/1000/691 663/1001/692 660/997/688 661/1002/693
f 660/997/688 662/999/690 702/1003/694 661/1002/693
f 666/1004/695 664/998/689 660/997/688 663/1001/692
f 664/998/689 666/1004/695 668/1005/696 665/1006/697
f 664/998/689 665/1006/697 651/987/680 654/986/681
f 667/1007/698 666/1004/695 663/1001/692 682/1008/699
f 668/1005/696 666/1004/695 667/1007/698 669/1009/700
f 668/1005/696 669/1009/700 672/1010/701 670/1011/702
f 665/1006/697 668/1005/696 670/1011/702 671/1012/703
f 674/1013/704 671/1012/703 670/1011/702 673/1014/705
f 673/1014/705 670/1011/702 672/1010/701 676/1015/706
f 673/1014/705 675/1016/707 680/1017/708 674/1013/704
f 676/1018/706 678/1019/709 675/1020/707 673/1021/705
f 677/1022/710 676/1018/706 672/1023/701 681/1024/711
f 676/1018/706 677/1022/710 679/1025/712 678/1019/709
f 678/1019/709 679/1025/712 680/1026/708 675/1020/707
f 677/1022/710 674/1027/704 680/1026/708 679/1025/712
f 674/1027/704 677/1022/710 681/1024/711 671/1028/703
f 671/1028/703 681/1024/711 651/985/680 665/1029/697
f 672/1023/701 669/1030/700 651/985/680 681/1024/711
f 651/985/680 669/1030/700 667/1031/698 608/916/637
f 606/917/591 608/916/637 667/1031/698 557/1032/590
f 554/844/589 557/845/590 667/1007/698 682/1008/699
f 683/1033/713 682/1008/699 663/1001/692 684/1034/714
f 682/1008/699 683/1033/713 686/841/588 554/844/589
f 683/1033/713 684/1034/714 692/1035/715 685/1036/716
f 686/841/588 683/1033/713 685/1036/716 687/1037/717
f 337/1038/369 686/1039/588 687/1040/717 334/508/365
f 687/1040/717 688/1041/718 330/509/361 334/508/365
f 685/1042/716 689/1043/719 688/1041/718 687/1040/717
f 320/492/351 322/493/352 330/509/361 688/1041/718
f 690/491/350 320/492/351 688/1041/718 689/1043/719
f 694/1044/720 690/491/350 689/1043/719 691/1045/721
f 692/1035/715 691/1046/721 689/1047/719 685/1036/716
f 699/1048/722 693/1049/723 691/1046/721 692/1035/715
f 695/1050/724 694/1044/720 691/1045/721 693/1051/723
f 695/1050/724 697/1052/725 696/461/330 694/1044/720
f 690/491/350 694/1044/720 696/461/330 318/489/349
f 696/461/330 697/1052/725 698/992/685 302/459/328
f 697/1052/725 695/1050/724 656/993/686 698/992/685
f 299/455/324 302/459/328 698/992/685 657/991/682
f 656/993/686 695/1050/724 693/1051/723 659/1053/687
f 662/999/690 659/996/687 693/1049/723 699/1048/722
f 700/1054/726 699/1048/722 692/1035/715 684/1034/714
f 699/1048/722 700/1054/726 702/1003/694 662/999/690
f 701/1000/691 661/1002/693 702/1003/694 700/1054/726
f 700/1054/726 684/1034/714 663/1001/692 701/1000/691
f 653/1055/678 296/452/321 299/455/324 657/991/682
f 647/1056/674 294/451/320 296/452/321 653/1055/678
f 706/1057/727 704/1058/728 703/536/389 352/535/388
f 705/804/559 527/807/560 703/1059/389 704/1060/728
f 710/578/428 705/1061/559 704/1062/728 708/1063/729
f 707/1064/730 704/1065/728 706/1066/727 752/1067/731
f 709/1068/732 708/1069/729 704/1070/728 707/1071/730
f 710/578/428 708/1063/729 389/1072/425 391/579/427
f 709/1068/732 743/1073/733 389/1074/425 708/1069/729
f 711/1075/734 712/1076/735 705/1061/559 710/578/428
f 711/1075/734 710/578/428 392/581/429 713/1077/736
f 712/1076/735 711/1075/734 714/1078/737 717/1079/738
f 711/1075/734 713/1077/736 716/1080/739 714/1078/737
f 718/1081/740 717/1079/738 714/1078/737 715/1082/741
f 715/1082/741 714/1078/737 716/1080/739 736/1083/742
f 720/1084/743 719/1085/744 717/1079/738 718/1081/740
f 721/1086/745 712/1076/735 717/1079/738 719/1085/744
f 725/1087/746 722/1088/747 719/1089/744 720/1090/743
f 723/1091/748 721/1092/745 719/1089/744 722/1088/747
f 722/1088/747 724/1093/749 741/588/433 723/1091/748
f 725/1087/746 726/1094/750 724/1093/749 722/1088/747
f 727/1095/751 729/1096/752 726/1094/750 725/1087/746
f 730/1097/753 727/1095/751 725/1087/746 720/1090/743
f 730/1097/753 732/1098/754 728/1099/755 727/1095/751
f 727/1095/751 728/1099/755 740/1100/756 729/1096/752
f 720/1084/743 718/1081/740 731/1101/757 730/1102/753
f 732/1103/754 730/1102/753 731/1101/757 734/1104/758
f 732/1098/754 733/1105/759 740/1100/756 728/1099/755
f 732/1103/754 734/1104/758 735/1106/760 733/1107/759
f 715/1082/741 736/1083/742 735/1106/760 734/1104/758
f 715/1082/741 734/1104/758 731/1101/757 718/1081/740
f 737/1108/761 733/1107/759 735/1106/760 736/1083/742
f 736/1083/742 716/1080/739 738/1109/762 737/1108/761
f 729/1096/752 737/1110/761 738/1111/762 726/1094/750
f 737/1110/761 729/1096/752 740/1100/756 733/1105/759
f 738/1111/762 739/1112/763 724/1093/749 726/1094/750
f 713/1077/736 739/1113/763 738/1109/762 716/1080/739
f 739/1113/763 713/1077/736 392/581/429 395/1114/431
f 739/1112/763 395/583/431 741/588/433 724/1093/749
f 742/599/441 723/1091/748 741/588/433 394/589/434
f 528/803/558 721/1092/745 723/1091/748 742/599/441
f 742/599/441 399/598/440 521/795/551 528/803/558
f 721/1086/745 528/1115/558 705/1061/559 712/1076/735
f 709/1116/732 707/1064/730 747/1117/764 744/1118/765
f 743/1073/733 709/1068/732 744/1119/765 745/1120/766
f 744/1119/765 746/1121/767 760/1122/768 745/1120/766
f 747/1117/764 748/1123/769 746/1124/767 744/1118/765
f 749/1125/770 750/1126/771 748/1123/769 747/1117/764
f 707/1064/730 752/1067/731 749/1125/770 747/1117/764
f 751/1127/772 759/1128/773 750/1126/771 749/1125/770
f 752/1067/731 753/1129/774 751/1127/772 749/1125/770
f 753/1129/774 752/1067/731 706/1066/727 754/570/423
f 754/1130/423 387/1131/424 755/1132/775 753/1133/774
f 755/1132/775 756/1134/776 751/1135/772 753/1133/774
f 755/1132/775 387/1131/424 389/1074/425 743/1073/733
f 755/1132/775 743/1073/733 745/1120/766 756/1134/776
f 757/1136/777 759/1137/773 751/1135/772 756/1134/776
f 756/1134/776 745/1120/766 760/1122/768 757/1136/777
f 760/1122/768 761/1138/778 758/1139/779 757/1136/777
f 759/1128/773 757/1140/777 758/1141/779 765/1142/780
f 762/1143/781 761/1138/778 760/1122/768 746/1121/767
f 762/1144/781 764/1145/782 763/1146/783 761/1147/778
f 758/1139/779 761/1138/778 763/1148/783 765/1149/780
f 765/1142/780 763/1146/783 764/1145/782 766/1150/784
f 765/1142/780 766/1150/784 750/1126/771 759/1128/773
f 764/1145/782 762/1144/781 767/1151/785 766/1150/784
f 766/1150/784 767/1151/785 748/1123/769 750/1126/771
f 767/1151/785 762/1144/781 746/1124/767 748/1123/769
f 386/571/421 754/570/423 706/1066/727 768/1152/786
f 770/1153/787 768/1154/786 706/1057/727 352/535/388
f 768/1154/786 769/1155/788 779/569/422 386/568/421
f 768/1154/786 770/1153/787 771/1156/789 769/1155/788
f 772/1157/790 770/1153/787 352/535/388 354/537/390
f 772/1157/790 773/1158/791 771/1156/789 770/1153/787
f 773/1158/791 772/1157/790 774/1159/792 776/1160/793
f 772/1157/790 354/537/390 356/539/392 774/1159/792
f 776/1160/793 774/1159/792 775/564/417 380/563/416
f 356/539/392 365/542/395 775/564/417 774/1159/792
f 773/1158/791 776/1160/793 777/1161/794 778/1162/795
f 380/563/416 383/562/415 777/1161/794 776/1160/793
f 385/566/419 778/1162/795 777/1161/794 383/562/415
f 778/1162/795 769/1155/788 771/1156/789 773/1158/791
f 778/1162/795 385/566/419 779/569/422 769/1155/788
f 367/547/400 381/552/405 775/564/417 365/542/395
f 305/463/332 298/456/325 292/449/318 781/448/317
f 780/464/333 305/463/332 781/448/317 782/1163/796
f 784/353/254 782/1163/796 781/448/317 291/447/316
f 785/1164/797 780/464/333 782/1163/796 783/1165/798
f 234/352/253 783/1165/798 782/1163/796 784/353/254
f 291/447/316 283/432/307 233/354/251 784/353/254
f 787/1166/799 785/1164/797 783/1165/798 786/1167/800
f 788/355/255 786/1167/800 783/1165/798 234/352/253
f 786/1167/800 788/355/255 789/1168/801 787/1166/799
f 788/355/255 237/345/248 230/344/246 789/1168/801
f 789/1168/801 230/344/246 790/1169/802 787/1166/799
f 785/1164/797 787/1166/799 790/1169/802 791/1170/250
f 228/338/245 791/347/250 790/1171/802 230/339/246
f 785/1164/797 791/1170/250 232/351/249 780/464/333
f 196/291/207 199/297/213 793/299/215 203/303/219
f 195/1172/208 127/192/141 123/194/143 794/717/209
f 195/1172/208 189/285/203 146/200/147 127/192/141
f 796/1173/803 797/1174/804 96/159/111 795/167/117
f 796/1173/803 795/167/117 21/1175/27 18/1176/24
f 798/1177/805 800/1178/806 797/1174/804 796/1173/803
f 10/1179/1 798/1177/805 796/1173/803 18/1176/24
f 799/1180/807 802/1181/808 800/1178/806 798/1177/805
f 798/1177/805 10/1179/1 2/215/4 799/1180/807
f 797/1174/804 800/1178/806 801/1182/809 808/1183/810
f 802/1181/808 804/1184/811 801/1182/809 800/1178/806
f 802/1181/808 799/1180/807 69/122/79 803/121/85
f 803/121/85 805/1185/812 804/1184/811 802/1181/808
f 805/1185/812 807/1186/813 806/1187/814 804/1184/811
f 806/1187/814 808/1183/810 801/1182/809 804/1184/811
f 807/1186/813 83/137/95 809/139/97 806/1187/814
f 808/1183/810 806/1187/814 809/139/97 810/156/110
f 810/156/110 809/139/97 84/138/96 90/157/103
f 808/1183/810 810/156/110 96/159/111 797/1174/804
f 805/1185/812 812/1188/91 811/1189/815 807/1186/813
f 83/137/95 807/1186/813 811/1189/815 81/134/92
f 811/1189/815 812/1188/91 79/1190/90 81/134/92
f 812/1188/91 805/1185/812 803/121/85 75/120/84
f 799/1180/807 2/215/4 9/214/15 69/122/79
f 58/116/66 13/20/17 813/27/21 52/82/62
f 815/1191/816 814/72/58 23/38/32 25/39/33
f 815/1191/816 43/70/53 45/69/56 814/72/58
f 815/1191/816 816/1192/41 41/1193/52 43/70/53
f 816/1192/41 815/1191/816 25/39/33 27/41/35
