# Blender 5.2.0 LTS
# www.blender.org
mtllib terrain-abyss-chancel-object-042.mtl
o terrain-abyss-chancel-object-042
v -0.483265 0.727267 -0.000225
v -0.476056 0.725029 0.003851
v -0.481087 0.724993 -0.005517
v -0.487269 0.727665 0.006247
v -0.491592 0.728610 -0.006307
v -0.495667 0.728421 0.000331
v -0.488969 0.725284 -0.011751
v -0.500807 0.729033 -0.014071
v -0.498351 0.724912 -0.018812
v -0.513350 0.728489 -0.023497
v -0.505269 0.728847 -0.007088
v -0.517504 0.729361 -0.016809
v -0.509805 0.728682 0.000233
v -0.500024 0.728303 0.007843
v -0.514416 0.728715 0.008070
v -0.522524 0.729121 -0.009477
v -0.527586 0.729063 -0.002040
v -0.542010 0.729768 -0.023197
v -0.547377 0.729627 -0.015670
v -0.536835 0.729971 -0.030397
v -0.564419 0.730517 -0.037629
v -0.582141 0.731042 -0.048383
v -0.569709 0.730411 -0.030012
v -0.559274 0.730671 -0.044678
v -0.578326 0.731207 -0.055384
v -0.554973 0.729443 -0.050036
v -0.552297 0.727582 -0.052618
v -0.532787 0.728647 -0.035986
v -0.574780 0.731375 -0.061474
v -0.588772 0.730514 -0.069024
v -0.572448 0.727814 -0.064644
v -0.571107 0.724418 -0.066609
v -0.586849 0.728351 -0.072834
v -0.585844 0.725422 -0.075905
v -0.597721 0.728636 -0.079229
v -0.599877 0.728814 -0.074354
v -0.605758 0.728658 -0.084496
v -0.597561 0.725349 -0.082162
v -0.605029 0.723744 -0.086276
v -0.599289 0.720794 -0.082598
v -0.592083 0.719200 -0.078050
v -0.598542 0.705888 -0.081971
v -0.586589 0.720571 -0.076847
v -0.605269 0.716933 -0.085810
v -0.605284 0.704682 -0.086367
v -0.611648 0.714696 -0.087625
v -0.615554 0.713625 -0.082459
v -0.611682 0.722256 -0.087838
v -0.612032 0.703361 -0.087513
v -0.613738 0.688303 -0.090728
v -0.616482 0.701407 -0.082586
v -0.617043 0.685211 -0.084393
v -0.620590 0.699124 -0.076177
v -0.621490 0.682232 -0.077090
v -0.625066 0.696987 -0.068920
v -0.619369 0.712656 -0.076297
v -0.623405 0.711554 -0.069288
v -0.619078 0.721976 -0.076883
v -0.617399 0.728499 -0.076066
v -0.623333 0.721125 -0.069822
v -0.615210 0.722497 -0.083214
v -0.613869 0.728676 -0.082649
v -0.608081 0.728597 -0.079308
v -0.611962 0.726833 -0.090040
v -0.611204 0.728538 -0.073032
v -0.602879 0.731876 -0.068883
v -0.614989 0.729303 -0.066176
v -0.619713 0.729640 -0.058646
v -0.606578 0.731672 -0.062568
v -0.621087 0.728222 -0.068694
v -0.626074 0.728011 -0.060628
v -0.628328 0.719859 -0.061064
v -0.633394 0.726000 -0.050772
v -0.639161 0.724864 -0.039051
v -0.633934 0.717868 -0.050378
v -0.626647 0.729580 -0.048065
v -0.617547 0.730665 -0.044087
v -0.633555 0.729385 -0.036381
v -0.639007 0.730090 -0.025222
v -0.624023 0.730232 -0.031603
v -0.629550 0.729899 -0.020014
v -0.613061 0.729961 -0.024922
v -0.619671 0.729628 -0.013375
v -0.605620 0.730447 -0.037972
v -0.601023 0.729627 -0.016468
v -0.608775 0.729293 -0.005009
v -0.586759 0.729196 -0.004914
v -0.592851 0.730130 -0.029985
v -0.577297 0.729688 -0.018676
v -0.586487 0.730903 -0.040588
v -0.599682 0.731133 -0.048497
v -0.611137 0.731232 -0.054820
v -0.595553 0.731364 -0.056277
v -0.591835 0.731566 -0.062982
v -0.556833 0.728991 -0.002628
v -0.566814 0.728595 0.010947
v -0.536985 0.728400 0.012038
v -0.546136 0.728025 0.025446
v -0.522271 0.727947 0.021758
v -0.530888 0.727605 0.035437
v -0.511760 0.727585 0.028539
v -0.502240 0.727224 0.034301
v -0.504457 0.728228 0.015952
v -0.520077 0.727288 0.042226
v -0.528654 0.727009 0.054066
v -0.510822 0.726951 0.048045
v -0.502774 0.726929 0.053230
v -0.519610 0.726405 0.060872
v -0.512814 0.723632 0.067583
v -0.526135 0.724235 0.070021
v -0.516121 0.720877 0.075952
v -0.530163 0.721632 0.075125
v -0.535769 0.726511 0.063639
v -0.546481 0.726459 0.055743
v -0.540310 0.722328 0.069408
v -0.551475 0.722812 0.062046
v -0.540081 0.704503 0.068054
v -0.541174 0.690083 0.069178
v -0.530845 0.704460 0.073297
v -0.551108 0.704153 0.060552
v -0.565589 0.703334 0.050968
v -0.552568 0.688904 0.062206
v -0.554034 0.675129 0.064081
v -0.566995 0.686942 0.053397
v -0.588513 0.684517 0.038772
v -0.568116 0.672984 0.054848
v -0.589406 0.670787 0.040056
v -0.569062 0.661223 0.055337
v -0.589805 0.659281 0.040535
v -0.554886 0.662784 0.064939
v -0.569636 0.650542 0.054943
v -0.589829 0.649250 0.040656
v -0.555003 0.651751 0.064934
v -0.570033 0.641178 0.054546
v -0.589779 0.640449 0.040769
v -0.568159 0.633980 0.051127
v -0.554746 0.642239 0.064617
v -0.543252 0.642806 0.071907
v -0.553236 0.633884 0.062531
v -0.541822 0.633997 0.070436
v -0.552436 0.625043 0.061390
v -0.540545 0.624789 0.069726
v -0.560842 0.625699 0.073698
v -0.567621 0.625683 0.049931
v -0.584931 0.625775 0.035299
v -0.577069 0.626120 0.061749
v -0.594874 0.626782 0.048372
v -0.578210 0.632879 0.063465
v -0.596073 0.633695 0.050208
v -0.579071 0.639410 0.064955
v -0.562137 0.632131 0.075047
v -0.562948 0.638505 0.076398
v -0.548040 0.630783 0.084230
v -0.537614 0.628794 0.091147
v -0.548211 0.636168 0.085482
v -0.547944 0.625297 0.082659
v -0.536185 0.624909 0.087627
v -0.531318 0.624770 0.075801
v -0.527112 0.624926 0.089662
v -0.519683 0.625023 0.091051
v -0.524031 0.625192 0.078087
v -0.531312 0.626079 0.096722
v -0.533718 0.633552 0.097764
v -0.529222 0.627509 0.100125
v -0.523349 0.625036 0.099548
v -0.516701 0.625508 0.102041
v -0.524867 0.627077 0.102848
v -0.525247 0.633082 0.104207
v -0.519976 0.626924 0.107440
v -0.515208 0.626183 0.111576
v -0.520007 0.632486 0.108484
v -0.519761 0.639663 0.109684
v -0.514147 0.631407 0.111930
v -0.508315 0.631807 0.103471
v -0.513134 0.636819 0.112408
v -0.506974 0.637398 0.102652
v -0.511862 0.641546 0.110554
v -0.507647 0.642040 0.100301
v -0.515659 0.642591 0.107650
v -0.511955 0.649978 0.102343
v -0.514061 0.649838 0.105188
v -0.508282 0.648905 0.096129
v -0.509944 0.658978 0.099041
v -0.506597 0.659126 0.092879
v -0.513308 0.658836 0.104095
v -0.508394 0.671006 0.096791
v -0.506201 0.685562 0.094540
v -0.512173 0.670138 0.103025
v -0.505168 0.672889 0.089915
v -0.504526 0.690880 0.085452
v -0.510405 0.673272 0.082974
v -0.508276 0.693021 0.082093
v -0.506178 0.674232 0.076718
v -0.506499 0.658760 0.085604
v -0.507978 0.657409 0.079653
v -0.505010 0.647812 0.090201
v -0.503691 0.642199 0.093089
v -0.506760 0.645122 0.083570
v -0.501267 0.641957 0.085912
v -0.504557 0.640799 0.073724
v -0.502991 0.657861 0.071626
v -0.497137 0.640831 0.062436
v -0.497753 0.641660 0.076337
v -0.495078 0.636570 0.078820
v -0.491800 0.640743 0.065872
v -0.484306 0.640871 0.053270
v -0.489248 0.636072 0.067582
v -0.481725 0.635865 0.055126
v -0.489689 0.629518 0.067765
v -0.492217 0.624943 0.066824
v -0.496288 0.629980 0.078931
v -0.482177 0.629507 0.055228
v -0.475257 0.629341 0.042299
v -0.485041 0.625706 0.054021
v -0.490463 0.625076 0.051432
v -0.478123 0.625361 0.041081
v -0.472536 0.625363 0.029362
v -0.483402 0.625208 0.038415
v -0.488536 0.625221 0.035854
v -0.477761 0.625229 0.026971
v -0.483142 0.625211 0.024633
v -0.473581 0.625294 0.017226
v -0.479698 0.625355 0.015608
v -0.468182 0.625469 0.019505
v -0.470970 0.625399 0.009276
v -0.468071 0.625467 0.002960
v -0.478187 0.625481 0.007458
v -0.464704 0.625426 0.012163
v -0.460440 0.627859 0.014882
v -0.462035 0.625482 0.006140
v -0.457117 0.626746 0.009333
v -0.459717 0.625605 -0.000041
v -0.455327 0.625812 0.002578
v -0.457491 0.625694 -0.005757
v -0.465099 0.625597 -0.002964
v -0.471095 0.625606 -0.006001
v -0.462567 0.625699 -0.008507
v -0.460248 0.625793 -0.013669
v -0.468142 0.625718 -0.011797
v -0.465678 0.625825 -0.016721
v -0.475015 0.625817 -0.016153
v -0.478766 0.625775 -0.011253
v -0.472360 0.625878 -0.020655
v -0.484924 0.626035 -0.022453
v -0.497632 0.626366 -0.031068
v -0.487838 0.625974 -0.018476
v -0.482213 0.626158 -0.026619
v -0.480844 0.629014 -0.028820
v -0.495172 0.626399 -0.035382
v -0.493919 0.629265 -0.038008
v -0.511311 0.626824 -0.046417
v -0.530061 0.627270 -0.058950
v -0.510246 0.629511 -0.049109
v -0.513463 0.626749 -0.041969
v -0.515552 0.626667 -0.037390
v -0.532112 0.627231 -0.054545
v -0.534193 0.627236 -0.050083
v -0.552233 0.627743 -0.067894
v -0.570736 0.628134 -0.079455
v -0.554427 0.627672 -0.063560
v -0.550107 0.628084 -0.072199
v -0.549099 0.630835 -0.074715
v -0.568778 0.628194 -0.083732
v -0.568039 0.631219 -0.086082
v -0.583640 0.628492 -0.092608
v -0.583510 0.631752 -0.095016
v -0.594391 0.628722 -0.099670
v -0.585361 0.628429 -0.088010
v -0.587193 0.628360 -0.083363
v -0.595934 0.628648 -0.094940
v -0.604170 0.628725 -0.101498
v -0.597512 0.628729 -0.089329
v -0.607632 0.628792 -0.097215
v -0.600304 0.628635 -0.082376
v -0.599821 0.639927 -0.082148
v -0.588874 0.628298 -0.078937
v -0.611078 0.628738 -0.092114
v -0.610733 0.628621 -0.079151
v -0.610625 0.641637 -0.080182
v -0.617001 0.628875 -0.084720
v -0.617916 0.628639 -0.073184
v -0.618599 0.638761 -0.072970
v -0.623229 0.628801 -0.076204
v -0.625038 0.628602 -0.062939
v -0.630340 0.628735 -0.065199
v -0.632032 0.628474 -0.051037
v -0.625016 0.638295 -0.063888
v -0.632088 0.638045 -0.052443
v -0.628313 0.648244 -0.067134
v -0.634802 0.647422 -0.055344
v -0.627444 0.662565 -0.068048
v -0.622517 0.648716 -0.076187
v -0.617512 0.649010 -0.083779
v -0.622020 0.664597 -0.077088
v -0.617164 0.666656 -0.084781
v -0.612978 0.670038 -0.092914
v -0.613256 0.643108 -0.092125
v -0.607178 0.670692 -0.089431
v -0.606479 0.650260 -0.088921
v -0.600304 0.672621 -0.085215
v -0.606191 0.689948 -0.088579
v -0.598792 0.690690 -0.084278
v -0.588827 0.691890 -0.080158
v -0.589475 0.705988 -0.076562
v -0.573161 0.694141 -0.070513
v -0.589713 0.675053 -0.080665
v -0.589546 0.656525 -0.080496
v -0.573864 0.678673 -0.071192
v -0.574102 0.660632 -0.071337
v -0.552795 0.682299 -0.057816
v -0.553858 0.664711 -0.058589
v -0.551784 0.696447 -0.056434
v -0.529584 0.683604 -0.042594
v -0.529003 0.697156 -0.042180
v -0.510992 0.682116 -0.029827
v -0.530916 0.665729 -0.043507
v -0.533304 0.643077 -0.045151
v -0.511957 0.664542 -0.030469
v -0.514538 0.642610 -0.032253
v -0.500390 0.663232 -0.022337
v -0.490891 0.662620 -0.015614
v -0.499401 0.680912 -0.021691
v -0.501203 0.642106 -0.022868
v -0.502751 0.626395 -0.022556
v -0.491111 0.641647 -0.015659
v -0.483336 0.640987 -0.009369
v -0.491178 0.626102 -0.014279
v -0.483007 0.625720 -0.006074
v -0.478779 0.625496 0.001801
v -0.475319 0.625511 0.000179
v -0.476675 0.640547 -0.000635
v -0.475437 0.662555 -0.004792
v -0.477808 0.638171 0.008224
v -0.471808 0.646478 0.000402
v -0.471003 0.663851 0.001148
v -0.475353 0.648158 0.008438
v -0.474495 0.665167 0.008590
v -0.478419 0.650430 0.016902
v -0.478102 0.666212 0.017238
v -0.482220 0.651730 0.026230
v -0.479806 0.637796 0.016191
v -0.483573 0.638037 0.025087
v -0.488989 0.638324 0.036213
v -0.487517 0.652475 0.037475
v -0.496626 0.638498 0.050140
v -0.495992 0.652716 0.052419
v -0.503872 0.638570 0.062251
v -0.495969 0.625024 0.048792
v -0.503320 0.624810 0.061174
v -0.497605 0.624874 0.064202
v -0.509773 0.624822 0.070668
v -0.503939 0.624703 0.074860
v -0.516627 0.624590 0.077781
v -0.510531 0.638610 0.071193
v -0.510549 0.652591 0.072822
v -0.518371 0.638676 0.078321
v -0.516574 0.652207 0.079930
v -0.520757 0.643116 0.083754
v -0.525918 0.635569 0.078655
v -0.527056 0.642960 0.080376
v -0.532904 0.634450 0.075891
v -0.534492 0.642974 0.077240
v -0.535112 0.652839 0.077567
v -0.527549 0.652691 0.081300
v -0.535041 0.664428 0.077360
v -0.543889 0.652502 0.072235
v -0.543913 0.663860 0.072145
v -0.542789 0.676668 0.070921
v -0.533938 0.677529 0.076165
v -0.532277 0.690785 0.074598
v -0.526776 0.677797 0.080789
v -0.524052 0.691384 0.079309
v -0.522020 0.677950 0.084108
v -0.527677 0.664527 0.081083
v -0.522104 0.664568 0.084640
v -0.520685 0.652272 0.084131
v -0.516820 0.665224 0.081214
v -0.511390 0.666166 0.074250
v -0.517317 0.678442 0.082474
v -0.512788 0.679274 0.075986
v -0.517452 0.687934 0.083125
v -0.515443 0.691763 0.077610
v -0.522120 0.688489 0.083511
v -0.505423 0.693667 0.069134
v -0.516189 0.704937 0.076230
v -0.506885 0.704675 0.069340
v -0.522252 0.704982 0.076137
v -0.520607 0.720826 0.081756
v -0.497502 0.705205 0.055780
v -0.506884 0.715296 0.071300
v -0.496465 0.714839 0.056994
v -0.510233 0.722494 0.071142
v -0.497913 0.722707 0.057142
v -0.488045 0.722599 0.042810
v -0.493540 0.726697 0.039384
v -0.481011 0.721841 0.030312
v -0.488048 0.714752 0.042788
v -0.481667 0.714476 0.030288
v -0.489119 0.705942 0.041856
v -0.482941 0.706213 0.029596
v -0.487660 0.695963 0.041782
v -0.487802 0.682111 0.040177
v -0.496066 0.695166 0.055960
v -0.481623 0.696114 0.029426
v -0.477614 0.695983 0.019276
v -0.482014 0.682009 0.028087
v -0.482216 0.667196 0.027012
v -0.477879 0.681744 0.018057
v -0.474442 0.681519 0.009390
v -0.471135 0.681201 0.001850
v -0.474427 0.696005 0.010754
v -0.475619 0.705662 0.011234
v -0.471616 0.696090 0.003335
v -0.474149 0.705406 0.004088
v -0.474532 0.695356 -0.004098
v -0.476328 0.704841 -0.002366
v -0.481710 0.694833 -0.009191
v -0.474950 0.680710 -0.004557
v -0.482374 0.680351 -0.009677
v -0.490155 0.680323 -0.015152
v -0.483014 0.662497 -0.010067
v -0.489471 0.694800 -0.014702
v -0.498757 0.695481 -0.021309
v -0.490224 0.704175 -0.012619
v -0.499485 0.704358 -0.018720
v -0.489842 0.711151 -0.012304
v -0.482341 0.704335 -0.007524
v -0.481844 0.711877 -0.007070
v -0.475646 0.712350 -0.002000
v -0.480931 0.718284 -0.007106
v -0.473477 0.718645 -0.001232
v -0.489018 0.717212 -0.012762
v -0.498481 0.716738 -0.019403
v -0.511728 0.717413 -0.028676
v -0.499320 0.711003 -0.018601
v -0.512661 0.711560 -0.027797
v -0.530243 0.713201 -0.039495
v -0.512558 0.705028 -0.027791
v -0.530443 0.705949 -0.039630
v -0.510625 0.696376 -0.029622
v -0.551331 0.707381 -0.053038
v -0.547470 0.717805 -0.050690
v -0.574036 0.706632 -0.067233
v -0.576012 0.718952 -0.068293
v -0.570781 0.719981 -0.067045
v -0.549514 0.722103 -0.053506
v -0.529437 0.718404 -0.040712
v -0.529814 0.725435 -0.040231
v -0.511347 0.724724 -0.027819
v -0.473874 0.724016 -0.001604
v -0.473337 0.719903 0.004974
v -0.474657 0.720974 0.012096
v -0.473878 0.713002 0.004723
v -0.474991 0.713602 0.011738
v -0.477409 0.713950 0.020150
v -0.477017 0.721294 0.020251
v -0.478635 0.706017 0.019579
v -0.482648 0.725851 0.017928
v -0.479186 0.725531 0.010612
v -0.491302 0.727762 0.013823
v -0.486818 0.726382 0.027348
v -0.495432 0.727707 0.022313
v -0.487761 0.667960 0.038739
v -0.496136 0.667922 0.053250
v -0.504692 0.667058 0.065638
v -0.496348 0.681625 0.054520
v -0.505409 0.680488 0.067288
v -0.503905 0.652715 0.064148
v -0.508682 0.624788 0.084020
v -0.512628 0.625238 0.093943
v -0.502978 0.624916 0.087549
v -0.498544 0.624812 0.078076
v -0.500564 0.630403 0.088232
v -0.506872 0.625743 0.095941
v -0.511303 0.627143 0.103653
v -0.503970 0.631199 0.095813
v -0.502558 0.637657 0.094934
v -0.499193 0.637230 0.087499
v -0.517694 0.626625 -0.032783
v -0.500113 0.626336 -0.026794
v -0.536256 0.627203 -0.045645
v -0.556629 0.627635 -0.059288
v -0.574883 0.628014 -0.070901
v -0.555252 0.643184 -0.059384
v -0.574426 0.642444 -0.070914
v -0.589271 0.640680 -0.078757
v -0.572798 0.628074 -0.075161
v -0.600197 0.652947 -0.084879
v -0.633655 0.660835 -0.057103
v -0.626410 0.679221 -0.068782
v -0.632049 0.676948 -0.058768
v -0.638334 0.675224 -0.046493
v -0.630274 0.694951 -0.059943
v -0.636491 0.692686 -0.048499
v -0.628145 0.710135 -0.060387
v -0.633980 0.707942 -0.049392
v -0.639764 0.705409 -0.037899
v -0.641997 0.690236 -0.036343
v -0.644086 0.702894 -0.028276
v -0.639395 0.716511 -0.038867
v -0.643732 0.714892 -0.028612
v -0.644323 0.724393 -0.028439
v -0.646699 0.712338 -0.020427
v -0.648214 0.723674 -0.019495
v -0.647127 0.700468 -0.020850
v -0.648649 0.708341 -0.013346
v -0.646816 0.704639 -0.008813
v -0.650868 0.725082 -0.012133
v -0.649638 0.699045 -0.013855
v -0.652251 0.698390 -0.009738
v -0.651292 0.687881 -0.014314
v -0.652675 0.687690 -0.009596
v -0.648338 0.688132 -0.020511
v -0.652263 0.673208 -0.013997
v -0.652837 0.658679 -0.014104
v -0.649180 0.673340 -0.019844
v -0.653167 0.672915 -0.009272
v -0.653464 0.658513 -0.009114
v -0.648296 0.672261 -0.005388
v -0.642478 0.671697 -0.000579
v -0.648692 0.658224 -0.005063
v -0.648006 0.687719 -0.006459
v -0.641179 0.687015 -0.002103
v -0.640186 0.704892 -0.003234
v -0.633141 0.685781 0.004496
v -0.623255 0.684531 0.012705
v -0.634844 0.670706 0.006081
v -0.631618 0.704298 0.003224
v -0.631424 0.723482 0.004566
v -0.621537 0.703228 0.010975
v -0.622307 0.721928 0.011157
v -0.608200 0.702736 0.021056
v -0.608399 0.724250 0.022048
v -0.586741 0.702628 0.036184
v -0.609733 0.683701 0.023375
v -0.610249 0.669615 0.025171
v -0.624604 0.669775 0.014239
v -0.609934 0.657927 0.025894
v -0.624770 0.657445 0.014815
v -0.609295 0.648090 0.026324
v -0.624482 0.647182 0.014836
v -0.607295 0.640051 0.025023
v -0.622248 0.639549 0.012391
v -0.603706 0.634271 0.021621
v -0.619090 0.634548 0.008828
v -0.602445 0.626423 0.020707
v -0.585995 0.633924 0.036337
v -0.618250 0.627033 0.008042
v -0.612572 0.627533 0.034950
v -0.628672 0.628171 0.022676
v -0.613841 0.634253 0.036695
v -0.629850 0.633785 0.023949
v -0.614680 0.640324 0.037638
v -0.630913 0.639534 0.025009
v -0.611703 0.642658 0.034890
v -0.596822 0.640276 0.051794
v -0.594188 0.642274 0.049061
v -0.590773 0.643458 0.045430
v -0.576645 0.641724 0.061914
v -0.561012 0.641321 0.073199
v -0.573177 0.642603 0.057719
v -0.572653 0.649506 0.058178
v -0.557928 0.641707 0.068179
v -0.547255 0.639297 0.075178
v -0.557313 0.648863 0.068710
v -0.546243 0.648302 0.076722
v -0.556438 0.657005 0.069396
v -0.554923 0.667045 0.070093
v -0.545170 0.657209 0.077468
v -0.571970 0.657311 0.058682
v -0.589993 0.657758 0.045987
v -0.571122 0.666035 0.059239
v -0.589489 0.666072 0.046291
v -0.569791 0.677017 0.058961
v -0.588503 0.676231 0.045994
v -0.552660 0.678487 0.069825
v -0.567379 0.692793 0.057117
v -0.571175 0.692891 0.062369
v -0.548948 0.692372 0.069009
v -0.586129 0.693722 0.044251
v -0.589827 0.693644 0.049229
v -0.604228 0.694691 0.031132
v -0.606379 0.677268 0.032703
v -0.620376 0.695611 0.018457
v -0.607823 0.694572 0.035689
v -0.623917 0.695802 0.022846
v -0.610113 0.697561 0.038842
v -0.592318 0.696559 0.052622
v -0.626236 0.698570 0.026021
v -0.610148 0.703601 0.039330
v -0.626225 0.704017 0.026295
v -0.609930 0.709646 0.039356
v -0.592262 0.702778 0.052960
v -0.591979 0.709210 0.053080
v -0.574080 0.701275 0.065996
v -0.574120 0.695350 0.065984
v -0.573508 0.707598 0.065605
v -0.557739 0.700374 0.077393
v -0.557666 0.706995 0.076737
v -0.543647 0.700817 0.087167
v -0.556557 0.693798 0.077808
v -0.552671 0.692154 0.074244
v -0.539604 0.691544 0.087854
v -0.533215 0.690694 0.086454
v -0.535488 0.679750 0.091349
v -0.533249 0.692474 0.095883
v -0.531227 0.680598 0.095999
v -0.527504 0.693137 0.101038
v -0.535599 0.702608 0.095275
v -0.528038 0.703672 0.101847
v -0.536496 0.712124 0.092036
v -0.525605 0.712059 0.099106
v -0.535908 0.719454 0.090070
v -0.545487 0.708291 0.085560
v -0.535508 0.713583 0.085105
v -0.543357 0.711320 0.081181
v -0.535234 0.720488 0.084339
v -0.534898 0.713039 0.080788
v -0.534222 0.719873 0.080864
v -0.541120 0.713145 0.076718
v -0.552750 0.713425 0.069553
v -0.541138 0.719458 0.076450
v -0.542420 0.722269 0.078796
v -0.552555 0.719239 0.069290
v -0.568209 0.719531 0.058325
v -0.553731 0.723129 0.070825
v -0.569214 0.723770 0.060005
v -0.556874 0.723252 0.074982
v -0.572348 0.723689 0.064599
v -0.544594 0.722810 0.082945
v -0.559701 0.724477 0.079246
v -0.547181 0.724337 0.087611
v -0.575532 0.723608 0.069261
v -0.561040 0.729148 0.081747
v -0.576844 0.728827 0.071226
v -0.561017 0.734746 0.082148
v -0.548213 0.728681 0.090471
v -0.547734 0.733922 0.091241
v -0.537866 0.727705 0.099965
v -0.527418 0.727382 0.107158
v -0.537313 0.733289 0.100818
v -0.536862 0.723601 0.096049
v -0.526335 0.723100 0.104167
v -0.517411 0.722547 0.108815
v -0.524135 0.720633 0.099770
v -0.516689 0.720297 0.105230
v -0.518113 0.711939 0.104782
v -0.511800 0.720374 0.107175
v -0.505261 0.718547 0.099427
v -0.512072 0.711558 0.108358
v -0.509727 0.721849 0.108592
v -0.502382 0.720888 0.101731
v -0.507718 0.724925 0.111479
v -0.499792 0.724388 0.103810
v -0.505697 0.729482 0.113146
v -0.517502 0.726301 0.111658
v -0.517147 0.730780 0.113974
v -0.527746 0.732669 0.109258
v -0.515517 0.736141 0.112911
v -0.525618 0.737609 0.107776
v -0.504598 0.733799 0.112227
v -0.513358 0.739744 0.109190
v -0.510535 0.742127 0.104450
v -0.502634 0.737323 0.111237
v -0.522626 0.741441 0.104121
v -0.532113 0.742214 0.096810
v -0.519111 0.744419 0.099305
v -0.528203 0.744406 0.092199
v -0.514675 0.744896 0.092671
v -0.523533 0.744903 0.086173
v -0.509551 0.744070 0.085048
v -0.506997 0.744183 0.097551
v -0.499458 0.741238 0.101468
v -0.502918 0.743793 0.089168
v -0.497757 0.742554 0.079669
v -0.496858 0.741798 0.092651
v -0.493312 0.737674 0.094736
v -0.492268 0.741436 0.082813
v -0.488494 0.737714 0.085093
v -0.485027 0.741829 0.070463
v -0.476328 0.742249 0.054712
v -0.490679 0.742201 0.066829
v -0.480709 0.738327 0.073354
v -0.472143 0.738441 0.057834
v -0.480083 0.732106 0.073886
v -0.471786 0.732114 0.058664
v -0.487416 0.732215 0.085745
v -0.480823 0.725902 0.073830
v -0.483632 0.722008 0.072796
v -0.487676 0.726534 0.085675
v -0.472487 0.725875 0.058902
v -0.464775 0.725638 0.043164
v -0.476021 0.722684 0.057731
v -0.468822 0.723409 0.042135
v -0.481629 0.722704 0.055469
v -0.489721 0.722118 0.070061
v -0.474533 0.723337 0.040533
v -0.486653 0.721656 0.053422
v -0.478694 0.721659 0.039683
v -0.487094 0.716522 0.053853
v -0.494064 0.722195 0.068168
v -0.501577 0.721601 0.080571
v -0.495544 0.716554 0.067642
v -0.494203 0.712162 0.068902
v -0.502976 0.715488 0.079590
v -0.503321 0.712362 0.087956
v -0.500106 0.711687 0.077902
v -0.499085 0.711525 0.081869
v -0.496708 0.705076 0.083051
v -0.490483 0.710579 0.071452
v -0.490950 0.704507 0.073160
v -0.482735 0.710128 0.059882
v -0.475472 0.710554 0.047901
v -0.484336 0.703755 0.062840
v -0.485429 0.712843 0.055902
v -0.477561 0.713551 0.042833
v -0.479274 0.716570 0.040359
v -0.471472 0.714204 0.031181
v -0.467181 0.714596 0.022820
v -0.473617 0.716580 0.028142
v -0.469481 0.711298 0.036664
v -0.465329 0.711786 0.027527
v -0.471098 0.705571 0.040368
v -0.466772 0.706310 0.030454
v -0.477614 0.703893 0.051928
v -0.473955 0.699104 0.043231
v -0.474012 0.695132 0.042964
v -0.468867 0.701026 0.033142
v -0.481237 0.695162 0.056539
v -0.485878 0.688693 0.063487
v -0.480645 0.692115 0.050534
v -0.487454 0.696564 0.066403
v -0.491402 0.690967 0.067838
v -0.493290 0.698076 0.074803
v -0.497613 0.694555 0.075330
v -0.498192 0.698003 0.084116
v -0.501690 0.696141 0.093021
v -0.507354 0.694764 0.100882
v -0.500100 0.704639 0.091520
v -0.505318 0.703563 0.099963
v -0.506387 0.711871 0.097305
v -0.512946 0.703078 0.106293
v -0.514614 0.693585 0.106886
v -0.520909 0.703536 0.106012
v -0.521363 0.693277 0.104559
v -0.521292 0.681476 0.102831
v -0.526252 0.681069 0.099466
v -0.521667 0.669265 0.102746
v -0.516235 0.681983 0.105736
v -0.510326 0.683130 0.101686
v -0.517168 0.669633 0.105650
v -0.517475 0.658606 0.105789
v -0.517747 0.649057 0.105869
v -0.522130 0.658230 0.102703
v -0.526825 0.657892 0.099404
v -0.522706 0.648599 0.102643
v -0.525325 0.639967 0.105174
v -0.527512 0.648039 0.099199
v -0.529922 0.640358 0.101480
v -0.532304 0.647860 0.095757
v -0.534649 0.640505 0.098508
v -0.531584 0.657754 0.095989
v -0.536747 0.647762 0.092100
v -0.539149 0.640674 0.093266
v -0.539886 0.648125 0.083790
v -0.536285 0.657763 0.092252
v -0.538236 0.657424 0.085047
v -0.535505 0.668478 0.092760
v -0.537129 0.667982 0.085960
v -0.530965 0.668702 0.096172
v -0.526336 0.668940 0.099483
v -0.543405 0.667559 0.078397
v -0.535482 0.679190 0.086472
v -0.539368 0.678419 0.079362
v -0.530245 0.690265 0.082588
v -0.546784 0.641032 0.082802
v -0.538174 0.634366 0.092662
v -0.529860 0.633261 0.100747
v -0.502774 0.694221 0.073667
v -0.497753 0.695113 0.066143
v -0.492145 0.695942 0.057878
v -0.501008 0.675479 0.069027
v -0.494722 0.676428 0.059747
v -0.496017 0.658331 0.061079
v -0.487686 0.677193 0.048569
v -0.488565 0.658644 0.049234
v -0.485913 0.696634 0.048306
v -0.481582 0.677549 0.037046
v -0.482261 0.658856 0.037609
v -0.476810 0.677352 0.027198
v -0.480563 0.697162 0.036505
v -0.478050 0.692319 0.039172
v -0.473365 0.696419 0.035278
v -0.475721 0.697308 0.025847
v -0.468745 0.696881 0.025856
v -0.471889 0.697430 0.017381
v -0.468781 0.697530 0.010516
v -0.473169 0.677187 0.019408
v -0.464852 0.696936 0.018190
v -0.462184 0.696020 0.011804
v -0.461796 0.700348 0.016839
v -0.459581 0.706277 0.015879
v -0.464887 0.701059 0.024156
v -0.459758 0.696597 0.009687
v -0.459677 0.683808 0.007314
v -0.456532 0.705388 0.010365
v -0.456427 0.695761 0.004194
v -0.457141 0.682259 0.002591
v -0.453771 0.705674 0.005312
v -0.454512 0.694915 -0.000615
v -0.454996 0.680764 -0.002001
v -0.454478 0.693701 -0.004752
v -0.451692 0.705313 0.000353
v -0.450601 0.704695 -0.004464
v -0.450695 0.712953 0.001442
v -0.448302 0.712960 -0.003798
v -0.452932 0.712598 0.006345
v -0.454478 0.718262 0.000444
v -0.453774 0.717786 -0.006880
v -0.456984 0.717699 0.006350
v -0.450996 0.725160 0.001601
v -0.457363 0.724243 0.011724
v -0.446742 0.729472 0.003092
v -0.449166 0.725592 -0.007498
v -0.458023 0.725370 -0.015899
v -0.445368 0.729752 -0.008136
v -0.454837 0.729294 -0.018172
v -0.445282 0.734275 -0.009161
v -0.454334 0.734152 -0.018287
v -0.445722 0.734487 0.003318
v -0.445625 0.738600 -0.008907
v -0.447115 0.742139 -0.008310
v -0.445505 0.739319 0.003576
v -0.454348 0.739095 -0.017400
v -0.464973 0.740780 -0.024685
v -0.455716 0.742925 -0.015344
v -0.460311 0.744645 -0.010213
v -0.466868 0.744969 -0.020749
v -0.470973 0.745358 -0.015131
v -0.479931 0.745726 -0.028212
v -0.495685 0.746366 -0.037860
v -0.477438 0.741865 -0.032695
v -0.483649 0.745789 -0.021804
v -0.487862 0.745739 -0.015287
v -0.500116 0.746225 -0.031309
v -0.504611 0.746150 -0.024703
v -0.519311 0.746691 -0.043194
v -0.524025 0.746504 -0.036146
v -0.538709 0.747224 -0.054915
v -0.514721 0.746862 -0.049983
v -0.534370 0.747399 -0.061551
v -0.512262 0.743067 -0.053552
v -0.531874 0.743584 -0.065403
v -0.511879 0.736553 -0.053884
v -0.493194 0.742376 -0.041947
v -0.493172 0.735743 -0.042582
v -0.477561 0.735285 -0.033210
v -0.493133 0.729109 -0.042788
v -0.496005 0.726649 -0.037357
v -0.477999 0.728832 -0.033256
v -0.511539 0.730370 -0.054009
v -0.531332 0.730859 -0.065734
v -0.514088 0.727646 -0.049332
v -0.533528 0.728165 -0.061508
v -0.517203 0.727418 -0.043770
v -0.498373 0.726566 -0.031316
v -0.518132 0.722621 -0.041639
v -0.536609 0.728139 -0.056072
v -0.555929 0.728423 -0.067631
v -0.537672 0.723038 -0.054272
v -0.535772 0.719529 -0.057296
v -0.556865 0.723386 -0.066630
v -0.574409 0.723072 -0.077760
v -0.554999 0.720260 -0.070151
v -0.553392 0.716283 -0.073382
v -0.572710 0.720559 -0.081523
v -0.587216 0.720765 -0.091074
v -0.571521 0.716648 -0.084745
v -0.585927 0.717115 -0.093553
v -0.571936 0.709954 -0.085814
v -0.586613 0.711076 -0.094445
v -0.553538 0.709499 -0.074443
v -0.573718 0.704964 -0.085058
v -0.555044 0.703936 -0.073525
v -0.577794 0.704054 -0.079776
v -0.588400 0.706144 -0.093769
v -0.597276 0.705184 -0.098793
v -0.594860 0.704510 -0.090956
v -0.596697 0.673761 -0.091892
v -0.598706 0.690497 -0.097352
v -0.598998 0.656850 -0.097524
v -0.604236 0.690585 -0.101106
v -0.603370 0.704025 -0.102410
v -0.604282 0.668678 -0.100990
v -0.609312 0.690720 -0.104478
v -0.608821 0.703481 -0.105063
v -0.614364 0.690352 -0.107201
v -0.609290 0.673809 -0.104161
v -0.614457 0.675288 -0.106557
v -0.609314 0.658192 -0.104318
v -0.604508 0.652719 -0.101193
v -0.614376 0.661737 -0.106753
v -0.609534 0.647422 -0.105791
v -0.605502 0.642679 -0.111578
v -0.614259 0.650627 -0.107465
v -0.601800 0.644820 -0.104793
v -0.594344 0.643218 -0.102232
v -0.600147 0.640817 -0.107628
v -0.594345 0.638362 -0.102485
v -0.600327 0.634755 -0.107433
v -0.594632 0.633050 -0.101440
v -0.606004 0.636254 -0.111357
v -0.600845 0.628770 -0.106042
v -0.606421 0.630091 -0.110903
v -0.612067 0.630849 -0.115008
v -0.609932 0.629217 -0.106939
v -0.613969 0.629307 -0.102263
v -0.615510 0.629663 -0.110755
v -0.620340 0.632505 -0.113345
v -0.619052 0.631711 -0.104878
v -0.623262 0.634965 -0.106218
v -0.623314 0.631944 -0.097965
v -0.627565 0.635724 -0.098883
v -0.618174 0.629612 -0.096301
v -0.628183 0.631381 -0.090198
v -0.622927 0.629591 -0.088003
v -0.634406 0.630195 -0.080890
v -0.632309 0.635532 -0.091457
v -0.633164 0.641281 -0.090821
v -0.637522 0.635707 -0.081446
v -0.638624 0.641928 -0.080390
v -0.644518 0.636772 -0.068193
v -0.645736 0.643032 -0.065829
v -0.650826 0.636532 -0.054999
v -0.641382 0.631164 -0.068232
v -0.647717 0.631742 -0.054998
v -0.636047 0.629413 -0.066927
v -0.642801 0.629503 -0.053957
v -0.628862 0.629018 -0.078695
v -0.648375 0.629722 -0.041395
v -0.637392 0.628757 -0.052608
v -0.643337 0.628879 -0.040254
v -0.647864 0.628873 -0.029759
v -0.638166 0.628597 -0.038831
v -0.642582 0.628551 -0.028442
v -0.638095 0.637975 -0.039842
v -0.642609 0.638293 -0.029371
v -0.640843 0.647032 -0.042317
v -0.645414 0.646941 -0.031617
v -0.639945 0.659603 -0.044207
v -0.644504 0.659192 -0.033039
v -0.647458 0.659012 -0.025330
v -0.643476 0.673994 -0.034599
v -0.646545 0.673516 -0.026458
v -0.645541 0.688808 -0.027547
v -0.649973 0.658851 -0.019535
v -0.648181 0.646856 -0.024553
v -0.650368 0.646755 -0.019135
v -0.644905 0.638771 -0.022200
v -0.645155 0.639434 -0.015422
v -0.644883 0.628496 -0.020504
v -0.650374 0.628787 -0.020744
v -0.644550 0.628369 -0.014615
v -0.641077 0.628133 -0.008994
v -0.651596 0.629106 -0.013394
v -0.650959 0.629220 -0.002833
v -0.657440 0.629414 -0.013058
v -0.658896 0.631885 -0.004721
v -0.655648 0.629662 -0.021344
v -0.662889 0.631171 -0.013184
v -0.667907 0.634687 -0.013440
v -0.664094 0.634029 -0.004692
v -0.660204 0.631602 -0.022092
v -0.656838 0.631942 -0.031740
v -0.664105 0.634909 -0.022683
v -0.660126 0.635448 -0.032356
v -0.666102 0.639631 -0.022409
v -0.669261 0.639731 -0.011916
v -0.665751 0.645512 -0.021392
v -0.661596 0.640048 -0.032311
v -0.660802 0.644254 -0.031560
v -0.657077 0.640987 -0.042717
v -0.652479 0.641977 -0.053617
v -0.654735 0.643358 -0.040877
v -0.655899 0.636032 -0.042831
v -0.652885 0.632072 -0.042348
v -0.650419 0.643096 -0.037987
v -0.649067 0.643894 -0.049600
v -0.643645 0.646517 -0.059934
v -0.645617 0.642749 -0.046937
v -0.642349 0.644331 -0.053327
v -0.644005 0.647078 -0.045841
v -0.642936 0.650385 -0.053022
v -0.648348 0.645546 -0.037134
v -0.644308 0.654118 -0.045101
v -0.645743 0.662916 -0.044216
v -0.645068 0.658523 -0.053273
v -0.648474 0.650651 -0.037720
v -0.654627 0.655896 -0.031471
v -0.648977 0.657621 -0.038567
v -0.652889 0.664848 -0.033432
v -0.651318 0.675149 -0.036088
v -0.658845 0.671984 -0.020191
v -0.658293 0.682900 -0.020515
v -0.659975 0.661745 -0.019832
v -0.664890 0.673401 -0.012096
v -0.668350 0.673498 -0.004365
v -0.665079 0.663560 -0.011823
v -0.664613 0.683386 -0.011850
v -0.665361 0.692718 -0.009997
v -0.667985 0.683259 -0.004443
v -0.663191 0.683278 -0.000381
v -0.667569 0.691979 -0.004073
v -0.664449 0.693436 -0.001233
v -0.670333 0.705536 -0.003919
v -0.657540 0.693137 0.003534
v -0.648930 0.695255 0.005292
v -0.657097 0.683382 0.003896
v -0.659386 0.699759 0.003111
v -0.651855 0.700351 0.008011
v -0.640124 0.699595 0.015405
v -0.654730 0.705564 0.008126
v -0.640835 0.704623 0.015084
v -0.655316 0.711196 0.008824
v -0.656121 0.718027 0.007215
v -0.641508 0.709639 0.013982
v -0.665977 0.712241 0.000557
v -0.662467 0.718210 0.002698
v -0.665228 0.709748 -0.017382
v -0.664117 0.716969 -0.014146
v -0.659322 0.700367 -0.021321
v -0.656228 0.707560 -0.031985
v -0.657634 0.716118 -0.025185
v -0.651832 0.708311 -0.041896
v -0.644786 0.690151 -0.040951
v -0.642339 0.674815 -0.055561
v -0.643141 0.692714 -0.052987
v -0.649030 0.684866 -0.038265
v -0.646255 0.669299 -0.049472
v -0.658297 0.692854 -0.020464
v -0.639612 0.678407 -0.062979
v -0.641759 0.701537 -0.056224
v -0.636991 0.689803 -0.059161
v -0.633252 0.679738 -0.067650
v -0.632451 0.693174 -0.064697
v -0.637299 0.701456 -0.054617
v -0.631228 0.702473 -0.065476
v -0.634845 0.702951 -0.067845
v -0.626789 0.702409 -0.077872
v -0.628187 0.700155 -0.078210
v -0.628996 0.689141 -0.072994
v -0.630797 0.686218 -0.077337
v -0.632939 0.676025 -0.074602
v -0.624929 0.681104 -0.083023
v -0.625781 0.693303 -0.086086
v -0.623437 0.678576 -0.092176
v -0.625933 0.670244 -0.082358
v -0.627134 0.660862 -0.083201
v -0.623525 0.667067 -0.092783
v -0.621493 0.665196 -0.099422
v -0.623900 0.657374 -0.093572
v -0.621498 0.654940 -0.100099
v -0.624695 0.649157 -0.094228
v -0.627657 0.652145 -0.085654
v -0.627785 0.644183 -0.096198
v -0.621765 0.647209 -0.101224
v -0.617701 0.644694 -0.110007
v -0.625012 0.644157 -0.104774
v -0.621774 0.643545 -0.115491
v -0.626204 0.640279 -0.106186
v -0.621091 0.637997 -0.115466
v -0.630054 0.640963 -0.098592
v -0.615623 0.637237 -0.118078
v -0.617483 0.630329 -0.118776
v -0.611157 0.637331 -0.115127
v -0.611394 0.645096 -0.112291
v -0.618171 0.652950 -0.105882
v -0.618551 0.663573 -0.104767
v -0.618755 0.676471 -0.104346
v -0.618656 0.690252 -0.104306
v -0.621448 0.677593 -0.098851
v -0.621264 0.690262 -0.098879
v -0.623412 0.690765 -0.093007
v -0.621655 0.702434 -0.099547
v -0.623940 0.702743 -0.094414
v -0.621461 0.712184 -0.100232
v -0.618285 0.702421 -0.104122
v -0.618257 0.711845 -0.104276
v -0.613943 0.702727 -0.107571
v -0.613659 0.711368 -0.106842
v -0.613278 0.719857 -0.106067
v -0.607979 0.710739 -0.107107
v -0.602717 0.710865 -0.104540
v -0.606703 0.721402 -0.106821
v -0.602885 0.717575 -0.105268
v -0.607919 0.728325 -0.105124
v -0.603626 0.724082 -0.102657
v -0.603103 0.720974 -0.103675
v -0.603262 0.728169 -0.101871
v -0.598109 0.724247 -0.098268
v -0.598133 0.727864 -0.098133
v -0.589965 0.723345 -0.087123
v -0.596878 0.721201 -0.099341
v -0.595833 0.717092 -0.100346
v -0.595851 0.711316 -0.100476
v -0.590027 0.727828 -0.086751
v -0.586659 0.729383 -0.091276
v -0.574303 0.727662 -0.077202
v -0.571369 0.728884 -0.082379
v -0.568876 0.732069 -0.086572
v -0.553018 0.728603 -0.072847
v -0.550947 0.731426 -0.076648
v -0.550921 0.737725 -0.076679
v -0.551122 0.744189 -0.076382
v -0.568882 0.738128 -0.086269
v -0.531511 0.737152 -0.065704
v -0.583957 0.738259 -0.094036
v -0.569044 0.744444 -0.086053
v -0.570901 0.748205 -0.082943
v -0.584165 0.744351 -0.093850
v -0.585844 0.748116 -0.091324
v -0.594685 0.743097 -0.099373
v -0.594386 0.737942 -0.100664
v -0.600211 0.742030 -0.103934
v -0.595676 0.747638 -0.097172
v -0.601542 0.746701 -0.101905
v -0.597590 0.749503 -0.093336
v -0.603821 0.749342 -0.098275
v -0.600144 0.750170 -0.088681
v -0.588407 0.748427 -0.086673
v -0.591273 0.748354 -0.081540
v -0.574189 0.748129 -0.077380
v -0.557197 0.747757 -0.066583
v -0.577981 0.748030 -0.071122
v -0.561201 0.747625 -0.060203
v -0.581670 0.746642 -0.065408
v -0.585003 0.744611 -0.061205
v -0.565282 0.744309 -0.054507
v -0.594586 0.748170 -0.076359
v -0.597777 0.745088 -0.071504
v -0.603049 0.749679 -0.083468
v -0.606580 0.748073 -0.077080
v -0.608941 0.750575 -0.087443
v -0.611647 0.749201 -0.079784
v -0.613823 0.750169 -0.090184
v -0.606405 0.750374 -0.093435
v -0.611257 0.749754 -0.096515
v -0.615577 0.748179 -0.098744
v -0.608675 0.748388 -0.101753
v -0.606221 0.745201 -0.105595
v -0.612897 0.746810 -0.104293
v -0.610043 0.743805 -0.108399
v -0.615518 0.743569 -0.105249
v -0.616877 0.740196 -0.105530
v -0.613030 0.742347 -0.108524
v -0.618364 0.744646 -0.099957
v -0.621340 0.745108 -0.094243
v -0.619883 0.740563 -0.100677
v -0.620223 0.736579 -0.100832
v -0.622771 0.740609 -0.094949
v -0.623239 0.736092 -0.095170
v -0.625537 0.740171 -0.088431
v -0.625829 0.735315 -0.088812
v -0.623992 0.744572 -0.087274
v -0.630119 0.739343 -0.081076
v -0.628700 0.744152 -0.079548
v -0.636539 0.738361 -0.071549
v -0.629781 0.733898 -0.080997
v -0.627706 0.728842 -0.080195
v -0.636029 0.732267 -0.071118
v -0.632748 0.727547 -0.069139
v -0.644373 0.730948 -0.060008
v -0.652672 0.730097 -0.047792
v -0.639355 0.727530 -0.057110
v -0.645158 0.737250 -0.059740
v -0.644231 0.743337 -0.058251
v -0.654034 0.736471 -0.047200
v -0.661695 0.735486 -0.035608
v -0.653536 0.743032 -0.045227
v -0.661305 0.742159 -0.033372
v -0.649489 0.746535 -0.041078
v -0.656925 0.745692 -0.028980
v -0.640280 0.746638 -0.054814
v -0.644104 0.746753 -0.036162
v -0.634752 0.747113 -0.050698
v -0.638374 0.746729 -0.031594
v -0.651091 0.746382 -0.024068
v -0.656314 0.745961 -0.014418
v -0.645334 0.746414 -0.018911
v -0.639652 0.742673 -0.014292
v -0.650137 0.745963 -0.008961
v -0.653828 0.745666 -0.001667
v -0.643436 0.745851 -0.003082
v -0.633039 0.744134 0.004399
v -0.646658 0.745521 0.004527
v -0.637392 0.745113 0.012826
v -0.650121 0.745095 0.011227
v -0.640659 0.744953 0.019288
v -0.657256 0.744749 0.004786
v -0.653254 0.742878 0.017002
v -0.659999 0.742099 0.010596
v -0.643214 0.741485 0.023905
v -0.653402 0.736443 0.019447
v -0.643789 0.735452 0.025225
v -0.651567 0.730016 0.018563
v -0.660619 0.736188 0.014130
v -0.658293 0.730098 0.013526
v -0.666604 0.735712 0.009312
v -0.666392 0.741806 0.005826
v -0.672325 0.734578 0.004632
v -0.664450 0.729591 0.008835
v -0.659578 0.726923 0.005872
v -0.669935 0.729246 0.002821
v -0.666657 0.725362 -0.001770
v -0.675315 0.729108 -0.001893
v -0.672628 0.727964 -0.007811
v -0.678919 0.732163 -0.006049
v -0.676297 0.732871 0.001935
v -0.677442 0.736747 -0.002259
v -0.675242 0.738533 -0.008882
v -0.672639 0.740242 0.001446
v -0.670554 0.743152 -0.004621
v -0.663991 0.744522 -0.000162
v -0.666668 0.744284 -0.011607
v -0.671102 0.739729 -0.015351
v -0.662283 0.744743 -0.019244
v -0.660448 0.745538 -0.007030
v -0.666900 0.741025 -0.023322
v -0.667815 0.734309 -0.025548
v -0.665179 0.728890 -0.025434
v -0.672609 0.732984 -0.017305
v -0.669800 0.728155 -0.015797
v -0.676572 0.732070 -0.010628
v -0.664723 0.725112 -0.012889
v -0.664017 0.721072 -0.012260
v -0.659663 0.725889 -0.023244
v -0.653159 0.726585 -0.033898
v -0.656349 0.721204 -0.021879
v -0.648540 0.721704 -0.032682
v -0.642789 0.722519 -0.044338
v -0.651207 0.717401 -0.036311
v -0.645553 0.717614 -0.046679
v -0.648255 0.710725 -0.048806
v -0.639662 0.718125 -0.057812
v -0.633043 0.719251 -0.069586
v -0.642760 0.712504 -0.059822
v -0.636951 0.722186 -0.056124
v -0.630212 0.722067 -0.068033
v -0.624961 0.723420 -0.080112
v -0.627702 0.719447 -0.081182
v -0.624068 0.725707 -0.089103
v -0.624860 0.720140 -0.089416
v -0.621906 0.726827 -0.094928
v -0.624686 0.730716 -0.088741
v -0.622495 0.731805 -0.095049
v -0.620073 0.732541 -0.100687
v -0.617944 0.733540 -0.105411
v -0.619004 0.727654 -0.099910
v -0.616154 0.728343 -0.103989
v -0.620005 0.720658 -0.100103
v -0.616891 0.720212 -0.103818
v -0.622590 0.720620 -0.095383
v -0.624105 0.712491 -0.095480
v -0.626737 0.712901 -0.089649
v -0.630656 0.713654 -0.081821
v -0.626539 0.703913 -0.088434
v -0.630821 0.706114 -0.080651
v -0.636690 0.707306 -0.070945
v -0.642134 0.706947 -0.061970
v -0.636680 0.713798 -0.071488
v -0.613125 0.728976 -0.107405
v -0.612785 0.731580 -0.112952
v -0.615701 0.734300 -0.109628
v -0.611611 0.734734 -0.112433
v -0.615133 0.737130 -0.109745
v -0.610242 0.737304 -0.111231
v -0.617740 0.736852 -0.105660
v -0.613839 0.739840 -0.109512
v -0.609619 0.740296 -0.109938
v -0.604881 0.741191 -0.107702
v -0.604627 0.737115 -0.108568
v -0.605027 0.733491 -0.108906
v -0.599715 0.737519 -0.104786
v -0.599450 0.733099 -0.105356
v -0.594036 0.733043 -0.101466
v -0.600867 0.729888 -0.104315
v -0.595719 0.729572 -0.100138
v -0.606077 0.730120 -0.108085
v -0.583915 0.732529 -0.094262
v -0.646669 0.727520 -0.045269
v -0.659216 0.729322 -0.035990
v -0.663348 0.721917 0.001074
v -0.657091 0.722636 0.005726
v -0.650532 0.721970 0.008838
v -0.643694 0.715285 0.010167
v -0.645077 0.721043 0.008911
v -0.654612 0.726120 0.010860
v -0.648283 0.725784 0.014818
v -0.639773 0.725354 0.019690
v -0.636580 0.722094 0.015214
v -0.626667 0.724686 0.028636
v -0.642442 0.729468 0.023611
v -0.630120 0.726008 0.032949
v -0.612473 0.725175 0.044780
v -0.630913 0.732387 0.034598
v -0.629344 0.738182 0.032981
v -0.613255 0.730229 0.045947
v -0.612940 0.736846 0.045211
v -0.595014 0.729644 0.059176
v -0.594689 0.736533 0.058999
v -0.593860 0.724337 0.057200
v -0.590650 0.724414 0.052471
v -0.609096 0.725111 0.039921
v -0.587274 0.724506 0.047591
v -0.605512 0.725135 0.034731
v -0.586106 0.719863 0.045692
v -0.586716 0.713696 0.046245
v -0.604286 0.721186 0.032510
v -0.604342 0.715560 0.032279
v -0.621592 0.719655 0.021127
v -0.621555 0.715064 0.020685
v -0.632133 0.718972 0.014656
v -0.623851 0.723170 0.024102
v -0.635815 0.715179 0.011220
v -0.625419 0.714132 0.023414
v -0.608088 0.714348 0.037036
v -0.626426 0.709586 0.025723
v -0.589903 0.713743 0.050616
v -0.571727 0.712478 0.063286
v -0.555455 0.711357 0.073475
v -0.568566 0.713798 0.058487
v -0.592924 0.741908 0.056872
v -0.576524 0.735179 0.071143
v -0.574775 0.740043 0.069341
v -0.571189 0.742559 0.064948
v -0.559543 0.740021 0.080795
v -0.555707 0.742198 0.076652
v -0.546173 0.739113 0.090572
v -0.535497 0.738610 0.099908
v -0.542693 0.741776 0.087315
v -0.538559 0.742032 0.083096
v -0.551439 0.742473 0.072210
v -0.533878 0.742015 0.078271
v -0.528785 0.741762 0.072910
v -0.546885 0.742622 0.067884
v -0.562898 0.743305 0.055149
v -0.542345 0.739614 0.063405
v -0.558091 0.740286 0.049638
v -0.534145 0.739671 0.054051
v -0.549871 0.740346 0.039580
v -0.524339 0.739552 0.040411
v -0.521964 0.739280 0.064554
v -0.511980 0.739962 0.072607
v -0.512689 0.739059 0.051093
v -0.503226 0.738815 0.059017
v -0.501696 0.738890 0.034864
v -0.493243 0.738685 0.042175
v -0.513958 0.739377 0.024291
v -0.492088 0.741014 0.020336
v -0.505506 0.741220 0.011257
v -0.483109 0.739763 0.026445
v -0.484934 0.741505 0.008630
v -0.474765 0.741554 0.014947
v -0.498434 0.741982 0.000485
v -0.478658 0.742476 -0.002430
v -0.491843 0.742264 -0.009481
v -0.475211 0.745173 -0.008631
v -0.469326 0.744153 0.004570
v -0.465005 0.744802 -0.003339
v -0.462215 0.744270 0.008951
v -0.456107 0.744289 0.000392
v -0.455692 0.743941 0.011954
v -0.468972 0.743779 0.018663
v -0.478428 0.743649 0.030826
v -0.462878 0.744015 0.022420
v -0.472615 0.743483 0.035239
v -0.457305 0.743296 0.026210
v -0.450941 0.741253 0.014479
v -0.455788 0.737070 0.027912
v -0.466715 0.742971 0.039652
v -0.463280 0.738312 0.042349
v -0.463746 0.731773 0.042852
v -0.456663 0.730179 0.028472
v -0.450741 0.728939 0.014786
v -0.460255 0.724243 0.028067
v -0.464464 0.723894 0.027557
v -0.461840 0.724266 0.015265
v -0.469577 0.723957 0.026806
v -0.472912 0.721707 0.027058
v -0.465798 0.724118 0.016891
v -0.469231 0.721409 0.016375
v -0.462390 0.715628 0.011896
v -0.466603 0.719738 0.008839
v -0.463528 0.715247 0.016467
v -0.459044 0.711825 0.014836
v -0.458678 0.717131 0.010185
v -0.455258 0.712075 0.011084
v -0.462113 0.711913 0.020448
v -0.462930 0.706462 0.022310
v -0.465798 0.715538 0.008802
v -0.469899 0.716408 0.018200
v -0.450042 0.735352 0.015244
v -0.482437 0.742821 0.050484
v -0.488711 0.743077 0.046301
v -0.496683 0.741964 0.063506
v -0.503621 0.742556 0.076318
v -0.449021 0.743145 0.002454
v -0.452107 0.743975 -0.006641
v -0.508669 0.742761 -0.018337
v -0.528741 0.743287 -0.029482
v -0.514748 0.742522 -0.009143
v -0.521316 0.742310 0.000443
v -0.534334 0.743095 -0.021316
v -0.553234 0.743657 -0.034617
v -0.540173 0.742901 -0.013009
v -0.547061 0.740782 -0.003725
v -0.559064 0.743516 -0.027135
v -0.576013 0.743949 -0.041107
v -0.565428 0.741168 -0.019501
v -0.574252 0.741639 -0.008700
v -0.582096 0.743428 -0.035006
v -0.591382 0.742242 -0.024060
v -0.596608 0.743466 -0.046621
v -0.608114 0.743892 -0.053932
v -0.590291 0.744266 -0.054219
v -0.605530 0.742745 -0.033855
v -0.616356 0.742530 -0.016641
v -0.616317 0.743069 -0.039978
v -0.625437 0.742757 -0.022818
v -0.624478 0.743256 -0.044463
v -0.616680 0.743934 -0.058785
v -0.633573 0.742987 -0.028068
v -0.629140 0.747103 -0.047020
v -0.620876 0.747467 -0.060787
v -0.615554 0.748141 -0.070691
v -0.626136 0.747464 -0.064041
v -0.620755 0.748221 -0.073807
v -0.631344 0.746860 -0.067509
v -0.625416 0.747090 -0.076901
v -0.635255 0.743829 -0.070452
v -0.620998 0.747961 -0.085282
v -0.618259 0.748834 -0.092543
v -0.616664 0.749133 -0.082635
v -0.612071 0.746034 -0.068940
v -0.602684 0.744692 -0.063161
v -0.631249 0.742602 -0.009622
v -0.624386 0.742447 -0.004589
v -0.628164 0.742696 0.004992
v -0.612857 0.742028 0.004449
v -0.619149 0.744026 0.012365
v -0.595660 0.741522 0.018546
v -0.603866 0.742169 -0.007549
v -0.585885 0.741623 0.005691
v -0.567277 0.740980 0.022813
v -0.576062 0.740906 0.034316
v -0.556410 0.740984 0.008648
v -0.539052 0.740254 0.025607
v -0.528899 0.740089 0.011335
v -0.581341 0.743845 0.041268
v -0.585518 0.743643 0.046598
v -0.601101 0.744178 0.026476
v -0.603935 0.744089 0.031481
v -0.621129 0.745368 0.017239
v -0.607664 0.743452 0.037183
v -0.624372 0.745141 0.023992
v -0.610968 0.741806 0.042080
v -0.589479 0.743369 0.051987
v -0.627088 0.742827 0.029182
v -0.567149 0.743090 0.060036
v -0.570080 0.744142 -0.048236
v -0.547895 0.743812 -0.041899
v -0.543386 0.747031 -0.048093
v -0.518323 0.743261 0.079661
v -0.553377 0.747919 -0.072780
v -0.629978 0.645359 -0.087960
v -0.634603 0.646101 -0.075407
v -0.632460 0.655191 -0.073159
v -0.641297 0.653974 -0.061382
v -0.635236 0.667491 -0.071476
v -0.641228 0.663681 -0.061134
v -0.637687 0.696833 0.012565
v -0.633468 0.696579 0.007719
v -0.635339 0.682176 0.009505
v -0.644906 0.697424 -0.001663
v -0.646242 0.683458 0.000507
v -0.650306 0.683832 0.006130
v -0.647724 0.672254 0.002448
v -0.636528 0.670991 0.010921
v -0.652371 0.673223 0.006760
v -0.648306 0.663038 0.003006
v -0.648587 0.655098 0.003186
v -0.637156 0.661777 0.011338
v -0.652749 0.663594 0.006764
v -0.652429 0.655048 0.006565
v -0.657765 0.663902 0.003910
v -0.657983 0.655591 0.003999
v -0.657432 0.673419 0.003855
v -0.663225 0.664197 0.000097
v -0.663048 0.673419 -0.000028
v -0.668503 0.664302 -0.004320
v -0.663347 0.656162 0.000233
v -0.668308 0.656820 -0.004332
v -0.663565 0.649695 0.000277
v -0.658522 0.648099 0.004088
v -0.663926 0.644220 0.000149
v -0.667541 0.650133 -0.003967
v -0.667275 0.645514 -0.003868
v -0.667154 0.650389 -0.010325
v -0.662369 0.648503 -0.020124
v -0.665803 0.656141 -0.011373
v -0.669043 0.646462 -0.009502
v -0.660964 0.653935 -0.019638
v -0.656150 0.649097 -0.029733
v -0.658079 0.645023 -0.028977
v -0.667884 0.640185 -0.003902
v -0.667721 0.635978 -0.006147
v -0.664205 0.639060 -0.000920
v -0.659809 0.637264 0.001538
v -0.659337 0.642477 0.003760
v -0.654133 0.635577 0.004754
v -0.643723 0.634062 0.013128
v -0.653093 0.640734 0.007624
v -0.650987 0.645706 0.006186
v -0.643667 0.639827 0.014733
v -0.640955 0.643169 0.012789
v -0.638611 0.646705 0.010846
v -0.627834 0.642861 0.022073
v -0.625413 0.645612 0.020308
v -0.624635 0.652541 0.020797
v -0.608599 0.644441 0.032507
v -0.608157 0.651251 0.032825
v -0.607762 0.658818 0.033138
v -0.590407 0.650229 0.045697
v -0.624083 0.660305 0.021220
v -0.607341 0.667316 0.033315
v -0.623442 0.669246 0.021085
v -0.622399 0.679957 0.020108
v -0.637770 0.653676 0.011233
v -0.648841 0.647907 0.003350
v -0.643369 0.628368 0.011388
v -0.632019 0.627647 -0.002193
v -0.632334 0.635004 -0.001070
v -0.640627 0.636123 -0.007940
v -0.634471 0.640481 0.002171
v -0.642307 0.641024 -0.005176
v -0.636784 0.647422 0.006196
v -0.635884 0.657545 0.006177
v -0.643778 0.647377 -0.001481
v -0.643272 0.658139 -0.000235
v -0.649286 0.646657 -0.006007
v -0.653349 0.647905 -0.008780
v -0.647970 0.642130 -0.010909
v -0.652463 0.646183 -0.014083
v -0.652554 0.629778 -0.030807
v -0.584417 0.636645 -0.096097
v -0.585690 0.640799 -0.097018
v -0.568358 0.636001 -0.086879
v -0.568836 0.640722 -0.087517
v -0.549382 0.635636 -0.075212
v -0.529273 0.634827 -0.062212
v -0.549720 0.640524 -0.075667
v -0.551330 0.643890 -0.074253
v -0.529705 0.639734 -0.062400
v -0.531274 0.643549 -0.060859
v -0.511121 0.639330 -0.049896
v -0.512615 0.643012 -0.048551
v -0.494288 0.639434 -0.039156
v -0.510502 0.634413 -0.049804
v -0.494007 0.634274 -0.038742
v -0.479884 0.633879 -0.029328
v -0.470138 0.633511 -0.023440
v -0.478797 0.638856 -0.028878
v -0.478726 0.642616 -0.026927
v -0.469752 0.638234 -0.023325
v -0.463688 0.638720 -0.019571
v -0.469859 0.642348 -0.021453
v -0.471903 0.644982 -0.017555
v -0.464984 0.642890 -0.017649
v -0.467168 0.646185 -0.014260
v -0.460107 0.643062 -0.014588
v -0.462799 0.647592 -0.011495
v -0.452605 0.641942 -0.009348
v -0.458818 0.638912 -0.016217
v -0.452327 0.638479 -0.011787
v -0.458717 0.634149 -0.016475
v -0.453543 0.634586 -0.013325
v -0.463828 0.633695 -0.019765
v -0.458991 0.629098 -0.016140
v -0.454269 0.629778 -0.013572
v -0.464234 0.628687 -0.019361
v -0.470652 0.628578 -0.023217
v -0.449822 0.630526 -0.011226
v -0.455282 0.625777 -0.011079
v -0.451391 0.625939 -0.009668
v -0.453290 0.625738 -0.003566
v -0.447804 0.627188 -0.008925
v -0.450224 0.628859 -0.001654
v -0.446977 0.632688 -0.005998
v -0.449783 0.636162 -0.000301
v -0.446432 0.638897 -0.004683
v -0.448466 0.641856 -0.006209
v -0.455320 0.647205 -0.002178
v -0.447862 0.635534 -0.010270
v -0.447812 0.638317 -0.010155
v -0.455123 0.648662 -0.006519
v -0.458775 0.652233 0.004466
v -0.456360 0.665925 0.000211
v -0.459467 0.668528 0.006049
v -0.454850 0.664341 -0.004879
v -0.458266 0.662613 -0.008321
v -0.458097 0.648847 -0.008575
v -0.462648 0.660661 -0.011260
v -0.456505 0.679135 -0.006744
v -0.461383 0.677798 -0.010177
v -0.465979 0.676974 -0.013247
v -0.458673 0.693529 -0.008486
v -0.451961 0.704133 -0.009119
v -0.463254 0.694191 -0.011495
v -0.468786 0.695167 -0.015125
v -0.457082 0.705389 -0.013654
v -0.453355 0.713720 -0.013320
v -0.463565 0.705811 -0.018044
v -0.471713 0.705760 -0.021701
v -0.461538 0.714433 -0.017713
v -0.462455 0.721004 -0.012702
v -0.470101 0.714350 -0.022057
v -0.473044 0.724977 -0.017407
v -0.480101 0.712587 -0.025964
v -0.482219 0.705653 -0.027717
v -0.478308 0.717426 -0.019663
v -0.496533 0.713583 -0.036428
v -0.497114 0.717972 -0.032152
v -0.514076 0.714896 -0.047845
v -0.496503 0.706506 -0.037301
v -0.513486 0.707948 -0.048693
v -0.497962 0.700807 -0.035514
v -0.514722 0.702136 -0.046767
v -0.501355 0.701034 -0.030229
v -0.485090 0.699771 -0.025976
v -0.476395 0.697201 -0.018198
v -0.488767 0.700190 -0.021508
v -0.489675 0.672443 -0.022025
v -0.479159 0.698397 -0.014897
v -0.479569 0.673050 -0.015085
v -0.475872 0.675163 -0.018664
v -0.480992 0.642770 -0.015990
v -0.476509 0.652856 -0.018693
v -0.489368 0.642297 -0.021665
v -0.502187 0.642514 -0.030430
v -0.481512 0.643036 -0.022009
v -0.498420 0.643229 -0.034192
v -0.495321 0.643233 -0.037927
v -0.515374 0.643447 -0.045077
v -0.518328 0.642932 -0.041316
v -0.534233 0.643683 -0.057289
v -0.537220 0.643328 -0.053449
v -0.554393 0.643946 -0.070690
v -0.557708 0.643583 -0.066835
v -0.573467 0.644046 -0.083289
v -0.576706 0.643715 -0.078988
v -0.591685 0.643820 -0.093390
v -0.570540 0.644016 -0.086281
v -0.588560 0.643260 -0.095706
v -0.596255 0.644480 -0.099736
v -0.596590 0.643661 -0.091280
v -0.578083 0.673666 -0.079984
v -0.559003 0.673352 -0.067642
v -0.558836 0.703515 -0.068021
v -0.538030 0.673058 -0.054032
v -0.537702 0.702877 -0.054800
v -0.518457 0.672692 -0.041240
v -0.517957 0.701911 -0.041336
v -0.502102 0.672601 -0.030401
v -0.534273 0.703326 -0.060125
v -0.533052 0.708890 -0.061693
v -0.533498 0.715738 -0.060868
v -0.471526 0.656677 -0.016852
v -0.466980 0.658752 -0.014016
v -0.470681 0.676233 -0.016193
v -0.516135 0.718816 -0.044491
v -0.499607 0.722453 -0.029142
v -0.484240 0.724311 -0.018897
v -0.482432 0.725640 -0.022460
v -0.480568 0.725951 -0.028580
v -0.469197 0.725645 -0.022346
v -0.465995 0.728698 -0.025765
v -0.465290 0.734657 -0.025494
v -0.446612 0.713444 -0.008258
v -0.462925 0.671209 0.010541
v -0.462240 0.685383 0.010365
v -0.463642 0.656371 0.010724
v -0.467605 0.674464 0.008659
v -0.470160 0.676352 0.013107
v -0.465950 0.696471 0.007537
v -0.468268 0.658151 0.008916
v -0.469952 0.658116 0.011844
v -0.467611 0.645018 0.011349
v -0.467579 0.643849 0.012856
v -0.464296 0.642826 0.010891
v -0.459793 0.634928 0.015768
v -0.463367 0.636655 0.021374
v -0.456862 0.633300 0.010940
v -0.453629 0.631171 0.004611
v -0.454426 0.640217 0.005774
v -0.468636 0.636061 0.031547
v -0.464585 0.628897 0.021375
v -0.467488 0.642132 0.020674
v -0.471396 0.641517 0.030155
v -0.469892 0.641558 0.010946
v -0.476844 0.641292 0.026736
v -0.472699 0.659064 0.017758
v -0.477063 0.658919 0.027153
v -0.482376 0.641124 0.038046
v -0.477030 0.640527 0.040996
v -0.488979 0.640961 0.050048
v -0.474816 0.635698 0.042308
v -0.469385 0.629250 0.030925
v -0.529043 0.629991 -0.061612
v -0.474848 0.693110 0.036830
v -0.473249 0.692886 0.040540
v -0.488650 0.689806 0.060571
v -0.491201 0.683149 0.065906
v -0.488133 0.682650 0.065172
v -0.489611 0.683663 0.068559
v -0.491956 0.675357 0.069686
v -0.489372 0.666387 0.068786
v -0.490786 0.675214 0.067172
v -0.488825 0.675358 0.069188
v -0.488928 0.666842 0.066965
v -0.490937 0.666199 0.067432
v -0.488033 0.658765 0.063043
v -0.484773 0.653161 0.057213
v -0.485449 0.659330 0.064209
v -0.488031 0.657649 0.064586
v -0.482637 0.653723 0.058499
v -0.477975 0.653976 0.051938
v -0.483346 0.655626 0.057137
v -0.480277 0.654557 0.050372
v -0.479720 0.652724 0.050673
v -0.477339 0.656356 0.044343
v -0.474916 0.655523 0.045272
v -0.474372 0.658396 0.041598
v -0.474848 0.655959 0.046010
v -0.473320 0.658419 0.042486
v -0.471759 0.656468 0.042449
v -0.503119 0.719094 0.090199
v -0.498417 0.721163 0.092089
v -0.494703 0.723515 0.094324
v -0.495556 0.721527 0.082232
v -0.489496 0.721991 0.084586
v -0.493130 0.727676 0.095380
v -0.498296 0.728443 0.104374
v -0.492555 0.732576 0.095405
v -0.497149 0.732722 0.104226
v -0.496646 0.736955 0.103643
v -0.500139 0.739752 0.110305
v -0.587381 0.723927 0.037302
v -0.582630 0.728350 0.031289
v -0.566662 0.723180 0.051426
v -0.561480 0.727383 0.045328
v -0.554211 0.727768 0.036445
v -0.575521 0.728389 0.022250
v -0.539167 0.727244 0.046671
v -0.595398 0.728939 0.006568
v -0.603486 0.728811 0.015739
v -0.616630 0.728292 0.004256
v -0.626037 0.729096 -0.003306
v -0.635115 0.729594 -0.009690
v -0.639467 0.725359 -0.002210
v -0.643691 0.728573 -0.015436
v -0.645861 0.725656 -0.007651
vn -0.2418 -0.9665 0.0864
vn -0.6151 -0.7867 -0.0538
vn -0.4703 -0.8723 -0.1337
vn -0.1453 -0.9880 -0.0524
vn -0.5059 -0.6232 0.5964
vn -0.7489 -0.5452 0.3768
vn -0.1981 -0.9662 0.1651
vn -0.5163 -0.5457 0.6600
vn -0.0458 -0.9983 -0.0352
vn -0.0171 -0.9997 -0.0182
vn -0.1949 -0.9487 0.2491
vn -0.5125 -0.4772 0.7139
vn -0.2121 -0.9295 0.3017
vn -0.4997 -0.4732 0.7255
vn -0.0344 -0.9992 0.0192
vn -0.0356 -0.9990 -0.0270
vn -0.0194 -0.9995 -0.0243
vn -0.0131 -0.9995 -0.0271
vn -0.0208 -0.9990 -0.0394
vn -0.0114 -0.9994 -0.0339
vn -0.0065 -0.9995 -0.0325
vn -0.0061 -0.9993 -0.0374
vn -0.0123 -0.9995 -0.0300
vn -0.0597 -0.9971 0.0470
vn -0.0038 -0.9991 -0.0415
vn -0.0133 -0.9995 -0.0289
vn -0.0566 -0.9981 0.0262
vn -0.0095 -0.9996 -0.0280
vn -0.0296 -0.9995 0.0095
vn 0.0020 -0.9991 -0.0427
vn -0.2158 -0.9355 0.2798
vn -0.2145 -0.9336 0.2872
vn -0.1798 -0.9427 0.2812
vn -0.3806 -0.7014 0.6026
vn -0.4208 -0.6475 0.6353
vn -0.4715 -0.5359 0.7003
vn -0.2854 -0.8082 0.5151
vn -0.1140 -0.9524 0.2828
vn -0.0305 -0.9969 0.0729
vn -0.5152 -0.3015 0.8023
vn -0.5300 -0.0940 0.8428
vn -0.4650 -0.3915 0.7940
vn -0.2211 -0.8734 0.4339
vn -0.4508 -0.3019 0.8400
vn -0.0231 -0.9776 0.2094
vn 0.0231 -0.9947 0.1005
vn -0.2426 -0.8128 0.5296
vn -0.4399 -0.0767 0.8948
vn -0.3813 0.0235 0.9242
vn -0.4944 0.0520 0.8677
vn -0.4421 0.4033 0.8012
vn -0.4502 0.3299 0.8297
vn -0.4935 -0.1116 0.8626
vn -0.4935 -0.0749 0.8665
vn -0.3675 -0.0726 0.9272
vn 0.3424 0.0104 0.9395
vn 0.3235 0.0018 0.9462
vn 0.3607 -0.1107 0.9261
vn 0.8580 -0.0673 0.5092
vn 0.8206 -0.0214 0.5711
vn 0.8381 -0.0886 0.5383
vn 0.8663 -0.0610 0.4958
vn 0.3808 -0.1282 0.9157
vn -0.3918 -0.0897 0.9157
vn 0.8578 -0.0318 0.5130
vn 0.8602 -0.0754 0.5043
vn 0.8595 -0.0478 0.5089
vn 0.8699 -0.0771 0.4872
vn 0.8678 -0.0459 0.4947
vn 0.8702 -0.0311 0.4917
vn 0.8599 -0.1380 0.4914
vn 0.8638 -0.1409 0.4838
vn 0.5311 -0.7862 0.3159
vn 0.5433 -0.7848 0.2980
vn 0.5586 -0.7658 0.3187
vn 0.2544 -0.4675 0.8466
vn 0.0922 -0.9876 0.1274
vn 0.0487 -0.9830 0.1769
vn 0.1076 -0.9927 0.0536
vn 0.1626 -0.9800 0.1145
vn 0.0834 -0.9964 0.0168
vn 0.1943 -0.9760 0.0985
vn 0.6233 -0.7025 0.3435
vn 0.8673 -0.0872 0.4900
vn 0.7472 -0.5453 0.3799
vn 0.8858 -0.0203 0.4636
vn 0.2553 -0.9613 0.1035
vn 0.3065 -0.9408 0.1446
vn 0.8055 -0.4552 0.3794
vn 0.9059 0.0042 0.4235
vn 0.0596 -0.9982 -0.0017
vn 0.0268 -0.9996 -0.0040
vn 0.3415 -0.9320 0.1214
vn 0.8446 -0.3970 0.3591
vn 0.0207 -0.9994 -0.0260
vn -0.0033 -0.9994 -0.0347
vn -0.0042 -0.9989 -0.0461
vn 0.0070 -0.9989 -0.0465
vn 0.0069 -0.9991 -0.0419
vn -0.0029 -0.9994 -0.0341
vn 0.0065 -0.9988 -0.0490
vn -0.0043 -0.9995 -0.0319
vn 0.0026 -0.9997 -0.0262
vn 0.0026 -0.9989 -0.0466
vn 0.0071 -0.9990 -0.0443
vn -0.0040 -0.9994 -0.0335
vn -0.0007 -0.9991 -0.0416
vn -0.0068 -0.9995 -0.0304
vn -0.0012 -0.9992 -0.0393
vn -0.0078 -0.9995 -0.0315
vn -0.0043 -0.9991 -0.0414
vn -0.0084 -0.9995 -0.0320
vn -0.0113 -0.9990 -0.0425
vn -0.0136 -0.9993 -0.0353
vn -0.0734 -0.9963 -0.0456
vn -0.0328 -0.9988 -0.0377
vn -0.0269 -0.9974 -0.0673
vn -0.0083 -0.9973 -0.0730
vn 0.0029 -0.9990 -0.0449
vn -0.0494 -0.9836 -0.1735
vn -0.2021 -0.9092 -0.3641
vn -0.2131 -0.9539 -0.2113
vn -0.2788 -0.9467 -0.1610
vn -0.3657 -0.5716 -0.7345
vn -0.0084 -0.9535 -0.3012
vn 0.0965 -0.9596 -0.2644
vn 0.3361 -0.5248 -0.7821
vn -0.0255 -0.3658 -0.9303
vn 0.4339 -0.4881 -0.7573
vn 0.1270 -0.9664 -0.2236
vn 0.4777 -0.4955 -0.7254
vn 0.5277 -0.0236 -0.8491
vn 0.5535 -0.0352 -0.8321
vn 0.4720 -0.0249 -0.8812
vn 0.4911 -0.1645 -0.8554
vn 0.5250 -0.1454 -0.8386
vn 0.5390 -0.1511 -0.8286
vn 0.5626 -0.0528 -0.8250
vn 0.4772 -0.4908 -0.7290
vn 0.5560 -0.1498 -0.8176
vn 0.5245 -0.1439 -0.8392
vn 0.5434 -0.1301 -0.8293
vn 0.5640 -0.1063 -0.8189
vn 0.5803 -0.0878 -0.8097
vn 0.5749 -0.1412 -0.8060
vn 0.5766 -0.0565 -0.8151
vn 0.5707 -0.0403 -0.8202
vn 0.5839 -0.0300 -0.8113
vn 0.5540 -0.0517 -0.8309
vn 0.5928 0.0298 -0.8048
vn 0.5681 0.0056 -0.8229
vn 0.5518 0.0183 -0.8338
vn 0.5714 0.3560 -0.7395
vn 0.5546 0.2538 -0.7925
vn 0.5439 0.1809 -0.8194
vn 0.5714 0.3290 -0.7518
vn 0.5792 0.4070 -0.7063
vn 0.5584 0.2371 -0.7950
vn 0.5304 0.0242 -0.8474
vn 0.5243 0.1492 -0.8384
vn 0.5332 0.1865 -0.8251
vn 0.3944 -0.6769 -0.6216
vn 0.4210 -0.6722 -0.6091
vn 0.4526 -0.6666 -0.5923
vn -0.3354 -0.8021 0.4940
vn -0.3746 -0.7826 0.4973
vn -0.3791 -0.7904 0.4811
vn 0.4649 -0.6660 -0.5833
vn -0.3858 -0.7895 0.4772
vn -0.5769 -0.2700 0.7709
vn -0.5870 -0.2702 0.7632
vn -0.5592 -0.2536 0.7893
vn -0.5369 0.3725 0.7569
vn -0.5500 0.4003 0.7330
vn -0.5209 0.3053 0.7972
vn -0.5957 0.0852 0.7987
vn -0.5357 -0.3013 0.7888
vn -0.6984 -0.1490 0.7000
vn -0.5577 -0.5128 0.6527
vn -0.2150 -0.9311 0.2945
vn 0.2991 -0.7144 -0.6326
vn -0.0840 -0.9941 0.0685
vn -0.4691 -0.7549 0.4583
vn 0.0792 -0.7125 -0.6972
vn -0.0138 -0.9995 0.0273
vn -0.1234 -0.9709 0.2051
vn -0.2596 -0.8118 -0.5230
vn -0.6857 -0.2100 0.6970
vn -0.6134 -0.1657 0.7722
vn -0.5378 -0.5066 0.6739
vn -0.4592 -0.6259 0.6304
vn 0.0496 -0.9952 0.0838
vn 0.0200 -0.9909 0.1328
vn -0.4275 -0.6749 0.6014
vn -0.5860 -0.1025 0.8038
vn -0.6186 -0.1426 0.7726
vn 0.5269 -0.7743 0.3503
vn 0.0997 -0.6671 0.7383
vn 0.2185 -0.2254 0.9495
vn 0.2888 0.1224 0.9495
vn -0.4353 0.2170 0.8737
vn -0.6090 0.1471 0.7794
vn 0.8663 0.0493 0.4970
vn 0.8217 -0.2675 0.5032
vn 0.8389 0.3274 0.4348
vn 0.4685 0.4622 0.7529
vn 0.0280 0.4706 0.8819
vn 0.8911 0.2043 0.4052
vn 0.7865 0.2206 0.5769
vn 0.3447 0.2662 0.9002
vn 0.8602 -0.0062 0.5099
vn 0.6279 0.0154 0.7781
vn 0.9727 0.0243 0.2309
vn 0.9962 -0.0432 -0.0761
vn 0.8916 -0.0317 0.4518
vn 0.6902 -0.0195 0.7234
vn 0.8014 -0.5610 -0.2074
vn 0.9145 -0.1748 0.3649
vn 0.7356 -0.1077 0.6688
vn 0.9969 -0.0247 -0.0752
vn 0.7554 -0.6461 -0.1091
vn 0.9964 0.0528 -0.0662
vn 0.8740 -0.0115 0.4858
vn 0.5366 -0.7952 0.2823
vn 0.9727 0.0499 0.2268
vn 0.9558 0.2827 0.0808
vn 0.8851 0.4649 -0.0238
vn 0.8458 0.4340 0.3102
vn 0.7362 0.6687 0.1040
vn 0.4757 0.8713 0.1208
vn 0.6784 0.6945 0.2397
vn 0.8603 0.0062 0.5098
vn 0.5920 0.7132 0.3753
vn 0.8384 -0.0122 0.5450
vn 0.4147 0.8838 0.2165
vn 0.9065 0.1705 0.3863
vn 0.8804 0.2175 0.4215
vn 0.8430 0.2512 0.4756
vn 0.4352 0.8647 0.2506
vn 0.6107 0.7030 0.3644
vn 0.8418 0.2448 0.4810
vn 0.8491 -0.2861 0.4440
vn 0.8252 -0.3056 0.4750
vn 0.8204 -0.3365 0.4622
vn 0.4470 -0.8616 0.2406
vn 0.4268 -0.8749 0.2290
vn 0.4660 -0.8500 0.2455
vn 0.8182 -0.3737 0.4369
vn 0.8549 0.2126 0.4733
vn 0.3992 -0.8920 0.2122
vn 0.0356 -0.9994 0.0046
vn 0.0216 -0.9997 0.0100
vn 0.0242 -0.9997 -0.0051
vn 0.0129 -0.9999 0.0006
vn 0.3707 -0.9112 0.1798
vn 0.8080 -0.4196 0.4135
vn -0.6151 -0.7184 -0.3250
vn -0.6322 -0.7213 -0.2831
vn -0.6051 -0.7102 -0.3598
vn -0.6588 -0.7223 -0.2104
vn 0.0095 -0.9999 -0.0052
vn 0.2918 -0.9425 0.1632
vn -0.6917 -0.7168 -0.0884
vn 0.0023 -1.0000 -0.0077
vn 0.1800 -0.9747 0.1323
vn 0.0039 -0.9999 -0.0125
vn 0.0879 -0.9937 0.0695
vn -0.0039 -0.9999 -0.0155
vn 0.6693 -0.5822 0.4616
vn 0.7524 -0.4912 0.4388
vn 0.6312 -0.6814 0.3705
vn 0.0334 -0.9993 0.0153
vn 0.4667 -0.8447 0.2620
vn 0.0070 -0.9999 -0.0156
vn 0.0175 -0.9998 -0.0089
vn 0.3193 -0.9320 0.1714
vn 0.0062 -0.9999 -0.0153
vn -0.0014 -0.9998 -0.0177
vn 0.0012 -0.9998 -0.0174
vn 0.2205 -0.9039 -0.3666
vn 0.2318 -0.8832 -0.4077
vn 0.1985 -0.9226 -0.3307
vn -0.0121 -0.9998 -0.0171
vn -0.0060 -0.9998 -0.0203
vn 0.1785 -0.9264 -0.3315
vn -0.0186 -0.9998 -0.0123
vn -0.0096 -0.9997 -0.0219
vn 0.1909 -0.9213 -0.3388
vn -0.0169 -0.9998 -0.0106
vn -0.0108 -0.9997 -0.0199
vn 0.2065 -0.9209 -0.3308
vn 0.4686 -0.4487 -0.7610
vn 0.4450 -0.4526 -0.7727
vn 0.5004 -0.4390 -0.7462
vn -0.0132 -0.9998 -0.0179
vn 0.1973 -0.9249 -0.3250
vn 0.4956 -0.4334 -0.7527
vn 0.4887 -0.4225 -0.7633
vn 0.1948 -0.9214 -0.3363
vn -0.0118 -0.9997 -0.0229
vn -0.0152 -0.9998 -0.0147
vn -0.0154 -0.9998 -0.0154
vn 0.2077 -0.9082 -0.3633
vn -0.0037 -0.9995 -0.0303
vn -0.0115 -0.9998 -0.0161
vn 0.2158 -0.8965 -0.3869
vn -0.0036 -0.9997 -0.0247
vn -0.0097 -0.9998 -0.0183
vn 0.4815 -0.3975 -0.7811
vn 0.4683 -0.3726 -0.8012
vn 0.2323 -0.8739 -0.4271
vn 0.4727 -0.3164 -0.8224
vn -0.0135 -0.9998 -0.0149
vn 0.5911 -0.2249 -0.7746
vn 0.3178 -0.8354 -0.4484
vn -0.0115 -0.9999 -0.0064
vn -0.0164 -0.9997 -0.0169
vn -0.0142 -0.9999 -0.0090
vn -0.0384 -0.9991 -0.0170
vn -0.0261 -0.9989 -0.0402
vn 0.3848 -0.7669 -0.5136
vn -0.2793 -0.7424 0.6090
vn -0.0253 -0.7792 0.6262
vn -0.0442 -0.9987 -0.0261
vn 0.3226 0.4788 0.8165
vn 0.3009 -0.7514 0.5873
vn -0.1426 0.1514 0.9781
vn -0.4137 0.0428 0.9094
vn -0.0438 -0.9983 -0.0381
vn 0.5028 -0.7328 0.4586
vn 0.7178 0.2726 0.6407
vn -0.0380 -0.9987 -0.0354
vn 0.8130 0.2389 0.5310
vn 0.5952 -0.7062 0.3835
vn -0.0567 -0.9979 -0.0303
vn 0.6176 -0.7113 0.3356
vn -0.0831 -0.9959 -0.0361
vn 0.8566 0.2238 0.4649
vn 0.7748 0.2662 0.5734
vn 0.8321 0.2058 0.5150
vn 0.8683 0.1899 0.4583
vn 0.8644 -0.0213 0.5024
vn 0.8865 -0.0246 0.4622
vn 0.8512 -0.0111 0.5247
vn 0.7414 0.3929 0.5440
vn 0.8703 -0.0053 0.4924
vn 0.3023 -0.0217 0.9530
vn 0.2527 0.6503 0.7164
vn -0.4742 -0.0147 0.8803
vn -0.3739 0.3564 0.8563
vn -0.3814 0.1501 0.9121
vn -0.4582 -0.0003 0.8888
vn -0.4599 -0.0759 0.8847
vn -0.4610 -0.1093 0.8807
vn -0.4510 -0.0021 0.8925
vn -0.5177 -0.1329 0.8452
vn -0.5157 -0.1258 0.8475
vn -0.5260 -0.0079 0.8505
vn -0.4421 0.0471 0.8957
vn -0.5176 0.0160 0.8555
vn -0.5392 0.0020 0.8422
vn -0.5409 -0.0145 0.8409
vn -0.5303 -0.1436 0.8356
vn -0.5573 -0.0005 0.8303
vn -0.5548 -0.0065 0.8320
vn -0.5464 -0.1523 0.8235
vn -0.5701 0.0017 0.8216
vn -0.5669 -0.1472 0.8106
vn -0.5708 0.0009 0.8211
vn -0.5369 0.0293 0.8432
vn -0.5570 0.0371 0.8297
vn -0.5686 0.0401 0.8216
vn -0.5761 0.0028 0.8174
vn -0.5767 0.0022 0.8170
vn -0.5754 0.0391 0.8169
vn -0.5772 0.0022 0.8166
vn -0.5838 0.0071 0.8119
vn -0.6060 0.0501 0.7939
vn -0.4338 -0.6768 0.5947
vn -0.4694 -0.6873 0.5543
vn -0.4286 -0.6788 0.5963
vn -0.6979 0.0957 0.7098
vn -0.6130 0.0327 0.7894
vn -0.5634 -0.6951 0.4466
vn -0.6709 -0.7230 0.1648
vn -0.9146 0.2170 0.3411
vn -0.9677 0.1653 -0.1901
vn -0.6869 0.0531 0.7248
vn -0.9509 0.2224 0.2152
vn -0.9901 0.0459 0.1323
vn -0.9252 0.1716 -0.3384
vn -0.9175 0.0335 -0.3963
vn -0.9264 0.0859 -0.3665
vn -0.9245 0.0311 -0.3799
vn -0.9434 0.0768 -0.3227
vn -0.9094 0.0728 -0.4094
vn -0.9127 0.0309 -0.4074
vn -0.9106 0.0573 -0.4092
vn -0.8850 0.0583 -0.4620
vn -0.8844 0.0735 -0.4608
vn -0.8511 0.0649 -0.5210
vn -0.8610 0.0570 -0.5055
vn -0.8291 0.0436 -0.5574
vn -0.8143 0.0511 -0.5782
vn -0.5816 -0.7158 -0.3864
vn 0.0096 -1.0000 0.0003
vn -0.5159 -0.7308 -0.4470
vn -0.7583 0.0394 -0.6507
vn 0.0099 -0.9994 0.0322
vn -0.4667 0.1804 -0.8658
vn -0.7703 0.0629 -0.6346
vn -0.7350 0.0740 -0.6740
vn -0.2325 0.2700 -0.9344
vn -0.1895 0.0745 -0.9791
vn 0.1773 0.2131 -0.9608
vn 0.3232 0.2370 -0.9162
vn 0.4319 0.1652 -0.8867
vn 0.4512 0.1503 -0.8797
vn 0.4373 0.0447 -0.8982
vn 0.4750 0.0283 -0.8795
vn 0.4898 -0.0276 -0.8714
vn 0.4933 -0.0603 -0.8678
vn 0.5296 -0.0635 -0.8459
vn 0.5118 -0.1394 -0.8477
vn 0.3013 -0.3392 -0.8912
vn 0.5719 -0.1136 -0.8124
vn 0.1681 -0.0475 -0.9846
vn 0.2340 -0.4122 -0.8805
vn -0.0037 0.0075 -1.0000
vn -0.6775 0.0186 -0.7353
vn -0.6150 -0.0081 -0.7885
vn -0.7893 -0.0005 -0.6140
vn -0.7872 0.0197 -0.6164
vn -0.4974 -0.3478 -0.7948
vn -0.5337 -0.2202 -0.8165
vn -0.7816 0.0386 -0.6226
vn -0.7438 -0.0273 -0.6678
vn -0.7047 -0.0043 -0.7094
vn -0.4355 -0.0094 -0.9001
vn 0.0978 -0.0013 -0.9952
vn -0.6744 -0.0979 -0.7319
vn -0.8369 0.0124 -0.5472
vn -0.8379 -0.0234 -0.5454
vn -0.8268 -0.0023 -0.5625
vn -0.5005 -0.6186 -0.6057
vn -0.6551 -0.5656 -0.5010
vn -0.7577 -0.4815 -0.4405
vn -0.8668 0.0718 -0.4934
vn -0.3367 -0.9313 -0.1386
vn -0.8226 -0.4311 -0.3708
vn -0.8988 0.1100 -0.4243
vn -0.9073 0.0313 -0.4194
vn -0.8757 0.0204 -0.4824
vn -0.9121 -0.0247 -0.4092
vn -0.8782 -0.0287 -0.4775
vn -0.9124 0.0494 -0.4063
vn -0.8811 0.0542 -0.4697
vn -0.8401 0.0560 -0.5395
vn -0.9332 0.0287 -0.3583
vn -0.9310 -0.0227 -0.3644
vn -0.9263 0.0401 -0.3746
vn -0.8846 0.0322 -0.4652
vn -0.9392 -0.0497 -0.3397
vn -0.9234 0.0266 -0.3828
vn -0.9981 -0.0006 0.0616
vn -0.9927 -0.1168 0.0305
vn -0.9598 -0.0142 -0.2803
vn -0.9957 -0.0812 0.0455
vn -0.8078 -0.1145 0.5782
vn -0.7714 -0.1275 0.6234
vn -0.7344 -0.0097 0.6786
vn -0.5744 -0.1039 0.8120
vn -0.5831 -0.1080 0.8052
vn -0.5738 0.0005 0.8190
vn -0.5689 -0.1103 0.8150
vn -0.5724 -0.1321 0.8093
vn -0.5534 -0.1177 0.8245
vn -0.5641 -0.1364 0.8144
vn -0.5568 0.0648 0.8281
vn -0.5608 0.0888 0.8232
vn -0.5971 0.0550 0.8003
vn -0.8386 0.0898 0.5372
vn -0.9062 -0.0195 0.4225
vn -0.5902 -0.0124 0.8071
vn -0.5785 0.0180 0.8155
vn -0.5712 0.0628 0.8184
vn -0.5594 0.0770 0.8253
vn -0.5547 0.1070 0.8252
vn -0.5620 -0.1500 0.8134
vn -0.5308 0.1274 0.8379
vn -0.5445 -0.1446 0.8262
vn -0.5315 0.0696 0.8442
vn -0.5288 -0.1272 0.8392
vn -0.5154 0.1350 0.8462
vn -0.4577 0.4488 0.7675
vn -0.4650 0.4462 0.7647
vn -0.9782 -0.1807 -0.1023
vn -0.9951 0.0984 0.0025
vn -0.9066 -0.3542 -0.2294
vn -0.9677 0.0823 -0.2384
vn -0.8653 -0.4031 -0.2979
vn -0.9339 0.1070 -0.3411
vn -0.3912 -0.9111 -0.1301
vn -0.1122 -0.9927 -0.0449
vn -0.8448 0.0292 -0.5342
vn -0.8043 0.0221 -0.5939
vn 0.4824 -0.8356 0.2629
vn 0.4924 -0.8047 0.3315
vn 0.8641 -0.2836 0.4157
vn 0.8443 -0.2773 0.4585
vn 0.8868 0.1384 0.4410
vn -0.4202 -0.6832 0.5972
vn -0.3977 -0.6944 0.5997
vn -0.3658 -0.7104 0.6013
vn -0.5083 0.0267 0.8608
vn 0.8818 -0.0438 0.4696
vn 0.8804 -0.0813 0.4671
vn 0.9057 -0.0405 0.4219
vn 0.9117 -0.0229 0.4103
vn 0.8986 -0.0796 0.4314
vn 0.8811 -0.0313 0.4719
vn 0.8939 -0.0394 0.4464
vn 0.9122 -0.0466 0.4071
vn 0.9199 -0.0695 0.3860
vn 0.9277 -0.0522 0.3695
vn 0.9293 -0.0603 0.3645
vn 0.9212 0.0173 0.3887
vn 0.8808 -0.3717 0.2933
vn 0.9417 0.0251 0.3355
vn 0.9388 -0.0762 0.3359
vn 0.9081 -0.4032 -0.1133
vn 0.9957 -0.0472 -0.0796
vn 0.9564 -0.1765 0.2329
vn 0.7651 -0.1374 -0.6291
vn 0.8967 -0.2084 -0.3904
vn 0.6532 -0.5487 -0.5219
vn 0.9274 -0.0724 0.3671
vn 0.9346 -0.0936 -0.3432
vn 0.9206 -0.0676 0.3846
vn 0.9345 -0.0454 -0.3530
vn 0.9440 -0.0383 0.3277
vn 0.9085 -0.0374 0.4161
vn 0.9324 -0.0074 -0.3613
vn 0.9537 -0.0097 0.3005
vn 0.9090 -0.0232 0.4162
vn 0.5478 -0.0939 -0.8313
vn 0.6128 -0.0569 -0.7882
vn 0.6365 -0.0053 -0.7712
vn 0.6634 -0.0177 -0.7481
vn 0.6278 -0.0864 -0.7736
vn 0.6003 -0.1114 -0.7920
vn 0.6191 -0.0398 -0.7843
vn 0.6135 -0.0335 -0.7889
vn 0.6163 -0.1241 -0.7777
vn 0.6285 -0.0976 -0.7717
vn 0.6101 -0.0900 -0.7872
vn 0.6083 -0.1321 -0.7827
vn 0.6080 -0.0449 -0.7927
vn 0.5111 -0.5331 -0.6742
vn 0.5003 -0.4668 -0.7292
vn 0.5474 -0.4287 -0.7187
vn 0.5404 -0.4850 -0.6875
vn 0.5946 -0.0521 -0.8023
vn 0.5918 -0.1353 -0.7946
vn 0.4944 -0.4808 -0.7242
vn 0.5946 -0.0822 -0.7998
vn 0.5949 -0.0192 -0.8035
vn 0.6030 -0.0246 -0.7973
vn 0.6038 0.1203 -0.7880
vn 0.5948 0.2104 -0.7759
vn 0.5321 0.5368 -0.6547
vn 0.5609 0.4614 -0.6874
vn 0.5710 0.4185 -0.7063
vn 0.5779 0.4358 -0.6900
vn 0.4598 -0.6635 -0.5902
vn 0.4452 -0.6664 -0.5981
vn -0.3936 -0.7869 0.4752
vn -0.3947 -0.7838 0.4795
vn -0.5923 -0.2643 0.7611
vn -0.5957 -0.2599 0.7600
vn -0.5699 0.3875 0.7247
vn -0.5824 0.3171 0.7485
vn -0.2940 0.8681 0.4000
vn -0.3742 0.7653 0.5237
vn -0.2117 0.9237 0.3193
vn -0.1790 0.9367 0.3009
vn -0.4886 0.5323 0.6913
vn -0.4473 0.6093 0.6547
vn -0.4179 0.6465 0.6383
vn -0.1471 0.9381 0.3135
vn -0.3810 0.6824 0.6238
vn -0.5707 -0.0064 0.8211
vn -0.5808 -0.0021 0.8141
vn -0.5723 -0.0173 0.8199
vn -0.4763 0.7431 0.4700
vn -0.7229 0.1031 0.6832
vn -0.6314 0.5763 0.5189
vn -0.6682 0.0282 0.7434
vn -0.5743 0.0090 0.8186
vn -0.5703 0.0029 0.8214
vn -0.6847 0.0970 0.7224
vn -0.5692 0.0728 0.8190
vn -0.5654 0.0524 0.8231
vn -0.5812 0.0028 0.8138
vn -0.5806 0.0472 0.8128
vn -0.5538 0.1361 0.8214
vn -0.5747 0.1232 0.8090
vn -0.5566 0.1606 0.8151
vn -0.4450 -0.6436 0.6226
vn -0.4612 -0.6535 0.6002
vn -0.4668 -0.6352 0.6153
vn -0.1271 -0.9882 0.0853
vn -0.1623 -0.9725 0.1668
vn -0.2030 -0.9570 0.2073
vn -0.2269 -0.9495 0.2169
vn -0.4786 -0.6571 0.5823
vn -0.5906 0.1285 0.7967
vn -0.5048 -0.6398 0.5795
vn -0.6031 0.1468 0.7841
vn -0.2360 -0.9471 0.2173
vn -0.5605 -0.4746 0.6787
vn -0.5625 -0.4749 0.6768
vn -0.5393 -0.4846 0.6887
vn -0.5937 0.0002 0.8047
vn -0.6195 -0.0130 0.7849
vn -0.6207 0.0046 0.7841
vn -0.5894 0.2890 0.7544
vn -0.5955 0.2589 0.7605
vn -0.5479 0.3068 0.7782
vn -0.5202 0.3316 0.7870
vn -0.5735 0.0264 0.8188
vn -0.5091 -0.5252 0.6819
vn -0.4674 -0.6091 0.6407
vn -0.5657 0.0027 0.8246
vn -0.5239 0.3918 0.7563
vn -0.6283 -0.0387 0.7770
vn -0.5890 0.4758 0.6532
vn -0.7196 -0.5524 0.4207
vn -0.7858 -0.5573 -0.2682
vn -0.9865 0.1638 0.0043
vn -0.9512 -0.0400 0.3061
vn -0.6592 -0.0483 0.7504
vn -0.6862 -0.1283 0.7160
vn -0.6649 0.0366 0.7461
vn -0.5711 -0.0667 0.8182
vn -0.5725 -0.1175 0.8115
vn -0.5753 0.1224 0.8088
vn -0.7368 0.3148 0.5984
vn -0.5756 0.2137 0.7893
vn -0.5274 -0.4669 0.7099
vn -0.7613 -0.5534 0.3379
vn -0.7718 -0.6335 -0.0543
vn -0.8359 0.5487 -0.0128
vn -0.3206 0.9001 0.2951
vn -0.7417 0.5790 0.3388
vn -0.4495 0.6122 0.6505
vn -0.8272 -0.3867 0.4076
vn -0.5265 -0.3658 0.7675
vn -0.4262 0.5998 0.6772
vn -0.2951 0.8348 0.4648
vn -0.5466 -0.2324 0.8045
vn -0.2963 -0.9181 0.2631
vn -0.3140 -0.8567 0.4093
vn -0.5661 -0.1823 0.8039
vn -0.4141 0.6522 0.6350
vn -0.3254 -0.8457 0.4231
vn -0.0766 -0.9939 0.0793
vn -0.0282 -0.9996 0.0051
vn -0.2262 -0.9686 0.1031
vn -0.3050 -0.8369 0.4545
vn -0.3188 -0.8161 0.4821
vn -0.4276 -0.7727 0.4692
vn -0.5924 -0.3268 0.7363
vn -0.5375 -0.2736 0.7977
vn -0.5405 -0.2173 0.8128
vn -0.5625 0.1657 0.8100
vn -0.5442 0.2265 0.8078
vn -0.6132 0.1302 0.7791
vn -0.4508 -0.7389 0.5009
vn -0.6009 -0.3789 0.7038
vn -0.6407 0.1133 0.7594
vn -0.5255 0.0536 0.8491
vn -0.4906 -0.4425 0.7507
vn -0.3838 -0.7364 0.5571
vn -0.2305 -0.5001 0.8347
vn -0.2288 -0.7183 0.6570
vn -0.4274 -0.4554 0.7810
vn -0.4635 0.1150 0.8786
vn 0.1259 -0.5919 0.7961
vn 0.2818 0.0059 0.9594
vn 0.1797 -0.7623 0.6218
vn 0.7160 -0.5811 0.3870
vn 0.4486 -0.8188 0.3582
vn 0.8871 0.0479 0.4590
vn 0.2728 -0.5666 0.7775
vn 0.6289 -0.5889 0.5076
vn 0.7698 -0.2726 0.5771
vn 0.3987 -0.1920 0.8968
vn -0.1972 -0.0658 0.9781
vn -0.1087 0.4657 0.8783
vn -0.3839 0.5825 0.7165
vn 0.4306 0.1644 0.8874
vn -0.0658 0.7512 0.6568
vn -0.2113 0.8438 0.4933
vn 0.4435 0.4405 0.7805
vn 0.0209 0.9193 0.3930
vn -0.0705 0.9605 0.2692
vn 0.5276 0.6861 0.5010
vn -0.1596 0.9826 0.0953
vn -0.2900 0.8907 0.3500
vn -0.4985 0.6039 0.6220
vn 0.1414 0.9795 0.1435
vn 0.0358 0.9990 0.0266
vn -0.0548 0.9936 -0.0985
vn 0.0191 0.9727 -0.2311
vn 0.0476 0.9883 -0.1448
vn 0.1714 0.9852 0.0075
vn 0.5089 0.8147 0.2780
vn 0.4615 0.8679 0.1838
vn 0.1055 0.9944 -0.0100
vn -0.0492 0.9855 -0.1623
vn 0.3719 0.9095 0.1859
vn 0.8096 0.4543 0.3717
vn 0.7462 0.5111 0.4267
vn 0.8660 0.2087 0.4543
vn 0.0296 0.9991 0.0292
vn 0.2964 0.9353 0.1932
vn 0.7309 0.5166 0.4460
vn 0.0147 0.9985 0.0521
vn 0.2962 0.9339 0.2002
vn 0.7657 0.4744 0.4343
vn 0.8818 -0.0078 0.4716
vn 0.8624 0.0307 0.5053
vn 0.8647 0.0572 0.4991
vn 0.7912 -0.4601 0.4030
vn 0.8139 -0.3634 0.4533
vn 0.8289 -0.2797 0.4845
vn 0.4014 -0.8948 0.1952
vn 0.3256 -0.9358 0.1350
vn 0.4885 -0.8251 0.2838
vn 0.7242 -0.6044 0.3321
vn 0.8899 -0.1124 0.4422
vn 0.2258 -0.9710 0.0779
vn 0.0910 -0.9957 0.0194
vn 0.1867 -0.9812 0.0496
vn 0.0327 -0.9994 -0.0118
vn 0.5496 -0.7806 0.2976
vn 0.6531 -0.6656 0.3612
vn 0.7300 -0.5873 0.3496
vn 0.8321 0.2434 0.4984
vn 0.8200 0.3610 0.4442
vn 0.8465 0.1032 0.5223
vn 0.9323 0.1796 0.3140
vn 0.6686 -0.7292 0.1460
vn 0.1118 -0.9937 -0.0050
vn 0.5618 0.7375 0.3749
vn 0.5733 0.7266 0.3787
vn 0.5686 0.7645 0.3037
vn 0.7719 -0.6276 0.1012
vn 0.9327 0.2163 0.2886
vn 0.7052 0.6279 0.3294
vn 0.6509 0.6227 0.4342
vn 0.8750 0.1186 0.4694
vn 0.8860 0.1557 0.4367
vn 0.8380 0.0215 0.5453
vn 0.7158 0.5230 0.4627
vn 0.8413 -0.0218 0.5401
vn 0.8673 -0.0515 0.4952
vn 0.7453 0.4911 0.4509
vn 0.5504 0.7634 0.3381
vn 0.5104 0.8137 0.2782
vn 0.8130 0.4582 0.3594
vn 0.7800 0.4743 0.4082
vn 0.7965 0.4551 0.3982
vn 0.4539 0.8577 0.2415
vn 0.7591 0.5816 0.2924
vn 0.8942 -0.0760 0.4412
vn 0.9080 -0.0899 0.4092
vn 0.8829 -0.2727 0.3823
vn 0.8629 -0.3540 0.3606
vn 0.8319 -0.3776 0.4066
vn 0.1972 -0.9803 0.0058
vn 0.7928 -0.5506 0.2612
vn 0.5671 -0.8174 -0.1014
vn 0.0459 -0.8454 0.5321
vn 0.8657 -0.4576 0.2028
vn 0.7804 -0.1663 0.6028
vn -0.3101 -0.8364 -0.4519
vn 0.7808 -0.3316 0.5296
vn 0.3268 -0.9266 0.1861
vn 0.8674 -0.3760 0.3259
vn 0.8962 -0.2742 0.3487
vn 0.7467 -0.1384 0.6506
vn 0.8012 0.0446 0.5967
vn 0.3082 -0.0159 0.9512
vn 0.1911 -0.0878 0.9776
vn -0.3836 0.0748 0.9205
vn -0.4067 -0.0894 0.9092
vn -0.5054 -0.0514 0.8614
vn 0.0560 -0.0611 0.9966
vn -0.5534 0.0182 0.8327
vn -0.5754 0.0126 0.8178
vn -0.0446 0.0158 0.9989
vn -0.1114 0.0324 0.9932
vn -0.5634 0.0236 0.8258
vn -0.1723 0.2276 0.9584
vn -0.5704 0.2138 0.7930
vn -0.5804 0.0226 0.8140
vn -0.5702 0.2204 0.7914
vn -0.5835 0.1539 0.7974
vn -0.6017 0.0200 0.7985
vn -0.6050 0.2190 0.7655
vn -0.6518 0.1284 0.7475
vn -0.7377 0.2295 0.6350
vn -0.7750 0.2677 0.5724
vn -0.8318 0.0495 0.5529
vn -0.8389 0.2522 0.4823
vn -0.8757 0.0608 0.4789
vn -0.8522 0.0531 0.5205
vn -0.9090 0.0977 0.4053
vn -0.6130 0.0200 0.7898
vn -0.7340 0.2314 0.6385
vn -0.8816 -0.3098 0.3561
vn 0.3716 -0.8540 0.3642
vn 0.8335 -0.0344 0.5514
vn 0.3156 -0.9356 0.1586
vn 0.8377 -0.0394 0.5447
vn 0.2924 -0.9503 0.1072
vn 0.8678 -0.0411 0.4953
vn 0.8622 -0.0104 0.5065
vn 0.8885 -0.0078 0.4588
vn 0.8956 -0.0305 0.4437
vn 0.5110 -0.8596 -0.0055
vn 0.9033 -0.0083 0.4289
vn 0.9043 -0.0193 0.4264
vn 0.6084 -0.7482 0.2648
vn -0.2113 -0.9223 -0.3236
vn 0.3620 -0.7005 -0.6151
vn 0.3956 -0.9021 0.1722
vn 0.5996 -0.7453 0.2914
vn 0.3815 -0.8950 0.2312
vn 0.9064 -0.0153 0.4222
vn 0.2929 -0.7097 0.6407
vn 0.4527 -0.6541 0.6060
vn 0.8730 -0.0143 0.4876
vn 0.8009 -0.2578 0.5404
vn 0.8095 -0.3965 0.4329
vn 0.8404 -0.3690 0.3970
vn 0.8588 -0.1501 0.4899
vn 0.8966 -0.0971 0.4321
vn 0.8382 -0.2318 0.4935
vn 0.1832 -0.0608 0.9812
vn 0.8112 -0.0676 0.5808
vn 0.8935 -0.0595 0.4451
vn 0.8685 -0.1940 0.4562
vn 0.8724 -0.2342 0.4290
vn 0.9969 -0.0462 0.0636
vn 0.9505 -0.1968 0.2405
vn 0.9119 -0.2456 0.3289
vn 0.9169 -0.2118 -0.3382
vn 0.7803 -0.0004 -0.6254
vn 0.9363 -0.3499 0.0312
vn 0.9584 0.2633 0.1101
vn 0.9036 0.2569 0.3429
vn 0.8740 0.2157 0.4355
vn 0.8947 0.2718 -0.3546
vn 0.9418 0.1010 0.3205
vn 0.8612 0.1184 0.4943
vn 0.7546 -0.6205 0.2136
vn 0.7021 -0.6635 -0.2586
vn 0.6815 -0.6273 0.3769
vn 0.8659 -0.4608 0.1948
vn 0.8192 -0.4796 0.3146
vn 0.8736 -0.4092 -0.2634
vn 0.3789 -0.7238 -0.5766
vn 0.5073 -0.0982 -0.8562
vn 0.5876 -0.4133 -0.6956
vn 0.9224 -0.0303 -0.3849
vn 0.6392 0.0091 -0.7690
vn 0.9785 -0.0471 0.2008
vn 0.6076 0.3345 -0.7204
vn 0.8828 0.2977 -0.3634
vn 0.9092 0.3728 0.1854
vn 0.4821 0.8723 0.0813
vn 0.6035 0.7549 -0.2567
vn 0.4008 0.8080 -0.4318
vn 0.5479 0.0246 -0.8362
vn 0.5159 0.4259 -0.7433
vn 0.2755 0.9084 -0.3146
vn 0.1160 0.9919 -0.0521
vn 0.1890 0.9792 -0.0737
vn 0.0633 0.9980 -0.0009
vn 0.4802 0.4604 -0.7466
vn 0.2069 0.9399 -0.2717
vn 0.0268 0.9995 0.0168
vn 0.0125 0.9997 0.0228
vn 0.1933 0.9439 -0.2677
vn 0.4704 0.4611 -0.7524
vn -0.0844 0.9752 0.2047
vn -0.0701 0.9872 0.1435
vn -0.0882 0.9759 0.1996
vn 0.0076 0.9996 0.0290
vn -0.0891 0.9781 0.1881
vn 0.1953 0.9404 -0.2783
vn -0.0983 0.9767 0.1909
vn 0.0088 0.9995 0.0318
vn 0.1891 0.9420 -0.2772
vn 0.4722 0.4533 -0.7561
vn 0.4618 0.4472 -0.7660
vn 0.5173 0.0550 -0.8540
vn 0.5036 0.0427 -0.8629
vn 0.5187 0.0468 -0.8537
vn 0.5263 0.0283 -0.8498
vn 0.4349 -0.5224 -0.7334
vn 0.4224 -0.5365 -0.7305
vn 0.4318 -0.5067 -0.7462
vn 0.1054 -0.9644 -0.2425
vn 0.0802 -0.9750 -0.2071
vn 0.0957 -0.9709 -0.2197
vn 0.4286 -0.4918 -0.7579
vn 0.1176 -0.9635 -0.2407
vn 0.2704 -0.8443 -0.4626
vn 0.2873 -0.8237 -0.4888
vn 0.2225 -0.8952 -0.3861
vn 0.5487 0.0186 -0.8358
vn 0.5447 0.1471 -0.8256
vn 0.5314 0.2154 -0.8193
vn 0.3249 -0.7686 -0.5511
vn 0.1410 -0.9498 -0.2794
vn 0.4980 0.3382 -0.7985
vn 0.3958 0.7201 -0.5699
vn 0.4143 0.6919 -0.5913
vn 0.3749 0.7386 -0.5603
vn 0.4564 0.4865 -0.7450
vn 0.3902 -0.6347 -0.6670
vn 0.3584 0.7553 -0.5486
vn 0.4978 0.4507 -0.7410
vn 0.4913 0.4234 -0.7612
vn 0.4930 0.3879 -0.7788
vn 0.5295 0.3226 -0.7846
vn 0.4495 0.7003 -0.5545
vn 0.5994 0.4708 -0.6473
vn 0.5121 -0.0987 -0.8532
vn 0.5206 -0.1205 -0.8453
vn 0.5254 -0.0897 -0.8461
vn 0.3136 -0.7525 -0.5791
vn 0.4592 -0.6407 -0.6154
vn 0.3130 -0.7780 -0.5447
vn 0.3745 -0.6815 -0.6287
vn 0.3888 -0.6459 -0.6570
vn 0.6964 -0.4560 -0.5541
vn 0.6294 -0.3331 -0.7021
vn 0.5361 -0.1556 -0.8297
vn 0.7622 -0.0863 -0.6415
vn 0.8063 0.1687 -0.5670
vn 0.7753 -0.0042 -0.6315
vn 0.5378 -0.0052 -0.8431
vn 0.5433 0.0090 -0.8395
vn 0.5337 -0.0565 -0.8438
vn 0.4992 -0.2071 -0.8413
vn 0.4865 -0.0446 -0.8725
vn 0.4004 -0.1332 -0.9066
vn 0.4907 -0.0052 -0.8713
vn -0.1274 -0.0259 -0.9915
vn -0.0628 -0.0224 -0.9978
vn -0.0192 -0.0046 -0.9998
vn 0.4820 0.0743 -0.8730
vn 0.0192 0.0472 -0.9987
vn 0.5027 0.2295 -0.8335
vn 0.5108 0.5808 -0.6339
vn 0.4981 0.5296 -0.6866
vn 0.0820 0.3900 -0.9172
vn 0.5976 0.2522 -0.7611
vn 0.5164 0.4184 -0.7472
vn 0.2483 0.5983 -0.7619
vn 0.5803 0.6132 -0.5359
vn 0.5359 0.5193 -0.6657
vn 0.5842 0.0132 -0.8115
vn 0.6259 -0.1398 -0.7673
vn 0.5427 -0.0432 -0.8388
vn 0.3748 -0.6866 -0.6230
vn -0.0731 -0.9926 -0.0974
vn 0.4062 0.1727 -0.8973
vn 0.3444 -0.6850 -0.6420
vn -0.2462 -0.9675 -0.0584
vn -0.1892 -0.9803 -0.0570
vn -0.4488 -0.8870 -0.1089
vn -0.7034 -0.6325 -0.3243
vn -0.7443 -0.6097 -0.2726
vn -0.1946 -0.6011 -0.7752
vn -0.2106 -0.9696 -0.1246
vn -0.4512 -0.8498 -0.2724
vn -0.7315 -0.5508 -0.4019
vn -0.4434 -0.8358 -0.3239
vn -0.7858 -0.4207 -0.4533
vn -0.1546 -0.9787 -0.1351
vn -0.1321 -0.9862 -0.0999
vn -0.5042 -0.8110 -0.2967
vn -0.8410 -0.3060 -0.4461
vn -0.8448 0.3335 -0.4184
vn -0.8886 0.1789 -0.4223
vn -0.8066 0.4107 -0.4251
vn -0.8646 -0.2624 -0.4285
vn -0.7900 0.4602 -0.4051
vn -0.5900 -0.7599 -0.2728
vn -0.8410 0.4137 -0.3487
vn -0.8579 -0.3252 -0.3979
vn -0.6119 -0.7453 -0.2646
vn -0.1870 -0.9794 -0.0766
vn -0.2494 -0.9631 -0.1015
vn -0.2874 -0.9514 -0.1104
vn -0.5970 -0.7647 -0.2427
vn -0.1005 -0.9942 -0.0386
vn 0.6341 -0.7159 0.2923
vn -0.1108 -0.9929 -0.0444
vn -0.2913 -0.9499 -0.1134
vn 0.6467 -0.7275 0.2292
vn 0.8904 0.2080 0.4049
vn 0.9153 0.2134 0.3416
vn 0.8978 0.1803 0.4018
vn 0.9150 0.1818 0.3603
vn 0.9282 -0.0262 0.3712
vn 0.9267 -0.0368 0.3741
vn 0.9282 -0.0298 0.3709
vn 0.9241 0.2213 0.3116
vn 0.9302 -0.0351 0.3654
vn 0.8997 0.3080 0.3093
vn 0.9001 0.4254 -0.0936
vn 0.9471 0.2597 0.1885
vn 0.6466 -0.7584 0.0827
vn 0.5787 -0.7936 -0.1877
vn -0.1044 -0.9943 -0.0232
vn -0.1287 -0.9911 0.0328
vn 0.4664 -0.7584 -0.4554
vn 0.7344 0.3455 -0.5841
vn -0.3028 -0.9262 0.2247
vn -0.2576 -0.9650 0.0495
vn -0.3619 -0.8562 0.3686
vn -0.2548 -0.9627 -0.0906
vn -0.4977 -0.7338 0.4625
vn -0.4634 -0.8860 0.0136
vn -0.4933 -0.8465 -0.2004
vn -0.8224 -0.5616 -0.0915
vn -0.7762 -0.5436 -0.3193
vn -0.7876 -0.5160 0.3368
vn -0.5514 -0.8026 -0.2274
vn -0.7976 -0.4928 -0.3478
vn -0.9284 -0.0681 -0.3653
vn -0.9032 0.0346 -0.4279
vn -0.9944 -0.0756 -0.0734
vn -0.9725 0.2307 -0.0304
vn -0.7915 0.4755 -0.3840
vn -0.5613 0.7350 -0.3805
vn -0.8732 0.2898 -0.3918
vn -0.3073 0.9344 -0.1801
vn -0.8360 -0.4161 -0.3576
vn -0.2002 0.9795 0.0202
vn -0.4810 0.8726 -0.0846
vn -0.3862 0.8530 -0.3510
vn -0.4768 0.7394 -0.4754
vn -0.7620 0.6236 -0.1747
vn -0.6907 0.7183 0.0835
vn -0.9376 0.1317 -0.3217
vn -0.9893 -0.0045 -0.1457
vn -0.7777 0.2478 -0.5777
vn -0.9486 -0.1110 -0.2963
vn -0.9672 -0.0788 -0.2415
vn -0.8062 -0.0522 -0.5894
vn -0.9462 -0.0877 -0.3116
vn -0.9343 0.0540 -0.3523
vn -0.8140 -0.0653 -0.5772
vn -0.7707 0.1840 -0.6100
vn -0.8263 0.0164 -0.5630
vn -0.8616 0.0094 -0.5074
vn -0.9069 -0.0018 -0.4213
vn -0.8617 0.0697 -0.5025
vn -0.8597 0.0413 -0.5091
vn -0.8564 0.0365 -0.5151
vn -0.8643 0.0271 -0.5023
vn -0.8657 0.0294 -0.4998
vn -0.8771 0.0347 -0.4790
vn -0.9741 0.0268 0.2247
vn -0.9758 0.0247 0.2171
vn -0.9739 0.0162 0.2262
vn -0.8445 0.0042 -0.5355
vn -0.9166 -0.0638 -0.3946
vn -0.9723 -0.0722 0.2225
vn -0.6087 0.0088 0.7934
vn -0.7243 -0.0860 0.6841
vn -0.6047 0.0211 0.7962
vn -0.9881 -0.0790 0.1321
vn -0.4302 -0.0817 0.8990
vn -0.4530 0.0409 0.8906
vn -0.5216 -0.1993 0.8296
vn 0.0805 -0.5770 0.8128
vn -0.4487 -0.3349 0.8285
vn 0.3034 0.0196 0.9527
vn -0.5262 -0.1358 0.8394
vn -0.5064 -0.4558 0.7320
vn -0.1946 -0.9471 0.2553
vn -0.5374 -0.0330 0.8427
vn -0.4589 0.0840 0.8845
vn -0.9002 0.0985 0.4242
vn -0.4798 0.2020 0.8538
vn -0.4353 0.1377 0.8897
vn -0.8058 0.1352 0.5765
vn -0.2200 0.3395 0.9145
vn -0.9159 0.1508 -0.3720
vn -0.9153 0.2987 -0.2703
vn -0.8612 -0.1436 -0.4875
vn -0.7788 0.4088 -0.4758
vn -0.8923 -0.0498 -0.4488
vn -0.9099 -0.0749 -0.4081
vn -0.7910 0.4683 -0.3938
vn -0.9105 0.0021 -0.4135
vn -0.8267 -0.0298 -0.5619
vn -0.8732 0.0988 -0.4772
vn -0.9204 0.0884 -0.3810
vn -0.8382 0.1868 -0.5124
vn -0.8874 0.0028 -0.4611
vn -0.8448 0.2894 -0.4501
vn -0.6895 0.2365 -0.6846
vn -0.7014 -0.3789 -0.6037
vn -0.5365 -0.4538 -0.7115
vn -0.8793 0.1615 -0.4480
vn -0.8769 0.1173 -0.4662
vn -0.9735 0.1982 -0.1140
vn -0.6442 -0.6967 -0.3156
vn -0.3905 -0.8911 -0.2313
vn -0.9398 -0.3401 -0.0336
vn -0.7312 -0.6788 0.0677
vn -0.9483 0.1342 -0.2876
vn -0.8410 0.1643 -0.5155
vn -0.8805 0.0574 -0.4706
vn -0.8992 -0.0119 -0.4373
vn -0.9313 -0.0970 -0.3511
vn -0.9515 -0.0600 -0.3019
vn -0.9667 0.0031 -0.2558
vn -0.9573 0.0554 -0.2838
vn -0.9000 0.0663 -0.4308
vn -0.9350 0.0948 -0.3417
vn -0.8381 0.0671 -0.5414
vn -0.8985 0.0778 -0.4321
vn -0.9171 0.0260 -0.3977
vn -0.9268 0.0103 -0.3755
vn -0.7564 0.5109 -0.4084
vn -0.8505 0.3687 -0.3752
vn -0.8886 0.2443 -0.3882
vn -0.7280 0.5963 -0.3383
vn -0.7009 0.6364 -0.3222
vn -0.6535 0.6744 -0.3437
vn -0.6604 0.1593 -0.7338
vn -0.2350 0.6913 -0.6833
vn -0.4192 0.6009 -0.6806
vn -0.9139 -0.0405 -0.4040
vn -0.6624 0.1147 -0.7403
vn 0.0540 0.2438 -0.9683
vn -0.6839 0.0297 -0.7289
vn -0.7214 0.0052 -0.6925
vn -0.7383 -0.0008 -0.6744
vn -0.9128 -0.0173 -0.4081
vn -0.9206 -0.0708 -0.3839
vn -0.8745 -0.0338 -0.4838
vn -0.7138 0.0050 -0.7004
vn -0.8357 0.0642 -0.5455
vn -0.9016 0.0663 -0.4274
vn -0.6658 0.0712 -0.7427
vn -0.2529 0.0320 -0.9670
vn 0.2403 -0.0988 -0.9657
vn -0.6826 0.0823 -0.7261
vn -0.3039 0.0483 -0.9515
vn 0.3434 0.1328 -0.9297
vn 0.4770 -0.1769 -0.8609
vn 0.5153 0.1138 -0.8494
vn 0.5878 0.3642 -0.7224
vn 0.6100 0.2567 -0.7496
vn -0.3960 -0.4673 -0.7905
vn 0.3381 -0.4850 -0.8065
vn 0.5302 -0.4634 -0.7101
vn 0.6570 0.3314 -0.6771
vn 0.5456 0.5102 -0.6649
vn 0.5828 -0.5376 -0.6094
vn 0.5616 -0.5363 -0.6300
vn 0.5593 0.2119 -0.8014
vn 0.2756 -0.8802 -0.3864
vn 0.3915 -0.7738 -0.4980
vn 0.1706 -0.9263 -0.3361
vn 0.4794 -0.3914 -0.7855
vn 0.4102 -0.4497 -0.7934
vn 0.4151 -0.4784 -0.7738
vn 0.4666 0.0379 -0.8837
vn 0.4839 0.0339 -0.8745
vn 0.4476 0.4323 -0.7828
vn 0.4351 0.3962 -0.8085
vn 0.4905 0.0799 -0.8678
vn 0.4341 0.3690 -0.8218
vn 0.2400 0.8689 -0.4329
vn 0.1955 0.9197 -0.3404
vn 0.1889 0.9367 -0.2948
vn 0.4991 0.3479 -0.7936
vn 0.3298 0.7738 -0.5408
vn 0.5587 0.1549 -0.8148
vn 0.5854 0.1679 -0.7931
vn 0.5431 0.3503 -0.7631
vn 0.3598 0.6957 -0.6217
vn 0.1310 0.9358 -0.3271
vn 0.1544 0.9739 -0.1662
vn 0.0785 0.9963 -0.0339
vn 0.0216 0.9948 -0.0991
vn 0.0975 0.9951 0.0180
vn 0.0519 0.9961 0.0709
vn -0.0350 0.9921 0.1203
vn 0.0092 0.9999 0.0133
vn 0.0080 0.9996 0.0274
vn -0.0809 0.9805 0.1788
vn -0.0461 0.9683 0.2455
vn -0.1081 0.9636 0.2445
vn -0.0952 0.9718 0.2157
vn -0.0413 0.9667 0.2526
vn -0.0681 0.9856 0.1545
vn -0.0085 0.9979 0.0645
vn 0.0778 0.9583 0.2750
vn 0.0436 0.9814 0.1871
vn -0.0215 0.9968 0.0766
vn 0.0222 0.9836 0.1790
vn -0.1719 0.9846 -0.0309
vn -0.1703 0.9840 0.0519
vn -0.1149 0.9722 -0.2042
vn 0.0237 0.9049 -0.4250
vn -0.4284 0.8354 -0.3442
vn -0.4772 0.8586 -0.1873
vn -0.2890 0.7973 -0.5300
vn 0.2804 0.6743 -0.6832
vn 0.0125 0.6116 -0.7911
vn -0.4145 0.4872 -0.7687
vn -0.6369 0.5195 -0.5696
vn -0.7268 0.5203 -0.4484
vn -0.7832 0.3088 -0.5397
vn -0.8437 0.2504 -0.4748
vn -0.4654 0.3666 -0.8056
vn -0.7741 0.5343 -0.3395
vn -0.8851 0.2345 -0.4020
vn -0.8583 0.1323 -0.4958
vn -0.8886 0.0359 -0.4572
vn -0.9101 -0.0249 -0.4136
vn -0.9003 -0.1028 -0.4229
vn -0.8807 0.2228 -0.4179
vn -0.7552 0.5734 -0.3177
vn -0.8364 -0.2376 -0.4939
vn -0.8397 0.1684 -0.5163
vn -0.6841 0.6099 -0.4000
vn -0.8151 0.1108 -0.5686
vn -0.6576 0.6106 -0.4413
vn -0.7554 -0.3905 -0.5262
vn -0.9041 -0.2301 -0.3602
vn -0.8278 -0.3991 -0.3943
vn -0.7192 -0.5484 -0.4266
vn -0.6249 -0.6788 -0.3855
vn -0.6918 -0.5164 -0.5047
vn -0.8107 0.0815 -0.5798
vn -0.6600 -0.5959 -0.4575
vn -0.8320 0.0377 -0.5534
vn -0.5286 -0.7790 -0.3372
vn -0.6637 0.5917 -0.4575
vn -0.6840 0.5852 -0.4356
vn -0.8536 -0.0259 -0.5203
vn -0.7163 0.5826 -0.3841
vn -0.6325 -0.6525 -0.4174
vn -0.3104 0.9440 -0.1116
vn -0.2706 0.9524 -0.1405
vn -0.2630 0.9506 -0.1648
vn -0.0714 0.9974 0.0084
vn -0.0408 0.9992 0.0057
vn -0.0372 0.9993 -0.0023
vn 0.2288 0.9624 0.1464
vn 0.2518 0.9528 0.1697
vn 0.1779 0.9808 0.0799
vn -0.0964 0.9953 0.0017
vn -0.3528 0.9285 -0.1159
vn 0.0692 0.9974 0.0221
vn 0.2279 0.9734 0.0242
vn 0.2469 0.9573 0.1501
vn 0.1296 0.9911 -0.0291
vn -0.1317 0.9909 0.0284
vn -0.0541 0.9969 0.0567
vn 0.0063 0.9993 0.0368
vn 0.0057 0.9993 0.0367
vn 0.1193 0.9896 -0.0802
vn 0.0884 0.9952 -0.0412
vn -0.1508 0.9724 0.1781
vn -0.1416 0.9417 0.3052
vn -0.1784 0.9683 0.1750
vn -0.3906 0.5984 0.6995
vn -0.4436 0.6836 0.5795
vn -0.4630 0.7226 0.5132
vn -0.6216 0.0699 0.7802
vn -0.5711 0.0291 0.8203
vn -0.5469 0.0042 0.8372
vn -0.4725 -0.5332 0.7017
vn -0.4919 -0.5853 0.6446
vn -0.5069 -0.5621 0.6535
vn -0.4782 0.7122 0.5140
vn -0.6385 0.0572 0.7675
vn -0.4992 -0.6146 0.6108
vn -0.6565 -0.0274 0.7539
vn -0.6214 0.6587 0.4243
vn -0.4558 -0.7194 0.5241
vn -0.4910 -0.6537 0.5759
vn -0.4123 -0.7233 0.5540
vn -0.6107 -0.7604 0.2208
vn -0.6474 -0.7086 0.2805
vn -0.5118 -0.8513 -0.1151
vn -0.7460 -0.1780 0.6418
vn -0.9615 -0.2474 -0.1193
vn -0.8830 -0.2518 -0.3962
vn -0.9051 0.3698 0.2098
vn -0.7794 0.5729 -0.2537
vn -0.4840 0.8745 0.0311
vn -0.2443 0.9540 0.1737
vn -0.3934 0.9124 -0.1131
vn -0.7405 0.5767 -0.3451
vn -0.7347 0.5843 -0.3446
vn -0.8681 -0.0755 -0.4907
vn -0.8665 -0.1522 -0.4755
vn -0.6159 -0.6840 -0.3909
vn -0.5689 -0.7643 -0.3037
vn -0.6317 -0.7392 -0.2338
vn -0.5418 -0.7524 -0.3747
vn -0.8286 -0.0368 -0.5586
vn -0.9537 -0.2044 -0.2205
vn -0.8571 -0.1727 0.4853
vn -0.4973 -0.7952 -0.3470
vn -0.8596 -0.0179 -0.5107
vn -0.8829 0.0037 -0.4696
vn -0.7702 0.5226 -0.3656
vn -0.8784 0.0984 -0.4677
vn -0.7294 0.5869 -0.3515
vn -0.8845 0.2272 -0.4074
vn -0.7112 0.6183 -0.3346
vn -0.8449 0.2882 -0.4507
vn -0.8855 0.1599 -0.4363
vn -0.9474 0.0990 -0.3045
vn -0.8236 0.4841 -0.2953
vn -0.9574 0.0129 -0.2884
vn -0.9153 0.2653 -0.3031
vn -0.8940 0.1596 -0.4188
vn -0.9109 -0.0047 -0.4126
vn -0.8996 -0.1540 -0.4086
vn -0.8660 -0.1735 -0.4690
vn -0.8464 -0.0742 -0.5274
vn -0.8334 -0.2001 -0.5151
vn -0.7493 -0.1971 -0.6323
vn -0.8232 0.1341 -0.5516
vn -0.9086 0.1057 -0.4042
vn -0.9255 -0.1293 -0.3561
vn -0.8834 -0.2290 -0.4088
vn -0.8723 0.2054 -0.4436
vn -0.8351 -0.2816 -0.4725
vn -0.8464 -0.2784 -0.4539
vn -0.7693 -0.0759 -0.6344
vn -0.2382 -0.5181 -0.8215
vn 0.3557 -0.6627 -0.6590
vn -0.0875 -0.0007 -0.9962
vn -0.6214 0.2783 -0.7325
vn 0.1032 0.2475 -0.9634
vn 0.1335 0.3626 -0.9223
vn 0.4618 0.3567 -0.8121
vn 0.5091 0.1555 -0.8465
vn 0.5685 -0.1766 -0.8035
vn 0.5164 -0.1192 -0.8480
vn 0.5724 -0.2474 -0.7817
vn 0.3998 -0.6949 -0.5977
vn -0.5558 -0.1911 0.8091
vn -0.3412 -0.3822 0.8588
vn -0.2378 -0.3633 0.9008
vn -0.3625 0.4886 0.7936
vn -0.3267 -0.7769 0.5382
vn -0.3060 -0.8543 0.4201
vn -0.3354 -0.7408 0.5820
vn -0.2487 -0.8506 0.4634
vn -0.1671 -0.9611 0.2200
vn -0.4554 -0.7030 0.5463
vn -0.5740 -0.0198 0.8186
vn -0.3622 -0.7887 0.4968
vn -0.0347 -0.9983 0.0476
vn -0.5717 -0.0817 0.8164
vn -0.4535 0.4946 0.7414
vn -0.5394 0.3813 0.7508
vn -0.5658 -0.1560 0.8097
vn -0.5491 0.2866 0.7851
vn -0.3366 -0.8291 0.4463
vn -0.0214 -0.9994 -0.0266
vn -0.2616 -0.8689 0.4201
vn -0.3198 -0.8566 0.4048
vn -0.5764 -0.1932 0.7940
vn -0.5317 -0.3062 0.7897
vn -0.3886 0.7115 0.5855
vn -0.4387 0.6315 0.6393
vn -0.4750 -0.4016 0.7830
vn -0.4371 0.6055 0.6651
vn -0.4595 -0.4428 0.7700
vn -0.3542 0.8033 0.4788
vn -0.3261 0.8357 0.4419
vn -0.2767 0.8520 0.4445
vn -0.2851 0.8280 0.4829
vn -0.3502 0.7796 0.5192
vn -0.3354 0.8172 0.4686
vn -0.3715 0.7320 0.5712
vn -0.4135 0.6897 0.5944
vn -0.1000 0.9770 0.1883
vn -0.0885 0.9835 0.1579
vn -0.1229 0.9720 0.2004
vn -0.4723 0.6367 0.6095
vn -0.2087 0.9497 0.2336
vn -0.0021 0.9988 0.0486
vn -0.0925 0.9956 0.0177
vn 0.1077 0.9879 -0.1118
vn -0.0272 0.9915 -0.1270
vn 0.0367 0.9784 -0.2034
vn 0.1084 0.9825 -0.1517
vn 0.1339 0.9839 -0.1187
vn -0.0069 0.9984 0.0552
vn 0.1412 0.9817 -0.1277
vn 0.0261 0.9995 -0.0175
vn 0.0234 0.9996 0.0186
vn 0.0406 0.9933 -0.1083
vn 0.0318 0.9994 0.0118
vn 0.0305 0.9994 0.0133
vn 0.0238 0.9997 -0.0042
vn -0.0383 0.9752 -0.2178
vn -0.1706 0.9782 -0.1180
vn -0.0088 0.9978 0.0661
vn 0.0012 0.9984 0.0572
vn -0.2327 0.9675 -0.0987
vn -0.2176 0.9737 -0.0677
vn -0.0155 0.9958 0.0907
vn -0.0240 0.9958 0.0882
vn -0.0437 0.9965 0.0708
vn 0.0003 0.9989 0.0478
vn -0.1869 0.9824 -0.0030
vn -0.1224 0.9896 0.0751
vn -0.1264 0.9784 0.1637
vn -0.0949 0.9726 0.2121
vn -0.0133 0.9983 0.0566
vn -0.0261 0.9992 0.0298
vn 0.0993 0.9948 0.0208
vn -0.1451 0.9889 -0.0325
vn 0.2297 0.9697 0.0826
vn 0.0780 0.9959 0.0458
vn -0.2324 0.9659 -0.1140
vn 0.0202 0.9986 0.0498
vn 0.3797 0.8898 0.2530
vn 0.5570 0.7822 0.2792
vn 0.7436 0.5949 0.3051
vn 0.8834 0.1628 0.4395
vn 0.9217 0.0150 0.3876
vn 0.8199 0.3428 0.4586
vn 0.8671 -0.3200 0.3818
vn 0.5160 -0.8335 0.1974
vn 0.0898 -0.9958 0.0159
vn 0.3238 -0.8423 0.4309
vn 0.2800 -0.9562 0.0855
vn 0.1592 -0.9280 0.3368
vn 0.8022 -0.5095 0.3113
vn 0.6957 -0.5452 0.4676
vn 0.3750 -0.2777 0.8845
vn 0.1383 0.3016 0.9433
vn 0.6739 0.1486 0.7237
vn 0.3936 0.8805 0.2640
vn 0.2284 0.7477 0.6235
vn 0.8060 0.4188 0.4184
vn 0.7460 0.3423 0.5713
vn 0.7810 0.2230 0.5834
vn -0.2538 0.9612 -0.1077
vn -0.1754 0.9790 -0.1035
vn -0.0867 0.9754 0.2025
vn 0.0115 0.9992 0.0386
vn -0.0855 0.9791 0.1843
vn 0.0098 0.9995 0.0296
vn -0.0440 0.9944 0.0964
vn -0.0268 0.9952 0.0945
vn -0.0961 0.9781 0.1848
vn 0.0078 0.9996 0.0283
vn -0.0391 0.9945 0.0968
vn -0.0322 0.9961 0.0820
vn -0.0157 0.9968 0.0782
vn -0.0258 0.9951 0.0952
vn -0.0244 0.9972 0.0709
vn -0.0234 0.9963 0.0832
vn 0.0097 0.9991 0.0401
vn 0.0255 0.9994 0.0216
vn 0.0269 0.9996 0.0097
vn -0.0215 0.9976 0.0651
vn 0.0008 0.9992 0.0408
vn -0.0156 0.9983 0.0554
vn 0.0180 0.9926 0.1197
vn -0.0104 0.9965 0.0824
vn 0.0029 0.9993 0.0375
vn 0.0108 0.9997 0.0209
vn 0.0151 0.9997 0.0203
vn 0.0167 0.9997 0.0199
vn 0.2555 0.9504 0.1771
vn 0.2343 0.9477 0.2166
vn 0.2438 0.9503 0.1938
vn -0.0653 0.9979 0.0031
vn 0.2003 0.9470 0.2512
vn 0.1522 0.9681 0.1990
vn -0.1139 0.9932 0.0239
vn -0.2895 0.9427 -0.1658
vn -0.3650 0.9179 -0.1555
vn -0.4580 0.8814 -0.1156
vn 0.0600 0.9979 -0.0232
vn 0.1322 0.9768 -0.1685
vn 0.0550 0.9967 -0.0593
vn 0.1230 0.9760 -0.1796
vn 0.1123 0.9871 -0.1145
vn 0.0941 0.9915 -0.0894
vn 0.0173 0.9997 0.0184
vn 0.0195 0.9997 0.0178
vn 0.1164 0.9871 -0.1096
vn 0.1088 0.9886 -0.1038
vn -0.0121 0.9987 0.0490
vn 0.0189 0.9995 0.0255
vn 0.0664 0.9947 -0.0788
vn -0.0447 0.9910 0.1263
vn -0.0813 0.9842 0.1571
vn -0.2332 0.8681 0.4382
vn -0.7195 0.5713 -0.3949
vn -0.8607 0.1199 -0.4948
vn -0.9064 0.0531 -0.4190
vn 0.0856 -0.5768 0.8124
vn -0.4809 -0.6591 0.5781
vn -0.6067 0.1706 0.7764
vn 0.1309 0.1077 0.9855
vn 0.0890 0.0712 0.9935
vn -0.5992 0.1207 0.7915
vn 0.1326 0.0140 0.9911
vn 0.0467 0.0350 0.9983
vn -0.5963 0.0503 0.8012
vn 0.0970 0.0002 0.9953
vn 0.0575 0.0362 0.9977
vn 0.1515 -0.0024 0.9885
vn -0.5912 0.0258 0.8061
vn -0.4916 0.0049 0.8708
vn -0.5248 0.0150 0.8511
vn -0.5106 0.0340 0.8591
vn -0.6106 0.0170 0.7918
vn -0.6310 0.0144 0.7757
vn -0.9695 0.0123 0.2450
vn -0.4705 0.0510 0.8809
vn -0.6607 0.0178 0.7505
vn -0.9283 0.0609 0.3667
vn -0.5343 -0.0730 0.8421
vn -0.6671 -0.0407 0.7439
vn -0.8861 0.0492 0.4609
vn -0.9287 0.2662 -0.2583
vn -0.9055 0.0779 -0.4171
vn -0.7338 0.4974 -0.4627
vn -0.8549 0.1480 -0.4972
vn -0.8520 -0.1674 0.4960
vn -0.6034 -0.3367 0.7229
vn -0.5185 -0.5002 0.6935
vn -0.5848 -0.4952 0.6425
vn -0.5240 0.0351 0.8510
vn -0.6316 -0.3359 0.6988
vn -0.5747 0.2144 0.7898
vn -0.4356 -0.8113 0.3900
vn -0.2033 0.3877 0.8991
vn -0.3784 0.6817 0.6261
vn -0.5053 0.3955 0.7670
vn 0.0302 0.3190 0.9473
vn -0.5206 0.4239 0.7412
vn -0.5894 0.0090 0.8078
vn -0.5879 0.0004 0.8089
vn -0.5894 0.0099 0.8078
vn -0.5954 0.0285 0.8030
vn -0.5914 0.0633 0.8039
vn -0.5995 0.0915 0.7951
vn 0.4224 -0.6813 -0.5978
vn 0.5951 0.3701 -0.7133
vn 0.5644 0.5491 -0.6164
vn 0.6110 0.5963 -0.5207
vn 0.6582 0.2951 -0.6926
vn 0.6396 0.2453 -0.7286
vn 0.6410 -0.0327 -0.7669
vn 0.6546 0.3962 -0.6438
vn 0.6736 0.7057 -0.2198
vn 0.8813 0.2942 -0.3698
vn 0.8894 0.4350 0.1404
vn 0.5021 -0.0832 -0.8608
vn 0.4926 0.3462 -0.7984
vn 0.5070 -0.0745 -0.8587
vn 0.4886 0.2635 -0.8317
vn 0.5252 0.2503 -0.8133
vn 0.5326 -0.0527 -0.8447
vn 0.5490 -0.0305 -0.8353
vn 0.5384 0.2588 -0.8020
vn 0.2797 0.8643 -0.4180
vn 0.2998 0.8548 -0.4237
vn 0.2385 0.8727 -0.4260
vn 0.3008 0.8397 -0.4522
vn 0.5319 0.2417 -0.8116
vn 0.5526 -0.0356 -0.8327
vn 0.5369 0.2019 -0.8191
vn 0.3122 0.8265 -0.4685
vn 0.5539 -0.0711 -0.8296
vn 0.5305 -0.0903 -0.8428
vn 0.5342 0.1812 -0.8257
vn 0.5089 -0.0682 -0.8581
vn 0.5171 0.1904 -0.8345
vn 0.3215 0.7850 -0.5296
vn 0.3519 0.6862 -0.6366
vn 0.5284 -0.0423 -0.8479
vn 0.5200 0.2409 -0.8195
vn 0.3757 0.6280 -0.6815
vn 0.3471 0.5589 -0.7531
vn 0.4420 0.4302 -0.7871
vn -0.1718 0.9682 -0.1820
vn 0.4852 0.3380 -0.8064
vn 0.4417 0.5591 -0.7016
vn 0.5378 0.2838 -0.7939
vn 0.5600 0.2731 -0.7822
vn 0.4763 0.5491 -0.6867
vn 0.4766 0.3607 -0.8017
vn 0.4938 0.0387 -0.8687
vn 0.5350 -0.0046 -0.8448
vn 0.4650 -0.3045 -0.8313
vn 0.4815 -0.3838 -0.7880
vn 0.4716 -0.4348 -0.7672
vn 0.7826 0.0257 -0.6219
vn 0.6256 -0.1626 -0.7630
vn 0.4619 -0.8130 -0.3544
vn 0.8556 -0.4782 -0.1981
vn 0.7691 -0.4605 0.4432
vn 0.9858 -0.1356 0.0995
vn 0.8259 0.0848 0.5574
vn 0.9340 0.2666 0.2378
vn 0.8849 0.3326 0.3261
vn 0.7506 0.6333 -0.1884
vn 0.6833 0.3818 -0.6223
vn 0.8578 0.3630 -0.3638
vn 0.9769 0.0143 -0.2132
vn 0.9221 -0.0179 0.3864
vn 0.7962 0.2519 0.5501
vn 0.8105 0.1033 0.5765
vn 0.8315 -0.0264 0.5548
vn 0.6409 0.0275 -0.7672
vn 0.5438 0.0120 -0.8391
vn 0.5667 0.0048 -0.8239
vn 0.6217 -0.1989 -0.7576
vn 0.5414 0.0021 -0.8407
vn 0.5364 0.0101 -0.8439
vn 0.5291 -0.2118 -0.8217
vn 0.5215 -0.2949 -0.8006
vn 0.7389 -0.3773 -0.5583
vn 0.4645 0.0076 -0.8855
vn 0.4378 -0.2144 -0.8732
vn 0.4388 -0.2706 -0.8569
vn 0.6168 0.2984 -0.7284
vn 0.8976 0.2363 -0.3722
vn 0.5074 0.2589 -0.8219
vn -0.0113 -0.5111 -0.8594
vn 0.4127 -0.2701 -0.8699
vn 0.3430 0.2728 -0.8988
vn 0.1918 -0.5202 -0.8322
vn 0.5103 -0.2295 -0.8288
vn 0.4202 0.3368 -0.8426
vn 0.1910 0.4383 -0.8783
vn 0.5427 -0.1533 -0.8258
vn 0.5161 0.4047 -0.7549
vn 0.4332 0.6389 -0.6357
vn 0.5093 0.4446 -0.7368
vn 0.5461 -0.1148 -0.8298
vn 0.2676 -0.8375 -0.4765
vn 0.2863 -0.8163 -0.5016
vn 0.2110 -0.8607 -0.4633
vn 0.3518 -0.7214 -0.5964
vn 0.3653 -0.7026 -0.6107
vn 0.2977 -0.7444 -0.5976
vn -0.1362 -0.5792 -0.8038
vn 0.5640 -0.0038 -0.8258
vn 0.5589 -0.0045 -0.8292
vn -0.0766 0.0156 -0.9969
vn -0.1734 0.0176 -0.9847
vn -0.2390 0.6427 -0.7278
vn 0.2953 0.7690 -0.5670
vn -0.1316 0.1340 -0.9822
vn 0.3747 0.7551 -0.5381
vn -0.0174 0.9989 0.0445
vn 0.4636 0.0196 -0.8858
vn -0.0050 0.9996 0.0296
vn 0.3754 0.7467 -0.5492
vn -0.0008 0.9997 0.0263
vn 0.3774 0.7340 -0.5647
vn -0.0087 0.9996 0.0283
vn 0.3748 0.7318 -0.5692
vn -0.0073 1.0000 -0.0027
vn 0.3688 0.7262 -0.5802
vn 0.4889 0.8535 -0.1802
vn 0.7905 0.4074 -0.4573
vn 0.3536 0.8564 -0.3762
vn 0.5396 -0.0071 -0.8419
vn 0.3702 -0.6986 -0.6124
vn 0.5454 -0.0099 -0.8381
vn 0.5521 -0.0069 -0.8338
vn 0.3096 -0.7929 -0.5248
vn 0.5391 -0.0980 -0.8365
vn 0.4085 -0.0982 -0.9075
vn 0.1382 -0.8727 -0.4683
vn 0.1719 -0.8976 -0.4058
vn 0.4706 -0.4730 -0.7449
vn 0.3009 0.0581 0.9519
vn 0.2498 0.0035 0.9683
vn -0.0336 -0.2712 0.9619
vn 0.3036 0.0200 0.9526
vn 0.4087 0.0717 0.9099
vn 0.8388 0.0159 0.5443
vn 0.7001 0.5423 0.4645
vn 0.6029 0.3033 0.7379
vn 0.6090 0.4004 0.6847
vn 0.8286 0.3425 0.4429
vn 0.8294 0.2797 0.4837
vn 0.8171 0.0999 0.5677
vn 0.8294 -0.1724 0.5314
vn 0.8625 0.2043 0.4629
vn 0.3106 0.9332 0.1805
vn 0.4197 0.8703 0.2578
vn 0.7011 0.5146 0.4935
vn 0.6124 0.7225 0.3209
vn 0.8741 -0.0170 0.4854
vn 0.6281 0.6982 0.3435
vn 0.4606 0.8440 0.2748
vn 0.7485 -0.6629 0.0137
vn 0.7480 -0.4053 -0.5256
vn -0.9122 -0.1665 -0.3745
vn 0.2344 0.1544 0.9598
vn -0.2367 -0.1789 -0.9550
vn -0.7786 -0.0473 0.6257
vn 0.8579 0.0716 0.5088
vn 0.0566 -0.1671 0.9843
vn 0.5329 0.3728 -0.7596
vn -0.9349 -0.2748 -0.2248
vn -0.6060 0.1790 -0.7750
vn -0.2928 -0.7383 0.6076
vn 0.8813 0.3594 0.3068
vn -0.7358 -0.6030 -0.3081
vn 0.4763 -0.6345 0.6088
vn 0.0308 0.9623 -0.2701
vn 0.8599 -0.0155 0.5103
vn -0.5801 0.6989 -0.4184
vn -0.1485 -0.9431 -0.2976
vn 0.5908 0.4427 0.6745
vn -0.8461 0.2942 -0.4445
vn 0.3780 -0.9091 -0.1752
vn -0.3173 0.5348 -0.7832
vn 0.8446 -0.4897 -0.2165
vn 0.5157 0.8514 0.0962
vn 0.3560 -0.9277 0.1126
vn 0.6281 -0.6825 0.3738
vn 0.8350 -0.2598 0.4850
vn 0.8883 0.0151 0.4591
vn 0.8238 -0.0793 0.5613
vn 0.1326 -0.9640 -0.2304
vn 0.1160 -0.9665 -0.2292
vn 0.1865 -0.9576 -0.2195
vn -0.0084 -0.9991 -0.0413
vn -0.0106 -0.9996 -0.0269
vn 0.1800 -0.9514 -0.2500
vn 0.1171 -0.9579 -0.2622
vn 0.1383 -0.9679 -0.2097
vn 0.3730 -0.9277 -0.0166
vt 0.608304 0.337297
vt 0.607478 0.342647
vt 0.603724 0.342578
vt 0.604312 0.336329
vt 0.611682 0.337986
vt 0.610320 0.342282
vt 0.610429 0.331181
vt 0.613950 0.332555
vt 0.606003 0.330103
vt 0.608494 0.323012
vt 0.613252 0.324126
vt 0.616734 0.326156
vt 0.616586 0.315462
vt 0.619686 0.316841
vt 0.611880 0.314251
vt 0.600982 0.329104
vt 0.603352 0.321897
vt 0.606526 0.312655
vt 0.595587 0.328888
vt 0.597839 0.320986
vt 0.600505 0.311646
vt 0.603490 0.299127
vt 0.609625 0.299988
vt 0.615813 0.301202
vt 0.605890 0.285716
vt 0.612653 0.286449
vt 0.618703 0.287434
vt 0.613916 0.276099
vt 0.619618 0.276177
vt 0.607428 0.275886
vt 0.623502 0.288425
vt 0.619845 0.302845
vt 0.624538 0.276380
vt 0.628050 0.276926
vt 0.625831 0.289756
vt 0.623303 0.304218
vt 0.628620 0.268401
vt 0.625089 0.268501
vt 0.620085 0.268476
vt 0.630553 0.277654
vt 0.629197 0.291895
vt 0.631725 0.268700
vt 0.629563 0.262615
vt 0.632965 0.262347
vt 0.625494 0.262533
vt 0.625933 0.258258
vt 0.630305 0.258786
vt 0.634765 0.258890
vt 0.639344 0.259426
vt 0.637261 0.262590
vt 0.635126 0.269208
vt 0.637401 0.267402
vt 0.643870 0.271203
vt 0.644919 0.265860
vt 0.646123 0.261879
vt 0.635933 0.255517
vt 0.641039 0.256205
vt 0.647790 0.258634
vt 0.729914 0.671186
vt 0.730850 0.669173
vt 0.735179 0.669332
vt 0.733447 0.671600
vt 0.740805 0.669737
vt 0.738782 0.672191
vt 0.747911 0.670845
vt 0.745245 0.673448
vt 0.655429 0.261974
vt 0.653614 0.265753
vt 0.736859 0.666646
vt 0.743143 0.666911
vt 0.750919 0.667829
vt 0.745576 0.663755
vt 0.754004 0.664345
vt 0.738472 0.663692
vt 0.732338 0.666597
vt 0.733774 0.663642
vt 0.727741 0.669171
vt 0.729042 0.666573
vt 0.730137 0.663538
vt 0.727621 0.671575
vt 0.626356 0.255302
vt 0.620621 0.258024
vt 0.620643 0.254938
vt 0.632002 0.255743
vt 0.620357 0.262610
vt 0.615084 0.262265
vt 0.614737 0.257888
vt 0.614395 0.254793
vt 0.608574 0.261977
vt 0.608177 0.257493
vt 0.607427 0.254296
vt 0.735546 0.660056
vt 0.731339 0.660012
vt 0.733653 0.655567
vt 0.737778 0.655870
vt 0.598944 0.256999
vt 0.598345 0.253160
vt 0.588995 0.256605
vt 0.588676 0.252961
vt 0.735444 0.651237
vt 0.739523 0.651720
vt 0.599525 0.261761
vt 0.589270 0.261704
vt 0.579976 0.256867
vt 0.579932 0.252934
vt 0.579814 0.261918
vt 0.588462 0.267888
vt 0.578658 0.267543
vt 0.599528 0.268221
vt 0.576671 0.273992
vt 0.586772 0.274964
vt 0.598270 0.275474
vt 0.583995 0.283796
vt 0.573902 0.282844
vt 0.596024 0.284696
vt 0.608280 0.268296
vt 0.614626 0.268373
vt 0.592283 0.297650
vt 0.580411 0.296281
vt 0.589395 0.310682
vt 0.578718 0.309959
vt 0.588121 0.320803
vt 0.578053 0.320392
vt 0.587123 0.328192
vt 0.577721 0.328378
vt 0.594192 0.335940
vt 0.586527 0.335675
vt 0.577458 0.335211
vt 0.569086 0.327881
vt 0.569570 0.320107
vt 0.568449 0.335175
vt 0.567465 0.341407
vt 0.576969 0.341725
vt 0.586217 0.342394
vt 0.562530 0.343753
vt 0.562528 0.335411
vt 0.562912 0.327953
vt 0.558750 0.335660
vt 0.559420 0.341880
vt 0.558198 0.328643
vt 0.562614 0.319852
vt 0.557849 0.320742
vt 0.550716 0.334168
vt 0.549231 0.325936
vt 0.551546 0.340853
vt 0.548280 0.344919
vt 0.545626 0.337516
vt 0.543674 0.330430
vt 0.548504 0.315434
vt 0.557117 0.310641
vt 0.542084 0.320639
vt 0.541311 0.342306
vt 0.539481 0.333985
vt 0.536701 0.324637
vt 0.535325 0.309646
vt 0.540310 0.305101
vt 0.548102 0.299401
vt 0.532500 0.328517
vt 0.531209 0.313303
vt 0.536272 0.338397
vt 0.527665 0.316868
vt 0.529962 0.331822
vt 0.534132 0.342885
vt 0.524743 0.320073
vt 0.527686 0.334126
vt 0.533154 0.347302
vt 0.526358 0.338237
vt 0.521163 0.322526
vt 0.532116 0.350726
vt 0.538188 0.350084
vt 0.539900 0.355421
vt 0.539553 0.358273
vt 0.540053 0.362043
vt 0.530823 0.353688
vt 0.524590 0.340429
vt 0.796282 0.565446
vt 0.795660 0.574284
vt 0.789282 0.575986
vt 0.790272 0.568023
vt 0.794183 0.585315
vt 0.787915 0.586630
vt 0.518606 0.325727
vt 0.793451 0.596951
vt 0.786411 0.598998
vt 0.797320 0.584705
vt 0.796720 0.596122
vt 0.798624 0.574157
vt 0.800392 0.584311
vt 0.799950 0.595273
vt 0.801634 0.573913
vt 0.801803 0.564412
vt 0.799015 0.565303
vt 0.800775 0.559447
vt 0.798588 0.559560
vt 0.796649 0.559908
vt 0.545506 0.367467
vt 0.544559 0.373250
vt 0.539244 0.368731
vt 0.549617 0.374939
vt 0.545071 0.376223
vt 0.542946 0.375224
vt 0.551138 0.371697
vt 0.551637 0.377833
vt 0.548889 0.380279
vt 0.557289 0.376035
vt 0.798358 0.555837
vt 0.800539 0.556634
vt 0.301120 0.861673
vt 0.300489 0.860004
vt 0.305001 0.859301
vt 0.303993 0.860886
vt 0.547800 0.381700
vt 0.545729 0.379439
vt 0.554328 0.380720
vt 0.551131 0.383095
vt 0.547798 0.383780
vt 0.305179 0.866237
vt 0.302062 0.866808
vt 0.301600 0.864047
vt 0.304665 0.863294
vt 0.552269 0.385466
vt 0.548685 0.385810
vt 0.306134 0.867640
vt 0.303917 0.868988
vt 0.301365 0.869979
vt 0.298260 0.867782
vt 0.297923 0.864890
vt 0.440507 0.536131
vt 0.436806 0.532230
vt 0.437841 0.530616
vt 0.441475 0.534241
vt 0.439376 0.530189
vt 0.442006 0.531794
vt 0.440127 0.538489
vt 0.436530 0.533837
vt 0.298903 0.870903
vt 0.296691 0.869645
vt 0.439458 0.542077
vt 0.437197 0.539331
vt 0.293227 0.872723
vt 0.293061 0.870816
vt 0.288785 0.875264
vt 0.288266 0.872147
vt 0.294117 0.876043
vt 0.289502 0.878454
vt 0.282819 0.881258
vt 0.282148 0.877525
vt 0.281993 0.873935
vt 0.275518 0.885694
vt 0.275050 0.880304
vt 0.275572 0.875758
vt 0.284985 0.884817
vt 0.277877 0.887491
vt 0.291181 0.881585
vt 0.285445 0.888728
vt 0.276073 0.891778
vt 0.292873 0.883882
vt 0.295861 0.878457
vt 0.297837 0.881102
vt 0.443058 0.541849
vt 0.441369 0.544863
vt 0.443454 0.547825
vt 0.445578 0.544359
vt 0.449508 0.546777
vt 0.447324 0.550229
vt 0.443359 0.559689
vt 0.440059 0.556865
vt 0.452327 0.553153
vt 0.447889 0.563046
vt 0.454121 0.549870
vt 0.446999 0.541767
vt 0.450990 0.543803
vt 0.455976 0.547074
vt 0.459362 0.553668
vt 0.457681 0.556666
vt 0.461481 0.550946
vt 0.452844 0.540800
vt 0.457973 0.544220
vt 0.463823 0.548167
vt 0.459579 0.541952
vt 0.465661 0.546377
vt 0.454501 0.538291
vt 0.469705 0.552098
vt 0.466984 0.554451
vt 0.472136 0.550388
vt 0.587717 0.384468
vt 0.599563 0.385494
vt 0.598590 0.386987
vt 0.587083 0.386117
vt 0.575994 0.386195
vt 0.575566 0.384155
vt 0.474501 0.549516
vt 0.480054 0.552763
vt 0.476996 0.554081
vt 0.474179 0.555548
vt 0.600575 0.384167
vt 0.612836 0.385913
vt 0.610835 0.387933
vt 0.587901 0.382782
vt 0.482956 0.552051
vt 0.487494 0.554113
vt 0.483812 0.555490
vt 0.480319 0.556883
vt 0.491579 0.555996
vt 0.487621 0.557401
vt 0.483127 0.558678
vt 0.490059 0.559343
vt 0.485560 0.560156
vt 0.494565 0.558199
vt 0.479979 0.560232
vt 0.477512 0.558392
vt 0.482100 0.561556
vt 0.487696 0.561831
vt 0.484631 0.562887
vt 0.491699 0.561558
vt 0.489177 0.563781
vt 0.486405 0.564417
vt 0.492140 0.564151
vt 0.495177 0.561579
vt 0.495473 0.564456
vt 0.492538 0.566610
vt 0.490009 0.566443
vt 0.495296 0.567215
vt 0.499825 0.561874
vt 0.499339 0.564994
vt 0.498890 0.567761
vt 0.505367 0.563531
vt 0.504899 0.566084
vt 0.504442 0.568675
vt 0.513014 0.564917
vt 0.512872 0.567380
vt 0.512502 0.569809
vt 0.504072 0.570646
vt 0.498400 0.569872
vt 0.512320 0.571820
vt 0.522988 0.568980
vt 0.522910 0.571336
vt 0.522932 0.573251
vt 0.534886 0.575179
vt 0.535063 0.573305
vt 0.535125 0.571007
vt 0.523013 0.566622
vt 0.535209 0.568710
vt 0.547512 0.575854
vt 0.547924 0.573582
vt 0.548272 0.571356
vt 0.558803 0.578869
vt 0.559439 0.576610
vt 0.559960 0.574355
vt 0.547163 0.577740
vt 0.558546 0.580838
vt 0.567500 0.581836
vt 0.567171 0.583938
vt 0.568399 0.579408
vt 0.573037 0.585230
vt 0.573342 0.582863
vt 0.573656 0.580442
vt 0.568804 0.576876
vt 0.770024 0.689781
vt 0.773484 0.689957
vt 0.772973 0.693513
vt 0.768450 0.692122
vt 0.777646 0.691336
vt 0.777041 0.694472
vt 0.777093 0.697708
vt 0.773926 0.698003
vt 0.768398 0.687915
vt 0.772389 0.684695
vt 0.777843 0.687754
vt 0.769789 0.677753
vt 0.774979 0.680528
vt 0.768588 0.683477
vt 0.669079 0.297018
vt 0.671358 0.290726
vt 0.675363 0.294920
vt 0.673069 0.302352
vt 0.778436 0.682507
vt 0.776308 0.675537
vt 0.772003 0.673088
vt 0.779067 0.676913
vt 0.773784 0.667880
vt 0.778037 0.669553
vt 0.780552 0.670477
vt 0.779889 0.662625
vt 0.782400 0.663307
vt 0.775666 0.661430
vt 0.766864 0.670659
vt 0.768848 0.666467
vt 0.771034 0.660689
vt 0.762045 0.665135
vt 0.764579 0.660196
vt 0.759141 0.668957
vt 0.764730 0.673701
vt 0.756257 0.672232
vt 0.752688 0.675509
vt 0.764032 0.677540
vt 0.661541 0.272350
vt 0.662771 0.268698
vt 0.672498 0.277241
vt 0.669107 0.280637
vt 0.666971 0.284380
vt 0.659803 0.276361
vt 0.652123 0.270473
vt 0.650335 0.276517
vt 0.657016 0.282547
vt 0.646420 0.286236
vt 0.640991 0.281613
vt 0.652713 0.292063
vt 0.663930 0.290030
vt 0.659148 0.299221
vt 0.653114 0.311425
vt 0.646784 0.305078
vt 0.641174 0.300165
vt 0.646271 0.325073
vt 0.640217 0.319086
vt 0.635378 0.314872
vt 0.636079 0.331757
vt 0.631559 0.327459
vt 0.640457 0.338818
vt 0.659482 0.319101
vt 0.652885 0.332595
vt 0.644263 0.346036
vt 0.632686 0.340435
vt 0.635319 0.347689
vt 0.638231 0.355177
vt 0.628441 0.347436
vt 0.630969 0.353809
vt 0.633361 0.362109
vt 0.640271 0.361163
vt 0.634914 0.368736
vt 0.647095 0.351308
vt 0.630020 0.367451
vt 0.627389 0.358681
vt 0.630944 0.375283
vt 0.499917 0.558608
vt 0.505804 0.560757
vt 0.513319 0.562482
vt 0.627292 0.381492
vt 0.626313 0.373706
vt 0.494942 0.556821
vt 0.623960 0.381925
vt 0.621295 0.378860
vt 0.624033 0.363430
vt 0.623915 0.372802
vt 0.620811 0.366226
vt 0.619020 0.376458
vt 0.616768 0.369857
vt 0.613954 0.377387
vt 0.611737 0.372329
vt 0.616567 0.381565
vt 0.605548 0.377226
vt 0.600987 0.371993
vt 0.609537 0.381748
vt 0.619233 0.384971
vt 0.599263 0.380636
vt 0.594900 0.376720
vt 0.584829 0.377169
vt 0.585371 0.379879
vt 0.574374 0.378662
vt 0.571628 0.375198
vt 0.573987 0.381787
vt 0.566943 0.381756
vt 0.565834 0.379652
vt 0.565056 0.376128
vt 0.559865 0.380542
vt 0.557057 0.372202
vt 0.563196 0.371871
vt 0.555817 0.367759
vt 0.552915 0.368017
vt 0.552538 0.365023
vt 0.551037 0.369020
vt 0.549226 0.365253
vt 0.545247 0.363770
vt 0.544868 0.360271
vt 0.548601 0.361704
vt 0.543015 0.355167
vt 0.548251 0.358228
vt 0.543209 0.351406
vt 0.539607 0.346923
vt 0.545570 0.349527
vt 0.552206 0.351439
vt 0.549120 0.353597
vt 0.551110 0.356197
vt 0.553248 0.354879
vt 0.552091 0.361273
vt 0.557651 0.365206
vt 0.555300 0.359418
vt 0.560014 0.361382
vt 0.562690 0.367602
vt 0.555086 0.355963
vt 0.557176 0.354922
vt 0.566770 0.365066
vt 0.566317 0.359290
vt 0.564505 0.353569
vt 0.558777 0.349025
vt 0.555334 0.347494
vt 0.566254 0.348623
vt 0.576117 0.356850
vt 0.576779 0.361605
vt 0.576059 0.351379
vt 0.566450 0.344143
vt 0.576328 0.346366
vt 0.585847 0.347628
vt 0.586512 0.352443
vt 0.593642 0.342762
vt 0.593776 0.347727
vt 0.594178 0.352118
vt 0.595781 0.356749
vt 0.587391 0.357108
vt 0.598059 0.361774
vt 0.587994 0.362025
vt 0.600156 0.367399
vt 0.589476 0.367871
vt 0.578385 0.366598
vt 0.602480 0.355965
vt 0.605230 0.360422
vt 0.607931 0.366340
vt 0.592558 0.372253
vt 0.610224 0.358196
vt 0.613640 0.364322
vt 0.617594 0.360468
vt 0.614351 0.355518
vt 0.607782 0.354097
vt 0.612144 0.351840
vt 0.615824 0.348621
vt 0.617857 0.351969
vt 0.620869 0.357171
vt 0.621477 0.347579
vt 0.619169 0.344550
vt 0.624561 0.352595
vt 0.625220 0.342441
vt 0.628535 0.335943
vt 0.622300 0.340199
vt 0.625301 0.333282
vt 0.620386 0.337123
vt 0.622804 0.330614
vt 0.617069 0.342335
vt 0.613633 0.346963
vt 0.611694 0.344578
vt 0.614810 0.340066
vt 0.617859 0.335010
vt 0.620322 0.328666
vt 0.623275 0.319142
vt 0.625744 0.321304
vt 0.628333 0.323604
vt 0.628979 0.308407
vt 0.631850 0.311070
vt 0.626518 0.306607
vt 0.636187 0.296776
vt 0.631119 0.294881
vt 0.634881 0.276248
vt 0.633191 0.278417
vt 0.608399 0.346285
vt 0.610052 0.348992
vt 0.604372 0.346649
vt 0.606033 0.350878
vt 0.599762 0.347476
vt 0.600834 0.351575
vt 0.599329 0.342550
vt 0.599522 0.336002
vt 0.580516 0.371852
vt 0.570174 0.370129
vt 0.566442 0.383360
vt 0.560051 0.383353
vt 0.556077 0.382872
vt 0.448564 0.538464
vt 0.449856 0.535872
vt 0.445761 0.533855
vt 0.444998 0.536595
vt 0.443970 0.539498
vt 0.523041 0.564243
vt 0.655361 0.338860
vt 0.535300 0.566464
vt 0.548619 0.569147
vt 0.663999 0.325078
vt 0.560396 0.572118
vt 0.665450 0.306571
vt 0.670282 0.312142
vt 0.568715 0.574325
vt 0.764253 0.682483
vt 0.764244 0.680205
vt 0.756754 0.660101
vt 0.748114 0.659990
vt 0.759355 0.654871
vt 0.766994 0.654311
vt 0.750680 0.655368
vt 0.740623 0.659986
vt 0.743481 0.655424
vt 0.745422 0.651346
vt 0.753111 0.650630
vt 0.747164 0.647953
vt 0.754312 0.647297
vt 0.741167 0.648276
vt 0.736454 0.647890
vt 0.736966 0.645361
vt 0.742352 0.645510
vt 0.748506 0.645328
vt 0.737463 0.642191
vt 0.744478 0.643193
vt 0.749122 0.642972
vt 0.746758 0.641288
vt 0.749660 0.641417
vt 0.553195 0.257675
vt 0.555663 0.254893
vt 0.566969 0.254525
vt 0.566105 0.257885
vt 0.754939 0.642508
vt 0.755001 0.640916
vt 0.754867 0.644707
vt 0.762198 0.640072
vt 0.762133 0.641716
vt 0.761991 0.644053
vt 0.769143 0.639199
vt 0.769059 0.641150
vt 0.769042 0.643475
vt 0.543685 0.259866
vt 0.536492 0.263524
vt 0.536243 0.259922
vt 0.543208 0.256966
vt 0.530928 0.267282
vt 0.530662 0.263786
vt 0.530815 0.271626
vt 0.536407 0.267768
vt 0.543355 0.264288
vt 0.552998 0.262191
vt 0.549722 0.256017
vt 0.551606 0.267897
vt 0.541888 0.270622
vt 0.535742 0.274327
vt 0.534931 0.282558
vt 0.541166 0.278037
vt 0.550829 0.274575
vt 0.565027 0.261832
vt 0.562715 0.267040
vt 0.561099 0.272926
vt 0.559686 0.281935
vt 0.548882 0.284447
vt 0.540810 0.289158
vt 0.558766 0.295881
vt 0.534746 0.293947
vt 0.530282 0.298303
vt 0.530428 0.286590
vt 0.526474 0.302297
vt 0.526731 0.289766
vt 0.523809 0.292894
vt 0.523711 0.305560
vt 0.521316 0.295071
vt 0.520409 0.307993
vt 0.516304 0.311045
vt 0.518877 0.297562
vt 0.792553 0.608539
vt 0.792810 0.618362
vt 0.784606 0.621785
vt 0.785236 0.611256
vt 0.795866 0.607562
vt 0.795542 0.617698
vt 0.798847 0.606951
vt 0.798390 0.617146
vt 0.801181 0.606237
vt 0.801093 0.616348
vt 0.802056 0.594856
vt 0.802683 0.584049
vt 0.803308 0.605458
vt 0.804577 0.594377
vt 0.805468 0.583683
vt 0.803861 0.574018
vt 0.806675 0.574281
vt 0.809213 0.583275
vt 0.808095 0.594209
vt 0.810695 0.573993
vt 0.807505 0.567825
vt 0.811805 0.566431
vt 0.804886 0.564413
vt 0.816612 0.566697
vt 0.815249 0.573831
vt 0.813591 0.583264
vt 0.822628 0.566625
vt 0.820851 0.573812
vt 0.818608 0.583467
vt 0.812109 0.594177
vt 0.816902 0.594413
vt 0.824914 0.584033
vt 0.822790 0.594931
vt 0.827385 0.574342
vt 0.834295 0.585322
vt 0.833127 0.596442
vt 0.836280 0.575332
vt 0.840420 0.575240
vt 0.838181 0.585945
vt 0.836704 0.597100
vt 0.835302 0.608131
vt 0.831972 0.607389
vt 0.821709 0.605716
vt 0.830897 0.617190
vt 0.821648 0.615520
vt 0.834045 0.618174
vt 0.838077 0.608779
vt 0.836645 0.619001
vt 0.839619 0.597700
vt 0.843160 0.598384
vt 0.841397 0.609571
vt 0.839574 0.619747
vt 0.844627 0.610205
vt 0.842466 0.620885
vt 0.846781 0.599179
vt 0.848461 0.588121
vt 0.844749 0.587365
vt 0.841280 0.586639
vt 0.843281 0.575931
vt 0.846771 0.577403
vt 0.850526 0.578607
vt 0.848092 0.568028
vt 0.852742 0.571547
vt 0.842448 0.563078
vt 0.838717 0.564749
vt 0.831043 0.561508
vt 0.831515 0.559368
vt 0.275690 0.861071
vt 0.269303 0.860738
vt 0.269791 0.855507
vt 0.276234 0.858078
vt 0.263616 0.859536
vt 0.264370 0.853733
vt 0.275609 0.864766
vt 0.269115 0.864827
vt 0.263416 0.865105
vt 0.258248 0.857944
vt 0.260616 0.853287
vt 0.258591 0.865396
vt 0.254089 0.866394
vt 0.254207 0.858186
vt 0.253375 0.856013
vt 0.256059 0.855600
vt 0.855870 0.573083
vt 0.856245 0.566972
vt 0.858591 0.569221
vt 0.859830 0.570548
vt 0.858874 0.574165
vt 0.252808 0.855044
vt 0.255446 0.853999
vt 0.863949 0.571673
vt 0.862560 0.575402
vt 0.857129 0.580698
vt 0.853963 0.579772
vt 0.860699 0.581736
vt 0.864870 0.575899
vt 0.863435 0.582595
vt 0.865789 0.571187
vt 0.858808 0.590885
vt 0.855346 0.589988
vt 0.861629 0.591689
vt 0.866699 0.583591
vt 0.864954 0.592676
vt 0.867707 0.576359
vt 0.868324 0.593764
vt 0.869956 0.584458
vt 0.871045 0.576720
vt 0.874351 0.577422
vt 0.873358 0.585339
vt 0.871764 0.594873
vt 0.877031 0.586586
vt 0.875515 0.596247
vt 0.242633 0.856569
vt 0.240898 0.856907
vt 0.235947 0.851794
vt 0.238482 0.850967
vt 0.245033 0.855277
vt 0.250428 0.859257
vt 0.247294 0.861037
vt 0.244102 0.861887
vt 0.245538 0.867451
vt 0.248435 0.867003
vt 0.251155 0.866570
vt 0.869267 0.571079
vt 0.873334 0.570717
vt 0.250069 0.872177
vt 0.252422 0.871812
vt 0.254722 0.871724
vt 0.258945 0.870580
vt 0.254884 0.875192
vt 0.259548 0.874260
vt 0.253544 0.875652
vt 0.256510 0.880634
vt 0.254404 0.881032
vt 0.260239 0.880726
vt 0.251495 0.876712
vt 0.251948 0.881852
vt 0.249813 0.882741
vt 0.248778 0.877614
vt 0.247601 0.872670
vt 0.244934 0.873539
vt 0.242819 0.868325
vt 0.246495 0.878453
vt 0.242247 0.874488
vt 0.239747 0.869048
vt 0.244815 0.879453
vt 0.239472 0.876195
vt 0.236853 0.869990
vt 0.243594 0.880581
vt 0.235295 0.861781
vt 0.238522 0.862634
vt 0.241459 0.862540
vt 0.236185 0.879647
vt 0.233374 0.873615
vt 0.430414 0.653652
vt 0.428237 0.655792
vt 0.424226 0.650168
vt 0.425692 0.648178
vt 0.432575 0.651196
vt 0.428719 0.645878
vt 0.426367 0.641580
vt 0.422972 0.643411
vt 0.242068 0.883824
vt 0.421049 0.640280
vt 0.424582 0.637471
vt 0.430260 0.639392
vt 0.432142 0.643285
vt 0.428844 0.635513
vt 0.424115 0.633701
vt 0.428051 0.631706
vt 0.245405 0.884162
vt 0.241624 0.887565
vt 0.239209 0.886543
vt 0.435313 0.636621
vt 0.433864 0.632558
vt 0.432938 0.628516
vt 0.441719 0.633634
vt 0.440174 0.629150
vt 0.439205 0.625276
vt 0.438536 0.621340
vt 0.432322 0.624366
vt 0.427531 0.627817
vt 0.438009 0.617434
vt 0.431851 0.620401
vt 0.426949 0.623682
vt 0.431442 0.617279
vt 0.437812 0.614565
vt 0.426714 0.620295
vt 0.444663 0.615130
vt 0.444930 0.618479
vt 0.444473 0.612705
vt 0.437689 0.610855
vt 0.444363 0.609671
vt 0.431268 0.613371
vt 0.431053 0.610631
vt 0.437886 0.607891
vt 0.444264 0.607201
vt 0.437902 0.604984
vt 0.444581 0.604475
vt 0.431241 0.607476
vt 0.425221 0.609198
vt 0.425415 0.612828
vt 0.426182 0.616179
vt 0.431079 0.605294
vt 0.437805 0.602835
vt 0.426569 0.606944
vt 0.256752 0.890475
vt 0.256978 0.885776
vt 0.260596 0.886337
vt 0.258854 0.890501
vt 0.422250 0.608371
vt 0.425274 0.606308
vt 0.430971 0.603130
vt 0.989808 0.908845
vt 0.992631 0.909276
vt 0.993250 0.913129
vt 0.990781 0.913969
vt 0.988103 0.902326
vt 0.991624 0.902215
vt 0.437166 0.600460
vt 0.990008 0.895616
vt 0.994431 0.894198
vt 0.436064 0.597839
vt 0.441969 0.596376
vt 0.443614 0.599628
vt 0.444517 0.602300
vt 0.450210 0.602998
vt 0.450112 0.605034
vt 0.449532 0.600703
vt 0.454526 0.601380
vt 0.454510 0.603386
vt 0.453507 0.606288
vt 0.448681 0.598245
vt 0.454128 0.599064
vt 0.448366 0.595444
vt 0.453631 0.596660
vt 0.441002 0.591751
vt 0.443835 0.590468
vt 0.448747 0.593943
vt 0.452248 0.593824
vt 0.980124 0.899175
vt 0.980426 0.894626
vt 0.987010 0.890779
vt 0.984785 0.897463
vt 0.437147 0.588420
vt 0.438549 0.587816
vt 0.993589 0.887232
vt 0.984539 0.903000
vt 0.982205 0.904357
vt 0.987250 0.909478
vt 0.984397 0.910827
vt 0.269877 0.883350
vt 0.271170 0.887422
vt 0.988483 0.914284
vt 0.269643 0.878044
vt 0.265443 0.885074
vt 0.264952 0.879642
vt 0.264416 0.874239
vt 0.269424 0.872820
vt 0.263796 0.869705
vt 0.269351 0.868874
vt 0.275649 0.868327
vt 0.275640 0.871827
vt 0.282133 0.867767
vt 0.282110 0.864617
vt 0.282278 0.870777
vt 0.288060 0.869793
vt 0.287943 0.866791
vt 0.293055 0.868676
vt 0.292919 0.865895
vt 0.287934 0.863694
vt 0.293102 0.863090
vt 0.297422 0.862558
vt 0.287807 0.860053
vt 0.292796 0.860380
vt 0.297559 0.860277
vt 0.297319 0.857893
vt 0.293686 0.858198
vt 0.287743 0.855826
vt 0.294841 0.854327
vt 0.298949 0.853539
vt 0.811174 0.561985
vt 0.812104 0.557639
vt 0.817612 0.557918
vt 0.817185 0.561518
vt 0.824288 0.558342
vt 0.823722 0.561746
vt 0.282062 0.861528
vt 0.282226 0.858616
vt 0.829084 0.566126
vt 0.836202 0.565638
vt 0.301251 0.857966
vt 0.301029 0.853248
vt 0.433182 0.581010
vt 0.436862 0.581967
vt 0.436453 0.585394
vt 0.432193 0.582649
vt 0.274255 0.891388
vt 0.286092 0.892574
vt 0.277444 0.895374
vt 0.440786 0.584142
vt 0.439648 0.570445
vt 0.443939 0.573307
vt 0.437062 0.566880
vt 0.445399 0.586557
vt 0.449091 0.576710
vt 0.453045 0.566518
vt 0.457906 0.569927
vt 0.454436 0.579682
vt 0.450994 0.589291
vt 0.462424 0.572829
vt 0.459219 0.581973
vt 0.456194 0.591572
vt 0.448619 0.590911
vt 0.450120 0.592869
vt 0.457202 0.595093
vt 0.460403 0.592776
vt 0.461614 0.596181
vt 0.463049 0.583438
vt 0.465137 0.596235
vt 0.463836 0.593219
vt 0.466213 0.584546
vt 0.466841 0.597255
vt 0.462473 0.598338
vt 0.458407 0.597808
vt 0.462229 0.601539
vt 0.458957 0.600533
vt 0.465198 0.601959
vt 0.469648 0.591987
vt 0.471549 0.592269
vt 0.473950 0.592869
vt 0.470278 0.598448
vt 0.467684 0.602890
vt 0.476499 0.593219
vt 0.473057 0.599196
vt 0.469982 0.603764
vt 0.475448 0.599682
vt 0.479033 0.593155
vt 0.472376 0.604235
vt 0.470389 0.607844
vt 0.467980 0.607424
vt 0.465826 0.606288
vt 0.471205 0.612041
vt 0.466999 0.610185
vt 0.463995 0.609077
vt 0.465137 0.613263
vt 0.469079 0.615480
vt 0.459800 0.611369
vt 0.463447 0.615861
vt 0.458342 0.615608
vt 0.467701 0.617473
vt 0.474730 0.617365
vt 0.476870 0.615081
vt 0.473308 0.619507
vt 0.467367 0.619543
vt 0.472255 0.621777
vt 0.462309 0.618236
vt 0.471056 0.623965
vt 0.466595 0.621336
vt 0.461700 0.620908
vt 0.461911 0.623330
vt 0.466201 0.623042
vt 0.469994 0.625860
vt 0.477158 0.625247
vt 0.475653 0.627915
vt 0.473962 0.630374
vt 0.468383 0.628757
vt 0.465686 0.625422
vt 0.472235 0.633163
vt 0.481504 0.632299
vt 0.479952 0.634991
vt 0.477913 0.637923
vt 0.486125 0.643583
vt 0.487978 0.640208
vt 0.489426 0.637557
vt 0.475808 0.640663
vt 0.469858 0.635750
vt 0.484221 0.646984
vt 0.496235 0.649800
vt 0.494258 0.653407
vt 0.498106 0.646164
vt 0.504783 0.659571
vt 0.506713 0.655947
vt 0.508437 0.652364
vt 0.499356 0.643555
vt 0.509693 0.649524
vt 0.500752 0.640571
vt 0.511023 0.646451
vt 0.490969 0.634735
vt 0.483121 0.629577
vt 0.484546 0.626989
vt 0.492457 0.631944
vt 0.502013 0.637686
vt 0.485640 0.624547
vt 0.493793 0.629104
vt 0.503232 0.634856
vt 0.512289 0.643395
vt 0.513352 0.640728
vt 0.504582 0.631855
vt 0.514655 0.637715
vt 0.494742 0.626179
vt 0.495740 0.624019
vt 0.505593 0.629298
vt 0.515804 0.635060
vt 0.524765 0.643069
vt 0.523552 0.646055
vt 0.525983 0.640535
vt 0.516889 0.632672
vt 0.506631 0.626866
vt 0.527221 0.638056
vt 0.535585 0.644800
vt 0.534447 0.647080
vt 0.536790 0.642467
vt 0.518160 0.629955
vt 0.528512 0.635424
vt 0.538275 0.639964
vt 0.545891 0.643435
vt 0.544846 0.645889
vt 0.543608 0.648671
vt 0.540190 0.636588
vt 0.547823 0.640187
vt 0.530330 0.631988
vt 0.542063 0.633862
vt 0.549977 0.637523
vt 0.532148 0.629062
vt 0.533967 0.625571
vt 0.544245 0.630364
vt 0.553821 0.634964
vt 0.554551 0.639638
vt 0.552077 0.643075
vt 0.561439 0.631421
vt 0.569458 0.608611
vt 0.562447 0.617047
vt 0.551612 0.613008
vt 0.796110 0.711907
vt 0.802642 0.709627
vt 0.814002 0.711341
vt 0.813507 0.714573
vt 0.821479 0.712389
vt 0.821199 0.715822
vt 0.814858 0.708399
vt 0.822315 0.709519
vt 0.805844 0.707093
vt 0.822174 0.706660
vt 0.815307 0.705627
vt 0.807027 0.704351
vt 0.797865 0.705630
vt 0.800000 0.702929
vt 0.794065 0.707963
vt 0.788601 0.709092
vt 0.792307 0.705003
vt 0.794315 0.702372
vt 0.786126 0.706812
vt 0.787761 0.705728
vt 0.789972 0.703042
vt 0.571982 0.590817
vt 0.571907 0.589645
vt 0.575558 0.588767
vt 0.577035 0.590721
vt 0.572125 0.587973
vt 0.575255 0.587419
vt 0.779208 0.701302
vt 0.780110 0.703926
vt 0.776046 0.702494
vt 0.782859 0.701826
vt 0.780027 0.698805
vt 0.779855 0.695530
vt 0.785862 0.702086
vt 0.782630 0.698676
vt 0.782350 0.696060
vt 0.780595 0.692394
vt 0.783068 0.692802
vt 0.784979 0.695988
vt 0.785828 0.692996
vt 0.784596 0.698274
vt 0.781089 0.688540
vt 0.783779 0.688939
vt 0.786431 0.689347
vt 0.784174 0.684348
vt 0.787208 0.685289
vt 0.781480 0.683635
vt 0.781858 0.677911
vt 0.784806 0.678863
vt 0.788014 0.679999
vt 0.790299 0.686086
vt 0.789462 0.689838
vt 0.791209 0.680617
vt 0.789391 0.673104
vt 0.792926 0.673179
vt 0.786167 0.672230
vt 0.792782 0.666485
vt 0.790079 0.665812
vt 0.787348 0.665073
vt 0.783402 0.671395
vt 0.784842 0.664174
vt 0.786542 0.657259
vt 0.788962 0.658215
vt 0.784183 0.656459
vt 0.781780 0.655608
vt 0.785650 0.650483
vt 0.787892 0.651456
vt 0.783265 0.649536
vt 0.777658 0.654681
vt 0.778865 0.648960
vt 0.773089 0.654192
vt 0.774291 0.648959
vt 0.768107 0.649351
vt 0.760927 0.649901
vt 0.768775 0.645921
vt 0.774994 0.645682
vt 0.761497 0.646722
vt 0.774929 0.643330
vt 0.780176 0.641496
vt 0.779518 0.645060
vt 0.784467 0.644759
vt 0.785071 0.640613
vt 0.786882 0.645314
vt 0.788177 0.641264
vt 0.785810 0.636414
vt 0.782213 0.636592
vt 0.791165 0.635597
vt 0.790557 0.642015
vt 0.793656 0.638301
vt 0.789189 0.646353
vt 0.795497 0.639837
vt 0.792935 0.643196
vt 0.791418 0.647468
vt 0.795613 0.644188
vt 0.793804 0.648565
vt 0.796947 0.641113
vt 0.790134 0.652436
vt 0.792450 0.653455
vt 0.796387 0.649299
vt 0.794749 0.654355
vt 0.798102 0.644272
vt 0.801628 0.644092
vt 0.799415 0.649870
vt 0.797010 0.655078
vt 0.793689 0.660137
vt 0.795594 0.660522
vt 0.791300 0.659191
vt 0.795271 0.665972
vt 0.797295 0.665859
vt 0.798104 0.661221
vt 0.799097 0.655252
vt 0.796322 0.672305
vt 0.797787 0.669281
vt 0.799748 0.666381
vt 0.800464 0.670360
vt 0.799727 0.661812
vt 0.803349 0.666530
vt 0.804687 0.670949
vt 0.802143 0.662120
vt 0.807920 0.666432
vt 0.810560 0.669578
vt 0.805589 0.662714
vt 0.801353 0.656330
vt 0.804941 0.657900
vt 0.809515 0.659822
vt 0.814574 0.662105
vt 0.808859 0.651909
vt 0.814392 0.653046
vt 0.820220 0.654170
vt 0.815807 0.648143
vt 0.821307 0.648799
vt 0.810459 0.647294
vt 0.816320 0.643951
vt 0.821623 0.644661
vt 0.811314 0.643239
vt 0.825536 0.655030
vt 0.826344 0.648456
vt 0.826464 0.644969
vt 0.821993 0.641531
vt 0.827371 0.642663
vt 0.816511 0.640564
vt 0.833346 0.645452
vt 0.827922 0.638345
vt 0.822197 0.637919
vt 0.831647 0.639215
vt 0.829919 0.634015
vt 0.833218 0.635019
vt 0.822118 0.634685
vt 0.835955 0.636628
vt 0.835141 0.627664
vt 0.832819 0.626561
vt 0.837795 0.628893
vt 0.839056 0.637830
vt 0.837855 0.645051
vt 0.840517 0.630189
vt 0.842337 0.639606
vt 0.841599 0.644162
vt 0.843532 0.632630
vt 0.835563 0.654002
vt 0.839570 0.653052
vt 0.829589 0.655792
vt 0.837612 0.659726
vt 0.832322 0.662138
vt 0.821802 0.667189
vt 0.836827 0.666242
vt 0.831735 0.667907
vt 0.822203 0.673548
vt 0.819260 0.664456
vt 0.812579 0.673614
vt 0.813677 0.677733
vt 0.806097 0.675712
vt 0.813447 0.681853
vt 0.819613 0.677923
vt 0.827243 0.676429
vt 0.825238 0.677570
vt 0.832344 0.672099
vt 0.820188 0.681723
vt 0.816848 0.686127
vt 0.825116 0.683089
vt 0.827172 0.683591
vt 0.822776 0.689582
vt 0.822267 0.688008
vt 0.815118 0.688011
vt 0.810607 0.684926
vt 0.806875 0.689676
vt 0.812277 0.691728
vt 0.818760 0.693573
vt 0.816930 0.697138
vt 0.810266 0.695914
vt 0.804251 0.694555
vt 0.802113 0.688374
vt 0.799344 0.693309
vt 0.806839 0.682015
vt 0.797566 0.696616
vt 0.802726 0.697814
vt 0.809172 0.699236
vt 0.794023 0.695268
vt 0.795193 0.691734
vt 0.797455 0.687975
vt 0.793486 0.686887
vt 0.791919 0.690273
vt 0.791214 0.694184
vt 0.795954 0.700071
vt 0.791849 0.700121
vt 0.789533 0.697972
vt 0.788939 0.693578
vt 0.787384 0.697426
vt 0.786757 0.700105
vt 0.801267 0.700660
vt 0.808052 0.702102
vt 0.815661 0.703128
vt 0.816159 0.700172
vt 0.823424 0.698195
vt 0.822792 0.701046
vt 0.822390 0.703899
vt 0.828092 0.701714
vt 0.828706 0.699033
vt 0.827557 0.704278
vt 0.826990 0.706902
vt 0.826468 0.709822
vt 0.832225 0.704678
vt 0.831888 0.706817
vt 0.832032 0.710142
vt 0.557543 0.646513
vt 0.555278 0.644924
vt 0.556556 0.641045
vt 0.558589 0.643074
vt 0.554196 0.648522
vt 0.555290 0.651814
vt 0.553231 0.650556
vt 0.552546 0.652513
vt 0.556247 0.657314
vt 0.553931 0.656109
vt 0.557642 0.653912
vt 0.551534 0.654884
vt 0.549499 0.651123
vt 0.550071 0.648993
vt 0.548774 0.653565
vt 0.542621 0.650894
vt 0.550840 0.646349
vt 0.541673 0.653926
vt 0.547684 0.655703
vt 0.533289 0.650210
vt 0.540361 0.656388
vt 0.532112 0.653121
vt 0.522527 0.648638
vt 0.530888 0.656162
vt 0.521243 0.651763
vt 0.519920 0.654928
vt 0.529652 0.659340
vt 0.539275 0.659361
vt 0.538084 0.662518
vt 0.537212 0.665042
vt 0.528664 0.661956
vt 0.518829 0.657664
vt 0.544163 0.663722
vt 0.542921 0.666501
vt 0.545478 0.660796
vt 0.548629 0.661749
vt 0.547680 0.664308
vt 0.546619 0.667196
vt 0.545713 0.669896
vt 0.541859 0.668998
vt 0.536049 0.667727
vt 0.544607 0.672812
vt 0.540783 0.671839
vt 0.534791 0.670700
vt 0.525816 0.668645
vt 0.527337 0.665170
vt 0.517190 0.661058
vt 0.515516 0.664545
vt 0.533621 0.673831
vt 0.524115 0.671826
vt 0.513771 0.667849
vt 0.532175 0.676867
vt 0.523136 0.674483
vt 0.512137 0.671264
vt 0.537960 0.678629
vt 0.539518 0.674868
vt 0.543069 0.676116
vt 0.540562 0.679852
vt 0.852644 0.699967
vt 0.853622 0.696083
vt 0.856621 0.695982
vt 0.855563 0.699813
vt 0.547344 0.673714
vt 0.545573 0.677143
vt 0.548636 0.670590
vt 0.848960 0.703135
vt 0.849877 0.699947
vt 0.851605 0.703325
vt 0.850546 0.706277
vt 0.847769 0.705836
vt 0.549640 0.667482
vt 0.846420 0.708241
vt 0.848894 0.708893
vt 0.844980 0.707474
vt 0.845486 0.705596
vt 0.846409 0.702878
vt 0.843573 0.705423
vt 0.844016 0.702799
vt 0.843558 0.707763
vt 0.847158 0.699950
vt 0.844599 0.699767
vt 0.841811 0.705197
vt 0.841866 0.702679
vt 0.842114 0.699664
vt 0.842573 0.696361
vt 0.845336 0.696410
vt 0.848047 0.696362
vt 0.843254 0.692068
vt 0.846254 0.692164
vt 0.849253 0.691901
vt 0.847595 0.686439
vt 0.850760 0.686348
vt 0.844336 0.686126
vt 0.839807 0.696455
vt 0.840220 0.691961
vt 0.841168 0.685936
vt 0.841865 0.679080
vt 0.845361 0.679287
vt 0.848798 0.679268
vt 0.846339 0.672221
vt 0.849783 0.672004
vt 0.842687 0.672264
vt 0.852303 0.679067
vt 0.853497 0.671514
vt 0.850257 0.665612
vt 0.854074 0.665097
vt 0.846718 0.665829
vt 0.858047 0.664101
vt 0.857355 0.670745
vt 0.855765 0.678594
vt 0.862269 0.662535
vt 0.861465 0.669399
vt 0.859753 0.677952
vt 0.865609 0.667999
vt 0.863552 0.677421
vt 0.866762 0.660429
vt 0.862154 0.657337
vt 0.858207 0.659042
vt 0.865579 0.654359
vt 0.870829 0.658261
vt 0.869614 0.666928
vt 0.868848 0.651147
vt 0.861281 0.653221
vt 0.863940 0.649838
vt 0.866871 0.646421
vt 0.868915 0.640486
vt 0.873559 0.646270
vt 0.874521 0.654619
vt 0.863632 0.642761
vt 0.865317 0.637380
vt 0.861408 0.646402
vt 0.861977 0.635233
vt 0.860037 0.640176
vt 0.858442 0.643590
vt 0.854680 0.641394
vt 0.856635 0.638009
vt 0.858922 0.633451
vt 0.853325 0.636599
vt 0.855635 0.631902
vt 0.851361 0.639947
vt 0.856979 0.646368
vt 0.853489 0.644189
vt 0.849689 0.643008
vt 0.852134 0.646694
vt 0.855022 0.648697
vt 0.848955 0.646541
vt 0.846662 0.641986
vt 0.848307 0.638692
vt 0.845035 0.647657
vt 0.849194 0.649344
vt 0.847897 0.651669
vt 0.851476 0.648606
vt 0.850976 0.651434
vt 0.850486 0.653503
vt 0.853202 0.650436
vt 0.853629 0.653220
vt 0.857015 0.651706
vt 0.859357 0.649376
vt 0.857649 0.655116
vt 0.854174 0.656438
vt 0.854251 0.660132
vt 0.850227 0.660402
vt 0.850181 0.656439
vt 0.847064 0.660253
vt 0.846843 0.655353
vt 0.843806 0.653547
vt 0.843562 0.659701
vt 0.840679 0.659222
vt 0.841763 0.652556
vt 0.843366 0.645271
vt 0.843205 0.665804
vt 0.839875 0.665885
vt 0.839438 0.672293
vt 0.836307 0.672242
vt 0.838769 0.678904
vt 0.836163 0.678728
vt 0.832804 0.678490
vt 0.835850 0.685753
vt 0.832515 0.685434
vt 0.838029 0.685804
vt 0.836843 0.692192
vt 0.834149 0.692080
vt 0.836778 0.696576
vt 0.833583 0.696390
vt 0.833213 0.699569
vt 0.836756 0.699588
vt 0.839657 0.699639
vt 0.839688 0.702561
vt 0.836827 0.702313
vt 0.840063 0.705000
vt 0.836874 0.704577
vt 0.832761 0.702250
vt 0.829453 0.695843
vt 0.824562 0.694889
vt 0.826638 0.690476
vt 0.830654 0.691531
vt 0.829478 0.684927
vt 0.829974 0.679425
vt 0.837123 0.706599
vt 0.840594 0.707310
vt 0.836748 0.710067
vt 0.839488 0.709037
vt 0.838462 0.711113
vt 0.840807 0.709871
vt 0.842048 0.707461
vt 0.842663 0.709857
vt 0.844707 0.709378
vt 0.846553 0.710791
vt 0.844790 0.711994
vt 0.550590 0.664903
vt 0.551546 0.662616
vt 0.549570 0.659202
vt 0.552446 0.660567
vt 0.843330 0.712880
vt 0.546581 0.658017
vt 0.553298 0.658458
vt 0.550518 0.657065
vt 0.555780 0.661394
vt 0.555198 0.662651
vt 0.844490 0.640888
vt 0.845747 0.637035
vt 0.846408 0.634439
vt 0.846284 0.629294
vt 0.850417 0.635274
vt 0.852695 0.630616
vt 0.850039 0.629610
vt 0.852909 0.622610
vt 0.855704 0.623519
vt 0.858447 0.624775
vt 0.861611 0.626312
vt 0.862683 0.615237
vt 0.859591 0.614057
vt 0.865381 0.616514
vt 0.864733 0.627670
vt 0.868783 0.618175
vt 0.869207 0.605697
vt 0.873007 0.607223
vt 0.865981 0.604488
vt 0.862759 0.603403
vt 0.856286 0.612955
vt 0.859430 0.602294
vt 0.856501 0.601460
vt 0.853828 0.612293
vt 0.852977 0.600538
vt 0.850857 0.611544
vt 0.850280 0.621846
vt 0.847801 0.621435
vt 0.848724 0.627633
vt 0.845200 0.621674
vt 0.847586 0.610848
vt 0.849916 0.599836
vt 0.851837 0.588990
vt 0.876368 0.608582
vt 0.871837 0.619930
vt 0.878785 0.597312
vt 0.880420 0.587590
vt 0.452489 0.677461
vt 0.464214 0.686090
vt 0.462473 0.687446
vt 0.450974 0.678954
vt 0.441428 0.671441
vt 0.442535 0.669660
vt 0.433377 0.665295
vt 0.434198 0.663222
vt 0.239259 0.857351
vt 0.233959 0.853085
vt 0.236271 0.856695
vt 0.443740 0.667869
vt 0.435146 0.660978
vt 0.233200 0.856775
vt 0.444895 0.666031
vt 0.436615 0.659024
vt 0.438186 0.656853
vt 0.446244 0.663962
vt 0.455558 0.674244
vt 0.454123 0.675921
vt 0.457335 0.672155
vt 0.449138 0.660649
vt 0.460545 0.668796
vt 0.441117 0.654092
vt 0.453937 0.656835
vt 0.465104 0.664110
vt 0.445903 0.650505
vt 0.435153 0.648369
vt 0.440268 0.644955
vt 0.460023 0.652880
vt 0.451885 0.646256
vt 0.446785 0.641484
vt 0.452810 0.637818
vt 0.457656 0.642715
vt 0.465150 0.649341
vt 0.462497 0.640265
vt 0.469503 0.646284
vt 0.457625 0.634840
vt 0.462223 0.633155
vt 0.467221 0.637501
vt 0.473516 0.643340
vt 0.465739 0.631343
vt 0.459424 0.629383
vt 0.462969 0.626999
vt 0.455187 0.631154
vt 0.458021 0.625338
vt 0.453506 0.627260
vt 0.450112 0.634100
vt 0.447991 0.630092
vt 0.446534 0.625977
vt 0.452399 0.623656
vt 0.457260 0.621893
vt 0.451694 0.620235
vt 0.457289 0.618655
vt 0.445669 0.622368
vt 0.451550 0.616719
vt 0.451194 0.613870
vt 0.450722 0.612221
vt 0.457429 0.610682
vt 0.450322 0.609912
vt 0.455480 0.610096
vt 0.449796 0.607944
vt 0.454245 0.608389
vt 0.456908 0.607666
vt 0.460451 0.607421
vt 0.462153 0.608299
vt 0.458511 0.605044
vt 0.456611 0.606371
vt 0.458613 0.602923
vt 0.461427 0.604388
vt 0.463718 0.605276
vt 0.443822 0.637747
vt 0.437179 0.640669
vt 0.481688 0.649674
vt 0.478181 0.653155
vt 0.491880 0.656807
vt 0.489202 0.660540
vt 0.486136 0.663587
vt 0.474419 0.656462
vt 0.502830 0.663170
vt 0.500644 0.666598
vt 0.498213 0.670135
vt 0.482819 0.667242
vt 0.470337 0.659769
vt 0.495708 0.673761
vt 0.510309 0.675154
vt 0.508804 0.678406
vt 0.505495 0.683500
vt 0.492457 0.678180
vt 0.478558 0.671824
vt 0.519297 0.682206
vt 0.515176 0.687898
vt 0.521390 0.678227
vt 0.529591 0.681102
vt 0.526649 0.685572
vt 0.521526 0.691211
vt 0.514735 0.697311
vt 0.508890 0.694300
vt 0.500347 0.690370
vt 0.526025 0.694066
vt 0.519822 0.699929
vt 0.531413 0.688593
vt 0.864083 0.685560
vt 0.860978 0.685572
vt 0.867132 0.676978
vt 0.857588 0.685852
vt 0.861131 0.691261
vt 0.858780 0.691208
vt 0.855441 0.691325
vt 0.854032 0.686106
vt 0.852208 0.691602
vt 0.850805 0.696254
vt 0.859676 0.695983
vt 0.535251 0.683900
vt 0.509294 0.701318
vt 0.514180 0.704079
vt 0.504797 0.698980
vt 0.502303 0.703497
vt 0.500717 0.701368
vt 0.496461 0.694953
vt 0.493858 0.698087
vt 0.481199 0.691259
vt 0.483951 0.688599
vt 0.487949 0.683913
vt 0.473869 0.676675
vt 0.470229 0.680600
vt 0.467702 0.682846
vt 0.465760 0.684387
vt 0.479322 0.692591
vt 0.491962 0.699273
vt 0.489209 0.700940
vt 0.477209 0.694142
vt 0.475578 0.695650
vt 0.487072 0.702265
vt 0.867694 0.629632
vt 0.870988 0.632197
vt 0.499059 0.705782
vt 0.795184 0.680666
vt 0.800149 0.681854
vt 0.800758 0.674628
vt 0.827593 0.630821
vt 0.829326 0.624836
vt 0.821392 0.623629
vt 0.821527 0.630916
vt 0.815966 0.630736
vt 0.815554 0.623426
vt 0.816442 0.634146
vt 0.811285 0.630449
vt 0.810732 0.623176
vt 0.811431 0.633466
vt 0.807274 0.630153
vt 0.806893 0.632568
vt 0.806512 0.623286
vt 0.806961 0.635632
vt 0.811443 0.636389
vt 0.816539 0.637158
vt 0.811493 0.639788
vt 0.807199 0.639028
vt 0.807360 0.642552
vt 0.803000 0.635010
vt 0.803784 0.638451
vt 0.803934 0.641620
vt 0.800149 0.635004
vt 0.800890 0.637962
vt 0.801645 0.640916
vt 0.803623 0.645092
vt 0.806495 0.646303
vt 0.801751 0.650539
vt 0.804730 0.651038
vt 0.799085 0.640532
vt 0.798326 0.638221
vt 0.797430 0.635764
vt 0.796226 0.632790
vt 0.798948 0.631291
vt 0.795397 0.626489
vt 0.798278 0.625344
vt 0.792708 0.627305
vt 0.801692 0.630605
vt 0.800487 0.624254
vt 0.802793 0.623645
vt 0.803709 0.629483
vt 0.803122 0.615667
vt 0.806664 0.615227
vt 0.806901 0.605120
vt 0.810988 0.605050
vt 0.810874 0.615031
vt 0.815844 0.605138
vt 0.815706 0.615148
vt 0.785320 0.630392
vt 0.782204 0.631212
vt 0.782257 0.623113
vt 0.521322 0.284550
vt 0.523359 0.282675
vt 0.779708 0.636314
vt 0.779675 0.631635
vt 0.776666 0.635313
vt 0.776538 0.631641
vt 0.526713 0.280299
vt 0.530469 0.277789
vt 0.526706 0.274014
vt 0.775724 0.637847
vt 0.770420 0.636938
vt 0.771858 0.634872
vt 0.778041 0.639392
vt 0.774166 0.639337
vt 0.775161 0.641159
vt 0.566805 0.586627
vt 0.566878 0.589167
vt 0.558029 0.583443
vt 0.557389 0.586027
vt 0.546604 0.582805
vt 0.546955 0.580181
vt 0.534551 0.577583
vt 0.534391 0.580101
vt 0.546040 0.584906
vt 0.534122 0.582521
vt 0.557254 0.588325
vt 0.522524 0.580258
vt 0.522547 0.578144
vt 0.522759 0.575667
vt 0.512016 0.576839
vt 0.511795 0.578844
vt 0.512210 0.574304
vt 0.503316 0.573159
vt 0.502282 0.575490
vt 0.497639 0.572345
vt 0.496688 0.574708
vt 0.500941 0.577304
vt 0.495396 0.576761
vt 0.494232 0.571829
vt 0.493267 0.574271
vt 0.492283 0.576620
vt 0.494063 0.579280
vt 0.490919 0.578999
vt 0.499616 0.579756
vt 0.488223 0.578765
vt 0.489647 0.575923
vt 0.490598 0.573758
vt 0.485260 0.578224
vt 0.485885 0.574294
vt 0.487515 0.572600
vt 0.488958 0.570968
vt 0.491495 0.571374
vt 0.489861 0.568724
vt 0.492235 0.568822
vt 0.494892 0.569300
vt 0.486385 0.570536
vt 0.487765 0.568601
vt 0.488236 0.566427
vt 0.486797 0.567002
vt 0.484123 0.566030
vt 0.485091 0.568810
vt 0.482166 0.568901
vt 0.483953 0.570900
vt 0.481436 0.575939
vt 0.484054 0.572834
vt 0.485955 0.571748
vt 0.483542 0.577308
vt 0.480402 0.584911
vt 0.477846 0.584919
vt 0.479245 0.570193
vt 0.477603 0.576841
vt 0.474607 0.585026
vt 0.482756 0.584904
vt 0.485339 0.584761
vt 0.481887 0.593523
vt 0.478493 0.600467
vt 0.484814 0.593627
vt 0.488014 0.584820
vt 0.481180 0.601563
vt 0.477811 0.606668
vt 0.474794 0.604905
vt 0.487702 0.593795
vt 0.484289 0.602933
vt 0.481326 0.608215
vt 0.475199 0.610006
vt 0.472202 0.608445
vt 0.479122 0.611938
vt 0.487985 0.605075
vt 0.485678 0.609482
vt 0.483709 0.613152
vt 0.482034 0.618521
vt 0.491682 0.612199
vt 0.489322 0.614573
vt 0.486356 0.616597
vt 0.499837 0.616280
vt 0.498331 0.619202
vt 0.496571 0.621373
vt 0.507802 0.624314
vt 0.509191 0.621058
vt 0.501096 0.613700
vt 0.510518 0.618118
vt 0.493595 0.609883
vt 0.502399 0.611001
vt 0.511782 0.615088
vt 0.495365 0.607725
vt 0.490343 0.604788
vt 0.500478 0.595767
vt 0.507786 0.598196
vt 0.493770 0.594113
vt 0.490733 0.593901
vt 0.498937 0.582435
vt 0.503725 0.582590
vt 0.494016 0.583978
vt 0.512146 0.583693
vt 0.511830 0.581133
vt 0.490769 0.584703
vt 0.522346 0.582583
vt 0.522033 0.585121
vt 0.533802 0.585086
vt 0.533338 0.587832
vt 0.545762 0.587686
vt 0.545225 0.590761
vt 0.557150 0.590857
vt 0.556063 0.594120
vt 0.568290 0.593853
vt 0.566674 0.597907
vt 0.567729 0.591541
vt 0.793304 0.717559
vt 0.792560 0.713769
vt 0.794298 0.718067
vt 0.540742 0.608716
vt 0.522595 0.620464
vt 0.528735 0.604562
vt 0.517498 0.600685
vt 0.521143 0.623696
vt 0.519669 0.626631
vt 0.487654 0.620659
vt 0.486322 0.621776
vt 0.480238 0.620820
vt 0.478590 0.622806
vt 0.473773 0.577343
vt 0.471760 0.585160
vt 0.465623 0.593266
vt 0.468972 0.584949
vt 0.471380 0.577296
vt 0.469961 0.576350
vt 0.473080 0.569315
vt 0.473346 0.570417
vt 0.475200 0.569536
vt 0.474238 0.561795
vt 0.476713 0.563065
vt 0.478790 0.564137
vt 0.481430 0.564867
vt 0.471078 0.557976
vt 0.471432 0.563588
vt 0.468501 0.560404
vt 0.471810 0.568502
vt 0.466561 0.563498
vt 0.466802 0.575444
vt 0.462541 0.559957
vt 0.464760 0.556907
vt 0.449230 0.592996
vt 0.977124 0.894712
vt 0.977188 0.892785
vt 0.980955 0.892319
vt 0.434266 0.586275
vt 0.434532 0.587440
vt 0.972459 0.893111
vt 0.972349 0.892047
vt 0.971542 0.891005
vt 0.976984 0.891262
vt 0.967830 0.890478
vt 0.967797 0.889787
vt 0.968246 0.891386
vt 0.972111 0.894195
vt 0.967969 0.891936
vt 0.976517 0.896798
vt 0.963002 0.890027
vt 0.962636 0.889240
vt 0.963208 0.887641
vt 0.962846 0.888638
vt 0.360786 0.031021
vt 0.362031 0.030858
vt 0.362090 0.034942
vt 0.360294 0.034815
vt 0.358994 0.034676
vt 0.359377 0.030884
vt 0.363311 0.030800
vt 0.363652 0.034607
vt 0.362024 0.027366
vt 0.363560 0.027227
vt 0.360631 0.027378
vt 0.359572 0.027372
vt 0.361970 0.024210
vt 0.363701 0.024077
vt 0.359649 0.024204
vt 0.361430 0.024028
vt 0.705851 0.021439
vt 0.703598 0.018831
vt 0.705223 0.018969
vt 0.707095 0.019508
vt 0.362937 0.022153
vt 0.362347 0.022195
vt 0.707317 0.018714
vt 0.704438 0.017921
vt 0.422622 0.618817
vt 0.421987 0.616127
vt 0.254542 0.886269
vt 0.252203 0.887083
vt 0.422086 0.620855
vt 0.249143 0.887103
vt 0.249414 0.892242
vt 0.247872 0.891919
vt 0.423157 0.627901
vt 0.423634 0.630695
vt 0.420072 0.632917
vt 0.419473 0.631177
vt 0.420246 0.634588
vt 0.247623 0.883593
vt 0.564034 0.295824
vt 0.562474 0.309612
vt 0.565525 0.281611
vt 0.569568 0.309357
vt 0.570796 0.295737
vt 0.568169 0.273141
vt 0.570233 0.267221
vt 0.571264 0.261716
vt 0.572007 0.256865
vt 0.572502 0.253260
s 1
usemtl abyss_chancel_background_pbr
f 1/1/1 2/2/2 459/3/3 4/4/4
f 1/1/1 3/5/5 450/6/6 2/2/2
f 3/5/5 1/1/1 5/7/7 7/8/8
f 5/7/7 1/1/1 4/4/4 6/9/9
f 11/10/10 8/11/11 5/7/7 6/9/9
f 9/12/12 7/8/8 5/7/7 8/11/11
f 10/13/13 449/14/14 9/12/12 8/11/11
f 8/11/11 11/10/10 12/15/15 10/13/13
f 6/9/9 14/16/16 13/17/17 11/10/10
f 11/10/10 13/17/17 16/18/18 12/15/15
f 14/16/16 103/19/19 15/20/20 13/17/17
f 16/18/18 13/17/17 15/20/20 17/21/21
f 19/22/22 18/23/23 16/18/18 17/21/21
f 20/24/24 12/15/15 16/18/18 18/23/23
f 23/25/25 21/26/26 18/23/23 19/22/22
f 21/26/26 24/27/27 20/24/24 18/23/23
f 22/28/28 25/29/29 24/27/27 21/26/26
f 21/26/26 23/25/25 90/30/30 22/28/28
f 26/31/31 28/32/32 20/24/24 24/27/27
f 25/29/29 29/33/33 26/31/31 24/27/27
f 31/34/34 27/35/35 26/31/31 29/33/33
f 448/36/36 28/32/32 26/31/31 27/35/35
f 33/37/37 31/34/34 29/33/33 30/38/38
f 94/39/39 30/38/38 29/33/33 25/29/29
f 31/34/34 32/40/40 446/41/41 27/35/35
f 32/40/40 31/34/34 33/37/37 34/42/42
f 33/37/37 35/43/43 38/44/44 34/42/42
f 30/38/38 36/45/45 35/43/43 33/37/37
f 63/46/46 37/47/47 35/43/43 36/45/45
f 37/47/47 39/48/48 38/44/44 35/43/43
f 39/48/48 44/49/49 40/50/50 38/44/44
f 38/44/44 40/50/50 43/51/51 34/42/42
f 43/51/51 40/50/50 41/52/52
f 304/53/53 41/52/52 40/50/50 42/54/54
f 45/55/55 42/54/54 40/50/50 44/49/49
f 39/48/48 48/56/56 46/57/57 44/49/49
f 44/49/49 46/57/57 49/58/58 45/55/55
f 48/59/56 61/60/59 47/61/60 46/62/57
f 47/61/60 51/63/61 49/64/58 46/62/57
f 52/65/62 50/66/63 49/64/58 51/63/61
f 49/58/58 50/67/63 301/68/64 45/55/55
f 51/63/61 47/61/60 56/69/65 53/70/66
f 53/70/66 54/71/67 52/65/62 51/63/61
f 55/72/68 490/73/69 54/71/67 53/70/66
f 56/69/65 57/74/70 55/72/68 53/70/66
f 57/74/70 56/69/65 58/75/71 60/76/72
f 47/61/60 61/60/59 58/75/71 56/69/65
f 61/60/59 62/77/73 59/78/74 58/75/71
f 60/76/72 58/75/71 59/78/74 70/79/75
f 61/60/59 48/59/56 64/80/76 62/77/73
f 62/81/73 63/46/46 65/82/77 59/83/74
f 63/46/46 62/81/73 64/84/76 37/47/47
f 39/48/48 37/47/47 64/84/76 48/56/56
f 65/82/77 63/46/46 36/45/45 66/85/78
f 69/86/79 67/87/80 65/82/77 66/85/78
f 70/88/75 59/83/74 65/82/77 67/87/80
f 92/89/81 68/90/82 67/87/80 69/86/79
f 68/90/82 71/91/83 70/88/75 67/87/80
f 72/92/84 60/76/72 70/79/75 71/93/83
f 71/93/83 73/94/85 75/95/86 72/92/84
f 68/90/82 76/96/87 73/97/85 71/91/83
f 78/98/88 74/99/89 73/97/85 76/96/87
f 74/100/89 500/101/90 75/95/86 73/94/85
f 92/89/81 77/102/91 76/96/87 68/90/82
f 80/103/92 78/98/88 76/96/87 77/102/91
f 78/98/88 79/104/93 502/105/94 74/99/89
f 80/103/92 81/106/95 79/104/93 78/98/88
f 81/106/95 80/103/92 82/107/96 83/108/97
f 82/107/96 80/103/92 77/102/91 84/109/98
f 86/110/99 83/108/97 82/107/96 85/111/100
f 88/112/101 85/111/100 82/107/96 84/109/98
f 87/113/102 1764/114/103 86/110/99 85/111/100
f 85/111/100 88/112/101 89/115/104 87/113/102
f 84/109/98 91/116/105 90/30/30 88/112/101
f 89/115/104 88/112/101 90/30/30 23/25/25
f 90/30/30 91/116/105 93/117/106 22/28/28
f 91/116/105 92/89/81 69/86/79 93/117/106
f 91/116/105 84/109/98 77/102/91 92/89/81
f 25/29/29 22/28/28 93/117/106 94/39/39
f 94/39/39 93/117/106 69/86/79 66/85/78
f 94/39/39 66/85/78 36/45/45 30/38/38
f 19/22/22 95/118/107 89/115/104 23/25/25
f 96/119/108 87/113/102 89/115/104 95/118/107
f 95/118/107 19/22/22 17/21/21 97/120/109
f 97/120/109 98/121/110 96/119/108 95/118/107
f 98/121/110 97/120/109 99/122/111 100/123/112
f 97/120/109 17/21/21 15/20/20 99/122/111
f 100/123/112 99/122/111 101/124/113 104/125/114
f 15/20/20 103/19/19 101/124/113 99/122/111
f 462/126/115 102/127/116 101/124/113 103/19/19
f 101/124/113 102/127/116 106/128/117 104/125/114
f 100/123/112 104/125/114 105/129/118 1763/130/119
f 106/128/117 108/131/120 105/129/118 104/125/114
f 109/132/121 108/131/120 106/128/117 107/133/122
f 395/134/123 107/133/122 106/128/117 102/127/116
f 108/131/120 109/132/121 111/135/124 110/136/125
f 108/131/120 110/136/125 113/137/126 105/129/118
f 112/138/127 110/136/125 111/135/124 388/139/128
f 110/136/125 112/138/127 115/140/129 113/137/126
f 1763/130/119 105/129/118 113/137/126 114/141/130
f 114/141/130 113/137/126 115/140/129 116/142/131
f 115/140/129 117/143/132 120/144/133 116/142/131
f 112/138/127 119/145/134 117/143/132 115/140/129
f 119/145/134 370/146/135 118/147/136 117/143/132
f 118/147/136 122/148/137 120/144/133 117/143/132
f 120/144/133 121/149/138 1759/150/139 116/142/131
f 124/151/140 121/149/138 120/144/133 122/148/137
f 368/152/141 123/153/142 122/148/137 118/147/136
f 126/154/143 124/151/140 122/148/137 123/153/142
f 126/154/143 127/155/144 125/156/145 124/151/140
f 121/149/138 124/151/140 125/156/145 534/157/146
f 128/158/147 129/159/148 127/155/144 126/154/143
f 123/153/142 130/160/149 128/158/147 126/154/143
f 132/161/150 129/159/148 128/158/147 131/162/151
f 133/163/152 131/162/151 128/158/147 130/160/149
f 135/164/153 132/161/150 131/162/151 134/165/154
f 137/166/155 134/165/154 131/162/151 133/163/152
f 134/165/154 136/167/156 547/168/157 135/164/153
f 136/167/156 134/165/154 137/166/155 139/169/158
f 366/170/159 138/171/160 137/166/155 133/163/152
f 140/172/161 139/169/158 137/166/155 138/171/160
f 142/173/162 141/174/163 139/169/158 140/172/161
f 144/175/164 136/167/156 139/169/158 141/174/163
f 156/176/165 143/177/166 141/178/163 142/179/162
f 146/180/167 144/181/164 141/178/163 143/177/166
f 144/175/164 145/182/168 547/168/157 136/167/156
f 146/180/167 147/183/169 145/184/168 144/181/164
f 148/185/170 149/186/171 147/183/169 146/180/167
f 148/185/170 146/180/167 143/177/166 151/187/172
f 150/188/173 556/189/174 149/186/171 148/185/170
f 150/188/173 148/185/170 151/187/172 152/190/175
f 155/191/176 152/190/175 151/187/172 153/192/177
f 153/192/177 151/187/172 143/177/166 156/176/165
f 777/193/178 155/191/176 153/192/177 154/194/179
f 157/195/180 154/194/179 153/192/177 156/176/165
f 158/196/181 157/197/180 156/198/165 142/173/162
f 157/197/180 159/199/182 162/200/183 154/201/179
f 159/199/182 157/197/180 158/196/181 161/202/184
f 160/203/185 165/204/186 162/200/183 159/199/182
f 159/199/182 161/202/184 353/205/187 160/203/185
f 777/193/178 154/194/179 162/206/183 163/207/188
f 778/208/189 163/209/188 162/210/183 164/211/190
f 167/212/191 164/213/190 162/200/183 165/204/186
f 470/214/192 166/215/193 165/204/186 160/203/185
f 166/215/193 169/216/194 167/212/191 165/204/186
f 169/217/194 171/218/195 168/219/196 167/220/191
f 168/219/196 778/208/189 164/211/190 167/220/191
f 166/215/193 475/221/197 170/222/198 169/216/194
f 171/218/195 169/217/194 170/223/198 173/224/199
f 175/225/200 172/226/201 171/218/195 173/224/199
f 171/218/195 172/226/201 757/227/202 168/219/196
f 176/228/203 175/229/200 173/230/199 174/231/204
f 174/231/204 173/230/199 170/232/198 475/233/197
f 176/228/203 178/234/205 177/235/206 175/229/200
f 172/226/201 175/225/200 177/236/206 179/237/207
f 177/235/206 178/234/205 182/238/208 180/239/209
f 180/240/209 181/241/210 179/237/207 177/236/206
f 181/241/210 180/240/209 183/242/211 185/243/212
f 183/242/211 180/240/209 182/244/208 184/245/213
f 189/246/214 186/247/215 183/242/211 184/245/213
f 188/248/216 185/243/212 183/242/211 186/247/215
f 190/249/217 187/250/218 186/247/215 189/246/214
f 187/250/218 750/251/219 188/248/216 186/247/215
f 189/246/214 191/252/220 192/253/221 190/249/217
f 191/252/220 189/246/214 184/245/213 194/254/222
f 193/255/223 779/256/224 192/253/221 191/252/220
f 193/255/223 191/252/220 194/254/222 195/257/225
f 194/254/222 184/245/213 182/244/208 196/258/226
f 198/259/227 195/257/225 194/254/222 196/258/226
f 182/238/208 178/234/205 197/260/228 196/261/226
f 198/262/227 196/261/226 197/260/228 199/263/229
f 198/262/227 199/263/229 203/264/230 200/265/231
f 200/265/231 201/266/232 195/267/225 198/262/227
f 201/266/232 200/265/231 202/268/233 784/269/234
f 202/268/233 200/265/231 203/264/230 205/270/235
f 478/271/236 204/272/237 203/264/230 199/263/229
f 203/264/230 204/272/237 207/273/238 205/270/235
f 206/274/239 1715/275/240 202/268/233 205/270/235
f 206/274/239 205/270/235 207/273/238 208/276/241
f 211/277/242 209/278/243 207/273/238 204/272/237
f 207/273/238 209/278/243 212/279/244 208/276/241
f 210/280/245 214/281/246 212/279/244 209/278/243
f 209/278/243 211/277/242 472/282/247 210/280/245
f 212/279/244 213/283/248 1716/284/249 208/276/241
f 212/279/244 214/281/246 216/285/250 213/283/248
f 215/286/251 218/287/252 216/288/250 214/289/246
f 214/289/246 210/290/245 350/291/253 215/286/251
f 216/285/250 218/292/252 220/293/254 217/294/255
f 216/285/250 217/294/255 1717/295/256 213/283/248
f 219/296/257 221/297/258 220/298/254 218/287/252
f 218/287/252 215/286/251 348/299/259 219/296/257
f 221/300/258 223/301/260 222/302/261 220/293/254
f 217/294/255 220/293/254 222/302/261 224/303/262
f 227/304/263 225/305/264 222/302/261 223/301/260
f 222/302/261 225/305/264 228/306/265 224/303/262
f 225/305/264 226/307/266 230/308/267 228/306/265
f 225/305/264 227/304/263 330/309/268 226/307/266
f 228/306/265 229/310/269 1706/311/270 224/303/262
f 230/308/267 231/312/271 229/310/269 228/306/265
f 232/313/272 233/314/273 231/312/271 230/308/267
f 226/307/266 235/315/274 232/313/272 230/308/267
f 234/316/275 1595/317/276 233/314/273 232/313/272
f 235/315/274 237/318/277 234/316/275 232/313/272
f 235/315/274 236/319/278 239/320/279 237/318/277
f 235/315/274 226/307/266 330/309/268 236/319/278
f 238/321/280 1593/322/281 234/316/275 237/318/277
f 238/321/280 237/318/277 239/320/279 240/323/282
f 236/319/278 242/324/283 241/325/284 239/320/279
f 239/320/279 241/325/284 243/326/285 240/323/282
f 242/324/283 246/327/286 244/328/287 241/325/284
f 244/328/287 247/329/288 243/326/285 241/325/284
f 480/330/289 245/331/290 244/328/287 246/327/286
f 249/332/291 247/329/288 244/328/287 245/331/290
f 248/333/292 1591/334/293 243/326/285 247/329/288
f 247/329/288 249/332/291 250/335/294 248/333/292
f 245/331/290 254/336/295 251/337/296 249/332/291
f 250/335/294 249/332/291 251/337/296 253/338/297
f 1718/339/298 253/338/297 251/337/296 252/340/299
f 251/337/296 254/336/295 256/341/300 252/340/299
f 254/336/295 245/331/290 480/330/289 255/342/301
f 254/336/295 255/342/301 257/343/302 256/341/300
f 261/344/303 252/340/299 256/341/300 258/345/304
f 258/345/304 256/341/300 257/343/302 260/346/305
f 263/347/306 261/344/303 258/345/304 259/348/307
f 258/345/304 260/346/305 487/349/308 259/348/307
f 262/350/309 1718/339/298 252/340/299 261/344/303
f 261/344/303 263/347/306 264/351/310 262/350/309
f 265/352/311 266/353/312 264/351/310 263/347/306
f 259/348/307 268/354/313 265/352/311 263/347/306
f 911/355/314 266/353/312 265/352/311 267/356/315
f 270/357/316 267/356/315 265/352/311 268/354/313
f 487/349/308 269/358/317 268/354/313 259/348/307
f 269/359/317 272/360/318 270/361/316 268/362/313
f 273/363/319 271/364/320 270/361/316 272/360/318
f 913/365/321 267/366/315 270/361/316 271/364/320
f 269/359/317 276/367/322 274/368/323 272/360/318
f 273/363/319 272/360/318 274/368/323 277/369/324
f 279/370/325 278/371/326 274/368/323 275/372/327
f 486/373/328 275/374/327 274/375/323 276/376/322
f 280/377/329 277/369/324 274/368/323 278/371/326
f 281/378/330 278/371/326 279/370/325 282/379/331
f 278/371/326 281/378/330 283/380/332 280/377/329
f 281/378/330 282/379/331 287/381/333 284/382/334
f 281/378/330 284/382/334 285/383/335 283/380/332
f 286/384/336 941/385/337 285/383/335 284/382/334
f 287/381/333 288/386/338 286/384/336 284/382/334
f 282/379/331 292/387/339 289/388/340 287/381/333
f 289/388/340 290/389/341 288/386/338 287/381/333
f 291/390/342 489/391/343 290/389/341 289/388/340
f 289/388/340 292/387/339 294/392/344 291/390/342
f 293/393/345 295/394/346 294/392/344 292/387/339
f 292/387/339 282/379/331 279/370/325 293/393/345
f 490/73/69 291/390/342 294/392/344 54/71/67
f 294/392/344 295/394/346 52/65/62 54/71/67
f 296/395/347 50/66/63 52/65/62 295/394/346
f 295/394/346 293/393/345 297/396/348 296/395/347
f 298/397/349 296/398/347 297/399/348 299/400/350
f 296/398/347 298/397/349 301/68/64 50/67/63
f 299/400/350 488/401/351 300/402/352 298/397/349
f 301/68/64 298/397/349 300/402/352 302/403/353
f 42/54/54 45/55/55 301/68/64 302/403/353
f 302/403/353 303/404/354 304/53/53 42/54/54
f 303/404/354 302/403/353 300/402/352 306/405/355
f 303/404/354 305/406/356 443/407/357 304/53/53
f 306/405/355 308/408/358 305/406/356 303/404/354
f 300/402/352 488/401/351 307/409/359 306/405/355
f 308/408/358 306/405/355 307/409/359 309/410/360
f 309/410/360 311/411/361 310/412/362 308/408/358
f 308/408/358 310/412/362 312/413/363 305/406/356
f 310/412/362 311/411/361 316/414/364 313/415/365
f 313/415/365 314/416/366 312/413/363 310/412/362
f 315/417/367 440/418/368 314/416/366 313/415/365
f 315/417/367 313/415/365 316/414/364 318/419/369
f 311/411/361 484/420/370 317/421/371 316/414/364
f 318/419/369 316/414/364 317/421/371 319/422/372
f 322/423/373 315/417/367 318/419/369 320/424/374
f 323/425/375 320/424/374 318/419/369 319/422/372
f 420/426/376 322/423/373 320/424/374 321/427/377
f 325/428/378 321/427/377 320/424/374 323/425/375
f 324/429/379 327/430/380 325/428/378 323/425/375
f 323/425/375 319/422/372 479/431/381 324/429/379
f 325/428/378 326/432/382 421/433/383 321/427/377
f 328/434/384 326/432/382 325/428/378 327/430/380
f 242/324/283 328/435/384 327/436/380 246/327/286
f 327/436/380 324/437/379 480/330/289 246/327/286
f 242/324/283 236/319/278 330/309/268 328/435/384
f 328/434/384 329/438/385 331/439/386 326/432/382
f 328/435/384 330/309/268 329/440/385
f 329/440/385 330/309/268 227/304/263
f 227/441/263 333/442/387 331/439/386 329/438/385
f 331/439/386 332/443/388 421/433/383 326/432/382
f 332/443/388 331/439/386 334/444/389 335/445/390
f 333/442/387 336/446/391 334/444/389 331/439/386
f 337/447/392 335/445/390 334/444/389 336/446/391
f 336/446/391 338/448/393 339/449/394 337/447/392
f 336/446/391 333/442/387 341/450/395 338/448/393
f 340/451/396 407/452/397 339/449/394 338/448/393
f 341/450/395 342/453/398 340/451/396 338/448/393
f 333/442/387 227/441/263 223/454/260 341/450/395
f 342/453/398 341/450/395 223/454/260 221/297/258
f 343/455/399 344/456/400 340/451/396 342/453/398
f 221/297/258 219/296/257 343/455/399 342/453/398
f 346/457/401 344/456/400 343/455/399 345/458/402
f 348/299/259 345/458/402 343/455/399 219/296/257
f 345/458/402 347/459/403 468/460/404 346/457/401
f 347/459/403 345/458/402 348/299/259 349/461/405
f 350/291/253 349/461/405 348/299/259 215/286/251
f 352/462/406 351/463/407 349/461/405 350/291/253
f 354/464/408 347/459/403 349/461/405 351/463/407
f 352/462/406 469/465/409 353/205/187 351/463/407
f 354/464/408 351/463/407 353/205/187 356/466/410
f 354/464/408 355/467/411 468/460/404 347/459/403
f 355/467/411 354/464/408 356/466/410 357/468/412
f 357/468/412 356/466/410 358/469/413 376/470/414
f 359/471/415 360/472/416 358/469/413 356/466/410
f 359/471/415 356/466/410 353/205/187 161/202/184
f 360/472/416 359/471/415 361/473/417 362/474/418
f 359/471/415 161/202/184 158/196/181 361/473/417
f 138/171/160 362/474/418 361/473/417 140/172/161
f 140/172/161 361/473/417 158/196/181 142/173/162
f 364/475/419 360/472/416 362/474/418 363/476/420
f 366/170/159 363/476/420 362/474/418 138/171/160
f 374/477/421 364/475/419 363/476/420 365/478/422
f 367/479/423 365/478/422 363/476/420 366/170/159
f 133/163/152 130/160/149 367/479/423 366/170/159
f 130/160/149 123/153/142 368/152/141 367/479/423
f 365/478/422 367/479/423 368/152/141 369/480/424
f 370/146/135 369/480/424 368/152/141 118/147/136
f 369/480/424 370/146/135 372/481/425 371/482/426
f 369/480/424 371/482/426 374/477/421 365/478/422
f 373/483/427 371/482/426 372/481/425 383/484/428
f 373/483/427 375/485/429 374/477/421 371/482/426
f 376/470/414 364/475/419 374/477/421 375/485/429
f 357/468/412 376/470/414 375/485/429 377/486/430
f 379/487/431 377/486/430 375/485/429 373/483/427
f 380/488/432 378/489/433 377/486/430 379/487/431
f 355/467/411 357/468/412 377/486/430 378/489/433
f 379/487/431 381/490/434 382/491/435 380/488/432
f 379/487/431 373/483/427 383/484/428 381/490/434
f 383/484/428 372/481/425 382/491/435 381/490/434
f 467/492/436 380/488/432 382/491/435 384/493/437
f 386/494/438 384/493/437 382/491/435 385/495/439
f 387/496/440 385/495/439 382/491/435 372/481/425
f 386/494/438 385/495/439 111/135/124 390/497/441
f 387/496/440 388/139/128 111/135/124 385/495/439
f 119/145/134 112/138/127 388/139/128 387/496/440
f 119/145/134 387/496/440 372/481/425 370/146/135
f 384/493/437 386/494/438 389/498/442 403/499/443
f 390/497/441 391/500/444 389/498/442 386/494/438
f 391/500/444 390/497/441 392/501/445 393/502/446
f 111/135/124 109/132/121 392/501/445 390/497/441
f 107/133/122 393/502/446 392/501/445 109/132/121
f 107/133/122 395/134/123 394/503/447 393/502/446
f 391/500/444 393/502/446 394/503/447 397/504/448
f 394/503/447 395/134/123 461/505/449 396/506/450
f 398/507/451 397/504/448 394/503/447 396/506/450
f 400/508/452 399/509/453 397/504/448 398/507/451
f 389/498/442 391/500/444 397/504/448 399/509/453
f 399/509/453 400/508/452 404/510/454 401/511/455
f 401/511/455 403/499/443 389/498/442 399/509/453
f 404/510/454 406/512/456 402/513/457 401/511/455
f 403/499/443 401/511/455 402/513/457 466/514/458
f 457/515/459 405/516/460 404/510/454 400/508/452
f 408/517/461 406/512/456 404/510/454 405/516/460
f 407/452/397 463/518/462 402/513/457 406/512/456
f 406/512/456 408/517/461 339/449/394 407/452/397
f 405/516/460 411/519/463 409/520/464 408/517/461
f 339/449/394 408/517/461 409/520/464 337/447/392
f 335/445/390 337/447/392 409/520/464 410/521/465
f 409/520/464 411/519/463 413/522/466 410/521/465
f 411/519/463 405/516/460 457/515/459 412/523/467
f 412/523/467 414/524/468 413/522/466 411/519/463
f 413/522/466 414/524/468 416/525/469 415/526/470
f 418/527/471 410/521/465 413/522/466 415/526/470
f 417/528/472 415/526/470 416/525/469 427/529/473
f 415/526/470 417/528/472 419/530/474 418/527/471
f 332/443/388 335/445/390 410/521/465 418/527/471
f 332/443/388 418/527/471 419/530/474 421/433/383
f 417/528/472 422/531/475 420/426/376 419/530/474
f 421/433/383 419/530/474 420/426/376 321/427/377
f 423/532/476 322/423/373 420/426/376 422/531/475
f 422/531/475 424/533/477 425/534/478 423/532/476
f 424/533/477 422/531/475 417/528/472 427/529/473
f 426/535/479 435/536/480 425/534/478 424/533/477
f 427/529/473 428/537/481 426/535/479 424/533/477
f 416/525/469 429/538/482 428/537/481 427/529/473
f 431/539/483 430/540/484 428/537/481 429/538/482
f 430/540/484 432/541/485 426/535/479 428/537/481
f 3/5/5 7/8/8 432/541/485 430/540/484
f 430/540/484 431/539/483 450/6/6 3/5/5
f 433/542/486 435/536/480 426/535/479 432/541/485
f 432/541/485 7/8/8 9/12/12 433/542/486
f 434/543/487 433/542/486 9/12/12 449/14/14
f 435/536/480 433/542/486 434/543/487 436/544/488
f 436/544/488 438/545/489 425/534/478 435/536/480
f 438/545/489 436/544/488 437/546/490 439/547/491
f 437/546/490 436/544/488 434/543/487 447/548/492
f 438/545/489 439/547/491 314/416/366 440/418/368
f 425/534/478 438/545/489 440/418/368 423/532/476
f 322/423/373 423/532/476 440/418/368 315/417/367
f 441/549/493 439/547/491 437/546/490 442/550/494
f 439/547/491 441/549/493 312/413/363 314/416/366
f 442/550/494 444/551/495 443/407/357 441/549/493
f 312/413/363 441/549/493 443/407/357 305/406/356
f 443/407/357 444/551/495 41/52/52 304/53/53
f 444/551/495 445/552/496 43/51/51 41/52/52
f 442/550/494 445/552/496 444/551/495
f 34/42/42 43/51/51 445/552/496 32/40/40
f 445/552/496 442/550/494 446/41/41 32/40/40
f 446/41/41 442/550/494 437/546/490 447/548/492
f 448/36/36 27/35/35 446/41/41 447/548/492
f 448/36/36 447/548/492 434/543/487 449/14/14
f 449/14/14 10/13/13 28/32/32 448/36/36
f 451/553/497 2/2/2 450/6/6 431/539/483
f 451/553/497 431/539/483 429/538/482 453/554/498
f 2/2/2 451/553/497 452/555/499 459/3/3
f 451/553/497 453/554/498 454/556/500 452/555/499
f 414/524/468 412/523/467 454/556/500 453/554/498
f 414/524/468 453/554/498 429/538/482 416/525/469
f 456/557/501 452/555/499 454/556/500 455/558/502
f 454/556/500 412/523/467 457/515/459 455/558/502
f 455/558/502 398/507/451 396/506/450 456/557/501
f 398/507/451 455/558/502 457/515/459 400/508/452
f 458/559/503 459/3/3 452/555/499 456/557/501
f 456/557/501 396/506/450 461/505/449 458/559/503
f 460/560/504 4/4/4 459/3/3 458/559/503
f 458/559/503 461/505/449 462/126/115 460/560/504
f 395/134/123 102/127/116 462/126/115 461/505/449
f 14/16/16 460/560/504 462/126/115 103/19/19
f 14/16/16 6/9/9 4/4/4 460/560/504
f 463/518/462 407/452/397 340/451/396 344/456/400
f 344/456/400 346/457/401 464/561/505 463/518/462
f 402/513/457 463/518/462 464/561/505 466/514/458
f 467/492/436 466/514/458 464/561/505 465/562/506
f 464/561/505 346/457/401 468/460/404 465/562/506
f 467/492/436 384/493/437 403/499/443 466/514/458
f 467/492/436 465/562/506 378/489/433 380/488/432
f 468/460/404 355/467/411 378/489/433 465/562/506
f 364/475/419 376/470/414 358/469/413 360/472/416
f 470/214/192 160/203/185 353/205/187 469/465/409
f 469/465/409 352/462/406 472/563/247 471/564/507
f 469/465/409 471/564/507 474/565/508 470/214/192
f 473/566/509 471/567/507 472/282/247 211/277/242
f 474/568/508 471/567/507 473/566/509 476/569/510
f 174/231/204 475/233/197 474/568/508 476/569/510
f 166/215/193 470/214/192 474/565/508 475/221/197
f 174/231/204 476/569/510 477/570/511 176/228/203
f 477/570/511 476/569/510 473/566/509 478/271/236
f 199/263/229 197/260/228 477/570/511 478/271/236
f 178/234/205 176/228/203 477/570/511 197/260/228
f 204/272/237 478/271/236 473/566/509 211/277/242
f 472/563/247 352/462/406 350/291/253 210/290/245
f 479/571/381 255/342/301 480/330/289 324/437/379
f 317/421/371 481/572/512 479/431/381 319/422/372
f 257/343/302 255/342/301 479/571/381 481/573/512
f 482/574/513 260/346/305 257/343/302 481/573/512
f 482/575/513 481/572/512 317/421/371 484/420/370
f 482/574/513 483/576/514 487/349/308 260/346/305
f 484/420/370 485/577/515 483/578/514 482/575/513
f 311/411/361 309/410/360 485/577/515 484/420/370
f 307/409/359 486/373/328 485/577/515 309/410/360
f 486/373/328 276/376/322 483/578/514 485/577/515
f 275/374/327 486/373/328 307/409/359 488/401/351
f 276/579/322 269/358/317 487/349/308 483/576/514
f 488/580/351 299/581/350 279/370/325 275/372/327
f 279/370/325 299/581/350 297/396/348 293/393/345
f 490/73/69 491/582/516 489/391/343 291/390/342
f 491/582/516 490/73/69 55/72/68 493/583/517
f 492/584/518 950/585/519 489/391/343 491/582/516
f 493/583/517 494/586/520 492/584/518 491/582/516
f 494/586/520 493/583/517 495/587/521 496/588/522
f 495/587/521 493/583/517 55/72/68 57/74/70
f 60/76/72 72/92/84 495/587/521 57/74/70
f 75/95/86 496/588/522 495/587/521 72/92/84
f 496/588/522 497/589/523 498/590/524 494/586/520
f 497/589/523 496/588/522 75/95/86 500/101/90
f 499/591/525 955/592/526 498/590/524 497/589/523
f 497/589/523 500/101/90 501/593/527 499/591/525
f 74/100/89 502/594/94 501/593/527 500/101/90
f 504/595/528 503/596/529 501/593/527 502/594/94
f 501/593/527 503/596/529 505/597/530 499/591/525
f 503/596/529 504/595/528 508/598/531 506/599/532
f 506/599/532 509/600/533 505/597/530 503/596/529
f 509/600/533 506/599/532 507/601/534 510/602/535
f 507/603/534 506/604/532 508/605/531 1771/606/536
f 511/607/537 509/600/533 510/602/535 512/608/538
f 511/607/537 513/609/539 505/597/530 509/600/533
f 512/608/538 517/610/540 514/611/541 511/607/537
f 513/609/539 511/607/537 514/611/541 516/612/542
f 518/613/543 515/614/544 514/611/541 517/610/540
f 514/611/541 515/614/544 956/615/545 516/612/542
f 522/616/546 519/617/547 517/618/540 512/619/538
f 521/620/548 518/621/543 517/618/540 519/617/547
f 1549/622/549 521/620/548 519/617/547 520/623/550
f 523/624/551 520/623/550 519/617/547 522/616/546
f 523/624/551 522/616/546 507/603/534 524/625/552
f 512/619/538 510/626/535 507/603/534 522/616/546
f 523/624/551 524/625/552 528/627/553 525/628/554
f 520/623/550 523/624/551 525/628/554 527/629/555
f 537/630/556 527/629/555 525/628/554 526/631/557
f 526/631/557 525/628/554 528/627/553 530/632/558
f 524/625/552 1769/633/559 529/634/560 528/627/553
f 530/632/558 528/627/553 529/634/560 531/635/561
f 530/632/558 531/635/561 533/636/562 532/637/563
f 526/631/557 530/632/558 532/637/563 535/638/564
f 534/157/146 532/637/563 533/636/562 1757/639/565
f 125/156/145 535/638/564 532/637/563 534/157/146
f 535/638/564 536/640/566 537/630/556 526/631/557
f 536/640/566 535/638/564 125/156/145 127/155/144
f 538/641/567 539/642/568 537/630/556 536/640/566
f 538/641/567 536/640/566 127/155/144 129/159/148
f 540/643/569 541/644/570 539/642/568 538/641/567
f 129/159/148 132/161/150 540/643/569 538/641/567
f 543/645/571 541/644/570 540/643/569 542/646/572
f 135/164/153 542/646/572 540/643/569 132/161/150
f 545/647/573 543/645/571 542/646/572 544/648/574
f 547/168/157 544/648/574 542/646/572 135/164/153
f 544/648/574 546/649/575 548/650/576 545/647/573
f 546/649/575 544/648/574 547/168/157 145/182/168
f 549/651/577 550/652/578 548/653/576 546/654/575
f 549/651/577 546/654/575 145/184/168 147/183/169
f 551/655/579 552/656/580 550/652/578 549/651/577
f 551/655/579 549/651/577 147/183/169 149/186/171
f 553/657/581 554/658/582 552/656/580 551/655/579
f 553/657/581 551/655/579 149/186/171 556/189/174
f 555/659/583 1527/660/584 554/658/582 553/657/581
f 555/659/583 553/657/581 556/189/174 557/661/585
f 559/662/586 557/661/585 556/189/174 150/188/173
f 1530/663/587 555/659/583 557/661/585 558/664/588
f 561/665/589 558/664/588 557/661/585 559/662/586
f 152/190/175 560/666/590 559/662/586 150/188/173
f 560/666/590 563/667/591 561/665/589 559/662/586
f 562/668/592 1533/669/593 558/664/588 561/665/589
f 563/667/591 565/670/594 562/668/592 561/665/589
f 565/670/594 563/667/591 564/671/595 566/672/596
f 563/667/591 560/666/590 776/673/597 564/671/595
f 565/670/594 566/672/596 569/674/598 567/675/599
f 562/668/592 565/670/594 567/675/599 570/676/600
f 569/674/598 772/677/601 568/678/602 567/675/599
f 570/676/600 567/675/599 568/678/602 572/679/603
f 570/676/600 571/680/604 1533/669/593 562/668/592
f 572/679/603 573/681/605 571/680/604 570/676/600
f 573/681/605 572/679/603 574/682/606 575/683/607
f 568/678/602 576/684/608 574/682/606 572/679/603
f 575/683/607 574/682/606 577/685/609 580/686/610
f 576/684/608 579/687/611 577/685/609 574/682/606
f 579/687/611 602/688/612 578/689/613 577/685/609
f 580/686/610 577/685/609 578/689/613 581/690/614
f 585/691/615 582/692/616 580/686/610 581/690/614
f 583/693/617 575/683/607 580/686/610 582/692/616
f 582/692/616 584/694/618 1537/695/619 583/693/617
f 585/691/615 586/696/620 584/694/618 582/692/616
f 587/697/621 589/698/622 586/696/620 585/691/615
f 581/690/614 588/699/623 587/697/621 585/691/615
f 593/700/624 590/701/625 587/697/621 588/699/623
f 591/702/626 589/698/622 587/697/621 590/701/625
f 590/701/625 592/703/627 1327/704/628 591/702/626
f 592/703/627 590/701/625 593/700/624 594/705/629
f 597/706/630 594/705/629 593/700/624 595/707/631
f 596/708/632 595/707/631 593/700/624 588/699/623
f 596/708/632 601/709/633 598/710/634 595/707/631
f 598/710/634 599/711/635 597/706/630 595/707/631
f 600/712/636 614/713/637 599/711/635 598/710/634
f 603/714/638 600/712/636 598/710/634 601/709/633
f 602/688/612 601/709/633 596/708/632 578/689/613
f 602/688/612 604/715/639 603/714/638 601/709/633
f 773/716/640 605/717/641 603/714/638 604/715/639
f 607/718/642 606/719/643 603/720/638 605/721/641
f 609/722/644 600/723/636 603/720/638 606/719/643
f 606/719/643 607/718/642 747/724/645 608/725/646
f 609/722/644 606/719/643 608/725/646 610/726/647
f 600/723/636 609/722/644 611/727/648 614/728/637
f 610/726/647 612/729/649 611/727/648 609/722/644
f 645/730/650 613/731/651 611/727/648 612/729/649
f 617/732/652 615/733/653 611/727/648 613/731/651
f 616/734/654 614/713/637 611/735/648 615/736/653
f 616/734/654 615/736/653 618/737/655 620/738/656
f 615/733/653 617/732/652 619/739/657 618/740/655
f 620/738/656 618/737/655 619/741/657 622/742/658
f 616/734/654 620/738/656 621/743/659 1330/744/660
f 620/738/656 622/742/658 624/745/661 621/743/659
f 622/742/658 623/746/662 626/747/663 624/745/661
f 623/746/662 622/742/658 619/741/657 617/748/652
f 624/745/661 625/749/664 1331/750/665 621/743/659
f 626/747/663 627/751/666 625/749/664 624/745/661
f 628/752/667 629/753/668 627/751/666 626/747/663
f 623/746/662 630/754/669 628/752/667 626/747/663
f 633/755/670 629/753/668 628/752/667 631/756/671
f 632/757/672 631/756/671 628/752/667 630/754/669
f 631/756/671 632/757/672 637/758/673 634/759/674
f 631/756/671 634/759/674 635/760/675 633/755/670
f 636/761/676 1333/762/677 635/760/675 634/759/674
f 637/763/673 638/764/678 636/765/676 634/766/674
f 632/767/672 642/768/679 639/769/680 637/763/673
f 638/764/678 637/763/673 639/769/680 641/770/681
f 658/771/682 641/770/681 639/769/680 640/772/683
f 639/769/680 642/768/679 643/773/684 640/772/683
f 632/757/672 630/754/669 613/774/651 642/775/679
f 613/731/651 645/730/650 643/773/684 642/768/679
f 656/776/685 640/772/683 643/773/684 644/777/686
f 643/773/684 645/730/650 646/778/687 644/777/686
f 645/730/650 612/729/649 647/779/688 646/778/687
f 648/780/689 646/778/687 647/779/688 650/781/690
f 646/778/687 648/780/689 651/782/691 644/777/686
f 648/780/689 649/783/692 652/784/693 651/782/691
f 648/780/689 650/781/690 741/785/694 649/783/692
f 653/786/695 651/782/691 652/784/693 654/787/696
f 656/776/685 644/777/686 651/782/691 653/786/695
f 1752/788/697 655/789/698 653/786/695 654/787/696
f 657/790/699 656/776/685 653/786/695 655/789/698
f 656/776/685 657/790/699 658/771/682 640/772/683
f 659/791/700 660/792/701 658/771/682 657/790/699
f 659/791/700 657/790/699 655/789/698 661/793/702
f 662/794/703 665/795/704 660/792/701 659/791/700
f 662/794/703 659/791/700 661/793/702 664/796/705
f 663/797/706 667/798/707 665/795/704 662/794/703
f 662/794/703 664/796/705 1756/799/708 663/797/706
f 668/800/709 666/801/710 665/795/704 667/798/707
f 666/801/710 1339/802/711 660/792/701 665/795/704
f 672/803/712 669/804/713 667/798/707 663/797/706
f 670/805/714 668/806/709 667/807/707 669/808/713
f 1473/809/715 670/805/714 669/808/713 671/810/716
f 674/811/717 671/810/716 669/808/713 672/812/712
f 672/803/712 663/797/706 1756/799/708 673/813/718
f 672/812/712 673/814/718 676/815/719 674/811/717
f 675/816/720 1406/817/721 671/810/716 674/811/717
f 674/811/717 676/815/719 678/818/722 675/816/720
f 678/818/722 676/815/719 677/819/723 679/820/724
f 673/813/718 1755/821/725 677/822/723 676/823/719
f 682/824/726 675/816/720 678/818/722 680/825/727
f 683/826/728 680/825/727 678/818/722 679/820/724
f 1403/827/729 682/824/726 680/825/727 681/828/730
f 684/829/731 681/828/730 680/825/727 683/826/728
f 686/830/732 684/829/731 683/826/728 685/831/733
f 687/832/734 685/831/733 683/826/728 679/820/724
f 691/833/735 686/830/732 685/831/733 688/834/736
f 690/835/737 688/834/736 685/831/733 687/832/734
f 691/833/735 688/834/736 689/836/738 693/837/739
f 690/835/737 1750/838/740 689/836/738 688/834/736
f 691/833/735 692/839/741 1382/840/742 686/830/732
f 693/837/739 694/841/743 692/839/741 691/833/735
f 694/841/743 693/837/739 695/842/744 697/843/745
f 689/836/738 696/844/746 695/842/744 693/837/739
f 695/842/744 696/844/746 701/845/747 698/846/748
f 699/847/749 697/843/745 695/842/744 698/846/748
f 699/847/749 698/846/748 700/848/750 717/849/751
f 701/845/747 703/850/752 700/848/750 698/846/748
f 705/851/753 703/850/752 701/845/747 702/852/754
f 1749/853/755 702/852/754 701/845/747 696/844/746
f 700/848/750 703/850/752 704/854/756 715/855/757
f 705/851/753 707/856/758 704/854/756 703/850/752
f 702/857/754 1746/858/759 706/859/760 705/860/753
f 706/861/760 708/862/761 707/856/758 705/851/753
f 707/856/758 708/862/761 710/863/762 704/854/756
f 709/864/763 708/865/761 706/866/760 739/867/764
f 708/865/761 709/864/763 711/868/765 710/869/762
f 704/854/756 710/863/762 712/870/766 715/855/757
f 711/868/765 714/871/767 712/872/766 710/869/762
f 714/873/767 725/874/768 713/875/769 712/870/766
f 715/855/757 712/870/766 713/875/769 716/876/770
f 716/876/770 717/849/751 700/848/750 715/855/757
f 716/876/770 718/877/771 720/878/772 717/849/751
f 713/875/769 721/879/773 718/877/771 716/876/770
f 722/880/774 719/881/775 718/877/771 721/879/773
f 719/881/775 1401/882/776 720/878/772 718/877/771
f 713/875/769 725/874/768 723/883/777 721/879/773
f 723/883/777 724/884/778 722/880/774 721/879/773
f 726/885/779 728/886/780 724/884/778 723/883/777
f 729/887/781 726/885/779 723/883/777 725/874/768
f 726/885/779 729/887/781 731/888/782 727/889/783
f 726/885/779 727/889/783 793/890/784 728/886/780
f 733/891/785 730/892/786 729/893/781 732/894/787
f 729/887/781 730/895/786 1721/896/788 731/888/782
f 714/871/767 732/894/787 729/893/781 725/897/768
f 732/894/787 714/871/767 711/868/765 734/898/789
f 734/898/789 735/899/790 733/891/785 732/894/787
f 734/898/789 736/900/791 190/901/217 735/899/790
f 736/900/791 734/898/789 711/868/765 709/864/763
f 737/902/792 187/250/218 190/249/217 736/903/791
f 737/904/792 736/900/791 709/864/763 739/867/764
f 187/250/218 737/902/792 738/905/793 750/251/219
f 739/906/764 740/907/794 738/905/793 737/902/792
f 740/907/794 739/906/764 706/859/760 741/785/694
f 742/908/795 740/907/794 741/785/694 650/781/690
f 742/908/795 743/909/796 738/905/793 740/907/794
f 650/781/690 647/779/688 744/910/797 742/908/795
f 743/909/796 742/908/795 744/910/797 745/911/798
f 612/729/649 610/726/647 744/910/797 647/779/688
f 744/910/797 610/726/647 608/725/646 745/911/798
f 745/911/798 746/912/799 749/913/800 743/909/796
f 745/911/798 608/725/646 747/724/645 746/912/799
f 748/914/801 746/912/799 747/724/645 771/915/802
f 748/914/801 751/916/803 749/913/800 746/912/799
f 738/905/793 743/909/796 749/913/800 750/251/219
f 749/913/800 751/916/803 188/248/216 750/251/219
f 752/917/804 185/243/212 188/248/216 751/916/803
f 748/914/801 754/918/805 752/917/804 751/916/803
f 181/241/210 185/243/212 752/917/804 753/919/806
f 756/920/807 753/919/806 752/917/804 754/918/805
f 771/915/802 755/921/808 754/918/805 748/914/801
f 755/921/808 758/922/809 756/920/807 754/918/805
f 172/226/201 753/919/806 756/920/807 757/227/202
f 759/923/810 757/227/202 756/920/807 758/922/809
f 755/921/808 762/924/811 760/925/812 758/922/809
f 760/925/812 761/926/813 759/923/810 758/922/809
f 764/927/814 761/926/813 760/925/812 763/928/815
f 766/929/816 763/928/815 760/925/812 762/924/811
f 763/928/815 765/930/817 776/931/597 764/927/814
f 765/932/817 763/933/815 766/934/816 767/935/818
f 766/934/816 768/936/819 769/937/820 767/935/818
f 762/924/811 770/938/821 768/939/819 766/929/816
f 605/717/641 773/716/640 769/937/820 768/936/819
f 607/718/642 605/721/641 768/939/819 770/938/821
f 755/921/808 771/915/802 770/938/821 762/924/811
f 747/724/645 607/718/642 770/938/821 771/915/802
f 773/716/640 774/940/822 772/677/601 769/937/820
f 767/935/818 769/937/820 772/677/601 569/674/598
f 773/716/640 604/715/639 775/941/823 774/940/822
f 576/684/608 774/940/822 775/941/823 579/687/611
f 774/940/822 576/684/608 568/678/602 772/677/601
f 602/688/612 579/687/611 775/941/823 604/715/639
f 566/672/596 765/932/817 767/935/818 569/674/598
f 566/672/596 564/671/595 776/673/597 765/932/817
f 777/942/178 764/927/814 776/931/597 155/943/176
f 152/190/175 155/191/176 776/673/597 560/666/590
f 777/942/178 163/209/188 761/926/813 764/927/814
f 163/209/188 778/208/189 759/923/810 761/926/813
f 778/208/189 168/219/196 757/227/202 759/923/810
f 753/919/806 172/226/201 179/237/207 181/241/210
f 649/783/692 741/785/694 706/859/760 1746/858/759
f 779/944/224 780/945/824 733/946/785 735/947/790
f 735/948/790 190/249/217 192/253/221 779/256/224
f 779/256/224 193/255/223 782/949/825 780/950/824
f 780/945/824 781/951/826 1721/896/788 733/946/785
f 781/951/826 780/945/824 782/952/825 783/953/827
f 782/952/825 193/954/223 195/267/225 201/266/232
f 784/269/234 783/953/827 782/952/825 201/266/232
f 787/955/828 781/951/826 783/953/827 785/956/829
f 786/957/830 785/956/829 783/953/827 784/269/234
f 789/958/831 788/959/832 785/956/829 786/957/830
f 791/960/833 787/955/828 785/956/829 788/959/832
f 1712/961/834 790/962/835 788/959/832 789/958/831
f 794/963/836 791/960/833 788/959/832 790/962/835
f 787/955/828 791/960/833 792/964/837 731/888/782
f 793/890/784 1719/965/838 792/964/837 791/960/833
f 794/963/836 795/966/839 793/890/784 791/960/833
f 795/966/839 794/963/836 796/967/840 799/968/841
f 796/967/840 794/963/836 790/962/835 798/969/842
f 800/970/843 799/968/841 796/967/840 797/971/844
f 1693/972/845 797/971/844 796/967/840 798/969/842
f 799/968/841 800/970/843 804/973/846 801/974/847
f 799/968/841 801/974/847 803/975/848 795/966/839
f 801/974/847 802/976/849 1399/977/850 803/975/848
f 802/976/849 801/974/847 804/973/846 806/978/851
f 1690/979/852 805/980/853 804/973/846 800/970/843
f 808/981/854 807/982/855 804/973/846 805/980/853
f 809/983/856 806/978/851 804/973/846 807/982/855
f 807/982/855 808/981/854 811/984/857 810/985/858
f 809/983/856 807/982/855 810/985/858 813/986/859
f 812/987/860 810/985/858 811/984/857 1613/988/861
f 814/989/862 813/986/859 810/985/858 812/987/860
f 816/990/863 815/991/864 813/986/859 814/989/862
f 817/992/865 809/983/856 813/986/859 815/991/864
f 815/991/864 816/990/863 819/993/866 818/994/867
f 818/994/867 820/995/868 817/992/865 815/991/864
f 821/996/869 818/994/867 819/993/866 824/997/870
f 818/994/867 821/996/869 822/998/871 820/995/868
f 823/999/872 1384/1000/873 822/998/871 821/996/869
f 821/996/869 824/997/870 826/1001/874 823/999/872
f 825/1002/875 824/997/870 819/993/866 1625/1003/876
f 824/997/870 825/1002/875 827/1004/877 826/1001/874
f 828/1005/878 826/1001/874 827/1004/877 829/1006/879
f 830/1007/880 823/999/872 826/1001/874 828/1005/878
f 829/1006/879 834/1008/881 831/1009/882 828/1005/878
f 831/1009/882 833/1010/883 830/1007/880 828/1005/878
f 1407/1011/884 833/1010/883 831/1009/882 832/1012/885
f 836/1013/886 832/1012/885 831/1009/882 834/1008/881
f 1687/1014/887 835/1015/888 834/1008/881 829/1006/879
f 838/1016/889 836/1013/886 834/1008/881 835/1015/888
f 836/1013/886 837/1017/890 1408/1018/891 832/1012/885
f 837/1017/890 836/1013/886 838/1016/889 839/1019/892
f 842/1020/893 840/1021/894 838/1016/889 835/1015/888
f 843/1022/895 839/1019/892 838/1016/889 840/1021/894
f 845/1023/896 843/1022/895 840/1021/894 841/1024/897
f 841/1024/897 840/1021/894 842/1020/893 855/1025/898
f 844/1026/899 1367/1027/900 839/1019/892 843/1022/895
f 843/1022/895 845/1023/896 846/1028/901 844/1026/899
f 847/1029/902 848/1030/903 846/1028/901 845/1023/896
f 841/1024/897 850/1031/904 847/1029/902 845/1023/896
f 1472/1032/905 848/1030/903 847/1029/902 849/1033/906
f 851/1034/907 849/1033/906 847/1029/902 850/1031/904
f 850/1031/904 841/1024/897 855/1025/898 852/1035/908
f 852/1035/908 853/1036/909 851/1034/907 850/1031/904
f 854/1037/910 1116/1038/911 853/1036/909 852/1035/908
f 854/1037/910 852/1035/908 855/1025/898 856/1039/912
f 856/1039/912 855/1025/898 842/1020/893 857/1040/913
f 856/1039/912 857/1040/913 860/1041/914 858/1042/915
f 861/1043/916 854/1037/910 856/1039/912 858/1042/915
f 860/1041/914 1684/1044/917 859/1045/918 858/1042/915
f 861/1043/916 858/1042/915 859/1045/918 863/1046/919
f 861/1043/916 862/1047/920 1116/1038/911 854/1037/910
f 863/1046/919 864/1048/921 862/1047/920 861/1043/916
f 865/1049/922 868/1050/923 864/1048/921 863/1046/919
f 859/1045/918 866/1051/924 865/1049/922 863/1046/919
f 1681/1052/925 867/1053/926 865/1049/922 866/1051/924
f 870/1054/927 868/1050/923 865/1049/922 867/1053/926
f 869/1055/928 1111/1056/929 864/1048/921 868/1050/923
f 868/1050/923 870/1054/927 872/1057/930 869/1055/928
f 871/1058/931 870/1054/927 867/1053/926 1680/1059/932
f 871/1058/931 874/1060/933 872/1057/930 870/1054/927
f 872/1057/930 873/1061/934 1108/1062/935 869/1055/928
f 876/1063/936 873/1061/934 872/1057/930 874/1060/933
f 1676/1064/937 875/1065/938 874/1060/933 871/1058/931
f 878/1066/939 876/1063/936 874/1060/933 875/1065/938
f 878/1066/939 879/1067/940 877/1068/941 876/1063/936
f 873/1061/934 876/1063/936 877/1068/941 1102/1069/942
f 880/1070/943 881/1071/944 879/1067/940 878/1066/939
f 880/1070/943 878/1066/939 875/1065/938 882/1072/945
f 881/1071/944 880/1070/943 883/1073/946 886/1074/947
f 883/1073/946 880/1070/943 882/1072/945 884/1075/948
f 1668/1076/949 885/1077/950 883/1073/946 884/1075/948
f 888/1078/951 886/1074/947 883/1073/946 885/1077/950
f 886/1074/947 887/1079/952 1105/1080/953 881/1071/944
f 887/1079/952 886/1074/947 888/1078/951 890/1081/954
f 891/1082/955 890/1081/954 888/1078/951 889/1083/956
f 1666/1084/957 889/1083/956 888/1078/951 885/1077/950
f 891/1085/955 894/1086/958 892/1087/959 890/1088/954
f 890/1088/954 892/1087/959 893/1089/960 887/1090/952
f 895/1091/961 896/1092/962 893/1089/960 892/1087/959
f 894/1086/958 898/1093/963 895/1091/961 892/1087/959
f 1089/1094/964 896/1092/962 895/1091/961 897/1095/965
f 899/1096/966 897/1095/965 895/1091/961 898/1093/963
f 900/1097/967 902/1098/968 899/1096/966 898/1093/963
f 894/1086/958 901/1099/969 900/1097/967 898/1093/963
f 901/1099/969 906/1100/970 903/1101/971 900/1097/967
f 902/1098/968 900/1097/967 903/1101/971 905/1102/972
f 906/1100/970 908/1103/973 904/1104/974 903/1101/971
f 905/1102/972 903/1101/971 904/1104/974 1076/1105/975
f 1664/1106/976 907/1107/977 906/1108/970 901/1109/969
f 906/1108/970 907/1107/977 909/1110/978 908/1111/973
f 910/1112/979 908/1103/973 909/1113/978 911/1114/314
f 904/1104/974 908/1103/973 910/1112/979 912/1115/980
f 267/366/315 913/365/321 910/1112/979 911/1114/314
f 914/1116/981 912/1115/980 910/1112/979 913/365/321
f 271/364/320 916/1117/982 914/1116/981 913/365/321
f 1075/1118/983 912/1115/980 914/1116/981 915/1119/984
f 918/1120/985 915/1119/984 914/1116/981 916/1117/982
f 273/363/319 917/1121/986 916/1117/982 271/364/320
f 920/1122/987 918/1120/985 916/1117/982 917/1121/986
f 919/1123/988 918/1120/985 920/1122/987 921/1124/989
f 918/1120/985 919/1123/988 1074/1125/990 915/1119/984
f 924/1126/991 922/1127/992 920/1122/987 917/1121/986
f 923/1128/993 921/1124/989 920/1122/987 922/1127/992
f 923/1128/993 922/1127/992 925/1129/994 928/1130/995
f 925/1129/994 922/1127/992 924/1126/991 926/1131/996
f 939/1132/997 927/1133/998 925/1129/994 926/1131/996
f 930/1134/999 928/1130/995 925/1129/994 927/1133/998
f 929/1135/1000 1072/1136/1001 923/1128/993 928/1130/995
f 928/1130/995 930/1134/999 931/1137/1002 929/1135/1000
f 932/1138/1003 933/1139/1004 931/1137/1002 930/1134/999
f 927/1133/998 935/1140/1005 932/1138/1003 930/1134/999
f 983/1141/1006 933/1139/1004 932/1138/1003 934/1142/1007
f 936/1143/1008 934/1142/1007 932/1138/1003 935/1140/1005
f 935/1140/1005 927/1133/998 939/1132/997 937/1144/1009
f 937/1144/1009 938/1145/1010 936/1143/1008 935/1140/1005
f 938/1145/1010 937/1144/1009 285/383/335 941/385/337
f 285/383/335 937/1144/1009 939/1132/997 283/380/332
f 280/377/329 283/380/332 939/1132/997 926/1131/996
f 940/1146/1011 986/1147/1012 936/1143/1008 938/1145/1010
f 941/385/337 942/1148/1013 940/1146/1011 938/1145/1010
f 942/1148/1013 941/385/337 286/384/336 944/1149/1014
f 943/1150/1015 1554/1151/1016 940/1146/1011 942/1148/1013
f 944/1149/1014 945/1152/1017 943/1150/1015 942/1148/1013
f 946/1153/1018 947/1154/1019 945/1152/1017 944/1149/1014
f 946/1153/1018 944/1149/1014 286/384/336 288/386/338
f 948/1155/1020 949/1156/1021 947/1154/1019 946/1153/1018
f 948/1155/1020 946/1153/1018 288/386/338 290/389/341
f 950/585/519 951/1157/1022 949/1156/1021 948/1155/1020
f 950/585/519 948/1155/1020 290/389/341 489/391/343
f 951/1157/1022 950/585/519 492/584/518 953/1158/1023
f 952/1159/1024 957/1160/1025 949/1156/1021 951/1157/1022
f 953/1158/1023 954/1161/1026 952/1159/1024 951/1157/1022
f 954/1161/1026 953/1158/1023 498/590/524 955/592/526
f 498/590/524 953/1158/1023 492/584/518 494/586/520
f 516/612/542 956/615/545 952/1159/1024 954/1161/1026
f 516/612/542 954/1161/1026 955/592/526 513/609/539
f 505/597/530 513/609/539 955/592/526 499/591/525
f 958/1162/1027 957/1160/1025 952/1159/1024 956/615/545
f 957/1160/1025 958/1162/1027 960/1163/1028 959/1164/1029
f 957/1160/1025 959/1164/1029 947/1154/1019 949/1156/1021
f 961/1165/1030 959/1164/1029 960/1163/1028 963/1166/1031
f 959/1164/1029 961/1165/1030 945/1152/1017 947/1154/1019
f 961/1165/1030 962/1167/1032 943/1150/1015 945/1152/1017
f 963/1166/1031 965/1168/1033 962/1167/1032 961/1165/1030
f 964/1169/1034 963/1166/1031 960/1163/1028 1543/1170/1035
f 963/1166/1031 964/1169/1034 966/1171/1036 965/1168/1033
f 967/1172/1037 965/1168/1033 966/1171/1036 968/1173/1038
f 965/1168/1033 967/1172/1037 969/1174/1039 962/1167/1032
f 967/1172/1037 968/1173/1038 972/1175/1040 970/1176/1041
f 967/1172/1037 970/1176/1041 973/1177/1042 969/1174/1039
f 970/1176/1041 971/1178/1043 975/1179/1044 973/1177/1042
f 970/1176/1041 972/1175/1040 1516/1180/1045 971/1178/1043
f 1554/1151/1016 969/1174/1039 973/1177/1042 974/1181/1046
f 974/1181/1046 973/1177/1042 975/1179/1044 976/1182/1047
f 975/1179/1044 977/1183/1048 980/1184/1049 976/1182/1047
f 978/1185/1050 977/1183/1048 975/1179/1044 971/1178/1043
f 977/1183/1048 978/1185/1050 1511/1186/1051 979/1187/1052
f 977/1183/1048 979/1187/1052 981/1188/1053 980/1184/1049
f 982/1189/1054 980/1184/1049 981/1188/1053 984/1190/1055
f 985/1191/1056 976/1182/1047 980/1184/1049 982/1189/1054
f 934/1142/1007 985/1191/1056 982/1189/1054 983/1141/1006
f 988/1192/1057 983/1141/1006 982/1189/1054 984/1190/1055
f 985/1191/1056 934/1142/1007 936/1143/1008 986/1147/1012
f 986/1147/1012 974/1181/1046 976/1182/1047 985/1191/1056
f 974/1181/1046 986/1147/1012 940/1146/1011 1554/1151/1016
f 990/1193/1058 988/1192/1057 984/1190/1055 987/1194/1059
f 984/1190/1055 981/1188/1053 1514/1195/1060 987/1194/1059
f 983/1141/1006 988/1192/1057 989/1196/1061 933/1139/1004
f 990/1193/1058 991/1197/1062 989/1196/1061 988/1192/1057
f 992/1198/1063 993/1199/1064 991/1197/1062 990/1193/1058
f 992/1198/1063 990/1193/1058 987/1194/1059 994/1200/1065
f 992/1198/1063 995/1201/1066 997/1202/1067 993/1199/1064
f 995/1201/1066 992/1198/1063 994/1200/1065 998/1203/1068
f 995/1201/1066 996/1204/1069 1039/1205/1070 997/1202/1067
f 995/1201/1066 998/1203/1068 1000/1206/1071 996/1204/1069
f 998/1203/1068 994/1200/1065 1513/1207/1072 999/1208/1073
f 999/1208/1073 1001/1209/1074 1000/1206/1071 998/1203/1068
f 1002/1210/1075 996/1204/1069 1000/1206/1071 1001/1209/1074
f 999/1208/1073 1005/1211/1076 1003/1212/1077 1001/1209/1074
f 1002/1210/1075 1001/1209/1074 1003/1212/1077 1004/1213/1078
f 1003/1212/1077 1006/1214/1079 1009/1215/1080 1004/1213/1078
f 1008/1216/1081 1006/1214/1079 1003/1212/1077 1005/1211/1076
f 1009/1215/1080 1006/1214/1079 1007/1217/1082 1011/1218/1083
f 1008/1216/1081 1500/1219/1084 1007/1217/1082 1006/1214/1079
f 1040/1220/1085 1004/1213/1078 1009/1215/1080 1010/1221/1086
f 1013/1222/1087 1010/1221/1086 1009/1215/1080 1011/1218/1083
f 1013/1222/1087 1011/1218/1083 1012/1223/1088 1014/1224/1089
f 1007/1217/1082 1499/1225/1090 1012/1223/1088 1011/1218/1083
f 1015/1226/1091 1010/1221/1086 1013/1222/1087 1014/1224/1089
f 1016/1227/1092 1014/1224/1089 1012/1223/1088 1018/1228/1093
f 1015/1226/1091 1014/1224/1089 1016/1227/1092 1019/1229/1094
f 1019/1229/1094 1016/1227/1092 1017/1230/1095 1020/1231/1096
f 1018/1228/1093 1486/1232/1097 1017/1230/1095 1016/1227/1092
f 1020/1231/1096 1022/1233/1098 1015/1226/1091 1019/1229/1094
f 1021/1234/1099 1020/1231/1096 1017/1230/1095 1481/1235/1100
f 1021/1234/1099 1023/1236/1101 1022/1233/1098 1020/1231/1096
f 1024/1237/1102 1027/1238/1103 1015/1226/1091 1022/1233/1098
f 1026/1239/1104 1024/1237/1102 1022/1233/1098 1023/1236/1101
f 1024/1237/1102 1025/1240/1105 1028/1241/1106 1027/1238/1103
f 1024/1237/1102 1026/1239/1104 1295/1242/1107 1025/1240/1105
f 1029/1243/1108 1027/1238/1103 1028/1241/1106 1030/1244/1109
f 1027/1238/1103 1029/1243/1108 1031/1245/1110 1015/1226/1091
f 1029/1243/1108 1030/1244/1109 1033/1246/1111 1032/1247/1112
f 1032/1247/1112 1035/1248/1113 1031/1245/1110 1029/1243/1108
f 1032/1247/1112 1033/1246/1111 1241/1249/1114 1034/1250/1115
f 1034/1250/1115 1037/1251/1116 1035/1248/1113 1032/1247/1112
f 1039/1205/1070 1038/1252/1117 1035/1248/1113 1036/1253/1118
f 1041/1254/1119 1036/1253/1118 1035/1248/1113 1037/1251/1116
f 1035/1248/1113 1038/1252/1117 1040/1220/1085 1031/1245/1110
f 996/1204/1069 1002/1210/1075 1038/1252/1117 1039/1205/1070
f 1038/1252/1117 1002/1210/1075 1004/1213/1078 1040/1220/1085
f 1010/1221/1086 1015/1226/1091 1031/1245/1110 1040/1220/1085
f 1480/1255/1120 997/1202/1067 1039/1205/1070 1036/1253/1118
f 1044/1256/1121 1041/1254/1119 1037/1251/1116 1043/1257/1122
f 1037/1251/1116 1042/1258/1123 1046/1259/1124 1043/1257/1122
f 1243/1260/1125 1042/1258/1123 1037/1251/1116 1034/1250/1115
f 1045/1261/1126 1051/1262/1127 1044/1256/1121 1043/1257/1122
f 1046/1259/1124 1047/1263/1128 1045/1261/1126 1043/1257/1122
f 1048/1264/1129 1047/1263/1128 1046/1259/1124 1042/1258/1123
f 1047/1263/1128 1048/1264/1129 1050/1265/1130 1049/1266/1131
f 1045/1261/1126 1047/1263/1128 1049/1266/1131 1051/1262/1127
f 1051/1262/1127 1049/1266/1131 1050/1265/1130 1052/1267/1132
f 1053/1268/1133 1044/1256/1121 1051/1262/1127 1052/1267/1132
f 1057/1269/1134 1053/1268/1133 1052/1267/1132 1054/1270/1135
f 1054/1270/1135 1052/1267/1132 1050/1265/1130 1055/1271/1136
f 1054/1270/1135 1055/1271/1136 1083/1272/1137 1056/1273/1138
f 1054/1270/1135 1056/1273/1138 1059/1274/1139 1057/1269/1134
f 1058/1275/1140 1057/1269/1134 1059/1274/1139 1061/1276/1141
f 1057/1269/1134 1058/1275/1140 1479/1277/1142 1053/1268/1133
f 1062/1278/1143 1061/1276/1141 1059/1274/1139 1060/1279/1144
f 1059/1274/1139 1056/1273/1138 1081/1280/1145 1060/1279/1144
f 1066/1281/1146 1063/1282/1147 1061/1276/1141 1062/1278/1143
f 1064/1283/1148 1058/1275/1140 1061/1276/1141 1063/1282/1147
f 1475/1284/1149 1064/1283/1148 1063/1282/1147 1065/1285/1150
f 1068/1286/1151 1065/1285/1150 1063/1282/1147 1066/1281/1146
f 1062/1278/1143 1077/1287/1152 1067/1288/1153 1066/1281/1146
f 1066/1281/1146 1067/1288/1153 1069/1289/1154 1068/1286/1151
f 1070/1290/1155 1068/1286/1151 1069/1289/1154 1071/1291/1156
f 1068/1286/1151 1070/1290/1155 1072/1136/1001 1065/1285/1150
f 1071/1291/1156 919/1123/988 921/1124/989 1070/1290/1155
f 1072/1136/1001 1070/1290/1155 921/1124/989 923/1128/993
f 1072/1136/1001 929/1135/1000 1475/1284/1149 1065/1285/1150
f 1073/1292/1157 1071/1291/1156 1069/1289/1154 1067/1288/1153
f 1071/1291/1156 1073/1292/1157 1074/1125/990 919/1123/988
f 1075/1118/983 915/1119/984 1074/1125/990 1073/1292/1157
f 1073/1292/1157 1067/1288/1153 1076/1105/975 1075/1118/983
f 1075/1118/983 1076/1105/975 904/1104/974 912/1115/980
f 905/1102/972 1076/1105/975 1067/1288/1153 1077/1287/1152
f 1062/1278/1143 1060/1279/1144 1078/1293/1158 1077/1287/1152
f 905/1102/972 1077/1287/1152 1078/1293/1158 902/1098/968
f 1081/1280/1145 1079/1294/1159 1078/1293/1158 1060/1279/1144
f 1078/1293/1158 1079/1294/1159 899/1096/966 902/1098/968
f 1080/1295/1160 897/1095/965 899/1096/966 1079/1294/1159
f 1080/1295/1160 1079/1294/1159 1081/1280/1145 1082/1296/1161
f 1083/1272/1137 1082/1296/1161 1081/1280/1145 1056/1273/1138
f 1082/1296/1161 1083/1272/1137 1085/1297/1162 1084/1298/1163
f 1080/1295/1160 1082/1296/1161 1084/1298/1163 1087/1299/1164
f 1086/1300/1165 1084/1298/1163 1085/1297/1162 1263/1301/1166
f 1088/1302/1167 1087/1299/1164 1084/1298/1163 1086/1300/1165
f 1090/1303/1168 1089/1094/964 1087/1299/1164 1088/1302/1167
f 897/1095/965 1080/1295/1160 1087/1299/1164 1089/1094/964
f 896/1092/962 1089/1094/964 1090/1303/1168 1092/1304/1169
f 1261/1305/1170 1091/1306/1171 1090/1303/1168 1088/1302/1167
f 1094/1307/1172 1092/1304/1169 1090/1303/1168 1091/1306/1171
f 1092/1308/1169 1093/1309/1173 893/1310/960 896/1311/962
f 1095/1312/1174 1093/1309/1173 1092/1308/1169 1094/1313/1172
f 1098/1314/1175 1095/1312/1174 1094/1313/1172 1097/1315/1176
f 1271/1316/1177 1096/1317/1178 1094/1313/1172 1091/1318/1171
f 1099/1319/1179 1097/1315/1176 1094/1313/1172 1096/1317/1178
f 1098/1314/1175 1097/1315/1176 1100/1320/1180 1103/1321/1181
f 1097/1315/1176 1099/1319/1179 1101/1322/1182 1100/1320/1180
f 1102/1069/942 1100/1320/1180 1101/1322/1182 1106/1323/1183
f 877/1068/941 1103/1321/1181 1100/1320/1180 1102/1069/942
f 1104/1324/1184 1095/1312/1174 1098/1314/1175 1103/1321/1181
f 1104/1324/1184 1103/1321/1181 877/1068/941 879/1067/940
f 1095/1312/1174 1104/1324/1184 1105/1080/953 1093/1309/1173
f 1105/1080/953 1104/1324/1184 879/1067/940 881/1071/944
f 893/1310/960 1093/1309/1173 1105/1080/953 887/1079/952
f 1102/1069/942 1106/1323/1183 1108/1062/935 873/1061/934
f 1107/1325/1185 1106/1323/1183 1101/1322/1182 1287/1326/1186
f 1106/1323/1183 1107/1325/1185 1109/1327/1187 1108/1062/935
f 869/1055/928 1108/1062/935 1109/1327/1187 1111/1056/929
f 1107/1325/1185 1289/1328/1188 1110/1329/1189 1109/1327/1187
f 1111/1056/929 1109/1327/1187 1110/1329/1189 1112/1330/1190
f 1111/1056/929 1112/1330/1190 862/1047/920 864/1048/921
f 1112/1330/1190 1110/1329/1189 1115/1331/1191 1113/1332/1192
f 1112/1330/1190 1113/1332/1192 1116/1038/911 862/1047/920
f 1113/1332/1192 1114/1333/1193 853/1036/909 1116/1038/911
f 1113/1332/1192 1115/1331/1191 1118/1334/1194 1114/1333/1193
f 1289/1328/1188 1117/1335/1195 1115/1331/1191 1110/1329/1189
f 1117/1335/1195 1120/1336/1196 1118/1334/1194 1115/1331/1191
f 1120/1336/1196 1121/1337/1197 1119/1338/1198 1118/1334/1194
f 1114/1333/1193 1118/1334/1194 1119/1338/1198 1474/1339/1199
f 1120/1336/1196 1122/1340/1200 1125/1341/1201 1121/1337/1197
f 1117/1335/1195 1123/1342/1202 1122/1340/1200 1120/1336/1196
f 1283/1343/1203 1124/1344/1204 1122/1340/1200 1123/1342/1202
f 1124/1344/1204 1126/1345/1205 1125/1341/1201 1122/1340/1200
f 1126/1345/1205 1128/1346/1206 1127/1347/1207 1125/1341/1201
f 1121/1337/1197 1125/1341/1201 1127/1347/1207 1130/1348/1208
f 1128/1346/1206 1146/1349/1209 1129/1350/1210 1127/1347/1207
f 1130/1348/1208 1127/1347/1207 1129/1350/1210 1131/1351/1211
f 1131/1351/1211 1134/1352/1212 1132/1353/1213 1130/1348/1208
f 1121/1337/1197 1130/1348/1208 1132/1353/1213 1119/1338/1198
f 1474/1339/1199 1119/1338/1198 1132/1353/1213 1133/1354/1214
f 1132/1353/1213 1134/1352/1212 1135/1355/1215 1133/1354/1214
f 1134/1352/1212 1131/1351/1211 1139/1356/1216 1136/1357/1217
f 1136/1357/1217 1138/1358/1218 1135/1355/1215 1134/1352/1212
f 1139/1356/1216 1140/1359/1219 1137/1360/1220 1136/1357/1217
f 1138/1358/1218 1136/1357/1217 1137/1360/1220 1470/1361/1221
f 1142/1362/1222 1140/1359/1219 1139/1356/1216 1141/1363/1223
f 1129/1350/1210 1141/1363/1223 1139/1356/1216 1131/1351/1211
f 1141/1363/1223 1143/1364/1224 1144/1365/1225 1142/1362/1222
f 1143/1364/1224 1141/1363/1223 1129/1350/1210 1146/1349/1209
f 1145/1366/1226 1443/1367/1227 1144/1368/1225 1143/1369/1224
f 1146/1349/1209 1147/1370/1228 1145/1371/1226 1143/1364/1224
f 1146/1349/1209 1128/1346/1206 1149/1372/1229 1147/1370/1228
f 1148/1373/1230 1442/1374/1231 1145/1366/1226 1147/1375/1228
f 1149/1376/1229 1151/1377/1232 1148/1373/1230 1147/1375/1228
f 1126/1345/1205 1150/1378/1233 1149/1372/1229 1128/1346/1206
f 1152/1379/1234 1151/1377/1232 1149/1376/1229 1150/1380/1233
f 1151/1377/1232 1152/1379/1234 1155/1381/1235 1153/1382/1236
f 1153/1382/1236 1156/1383/1237 1148/1373/1230 1151/1377/1232
f 1153/1382/1236 1154/1384/1238 1158/1385/1239 1156/1383/1237
f 1154/1384/1238 1153/1382/1236 1155/1381/1235 1278/1386/1240
f 1157/1387/1241 1442/1374/1231 1148/1373/1230 1156/1383/1237
f 1157/1387/1241 1156/1383/1237 1158/1385/1239 1160/1388/1242
f 1158/1385/1239 1154/1384/1238 1277/1389/1243 1159/1390/1244
f 1161/1391/1245 1160/1388/1242 1158/1385/1239 1159/1390/1244
f 1163/1392/1246 1162/1393/1247 1160/1388/1242 1161/1391/1245
f 1164/1394/1248 1157/1387/1241 1160/1388/1242 1162/1393/1247
f 1162/1393/1247 1163/1392/1246 1168/1395/1249 1165/1396/1250
f 1165/1396/1250 1166/1397/1251 1164/1394/1248 1162/1393/1247
f 1166/1397/1251 1165/1396/1250 1167/1398/1252 1440/1399/1253
f 1167/1398/1252 1165/1396/1250 1168/1395/1249 1170/1400/1254
f 1168/1395/1249 1163/1392/1246 1254/1401/1255 1169/1402/1256
f 1171/1403/1257 1170/1400/1254 1168/1395/1249 1169/1402/1256
f 1174/1404/1258 1172/1405/1259 1170/1400/1254 1171/1403/1257
f 1172/1405/1259 1175/1406/1260 1167/1398/1252 1170/1400/1254
f 1173/1407/1261 1177/1408/1262 1175/1406/1260 1172/1405/1259
f 1172/1405/1259 1174/1404/1258 1290/1409/1263 1173/1407/1261
f 1176/1410/1264 1440/1399/1253 1167/1398/1252 1175/1406/1260
f 1177/1408/1262 1179/1411/1265 1176/1410/1264 1175/1406/1260
f 1178/1412/1266 1180/1413/1267 1179/1411/1265 1177/1408/1262
f 1177/1408/1262 1173/1407/1261 1291/1414/1268 1178/1412/1266
f 1180/1413/1267 1182/1415/1269 1181/1416/1270 1179/1411/1265
f 1181/1416/1270 1183/1417/1271 1176/1410/1264 1179/1411/1265
f 1187/1418/1272 1184/1419/1273 1181/1416/1270 1182/1415/1269
f 1185/1420/1274 1183/1417/1271 1181/1416/1270 1184/1419/1273
f 1184/1419/1273 1186/1421/1275 1433/1422/1276 1185/1420/1274
f 1184/1419/1273 1187/1418/1272 1189/1423/1277 1186/1421/1275
f 1188/1424/1278 1187/1418/1272 1182/1415/1269 1226/1425/1279
f 1188/1424/1278 1191/1426/1280 1189/1423/1277 1187/1418/1272
f 1189/1423/1277 1190/1427/1281 1432/1428/1282 1186/1421/1275
f 1193/1429/1283 1190/1427/1281 1189/1423/1277 1191/1426/1280
f 1227/1430/1284 1192/1431/1285 1191/1426/1280 1188/1424/1278
f 1195/1432/1286 1193/1429/1283 1191/1426/1280 1192/1431/1285
f 1195/1432/1286 1196/1433/1287 1194/1434/1288 1193/1429/1283
f 1190/1427/1281 1193/1429/1283 1194/1434/1288 1446/1435/1289
f 1196/1433/1287 1195/1432/1286 1197/1436/1290 1198/1437/1291
f 1197/1436/1290 1195/1432/1286 1192/1431/1285 1199/1438/1292
f 1202/1439/1293 1198/1437/1291 1197/1436/1290 1200/1440/1294
f 1201/1441/1295 1200/1440/1294 1197/1436/1290 1199/1438/1292
f 1200/1440/1294 1201/1441/1295 1206/1442/1296 1203/1443/1297
f 1203/1443/1297 1204/1444/1298 1202/1439/1293 1200/1440/1294
f 1203/1443/1297 1205/1445/1299 1302/1446/1300 1204/1444/1298
f 1206/1442/1296 1207/1447/1301 1205/1445/1299 1203/1443/1297
f 1209/1448/1302 1208/1449/1303 1206/1442/1296 1201/1441/1295
f 1211/1450/1304 1207/1447/1301 1206/1442/1296 1208/1449/1303
f 1210/1451/1305 1208/1449/1303 1209/1448/1302 1221/1452/1306
f 1211/1450/1304 1208/1449/1303 1210/1451/1305 1213/1453/1307
f 1212/1454/1308 1297/1455/1309 1207/1447/1301 1211/1450/1304
f 1211/1450/1304 1213/1453/1307 1214/1456/1310 1212/1454/1308
f 1215/1457/1311 1216/1458/1312 1214/1456/1310 1213/1453/1307
f 1215/1457/1311 1213/1453/1307 1210/1451/1305 1218/1459/1313
f 1215/1457/1311 1217/1460/1314 1233/1461/1315 1216/1458/1312
f 1219/1462/1316 1217/1460/1314 1215/1457/1311 1218/1459/1313
f 1219/1462/1316 1218/1459/1313 1210/1451/1305 1221/1452/1306
f 1219/1462/1316 1220/1463/1317 1233/1461/1315 1217/1460/1314
f 1219/1462/1316 1221/1452/1306 1222/1464/1318 1220/1463/1317
f 1222/1464/1318 1221/1452/1306 1209/1448/1302 1223/1465/1319
f 1227/1430/1284 1224/1466/1320 1222/1464/1318 1223/1465/1319
f 1225/1467/1321 1220/1463/1317 1222/1464/1318 1224/1466/1320
f 1226/1425/1279 1228/1468/1322 1225/1467/1321 1224/1466/1320
f 1227/1430/1284 1188/1424/1278 1226/1425/1279 1224/1466/1320
f 1223/1465/1319 1199/1438/1292 1192/1431/1285 1227/1430/1284
f 1228/1468/1322 1226/1425/1279 1182/1415/1269 1180/1413/1267
f 1229/1469/1323 1231/1470/1324 1225/1467/1321 1228/1468/1322
f 1180/1413/1267 1178/1412/1266 1229/1469/1323 1228/1468/1322
f 1291/1414/1268 1230/1471/1325 1229/1469/1323 1178/1412/1266
f 1232/1472/1326 1231/1470/1324 1229/1469/1323 1230/1471/1325
f 1233/1461/1315 1220/1463/1317 1225/1467/1321 1231/1470/1324
f 1232/1472/1326 1216/1458/1312 1233/1461/1315 1231/1470/1324
f 1232/1472/1326 1234/1473/1327 1214/1456/1310 1216/1458/1312
f 1232/1472/1326 1230/1471/1325 1236/1474/1328 1234/1473/1327
f 1234/1473/1327 1236/1474/1328 1238/1475/1329 1235/1476/1330
f 1235/1476/1330 1292/1477/1331 1214/1456/1310 1234/1473/1327
f 1236/1474/1328 1230/1471/1325 1291/1414/1268 1237/1478/1332
f 1237/1478/1332 1239/1479/1333 1238/1475/1329 1236/1474/1328
f 1238/1475/1329 1239/1479/1333 1241/1249/1114 1033/1246/1111
f 1030/1244/1109 1235/1476/1330 1238/1475/1329 1033/1246/1111
f 1239/1479/1333 1240/1480/1334 1242/1481/1335 1241/1249/1114
f 1239/1479/1333 1237/1478/1332 1290/1409/1263 1240/1480/1334
f 1034/1250/1115 1241/1249/1114 1242/1481/1335 1243/1260/1125
f 1242/1481/1335 1240/1480/1334 1247/1482/1336 1244/1483/1337
f 1242/1481/1335 1244/1483/1337 1246/1484/1338 1243/1260/1125
f 1246/1484/1338 1244/1483/1337 1245/1485/1339 1270/1486/1340
f 1245/1485/1339 1244/1483/1337 1247/1482/1336 1248/1487/1341
f 1247/1482/1336 1240/1480/1334 1290/1409/1263 1174/1404/1258
f 1171/1403/1257 1248/1487/1341 1247/1482/1336 1174/1404/1258
f 1248/1487/1341 1171/1403/1257 1169/1402/1256 1249/1488/1342
f 1249/1488/1342 1250/1489/1343 1245/1485/1339 1248/1487/1341
f 1250/1489/1343 1249/1488/1342 1251/1490/1344 1252/1491/1345
f 1249/1488/1342 1169/1402/1256 1254/1401/1255 1251/1490/1344
f 1262/1492/1346 1252/1491/1345 1251/1490/1344 1253/1493/1347
f 1251/1490/1344 1254/1401/1255 1255/1494/1348 1253/1493/1347
f 1163/1392/1246 1161/1391/1245 1255/1494/1348 1254/1401/1255
f 1159/1390/1244 1256/1495/1349 1255/1494/1348 1161/1391/1245
f 1255/1494/1348 1256/1495/1349 1258/1496/1350 1253/1493/1347
f 1257/1497/1351 1259/1498/1352 1258/1496/1350 1256/1495/1349
f 1256/1495/1349 1159/1390/1244 1277/1389/1243 1257/1497/1351
f 1259/1498/1352 1261/1305/1170 1260/1499/1353 1258/1496/1350
f 1253/1493/1347 1258/1496/1350 1260/1499/1353 1262/1492/1346
f 1260/1499/1353 1261/1305/1170 1088/1302/1167 1086/1300/1165
f 1263/1301/1166 1262/1492/1346 1260/1499/1353 1086/1300/1165
f 1262/1492/1346 1263/1301/1166 1264/1500/1354 1252/1491/1345
f 1085/1297/1162 1266/1501/1355 1264/1500/1354 1263/1301/1166
f 1266/1501/1355 1267/1502/1356 1265/1503/1357 1264/1500/1354
f 1252/1491/1345 1264/1500/1354 1265/1503/1357 1250/1489/1343
f 1266/1501/1355 1055/1271/1136 1050/1265/1130 1267/1502/1356
f 1055/1271/1136 1266/1501/1355 1085/1297/1162 1083/1272/1137
f 1268/1504/1358 1270/1486/1340 1265/1503/1357 1267/1502/1356
f 1268/1504/1358 1267/1502/1356 1050/1265/1130 1048/1264/1129
f 1268/1504/1358 1048/1264/1129 1042/1258/1123 1269/1505/1359
f 1268/1504/1358 1269/1505/1359 1246/1484/1338 1270/1486/1340
f 1265/1503/1357 1270/1486/1340 1245/1485/1339 1250/1489/1343
f 1246/1484/1338 1269/1505/1359 1042/1258/1123 1243/1260/1125
f 1261/1305/1170 1259/1498/1352 1271/1506/1177 1091/1306/1171
f 1257/1497/1351 1273/1507/1360 1271/1506/1177 1259/1498/1352
f 1096/1508/1178 1271/1506/1177 1272/1509/1361 1288/1510/1362
f 1273/1507/1360 1274/1511/1363 1272/1509/1361 1271/1506/1177
f 1273/1507/1360 1275/1512/1364 1276/1513/1365 1274/1511/1363
f 1257/1497/1351 1277/1389/1243 1275/1512/1364 1273/1507/1360
f 1278/1386/1240 1279/1514/1366 1276/1513/1365 1275/1512/1364
f 1154/1384/1238 1278/1386/1240 1275/1512/1364 1277/1389/1243
f 1279/1514/1366 1278/1386/1240 1155/1381/1235 1152/1379/1234
f 1279/1514/1366 1152/1379/1234 1150/1380/1233 1280/1515/1367
f 1276/1513/1365 1279/1514/1366 1280/1515/1367 1281/1516/1368
f 1124/1344/1204 1280/1517/1367 1150/1378/1233 1126/1345/1205
f 1283/1343/1203 1281/1518/1368 1280/1517/1367 1124/1344/1204
f 1281/1518/1368 1283/1343/1203 1284/1519/1369 1282/1520/1370
f 1282/1521/1370 1274/1511/1363 1276/1513/1365 1281/1516/1368
f 1284/1519/1369 1283/1343/1203 1123/1342/1202 1285/1522/1371
f 1288/1523/1362 1282/1520/1370 1284/1519/1369 1286/1524/1372
f 1287/1326/1186 1286/1524/1372 1284/1519/1369 1285/1522/1371
f 1101/1322/1182 1099/1319/1179 1286/1524/1372 1287/1326/1186
f 1096/1317/1178 1288/1523/1362 1286/1524/1372 1099/1319/1179
f 1282/1520/1370 1288/1523/1362 1272/1525/1361 1274/1526/1363
f 1285/1522/1371 1289/1328/1188 1107/1325/1185 1287/1326/1186
f 1289/1328/1188 1285/1522/1371 1123/1342/1202 1117/1335/1195
f 1290/1409/1263 1237/1478/1332 1291/1414/1268 1173/1407/1261
f 1235/1476/1330 1030/1244/1109 1028/1241/1106 1292/1477/1331
f 1293/1527/1373 1212/1454/1308 1214/1456/1310 1292/1477/1331
f 1293/1527/1373 1292/1477/1331 1028/1241/1106 1025/1240/1105
f 1293/1527/1373 1025/1240/1105 1295/1242/1107 1294/1528/1374
f 1294/1528/1374 1297/1455/1309 1212/1454/1308 1293/1527/1373
f 1296/1529/1375 1294/1528/1374 1295/1242/1107 1324/1530/1376
f 1297/1455/1309 1294/1528/1374 1296/1529/1375 1298/1531/1377
f 1297/1455/1309 1298/1531/1377 1205/1445/1299 1207/1447/1301
f 1298/1531/1377 1299/1532/1378 1302/1446/1300 1205/1445/1299
f 1299/1532/1378 1298/1531/1377 1296/1529/1375 1300/1533/1379
f 1299/1532/1378 1300/1533/1379 1323/1534/1380 1301/1535/1381
f 1302/1446/1300 1299/1532/1378 1301/1535/1381 1303/1536/1382
f 1305/1537/1383 1204/1444/1298 1302/1446/1300 1303/1536/1382
f 1304/1538/1384 1303/1536/1382 1301/1535/1381 1313/1539/1385
f 1307/1540/1386 1305/1537/1383 1303/1536/1382 1304/1538/1384
f 1305/1537/1383 1306/1541/1387 1202/1439/1293 1204/1444/1298
f 1307/1540/1386 1308/1542/1388 1306/1541/1387 1305/1537/1383
f 1309/1543/1389 1310/1544/1390 1308/1542/1388 1307/1540/1386
f 1309/1543/1389 1307/1540/1386 1304/1538/1384 1311/1545/1391
f 1310/1544/1390 1309/1543/1389 635/760/675 1333/762/677
f 635/760/675 1309/1543/1389 1311/1545/1391 633/755/670
f 629/753/668 633/755/670 1311/1545/1391 1312/1546/1392
f 1312/1546/1392 1311/1545/1391 1304/1538/1384 1313/1539/1385
f 1313/1539/1385 1315/1547/1393 1314/1548/1394 1312/1546/1392
f 629/753/668 1312/1546/1392 1314/1548/1394 627/751/666
f 1314/1548/1394 1316/1549/1395 625/749/664 627/751/666
f 1318/1550/1396 1316/1549/1395 1314/1548/1394 1315/1547/1393
f 1316/1549/1395 1317/1551/1397 1331/750/665 625/749/664
f 1316/1549/1395 1318/1550/1396 1319/1552/1398 1317/1551/1397
f 1320/1553/1399 1321/1554/1400 1319/1552/1398 1318/1550/1396
f 1315/1547/1393 1323/1534/1380 1320/1553/1399 1318/1550/1396
f 1324/1530/1376 1321/1554/1400 1320/1553/1399 1322/1555/1401
f 1300/1533/1379 1322/1555/1401 1320/1553/1399 1323/1534/1380
f 1313/1539/1385 1301/1535/1381 1323/1534/1380 1315/1547/1393
f 1322/1555/1401 1300/1533/1379 1296/1529/1375 1324/1530/1376
f 1321/1554/1400 1324/1530/1376 1295/1242/1107 1325/1556/1402
f 1321/1554/1400 1325/1556/1402 1326/1557/1403 1319/1552/1398
f 1295/1242/1107 1026/1239/1104 1327/704/628 1325/1556/1402
f 1326/1557/1403 1325/1556/1402 1327/704/628 592/703/627
f 1327/704/628 1026/1239/1104 1023/1236/1101 591/702/626
f 1317/1551/1397 1319/1552/1398 1326/1557/1403 1328/1558/1404
f 594/705/629 1328/1558/1404 1326/1557/1403 592/703/627
f 1328/1558/1404 594/705/629 597/706/630 1329/1559/1405
f 1317/1551/1397 1328/1558/1404 1329/1559/1405 1331/750/665
f 621/743/659 1331/750/665 1329/1559/1405 1330/744/660
f 1330/744/660 1329/1559/1405 597/706/630 599/711/635
f 614/713/637 616/734/654 1330/744/660 599/711/635
f 1332/1560/1406 1466/1561/1407 1308/1542/1388 1310/1544/1390
f 1333/762/677 1334/1562/1408 1332/1560/1406 1310/1544/1390
f 1334/1562/1408 1333/762/677 636/761/676 1336/1563/1409
f 1335/1564/1410 1467/1565/1411 1332/1566/1406 1334/1567/1408
f 1336/1568/1409 1337/1569/1412 1335/1564/1410 1334/1567/1408
f 1337/1569/1412 1336/1568/1409 1338/1570/1413 1340/1571/1414
f 1338/1572/1413 1336/1573/1409 636/765/676 638/764/678
f 641/770/681 1339/802/711 1338/1572/1413 638/764/678
f 666/801/710 1340/1574/1414 1338/1572/1413 1339/802/711
f 1342/1575/1415 1337/1569/1412 1340/1571/1414 1341/1576/1416
f 668/800/709 1341/1577/1416 1340/1574/1414 666/801/710
f 1345/1578/1417 1342/1575/1415 1341/1576/1416 1343/1579/1418
f 670/805/714 1343/1579/1418 1341/1576/1416 668/806/709
f 1473/809/715 1344/1580/1419 1343/1579/1418 670/805/714
f 1347/1581/1420 1345/1578/1417 1343/1579/1418 1344/1580/1419
f 1345/1578/1417 1346/1582/1421 1469/1583/1422 1342/1575/1415
f 1347/1581/1420 1348/1584/1423 1346/1582/1421 1345/1578/1417
f 1349/1585/1424 1350/1586/1425 1348/1584/1423 1347/1581/1420
f 1349/1585/1424 1347/1581/1420 1344/1580/1419 1352/1587/1426
f 1351/1588/1427 1457/1589/1428 1350/1586/1425 1349/1585/1424
f 1351/1588/1427 1349/1585/1424 1352/1587/1426 1354/1590/1429
f 1353/1591/1430 1352/1587/1426 1344/1580/1419 1473/809/715
f 1355/1592/1431 1354/1590/1429 1352/1587/1426 1353/1591/1430
f 1358/1593/1432 1351/1588/1427 1354/1590/1429 1356/1594/1433
f 1357/1595/1434 1356/1594/1433 1354/1590/1429 1355/1592/1431
f 1356/1594/1433 1357/1595/1434 1361/1596/1435 1359/1597/1436
f 1359/1597/1436 1360/1598/1437 1358/1593/1432 1356/1594/1433
f 1360/1598/1437 1359/1597/1436 1362/1599/1438 1364/1600/1439
f 1362/1599/1438 1359/1597/1436 1361/1596/1435 1363/1601/1440
f 1368/1602/1441 1365/1603/1442 1362/1599/1438 1363/1601/1440
f 1366/1604/1443 1364/1600/1439 1362/1599/1438 1365/1603/1442
f 1367/1027/900 844/1026/899 1366/1604/1443 1365/1603/1442
f 1368/1602/1441 1369/1605/1444 1367/1027/900 1365/1603/1442
f 1369/1605/1444 1368/1602/1441 1370/1606/1445 1371/1607/1446
f 1363/1601/1440 1373/1608/1447 1370/1606/1445 1368/1602/1441
f 1407/1011/884 1371/1607/1446 1370/1606/1445 1372/1609/1448
f 1370/1606/1445 1373/1608/1447 1375/1610/1449 1372/1609/1448
f 1374/1611/1450 1376/1612/1451 1375/1610/1449 1373/1608/1447
f 1373/1608/1447 1363/1601/1440 1361/1596/1435 1374/1611/1450
f 1375/1610/1449 1376/1612/1451 1380/1613/1452 1377/1614/1453
f 1378/1615/1454 1372/1609/1448 1375/1610/1449 1377/1614/1453
f 1377/1614/1453 1379/1616/1455 1402/1617/1456 1378/1615/1454
f 1380/1613/1452 1381/1618/1457 1379/1616/1455 1377/1614/1453
f 1376/1612/1451 1403/827/729 681/828/730 1380/1613/1452
f 1381/1618/1457 1380/1613/1452 681/828/730 684/829/731
f 1382/840/742 1383/1619/1458 1379/1616/1455 1381/1618/1457
f 684/829/731 686/830/732 1382/840/742 1381/1618/1457
f 1385/1620/1459 1383/1619/1458 1382/840/742 692/839/741
f 1383/1619/1458 1384/1000/873 1402/1617/1456 1379/1616/1455
f 1383/1619/1458 1385/1620/1459 822/998/871 1384/1000/873
f 822/998/871 1385/1620/1459 1386/1621/1460 1387/1622/1461
f 1386/1621/1460 1385/1620/1459 692/839/741 694/841/743
f 697/843/745 1388/1623/1462 1386/1621/1460 694/841/743
f 1390/1624/1463 1387/1622/1461 1386/1621/1460 1388/1623/1462
f 699/847/749 1389/1625/1464 1388/1623/1462 697/843/745
f 1391/1626/1465 1390/1624/1463 1388/1623/1462 1389/1625/1464
f 1390/1624/1463 1391/1626/1465 1393/1627/1466 1392/1628/1467
f 1387/1622/1461 1390/1624/1463 1392/1628/1467 1396/1629/1468
f 1394/1630/1469 1392/1628/1467 1393/1627/1466 1400/1631/1470
f 1398/1632/1471 1395/1633/1472 1392/1628/1467 1394/1630/1469
f 1397/1634/1473 1396/1629/1468 1392/1628/1467 1395/1633/1472
f 1396/1629/1468 1397/1634/1473 817/992/865 820/995/868
f 1396/1629/1468 820/995/868 822/998/871 1387/1622/1461
f 802/976/849 806/978/851 1397/1634/1473 1395/1633/1472
f 806/978/851 809/983/856 817/992/865 1397/1634/1473
f 1395/1633/1472 1398/1632/1471 1399/977/850 802/976/849
f 1394/1630/1469 719/881/775 722/880/774 1398/1632/1471
f 1399/977/850 1398/1632/1471 722/880/774 724/884/778
f 728/886/780 803/975/848 1399/977/850 724/884/778
f 719/881/775 1394/1630/1469 1400/1631/1470 1401/882/776
f 1401/882/776 1400/1631/1470 1393/1627/1466 1391/1626/1465
f 1401/882/776 1391/1626/1465 1389/1625/1464 720/878/772
f 717/849/751 720/878/772 1389/1625/1464 699/847/749
f 1384/1000/873 823/999/872 830/1007/880 1402/1617/1456
f 1378/1615/1454 1402/1617/1456 830/1007/880 833/1010/883
f 833/1010/883 1407/1011/884 1372/1609/1448 1378/1615/1454
f 1376/1612/1451 1374/1611/1450 1404/1635/1474 1403/827/729
f 1403/827/729 1404/1635/1474 1405/1636/1475 682/824/726
f 1361/1596/1435 1357/1595/1434 1404/1635/1474 1374/1611/1450
f 1357/1595/1434 1355/1592/1431 1405/1636/1475 1404/1635/1474
f 1355/1592/1431 1353/1591/1430 1406/817/721 1405/1636/1475
f 682/824/726 1405/1636/1475 1406/817/721 675/816/720
f 1353/1591/1430 1473/809/715 671/810/716 1406/817/721
f 1407/1011/884 832/1012/885 1408/1018/891 1371/1607/1446
f 1369/1605/1444 1371/1607/1446 1408/1018/891 837/1017/890
f 1369/1605/1444 837/1017/890 839/1019/892 1367/1027/900
f 846/1028/901 1409/1637/1476 1366/1604/1443 844/1026/899
f 1411/1638/1477 1364/1600/1439 1366/1604/1443 1409/1637/1476
f 1410/1639/1478 1409/1637/1476 846/1028/901 848/1030/903
f 1409/1637/1476 1410/1639/1478 1413/1640/1479 1411/1638/1477
f 1413/1640/1479 1415/1641/1480 1412/1642/1481 1411/1638/1477
f 1364/1600/1439 1411/1638/1477 1412/1642/1481 1360/1598/1437
f 1471/1643/1482 1414/1644/1483 1413/1640/1479 1410/1639/1478
f 1417/1645/1484 1415/1641/1480 1413/1640/1479 1414/1644/1483
f 1416/1646/1485 1458/1647/1486 1412/1642/1481 1415/1641/1480
f 1415/1641/1480 1417/1645/1484 1419/1648/1487 1416/1646/1485
f 1414/1644/1483 1470/1361/1221 1418/1649/1488 1417/1645/1484
f 1418/1649/1488 1421/1650/1489 1419/1648/1487 1417/1645/1484
f 1422/1651/1490 1420/1652/1491 1419/1648/1487 1421/1650/1489
f 1419/1648/1487 1420/1652/1491 1456/1653/1492 1416/1646/1485
f 1421/1650/1489 1423/1654/1493 1426/1655/1494 1422/1651/1490
f 1423/1654/1493 1421/1650/1489 1418/1649/1488 1425/1656/1495
f 1425/1656/1495 1445/1657/1496 1424/1658/1497 1423/1654/1493
f 1424/1658/1497 1428/1659/1498 1426/1655/1494 1423/1654/1493
f 1429/1660/1499 1427/1661/1500 1426/1655/1494 1428/1659/1498
f 1426/1655/1494 1427/1661/1500 1452/1662/1501 1422/1651/1490
f 1428/1659/1498 1430/1663/1502 1432/1664/1282 1429/1660/1499
f 1430/1663/1502 1428/1659/1498 1424/1658/1497 1431/1665/1503
f 1431/1666/1503 1434/1667/1504 1433/1422/1276 1430/1668/1502
f 1432/1428/1282 1430/1668/1502 1433/1422/1276 1186/1421/1275
f 1433/1422/1276 1434/1667/1504 1436/1669/1505 1185/1420/1274
f 1434/1667/1504 1431/1666/1503 1444/1670/1506 1435/1671/1507
f 1435/1671/1507 1437/1672/1508 1436/1669/1505 1434/1667/1504
f 1183/1417/1271 1185/1420/1274 1436/1669/1505 1438/1673/1509
f 1436/1669/1505 1437/1672/1508 1439/1674/1510 1438/1673/1509
f 1440/1399/1253 1438/1673/1509 1439/1674/1510 1166/1397/1251
f 1438/1673/1509 1440/1399/1253 1176/1410/1264 1183/1417/1271
f 1443/1367/1227 1441/1675/1511 1439/1674/1510 1437/1672/1508
f 1439/1674/1510 1441/1675/1511 1164/1394/1248 1166/1397/1251
f 1442/1374/1231 1157/1387/1241 1164/1394/1248 1441/1675/1511
f 1441/1675/1511 1443/1367/1227 1145/1366/1226 1442/1374/1231
f 1437/1672/1508 1435/1671/1507 1144/1368/1225 1443/1367/1227
f 1144/1368/1225 1435/1671/1507 1444/1670/1506 1142/1676/1222
f 1444/1677/1506 1431/1665/1503 1424/1658/1497 1445/1657/1496
f 1140/1359/1219 1142/1362/1222 1444/1677/1506 1445/1657/1496
f 1445/1657/1496 1425/1656/1495 1137/1360/1220 1140/1359/1219
f 1446/1678/1289 1429/1660/1499 1432/1664/1282 1190/1679/1281
f 1447/1680/1512 1427/1661/1500 1429/1660/1499 1446/1678/1289
f 1446/1678/1289 1194/1681/1288 1448/1682/1513 1447/1680/1512
f 1449/1683/1514 1447/1680/1512 1448/1682/1513 1450/1684/1515
f 1447/1680/1512 1449/1683/1514 1452/1662/1501 1427/1661/1500
f 1449/1683/1514 1450/1684/1515 1461/1685/1516 1451/1686/1517
f 1452/1662/1501 1449/1683/1514 1451/1686/1517 1453/1687/1518
f 1420/1652/1491 1422/1651/1490 1452/1662/1501 1453/1687/1518
f 1454/1688/1519 1453/1687/1518 1451/1686/1517 1455/1689/1520
f 1453/1687/1518 1454/1688/1519 1456/1653/1492 1420/1652/1491
f 1454/1688/1519 1455/1689/1520 1348/1584/1423 1350/1586/1425
f 1456/1653/1492 1454/1688/1519 1350/1586/1425 1457/1589/1428
f 1458/1647/1486 1416/1646/1485 1456/1653/1492 1457/1589/1428
f 1457/1589/1428 1351/1588/1427 1358/1593/1432 1458/1647/1486
f 1412/1642/1481 1458/1647/1486 1358/1593/1432 1360/1598/1437
f 1455/1689/1520 1459/1690/1521 1346/1582/1421 1348/1584/1423
f 1455/1689/1520 1451/1686/1517 1461/1685/1516 1459/1690/1521
f 1459/1690/1521 1460/1691/1522 1469/1583/1422 1346/1582/1421
f 1459/1690/1521 1461/1685/1516 1462/1692/1523 1460/1691/1522
f 1450/1684/1515 1463/1693/1524 1462/1692/1523 1461/1685/1516
f 1462/1692/1523 1463/1693/1524 1465/1694/1525 1464/1695/1526
f 1467/1565/1411 1460/1691/1522 1462/1692/1523 1464/1695/1526
f 1466/1696/1407 1464/1695/1526 1465/1694/1525 1468/1697/1527
f 1464/1695/1526 1466/1696/1407 1332/1566/1406 1467/1565/1411
f 1460/1691/1522 1467/1565/1411 1335/1564/1410 1469/1583/1422
f 1466/1561/1407 1468/1698/1527 1306/1541/1387 1308/1542/1388
f 1198/1437/1291 1468/1698/1527 1465/1699/1525 1196/1433/1287
f 1468/1698/1527 1198/1437/1291 1202/1439/1293 1306/1541/1387
f 1465/1694/1525 1463/1693/1524 1194/1681/1288 1196/1700/1287
f 1463/1693/1524 1450/1684/1515 1448/1682/1513 1194/1681/1288
f 1342/1575/1415 1469/1583/1422 1335/1564/1410 1337/1569/1412
f 1137/1360/1220 1425/1656/1495 1418/1649/1488 1470/1361/1221
f 1470/1361/1221 1414/1644/1483 1471/1643/1482 1138/1358/1218
f 848/1030/903 1472/1032/905 1471/1643/1482 1410/1639/1478
f 1135/1355/1215 1138/1358/1218 1471/1643/1482 1472/1032/905
f 849/1033/906 1133/1354/1214 1135/1355/1215 1472/1032/905
f 1339/802/711 641/770/681 658/771/682 660/792/701
f 1199/1438/1292 1223/1465/1319 1209/1448/1302 1201/1441/1295
f 1133/1354/1214 849/1033/906 851/1034/907 1474/1339/1199
f 1114/1333/1193 1474/1339/1199 851/1034/907 853/1036/909
f 931/1137/1002 1476/1701/1528 1475/1284/1149 929/1135/1000
f 1477/1702/1529 1064/1283/1148 1475/1284/1149 1476/1701/1528
f 989/1196/1061 1476/1701/1528 931/1137/1002 933/1139/1004
f 1478/1703/1530 1477/1702/1529 1476/1701/1528 989/1196/1061
f 1478/1703/1530 1480/1255/1120 1479/1277/1142 1477/1702/1529
f 1064/1283/1148 1477/1702/1529 1479/1277/1142 1058/1275/1140
f 1036/1253/1118 1041/1254/1119 1479/1277/1142 1480/1255/1120
f 1044/1256/1121 1053/1268/1133 1479/1277/1142 1041/1254/1119
f 1478/1703/1530 993/1199/1064 997/1202/1067 1480/1255/1120
f 993/1199/1064 1478/1703/1530 989/1196/1061 991/1197/1062
f 589/698/622 591/702/626 1023/1236/1101 1021/1234/1099
f 1021/1234/1099 1481/1235/1100 586/696/620 589/698/622
f 1481/1235/1100 1017/1230/1095 1484/1704/1531 1482/1705/1532
f 1481/1235/1100 1482/1705/1532 584/694/618 586/696/620
f 1482/1705/1532 1483/1706/1533 1537/695/619 584/694/618
f 1483/1706/1533 1482/1705/1532 1484/1704/1531 1485/1707/1534
f 1486/1232/1097 1485/1707/1534 1484/1704/1531 1017/1230/1095
f 1483/1706/1533 1485/1707/1534 1487/1708/1535 1488/1709/1536
f 1486/1232/1097 1489/1710/1537 1487/1708/1535 1485/1707/1534
f 1487/1708/1535 1490/1711/1538 1492/1712/1539 1488/1709/1536
f 1493/1713/1540 1490/1711/1538 1487/1708/1535 1489/1710/1537
f 1491/1714/1541 1490/1711/1538 1493/1713/1540 1494/1715/1542
f 1491/1714/1541 1538/1716/1543 1492/1712/1539 1490/1711/1538
f 1496/1717/1544 1494/1715/1542 1493/1713/1540 1495/1718/1545
f 1497/1719/1546 1495/1718/1545 1493/1713/1540 1489/1710/1537
f 1495/1718/1545 1498/1720/1547 1501/1721/1548 1496/1717/1544
f 1498/1720/1547 1495/1718/1545 1497/1719/1546 1499/1225/1090
f 1498/1720/1547 1499/1225/1090 1007/1217/1082 1500/1219/1084
f 1498/1720/1547 1500/1219/1084 1502/1722/1549 1501/1721/1548
f 1504/1723/1550 1496/1717/1544 1501/1721/1548 1503/1724/1551
f 1503/1724/1551 1501/1721/1548 1502/1722/1549 1506/1725/1552
f 1519/1726/1553 1504/1723/1550 1503/1724/1551 1505/1727/1554
f 1507/1728/1555 1505/1727/1554 1503/1724/1551 1506/1725/1552
f 1506/1725/1552 1508/1729/1556 1511/1186/1051 1507/1728/1555
f 1506/1725/1552 1502/1722/1549 1510/1730/1557 1508/1729/1556
f 1509/1731/1558 1508/1729/1556 1510/1730/1557 1512/1732/1559
f 1509/1731/1558 979/1187/1052 1511/1186/1051 1508/1729/1556
f 1515/1733/1560 1507/1728/1555 1511/1186/1051 978/1185/1050
f 1500/1219/1084 1008/1216/1081 1510/1730/1557 1502/1722/1549
f 1510/1730/1557 1008/1216/1081 1005/1211/1076 1512/1732/1559
f 1509/1731/1558 1512/1732/1559 1513/1207/1072 1514/1195/1060
f 1513/1207/1072 1512/1732/1559 1005/1211/1076 999/1208/1073
f 987/1194/1059 1514/1195/1060 1513/1207/1072 994/1200/1065
f 979/1187/1052 1509/1731/1558 1514/1195/1060 981/1188/1053
f 1515/1733/1560 1517/1734/1561 1505/1727/1554 1507/1728/1555
f 978/1185/1050 971/1178/1043 1516/1180/1045 1515/1733/1560
f 1517/1734/1561 1515/1733/1560 1516/1180/1045 972/1175/1040
f 968/1173/1038 1518/1735/1562 1517/1734/1561 972/1175/1040
f 1518/1735/1562 1519/1726/1553 1505/1727/1554 1517/1734/1561
f 1518/1735/1562 968/1173/1038 966/1171/1036 1520/1736/1563
f 1518/1735/1562 1520/1736/1563 1522/1737/1564 1519/1726/1553
f 1520/1736/1563 1521/1738/1565 1524/1739/1566 1522/1737/1564
f 1521/1738/1565 1520/1736/1563 966/1171/1036 1540/1740/1567
f 1519/1726/1553 1522/1737/1564 1523/1741/1568 1504/1723/1550
f 1524/1739/1566 1525/1742/1569 1523/1741/1568 1522/1737/1564
f 1524/1739/1566 1521/1738/1565 552/656/580 554/658/582
f 1525/1742/1569 1524/1739/1566 554/658/582 1527/660/584
f 1526/1743/1570 1539/1744/1571 1523/1741/1568 1525/1742/1569
f 1526/1743/1570 1525/1742/1569 1527/660/584 1528/1745/1572
f 1530/663/587 1528/1745/1572 1527/660/584 555/659/583
f 1538/1716/1543 1526/1743/1570 1528/1745/1572 1529/1746/1573
f 1531/1747/1574 1529/1746/1573 1528/1745/1572 1530/663/587
f 1531/1747/1574 1530/663/587 558/664/588 1533/669/593
f 1532/1748/1575 1534/1749/1576 1529/1746/1573 1531/1747/1574
f 1532/1748/1575 1531/1747/1574 1533/669/593 571/680/604
f 1534/1749/1576 1532/1748/1575 1535/1750/1577 1536/1751/1578
f 1535/1750/1577 1532/1748/1575 571/680/604 573/681/605
f 575/683/607 583/693/617 1535/1750/1577 573/681/605
f 1537/695/619 1536/1751/1578 1535/1750/1577 583/693/617
f 1536/1751/1578 1488/1709/1536 1492/1712/1539 1534/1749/1576
f 1488/1709/1536 1536/1751/1578 1537/695/619 1483/1706/1533
f 1492/1712/1539 1538/1716/1543 1529/1746/1573 1534/1749/1576
f 1538/1716/1543 1491/1714/1541 1539/1744/1571 1526/1743/1570
f 1491/1714/1541 1494/1715/1542 1523/1741/1568 1539/1744/1571
f 1496/1717/1544 1504/1723/1550 1523/1741/1568 1494/1715/1542
f 1521/1738/1565 1540/1740/1567 550/652/578 552/656/580
f 1541/1752/1579 1540/1740/1567 966/1171/1036 964/1169/1034
f 1540/1740/1567 1541/1752/1579 548/653/576 550/652/578
f 548/653/576 1541/1752/1579 1542/1753/1580 545/1754/573
f 964/1169/1034 1543/1170/1035 1542/1753/1580 1541/1752/1579
f 545/647/573 1542/1755/1580 1544/1756/1581 543/645/571
f 1543/1170/1035 1545/1757/1582 1544/1758/1581 1542/1753/1580
f 1544/1758/1581 1545/1757/1582 1548/1759/1583 1546/1760/1584
f 541/644/570 543/645/571 1544/1756/1581 1546/1761/1584
f 1546/1761/1584 1547/1762/1585 539/642/568 541/644/570
f 1546/1761/1584 1548/1763/1583 1549/622/549 1547/1762/1585
f 1550/1764/1586 521/1765/548 1549/1766/549 1548/1759/1583
f 1552/1767/1587 1550/1764/1586 1548/1759/1583 1545/1757/1582
f 521/1765/548 1550/1764/1586 1551/1768/1588 518/613/543
f 1552/1767/1587 1553/1769/1589 1551/1768/1588 1550/1764/1586
f 1553/1769/1589 1552/1767/1587 960/1163/1028 958/1162/1027
f 1545/1757/1582 1543/1170/1035 960/1163/1028 1552/1767/1587
f 1553/1769/1589 958/1162/1027 956/615/545 515/614/544
f 515/614/544 518/613/543 1551/1768/1588 1553/1769/1589
f 527/629/555 1547/1762/1585 1549/622/549 520/623/550
f 1547/1762/1585 527/629/555 537/630/556 539/642/568
f 1012/1223/1088 1499/1225/1090 1497/1719/1546 1018/1228/1093
f 1486/1232/1097 1018/1228/1093 1497/1719/1546 1489/1710/1537
f 969/1174/1039 1554/1151/1016 943/1150/1015 962/1167/1032
f 280/377/329 926/1131/996 924/1126/991 277/369/324
f 273/363/319 277/369/324 924/1126/991 917/1121/986
f 266/353/312 911/355/314 909/1110/978 1555/1770/1590
f 909/1110/978 907/1107/977 1556/1771/1591 1555/1770/1590
f 1557/1772/1592 1555/1770/1590 1556/1771/1591 1558/1773/1593
f 1555/1770/1590 1557/1772/1592 264/351/310 266/353/312
f 1558/1773/1593 1561/1774/1594 1559/1775/1595 1557/1772/1592
f 264/351/310 1557/1772/1592 1559/1775/1595 262/350/309
f 1718/339/298 262/350/309 1559/1775/1595 1560/1776/1596
f 1559/1775/1595 1561/1774/1594 1563/1777/1597 1560/1776/1596
f 1562/1778/1598 1564/1779/1599 1563/1777/1597 1561/1774/1594
f 1561/1774/1594 1558/1773/1593 1662/1780/1600 1562/1778/1598
f 1563/1777/1597 1564/1779/1599 1566/1781/1601 1565/1782/1602
f 1568/1783/1603 1560/1776/1596 1563/1777/1597 1565/1782/1602
f 1567/1784/1604 1565/1782/1602 1566/1781/1601 1652/1785/1605
f 1565/1782/1602 1567/1784/1604 1569/1786/1606 1568/1783/1603
f 1560/1776/1596 1568/1783/1603 253/338/297 1718/339/298
f 1568/1783/1603 1569/1786/1606 250/335/294 253/338/297
f 1570/1787/1607 248/333/292 250/335/294 1569/1786/1606
f 1567/1784/1604 1572/1788/1608 1570/1787/1607 1569/1786/1606
f 1591/334/293 248/333/292 1570/1787/1607 1571/1789/1609
f 1574/1790/1610 1571/1789/1609 1570/1787/1607 1572/1788/1608
f 1652/1785/1605 1573/1791/1611 1572/1788/1608 1567/1784/1604
f 1573/1791/1611 1576/1792/1612 1574/1790/1610 1572/1788/1608
f 1587/1793/1613 1571/1789/1609 1574/1790/1610 1575/1794/1614
f 1578/1795/1615 1575/1794/1614 1574/1790/1610 1576/1792/1612
f 1577/1796/1616 1579/1797/1617 1578/1795/1615 1576/1792/1612
f 1576/1792/1612 1573/1791/1611 1650/1798/1618 1577/1796/1616
f 1581/1799/1619 1580/1800/1620 1578/1795/1615 1579/1797/1617
f 1583/1801/1621 1575/1794/1614 1578/1795/1615 1580/1800/1620
f 1581/1799/1619 1611/1802/1622 1582/1803/1623 1580/1800/1620
f 1583/1801/1621 1580/1800/1620 1582/1803/1623 1584/1804/1624
f 1583/1801/1621 1584/1804/1624 1586/1805/1625 1585/1806/1626
f 1575/1794/1614 1583/1801/1621 1585/1806/1626 1587/1793/1613
f 1585/1806/1626 1586/1805/1625 1589/1807/1627 1588/1808/1628
f 1590/1809/1629 1587/1793/1613 1585/1806/1626 1588/1808/1628
f 238/321/280 240/323/282 1590/1809/1629 1588/1808/1628
f 1588/1808/1628 1589/1807/1627 1593/322/281 238/321/280
f 1571/1789/1609 1587/1793/1613 1590/1809/1629 1591/334/293
f 243/326/285 1591/334/293 1590/1809/1629 240/323/282
f 1603/1810/1630 1592/1811/1631 1589/1807/1627 1586/1805/1625
f 1592/1811/1631 1594/1812/1632 1593/322/281 1589/1807/1627
f 1594/1812/1632 1595/317/276 234/316/275 1593/322/281
f 1595/317/276 1594/1812/1632 1596/1813/1633 1597/1814/1634
f 1592/1811/1631 1598/1815/1635 1596/1813/1633 1594/1812/1632
f 1599/1816/1636 1597/1814/1634 1596/1813/1633 1598/1815/1635
f 1599/1816/1636 1598/1815/1635 1600/1817/1637 1602/1818/1638
f 1598/1815/1635 1592/1811/1631 1603/1810/1630 1600/1817/1637
f 1601/1819/1639 1600/1817/1637 1603/1810/1630 1604/1820/1640
f 1601/1819/1639 1605/1821/1641 1602/1818/1638 1600/1817/1637
f 1584/1804/1624 1604/1820/1640 1603/1810/1630 1586/1805/1625
f 1604/1820/1640 1584/1804/1624 1582/1803/1623 1601/1819/1639
f 1609/1822/1642 1607/1823/1643 1602/1818/1638 1605/1821/1641
f 1704/1824/1644 1599/1816/1636 1602/1818/1638 1606/1825/1645
f 1608/1826/1646 1606/1825/1645 1602/1818/1638 1607/1823/1643
f 1608/1826/1646 1607/1823/1643 808/981/854 805/980/853
f 1607/1823/1643 1609/1822/1642 811/984/857 808/981/854
f 1605/1821/1641 1611/1802/1622 1610/1827/1647 1609/1822/1642
f 811/984/857 1609/1822/1642 1610/1827/1647 1613/988/861
f 1611/1802/1622 1581/1799/1619 1612/1828/1648 1610/1827/1647
f 1613/988/861 1610/1827/1647 1612/1828/1648 1614/1829/1649
f 1614/1829/1649 1616/1830/1650 812/987/860 1613/988/861
f 1615/1831/1651 1614/1829/1649 1612/1828/1648 1678/1832/1652
f 1615/1831/1651 1618/1833/1653 1616/1830/1650 1614/1829/1649
f 1620/1834/1654 1617/1835/1655 1616/1830/1650 1618/1833/1653
f 1617/1835/1655 814/989/862 812/987/860 1616/1830/1650
f 1679/1836/1656 1619/1837/1657 1618/1833/1653 1615/1831/1651
f 1622/1838/1658 1620/1834/1654 1618/1833/1653 1619/1837/1657
f 1620/1834/1654 1621/1839/1659 1688/1840/1660 1617/1835/1655
f 1621/1839/1659 1620/1834/1654 1622/1838/1658 1624/1841/1661
f 1622/1838/1658 1619/1837/1657 1640/1842/1662 1623/1843/1663
f 1622/1838/1658 1623/1843/1663 1626/1844/1664 1624/1841/1661
f 1624/1841/1661 1625/1003/876 819/993/866 1621/1839/1659
f 1625/1003/876 1624/1841/1661 1626/1844/1664 1627/1845/1665
f 1623/1843/1663 1629/1846/1666 1628/1847/1667 1626/1844/1664
f 1626/1844/1664 1628/1847/1667 1630/1848/1668 1627/1845/1665
f 1628/1847/1667 1629/1846/1666 1634/1849/1669 1631/1850/1670
f 1631/1850/1670 1632/1851/1671 1630/1848/1668 1628/1847/1667
f 1631/1850/1670 1633/1852/1672 1680/1059/932 1632/1851/1671
f 1634/1849/1669 1635/1853/1673 1633/1852/1672 1631/1850/1670
f 1636/1854/1674 1637/1855/1675 1635/1853/1673 1634/1849/1669
f 1629/1846/1666 1639/1856/1676 1636/1854/1674 1634/1849/1669
f 1638/1857/1677 1672/1858/1678 1637/1855/1675 1636/1854/1674
f 1639/1856/1676 1641/1859/1679 1638/1857/1677 1636/1854/1674
f 1629/1846/1666 1623/1843/1663 1640/1842/1662 1639/1856/1676
f 1639/1856/1676 1640/1842/1662 1643/1860/1680 1641/1859/1679
f 1641/1859/1679 1642/1861/1681 1673/1862/1682 1638/1857/1677
f 1642/1861/1681 1641/1859/1679 1643/1860/1680 1644/1863/1683
f 1645/1864/1684 1644/1863/1683 1643/1860/1680 1640/1842/1662
f 1642/1861/1681 1644/1863/1683 1646/1865/1685 1648/1866/1686
f 1645/1864/1684 1647/1867/1687 1646/1865/1685 1644/1863/1683
f 1646/1865/1685 1647/1867/1687 1650/1798/1618 1648/1866/1686
f 1642/1861/1681 1648/1866/1686 1649/1868/1688 1673/1862/1682
f 1650/1798/1618 1651/1869/1689 1649/1868/1688 1648/1866/1686
f 1652/1785/1605 1651/1869/1689 1650/1798/1618 1573/1791/1611
f 1677/1870/1690 1577/1796/1616 1650/1798/1618 1647/1867/1687
f 1652/1785/1605 1566/1781/1601 1653/1871/1691 1651/1869/1689
f 1651/1869/1689 1653/1871/1691 1654/1872/1692 1649/1868/1688
f 1655/1873/1693 1656/1874/1694 1654/1872/1692 1653/1871/1691
f 1564/1779/1599 1655/1873/1693 1653/1871/1691 1566/1781/1601
f 1655/1873/1693 1657/1875/1695 1658/1876/1696 1656/1874/1694
f 1564/1779/1599 1562/1778/1598 1657/1875/1695 1655/1873/1693
f 1659/1877/1697 1660/1878/1698 1658/1876/1696 1657/1875/1695
f 1662/1780/1600 1659/1877/1697 1657/1875/1695 1562/1778/1598
f 1659/1877/1697 1661/1879/1699 1665/1880/1700 1660/1878/1698
f 1661/1879/1699 1659/1877/1697 1662/1780/1600 1663/1881/1701
f 1556/1771/1591 1663/1881/1701 1662/1780/1600 1558/1773/1593
f 1664/1106/976 1663/1881/1701 1556/1771/1591 907/1107/977
f 1663/1882/1701 1664/1883/976 891/1085/955 1661/1884/1699
f 901/1099/969 894/1086/958 891/1085/955 1664/1883/976
f 891/1082/955 889/1083/956 1665/1880/1700 1661/1879/1699
f 1666/1084/957 1660/1878/1698 1665/1880/1700 889/1083/956
f 1660/1878/1698 1666/1084/957 1667/1885/1702 1658/1876/1696
f 1667/1885/1702 1666/1084/957 885/1077/950 1668/1076/949
f 1670/1886/1703 1669/1887/1704 1667/1885/1702 1668/1076/949
f 1656/1874/1694 1658/1876/1696 1667/1885/1702 1669/1887/1704
f 1669/1887/1704 1670/1886/1703 1672/1858/1678 1671/1888/1705
f 1656/1874/1694 1669/1887/1704 1671/1888/1705 1654/1872/1692
f 1673/1862/1682 1671/1888/1705 1672/1858/1678 1638/1857/1677
f 1649/1868/1688 1654/1872/1692 1671/1888/1705 1673/1862/1682
f 1670/1886/1703 1674/1889/1706 1637/1855/1675 1672/1858/1678
f 884/1075/948 1674/1889/1706 1670/1886/1703 1668/1076/949
f 1674/1889/1706 1675/1890/1707 1635/1853/1673 1637/1855/1675
f 1674/1889/1706 884/1075/948 882/1072/945 1675/1890/1707
f 1675/1890/1707 1676/1064/937 1633/1852/1672 1635/1853/1673
f 1675/1890/1707 882/1072/945 875/1065/938 1676/1064/937
f 1676/1064/937 871/1058/931 1680/1059/932 1633/1852/1672
f 1647/1867/1687 1645/1864/1684 1679/1836/1656 1677/1870/1690
f 1677/1870/1690 1678/1832/1652 1579/1797/1617 1577/1796/1616
f 1677/1870/1690 1679/1836/1656 1615/1831/1651 1678/1832/1652
f 1679/1836/1656 1645/1864/1684 1640/1842/1662 1619/1837/1657
f 1612/1828/1648 1581/1799/1619 1579/1797/1617 1678/1832/1652
f 1632/1851/1671 1680/1059/932 867/1053/926 1681/1052/925
f 1681/1052/925 1682/1891/1708 1630/1848/1668 1632/1851/1671
f 866/1051/924 1683/1892/1709 1682/1891/1708 1681/1052/925
f 1683/1892/1709 1627/1845/1665 1630/1848/1668 1682/1891/1708
f 1684/1044/917 1685/1893/1710 1627/1845/1665 1683/1892/1709
f 1683/1892/1709 866/1051/924 859/1045/918 1684/1044/917
f 1685/1893/1710 1684/1044/917 860/1041/914 1686/1894/1711
f 825/1002/875 1625/1003/876 1627/1845/1665 1685/1893/1710
f 825/1002/875 1685/1893/1710 1686/1894/1711 827/1004/877
f 829/1006/879 827/1004/877 1686/1894/1711 1687/1014/887
f 1687/1014/887 1686/1894/1711 860/1041/914 857/1040/913
f 1687/1014/887 857/1040/913 842/1020/893 835/1015/888
f 819/993/866 816/990/863 1688/1840/1660 1621/1839/1659
f 814/989/862 1617/1835/1655 1688/1840/1660 816/990/863
f 1605/1821/1641 1601/1819/1639 1582/1803/1623 1611/1802/1622
f 1691/1895/1712 1606/1825/1645 1608/1826/1646 1689/1896/1713
f 1689/1896/1713 1608/1826/1646 805/980/853 1690/979/852
f 1689/1896/1713 1690/979/852 1694/1897/1714 1692/1898/1715
f 1695/1899/1716 1691/1895/1712 1689/1896/1713 1692/1898/1715
f 1695/1899/1716 1692/1898/1715 1693/972/845 1696/1900/1717
f 1693/972/845 1692/1898/1715 1694/1897/1714 797/971/844
f 1696/1900/1717 1698/1901/1718 1697/1902/1719 1695/1899/1716
f 1691/1895/1712 1695/1899/1716 1697/1902/1719 1699/1903/1720
f 1701/1904/1721 1700/1905/1722 1697/1902/1719 1698/1901/1718
f 1702/1906/1723 1699/1903/1720 1697/1902/1719 1700/1905/1722
f 1700/1905/1722 1701/1904/1721 1706/311/270 229/310/269
f 1702/1906/1723 1700/1905/1722 229/310/269 231/312/271
f 1703/1907/1724 1702/1906/1723 231/312/271 233/314/273
f 1699/1903/1720 1702/1906/1723 1703/1907/1724 1704/1824/1644
f 1595/317/276 1597/1814/1634 1703/1907/1724 233/314/273
f 1599/1816/1636 1704/1824/1644 1703/1907/1724 1597/1814/1634
f 1691/1895/1712 1699/1903/1720 1704/1824/1644 1606/1825/1645
f 1701/1904/1721 1705/1908/1725 1717/295/256 1706/311/270
f 1705/1908/1725 1701/1904/1721 1707/1909/1726 1708/1910/1727
f 1709/1911/1728 1707/1909/1726 1701/1904/1721 1698/1901/1718
f 1708/1910/1727 1707/1909/1726 1709/1911/1728 1710/1912/1729
f 1712/961/834 1710/1912/1729 1709/1911/1728 1711/1913/1730
f 1696/1900/1717 1711/1913/1730 1709/1911/1728 1698/1901/1718
f 1711/1913/1730 798/969/842 790/962/835 1712/961/834
f 1696/1900/1717 1693/972/845 798/969/842 1711/1913/1730
f 1710/1912/1729 1712/961/834 789/958/831 1713/1914/1731
f 1708/1910/1727 1710/1912/1729 1713/1914/1731 1714/1915/1732
f 206/274/239 1714/1915/1732 1713/1914/1731 1715/275/240
f 1715/275/240 1713/1914/1731 789/958/831 786/957/830
f 786/957/830 784/269/234 202/268/233 1715/275/240
f 208/276/241 1716/284/249 1714/1915/1732 206/274/239
f 1705/1908/1725 1708/1910/1727 1714/1915/1732 1716/284/249
f 1717/295/256 1705/1908/1725 1716/284/249 213/283/248
f 224/303/262 1706/311/270 1717/295/256 217/294/255
f 800/970/843 797/971/844 1694/1897/1714 1690/979/852
f 803/975/848 728/886/780 793/890/784 795/966/839
f 727/889/783 1720/1916/1733 1719/965/838 793/890/784
f 792/964/837 1719/965/838 1720/1916/1733
f 727/889/783 731/888/782 792/964/837 1720/1916/1733
f 787/955/828 731/888/782 1721/896/788 781/951/826
f 1723/1917/1734 1722/1918/1735 1721/1919/788 730/892/786
f 1724/1920/1736 733/946/785 1721/896/788 1722/1921/1735
f 1722/1918/1735 1723/1917/1734 1727/1922/1737 1725/1923/1738
f 1722/1918/1735 1725/1923/1738 1728/1924/1739 1724/1925/1736
f 1728/1924/1739 1725/1923/1738 1726/1926/1740 1729/1927/1741
f 1727/1922/1737 1730/1928/1742 1726/1926/1740 1725/1923/1738
f 1730/1928/1742 1727/1922/1737 1728/1929/1739 1729/1930/1741
f 1723/1917/1734 1724/1931/1736 1728/1929/1739 1727/1922/1737
f 1729/1930/1741 1731/1932/1743 1734/1933/1744 1730/1928/1742
f 1731/1934/1743 1729/1927/1741 1726/1926/1740 1733/1935/1745
f 1732/1936/1746 1735/1937/1747 1734/1938/1744 1731/1939/1743
f 1731/1939/1743 1733/1940/1745 1737/1941/1748 1732/1936/1746
f 1726/1926/1740 1730/1928/1742 1734/1933/1744 1733/1935/1745
f 1734/1938/1744 1735/1937/1747 1737/1942/1748 1733/1943/1745
f 1736/1944/1749 1738/1945/1750 1737/1942/1748 1735/1937/1747
f 1735/1937/1747 1732/1936/1746 1739/1946/1751 1736/1944/1749
f 1737/1941/1748 1738/1947/1750 1739/1946/1751 1732/1936/1746
f 1738/1945/1750 1736/1944/1749 1743/1948/1752 1740/1949/1753
f 1740/1950/1753 1741/1951/1754 1739/1946/1751 1738/1947/1750
f 1740/1952/1753 1742/1953/1755 1745/1954/1756 1741/1955/1754
f 1742/1956/1755 1740/1949/1753 1743/1948/1752 1744/1957/1757
f 1739/1946/1751 1741/1951/1754 1743/1948/1752 1736/1944/1749
f 1743/1958/1752 1741/1955/1754 1745/1954/1756 1744/1959/1757
f 1745/1954/1756 1742/1953/1755 1744/1959/1757
f 1723/1917/1734 730/892/786 733/891/785 1724/1931/1736
f 702/852/754 1749/853/755 1747/1960/1758 1746/1961/759
f 649/783/692 1746/858/759 1747/1962/1758 652/784/693
f 654/787/696 652/784/693 1747/1962/1758 1748/1963/1759
f 1747/1960/1758 1749/853/755 1750/838/740 1748/1964/1759
f 1749/853/755 696/844/746 689/836/738 1750/838/740
f 1751/1965/1760 1748/1963/1759 1750/1966/740 690/1967/737
f 1748/1963/1759 1751/1965/1760 1752/788/697 654/787/696
f 1751/1968/1760 690/835/737 687/832/734 1753/1969/1761
f 1751/1968/1760 1753/1969/1761 1754/1970/1762 1752/1971/697
f 687/832/734 679/820/724 677/819/723 1753/1969/1761
f 677/819/723 1755/1972/725 1754/1970/1762 1753/1969/1761
f 1755/821/725 664/796/705 661/793/702 1754/1973/1762
f 1754/1973/1762 661/793/702 655/789/698 1752/788/697
f 1755/821/725 673/813/718 1756/799/708 664/796/705
f 623/746/662 617/748/652 613/774/651 630/754/669
f 581/690/614 578/689/613 596/708/632 588/699/623
f 534/157/146 1757/639/565 1759/150/139 121/149/138
f 1757/639/565 1758/1974/1763 1760/1975/1764 1759/150/139
f 1757/639/565 533/636/562 1765/1976/1765 1758/1974/1763
f 116/142/131 1759/150/139 1760/1975/1764 114/141/130
f 114/141/130 1760/1975/1764 1761/1977/1766 1763/130/119
f 1758/1974/1763 1762/1978/1767 1761/1977/1766 1760/1975/1764
f 1761/1977/1766 1762/1978/1767 96/119/108 98/121/110
f 100/123/112 1763/130/119 1761/1977/1766 98/121/110
f 1764/114/103 87/113/102 96/119/108 1762/1978/1767
f 1762/1978/1767 1758/1974/1763 1765/1976/1765 1764/114/103
f 1765/1976/1765 1766/1979/1768 86/110/99 1764/114/103
f 531/635/561 1766/1979/1768 1765/1976/1765 533/636/562
f 1767/1980/1769 83/108/97 86/110/99 1766/1979/1768
f 1766/1979/1768 531/635/561 529/634/560 1767/1980/1769
f 529/634/560 1769/633/559 1768/1981/1770 1767/1980/1769
f 83/108/97 1767/1980/1769 1768/1981/1770 81/106/95
f 1771/606/536 1770/1982/1771 1768/1981/1770 1769/633/559
f 1768/1981/1770 1770/1982/1771 79/104/93 81/106/95
f 1770/1982/1771 1771/606/536 508/605/531 504/1983/528
f 1770/1982/1771 504/1983/528 502/105/94 79/104/93
f 1769/633/559 524/625/552 507/603/534 1771/606/536
f 10/13/13 12/15/15 20/24/24 28/32/32
