# Blender 4.3.2
# www.blender.org
o model
v -0.929086 0.843712 0.019141
v -0.931964 0.839889 0.028273
v -0.941749 0.851216 0.027479
v -0.936591 0.849872 0.018501
v -0.915081 0.862656 0.012362
v -0.908527 0.854451 0.015317
v -0.919612 0.870617 0.020505
v -0.939981 0.852614 0.035231
v -0.931867 0.841383 0.037466
v -0.928120 0.847626 0.044384
v -0.933774 0.856104 0.043329
v -0.916212 0.869103 0.045204
v -0.919126 0.871846 0.033256
v -0.909757 0.859071 0.045784
v -0.905448 0.850754 0.021582
v -0.904928 0.850980 0.035882
v -0.912987 0.838186 -0.026156
v -0.916392 0.835901 -0.013970
v -0.924502 0.847349 -0.016731
v -0.919601 0.844006 -0.027927
v -0.905464 0.855051 -0.032009
v -0.897751 0.845468 -0.028809
v -0.910011 0.861858 -0.019614
v -0.894637 0.842203 -0.015024
v -0.916951 0.842517 -0.003572
v -0.921701 0.850830 -0.006200
v -0.899346 0.849423 -0.002201
v -0.908566 0.861400 -0.003215
v -0.882152 0.865248 -0.037394
v -0.876049 0.852437 -0.035238
v -0.865266 0.859777 -0.039855
v -0.880332 0.847944 -0.041663
v -0.879859 0.834817 -0.036085
v -0.874543 0.832047 -0.054036
v -0.856813 0.841633 -0.059363
v -0.853824 0.836104 -0.046289
v -0.868930 0.830941 -0.049854
v -0.852424 0.845138 -0.030270
v -0.878612 0.841652 -0.055331
v -0.861795 0.854856 -0.056535
v -0.364620 0.826449 0.048110
v -0.364010 0.812446 0.042525
v -0.363495 0.813996 0.023742
v -0.362421 0.829758 0.029554
v -0.367449 0.863235 0.045748
v -0.368579 0.863623 0.059801
v -0.356747 0.822568 -0.002244
v -0.348245 0.812170 0.007550
v -0.351649 0.830987 0.034370
v -0.362236 0.817126 -0.004052
v -0.275397 0.851456 -0.150175
v -0.260358 0.865883 -0.149506
v -0.266805 0.865193 -0.127863
v -0.273191 0.853717 -0.129203
v -0.295723 0.860264 -0.124240
v -0.302484 0.858530 -0.141708
v -0.289167 0.871268 -0.119131
v -0.146674 0.109688 0.083475
v -0.139565 0.086246 0.061610
v -0.141190 0.097866 0.047069
v -0.147326 0.126750 0.059251
v -0.130427 0.132019 0.031207
v -0.131164 0.156797 0.032806
v -0.153028 0.158143 0.056715
v -0.122366 0.101670 0.039091
v -0.181496 0.003232 0.173055
v -0.172352 0.012892 0.177249
v -0.194477 0.014732 0.198634
v -0.194060 0.007179 0.190223
v -0.205198 0.004327 0.188714
v -0.193838 0.001310 0.164834
v -0.207635 0.010731 0.200836
v -0.231183 0.014491 0.200911
v -0.228516 0.005703 0.192786
v -0.211398 0.017577 0.206553
v -0.200213 0.025737 0.198059
v -0.229438 0.022357 0.196023
v -0.174585 0.024329 0.172973
v -0.178187 0.040421 0.169596
v -0.199126 0.036351 0.196647
v -0.227273 0.033944 0.192862
v -0.198975 0.049028 0.196684
v -0.184242 0.060233 0.169647
v -0.199278 0.073423 0.168559
v -0.204758 0.060990 0.189003
v -0.220316 0.073152 0.162757
v -0.225351 0.058990 0.185450
v -0.226764 0.046666 0.192891
v -0.237984 0.001112 0.143040
v -0.248212 0.000616 0.162678
v -0.272207 0.000867 0.140980
v -0.257835 0.001358 0.131032
v -0.280606 0.001919 0.112460
v -0.257226 0.002284 0.111796
v -0.227274 0.002436 0.118412
v -0.293938 0.005571 0.164986
v -0.300010 0.016589 0.166475
v -0.316288 0.015818 0.128463
v -0.310200 0.000000 0.149035
v -0.297124 0.001600 0.122375
v -0.284541 0.001224 0.154592
v -0.297910 0.003978 0.071751
v -0.286644 0.004149 0.070939
v -0.312317 0.017010 0.065002
v -0.289146 0.040670 0.165405
v -0.258579 0.043385 0.183067
v -0.256130 0.059174 0.176466
v -0.285274 0.052867 0.166818
v -0.250827 0.073481 0.153514
v -0.287055 0.067023 0.136354
v -0.305690 0.047154 0.126792
v -0.175553 0.078164 0.105765
v -0.171999 0.072507 0.133515
v -0.159315 0.047582 0.131556
v -0.161751 0.058219 0.089410
v -0.150278 0.059294 0.052132
v -0.150438 0.073418 0.052348
v -0.156826 0.066104 0.080657
v -0.168733 0.086360 0.098180
v -0.144393 0.076180 0.080551
v -0.192016 0.092906 0.113061
v -0.187636 0.105943 0.103492
v -0.171998 0.116428 0.109817
v -0.184380 0.123443 0.117916
v -0.194122 0.114209 0.112401
v -0.212331 0.116196 0.110151
v -0.210245 0.108797 0.095722
v -0.209495 0.095821 0.108484
v -0.211369 0.129837 0.114514
v -0.145661 0.039423 0.051699
v -0.125963 0.041344 0.027863
v -0.131363 0.065866 0.034215
v -0.137237 0.079244 0.036786
v -0.263581 0.089552 0.083332
v -0.263632 0.097480 0.075876
v -0.277501 0.072584 0.046712
v -0.278085 0.060981 0.046902
v -0.294555 0.057147 0.075776
v -0.275816 0.082627 0.102556
v -0.280949 0.065078 -0.005453
v -0.280690 0.048828 -0.017345
v -0.275746 0.086020 0.024160
v -0.278921 0.094665 0.005868
v -0.292110 0.088565 -0.018911
v -0.287650 0.076839 0.049358
v -0.272858 0.104781 0.083936
v -0.276239 0.119427 0.079095
v -0.292036 0.096539 0.051127
v -0.285603 0.109798 0.032886
v -0.271386 0.133934 0.069373
v -0.275882 0.126891 0.025433
v -0.281172 0.130215 -0.010039
v -0.105186 0.038570 -0.016892
v -0.106440 0.064147 -0.015911
v -0.103486 0.101817 -0.000244
v -0.102455 0.072871 -0.045120
v -0.109853 0.106932 -0.035814
v -0.169197 0.009688 -0.112998
v -0.168752 0.013980 -0.125302
v -0.126788 0.014422 -0.117304
v -0.136497 0.010011 -0.111988
v -0.112207 0.008205 -0.091071
v -0.134070 0.007968 -0.088976
v -0.096671 0.041162 -0.051942
v -0.260999 0.150888 0.062787
v -0.258043 0.161802 0.039626
v -0.265169 0.167046 0.004273
v -0.223935 0.086978 -0.109735
v -0.227593 0.058884 -0.118579
v -0.262691 0.051013 -0.079726
v -0.261370 0.078280 -0.078665
v -0.242444 0.105065 -0.079794
v -0.218965 0.106300 -0.105950
v -0.281151 0.096231 -0.064078
v -0.261409 0.109136 -0.073422
v -0.271028 0.133527 -0.042280
v -0.259661 0.136836 -0.067098
v -0.254127 0.169598 0.061870
v -0.110592 0.135215 -0.026426
v -0.115137 0.133396 0.002352
v -0.106688 0.078762 -0.070775
v -0.118359 0.109232 -0.056412
v -0.241864 0.139561 -0.082541
v -0.117281 0.138657 -0.045440
v -0.100465 0.187412 0.025045
v -0.115445 0.164054 0.010593
v -0.107871 0.166421 -0.011253
v -0.088927 0.194529 0.004568
v -0.113776 0.168449 -0.035312
v -0.091679 0.192051 -0.027736
v -0.079373 0.222035 0.013022
v -0.093230 0.215782 0.041880
v -0.081131 0.223359 -0.020804
v -0.130243 0.248218 0.090605
v -0.116594 0.249257 0.076838
v -0.118535 0.278505 0.084526
v -0.129023 0.280288 0.096812
v -0.139910 0.277454 0.091930
v -0.146373 0.251533 0.089707
v -0.126178 0.291842 0.085354
v -0.164248 0.253265 0.092018
v -0.158615 0.277414 0.088969
v -0.189191 0.271022 0.078962
v -0.193462 0.254366 0.085398
v -0.165887 0.287230 0.092757
v -0.191119 0.281744 0.081746
v -0.134882 0.296273 0.080682
v -0.142617 0.307079 0.083562
v -0.173645 0.297918 0.135334
v -0.191146 0.298595 0.126605
v -0.181725 0.285698 0.113149
v -0.167791 0.285980 0.124545
v -0.168426 0.288722 0.100055
v -0.158534 0.292799 0.118027
v -0.160139 0.302398 0.131368
v -0.148257 0.308508 0.094989
v -0.146354 0.307518 0.109264
v -0.195125 0.287515 0.088067
v -0.203200 0.286023 0.100310
v -0.252372 0.256368 0.066356
v -0.229557 0.256024 0.075560
v -0.225934 0.271507 0.070482
v -0.252742 0.272852 0.066251
v -0.259273 0.274494 0.055459
v -0.261088 0.259752 0.051281
v -0.151707 0.325575 0.136146
v -0.146372 0.310189 0.122364
v -0.132148 0.326325 0.116238
v -0.139645 0.331687 0.128246
v -0.137567 0.357149 0.135577
v -0.151226 0.359857 0.149283
v -0.128376 0.355453 0.122694
v -0.119053 0.174109 -0.069663
v -0.159829 0.180368 -0.095417
v -0.155686 0.206555 -0.089592
v -0.104626 0.194671 -0.066631
v -0.148233 0.235557 -0.098163
v -0.087493 0.225211 -0.061157
v -0.107075 0.302906 0.067698
v -0.120563 0.303925 0.072627
v -0.120723 0.312859 0.074657
v -0.109120 0.312901 0.066924
v -0.140847 0.331772 0.084458
v -0.139363 0.329745 0.092729
v -0.123834 0.331709 0.088142
v -0.104794 0.336412 0.075426
v -0.252660 0.331250 0.043406
v -0.243328 0.366738 0.055349
v -0.259949 0.365453 0.042308
v -0.263830 0.345811 0.033793
v -0.260415 0.369548 0.011676
v -0.260160 0.342406 -0.003369
v -0.248578 0.327030 -0.005272
v -0.237991 0.319135 -0.009166
v -0.244130 0.325039 0.040920
v -0.254593 0.305476 0.022583
v -0.243465 0.286817 0.047310
v -0.235053 0.305948 0.057732
v -0.247199 0.315181 -0.016498
v -0.234350 0.364633 0.058256
v -0.130526 0.357692 0.109050
v -0.125813 0.378006 0.113809
v -0.122602 0.375726 0.126695
v -0.134958 0.382485 0.134226
v -0.133330 0.394188 0.123968
v -0.105961 0.360460 0.081972
v -0.121071 0.353109 0.089254
v -0.135054 0.360446 0.087653
v -0.121706 0.379101 0.083501
v -0.247202 0.323050 0.086900
v -0.246625 0.349538 0.102374
v -0.250363 0.358783 0.085365
v -0.253065 0.336952 0.077145
v -0.238936 0.363287 0.073138
v -0.243017 0.333329 0.065877
v -0.236188 0.316714 0.072650
v -0.172401 0.423492 0.144268
v -0.177061 0.399789 0.151228
v -0.158446 0.396108 0.157766
v -0.152293 0.420293 0.151043
v -0.147987 0.390977 0.147567
v -0.145319 0.413445 0.136620
v -0.164794 0.430972 0.128120
v -0.134320 0.399874 0.110596
v -0.146192 0.417805 0.116193
v -0.161067 0.425917 0.114454
v -0.110884 0.384614 0.081980
v -0.125065 0.409021 0.107512
v -0.134109 0.404625 0.101289
v -0.126894 0.379881 0.102409
v -0.135009 0.360934 0.098107
v -0.239465 0.390446 0.035211
v -0.089887 0.361332 0.037989
v -0.102435 0.374730 0.037811
v -0.100580 0.382247 0.036469
v -0.215741 0.406276 0.131685
v -0.196432 0.402939 0.141542
v -0.192567 0.427631 0.134137
v -0.211563 0.431700 0.124229
v -0.185223 0.436569 0.115934
v -0.211385 0.430061 0.104327
v -0.226836 0.405715 0.117118
v -0.229223 0.392118 -0.020015
v -0.202613 0.372102 -0.054471
v -0.240668 0.337478 -0.052918
v -0.252044 0.367918 -0.028768
v -0.249731 0.381737 0.088021
v -0.245323 0.378480 0.108514
v -0.233565 0.400788 0.102409
v -0.242932 0.394915 0.087773
v -0.234468 0.400753 0.078813
v -0.238608 0.386276 0.074002
v -0.223481 0.415867 0.090660
v -0.232628 0.390670 0.062433
v -0.231753 0.412124 0.048164
v -0.222117 0.403200 -0.012460
v -0.230303 0.405466 0.069573
v -0.198847 0.433750 0.091713
v -0.213258 0.425253 0.082207
v -0.178496 0.432970 0.103256
v -0.108805 0.417539 0.111849
v -0.122582 0.441736 0.126683
v -0.137697 0.431618 0.116216
v -0.145854 0.464489 0.129410
v -0.150609 0.450956 0.127661
v -0.154088 0.448551 0.118562
v -0.147950 0.442407 0.110656
v -0.144213 0.421789 0.107055
v -0.154283 0.434698 0.106878
v -0.208959 0.440583 0.078837
v -0.222235 0.445774 0.088221
v -0.240659 0.420054 0.046208
v -0.178554 0.468440 0.120900
v -0.178411 0.454762 0.117222
v -0.173922 0.452407 0.104505
v -0.194139 0.445767 0.087654
v -0.199621 0.453941 0.097021
v -0.192782 0.395086 -0.049785
v -0.149971 0.370393 -0.059270
v -0.152063 0.343534 -0.064525
v -0.197089 0.341770 -0.064510
v -0.151557 0.381226 -0.052189
v -0.000718 0.389091 0.125122
v -0.000718 0.405302 0.128792
v -0.010290 0.405494 0.126731
v -0.007185 0.393099 0.123487
v -0.010206 0.390555 0.115400
v -0.000718 0.385260 0.114190
v -0.020501 0.404794 0.121503
v -0.000718 0.438120 0.132056
v -0.000718 0.484188 0.129774
v -0.017658 0.484038 0.129749
v -0.012852 0.446638 0.129531
v -0.016894 0.432208 0.133281
v -0.000718 0.424119 0.135711
v -0.032515 0.480080 0.134520
v -0.032036 0.425645 0.124940
v -0.050013 0.476524 0.130394
v -0.017059 0.398169 0.088034
v -0.027573 0.413785 0.090880
v -0.020366 0.421660 0.078075
v -0.017578 0.407416 0.076423
v -0.000718 0.423071 0.075291
v -0.000718 0.405802 0.075340
v -0.000718 0.386262 0.083824
v -0.000718 0.442678 -0.111671
v -0.000718 0.480109 -0.107519
v -0.032653 0.475815 -0.115706
v -0.021987 0.446886 -0.114422
v -0.023136 0.430207 -0.133590
v -0.000718 0.413859 -0.132907
v -0.040217 0.454785 -0.135428
v -0.163729 0.538027 0.128510
v -0.157610 0.521850 0.124702
v -0.160350 0.514398 0.111688
v -0.150068 0.522649 0.119247
v -0.149723 0.560331 0.120647
v -0.136374 0.541241 0.111868
v -0.137813 0.507544 0.118992
v -0.039571 0.427478 0.111549
v -0.062362 0.475983 0.118374
v -0.063263 0.481247 0.103517
v -0.041595 0.437156 0.089725
v -0.052055 0.486079 0.091636
v -0.043135 0.454079 0.089537
v -0.025430 0.407563 0.107473
v -0.027257 0.458909 0.082188
v -0.024742 0.440516 0.079724
v -0.030226 0.495276 0.087278
v -0.189002 0.529153 0.098194
v -0.186715 0.520668 0.091448
v -0.189772 0.546080 0.105512
v -0.068598 0.525985 0.081217
v -0.067162 0.532990 0.073914
v -0.089397 0.559749 0.091544
v -0.085930 0.541228 0.098178
v -0.072531 0.512709 0.089125
v -0.099526 0.528776 0.112885
v -0.106418 0.552677 0.102719
v -0.043484 0.511768 0.051334
v -0.033712 0.491647 0.016478
v -0.022589 0.487067 0.018343
v -0.034320 0.502091 0.060147
v -0.054604 0.535681 0.075992
v -0.059399 0.538024 0.068908
v -0.000718 0.496483 0.062131
v -0.000718 0.501882 0.074814
v -0.029260 0.505111 0.078615
v -0.000718 0.485943 0.019477
v -0.050938 0.532841 0.086187
v -0.122699 0.575364 0.105999
v -0.017132 1.122964 0.109934
v -0.034651 1.122318 0.094082
v -0.039598 1.110438 0.098304
v -0.017516 1.102039 0.115310
v -0.000718 1.102726 0.114181
v -0.000718 1.123760 0.113739
v -0.011511 1.070171 0.110250
v -0.000718 1.072070 0.105636
v -0.019894 1.098145 0.131641
v -0.026344 1.085832 0.125720
v -0.013040 1.090036 0.126531
v -0.046083 1.103241 0.109540
v -0.022375 1.186507 0.104661
v -0.018595 1.209389 0.055996
v -0.030808 1.189216 0.049669
v -0.029792 1.175268 0.084964
v -0.011562 1.065568 0.125581
v -0.026221 1.062990 0.121079
v -0.044481 1.085944 0.110205
v -0.015106 1.209806 -0.002500
v -0.030924 1.199873 0.000155
v -0.050160 1.184080 0.000226
v -0.052086 1.162174 0.059976
v -0.023701 1.201618 -0.035313
v -0.028769 1.179128 -0.057829
v -0.038217 1.172027 -0.043074
v -0.032402 1.189301 -0.028055
v -0.059335 1.158919 -0.003719
v -0.041509 1.129406 0.095883
v -0.057087 1.138133 0.053503
v -0.044872 1.127756 0.070158
v -0.059315 1.113379 0.073410
v -0.075930 1.122984 0.041778
v -0.059957 1.105372 0.091851
v -0.066955 1.093631 0.067754
v -0.059959 1.090469 0.089326
v -0.163421 0.504558 -0.084625
v -0.135414 0.531913 -0.088569
v -0.114442 0.513508 -0.087418
v -0.156372 0.500374 -0.084321
v -0.182932 0.499680 -0.070577
v -0.183120 0.479112 -0.073834
v -0.129218 0.467395 -0.079898
v -0.066161 1.135474 -0.009989
v -0.000718 0.509748 -0.104291
v -0.032156 0.515910 -0.110657
v -0.060579 0.471582 -0.124533
v -0.059438 0.477217 -0.140429
v -0.053922 0.512680 -0.113107
v -0.221126 0.538332 0.070380
v -0.211914 0.529330 0.062999
v -0.218055 0.557413 0.073704
v -0.000718 0.491842 0.080312
v -0.000718 0.465246 0.078339
v -0.062875 0.526463 0.102764
v -0.052633 0.530697 0.094185
v -0.023979 1.029327 0.082784
v -0.000718 1.024423 0.079859
v -0.000718 1.031549 0.095033
v -0.009280 1.028253 0.100778
v -0.000718 1.048936 0.099565
v -0.010093 1.047749 0.105586
v -0.000718 0.513985 -0.097311
v -0.032479 0.518171 -0.098781
v -0.059600 0.555326 -0.101560
v -0.066395 0.556811 -0.109568
v -0.055703 0.544731 -0.088723
v -0.172648 0.512046 -0.097869
v -0.194345 0.517204 -0.079167
v -0.194211 0.532305 -0.082243
v -0.177265 0.526529 -0.096155
v -0.165409 0.548636 -0.098626
v -0.152813 0.539439 -0.102960
v -0.111477 0.587175 0.090296
v -0.125032 0.591837 0.116441
v -0.141642 0.600922 0.100427
v -0.152187 0.592097 0.101483
v -0.125578 0.608685 0.090858
v -0.000718 0.465577 -0.160001
v -0.000718 0.443957 -0.164045
v -0.013796 0.451529 -0.161550
v -0.008093 0.467850 -0.162903
v -0.014559 0.474834 -0.154079
v -0.000718 0.477293 -0.151157
v -0.025958 0.465504 -0.157771
v -0.065801 0.516814 -0.129964
v -0.062536 0.518968 -0.143583
v -0.043476 0.516781 -0.074802
v -0.048709 0.526679 -0.067379
v -0.073139 0.553112 -0.082455
v -0.029860 0.503558 -0.084628
v -0.021808 1.102310 -0.077725
v -0.000718 1.102502 -0.078706
v -0.000718 1.088785 -0.078149
v -0.027480 1.090267 -0.078464
v -0.000718 1.086000 -0.064584
v -0.022292 1.086314 -0.062958
v -0.030270 1.100428 -0.069164
v -0.172461 0.569905 0.104712
v -0.066291 1.106059 -0.021614
v -0.079577 1.097524 0.032336
v -0.039476 1.139842 -0.046010
v -0.041736 1.113722 -0.053981
v -0.041155 1.037416 0.097908
v -0.054151 1.047666 0.075061
v -0.030520 1.038968 0.062740
v -0.065429 1.055240 0.050929
v -0.048828 1.053262 0.038945
v -0.000718 1.026458 0.062684
v -0.031644 1.020526 0.047408
v -0.000718 1.005933 0.059576
v -0.048828 1.038612 0.027328
v -0.128190 0.569989 -0.095184
v -0.135781 0.571710 -0.105721
v -0.126652 0.596290 -0.104889
v -0.115969 0.589211 -0.095266
v -0.152862 0.615302 -0.084471
v -0.144338 0.618071 -0.072981
v -0.098963 0.581292 -0.083997
v -0.114241 0.562522 -0.086219
v -0.000718 1.079715 -0.059981
v -0.017763 1.077915 -0.056584
v -0.035891 1.083333 -0.048002
v -0.042134 1.094153 -0.054473
v -0.033067 1.075788 -0.045787
v -0.150905 0.576129 -0.101512
v -0.140129 0.592838 -0.103336
v -0.161677 0.603135 -0.085494
v -0.111223 0.609611 -0.085588
v -0.086441 0.591242 -0.082627
v -0.111102 0.615575 0.090411
v -0.090734 0.607251 0.090695
v -0.091220 0.605782 0.101848
v -0.115786 0.616305 0.100681
v -0.156745 0.635065 0.075369
v -0.147347 0.632655 0.063714
v -0.017467 0.530723 -0.146955
v -0.019493 0.495841 -0.149228
v -0.036254 0.490786 -0.155820
v -0.034410 0.527042 -0.153321
v -0.035964 0.575175 -0.145299
v -0.025031 0.578626 -0.163792
v -0.049594 0.483462 -0.151242
v -0.051310 0.522633 -0.151334
v -0.054641 0.567621 -0.153367
v -0.021048 0.988095 0.064731
v -0.000718 0.989027 0.065742
v -0.021719 0.997461 0.055323
v -0.032441 1.000578 0.077431
v -0.042153 1.015554 0.052207
v -0.140303 0.624382 -0.067528
v -0.025165 0.681529 0.164432
v -0.000718 0.681360 0.167628
v -0.000718 0.699745 0.166620
v -0.022923 0.696920 0.164230
v -0.000718 0.712848 0.157557
v -0.029373 0.705771 0.156028
v -0.037375 0.683750 0.152292
v -0.054203 0.660672 0.146735
v -0.045805 0.660467 0.153896
v -0.046005 0.686322 0.142977
v -0.063540 0.687273 0.138596
v -0.067588 0.660826 0.146832
v -0.028044 0.710821 0.144220
v -0.047322 0.692997 0.127155
v -0.063538 0.691550 0.125308
v -0.049317 0.984145 0.080434
v -0.059761 0.974204 0.068744
v -0.054843 0.964219 0.086907
v -0.046322 0.973143 0.086415
v -0.034584 0.967564 0.097967
v -0.031366 0.984702 0.088881
v -0.039880 0.957408 0.103490
v -0.000718 1.093338 -0.132811
v -0.063120 1.079793 -0.114857
v -0.058699 1.089909 -0.096921
v -0.017346 1.098618 -0.112571
v -0.052614 1.089895 -0.083613
v -0.005308 1.100874 -0.106071
v -0.000718 0.701052 -0.161029
v -0.000718 0.632640 -0.163709
v -0.032574 0.632980 -0.163596
v -0.027658 0.699373 -0.154288
v -0.034100 0.717027 -0.134917
v -0.000718 0.727730 -0.135253
v -0.054419 0.681622 -0.149380
v -0.060263 0.700192 -0.136782
v -0.070319 0.560638 -0.131754
v -0.070295 0.558958 -0.119086
v -0.088765 0.604737 -0.116082
v -0.089474 0.619150 -0.127908
v -0.119401 0.625713 -0.115524
v -0.117915 0.644697 -0.122610
v -0.085621 0.621205 -0.147587
v -0.068032 0.562301 -0.147995
v -0.088825 0.670729 -0.128839
v -0.084572 0.671489 -0.145010
v -0.098476 0.681995 -0.114400
v -0.053946 0.627077 -0.152187
v -0.083062 0.660030 0.141029
v -0.080109 0.684829 0.134652
v -0.081997 0.684442 0.125344
v -0.087824 0.659038 0.129659
v -0.024885 0.713129 0.132615
v -0.021206 0.714641 0.124677
v -0.048800 0.694236 0.115255
v -0.047443 0.709984 0.110324
v -0.077209 0.698789 0.093062
v -0.071939 0.692041 0.104935
v -0.022168 0.724188 0.122151
v -0.066633 0.698388 0.114488
v -0.088015 0.680792 0.115236
v -0.049602 0.711006 0.121575
v -0.066633 0.698388 0.114488
v -0.095773 0.659317 0.125338
v -0.109087 0.682128 0.108016
v -0.121153 0.666628 0.121296
v -0.086614 0.684476 0.105471
v -0.098157 0.686425 0.098796
v -0.082673 0.712974 0.106044
v -0.086732 0.704089 0.090681
v -0.085869 0.688142 -0.127923
v -0.080996 0.695980 -0.143296
v -0.086958 0.692270 -0.111766
v -0.071464 0.698201 -0.140999
v -0.070411 0.674884 -0.151297
v -0.112904 0.710104 0.065537
v -0.119493 0.705299 0.069384
v -0.053647 0.713702 0.129671
v -0.059710 0.724954 0.130945
v -0.062910 0.734620 0.129864
v -0.087580 0.725621 0.108472
v -0.074487 0.975109 0.071208
v -0.081477 0.984419 0.053785
v -0.093671 0.990064 0.061269
v -0.087213 0.980719 0.073035
v -0.083040 1.001910 0.074265
v -0.075122 0.992920 0.089646
v -0.156474 0.661657 0.090878
v -0.123030 0.642334 0.118101
v -0.150541 0.682782 0.095944
v -0.134635 0.693496 0.082784
v -0.126900 0.693504 0.074518
v -0.116494 0.719026 0.071357
v -0.148207 0.690413 -0.085139
v -0.130103 0.696286 -0.075694
v -0.175474 0.697346 0.032052
v -0.183132 0.676533 0.031640
v -0.161787 0.703907 0.032398
v -0.124425 0.702153 -0.068500
v -0.073869 0.699191 -0.101701
v -0.074483 0.711064 -0.094304
v -0.038710 0.732845 -0.112794
v -0.033758 0.720961 -0.114154
v -0.118575 0.711958 -0.061962
v -0.086240 1.077623 -0.053824
v -0.103379 1.077251 -0.066462
v -0.111868 1.064555 -0.074988
v -0.116207 1.059023 -0.016298
v -0.103280 1.061800 -0.013052
v -0.128464 1.049746 -0.028015
v -0.097827 1.017698 0.075144
v -0.108450 1.010500 0.089158
v -0.082757 1.000056 0.105130
v -0.088575 1.007001 0.091285
v -0.090742 1.012047 0.057332
v -0.116752 1.003816 0.096248
v -0.085210 0.993019 0.109943
v -0.065074 0.988194 0.101814
v -0.099515 0.978026 0.117044
v -0.073493 0.972688 0.140960
v -0.059153 0.988969 0.133026
v -0.116835 1.034131 -0.088225
v -0.143795 1.023204 -0.049123
v -0.132185 1.035918 -0.039858
v -0.116881 1.045198 -0.078423
v -0.122573 1.029321 0.051325
v -0.127639 1.012389 0.075813
v -0.130591 1.001168 0.071795
v -0.120369 0.988667 0.095120
v -0.136995 1.022048 0.032848
v -0.104262 1.035340 0.039718
v -0.124119 1.022229 -0.103950
v -0.150007 1.009432 -0.082160
v -0.167775 1.002385 -0.075418
v -0.166373 1.012793 -0.039979
v -0.109515 0.964224 0.113295
v -0.126502 0.974448 0.090391
v -0.143724 0.961954 0.088707
v -0.130151 0.942374 0.109738
v -0.163567 0.926581 0.101572
v -0.164030 0.901249 0.115039
v -0.139883 0.910623 0.122952
v -0.165516 0.951366 0.081039
v -0.186383 1.046558 -0.036895
v -0.192969 1.071551 -0.039914
v -0.192704 1.060187 0.025140
v -0.187595 1.044217 0.010897
v -0.190235 1.033214 0.056815
v -0.184736 1.028779 0.022794
v -0.183448 1.034104 -0.035319
v -0.203471 1.085424 0.029041
v -0.206000 1.100876 -0.021163
v -0.207388 1.106634 -0.015785
v -0.206089 1.093432 0.024634
v -0.244593 1.095857 -0.016855
v -0.244671 1.082758 0.023923
v -0.240837 1.077866 0.029282
v -0.183482 0.984752 0.058663
v -0.181386 1.005722 0.018043
v -0.182370 1.014597 0.021344
v -0.186459 0.999032 0.067920
v -0.203897 1.047521 0.072994
v -0.203569 1.007311 0.092371
v -0.189091 0.962046 0.098272
v -0.185771 0.955275 0.084798
v -0.204661 0.964677 0.107165
v -0.228771 1.048369 0.069203
v -0.230228 1.094588 -0.047644
v -0.159445 0.756744 0.036097
v -0.132956 0.748239 0.083758
v -0.146008 0.776792 0.102873
v -0.181239 0.791322 0.050201
v -0.189457 0.796551 -0.014052
v -0.165159 0.761265 -0.011374
v -0.193464 0.817958 0.035836
v -0.196076 0.814099 -0.013674
v -0.183821 1.021538 -0.087065
v -0.186864 1.036157 -0.079867
v -0.186302 1.009012 -0.120555
v -0.191243 1.044745 -0.098488
v -0.184629 0.961689 -0.152254
v -0.192081 0.971274 -0.168801
v -0.195626 1.018275 -0.142531
v -0.181862 0.988305 -0.113226
v -0.182375 0.949584 -0.137229
v -0.181813 1.010325 -0.081671
v -0.197847 1.058807 -0.111509
v -0.182120 0.806431 -0.060351
v -0.192789 0.828199 -0.058154
v -0.185782 0.870876 -0.111251
v -0.172985 0.823030 -0.092908
v -0.147429 0.760578 -0.065159
v -0.141623 0.793802 -0.112631
v -0.163051 0.866080 -0.124787
v -0.249165 1.080164 -0.013174
v -0.250490 1.068444 -0.011330
v -0.249364 1.061151 0.028771
v -0.214154 1.064149 -0.114327
v -0.215007 1.086775 -0.082823
v -0.206285 1.093068 -0.066813
v -0.232093 1.082861 -0.079456
v -0.231503 1.060235 -0.113657
v -0.195021 0.939636 -0.184069
v -0.190498 0.927110 -0.165289
v -0.203119 0.913007 -0.168797
v -0.201855 0.924646 -0.185527
v -0.218753 0.912715 -0.166217
v -0.216449 0.927399 -0.182113
v -0.214124 0.946560 -0.185891
v -0.190742 0.919977 0.114908
v -0.196483 0.932079 0.116038
v -0.207885 0.928558 0.124602
v -0.205371 0.910328 0.131942
v -0.189003 0.865783 -0.092518
v -0.187582 0.884507 -0.104799
v -0.184393 0.899724 -0.113566
v -0.176771 0.934070 -0.122216
v -0.166788 0.934560 -0.130380
v -0.188371 0.854286 0.075485
v -0.186460 0.845091 0.090844
v -0.183821 0.889172 0.101641
v -0.185847 0.879518 0.089038
v -0.200426 0.889471 0.106480
v -0.201622 0.884829 0.088064
v -0.198508 0.859029 0.065515
v -0.185239 0.913029 0.101105
v -0.199788 0.893468 0.121368
v -0.200048 0.862455 -0.087512
v -0.200828 0.889314 -0.099650
v -0.192969 0.907895 -0.120531
v -0.248810 1.040884 0.063990
v -0.255787 1.057043 0.030585
v -0.259375 1.064315 0.035068
v -0.254276 1.046569 0.068379
v -0.253651 1.009913 0.085530
v -0.246129 1.007512 0.081863
v -0.275147 1.058747 0.079457
v -0.267137 1.015642 0.094679
v -0.273878 1.073289 0.043275
v -0.183771 0.941246 -0.122896
v -0.180605 0.935943 -0.119243
v -0.191820 0.914833 -0.143852
v -0.207845 0.893852 -0.120096
v -0.204316 0.901335 -0.145385
v -0.211306 0.888735 -0.103427
v -0.232132 0.927752 -0.180798
v -0.234724 0.912290 -0.164459
v -0.248497 0.925717 -0.155168
v -0.245072 0.925827 -0.183993
v -0.245789 0.944759 -0.176160
v -0.231143 0.946926 -0.182915
v -0.230436 1.017679 -0.143373
v -0.245809 1.015428 -0.140686
v -0.244436 1.061220 -0.113658
v -0.246311 1.074360 -0.077749
v -0.249618 1.010485 -0.129304
v -0.251084 1.049407 -0.102418
v -0.249097 0.944039 -0.153309
v -0.249966 1.063407 -0.075354
v -0.245304 0.974213 -0.163047
v -0.229989 0.976522 -0.170319
v -0.249084 0.968948 -0.147541
v -0.222500 0.886742 0.109293
v -0.241887 0.890123 0.106638
v -0.233048 0.883973 0.082704
v -0.223027 0.882525 0.092102
v -0.255969 0.926420 -0.145224
v -0.256010 0.940958 -0.145037
v -0.250015 0.910545 -0.134244
v -0.254814 0.909090 -0.133130
v -0.238431 0.900898 -0.142152
v -0.270722 1.080189 -0.077217
v -0.259206 1.067580 -0.076478
v -0.260831 1.053205 -0.107089
v -0.269662 1.073118 -0.100257
v -0.281509 1.051190 -0.113518
v -0.287930 1.073201 -0.101190
v -0.288879 1.077993 -0.075971
v -0.256684 1.059538 -0.075829
v -0.254587 1.048717 -0.101525
v -0.257463 1.009796 -0.124161
v -0.264305 1.012274 -0.129452
v -0.278915 1.013155 -0.129302
v -0.222648 0.895313 0.126158
v -0.224543 0.910616 0.129177
v -0.241714 0.912554 0.126173
v -0.241532 0.898931 0.124657
v -0.247984 0.903993 0.098504
v -0.268276 0.925192 0.113562
v -0.269492 0.905861 0.119966
v -0.260074 0.902834 0.112628
v -0.257838 0.921691 0.105483
v -0.257747 0.893704 0.098113
v -0.256091 0.901810 0.093923
v -0.256125 0.962629 0.097832
v -0.265829 0.964397 0.104692
v -0.247876 0.924728 0.103914
v -0.257996 0.913866 -0.151609
v -0.264528 0.933469 -0.155680
v -0.260286 0.891363 -0.161308
v -0.268674 0.901010 -0.168358
v -0.265398 0.968939 -0.144657
v -0.256665 0.966973 -0.138914
v -0.288320 0.904068 -0.166159
v -0.281192 0.931291 -0.155515
v -0.279293 0.969235 -0.143324
v -0.230706 0.892268 -0.090920
v -0.229980 0.870948 -0.071729
v -0.240989 0.867649 -0.077608
v -0.245771 0.888655 -0.087866
v -0.249320 0.904857 -0.106606
v -0.237074 0.896580 -0.114314
v -0.250613 0.861212 -0.090567
v -0.228963 0.866946 0.048809
v -0.224089 0.860115 0.062151
v -0.242128 0.894792 0.065640
v -0.252424 0.886651 0.073298
v -0.240298 0.863275 0.051580
v -0.241519 0.930208 0.119638
v -0.282050 0.855108 -0.169395
v -0.306131 0.865460 -0.158771
v -0.309732 0.873849 -0.174849
v -0.291303 0.859770 -0.183103
v -0.277882 0.879702 -0.187987
v -0.263830 0.869800 -0.169972
v -0.300352 0.891972 -0.180447
v -0.264265 0.896980 -0.106242
v -0.275213 0.886094 0.135251
v -0.293399 0.892961 0.136476
v -0.299230 0.878824 0.139780
v -0.280649 0.877804 0.145178
v -0.272735 0.858312 0.138759
v -0.262095 0.874838 0.126705
v -0.300311 0.860891 0.129975
v -0.267069 0.864649 -0.087210
v -0.273252 0.854344 -0.066262
v -0.278867 0.894231 -0.096360
v -0.283121 0.897675 -0.109393
v -0.264462 0.892214 -0.118125
v -0.330918 1.059309 -0.097295
v -0.325337 1.039114 -0.109950
v -0.361737 1.034695 -0.102015
v -0.358431 1.051331 -0.093796
v -0.365345 1.053352 -0.072139
v -0.335599 1.063149 -0.070588
v -0.376941 1.033327 -0.073208
v -0.332650 1.042425 0.077395
v -0.336021 1.054434 0.044422
v -0.370345 1.043691 0.047632
v -0.364056 1.033927 0.077046
v -0.384003 1.021267 0.047402
v -0.365935 1.012545 0.076658
v -0.328490 1.009810 0.087392
v -0.247810 0.835263 -0.061713
v -0.271687 0.876155 0.077535
v -0.298388 0.895127 0.069416
v -0.298100 0.892463 0.057849
v -0.272701 0.860874 0.055464
v -0.248921 0.857153 0.061021
v -0.259267 0.880848 0.076915
v -0.303393 0.885116 0.056802
v -0.277057 0.854331 0.044207
v -0.244857 0.820286 -0.015811
v -0.252723 0.819499 -0.015913
v -0.287023 0.805841 -0.016471
v -0.294269 0.834732 -0.059019
v -0.314704 0.879794 -0.074369
v -0.301397 0.895717 -0.081542
v -0.342442 1.069268 0.002486
v -0.341810 1.067191 -0.037501
v -0.375386 1.056189 -0.036750
v -0.384405 1.056679 0.002691
v -0.392792 1.033217 0.002663
v -0.387587 1.035244 -0.036641
v -0.324114 0.803790 -0.014400
v -0.327108 0.812283 0.016937
v -0.343055 0.806315 -0.013906
v -0.353039 0.822575 -0.038211
v -0.326662 0.824137 -0.050043
v -0.272793 0.866238 0.081681
v -0.307889 0.883871 0.072090
v -0.322377 0.868897 0.078943
v -0.315030 0.874958 0.073211
v -0.277314 0.856710 0.083067
v -0.292351 0.851506 0.087072
v -0.268687 0.852386 0.112733
v -0.296429 0.851458 0.110065
v -0.297663 0.915006 -0.088263
v -0.357906 0.860593 -0.064524
v -0.335382 0.866846 -0.067737
v -0.362917 0.823753 -0.044399
v -0.367479 0.854696 -0.068178
v -0.371072 0.823019 0.055434
v -0.372270 0.810395 0.041766
v -0.372013 0.810452 0.020096
v -0.378192 0.874331 0.085595
v -0.379752 0.852230 0.079357
v -0.379976 0.840641 0.069540
v -0.371774 0.849675 0.071834
v -0.381653 0.819474 0.055823
v -0.394612 0.853553 0.079614
v -0.395610 0.833990 0.069063
v -0.393321 0.879352 0.087426
v -0.413845 0.890114 0.084726
v -0.415379 0.875377 0.085999
v -0.415932 0.852251 0.078721
v -0.416728 0.908883 0.068994
v -0.372403 0.884706 0.072783
v -0.368441 0.891880 0.074299
v -0.406486 0.916314 0.060362
v -0.361197 0.896347 0.060831
v -0.368177 0.896836 0.090963
v -0.406018 0.924396 0.065509
v -0.328713 0.869627 0.095499
v -0.354698 0.906735 0.059006
v -0.370862 0.896225 0.045103
v -0.386218 0.936943 -0.068479
v -0.352313 0.913178 -0.089872
v -0.343360 0.923383 -0.087320
v -0.374866 0.951440 -0.050909
v -0.337221 0.932877 -0.082364
v -0.362825 0.955222 -0.045603
v -0.395312 0.953045 -0.036255
v -0.402764 0.940442 -0.059958
v -0.364532 0.818319 -0.049012
v -0.370953 0.848470 -0.080026
v -0.375850 0.875389 -0.090388
v -0.373162 0.887022 -0.079682
v -0.382061 0.812509 -0.053814
v -0.387291 0.850283 -0.084566
v -0.417649 0.815702 0.053071
v -0.417133 0.830323 0.065653
v -0.439329 0.828072 0.059581
v -0.438805 0.814675 0.048759
v -0.440855 0.815887 0.035151
v -0.418312 0.813597 0.036055
v -0.448901 0.829854 0.044685
v -0.439880 0.905039 0.068324
v -0.434281 0.886652 0.084551
v -0.430235 0.940517 0.033351
v -0.438657 0.936021 0.034686
v -0.451154 0.931778 0.035436
v -0.454599 0.902925 0.067010
v -0.448018 0.887390 0.081392
v -0.449908 0.873966 0.077255
v -0.434596 0.872742 0.083417
v -0.462533 0.889137 0.051991
v -0.389218 0.870077 -0.095389
v -0.471796 0.832149 0.023614
v -0.471216 0.815754 -0.008959
v -0.455105 0.819683 -0.013429
v -0.454161 0.830490 0.023182
v -0.441323 0.817731 -0.027161
v -0.439639 0.816466 0.013474
v -0.350925 0.904056 -0.061338
v -0.370452 0.898325 -0.063835
v -0.375324 0.931486 -0.033453
v -0.365685 0.934624 -0.033276
v -0.382070 0.909562 -0.072331
v -0.382077 0.936758 -0.034759
v -0.380824 0.897409 -0.087359
v -0.391407 0.886466 -0.099373
v -0.381060 0.887353 -0.095349
v -0.391975 0.899996 -0.091421
v -0.409309 0.902091 -0.093780
v -0.412863 0.917783 -0.076762
v -0.396303 0.918878 -0.069383
v -0.392145 0.945199 -0.033078
v -0.434229 0.815509 -0.052607
v -0.451113 0.829351 -0.047016
v -0.444111 0.816138 -0.052200
v -0.455426 0.855279 -0.067175
v -0.450155 0.848920 -0.078930
v -0.436533 0.849465 -0.080703
v -0.417364 0.814587 -0.052836
v -0.417687 0.814272 -0.017489
v -0.460968 0.833216 -0.041272
v -0.395679 0.928520 -0.075064
v -0.418062 0.940547 -0.054323
v -0.435232 0.945805 -0.036023
v -0.434063 0.953479 -0.039069
v -0.421590 0.946552 -0.063076
v -0.478692 0.889439 0.044175
v -0.475854 0.861144 0.044679
v -0.459599 0.861406 0.047953
v -0.451899 0.855051 0.064307
v -0.470760 0.918323 0.026788
v -0.477877 0.916076 0.023748
v -0.463082 0.927674 0.034453
v -0.440512 0.926413 -0.058915
v -0.448043 0.941781 -0.035650
v -0.433389 0.911827 -0.078713
v -0.441480 0.885833 -0.095945
v -0.438675 0.868681 -0.092495
v -0.452435 0.870669 -0.088851
v -0.453986 0.885196 -0.093720
v -0.458117 0.877683 -0.077633
v -0.456241 0.891487 -0.085230
v -0.445124 0.897129 -0.088740
v -0.461060 0.899423 -0.075313
v -0.466030 0.884973 -0.064093
v -0.471123 0.904842 -0.047616
v -0.467293 0.914817 -0.058410
v -0.464523 0.856920 -0.060775
v -0.478968 0.855625 -0.057423
v -0.482420 0.882703 -0.060953
v -0.486462 0.905083 -0.048915
v -0.475883 0.929549 -0.004048
v -0.476205 0.924051 -0.027810
v -0.483852 0.925244 -0.029261
v -0.483496 0.934334 -0.004624
v -0.490820 0.948091 -0.015104
v -0.493994 0.948621 0.001038
v -0.488787 0.944356 0.007393
v -0.487670 0.935500 -0.036884
v -0.488271 0.917763 0.023883
v -0.489389 0.928231 0.032292
v -0.542279 0.857861 0.062261
v -0.541631 0.914060 0.057432
v -0.554979 0.907862 0.073261
v -0.551173 0.854491 0.071256
v -0.561986 0.833635 0.073301
v -0.560073 0.803144 0.039361
v -0.544999 0.801178 0.041902
v -0.536922 0.809753 0.035614
v -0.568278 0.906497 0.072808
v -0.571930 0.866348 0.074138
v -0.500255 0.937318 0.034985
v -0.529734 0.909213 0.056659
v -0.519849 0.937521 0.029820
v -0.530419 0.938915 0.028167
v -0.538583 0.946685 0.029070
v -0.551405 0.938289 0.056592
v -0.556819 0.932367 0.068492
v -0.557468 0.898725 -0.093761
v -0.544707 0.894398 -0.088733
v -0.545359 0.854755 -0.079159
v -0.551704 0.853266 -0.092849
v -0.539328 0.815912 -0.048030
v -0.546893 0.810248 -0.051006
v -0.564286 0.811184 -0.046054
v -0.570005 0.852192 -0.091586
v -0.577018 0.900422 -0.090717
v -0.568160 0.932331 0.070113
v -0.562388 0.942386 0.053076
v -0.630934 0.935892 0.054264
v -0.629739 0.942288 0.031310
v -0.647519 0.938726 0.035714
v -0.646783 0.933723 0.056272
v -0.657230 0.932284 0.036408
v -0.654154 0.926404 0.058812
v -0.635372 0.925517 0.065563
v -0.639244 0.911298 0.067300
v -0.655799 0.914349 0.054629
v -0.658701 0.887954 0.058907
v -0.647130 0.884674 0.068420
v -0.661827 0.923782 0.033726
v -0.672727 0.913269 0.053426
v -0.672510 0.890156 0.061841
v -0.673494 0.926791 0.035933
v -0.644715 0.932296 -0.060982
v -0.641772 0.906210 -0.071423
v -0.661149 0.906510 -0.054793
v -0.659012 0.928849 -0.056671
v -0.659343 0.932617 -0.037311
v -0.646919 0.937211 -0.037834
v -0.662302 0.921681 -0.034110
v -0.639206 0.861584 -0.074138
v -0.661075 0.865697 -0.057155
v -0.665956 0.868389 -0.045719
v -0.672059 0.900631 -0.045081
v -0.673861 0.917866 -0.032094
v -0.707813 0.894428 0.089766
v -0.713289 0.926786 0.079576
v -0.729484 0.918979 0.083854
v -0.720457 0.888637 0.092816
v -0.740147 0.906650 0.076058
v -0.721791 0.868346 0.080785
v -0.704181 0.857483 0.087686
v -0.749378 0.896534 0.073323
v -0.726614 0.862361 0.079752
v -0.685849 0.922965 -0.037462
v -0.687065 0.901214 -0.044748
v -0.692510 0.904793 -0.057649
v -0.692840 0.933105 -0.052866
v -0.683471 0.949919 -0.018727
v -0.678112 0.939052 -0.014716
v -0.698638 0.945202 -0.045385
v -0.696788 0.951632 -0.018576
v -0.705386 0.907656 -0.063343
v -0.709921 0.930470 -0.054081
v -0.712272 0.941999 -0.044242
v -0.723238 0.828990 0.050773
v -0.728760 0.861378 0.088522
v -0.736409 0.829285 0.058051
v -0.736510 0.833493 0.008227
v -0.728252 0.828225 0.009849
v -0.755165 0.823962 0.045936
v -0.754386 0.836339 0.001136
v -0.714235 0.949379 -0.018182
v -0.748244 0.838968 -0.035277
v -0.737964 0.839094 -0.029023
v -0.779192 0.836021 -0.022860
v -0.773976 0.840101 -0.049206
v -0.767993 0.838973 0.014596
v -0.784575 0.844597 0.002861
v -0.809903 0.804633 0.140035
v -0.831306 0.798104 0.143278
v -0.817807 0.795344 0.124121
v -0.806985 0.799965 0.129609
v -0.832261 0.809971 0.144183
v -0.835052 0.801534 0.137535
v -0.824764 0.806563 0.149776
v -0.813199 0.815264 0.143014
v -0.821441 0.820755 0.135642
v -0.836341 0.812149 0.136726
v -0.838209 0.806564 0.131686
v -0.829289 0.820865 0.127538
v -0.833522 0.812205 0.118071
v -0.826681 0.800043 0.117558
v -0.772744 0.835022 0.043899
v -0.791592 0.847302 0.038878
v -0.747935 0.940760 -0.042800
v -0.743100 0.927923 -0.050878
v -0.755213 0.924470 -0.049475
v -0.761327 0.938017 -0.043524
v -0.764839 0.920526 -0.030256
v -0.766286 0.936846 -0.024265
v -0.755284 0.943937 -0.019068
v -0.765237 0.884747 0.091075
v -0.765422 0.918317 0.056485
v -0.772578 0.908898 0.081838
v -0.773280 0.858073 0.107240
v -0.757434 0.840242 0.113444
v -0.790964 0.896116 0.096652
v -0.789825 0.867715 0.094684
v -0.743446 0.901947 -0.058168
v -0.750601 0.896985 -0.050575
v -0.753316 0.895176 -0.044078
v -0.770775 0.915351 -0.028311
v -0.777938 0.933166 0.011470
v -0.775897 0.937058 0.014449
v -0.783606 0.933059 0.010735
v -0.833124 0.845568 -0.029795
v -0.838127 0.854036 -0.014263
v -0.849232 0.856455 -0.023518
v -0.892806 0.876816 -0.025883
v -0.859888 0.874493 -0.036174
v -0.840864 0.868858 -0.052527
v -0.873250 0.851560 -0.018987
v -0.794955 0.891260 -0.056737
v -0.777683 0.862514 -0.062309
v -0.807748 0.866547 -0.057122
v -0.811374 0.886780 -0.053554
v -0.832536 0.894587 -0.037558
v -0.817866 0.915867 -0.037436
v -0.868652 0.864592 -0.000571
v -0.880378 0.858225 -0.002639
v -0.843493 0.860922 0.011382
v -0.852455 0.862429 -0.000417
v -0.755610 0.932931 0.056205
v -0.767363 0.948699 0.018395
v -0.778438 0.924801 0.053897
v -0.786602 0.915500 0.083176
v -0.741067 0.951637 0.017718
v -0.735925 0.946900 -0.018630
v -0.738819 0.941479 0.055687
v -0.784317 0.831069 0.080496
v -0.792586 0.845215 0.081389
v -0.808527 0.813940 0.103414
v -0.814321 0.823641 0.104975
v -0.813657 0.831021 0.111380
v -0.794127 0.857516 0.087959
v -0.811397 0.908477 0.094946
v -0.815143 0.888172 0.096922
v -0.817256 0.872844 0.085533
v -0.874535 0.888839 -0.006207
v -0.894354 0.873947 0.000394
v -0.895820 0.889882 0.010633
v -0.862324 0.893583 -0.001937
v -0.874464 0.872345 0.005861
v -0.842625 0.884832 -0.038508
v -0.891753 0.897420 0.029979
v -0.863691 0.910968 0.026368
v -0.840501 0.911967 0.031583
v -0.840869 0.908899 0.001525
v -0.871030 0.863022 0.024524
v -0.817792 0.847064 0.000020
v -0.821962 0.854434 0.035580
v -0.840589 0.862422 0.039203
v -0.872482 0.871871 0.040929
v -0.830383 0.912135 0.085401
v -0.829920 0.896975 0.087776
v -0.838710 0.907190 0.073150
v -0.835912 0.888251 0.075775
v -0.870812 0.901467 0.088118
v -0.866682 0.884838 0.091404
v -0.870377 0.874645 0.078454
v -0.842612 0.871637 0.064330
v -0.821247 0.862625 0.067313
v -0.826866 0.920573 0.060788
v -0.820506 0.927957 0.040831
v -0.833226 0.922763 0.036632
v -0.835453 0.920246 0.053263
v -0.846425 0.907893 0.052793
v -0.878834 0.903204 0.071769
v -0.816522 0.921167 0.070326
v -0.859226 0.893329 0.041557
v -0.880735 0.889751 0.060515
v -0.881020 0.887988 0.046359
v -0.850059 0.882796 0.048604
v -0.876456 0.878081 0.063466
v -0.908051 0.868628 0.105768
v -0.912952 0.879919 0.104374
v -0.932658 0.868902 0.110188
v -0.927688 0.856948 0.109709
v -0.941372 0.866335 0.102233
v -0.934727 0.852901 0.101412
v -0.909735 0.860343 0.092954
v -0.919331 0.881531 0.091401
v -0.940925 0.867855 0.091227
v -0.933889 0.855357 0.089869
v -0.921559 0.876251 0.079602
v -0.916051 0.864323 0.081057
v -0.209428 0.007901 -0.093921
v -0.169598 0.007969 -0.091795
v -0.170525 0.007286 -0.070523
v -0.201148 0.007371 -0.076873
v -0.212326 0.006874 -0.058882
v -0.237120 0.007195 -0.072907
v -0.177360 0.006666 -0.045677
v -0.142157 0.006504 -0.033501
v -0.157955 0.005763 -0.002233
v -0.186315 0.005966 -0.016403
v -0.221470 0.006143 -0.026843
v -0.136226 0.007214 -0.063198
v -0.111825 0.007316 -0.059772
v -0.119007 0.006379 -0.023146
v -0.102127 0.006268 -0.015909
v -0.128602 0.007426 0.021918
v -0.141949 0.005760 0.009444
v -0.097195 0.007630 -0.057668
v -0.092804 0.022128 -0.055103
v -0.097517 0.019047 -0.014122
v -0.100574 0.015528 -0.091843
v -0.100924 0.027660 -0.088578
v -0.105099 0.045480 -0.081398
v -0.123016 0.021843 -0.117116
v -0.125661 0.034534 -0.111401
v -0.128204 0.051256 -0.106459
v -0.130986 0.083807 -0.099048
v -0.173176 0.036952 -0.122785
v -0.174715 0.057889 -0.117727
v -0.174692 0.082932 -0.111130
v -0.172813 0.107280 -0.106244
v -0.129961 0.106933 -0.089721
v -0.123521 0.141088 -0.083481
v -0.167158 0.141794 -0.104663
v -0.213604 0.142898 -0.108279
v -0.203238 0.183371 -0.100933
v -0.202438 0.208918 -0.096472
v -0.237297 0.177126 -0.080599
v -0.241852 0.199809 -0.086352
v -0.251170 0.237725 -0.091363
v -0.203393 0.240971 -0.110647
v -0.258908 0.172761 -0.057208
v -0.265090 0.195528 -0.055213
v -0.272347 0.237813 -0.050954
v -0.268077 0.281754 -0.037318
v -0.248349 0.282852 -0.078432
v -0.275213 0.192795 -0.017684
v -0.281121 0.233573 -0.011093
v -0.275413 0.276187 0.004485
v -0.271548 0.298143 0.017773
v -0.260784 0.307062 -0.026037
v -0.271414 0.231244 0.021745
v -0.267240 0.266881 0.032930
v -0.261429 0.284054 0.043626
v -0.264114 0.230458 0.045539
v -0.270755 0.191176 0.014039
v -0.265374 0.192008 0.043597
v -0.252465 0.193251 0.061705
v -0.253200 0.230154 0.063971
v -0.228016 0.192049 0.075374
v -0.229117 0.228150 0.075542
v -0.201106 0.189149 0.083149
v -0.197048 0.222303 0.084712
v -0.179739 0.185119 0.087945
v -0.172345 0.216657 0.091020
v -0.162676 0.181758 0.081910
v -0.152439 0.211964 0.084336
v -0.145706 0.177357 0.067376
v -0.132169 0.207348 0.083655
v -0.120204 0.173341 0.047408
v -0.114634 0.208346 0.066680
v -0.096632 0.252791 0.055815
v -0.100230 0.284334 0.066022
v -0.078734 0.258033 0.022013
v -0.081662 0.297741 0.031522
v -0.091367 0.310502 0.031133
v -0.079979 0.262222 -0.013376
v -0.080862 0.304720 -0.008512
v -0.092222 0.312756 -0.007201
v -0.091282 0.321183 -0.008224
v -0.094345 0.321375 0.032360
v -0.087388 0.306353 -0.046892
v -0.105510 0.316202 -0.039965
v -0.108715 0.323097 -0.040718
v -0.105104 0.337719 -0.046336
v -0.086647 0.337910 -0.009398
v -0.150697 0.310781 -0.066881
v -0.152251 0.324173 -0.065173
v -0.196796 0.312219 -0.076042
v -0.195966 0.323768 -0.072667
v -0.230088 0.317259 -0.057798
v -0.224957 0.321066 -0.051907
v -0.228264 0.329451 -0.050066
v -0.198669 0.308661 -0.087427
v -0.240874 0.312306 -0.070683
v -0.205031 0.282750 -0.099734
v -0.146312 0.305271 -0.077224
v -0.145174 0.279027 -0.089896
v -0.087349 0.270643 -0.054109
v -0.087462 0.361505 -0.008945
v -0.089200 0.339865 0.036422
v -0.105572 0.361044 -0.043310
v -0.112232 0.374962 -0.035431
v -0.096206 0.374012 -0.006027
v -0.101135 0.382000 -0.005264
v -0.115089 0.382700 -0.034239
v -0.110967 0.386307 -0.040852
v -0.092507 0.385872 -0.007893
v -0.149637 0.392793 -0.052127
v -0.147809 0.398277 -0.060937
v -0.141921 0.420864 -0.068888
v -0.099119 0.407242 -0.054203
v -0.191487 0.401997 -0.047472
v -0.195399 0.408985 -0.055293
v -0.193495 0.437443 -0.065218
v -0.234636 0.424729 -0.020098
v -0.234576 0.448190 -0.025324
v -0.227802 0.483246 -0.030381
v -0.217852 0.510384 -0.033761
v -0.247509 0.458477 0.036397
v -0.241658 0.490655 0.027173
v -0.230826 0.520467 0.021412
v -0.225937 0.495910 0.071598
v -0.217183 0.516377 0.065896
v -0.227963 0.528758 0.022562
v -0.216862 0.523918 -0.036394
v -0.221332 0.531341 -0.039223
v -0.188387 0.509133 -0.074970
v -0.235371 0.539914 0.022736
v -0.232204 0.555453 0.022423
v -0.217366 0.547372 -0.039946
v -0.208973 0.569771 -0.038579
v -0.182960 0.558437 -0.083121
v -0.224079 0.575838 0.021777
v -0.204782 0.576695 0.071970
v -0.188789 0.598562 0.069832
v -0.212399 0.600890 0.017459
v -0.198678 0.593000 -0.039280
v -0.189123 0.612174 -0.040080
v -0.171301 0.584589 -0.084384
v -0.198056 0.620714 0.017278
v -0.175115 0.613725 0.068112
v -0.165269 0.622033 0.066343
v -0.188591 0.631441 0.017881
v -0.181958 0.627109 -0.039152
v -0.172398 0.631882 -0.033441
v -0.173582 0.633948 0.017820
v -0.150935 0.624213 0.058685
v -0.145407 0.628709 0.058900
v -0.166603 0.637149 0.018918
v -0.163839 0.636252 -0.029099
v -0.173380 0.641851 0.022544
v -0.168303 0.640822 -0.030002
v -0.145184 0.632220 -0.074327
v -0.182315 0.646222 -0.033109
v -0.152906 0.636549 -0.082036
v -0.114195 0.618490 -0.101943
v -0.110688 0.617281 -0.091955
v -0.087061 0.601102 -0.107280
v -0.081168 0.601366 -0.092983
v -0.157828 0.648237 -0.087897
v -0.184030 0.660184 -0.032152
v -0.181048 0.676067 -0.031402
v -0.155880 0.666016 -0.089557
v -0.174735 0.694531 -0.029708
v -0.160685 0.704406 -0.026446
v -0.147027 0.702471 0.030346
v -0.149074 0.703575 -0.022421
v -0.142231 0.708605 0.029269
v -0.144022 0.710139 -0.019649
v -0.137172 0.716856 0.027703
v -0.138997 0.718968 -0.016919
v -0.119073 0.719402 -0.057891
v -0.145647 0.726777 -0.016646
v -0.125173 0.729248 -0.058725
v -0.085750 0.728663 -0.103056
v -0.079192 0.714189 -0.101914
v -0.051169 0.749113 -0.132671
v -0.042700 0.735261 -0.130038
v -0.000718 0.764895 -0.147866
v -0.000718 0.747740 -0.141059
v -0.000718 0.746987 -0.120935
v -0.000718 0.727907 -0.119808
v -0.000718 0.489645 -0.040794
v -0.021763 0.490168 -0.040934
v -0.000718 0.502836 -0.085366
v -0.034146 0.494365 -0.038219
v -0.041925 0.502247 0.013282
v -0.040147 0.504463 -0.034272
v -0.052745 0.496901 0.014508
v -0.050906 0.502655 -0.033671
v -0.059809 0.522221 -0.069111
v -0.057054 0.492976 -0.035669
v -0.069705 0.507134 -0.073259
v -0.087902 0.548776 -0.086474
v -0.062992 0.455795 -0.035091
v -0.085798 0.455969 -0.068464
v -0.075115 0.408484 -0.017449
v -0.059914 0.462478 0.022156
v -0.069798 0.418521 0.032990
v -0.088686 0.388011 0.036520
v -0.074876 0.425310 0.077405
v -0.092982 0.392874 0.081895
v -0.093526 0.438990 0.105537
v -0.079403 0.477491 0.098285
v -0.103634 0.490778 0.117710
v -0.114356 0.459905 0.122966
v -0.061367 0.469914 0.068870
v -0.060800 0.496954 0.058039
v -0.057634 0.485394 0.016973
v -0.055882 0.506861 0.052876
v -0.051451 0.513364 0.048146
v -0.142052 0.481490 0.126208
v -0.170045 0.499477 0.115532
v -0.175378 0.483025 0.119071
v -0.194299 0.509648 0.096559
v -0.202203 0.492905 0.100207
v -0.207502 0.476937 0.105194
v -0.206130 0.461534 0.106373
v -0.229947 0.475082 0.079537
v -0.231506 0.458845 0.087657
v -0.249385 0.438228 0.042494
v -0.225693 0.414070 -0.014311
v -0.000718 1.055564 -0.150881
v -0.063025 1.047848 -0.129669
v -0.063308 1.062102 -0.122466
v -0.000718 1.070707 -0.143695
v -0.000718 1.042174 -0.164215
v -0.066592 1.036769 -0.144056
v -0.000718 1.013073 -0.184060
v -0.068180 1.007289 -0.166353
v -0.131521 0.992076 -0.130361
v -0.066743 0.960846 -0.193428
v -0.136999 0.941342 -0.160042
v -0.156068 0.979903 -0.110663
v -0.170766 0.975327 -0.103129
v -0.180965 0.973086 -0.098824
v -0.177485 0.997377 -0.072627
v -0.175717 1.007048 -0.035885
v -0.181790 0.979548 -0.106199
v -0.181345 1.002210 -0.076088
v -0.180785 1.011970 -0.035104
v -0.175891 1.001285 0.015988
v -0.181580 1.023353 -0.035212
v -0.178180 0.979695 0.054231
v -0.167581 0.980901 0.056677
v -0.167069 1.004952 0.016808
v -0.152171 0.983440 0.060192
v -0.152112 1.008822 0.018808
v -0.138593 0.991382 0.066873
v -0.141682 1.014376 0.022613
v -0.180612 0.950451 0.077987
v -0.057792 0.902527 -0.191845
v -0.121503 0.878773 -0.160793
v -0.045510 0.841106 -0.183547
v -0.096679 0.813946 -0.156347
v -0.028894 0.801377 -0.163757
v -0.072968 0.784897 -0.143465
v -0.131981 0.754002 -0.054978
v -0.154323 0.749538 -0.012585
v -0.156122 0.758868 -0.011325
v -0.140050 0.761612 -0.057087
v -0.146081 0.746661 0.031684
v -0.150070 0.757006 0.033610
v -0.119023 0.740718 0.073349
v -0.123936 0.749820 0.078031
v -0.090568 0.736847 0.109385
v -0.094272 0.742282 0.111839
v -0.100570 0.739623 0.118273
v -0.071197 0.755005 0.133287
v -0.076080 0.753975 0.143989
v -0.116441 0.778295 0.133497
v -0.095866 0.775426 0.148925
v -0.125427 0.851577 0.146523
v -0.138868 0.847365 0.133913
v -0.159105 0.844414 0.113733
v -0.107758 0.929724 0.131609
v -0.056258 0.847439 0.184204
v -0.042506 0.920258 0.165256
v -0.000718 0.912282 0.177315
v -0.000718 0.927622 0.173341
v -0.039688 0.932350 0.157096
v -0.000718 0.849760 0.202033
v -0.049626 0.775754 0.173580
v -0.000718 0.789769 0.196747
v -0.000718 0.966124 0.174682
v -0.036190 0.967805 0.161156
v -0.038200 0.949460 0.159366
v -0.000718 0.944879 0.173863
v -0.079253 0.956902 0.136683
v -0.085779 0.941423 0.131283
v -0.000718 0.979597 0.156318
v -0.029569 0.982558 0.148646
v -0.000718 0.976085 0.132372
v -0.021912 0.978895 0.125563
v -0.044860 0.982849 0.114649
v -0.022976 0.964706 0.124734
v -0.046530 0.967426 0.113834
v -0.067718 0.971370 0.100673
v -0.046220 0.955138 0.110922
v -0.063456 0.962454 0.092952
v -0.023517 0.952450 0.122972
v -0.020438 0.952687 0.112066
v -0.000718 0.948330 0.128066
v -0.000718 0.951532 0.114369
v -0.000718 0.955694 0.092617
v -0.019993 0.957943 0.095498
v -0.000718 0.976603 0.076803
v -0.020355 0.975045 0.076353
v -0.000718 0.963151 0.130929
v -0.000718 0.729914 0.137839
v -0.024097 0.723915 0.133662
v -0.000718 0.725263 0.127296
v -0.000718 0.717088 0.127094
v -0.000718 0.714283 0.134590
v -0.000718 0.713925 0.144700
v -0.000718 0.730065 0.150005
v -0.025762 0.727969 0.143176
v -0.000718 0.740717 0.154546
v -0.027554 0.737478 0.146969
v -0.000718 0.752587 0.156273
v -0.028553 0.748529 0.148262
v -0.000718 0.764384 0.157809
v -0.030994 0.760905 0.148615
v -0.066792 0.746354 0.129514
v -0.034273 0.770791 0.152845
v -0.000718 0.773441 0.159550
v -0.000718 0.778916 0.178276
v -0.036547 0.768297 0.162627
v -0.083587 0.760403 0.152656
v -0.118234 0.730468 0.072897
v -0.144913 0.735268 0.030562
v -0.141196 0.724586 0.028881
v -0.151635 0.737921 -0.015122
v -0.128945 0.740907 -0.057125
v -0.098608 0.755821 -0.100265
v -0.092100 0.744406 -0.100191
v -0.062217 0.780034 -0.129516
v -0.057716 0.766445 -0.130635
v -0.000718 0.784386 -0.147965
v -0.000718 0.810443 -0.152619
v -0.108101 0.756009 -0.110335
v -0.000718 0.911025 -0.204594
v -0.000718 0.847926 -0.193724
v -0.000718 0.809172 -0.173049
v -0.000718 0.966725 -0.207976
v -0.185300 0.660891 0.029165
v -0.183295 0.647780 0.026557
v -0.160196 0.646952 0.085595
v -0.132872 0.631321 0.109579
v -0.118953 0.607299 0.082236
v -0.113520 0.612433 0.082119
v -0.102175 0.594786 0.078491
v -0.093860 0.603626 0.080552
v -0.081365 0.570184 0.078114
v -0.073232 0.575003 0.080904
v -0.069354 0.575401 0.089651
v -0.075180 0.569722 0.097725
v -0.166743 0.505997 -0.091170
v -0.146965 0.536475 -0.093464
v -0.167010 0.163254 0.083460
v -0.182406 0.164839 0.089295
v -0.183599 0.149805 0.096472
v -0.166215 0.143785 0.088342
v -0.184028 0.137259 0.108320
v -0.167569 0.127108 0.101273
v -0.153511 0.096312 0.098477
v -0.205799 0.151997 0.090666
v -0.208757 0.140981 0.102445
v -0.234236 0.154154 0.081219
v -0.238827 0.143576 0.092890
v -0.243155 0.132430 0.103820
v -0.241910 0.116998 0.102210
v -0.235875 0.108923 0.088261
v -0.238544 0.097699 0.100162
v -0.244485 0.091510 0.124776
v -0.215835 0.091146 0.132643
v -0.192499 0.088946 0.136415
v -0.230324 0.168716 0.076123
v -0.203265 0.166148 0.083807
v -0.268509 0.169550 -0.025877
v -0.225009 0.036565 -0.123430
v -0.170696 0.024158 -0.128646
v -0.225392 0.023778 -0.130756
v -0.268531 0.018660 -0.088642
v -0.267780 0.032800 -0.085182
v -0.289715 0.013865 -0.028448
v -0.286427 0.029948 -0.026280
v -0.281743 0.016623 0.021545
v -0.282072 0.031627 0.028109
v -0.302847 0.032033 0.066562
v -0.310095 0.028216 0.124529
v -0.294193 0.027009 0.164651
v -0.259357 0.029527 0.183146
v -0.261627 0.022155 0.189646
v -0.261210 0.009953 0.190262
v -0.255874 0.001642 0.178974
v -0.222602 0.001551 0.176796
v -0.211182 0.001141 0.154936
v -0.198206 0.002520 0.126129
v -0.177366 0.002649 0.131585
v -0.159349 0.003379 0.136223
v -0.192587 0.004545 0.090268
v -0.173846 0.005056 0.090336
v -0.157562 0.006280 0.087373
v -0.149534 0.015843 0.085323
v -0.149018 0.010609 0.138006
v -0.167056 0.006549 0.047133
v -0.154850 0.008051 0.051298
v -0.146273 0.022000 0.053228
v -0.153329 0.030783 0.087231
v -0.121108 0.022294 0.029269
v -0.150029 0.025373 0.135562
v -0.182741 0.006363 0.041356
v -0.219118 0.004266 0.087201
v -0.205409 0.006425 0.034734
v -0.247599 0.004185 0.080972
v -0.233196 0.006565 0.028677
v -0.269610 0.004161 0.075178
v -0.251075 0.006557 0.025778
v -0.245463 0.006154 -0.030223
v -0.263668 0.006895 0.023141
v -0.261028 0.006212 -0.029467
v -0.251361 0.007492 -0.080863
v -0.275958 0.006966 -0.028101
v -0.263038 0.009316 -0.086685
v -0.221913 0.011450 -0.124780
v -0.214639 0.008535 -0.111123
v -0.276226 0.009483 0.020929
v -0.802457 0.919146 0.078430
v -0.790393 0.930775 0.050314
v -0.805437 0.929977 0.046367
v -0.796349 0.933181 0.007541
v -0.814243 0.929624 0.004537
v -0.781060 0.917878 -0.029547
v -0.798877 0.921498 -0.033660
v -0.831311 0.924296 0.001863
v -0.760561 0.895253 -0.049583
v -0.775601 0.892828 -0.053874
v -0.744045 0.861704 -0.046584
v -0.756324 0.860946 -0.056736
v -0.736832 0.861188 -0.050542
v -0.733283 0.835770 -0.028074
v -0.726686 0.826256 -0.033205
v -0.718936 0.817132 0.008855
v -0.734587 0.858801 -0.057083
v -0.727617 0.858759 -0.063424
v -0.716497 0.823359 -0.035604
v -0.704790 0.823101 -0.037002
v -0.695881 0.814194 0.007138
v -0.707063 0.815040 0.008115
v -0.716788 0.858849 -0.065878
v -0.705811 0.860431 -0.067859
v -0.693639 0.823404 -0.038694
v -0.733163 0.905069 -0.059571
v -0.719693 0.907079 -0.061226
v -0.694742 0.862663 -0.066434
v -0.726578 0.930290 -0.052023
v -0.730632 0.942801 -0.042740
v -0.689537 0.866477 -0.054661
v -0.679574 0.837364 -0.031510
v -0.683044 0.827366 -0.038460
v -0.671162 0.825104 0.004532
v -0.673960 0.817703 0.004670
v -0.683280 0.814132 0.005777
v -0.671225 0.829687 0.047188
v -0.679485 0.821166 0.051219
v -0.692002 0.819086 0.050695
v -0.683818 0.854033 0.082068
v -0.693442 0.853877 0.085730
v -0.703717 0.819020 0.051669
v -0.719705 0.823807 0.052129
v -0.684363 0.895682 0.082344
v -0.694542 0.897895 0.087205
v -0.680051 0.927320 0.072576
v -0.696061 0.929688 0.077386
v -0.682009 0.949350 0.048749
v -0.697106 0.947716 0.052102
v -0.716791 0.945467 0.054260
v -0.696329 0.955989 0.017763
v -0.716839 0.954345 0.017682
v -0.680545 0.956969 0.017680
v -0.671772 0.945129 0.015458
v -0.674455 0.937808 0.042157
v -0.672327 0.933785 0.013266
v -0.678169 0.920470 0.061751
v -0.680847 0.893037 0.071191
v -0.678212 0.858676 0.068317
v -0.672656 0.861443 0.060103
v -0.662514 0.862199 0.056375
v -0.670424 0.836184 0.041410
v -0.663074 0.839525 0.039194
v -0.657453 0.836104 0.041837
v -0.656341 0.858840 0.062629
v -0.665174 0.827933 0.004456
v -0.658116 0.824576 0.005079
v -0.646334 0.815488 0.003593
v -0.637160 0.825959 0.046644
v -0.671717 0.839859 -0.030057
v -0.660772 0.840755 -0.030441
v -0.654447 0.832254 -0.036253
v -0.627749 0.824820 -0.040288
v -0.618711 0.809174 0.001379
v -0.585682 0.794490 -0.003144
v -0.580520 0.808646 0.040751
v -0.606518 0.817353 0.044756
v -0.588152 0.815483 -0.043558
v -0.561084 0.790026 -0.005334
v -0.598680 0.855835 -0.086037
v -0.609602 0.903351 -0.082355
v -0.619354 0.935072 -0.067396
v -0.588036 0.939031 -0.071950
v -0.565248 0.941834 -0.075423
v -0.625377 0.941041 -0.038291
v -0.592892 0.946295 -0.040139
v -0.563765 0.950945 -0.041659
v -0.544768 0.953686 -0.042929
v -0.546755 0.935618 -0.075128
v -0.596664 0.954596 -0.015099
v -0.564541 0.961846 -0.016350
v -0.541210 0.965197 -0.017027
v -0.525091 0.959917 -0.015996
v -0.531583 0.948515 -0.041990
v -0.564741 0.960639 0.000897
v -0.541768 0.960732 0.002291
v -0.528597 0.956610 0.003124
v -0.520274 0.950872 0.001978
v -0.518664 0.951498 -0.015175
v -0.550337 0.950255 0.026152
v -0.567921 0.950317 0.023940
v -0.578244 0.942086 0.050204
v -0.598773 0.946911 0.026263
v -0.604763 0.939530 0.050033
v -0.610823 0.927542 0.067134
v -0.585739 0.930092 0.068947
v -0.616243 0.907283 0.069297
v -0.588924 0.905506 0.071165
v -0.622627 0.879047 0.070366
v -0.593613 0.872834 0.072674
v -0.629971 0.851051 0.071261
v -0.599852 0.844469 0.073100
v -0.576328 0.840953 0.074739
v -0.598055 0.954801 0.005525
v -0.630362 0.949569 0.009088
v -0.630074 0.947849 -0.013154
v -0.649820 0.943301 -0.013172
v -0.649688 0.946007 0.012711
v -0.659828 0.938247 -0.012952
v -0.660155 0.939208 0.013374
v -0.664616 0.930029 -0.011476
v -0.664538 0.931178 0.012462
v -0.674639 0.930018 -0.011247
v -0.509527 0.949833 -0.015793
v -0.512052 0.938787 -0.038658
v -0.523713 0.939234 -0.038202
v -0.510951 0.949158 0.001574
v -0.501961 0.948746 0.001424
v -0.499712 0.949081 -0.016160
v -0.508962 0.936304 0.032677
v -0.518461 0.905151 0.061988
v -0.507468 0.903856 0.063475
v -0.498573 0.897417 0.051933
v -0.516951 0.854344 0.063423
v -0.502896 0.853882 0.065254
v -0.494016 0.855208 0.060162
v -0.491316 0.858464 0.046845
v -0.492999 0.891718 0.044144
v -0.496908 0.811426 0.041005
v -0.483671 0.814920 0.039228
v -0.483458 0.825883 0.028428
v -0.482278 0.798920 -0.007776
v -0.478267 0.812675 -0.008274
v -0.484905 0.812779 -0.053523
v -0.481168 0.822090 -0.045876
v -0.474246 0.830850 -0.039049
v -0.486154 0.851546 -0.066724
v -0.495009 0.849081 -0.075129
v -0.501546 0.887865 -0.077177
v -0.488667 0.884496 -0.068202
v -0.500520 0.916732 -0.063346
v -0.488258 0.914607 -0.060997
v -0.499366 0.938057 -0.038865
v -0.515351 0.918218 -0.062795
v -0.514346 0.886759 -0.075649
v -0.529240 0.888089 -0.073229
v -0.530178 0.919737 -0.060805
v -0.543512 0.890090 -0.074381
v -0.544400 0.926587 -0.064252
v -0.523818 0.851205 -0.071063
v -0.537426 0.854485 -0.069072
v -0.516694 0.814676 -0.048529
v -0.530236 0.817083 -0.046053
v -0.510936 0.800151 -0.006322
v -0.522769 0.802544 -0.005613
v -0.528680 0.796895 -0.006415
v -0.526832 0.814171 0.034348
v -0.542323 0.786812 -0.006997
v -0.512379 0.812748 0.037724
v -0.530819 0.856280 0.061971
v -0.494508 0.798691 -0.006592
v -0.501580 0.812413 -0.051316
v -0.509201 0.849140 -0.073188
v -0.680169 0.867606 -0.045941
v -0.807573 0.834017 0.118849
v -0.797761 0.827393 0.129722
v -0.791514 0.817438 0.128620
v -0.792263 0.809306 0.119491
v -0.762118 0.819208 0.097534
v -0.799081 0.808273 0.109518
v -0.771668 0.821026 0.084682
v -0.810277 0.842461 -0.030587
v -0.832170 0.840236 -0.041627
v -0.835582 0.847920 -0.057211
v -0.805777 0.849904 -0.052257
v -0.471543 0.931985 -0.031769
v -0.471069 0.933846 -0.003200
v -0.462422 0.939813 -0.002490
v -0.460789 0.938641 -0.034739
v -0.455877 0.921131 -0.061461
v -0.451375 0.942587 -0.002661
v -0.441102 0.945332 -0.002463
v -0.435666 0.953623 -0.002364
v -0.440946 0.959265 -0.001994
v -0.439796 0.961406 -0.041991
v -0.429759 0.948393 0.036303
v -0.434046 0.954448 0.041617
v -0.450872 0.970120 -0.000295
v -0.406876 0.930542 0.073781
v -0.404670 0.938660 0.083411
v -0.432705 0.967292 0.048518
v -0.369205 0.902129 0.101452
v -0.366212 0.913509 0.107295
v -0.355906 0.927004 0.106388
v -0.395985 0.948538 0.087762
v -0.329286 0.886737 0.125822
v -0.323603 0.899083 0.128410
v -0.315347 0.907012 0.121324
v -0.306810 0.915815 0.109503
v -0.346333 0.934003 0.098638
v -0.289484 0.895813 0.124745
v -0.283521 0.908019 0.117210
v -0.280099 0.928028 0.111916
v -0.301672 0.935237 0.106241
v -0.271599 0.892216 0.123728
v -0.260297 0.887697 0.117357
v -0.260705 0.867124 0.108679
v -0.258803 0.881520 0.101855
v -0.297711 0.968346 0.100667
v -0.331555 0.976239 0.093294
v -0.338666 0.950181 0.096636
v -0.279021 0.965941 0.104145
v -0.279794 1.014391 0.093992
v -0.299500 1.011693 0.091597
v -0.305693 1.049682 0.078854
v -0.286122 1.054724 0.080675
v -0.287682 1.068682 0.044001
v -0.307476 1.062608 0.044469
v -0.291169 1.084989 -0.001522
v -0.312250 1.078323 0.000913
v -0.290160 1.083095 -0.044619
v -0.311944 1.076363 -0.041943
v -0.309378 1.071456 -0.073430
v -0.307190 1.066798 -0.099191
v -0.301135 1.045364 -0.112406
v -0.297891 1.011693 -0.125747
v -0.323814 1.011247 -0.120465
v -0.299271 0.971722 -0.138481
v -0.329913 0.981160 -0.128950
v -0.371338 0.994056 -0.108026
v -0.364632 1.014655 -0.105997
v -0.392095 1.001579 -0.073034
v -0.384444 1.016821 -0.073349
v -0.403403 1.004529 -0.036194
v -0.396233 1.017803 -0.035945
v -0.412278 1.003356 0.001242
v -0.402654 1.014472 0.002061
v -0.404543 0.986563 0.042788
v -0.393545 1.000922 0.045194
v -0.379277 0.968542 0.078905
v -0.372108 0.988325 0.078654
v -0.418020 0.979846 0.045878
v -0.387077 0.958291 0.081021
v -0.429194 0.974481 0.051526
v -0.427345 0.998467 0.001052
v -0.442406 0.993688 0.001577
v -0.448891 0.983221 0.001061
v -0.438063 0.999292 -0.042225
v -0.447706 0.987836 -0.043495
v -0.449572 0.973696 -0.044129
v -0.428984 0.979534 -0.083973
v -0.431709 0.965771 -0.080194
v -0.425789 0.955276 -0.071509
v -0.405299 0.948282 -0.106183
v -0.404393 0.938779 -0.095360
v -0.402904 0.930152 -0.084623
v -0.368374 0.909434 -0.122509
v -0.366474 0.902960 -0.108880
v -0.361191 0.903159 -0.096614
v -0.328611 0.876928 -0.128980
v -0.323587 0.877986 -0.114289
v -0.317214 0.887079 -0.107507
v -0.285762 0.885358 -0.114357
v -0.311419 0.898529 -0.104102
v -0.304207 0.911524 -0.100105
v -0.329082 0.933891 -0.073295
v -0.330290 0.923590 -0.065705
v -0.352276 0.944229 -0.035532
v -0.353374 0.953880 -0.040821
v -0.354375 0.943197 0.011394
v -0.355291 0.952305 0.013564
v -0.362778 0.954366 0.013805
v -0.371511 0.951916 0.016617
v -0.331753 0.922966 0.049476
v -0.336092 0.921013 0.055501
v -0.344756 0.914985 0.057776
v -0.382225 0.947926 0.020153
v -0.382843 0.935999 0.017401
v -0.380345 0.933954 0.014783
v -0.373629 0.934103 0.012103
v -0.362766 0.900172 0.041968
v -0.350895 0.903787 0.039964
v -0.366132 0.936332 0.011400
v -0.354722 0.863189 0.047013
v -0.336322 0.866402 0.048352
v -0.315931 0.874828 0.048632
v -0.340601 0.908787 0.038133
v -0.330663 0.833692 0.041338
v -0.299495 0.843462 0.044342
v -0.292521 0.818002 0.022817
v -0.262820 0.827232 0.024884
v -0.251353 0.825914 0.025242
v -0.237472 0.833200 0.025728
v -0.234946 0.828759 -0.014791
v -0.229207 0.834299 -0.014285
v -0.233037 0.841021 0.022351
v -0.235959 0.840840 -0.053573
v -0.228975 0.845344 -0.048789
v -0.222295 0.838792 -0.052222
v -0.220793 0.829610 -0.013728
v -0.224821 0.863462 -0.083775
v -0.213429 0.859684 -0.090308
v -0.215738 0.830776 -0.055938
v -0.224025 0.888919 -0.102006
v -0.223729 0.893748 -0.118799
v -0.221998 0.901290 -0.144001
v -0.203648 0.829494 -0.054924
v -0.207383 0.818349 -0.013751
v -0.216028 0.821766 -0.013826
v -0.209105 0.826435 0.031758
v -0.218922 0.830607 0.028778
v -0.223940 0.840668 0.023477
v -0.212606 0.855748 0.068403
v -0.198702 0.827425 0.031039
v -0.199108 0.817368 -0.013891
v -0.193076 0.829499 -0.055022
v -0.334527 0.915738 0.042755
v -0.357465 0.938034 0.010011
v -0.356219 0.936036 -0.033112
v -0.337634 0.911735 -0.062256
v -0.264706 0.880724 -0.124253
v -0.258318 0.883695 -0.144242
v -0.257495 0.899672 -0.137880
v -0.331292 0.883488 -0.144942
v -0.334348 0.891041 -0.159576
v -0.370541 0.916096 -0.135717
v -0.363401 0.929242 -0.141440
v -0.326626 0.906242 -0.164042
v -0.401321 0.959288 -0.114625
v -0.391259 0.972113 -0.115806
v -0.350341 0.942543 -0.139914
v -0.422173 0.989488 -0.083483
v -0.406036 0.996080 -0.076195
v -0.380471 0.982799 -0.109868
v -0.420095 1.003581 -0.039383
v -0.339398 0.955121 -0.135019
v -0.303488 0.936754 -0.148192
v -0.314507 0.917596 -0.158168
v -0.272565 1.084981 -0.045899
v -0.273022 1.086477 -0.003827
v -0.262806 1.076743 -0.006910
v -0.261931 1.075049 -0.045033
v -0.258361 1.064930 -0.044284
v -0.257935 1.065805 -0.009627
v -0.250789 1.068276 -0.044706
v -0.247853 1.080873 -0.046309
v -0.330490 0.875611 0.112995
v -0.449375 0.906821 -0.078028
v -0.428474 0.899974 -0.090784
v -0.407939 0.887469 -0.099056
v -0.425513 0.887157 -0.097447
v -0.405568 0.868667 -0.094478
v -0.422367 0.868413 -0.093413
v -0.402577 0.850089 -0.083989
v -0.419269 0.850155 -0.082379
v -0.398768 0.813551 -0.053355
v -0.383687 0.811780 -0.010294
v -0.399341 0.812888 -0.012592
v -0.384373 0.811402 0.018407
v -0.399697 0.812508 0.017062
v -0.418095 0.813909 0.015687
v -0.399081 0.812218 0.037788
v -0.383785 0.811166 0.039531
v -0.397512 0.817396 0.054649
v -0.370115 0.810761 -0.007322
v -0.437493 0.851383 0.077100
v -0.239485 0.962389 0.103658
v -0.247779 0.961239 0.093840
v -0.224991 0.929569 0.121791
v -0.222891 0.963009 0.105523
v -0.222213 1.007401 0.089945
v -0.237899 1.007635 0.086874
v -0.242399 1.044681 0.067474
v -0.214320 1.019380 -0.145304
v -0.212228 0.973542 -0.172324
v -0.092564 1.027957 0.026989
v -0.088032 1.048557 -0.014551
v -0.096439 1.017723 0.018782
v -0.090720 1.038224 -0.018926
v -0.077664 1.053507 -0.053954
v -0.075260 1.065511 -0.048978
v -0.051381 1.061868 -0.079420
v -0.048059 1.075871 -0.073099
v -0.023731 1.067574 -0.095059
v -0.020037 1.082385 -0.088278
v -0.049162 1.051580 -0.077433
v -0.023111 1.057221 -0.092313
v -0.000718 1.059526 -0.097534
v -0.000718 1.072443 -0.102762
v -0.000718 1.084997 -0.095033
v -0.019956 1.057546 -0.075591
v -0.020627 1.067961 -0.070714
v -0.000718 1.069732 -0.076333
v -0.000718 1.059298 -0.081157
v -0.000718 1.053640 -0.087834
v -0.020602 1.051810 -0.083511
v -0.043488 1.045919 -0.070312
v -0.042162 1.055463 -0.063651
v -0.062504 1.050490 -0.040034
v -0.059775 1.059501 -0.034134
v -0.041908 1.066355 -0.059281
v -0.063592 1.040891 -0.046135
v -0.074476 1.029646 -0.015166
v -0.072634 1.039718 -0.008101
v -0.071764 1.042700 -0.052422
v -0.084640 1.030208 -0.019786
v -0.087990 1.011917 0.014243
v -0.074904 1.014420 0.015373
v -0.069550 1.000050 0.038085
v -0.061599 1.014052 0.050123
v -0.069510 1.027050 0.022905
v -0.086151 0.996183 0.037347
v -0.063836 0.986687 0.054635
v -0.097882 1.001613 0.045394
v -0.053415 0.998086 0.071790
v -0.058491 1.034664 0.025737
v -0.064693 1.046415 -0.002610
v -0.053621 1.049047 0.001610
v -0.048957 1.059635 -0.027858
v -0.054538 1.061089 0.009353
v -0.049037 1.068601 -0.021918
v -0.035674 1.068931 -0.050774
v -0.018919 1.073830 -0.062642
v -0.000718 1.076150 -0.066607
v -0.071439 1.064757 0.014838
v -0.055127 1.075466 -0.021264
v -0.079862 1.077848 0.022543
v -0.063313 1.087451 -0.022715
v -0.073861 1.072354 0.062626
v -0.058864 1.068541 0.084678
v -0.038058 1.062613 0.104772
v -0.023878 1.041329 0.116318
v -0.068075 0.623924 -0.151751
v -0.099256 0.629474 0.122986
v -0.089041 0.615485 0.120955
v -0.085614 0.614380 0.136726
v -0.072383 0.614048 0.144930
v -0.076376 0.565980 0.112299
v -0.075107 0.564648 0.130421
v -0.066116 0.565426 0.142590
v -0.050072 0.569619 0.140283
v -0.058851 0.614769 0.137607
v -0.064979 0.525657 0.118958
v -0.061778 0.523109 0.132980
v -0.046252 0.525215 0.139065
v -0.033955 0.528868 0.137395
v -0.035985 0.572076 0.148290
v -0.024683 0.570950 0.160585
v -0.031546 0.615787 0.164906
v -0.054823 0.614980 0.157851
v -0.019532 0.525376 0.145840
v -0.000718 0.521574 0.151470
v -0.000718 0.575040 0.160439
v -0.000718 0.615921 0.164462
v -0.028975 0.656841 0.165543
v -0.000718 0.652266 0.166659
v -0.066605 0.525616 -0.118880
v -0.000718 0.581377 -0.164469
v -0.000718 0.534603 -0.148714
v -0.000718 0.499296 -0.149029
v -0.034704 0.455473 -0.151188
v -0.021906 0.433951 -0.154739
v -0.000718 0.419517 -0.160276
v -0.030212 1.117272 -0.069637
v -0.029930 1.144110 -0.067855
v -0.017222 1.143839 -0.074266
v -0.018737 1.118883 -0.076531
v -0.000718 1.143493 -0.074717
v -0.000718 1.119023 -0.077401
v -0.000718 1.201451 -0.037556
v -0.013294 1.201303 -0.036755
v -0.000718 1.211016 -0.003170
v -0.000718 1.210132 0.058459
v -0.000718 1.185302 0.107032
v -0.029555 1.154907 0.115049
v -0.000718 1.153149 0.129098
v -0.024034 1.129802 0.120880
v -0.000718 1.128880 0.128142
v -0.000718 1.180688 -0.063634
v -0.015439 1.180841 -0.062518
v -0.010342 1.049302 0.117122
v -0.000718 0.444000 0.076627
v -0.047330 1.150660 0.103951
v -0.030121 1.152008 0.095003
v -0.013506 0.392873 0.102352
v -0.000718 0.384507 0.099800
v -0.173673 0.445086 0.098553
v -0.238002 0.378638 0.126595
v -0.239525 0.340259 0.119130
v -0.218775 0.334117 0.131002
v -0.221833 0.373952 0.140991
v -0.196504 0.329860 0.139701
v -0.198991 0.369387 0.149361
v -0.178245 0.326293 0.146942
v -0.180421 0.365372 0.158250
v -0.164523 0.323965 0.147306
v -0.162520 0.361404 0.160652
v -0.212523 0.299592 0.115371
v -0.238701 0.306824 0.101470
v -0.226537 0.296329 0.084878
v -0.218421 0.293177 0.073013
v -0.219712 0.281757 0.064718
v -0.136643 0.327718 0.105845
v -0.000718 1.100818 -0.106803
v -0.820219 0.844609 -0.027188
v -0.824880 0.847580 -0.015504
v 0.930528 0.839889 0.028273
v 0.927649 0.843712 0.019141
v 0.935154 0.849872 0.018501
v 0.940313 0.851216 0.027479
v 0.907091 0.854451 0.015317
v 0.913645 0.862656 0.012362
v 0.918176 0.870617 0.020505
v 0.930430 0.841383 0.037466
v 0.938544 0.852614 0.035231
v 0.932337 0.856104 0.043329
v 0.926683 0.847626 0.044384
v 0.917689 0.871846 0.033256
v 0.914775 0.869103 0.045204
v 0.908320 0.859071 0.045784
v 0.904012 0.850754 0.021582
v 0.903491 0.850980 0.035882
v 0.914956 0.835901 -0.013970
v 0.911550 0.838186 -0.026156
v 0.918164 0.844006 -0.027927
v 0.923065 0.847349 -0.016731
v 0.896314 0.845468 -0.028809
v 0.904027 0.855051 -0.032009
v 0.908574 0.861858 -0.019614
v 0.893200 0.842203 -0.015024
v 0.920264 0.850830 -0.006200
v 0.915514 0.842517 -0.003572
v 0.897910 0.849423 -0.002201
v 0.907130 0.861400 -0.003215
v 0.874613 0.852437 -0.035238
v 0.880715 0.865248 -0.037394
v 0.878896 0.847944 -0.041663
v 0.863830 0.859777 -0.039855
v 0.878422 0.834817 -0.036085
v 0.855376 0.841633 -0.059363
v 0.873107 0.832047 -0.054036
v 0.867494 0.830941 -0.049854
v 0.852388 0.836104 -0.046289
v 0.850987 0.845138 -0.030270
v 0.877175 0.841652 -0.055331
v 0.860358 0.854856 -0.056535
v 0.362574 0.812446 0.042525
v 0.363184 0.826449 0.048110
v 0.360985 0.829758 0.029554
v 0.362058 0.813996 0.023742
v 0.367143 0.863623 0.059801
v 0.366012 0.863235 0.045748
v 0.346808 0.812170 0.007550
v 0.355310 0.822568 -0.002244
v 0.350212 0.830987 0.034370
v 0.360800 0.817126 -0.004052
v 0.258921 0.865883 -0.149506
v 0.273960 0.851456 -0.150175
v 0.271754 0.853717 -0.129203
v 0.265368 0.865193 -0.127863
v 0.301047 0.858530 -0.141708
v 0.294287 0.860264 -0.124240
v 0.287731 0.871268 -0.119131
v 0.138128 0.086246 0.061610
v 0.145238 0.109688 0.083475
v 0.145889 0.126750 0.059251
v 0.139753 0.097866 0.047069
v 0.129728 0.156797 0.032806
v 0.128990 0.132019 0.031207
v 0.151592 0.158143 0.056715
v 0.120930 0.101670 0.039091
v 0.170916 0.012892 0.177249
v 0.180060 0.003232 0.173055
v 0.192623 0.007179 0.190223
v 0.193041 0.014732 0.198634
v 0.192401 0.001310 0.164834
v 0.203762 0.004327 0.188714
v 0.206199 0.010731 0.200836
v 0.227079 0.005703 0.192786
v 0.229746 0.014491 0.200911
v 0.209961 0.017577 0.206553
v 0.198777 0.025737 0.198059
v 0.228001 0.022357 0.196023
v 0.173149 0.024329 0.172973
v 0.176751 0.040421 0.169596
v 0.197690 0.036351 0.196647
v 0.225836 0.033944 0.192862
v 0.182805 0.060233 0.169647
v 0.197538 0.049028 0.196684
v 0.203321 0.060990 0.189003
v 0.197841 0.073423 0.168559
v 0.218879 0.073152 0.162757
v 0.223914 0.058990 0.185450
v 0.225328 0.046666 0.192891
v 0.246776 0.000616 0.162678
v 0.236547 0.001112 0.143040
v 0.256398 0.001358 0.131032
v 0.270770 0.000867 0.140980
v 0.279169 0.001919 0.112460
v 0.255789 0.002284 0.111796
v 0.225837 0.002436 0.118412
v 0.298573 0.016589 0.166475
v 0.292501 0.005571 0.164986
v 0.308763 0.000000 0.149035
v 0.314852 0.015818 0.128463
v 0.283105 0.001224 0.154592
v 0.295687 0.001600 0.122375
v 0.285207 0.004149 0.070939
v 0.296473 0.003978 0.071751
v 0.310881 0.017010 0.065002
v 0.257142 0.043385 0.183067
v 0.287709 0.040670 0.165405
v 0.283837 0.052867 0.166818
v 0.254693 0.059174 0.176466
v 0.249390 0.073481 0.153514
v 0.285619 0.067023 0.136354
v 0.304254 0.047154 0.126792
v 0.170562 0.072507 0.133515
v 0.174117 0.078164 0.105765
v 0.160314 0.058219 0.089410
v 0.157878 0.047582 0.131556
v 0.149002 0.073418 0.052348
v 0.148841 0.059294 0.052132
v 0.155389 0.066104 0.080657
v 0.167296 0.086360 0.098180
v 0.142956 0.076180 0.080551
v 0.190579 0.092906 0.113061
v 0.186200 0.105943 0.103492
v 0.182943 0.123443 0.117916
v 0.170561 0.116428 0.109817
v 0.192685 0.114209 0.112401
v 0.210894 0.116196 0.110151
v 0.208808 0.108797 0.095722
v 0.208058 0.095821 0.108484
v 0.209932 0.129837 0.114514
v 0.144225 0.039423 0.051699
v 0.129927 0.065866 0.034215
v 0.124527 0.041344 0.027863
v 0.135800 0.079244 0.036786
v 0.262196 0.097480 0.075876
v 0.262145 0.089552 0.083332
v 0.276648 0.060981 0.046902
v 0.276064 0.072584 0.046712
v 0.274380 0.082627 0.102556
v 0.293118 0.057147 0.075776
v 0.279512 0.065078 -0.005453
v 0.279253 0.048828 -0.017345
v 0.277485 0.094665 0.005868
v 0.274310 0.086020 0.024160
v 0.290673 0.088565 -0.018911
v 0.271421 0.104781 0.083936
v 0.286213 0.076839 0.049358
v 0.290600 0.096539 0.051127
v 0.274802 0.119427 0.079095
v 0.284166 0.109798 0.032886
v 0.269949 0.133934 0.069373
v 0.274446 0.126891 0.025433
v 0.279735 0.130215 -0.010039
v 0.105003 0.064147 -0.015911
v 0.103749 0.038570 -0.016892
v 0.102049 0.101817 -0.000244
v 0.108416 0.106932 -0.035814
v 0.101019 0.072871 -0.045120
v 0.167315 0.013980 -0.125302
v 0.167761 0.009688 -0.112998
v 0.135061 0.010011 -0.111988
v 0.125351 0.014422 -0.117304
v 0.110770 0.008205 -0.091071
v 0.132633 0.007968 -0.088976
v 0.095235 0.041162 -0.051942
v 0.259563 0.150888 0.062787
v 0.263733 0.167046 0.004273
v 0.256607 0.161802 0.039626
v 0.226156 0.058884 -0.118579
v 0.222498 0.086978 -0.109735
v 0.259933 0.078280 -0.078665
v 0.261254 0.051013 -0.079726
v 0.217528 0.106300 -0.105950
v 0.241007 0.105065 -0.079794
v 0.259973 0.109136 -0.073422
v 0.279715 0.096231 -0.064078
v 0.269591 0.133527 -0.042280
v 0.258225 0.136836 -0.067098
v 0.252691 0.169598 0.061870
v 0.113701 0.133396 0.002352
v 0.109156 0.135215 -0.026426
v 0.105251 0.078762 -0.070775
v 0.116923 0.109232 -0.056412
v 0.240428 0.139561 -0.082541
v 0.115844 0.138657 -0.045440
v 0.114008 0.164054 0.010593
v 0.099029 0.187412 0.025045
v 0.087491 0.194529 0.004568
v 0.106434 0.166421 -0.011253
v 0.112339 0.168449 -0.035312
v 0.090242 0.192051 -0.027736
v 0.091793 0.215782 0.041880
v 0.077937 0.222035 0.013022
v 0.079694 0.223359 -0.020804
v 0.115157 0.249257 0.076838
v 0.128806 0.248218 0.090605
v 0.127587 0.280288 0.096812
v 0.117099 0.278505 0.084526
v 0.144937 0.251533 0.089707
v 0.138473 0.277454 0.091930
v 0.124741 0.291842 0.085354
v 0.162811 0.253265 0.092018
v 0.157178 0.277414 0.088969
v 0.192025 0.254366 0.085398
v 0.187754 0.271022 0.078962
v 0.189683 0.281744 0.081746
v 0.164451 0.287230 0.092757
v 0.133445 0.296273 0.080682
v 0.141180 0.307079 0.083562
v 0.189709 0.298595 0.126605
v 0.172208 0.297918 0.135334
v 0.166354 0.285980 0.124545
v 0.180288 0.285698 0.113149
v 0.166989 0.288722 0.100055
v 0.157098 0.292799 0.118027
v 0.158702 0.302398 0.131368
v 0.146820 0.308508 0.094989
v 0.144918 0.307518 0.109264
v 0.193688 0.287515 0.088067
v 0.201763 0.286023 0.100310
v 0.228120 0.256024 0.075560
v 0.250936 0.256368 0.066356
v 0.251305 0.272852 0.066251
v 0.224497 0.271507 0.070482
v 0.259651 0.259752 0.051281
v 0.257836 0.274494 0.055459
v 0.144935 0.310189 0.122364
v 0.150270 0.325575 0.136146
v 0.138209 0.331687 0.128246
v 0.130711 0.326325 0.116238
v 0.149789 0.359857 0.149283
v 0.136131 0.357149 0.135577
v 0.126940 0.355453 0.122694
v 0.158393 0.180368 -0.095417
v 0.117616 0.174109 -0.069663
v 0.103190 0.194671 -0.066631
v 0.154249 0.206555 -0.089592
v 0.146797 0.235557 -0.098163
v 0.086056 0.225211 -0.061157
v 0.119126 0.303925 0.072627
v 0.105638 0.302906 0.067698
v 0.119286 0.312859 0.074657
v 0.107684 0.312901 0.066924
v 0.137926 0.329745 0.092729
v 0.139410 0.331772 0.084458
v 0.122398 0.331709 0.088142
v 0.103357 0.336412 0.075426
v 0.241891 0.366738 0.055349
v 0.251224 0.331250 0.043406
v 0.262393 0.345811 0.033793
v 0.258513 0.365453 0.042308
v 0.258978 0.369548 0.011676
v 0.258723 0.342406 -0.003369
v 0.247142 0.327030 -0.005272
v 0.242693 0.325039 0.040920
v 0.236554 0.319135 -0.009166
v 0.242028 0.286817 0.047310
v 0.253156 0.305476 0.022583
v 0.233616 0.305948 0.057732
v 0.245762 0.315181 -0.016498
v 0.232913 0.364633 0.058256
v 0.129089 0.357692 0.109050
v 0.121166 0.375726 0.126695
v 0.124377 0.378006 0.113809
v 0.133521 0.382485 0.134226
v 0.131894 0.394188 0.123968
v 0.119634 0.353109 0.089254
v 0.104525 0.360460 0.081972
v 0.133617 0.360446 0.087653
v 0.120269 0.379101 0.083501
v 0.245189 0.349538 0.102374
v 0.245766 0.323050 0.086900
v 0.251629 0.336952 0.077145
v 0.248926 0.358783 0.085365
v 0.237499 0.363287 0.073138
v 0.241581 0.333329 0.065877
v 0.234752 0.316714 0.072650
v 0.175624 0.399789 0.151228
v 0.170964 0.423492 0.144268
v 0.150856 0.420293 0.151043
v 0.157009 0.396108 0.157766
v 0.146550 0.390977 0.147567
v 0.143882 0.413445 0.136620
v 0.163357 0.430972 0.128120
v 0.132883 0.399874 0.110596
v 0.144755 0.417805 0.116193
v 0.159630 0.425917 0.114454
v 0.123628 0.409021 0.107512
v 0.109448 0.384614 0.081980
v 0.132673 0.404625 0.101289
v 0.133572 0.360934 0.098107
v 0.125457 0.379881 0.102409
v 0.238028 0.390446 0.035211
v 0.088451 0.361332 0.037989
v 0.100998 0.374730 0.037811
v 0.099144 0.382247 0.036469
v 0.194996 0.402939 0.141542
v 0.214305 0.406276 0.131685
v 0.210126 0.431700 0.124229
v 0.191131 0.427631 0.134137
v 0.183787 0.436569 0.115934
v 0.209949 0.430061 0.104327
v 0.225400 0.405715 0.117118
v 0.201177 0.372102 -0.054471
v 0.227786 0.392118 -0.020015
v 0.250608 0.367918 -0.028768
v 0.239231 0.337478 -0.052918
v 0.243886 0.378480 0.108514
v 0.248294 0.381737 0.088021
v 0.241495 0.394915 0.087773
v 0.232129 0.400788 0.102409
v 0.237171 0.386276 0.074002
v 0.233031 0.400753 0.078813
v 0.222044 0.415867 0.090660
v 0.231191 0.390670 0.062433
v 0.220680 0.403200 -0.012460
v 0.230317 0.412124 0.048164
v 0.228866 0.405466 0.069573
v 0.211822 0.425253 0.082207
v 0.197411 0.433750 0.091713
v 0.177060 0.432970 0.103256
v 0.107369 0.417539 0.111849
v 0.136260 0.431618 0.116216
v 0.121146 0.441736 0.126683
v 0.144418 0.464489 0.129410
v 0.149172 0.450956 0.127661
v 0.152652 0.448551 0.118562
v 0.146513 0.442407 0.110656
v 0.142776 0.421789 0.107055
v 0.152846 0.434698 0.106878
v 0.207523 0.440583 0.078837
v 0.220798 0.445774 0.088221
v 0.239222 0.420054 0.046208
v 0.177117 0.468440 0.120900
v 0.176974 0.454762 0.117222
v 0.172485 0.452407 0.104505
v 0.192703 0.445767 0.087654
v 0.198184 0.453941 0.097021
v 0.191345 0.395086 -0.049785
v 0.150627 0.343534 -0.064525
v 0.148534 0.370393 -0.059270
v 0.195652 0.341770 -0.064510
v 0.150120 0.381226 -0.052189
v 0.005749 0.393099 0.123487
v 0.008853 0.405494 0.126731
v 0.008769 0.390555 0.115400
v 0.019065 0.404794 0.121503
v 0.011416 0.446638 0.129531
v 0.016222 0.484038 0.129749
v 0.015457 0.432208 0.133281
v 0.031078 0.480080 0.134520
v 0.030600 0.425645 0.124940
v 0.048576 0.476524 0.130394
v 0.026137 0.413785 0.090880
v 0.015622 0.398169 0.088034
v 0.016141 0.407416 0.076423
v 0.018929 0.421660 0.078075
v 0.020551 0.446886 -0.114422
v 0.031217 0.475815 -0.115706
v 0.021699 0.430207 -0.133590
v 0.038780 0.454785 -0.135428
v 0.156173 0.521850 0.124702
v 0.162292 0.538027 0.128510
v 0.148631 0.522649 0.119247
v 0.158914 0.514398 0.111688
v 0.148286 0.560331 0.120647
v 0.134938 0.541241 0.111868
v 0.136377 0.507544 0.118992
v 0.060926 0.475983 0.118374
v 0.038135 0.427478 0.111549
v 0.040158 0.437156 0.089725
v 0.061826 0.481247 0.103517
v 0.050618 0.486079 0.091636
v 0.041698 0.454079 0.089537
v 0.023993 0.407563 0.107473
v 0.025820 0.458909 0.082188
v 0.023305 0.440516 0.079724
v 0.028789 0.495276 0.087278
v 0.185278 0.520668 0.091448
v 0.187566 0.529153 0.098194
v 0.188336 0.546080 0.105512
v 0.065725 0.532990 0.073914
v 0.067162 0.525985 0.081217
v 0.084494 0.541228 0.098178
v 0.087960 0.559749 0.091544
v 0.071095 0.512709 0.089125
v 0.098089 0.528776 0.112885
v 0.104981 0.552677 0.102719
v 0.032275 0.491647 0.016478
v 0.042047 0.511768 0.051334
v 0.032884 0.502091 0.060147
v 0.021153 0.487067 0.018343
v 0.057963 0.538024 0.068908
v 0.053167 0.535681 0.075992
v 0.027824 0.505111 0.078615
v 0.049501 0.532841 0.086187
v 0.121262 0.575364 0.105999
v 0.033215 1.122318 0.094082
v 0.015695 1.122964 0.109934
v 0.016080 1.102039 0.115310
v 0.038162 1.110438 0.098304
v 0.010075 1.070171 0.110250
v 0.024908 1.085832 0.125720
v 0.018457 1.098145 0.131641
v 0.011604 1.090036 0.126531
v 0.044646 1.103241 0.109540
v 0.017159 1.209389 0.055996
v 0.020939 1.186507 0.104661
v 0.028355 1.175268 0.084964
v 0.029371 1.189216 0.049669
v 0.010125 1.065568 0.125581
v 0.024784 1.062990 0.121079
v 0.043044 1.085944 0.110205
v 0.013669 1.209806 -0.002500
v 0.029487 1.199873 0.000155
v 0.048723 1.184080 0.000226
v 0.050650 1.162174 0.059976
v 0.027332 1.179128 -0.057829
v 0.022264 1.201618 -0.035313
v 0.030965 1.189301 -0.028055
v 0.036780 1.172027 -0.043074
v 0.057898 1.158919 -0.003719
v 0.040073 1.129406 0.095883
v 0.043435 1.127756 0.070158
v 0.055651 1.138133 0.053503
v 0.057879 1.113379 0.073410
v 0.074493 1.122984 0.041778
v 0.058520 1.105372 0.091851
v 0.065519 1.093631 0.067754
v 0.058522 1.090469 0.089326
v 0.133977 0.531913 -0.088569
v 0.161984 0.504558 -0.084625
v 0.154936 0.500374 -0.084321
v 0.113006 0.513508 -0.087418
v 0.181495 0.499680 -0.070577
v 0.181683 0.479112 -0.073834
v 0.127782 0.467395 -0.079898
v 0.064725 1.135474 -0.009989
v 0.030720 0.515910 -0.110657
v 0.058001 0.477217 -0.140429
v 0.059143 0.471582 -0.124533
v 0.052485 0.512680 -0.113107
v 0.210477 0.529330 0.062999
v 0.219689 0.538332 0.070380
v 0.216619 0.557413 0.073704
v 0.061438 0.526463 0.102764
v 0.051197 0.530697 0.094185
v 0.022542 1.029327 0.082784
v 0.007844 1.028253 0.100778
v 0.008656 1.047749 0.105586
v 0.031042 0.518171 -0.098781
v 0.064958 0.556811 -0.109568
v 0.058163 0.555326 -0.101560
v 0.054267 0.544731 -0.088723
v 0.192908 0.517204 -0.079167
v 0.171212 0.512046 -0.097869
v 0.175828 0.526529 -0.096155
v 0.192774 0.532305 -0.082243
v 0.151377 0.539439 -0.102960
v 0.163972 0.548636 -0.098626
v 0.110040 0.587175 0.090296
v 0.123595 0.591837 0.116441
v 0.150751 0.592097 0.101483
v 0.140206 0.600922 0.100427
v 0.124142 0.608685 0.090858
v 0.006656 0.467850 -0.162903
v 0.012359 0.451529 -0.161550
v 0.013122 0.474834 -0.154079
v 0.024521 0.465504 -0.157771
v 0.061099 0.518968 -0.143583
v 0.064365 0.516814 -0.129964
v 0.047272 0.526679 -0.067379
v 0.042039 0.516781 -0.074802
v 0.071702 0.553112 -0.082455
v 0.028423 0.503558 -0.084628
v 0.020371 1.102310 -0.077725
v 0.026044 1.090267 -0.078464
v 0.020856 1.086314 -0.062958
v 0.028834 1.100428 -0.069164
v 0.171025 0.569905 0.104712
v 0.078140 1.097524 0.032336
v 0.064854 1.106059 -0.021614
v 0.038040 1.139842 -0.046010
v 0.040300 1.113722 -0.053981
v 0.039719 1.037416 0.097908
v 0.029083 1.038968 0.062740
v 0.052714 1.047666 0.075061
v 0.063993 1.055240 0.050929
v 0.047391 1.053262 0.038945
v 0.030208 1.020526 0.047408
v 0.047392 1.038612 0.027328
v 0.134345 0.571710 -0.105721
v 0.126754 0.569989 -0.095184
v 0.114533 0.589211 -0.095266
v 0.125216 0.596290 -0.104889
v 0.151425 0.615302 -0.084471
v 0.142902 0.618071 -0.072981
v 0.112804 0.562522 -0.086219
v 0.097527 0.581292 -0.083997
v 0.016326 1.077915 -0.056584
v 0.040697 1.094153 -0.054473
v 0.034455 1.083333 -0.048002
v 0.031630 1.075788 -0.045787
v 0.138693 0.592838 -0.103336
v 0.149468 0.576129 -0.101512
v 0.160241 0.603135 -0.085494
v 0.085005 0.591242 -0.082627
v 0.109786 0.609611 -0.085588
v 0.089297 0.607251 0.090695
v 0.109666 0.615575 0.090411
v 0.114349 0.616305 0.100681
v 0.089784 0.605782 0.101848
v 0.145911 0.632655 0.063714
v 0.155309 0.635065 0.075369
v 0.018056 0.495841 -0.149228
v 0.016030 0.530723 -0.146955
v 0.032974 0.527042 -0.153321
v 0.034817 0.490786 -0.155820
v 0.023594 0.578626 -0.163792
v 0.034527 0.575175 -0.145299
v 0.048157 0.483462 -0.151242
v 0.049873 0.522633 -0.151334
v 0.053204 0.567621 -0.153367
v 0.019611 0.988095 0.064731
v 0.020282 0.997461 0.055323
v 0.031004 1.000578 0.077431
v 0.040717 1.015554 0.052207
v 0.138866 0.624382 -0.067528
v 0.023728 0.681529 0.164432
v 0.021486 0.696920 0.164230
v 0.027936 0.705771 0.156028
v 0.035939 0.683750 0.152292
v 0.044368 0.660467 0.153896
v 0.052767 0.660672 0.146735
v 0.044569 0.686322 0.142977
v 0.066152 0.660826 0.146832
v 0.062104 0.687273 0.138596
v 0.026607 0.710821 0.144220
v 0.062101 0.691550 0.125308
v 0.045885 0.692997 0.127155
v 0.058325 0.974204 0.068744
v 0.047881 0.984145 0.080434
v 0.044886 0.973143 0.086415
v 0.053407 0.964219 0.086907
v 0.029929 0.984702 0.088881
v 0.033148 0.967564 0.097967
v 0.038443 0.957408 0.103490
v 0.061683 1.079793 -0.114857
v 0.015910 1.098618 -0.112571
v 0.057262 1.089909 -0.096921
v 0.051177 1.089895 -0.083613
v 0.003872 1.100874 -0.106071
v 0.026221 0.699373 -0.154288
v 0.031137 0.632980 -0.163596
v 0.032663 0.717027 -0.134917
v 0.058826 0.700192 -0.136782
v 0.052982 0.681622 -0.149380
v 0.068859 0.558958 -0.119086
v 0.068883 0.560638 -0.131754
v 0.088037 0.619150 -0.127908
v 0.087329 0.604737 -0.116082
v 0.117964 0.625713 -0.115524
v 0.116478 0.644697 -0.122610
v 0.066595 0.562301 -0.147995
v 0.084184 0.621205 -0.147587
v 0.083135 0.671489 -0.145010
v 0.087388 0.670729 -0.128839
v 0.097039 0.681995 -0.114400
v 0.052509 0.627077 -0.152187
v 0.081625 0.660030 0.141029
v 0.078672 0.684829 0.134652
v 0.080560 0.684442 0.125344
v 0.086387 0.659038 0.129659
v 0.023449 0.713129 0.132615
v 0.047363 0.694236 0.115255
v 0.019769 0.714641 0.124677
v 0.075773 0.698789 0.093062
v 0.046007 0.709984 0.110324
v 0.070503 0.692041 0.104935
v 0.020731 0.724188 0.122151
v 0.065196 0.698388 0.114488
v 0.086578 0.680792 0.115236
v 0.065196 0.698388 0.114488
v 0.048165 0.711006 0.121575
v 0.094337 0.659317 0.125338
v 0.119717 0.666628 0.121296
v 0.107651 0.682128 0.108016
v 0.096721 0.686425 0.098796
v 0.085178 0.684476 0.105471
v 0.085295 0.704089 0.090681
v 0.081236 0.712974 0.106044
v 0.079560 0.695980 -0.143296
v 0.084433 0.688142 -0.127923
v 0.085521 0.692270 -0.111766
v 0.070027 0.698201 -0.140999
v 0.068975 0.674884 -0.151297
v 0.111468 0.710104 0.065537
v 0.118056 0.705299 0.069384
v 0.052210 0.713702 0.129671
v 0.058273 0.724954 0.130945
v 0.061473 0.734620 0.129864
v 0.086144 0.725621 0.108472
v 0.080040 0.984419 0.053785
v 0.073051 0.975109 0.071208
v 0.085776 0.980719 0.073035
v 0.092234 0.990064 0.061269
v 0.081603 1.001910 0.074265
v 0.073686 0.992920 0.089646
v 0.121593 0.642334 0.118101
v 0.155038 0.661657 0.090878
v 0.149105 0.682782 0.095944
v 0.133198 0.693496 0.082784
v 0.125464 0.693504 0.074518
v 0.115058 0.719026 0.071357
v 0.128666 0.696286 -0.075694
v 0.146770 0.690413 -0.085139
v 0.181695 0.676533 0.031640
v 0.174037 0.697346 0.032052
v 0.160351 0.703907 0.032398
v 0.072432 0.699191 -0.101701
v 0.122988 0.702153 -0.068500
v 0.037274 0.732845 -0.112794
v 0.073047 0.711064 -0.094304
v 0.032321 0.720961 -0.114154
v 0.117138 0.711958 -0.061962
v 0.084803 1.077623 -0.053824
v 0.101943 1.077251 -0.066462
v 0.110431 1.064555 -0.074988
v 0.101844 1.061800 -0.013052
v 0.114770 1.059023 -0.016298
v 0.127028 1.049746 -0.028015
v 0.107013 1.010500 0.089158
v 0.096390 1.017698 0.075144
v 0.087139 1.007001 0.091285
v 0.081321 1.000056 0.105130
v 0.089306 1.012047 0.057332
v 0.083774 0.993019 0.109943
v 0.115316 1.003816 0.096248
v 0.063637 0.988194 0.101814
v 0.072057 0.972688 0.140960
v 0.098078 0.978026 0.117044
v 0.057716 0.988969 0.133026
v 0.142359 1.023204 -0.049123
v 0.115398 1.034131 -0.088225
v 0.115444 1.045198 -0.078423
v 0.130748 1.035918 -0.039858
v 0.126202 1.012389 0.075813
v 0.121136 1.029321 0.051325
v 0.118933 0.988667 0.095120
v 0.129154 1.001168 0.071795
v 0.135559 1.022048 0.032848
v 0.102826 1.035340 0.039718
v 0.122682 1.022229 -0.103950
v 0.148570 1.009432 -0.082160
v 0.166338 1.002385 -0.075418
v 0.164936 1.012793 -0.039979
v 0.125066 0.974448 0.090391
v 0.108079 0.964224 0.113295
v 0.128715 0.942374 0.109738
v 0.142287 0.961954 0.088707
v 0.162593 0.901249 0.115039
v 0.162131 0.926581 0.101572
v 0.138446 0.910623 0.122952
v 0.164080 0.951366 0.081039
v 0.191533 1.071551 -0.039914
v 0.184946 1.046558 -0.036895
v 0.186158 1.044217 0.010897
v 0.191268 1.060187 0.025140
v 0.188798 1.033214 0.056815
v 0.183300 1.028779 0.022794
v 0.182012 1.034104 -0.035319
v 0.204563 1.100876 -0.021163
v 0.202034 1.085424 0.029041
v 0.204652 1.093432 0.024634
v 0.205951 1.106634 -0.015785
v 0.243156 1.095857 -0.016855
v 0.243235 1.082758 0.023923
v 0.239400 1.077866 0.029282
v 0.179949 1.005722 0.018043
v 0.182045 0.984752 0.058663
v 0.185023 0.999032 0.067920
v 0.180934 1.014597 0.021344
v 0.202460 1.047521 0.072994
v 0.202133 1.007311 0.092371
v 0.184334 0.955275 0.084798
v 0.187654 0.962046 0.098272
v 0.203225 0.964677 0.107165
v 0.227334 1.048369 0.069203
v 0.228792 1.094588 -0.047644
v 0.131520 0.748239 0.083758
v 0.158009 0.756744 0.036097
v 0.179803 0.791322 0.050201
v 0.144571 0.776792 0.102873
v 0.163723 0.761265 -0.011374
v 0.188020 0.796551 -0.014052
v 0.194639 0.814099 -0.013674
v 0.192027 0.817958 0.035836
v 0.185427 1.036157 -0.079867
v 0.182384 1.021538 -0.087065
v 0.184866 1.009012 -0.120555
v 0.189806 1.044745 -0.098488
v 0.190644 0.971274 -0.168801
v 0.183193 0.961689 -0.152254
v 0.194190 1.018275 -0.142531
v 0.180938 0.949584 -0.137229
v 0.180425 0.988305 -0.113226
v 0.180377 1.010325 -0.081671
v 0.196410 1.058807 -0.111509
v 0.191353 0.828199 -0.058154
v 0.180683 0.806431 -0.060351
v 0.171548 0.823030 -0.092908
v 0.184345 0.870876 -0.111251
v 0.145992 0.760578 -0.065159
v 0.140186 0.793802 -0.112631
v 0.161614 0.866080 -0.124787
v 0.247728 1.080164 -0.013174
v 0.249053 1.068444 -0.011330
v 0.247928 1.061151 0.028771
v 0.212717 1.064149 -0.114327
v 0.204848 1.093068 -0.066813
v 0.213571 1.086775 -0.082823
v 0.230656 1.082861 -0.079456
v 0.230067 1.060235 -0.113657
v 0.189062 0.927110 -0.165289
v 0.193585 0.939636 -0.184069
v 0.200419 0.924646 -0.185527
v 0.201682 0.913007 -0.168797
v 0.217316 0.912715 -0.166217
v 0.215012 0.927399 -0.182113
v 0.212688 0.946560 -0.185891
v 0.189305 0.919977 0.114908
v 0.195046 0.932079 0.116038
v 0.206448 0.928558 0.124602
v 0.203934 0.910328 0.131942
v 0.186145 0.884507 -0.104799
v 0.187566 0.865783 -0.092518
v 0.182957 0.899724 -0.113566
v 0.165351 0.934560 -0.130380
v 0.175335 0.934070 -0.122216
v 0.185024 0.845091 0.090844
v 0.186934 0.854286 0.075485
v 0.184410 0.879518 0.089038
v 0.182385 0.889172 0.101641
v 0.198989 0.889471 0.106480
v 0.200185 0.884829 0.088064
v 0.197072 0.859029 0.065515
v 0.183802 0.913029 0.101105
v 0.198351 0.893468 0.121368
v 0.198611 0.862455 -0.087512
v 0.199391 0.889314 -0.099650
v 0.191532 0.907895 -0.120531
v 0.254350 1.057043 0.030585
v 0.247373 1.040884 0.063990
v 0.252840 1.046569 0.068379
v 0.257938 1.064315 0.035068
v 0.244693 1.007512 0.081863
v 0.252215 1.009913 0.085530
v 0.265701 1.015642 0.094679
v 0.273710 1.058747 0.079457
v 0.272441 1.073289 0.043275
v 0.179168 0.935943 -0.119243
v 0.182334 0.941246 -0.122896
v 0.190383 0.914833 -0.143852
v 0.202879 0.901335 -0.145385
v 0.206409 0.893852 -0.120096
v 0.209869 0.888735 -0.103427
v 0.233288 0.912290 -0.164459
v 0.230695 0.927752 -0.180798
v 0.243635 0.925827 -0.183993
v 0.247060 0.925717 -0.155168
v 0.229706 0.946926 -0.182915
v 0.244353 0.944759 -0.176160
v 0.228999 1.017679 -0.143373
v 0.242999 1.061220 -0.113658
v 0.244373 1.015428 -0.140686
v 0.244874 1.074360 -0.077749
v 0.248181 1.010485 -0.129304
v 0.249647 1.049407 -0.102418
v 0.247661 0.944039 -0.153309
v 0.248529 1.063407 -0.075354
v 0.228553 0.976522 -0.170319
v 0.243868 0.974213 -0.163047
v 0.247648 0.968948 -0.147541
v 0.240450 0.890123 0.106638
v 0.221064 0.886742 0.109293
v 0.221590 0.882525 0.092102
v 0.231612 0.883973 0.082704
v 0.254574 0.940958 -0.145037
v 0.254533 0.926420 -0.145224
v 0.253377 0.909090 -0.133130
v 0.248578 0.910545 -0.134244
v 0.236994 0.900898 -0.142152
v 0.257769 1.067580 -0.076478
v 0.269285 1.080189 -0.077217
v 0.268226 1.073118 -0.100257
v 0.259394 1.053205 -0.107089
v 0.280073 1.051190 -0.113518
v 0.286493 1.073201 -0.101190
v 0.287442 1.077993 -0.075971
v 0.255247 1.059538 -0.075829
v 0.253150 1.048717 -0.101525
v 0.256026 1.009796 -0.124161
v 0.262869 1.012274 -0.129452
v 0.277479 1.013155 -0.129302
v 0.223107 0.910616 0.129177
v 0.221212 0.895313 0.126158
v 0.240095 0.898931 0.124657
v 0.240277 0.912554 0.126173
v 0.246547 0.903993 0.098504
v 0.268056 0.905861 0.119966
v 0.266840 0.925192 0.113562
v 0.256402 0.921691 0.105483
v 0.258637 0.902834 0.112628
v 0.256310 0.893704 0.098113
v 0.254654 0.901810 0.093923
v 0.264393 0.964397 0.104692
v 0.254689 0.962629 0.097832
v 0.246439 0.924728 0.103914
v 0.263092 0.933469 -0.155680
v 0.256559 0.913866 -0.151609
v 0.258849 0.891363 -0.161308
v 0.267238 0.901010 -0.168358
v 0.255228 0.966973 -0.138914
v 0.263962 0.968939 -0.144657
v 0.286884 0.904068 -0.166159
v 0.279756 0.931291 -0.155515
v 0.277857 0.969235 -0.143324
v 0.228544 0.870948 -0.071729
v 0.229270 0.892268 -0.090920
v 0.244334 0.888655 -0.087866
v 0.239552 0.867649 -0.077608
v 0.235638 0.896580 -0.114314
v 0.247883 0.904857 -0.106606
v 0.249177 0.861212 -0.090567
v 0.222652 0.860115 0.062151
v 0.227526 0.866946 0.048809
v 0.240692 0.894792 0.065640
v 0.238861 0.863275 0.051580
v 0.250988 0.886651 0.073298
v 0.240082 0.930208 0.119638
v 0.304695 0.865460 -0.158771
v 0.280613 0.855108 -0.169395
v 0.289866 0.859770 -0.183103
v 0.308296 0.873849 -0.174849
v 0.262393 0.869800 -0.169972
v 0.276446 0.879702 -0.187987
v 0.298915 0.891972 -0.180447
v 0.262828 0.896980 -0.106242
v 0.291962 0.892961 0.136476
v 0.273776 0.886094 0.135251
v 0.279212 0.877804 0.145178
v 0.297793 0.878824 0.139780
v 0.260659 0.874838 0.126705
v 0.271299 0.858312 0.138759
v 0.298874 0.860891 0.129975
v 0.265632 0.864649 -0.087210
v 0.271815 0.854344 -0.066262
v 0.277430 0.894231 -0.096360
v 0.281685 0.897675 -0.109393
v 0.263026 0.892214 -0.118125
v 0.323900 1.039114 -0.109950
v 0.329482 1.059309 -0.097295
v 0.356994 1.051331 -0.093796
v 0.360300 1.034695 -0.102015
v 0.334162 1.063149 -0.070588
v 0.363908 1.053352 -0.072139
v 0.375504 1.033327 -0.073208
v 0.334585 1.054434 0.044422
v 0.331214 1.042425 0.077395
v 0.362620 1.033927 0.077046
v 0.368909 1.043691 0.047632
v 0.382566 1.021267 0.047402
v 0.364498 1.012545 0.076658
v 0.327054 1.009810 0.087392
v 0.246374 0.835263 -0.061713
v 0.296951 0.895127 0.069416
v 0.270251 0.876155 0.077535
v 0.271265 0.860874 0.055464
v 0.296664 0.892463 0.057849
v 0.257830 0.880848 0.076915
v 0.247485 0.857153 0.061021
v 0.301956 0.885116 0.056802
v 0.275620 0.854331 0.044207
v 0.243420 0.820286 -0.015811
v 0.251287 0.819499 -0.015913
v 0.285587 0.805841 -0.016471
v 0.292833 0.834732 -0.059019
v 0.313268 0.879794 -0.074369
v 0.299960 0.895717 -0.081542
v 0.340373 1.067191 -0.037501
v 0.341006 1.069268 0.002486
v 0.382968 1.056679 0.002691
v 0.373950 1.056189 -0.036750
v 0.391355 1.033217 0.002663
v 0.386150 1.035244 -0.036641
v 0.325672 0.812283 0.016937
v 0.322677 0.803790 -0.014400
v 0.341618 0.806315 -0.013906
v 0.325225 0.824137 -0.050043
v 0.351602 0.822575 -0.038211
v 0.306452 0.883871 0.072090
v 0.271357 0.866238 0.081681
v 0.313593 0.874958 0.073211
v 0.320941 0.868897 0.078943
v 0.290914 0.851506 0.087072
v 0.275877 0.856710 0.083067
v 0.267250 0.852386 0.112733
v 0.294992 0.851458 0.110065
v 0.296227 0.915006 -0.088263
v 0.333945 0.866846 -0.067737
v 0.356469 0.860593 -0.064524
v 0.361481 0.823753 -0.044399
v 0.366043 0.854696 -0.068178
v 0.369636 0.823019 0.055434
v 0.370833 0.810395 0.041766
v 0.370576 0.810452 0.020096
v 0.378315 0.852230 0.079357
v 0.376755 0.874331 0.085595
v 0.370337 0.849675 0.071834
v 0.378540 0.840641 0.069540
v 0.380217 0.819474 0.055823
v 0.394174 0.833990 0.069063
v 0.393175 0.853553 0.079614
v 0.391885 0.879352 0.087426
v 0.412408 0.890114 0.084726
v 0.413942 0.875377 0.085999
v 0.414495 0.852251 0.078721
v 0.415292 0.908883 0.068994
v 0.370967 0.884706 0.072783
v 0.405050 0.916314 0.060362
v 0.367004 0.891880 0.074299
v 0.359760 0.896347 0.060831
v 0.404582 0.924396 0.065509
v 0.366741 0.896836 0.090963
v 0.327276 0.869627 0.095499
v 0.353262 0.906735 0.059006
v 0.369425 0.896225 0.045103
v 0.350876 0.913178 -0.089872
v 0.384782 0.936943 -0.068479
v 0.373430 0.951440 -0.050909
v 0.341924 0.923383 -0.087320
v 0.335785 0.932877 -0.082364
v 0.361388 0.955222 -0.045603
v 0.401328 0.940442 -0.059958
v 0.393876 0.953045 -0.036255
v 0.369516 0.848470 -0.080026
v 0.363095 0.818319 -0.049012
v 0.371725 0.887022 -0.079682
v 0.374414 0.875389 -0.090388
v 0.380624 0.812509 -0.053814
v 0.385854 0.850283 -0.084566
v 0.415696 0.830323 0.065653
v 0.416212 0.815702 0.053071
v 0.437368 0.814675 0.048759
v 0.437892 0.828072 0.059581
v 0.416875 0.813597 0.036055
v 0.439419 0.815887 0.035151
v 0.447465 0.829854 0.044685
v 0.432845 0.886652 0.084551
v 0.438443 0.905039 0.068324
v 0.428798 0.940517 0.033351
v 0.437221 0.936021 0.034686
v 0.449717 0.931778 0.035436
v 0.446581 0.887390 0.081392
v 0.453162 0.902925 0.067010
v 0.433159 0.872742 0.083417
v 0.448471 0.873966 0.077255
v 0.461097 0.889137 0.051991
v 0.387782 0.870077 -0.095389
v 0.469780 0.815754 -0.008959
v 0.470360 0.832149 0.023614
v 0.452724 0.830490 0.023182
v 0.453668 0.819683 -0.013429
v 0.439887 0.817731 -0.027161
v 0.438203 0.816466 0.013474
v 0.349488 0.904056 -0.061338
v 0.369016 0.898325 -0.063835
v 0.364249 0.934624 -0.033276
v 0.373888 0.931486 -0.033453
v 0.380641 0.936758 -0.034759
v 0.380633 0.909562 -0.072331
v 0.379388 0.897409 -0.087359
v 0.379623 0.887353 -0.095349
v 0.389970 0.886466 -0.099373
v 0.390538 0.899996 -0.091421
v 0.407872 0.902091 -0.093780
v 0.394866 0.918878 -0.069383
v 0.411427 0.917783 -0.076762
v 0.390708 0.945199 -0.033078
v 0.432792 0.815509 -0.052607
v 0.442675 0.816138 -0.052200
v 0.449676 0.829351 -0.047016
v 0.453989 0.855279 -0.067175
v 0.448719 0.848920 -0.078930
v 0.435097 0.849465 -0.080703
v 0.415928 0.814587 -0.052836
v 0.416250 0.814272 -0.017489
v 0.459531 0.833216 -0.041272
v 0.394242 0.928520 -0.075064
v 0.416625 0.940547 -0.054323
v 0.432626 0.953479 -0.039069
v 0.433795 0.945805 -0.036023
v 0.420154 0.946552 -0.063076
v 0.474418 0.861144 0.044679
v 0.477255 0.889439 0.044175
v 0.458163 0.861406 0.047953
v 0.450462 0.855051 0.064307
v 0.476440 0.916076 0.023748
v 0.469323 0.918323 0.026788
v 0.461645 0.927674 0.034453
v 0.446607 0.941781 -0.035650
v 0.439075 0.926413 -0.058915
v 0.431952 0.911827 -0.078713
v 0.437238 0.868681 -0.092495
v 0.440044 0.885833 -0.095945
v 0.452550 0.885196 -0.093720
v 0.450998 0.870669 -0.088851
v 0.456681 0.877683 -0.077633
v 0.454805 0.891487 -0.085230
v 0.443688 0.897129 -0.088740
v 0.459624 0.899423 -0.075313
v 0.464593 0.884973 -0.064093
v 0.465856 0.914817 -0.058410
v 0.469687 0.904842 -0.047616
v 0.463086 0.856920 -0.060775
v 0.477531 0.855625 -0.057423
v 0.480983 0.882703 -0.060953
v 0.485026 0.905083 -0.048915
v 0.474768 0.924051 -0.027810
v 0.474446 0.929549 -0.004048
v 0.482059 0.934334 -0.004624
v 0.482415 0.925244 -0.029261
v 0.492557 0.948621 0.001038
v 0.489383 0.948091 -0.015104
v 0.487350 0.944356 0.007393
v 0.486233 0.935500 -0.036884
v 0.486835 0.917763 0.023883
v 0.487952 0.928231 0.032292
v 0.540195 0.914060 0.057432
v 0.540843 0.857861 0.062261
v 0.549737 0.854491 0.071256
v 0.553542 0.907862 0.073261
v 0.558637 0.803144 0.039361
v 0.560549 0.833635 0.073301
v 0.543562 0.801178 0.041902
v 0.535486 0.809753 0.035614
v 0.566841 0.906497 0.072808
v 0.570493 0.866348 0.074138
v 0.498818 0.937318 0.034985
v 0.518412 0.937521 0.029820
v 0.528297 0.909213 0.056659
v 0.528982 0.938915 0.028167
v 0.537147 0.946685 0.029070
v 0.549969 0.938289 0.056592
v 0.555382 0.932367 0.068492
v 0.543270 0.894398 -0.088733
v 0.556032 0.898725 -0.093761
v 0.550267 0.853266 -0.092849
v 0.543923 0.854755 -0.079159
v 0.537891 0.815912 -0.048030
v 0.545456 0.810248 -0.051006
v 0.562849 0.811184 -0.046054
v 0.568568 0.852192 -0.091586
v 0.575581 0.900422 -0.090717
v 0.566723 0.932331 0.070113
v 0.560952 0.942386 0.053076
v 0.628302 0.942288 0.031310
v 0.629497 0.935892 0.054264
v 0.645346 0.933723 0.056272
v 0.646082 0.938726 0.035714
v 0.655794 0.932284 0.036408
v 0.652717 0.926404 0.058812
v 0.633935 0.925517 0.065563
v 0.637808 0.911298 0.067300
v 0.654363 0.914349 0.054629
v 0.645694 0.884674 0.068420
v 0.657265 0.887954 0.058907
v 0.660391 0.923782 0.033726
v 0.671074 0.890156 0.061841
v 0.671290 0.913269 0.053426
v 0.672058 0.926791 0.035933
v 0.640336 0.906210 -0.071423
v 0.643278 0.932296 -0.060982
v 0.657576 0.928849 -0.056671
v 0.659712 0.906510 -0.054793
v 0.645483 0.937211 -0.037834
v 0.657906 0.932617 -0.037311
v 0.660865 0.921681 -0.034110
v 0.637769 0.861584 -0.074138
v 0.659639 0.865697 -0.057155
v 0.664519 0.868389 -0.045719
v 0.670622 0.900631 -0.045081
v 0.672424 0.917866 -0.032094
v 0.711853 0.926786 0.079576
v 0.706376 0.894428 0.089766
v 0.719021 0.888637 0.092816
v 0.728048 0.918979 0.083854
v 0.738711 0.906650 0.076058
v 0.720354 0.868346 0.080785
v 0.702744 0.857483 0.087686
v 0.747942 0.896534 0.073323
v 0.725177 0.862361 0.079752
v 0.685628 0.901214 -0.044748
v 0.684412 0.922965 -0.037462
v 0.691403 0.933105 -0.052866
v 0.691073 0.904793 -0.057649
v 0.676676 0.939052 -0.014716
v 0.682034 0.949919 -0.018727
v 0.695352 0.951632 -0.018576
v 0.697201 0.945202 -0.045385
v 0.703949 0.907656 -0.063343
v 0.708484 0.930470 -0.054081
v 0.710836 0.941999 -0.044242
v 0.721802 0.828990 0.050773
v 0.734973 0.829285 0.058051
v 0.727323 0.861378 0.088522
v 0.726815 0.828225 0.009849
v 0.735073 0.833493 0.008227
v 0.752950 0.836339 0.001136
v 0.753729 0.823962 0.045936
v 0.712798 0.949379 -0.018182
v 0.736527 0.839094 -0.029023
v 0.746807 0.838968 -0.035277
v 0.772540 0.840101 -0.049206
v 0.777756 0.836021 -0.022860
v 0.783138 0.844597 0.002861
v 0.766556 0.838973 0.014596
v 0.829870 0.798104 0.143278
v 0.808467 0.804633 0.140035
v 0.805548 0.799965 0.129609
v 0.816370 0.795344 0.124121
v 0.833616 0.801534 0.137535
v 0.830824 0.809971 0.144183
v 0.823328 0.806563 0.149776
v 0.811763 0.815264 0.143014
v 0.820004 0.820755 0.135642
v 0.836773 0.806564 0.131686
v 0.834904 0.812149 0.136726
v 0.827853 0.820865 0.127538
v 0.832085 0.812205 0.118071
v 0.825244 0.800043 0.117558
v 0.771307 0.835022 0.043899
v 0.790156 0.847302 0.038878
v 0.741664 0.927923 -0.050878
v 0.746498 0.940760 -0.042800
v 0.759890 0.938017 -0.043524
v 0.753776 0.924470 -0.049475
v 0.763403 0.920526 -0.030256
v 0.764850 0.936846 -0.024265
v 0.753848 0.943937 -0.019068
v 0.763800 0.884747 0.091075
v 0.763985 0.918317 0.056485
v 0.771141 0.908898 0.081838
v 0.755997 0.840242 0.113444
v 0.771844 0.858073 0.107240
v 0.788388 0.867715 0.094684
v 0.789527 0.896116 0.096652
v 0.742010 0.901947 -0.058168
v 0.749164 0.896985 -0.050575
v 0.751879 0.895176 -0.044078
v 0.769339 0.915351 -0.028311
v 0.774460 0.937058 0.014449
v 0.776501 0.933166 0.011470
v 0.782169 0.933059 0.010735
v 0.831687 0.845568 -0.029795
v 0.847796 0.856455 -0.023518
v 0.836691 0.854036 -0.014263
v 0.891370 0.876816 -0.025883
v 0.858451 0.874493 -0.036174
v 0.839428 0.868858 -0.052527
v 0.871813 0.851560 -0.018987
v 0.776247 0.862514 -0.062309
v 0.793518 0.891260 -0.056737
v 0.809937 0.886780 -0.053554
v 0.806312 0.866547 -0.057122
v 0.816429 0.915867 -0.037436
v 0.831099 0.894587 -0.037558
v 0.878941 0.858225 -0.002639
v 0.867215 0.864592 -0.000571
v 0.842056 0.860922 0.011382
v 0.851018 0.862429 -0.000417
v 0.754173 0.932931 0.056205
v 0.765926 0.948699 0.018395
v 0.777001 0.924801 0.053897
v 0.785165 0.915500 0.083176
v 0.734488 0.946900 -0.018630
v 0.739631 0.951637 0.017718
v 0.737382 0.941479 0.055687
v 0.791150 0.845215 0.081389
v 0.782880 0.831069 0.080496
v 0.807090 0.813940 0.103414
v 0.812885 0.823641 0.104975
v 0.812221 0.831021 0.111380
v 0.792691 0.857516 0.087959
v 0.809960 0.908477 0.094946
v 0.813707 0.888172 0.096922
v 0.815820 0.872844 0.085533
v 0.873099 0.888839 -0.006207
v 0.892918 0.873947 0.000394
v 0.860888 0.893583 -0.001937
v 0.894383 0.889882 0.010633
v 0.873028 0.872345 0.005861
v 0.841189 0.884832 -0.038508
v 0.890317 0.897420 0.029979
v 0.862254 0.910968 0.026368
v 0.839064 0.911967 0.031583
v 0.839432 0.908899 0.001525
v 0.869593 0.863022 0.024524
v 0.820525 0.854434 0.035580
v 0.816355 0.847064 0.000020
v 0.839153 0.862422 0.039203
v 0.871045 0.871871 0.040929
v 0.828484 0.896975 0.087776
v 0.828946 0.912135 0.085401
v 0.837273 0.907190 0.073150
v 0.834476 0.888251 0.075775
v 0.869375 0.901467 0.088118
v 0.865246 0.884838 0.091404
v 0.868941 0.874645 0.078454
v 0.841175 0.871637 0.064330
v 0.819810 0.862625 0.067313
v 0.819069 0.927957 0.040831
v 0.825430 0.920573 0.060788
v 0.834016 0.920246 0.053263
v 0.831790 0.922763 0.036632
v 0.844989 0.907893 0.052793
v 0.877398 0.903204 0.071769
v 0.815086 0.921167 0.070326
v 0.857790 0.893329 0.041557
v 0.879299 0.889751 0.060515
v 0.879584 0.887988 0.046359
v 0.848622 0.882796 0.048604
v 0.875020 0.878081 0.063466
v 0.911516 0.879919 0.104374
v 0.906614 0.868628 0.105768
v 0.926252 0.856948 0.109709
v 0.931222 0.868902 0.110188
v 0.939935 0.866335 0.102233
v 0.933290 0.852901 0.101412
v 0.908298 0.860343 0.092954
v 0.917895 0.881531 0.091401
v 0.932452 0.855357 0.089869
v 0.939489 0.867855 0.091227
v 0.920122 0.876251 0.079602
v 0.914615 0.864323 0.081057
v 0.168161 0.007969 -0.091795
v 0.207991 0.007901 -0.093921
v 0.199711 0.007371 -0.076873
v 0.169089 0.007286 -0.070523
v 0.235683 0.007195 -0.072907
v 0.210890 0.006874 -0.058882
v 0.175923 0.006666 -0.045677
v 0.156518 0.005763 -0.002233
v 0.140721 0.006504 -0.033501
v 0.184878 0.005966 -0.016403
v 0.220034 0.006143 -0.026843
v 0.134790 0.007214 -0.063198
v 0.117570 0.006379 -0.023146
v 0.110389 0.007316 -0.059772
v 0.127166 0.007426 0.021918
v 0.100691 0.006268 -0.015909
v 0.140513 0.005760 0.009444
v 0.095758 0.007630 -0.057668
v 0.096080 0.019047 -0.014122
v 0.091368 0.022128 -0.055103
v 0.099137 0.015528 -0.091843
v 0.099488 0.027660 -0.088578
v 0.103663 0.045480 -0.081398
v 0.121579 0.021843 -0.117116
v 0.124225 0.034534 -0.111401
v 0.126767 0.051256 -0.106459
v 0.129549 0.083807 -0.099048
v 0.171739 0.036952 -0.122785
v 0.173278 0.057889 -0.117727
v 0.173255 0.082932 -0.111130
v 0.128524 0.106933 -0.089721
v 0.171377 0.107280 -0.106244
v 0.122084 0.141088 -0.083481
v 0.165722 0.141794 -0.104663
v 0.212167 0.142898 -0.108279
v 0.201801 0.183371 -0.100933
v 0.201001 0.208918 -0.096472
v 0.235861 0.177126 -0.080599
v 0.240416 0.199809 -0.086352
v 0.201957 0.240971 -0.110647
v 0.249734 0.237725 -0.091363
v 0.257471 0.172761 -0.057208
v 0.263653 0.195528 -0.055213
v 0.270911 0.237813 -0.050954
v 0.246912 0.282852 -0.078432
v 0.266640 0.281754 -0.037318
v 0.273776 0.192795 -0.017684
v 0.279685 0.233573 -0.011093
v 0.273977 0.276187 0.004485
v 0.259347 0.307062 -0.026037
v 0.270112 0.298143 0.017773
v 0.269978 0.231244 0.021745
v 0.265803 0.266881 0.032930
v 0.259993 0.284054 0.043626
v 0.262677 0.230458 0.045539
v 0.269318 0.191176 0.014039
v 0.263938 0.192008 0.043597
v 0.251028 0.193251 0.061705
v 0.251764 0.230154 0.063971
v 0.226580 0.192049 0.075374
v 0.227680 0.228150 0.075542
v 0.199670 0.189149 0.083149
v 0.195612 0.222303 0.084712
v 0.178303 0.185119 0.087945
v 0.170909 0.216657 0.091020
v 0.161240 0.181758 0.081910
v 0.151002 0.211964 0.084336
v 0.144269 0.177357 0.067376
v 0.130732 0.207348 0.083655
v 0.118767 0.173341 0.047408
v 0.113197 0.208346 0.066680
v 0.095196 0.252791 0.055815
v 0.098794 0.284334 0.066022
v 0.077298 0.258033 0.022013
v 0.080226 0.297741 0.031522
v 0.089930 0.310502 0.031133
v 0.078542 0.262222 -0.013376
v 0.079425 0.304720 -0.008512
v 0.090785 0.312756 -0.007201
v 0.092909 0.321375 0.032360
v 0.089845 0.321183 -0.008224
v 0.085952 0.306353 -0.046892
v 0.104074 0.316202 -0.039965
v 0.107279 0.323097 -0.040718
v 0.085211 0.337910 -0.009398
v 0.103668 0.337719 -0.046336
v 0.149260 0.310781 -0.066881
v 0.150814 0.324173 -0.065173
v 0.195359 0.312219 -0.076042
v 0.194529 0.323768 -0.072667
v 0.228652 0.317259 -0.057798
v 0.223521 0.321066 -0.051907
v 0.226827 0.329451 -0.050066
v 0.197232 0.308661 -0.087427
v 0.239438 0.312306 -0.070683
v 0.203595 0.282750 -0.099734
v 0.144875 0.305271 -0.077224
v 0.143737 0.279027 -0.089896
v 0.085912 0.270643 -0.054109
v 0.086025 0.361505 -0.008945
v 0.087763 0.339865 0.036422
v 0.104136 0.361044 -0.043310
v 0.094770 0.374012 -0.006027
v 0.110795 0.374962 -0.035431
v 0.099699 0.382000 -0.005264
v 0.113653 0.382700 -0.034239
v 0.091070 0.385872 -0.007893
v 0.109530 0.386307 -0.040852
v 0.148201 0.392793 -0.052127
v 0.146372 0.398277 -0.060937
v 0.097682 0.407242 -0.054203
v 0.140484 0.420864 -0.068888
v 0.190051 0.401997 -0.047472
v 0.193962 0.408985 -0.055293
v 0.192059 0.437443 -0.065218
v 0.233200 0.424729 -0.020098
v 0.233139 0.448190 -0.025324
v 0.226365 0.483246 -0.030381
v 0.216416 0.510384 -0.033761
v 0.246072 0.458477 0.036397
v 0.240221 0.490655 0.027173
v 0.229389 0.520467 0.021412
v 0.224501 0.495910 0.071598
v 0.215746 0.516377 0.065896
v 0.226526 0.528758 0.022562
v 0.215425 0.523918 -0.036394
v 0.219896 0.531341 -0.039223
v 0.186951 0.509133 -0.074970
v 0.233934 0.539914 0.022736
v 0.230768 0.555453 0.022423
v 0.215929 0.547372 -0.039946
v 0.181523 0.558437 -0.083121
v 0.207537 0.569771 -0.038579
v 0.222642 0.575838 0.021777
v 0.203346 0.576695 0.071970
v 0.187352 0.598562 0.069832
v 0.210963 0.600890 0.017459
v 0.197242 0.593000 -0.039280
v 0.187686 0.612174 -0.040080
v 0.169865 0.584589 -0.084384
v 0.196619 0.620714 0.017278
v 0.173679 0.613725 0.068112
v 0.163832 0.622033 0.066343
v 0.187155 0.631441 0.017881
v 0.180522 0.627109 -0.039152
v 0.170962 0.631882 -0.033441
v 0.172145 0.633948 0.017820
v 0.149499 0.624213 0.058685
v 0.143971 0.628709 0.058900
v 0.165167 0.637149 0.018918
v 0.162403 0.636252 -0.029099
v 0.171944 0.641851 0.022544
v 0.166866 0.640822 -0.030002
v 0.143747 0.632220 -0.074327
v 0.180878 0.646222 -0.033109
v 0.151469 0.636549 -0.082036
v 0.112759 0.618490 -0.101943
v 0.109251 0.617281 -0.091955
v 0.085624 0.601102 -0.107280
v 0.079731 0.601366 -0.092983
v 0.156391 0.648237 -0.087897
v 0.182593 0.660184 -0.032152
v 0.179611 0.676067 -0.031402
v 0.154443 0.666016 -0.089557
v 0.173298 0.694531 -0.029708
v 0.159249 0.704406 -0.026446
v 0.145591 0.702471 0.030346
v 0.147638 0.703575 -0.022421
v 0.140794 0.708605 0.029269
v 0.142585 0.710139 -0.019649
v 0.135736 0.716856 0.027703
v 0.137560 0.718968 -0.016919
v 0.117637 0.719402 -0.057891
v 0.144210 0.726777 -0.016646
v 0.123736 0.729248 -0.058725
v 0.084313 0.728663 -0.103056
v 0.077756 0.714189 -0.101914
v 0.049733 0.749113 -0.132671
v 0.041264 0.735261 -0.130038
v 0.020326 0.490168 -0.040934
v 0.032709 0.494365 -0.038219
v 0.040489 0.502247 0.013282
v 0.038711 0.504463 -0.034272
v 0.051308 0.496901 0.014508
v 0.049469 0.502655 -0.033671
v 0.058373 0.522221 -0.069111
v 0.055618 0.492976 -0.035669
v 0.068268 0.507134 -0.073259
v 0.086465 0.548776 -0.086474
v 0.061556 0.455795 -0.035091
v 0.084362 0.455969 -0.068464
v 0.073679 0.408484 -0.017449
v 0.058478 0.462478 0.022156
v 0.068362 0.418521 0.032990
v 0.087250 0.388011 0.036520
v 0.073440 0.425310 0.077405
v 0.091545 0.392874 0.081895
v 0.092089 0.438990 0.105537
v 0.102197 0.490778 0.117710
v 0.077966 0.477491 0.098285
v 0.112919 0.459905 0.122966
v 0.059930 0.469914 0.068870
v 0.059363 0.496954 0.058039
v 0.056197 0.485394 0.016973
v 0.054445 0.506861 0.052876
v 0.050014 0.513364 0.048146
v 0.140615 0.481490 0.126208
v 0.168609 0.499477 0.115532
v 0.173942 0.483025 0.119071
v 0.192862 0.509648 0.096559
v 0.200767 0.492905 0.100207
v 0.206065 0.476937 0.105194
v 0.204693 0.461534 0.106373
v 0.228511 0.475082 0.079537
v 0.230069 0.458845 0.087657
v 0.247948 0.438228 0.042494
v 0.224256 0.414070 -0.014311
v 0.061588 1.047848 -0.129669
v 0.061871 1.062102 -0.122466
v 0.065155 1.036769 -0.144056
v 0.066744 1.007289 -0.166353
v 0.130085 0.992076 -0.130361
v 0.065307 0.960846 -0.193428
v 0.135563 0.941342 -0.160042
v 0.154631 0.979903 -0.110663
v 0.169329 0.975327 -0.103129
v 0.179528 0.973086 -0.098824
v 0.176049 0.997377 -0.072627
v 0.174281 1.007048 -0.035885
v 0.180353 0.979548 -0.106199
v 0.179908 1.002210 -0.076088
v 0.179348 1.011970 -0.035104
v 0.174455 1.001285 0.015988
v 0.180144 1.023353 -0.035212
v 0.166145 0.980901 0.056677
v 0.176744 0.979695 0.054231
v 0.165632 1.004952 0.016808
v 0.150734 0.983440 0.060192
v 0.150676 1.008822 0.018808
v 0.137157 0.991382 0.066873
v 0.140246 1.014376 0.022613
v 0.179175 0.950451 0.077987
v 0.056355 0.902527 -0.191845
v 0.120067 0.878773 -0.160793
v 0.044073 0.841106 -0.183547
v 0.095242 0.813946 -0.156347
v 0.027457 0.801377 -0.163757
v 0.071531 0.784897 -0.143465
v 0.152887 0.749538 -0.012585
v 0.130544 0.754002 -0.054978
v 0.138614 0.761612 -0.057087
v 0.154685 0.758868 -0.011325
v 0.144644 0.746661 0.031684
v 0.148633 0.757006 0.033610
v 0.117586 0.740718 0.073349
v 0.122499 0.749820 0.078031
v 0.089132 0.736847 0.109385
v 0.092835 0.742282 0.111839
v 0.099133 0.739623 0.118273
v 0.069761 0.755005 0.133287
v 0.074643 0.753975 0.143989
v 0.115005 0.778295 0.133497
v 0.123991 0.851577 0.146523
v 0.094429 0.775426 0.148925
v 0.137431 0.847365 0.133913
v 0.157668 0.844414 0.113733
v 0.106321 0.929724 0.131609
v 0.054821 0.847439 0.184204
v 0.041069 0.920258 0.165256
v 0.038251 0.932350 0.157096
v 0.048189 0.775754 0.173580
v 0.034753 0.967805 0.161156
v 0.036763 0.949460 0.159366
v 0.077816 0.956902 0.136683
v 0.084343 0.941423 0.131283
v 0.028132 0.982558 0.148646
v 0.020475 0.978895 0.125563
v 0.043424 0.982849 0.114649
v 0.021540 0.964706 0.124734
v 0.045094 0.967426 0.113834
v 0.066281 0.971370 0.100673
v 0.044783 0.955138 0.110922
v 0.062019 0.962454 0.092952
v 0.022080 0.952450 0.122972
v 0.019002 0.952687 0.112066
v 0.018557 0.957943 0.095498
v 0.018918 0.975045 0.076353
v 0.022661 0.723915 0.133662
v 0.024326 0.727969 0.143176
v 0.026117 0.737478 0.146969
v 0.027116 0.748529 0.148262
v 0.029558 0.760905 0.148615
v 0.065355 0.746354 0.129514
v 0.032836 0.770791 0.152845
v 0.035111 0.768297 0.162627
v 0.082151 0.760403 0.152656
v 0.116798 0.730468 0.072897
v 0.143476 0.735268 0.030562
v 0.139759 0.724586 0.028881
v 0.150198 0.737921 -0.015122
v 0.127509 0.740907 -0.057125
v 0.097171 0.755821 -0.100265
v 0.090664 0.744406 -0.100191
v 0.060781 0.780034 -0.129516
v 0.056280 0.766445 -0.130635
v 0.106664 0.756009 -0.110335
v 0.183864 0.660891 0.029165
v 0.181858 0.647780 0.026557
v 0.158759 0.646952 0.085595
v 0.131435 0.631321 0.109579
v 0.117517 0.607299 0.082236
v 0.112084 0.612433 0.082119
v 0.100739 0.594786 0.078491
v 0.092423 0.603626 0.080552
v 0.079928 0.570184 0.078114
v 0.071795 0.575003 0.080904
v 0.067918 0.575401 0.089651
v 0.073743 0.569722 0.097725
v 0.165306 0.505997 -0.091170
v 0.145529 0.536475 -0.093464
v 0.165573 0.163254 0.083460
v 0.180970 0.164839 0.089295
v 0.182162 0.149805 0.096472
v 0.164778 0.143785 0.088342
v 0.182592 0.137259 0.108320
v 0.166133 0.127108 0.101273
v 0.152074 0.096312 0.098477
v 0.204362 0.151997 0.090666
v 0.207321 0.140981 0.102445
v 0.232800 0.154154 0.081219
v 0.237390 0.143576 0.092890
v 0.241719 0.132430 0.103820
v 0.240474 0.116998 0.102210
v 0.234438 0.108923 0.088261
v 0.237107 0.097699 0.100162
v 0.243049 0.091510 0.124776
v 0.214399 0.091146 0.132643
v 0.191063 0.088946 0.136415
v 0.228888 0.168716 0.076123
v 0.201828 0.166148 0.083807
v 0.267072 0.169550 -0.025877
v 0.223572 0.036565 -0.123430
v 0.169259 0.024158 -0.128646
v 0.223955 0.023778 -0.130756
v 0.267094 0.018660 -0.088642
v 0.266343 0.032800 -0.085182
v 0.288279 0.013865 -0.028448
v 0.284990 0.029948 -0.026280
v 0.280306 0.016623 0.021545
v 0.280635 0.031627 0.028109
v 0.301410 0.032033 0.066562
v 0.308658 0.028216 0.124529
v 0.292756 0.027009 0.164651
v 0.257921 0.029527 0.183146
v 0.260190 0.022155 0.189646
v 0.259773 0.009953 0.190262
v 0.254438 0.001642 0.178974
v 0.221165 0.001551 0.176796
v 0.209746 0.001141 0.154936
v 0.196770 0.002520 0.126129
v 0.175929 0.002649 0.131585
v 0.157912 0.003379 0.136223
v 0.191150 0.004545 0.090268
v 0.172409 0.005056 0.090336
v 0.156126 0.006280 0.087373
v 0.147581 0.010609 0.138006
v 0.148097 0.015843 0.085323
v 0.165619 0.006549 0.047133
v 0.153413 0.008051 0.051298
v 0.144837 0.022000 0.053228
v 0.151892 0.030783 0.087231
v 0.119671 0.022294 0.029269
v 0.148593 0.025373 0.135562
v 0.181305 0.006363 0.041356
v 0.217681 0.004266 0.087201
v 0.203973 0.006425 0.034734
v 0.246162 0.004185 0.080972
v 0.231759 0.006565 0.028677
v 0.268174 0.004161 0.075178
v 0.249639 0.006557 0.025778
v 0.244026 0.006154 -0.030223
v 0.262232 0.006895 0.023141
v 0.259591 0.006212 -0.029467
v 0.249925 0.007492 -0.080863
v 0.274522 0.006966 -0.028101
v 0.261601 0.009316 -0.086685
v 0.220477 0.011450 -0.124780
v 0.213202 0.008535 -0.111123
v 0.274789 0.009483 0.020929
v 0.788957 0.930775 0.050314
v 0.801020 0.919146 0.078430
v 0.804000 0.929977 0.046367
v 0.794912 0.933181 0.007541
v 0.812807 0.929624 0.004537
v 0.779624 0.917878 -0.029547
v 0.797441 0.921498 -0.033660
v 0.829874 0.924296 0.001863
v 0.759124 0.895253 -0.049583
v 0.774164 0.892828 -0.053874
v 0.742609 0.861704 -0.046584
v 0.754888 0.860946 -0.056736
v 0.731846 0.835770 -0.028074
v 0.735395 0.861188 -0.050542
v 0.717500 0.817132 0.008855
v 0.725250 0.826256 -0.033205
v 0.733151 0.858801 -0.057083
v 0.715061 0.823359 -0.035604
v 0.726181 0.858759 -0.063424
v 0.694445 0.814194 0.007138
v 0.703354 0.823101 -0.037002
v 0.705626 0.815040 0.008115
v 0.715352 0.858849 -0.065878
v 0.692202 0.823404 -0.038694
v 0.704375 0.860431 -0.067859
v 0.731727 0.905069 -0.059571
v 0.718256 0.907079 -0.061226
v 0.693305 0.862663 -0.066434
v 0.725141 0.930290 -0.052023
v 0.729195 0.942801 -0.042740
v 0.678138 0.837364 -0.031510
v 0.688100 0.866477 -0.054661
v 0.681607 0.827366 -0.038460
v 0.669725 0.825104 0.004532
v 0.672523 0.817703 0.004670
v 0.681844 0.814132 0.005777
v 0.669788 0.829687 0.047188
v 0.678048 0.821166 0.051219
v 0.690565 0.819086 0.050695
v 0.682381 0.854033 0.082068
v 0.692005 0.853877 0.085730
v 0.702280 0.819020 0.051669
v 0.718269 0.823807 0.052129
v 0.682926 0.895682 0.082344
v 0.693106 0.897895 0.087205
v 0.678615 0.927320 0.072576
v 0.694625 0.929688 0.077386
v 0.680573 0.949350 0.048749
v 0.695669 0.947716 0.052102
v 0.715355 0.945467 0.054260
v 0.694892 0.955989 0.017763
v 0.715403 0.954345 0.017682
v 0.679109 0.956969 0.017680
v 0.670336 0.945129 0.015458
v 0.673018 0.937808 0.042157
v 0.670890 0.933785 0.013266
v 0.676732 0.920470 0.061751
v 0.679410 0.893037 0.071191
v 0.676775 0.858676 0.068317
v 0.671219 0.861443 0.060103
v 0.661077 0.862199 0.056375
v 0.668987 0.836184 0.041410
v 0.661638 0.839525 0.039194
v 0.654905 0.858840 0.062629
v 0.656016 0.836104 0.041837
v 0.663737 0.827933 0.004456
v 0.656680 0.824576 0.005079
v 0.635723 0.825959 0.046644
v 0.644897 0.815488 0.003593
v 0.670280 0.839859 -0.030057
v 0.659335 0.840755 -0.030441
v 0.653011 0.832254 -0.036253
v 0.617274 0.809174 0.001379
v 0.626312 0.824820 -0.040288
v 0.579083 0.808646 0.040751
v 0.584245 0.794490 -0.003144
v 0.605081 0.817353 0.044756
v 0.586716 0.815483 -0.043558
v 0.559647 0.790026 -0.005334
v 0.597244 0.855835 -0.086037
v 0.608165 0.903351 -0.082355
v 0.617917 0.935072 -0.067396
v 0.586600 0.939031 -0.071950
v 0.563811 0.941834 -0.075423
v 0.623941 0.941041 -0.038291
v 0.591456 0.946295 -0.040139
v 0.562329 0.950945 -0.041659
v 0.545318 0.935618 -0.075128
v 0.543332 0.953686 -0.042929
v 0.595227 0.954596 -0.015099
v 0.563104 0.961846 -0.016350
v 0.539774 0.965197 -0.017027
v 0.530147 0.948515 -0.041990
v 0.523654 0.959917 -0.015996
v 0.563304 0.960639 0.000897
v 0.540332 0.960732 0.002291
v 0.527160 0.956610 0.003124
v 0.517228 0.951498 -0.015175
v 0.518838 0.950872 0.001978
v 0.548900 0.950255 0.026152
v 0.566485 0.950317 0.023940
v 0.576807 0.942086 0.050204
v 0.597336 0.946911 0.026263
v 0.603327 0.939530 0.050033
v 0.609386 0.927542 0.067134
v 0.584303 0.930092 0.068947
v 0.614807 0.907283 0.069297
v 0.587487 0.905506 0.071165
v 0.621191 0.879047 0.070366
v 0.592176 0.872834 0.072674
v 0.628534 0.851051 0.071261
v 0.598416 0.844469 0.073100
v 0.574891 0.840953 0.074739
v 0.596619 0.954801 0.005525
v 0.628925 0.949569 0.009088
v 0.628637 0.947849 -0.013154
v 0.648383 0.943301 -0.013172
v 0.648252 0.946007 0.012711
v 0.658392 0.938247 -0.012952
v 0.658719 0.939208 0.013374
v 0.663180 0.930029 -0.011476
v 0.663101 0.931178 0.012462
v 0.673202 0.930018 -0.011247
v 0.510615 0.938787 -0.038658
v 0.508091 0.949833 -0.015793
v 0.522277 0.939234 -0.038202
v 0.509515 0.949158 0.001574
v 0.498275 0.949081 -0.016160
v 0.500524 0.948746 0.001424
v 0.507526 0.936304 0.032677
v 0.517024 0.905151 0.061988
v 0.506031 0.903856 0.063475
v 0.497137 0.897417 0.051933
v 0.515515 0.854344 0.063423
v 0.501459 0.853882 0.065254
v 0.492579 0.855208 0.060162
v 0.491562 0.891718 0.044144
v 0.489880 0.858464 0.046845
v 0.495472 0.811426 0.041005
v 0.482234 0.814920 0.039228
v 0.482021 0.825883 0.028428
v 0.480841 0.798920 -0.007776
v 0.476830 0.812675 -0.008274
v 0.483468 0.812779 -0.053523
v 0.479732 0.822090 -0.045876
v 0.472810 0.830850 -0.039049
v 0.484717 0.851546 -0.066724
v 0.493573 0.849081 -0.075129
v 0.500109 0.887865 -0.077177
v 0.487231 0.884496 -0.068202
v 0.499083 0.916732 -0.063346
v 0.486821 0.914607 -0.060997
v 0.497929 0.938057 -0.038865
v 0.513914 0.918218 -0.062795
v 0.512910 0.886759 -0.075649
v 0.527804 0.888089 -0.073229
v 0.528741 0.919737 -0.060805
v 0.542075 0.890090 -0.074381
v 0.542964 0.926587 -0.064252
v 0.522381 0.851205 -0.071063
v 0.535989 0.854485 -0.069072
v 0.515257 0.814676 -0.048529
v 0.528799 0.817083 -0.046053
v 0.509500 0.800151 -0.006322
v 0.521333 0.802544 -0.005613
v 0.527243 0.796895 -0.006415
v 0.525396 0.814171 0.034348
v 0.540886 0.786812 -0.006997
v 0.510943 0.812748 0.037724
v 0.529382 0.856280 0.061971
v 0.493072 0.798691 -0.006592
v 0.500143 0.812413 -0.051316
v 0.507765 0.849140 -0.073188
v 0.678732 0.867606 -0.045941
v 0.806136 0.834017 0.118849
v 0.796324 0.827393 0.129722
v 0.790077 0.817438 0.128620
v 0.790827 0.809306 0.119491
v 0.760681 0.819208 0.097534
v 0.797644 0.808273 0.109518
v 0.770231 0.821026 0.084682
v 0.808840 0.842461 -0.030587
v 0.834146 0.847920 -0.057211
v 0.830733 0.840236 -0.041627
v 0.804341 0.849904 -0.052257
v 0.470107 0.931985 -0.031769
v 0.469633 0.933846 -0.003200
v 0.459352 0.938641 -0.034739
v 0.460985 0.939813 -0.002490
v 0.454441 0.921131 -0.061461
v 0.449939 0.942587 -0.002661
v 0.439666 0.945332 -0.002463
v 0.434229 0.953623 -0.002364
v 0.438360 0.961406 -0.041991
v 0.439510 0.959265 -0.001994
v 0.428322 0.948393 0.036303
v 0.449435 0.970120 -0.000295
v 0.432610 0.954448 0.041617
v 0.405439 0.930542 0.073781
v 0.431268 0.967292 0.048518
v 0.403234 0.938660 0.083411
v 0.367768 0.902129 0.101452
v 0.364775 0.913509 0.107295
v 0.394548 0.948538 0.087762
v 0.354469 0.927004 0.106388
v 0.327849 0.886737 0.125822
v 0.322166 0.899083 0.128410
v 0.313911 0.907012 0.121324
v 0.344896 0.934003 0.098638
v 0.305373 0.915815 0.109503
v 0.288047 0.895813 0.124745
v 0.282085 0.908019 0.117210
v 0.300236 0.935237 0.106241
v 0.278663 0.928028 0.111916
v 0.270162 0.892216 0.123728
v 0.258860 0.887697 0.117357
v 0.259268 0.867124 0.108679
v 0.257366 0.881520 0.101855
v 0.330118 0.976239 0.093294
v 0.296275 0.968346 0.100667
v 0.337229 0.950181 0.096636
v 0.277585 0.965941 0.104145
v 0.298063 1.011693 0.091597
v 0.278358 1.014391 0.093992
v 0.304256 1.049682 0.078854
v 0.284685 1.054724 0.080675
v 0.286245 1.068682 0.044001
v 0.306040 1.062608 0.044469
v 0.289733 1.084989 -0.001522
v 0.310813 1.078323 0.000913
v 0.288723 1.083095 -0.044619
v 0.310507 1.076363 -0.041943
v 0.307942 1.071456 -0.073430
v 0.305754 1.066798 -0.099191
v 0.299699 1.045364 -0.112406
v 0.296454 1.011693 -0.125747
v 0.322378 1.011247 -0.120465
v 0.297835 0.971722 -0.138481
v 0.328476 0.981160 -0.128950
v 0.369901 0.994056 -0.108026
v 0.363195 1.014655 -0.105997
v 0.390658 1.001579 -0.073034
v 0.383008 1.016821 -0.073349
v 0.401967 1.004529 -0.036194
v 0.394797 1.017803 -0.035945
v 0.410841 1.003356 0.001242
v 0.401218 1.014472 0.002061
v 0.403106 0.986563 0.042788
v 0.392109 1.000922 0.045194
v 0.377841 0.968542 0.078905
v 0.370671 0.988325 0.078654
v 0.416583 0.979846 0.045878
v 0.385641 0.958291 0.081021
v 0.427758 0.974481 0.051526
v 0.425908 0.998467 0.001052
v 0.440969 0.993688 0.001577
v 0.447454 0.983221 0.001061
v 0.436626 0.999292 -0.042225
v 0.446270 0.987836 -0.043495
v 0.448135 0.973696 -0.044129
v 0.427548 0.979534 -0.083973
v 0.430272 0.965771 -0.080194
v 0.424353 0.955276 -0.071509
v 0.403863 0.948282 -0.106183
v 0.402956 0.938779 -0.095360
v 0.401467 0.930152 -0.084623
v 0.366937 0.909434 -0.122509
v 0.365037 0.902960 -0.108880
v 0.359754 0.903159 -0.096614
v 0.327174 0.876928 -0.128980
v 0.322151 0.877986 -0.114289
v 0.315777 0.887079 -0.107507
v 0.284326 0.885358 -0.114357
v 0.309983 0.898529 -0.104102
v 0.302770 0.911524 -0.100105
v 0.327645 0.933891 -0.073295
v 0.328854 0.923590 -0.065705
v 0.350840 0.944229 -0.035532
v 0.351938 0.953880 -0.040821
v 0.352939 0.943197 0.011394
v 0.353855 0.952305 0.013564
v 0.361342 0.954366 0.013805
v 0.370075 0.951916 0.016617
v 0.330316 0.922966 0.049476
v 0.334656 0.921013 0.055501
v 0.343319 0.914985 0.057776
v 0.380788 0.947926 0.020153
v 0.381406 0.935999 0.017401
v 0.378909 0.933954 0.014783
v 0.372192 0.934103 0.012103
v 0.361329 0.900172 0.041968
v 0.364695 0.936332 0.011400
v 0.349459 0.903787 0.039964
v 0.353285 0.863189 0.047013
v 0.334885 0.866402 0.048352
v 0.339164 0.908787 0.038133
v 0.314495 0.874828 0.048632
v 0.329226 0.833692 0.041338
v 0.298059 0.843462 0.044342
v 0.291085 0.818002 0.022817
v 0.261383 0.827232 0.024884
v 0.249916 0.825914 0.025242
v 0.236036 0.833200 0.025728
v 0.233509 0.828759 -0.014791
v 0.231601 0.841021 0.022351
v 0.227771 0.834299 -0.014285
v 0.234523 0.840840 -0.053573
v 0.227538 0.845344 -0.048789
v 0.219356 0.829610 -0.013728
v 0.220858 0.838792 -0.052222
v 0.223384 0.863462 -0.083775
v 0.214301 0.830776 -0.055938
v 0.211993 0.859684 -0.090308
v 0.222589 0.888919 -0.102006
v 0.222292 0.893748 -0.118799
v 0.220562 0.901290 -0.144001
v 0.205946 0.818349 -0.013751
v 0.202211 0.829494 -0.054924
v 0.214591 0.821766 -0.013826
v 0.207668 0.826435 0.031758
v 0.217485 0.830607 0.028778
v 0.222504 0.840668 0.023477
v 0.211170 0.855748 0.068403
v 0.197265 0.827425 0.031039
v 0.197671 0.817368 -0.013891
v 0.191639 0.829499 -0.055022
v 0.333091 0.915738 0.042755
v 0.356029 0.938034 0.010011
v 0.354783 0.936036 -0.033112
v 0.336198 0.911735 -0.062256
v 0.263270 0.880724 -0.124253
v 0.256881 0.883695 -0.144242
v 0.256058 0.899672 -0.137880
v 0.329855 0.883488 -0.144942
v 0.332911 0.891041 -0.159576
v 0.369104 0.916096 -0.135717
v 0.325190 0.906242 -0.164042
v 0.361965 0.929242 -0.141440
v 0.399884 0.959288 -0.114625
v 0.348904 0.942543 -0.139914
v 0.389823 0.972113 -0.115806
v 0.420737 0.989488 -0.083483
v 0.379035 0.982799 -0.109868
v 0.404599 0.996080 -0.076195
v 0.418659 1.003581 -0.039383
v 0.337961 0.955121 -0.135019
v 0.302051 0.936754 -0.148192
v 0.313071 0.917596 -0.158168
v 0.271129 1.084981 -0.045899
v 0.271585 1.086477 -0.003827
v 0.260494 1.075049 -0.045033
v 0.261370 1.076743 -0.006910
v 0.256924 1.064930 -0.044284
v 0.256498 1.065805 -0.009627
v 0.249352 1.068276 -0.044706
v 0.246416 1.080873 -0.046309
v 0.329054 0.875611 0.112995
v 0.447939 0.906821 -0.078028
v 0.427037 0.899974 -0.090784
v 0.406502 0.887469 -0.099056
v 0.424076 0.887157 -0.097447
v 0.404132 0.868667 -0.094478
v 0.420931 0.868413 -0.093413
v 0.401140 0.850089 -0.083989
v 0.417833 0.850155 -0.082379
v 0.397332 0.813551 -0.053355
v 0.382250 0.811780 -0.010294
v 0.397905 0.812888 -0.012592
v 0.382936 0.811402 0.018407
v 0.398260 0.812508 0.017062
v 0.416658 0.813909 0.015687
v 0.397645 0.812218 0.037788
v 0.382348 0.811166 0.039531
v 0.396075 0.817396 0.054649
v 0.368679 0.810761 -0.007322
v 0.436057 0.851383 0.077100
v 0.246342 0.961239 0.093840
v 0.238048 0.962389 0.103658
v 0.223554 0.929569 0.121791
v 0.221454 0.963009 0.105523
v 0.236463 1.007635 0.086874
v 0.220776 1.007401 0.089945
v 0.240963 1.044681 0.067474
v 0.212884 1.019380 -0.145304
v 0.210791 0.973542 -0.172324
v 0.091128 1.027957 0.026989
v 0.086595 1.048557 -0.014551
v 0.095002 1.017723 0.018782
v 0.089284 1.038224 -0.018926
v 0.076228 1.053507 -0.053954
v 0.073823 1.065511 -0.048978
v 0.049945 1.061868 -0.079420
v 0.046622 1.075871 -0.073099
v 0.022294 1.067574 -0.095059
v 0.018600 1.082385 -0.088278
v 0.047726 1.051580 -0.077433
v 0.021674 1.057221 -0.092313
v 0.019191 1.067961 -0.070714
v 0.018519 1.057546 -0.075591
v 0.019165 1.051810 -0.083511
v 0.040725 1.055463 -0.063651
v 0.042052 1.045919 -0.070312
v 0.058339 1.059501 -0.034134
v 0.061067 1.050490 -0.040034
v 0.040472 1.066355 -0.059281
v 0.062156 1.040891 -0.046135
v 0.071197 1.039718 -0.008101
v 0.073040 1.029646 -0.015166
v 0.070327 1.042700 -0.052422
v 0.083203 1.030208 -0.019786
v 0.073468 1.014420 0.015373
v 0.086553 1.011917 0.014243
v 0.060163 1.014052 0.050123
v 0.068114 1.000050 0.038085
v 0.068073 1.027050 0.022905
v 0.084714 0.996183 0.037347
v 0.062400 0.986687 0.054635
v 0.096445 1.001613 0.045394
v 0.051978 0.998086 0.071790
v 0.057055 1.034664 0.025737
v 0.063256 1.046415 -0.002610
v 0.052185 1.049047 0.001610
v 0.047520 1.059635 -0.027858
v 0.053102 1.061089 0.009353
v 0.047601 1.068601 -0.021918
v 0.034237 1.068931 -0.050774
v 0.017483 1.073830 -0.062642
v 0.070002 1.064757 0.014838
v 0.053690 1.075466 -0.021264
v 0.078426 1.077848 0.022543
v 0.061876 1.087451 -0.022715
v 0.072425 1.072354 0.062626
v 0.057428 1.068541 0.084678
v 0.036622 1.062613 0.104772
v 0.022441 1.041329 0.116318
v 0.066638 0.623924 -0.151751
v 0.097819 0.629474 0.122986
v 0.087605 0.615485 0.120955
v 0.084178 0.614380 0.136726
v 0.070946 0.614048 0.144930
v 0.074939 0.565980 0.112299
v 0.073671 0.564648 0.130421
v 0.064680 0.565426 0.142590
v 0.057415 0.614769 0.137607
v 0.048635 0.569619 0.140283
v 0.063542 0.525657 0.118958
v 0.060341 0.523109 0.132980
v 0.044815 0.525215 0.139065
v 0.034548 0.572076 0.148290
v 0.032518 0.528868 0.137395
v 0.030109 0.615787 0.164906
v 0.023246 0.570950 0.160585
v 0.053387 0.614980 0.157851
v 0.018096 0.525376 0.145840
v 0.027538 0.656841 0.165543
v 0.065169 0.525616 -0.118880
v 0.033267 0.455473 -0.151188
v 0.020469 0.433951 -0.154739
v 0.028776 1.117272 -0.069637
v 0.028493 1.144110 -0.067855
v 0.015785 1.143839 -0.074266
v 0.017300 1.118883 -0.076531
v 0.011857 1.201303 -0.036755
v 0.028118 1.154907 0.115049
v 0.022597 1.129802 0.120880
v 0.014002 1.180841 -0.062518
v 0.008906 1.049302 0.117122
v 0.045893 1.150660 0.103951
v 0.028684 1.152008 0.095003
v 0.012070 0.392873 0.102352
v 0.172237 0.445086 0.098553
v 0.236565 0.378638 0.126595
v 0.238089 0.340259 0.119130
v 0.217338 0.334117 0.131002
v 0.220397 0.373952 0.140991
v 0.195068 0.329860 0.139701
v 0.197554 0.369387 0.149361
v 0.176808 0.326293 0.146942
v 0.178984 0.365372 0.158250
v 0.163087 0.323965 0.147306
v 0.161083 0.361404 0.160652
v 0.211086 0.299592 0.115371
v 0.237265 0.306824 0.101470
v 0.225101 0.296329 0.084878
v 0.216985 0.293177 0.073013
v 0.218275 0.281757 0.064718
v 0.135206 0.327718 0.105845
v 0.818783 0.844609 -0.027188
v 0.823444 0.847580 -0.015504
vn -0.1078 -0.7165 -0.6892
vn -0.2661 -0.9560 -0.1234
vn -0.9724 0.0030 -0.2332
vn -0.6170 -0.1298 -0.7762
vn -0.3788 0.0088 -0.9255
vn -0.0152 -0.5473 -0.8368
vn -0.6706 0.6395 -0.3759
vn -0.9349 0.1205 0.3338
vn -0.2834 -0.8432 0.4569
vn -0.1218 -0.4640 0.8774
vn -0.6148 0.2658 0.7425
vn -0.3392 0.4169 0.8433
vn -0.6313 0.7556 0.1745
vn 0.1860 -0.4004 0.8973
vn 0.2321 -0.9081 -0.3486
vn 0.3749 -0.8615 0.3424
vn -0.1266 -0.8070 -0.5768
vn -0.3090 -0.9375 0.1600
vn -0.9912 0.0510 -0.1222
vn -0.6756 -0.1551 -0.7208
vn -0.3915 0.1571 -0.9067
vn 0.1362 -0.7303 -0.6694
vn -0.6644 0.6917 -0.2831
vn 0.3526 -0.9158 0.1925
vn -0.3268 -0.5266 0.7848
vn -0.7933 0.2315 0.5631
vn 0.1372 -0.4688 0.8726
vn -0.5153 0.4896 0.7034
vn -0.2466 0.1878 -0.9507
vn -0.4772 -0.8560 -0.1989
vn -0.4824 0.5513 -0.6807
vn -0.8956 0.4328 -0.1029
vn -0.4704 -0.6222 0.6258
vn -0.2241 -0.7854 -0.5771
vn 0.1214 -0.3898 -0.9129
vn 0.1225 -0.9891 0.0819
vn 0.3542 -0.9192 0.1719
vn -0.1023 -0.8310 0.5468
vn -0.7418 0.1522 -0.6532
vn -0.3367 0.4555 -0.8241
vn 0.9277 -0.1512 0.3413
vn 0.7608 -0.5707 0.3089
vn 0.7691 -0.6377 0.0426
vn 0.6392 -0.5680 0.5185
vn 0.7667 -0.0858 0.6362
vn 0.9842 -0.0404 0.1722
vn -0.0565 -0.9954 0.0778
vn -0.4253 -0.8607 0.2801
vn -0.2796 -0.6146 0.7376
vn 0.6582 -0.7528 -0.0079
vn 0.2569 -0.9630 -0.0817
vn 0.9006 -0.4326 -0.0424
vn 0.6732 -0.4383 0.5955
vn 0.3118 -0.8159 0.4869
vn -0.1571 -0.7911 0.5912
vn -0.4374 -0.8992 0.0071
vn 0.1727 -0.3935 0.9030
vn 0.8986 0.2362 0.3697
vn 0.9669 -0.2196 0.1300
vn 0.8497 -0.0492 0.5250
vn 0.8621 0.2027 0.4644
vn 0.8168 0.1171 0.5650
vn 0.7838 -0.3256 0.5289
vn 0.7720 -0.1968 0.6044
vn 0.7498 -0.0222 0.6613
vn 0.3266 -0.8942 0.3063
vn 0.7547 -0.2330 0.6133
vn 0.5512 -0.2376 0.7999
vn 0.3095 -0.8272 0.4691
vn 0.0904 -0.9409 0.3263
vn 0.0574 -0.9957 0.0722
vn 0.1727 -0.6415 0.7474
vn -0.2366 -0.1623 0.9580
vn -0.0645 -0.8736 0.4824
vn -0.0136 0.0972 0.9952
vn 0.3527 0.2754 0.8943
vn -0.2190 0.4596 0.8607
vn 0.7607 0.2887 0.5814
vn 0.7981 0.2647 0.5413
vn 0.3822 0.1552 0.9110
vn -0.2023 0.1735 0.9638
vn 0.3606 0.3238 0.8747
vn 0.7207 0.4669 0.5125
vn 0.2466 0.8198 0.5168
vn 0.1233 0.7150 0.6881
vn -0.1226 0.8639 0.4886
vn -0.1956 0.6825 0.7042
vn -0.2246 0.2487 0.9422
vn 0.0142 -0.9995 -0.0268
vn 0.0006 -0.9990 0.0439
vn -0.0073 -0.9999 -0.0126
vn 0.0117 -0.9992 -0.0391
vn 0.0021 -0.9990 -0.0445
vn 0.0143 -0.9986 -0.0509
vn 0.0165 -0.9986 -0.0498
vn -0.5090 -0.6304 0.5861
vn -0.7498 0.2203 0.6240
vn -0.9933 -0.0305 0.1113
vn -0.6229 -0.7143 0.3190
vn 0.0083 -0.9997 -0.0218
vn -0.0591 -0.9897 0.1301
vn -0.4103 -0.8957 -0.1712
vn -0.0265 -0.9968 -0.0758
vn -0.9389 -0.1287 -0.3191
vn -0.7054 0.2615 0.6588
vn -0.3780 0.2011 0.9037
vn -0.3098 0.6543 0.6899
vn -0.5732 0.5476 0.6096
vn -0.2533 0.8574 0.4481
vn -0.6330 0.7228 0.2771
vn -0.8979 0.4177 0.1385
vn 0.8037 0.4399 0.4007
vn 0.7741 0.5794 0.2551
vn 0.8925 0.3874 0.2309
vn 0.9374 0.2238 0.2669
vn 0.8693 0.0713 0.4891
vn 0.9083 -0.2620 0.3260
vn 0.8509 -0.3110 0.4235
vn 0.4884 -0.1576 0.8583
vn 0.7972 -0.4657 0.3842
vn 0.3538 0.7892 0.5019
vn 0.0979 -0.1958 0.9757
vn 0.4691 -0.0516 0.8816
vn 0.2365 0.0358 0.9710
vn -0.0956 -0.6275 0.7727
vn -0.2280 -0.5941 0.7714
vn -0.2706 -0.1711 0.9474
vn -0.0635 0.8712 0.4869
vn -0.1778 0.2655 0.9476
vn 0.8594 0.1419 0.4912
vn 0.8222 0.1423 0.5512
vn 0.7766 -0.0512 0.6279
vn 0.6176 -0.2030 0.7598
vn -0.7001 0.6874 0.1930
vn -0.5206 -0.3634 0.7726
vn -0.9517 -0.1580 0.2633
vn -0.9476 0.2989 -0.1130
vn -0.8224 0.5246 -0.2199
vn -0.5853 0.8092 0.0518
vn -0.9944 -0.1056 0.0008
vn -0.9783 0.1684 -0.1204
vn -0.9859 -0.0747 -0.1499
vn -0.9810 -0.0008 0.1942
vn -0.9905 -0.1308 -0.0434
vn -0.8656 -0.4498 0.2200
vn -0.4887 -0.4389 0.7540
vn -0.8062 0.2761 0.5232
vn -0.9974 0.0198 0.0697
vn -0.9674 0.1783 -0.1796
vn -0.7685 0.5783 0.2739
vn -0.9470 0.3101 0.0837
vn -0.9660 0.2535 0.0500
vn 0.9305 0.1962 0.3092
vn 0.9669 0.0091 0.2548
vn 0.9696 0.0547 0.2385
vn 0.9839 0.1704 -0.0547
vn 0.9722 0.1798 -0.1501
vn 0.0286 -0.9764 -0.2139
vn 0.0969 -0.6644 -0.7411
vn 0.2878 -0.6835 -0.6708
vn 0.0583 -0.9646 -0.2572
vn 0.2816 -0.9224 -0.2645
vn 0.0298 -0.9960 -0.0842
vn 0.9779 0.2089 -0.0057
vn -0.7772 0.5171 0.3587
vn -0.9712 0.1388 0.1939
vn -0.9932 0.0170 0.1148
vn -0.3867 0.2899 -0.8755
vn -0.3954 0.2441 -0.8855
vn -0.8486 0.2276 -0.4776
vn -0.7684 0.0783 -0.6352
vn -0.6029 0.1792 -0.7775
vn -0.3743 0.1573 -0.9139
vn -0.8514 -0.0368 -0.5232
vn -0.5723 0.2066 -0.7936
vn -0.9154 0.2825 -0.2868
vn -0.7518 0.1990 -0.6287
vn -0.7741 0.1560 0.6136
vn 0.9900 0.0692 -0.1228
vn 0.9503 0.0859 0.2993
vn 0.8855 0.2758 -0.3740
vn 0.9375 0.1787 -0.2985
vn -0.6450 0.1105 -0.7562
vn 0.9666 0.0076 -0.2561
vn 0.7871 -0.5235 0.3263
vn 0.8596 -0.4064 0.3097
vn 0.9276 -0.3730 0.0204
vn 0.8772 -0.4683 0.1059
vn 0.9254 -0.3042 -0.2260
vn 0.8683 -0.4657 -0.1710
vn 0.9639 -0.2033 0.1717
vn 0.8345 -0.2701 0.4802
vn 0.9778 -0.1667 -0.1266
vn 0.3347 -0.1548 0.9295
vn 0.7249 -0.1422 0.6740
vn 0.6511 0.1073 0.7514
vn 0.3005 0.2355 0.9243
vn -0.0960 0.2611 0.9605
vn -0.0135 -0.0882 0.9960
vn 0.2342 0.5535 0.7992
vn -0.0787 0.0555 0.9954
vn -0.0324 0.0394 0.9987
vn -0.2885 0.1309 0.9485
vn -0.2510 0.1723 0.9525
vn 0.2272 -0.5896 0.7751
vn -0.3224 -0.4775 0.8174
vn 0.2234 0.2909 0.9303
vn 0.5949 -0.2515 0.7634
vn -0.0509 -0.5977 0.8001
vn -0.3868 -0.6109 0.6908
vn -0.0751 -0.9728 0.2191
vn 0.2090 -0.8836 0.4190
vn 0.3630 -0.9252 0.1107
vn 0.6255 -0.7625 0.1653
vn 0.5449 -0.5066 0.6682
vn 0.8447 -0.5298 0.0760
vn 0.7945 -0.6035 -0.0674
vn -0.1994 -0.9522 0.2316
vn -0.2552 -0.9531 0.1627
vn -0.6297 0.0291 0.7763
vn -0.2914 0.1298 0.9477
vn -0.2481 0.4315 0.8673
vn -0.5026 0.4210 0.7551
vn -0.7715 0.3816 0.5091
vn -0.9137 0.0175 0.4060
vn 0.6504 -0.3326 0.6829
vn 0.7601 -0.5212 0.3880
vn 0.9165 -0.3690 0.1546
vn 0.6992 -0.3007 0.6486
vn 0.6900 -0.1790 0.7013
vn 0.6815 -0.1544 0.7154
vn 0.9489 -0.2039 0.2409
vn 0.7750 -0.1270 -0.6190
vn 0.3113 0.1412 -0.9398
vn 0.3083 -0.1219 -0.9434
vn 0.7033 -0.3488 -0.6194
vn 0.3425 -0.0572 -0.9378
vn 0.8182 -0.1287 -0.5604
vn 0.6782 0.2705 0.6833
vn 0.3578 0.2888 0.8880
vn 0.4283 -0.2139 0.8780
vn 0.7577 -0.1209 0.6413
vn 0.6836 -0.2575 0.6829
vn 0.9692 -0.2300 -0.0875
vn 0.2502 -0.2349 0.9393
vn 0.7782 -0.2195 0.5885
vn -0.6040 -0.5364 0.5895
vn -0.6851 0.1244 0.7177
vn -0.8547 0.2777 0.4386
vn -0.9391 -0.2313 0.2542
vn -0.8993 0.4325 -0.0649
vn -0.9299 -0.3200 -0.1814
vn -0.7004 -0.7017 -0.1306
vn -0.9692 0.1268 -0.2112
vn -0.9130 -0.2478 0.3241
vn -0.6659 0.6861 0.2929
vn -0.5699 0.4753 0.6703
vn -0.8820 -0.2701 0.3861
vn -0.4935 0.8688 -0.0401
vn -0.9617 0.0906 0.2588
vn 0.9463 -0.1664 -0.2771
vn 0.9907 0.1173 -0.0687
vn 0.9358 0.0722 0.3451
vn 0.7907 0.1497 0.5936
vn 0.8786 0.4080 0.2481
vn 0.7086 0.2415 0.6630
vn 0.2037 0.0040 0.9790
vn 0.7372 -0.1972 0.6463
vn 0.7338 -0.1917 0.6517
vn -0.9231 -0.3835 -0.0284
vn -0.9496 -0.0746 0.3045
vn -0.9773 0.0800 -0.1960
vn -0.9569 -0.0881 -0.2768
vn -0.8710 0.1632 -0.4633
vn -0.9620 -0.0976 -0.2549
vn -0.8493 -0.5165 -0.1094
vn -0.0855 0.6987 0.7103
vn -0.3118 0.2611 0.9136
vn 0.2927 0.1561 0.9434
vn 0.4105 0.5763 0.7067
vn 0.7707 0.0586 0.6345
vn 0.7791 0.5307 0.3337
vn 0.3384 0.9284 0.1536
vn 0.9020 0.3996 0.1637
vn 0.7290 0.6253 0.2785
vn 0.3904 0.8478 0.3589
vn 0.4226 -0.7479 0.5119
vn -0.0338 -0.5815 0.8128
vn 0.6063 -0.1446 0.7820
vn 0.9990 -0.0015 0.0447
vn 0.9547 -0.2731 -0.1182
vn -0.8519 0.5144 0.0981
vn 0.9234 0.3285 0.1984
vn 0.9466 0.2386 0.2169
vn 0.7497 -0.6475 0.1364
vn -0.5868 0.3795 0.7153
vn -0.3712 0.2891 0.8824
vn -0.2529 0.7062 0.6612
vn -0.5273 0.7229 0.4465
vn 0.0441 0.9954 0.0853
vn -0.5429 0.8378 0.0589
vn -0.8037 0.4907 0.3366
vn -0.6470 0.6050 -0.4642
vn -0.2808 0.3689 -0.8861
vn -0.6884 -0.1106 -0.7169
vn -0.7800 0.4210 -0.4630
vn -0.9554 0.2497 -0.1578
vn -0.9264 0.2222 0.3039
vn -0.8048 0.5656 0.1799
vn -0.8398 0.5361 -0.0853
vn -0.8212 0.5359 -0.1962
vn -0.8671 0.2177 -0.4481
vn -0.7357 0.6772 -0.0065
vn -0.9768 0.2136 0.0133
vn -0.9540 -0.1538 0.2573
vn -0.8891 0.1246 -0.4405
vn -0.9023 0.4298 0.0338
vn -0.4971 0.7663 0.4071
vn -0.7611 0.6244 0.1756
vn -0.0951 0.8879 0.4501
vn 0.3737 -0.4435 0.8146
vn 0.2065 -0.2395 0.9487
vn -0.3291 -0.4640 0.8224
vn -0.0530 0.0373 0.9979
vn -0.3300 -0.4116 0.8495
vn -0.4874 -0.7692 0.4133
vn -0.5716 -0.5949 0.5651
vn 0.1615 0.0852 0.9832
vn -0.2498 0.1142 0.9616
vn -0.4950 -0.3250 0.8058
vn -0.3838 -0.6269 0.6780
vn -0.7379 -0.6216 0.2629
vn -0.3793 -0.0286 0.9248
vn -0.3831 -0.6824 0.6225
vn -0.3406 -0.7938 0.5039
vn -0.3900 -0.2850 0.8756
vn -0.2159 -0.7910 0.5724
vn -0.3488 0.2651 -0.8989
vn 0.1890 0.3430 -0.9201
vn 0.2004 0.1224 -0.9720
vn -0.1909 0.1970 -0.9617
vn 0.1914 0.2994 -0.9347
vn -0.0000 -0.7008 0.7134
vn -0.0000 -0.2929 0.9562
vn -0.3709 -0.3578 0.8570
vn -0.4562 -0.5411 0.7065
vn -0.6081 -0.7478 0.2665
vn -0.0000 -0.9825 0.1862
vn -0.6546 -0.5332 0.5359
vn -0.0000 0.1847 0.9828
vn -0.0000 -0.2137 0.9769
vn -0.0166 -0.1536 0.9880
vn 0.1220 0.0891 0.9885
vn -0.1751 -0.0827 0.9811
vn -0.0000 -0.1133 0.9936
vn -0.0386 -0.1094 0.9932
vn -0.6046 -0.3916 0.6936
vn -0.4598 -0.2283 0.8582
vn -0.6848 -0.6189 -0.3846
vn -0.8222 -0.4489 -0.3500
vn -0.4473 -0.1216 -0.8861
vn -0.5112 -0.2863 -0.8104
vn -0.0000 0.0508 -0.9987
vn -0.0000 -0.2899 -0.9571
vn -0.0000 -0.8640 -0.5035
vn -0.0000 -0.4067 0.9136
vn -0.0000 -0.0981 0.9952
vn -0.3541 -0.2904 0.8890
vn -0.4861 -0.3560 0.7981
vn -0.6818 -0.6862 0.2537
vn -0.0000 -0.9597 0.2809
vn -0.7905 -0.6072 0.0799
vn -0.1997 -0.0475 0.9787
vn -0.0486 -0.5658 0.8231
vn -0.3233 -0.0610 0.9443
vn 0.3427 -0.1587 0.9259
vn 0.0489 0.2058 0.9774
vn 0.3192 0.0468 0.9465
vn 0.0085 0.1718 0.9851
vn -0.8552 -0.4901 0.1689
vn -0.8913 -0.2887 0.3496
vn -0.9444 -0.1555 -0.2897
vn -0.7833 -0.3094 -0.5391
vn -0.5913 -0.0041 -0.8064
vn -0.5310 -0.0416 -0.8463
vn -0.8112 -0.5820 0.0560
vn -0.2825 0.0614 -0.9573
vn -0.3585 -0.0290 -0.9331
vn -0.3904 -0.1696 -0.9049
vn -0.6593 -0.4773 0.5809
vn -0.6889 -0.0846 0.7199
vn -0.6578 0.1004 0.7465
vn 0.8407 0.1028 0.5317
vn 0.7486 0.0400 0.6618
vn 0.5873 0.3552 0.7273
vn 0.6542 0.3048 0.6922
vn 0.8004 0.0286 0.5988
vn 0.3983 0.1927 0.8968
vn 0.3592 0.3331 0.8718
vn -0.5724 -0.7484 0.3351
vn -0.6084 -0.7910 0.0651
vn -0.2759 -0.9565 0.0944
vn -0.4950 -0.8320 0.2504
vn -0.7669 -0.5329 0.3576
vn -0.1536 -0.5071 0.8481
vn -0.0000 -0.9610 0.2766
vn -0.0000 -0.9539 -0.3001
vn -0.5927 -0.7724 -0.2283
vn -0.0000 -0.9935 0.1137
vn -0.8557 -0.4973 -0.1431
vn 0.5221 0.2641 0.8110
vn -0.3931 -0.4385 0.8082
vn -0.7732 -0.1541 0.6152
vn -0.4330 0.7242 0.5367
vn 0.1447 0.4439 0.8843
vn -0.0000 -0.0223 0.9998
vn -0.0000 -0.5403 0.8415
vn 0.8329 -0.0538 0.5508
vn -0.0000 -0.2018 0.9794
vn 0.0875 0.4200 0.9033
vn -0.3919 -0.1006 0.9145
vn 0.8113 0.0844 0.5785
vn -0.5584 0.5215 0.6452
vn -0.5739 0.6227 0.5319
vn -0.4620 0.8671 0.1862
vn -0.7773 0.6010 0.1863
vn -0.8828 0.3952 0.2540
vn 0.6317 -0.1038 0.7682
vn -0.4488 -0.2355 0.8621
vn -0.7303 -0.1561 0.6651
vn -0.3058 0.9479 -0.0895
vn -0.6642 0.7471 -0.0280
vn -0.8372 0.5435 -0.0614
vn -0.8569 0.4063 0.3172
vn -0.5186 0.7849 -0.3391
vn -0.6269 0.4561 -0.6317
vn -0.8683 0.3082 -0.3886
vn -0.7934 0.5446 -0.2719
vn -0.9179 0.3606 -0.1655
vn -0.8592 -0.3841 0.3380
vn -0.8620 0.3612 0.3557
vn -0.8858 -0.0211 0.4637
vn -0.7805 0.4358 0.4483
vn -0.9213 0.3239 0.2151
vn -0.7720 0.4564 0.4425
vn -0.9347 0.0839 0.3453
vn -0.8789 -0.0374 0.4756
vn -0.1552 -0.3859 -0.9094
vn 0.1978 -0.1779 -0.9640
vn 0.1126 -0.1240 -0.9859
vn -0.1458 -0.1357 -0.9800
vn -0.6225 -0.2430 -0.7439
vn -0.4481 -0.0435 -0.8929
vn 0.0500 -0.2236 -0.9734
vn -0.9155 0.2866 -0.2822
vn -0.0000 -0.6157 0.7880
vn -0.4042 -0.5141 0.7565
vn -0.6812 -0.4954 0.5390
vn -0.8553 -0.4133 -0.3126
vn -0.5196 -0.2114 0.8278
vn -0.8370 -0.3295 0.4368
vn -0.8585 -0.2052 0.4700
vn -0.8256 0.2515 0.5052
vn -0.0000 -0.2375 -0.9714
vn -0.0000 0.0992 -0.9951
vn -0.8398 -0.1350 -0.5258
vn -0.7142 -0.2573 -0.6509
vn -0.3163 -0.9486 -0.0110
vn -0.0000 -0.9988 -0.0493
vn -0.0000 -0.7896 0.6136
vn 0.1951 -0.8183 0.5407
vn -0.0000 -0.2220 0.9750
vn 0.7197 -0.2340 0.6537
vn -0.0000 -0.9698 -0.2439
vn -0.5883 -0.7760 -0.2273
vn -0.8246 -0.5021 0.2606
vn -0.7502 -0.3435 0.5650
vn -0.7566 -0.5561 -0.3439
vn -0.1851 -0.5089 -0.8407
vn -0.7478 -0.3909 -0.5366
vn -0.7397 0.1163 -0.6628
vn -0.5111 0.0308 -0.8590
vn -0.4333 0.1344 -0.8912
vn 0.2301 -0.2496 -0.9406
vn 0.5299 0.4270 0.7327
vn 0.3482 0.6358 0.6889
vn 0.0953 0.7828 0.6149
vn -0.3612 0.6230 0.6938
vn 0.2892 0.7176 0.6336
vn -0.0000 0.3943 -0.9190
vn -0.0000 -0.0969 -0.9953
vn -0.2672 -0.0195 -0.9634
vn -0.0255 0.3982 -0.9169
vn 0.0642 0.3367 -0.9394
vn -0.0000 0.4213 -0.9069
vn -0.2641 0.0391 -0.9637
vn -0.9863 -0.1344 0.0954
vn -0.8292 -0.1114 -0.5477
vn -0.7635 -0.5938 -0.2540
vn -0.4090 -0.7319 -0.5450
vn -0.0387 -0.1846 -0.9821
vn -0.3788 -0.8102 -0.4473
vn -0.4257 0.0227 -0.9046
vn -0.0000 0.0451 -0.9990
vn -0.0000 -0.6367 -0.7711
vn -0.5962 -0.5038 -0.6250
vn -0.0000 -0.8510 -0.5251
vn -0.4087 -0.7224 -0.5578
vn -0.8027 -0.1501 -0.5772
vn -0.4937 0.4727 0.7299
vn -0.9002 0.0910 -0.4258
vn -0.9947 0.0876 0.0543
vn -0.8550 0.1725 -0.4892
vn -0.8250 0.0865 -0.5584
vn -0.6576 -0.6590 0.3651
vn -0.7033 -0.6926 0.1603
vn -0.5686 -0.8055 0.1667
vn -0.6531 -0.7573 0.0012
vn -0.6695 -0.7420 0.0334
vn -0.0000 -0.8671 0.4981
vn -0.4237 0.0913 0.9012
vn -0.0000 0.1318 0.9913
vn -0.7697 0.3271 0.5482
vn 0.5504 -0.3072 -0.7763
vn 0.2746 -0.1844 -0.9437
vn 0.3440 0.4306 -0.8344
vn 0.4747 0.1180 -0.8722
vn -0.1705 0.7888 -0.5905
vn -0.0279 0.8352 -0.5492
vn 0.2118 -0.0068 -0.9773
vn 0.2520 -0.0985 -0.9627
vn -0.0000 0.1553 -0.9879
vn -0.4606 0.1277 -0.8784
vn -0.5612 -0.5610 -0.6085
vn -0.7058 -0.3286 -0.6276
vn -0.7592 -0.0036 -0.6509
vn -0.4128 0.1539 -0.8977
vn -0.3468 0.2737 -0.8971
vn -0.6105 0.3952 -0.6863
vn -0.2791 -0.1839 -0.9425
vn -0.3480 -0.2992 -0.8885
vn -0.4199 -0.9012 0.1075
vn -0.6430 -0.7635 0.0602
vn -0.7669 -0.6407 0.0368
vn -0.4515 -0.8362 0.3113
vn -0.6338 -0.7503 0.1879
vn -0.4954 -0.8618 0.1090
vn -0.0355 -0.0908 -0.9952
vn 0.1694 0.1146 -0.9789
vn -0.0358 0.0407 -0.9985
vn 0.0194 0.0144 -0.9997
vn -0.1866 -0.0695 -0.9800
vn -0.2679 -0.1691 -0.9485
vn -0.5289 -0.1861 -0.8280
vn -0.3059 -0.0221 -0.9518
vn -0.0750 -0.0139 -0.9971
vn 0.3733 0.6455 0.6663
vn -0.0000 0.5878 0.8090
vn 0.1990 0.5775 0.7918
vn 0.3237 0.6960 0.6409
vn -0.0848 0.7094 0.6997
vn -0.6732 0.0181 -0.7392
vn -0.3927 0.0979 0.9144
vn -0.0000 0.0260 0.9997
vn -0.0000 0.3424 0.9396
vn -0.3734 0.2709 0.8873
vn -0.0000 0.8406 0.5417
vn -0.5565 0.5895 0.5856
vn -0.7003 0.2682 0.6616
vn -0.4230 0.1588 0.8921
vn -0.6616 0.1850 0.7267
vn -0.5553 0.5676 0.6078
vn -0.2115 0.7053 0.6767
vn -0.1476 0.1003 0.9839
vn -0.5011 0.8305 0.2432
vn -0.4012 0.8865 0.2304
vn -0.1921 0.9309 0.3108
vn -0.6046 0.3859 0.6968
vn -0.4216 0.6683 0.6129
vn -0.2254 0.8013 0.5542
vn -0.5552 0.4550 0.6963
vn 0.0442 0.6430 0.7646
vn 0.2562 0.5365 0.8040
vn -0.0041 0.8904 0.4551
vn -0.0000 0.7173 -0.6967
vn -0.4854 0.5898 -0.6454
vn -0.3340 0.9251 -0.1809
vn -0.2144 0.9507 -0.2242
vn 0.0389 0.8947 0.4450
vn 0.0566 0.9523 0.2999
vn -0.0000 0.4079 -0.9130
vn -0.0000 0.0500 -0.9987
vn -0.2995 0.0087 -0.9540
vn -0.2733 0.4143 -0.8681
vn -0.3774 0.8128 -0.4438
vn -0.0000 0.9084 -0.4181
vn -0.1989 0.3017 -0.9324
vn -0.3509 0.7862 -0.5087
vn -0.9652 -0.2144 -0.1497
vn -0.9521 -0.2731 0.1376
vn -0.7989 -0.5441 -0.2564
vn -0.8064 -0.2433 -0.5389
vn -0.5846 -0.5296 -0.6146
vn -0.4936 0.0279 -0.8693
vn -0.7524 -0.0888 -0.6527
vn -0.7355 -0.1666 -0.6567
vn -0.8033 0.1907 -0.5643
vn -0.7298 0.1212 -0.6729
vn -0.4765 0.5362 -0.6967
vn -0.1773 -0.0141 -0.9841
vn -0.7176 0.1350 0.6832
vn -0.5896 0.6073 0.5325
vn -0.6459 0.6650 0.3751
vn -0.8047 0.1351 0.5781
vn -0.4261 0.8947 0.1343
vn -0.4159 0.6323 0.6536
vn -0.3837 0.7978 0.4651
vn -0.0459 -0.5564 0.8297
vn -0.5975 0.0916 0.7966
vn -0.4739 0.7976 0.3733
vn 0.0043 -0.6505 0.7595
vn -0.1681 0.9832 -0.0708
vn -0.4257 0.7553 0.4983
vn 0.4046 -0.8843 0.2330
vn -0.1015 -0.8961 0.4320
vn -0.3298 0.1892 0.9249
vn -0.0726 0.8197 0.5682
vn -0.3460 0.3140 0.8841
vn -0.3240 0.8725 0.3658
vn -0.1575 0.8536 0.4965
vn -0.6642 -0.4312 0.6106
vn -0.6740 -0.2526 0.6942
vn -0.8086 0.5362 -0.2422
vn -0.6472 0.5324 -0.5455
vn -0.4172 0.8469 -0.3296
vn -0.2968 0.7630 -0.5741
vn -0.1119 0.1806 -0.9772
vn -0.7567 -0.0187 0.6534
vn -0.5304 0.6127 0.5859
vn -0.1431 -0.6422 0.7531
vn -0.4912 -0.2518 0.8338
vn -0.5210 -0.1705 0.8364
vn -0.6779 -0.2418 0.6942
vn 0.3464 0.8824 0.3183
vn 0.2383 0.8335 0.4984
vn 0.9179 0.3823 -0.1059
vn 0.8538 0.4773 -0.2077
vn 0.9150 0.3052 -0.2638
vn 0.8813 0.3835 -0.2761
vn -0.7917 0.0577 0.6082
vn -0.4422 -0.2278 0.8675
vn -0.5868 0.5122 0.6271
vn -0.1084 0.9236 0.3676
vn -0.1772 0.9001 0.3981
vn -0.7471 -0.4242 0.5118
vn -0.5372 0.6343 -0.5560
vn -0.2481 0.8960 -0.3683
vn -0.7527 0.6304 0.1899
vn -0.9555 0.2079 0.2093
vn -0.2084 0.9676 0.1426
vn -0.3713 0.8269 -0.4224
vn -0.4362 0.7516 -0.4949
vn -0.4499 -0.1446 -0.8813
vn 0.0181 -0.6301 -0.7763
vn -0.4448 0.5908 -0.6731
vn -0.7246 0.2793 -0.6301
vn 0.0921 0.9007 0.4246
vn -0.4867 0.8729 -0.0357
vn -0.7528 0.5396 -0.3769
vn -0.4807 0.8407 0.2494
vn 0.1906 0.8848 0.4253
vn -0.8440 0.5364 0.0039
vn 0.3871 0.8631 0.3244
vn -0.0937 0.8307 0.5488
vn 0.3570 0.8244 0.4392
vn 0.4662 0.8443 0.2643
vn 0.9652 0.2406 -0.1020
vn -0.4916 0.5256 0.6943
vn -0.0697 0.8095 0.5830
vn 0.6808 0.5958 -0.4260
vn -0.5583 0.3422 0.7557
vn -0.4854 0.3570 0.7981
vn -0.0710 0.9308 0.3585
vn -0.6373 0.6525 -0.4099
vn -0.5987 0.7923 -0.1174
vn -0.8432 0.5269 -0.1070
vn -0.7814 0.4453 -0.4373
vn -0.4658 0.7906 0.3975
vn -0.6747 0.5677 0.4716
vn -0.8593 0.2991 0.4149
vn -0.7006 0.2590 0.6649
vn -0.8367 0.5000 0.2234
vn 0.3338 0.8576 0.3912
vn -0.5849 0.6845 -0.4350
vn -0.5720 0.7288 -0.3764
vn -0.4957 0.7675 -0.4065
vn -0.4462 0.8937 -0.0478
vn -0.5940 0.2342 0.7696
vn -0.6482 0.3903 0.6538
vn -0.4877 0.5410 0.6852
vn -0.4677 0.4568 0.7567
vn -0.3950 0.4652 0.7922
vn -0.5041 0.1633 0.8481
vn -0.4778 0.3059 0.8235
vn -0.3491 0.5778 0.7378
vn 0.9692 0.2455 -0.0175
vn 0.8940 0.4448 -0.0533
vn 0.9319 0.3279 0.1548
vn 0.9687 0.2410 0.0602
vn 0.9188 0.2603 0.2967
vn 0.9770 0.1925 0.0915
vn 0.9803 0.1974 -0.0075
vn 0.5784 0.6331 0.5144
vn 0.6083 0.7867 -0.1054
vn 0.3489 0.9359 0.0476
vn 0.4111 0.7687 0.4899
vn -0.6389 0.7692 -0.0127
vn -0.7252 0.5442 0.4218
vn -0.5590 0.5917 0.5809
vn 0.9220 0.2660 0.2813
vn 0.9156 0.3721 0.1522
vn 0.9882 0.1288 0.0830
vn 0.9240 0.1900 0.3319
vn 0.4126 0.5574 0.7205
vn 0.3764 0.3795 0.8452
vn 0.8220 0.2275 0.5221
vn 0.9192 0.1728 0.3539
vn 0.2757 0.3854 0.8806
vn -0.2600 0.6021 0.7549
vn -0.2436 0.9365 -0.2521
vn -0.5191 -0.8527 0.0586
vn -0.4178 -0.8967 0.1462
vn -0.7155 -0.4428 0.5404
vn -0.8608 -0.4356 0.2632
vn -0.8755 -0.4759 -0.0838
vn -0.5505 -0.8309 -0.0815
vn -0.9087 -0.3636 0.2050
vn -0.8979 -0.4358 -0.0619
vn 0.9748 0.1965 -0.1053
vn 0.9657 0.2427 -0.0920
vn 0.9590 0.2015 -0.1993
vn 0.9436 0.2880 -0.1630
vn 0.9715 0.0551 -0.2304
vn 0.6664 0.3305 -0.6684
vn 0.6341 0.4493 -0.6294
vn 0.9951 0.0641 -0.0751
vn 0.9921 -0.0958 -0.0813
vn 0.9932 0.1024 -0.0560
vn 0.6712 0.5554 -0.4909
vn -0.8204 -0.4649 -0.3330
vn -0.9191 -0.2863 -0.2708
vn -0.8203 -0.1612 -0.5488
vn -0.7461 -0.4104 -0.5243
vn -0.4696 -0.8559 -0.2165
vn -0.6135 -0.4680 -0.6361
vn -0.6165 -0.2305 -0.7528
vn -0.9618 0.2732 0.0192
vn -0.7577 0.6468 0.0869
vn -0.6341 0.6956 0.3379
vn 0.0521 0.7185 -0.6935
vn 0.0230 0.8717 -0.4895
vn 0.4715 0.8372 -0.2772
vn -0.3393 0.8596 -0.3821
vn -0.1947 0.6986 -0.6885
vn 0.6004 -0.0118 -0.7996
vn 0.9010 -0.3209 -0.2918
vn 0.3531 -0.7855 -0.5083
vn 0.2953 -0.4985 -0.8151
vn -0.0779 -0.8222 -0.5638
vn -0.1228 -0.4427 -0.8882
vn -0.0038 0.1927 -0.9813
vn 0.8259 0.0817 0.5578
vn 0.6959 0.2656 0.6673
vn 0.2051 0.3855 0.8996
vn 0.3400 -0.0205 0.9402
vn -0.7615 -0.3265 -0.5599
vn -0.7339 -0.3107 -0.6041
vn -0.4572 -0.2802 -0.8441
vn -0.5828 0.1607 -0.7966
vn -0.6390 0.1585 -0.7527
vn -0.8741 -0.2825 0.3952
vn -0.8640 -0.1876 0.4672
vn -0.3084 -0.3703 0.8762
vn -0.7618 -0.4515 0.4645
vn 0.2652 -0.8405 0.4726
vn -0.0295 -0.8140 0.5802
vn -0.2664 -0.6430 0.7181
vn 0.3934 0.1772 0.9021
vn 0.4727 -0.5606 0.6799
vn 0.0226 -0.6106 -0.7916
vn 0.0811 -0.6201 -0.7803
vn 0.6416 -0.5596 -0.5245
vn 0.1418 0.6934 0.7065
vn 0.3442 0.8943 0.2859
vn 0.7630 0.6233 0.1711
vn 0.7088 0.5233 0.4730
vn 0.5857 0.2751 0.7624
vn -0.0464 0.3594 0.9320
vn 0.1898 0.7230 0.6642
vn 0.3067 0.2853 0.9080
vn 0.2285 0.9178 0.3246
vn 0.9729 -0.0983 -0.2094
vn 0.1030 0.1062 -0.9890
vn 0.8686 -0.4675 -0.1643
vn 0.3026 -0.9068 -0.2935
vn 0.3777 -0.8693 -0.3188
vn 0.1278 -0.7621 -0.6348
vn -0.2197 -0.4398 -0.8708
vn -0.3220 -0.8033 -0.5010
vn -0.8178 -0.3686 -0.4420
vn -0.6677 -0.3331 -0.6657
vn -0.7668 0.1706 -0.6188
vn -0.2100 0.2087 -0.9552
vn -0.1688 0.5294 -0.8314
vn -0.6808 0.3765 -0.6283
vn -0.6027 0.5927 -0.5342
vn -0.7410 0.6221 -0.2528
vn -0.8193 0.2616 -0.5102
vn -0.7657 0.4831 -0.4246
vn -0.9178 0.0618 -0.3921
vn -0.7699 0.6050 -0.2031
vn -0.7600 0.2929 -0.5802
vn -0.2355 0.4582 -0.8571
vn -0.8893 0.1430 -0.4345
vn -0.0528 -0.9468 0.3175
vn -0.6612 -0.7152 0.2264
vn -0.7014 -0.6851 0.1966
vn -0.1254 -0.9027 0.4117
vn 0.2144 -0.2475 -0.9449
vn -0.0754 0.1873 -0.9794
vn -0.4799 -0.7830 -0.3958
vn 0.6912 -0.6710 -0.2683
vn -0.4344 -0.8366 -0.3338
vn 0.3712 0.9071 -0.1986
vn 0.8486 0.5129 -0.1298
vn 0.5641 0.4824 -0.6702
vn 0.3998 0.7439 -0.5356
vn -0.0161 0.4314 -0.9020
vn -0.1338 0.7881 -0.6009
vn -0.2069 0.9595 -0.1910
vn 0.3571 0.8890 -0.2867
vn 0.2464 0.7138 -0.6556
vn 0.0821 0.4218 -0.9030
vn 0.3645 0.3499 -0.8630
vn -0.0610 0.3576 -0.9319
vn -0.0674 -0.6520 0.7552
vn -0.1007 0.0383 0.9942
vn -0.6311 0.0401 0.7747
vn -0.6032 -0.4635 0.6491
vn -0.6255 -0.5621 0.5411
vn 0.2976 0.2285 0.9269
vn 0.3152 0.2879 0.9043
vn 0.8530 0.0907 0.5140
vn 0.5051 0.0097 0.8630
vn 0.9522 -0.2524 0.1723
vn 0.7433 -0.4535 0.4918
vn 0.4931 0.1799 0.8512
vn 0.3062 0.1883 0.9332
vn -0.5624 0.0419 0.8258
vn 0.9130 0.0339 -0.4066
vn 0.4076 0.2584 -0.8758
vn 0.9225 0.0509 -0.3827
vn 0.4862 0.3651 -0.7939
vn 0.2979 0.2948 -0.9080
vn -0.0673 0.2986 -0.9520
vn -0.0106 0.5604 -0.8282
vn -0.1034 0.3600 -0.9272
vn -0.1265 0.3057 -0.9437
vn -0.4775 -0.7187 -0.5054
vn -0.3214 -0.6020 -0.7310
vn 0.6483 -0.4207 -0.6346
vn 0.5330 -0.5382 -0.6529
vn -0.0273 -0.8827 -0.4692
vn -0.4014 -0.8926 -0.2051
vn 0.3379 -0.5462 -0.7665
vn -0.4573 -0.6625 0.5933
vn -0.7317 -0.5795 0.3588
vn -0.1881 -0.7944 0.5776
vn 0.6945 -0.4433 0.5667
vn 0.6128 -0.4055 0.6783
vn -0.5990 0.2957 0.7442
vn 0.1107 -0.9103 -0.3989
vn -0.5506 -0.8151 -0.1801
vn -0.6138 -0.4490 -0.6494
vn -0.1948 -0.6633 -0.7225
vn 0.3054 0.0583 -0.9504
vn 0.8113 -0.3396 -0.4759
vn -0.2289 0.3600 -0.9044
vn 0.0619 -0.8769 -0.4766
vn 0.4668 0.5423 0.6986
vn 0.0283 0.6373 0.7701
vn -0.3289 -0.1022 0.9388
vn 0.1604 0.0746 0.9842
vn 0.3809 -0.5897 0.7122
vn 0.8965 0.0109 0.4430
vn -0.3908 -0.7312 0.5591
vn -0.4245 -0.5585 -0.7126
vn -0.2073 -0.6564 -0.7253
vn -0.5527 -0.7352 -0.3925
vn -0.0511 -0.7702 0.6357
vn 0.7119 -0.5402 0.4487
vn -0.2917 0.7640 -0.5755
vn -0.2279 0.3901 -0.8921
vn -0.5748 0.3872 -0.7209
vn -0.5146 0.6817 -0.5201
vn -0.6081 0.7479 -0.2660
vn -0.3072 0.9348 -0.1783
vn -0.8439 0.4022 -0.3549
vn -0.2306 0.6383 0.7344
vn -0.2558 0.9002 0.3525
vn -0.5949 0.6963 0.4016
vn -0.4947 0.5109 0.7031
vn -0.8400 0.3468 0.4173
vn -0.5483 0.2411 0.8008
vn -0.1873 0.2067 0.9603
vn 0.1729 -0.8382 -0.5172
vn 0.2384 -0.9569 -0.1657
vn -0.3829 -0.7350 -0.5597
vn -0.6039 -0.6021 0.5222
vn -0.2823 -0.6655 0.6910
vn 0.3950 -0.5613 0.7273
vn 0.6726 -0.5626 0.4807
vn -0.3475 -0.2899 0.8917
vn -0.1262 -0.5558 0.8217
vn 0.1976 -0.9766 -0.0849
vn 0.0256 -0.9896 -0.1417
vn 0.2357 -0.9584 -0.1611
vn 0.1095 -0.6214 -0.7758
vn -0.2090 -0.1786 -0.9615
vn -0.4403 -0.3050 -0.8444
vn -0.2827 0.9469 0.1530
vn -0.3029 0.9465 -0.1115
vn -0.6287 0.7575 -0.1757
vn -0.6673 0.7354 0.1179
vn -0.8964 0.4320 0.0989
vn -0.8741 0.4408 -0.2039
vn -0.0227 -0.9915 -0.1283
vn -0.0360 -0.8740 0.4847
vn -0.4113 -0.9037 -0.1190
vn 0.0117 -0.8584 -0.5128
vn -0.0846 -0.6797 -0.7286
vn 0.5943 -0.3790 -0.7093
vn 0.1117 -0.2919 -0.9499
vn -0.2625 -0.7755 -0.5742
vn 0.0536 -0.3911 -0.9188
vn 0.3727 -0.6860 -0.6249
vn -0.1274 -0.8994 -0.4181
vn 0.5478 -0.8343 0.0628
vn -0.2502 -0.9624 0.1053
vn -0.6266 -0.7447 -0.2297
vn 0.3059 -0.2135 -0.9278
vn -0.1523 -0.1997 -0.9680
vn 0.7644 -0.5373 -0.3565
vn 0.8594 -0.1070 -0.5000
vn 0.5043 -0.5226 0.6874
vn 0.2144 -0.9189 0.3311
vn 0.1896 -0.9817 -0.0191
vn 0.4959 0.1013 0.8625
vn 0.3013 -0.4184 0.8568
vn 0.2285 -0.5314 0.8157
vn 0.7670 -0.2466 0.5923
vn 0.1086 -0.7416 0.6620
vn 0.0127 -0.4025 0.9153
vn 0.0464 -0.5726 0.8186
vn 0.0072 -0.0065 1.0000
vn 0.0550 0.4623 0.8850
vn -0.0382 -0.0895 0.9953
vn -0.0562 -0.4091 0.9108
vn -0.0256 0.6412 0.7669
vn 0.6594 0.1811 0.7297
vn -0.2013 -0.7493 0.6309
vn -0.5012 0.1075 0.8586
vn 0.6603 -0.5273 -0.5348
vn -0.6306 -0.6950 0.3453
vn -0.7668 -0.5244 0.3703
vn -0.5130 -0.8580 0.0256
vn 0.3420 -0.3971 -0.8517
vn 0.9016 0.2234 0.3705
vn 0.1352 -0.7245 0.6759
vn 0.0842 -0.5684 0.8184
vn 0.1546 -0.5566 0.8163
vn 0.1761 -0.8928 0.4145
vn -0.0478 -0.7824 0.6209
vn 0.0433 -0.9639 0.2625
vn 0.7507 -0.6551 -0.0849
vn 0.8673 -0.4892 0.0920
vn 0.6380 -0.6860 -0.3497
vn 0.6944 -0.3208 -0.6441
vn 0.7283 -0.0656 -0.6821
vn 0.8618 0.2324 -0.4509
vn 0.0961 -0.8875 -0.4506
vn 0.1390 -0.5245 -0.8400
vn -0.0529 -0.8712 0.4881
vn -0.0673 -0.5894 0.8050
vn -0.4844 -0.5654 0.6675
vn -0.4339 -0.8180 0.3775
vn -0.4983 -0.8631 0.0819
vn -0.0565 -0.9973 0.0476
vn -0.8410 -0.4607 0.2836
vn -0.1638 0.6821 0.7127
vn -0.1739 0.2731 0.9461
vn -0.8045 0.2864 0.5203
vn -0.2934 0.8124 0.5039
vn -0.2431 0.8429 0.4801
vn -0.6173 0.4469 0.6474
vn -0.5337 0.2128 0.8185
vn -0.7096 -0.1722 0.6833
vn -0.2471 -0.1977 0.9486
vn -0.7476 0.0946 0.6574
vn 0.1687 -0.3273 -0.9297
vn 0.2347 -0.7366 0.6343
vn 0.4110 -0.9114 0.0220
vn -0.1892 -0.9806 -0.0509
vn -0.4539 -0.8131 0.3645
vn -0.3314 -0.9421 -0.0516
vn -0.3330 -0.9421 0.0386
vn -0.1872 0.3673 -0.9111
vn 0.4805 0.4425 -0.7572
vn 0.2369 0.8938 -0.3808
vn -0.2337 0.8758 -0.4223
vn 0.5899 0.6359 -0.4975
vn 0.5542 0.7821 -0.2850
vn 0.6254 0.5330 -0.5698
vn 0.1982 0.1200 -0.9728
vn 0.5935 0.2161 -0.7753
vn 0.2557 0.6248 -0.7378
vn 0.0054 0.5853 -0.8108
vn -0.0343 0.7011 -0.7123
vn 0.3297 0.6928 -0.6413
vn 0.8345 0.4721 -0.2842
vn -0.2115 -0.8874 -0.4096
vn -0.6970 -0.6559 -0.2899
vn -0.5674 -0.7572 -0.3234
vn -0.8275 -0.3527 -0.4368
vn -0.5901 -0.4976 -0.6358
vn -0.0940 -0.5723 -0.8146
vn -0.0797 -0.9040 -0.4200
vn -0.0945 -0.9955 -0.0094
vn -0.2693 -0.7769 -0.5691
vn -0.2371 -0.8530 0.4650
vn -0.6978 -0.0027 -0.7163
vn -0.7380 0.5572 -0.3807
vn -0.8708 -0.4411 -0.2170
vn -0.7345 -0.6417 -0.2207
vn -0.1495 0.3066 0.9400
vn 0.0035 -0.2936 0.9559
vn -0.6776 -0.3418 0.6512
vn -0.8111 -0.3135 0.4937
vn -0.6739 0.5593 0.4827
vn -0.1544 0.7487 0.6446
vn -0.5925 0.6669 0.4519
vn -0.2348 0.7453 -0.6240
vn -0.2719 0.9054 -0.3261
vn -0.2011 0.6952 -0.6902
vn -0.2037 0.1340 -0.9698
vn -0.1340 -0.3765 -0.9167
vn -0.6452 -0.3212 -0.6933
vn -0.6225 0.0896 -0.7775
vn -0.8959 -0.1648 -0.4125
vn -0.7474 0.2601 -0.6114
vn -0.3005 0.5721 -0.7631
vn -0.7717 0.2717 -0.5750
vn -0.6642 0.0368 -0.7467
vn -0.5795 0.4438 -0.6836
vn -0.7754 0.3807 -0.5038
vn -0.4504 -0.4163 -0.7899
vn 0.4271 -0.2857 -0.8579
vn 0.4791 0.1894 -0.8571
vn 0.6668 0.4507 -0.5935
vn -0.2318 0.9582 0.1675
vn -0.4148 0.7889 -0.4534
vn 0.7306 0.5792 -0.3617
vn 0.7548 0.6531 0.0619
vn 0.5614 0.8097 -0.1710
vn 0.3969 0.9052 0.1523
vn 0.7967 0.5483 0.2541
vn 0.6918 0.6002 -0.4013
vn 0.7174 0.4491 0.5326
vn 0.8348 0.3268 0.4431
vn 0.4924 -0.1479 0.8577
vn 0.5340 0.3366 0.7756
vn 0.4232 0.1051 0.8999
vn 0.4638 -0.1283 0.8766
vn 0.1120 -0.4869 0.8662
vn -0.0430 -0.8525 0.5209
vn 0.4395 -0.7066 0.5547
vn 0.5868 -0.5978 0.5462
vn -0.0080 0.0697 0.9975
vn 0.0161 0.0191 0.9997
vn 0.2668 0.7644 0.5869
vn -0.0144 0.4284 0.9035
vn 0.0526 0.8223 0.5666
vn 0.4362 0.6852 0.5833
vn 0.4654 0.7369 0.4902
vn 0.4804 0.6791 0.5551
vn 0.3718 0.5004 0.7819
vn 0.1638 0.1946 -0.9671
vn 0.8017 0.0970 -0.5898
vn 0.7996 -0.2003 -0.5661
vn 0.3139 -0.3330 -0.8892
vn 0.6182 -0.5620 -0.5496
vn 0.2917 -0.7496 -0.5941
vn -0.1792 -0.8155 -0.5503
vn -0.1768 -0.4156 -0.8922
vn -0.1734 0.1903 -0.9663
vn -0.0293 0.5511 0.8339
vn 0.0341 0.9137 0.4050
vn -0.0966 0.8775 0.4697
vn -0.1061 0.9507 0.2913
vn -0.3346 0.8980 0.2856
vn -0.2908 0.8240 0.4863
vn -0.7695 0.5737 0.2808
vn -0.6536 0.4153 0.6327
vn -0.1899 0.4111 0.8916
vn -0.3060 0.1029 0.9464
vn -0.4670 0.3494 0.8123
vn -0.2603 0.1114 0.9591
vn -0.3843 0.0702 0.9205
vn -0.4533 0.7816 0.4286
vn 0.6118 0.4204 0.6701
vn 0.5424 0.0829 0.8360
vn 0.7673 0.5540 0.3230
vn -0.3654 0.6905 -0.6243
vn -0.4363 0.1454 -0.8880
vn -0.7316 0.1733 -0.6593
vn -0.7280 0.4887 -0.4809
vn -0.7423 0.6403 -0.1974
vn -0.2678 0.9335 -0.2383
vn -0.7828 0.5154 -0.3486
vn -0.4294 -0.3369 -0.8379
vn -0.7121 -0.2682 -0.6488
vn -0.5230 -0.2632 -0.8107
vn -0.3528 0.2773 -0.8937
vn 0.0768 0.7128 -0.6971
vn 0.0673 0.1087 0.9918
vn -0.0147 0.5962 0.8027
vn -0.3259 0.4005 0.8564
vn -0.3606 -0.0729 0.9299
vn -0.5500 0.1519 0.8212
vn -0.3220 -0.2780 0.9050
vn -0.0926 -0.3899 0.9162
vn 0.1029 0.4392 0.8925
vn 0.2617 -0.2726 0.9259
vn 0.7935 0.2953 -0.5321
vn 0.6140 0.1857 -0.7672
vn 0.7143 0.1467 -0.6843
vn 0.5196 0.4333 -0.7364
vn 0.6210 0.7133 -0.3249
vn 0.8834 0.3485 -0.3133
vn 0.0953 0.8428 -0.5297
vn 0.0494 0.9695 -0.2402
vn 0.1651 0.2188 -0.9617
vn -0.0258 0.4485 -0.8934
vn -0.1080 0.8157 -0.5683
vn -0.2764 -0.8605 0.4279
vn 0.6802 0.0604 0.7305
vn 0.3831 -0.9003 0.2065
vn -0.1797 -0.9773 -0.1121
vn -0.6125 -0.7905 -0.0023
vn -0.1303 -0.9730 -0.1903
vn -0.1017 -0.9920 -0.0742
vn -0.1089 0.9762 -0.1877
vn 0.2742 -0.8343 -0.4784
vn -0.1835 -0.8709 -0.4560
vn -0.1144 -0.9931 -0.0257
vn 0.0406 -0.8069 -0.5892
vn -0.3926 -0.9166 -0.0761
vn -0.2398 -0.9649 0.1071
vn 0.5166 -0.5342 0.6692
vn -0.3682 -0.7160 0.5932
vn 0.0603 -0.9839 -0.1682
vn 0.5063 -0.8349 0.2157
vn -0.6328 0.3752 0.6774
vn -0.8240 -0.5364 0.1827
vn -0.0371 0.0328 0.9988
vn 0.2422 0.3640 0.8993
vn -0.2704 0.8180 0.5077
vn -0.8294 0.4586 0.3189
vn -0.9895 -0.1099 -0.0940
vn -0.6569 0.7531 0.0362
vn -0.8339 0.0804 -0.5460
vn -0.4438 -0.6773 -0.5868
vn -0.5234 -0.8303 -0.1916
vn -0.4099 -0.9121 -0.0086
vn -0.1868 0.8032 -0.5656
vn -0.1402 0.3944 -0.9082
vn -0.5866 0.1417 -0.7974
vn -0.6552 0.5147 -0.5530
vn -0.8353 0.1715 -0.5224
vn -0.8083 0.5140 -0.2872
vn -0.3196 0.9299 -0.1823
vn 0.3259 0.4787 0.8152
vn -0.1371 0.7460 0.6517
vn 0.4388 0.6348 0.6360
vn 0.0944 0.4829 0.8706
vn 0.5906 -0.0701 0.8039
vn 0.1292 0.3170 0.9396
vn -0.3370 0.1899 0.9221
vn -0.4861 0.0301 -0.8734
vn -0.8009 -0.1612 -0.5767
vn -0.4220 0.1725 -0.8900
vn -0.1398 0.7772 -0.6136
vn -0.4509 0.8782 -0.1593
vn -0.6199 0.7786 0.0981
vn 0.0152 0.9900 -0.1400
vn -0.1488 -0.8886 0.4339
vn -0.3497 -0.8908 0.2903
vn -0.1433 -0.8768 0.4590
vn -0.4641 0.7579 -0.4584
vn -0.3781 0.6988 -0.6073
vn -0.2580 0.3861 -0.8857
vn 0.2482 -0.9093 0.3341
vn -0.0814 0.3643 -0.9277
vn 0.0740 -0.1448 -0.9867
vn -0.1407 0.0174 -0.9899
vn -0.2965 0.3119 -0.9027
vn -0.5204 0.5533 -0.6504
vn -0.3981 0.6872 -0.6076
vn 0.0031 -0.9735 0.2289
vn 0.1499 -0.6113 0.7771
vn -0.2891 -0.9501 0.1169
vn -0.2140 -0.9708 0.1080
vn -0.5477 0.5876 0.5957
vn -0.5156 0.8466 0.1324
vn 0.2185 0.9209 0.3228
vn 0.2750 0.7374 0.6169
vn -0.1548 0.9850 0.0760
vn -0.1057 0.9786 -0.1766
vn -0.2723 0.8162 0.5096
vn -0.5322 -0.6815 -0.5024
vn -0.8204 -0.5168 -0.2446
vn -0.3286 -0.5151 -0.7916
vn -0.7138 0.1064 -0.6923
vn -0.7652 0.6227 -0.1631
vn -0.9103 -0.0999 0.4018
vn -0.1156 0.4952 0.8611
vn -0.3522 -0.1790 0.9187
vn -0.5192 -0.5045 0.6899
vn -0.3909 0.7887 -0.4745
vn -0.7854 0.4584 -0.4159
vn -0.5405 0.7053 -0.4587
vn -0.3965 0.8052 -0.4409
vn -0.3990 -0.8743 -0.2762
vn -0.4640 0.6723 -0.5767
vn -0.4662 0.8674 0.1740
vn -0.3628 0.9303 0.0545
vn -0.6746 0.7381 0.0094
vn -0.6272 0.7164 -0.3057
vn 0.1337 -0.9725 0.1908
vn -0.2735 -0.9513 0.1422
vn -0.3412 -0.9298 0.1382
vn -0.3681 -0.8733 0.3191
vn 0.0108 -0.5484 0.8361
vn -0.5635 0.5635 0.6041
vn -0.6828 -0.0847 0.7257
vn -0.4406 0.7120 0.5468
vn -0.2916 -0.3684 0.8827
vn 0.0514 0.7433 0.6670
vn 0.4103 -0.2528 0.8762
vn 0.2489 -0.9579 0.1431
vn -0.2775 -0.8652 0.4175
vn -0.4858 -0.7766 0.4012
vn -0.4218 0.8691 0.2581
vn -0.2686 0.9566 0.1129
vn -0.5874 0.8090 0.0191
vn -0.5821 0.7927 0.1809
vn -0.5438 0.8356 0.0782
vn -0.3908 0.9076 -0.1532
vn -0.2332 0.9148 0.3297
vn -0.6576 0.6472 0.3855
vn -0.5468 0.1993 -0.8132
vn -0.1597 0.3869 0.9082
vn -0.4979 -0.8305 0.2495
vn -0.1996 -0.7406 -0.6416
vn 0.3950 -0.3538 0.8478
vn -0.1073 0.6450 0.7566
vn -0.4008 0.3744 0.8361
vn 0.0477 -0.5551 0.8304
vn -0.9373 0.1883 0.2932
vn -0.4048 -0.8802 0.2477
vn 0.3566 -0.9337 0.0327
vn -0.4865 0.8737 -0.0044
vn -0.8545 0.2240 -0.4686
vn -0.3823 -0.7326 -0.5632
vn -0.5612 0.3296 -0.7592
vn -0.0951 -0.6778 -0.7291
vn 0.0050 -0.9991 -0.0421
vn 0.0077 -0.9986 -0.0531
vn 0.0033 -0.9996 -0.0277
vn 0.0028 -0.9996 -0.0290
vn 0.0020 -0.9997 -0.0250
vn -0.0015 -0.9996 -0.0291
vn 0.0030 -0.9997 -0.0234
vn 0.0050 -0.9998 -0.0217
vn 0.0001 -1.0000 -0.0050
vn -0.0020 -1.0000 -0.0087
vn -0.0009 -1.0000 -0.0088
vn 0.0053 -0.9996 -0.0264
vn 0.0856 -0.9946 -0.0591
vn 0.0159 -0.9998 -0.0080
vn 0.5663 -0.8020 0.1901
vn 0.4230 -0.8398 0.3403
vn 0.0260 -0.9993 0.0251
vn 0.6825 -0.7264 -0.0807
vn 0.9993 0.0206 -0.0300
vn 0.9448 -0.0732 0.3194
vn 0.8013 -0.3860 -0.4571
vn 0.8796 0.2077 -0.4280
vn 0.8677 0.2603 -0.4235
vn 0.5279 -0.0306 -0.8487
vn 0.4986 0.3631 -0.7871
vn 0.5121 0.2836 -0.8107
vn 0.5452 0.2823 -0.7893
vn 0.1281 0.3555 -0.9258
vn 0.1312 0.2551 -0.9580
vn 0.1371 0.2457 -0.9596
vn 0.1813 0.1203 -0.9760
vn 0.6818 0.1850 -0.7078
vn 0.7829 0.0438 -0.6205
vn 0.2589 0.0999 -0.9607
vn -0.3183 0.1043 -0.9422
vn -0.1651 0.1319 -0.9774
vn -0.0853 -0.1525 -0.9846
vn -0.6286 0.0200 -0.7775
vn -0.5758 -0.1931 -0.7944
vn -0.6471 -0.0086 -0.7623
vn -0.0808 -0.0321 -0.9962
vn -0.8627 -0.0249 -0.5051
vn -0.8841 -0.1840 -0.4295
vn -0.9337 0.0258 -0.3570
vn -0.9219 0.2623 -0.2853
vn -0.6763 0.3149 -0.6659
vn -0.9811 -0.1876 -0.0468
vn -1.0000 -0.0056 0.0039
vn -0.9871 0.1479 0.0619
vn -0.8032 0.5384 0.2548
vn -0.7360 0.6612 -0.1449
vn -0.9662 -0.0206 0.2571
vn -0.9503 0.0386 0.3089
vn -0.7101 0.4798 0.5154
vn -0.9176 -0.0076 0.3974
vn -0.9678 -0.1775 0.1786
vn -0.9339 -0.1087 0.3407
vn -0.7040 -0.0325 0.7095
vn -0.6733 -0.0303 0.7387
vn -0.3767 0.0150 0.9262
vn -0.3563 -0.0218 0.9341
vn -0.2544 0.0204 0.9669
vn -0.2542 -0.0047 0.9671
vn 0.0353 -0.0291 0.9990
vn 0.0077 -0.0770 0.9970
vn 0.4176 -0.2369 0.8772
vn 0.1823 -0.2111 0.9603
vn 0.5220 -0.4886 0.6991
vn 0.4087 -0.3198 0.8548
vn 0.6391 -0.5871 0.4969
vn 0.6982 -0.3275 0.6366
vn 0.8224 -0.1068 0.5588
vn 0.7820 0.1044 0.6145
vn 0.9752 -0.0296 0.2195
vn 0.9124 0.2936 0.2851
vn 0.8865 0.3759 0.2699
vn 0.9955 0.0201 -0.0929
vn 0.8857 0.4621 -0.0438
vn 0.8541 0.5119 -0.0920
vn 0.9725 -0.1090 -0.2060
vn 0.9715 -0.0838 0.2216
vn 0.7160 0.5369 -0.4461
vn 0.6127 0.5958 -0.5192
vn 0.6899 -0.0705 -0.7204
vn 0.6652 -0.0768 -0.7427
vn 0.9698 -0.1299 -0.2063
vn 0.2735 0.6310 -0.7260
vn 0.2929 0.1071 -0.9501
vn -0.0247 0.7851 -0.6189
vn -0.1667 0.3343 -0.9276
vn -0.3228 0.8948 -0.3083
vn -0.6436 0.4619 -0.6103
vn -0.6424 -0.2699 -0.7173
vn -0.0254 0.7022 -0.7116
vn -0.4982 0.7080 -0.5005
vn -0.1195 0.3274 -0.9373
vn 0.2838 0.6388 -0.7151
vn 0.3598 0.2591 -0.8963
vn 0.8223 0.1248 -0.5551
vn 0.9212 0.3345 -0.1988
vn 0.9688 -0.1365 0.2069
vn 0.6513 0.3275 -0.6845
vn 0.6292 0.4774 -0.6134
vn 0.8496 0.5021 -0.1617
vn 0.8880 -0.4187 -0.1902
vn 0.5550 -0.4499 -0.6997
vn 0.3404 -0.7695 -0.5404
vn 0.6165 -0.7719 -0.1555
vn 0.0285 -0.4834 -0.8749
vn -0.0443 -0.6213 -0.7823
vn 0.0223 -0.3238 -0.9459
vn 0.4972 -0.4859 -0.7189
vn -0.4962 -0.4499 -0.7426
vn -0.4780 -0.5171 -0.7100
vn -0.4586 -0.1573 -0.8746
vn -0.8513 -0.3583 -0.3833
vn -0.8743 -0.0067 -0.4853
vn -0.8529 0.1539 -0.4988
vn -0.8817 0.0725 -0.4662
vn -0.9887 0.1465 0.0313
vn -0.9603 0.2788 0.0098
vn -0.9516 0.3074 0.0039
vn -0.8127 0.3806 0.4413
vn -0.7670 0.4456 0.4618
vn -0.9731 -0.2149 0.0830
vn -0.8725 -0.3830 -0.3034
vn -0.9174 -0.2242 -0.3290
vn -0.6154 -0.6335 -0.4690
vn -0.9774 -0.2081 0.0382
vn -0.9528 0.3033 0.0086
vn -0.8824 0.2405 -0.4043
vn -0.8480 0.3482 -0.3996
vn -0.6871 0.2755 -0.6723
vn -0.8931 0.4488 0.0309
vn -0.7057 0.5001 0.5019
vn -0.6429 0.5563 0.5266
vn -0.8548 0.5174 0.0394
vn -0.8276 0.3972 -0.3966
vn -0.7941 0.4710 -0.3841
vn -0.6792 0.2952 -0.6719
vn -0.7926 0.6030 0.0908
vn -0.5309 0.6557 0.5368
vn -0.2186 0.8711 0.4398
vn -0.5312 0.8394 0.1155
vn -0.5315 0.7821 -0.3254
vn -0.2687 0.9332 -0.2388
vn -0.3041 0.9440 0.1281
vn -0.1921 0.8656 0.4624
vn -0.7390 -0.1768 0.6500
vn -0.9658 -0.0017 0.2593
vn -0.9379 0.1001 -0.3322
vn -0.4978 -0.8666 0.0356
vn -0.5318 -0.8442 -0.0678
vn -0.5228 -0.8344 -0.1744
vn -0.7884 -0.5952 -0.1553
vn -0.6291 -0.7346 -0.2542
vn -0.5318 -0.8371 -0.1286
vn -0.5050 -0.8246 -0.2549
vn -0.7428 -0.6534 0.1462
vn -0.7237 -0.6697 -0.1666
vn -0.8085 -0.2307 -0.5414
vn -0.9749 -0.0248 -0.2211
vn -0.9403 0.2473 -0.2340
vn -0.7384 0.2021 -0.6434
vn -0.7367 0.6431 -0.2090
vn -0.2657 0.9550 -0.1321
vn -0.3189 0.9307 0.1793
vn -0.3657 0.9197 -0.1426
vn -0.7425 0.6214 0.2503
vn -0.8033 0.5680 -0.1789
vn -0.9579 0.0200 0.2863
vn -0.9735 -0.0703 -0.2177
vn -0.8024 -0.2215 -0.5542
vn -0.8650 -0.4633 -0.1925
vn -0.7682 -0.3560 -0.5321
vn -0.6278 -0.2808 -0.7260
vn -0.3505 -0.6598 -0.6647
vn -0.3979 -0.1963 -0.8962
vn -0.0390 -0.7248 -0.6878
vn -0.0000 -0.1347 -0.9909
vn -0.0000 -0.6964 -0.7177
vn -0.0000 -0.7784 -0.6278
vn -0.0000 0.6420 -0.7667
vn -0.0000 -0.9851 -0.1720
vn -0.2529 -0.9536 -0.1631
vn -0.0000 -0.8607 -0.5091
vn -0.6691 -0.7364 -0.1004
vn -0.2279 -0.9681 0.1037
vn -0.4527 -0.8653 -0.2151
vn 0.7623 -0.6394 0.1002
vn 0.6210 -0.7236 -0.3012
vn 0.4467 -0.4182 -0.7910
vn 0.9070 -0.3246 -0.2685
vn 0.5687 -0.2601 -0.7803
vn 0.1821 -0.0300 -0.9828
vn 0.9193 -0.2637 -0.2920
vn 0.5416 -0.2995 -0.7854
vn 0.8487 -0.4717 -0.2392
vn 0.9862 -0.1636 0.0253
vn 0.9225 -0.3820 0.0564
vn 0.6687 -0.7395 0.0771
vn 0.8705 -0.3142 0.3788
vn 0.6076 -0.6643 0.4353
vn 0.6864 -0.1807 0.7045
vn 0.7565 -0.0443 0.6525
vn 0.4155 0.0751 0.9065
vn 0.4116 0.0168 0.9112
vn 0.9460 -0.1023 0.3077
vn 0.9525 -0.1077 0.2850
vn 0.9713 -0.2339 0.0426
vn 0.8960 -0.2658 0.3557
vn 0.3756 -0.7216 0.5816
vn 0.0045 0.2120 0.9773
vn -0.3239 0.3729 0.8695
vn -0.3335 0.2586 0.9066
vn -0.5369 0.4706 0.7002
vn -0.5775 0.3843 0.7203
vn -0.5849 0.2298 0.7779
vn -0.4934 -0.3464 0.7978
vn -0.8361 0.2770 0.4735
vn -0.7762 -0.0986 0.6227
vn -0.9672 -0.2105 0.1418
vn -0.7866 -0.5396 -0.3003
vn -0.0000 0.6270 -0.7791
vn -0.4502 0.6149 -0.6475
vn -0.5046 0.3893 -0.7706
vn -0.0000 0.4277 -0.9039
vn -0.0000 0.6760 -0.7369
vn -0.4019 0.6738 -0.6200
vn -0.0000 0.5327 -0.8463
vn -0.3925 0.5227 -0.7568
vn -0.6021 0.5156 -0.6096
vn -0.3565 0.2114 -0.9101
vn -0.5897 0.1614 -0.7913
vn -0.6107 0.5271 -0.5909
vn -0.4872 0.5519 -0.6768
vn 0.4593 0.5337 -0.7101
vn 0.2712 0.8565 -0.4392
vn 0.1474 0.9878 -0.0503
vn 0.9942 0.0501 -0.0950
vn 0.9743 0.1986 -0.1059
vn 0.9260 0.3771 -0.0163
vn 0.2079 0.9270 0.3121
vn 0.9923 0.1237 -0.0032
vn 0.3321 0.7153 0.6148
vn -0.2975 0.7318 0.6131
vn -0.3378 0.8893 0.3084
vn -0.4584 0.6851 0.5661
vn -0.4793 0.8258 0.2971
vn -0.7162 0.4911 0.4957
vn -0.8003 0.5657 0.1990
vn 0.3887 0.5290 0.7544
vn -0.2988 -0.1262 -0.9459
vn -0.5138 -0.1794 -0.8389
vn -0.2362 -0.3268 -0.9151
vn -0.4001 -0.3892 -0.8297
vn 0.0607 -0.7880 -0.6127
vn -0.0429 -0.7507 -0.6592
vn -0.7385 -0.5127 -0.4378
vn -0.9457 -0.2926 -0.1414
vn -0.5327 -0.8417 -0.0884
vn -0.3123 -0.9402 -0.1359
vn -0.9057 -0.2888 0.3102
vn -0.4982 -0.8645 0.0658
vn -0.7835 -0.3557 0.5096
vn -0.3840 -0.9181 0.0986
vn -0.6319 -0.3814 0.6747
vn -0.1858 -0.9310 0.3142
vn -0.1824 -0.9435 0.2767
vn 0.0817 -0.8755 0.4763
vn 0.0355 -0.9174 0.3963
vn -0.6306 -0.3768 0.6785
vn -0.5479 -0.2261 0.8054
vn -0.5227 0.0460 0.8513
vn -0.6022 -0.0569 0.7963
vn -0.6591 -0.1719 0.7321
vn -0.4233 0.4347 0.7949
vn -0.3913 0.0713 0.9175
vn -0.3130 0.3985 0.8621
vn -0.0000 0.3718 0.9283
vn -0.0000 0.2167 0.9762
vn -0.3743 0.2392 0.8959
vn -0.0000 0.1023 0.9948
vn -0.2389 -0.5260 0.8162
vn -0.0000 -0.4465 0.8948
vn -0.0000 0.3516 0.9362
vn -0.3516 0.3449 0.8703
vn -0.4316 -0.0573 0.9003
vn -0.0000 -0.0553 0.9985
vn -0.5346 0.0327 0.8445
vn -0.4354 0.3212 0.8410
vn -0.0000 0.9340 0.3574
vn -0.0279 0.9359 0.3511
vn -0.0000 0.7288 -0.6847
vn 0.3568 0.6599 -0.6612
vn 0.4696 0.6266 -0.6220
vn 0.3598 0.1009 -0.9276
vn 0.5276 0.1595 -0.8344
vn 0.7279 0.3251 -0.6037
vn 0.4227 0.8307 -0.3622
vn 0.4470 0.8945 0.0109
vn 0.3193 0.7590 -0.5674
vn 0.1153 0.9567 0.2672
vn -0.0000 0.7921 -0.6104
vn -0.0000 0.9815 0.1916
vn -0.0000 0.8542 0.5199
vn 0.2551 0.7818 0.5689
vn -0.0000 0.6704 0.7420
vn 0.4095 0.5983 0.6887
vn -0.0000 0.1185 -0.9930
vn -0.0000 -0.9795 0.2013
vn 0.2247 -0.9415 0.2513
vn -0.0000 -0.6499 0.7600
vn -0.0000 0.6550 0.7556
vn -0.0000 0.9845 0.1753
vn -0.0000 0.9853 0.1708
vn -0.0000 -0.7299 0.6836
vn -0.0747 -0.6993 0.7109
vn -0.0000 -0.2577 0.9662
vn -0.3062 -0.2313 0.9234
vn -0.0000 -0.1220 0.9925
vn -0.3442 -0.1137 0.9320
vn -0.0000 -0.2328 0.9725
vn -0.2872 -0.2716 0.9186
vn -0.4300 -0.3444 0.8345
vn 0.0544 -0.8543 0.5170
vn -0.0000 -0.8201 0.5722
vn -0.0000 -0.9190 0.3943
vn 0.1370 -0.9380 0.3185
vn -0.3896 -0.5305 0.7529
vn -0.7987 -0.2179 0.5609
vn -0.9144 -0.2512 0.3173
vn -0.8583 -0.4472 0.2518
vn -0.9472 -0.2607 -0.1868
vn -0.8077 -0.2147 -0.5491
vn -0.4158 -0.6794 -0.6045
vn -0.6681 -0.1818 -0.7215
vn -0.0495 -0.6665 -0.7439
vn -0.4394 -0.1172 -0.8906
vn -0.0000 -0.0734 -0.9973
vn -0.0000 -0.8534 -0.5212
vn -0.2514 -0.8262 -0.5041
vn -0.0000 -0.1099 -0.9939
vn -0.0000 -0.3100 -0.9508
vn -0.0000 -0.8000 -0.5999
vn -0.0000 0.2236 -0.9747
vn -0.9811 -0.0547 0.1857
vn -0.7982 -0.5939 0.1008
vn -0.8205 -0.2647 0.5066
vn -0.5866 -0.4824 0.6505
vn 0.1879 0.5283 0.8280
vn -0.4054 -0.4541 0.7934
vn 0.2614 0.1510 0.9534
vn -0.3910 -0.5175 0.7612
vn 0.1659 0.0266 0.9858
vn -0.6376 -0.4220 0.6445
vn -0.8809 -0.4674 -0.0742
vn -0.8679 -0.3557 -0.3467
vn 0.0468 -0.7102 -0.7024
vn 0.5299 -0.4026 -0.7464
vn 0.6308 0.0338 0.7752
vn 0.0933 0.2244 0.9700
vn 0.1921 0.5377 0.8210
vn 0.7208 0.3617 0.5913
vn 0.2765 0.6084 0.7440
vn 0.6908 0.4043 0.5994
vn 0.6099 -0.1449 0.7791
vn -0.1685 0.5942 0.7865
vn -0.1008 0.7157 0.6911
vn -0.3813 0.5537 0.7403
vn -0.3645 0.7068 0.6064
vn -0.4458 0.3596 0.8197
vn -0.3102 -0.4821 0.8194
vn -0.3177 -0.2288 0.9202
vn -0.2927 0.8643 0.4091
vn -0.2331 0.9214 0.3110
vn -0.0370 0.9359 0.3504
vn 0.3452 0.8807 0.3245
vn -0.3900 0.2173 0.8948
vn -0.2359 0.2538 0.9381
vn -0.9875 -0.0033 -0.1575
vn -0.3583 0.3274 -0.8743
vn 0.1277 0.0859 -0.9881
vn -0.3479 -0.0138 -0.9374
vn -0.8126 -0.2090 -0.5441
vn -0.8294 0.2684 -0.4899
vn -0.9229 -0.3718 -0.0997
vn -0.9719 0.2054 -0.1149
vn -0.9108 -0.3740 -0.1749
vn -0.9409 0.2700 -0.2044
vn -0.8646 0.4038 -0.2989
vn -0.9081 0.4023 0.1161
vn -0.7044 0.3859 0.5957
vn -0.3887 0.3021 0.8704
vn -0.4001 0.2936 0.8682
vn -0.3556 -0.4522 0.8180
vn -0.1082 -0.9433 0.3137
vn 0.0152 -0.9894 0.1444
vn 0.0207 -0.9998 0.0034
vn 0.0200 -0.9987 -0.0460
vn 0.0485 -0.9984 -0.0286
vn 0.4017 -0.9112 0.0910
vn 0.0193 -0.9988 -0.0446
vn 0.0490 -0.9979 -0.0435
vn 0.4363 -0.8991 -0.0365
vn 0.9544 -0.2969 0.0318
vn 0.9159 -0.3137 0.2502
vn 0.0433 -0.9990 0.0052
vn 0.4017 -0.9035 0.1496
vn 0.8772 -0.2465 0.4120
vn 0.9718 0.2098 0.1075
vn 0.7999 -0.1313 0.5856
vn 0.9284 0.2757 0.2490
vn 0.0059 -0.9999 -0.0111
vn 0.0132 -0.9988 -0.0470
vn 0.0010 -0.9999 -0.0155
vn 0.0124 -0.9987 -0.0492
vn 0.0025 -0.9998 -0.0173
vn 0.0067 -0.9986 -0.0516
vn -0.0006 -0.9998 -0.0202
vn -0.0049 -0.9999 -0.0093
vn -0.0512 -0.9982 -0.0323
vn -0.0587 -0.9982 -0.0118
vn -0.0564 -0.9956 -0.0746
vn -0.3847 -0.9220 -0.0440
vn -0.4185 -0.8473 -0.3269
vn -0.2022 -0.7470 -0.6333
vn -0.0139 -0.9884 -0.1511
vn -0.3506 -0.9327 -0.0848
vn 0.0421 0.8635 0.5026
vn 0.0957 0.9674 0.2346
vn -0.1358 0.9754 0.1735
vn 0.0033 0.9908 -0.1351
vn -0.1815 0.9741 -0.1350
vn 0.1833 0.8553 -0.4847
vn 0.0003 0.8492 -0.5281
vn -0.5916 0.7850 -0.1836
vn 0.3109 0.4880 -0.8156
vn 0.2206 0.4658 -0.8570
vn 0.2116 -0.2516 -0.9444
vn 0.3941 -0.1547 -0.9059
vn -0.7171 -0.4044 -0.5677
vn -0.7251 -0.6542 -0.2151
vn -0.6058 -0.7287 -0.3193
vn -0.5125 -0.8586 0.0145
vn -0.7203 -0.3957 -0.5698
vn -0.3585 -0.3386 -0.8700
vn -0.2221 -0.8576 -0.4638
vn -0.0748 -0.8633 -0.4991
vn -0.0044 -0.9993 -0.0366
vn -0.1377 -0.9902 -0.0243
vn -0.1474 -0.3182 -0.9365
vn -0.0166 -0.2735 -0.9617
vn 0.1210 -0.8313 -0.5425
vn -0.1688 0.1893 -0.9673
vn -0.1217 0.2158 -0.9688
vn 0.4602 -0.1404 -0.8766
vn -0.1075 0.4637 -0.8795
vn -0.0902 0.8390 -0.5365
vn 0.7937 -0.0065 -0.6083
vn 0.7871 -0.3613 -0.4999
vn 0.6521 -0.5480 -0.5238
vn 0.7981 -0.5916 -0.1142
vn 0.7676 -0.6322 -0.1059
vn 0.2640 -0.9629 -0.0553
vn 0.8748 -0.3911 0.2859
vn 0.4640 -0.7778 0.4239
vn 0.0560 -0.9036 0.4248
vn 0.6044 -0.3031 0.7368
vn 0.1864 -0.4112 0.8923
vn -0.1714 -0.8807 0.4415
vn -0.4627 -0.7584 0.4591
vn 0.7117 0.0689 0.6991
vn 0.2571 0.1535 0.9541
vn 0.6882 0.3890 0.6125
vn 0.1498 0.5815 0.7996
vn 0.5026 0.7767 0.3796
vn 0.0068 0.8998 0.4363
vn -0.1022 0.8949 0.4345
vn -0.0547 0.9974 0.0466
vn -0.1081 0.9928 0.0524
vn 0.4725 0.8809 0.0271
vn 0.9472 0.3191 -0.0299
vn 0.9469 0.2566 0.1937
vn 0.7998 0.6001 0.0164
vn 0.9417 0.1314 0.3096
vn 0.9025 0.0329 0.4294
vn 0.8858 -0.0920 0.4549
vn 0.6794 -0.1839 0.7104
vn -0.2148 -0.3144 0.9247
vn 0.8107 -0.4587 0.3638
vn -0.1253 -0.8145 0.5664
vn -0.5478 -0.6838 0.4820
vn -0.5287 -0.2704 0.8046
vn 0.0507 -0.9967 -0.0638
vn -0.5285 -0.8484 0.0296
vn -0.4410 -0.8975 0.0057
vn -0.3368 -0.7862 0.5182
vn 0.2239 -0.7228 -0.6538
vn -0.5367 -0.6892 -0.4868
vn -0.5848 -0.6959 -0.4167
vn -0.3175 -0.8051 -0.5010
vn -0.2977 -0.9543 -0.0244
vn -0.2708 -0.9610 -0.0556
vn -0.2228 -0.8395 0.4957
vn -0.2183 -0.8297 0.5137
vn -0.2519 -0.8141 -0.5232
vn -0.1923 -0.9778 -0.0834
vn -0.2653 -0.3871 -0.8831
vn -0.2467 0.1924 -0.9498
vn -0.2260 0.7280 -0.6472
vn -0.1859 0.7448 -0.6409
vn -0.0125 0.7480 -0.6636
vn -0.1783 0.9480 -0.2635
vn -0.1765 0.9401 -0.2916
vn -0.1071 0.9308 -0.3496
vn 0.2635 0.8446 -0.4661
vn 0.5646 0.5452 -0.6196
vn -0.1925 0.9648 -0.1791
vn -0.1567 0.9763 -0.1494
vn 0.1130 0.9854 -0.1275
vn 0.5623 0.8181 -0.1209
vn 0.6125 0.5880 -0.5282
vn -0.1031 0.9683 0.2275
vn 0.1086 0.9461 0.3050
vn 0.4602 0.8165 0.3487
vn 0.4098 0.8584 0.3087
vn 0.4767 0.8593 -0.1852
vn 0.0861 0.9226 0.3761
vn -0.0652 0.9407 0.3330
vn -0.0937 0.9191 0.3828
vn -0.0946 0.9455 0.3115
vn -0.0912 0.9078 0.4094
vn -0.0802 0.5099 0.8565
vn -0.1054 0.5319 0.8402
vn -0.0691 0.0876 0.9938
vn -0.0712 0.0773 0.9945
vn -0.1017 0.0319 0.9943
vn -0.0642 0.0427 0.9970
vn -0.2262 -0.3375 0.9137
vn -0.1184 -0.3655 0.9232
vn -0.0592 -0.3357 0.9401
vn -0.1446 0.9743 0.1728
vn -0.1568 0.9800 0.1227
vn -0.1952 0.9641 -0.1797
vn -0.3314 0.9285 -0.1677
vn -0.3401 0.9319 0.1261
vn -0.7069 0.6950 -0.1315
vn -0.7155 0.6868 0.1277
vn -0.5675 0.7947 -0.2152
vn -0.4215 0.8975 0.1294
vn 0.5551 0.7483 -0.3633
vn 0.0900 0.9728 -0.2136
vn 0.0391 0.8306 -0.5555
vn 0.3787 0.7012 -0.6041
vn 0.0956 0.9691 0.2272
vn 0.0118 0.9817 0.1903
vn 0.1022 0.9682 -0.2282
vn -0.0763 0.8284 0.5548
vn -0.1698 0.3610 0.9170
vn 0.2564 0.3332 0.9073
vn 0.8170 0.1613 0.5537
vn -0.1961 -0.2663 0.9437
vn 0.1982 -0.2165 0.9560
vn 0.7715 -0.0311 0.6355
vn 0.7543 -0.0146 0.6563
vn 0.6700 0.2370 0.7035
vn 0.0695 -0.7755 0.6276
vn 0.7235 -0.4817 0.4944
vn 0.8654 -0.2930 0.4065
vn 0.6225 -0.7825 -0.0153
vn 0.8756 -0.4826 0.0228
vn 0.4840 -0.6426 -0.5940
vn 0.8701 -0.3155 -0.3787
vn 0.4539 -0.6829 -0.5723
vn 0.7720 -0.0828 -0.6303
vn 0.3155 -0.2262 -0.9216
vn 0.2000 0.1838 -0.9624
vn 0.7260 0.1370 -0.6739
vn 0.1745 0.5668 -0.8051
vn 0.7033 0.3929 -0.5925
vn 0.1431 0.8208 -0.5530
vn -0.0342 0.5837 -0.8112
vn -0.1179 0.1441 -0.9825
vn -0.0221 0.1248 -0.9919
vn 0.2043 0.4969 -0.8434
vn 0.7135 0.0934 -0.6944
vn 0.7692 0.3283 -0.5481
vn -0.1821 -0.3342 -0.9247
vn 0.3490 -0.3211 -0.8804
vn -0.2138 -0.7848 -0.5817
vn 0.1416 -0.7630 -0.6306
vn -0.1605 -0.9869 -0.0183
vn 0.1553 -0.9876 -0.0247
vn 0.5970 -0.7984 -0.0779
vn 0.0787 -0.7740 0.6282
vn 0.2684 -0.9578 -0.1029
vn -0.1729 -0.7938 0.5831
vn -0.0636 -0.2395 0.9688
vn -0.0149 -0.9999 0.0017
vn -0.1236 -0.7964 -0.5919
vn -0.1583 -0.3253 -0.9323
vn 0.3994 -0.1989 -0.8949
vn -0.4341 0.7806 0.4497
vn 0.1494 0.5231 0.8391
vn 0.5943 -0.2077 0.7769
vn 0.5437 -0.8185 0.1856
vn 0.5249 -0.8241 0.2128
vn 0.1302 -0.8821 -0.4526
vn -0.0668 -0.9536 -0.2935
vn -0.1078 -0.9935 -0.0354
vn 0.1212 -0.9924 -0.0188
vn 0.1521 -0.4385 -0.8858
vn -0.0485 -0.6603 -0.7494
vn -0.7411 0.6179 -0.2628
vn -0.6714 0.7299 0.1284
vn -0.4625 0.8789 0.1166
vn -0.3959 0.8610 -0.3193
vn -0.3678 0.6921 -0.6211
vn -0.2745 0.9552 0.1107
vn -0.5652 0.8168 0.1151
vn -0.9975 -0.0284 0.0647
vn -0.8035 -0.5953 0.0039
vn -0.7613 -0.6314 -0.1478
vn -0.8487 -0.4862 0.2082
vn -0.8820 -0.3613 0.3025
vn -0.9564 -0.2745 0.0994
vn -0.7782 -0.4531 0.4348
vn -0.6836 -0.0657 0.7269
vn -0.8531 0.1046 0.5112
vn -0.6493 -0.4712 0.5969
vn -0.4844 0.0282 0.8744
vn -0.1109 0.5264 0.8430
vn -0.3206 0.4514 0.8328
vn -0.5276 -0.3038 0.7934
vn -0.2511 0.3465 0.9038
vn 0.0475 0.6894 0.7228
vn -0.0434 0.4793 0.8766
vn -0.0631 0.4942 0.8670
vn 0.1460 0.7281 0.6698
vn -0.0448 0.4105 0.9108
vn -0.1292 0.2391 0.9624
vn -0.1788 0.2064 0.9620
vn 0.4497 0.4989 0.7409
vn 0.9006 0.1386 0.4119
vn 0.9410 -0.3302 -0.0743
vn 0.9630 -0.2644 -0.0516
vn -0.1643 0.1905 0.9678
vn -0.2273 0.1790 0.9572
vn -0.2226 0.2119 0.9516
vn -0.1038 0.2006 0.9742
vn -0.0983 0.2514 0.9629
vn -0.1531 0.2401 0.9586
vn -0.2295 0.6595 0.7158
vn -0.2008 0.6442 0.7380
vn -0.2412 0.9091 0.3397
vn -0.2591 0.8995 0.3519
vn -0.2090 0.9676 0.1419
vn -0.2826 0.9461 0.1584
vn -0.2106 0.9718 -0.1056
vn -0.3071 0.9453 -0.1100
vn -0.3156 0.9315 -0.1807
vn -0.2911 0.7631 -0.5770
vn -0.1975 0.4056 -0.8925
vn -0.1889 0.3263 -0.9262
vn -0.2444 0.3029 -0.9212
vn -0.2001 0.2968 -0.9337
vn -0.2600 0.3046 -0.9163
vn -0.4809 0.4423 -0.7570
vn -0.5720 0.3131 -0.7582
vn -0.6042 0.6803 -0.4149
vn -0.8389 0.3729 -0.3964
vn -0.5545 0.8170 -0.1584
vn -0.8609 0.4681 -0.1994
vn -0.5437 0.8174 0.1903
vn -0.8524 0.5115 0.1084
vn -0.5410 0.6489 0.5349
vn -0.7834 0.3993 0.4762
vn -0.4115 0.3821 0.8274
vn -0.5281 0.2473 0.8124
vn -0.2674 0.8044 0.5305
vn -0.1922 0.6108 0.7681
vn -0.5393 0.5811 0.6095
vn -0.2577 0.9359 0.2402
vn -0.5984 0.7646 0.2394
vn -0.9331 0.3025 0.1943
vn -0.5417 0.8244 -0.1638
vn -0.8975 0.3805 -0.2231
vn -0.9465 -0.2381 -0.2177
vn -0.7579 0.2634 -0.5968
vn -0.8420 -0.2912 -0.4541
vn -0.7588 -0.5935 -0.2683
vn -0.7682 -0.3525 -0.5344
vn -0.7472 -0.5920 -0.3022
vn -0.6685 -0.7360 -0.1070
vn -0.6906 -0.6722 -0.2669
vn -0.6023 -0.7977 -0.0281
vn -0.2580 -0.7938 0.5507
vn -0.5692 -0.8221 0.0116
vn -0.2593 -0.7716 0.5809
vn 0.0903 -0.4648 0.8808
vn 0.2368 -0.3741 0.8966
vn 0.1697 -0.3878 0.9060
vn -0.1654 -0.6976 0.6971
vn -0.6302 -0.7718 -0.0849
vn -0.6923 -0.0983 -0.7149
vn -0.9486 0.0333 -0.3146
vn -0.6135 -0.7893 -0.0270
vn -0.9559 0.0758 0.2836
vn -0.6521 -0.7462 -0.1337
vn 0.0388 -0.9527 -0.3016
vn 0.1749 -0.8974 -0.4051
vn -0.6978 -0.7044 0.1299
vn -0.1465 -0.7299 -0.6676
vn 0.1466 -0.4986 -0.8543
vn 0.6106 -0.5931 -0.5248
vn 0.9183 0.1211 -0.3770
vn 0.6687 0.7340 0.1188
vn 0.0433 0.9166 0.3974
vn 0.0243 0.4281 0.9034
vn -0.0641 0.4252 0.9028
vn -0.1852 0.8960 0.4037
vn -0.0873 -0.1296 0.9877
vn -0.0562 -0.0320 0.9979
vn -0.1555 -0.1090 0.9818
vn -0.3718 0.2683 0.8887
vn -0.0643 -0.5168 0.8537
vn 0.0565 -0.4465 0.8930
vn 0.1715 -0.8157 0.5524
vn 0.0341 -0.8417 0.5388
vn 0.0787 -0.9030 0.4224
vn 0.5737 -0.7034 0.4197
vn 0.6649 -0.7454 -0.0482
vn 0.1766 -0.9837 -0.0327
vn 0.4718 -0.7602 0.4467
vn 0.6591 -0.6199 -0.4259
vn -0.0957 -0.8678 -0.4875
vn -0.7548 -0.5906 -0.2853
vn -0.7160 -0.6979 -0.0172
vn -0.7282 -0.4527 -0.5146
vn -0.1452 -0.6024 -0.7849
vn -0.4052 -0.8045 -0.4344
vn -0.4546 -0.7809 -0.4284
vn -0.1334 -0.9616 -0.2400
vn -0.0514 -0.9314 -0.3603
vn -0.0466 -0.8753 -0.4813
vn -0.1625 -0.9859 -0.0398
vn -0.5955 -0.8023 -0.0404
vn -0.1662 -0.8927 0.4188
vn -0.6938 -0.6734 0.2552
vn -0.6239 -0.7170 0.3111
vn -0.1312 -0.7290 0.6719
vn -0.4646 -0.7848 0.4102
vn -0.5257 -0.8477 -0.0711
vn -0.6108 -0.6719 -0.4188
vn -0.6727 -0.0684 0.7367
vn -0.5847 0.7037 0.4037
vn -0.6058 0.6560 -0.4502
vn -0.4541 0.2257 -0.8619
vn 0.7259 -0.2928 0.6224
vn 0.9908 -0.1195 0.0637
vn 0.9849 -0.1691 0.0372
vn -0.6432 -0.7327 -0.2224
vn -0.6724 -0.4079 -0.6177
vn -0.7152 -0.4002 -0.5730
vn -0.4629 0.1568 -0.8724
vn -0.3449 0.2897 -0.8928
vn -0.6004 0.1293 -0.7892
vn -0.3207 0.5200 -0.7916
vn -0.1901 0.4461 -0.8746
vn -0.4624 0.7022 -0.5413
vn -0.2546 0.8840 -0.3921
vn -0.2903 0.6278 -0.7222
vn -0.2111 0.9729 -0.0939
vn -0.1824 0.4131 -0.8922
vn -0.1522 0.3829 -0.9112
vn -0.0968 0.5163 -0.8509
vn 0.3151 0.9451 -0.0865
vn 0.2879 0.9503 0.1187
vn 0.8015 0.5954 0.0550
vn 0.8323 0.5535 -0.0300
vn 0.4142 0.9080 -0.0634
vn 0.4094 0.9084 0.0846
vn -0.7843 0.6158 -0.0755
vn -0.8647 0.4816 -0.1425
vn -0.5752 -0.7065 0.4123
vn -0.3563 0.6305 -0.6896
vn -0.1686 0.5621 -0.8097
vn -0.0356 0.0971 -0.9946
vn -0.1142 0.1071 -0.9877
vn -0.0472 -0.3748 -0.9259
vn -0.0664 -0.3780 -0.9234
vn -0.0469 -0.5716 -0.8192
vn -0.0599 -0.5804 -0.8121
vn -0.0647 -0.9005 -0.4301
vn -0.0022 -0.9994 -0.0342
vn -0.0683 -0.9976 -0.0147
vn -0.0707 -0.9974 -0.0118
vn -0.0712 -0.9974 -0.0129
vn -0.0949 -0.9953 -0.0178
vn -0.0400 -0.9897 0.1374
vn -0.0265 -0.9734 0.2275
vn 0.0223 -0.8275 0.5610
vn 0.3756 -0.9256 -0.0474
vn -0.3714 -0.4207 0.8277
vn -0.4959 0.3329 0.8020
vn -0.2396 0.2685 0.9330
vn -0.1181 0.3990 0.9093
vn -0.1233 0.3899 0.9126
vn -0.1419 0.3822 0.9131
vn -0.3902 0.3521 0.8508
vn -0.4815 0.5480 0.6840
vn 0.0422 0.5479 -0.8355
vn 0.0624 0.4671 -0.8820
vn 0.9730 0.1989 0.1168
vn 0.9230 0.2186 0.3166
vn 0.9661 0.1834 0.1815
vn 0.9495 0.1157 0.2918
vn 0.8351 0.0092 0.5500
vn 0.7615 0.2058 0.6146
vn 0.6100 -0.0739 0.7890
vn 0.5419 0.1216 0.8316
vn 0.4084 -0.0875 0.9086
vn 0.3871 0.0889 0.9177
vn 0.3709 0.6240 0.6879
vn 0.2269 0.5893 0.7754
vn -0.0000 0.5933 0.8050
vn -0.0000 -0.1382 0.9904
vn -0.0000 0.1216 0.9926
vn -0.3702 0.5594 -0.7416
vn -0.3535 0.6374 -0.6847
vn -0.0000 0.6346 -0.7728
vn -0.0000 0.6352 -0.7724
vn -0.0000 0.9997 0.0225
vn -0.1416 0.9899 0.0042
vn -0.2679 0.9630 -0.0304
vn -0.6227 0.4602 -0.6328
vn -0.8493 0.4187 -0.3216
vn -0.6306 0.7757 -0.0256
vn -0.5444 0.7121 -0.4434
vn -0.4950 0.8689 -0.0031
vn -0.6500 0.7280 0.2180
vn -0.8970 0.4346 0.0805
vn 0.4324 0.7257 0.5351
vn 0.3763 0.8020 0.4639
vn 0.2883 0.8107 0.5095
vn -0.6514 0.6187 0.4391
vn -0.6237 0.5425 0.5627
vn -0.6441 0.5259 0.5555
vn -0.7810 0.4847 0.3938
vn 0.2490 0.8060 0.5369
vn -0.5659 0.5474 0.6165
vn 0.9668 0.2515 0.0452
vn -0.5905 0.4816 0.6476
vn -0.3980 0.7535 0.5233
vn -0.5676 0.7692 0.2935
vn -0.8101 0.5404 0.2273
vn -0.6800 0.7332 -0.0086
vn -0.7939 -0.5827 -0.1738
vn -0.8642 -0.2609 -0.4302
vn -0.5160 0.8161 -0.2601
vn -0.3162 0.8295 -0.4603
vn -0.0000 0.8480 -0.5300
vn -0.6632 -0.6994 -0.2664
vn -0.6424 -0.5881 -0.4914
vn -0.9671 -0.2286 -0.1113
vn -0.8369 -0.2570 -0.4832
vn -0.9303 -0.2206 0.2932
vn -0.8324 -0.2366 0.5011
vn -0.7548 -0.2148 0.6198
vn -0.2051 -0.5710 0.7949
vn -0.0975 0.0024 -0.9952
vn -0.3127 -0.3517 0.8823
vn -0.8330 -0.3622 0.4183
vn -0.8313 -0.1205 0.5427
vn -0.1788 -0.0831 0.9804
vn -0.9513 -0.2945 -0.0908
vn -0.9119 -0.2512 0.3245
vn -0.3843 -0.1516 0.9107
vn -0.2213 -0.1448 0.9644
vn -0.3110 -0.0891 0.9462
vn -0.9859 -0.1645 0.0316
vn -0.7100 -0.1820 0.6802
vn -0.1985 -0.1429 0.9696
vn -0.2787 -0.1923 0.9409
vn -0.5512 -0.2554 0.7943
vn -0.3075 -0.2249 0.9246
vn -0.2442 -0.0810 0.9663
vn -0.7031 -0.0889 0.7055
vn -0.2606 -0.2887 0.9213
vn -0.0000 -0.3444 0.9388
vn -0.0000 -0.1597 0.9872
vn -0.0000 -0.0658 0.9978
vn -0.2901 0.0676 0.9546
vn -0.0000 -0.0162 0.9999
vn -0.9045 -0.1549 0.3974
vn -0.0000 -0.1489 -0.9889
vn -0.0000 -0.1740 -0.9848
vn -0.0000 0.0955 -0.9954
vn -0.6489 -0.3678 -0.6661
vn -0.6326 -0.5014 -0.5903
vn -0.0000 -0.7450 -0.6671
vn -0.7133 0.0795 -0.6964
vn -0.6874 0.1647 -0.7074
vn -0.2418 0.1929 -0.9509
vn -0.2947 0.0883 -0.9515
vn -0.0000 0.1973 -0.9803
vn -0.0000 0.0903 -0.9959
vn -0.0000 0.8909 -0.4542
vn -0.1665 0.8846 -0.4356
vn -0.0000 0.9918 -0.1276
vn -0.0000 0.9691 0.2468
vn -0.0000 0.7089 0.7053
vn -0.6566 0.3086 0.6882
vn -0.0000 0.2510 0.9680
vn -0.4646 -0.4795 0.7445
vn -0.0000 -0.4942 0.8694
vn -0.0000 0.5566 -0.8308
vn -0.1768 0.5518 -0.8150
vn 0.7095 -0.2708 0.6506
vn -0.0000 0.0787 -0.9969
vn -0.9024 0.4308 -0.0089
vn -0.8718 0.4861 0.0612
vn -0.6797 -0.7333 -0.0172
vn -0.0000 -0.9975 -0.0707
vn -0.3948 -0.1005 0.9133
vn -0.7984 0.1821 0.5739
vn -0.7752 -0.2221 0.5914
vn -0.4854 -0.3241 0.8120
vn -0.5149 0.0574 0.8553
vn -0.4146 -0.3356 0.8458
vn -0.4003 -0.0000 0.9164
vn -0.2315 -0.3634 0.9024
vn -0.3067 -0.0424 0.9509
vn 0.3298 -0.3815 0.8635
vn 0.2626 -0.1302 0.9561
vn -0.4538 -0.6523 0.6071
vn -0.7604 -0.5745 0.3029
vn -0.6065 -0.7950 0.0141
vn -0.6199 -0.6913 0.3713
vn -0.4976 0.0764 0.8640
vn 0.9200 -0.3155 -0.2324
vn -0.0000 0.9655 0.2603
vn -0.1923 -0.9465 0.2592
vn -0.3024 -0.9354 0.1835
vn 0.2661 -0.9560 -0.1234
vn 0.1078 -0.7165 -0.6892
vn 0.6170 -0.1298 -0.7762
vn 0.9724 0.0031 -0.2331
vn 0.0152 -0.5473 -0.8368
vn 0.3788 0.0088 -0.9255
vn 0.6706 0.6395 -0.3759
vn 0.2834 -0.8432 0.4569
vn 0.9349 0.1205 0.3338
vn 0.6148 0.2658 0.7425
vn 0.1218 -0.4640 0.8774
vn 0.6313 0.7556 0.1746
vn 0.3392 0.4169 0.8433
vn -0.1860 -0.4004 0.8973
vn -0.2321 -0.9081 -0.3486
vn -0.3749 -0.8615 0.3424
vn 0.3091 -0.9375 0.1600
vn 0.1266 -0.8070 -0.5768
vn 0.6756 -0.1551 -0.7208
vn 0.9912 0.0510 -0.1222
vn -0.1362 -0.7303 -0.6694
vn 0.3915 0.1571 -0.9067
vn 0.6644 0.6917 -0.2831
vn -0.3526 -0.9158 0.1925
vn 0.7933 0.2315 0.5631
vn 0.3267 -0.5266 0.7848
vn -0.1372 -0.4688 0.8726
vn 0.5154 0.4896 0.7034
vn 0.4771 -0.8560 -0.1989
vn 0.2466 0.1878 -0.9507
vn 0.8956 0.4328 -0.1029
vn 0.4824 0.5513 -0.6807
vn 0.4704 -0.6222 0.6258
vn -0.1214 -0.3898 -0.9129
vn 0.2241 -0.7853 -0.5771
vn -0.3543 -0.9192 0.1719
vn -0.1225 -0.9891 0.0819
vn 0.1023 -0.8310 0.5468
vn 0.7417 0.1522 -0.6532
vn 0.3367 0.4555 -0.8241
vn -0.7608 -0.5707 0.3089
vn -0.9277 -0.1512 0.3413
vn -0.6392 -0.5680 0.5185
vn -0.7691 -0.6377 0.0426
vn -0.9842 -0.0404 0.1722
vn -0.7667 -0.0858 0.6363
vn 0.4252 -0.8607 0.2801
vn 0.0566 -0.9954 0.0778
vn 0.2796 -0.6146 0.7376
vn -0.6582 -0.7528 -0.0079
vn -0.9006 -0.4326 -0.0424
vn -0.2569 -0.9630 -0.0817
vn -0.3118 -0.8159 0.4869
vn -0.6732 -0.4383 0.5955
vn 0.4374 -0.8992 0.0071
vn 0.1571 -0.7911 0.5912
vn -0.1727 -0.3935 0.9030
vn -0.9669 -0.2196 0.1300
vn -0.8986 0.2362 0.3697
vn -0.8621 0.2027 0.4644
vn -0.8497 -0.0492 0.5250
vn -0.7838 -0.3256 0.5289
vn -0.8168 0.1171 0.5650
vn -0.7720 -0.1968 0.6044
vn -0.7498 -0.0222 0.6613
vn -0.7547 -0.2329 0.6134
vn -0.3266 -0.8941 0.3063
vn -0.3095 -0.8272 0.4691
vn -0.5512 -0.2376 0.7999
vn -0.0574 -0.9957 0.0722
vn -0.0904 -0.9409 0.3263
vn -0.1727 -0.6415 0.7474
vn 0.0645 -0.8736 0.4824
vn 0.2366 -0.1623 0.9580
vn 0.0136 0.0972 0.9952
vn -0.3527 0.2754 0.8943
vn 0.2190 0.4596 0.8607
vn -0.7607 0.2887 0.5815
vn -0.7981 0.2646 0.5413
vn -0.3822 0.1552 0.9110
vn 0.2023 0.1735 0.9638
vn -0.7207 0.4669 0.5125
vn -0.3606 0.3238 0.8747
vn -0.1233 0.7150 0.6881
vn -0.2466 0.8198 0.5168
vn 0.1226 0.8639 0.4886
vn 0.1956 0.6825 0.7042
vn 0.2246 0.2487 0.9422
vn -0.0006 -0.9990 0.0439
vn -0.0142 -0.9995 -0.0268
vn -0.0117 -0.9992 -0.0391
vn 0.0073 -0.9999 -0.0126
vn -0.0021 -0.9990 -0.0445
vn -0.0143 -0.9986 -0.0509
vn -0.0165 -0.9986 -0.0498
vn 0.7498 0.2203 0.6240
vn 0.5090 -0.6304 0.5861
vn 0.6229 -0.7143 0.3190
vn 0.9933 -0.0305 0.1113
vn 0.0591 -0.9897 0.1301
vn -0.0083 -0.9997 -0.0218
vn 0.0265 -0.9968 -0.0758
vn 0.4103 -0.8957 -0.1712
vn 0.9389 -0.1287 -0.3191
vn 0.3780 0.2011 0.9037
vn 0.7054 0.2614 0.6588
vn 0.5732 0.5476 0.6096
vn 0.3098 0.6543 0.6899
vn 0.2533 0.8574 0.4481
vn 0.6330 0.7228 0.2771
vn 0.8980 0.4177 0.1385
vn -0.7741 0.5794 0.2551
vn -0.8037 0.4399 0.4007
vn -0.9374 0.2238 0.2669
vn -0.8925 0.3874 0.2310
vn -0.9083 -0.2620 0.3260
vn -0.8693 0.0713 0.4891
vn -0.8509 -0.3110 0.4235
vn -0.4884 -0.1576 0.8583
vn -0.7972 -0.4657 0.3842
vn -0.3539 0.7892 0.5019
vn -0.0979 -0.1958 0.9757
vn -0.2365 0.0358 0.9710
vn -0.4691 -0.0516 0.8816
vn 0.0956 -0.6275 0.7727
vn 0.2280 -0.5941 0.7714
vn 0.2706 -0.1711 0.9474
vn 0.0635 0.8712 0.4869
vn 0.1778 0.2655 0.9476
vn -0.8594 0.1419 0.4912
vn -0.7766 -0.0512 0.6279
vn -0.8222 0.1423 0.5512
vn -0.6176 -0.2030 0.7598
vn 0.5206 -0.3634 0.7726
vn 0.7001 0.6874 0.1930
vn 0.9476 0.2989 -0.1130
vn 0.9517 -0.1580 0.2633
vn 0.5853 0.8091 0.0518
vn 0.8224 0.5246 -0.2199
vn 0.9944 -0.1056 0.0008
vn 0.9783 0.1684 -0.1204
vn 0.9810 -0.0008 0.1942
vn 0.9859 -0.0747 -0.1499
vn 0.9905 -0.1308 -0.0434
vn 0.4887 -0.4389 0.7540
vn 0.8656 -0.4498 0.2200
vn 0.9974 0.0198 0.0697
vn 0.8062 0.2761 0.5232
vn 0.9674 0.1783 -0.1796
vn 0.7685 0.5783 0.2739
vn 0.9470 0.3101 0.0837
vn 0.9660 0.2535 0.0500
vn -0.9669 0.0091 0.2548
vn -0.9305 0.1962 0.3092
vn -0.9696 0.0547 0.2385
vn -0.9722 0.1799 -0.1501
vn -0.9839 0.1704 -0.0547
vn -0.0969 -0.6644 -0.7411
vn -0.0286 -0.9764 -0.2139
vn -0.0583 -0.9646 -0.2572
vn -0.2878 -0.6835 -0.6707
vn -0.2816 -0.9224 -0.2645
vn -0.0298 -0.9960 -0.0842
vn -0.9779 0.2089 -0.0057
vn 0.7772 0.5171 0.3587
vn 0.9932 0.0170 0.1147
vn 0.9712 0.1388 0.1939
vn 0.3954 0.2441 -0.8855
vn 0.3867 0.2899 -0.8755
vn 0.7684 0.0783 -0.6352
vn 0.8486 0.2276 -0.4776
vn 0.3743 0.1573 -0.9139
vn 0.6029 0.1792 -0.7775
vn 0.5723 0.2066 -0.7936
vn 0.8514 -0.0368 -0.5232
vn 0.9154 0.2825 -0.2868
vn 0.7518 0.1990 -0.6287
vn 0.7741 0.1560 0.6136
vn -0.9503 0.0859 0.2993
vn -0.9900 0.0692 -0.1228
vn -0.8855 0.2758 -0.3740
vn -0.9375 0.1787 -0.2985
vn 0.6450 0.1105 -0.7562
vn -0.9666 0.0076 -0.2561
vn -0.8596 -0.4064 0.3097
vn -0.7871 -0.5235 0.3263
vn -0.8772 -0.4683 0.1059
vn -0.9276 -0.3730 0.0204
vn -0.9254 -0.3042 -0.2260
vn -0.8683 -0.4657 -0.1710
vn -0.8345 -0.2701 0.4802
vn -0.9639 -0.2033 0.1717
vn -0.9778 -0.1667 -0.1266
vn -0.7249 -0.1422 0.6740
vn -0.3347 -0.1547 0.9295
vn -0.3005 0.2355 0.9243
vn -0.6511 0.1073 0.7514
vn 0.0135 -0.0882 0.9960
vn 0.0960 0.2611 0.9605
vn -0.2342 0.5535 0.7992
vn 0.0787 0.0555 0.9954
vn 0.0323 0.0394 0.9987
vn 0.2510 0.1723 0.9525
vn 0.2885 0.1309 0.9485
vn 0.3224 -0.4774 0.8174
vn -0.2272 -0.5896 0.7751
vn -0.2234 0.2909 0.9303
vn -0.5949 -0.2515 0.7634
vn 0.3868 -0.6109 0.6908
vn 0.0509 -0.5977 0.8001
vn -0.2091 -0.8836 0.4190
vn 0.0751 -0.9728 0.2191
vn -0.3630 -0.9252 0.1107
vn -0.6255 -0.7625 0.1653
vn -0.5449 -0.5066 0.6682
vn -0.8447 -0.5298 0.0760
vn -0.7945 -0.6035 -0.0674
vn 0.1994 -0.9522 0.2316
vn 0.2552 -0.9531 0.1627
vn 0.2914 0.1299 0.9477
vn 0.6297 0.0291 0.7763
vn 0.5026 0.4210 0.7551
vn 0.2481 0.4315 0.8673
vn 0.9137 0.0175 0.4060
vn 0.7715 0.3816 0.5091
vn -0.7601 -0.5212 0.3880
vn -0.6504 -0.3326 0.6829
vn -0.6992 -0.3007 0.6486
vn -0.9165 -0.3690 0.1546
vn -0.6815 -0.1544 0.7154
vn -0.6900 -0.1790 0.7013
vn -0.9489 -0.2039 0.2409
vn -0.3113 0.1412 -0.9398
vn -0.7750 -0.1270 -0.6190
vn -0.7033 -0.3488 -0.6194
vn -0.3083 -0.1219 -0.9434
vn -0.3425 -0.0572 -0.9378
vn -0.8182 -0.1287 -0.5604
vn -0.3578 0.2888 0.8880
vn -0.6782 0.2705 0.6833
vn -0.4283 -0.2139 0.8779
vn -0.7577 -0.1209 0.6413
vn -0.9692 -0.2300 -0.0875
vn -0.6836 -0.2575 0.6829
vn -0.2502 -0.2349 0.9393
vn -0.7782 -0.2195 0.5885
vn 0.6851 0.1244 0.7177
vn 0.6040 -0.5364 0.5895
vn 0.9391 -0.2313 0.2542
vn 0.8547 0.2777 0.4386
vn 0.8993 0.4325 -0.0649
vn 0.9299 -0.3200 -0.1814
vn 0.7004 -0.7017 -0.1306
vn 0.9130 -0.2478 0.3241
vn 0.9692 0.1268 -0.2112
vn 0.5699 0.4753 0.6703
vn 0.6659 0.6861 0.2929
vn 0.8820 -0.2701 0.3860
vn 0.4935 0.8688 -0.0401
vn 0.9617 0.0906 0.2588
vn -0.9463 -0.1664 -0.2771
vn -0.9358 0.0722 0.3451
vn -0.9907 0.1173 -0.0687
vn -0.7908 0.1497 0.5935
vn -0.8786 0.4080 0.2481
vn -0.2037 0.0040 0.9790
vn -0.7086 0.2415 0.6630
vn -0.7372 -0.1972 0.6463
vn -0.7338 -0.1917 0.6517
vn 0.9496 -0.0745 0.3045
vn 0.9231 -0.3834 -0.0284
vn 0.9569 -0.0881 -0.2768
vn 0.9773 0.0800 -0.1960
vn 0.8710 0.1632 -0.4633
vn 0.9620 -0.0976 -0.2549
vn 0.8493 -0.5165 -0.1094
vn 0.3117 0.2611 0.9136
vn 0.0855 0.6987 0.7103
vn -0.4105 0.5763 0.7067
vn -0.2927 0.1561 0.9434
vn -0.7707 0.0586 0.6345
vn -0.7791 0.5307 0.3337
vn -0.3384 0.9284 0.1536
vn -0.9020 0.3996 0.1637
vn -0.7290 0.6252 0.2785
vn -0.3904 0.8478 0.3589
vn 0.0338 -0.5815 0.8128
vn -0.4226 -0.7479 0.5119
vn -0.6063 -0.1446 0.7820
vn -0.9547 -0.2731 -0.1182
vn -0.9990 -0.0015 0.0447
vn 0.8519 0.5144 0.0981
vn -0.9234 0.3285 0.1984
vn -0.9466 0.2386 0.2169
vn -0.7497 -0.6475 0.1364
vn 0.3712 0.2891 0.8824
vn 0.5868 0.3795 0.7153
vn 0.5273 0.7229 0.4465
vn 0.2529 0.7062 0.6612
vn -0.0441 0.9954 0.0853
vn 0.5429 0.8378 0.0589
vn 0.8037 0.4907 0.3366
vn 0.2808 0.3689 -0.8860
vn 0.6470 0.6050 -0.4642
vn 0.7800 0.4210 -0.4630
vn 0.6884 -0.1106 -0.7169
vn 0.9264 0.2222 0.3039
vn 0.9554 0.2497 -0.1578
vn 0.8398 0.5361 -0.0853
vn 0.8048 0.5656 0.1799
vn 0.8671 0.2177 -0.4481
vn 0.8212 0.5358 -0.1962
vn 0.7358 0.6772 -0.0065
vn 0.9768 0.2136 0.0133
vn 0.8891 0.1246 -0.4405
vn 0.9540 -0.1538 0.2573
vn 0.9023 0.4298 0.0338
vn 0.7611 0.6244 0.1756
vn 0.4971 0.7663 0.4071
vn 0.0951 0.8879 0.4501
vn -0.3737 -0.4435 0.8146
vn 0.3291 -0.4640 0.8224
vn -0.2065 -0.2396 0.9487
vn 0.0530 0.0373 0.9979
vn 0.3300 -0.4116 0.8495
vn 0.4873 -0.7692 0.4133
vn 0.5716 -0.5949 0.5651
vn -0.1615 0.0852 0.9832
vn 0.2498 0.1142 0.9616
vn 0.4950 -0.3250 0.8058
vn 0.3838 -0.6269 0.6780
vn 0.7379 -0.6216 0.2629
vn 0.3793 -0.0286 0.9248
vn 0.3831 -0.6824 0.6225
vn 0.3406 -0.7938 0.5039
vn 0.3900 -0.2850 0.8756
vn 0.2159 -0.7910 0.5724
vn 0.3488 0.2651 -0.8989
vn -0.2004 0.1224 -0.9720
vn -0.1891 0.3430 -0.9201
vn 0.1909 0.1970 -0.9617
vn -0.1914 0.2994 -0.9347
vn 0.4562 -0.5411 0.7065
vn 0.3709 -0.3578 0.8570
vn 0.6082 -0.7478 0.2665
vn 0.6546 -0.5332 0.5359
vn -0.1220 0.0891 0.9885
vn 0.0166 -0.1536 0.9880
vn 0.1751 -0.0826 0.9811
vn 0.0386 -0.1094 0.9932
vn 0.6046 -0.3916 0.6936
vn 0.4598 -0.2283 0.8582
vn 0.8222 -0.4489 -0.3500
vn 0.6848 -0.6189 -0.3846
vn 0.5112 -0.2863 -0.8104
vn 0.4472 -0.1216 -0.8861
vn 0.4861 -0.3560 0.7981
vn 0.3541 -0.2905 0.8889
vn 0.6818 -0.6862 0.2537
vn 0.7905 -0.6073 0.0799
vn 0.0486 -0.5658 0.8231
vn 0.1997 -0.0475 0.9787
vn -0.3427 -0.1587 0.9259
vn 0.3233 -0.0610 0.9443
vn -0.0489 0.2058 0.9774
vn -0.3192 0.0468 0.9465
vn -0.0085 0.1718 0.9851
vn 0.8913 -0.2887 0.3496
vn 0.8552 -0.4901 0.1689
vn 0.7833 -0.3094 -0.5391
vn 0.9444 -0.1555 -0.2897
vn 0.5913 -0.0041 -0.8064
vn 0.5310 -0.0416 -0.8463
vn 0.8112 -0.5820 0.0560
vn 0.2826 0.0614 -0.9573
vn 0.3585 -0.0290 -0.9331
vn 0.3904 -0.1696 -0.9049
vn 0.6889 -0.0846 0.7199
vn 0.6593 -0.4773 0.5809
vn 0.6578 0.1003 0.7465
vn -0.7486 0.0400 0.6618
vn -0.8407 0.1028 0.5317
vn -0.6542 0.3048 0.6922
vn -0.5873 0.3552 0.7273
vn -0.8004 0.0286 0.5988
vn -0.3983 0.1927 0.8968
vn -0.3592 0.3331 0.8718
vn 0.6084 -0.7910 0.0651
vn 0.5724 -0.7484 0.3351
vn 0.4951 -0.8320 0.2503
vn 0.2759 -0.9565 0.0944
vn 0.1536 -0.5071 0.8481
vn 0.7669 -0.5329 0.3576
vn 0.5927 -0.7724 -0.2283
vn 0.8557 -0.4973 -0.1431
vn -0.5221 0.2641 0.8110
vn 0.7732 -0.1541 0.6152
vn 0.3931 -0.4385 0.8082
vn -0.1447 0.4439 0.8843
vn 0.4330 0.7242 0.5367
vn -0.8329 -0.0538 0.5507
vn 0.3919 -0.1006 0.9145
vn -0.0876 0.4200 0.9033
vn -0.8113 0.0844 0.5785
vn 0.5584 0.5215 0.6452
vn 0.4620 0.8671 0.1862
vn 0.5739 0.6227 0.5319
vn 0.8828 0.3951 0.2540
vn 0.7773 0.6009 0.1863
vn -0.6317 -0.1038 0.7682
vn 0.4488 -0.2355 0.8621
vn 0.7303 -0.1561 0.6651
vn 0.3058 0.9479 -0.0895
vn 0.6642 0.7471 -0.0280
vn 0.8372 0.5435 -0.0614
vn 0.8569 0.4063 0.3172
vn 0.6269 0.4561 -0.6317
vn 0.5186 0.7849 -0.3391
vn 0.7934 0.5446 -0.2719
vn 0.8683 0.3082 -0.3886
vn 0.9179 0.3606 -0.1655
vn 0.8592 -0.3841 0.3380
vn 0.8858 -0.0211 0.4637
vn 0.8620 0.3612 0.3557
vn 0.7805 0.4357 0.4483
vn 0.9213 0.3239 0.2151
vn 0.7720 0.4564 0.4425
vn 0.9347 0.0839 0.3453
vn 0.8789 -0.0374 0.4756
vn -0.1978 -0.1778 -0.9640
vn 0.1552 -0.3859 -0.9094
vn 0.1458 -0.1357 -0.9800
vn -0.1126 -0.1240 -0.9859
vn 0.6225 -0.2430 -0.7439
vn 0.4481 -0.0435 -0.8929
vn -0.0500 -0.2236 -0.9734
vn 0.9156 0.2866 -0.2822
vn 0.4042 -0.5141 0.7565
vn 0.8553 -0.4133 -0.3126
vn 0.6812 -0.4954 0.5390
vn 0.5196 -0.2114 0.8278
vn 0.8585 -0.2052 0.4700
vn 0.8370 -0.3295 0.4368
vn 0.8256 0.2515 0.5051
vn 0.8398 -0.1350 -0.5258
vn 0.7142 -0.2574 -0.6509
vn 0.3163 -0.9486 -0.0110
vn -0.1951 -0.8183 0.5407
vn -0.7197 -0.2340 0.6537
vn 0.5883 -0.7760 -0.2273
vn 0.7501 -0.3435 0.5651
vn 0.8246 -0.5021 0.2606
vn 0.7566 -0.5561 -0.3439
vn 0.7478 -0.3909 -0.5366
vn 0.1852 -0.5089 -0.8407
vn 0.5111 0.0308 -0.8590
vn 0.7397 0.1163 -0.6628
vn -0.2301 -0.2496 -0.9406
vn 0.4333 0.1344 -0.8912
vn -0.5299 0.4270 0.7327
vn -0.3482 0.6358 0.6889
vn 0.3612 0.6230 0.6938
vn -0.0953 0.7828 0.6149
vn -0.2892 0.7176 0.6336
vn 0.0255 0.3982 -0.9169
vn 0.2672 -0.0195 -0.9634
vn -0.0642 0.3367 -0.9394
vn 0.2641 0.0391 -0.9637
vn 0.8292 -0.1114 -0.5478
vn 0.9863 -0.1344 0.0954
vn 0.4090 -0.7319 -0.5450
vn 0.7635 -0.5938 -0.2540
vn 0.0387 -0.1846 -0.9821
vn 0.3788 -0.8102 -0.4473
vn 0.4257 0.0227 -0.9046
vn 0.5962 -0.5038 -0.6250
vn 0.4088 -0.7224 -0.5577
vn 0.8027 -0.1500 -0.5772
vn 0.4937 0.4727 0.7299
vn 0.9947 0.0876 0.0543
vn 0.9002 0.0910 -0.4258
vn 0.8549 0.1725 -0.4892
vn 0.8250 0.0865 -0.5584
vn 0.6576 -0.6590 0.3651
vn 0.5686 -0.8055 0.1667
vn 0.7033 -0.6926 0.1603
vn 0.6531 -0.7573 0.0012
vn 0.6695 -0.7420 0.0335
vn 0.4237 0.0913 0.9012
vn 0.7697 0.3271 0.5482
vn -0.2745 -0.1844 -0.9437
vn -0.5504 -0.3072 -0.7764
vn -0.4747 0.1180 -0.8722
vn -0.3440 0.4306 -0.8344
vn 0.1705 0.7888 -0.5905
vn 0.0279 0.8352 -0.5492
vn -0.2520 -0.0985 -0.9627
vn -0.2118 -0.0068 -0.9773
vn 0.4606 0.1277 -0.8784
vn 0.7058 -0.3286 -0.6276
vn 0.5612 -0.5610 -0.6085
vn 0.7592 -0.0036 -0.6509
vn 0.3468 0.2738 -0.8971
vn 0.4128 0.1539 -0.8977
vn 0.6105 0.3952 -0.6863
vn 0.3480 -0.2991 -0.8885
vn 0.2791 -0.1839 -0.9425
vn 0.6430 -0.7635 0.0602
vn 0.4199 -0.9012 0.1075
vn 0.4515 -0.8362 0.3113
vn 0.7669 -0.6407 0.0368
vn 0.4954 -0.8618 0.1090
vn 0.6338 -0.7503 0.1879
vn -0.1694 0.1146 -0.9789
vn 0.0355 -0.0908 -0.9952
vn -0.0194 0.0144 -0.9997
vn 0.0358 0.0407 -0.9985
vn 0.2679 -0.1691 -0.9485
vn 0.1866 -0.0695 -0.9800
vn 0.5289 -0.1861 -0.8280
vn 0.3059 -0.0221 -0.9518
vn 0.0750 -0.0139 -0.9971
vn -0.3733 0.6455 0.6663
vn -0.1990 0.5775 0.7918
vn -0.3237 0.6961 0.6409
vn 0.0848 0.7094 0.6997
vn 0.6732 0.0181 -0.7392
vn 0.3927 0.0979 0.9144
vn 0.3733 0.2709 0.8873
vn 0.5564 0.5895 0.5856
vn 0.7002 0.2682 0.6616
vn 0.6616 0.1850 0.7267
vn 0.4230 0.1588 0.8921
vn 0.5553 0.5676 0.6078
vn 0.1477 0.1003 0.9839
vn 0.2115 0.7053 0.6767
vn 0.5011 0.8305 0.2432
vn 0.1921 0.9309 0.3108
vn 0.4012 0.8865 0.2304
vn 0.4216 0.6683 0.6129
vn 0.6046 0.3859 0.6968
vn 0.5552 0.4550 0.6963
vn 0.2254 0.8013 0.5542
vn -0.2563 0.5365 0.8040
vn -0.0442 0.6430 0.7646
vn 0.0041 0.8904 0.4551
vn 0.4854 0.5898 -0.6454
vn 0.2144 0.9507 -0.2242
vn 0.3340 0.9251 -0.1809
vn -0.0389 0.8947 0.4450
vn -0.0566 0.9523 0.2999
vn 0.2733 0.4143 -0.8681
vn 0.2995 0.0087 -0.9540
vn 0.3774 0.8128 -0.4438
vn 0.3509 0.7862 -0.5087
vn 0.1989 0.3017 -0.9324
vn 0.9521 -0.2731 0.1376
vn 0.9652 -0.2144 -0.1497
vn 0.8064 -0.2433 -0.5390
vn 0.7989 -0.5441 -0.2564
vn 0.5846 -0.5296 -0.6146
vn 0.4936 0.0279 -0.8693
vn 0.7355 -0.1666 -0.6567
vn 0.7524 -0.0888 -0.6527
vn 0.7298 0.1212 -0.6729
vn 0.8033 0.1907 -0.5643
vn 0.4765 0.5362 -0.6967
vn 0.1773 -0.0141 -0.9841
vn 0.7176 0.1350 0.6832
vn 0.5896 0.6073 0.5325
vn 0.6459 0.6650 0.3751
vn 0.8047 0.1351 0.5781
vn 0.4261 0.8947 0.1343
vn 0.3837 0.7978 0.4651
vn 0.4159 0.6323 0.6536
vn 0.5975 0.0916 0.7966
vn 0.0459 -0.5564 0.8297
vn 0.4739 0.7976 0.3733
vn -0.0043 -0.6505 0.7595
vn 0.1681 0.9832 -0.0708
vn 0.4257 0.7553 0.4983
vn 0.1015 -0.8961 0.4320
vn -0.4046 -0.8843 0.2330
vn 0.3298 0.1892 0.9249
vn 0.3460 0.3140 0.8841
vn 0.0726 0.8197 0.5682
vn 0.1575 0.8536 0.4965
vn 0.3240 0.8725 0.3658
vn 0.6740 -0.2526 0.6942
vn 0.6642 -0.4312 0.6107
vn 0.6472 0.5324 -0.5455
vn 0.8086 0.5362 -0.2422
vn 0.4172 0.8469 -0.3296
vn 0.2968 0.7631 -0.5741
vn 0.1119 0.1806 -0.9772
vn 0.7568 -0.0187 0.6534
vn 0.5304 0.6127 0.5859
vn 0.1431 -0.6422 0.7531
vn 0.4912 -0.2518 0.8338
vn 0.5210 -0.1705 0.8364
vn 0.6779 -0.2418 0.6942
vn -0.2383 0.8335 0.4984
vn -0.3464 0.8824 0.3183
vn -0.8538 0.4773 -0.2077
vn -0.9179 0.3824 -0.1059
vn -0.9150 0.3052 -0.2638
vn -0.8813 0.3835 -0.2761
vn 0.4422 -0.2278 0.8675
vn 0.7917 0.0577 0.6082
vn 0.5869 0.5122 0.6271
vn 0.1083 0.9237 0.3676
vn 0.1772 0.9001 0.3981
vn 0.7471 -0.4242 0.5118
vn 0.2481 0.8960 -0.3683
vn 0.5372 0.6343 -0.5560
vn 0.9555 0.2079 0.2093
vn 0.7527 0.6304 0.1899
vn 0.2084 0.9676 0.1426
vn 0.4362 0.7515 -0.4949
vn 0.3713 0.8269 -0.4224
vn -0.0181 -0.6301 -0.7763
vn 0.4499 -0.1446 -0.8813
vn 0.4448 0.5908 -0.6731
vn 0.7246 0.2793 -0.6301
vn -0.0921 0.9007 0.4246
vn 0.4867 0.8729 -0.0357
vn 0.7528 0.5396 -0.3769
vn -0.1906 0.8848 0.4253
vn 0.4807 0.8407 0.2494
vn 0.8440 0.5364 0.0039
vn 0.0937 0.8307 0.5488
vn -0.3871 0.8631 0.3244
vn -0.4662 0.8443 0.2643
vn -0.3570 0.8244 0.4392
vn -0.9652 0.2407 -0.1020
vn 0.0697 0.8095 0.5830
vn 0.4916 0.5256 0.6943
vn -0.6808 0.5958 -0.4260
vn 0.4854 0.3570 0.7981
vn 0.5583 0.3422 0.7558
vn 0.0710 0.9308 0.3585
vn 0.5987 0.7923 -0.1174
vn 0.6373 0.6525 -0.4099
vn 0.7814 0.4453 -0.4373
vn 0.8432 0.5269 -0.1070
vn 0.6747 0.5678 0.4716
vn 0.4658 0.7906 0.3975
vn 0.7006 0.2590 0.6649
vn 0.8593 0.2991 0.4149
vn 0.8367 0.5000 0.2234
vn -0.3338 0.8576 0.3912
vn 0.5849 0.6845 -0.4350
vn 0.5720 0.7288 -0.3764
vn 0.4956 0.7675 -0.4066
vn 0.4462 0.8937 -0.0478
vn 0.6482 0.3903 0.6538
vn 0.5940 0.2342 0.7696
vn 0.4677 0.4568 0.7567
vn 0.4877 0.5410 0.6852
vn 0.5041 0.1633 0.8481
vn 0.3950 0.4652 0.7922
vn 0.4778 0.3059 0.8235
vn 0.3491 0.5778 0.7378
vn -0.8940 0.4448 -0.0533
vn -0.9692 0.2455 -0.0175
vn -0.9687 0.2410 0.0602
vn -0.9319 0.3279 0.1548
vn -0.9188 0.2603 0.2967
vn -0.9770 0.1925 0.0915
vn -0.9803 0.1974 -0.0075
vn -0.6083 0.7867 -0.1054
vn -0.5784 0.6331 0.5144
vn -0.4111 0.7687 0.4899
vn -0.3489 0.9359 0.0476
vn 0.6389 0.7692 -0.0127
vn 0.7253 0.5441 0.4218
vn 0.5590 0.5917 0.5809
vn -0.9156 0.3721 0.1522
vn -0.9220 0.2660 0.2813
vn -0.9240 0.1900 0.3319
vn -0.9882 0.1289 0.0830
vn -0.4126 0.5574 0.7205
vn -0.3764 0.3795 0.8452
vn -0.9192 0.1728 0.3539
vn -0.8220 0.2275 0.5221
vn -0.2757 0.3854 0.8806
vn 0.2600 0.6021 0.7549
vn 0.2437 0.9365 -0.2521
vn 0.4178 -0.8967 0.1462
vn 0.5191 -0.8527 0.0586
vn 0.8608 -0.4356 0.2632
vn 0.7155 -0.4428 0.5404
vn 0.5505 -0.8309 -0.0815
vn 0.8755 -0.4758 -0.0838
vn 0.8979 -0.4358 -0.0619
vn 0.9087 -0.3636 0.2050
vn -0.9657 0.2427 -0.0919
vn -0.9748 0.1965 -0.1053
vn -0.9590 0.2015 -0.1993
vn -0.9436 0.2880 -0.1630
vn -0.6664 0.3305 -0.6684
vn -0.9715 0.0551 -0.2304
vn -0.6341 0.4493 -0.6294
vn -0.9921 -0.0958 -0.0813
vn -0.9951 0.0641 -0.0751
vn -0.9932 0.1025 -0.0560
vn -0.6712 0.5554 -0.4909
vn 0.9191 -0.2862 -0.2708
vn 0.8204 -0.4649 -0.3330
vn 0.7461 -0.4104 -0.5243
vn 0.8203 -0.1612 -0.5488
vn 0.4696 -0.8559 -0.2165
vn 0.6135 -0.4680 -0.6361
vn 0.6165 -0.2305 -0.7528
vn 0.9618 0.2732 0.0192
vn 0.7577 0.6468 0.0869
vn 0.6341 0.6956 0.3379
vn -0.0521 0.7185 -0.6935
vn -0.4715 0.8372 -0.2772
vn -0.0229 0.8717 -0.4895
vn 0.3393 0.8596 -0.3821
vn 0.1947 0.6986 -0.6885
vn -0.9010 -0.3209 -0.2918
vn -0.6004 -0.0118 -0.7996
vn -0.2953 -0.4984 -0.8151
vn -0.3531 -0.7855 -0.5083
vn 0.0779 -0.8222 -0.5638
vn 0.1228 -0.4427 -0.8882
vn 0.0038 0.1927 -0.9813
vn -0.8259 0.0817 0.5578
vn -0.6958 0.2656 0.6673
vn -0.2051 0.3855 0.8996
vn -0.3400 -0.0205 0.9402
vn 0.7339 -0.3107 -0.6040
vn 0.7615 -0.3265 -0.5599
vn 0.4572 -0.2802 -0.8441
vn 0.6390 0.1585 -0.7527
vn 0.5828 0.1607 -0.7966
vn 0.8640 -0.1876 0.4672
vn 0.8741 -0.2825 0.3951
vn 0.7619 -0.4514 0.4645
vn 0.3084 -0.3703 0.8762
vn -0.2652 -0.8405 0.4726
vn 0.0295 -0.8140 0.5802
vn 0.2664 -0.6430 0.7181
vn -0.3934 0.1772 0.9021
vn -0.4727 -0.5606 0.6799
vn -0.0226 -0.6106 -0.7916
vn -0.0811 -0.6201 -0.7803
vn -0.6416 -0.5596 -0.5245
vn -0.3441 0.8943 0.2859
vn -0.1417 0.6934 0.7065
vn -0.7088 0.5233 0.4730
vn -0.7630 0.6234 0.1711
vn 0.0465 0.3593 0.9320
vn -0.5857 0.2751 0.7624
vn -0.3067 0.2853 0.9080
vn -0.1898 0.7230 0.6642
vn -0.2285 0.9178 0.3246
vn -0.1030 0.1062 -0.9890
vn -0.9729 -0.0983 -0.2094
vn -0.8686 -0.4675 -0.1643
vn -0.3777 -0.8693 -0.3188
vn -0.3026 -0.9068 -0.2935
vn -0.1278 -0.7621 -0.6348
vn 0.3220 -0.8033 -0.5010
vn 0.2197 -0.4398 -0.8708
vn 0.6677 -0.3331 -0.6658
vn 0.8178 -0.3687 -0.4420
vn 0.2100 0.2087 -0.9552
vn 0.7668 0.1706 -0.6188
vn 0.1688 0.5294 -0.8314
vn 0.6027 0.5927 -0.5342
vn 0.6808 0.3765 -0.6283
vn 0.7410 0.6221 -0.2528
vn 0.8193 0.2616 -0.5102
vn 0.7657 0.4831 -0.4246
vn 0.9178 0.0618 -0.3921
vn 0.7699 0.6050 -0.2031
vn 0.2354 0.4582 -0.8571
vn 0.7600 0.2929 -0.5802
vn 0.8893 0.1430 -0.4344
vn 0.6612 -0.7152 0.2264
vn 0.0528 -0.9468 0.3175
vn 0.1254 -0.9026 0.4117
vn 0.7014 -0.6851 0.1966
vn 0.0754 0.1873 -0.9794
vn -0.2145 -0.2475 -0.9449
vn -0.6912 -0.6710 -0.2683
vn 0.4799 -0.7830 -0.3958
vn 0.4344 -0.8366 -0.3338
vn -0.8486 0.5129 -0.1298
vn -0.3712 0.9071 -0.1986
vn -0.3998 0.7439 -0.5356
vn -0.5641 0.4824 -0.6702
vn 0.0161 0.4314 -0.9020
vn 0.1338 0.7881 -0.6009
vn 0.2069 0.9595 -0.1910
vn -0.3571 0.8890 -0.2867
vn -0.2463 0.7138 -0.6556
vn -0.0820 0.4218 -0.9030
vn -0.3645 0.3499 -0.8630
vn 0.0610 0.3576 -0.9319
vn 0.1007 0.0383 0.9942
vn 0.0674 -0.6520 0.7552
vn 0.6032 -0.4635 0.6491
vn 0.6311 0.0401 0.7747
vn 0.6255 -0.5621 0.5411
vn -0.3152 0.2880 0.9043
vn -0.2976 0.2285 0.9269
vn -0.5051 0.0097 0.8630
vn -0.8530 0.0907 0.5140
vn -0.9522 -0.2524 0.1723
vn -0.7433 -0.4535 0.4918
vn -0.3062 0.1883 0.9332
vn -0.4931 0.1799 0.8512
vn 0.5624 0.0419 0.8258
vn -0.4076 0.2584 -0.8758
vn -0.9130 0.0339 -0.4066
vn -0.9225 0.0509 -0.3827
vn -0.4862 0.3652 -0.7939
vn 0.0674 0.2986 -0.9520
vn -0.2979 0.2948 -0.9080
vn 0.0106 0.5604 -0.8282
vn 0.1034 0.3600 -0.9272
vn 0.1265 0.3057 -0.9437
vn 0.3213 -0.6020 -0.7310
vn 0.4775 -0.7187 -0.5054
vn -0.5330 -0.5382 -0.6529
vn -0.6483 -0.4207 -0.6346
vn 0.4014 -0.8926 -0.2051
vn 0.0273 -0.8827 -0.4692
vn -0.3379 -0.5462 -0.7665
vn 0.7317 -0.5795 0.3588
vn 0.4573 -0.6625 0.5933
vn 0.1881 -0.7944 0.5776
vn -0.6128 -0.4055 0.6783
vn -0.6945 -0.4433 0.5667
vn 0.5990 0.2957 0.7442
vn 0.5506 -0.8151 -0.1801
vn -0.1107 -0.9103 -0.3989
vn 0.1948 -0.6633 -0.7225
vn 0.6138 -0.4490 -0.6494
vn -0.8113 -0.3396 -0.4760
vn -0.3054 0.0583 -0.9505
vn 0.2289 0.3600 -0.9044
vn -0.0619 -0.8769 -0.4766
vn -0.0283 0.6373 0.7701
vn -0.4668 0.5423 0.6986
vn -0.1604 0.0746 0.9842
vn 0.3289 -0.1022 0.9388
vn -0.8965 0.0109 0.4430
vn -0.3808 -0.5897 0.7122
vn 0.3908 -0.7312 0.5591
vn 0.4245 -0.5585 -0.7126
vn 0.2073 -0.6564 -0.7253
vn 0.5527 -0.7352 -0.3925
vn 0.0511 -0.7702 0.6357
vn -0.7119 -0.5402 0.4487
vn 0.2279 0.3901 -0.8921
vn 0.2917 0.7640 -0.5755
vn 0.5146 0.6817 -0.5201
vn 0.5748 0.3872 -0.7209
vn 0.3072 0.9348 -0.1783
vn 0.6081 0.7479 -0.2660
vn 0.8439 0.4022 -0.3549
vn 0.2558 0.9002 0.3525
vn 0.2306 0.6383 0.7344
vn 0.4947 0.5109 0.7031
vn 0.5949 0.6963 0.4016
vn 0.8400 0.3468 0.4173
vn 0.5483 0.2411 0.8008
vn 0.1873 0.2067 0.9603
vn -0.1729 -0.8382 -0.5172
vn 0.3829 -0.7350 -0.5597
vn -0.2384 -0.9569 -0.1657
vn 0.2823 -0.6655 0.6910
vn 0.6039 -0.6021 0.5222
vn -0.6726 -0.5626 0.4807
vn -0.3950 -0.5613 0.7273
vn 0.3475 -0.2899 0.8917
vn 0.1262 -0.5558 0.8216
vn -0.1976 -0.9766 -0.0849
vn -0.0256 -0.9896 -0.1417
vn -0.2357 -0.9584 -0.1611
vn -0.1095 -0.6214 -0.7758
vn 0.2090 -0.1786 -0.9615
vn 0.4403 -0.3050 -0.8444
vn 0.3029 0.9465 -0.1115
vn 0.2827 0.9469 0.1530
vn 0.6673 0.7354 0.1179
vn 0.6287 0.7575 -0.1757
vn 0.8964 0.4320 0.0989
vn 0.8741 0.4408 -0.2039
vn 0.0360 -0.8740 0.4847
vn 0.0227 -0.9915 -0.1283
vn 0.4113 -0.9037 -0.1190
vn 0.0846 -0.6797 -0.7286
vn -0.0117 -0.8584 -0.5128
vn -0.1117 -0.2919 -0.9499
vn -0.5943 -0.3790 -0.7093
vn -0.0536 -0.3911 -0.9188
vn 0.2625 -0.7755 -0.5742
vn 0.1274 -0.8994 -0.4181
vn -0.3728 -0.6860 -0.6249
vn -0.5478 -0.8343 0.0629
vn 0.2502 -0.9624 0.1053
vn 0.6266 -0.7447 -0.2297
vn 0.1523 -0.1997 -0.9680
vn -0.3059 -0.2135 -0.9278
vn -0.7644 -0.5372 -0.3565
vn -0.8594 -0.1070 -0.5000
vn -0.5043 -0.5226 0.6874
vn -0.2144 -0.9189 0.3311
vn -0.1897 -0.9817 -0.0191
vn -0.3013 -0.4184 0.8568
vn -0.4959 0.1013 0.8625
vn -0.7671 -0.2466 0.5923
vn -0.2285 -0.5314 0.8157
vn -0.1086 -0.7416 0.6620
vn -0.0464 -0.5726 0.8186
vn -0.0127 -0.4025 0.9153
vn -0.0072 -0.0065 1.0000
vn -0.0550 0.4623 0.8850
vn 0.0382 -0.0895 0.9953
vn 0.0562 -0.4091 0.9108
vn 0.0256 0.6412 0.7669
vn -0.6594 0.1811 0.7297
vn 0.5012 0.1075 0.8586
vn 0.2013 -0.7493 0.6309
vn -0.6603 -0.5273 -0.5348
vn 0.7668 -0.5243 0.3703
vn 0.6306 -0.6950 0.3453
vn 0.5130 -0.8580 0.0256
vn -0.3420 -0.3971 -0.8517
vn -0.9016 0.2233 0.3705
vn -0.0842 -0.5684 0.8184
vn -0.1352 -0.7245 0.6759
vn -0.1761 -0.8928 0.4145
vn -0.1546 -0.5566 0.8163
vn 0.0478 -0.7824 0.6209
vn -0.0433 -0.9639 0.2625
vn -0.8673 -0.4891 0.0920
vn -0.7508 -0.6551 -0.0849
vn -0.6944 -0.3208 -0.6441
vn -0.6380 -0.6860 -0.3497
vn -0.8618 0.2324 -0.4509
vn -0.7283 -0.0656 -0.6821
vn -0.0961 -0.8875 -0.4506
vn -0.1390 -0.5245 -0.8400
vn 0.0673 -0.5894 0.8050
vn 0.0529 -0.8712 0.4881
vn 0.4339 -0.8181 0.3775
vn 0.4844 -0.5654 0.6675
vn 0.0565 -0.9973 0.0476
vn 0.4983 -0.8631 0.0819
vn 0.8410 -0.4607 0.2836
vn 0.1739 0.2731 0.9461
vn 0.1638 0.6821 0.7127
vn 0.8045 0.2864 0.5203
vn 0.2934 0.8124 0.5039
vn 0.2431 0.8429 0.4801
vn 0.5337 0.2128 0.8185
vn 0.6173 0.4469 0.6474
vn 0.2471 -0.1977 0.9486
vn 0.7096 -0.1722 0.6833
vn 0.7476 0.0946 0.6574
vn -0.1687 -0.3273 -0.9297
vn -0.4110 -0.9114 0.0220
vn -0.2347 -0.7366 0.6343
vn 0.4540 -0.8131 0.3645
vn 0.1893 -0.9806 -0.0509
vn 0.3314 -0.9421 -0.0516
vn 0.3330 -0.9421 0.0386
vn 0.1872 0.3673 -0.9111
vn -0.4805 0.4425 -0.7571
vn 0.2337 0.8758 -0.4223
vn -0.2369 0.8938 -0.3808
vn -0.5542 0.7821 -0.2850
vn -0.5900 0.6359 -0.4975
vn -0.6254 0.5330 -0.5699
vn -0.5936 0.2161 -0.7752
vn -0.1982 0.1200 -0.9728
vn -0.2557 0.6248 -0.7378
vn -0.0054 0.5853 -0.8108
vn -0.3297 0.6928 -0.6413
vn 0.0343 0.7011 -0.7123
vn -0.8345 0.4721 -0.2842
vn 0.2115 -0.8874 -0.4096
vn 0.5674 -0.7572 -0.3234
vn 0.6970 -0.6558 -0.2899
vn 0.8275 -0.3527 -0.4368
vn 0.5901 -0.4976 -0.6358
vn 0.0940 -0.5723 -0.8146
vn 0.0797 -0.9040 -0.4200
vn 0.0945 -0.9955 -0.0094
vn 0.2693 -0.7769 -0.5691
vn 0.2371 -0.8530 0.4650
vn 0.6978 -0.0027 -0.7163
vn 0.8708 -0.4412 -0.2169
vn 0.7380 0.5572 -0.3807
vn 0.7345 -0.6418 -0.2207
vn -0.0035 -0.2936 0.9559
vn 0.1495 0.3066 0.9400
vn 0.6776 -0.3418 0.6512
vn 0.8111 -0.3135 0.4938
vn 0.1544 0.7487 0.6446
vn 0.6739 0.5593 0.4827
vn 0.5925 0.6669 0.4519
vn 0.2719 0.9054 -0.3261
vn 0.2348 0.7453 -0.6240
vn 0.2011 0.6952 -0.6902
vn 0.1340 -0.3765 -0.9167
vn 0.2037 0.1340 -0.9698
vn 0.6225 0.0896 -0.7775
vn 0.6451 -0.3212 -0.6933
vn 0.8959 -0.1648 -0.4125
vn 0.7474 0.2601 -0.6114
vn 0.3005 0.5721 -0.7631
vn 0.7717 0.2717 -0.5750
vn 0.6642 0.0368 -0.7467
vn 0.7754 0.3808 -0.5038
vn 0.5795 0.4438 -0.6836
vn 0.4504 -0.4163 -0.7899
vn -0.4271 -0.2857 -0.8579
vn -0.4791 0.1894 -0.8571
vn -0.6668 0.4507 -0.5935
vn 0.4148 0.7889 -0.4534
vn 0.2318 0.9582 0.1675
vn -0.7548 0.6531 0.0619
vn -0.7306 0.5792 -0.3617
vn -0.3969 0.9052 0.1523
vn -0.5614 0.8097 -0.1710
vn -0.7967 0.5483 0.2541
vn -0.6918 0.6002 -0.4013
vn -0.7174 0.4491 0.5326
vn -0.8348 0.3268 0.4431
vn -0.5340 0.3366 0.7756
vn -0.4924 -0.1479 0.8577
vn -0.4639 -0.1283 0.8766
vn -0.4232 0.1051 0.8999
vn 0.0430 -0.8525 0.5209
vn -0.1120 -0.4869 0.8662
vn -0.4395 -0.7065 0.5547
vn -0.5868 -0.5978 0.5462
vn 0.0080 0.0697 0.9975
vn -0.0161 0.0191 0.9997
vn -0.2668 0.7644 0.5869
vn -0.0526 0.8223 0.5666
vn 0.0144 0.4284 0.9035
vn -0.4361 0.6852 0.5833
vn -0.4654 0.7369 0.4902
vn -0.4804 0.6791 0.5551
vn -0.3718 0.5004 0.7819
vn -0.8017 0.0970 -0.5898
vn -0.1638 0.1946 -0.9671
vn -0.3139 -0.3330 -0.8892
vn -0.7996 -0.2003 -0.5661
vn -0.6182 -0.5620 -0.5496
vn -0.2917 -0.7496 -0.5941
vn 0.1792 -0.8155 -0.5503
vn 0.1768 -0.4155 -0.8922
vn 0.1734 0.1903 -0.9663
vn 0.0293 0.5511 0.8339
vn -0.0341 0.9137 0.4050
vn 0.1061 0.9507 0.2913
vn 0.0966 0.8775 0.4697
vn 0.2908 0.8240 0.4863
vn 0.3346 0.8980 0.2856
vn 0.7695 0.5737 0.2808
vn 0.6536 0.4153 0.6327
vn 0.1899 0.4111 0.8916
vn 0.3060 0.1029 0.9464
vn 0.4669 0.3495 0.8123
vn 0.3843 0.0702 0.9205
vn 0.2603 0.1114 0.9591
vn 0.4533 0.7816 0.4286
vn -0.5425 0.0829 0.8360
vn -0.6118 0.4204 0.6700
vn -0.7673 0.5539 0.3230
vn 0.4363 0.1454 -0.8880
vn 0.3654 0.6905 -0.6243
vn 0.7280 0.4886 -0.4809
vn 0.7316 0.1733 -0.6593
vn 0.2678 0.9335 -0.2383
vn 0.7423 0.6403 -0.1974
vn 0.7828 0.5154 -0.3486
vn 0.4294 -0.3369 -0.8380
vn 0.7122 -0.2682 -0.6488
vn 0.5230 -0.2632 -0.8107
vn 0.3528 0.2773 -0.8937
vn -0.0768 0.7128 -0.6971
vn 0.0147 0.5962 0.8027
vn -0.0673 0.1087 0.9918
vn 0.3606 -0.0730 0.9299
vn 0.3259 0.4005 0.8564
vn 0.5500 0.1519 0.8212
vn 0.3220 -0.2780 0.9050
vn 0.0926 -0.3899 0.9162
vn -0.1029 0.4393 0.8924
vn -0.2617 -0.2726 0.9259
vn -0.6140 0.1857 -0.7672
vn -0.7935 0.2953 -0.5321
vn -0.5196 0.4333 -0.7364
vn -0.7143 0.1467 -0.6843
vn -0.8834 0.3485 -0.3133
vn -0.6210 0.7133 -0.3249
vn -0.0494 0.9695 -0.2402
vn -0.0953 0.8428 -0.5297
vn -0.1651 0.2188 -0.9617
vn 0.0258 0.4485 -0.8934
vn 0.1080 0.8157 -0.5683
vn 0.2764 -0.8605 0.4279
vn -0.3831 -0.9003 0.2065
vn -0.6802 0.0604 0.7305
vn 0.6125 -0.7905 -0.0023
vn 0.1798 -0.9773 -0.1121
vn 0.1017 -0.9920 -0.0741
vn 0.1303 -0.9730 -0.1903
vn 0.1089 0.9762 -0.1877
vn 0.1835 -0.8709 -0.4560
vn -0.2742 -0.8342 -0.4784
vn -0.0406 -0.8069 -0.5892
vn 0.1144 -0.9931 -0.0257
vn 0.2398 -0.9649 0.1071
vn 0.3926 -0.9166 -0.0761
vn 0.3682 -0.7160 0.5932
vn -0.5166 -0.5342 0.6692
vn -0.5063 -0.8349 0.2157
vn -0.0603 -0.9839 -0.1682
vn 0.8240 -0.5364 0.1827
vn 0.6327 0.3752 0.6774
vn 0.0371 0.0329 0.9988
vn -0.2422 0.3640 0.8993
vn 0.2704 0.8180 0.5077
vn 0.9895 -0.1099 -0.0940
vn 0.8294 0.4586 0.3189
vn 0.6569 0.7531 0.0362
vn 0.8339 0.0804 -0.5460
vn 0.4438 -0.6773 -0.5868
vn 0.5234 -0.8303 -0.1916
vn 0.4099 -0.9121 -0.0086
vn 0.1402 0.3944 -0.9082
vn 0.1868 0.8032 -0.5656
vn 0.6552 0.5147 -0.5530
vn 0.5866 0.1417 -0.7974
vn 0.8353 0.1715 -0.5224
vn 0.8083 0.5140 -0.2872
vn 0.3196 0.9299 -0.1823
vn -0.3259 0.4787 0.8152
vn 0.1371 0.7460 0.6517
vn -0.4388 0.6348 0.6360
vn -0.5906 -0.0701 0.8039
vn -0.0944 0.4829 0.8706
vn 0.3370 0.1899 0.9222
vn -0.1292 0.3170 0.9396
vn 0.4862 0.0301 -0.8734
vn 0.8009 -0.1612 -0.5767
vn 0.4220 0.1724 -0.8900
vn 0.1398 0.7772 -0.6136
vn 0.6199 0.7785 0.0981
vn 0.4510 0.8782 -0.1593
vn -0.0152 0.9900 -0.1400
vn 0.1488 -0.8886 0.4338
vn 0.1433 -0.8768 0.4590
vn 0.3497 -0.8907 0.2903
vn 0.4641 0.7579 -0.4584
vn 0.3781 0.6988 -0.6073
vn 0.2580 0.3861 -0.8856
vn -0.2482 -0.9093 0.3341
vn -0.0740 -0.1448 -0.9867
vn 0.0814 0.3643 -0.9277
vn 0.2965 0.3119 -0.9027
vn 0.1407 0.0174 -0.9899
vn 0.3981 0.6872 -0.6076
vn 0.5204 0.5533 -0.6504
vn -0.1499 -0.6113 0.7771
vn -0.0031 -0.9735 0.2289
vn 0.2891 -0.9501 0.1169
vn 0.2140 -0.9708 0.1080
vn 0.5477 0.5876 0.5956
vn 0.5156 0.8466 0.1324
vn -0.2185 0.9209 0.3228
vn -0.2750 0.7374 0.6169
vn 0.1057 0.9786 -0.1766
vn 0.1548 0.9850 0.0760
vn 0.2723 0.8162 0.5096
vn 0.8204 -0.5168 -0.2447
vn 0.5321 -0.6815 -0.5024
vn 0.3286 -0.5151 -0.7916
vn 0.7138 0.1064 -0.6923
vn 0.7652 0.6228 -0.1630
vn 0.9103 -0.0999 0.4018
vn 0.1156 0.4952 0.8611
vn 0.3522 -0.1790 0.9187
vn 0.5192 -0.5045 0.6899
vn 0.3909 0.7887 -0.4745
vn 0.7854 0.4584 -0.4159
vn 0.3965 0.8052 -0.4409
vn 0.5405 0.7053 -0.4587
vn 0.3990 -0.8743 -0.2762
vn 0.4640 0.6723 -0.5767
vn 0.4662 0.8674 0.1740
vn 0.3628 0.9303 0.0544
vn 0.6746 0.7381 0.0094
vn 0.6272 0.7164 -0.3057
vn -0.1337 -0.9725 0.1908
vn 0.3412 -0.9298 0.1382
vn 0.2735 -0.9513 0.1422
vn 0.3681 -0.8733 0.3191
vn -0.0108 -0.5484 0.8361
vn 0.6828 -0.0846 0.7257
vn 0.5635 0.5635 0.6041
vn 0.4406 0.7120 0.5468
vn 0.2916 -0.3684 0.8827
vn -0.0514 0.7433 0.6670
vn -0.4103 -0.2528 0.8762
vn -0.2489 -0.9579 0.1431
vn 0.2775 -0.8652 0.4175
vn 0.4858 -0.7766 0.4012
vn 0.2686 0.9566 0.1129
vn 0.4219 0.8691 0.2581
vn 0.5821 0.7927 0.1809
vn 0.5874 0.8090 0.0191
vn 0.5438 0.8356 0.0782
vn 0.3908 0.9076 -0.1532
vn 0.2332 0.9148 0.3297
vn 0.6576 0.6472 0.3855
vn 0.5468 0.1993 -0.8132
vn 0.1597 0.3869 0.9082
vn 0.4979 -0.8305 0.2495
vn 0.1996 -0.7406 -0.6416
vn 0.1073 0.6450 0.7566
vn -0.3950 -0.3538 0.8478
vn -0.0477 -0.5551 0.8304
vn 0.4009 0.3744 0.8361
vn 0.9373 0.1883 0.2932
vn 0.4048 -0.8802 0.2477
vn -0.3566 -0.9337 0.0327
vn 0.4865 0.8737 -0.0044
vn 0.3823 -0.7326 -0.5632
vn 0.8546 0.2240 -0.4686
vn 0.5612 0.3296 -0.7592
vn 0.0951 -0.6778 -0.7291
vn -0.0077 -0.9986 -0.0531
vn -0.0050 -0.9991 -0.0421
vn -0.0028 -0.9996 -0.0290
vn -0.0033 -0.9996 -0.0277
vn 0.0015 -0.9996 -0.0291
vn -0.0020 -0.9997 -0.0250
vn -0.0030 -0.9997 -0.0234
vn -0.0001 -1.0000 -0.0050
vn -0.0050 -0.9998 -0.0217
vn 0.0020 -1.0000 -0.0087
vn 0.0009 -1.0000 -0.0088
vn -0.0053 -0.9996 -0.0264
vn -0.0159 -0.9998 -0.0080
vn -0.0856 -0.9946 -0.0591
vn -0.4230 -0.8398 0.3403
vn -0.5663 -0.8020 0.1901
vn -0.0260 -0.9993 0.0251
vn -0.6825 -0.7264 -0.0807
vn -0.9448 -0.0732 0.3194
vn -0.9993 0.0206 -0.0300
vn -0.8013 -0.3860 -0.4571
vn -0.8796 0.2077 -0.4280
vn -0.8677 0.2603 -0.4235
vn -0.5279 -0.0306 -0.8487
vn -0.4986 0.3631 -0.7871
vn -0.5121 0.2836 -0.8107
vn -0.5452 0.2823 -0.7893
vn -0.1281 0.3555 -0.9258
vn -0.1312 0.2551 -0.9580
vn -0.1371 0.2457 -0.9596
vn -0.6818 0.1850 -0.7078
vn -0.1813 0.1203 -0.9760
vn -0.7829 0.0438 -0.6205
vn -0.2589 0.0999 -0.9607
vn 0.3183 0.1043 -0.9422
vn 0.1651 0.1319 -0.9774
vn 0.0853 -0.1525 -0.9846
vn 0.6286 0.0200 -0.7775
vn 0.5758 -0.1931 -0.7944
vn 0.0808 -0.0321 -0.9962
vn 0.6471 -0.0086 -0.7623
vn 0.8627 -0.0249 -0.5051
vn 0.8841 -0.1840 -0.4295
vn 0.9337 0.0258 -0.3570
vn 0.6763 0.3150 -0.6659
vn 0.9219 0.2623 -0.2853
vn 0.9811 -0.1876 -0.0468
vn 1.0000 -0.0056 0.0039
vn 0.9871 0.1479 0.0619
vn 0.7360 0.6612 -0.1450
vn 0.8032 0.5384 0.2548
vn 0.9662 -0.0206 0.2571
vn 0.9503 0.0386 0.3089
vn 0.7101 0.4798 0.5154
vn 0.9176 -0.0076 0.3974
vn 0.9678 -0.1775 0.1786
vn 0.9339 -0.1087 0.3407
vn 0.7040 -0.0325 0.7095
vn 0.6734 -0.0303 0.7387
vn 0.3767 0.0150 0.9262
vn 0.3563 -0.0218 0.9341
vn 0.2544 0.0204 0.9669
vn 0.2542 -0.0047 0.9671
vn -0.0353 -0.0291 0.9990
vn -0.0077 -0.0770 0.9970
vn -0.4176 -0.2369 0.8772
vn -0.1823 -0.2111 0.9603
vn -0.5220 -0.4887 0.6991
vn -0.4087 -0.3198 0.8548
vn -0.6391 -0.5871 0.4969
vn -0.6982 -0.3275 0.6366
vn -0.8224 -0.1068 0.5588
vn -0.7820 0.1044 0.6145
vn -0.9752 -0.0296 0.2195
vn -0.9124 0.2936 0.2851
vn -0.8865 0.3759 0.2699
vn -0.9955 0.0201 -0.0929
vn -0.8857 0.4621 -0.0438
vn -0.8541 0.5119 -0.0920
vn -0.9715 -0.0838 0.2216
vn -0.9725 -0.1090 -0.2060
vn -0.7160 0.5369 -0.4461
vn -0.6127 0.5958 -0.5192
vn -0.6899 -0.0705 -0.7204
vn -0.9698 -0.1299 -0.2063
vn -0.6652 -0.0768 -0.7427
vn -0.2735 0.6310 -0.7260
vn -0.2929 0.1071 -0.9501
vn 0.0247 0.7851 -0.6189
vn 0.1667 0.3343 -0.9276
vn 0.3228 0.8948 -0.3083
vn 0.6436 0.4619 -0.6103
vn 0.6424 -0.2699 -0.7173
vn 0.0254 0.7022 -0.7116
vn 0.4982 0.7080 -0.5005
vn 0.1195 0.3274 -0.9373
vn -0.2838 0.6388 -0.7151
vn -0.3598 0.2591 -0.8963
vn -0.8223 0.1248 -0.5551
vn -0.9212 0.3345 -0.1988
vn -0.9688 -0.1365 0.2069
vn -0.6513 0.3275 -0.6845
vn -0.8496 0.5021 -0.1617
vn -0.6292 0.4774 -0.6133
vn -0.8880 -0.4187 -0.1902
vn -0.5550 -0.4499 -0.6997
vn -0.6165 -0.7719 -0.1555
vn -0.3404 -0.7695 -0.5404
vn -0.0284 -0.4834 -0.8749
vn 0.0443 -0.6213 -0.7823
vn -0.4972 -0.4859 -0.7189
vn -0.0223 -0.3238 -0.9459
vn 0.4962 -0.4499 -0.7425
vn 0.4780 -0.5171 -0.7100
vn 0.4586 -0.1573 -0.8746
vn 0.8513 -0.3583 -0.3833
vn 0.8743 -0.0067 -0.4853
vn 0.8529 0.1539 -0.4988
vn 0.8817 0.0725 -0.4662
vn 0.9887 0.1465 0.0313
vn 0.9603 0.2788 0.0098
vn 0.9516 0.3075 0.0039
vn 0.8127 0.3806 0.4413
vn 0.7670 0.4456 0.4618
vn 0.9731 -0.2149 0.0830
vn 0.8725 -0.3830 -0.3034
vn 0.9174 -0.2242 -0.3290
vn 0.6154 -0.6335 -0.4690
vn 0.9774 -0.2081 0.0382
vn 0.9529 0.3033 0.0086
vn 0.8824 0.2405 -0.4043
vn 0.6871 0.2755 -0.6723
vn 0.8480 0.3482 -0.3996
vn 0.8931 0.4488 0.0309
vn 0.7057 0.5001 0.5019
vn 0.6429 0.5563 0.5266
vn 0.8548 0.5174 0.0394
vn 0.8276 0.3972 -0.3966
vn 0.7941 0.4710 -0.3841
vn 0.6792 0.2952 -0.6719
vn 0.7926 0.6030 0.0908
vn 0.5309 0.6557 0.5368
vn 0.2186 0.8711 0.4398
vn 0.5312 0.8393 0.1156
vn 0.5315 0.7821 -0.3254
vn 0.2687 0.9332 -0.2388
vn 0.3041 0.9440 0.1281
vn 0.1921 0.8656 0.4624
vn 0.7390 -0.1768 0.6500
vn 0.9658 -0.0017 0.2593
vn 0.9379 0.1002 -0.3322
vn 0.4978 -0.8666 0.0356
vn 0.5318 -0.8441 -0.0678
vn 0.5228 -0.8344 -0.1744
vn 0.7884 -0.5952 -0.1553
vn 0.6291 -0.7346 -0.2542
vn 0.5318 -0.8371 -0.1286
vn 0.5050 -0.8246 -0.2548
vn 0.7428 -0.6534 0.1462
vn 0.7237 -0.6697 -0.1666
vn 0.8085 -0.2307 -0.5415
vn 0.9749 -0.0248 -0.2211
vn 0.9403 0.2473 -0.2340
vn 0.7384 0.2021 -0.6434
vn 0.7367 0.6431 -0.2090
vn 0.2657 0.9550 -0.1321
vn 0.3189 0.9307 0.1793
vn 0.3657 0.9197 -0.1426
vn 0.7425 0.6214 0.2503
vn 0.8033 0.5680 -0.1789
vn 0.9579 0.0199 0.2862
vn 0.9735 -0.0703 -0.2177
vn 0.8024 -0.2215 -0.5542
vn 0.8650 -0.4633 -0.1925
vn 0.7682 -0.3560 -0.5321
vn 0.6278 -0.2808 -0.7260
vn 0.3505 -0.6598 -0.6647
vn 0.3979 -0.1963 -0.8962
vn 0.0390 -0.7248 -0.6878
vn 0.2529 -0.9536 -0.1631
vn 0.6691 -0.7364 -0.1004
vn 0.2279 -0.9682 0.1037
vn 0.4527 -0.8653 -0.2152
vn -0.7623 -0.6394 0.1002
vn -0.6210 -0.7236 -0.3012
vn -0.4467 -0.4182 -0.7910
vn -0.9069 -0.3246 -0.2685
vn -0.5687 -0.2601 -0.7803
vn -0.1821 -0.0300 -0.9828
vn -0.9193 -0.2637 -0.2920
vn -0.5416 -0.2995 -0.7854
vn -0.8487 -0.4717 -0.2392
vn -0.9862 -0.1636 0.0253
vn -0.9225 -0.3820 0.0564
vn -0.6687 -0.7395 0.0771
vn -0.8705 -0.3142 0.3788
vn -0.6076 -0.6643 0.4353
vn -0.6864 -0.1807 0.7045
vn -0.4155 0.0751 0.9065
vn -0.7565 -0.0443 0.6525
vn -0.4116 0.0168 0.9112
vn -0.9460 -0.1023 0.3077
vn -0.9525 -0.1077 0.2850
vn -0.9713 -0.2339 0.0426
vn -0.8960 -0.2658 0.3557
vn -0.3756 -0.7216 0.5816
vn -0.0045 0.2120 0.9773
vn 0.3239 0.3729 0.8695
vn 0.3335 0.2586 0.9066
vn 0.5369 0.4706 0.7002
vn 0.5775 0.3843 0.7203
vn 0.5849 0.2298 0.7779
vn 0.4934 -0.3464 0.7978
vn 0.8361 0.2770 0.4735
vn 0.7762 -0.0986 0.6227
vn 0.9672 -0.2105 0.1418
vn 0.7866 -0.5396 -0.3003
vn 0.4502 0.6149 -0.6475
vn 0.5046 0.3893 -0.7706
vn 0.4019 0.6738 -0.6200
vn 0.3925 0.5227 -0.7568
vn 0.6021 0.5156 -0.6096
vn 0.3565 0.2114 -0.9101
vn 0.5897 0.1614 -0.7913
vn 0.6107 0.5271 -0.5909
vn 0.4871 0.5519 -0.6768
vn -0.4593 0.5337 -0.7101
vn -0.2713 0.8564 -0.4392
vn -0.1475 0.9878 -0.0503
vn -0.9942 0.0501 -0.0950
vn -0.9743 0.1986 -0.1059
vn -0.9260 0.3771 -0.0163
vn -0.2080 0.9270 0.3121
vn -0.9923 0.1238 -0.0032
vn 0.2975 0.7318 0.6131
vn -0.3322 0.7153 0.6148
vn 0.3378 0.8893 0.3084
vn 0.4584 0.6851 0.5661
vn 0.4793 0.8258 0.2971
vn 0.7162 0.4912 0.4957
vn 0.8003 0.5657 0.1990
vn -0.3887 0.5290 0.7544
vn 0.2988 -0.1262 -0.9459
vn 0.5138 -0.1794 -0.8389
vn 0.2362 -0.3268 -0.9151
vn 0.4001 -0.3892 -0.8297
vn -0.0607 -0.7880 -0.6127
vn 0.0429 -0.7507 -0.6592
vn 0.9457 -0.2926 -0.1414
vn 0.7385 -0.5127 -0.4378
vn 0.3123 -0.9402 -0.1359
vn 0.5327 -0.8416 -0.0884
vn 0.9057 -0.2888 0.3102
vn 0.4982 -0.8645 0.0658
vn 0.7835 -0.3556 0.5096
vn 0.3840 -0.9180 0.0987
vn 0.6319 -0.3814 0.6747
vn 0.1858 -0.9310 0.3142
vn 0.1823 -0.9435 0.2767
vn -0.0817 -0.8755 0.4763
vn -0.0355 -0.9174 0.3963
vn 0.6306 -0.3768 0.6785
vn 0.5227 0.0460 0.8513
vn 0.5479 -0.2260 0.8054
vn 0.6022 -0.0569 0.7963
vn 0.6591 -0.1719 0.7321
vn 0.4233 0.4347 0.7949
vn 0.3913 0.0713 0.9175
vn 0.3130 0.3985 0.8621
vn 0.3743 0.2392 0.8959
vn 0.2389 -0.5260 0.8162
vn 0.3516 0.3449 0.8703
vn 0.4316 -0.0573 0.9003
vn 0.5346 0.0327 0.8445
vn 0.4354 0.3212 0.8410
vn 0.0279 0.9359 0.3511
vn -0.3568 0.6599 -0.6612
vn -0.4696 0.6266 -0.6220
vn -0.3598 0.1009 -0.9276
vn -0.5276 0.1595 -0.8344
vn -0.7279 0.3251 -0.6037
vn -0.4227 0.8308 -0.3622
vn -0.4470 0.8945 0.0109
vn -0.3193 0.7590 -0.5674
vn -0.1153 0.9567 0.2672
vn -0.2551 0.7818 0.5690
vn -0.4095 0.5983 0.6887
vn -0.2247 -0.9415 0.2513
vn 0.0747 -0.6993 0.7109
vn 0.3062 -0.2313 0.9234
vn 0.3442 -0.1137 0.9320
vn 0.2872 -0.2716 0.9186
vn 0.4300 -0.3444 0.8345
vn -0.0544 -0.8542 0.5170
vn -0.1370 -0.9380 0.3185
vn 0.3896 -0.5305 0.7529
vn 0.7987 -0.2179 0.5608
vn 0.9144 -0.2512 0.3173
vn 0.8583 -0.4472 0.2518
vn 0.9472 -0.2607 -0.1868
vn 0.8077 -0.2147 -0.5491
vn 0.4158 -0.6794 -0.6046
vn 0.6681 -0.1818 -0.7215
vn 0.0495 -0.6665 -0.7439
vn 0.4394 -0.1172 -0.8906
vn 0.2514 -0.8263 -0.5041
vn 0.9811 -0.0547 0.1857
vn 0.7982 -0.5939 0.1008
vn 0.8205 -0.2647 0.5066
vn 0.5866 -0.4824 0.6505
vn -0.1879 0.5284 0.8280
vn 0.4054 -0.4541 0.7934
vn -0.2614 0.1510 0.9534
vn 0.3910 -0.5175 0.7612
vn -0.1659 0.0266 0.9858
vn 0.6376 -0.4220 0.6445
vn 0.8809 -0.4674 -0.0742
vn 0.8679 -0.3557 -0.3467
vn -0.0468 -0.7102 -0.7024
vn -0.5299 -0.4026 -0.7464
vn -0.6308 0.0338 0.7752
vn -0.0933 0.2244 0.9700
vn -0.1921 0.5377 0.8210
vn -0.7208 0.3617 0.5913
vn -0.2765 0.6084 0.7440
vn -0.6908 0.4043 0.5994
vn -0.6099 -0.1449 0.7791
vn 0.1685 0.5942 0.7865
vn 0.1008 0.7157 0.6911
vn 0.3813 0.5537 0.7403
vn 0.3645 0.7068 0.6064
vn 0.4458 0.3596 0.8197
vn 0.3102 -0.4821 0.8194
vn 0.3177 -0.2288 0.9202
vn 0.2927 0.8643 0.4091
vn 0.2331 0.9214 0.3110
vn 0.0370 0.9359 0.3504
vn -0.3451 0.8807 0.3245
vn 0.3900 0.2173 0.8948
vn 0.2359 0.2538 0.9381
vn 0.9875 -0.0033 -0.1575
vn 0.3583 0.3274 -0.8743
vn -0.1277 0.0859 -0.9881
vn 0.3479 -0.0138 -0.9374
vn 0.8126 -0.2090 -0.5441
vn 0.8294 0.2684 -0.4899
vn 0.9229 -0.3718 -0.0997
vn 0.9719 0.2054 -0.1149
vn 0.9108 -0.3740 -0.1749
vn 0.9409 0.2700 -0.2044
vn 0.8646 0.4039 -0.2989
vn 0.9081 0.4023 0.1161
vn 0.7044 0.3858 0.5957
vn 0.3887 0.3021 0.8704
vn 0.4001 0.2936 0.8682
vn 0.3556 -0.4522 0.8180
vn 0.1082 -0.9433 0.3137
vn -0.0152 -0.9894 0.1444
vn -0.0207 -0.9998 0.0034
vn -0.0200 -0.9987 -0.0460
vn -0.0485 -0.9984 -0.0286
vn -0.4017 -0.9112 0.0910
vn -0.0193 -0.9988 -0.0446
vn -0.0490 -0.9979 -0.0435
vn -0.4363 -0.8991 -0.0365
vn -0.9159 -0.3137 0.2503
vn -0.9544 -0.2969 0.0318
vn -0.0433 -0.9990 0.0052
vn -0.4017 -0.9035 0.1496
vn -0.8772 -0.2465 0.4120
vn -0.9718 0.2098 0.1075
vn -0.7999 -0.1313 0.5856
vn -0.9284 0.2757 0.2490
vn -0.0059 -0.9999 -0.0111
vn -0.0132 -0.9988 -0.0470
vn -0.0010 -0.9999 -0.0155
vn -0.0124 -0.9987 -0.0492
vn -0.0025 -0.9998 -0.0173
vn -0.0067 -0.9986 -0.0516
vn 0.0006 -0.9998 -0.0202
vn 0.0049 -0.9999 -0.0093
vn 0.0512 -0.9982 -0.0323
vn 0.0587 -0.9982 -0.0118
vn 0.0564 -0.9956 -0.0746
vn 0.3847 -0.9220 -0.0440
vn 0.4185 -0.8473 -0.3269
vn 0.2022 -0.7470 -0.6333
vn 0.0139 -0.9884 -0.1511
vn 0.3506 -0.9327 -0.0848
vn -0.0957 0.9674 0.2346
vn -0.0421 0.8635 0.5026
vn 0.1358 0.9754 0.1735
vn -0.0033 0.9908 -0.1351
vn 0.1815 0.9741 -0.1350
vn -0.1833 0.8553 -0.4847
vn -0.0003 0.8492 -0.5281
vn 0.5916 0.7850 -0.1836
vn -0.3109 0.4880 -0.8156
vn -0.2206 0.4658 -0.8570
vn -0.2116 -0.2516 -0.9444
vn -0.3941 -0.1547 -0.9059
vn 0.7251 -0.6542 -0.2151
vn 0.7171 -0.4044 -0.5677
vn 0.5125 -0.8586 0.0145
vn 0.6058 -0.7287 -0.3193
vn 0.7203 -0.3957 -0.5698
vn 0.2221 -0.8576 -0.4638
vn 0.3585 -0.3386 -0.8700
vn 0.0044 -0.9993 -0.0366
vn 0.0748 -0.8633 -0.4991
vn 0.1377 -0.9902 -0.0243
vn 0.1474 -0.3182 -0.9365
vn -0.1210 -0.8313 -0.5425
vn 0.0166 -0.2735 -0.9617
vn 0.1688 0.1893 -0.9673
vn 0.1217 0.2158 -0.9688
vn -0.4602 -0.1404 -0.8766
vn 0.1075 0.4637 -0.8795
vn 0.0902 0.8390 -0.5365
vn -0.7871 -0.3613 -0.4999
vn -0.7937 -0.0065 -0.6083
vn -0.6522 -0.5480 -0.5238
vn -0.7982 -0.5915 -0.1142
vn -0.7676 -0.6322 -0.1059
vn -0.2640 -0.9629 -0.0553
vn -0.8748 -0.3911 0.2859
vn -0.4640 -0.7778 0.4239
vn -0.0560 -0.9036 0.4248
vn -0.6044 -0.3031 0.7368
vn -0.1864 -0.4112 0.8923
vn 0.1714 -0.8807 0.4415
vn 0.4627 -0.7584 0.4591
vn -0.7117 0.0689 0.6991
vn -0.2571 0.1535 0.9541
vn -0.6882 0.3890 0.6125
vn -0.1498 0.5815 0.7996
vn -0.5025 0.7767 0.3796
vn -0.0068 0.8998 0.4363
vn 0.1022 0.8949 0.4345
vn 0.0547 0.9974 0.0466
vn 0.1081 0.9928 0.0524
vn -0.4725 0.8809 0.0271
vn -0.9472 0.3191 -0.0299
vn -0.9469 0.2566 0.1937
vn -0.7997 0.6001 0.0164
vn -0.9417 0.1314 0.3096
vn -0.9025 0.0329 0.4294
vn -0.8858 -0.0920 0.4549
vn -0.6794 -0.1839 0.7104
vn 0.2148 -0.3144 0.9247
vn -0.8107 -0.4587 0.3637
vn 0.1253 -0.8145 0.5664
vn 0.5287 -0.2704 0.8046
vn 0.5478 -0.6838 0.4820
vn -0.0507 -0.9967 -0.0638
vn 0.5285 -0.8484 0.0296
vn 0.3368 -0.7862 0.5182
vn 0.4410 -0.8975 0.0057
vn -0.2238 -0.7228 -0.6538
vn 0.5367 -0.6892 -0.4868
vn 0.5848 -0.6959 -0.4167
vn 0.2977 -0.9543 -0.0244
vn 0.3175 -0.8051 -0.5010
vn 0.2228 -0.8395 0.4957
vn 0.2708 -0.9610 -0.0556
vn 0.2183 -0.8297 0.5137
vn 0.2519 -0.8141 -0.5232
vn 0.1923 -0.9778 -0.0834
vn 0.2652 -0.3871 -0.8831
vn 0.2467 0.1924 -0.9498
vn 0.2260 0.7280 -0.6472
vn 0.1859 0.7448 -0.6409
vn 0.0125 0.7480 -0.6636
vn 0.1783 0.9480 -0.2635
vn 0.1765 0.9401 -0.2916
vn 0.1071 0.9308 -0.3496
vn -0.5646 0.5452 -0.6196
vn -0.2635 0.8446 -0.4661
vn 0.1925 0.9648 -0.1791
vn 0.1567 0.9763 -0.1494
vn -0.1130 0.9854 -0.1275
vn -0.6125 0.5880 -0.5282
vn -0.5623 0.8181 -0.1210
vn 0.1031 0.9683 0.2275
vn -0.1086 0.9461 0.3050
vn -0.4603 0.8165 0.3487
vn -0.4767 0.8593 -0.1852
vn -0.4098 0.8584 0.3087
vn -0.0861 0.9226 0.3761
vn 0.0652 0.9407 0.3330
vn 0.0937 0.9191 0.3828
vn 0.0946 0.9455 0.3115
vn 0.0912 0.9078 0.4094
vn 0.0802 0.5099 0.8565
vn 0.1054 0.5319 0.8402
vn 0.0691 0.0876 0.9938
vn 0.0712 0.0773 0.9945
vn 0.1017 0.0319 0.9943
vn 0.0642 0.0427 0.9970
vn 0.2262 -0.3375 0.9137
vn 0.1184 -0.3655 0.9232
vn 0.0592 -0.3357 0.9401
vn 0.1446 0.9743 0.1728
vn 0.1568 0.9800 0.1227
vn 0.1952 0.9641 -0.1797
vn 0.3314 0.9285 -0.1677
vn 0.3401 0.9319 0.1261
vn 0.7069 0.6950 -0.1315
vn 0.7155 0.6868 0.1277
vn 0.5675 0.7947 -0.2152
vn 0.4215 0.8975 0.1294
vn -0.5551 0.7483 -0.3633
vn -0.0391 0.8306 -0.5555
vn -0.0900 0.9728 -0.2136
vn -0.3787 0.7012 -0.6041
vn -0.0956 0.9691 0.2272
vn -0.1022 0.9682 -0.2282
vn -0.0118 0.9817 0.1903
vn 0.0763 0.8284 0.5549
vn 0.1698 0.3610 0.9170
vn -0.2564 0.3332 0.9073
vn -0.8170 0.1613 0.5537
vn 0.1961 -0.2663 0.9437
vn -0.1982 -0.2165 0.9560
vn -0.7715 -0.0311 0.6355
vn -0.6700 0.2370 0.7035
vn -0.7543 -0.0146 0.6563
vn -0.0695 -0.7755 0.6276
vn -0.7235 -0.4817 0.4944
vn -0.8654 -0.2930 0.4065
vn -0.6225 -0.7825 -0.0153
vn -0.8756 -0.4825 0.0228
vn -0.4840 -0.6426 -0.5940
vn -0.8701 -0.3155 -0.3787
vn -0.4540 -0.6829 -0.5723
vn -0.7720 -0.0828 -0.6303
vn -0.3155 -0.2262 -0.9216
vn -0.2000 0.1838 -0.9624
vn -0.7260 0.1370 -0.6739
vn -0.1745 0.5668 -0.8051
vn -0.7033 0.3929 -0.5925
vn -0.1431 0.8208 -0.5530
vn 0.0342 0.5837 -0.8112
vn 0.1179 0.1441 -0.9825
vn 0.0221 0.1248 -0.9919
vn -0.2043 0.4969 -0.8434
vn -0.7135 0.0934 -0.6944
vn -0.7693 0.3283 -0.5481
vn 0.1821 -0.3342 -0.9247
vn -0.3490 -0.3211 -0.8804
vn 0.2138 -0.7848 -0.5817
vn -0.1416 -0.7630 -0.6306
vn 0.1605 -0.9869 -0.0183
vn -0.1553 -0.9876 -0.0247
vn -0.5971 -0.7984 -0.0779
vn -0.0787 -0.7740 0.6282
vn -0.2684 -0.9578 -0.1029
vn 0.1729 -0.7938 0.5831
vn 0.0636 -0.2395 0.9688
vn 0.0149 -0.9999 0.0017
vn 0.1236 -0.7964 -0.5919
vn 0.1583 -0.3253 -0.9323
vn -0.3994 -0.1989 -0.8949
vn 0.4341 0.7806 0.4497
vn -0.1494 0.5231 0.8391
vn -0.5943 -0.2077 0.7770
vn -0.5437 -0.8185 0.1856
vn -0.5249 -0.8241 0.2128
vn -0.1302 -0.8821 -0.4526
vn 0.0668 -0.9536 -0.2935
vn 0.1078 -0.9935 -0.0354
vn -0.1521 -0.4385 -0.8858
vn -0.1212 -0.9924 -0.0188
vn 0.0485 -0.6603 -0.7494
vn 0.7411 0.6179 -0.2628
vn 0.6714 0.7299 0.1284
vn 0.3959 0.8610 -0.3193
vn 0.4624 0.8789 0.1166
vn 0.3678 0.6921 -0.6211
vn 0.2745 0.9552 0.1107
vn 0.5652 0.8169 0.1151
vn 0.9975 -0.0284 0.0647
vn 0.7613 -0.6314 -0.1477
vn 0.8035 -0.5953 0.0039
vn 0.8487 -0.4862 0.2082
vn 0.9564 -0.2745 0.0994
vn 0.8820 -0.3613 0.3025
vn 0.7782 -0.4531 0.4348
vn 0.8531 0.1046 0.5112
vn 0.6836 -0.0657 0.7269
vn 0.6493 -0.4712 0.5969
vn 0.4844 0.0282 0.8744
vn 0.3206 0.4514 0.8328
vn 0.1109 0.5264 0.8430
vn 0.5276 -0.3037 0.7934
vn 0.2511 0.3465 0.9038
vn -0.0475 0.6894 0.7228
vn 0.0631 0.4942 0.8670
vn 0.0434 0.4793 0.8766
vn -0.1460 0.7281 0.6698
vn 0.0448 0.4105 0.9108
vn 0.1788 0.2064 0.9620
vn 0.1292 0.2391 0.9624
vn -0.4497 0.4989 0.7409
vn -0.9006 0.1386 0.4119
vn -0.9410 -0.3302 -0.0743
vn -0.9630 -0.2644 -0.0516
vn 0.2273 0.1790 0.9572
vn 0.1643 0.1905 0.9678
vn 0.2226 0.2119 0.9516
vn 0.1038 0.2006 0.9742
vn 0.1531 0.2401 0.9586
vn 0.0983 0.2514 0.9629
vn 0.2295 0.6595 0.7158
vn 0.2008 0.6442 0.7380
vn 0.2412 0.9091 0.3397
vn 0.2591 0.8995 0.3519
vn 0.2090 0.9676 0.1419
vn 0.2826 0.9461 0.1584
vn 0.2106 0.9718 -0.1056
vn 0.3071 0.9453 -0.1100
vn 0.3156 0.9315 -0.1807
vn 0.2911 0.7631 -0.5770
vn 0.1975 0.4056 -0.8925
vn 0.1889 0.3263 -0.9262
vn 0.2444 0.3029 -0.9212
vn 0.2001 0.2968 -0.9337
vn 0.2600 0.3046 -0.9163
vn 0.4809 0.4423 -0.7570
vn 0.5720 0.3131 -0.7582
vn 0.6042 0.6803 -0.4149
vn 0.8389 0.3729 -0.3964
vn 0.5545 0.8170 -0.1584
vn 0.8609 0.4681 -0.1994
vn 0.5437 0.8174 0.1903
vn 0.8524 0.5115 0.1084
vn 0.5410 0.6489 0.5349
vn 0.7834 0.3993 0.4762
vn 0.4115 0.3821 0.8274
vn 0.5281 0.2473 0.8124
vn 0.2674 0.8044 0.5305
vn 0.1922 0.6108 0.7681
vn 0.5393 0.5811 0.6095
vn 0.2577 0.9359 0.2402
vn 0.5984 0.7646 0.2394
vn 0.9331 0.3025 0.1944
vn 0.5417 0.8244 -0.1638
vn 0.8975 0.3805 -0.2231
vn 0.9465 -0.2381 -0.2177
vn 0.7579 0.2634 -0.5968
vn 0.8420 -0.2912 -0.4541
vn 0.7588 -0.5935 -0.2683
vn 0.7682 -0.3525 -0.5344
vn 0.7472 -0.5920 -0.3022
vn 0.6685 -0.7360 -0.1070
vn 0.6906 -0.6722 -0.2669
vn 0.6023 -0.7977 -0.0281
vn 0.2580 -0.7938 0.5507
vn 0.5692 -0.8221 0.0116
vn 0.2594 -0.7716 0.5809
vn -0.0903 -0.4648 0.8808
vn -0.2368 -0.3741 0.8966
vn -0.1697 -0.3878 0.9060
vn 0.1655 -0.6976 0.6971
vn 0.6302 -0.7718 -0.0849
vn 0.6923 -0.0983 -0.7149
vn 0.9486 0.0333 -0.3146
vn 0.6135 -0.7893 -0.0270
vn 0.9559 0.0758 0.2836
vn 0.6521 -0.7462 -0.1337
vn -0.0388 -0.9527 -0.3016
vn -0.1749 -0.8974 -0.4051
vn 0.6978 -0.7044 0.1299
vn 0.1465 -0.7299 -0.6676
vn -0.1466 -0.4986 -0.8544
vn -0.6106 -0.5931 -0.5249
vn -0.9183 0.1211 -0.3770
vn -0.6687 0.7340 0.1188
vn -0.0433 0.9166 0.3974
vn -0.0243 0.4281 0.9034
vn 0.1852 0.8959 0.4037
vn 0.0641 0.4252 0.9028
vn 0.0873 -0.1296 0.9877
vn 0.0562 -0.0320 0.9979
vn 0.3718 0.2683 0.8887
vn 0.1555 -0.1089 0.9818
vn 0.0643 -0.5168 0.8537
vn -0.0564 -0.4465 0.8930
vn -0.1715 -0.8157 0.5524
vn -0.0341 -0.8417 0.5388
vn -0.0787 -0.9030 0.4224
vn -0.5737 -0.7033 0.4197
vn -0.6649 -0.7454 -0.0482
vn -0.4718 -0.7602 0.4467
vn -0.1766 -0.9837 -0.0327
vn -0.6591 -0.6199 -0.4259
vn 0.0957 -0.8678 -0.4875
vn 0.7159 -0.6980 -0.0172
vn 0.7548 -0.5906 -0.2853
vn 0.7282 -0.4527 -0.5146
vn 0.4052 -0.8045 -0.4344
vn 0.1453 -0.6024 -0.7849
vn 0.4546 -0.7809 -0.4284
vn 0.1334 -0.9616 -0.2401
vn 0.0514 -0.9314 -0.3603
vn 0.1625 -0.9859 -0.0398
vn 0.0466 -0.8753 -0.4813
vn 0.5955 -0.8023 -0.0404
vn 0.1662 -0.8927 0.4188
vn 0.6938 -0.6734 0.2552
vn 0.6238 -0.7170 0.3111
vn 0.1312 -0.7290 0.6718
vn 0.4646 -0.7848 0.4102
vn 0.5257 -0.8477 -0.0711
vn 0.6109 -0.6719 -0.4188
vn 0.6727 -0.0684 0.7367
vn 0.5848 0.7036 0.4037
vn 0.6059 0.6560 -0.4502
vn 0.4541 0.2257 -0.8619
vn -0.7259 -0.2928 0.6224
vn -0.9908 -0.1195 0.0637
vn -0.9849 -0.1691 0.0373
vn 0.6432 -0.7327 -0.2224
vn 0.6724 -0.4079 -0.6177
vn 0.7152 -0.4003 -0.5730
vn 0.3449 0.2896 -0.8928
vn 0.4629 0.1568 -0.8724
vn 0.6004 0.1293 -0.7892
vn 0.1901 0.4461 -0.8746
vn 0.3207 0.5200 -0.7916
vn 0.4624 0.7022 -0.5413
vn 0.2903 0.6278 -0.7222
vn 0.2546 0.8840 -0.3921
vn 0.2111 0.9729 -0.0939
vn 0.1824 0.4131 -0.8922
vn 0.1522 0.3829 -0.9112
vn 0.0968 0.5163 -0.8509
vn -0.3151 0.9451 -0.0865
vn -0.2879 0.9503 0.1187
vn -0.8323 0.5535 -0.0300
vn -0.8015 0.5954 0.0550
vn -0.4142 0.9080 -0.0633
vn -0.4093 0.9085 0.0846
vn 0.7843 0.6158 -0.0755
vn 0.8647 0.4816 -0.1425
vn 0.5752 -0.7065 0.4123
vn 0.3563 0.6305 -0.6896
vn 0.1685 0.5621 -0.8097
vn 0.0356 0.0971 -0.9946
vn 0.1142 0.1071 -0.9877
vn 0.0472 -0.3748 -0.9259
vn 0.0664 -0.3780 -0.9234
vn 0.0469 -0.5716 -0.8192
vn 0.0599 -0.5804 -0.8121
vn 0.0647 -0.9005 -0.4301
vn 0.0022 -0.9994 -0.0342
vn 0.0683 -0.9976 -0.0147
vn 0.0707 -0.9974 -0.0118
vn 0.0712 -0.9974 -0.0129
vn 0.0949 -0.9953 -0.0178
vn 0.0400 -0.9897 0.1374
vn 0.0265 -0.9734 0.2275
vn -0.0223 -0.8275 0.5610
vn -0.3756 -0.9256 -0.0474
vn 0.3714 -0.4207 0.8277
vn 0.2396 0.2685 0.9330
vn 0.4959 0.3329 0.8020
vn 0.1181 0.3990 0.9093
vn 0.1233 0.3899 0.9126
vn 0.3902 0.3521 0.8508
vn 0.1419 0.3822 0.9131
vn 0.4815 0.5480 0.6840
vn -0.0422 0.5479 -0.8355
vn -0.0624 0.4671 -0.8820
vn -0.9730 0.1989 0.1168
vn -0.9230 0.2186 0.3166
vn -0.9661 0.1834 0.1815
vn -0.9495 0.1157 0.2918
vn -0.8351 0.0092 0.5500
vn -0.7615 0.2058 0.6146
vn -0.6100 -0.0739 0.7890
vn -0.5419 0.1216 0.8316
vn -0.4084 -0.0875 0.9086
vn -0.3871 0.0889 0.9177
vn -0.3708 0.6240 0.6879
vn -0.2269 0.5893 0.7754
vn 0.3535 0.6374 -0.6847
vn 0.3702 0.5594 -0.7416
vn 0.1416 0.9899 0.0042
vn 0.6227 0.4602 -0.6328
vn 0.2679 0.9630 -0.0304
vn 0.6307 0.7756 -0.0256
vn 0.8493 0.4187 -0.3216
vn 0.5444 0.7121 -0.4434
vn 0.4950 0.8689 -0.0031
vn 0.8970 0.4346 0.0805
vn 0.6500 0.7280 0.2180
vn -0.4323 0.7258 0.5351
vn -0.3763 0.8020 0.4639
vn 0.6514 0.6187 0.4391
vn -0.2883 0.8107 0.5095
vn 0.6441 0.5259 0.5555
vn 0.6237 0.5425 0.5627
vn 0.7810 0.4847 0.3938
vn -0.2490 0.8060 0.5369
vn 0.5659 0.5474 0.6165
vn -0.9668 0.2515 0.0452
vn 0.5904 0.4816 0.6476
vn 0.3980 0.7535 0.5233
vn 0.5676 0.7692 0.2935
vn 0.8101 0.5404 0.2273
vn 0.6800 0.7332 -0.0086
vn 0.7939 -0.5827 -0.1738
vn 0.8642 -0.2610 -0.4302
vn 0.5160 0.8161 -0.2601
vn 0.3162 0.8295 -0.4603
vn 0.6632 -0.6994 -0.2664
vn 0.6424 -0.5881 -0.4914
vn 0.9671 -0.2286 -0.1113
vn 0.8369 -0.2570 -0.4832
vn 0.9303 -0.2206 0.2932
vn 0.8324 -0.2366 0.5011
vn 0.7548 -0.2148 0.6198
vn 0.2051 -0.5710 0.7949
vn 0.0975 0.0024 -0.9952
vn 0.3127 -0.3517 0.8823
vn 0.8330 -0.3622 0.4183
vn 0.8313 -0.1205 0.5427
vn 0.1788 -0.0831 0.9804
vn 0.9513 -0.2945 -0.0908
vn 0.9119 -0.2512 0.3245
vn 0.3843 -0.1516 0.9107
vn 0.3110 -0.0891 0.9462
vn 0.2213 -0.1448 0.9644
vn 0.9859 -0.1645 0.0316
vn 0.7100 -0.1820 0.6802
vn 0.1985 -0.1429 0.9696
vn 0.5512 -0.2554 0.7943
vn 0.2787 -0.1923 0.9409
vn 0.2442 -0.0810 0.9663
vn 0.3075 -0.2249 0.9246
vn 0.7031 -0.0889 0.7055
vn 0.2606 -0.2887 0.9213
vn 0.2901 0.0676 0.9546
vn 0.9045 -0.1549 0.3974
vn 0.6489 -0.3678 -0.6661
vn 0.6326 -0.5014 -0.5903
vn 0.7133 0.0795 -0.6964
vn 0.6874 0.1647 -0.7074
vn 0.2418 0.1930 -0.9509
vn 0.2947 0.0883 -0.9515
vn 0.1665 0.8846 -0.4356
vn 0.6566 0.3086 0.6882
vn 0.4646 -0.4795 0.7445
vn 0.1768 0.5518 -0.8150
vn -0.7095 -0.2708 0.6506
vn 0.9024 0.4308 -0.0089
vn 0.8718 0.4861 0.0612
vn 0.6797 -0.7333 -0.0172
vn 0.3948 -0.1005 0.9133
vn 0.7984 0.1821 0.5739
vn 0.7752 -0.2221 0.5914
vn 0.4854 -0.3241 0.8120
vn 0.5150 0.0574 0.8553
vn 0.4146 -0.3356 0.8458
vn 0.4003 -0.0000 0.9164
vn 0.2315 -0.3634 0.9024
vn 0.3067 -0.0423 0.9509
vn -0.3298 -0.3815 0.8635
vn -0.2626 -0.1302 0.9561
vn 0.4538 -0.6523 0.6071
vn 0.7604 -0.5745 0.3029
vn 0.6065 -0.7950 0.0141
vn 0.6199 -0.6913 0.3713
vn 0.4976 0.0763 0.8640
vn -0.9200 -0.3155 -0.2324
vn 0.1923 -0.9465 0.2592
vn 0.3023 -0.9354 0.1835
vt 0.909285 0.975075
vt 0.905641 0.982339
vt 0.901338 0.975248
vt 0.906990 0.973215
vt 0.920348 0.959935
vt 0.921242 0.965711
vt 0.913560 0.960161
vt 0.207033 0.317163
vt 0.201127 0.324682
vt 0.197123 0.324334
vt 0.198207 0.321542
vt 0.183469 0.325431
vt 0.190664 0.318852
vt 0.180060 0.329985
vt 0.921593 0.969238
vt 0.179406 0.334091
vt 0.960649 0.945605
vt 0.960096 0.949113
vt 0.953177 0.945731
vt 0.957543 0.944499
vt 0.958164 0.940560
vt 0.966789 0.943466
vt 0.949807 0.940791
vt 0.963726 0.952599
vt 0.953058 0.950493
vt 0.950947 0.948336
vt 0.952468 0.954594
vt 0.943904 0.949302
vt 0.957803 0.931973
vt 0.973877 0.937382
vt 0.966107 0.931320
vt 0.976484 0.926183
vt 0.976783 0.931171
vt 0.164653 0.425538
vt 0.157156 0.422661
vt 0.156698 0.415393
vt 0.162693 0.421996
vt 0.160427 0.405321
vt 0.168321 0.415187
vt 0.986883 0.929665
vt 0.986232 0.932664
vt 0.983896 0.921459
vt 0.159634 0.430030
vt 0.167761 0.430035
vt 0.970815 0.919720
vt 0.421204 0.548228
vt 0.422667 0.540523
vt 0.426094 0.537711
vt 0.424582 0.548330
vt 0.419257 0.559417
vt 0.413508 0.566069
vt 0.430787 0.535171
vt 0.434924 0.540479
vt 0.425389 0.551783
vt 0.430551 0.529001
vt 0.789943 0.589584
vt 0.795947 0.579817
vt 0.801823 0.582654
vt 0.795583 0.592299
vt 0.780866 0.600852
vt 0.775101 0.595850
vt 0.538773 0.906469
vt 0.548429 0.903188
vt 0.547199 0.909090
vt 0.538699 0.910815
vt 0.557417 0.268414
vt 0.542459 0.276845
vt 0.535601 0.270059
vt 0.546657 0.257485
vt 0.527803 0.251274
vt 0.531323 0.239852
vt 0.550796 0.242663
vt 0.524785 0.267038
vt 0.580632 0.343546
vt 0.582691 0.337395
vt 0.593525 0.345076
vt 0.589008 0.347310
vt 0.589027 0.352490
vt 0.577365 0.349650
vt 0.595100 0.350180
vt 0.601109 0.352610
vt 0.593223 0.358294
vt 0.598302 0.349009
vt 0.598146 0.343984
vt 0.604530 0.347261
vt 0.584084 0.331735
vt 0.584626 0.324507
vt 0.597063 0.336250
vt 0.605003 0.340440
vt 0.596553 0.329587
vt 0.587901 0.319081
vt 0.592180 0.315284
vt 0.597016 0.325149
vt 0.598341 0.316919
vt 0.603352 0.327176
vt 0.603461 0.333536
vt 0.564915 0.370037
vt 0.577079 0.372479
vt 0.567110 0.384622
vt 0.560808 0.377575
vt 0.553329 0.387143
vt 0.551633 0.376097
vt 0.555119 0.361657
vt 0.635810 0.385946
vt 0.635536 0.379512
vt 0.650702 0.374294
vt 0.643333 0.385626
vt 0.573509 0.396863
vt 0.580763 0.383347
vt 0.599967 0.372189
vt 0.591971 0.385435
vt 0.676806 0.372887
vt 0.680423 0.376201
vt 0.656531 0.384830
vt 0.674275 0.363980
vt 0.616460 0.354665
vt 0.611154 0.338384
vt 0.612889 0.330076
vt 0.618862 0.348367
vt 0.625604 0.358621
vt 0.631683 0.347267
vt 0.642611 0.351522
vt 0.632992 0.363250
vt 0.647012 0.359952
vt 0.632775 0.369153
vt 0.567981 0.293478
vt 0.578497 0.305570
vt 0.570198 0.311965
vt 0.554092 0.296600
vt 0.534770 0.290791
vt 0.537067 0.284011
vt 0.551070 0.290589
vt 0.567195 0.286699
vt 0.552131 0.283088
vt 0.577979 0.293183
vt 0.578375 0.280728
vt 0.622889 0.300510
vt 0.626914 0.294603
vt 0.629758 0.301964
vt 0.626447 0.307001
vt 0.635985 0.302895
vt 0.635665 0.311276
vt 0.585605 0.289756
vt 0.587284 0.295085
vt 0.636420 0.295325
vt 0.530482 0.300173
vt 0.514490 0.296100
vt 0.522196 0.285081
vt 0.527798 0.279288
vt 0.656889 0.327120
vt 0.658924 0.322340
vt 0.680258 0.330980
vt 0.680532 0.336397
vt 0.667630 0.344958
vt 0.652374 0.337436
vt 0.703969 0.334031
vt 0.707517 0.342117
vt 0.689829 0.322408
vt 0.697552 0.317401
vt 0.709993 0.321484
vt 0.676923 0.325366
vt 0.660420 0.314194
vt 0.662418 0.305371
vt 0.676147 0.316422
vt 0.683985 0.309278
vt 0.666807 0.297187
vt 0.689458 0.300387
vt 0.707179 0.300047
vt 0.487354 0.292318
vt 0.491213 0.280251
vt 0.502289 0.263000
vt 0.476760 0.273460
vt 0.484327 0.257170
vt 0.795140 0.369971
vt 0.794661 0.363062
vt 0.813239 0.361403
vt 0.809570 0.366135
vt 0.437107 0.301129
vt 0.448501 0.307161
vt 0.445573 0.319123
vt 0.437225 0.308926
vt 0.469546 0.288495
vt 0.669251 0.287053
vt 0.681389 0.281349
vt 0.701133 0.280153
vt 0.766070 0.326481
vt 0.767202 0.341045
vt 0.741753 0.344066
vt 0.741343 0.329852
vt 0.749410 0.315730
vt 0.767060 0.316622
vt 0.731040 0.319030
vt 0.740116 0.313242
vt 0.724187 0.299065
vt 0.738402 0.299349
vt 0.669854 0.277155
vt 0.493204 0.244303
vt 0.509523 0.247426
vt 0.463992 0.269425
vt 0.472649 0.254113
vt 0.750689 0.299201
vt 0.481980 0.241530
vt 0.523520 0.218829
vt 0.516896 0.233103
vt 0.504092 0.230013
vt 0.512879 0.212869
vt 0.490151 0.228234
vt 0.497027 0.213702
vt 0.517526 0.198440
vt 0.532300 0.203533
vt 0.502943 0.195654
vt 0.563887 0.193747
vt 0.555884 0.190863
vt 0.561641 0.175029
vt 0.567341 0.180045
vt 0.572490 0.179684
vt 0.571045 0.194313
vt 0.566542 0.170797
vt 0.579046 0.194650
vt 0.579452 0.181094
vt 0.649414 0.221458
vt 0.649751 0.230142
vt 0.637044 0.230833
vt 0.633748 0.221127
vt 0.634633 0.216391
vt 0.649917 0.216867
vt 0.570540 0.168111
vt 0.574877 0.163546
vt 0.581779 0.175992
vt 0.618069 0.198462
vt 0.628570 0.198510
vt 0.631455 0.206800
vt 0.621404 0.205196
vt 0.632892 0.213424
vt 0.617235 0.209096
vt 0.610272 0.200036
vt 0.581260 0.162060
vt 0.584263 0.174281
vt 0.588236 0.159097
vt 0.590830 0.165026
vt 0.648701 0.212690
vt 0.645268 0.207194
vt 0.674055 0.232341
vt 0.664982 0.230089
vt 0.665268 0.220850
vt 0.675512 0.224352
vt 0.680633 0.224300
vt 0.681604 0.232198
vt 0.596838 0.148475
vt 0.592232 0.155971
vt 0.589394 0.148322
vt 0.593253 0.145513
vt 0.595232 0.134045
vt 0.601197 0.131972
vt 0.590513 0.135436
vt 0.802981 0.279087
vt 0.788617 0.280142
vt 0.787452 0.262593
vt 0.808851 0.273083
vt 0.455627 0.196669
vt 0.459395 0.183307
vt 0.485764 0.194403
vt 0.476947 0.210474
vt 0.471887 0.222434
vt 0.555009 0.162232
vt 0.562830 0.162521
vt 0.563041 0.157778
vt 0.555872 0.156922
vt 0.577155 0.151509
vt 0.581196 0.151597
vt 0.569953 0.148646
vt 0.559949 0.144693
vt 0.687616 0.188781
vt 0.685623 0.169349
vt 0.691386 0.174054
vt 0.694130 0.182029
vt 0.704015 0.171233
vt 0.710414 0.184502
vt 0.713018 0.193435
vt 0.715584 0.199291
vt 0.685253 0.193234
vt 0.694157 0.206121
vt 0.679421 0.212869
vt 0.675116 0.202434
vt 0.719047 0.204213
vt 0.680865 0.171794
vt 0.586058 0.135383
vt 0.588037 0.125325
vt 0.591473 0.126786
vt 0.595999 0.122549
vt 0.592628 0.118170
vt 0.564917 0.133050
vt 0.571128 0.138377
vt 0.577726 0.135920
vt 0.572865 0.123597
vt 0.663037 0.188635
vt 0.658297 0.175018
vt 0.667334 0.173547
vt 0.668720 0.183767
vt 0.674329 0.171754
vt 0.675168 0.187497
vt 0.669658 0.195493
vt 0.621590 0.127273
vt 0.617472 0.140935
vt 0.607124 0.140573
vt 0.609855 0.125447
vt 0.606751 0.114440
vt 0.601793 0.117505
vt 0.598855 0.107651
vt 0.604655 0.104387
vt 0.612629 0.116501
vt 0.631898 0.119040
vt 0.588390 0.115521
vt 0.594063 0.106239
vt 0.628329 0.111740
vt 0.635933 0.115799
vt 0.571582 0.117614
vt 0.584483 0.107333
vt 0.585615 0.113231
vt 0.582576 0.124539
vt 0.581543 0.135069
vt 0.698832 0.156298
vt 0.543342 0.128588
vt 0.547110 0.119843
vt 0.546816 0.116111
vt 0.640457 0.143673
vt 0.628845 0.140838
vt 0.638067 0.126928
vt 0.645344 0.134209
vt 0.645060 0.124190
vt 0.654959 0.134472
vt 0.651253 0.146105
vt 0.726386 0.154433
vt 0.749929 0.163274
vt 0.734859 0.185770
vt 0.720339 0.171587
vt 0.666696 0.162384
vt 0.657625 0.161462
vt 0.660333 0.150886
vt 0.666995 0.156015
vt 0.671445 0.152175
vt 0.674207 0.160313
vt 0.663820 0.143024
vt 0.681065 0.156797
vt 0.690490 0.145884
vt 0.724788 0.148262
vt 0.676229 0.149027
vt 0.658411 0.129686
vt 0.666390 0.137563
vt 0.647916 0.121472
vt 0.583640 0.100167
vt 0.593916 0.091915
vt 0.593183 0.099607
vt 0.626972 0.097112
vt 0.639568 0.095356
vt 0.639954 0.101985
vt 0.632946 0.106414
vt 0.641375 0.106663
vt 0.638369 0.109216
vt 0.591470 0.105615
vt 0.639557 0.112964
vt 0.630371 0.109999
vt 0.667564 0.131619
vt 0.669708 0.124842
vt 0.693132 0.140428
vt 0.651863 0.103348
vt 0.650555 0.109557
vt 0.649938 0.114445
vt 0.659288 0.125125
vt 0.660359 0.119015
vt 0.756142 0.152288
vt 0.763478 0.170666
vt 0.765207 0.180394
vt 0.751483 0.184825
vt 0.463904 0.090962
vt 0.478589 0.104903
vt 0.474287 0.110901
vt 0.458729 0.094276
vt 0.055060 0.187580
vt 0.057201 0.192534
vt 0.050709 0.193669
vt 0.052232 0.188675
vt 0.049485 0.185849
vt 0.053314 0.182722
vt 0.042362 0.190981
vt 0.505489 0.688630
vt 0.520475 0.676210
vt 0.527190 0.677758
vt 0.512561 0.689648
vt 0.039969 0.202173
vt 0.062198 0.196872
vt 0.055187 0.203490
vt 0.040396 0.206089
vt 0.026081 0.218711
vt 0.020588 0.215884
vt 0.031056 0.194666
vt 0.013775 0.213053
vt 0.039982 0.176123
vt 0.031018 0.176373
vt 0.031652 0.167719
vt 0.038043 0.170164
vt 0.040710 0.159382
vt 0.045075 0.165652
vt 0.050437 0.173028
vt 0.260482 0.908384
vt 0.241219 0.911047
vt 0.252610 0.894519
vt 0.262672 0.902768
vt 0.275950 0.904697
vt 0.273891 0.912140
vt 0.281220 0.899884
vt 0.659293 0.065555
vt 0.658405 0.072478
vt 0.654144 0.077976
vt 0.653042 0.067005
vt 0.658567 0.052944
vt 0.647306 0.057741
vt 0.644544 0.075086
vt 0.125808 0.775590
vt 0.097599 0.785188
vt 0.092736 0.781202
vt 0.113299 0.770340
vt 0.083869 0.775817
vt 0.102365 0.769095
vt 0.035902 0.184394
vt 0.023132 0.186322
vt 0.018322 0.171830
vt 0.014118 0.163855
vt 0.015349 0.155634
vt 0.023298 0.162144
vt 0.073908 0.763259
vt 0.096682 0.765259
vt 0.671273 0.075775
vt 0.669959 0.081245
vt 0.671672 0.067276
vt 0.582811 0.043796
vt 0.580495 0.039924
vt 0.597435 0.029474
vt 0.595028 0.038976
vt 0.585117 0.050122
vt 0.600926 0.046904
vt 0.604509 0.033876
vt 0.048860 0.762001
vt 0.037684 0.737625
vt 0.041007 0.733845
vt 0.055553 0.758315
vt 0.051142 0.783305
vt 0.046034 0.784091
vt 0.060862 0.741752
vt 0.066001 0.744577
vt 0.065532 0.763134
vt 0.044070 0.724575
vt 0.057313 0.783473
vt 0.650231 0.034860
vt 0.634844 0.054804
vt 0.640643 0.042923
vt 0.414350 0.896583
vt 0.417434 0.913859
vt 0.411864 0.914131
vt 0.404840 0.896366
vt 0.403220 0.885612
vt 0.412374 0.885038
vt 0.387102 0.891664
vt 0.386529 0.887169
vt 0.400053 0.901865
vt 0.394575 0.905084
vt 0.396364 0.899770
vt 0.405048 0.915802
vt 0.444407 0.896066
vt 0.459913 0.901401
vt 0.454251 0.914546
vt 0.444337 0.909431
vt 0.384463 0.897128
vt 0.382430 0.904957
vt 0.394759 0.916039
vt 0.473626 0.905168
vt 0.467528 0.921799
vt 0.460643 0.944703
vt 0.444901 0.930974
vt 0.703060 0.861267
vt 0.696095 0.875449
vt 0.687081 0.872640
vt 0.691998 0.861702
vt 0.479194 0.917282
vt 0.474500 0.928887
vt 0.666142 0.867873
vt 0.676043 0.856208
vt 0.421764 0.913334
vt 0.432268 0.940569
vt 0.423162 0.928709
vt 0.411881 0.931563
vt 0.412943 0.948416
vt 0.405242 0.925325
vt 0.397916 0.936325
vt 0.397482 0.927594
vt 0.779211 0.097178
vt 0.791856 0.083257
vt 0.794873 0.092314
vt 0.779902 0.099160
vt 0.768506 0.100805
vt 0.768960 0.109142
vt 0.786411 0.107167
vt 0.660043 0.880524
vt 0.638973 0.873903
vt 0.640481 0.859876
vt 0.225007 0.917586
vt 0.222362 0.900921
vt 0.545761 0.702207
vt 0.546460 0.707298
vt 0.531422 0.701826
vt 0.544473 0.693262
vt 0.561868 0.693854
vt 0.564108 0.701569
vt 0.688565 0.076942
vt 0.688028 0.083703
vt 0.689704 0.067499
vt 0.019279 0.132850
vt 0.027851 0.143254
vt 0.006853 0.137985
vt 0.070770 0.746828
vt 0.068064 0.790156
vt 0.061803 0.785013
vt 0.354006 0.905681
vt 0.350010 0.891720
vt 0.358155 0.890185
vt 0.360893 0.895231
vt 0.370129 0.889202
vt 0.370867 0.892617
vt 0.220443 0.917145
vt 0.218855 0.900759
vt 0.584065 0.701863
vt 0.585537 0.706463
vt 0.562339 0.690859
vt 0.580672 0.694759
vt 0.778310 0.089698
vt 0.766692 0.090890
vt 0.767839 0.083265
vt 0.776406 0.084006
vt 0.781720 0.073399
vt 0.786547 0.076906
vt 0.607231 0.016825
vt 0.613508 0.022899
vt 0.658113 0.035697
vt 0.668071 0.025642
vt 0.671027 0.034952
vt 0.612575 0.005028
vt 0.617525 0.005080
vt 0.290659 0.931287
vt 0.288566 0.923430
vt 0.293140 0.923401
vt 0.292729 0.930662
vt 0.295651 0.934340
vt 0.290701 0.939709
vt 0.298544 0.925377
vt 0.565504 0.709367
vt 0.565092 0.714394
vt 0.568085 0.685105
vt 0.572369 0.683489
vt 0.588562 0.690647
vt 0.559907 0.685937
vt 0.686580 0.911630
vt 0.694862 0.916776
vt 0.690332 0.923751
vt 0.684924 0.916951
vt 0.688056 0.927824
vt 0.680033 0.919300
vt 0.679911 0.911273
vt 0.671331 0.051737
vt 0.657220 0.897779
vt 0.635072 0.889182
vt 0.678202 0.888550
vt 0.674257 0.901264
vt 0.366301 0.912307
vt 0.366046 0.926379
vt 0.351382 0.915353
vt 0.367387 0.936480
vt 0.356863 0.935074
vt 0.342675 0.893937
vt 0.341612 0.915416
vt 0.335758 0.894008
vt 0.347991 0.932840
vt 0.798493 0.064540
vt 0.793821 0.062491
vt 0.798838 0.048628
vt 0.806431 0.048717
vt 0.780643 0.038950
vt 0.789542 0.032238
vt 0.810284 0.055062
vt 0.801635 0.068441
vt 0.687755 0.930773
vt 0.677759 0.926046
vt 0.669583 0.918419
vt 0.671372 0.911000
vt 0.668240 0.922263
vt 0.787944 0.060149
vt 0.792216 0.051255
vt 0.779008 0.046190
vt 0.620736 0.698470
vt 0.605904 0.698166
vt 0.607240 0.691001
vt 0.614678 0.690643
vt 0.618538 0.661097
vt 0.608243 0.662879
vt 0.605273 0.657929
vt 0.616861 0.656046
vt 0.644044 0.658220
vt 0.643459 0.665304
vt 0.296029 0.960594
vt 0.299887 0.940722
vt 0.310331 0.928374
vt 0.301648 0.957572
vt 0.580483 0.739437
vt 0.577983 0.748809
vt 0.557763 0.734492
vt 0.560814 0.726259
vt 0.546808 0.717274
vt 0.546409 0.712005
vt 0.563786 0.719846
vt 0.582922 0.729491
vt 0.568870 0.455976
vt 0.558568 0.457255
vt 0.557352 0.446644
vt 0.570376 0.448661
vt 0.579794 0.455638
vt 0.586433 0.445929
vt 0.336500 0.916612
vt 0.330561 0.903941
vt 0.791443 0.028312
vt 0.805142 0.036557
vt 0.579582 0.598639
vt 0.568056 0.593210
vt 0.573155 0.586820
vt 0.581385 0.592177
vt 0.578954 0.581816
vt 0.586715 0.589596
vt 0.588178 0.600490
vt 0.590268 0.614005
vt 0.585077 0.611906
vt 0.594556 0.600988
vt 0.601716 0.605322
vt 0.596105 0.617384
vt 0.592216 0.587088
vt 0.602679 0.597064
vt 0.608081 0.602611
vt 0.589378 0.464952
vt 0.599023 0.467781
vt 0.591599 0.477642
vt 0.587361 0.472155
vt 0.579629 0.477397
vt 0.579301 0.465579
vt 0.581556 0.485383
vt 0.936912 0.432559
vt 0.906849 0.439071
vt 0.906188 0.430048
vt 0.927287 0.426806
vt 0.424269 0.351665
vt 0.426647 0.354476
vt 0.433995 0.368813
vt 0.431534 0.365584
vt 0.818965 0.888667
vt 0.796244 0.912393
vt 0.785216 0.902087
vt 0.808805 0.882722
vt 0.644696 0.775019
vt 0.644510 0.791925
vt 0.631803 0.789321
vt 0.630831 0.776345
vt 0.628224 0.761223
vt 0.641697 0.761487
vt 0.586134 0.715836
vt 0.586391 0.710773
vt 0.609975 0.716351
vt 0.615133 0.724010
vt 0.628000 0.714414
vt 0.633796 0.722201
vt 0.611592 0.732473
vt 0.584204 0.722856
vt 0.635666 0.740310
vt 0.630143 0.746059
vt 0.646956 0.738412
vt 0.601974 0.759257
vt 0.605280 0.747310
vt 0.603294 0.621145
vt 0.607880 0.610687
vt 0.612792 0.610274
vt 0.608739 0.623911
vt 0.596637 0.584398
vt 0.599685 0.582068
vt 0.608162 0.594713
vt 0.611984 0.590198
vt 0.627212 0.599662
vt 0.620239 0.600240
vt 0.601825 0.578737
vt 0.614308 0.600706
vt 0.618566 0.611401
vt 0.832985 0.588351
vt 0.843995 0.600511
vt 0.840895 0.602307
vt 0.833838 0.595910
vt 0.613008 0.625313
vt 0.627260 0.618583
vt 0.625107 0.629616
vt 0.622671 0.608346
vt 0.628502 0.611568
vt 0.633317 0.593651
vt 0.633667 0.600389
vt 0.630098 0.588202
vt 0.642819 0.747356
vt 0.639031 0.752107
vt 0.650564 0.745323
vt 0.640280 0.756584
vt 0.628634 0.753022
vt 0.650581 0.606691
vt 0.649351 0.610335
vt 0.837484 0.603660
vt 0.831934 0.603850
vt 0.825090 0.591416
vt 0.828005 0.604172
vt 0.821539 0.592320
vt 0.604479 0.473392
vt 0.611214 0.460827
vt 0.615778 0.473288
vt 0.609321 0.479107
vt 0.616742 0.487049
vt 0.608593 0.494202
vt 0.644918 0.641992
vt 0.621072 0.640880
vt 0.645011 0.631200
vt 0.647010 0.620852
vt 0.648277 0.616360
vt 0.652055 0.602132
vt 0.665395 0.717126
vt 0.670236 0.725489
vt 0.678827 0.631569
vt 0.675685 0.645458
vt 0.675862 0.623993
vt 0.674120 0.728514
vt 0.655939 0.751285
vt 0.662117 0.752649
vt 0.659769 0.776334
vt 0.654141 0.775244
vt 0.678940 0.731903
vt 0.683312 0.441824
vt 0.701615 0.436788
vt 0.707793 0.437254
vt 0.689741 0.444537
vt 0.879264 0.439275
vt 0.882408 0.431395
vt 0.663947 0.460349
vt 0.660066 0.455062
vt 0.863313 0.430057
vt 0.867202 0.421387
vt 0.626648 0.491782
vt 0.628400 0.501460
vt 0.611980 0.504263
vt 0.617987 0.498169
vt 0.624957 0.474857
vt 0.629474 0.508130
vt 0.610232 0.507846
vt 0.601300 0.500678
vt 0.616929 0.515261
vt 0.602345 0.526714
vt 0.595374 0.517350
vt 0.874707 0.454925
vt 0.855140 0.447511
vt 0.859891 0.439214
vt 0.875144 0.447979
vt 0.642403 0.481654
vt 0.640069 0.499287
vt 0.844816 0.388640
vt 0.842197 0.372849
vt 0.845308 0.373505
vt 0.848789 0.386058
vt 0.852907 0.397007
vt 0.848686 0.408605
vt 0.637927 0.471657
vt 0.874990 0.464698
vt 0.857774 0.466254
vt 0.848629 0.468430
vt 0.844694 0.448754
vt 0.839057 0.362338
vt 0.838906 0.375831
vt 0.835904 0.379462
vt 0.833475 0.362394
vt 0.886393 0.811845
vt 0.899555 0.808469
vt 0.899957 0.822309
vt 0.885247 0.829662
vt 0.871907 0.822646
vt 0.871060 0.812657
vt 0.818865 0.444185
vt 0.802950 0.442593
vt 0.802654 0.417373
vt 0.812985 0.423553
vt 0.800275 0.403630
vt 0.819041 0.418455
vt 0.825691 0.445365
vt 0.783756 0.414637
vt 0.785339 0.432855
vt 0.781899 0.430467
vt 0.780695 0.417601
vt 0.760691 0.434436
vt 0.755763 0.417919
vt 0.753021 0.415451
vt 0.821767 0.398789
vt 0.830208 0.420231
vt 0.825704 0.418934
vt 0.812293 0.398119
vt 0.780826 0.397904
vt 0.796425 0.388067
vt 0.862770 0.798910
vt 0.865696 0.803832
vt 0.849014 0.806991
vt 0.842883 0.802467
vt 0.837842 0.793936
vt 0.858489 0.792541
vt 0.765540 0.397270
vt 0.773138 0.444634
vt 0.975199 0.761211
vt 0.977363 0.787422
vt 0.959813 0.794534
vt 0.953473 0.765869
vt 0.959673 0.735321
vt 0.977977 0.737776
vt 0.941400 0.758836
vt 0.952109 0.735680
vt 0.828460 0.470016
vt 0.820503 0.464134
vt 0.825140 0.486700
vt 0.813286 0.470237
vt 0.834730 0.510476
vt 0.822508 0.512605
vt 0.812338 0.492829
vt 0.838058 0.489196
vt 0.844270 0.512895
vt 0.835178 0.470406
vt 0.802155 0.473250
vt 0.876256 0.583241
vt 0.865588 0.576254
vt 0.860769 0.551907
vt 0.878096 0.571930
vt 0.898764 0.596756
vt 0.895649 0.575059
vt 0.871444 0.548031
vt 0.752576 0.436031
vt 0.746743 0.437917
vt 0.745779 0.414900
vt 0.792529 0.475736
vt 0.785515 0.460314
vt 0.788334 0.452561
vt 0.775902 0.462590
vt 0.783485 0.479973
vt 0.824905 0.525739
vt 0.834378 0.527152
vt 0.829798 0.536108
vt 0.824606 0.532528
vt 0.822518 0.543702
vt 0.819515 0.537223
vt 0.814684 0.529543
vt 0.882973 0.795653
vt 0.874841 0.793565
vt 0.874804 0.788898
vt 0.882198 0.786752
vt 0.856068 0.556882
vt 0.854883 0.546287
vt 0.855742 0.535756
vt 0.856979 0.517995
vt 0.862487 0.516431
vt 0.920981 0.779711
vt 0.923555 0.786517
vt 0.901829 0.795373
vt 0.907775 0.788693
vt 0.897491 0.789350
vt 0.904160 0.784027
vt 0.918847 0.773522
vt 0.888232 0.800996
vt 0.891040 0.788321
vt 0.852979 0.560066
vt 0.847454 0.548493
vt 0.850342 0.534325
vt 0.751695 0.400030
vt 0.740668 0.415098
vt 0.735535 0.413925
vt 0.746844 0.398838
vt 0.339671 0.670091
vt 0.341134 0.675012
vt 0.319401 0.680167
vt 0.316597 0.675982
vt 0.311691 0.661565
vt 0.338281 0.660112
vt 0.293231 0.680137
vt 0.291651 0.665775
vt 0.852256 0.513965
vt 0.854731 0.515463
vt 0.842302 0.530997
vt 0.840517 0.544718
vt 0.834172 0.540148
vt 0.842373 0.550945
vt 0.812762 0.542698
vt 0.815377 0.548362
vt 0.802685 0.552001
vt 0.806457 0.543575
vt 0.799598 0.538830
vt 0.806746 0.533304
vt 0.792983 0.501174
vt 0.784917 0.505642
vt 0.776961 0.482697
vt 0.767631 0.466880
vt 0.778320 0.509032
vt 0.768408 0.487391
vt 0.793557 0.544469
vt 0.762417 0.470610
vt 0.792776 0.524789
vt 0.801548 0.520438
vt 0.786424 0.531489
vt 0.894166 0.779055
vt 0.888295 0.769486
vt 0.898646 0.768559
vt 0.900696 0.774786
vt 0.799500 0.555358
vt 0.790248 0.547536
vt 0.811947 0.556816
vt 0.808475 0.558929
vt 0.819223 0.553137
vt 0.746456 0.474874
vt 0.755117 0.474031
vt 0.761870 0.490619
vt 0.750744 0.486008
vt 0.752626 0.498794
vt 0.743457 0.489996
vt 0.736480 0.477945
vt 0.759283 0.473093
vt 0.766751 0.488665
vt 0.773767 0.511250
vt 0.769577 0.513489
vt 0.762803 0.517483
vt 0.886381 0.779724
vt 0.878796 0.779243
vt 0.875882 0.771677
vt 0.882651 0.773308
vt 0.882854 0.764675
vt 0.387371 0.654936
vt 0.393848 0.649016
vt 0.405715 0.656285
vt 0.391745 0.662032
vt 0.417306 0.650652
vt 0.409131 0.660067
vt 0.364903 0.666837
vt 0.363789 0.657886
vt 0.404875 0.664115
vt 0.390980 0.665640
vt 0.799176 0.559927
vt 0.787772 0.553906
vt 0.795824 0.567740
vt 0.789089 0.565509
vt 0.778606 0.537888
vt 0.782381 0.534845
vt 0.778479 0.570198
vt 0.779935 0.556023
vt 0.771774 0.539568
vt 0.833212 0.560165
vt 0.840742 0.568482
vt 0.836826 0.570167
vt 0.830533 0.565388
vt 0.821899 0.563288
vt 0.825157 0.558225
vt 0.831821 0.574437
vt 0.910439 0.756403
vt 0.912307 0.763016
vt 0.895164 0.759966
vt 0.423747 0.652154
vt 0.437777 0.652490
vt 0.436153 0.654895
vt 0.424565 0.657115
vt 0.868772 0.772580
vt 0.869866 0.762359
vt 0.784223 0.586636
vt 0.773672 0.591546
vt 0.775387 0.586678
vt 0.782070 0.584330
vt 0.785369 0.576011
vt 0.791120 0.577784
vt 0.775358 0.578746
vt 0.815949 0.566152
vt 0.401156 0.639826
vt 0.396180 0.626854
vt 0.401771 0.621828
vt 0.403943 0.632621
vt 0.410300 0.633111
vt 0.410772 0.642358
vt 0.409276 0.617672
vt 0.537802 0.897568
vt 0.528724 0.889359
vt 0.535545 0.883867
vt 0.542687 0.891624
vt 0.533093 0.874645
vt 0.550052 0.885764
vt 0.550277 0.890948
vt 0.541169 0.895807
vt 0.725051 0.503473
vt 0.733584 0.514648
vt 0.715558 0.522291
vt 0.713711 0.511427
vt 0.703025 0.504261
vt 0.713995 0.491127
vt 0.698817 0.517183
vt 0.312433 0.625262
vt 0.292701 0.621984
vt 0.298137 0.599913
vt 0.312385 0.606778
vt 0.309541 0.588652
vt 0.322857 0.600520
vt 0.331199 0.623786
vt 0.520745 0.882832
vt 0.430592 0.634826
vt 0.436147 0.611089
vt 0.439302 0.616073
vt 0.439809 0.639682
vt 0.436665 0.647332
vt 0.426816 0.645719
vt 0.442818 0.614498
vt 0.445853 0.638556
vt 0.846040 0.585030
vt 0.856759 0.597273
vt 0.856634 0.598906
vt 0.844800 0.594791
vt 0.503743 0.869008
vt 0.509320 0.854979
vt 0.531990 0.862474
vt 0.556722 0.864946
vt 0.558516 0.874782
vt 0.687983 0.452875
vt 0.700429 0.474868
vt 0.685714 0.489638
vt 0.668086 0.472430
vt 0.268837 0.611259
vt 0.276888 0.584370
vt 0.288649 0.575215
vt 0.680098 0.504125
vt 0.662538 0.489625
vt 0.492325 0.653343
vt 0.480314 0.640167
vt 0.489243 0.638408
vt 0.497243 0.647935
vt 0.538583 0.835203
vt 0.536050 0.847560
vt 0.519080 0.840827
vt 0.524782 0.834732
vt 0.521483 0.826377
vt 0.527206 0.824429
vt 0.427835 0.626610
vt 0.432528 0.602653
vt 0.425530 0.601941
vt 0.428969 0.602719
vt 0.425473 0.624651
vt 0.423097 0.617427
vt 0.418052 0.631122
vt 0.417600 0.616544
vt 0.566051 0.879384
vt 0.558899 0.843389
vt 0.557079 0.853848
vt 0.528472 0.821303
vt 0.542106 0.831142
vt 0.558157 0.837489
vt 0.418524 0.549274
vt 0.421743 0.538134
vt 0.426196 0.530006
vt 0.404335 0.566602
vt 0.409947 0.555864
vt 0.413827 0.553111
vt 0.411724 0.561074
vt 0.417483 0.540128
vt 0.408241 0.548695
vt 0.412063 0.538021
vt 0.402398 0.557389
vt 0.392644 0.554335
vt 0.397728 0.548738
vt 0.403637 0.537933
vt 0.384263 0.561616
vt 0.403906 0.574413
vt 0.403485 0.577888
vt 0.379952 0.565459
vt 0.417111 0.579047
vt 0.395793 0.583913
vt 0.375326 0.567468
vt 0.414453 0.599064
vt 0.429786 0.582932
vt 0.420388 0.572736
vt 0.603681 0.889475
vt 0.583320 0.891222
vt 0.582338 0.885094
vt 0.606523 0.879478
vt 0.582992 0.879677
vt 0.605760 0.874351
vt 0.616634 0.886173
vt 0.612978 0.892645
vt 0.543267 0.827516
vt 0.559280 0.829546
vt 0.570579 0.830672
vt 0.575329 0.837218
vt 0.544544 0.817388
vt 0.561486 0.820979
vt 0.414501 0.519026
vt 0.409233 0.526295
vt 0.404568 0.515345
vt 0.408858 0.510984
vt 0.409417 0.503364
vt 0.418122 0.512762
vt 0.400643 0.506018
vt 0.380408 0.546843
vt 0.390199 0.543939
vt 0.358126 0.552348
vt 0.360975 0.549032
vt 0.361987 0.542479
vt 0.378231 0.537696
vt 0.386787 0.537634
vt 0.389842 0.531440
vt 0.393846 0.539205
vt 0.377485 0.525426
vt 0.570836 0.821403
vt 0.389005 0.490242
vt 0.395281 0.472796
vt 0.404658 0.476335
vt 0.397916 0.494467
vt 0.415316 0.474067
vt 0.411135 0.491733
vt 0.579369 0.854667
vt 0.581263 0.845082
vt 0.604491 0.852305
vt 0.603249 0.856775
vt 0.587856 0.837769
vt 0.607213 0.849377
vt 0.580764 0.832435
vt 0.577717 0.823123
vt 0.576428 0.828563
vt 0.583604 0.827021
vt 0.587509 0.819171
vt 0.597109 0.823783
vt 0.595364 0.832978
vt 0.611900 0.845808
vt 0.544154 0.785877
vt 0.534756 0.772976
vt 0.552586 0.774101
vt 0.549195 0.781744
vt 0.570564 0.778576
vt 0.564549 0.785459
vt 0.562797 0.791903
vt 0.543680 0.797645
vt 0.529367 0.788930
vt 0.539398 0.762616
vt 0.556703 0.767428
vt 0.604894 0.895358
vt 0.617089 0.897944
vt 0.606849 0.832410
vt 0.609980 0.824524
vt 0.663783 0.577780
vt 0.664973 0.572526
vt 0.681936 0.579897
vt 0.680371 0.585891
vt 0.371788 0.516304
vt 0.380791 0.506122
vt 0.386333 0.513832
vt 0.392981 0.520429
vt 0.361961 0.527860
vt 0.361052 0.523164
vt 0.363020 0.535734
vt 0.607138 0.810596
vt 0.617070 0.806975
vt 0.616005 0.813554
vt 0.597939 0.811434
vt 0.585916 0.799552
vt 0.576558 0.795610
vt 0.579084 0.788628
vt 0.587183 0.794452
vt 0.585626 0.784596
vt 0.592870 0.793759
vt 0.593248 0.801275
vt 0.598412 0.792080
vt 0.593116 0.780091
vt 0.607190 0.784443
vt 0.606945 0.793838
vt 0.577085 0.773327
vt 0.580935 0.767025
vt 0.596848 0.772929
vt 0.607824 0.776412
vt 0.624668 0.778081
vt 0.618939 0.786922
vt 0.618011 0.782113
vt 0.623193 0.775998
vt 0.265102 0.435998
vt 0.263557 0.429087
vt 0.266031 0.426216
vt 0.271739 0.431158
vt 0.273245 0.445229
vt 0.268402 0.447170
vt 0.358889 0.517497
vt 0.350539 0.521696
vt 0.348553 0.516558
vt 0.266435 0.413270
vt 0.272462 0.413293
vt 0.241035 0.374545
vt 0.239302 0.398171
vt 0.229791 0.392112
vt 0.232743 0.372986
vt 0.225080 0.365042
vt 0.226882 0.349848
vt 0.237012 0.351926
vt 0.244773 0.353545
vt 0.221792 0.390565
vt 0.219961 0.375711
vt 0.260228 0.413734
vt 0.245477 0.397168
vt 0.250629 0.415291
vt 0.245536 0.416192
vt 0.240314 0.417668
vt 0.231493 0.406287
vt 0.227146 0.401079
vt 0.233102 0.484143
vt 0.241216 0.483705
vt 0.246584 0.499215
vt 0.236613 0.499185
vt 0.246515 0.515805
vt 0.238203 0.517809
vt 0.224479 0.520166
vt 0.225648 0.501295
vt 0.221617 0.482778
vt 0.221647 0.400396
vt 0.225642 0.408294
vt 0.191159 0.407996
vt 0.192166 0.419078
vt 0.183399 0.418432
vt 0.184114 0.408913
vt 0.178514 0.417794
vt 0.180102 0.407026
vt 0.188972 0.401876
vt 0.184594 0.396767
vt 0.176188 0.403955
vt 0.173333 0.392387
vt 0.178854 0.387251
vt 0.174742 0.417554
vt 0.170248 0.406466
vt 0.167730 0.394326
vt 0.170773 0.417901
vt 0.187871 0.463973
vt 0.187233 0.476635
vt 0.176783 0.469619
vt 0.182322 0.462550
vt 0.179266 0.453651
vt 0.185926 0.452890
vt 0.175611 0.455197
vt 0.186251 0.494991
vt 0.173379 0.489557
vt 0.169714 0.485450
vt 0.171780 0.467781
vt 0.171697 0.455882
vt 0.740307 0.757448
vt 0.745972 0.770460
vt 0.736798 0.774415
vt 0.733048 0.761463
vt 0.729706 0.777905
vt 0.723718 0.761185
vt 0.096683 0.030220
vt 0.092406 0.030045
vt 0.106962 0.010939
vt 0.106622 0.018488
vt 0.723618 0.781341
vt 0.720448 0.761728
vt 0.810653 0.800439
vt 0.818970 0.807596
vt 0.813848 0.816465
vt 0.803459 0.809930
vt 0.794969 0.794416
vt 0.800384 0.788954
vt 0.796311 0.809062
vt 0.788614 0.799266
vt 0.807122 0.825364
vt 0.798232 0.818568
vt 0.791351 0.814568
vt 0.711790 0.744096
vt 0.716729 0.763333
vt 0.709081 0.746665
vt 0.037338 0.062671
vt 0.039739 0.058909
vt 0.072087 0.063703
vt 0.073081 0.073826
vt 0.059482 0.081703
vt 0.029662 0.068772
vt 0.781243 0.805985
vt 0.005000 0.058356
vt 0.009718 0.056712
vt 0.128032 0.415866
vt 0.131749 0.428152
vt 0.122225 0.432857
vt 0.116412 0.421650
vt 0.896181 0.410904
vt 0.889328 0.413013
vt 0.874735 0.407794
vt 0.890355 0.403787
vt 0.088425 0.151112
vt 0.087520 0.159665
vt 0.081696 0.145258
vt 0.084662 0.143927
vt 0.091524 0.168327
vt 0.085626 0.160591
vt 0.091359 0.162399
vt 0.091565 0.154751
vt 0.978130 0.417633
vt 0.973624 0.415551
vt 0.982996 0.408374
vt 0.985324 0.410952
vt 0.088823 0.168050
vt 0.084500 0.163026
vt 0.979941 0.406894
vt 0.971907 0.411684
vt 0.971031 0.407120
vt 0.979442 0.403970
vt 0.078912 0.157541
vt 0.079193 0.147653
vt 0.052848 0.090287
vt 0.035760 0.078550
vt 0.911721 0.415396
vt 0.909544 0.422559
vt 0.778396 0.825274
vt 0.784061 0.830010
vt 0.778830 0.834620
vt 0.774896 0.828784
vt 0.768496 0.834153
vt 0.765637 0.826552
vt 0.766903 0.820223
vt 0.712721 0.783652
vt 0.731718 0.797583
vt 0.719738 0.794229
vt 0.962472 0.446857
vt 0.971348 0.451328
vt 0.965569 0.476061
vt 0.955138 0.465192
vt 0.707922 0.796180
vt 0.697403 0.788620
vt 0.699107 0.781387
vt 0.789582 0.840341
vt 0.786093 0.844439
vt 0.782026 0.844931
vt 0.766537 0.836019
vt 0.749216 0.819790
vt 0.748705 0.816641
vt 0.747818 0.821843
vt 0.974298 0.955427
vt 0.983093 0.958824
vt 0.971901 0.963599
vt 0.967707 0.960527
vt 0.945279 0.933986
vt 0.955588 0.921427
vt 0.162936 0.445337
vt 0.154937 0.436448
vt 0.166479 0.439988
vt 0.967610 0.955576
vt 0.143030 0.448846
vt 0.135137 0.438949
vt 0.144474 0.433927
vt 0.147702 0.444208
vt 0.750705 0.860379
vt 0.753570 0.849792
vt 0.771248 0.855066
vt 0.764590 0.861653
vt 0.945894 0.963412
vt 0.948415 0.958954
vt 0.960050 0.970130
vt 0.956828 0.965840
vt 0.737816 0.793708
vt 0.751757 0.810404
vt 0.731404 0.805597
vt 0.717550 0.801030
vt 0.759224 0.801522
vt 0.773658 0.813521
vt 0.745887 0.787452
vt 0.930781 0.419196
vt 0.936153 0.424861
vt 0.955385 0.411147
vt 0.956534 0.415615
vt 0.958184 0.419871
vt 0.940511 0.432168
vt 0.706041 0.806867
vt 0.696865 0.802541
vt 0.104242 0.327547
vt 0.110352 0.337440
vt 0.100114 0.344013
vt 0.096040 0.338341
vt 0.931806 0.926394
vt 0.932659 0.947363
vt 0.921440 0.942765
vt 0.927649 0.918860
vt 0.939600 0.958996
vt 0.949012 0.904098
vt 0.182862 0.308467
vt 0.173493 0.318866
vt 0.163180 0.316421
vt 0.171085 0.303498
vt 0.154423 0.316148
vt 0.158604 0.306494
vt 0.921793 0.898926
vt 0.943153 0.896033
vt 0.940588 0.973234
vt 0.138949 0.383745
vt 0.131124 0.359788
vt 0.139556 0.344504
vt 0.148406 0.364209
vt 0.158792 0.334343
vt 0.156462 0.341550
vt 0.704566 0.817078
vt 0.698121 0.814183
vt 0.704567 0.824985
vt 0.696109 0.821697
vt 0.117714 0.329204
vt 0.110395 0.324815
vt 0.689956 0.833796
vt 0.685283 0.830716
vt 0.113510 0.315707
vt 0.120601 0.316072
vt 0.130496 0.334370
vt 0.120181 0.344642
vt 0.715409 0.822889
vt 0.725582 0.825775
vt 0.722499 0.831759
vt 0.715849 0.827993
vt 0.710109 0.833161
vt 0.720057 0.837563
vt 0.692007 0.839587
vt 0.715007 0.816377
vt 0.150433 0.328282
vt 0.146239 0.319497
vt 0.702739 0.845130
vt 0.692315 0.845851
vt 0.163576 0.327214
vt 0.142705 0.332689
vt 0.129398 0.318137
vt 0.135341 0.316896
vt 0.667260 0.843185
vt 0.669582 0.845453
vt 0.660503 0.849652
vt 0.653063 0.848214
vt 0.662320 0.853331
vt 0.652493 0.856950
vt 0.105896 0.281235
vt 0.112930 0.296009
vt 0.108151 0.294079
vt 0.103152 0.285596
vt 0.672341 0.849011
vt 0.663365 0.857040
vt 0.653985 0.860452
vt 0.114141 0.279959
vt 0.119171 0.293463
vt 0.115795 0.294110
vt 0.109662 0.283435
vt 0.670591 0.855124
vt 0.439838 0.358560
vt 0.442242 0.336108
vt 0.453440 0.341168
vt 0.451795 0.356054
vt 0.744008 0.396382
vt 0.745867 0.382415
vt 0.765495 0.383654
vt 0.758420 0.393830
vt 0.474248 0.345280
vt 0.469647 0.360624
vt 0.477984 0.330102
vt 0.497567 0.332514
vt 0.495923 0.349226
vt 0.499097 0.364703
vt 0.459662 0.325061
vt 0.460919 0.313390
vt 0.480964 0.317515
vt 0.483109 0.308946
vt 0.506327 0.313640
vt 0.501748 0.322389
vt 0.463725 0.305665
vt 0.465244 0.297283
vt 0.484759 0.302218
vt 0.449157 0.299710
vt 0.451065 0.293630
vt 0.454823 0.283922
vt 0.437023 0.295998
vt 0.437057 0.287248
vt 0.440003 0.278472
vt 0.446077 0.263220
vt 0.813243 0.350183
vt 0.792254 0.349897
vt 0.791180 0.339045
vt 0.811838 0.340970
vt 0.790348 0.326445
vt 0.809828 0.323874
vt 0.790297 0.315082
vt 0.808389 0.311021
vt 0.460940 0.237700
vt 0.452879 0.253196
vt 0.788362 0.298632
vt 0.806370 0.293150
vt 0.770091 0.299236
vt 0.771825 0.277867
vt 0.772053 0.265650
vt 0.753450 0.281291
vt 0.752867 0.269762
vt 0.751054 0.250246
vt 0.770677 0.246916
vt 0.735714 0.281650
vt 0.733993 0.269935
vt 0.730563 0.248262
vt 0.726510 0.224958
vt 0.747237 0.225268
vt 0.714268 0.268676
vt 0.712115 0.247856
vt 0.705442 0.226339
vt 0.699116 0.215108
vt 0.721963 0.212322
vt 0.694363 0.247975
vt 0.690449 0.229816
vt 0.685856 0.219385
vt 0.682775 0.247214
vt 0.697108 0.267801
vt 0.681172 0.266536
vt 0.670999 0.264197
vt 0.672905 0.246495
vt 0.658872 0.263677
vt 0.662443 0.245189
vt 0.647846 0.261983
vt 0.649993 0.245281
vt 0.638801 0.262172
vt 0.638983 0.247194
vt 0.576049 0.231901
vt 0.566861 0.232062
vt 0.568235 0.214717
vt 0.577313 0.214890
vt 0.554623 0.231959
vt 0.558620 0.213743
vt 0.537191 0.228635
vt 0.547227 0.211270
vt 0.542278 0.185917
vt 0.550563 0.171115
vt 0.524161 0.179583
vt 0.532442 0.161137
vt 0.535462 0.153598
vt 0.507374 0.175081
vt 0.512745 0.153688
vt 0.513968 0.147441
vt 0.514460 0.143422
vt 0.537290 0.148433
vt 0.493830 0.152181
vt 0.493267 0.141354
vt 0.492976 0.137719
vt 0.495272 0.130088
vt 0.516594 0.134852
vt 0.467013 0.137731
vt 0.466911 0.131043
vt 0.470005 0.120787
vt 0.450353 0.128713
vt 0.452867 0.125179
vt 0.756333 0.193043
vt 0.767701 0.185160
vt 0.762117 0.200666
vt 0.743770 0.201320
vt 0.744091 0.197482
vt 0.739866 0.192866
vt 0.762504 0.210106
vt 0.744655 0.208869
vt 0.763465 0.225436
vt 0.778643 0.210908
vt 0.782673 0.223717
vt 0.789854 0.241059
vt 0.465561 0.144961
vt 0.487316 0.169631
vt 0.463148 0.160511
vt 0.779129 0.205392
vt 0.519856 0.123555
vt 0.540476 0.139029
vt 0.499167 0.119156
vt 0.502208 0.111022
vt 0.522088 0.116687
vt 0.523078 0.112332
vt 0.503158 0.107193
vt 0.502564 0.103288
vt 0.523517 0.107746
vt 0.480942 0.099172
vt 0.766940 0.140304
vt 0.768050 0.135073
vt 0.780375 0.129910
vt 0.779390 0.132668
vt 0.770871 0.124808
vt 0.787889 0.122371
vt 0.756664 0.146172
vt 0.753880 0.136052
vt 0.752964 0.124320
vt 0.726830 0.135634
vt 0.726636 0.121898
vt 0.734270 0.108323
vt 0.740737 0.097405
vt 0.697215 0.122312
vt 0.703503 0.105191
vt 0.709962 0.091992
vt 0.682654 0.101145
vt 0.685988 0.090191
vt 0.709622 0.087893
vt 0.742858 0.091576
vt 0.743829 0.087905
vt 0.767597 0.095991
vt 0.711179 0.081469
vt 0.712493 0.073997
vt 0.744751 0.079810
vt 0.746402 0.068073
vt 0.771158 0.069972
vt 0.715393 0.063360
vt 0.690150 0.055787
vt 0.693181 0.041377
vt 0.720504 0.050105
vt 0.749942 0.054572
vt 0.754026 0.043465
vt 0.775249 0.056393
vt 0.724027 0.037864
vt 0.695382 0.030813
vt 0.696539 0.023952
vt 0.725813 0.030450
vt 0.756926 0.034741
vt 0.759272 0.028505
vt 0.725877 0.024026
vt 0.698384 0.014828
vt 0.698076 0.010648
vt 0.726446 0.021234
vt 0.756517 0.024028
vt 0.667636 0.674064
vt 0.669021 0.669668
vt 0.692661 0.682155
vt 0.691548 0.683964
vt 0.661356 0.676547
vt 0.642052 0.694389
vt 0.638673 0.690516
vt 0.658787 0.675201
vt 0.667872 0.680679
vt 0.645574 0.698203
vt 0.623746 0.708064
vt 0.622414 0.702979
vt 0.608212 0.711883
vt 0.607409 0.704745
vt 0.650422 0.702858
vt 0.673984 0.684818
vt 0.680538 0.690489
vt 0.656320 0.708821
vt 0.688040 0.697610
vt 0.701323 0.650850
vt 0.704727 0.634764
vt 0.704675 0.621740
vt 0.693293 0.705064
vt 0.673714 0.617772
vt 0.700746 0.617750
vt 0.696121 0.710539
vt 0.673379 0.614320
vt 0.698463 0.614957
vt 0.698499 0.713427
vt 0.674297 0.610169
vt 0.696855 0.612193
vt 0.701080 0.716375
vt 0.683023 0.732300
vt 0.704827 0.717634
vt 0.688084 0.733760
vt 0.673163 0.756165
vt 0.666183 0.754164
vt 0.673948 0.780166
vt 0.666932 0.779427
vt 0.671127 0.806375
vt 0.664915 0.801068
vt 0.658115 0.796812
vt 0.651344 0.792121
vt 0.192020 0.909964
vt 0.192675 0.900742
vt 0.210882 0.901963
vt 0.212977 0.916321
vt 0.021052 0.701354
vt 0.018837 0.710855
vt 0.019160 0.717655
vt 0.556135 0.669499
vt 0.551869 0.670538
vt 0.035579 0.744447
vt 0.017146 0.726203
vt 0.562632 0.668751
vt 0.544916 0.046494
vt 0.544940 0.052423
vt 0.525386 0.045817
vt 0.526788 0.040973
vt 0.511381 0.034675
vt 0.514304 0.030582
vt 0.523772 0.051355
vt 0.508473 0.042533
vt 0.814244 0.085206
vt 0.807586 0.072655
vt 0.816203 0.077801
vt 0.813408 0.064566
vt 0.820706 0.072760
vt 0.521567 0.069492
vt 0.505064 0.067895
vt 0.800800 0.112648
vt 0.523184 0.093104
vt 0.503408 0.091465
vt 0.546075 0.069890
vt 0.547101 0.092852
vt 0.546716 0.109731
vt 0.568690 0.090342
vt 0.569111 0.109243
vt 0.582731 0.087817
vt 0.583168 0.068787
vt 0.596674 0.065844
vt 0.596147 0.081500
vt 0.567395 0.068550
vt 0.566018 0.054606
vt 0.544645 0.058705
vt 0.563829 0.049190
vt 0.561183 0.045452
vt 0.561969 0.041559
vt 0.577505 0.036116
vt 0.045891 0.761878
vt 0.631983 0.070789
vt 0.641245 0.087463
vt 0.627891 0.087241
vt 0.654934 0.087125
vt 0.653317 0.095859
vt 0.668619 0.088535
vt 0.666147 0.098015
vt 0.664455 0.106252
vt 0.661860 0.113351
vt 0.677846 0.110640
vt 0.673741 0.118473
vt 0.692504 0.130889
vt 0.725696 0.142703
vt 0.938317 0.449664
vt 0.906739 0.454398
vt 0.906649 0.447298
vt 0.937376 0.442446
vt 0.940896 0.457788
vt 0.908096 0.462475
vt 0.945314 0.472993
vt 0.911396 0.478676
vt 0.877685 0.483833
vt 0.919098 0.500811
vt 0.881853 0.511100
vt 0.862713 0.487681
vt 0.856067 0.489535
vt 0.849900 0.490079
vt 0.843399 0.469294
vt 0.839824 0.448062
vt 0.844382 0.489982
vt 0.840201 0.470138
vt 0.836443 0.447382
vt 0.833077 0.420882
vt 0.831141 0.446634
vt 0.825983 0.398894
vt 0.829332 0.397467
vt 0.836612 0.420246
vt 0.837802 0.396810
vt 0.841572 0.417393
vt 0.841658 0.392878
vt 0.845537 0.414519
vt 0.853223 0.812795
vt 0.855505 0.817657
vt 0.851194 0.809380
vt 0.867972 0.807207
vt 0.924618 0.526190
vt 0.891704 0.537052
vt 0.934432 0.552376
vt 0.912394 0.562767
vt 0.944678 0.570697
vt 0.926339 0.577907
vt 0.699730 0.736453
vt 0.714233 0.720401
vt 0.717741 0.721772
vt 0.704941 0.737646
vt 0.721769 0.722141
vt 0.708499 0.740401
vt 0.698746 0.603477
vt 0.678738 0.600206
vt 0.681690 0.596787
vt 0.700409 0.600730
vt 0.684021 0.593672
vt 0.702839 0.598032
vt 0.657460 0.594662
vt 0.660336 0.590838
vt 0.662573 0.587029
vt 0.642044 0.586961
vt 0.644391 0.584982
vt 0.646947 0.581800
vt 0.815981 0.592145
vt 0.819817 0.604710
vt 0.814721 0.603214
vt 0.812447 0.590840
vt 0.963300 0.814515
vt 0.984449 0.808978
vt 0.967690 0.826473
vt 0.929487 0.825300
vt 0.928515 0.816043
vt 0.926997 0.802679
vt 0.899186 0.840868
vt 0.945494 0.861148
vt 0.915845 0.873680
vt 0.924528 0.894683
vt 0.917965 0.896199
vt 0.910474 0.876698
vt 0.953871 0.889618
vt 0.976561 0.851427
vt 0.980007 0.879575
vt 0.905948 0.901768
vt 0.898474 0.884144
vt 0.903896 0.880447
vt 0.912292 0.898450
vt 0.889591 0.865641
vt 0.894402 0.861281
vt 0.898434 0.853151
vt 0.884673 0.852481
vt 0.886527 0.845005
vt 0.562478 0.533350
vt 0.561479 0.524605
vt 0.578108 0.524009
vt 0.581115 0.530683
vt 0.561910 0.516316
vt 0.577414 0.514405
vt 0.589446 0.507036
vt 0.573579 0.507769
vt 0.586398 0.499609
vt 0.596548 0.491461
vt 0.583578 0.491736
vt 0.594026 0.483863
vt 0.572899 0.500135
vt 0.571854 0.492694
vt 0.560782 0.503320
vt 0.561603 0.495687
vt 0.561045 0.483798
vt 0.571273 0.482191
vt 0.559531 0.467530
vt 0.569551 0.466423
vt 0.560086 0.510678
vt 0.853946 0.622751
vt 0.847330 0.614510
vt 0.851194 0.613661
vt 0.858665 0.620775
vt 0.591294 0.575303
vt 0.593097 0.572968
vt 0.588327 0.576836
vt 0.583464 0.578611
vt 0.849273 0.625752
vt 0.844398 0.615972
vt 0.844475 0.628157
vt 0.839271 0.617513
vt 0.839907 0.631157
vt 0.834369 0.619317
vt 0.835176 0.634046
vt 0.828487 0.620717
vt 0.823956 0.605213
vt 0.823839 0.622078
vt 0.818198 0.592553
vt 0.831339 0.636086
vt 0.823255 0.640186
vt 0.819343 0.622947
vt 0.814158 0.645016
vt 0.811309 0.621378
vt 0.808884 0.602814
vt 0.654933 0.598092
vt 0.638044 0.590143
vt 0.676744 0.603810
vt 0.675341 0.607374
vt 0.698356 0.606395
vt 0.696758 0.609392
vt 0.693686 0.735052
vt 0.709601 0.718951
vt 0.687114 0.758260
vt 0.681156 0.756674
vt 0.687766 0.781858
vt 0.681700 0.780728
vt 0.678112 0.811160
vt 0.959692 0.575652
vt 0.933554 0.582474
vt 0.692805 0.759804
vt 0.694874 0.783229
vt 0.951794 0.523123
vt 0.954230 0.550776
vt 0.956909 0.568048
vt 0.950916 0.496437
vt 0.698180 0.664089
vt 0.673203 0.655122
vt 0.671371 0.663502
vt 0.644731 0.650162
vt 0.696171 0.674737
vt 0.625739 0.648170
vt 0.643320 0.668313
vt 0.674375 0.009931
vt 0.674868 0.006005
vt 0.620391 0.664733
vt 0.013236 0.833974
vt 0.020881 0.823050
vt 0.023272 0.825671
vt 0.015810 0.835212
vt 0.612309 0.666199
vt 0.034522 0.806472
vt 0.037627 0.807707
vt 0.041294 0.808509
vt 0.025754 0.828276
vt 0.592787 0.669052
vt 0.596395 0.670659
vt 0.046677 0.808532
vt 0.602164 0.011431
vt 0.591997 0.023314
vt 0.608443 0.005019
vt 0.671589 0.013867
vt 0.778496 0.094268
vt 0.788888 0.081008
vt 0.464489 0.088729
vt 0.567094 0.241967
vt 0.575743 0.242144
vt 0.577123 0.250310
vt 0.567007 0.252197
vt 0.579580 0.258368
vt 0.571642 0.261831
vt 0.580592 0.265843
vt 0.576821 0.268804
vt 0.563755 0.277269
vt 0.633403 0.278838
vt 0.642367 0.280021
vt 0.639137 0.287475
vt 0.629644 0.286492
vt 0.654868 0.282957
vt 0.650434 0.289854
vt 0.648373 0.297480
vt 0.647043 0.304794
vt 0.646574 0.313891
vt 0.644859 0.321949
vt 0.594641 0.299750
vt 0.596268 0.293619
vt 0.639327 0.333037
vt 0.596807 0.305090
vt 0.592066 0.303671
vt 0.607289 0.309937
vt 0.586530 0.303147
vt 0.656345 0.275549
vt 0.645095 0.272908
vt 0.636569 0.271560
vt 0.717745 0.280764
vt 0.769717 0.352584
vt 0.793452 0.357452
vt 0.771212 0.359867
vt 0.745133 0.361560
vt 0.744389 0.354081
vt 0.712764 0.361447
vt 0.712597 0.353458
vt 0.692126 0.358015
vt 0.689952 0.350603
vt 0.673665 0.355872
vt 0.650323 0.367165
vt 0.635059 0.374034
vt 0.610636 0.349287
vt 0.612567 0.357606
vt 0.609553 0.359966
vt 0.606841 0.353937
vt 0.603105 0.358079
vt 0.590501 0.368489
vt 0.583305 0.360270
vt 0.572142 0.358142
vt 0.558951 0.349776
vt 0.561776 0.340592
vt 0.564102 0.332996
vt 0.543453 0.340859
vt 0.543667 0.330900
vt 0.543081 0.322322
vt 0.543071 0.315759
vt 0.565214 0.327478
vt 0.524542 0.324753
vt 0.526380 0.317714
vt 0.527999 0.309219
vt 0.546695 0.308994
vt 0.510785 0.305190
vt 0.566147 0.321010
vt 0.523008 0.333300
vt 0.542626 0.354542
vt 0.521483 0.345391
vt 0.540373 0.369262
vt 0.522694 0.359441
vt 0.537542 0.381329
vt 0.524505 0.368646
vt 0.693873 0.375503
vt 0.717604 0.383964
vt 0.716743 0.394978
vt 0.694639 0.384364
vt 0.693358 0.369229
vt 0.714881 0.376943
vt 0.745571 0.373952
vt 0.714275 0.369209
vt 0.745408 0.367413
vt 0.771480 0.366753
vt 0.771390 0.374430
vt 0.430767 0.326459
vt 0.431593 0.353174
vt 0.693048 0.362900
vt 0.531682 0.388961
vt 0.521738 0.374431
vt 0.814435 0.357435
vt 0.715562 0.808846
vt 0.730352 0.812097
vt 0.727807 0.818775
vt 0.745130 0.826942
vt 0.740553 0.833895
vt 0.764053 0.838374
vt 0.758007 0.842831
vt 0.735978 0.840493
vt 0.731639 0.847119
vt 0.781036 0.847194
vt 0.777763 0.849649
vt 0.798516 0.854326
vt 0.794358 0.857952
vt 0.126049 0.444129
vt 0.138309 0.455594
vt 0.120155 0.447184
vt 0.114840 0.434945
vt 0.800985 0.852617
vt 0.814082 0.860945
vt 0.811116 0.861822
vt 0.819683 0.857955
vt 0.834320 0.864972
vt 0.828669 0.870287
vt 0.825644 0.872427
vt 0.804006 0.850331
vt 0.807615 0.847405
vt 0.824372 0.853976
vt 0.829766 0.849843
vt 0.846183 0.855677
vt 0.840177 0.860063
vt 0.812867 0.843431
vt 0.818153 0.839442
vt 0.835407 0.843612
vt 0.794433 0.837018
vt 0.800350 0.830435
vt 0.822314 0.832768
vt 0.790843 0.824407
vt 0.784539 0.820171
vt 0.827264 0.824378
vt 0.843456 0.828548
vt 0.839356 0.836837
vt 0.859089 0.835069
vt 0.856941 0.840062
vt 0.852535 0.847839
vt 0.765694 0.703002
vt 0.759455 0.722092
vt 0.757028 0.719336
vt 0.762636 0.701594
vt 0.064873 0.041986
vt 0.068342 0.050263
vt 0.039729 0.046057
vt 0.037415 0.039412
vt 0.751348 0.738214
vt 0.746892 0.738756
vt 0.753325 0.717018
vt 0.088936 0.030877
vt 0.071136 0.054991
vt 0.034041 0.050287
vt 0.073773 0.061925
vt 0.040428 0.054900
vt 0.711457 0.742094
vt 0.755926 0.752108
vt 0.749800 0.754307
vt 0.744238 0.741331
vt 0.763686 0.762229
vt 0.754886 0.765237
vt 0.772292 0.772042
vt 0.763133 0.775596
vt 0.755223 0.781166
vt 0.776492 0.786518
vt 0.768173 0.793005
vt 0.783136 0.781473
vt 0.790066 0.777017
vt 0.779503 0.768569
vt 0.785373 0.765109
vt 0.795462 0.773736
vt 0.770964 0.759603
vt 0.777040 0.756638
vt 0.762586 0.749997
vt 0.769052 0.747802
vt 0.758647 0.737756
vt 0.763193 0.737360
vt 0.169351 0.379249
vt 0.165337 0.380563
vt 0.763218 0.722757
vt 0.162520 0.366116
vt 0.165756 0.365539
vt 0.168508 0.365112
vt 0.172960 0.377416
vt 0.157717 0.350166
vt 0.159694 0.350297
vt 0.162702 0.349480
vt 0.169345 0.345478
vt 0.179718 0.359353
vt 0.158807 0.519881
vt 0.162915 0.505635
vt 0.168252 0.503656
vt 0.161097 0.520368
vt 0.171551 0.508247
vt 0.164523 0.524871
vt 0.180051 0.514905
vt 0.180124 0.530511
vt 0.208831 0.332546
vt 0.213826 0.349667
vt 0.197797 0.352199
vt 0.185731 0.338184
vt 0.205873 0.520307
vt 0.203838 0.535769
vt 0.222411 0.533926
vt 0.206663 0.501199
vt 0.203630 0.481663
vt 0.200081 0.465813
vt 0.216028 0.464765
vt 0.227497 0.465382
vt 0.196563 0.451954
vt 0.212871 0.450677
vt 0.228577 0.450418
vt 0.238948 0.450881
vt 0.237963 0.466422
vt 0.211021 0.438873
vt 0.228147 0.438467
vt 0.239807 0.438539
vt 0.248160 0.438171
vt 0.246343 0.451022
vt 0.227077 0.431029
vt 0.239547 0.430064
vt 0.246346 0.429640
vt 0.251435 0.429266
vt 0.252799 0.438015
vt 0.233817 0.419504
vt 0.224133 0.420620
vt 0.217428 0.409178
vt 0.207643 0.419970
vt 0.203802 0.409130
vt 0.200663 0.399644
vt 0.212866 0.400002
vt 0.195580 0.391659
vt 0.210325 0.389471
vt 0.190478 0.380997
vt 0.206732 0.376628
vt 0.186463 0.370996
vt 0.203007 0.366512
vt 0.216753 0.366254
vt 0.209261 0.429752
vt 0.193217 0.429818
vt 0.193709 0.440024
vt 0.184029 0.441463
vt 0.183662 0.429411
vt 0.179145 0.442018
vt 0.178470 0.429451
vt 0.175366 0.442818
vt 0.174993 0.429933
vt 0.171888 0.443187
vt 0.172037 0.430172
vt 0.814066 0.793138
vt 0.804392 0.784149
vt 0.256951 0.437775
vt 0.258406 0.449739
vt 0.252987 0.451044
vt 0.255699 0.429277
vt 0.259720 0.429128
vt 0.261273 0.437090
vt 0.255906 0.414201
vt 0.251717 0.395941
vt 0.257351 0.396265
vt 0.265253 0.396764
vt 0.254782 0.376109
vt 0.262501 0.377830
vt 0.267282 0.379087
vt 0.273180 0.381787
vt 0.270177 0.397235
vt 0.267381 0.359732
vt 0.273461 0.362301
vt 0.279363 0.364927
vt 0.374803 0.500092
vt 0.383603 0.486410
vt 0.279355 0.344520
vt 0.285109 0.347362
vt 0.392450 0.470835
vt 0.285153 0.522753
vt 0.279839 0.508418
vt 0.285528 0.507062
vt 0.290476 0.518568
vt 0.557019 0.754256
vt 0.558760 0.760481
vt 0.538861 0.754251
vt 0.539796 0.750536
vt 0.277961 0.490348
vt 0.281287 0.486598
vt 0.287214 0.500217
vt 0.274201 0.492939
vt 0.267649 0.478200
vt 0.273838 0.476237
vt 0.276836 0.473731
vt 0.265491 0.464067
vt 0.270124 0.462858
vt 0.274909 0.460295
vt 0.263565 0.448676
vt 0.259556 0.465324
vt 0.262776 0.480763
vt 0.256178 0.481632
vt 0.253051 0.465546
vt 0.248754 0.482575
vt 0.245068 0.466171
vt 0.260853 0.498580
vt 0.253474 0.498063
vt 0.262815 0.513576
vt 0.253351 0.515021
vt 0.262717 0.528671
vt 0.253091 0.530264
vt 0.247406 0.531174
vt 0.254467 0.338780
vt 0.250815 0.355264
vt 0.249678 0.337494
vt 0.239206 0.335290
vt 0.235655 0.533108
vt 0.226670 0.334580
vt 0.258929 0.357494
vt 0.247277 0.374987
vt 0.261628 0.340380
vt 0.272088 0.343392
vt 0.272842 0.511630
vt 0.277525 0.527510
vt 0.268477 0.496466
vt 0.368059 0.510311
vt 0.846705 0.823298
vt 0.831784 0.817791
vt 0.836620 0.810294
vt 0.849391 0.819133
vt 0.824848 0.798781
vt 0.861626 0.831963
vt 0.765884 0.704775
vt 0.115716 0.371207
vt 0.101078 0.351119
vt 0.122534 0.393379
vt 0.922400 0.975106
vt 0.906993 0.960797
vt 0.911114 0.943626
vt 0.961246 0.423775
vt 0.945822 0.439780
vt 0.967567 0.427696
vt 0.982249 0.420178
vt 0.972704 0.430648
vt 0.083186 0.130096
vt 0.090578 0.131242
vt 0.077130 0.106913
vt 0.085245 0.110630
vt 0.091117 0.088619
vt 0.078618 0.130065
vt 0.071780 0.105001
vt 0.074637 0.133570
vt 0.068030 0.109735
vt 0.969591 0.403359
vt 0.141200 0.405408
vt 0.149604 0.411189
vt 0.150888 0.422953
vt 0.142095 0.421460
vt 0.152350 0.399688
vt 0.156096 0.451467
vt 0.160987 0.449906
vt 0.618528 0.792742
vt 0.350639 0.524148
vt 0.341367 0.514160
vt 0.344194 0.513676
vt 0.350784 0.528583
vt 0.341492 0.520027
vt 0.607514 0.800820
vt 0.618151 0.799935
vt 0.349392 0.533593
vt 0.341551 0.524174
vt 0.347822 0.538231
vt 0.338063 0.525354
vt 0.644904 0.565633
vt 0.645982 0.569619
vt 0.343366 0.541102
vt 0.642628 0.559252
vt 0.666280 0.566639
vt 0.355471 0.555049
vt 0.339877 0.542674
vt 0.351223 0.557419
vt 0.331926 0.545315
vt 0.370969 0.570578
vt 0.366484 0.574778
vt 0.344544 0.561587
vt 0.389857 0.586675
vt 0.382244 0.590181
vt 0.372999 0.595943
vt 0.360234 0.579190
vt 0.396525 0.606660
vt 0.390163 0.609171
vt 0.385822 0.615663
vt 0.379135 0.622697
vt 0.367435 0.601631
vt 0.391915 0.631991
vt 0.388253 0.639547
vt 0.381637 0.646783
vt 0.372523 0.630483
vt 0.398412 0.644520
vt 0.407726 0.648884
vt 0.420351 0.636947
vt 0.417884 0.645644
vt 0.357885 0.635508
vt 0.347410 0.616090
vt 0.359735 0.607958
vt 0.362201 0.648682
vt 0.339405 0.651831
vt 0.335348 0.640581
vt 0.312313 0.643380
vt 0.313076 0.654888
vt 0.290515 0.654951
vt 0.291429 0.641160
vt 0.263323 0.649391
vt 0.264864 0.632659
vt 0.716715 0.440253
vt 0.727504 0.462647
vt 0.715192 0.465969
vt 0.704026 0.443076
vt 0.725533 0.482858
vt 0.734612 0.495149
vt 0.744013 0.506497
vt 0.753872 0.522850
vt 0.740692 0.528725
vt 0.762181 0.543257
vt 0.744882 0.544716
vt 0.718439 0.545428
vt 0.718475 0.533655
vt 0.695252 0.536682
vt 0.697564 0.528279
vt 0.674195 0.524212
vt 0.676749 0.516058
vt 0.655434 0.513186
vt 0.658147 0.503808
vt 0.304034 0.562546
vt 0.327124 0.573145
vt 0.319459 0.579317
vt 0.298327 0.567915
vt 0.345854 0.587725
vt 0.335479 0.593328
vt 0.334113 0.567909
vt 0.351876 0.582965
vt 0.340897 0.564337
vt 0.310468 0.556940
vt 0.317995 0.551726
vt 0.324839 0.548450
vt 0.645171 0.528375
vt 0.667356 0.540382
vt 0.664077 0.547445
vt 0.640784 0.534156
vt 0.664917 0.556199
vt 0.641150 0.545667
vt 0.687760 0.558469
vt 0.685621 0.565476
vt 0.684055 0.573182
vt 0.707304 0.573493
vt 0.703657 0.579595
vt 0.700645 0.586354
vt 0.731203 0.588964
vt 0.728522 0.597569
vt 0.726639 0.603330
vt 0.698558 0.592537
vt 0.760192 0.600726
vt 0.760454 0.604499
vt 0.562914 0.904079
vt 0.563150 0.898501
vt 0.583524 0.897890
vt 0.549874 0.896561
vt 0.563428 0.892781
vt 0.564316 0.886019
vt 0.581777 0.874186
vt 0.579729 0.868188
vt 0.602702 0.864994
vt 0.603547 0.869712
vt 0.624129 0.868926
vt 0.625787 0.871621
vt 0.626996 0.873725
vt 0.629809 0.876551
vt 0.451124 0.574975
vt 0.441870 0.589875
vt 0.439188 0.586613
vt 0.450499 0.573116
vt 0.435117 0.584965
vt 0.448108 0.570193
vt 0.444388 0.569017
vt 0.628203 0.861980
vt 0.614198 0.842900
vt 0.631645 0.860475
vt 0.633776 0.880146
vt 0.440978 0.568728
vt 0.626696 0.862156
vt 0.440723 0.567859
vt 0.624751 0.863177
vt 0.423332 0.569903
vt 0.441185 0.566197
vt 0.454517 0.594044
vt 0.459177 0.580118
vt 0.462617 0.580877
vt 0.460145 0.594026
vt 0.421650 0.560717
vt 0.464716 0.612163
vt 0.457941 0.614200
vt 0.449310 0.615944
vt 0.449765 0.593199
vt 0.476142 0.626165
vt 0.467775 0.627425
vt 0.455335 0.632845
vt 0.467863 0.643394
vt 0.460229 0.651754
vt 0.458580 0.655592
vt 0.485296 0.662016
vt 0.475897 0.665255
vt 0.477226 0.670185
vt 0.455628 0.659316
vt 0.474758 0.672442
vt 0.472462 0.674179
vt 0.454915 0.663676
vt 0.848807 0.582845
vt 0.857552 0.595263
vt 0.851187 0.580458
vt 0.858449 0.593766
vt 0.854047 0.578942
vt 0.861449 0.595186
vt 0.844604 0.565164
vt 0.848344 0.562300
vt 0.857528 0.578248
vt 0.837053 0.555899
vt 0.832051 0.552405
vt 0.826471 0.548145
vt 0.861461 0.577553
vt 0.867144 0.594517
vt 0.863970 0.595906
vt 0.947936 0.734402
vt 0.933847 0.753033
vt 0.931143 0.749500
vt 0.944921 0.732564
vt 0.927239 0.746126
vt 0.942024 0.730810
vt 0.454131 0.667486
vt 0.470746 0.676808
vt 0.915428 0.768146
vt 0.937110 0.755759
vt 0.950569 0.735454
vt 0.865045 0.577223
vt 0.869966 0.594836
vt 0.871635 0.595539
vt 0.445633 0.591229
vt 0.453574 0.576378
vt 0.455214 0.579175
vt 0.602446 0.860926
vt 0.623291 0.867149
vt 0.624050 0.865136
vt 0.578648 0.861849
vt 0.540395 0.900721
vt 0.801477 0.572040
vt 0.809126 0.573143
vt 0.804530 0.564036
vt 0.811457 0.566613
vt 0.757863 0.593553
vt 0.758268 0.586107
vt 0.733742 0.580536
vt 0.738192 0.573582
vt 0.761688 0.577815
vt 0.710738 0.567205
vt 0.714316 0.560127
vt 0.743349 0.566082
vt 0.689746 0.552801
vt 0.693175 0.544179
vt 0.716189 0.552214
vt 0.671479 0.532300
vt 0.650869 0.521220
vt 0.745369 0.558046
vt 0.767700 0.559346
vt 0.764953 0.569950
vt 0.737338 0.460293
vt 0.727038 0.438754
vt 0.735540 0.438714
vt 0.744849 0.458313
vt 0.263165 0.662101
vt 0.726498 0.411679
vt 0.750440 0.456898
vt 0.742321 0.438050
vt 0.754686 0.454670
vt 0.761156 0.451280
vt 0.404830 0.602355
vt 0.599134 0.801808
vt 0.590735 0.809794
vt 0.580797 0.815221
vt 0.584244 0.807294
vt 0.571415 0.813255
vt 0.573997 0.803840
vt 0.562218 0.811642
vt 0.563404 0.802015
vt 0.544549 0.808377
vt 0.531832 0.812616
vt 0.530678 0.803490
vt 0.431147 0.515778
vt 0.425653 0.523654
vt 0.424531 0.514161
vt 0.432105 0.506708
vt 0.420264 0.501678
vt 0.429426 0.491758
vt 0.420348 0.522288
vt 0.421675 0.531154
vt 0.417066 0.531073
vt 0.430895 0.521995
vt 0.530250 0.816952
vt 0.398910 0.528345
vt 0.853932 0.775983
vt 0.852063 0.769833
vt 0.869726 0.781122
vt 0.855694 0.783898
vt 0.835679 0.786157
vt 0.833418 0.779112
vt 0.814246 0.776285
vt 0.813372 0.773697
vt 0.831641 0.775011
vt 0.812248 0.779773
vt 0.757048 0.399931
vt 0.814520 0.789224
vt 0.364381 0.672995
vt 0.801822 0.496884
vt 0.810797 0.516677
vt 0.893092 0.609460
vt 0.877146 0.597927
vt 0.879893 0.848020
vt 0.879436 0.845102
vt 0.635156 0.458441
vt 0.656615 0.446350
vt 0.631951 0.446923
vt 0.654630 0.443620
vt 0.636033 0.942869
vt 0.648200 0.945660
vt 0.644927 0.951231
vt 0.631984 0.945650
vt 0.676354 0.438535
vt 0.661461 0.949830
vt 0.658956 0.956266
vt 0.695793 0.432075
vt 0.672688 0.952166
vt 0.671183 0.959086
vt 0.436934 0.367985
vt 0.428410 0.354182
vt 0.662829 0.945379
vt 0.674252 0.947726
vt 0.682402 0.950268
vt 0.680043 0.955511
vt 0.676727 0.960898
vt 0.676554 0.939576
vt 0.676913 0.935403
vt 0.685729 0.937948
vt 0.684828 0.942460
vt 0.683789 0.945838
vt 0.675429 0.943574
vt 0.664615 0.941050
vt 0.666030 0.936353
vt 0.653532 0.932637
vt 0.655279 0.928715
vt 0.667489 0.931539
vt 0.651460 0.936973
vt 0.637771 0.935030
vt 0.639866 0.930116
vt 0.650301 0.940567
vt 0.636443 0.938998
vt 0.621666 0.937524
vt 0.624500 0.933934
vt 0.618898 0.939916
vt 0.614069 0.932828
vt 0.616784 0.929490
vt 0.627359 0.929932
vt 0.628981 0.444792
vt 0.617953 0.453368
vt 0.610533 0.445125
vt 0.625325 0.439498
vt 0.603754 0.457537
vt 0.621587 0.461951
vt 0.592841 0.456833
vt 0.598339 0.445194
vt 0.614350 0.927587
vt 0.629372 0.923489
vt 0.641534 0.926083
vt 0.629955 0.921708
vt 0.643019 0.921826
vt 0.655674 0.923490
vt 0.641776 0.916776
vt 0.655889 0.918858
vt 0.666834 0.926307
vt 0.677096 0.930223
vt 0.686454 0.933293
vt 0.638353 0.909148
vt 0.656155 0.914626
vt 0.635816 0.900785
vt 0.656330 0.907579
vt 0.382000 0.936990
vt 0.395160 0.948923
vt 0.380482 0.950455
vt 0.368825 0.951381
vt 0.382356 0.927336
vt 0.380326 0.914736
vt 0.370127 0.901224
vt 0.358555 0.950550
vt 0.630306 0.917308
vt 0.343504 0.934371
vt 0.630832 0.512759
vt 0.607921 0.740756
vt 0.608716 0.642179
vt 0.602180 0.647047
vt 0.595858 0.643278
vt 0.589317 0.640430
vt 0.588735 0.663567
vt 0.582755 0.662084
vt 0.575074 0.660319
vt 0.570203 0.656305
vt 0.583097 0.637381
vt 0.085626 0.810032
vt 0.076857 0.796924
vt 0.090094 0.800798
vt 0.094084 0.812282
vt 0.094904 0.801572
vt 0.100873 0.814013
vt 0.550772 0.664107
vt 0.562279 0.650271
vt 0.550797 0.667698
vt 0.103251 0.787601
vt 0.009699 0.240340
vt 0.006507 0.237874
vt 0.553523 0.646104
vt 0.565406 0.626973
vt 0.574783 0.633500
vt 0.543099 0.666179
vt 0.534129 0.661116
vt 0.543029 0.638521
vt 0.015157 0.241862
vt 0.552346 0.620120
vt 0.575077 0.608997
vt 0.561515 0.604933
vt 0.585692 0.674405
vt 0.581176 0.673028
vt 0.570814 0.706976
vt 0.780699 0.930346
vt 0.771649 0.923214
vt 0.288868 0.968212
vt 0.309464 0.985992
vt 0.302720 0.989149
vt 0.289679 0.951036
vt 0.052697 0.810034
vt 0.291648 0.910839
vt 0.310169 0.918613
vt 0.531234 0.707686
vt 0.286141 0.910045
vt 0.282972 0.915269
vt 0.683568 0.904014
vt 0.688895 0.892615
vt 0.695331 0.895591
vt 0.690087 0.905625
vt 0.703593 0.898554
vt 0.698780 0.910212
vt 0.717259 0.865949
vt 0.709830 0.862184
vt 0.725195 0.852397
vt 0.730390 0.854996
vt 0.464353 0.885975
vt 0.476083 0.890278
vt 0.446386 0.880140
vt 0.432470 0.899160
vt 0.429562 0.881475
vt 0.420631 0.895901
vt 0.418929 0.883289
vt 0.483502 0.916506
vt 0.710725 0.880312
vt 0.703422 0.877508
vt 0.375230 0.896860
vt 0.034073 0.151683
vt 0.430629 0.909061
vt 0.436800 0.914369
vt 0.451643 0.954230
vt 0.044399 0.182009
vt 0.050791 0.178928
vt 0.009490 0.211207
vt 0.649557 0.117711
vt 0.648554 0.159653
vt 0.648993 0.177229
vt 0.637107 0.179543
vt 0.637997 0.158810
vt 0.625418 0.181467
vt 0.625427 0.158957
vt 0.615379 0.182661
vt 0.615614 0.159787
vt 0.608559 0.184341
vt 0.607055 0.161412
vt 0.601272 0.151109
vt 0.605950 0.130908
vt 0.596400 0.160023
vt 0.640892 0.197411
vt 0.654377 0.193944
vt 0.659160 0.202483
vt 0.662973 0.208103
vt 0.665291 0.214172
vt 0.585696 0.149977
vt 0.202136 0.328123
vt 0.190068 0.333732
vt 0.897192 0.976071
vt 0.900261 0.984400
vt 0.687810 0.817941
vt 0.914740 0.592320
vt 0.434212 0.371762
vt 0.424073 0.368627
vt 0.445690 0.377586
vt 0.145949 0.399830
vt 0.146225 0.392220
vt 0.152124 0.386878
vt 0.982224 0.827286
vt 0.976669 0.830118
vt 0.104442 0.673356
vt 0.097338 0.668307
vt 0.098324 0.667700
vt 0.104546 0.671525
vt 0.082671 0.659108
vt 0.083407 0.657802
vt 0.085954 0.657459
vt 0.190217 0.109253
vt 0.194873 0.118542
vt 0.193509 0.120563
vt 0.191138 0.116384
vt 0.196708 0.132837
vt 0.193506 0.130058
vt 0.190397 0.124689
vt 0.083745 0.661910
vt 0.187748 0.116891
vt 0.020878 0.862596
vt 0.018672 0.866421
vt 0.013302 0.862418
vt 0.018752 0.857137
vt 0.016135 0.639119
vt 0.025178 0.643244
vt 0.016179 0.655905
vt 0.010699 0.651989
vt 0.035552 0.649451
vt 0.021639 0.662179
vt 0.028507 0.868705
vt 0.023052 0.871398
vt 0.024864 0.857391
vt 0.025655 0.860976
vt 0.031933 0.863813
vt 0.033013 0.859343
vt 0.044516 0.655753
vt 0.029433 0.664430
vt 0.020576 0.620153
vt 0.031299 0.623565
vt 0.014590 0.614658
vt 0.029323 0.609605
vt 0.007095 0.614335
vt 0.018628 0.897915
vt 0.015854 0.889307
vt 0.019463 0.889395
vt 0.027302 0.893484
vt 0.038275 0.888111
vt 0.029415 0.878116
vt 0.018970 0.880669
vt 0.009625 0.889845
vt 0.010401 0.881431
vt 0.011793 0.901889
vt 0.007673 0.605829
vt 0.019812 0.598956
vt 0.162713 0.102422
vt 0.157634 0.099561
vt 0.163570 0.091473
vt 0.168855 0.100766
vt 0.139001 0.095513
vt 0.141456 0.089324
vt 0.181789 0.088416
vt 0.179638 0.096466
vt 0.163450 0.086287
vt 0.178564 0.100454
vt 0.416177 0.137763
vt 0.423764 0.130072
vt 0.425668 0.132580
vt 0.419562 0.139195
vt 0.431442 0.121145
vt 0.432429 0.125542
vt 0.427616 0.134151
vt 0.411012 0.795614
vt 0.403983 0.808031
vt 0.392477 0.801151
vt 0.403699 0.791088
vt 0.375048 0.789930
vt 0.385018 0.786059
vt 0.379415 0.805538
vt 0.398665 0.783184
vt 0.475487 0.825311
vt 0.482321 0.821527
vt 0.486666 0.829502
vt 0.482459 0.834780
vt 0.488316 0.817300
vt 0.492456 0.827690
vt 0.490398 0.834808
vt 0.503277 0.830115
vt 0.500515 0.836913
vt 0.487989 0.839507
vt 0.477079 0.839858
vt 0.979033 0.372254
vt 0.988735 0.366120
vt 0.986189 0.373997
vt 0.979013 0.377245
vt 0.470097 0.826878
vt 0.462259 0.829689
vt 0.471989 0.841698
vt 0.978891 0.366010
vt 0.987561 0.361065
vt 0.455200 0.833387
vt 0.466704 0.843492
vt 0.460322 0.844204
vt 0.450222 0.838639
vt 0.970142 0.340158
vt 0.976498 0.338373
vt 0.980809 0.349519
vt 0.975276 0.352629
vt 0.977782 0.359737
vt 0.984927 0.355774
vt 0.511628 0.810757
vt 0.504259 0.803106
vt 0.510323 0.795154
vt 0.518729 0.797160
vt 0.517765 0.787748
vt 0.506786 0.788503
vt 0.494344 0.793323
vt 0.953095 0.372518
vt 0.952426 0.379303
vt 0.946016 0.375593
vt 0.940518 0.364742
vt 0.947965 0.387530
vt 0.932636 0.374596
vt 0.910514 0.365178
vt 0.914065 0.361851
vt 0.916842 0.353869
vt 0.967544 0.362446
vt 0.955827 0.361759
vt 0.957056 0.357271
vt 0.965723 0.354263
vt 0.960521 0.341667
vt 0.948961 0.344258
vt 0.943085 0.350470
vt 0.440377 0.821582
vt 0.428522 0.815591
vt 0.432751 0.802598
vt 0.449144 0.814590
vt 0.419024 0.790252
vt 0.425324 0.787470
vt 0.427005 0.800553
vt 0.422322 0.813845
vt 0.418863 0.801067
vt 0.425615 0.825335
vt 0.416818 0.825171
vt 0.405627 0.829087
vt 0.407161 0.822711
vt 0.412314 0.829919
vt 0.955686 0.297145
vt 0.962006 0.296703
vt 0.964260 0.303034
vt 0.955886 0.305103
vt 0.959337 0.312922
vt 0.965873 0.311227
vt 0.955543 0.289902
vt 0.964329 0.290729
vt 0.433936 0.782093
vt 0.415933 0.778715
vt 0.426235 0.770939
vt 0.411922 0.784750
vt 0.933435 0.312164
vt 0.934984 0.317155
vt 0.912828 0.326208
vt 0.914376 0.320974
vt 0.939557 0.327584
vt 0.924524 0.335987
vt 0.888320 0.320177
vt 0.881910 0.327086
vt 0.894378 0.304163
vt 0.901785 0.309664
vt 0.881799 0.306796
vt 0.932824 0.304818
vt 0.913703 0.315713
vt 0.915890 0.306261
vt 0.929643 0.297474
vt 0.908212 0.298526
vt 0.927452 0.288273
vt 0.905559 0.288773
vt 0.886681 0.286435
vt 0.408362 0.754277
vt 0.420014 0.750064
vt 0.393227 0.764268
vt 0.386405 0.748808
vt 0.401088 0.741432
vt 0.425834 0.689413
vt 0.436612 0.692886
vt 0.428154 0.699345
vt 0.421651 0.701158
vt 0.428813 0.710830
vt 0.438029 0.708517
vt 0.413964 0.734498
vt 0.927385 0.278081
vt 0.896320 0.268210
vt 0.916301 0.271453
vt 0.821456 0.319519
vt 0.824399 0.305502
vt 0.848303 0.312216
vt 0.846705 0.324796
vt 0.824584 0.295692
vt 0.842135 0.297102
vt 0.851623 0.295621
vt 0.859786 0.303277
vt 0.869601 0.284071
vt 0.855227 0.282434
vt 0.927906 0.268858
vt 0.379386 0.770550
vt 0.375584 0.756408
vt 0.395492 0.730034
vt 0.382673 0.738362
vt 0.843043 0.280728
vt 0.372019 0.746547
vt 0.368057 0.777587
vt 0.356282 0.785811
vt 0.350425 0.776836
vt 0.363497 0.766555
vt 0.360878 0.754655
vt 0.348283 0.762986
vt 0.343866 0.795651
vt 0.337040 0.783061
vt 0.334409 0.768404
vt 0.336030 0.819316
vt 0.340252 0.827272
vt 0.327477 0.832730
vt 0.324093 0.826647
vt 0.342601 0.834603
vt 0.330045 0.838263
vt 0.318833 0.832139
vt 0.345605 0.841594
vt 0.333790 0.845108
vt 0.951415 0.223856
vt 0.951831 0.215782
vt 0.965305 0.217458
vt 0.962823 0.226267
vt 0.952104 0.211214
vt 0.964477 0.212762
vt 0.239325 0.754940
vt 0.243538 0.745582
vt 0.249801 0.742287
vt 0.243329 0.756347
vt 0.248635 0.759271
vt 0.253855 0.743248
vt 0.971076 0.193357
vt 0.980189 0.194134
vt 0.977235 0.201545
vt 0.967888 0.202196
vt 0.965988 0.209810
vt 0.977235 0.205449
vt 0.270475 0.742842
vt 0.262950 0.742743
vt 0.265805 0.735849
vt 0.272089 0.735484
vt 0.256530 0.741825
vt 0.254353 0.756625
vt 0.260885 0.754220
vt 0.952958 0.207434
vt 0.955420 0.201996
vt 0.938036 0.223776
vt 0.928458 0.225083
vt 0.927966 0.217036
vt 0.937733 0.214921
vt 0.920957 0.223751
vt 0.922717 0.216357
vt 0.266499 0.751947
vt 0.274513 0.755737
vt 0.271323 0.762934
vt 0.266033 0.763856
vt 0.283514 0.767967
vt 0.275432 0.773200
vt 0.269151 0.776359
vt 0.345977 0.715647
vt 0.353700 0.737859
vt 0.345245 0.744530
vt 0.335745 0.719754
vt 0.323022 0.722265
vt 0.330642 0.750777
vt 0.235868 0.763421
vt 0.229269 0.764967
vt 0.237879 0.766504
vt 0.230919 0.769443
vt 0.256661 0.767885
vt 0.253511 0.770098
vt 0.246293 0.773846
vt 0.237006 0.779659
vt 0.922385 0.164549
vt 0.916563 0.180263
vt 0.911873 0.173516
vt 0.914683 0.164898
vt 0.903194 0.162198
vt 0.895248 0.175086
vt 0.893124 0.183627
vt 0.918948 0.186431
vt 0.889229 0.188693
vt 0.924680 0.205082
vt 0.908787 0.197561
vt 0.929266 0.195661
vt 0.885944 0.193355
vt 0.925235 0.164736
vt 0.264157 0.780957
vt 0.271029 0.784925
vt 0.266600 0.789182
vt 0.276646 0.784321
vt 0.274494 0.791825
vt 0.249325 0.783827
vt 0.243213 0.789332
vt 0.255581 0.784607
vt 0.252103 0.797264
vt 0.944501 0.169173
vt 0.939582 0.182901
vt 0.934845 0.177191
vt 0.937071 0.166130
vt 0.930555 0.165335
vt 0.929178 0.180590
vt 0.933957 0.188934
vt 0.984909 0.136343
vt 0.980255 0.123590
vt 0.993026 0.122799
vt 0.995000 0.138040
vt 0.284510 0.781763
vt 0.290319 0.778589
vt 0.294129 0.790219
vt 0.285197 0.792229
vt 0.974322 0.115250
vt 0.990986 0.112202
vt 0.272075 0.798065
vt 0.281846 0.801159
vt 0.968774 0.111375
vt 0.974799 0.107888
vt 0.271014 0.807236
vt 0.250707 0.802835
vt 0.270566 0.802163
vt 0.259853 0.784269
vt 0.262163 0.793085
vt 0.915084 0.148849
vt 0.221114 0.797116
vt 0.225633 0.804658
vt 0.225830 0.808458
vt 0.973839 0.137292
vt 0.962112 0.139620
vt 0.959055 0.129265
vt 0.969639 0.126586
vt 0.960922 0.119640
vt 0.949324 0.129220
vt 0.952243 0.141086
vt 0.858034 0.153532
vt 0.883081 0.146242
vt 0.883226 0.161257
vt 0.869826 0.173641
vt 0.946501 0.155712
vt 0.938544 0.155931
vt 0.938512 0.149821
vt 0.945113 0.144499
vt 0.932214 0.153947
vt 0.934811 0.146504
vt 0.941366 0.137843
vt 0.927080 0.151368
vt 0.885007 0.139584
vt 0.923757 0.139707
vt 0.931294 0.144294
vt 0.939244 0.132242
vt 0.946042 0.124291
vt 0.956930 0.117058
vt 0.271379 0.815884
vt 0.285571 0.811688
vt 0.285672 0.822707
vt 0.300381 0.826068
vt 0.297497 0.818809
vt 0.961968 0.100784
vt 0.963953 0.096936
vt 0.969336 0.101117
vt 0.963686 0.103532
vt 0.281504 0.805357
vt 0.964863 0.107646
vt 0.971189 0.104413
vt 0.939534 0.125043
vt 0.937216 0.119239
vt 0.922136 0.132975
vt 0.954019 0.097759
vt 0.954076 0.103597
vt 0.954455 0.109038
vt 0.945903 0.119204
vt 0.945112 0.114244
vt 0.861572 0.139964
vt 0.157258 0.803295
vt 0.162199 0.812734
vt 0.140336 0.813378
vt 0.137531 0.802934
vt 0.846263 0.138614
vt 0.843762 0.140904
vt 0.056384 0.185049
vt 0.058383 0.186438
vt 0.056639 0.181933
vt 0.061040 0.182568
vt 0.505098 0.684802
vt 0.514558 0.674355
vt 0.498271 0.690745
vt 0.499220 0.686891
vt 0.509250 0.673608
vt 0.061004 0.188388
vt 0.067347 0.188586
vt 0.500706 0.672327
vt 0.490475 0.687821
vt 0.061653 0.162462
vt 0.057056 0.168574
vt 0.053316 0.161892
vt 0.053119 0.156122
vt 0.260433 0.915643
vt 0.250217 0.924230
vt 0.271243 0.918676
vt 0.265497 0.928740
vt 0.326034 0.874974
vt 0.326452 0.876356
vt 0.323011 0.873148
vt 0.329342 0.876246
vt 0.322037 0.878008
vt 0.311479 0.869974
vt 0.963483 0.072400
vt 0.956296 0.075153
vt 0.959387 0.068957
vt 0.966991 0.060419
vt 0.493263 0.671652
vt 0.484216 0.689115
vt 0.476610 0.688896
vt 0.485399 0.672792
vt 0.477596 0.675449
vt 0.475716 0.684544
vt 0.063782 0.174177
vt 0.069130 0.153582
vt 0.070707 0.174834
vt 0.049368 0.139652
vt 0.059303 0.141340
vt 0.051599 0.148199
vt 0.037757 0.123309
vt 0.053656 0.123900
vt 0.943834 0.075946
vt 0.944269 0.070479
vt 0.958752 0.068327
vt 0.944090 0.061431
vt 0.956755 0.060725
vt 0.270695 0.881101
vt 0.272279 0.876784
vt 0.287466 0.878425
vt 0.293062 0.886619
vt 0.273143 0.869604
vt 0.292434 0.869468
vt 0.299507 0.879602
vt 0.046799 0.707156
vt 0.059773 0.711671
vt 0.061768 0.722555
vt 0.045643 0.713158
vt 0.067324 0.703199
vt 0.069690 0.707797
vt 0.067612 0.729317
vt 0.072947 0.712944
vt 0.311141 0.888036
vt 0.414412 0.858142
vt 0.411628 0.873413
vt 0.402595 0.875373
vt 0.408314 0.858420
vt 0.384351 0.882609
vt 0.389898 0.867898
vt 0.396825 0.868156
vt 0.392173 0.873715
vt 0.401735 0.859367
vt 0.465180 0.871769
vt 0.448496 0.867095
vt 0.452390 0.859072
vt 0.469458 0.852551
vt 0.380584 0.877110
vt 0.378079 0.871227
vt 0.391068 0.859321
vt 0.477623 0.876029
vt 0.480513 0.869434
vt 0.753150 0.883751
vt 0.746752 0.867062
vt 0.772631 0.869653
vt 0.777924 0.891193
vt 0.725707 0.885150
vt 0.731444 0.871831
vt 0.738291 0.878158
vt 0.733053 0.890711
vt 0.751026 0.900362
vt 0.420172 0.854557
vt 0.415169 0.846121
vt 0.420237 0.838116
vt 0.404449 0.843732
vt 0.406634 0.832236
vt 0.399542 0.851028
vt 0.391160 0.843255
vt 0.391126 0.850862
vt 0.152236 0.892767
vt 0.144064 0.875881
vt 0.147213 0.874095
vt 0.163977 0.885131
vt 0.838557 0.082983
vt 0.848250 0.089012
vt 0.846885 0.097948
vt 0.836366 0.084068
vt 0.163779 0.862252
vt 0.139499 0.856929
vt 0.746243 0.917688
vt 0.773529 0.908990
vt 0.766726 0.927133
vt 0.226630 0.935828
vt 0.259427 0.942155
vt 0.251863 0.939342
vt 0.234047 0.945836
vt 0.928592 0.078077
vt 0.927275 0.070978
vt 0.928212 0.061727
vt 0.071378 0.731000
vt 0.050550 0.101969
vt 0.044225 0.102506
vt 0.971974 0.584630
vt 0.969996 0.583945
vt 0.984552 0.569533
vt 0.985794 0.574176
vt 0.351522 0.877961
vt 0.358652 0.885387
vt 0.370631 0.885274
vt 0.220180 0.935563
vt 0.221652 0.966425
vt 0.217092 0.962253
vt 0.211209 0.955021
vt 0.849534 0.078249
vt 0.839572 0.075618
vt 0.840220 0.069696
vt 0.849313 0.070156
vt 0.831832 0.064909
vt 0.836839 0.059483
vt 0.304276 0.897669
vt 0.318893 0.892623
vt 0.947146 0.031943
vt 0.948291 0.024792
vt 0.957175 0.020264
vt 0.957381 0.026916
vt 0.314221 0.904245
vt 0.320934 0.899791
vt 0.286887 0.934934
vt 0.283668 0.928744
vt 0.283548 0.942451
vt 0.278534 0.936958
vt 0.251439 0.961295
vt 0.244175 0.957369
vt 0.202089 0.942262
vt 0.205910 0.937766
vt 0.203280 0.960804
vt 0.211663 0.929957
vt 0.703470 0.921521
vt 0.699638 0.926452
vt 0.700265 0.932618
vt 0.708256 0.925848
vt 0.945736 0.046665
vt 0.956067 0.047012
vt 0.758123 0.941559
vt 0.735319 0.931419
vt 0.728030 0.909246
vt 0.720378 0.922833
vt 0.358641 0.869665
vt 0.343447 0.870626
vt 0.362036 0.859335
vt 0.360029 0.851569
vt 0.347755 0.856022
vt 0.332412 0.873856
vt 0.338100 0.858536
vt 0.826612 0.046533
vt 0.822780 0.046927
vt 0.817923 0.032597
vt 0.823181 0.034537
vt 0.840196 0.027663
vt 0.843185 0.021601
vt 0.818398 0.050079
vt 0.810950 0.039688
vt 0.698083 0.935689
vt 0.714456 0.931561
vt 0.710922 0.936393
vt 0.708126 0.939276
vt 0.829405 0.036918
vt 0.832769 0.045862
vt 0.842596 0.034203
vt 0.806806 0.032469
vt 0.818798 0.023941
vt 0.951239 0.613893
vt 0.951717 0.622599
vt 0.946153 0.624205
vt 0.946350 0.613684
vt 0.962148 0.645553
vt 0.954740 0.646980
vt 0.281529 0.954249
vt 0.277113 0.969479
vt 0.267311 0.971043
vt 0.272395 0.951055
vt 0.787767 0.939230
vt 0.792873 0.947003
vt 0.772087 0.952464
vt 0.767528 0.947544
vt 0.266156 0.946522
vt 0.258197 0.965500
vt 0.245638 0.982426
vt 0.253123 0.986762
vt 0.548443 0.459991
vt 0.546276 0.452876
vt 0.538408 0.464020
vt 0.531677 0.449172
vt 0.535987 0.443818
vt 0.842782 0.017821
vt 0.558001 0.587425
vt 0.564387 0.582217
vt 0.566108 0.576203
vt 0.553160 0.581415
vt 0.541926 0.588593
vt 0.537669 0.585923
vt 0.553531 0.574728
vt 0.905710 0.618014
vt 0.895706 0.624928
vt 0.889301 0.619153
vt 0.901275 0.613169
vt 0.569732 0.571984
vt 0.893303 0.630357
vt 0.886491 0.626677
vt 0.521238 0.477945
vt 0.530230 0.474461
vt 0.532455 0.481590
vt 0.528596 0.486792
vt 0.540324 0.474817
vt 0.541286 0.486093
vt 0.539134 0.493043
vt 0.430956 0.396607
vt 0.435303 0.380288
vt 0.441128 0.399421
vt 0.447361 0.399632
vt 0.437251 0.375827
vt 0.826924 0.898567
vt 0.806720 0.922628
vt 0.834107 0.879934
vt 0.839635 0.894303
vt 0.841861 0.907313
vt 0.830799 0.912439
vt 0.226788 0.972268
vt 0.231312 0.975347
vt 0.206447 0.995000
vt 0.208480 0.988720
vt 0.845832 0.955493
vt 0.832363 0.958895
vt 0.831679 0.950409
vt 0.849788 0.946753
vt 0.802940 0.957065
vt 0.825013 0.942996
vt 0.806704 0.960406
vt 0.838528 0.925066
vt 0.845295 0.928519
vt 0.855501 0.926848
vt 0.813983 0.932272
vt 0.910939 0.623529
vt 0.902188 0.629257
vt 0.903051 0.633209
vt 0.914013 0.628325
vt 0.872734 0.621800
vt 0.885719 0.632257
vt 0.869840 0.624747
vt 0.895094 0.648129
vt 0.880086 0.635519
vt 0.895097 0.641264
vt 0.866497 0.627739
vt 0.893886 0.635673
vt 0.905498 0.638317
vt 0.883933 0.645042
vt 0.875540 0.639112
vt 0.916239 0.630979
vt 0.921761 0.639386
vt 0.912430 0.645318
vt 0.906232 0.647613
vt 0.902777 0.642487
vt 0.895465 0.653965
vt 0.886736 0.654560
vt 0.843650 0.916895
vt 0.849442 0.921075
vt 0.857098 0.919068
vt 0.843239 0.912529
vt 0.833394 0.919568
vt 0.905892 0.669776
vt 0.909344 0.667676
vt 0.872552 0.642614
vt 0.870081 0.647547
vt 0.868286 0.651666
vt 0.883153 0.659645
vt 0.508218 0.473120
vt 0.514515 0.482061
vt 0.508316 0.485404
vt 0.502710 0.478894
vt 0.499322 0.489651
vt 0.508909 0.497535
vt 0.932204 0.633345
vt 0.939038 0.650967
vt 0.928648 0.654940
vt 0.919264 0.660862
vt 0.914788 0.663790
vt 0.901798 0.672724
vt 0.879924 0.931153
vt 0.878499 0.940543
vt 0.949367 0.675182
vt 0.939091 0.679319
vt 0.931712 0.681921
vt 0.860216 0.911092
vt 0.883000 0.927597
vt 0.854490 0.888383
vt 0.865724 0.907649
vt 0.849509 0.891166
vt 0.885787 0.922729
vt 0.455450 0.421871
vt 0.445267 0.423680
vt 0.437309 0.426942
vt 0.464312 0.444812
vt 0.457998 0.448558
vt 0.448074 0.451271
vt 0.487950 0.501694
vt 0.489078 0.491143
vt 0.498016 0.498511
vt 0.504557 0.504535
vt 0.491779 0.480713
vt 0.507292 0.509154
vt 0.487864 0.507399
vt 0.517004 0.503256
vt 0.521073 0.524906
vt 0.502907 0.520368
vt 0.526325 0.516684
vt 0.429756 0.456571
vt 0.421064 0.431269
vt 0.428580 0.432290
vt 0.438953 0.453182
vt 0.476776 0.501417
vt 0.473256 0.484888
vt 0.486868 0.514525
vt 0.472633 0.505631
vt 0.461342 0.484503
vt 0.478345 0.471900
vt 0.302922 0.231606
vt 0.293463 0.231740
vt 0.284390 0.216036
vt 0.302596 0.216917
vt 0.302957 0.209232
vt 0.282970 0.207008
vt 0.482596 0.521275
vt 0.495103 0.527752
vt 0.479867 0.539736
vt 0.472915 0.527376
vt 0.465637 0.563786
vt 0.465487 0.549513
vt 0.474625 0.558507
vt 0.461963 0.533797
vt 0.274958 0.168255
vt 0.276075 0.181337
vt 0.256109 0.176369
vt 0.250032 0.163281
vt 0.237788 0.165192
vt 0.252424 0.182325
vt 0.276474 0.189117
vt 0.261465 0.147756
vt 0.241903 0.146260
vt 0.244293 0.142247
vt 0.260356 0.141524
vt 0.261869 0.118285
vt 0.246163 0.113821
vt 0.241723 0.109130
vt 0.252308 0.191037
vt 0.234906 0.182455
vt 0.232798 0.174340
vt 0.252653 0.187879
vt 0.226085 0.147177
vt 0.217692 0.161557
vt 0.395943 0.456895
vt 0.390826 0.451165
vt 0.411915 0.440320
vt 0.414152 0.448368
vt 0.383673 0.445170
vt 0.399776 0.430549
vt 0.227720 0.120995
vt 0.274695 0.131833
vt 0.888420 0.688724
vt 0.904107 0.709155
vt 0.890920 0.725392
vt 0.874987 0.699859
vt 0.919001 0.723911
vt 0.912350 0.743479
vt 0.908699 0.751685
vt 0.890266 0.741977
vt 0.297368 0.180948
vt 0.303945 0.187265
vt 0.321588 0.182956
vt 0.303584 0.171845
vt 0.349655 0.178012
vt 0.348353 0.187596
vt 0.327571 0.168393
vt 0.348525 0.196660
vt 0.326170 0.194250
vt 0.305169 0.194030
vt 0.306068 0.159717
vt 0.422539 0.207959
vt 0.427261 0.218650
vt 0.411949 0.220250
vt 0.391727 0.204839
vt 0.439060 0.243600
vt 0.416202 0.240314
vt 0.388163 0.217715
vt 0.258863 0.108083
vt 0.259869 0.102081
vt 0.240957 0.099893
vt 0.306246 0.148849
vt 0.280917 0.149576
vt 0.289090 0.144798
vt 0.289429 0.133164
vt 0.308930 0.138498
vt 0.367925 0.185340
vt 0.365557 0.175452
vt 0.372349 0.174949
vt 0.377734 0.178307
vt 0.383880 0.170949
vt 0.376114 0.168634
vt 0.366522 0.165423
vt 0.376602 0.467096
vt 0.377251 0.460237
vt 0.370735 0.457866
vt 0.365976 0.465041
vt 0.388278 0.199483
vt 0.400189 0.200951
vt 0.376333 0.203501
vt 0.351895 0.212325
vt 0.353114 0.206606
vt 0.863875 0.739286
vt 0.867235 0.747437
vt 0.853619 0.752647
vt 0.846249 0.751608
vt 0.355968 0.478687
vt 0.363831 0.484327
vt 0.355349 0.487204
vt 0.349415 0.482625
vt 0.342302 0.492879
vt 0.347179 0.495998
vt 0.454972 0.570663
vt 0.456606 0.558894
vt 0.361440 0.473837
vt 0.379787 0.475218
vt 0.404563 0.195789
vt 0.393648 0.190723
vt 0.376184 0.197873
vt 0.240076 0.095783
vt 0.224278 0.107499
vt 0.226068 0.101222
vt 0.239275 0.089621
vt 0.381950 0.417518
vt 0.379010 0.414603
vt 0.394828 0.400329
vt 0.396510 0.404273
vt 0.373905 0.408154
vt 0.388098 0.390685
vt 0.235537 0.076751
vt 0.219943 0.086345
vt 0.354334 0.203917
vt 0.352107 0.201817
vt 0.369823 0.192110
vt 0.381493 0.183970
vt 0.390620 0.184256
vt 0.396821 0.184649
vt 0.387967 0.162161
vt 0.377783 0.162052
vt 0.379552 0.156937
vt 0.389116 0.152420
vt 0.369407 0.158398
vt 0.372349 0.151127
vt 0.332756 0.145354
vt 0.310245 0.130797
vt 0.336363 0.136250
vt 0.292528 0.123618
vt 0.338581 0.129389
vt 0.313214 0.121641
vt 0.376974 0.143906
vt 0.295541 0.117562
vt 0.354948 0.152502
vt 0.358883 0.144597
vt 0.363421 0.136815
vt 0.341744 0.462853
vt 0.347626 0.471014
vt 0.341584 0.474306
vt 0.337559 0.472604
vt 0.380450 0.140743
vt 0.390595 0.147525
vt 0.402992 0.155124
vt 0.401364 0.156752
vt 0.396288 0.162701
vt 0.297693 0.109208
vt 0.297935 0.099762
vt 0.309418 0.104308
vt 0.315783 0.115010
vt 0.323749 0.104655
vt 0.312389 0.095792
vt 0.299561 0.090128
vt 0.297451 0.113815
vt 0.313763 0.119718
vt 0.339835 0.124633
vt 0.341836 0.120191
vt 0.344519 0.112825
vt 0.357961 0.460619
vt 0.354239 0.466432
vt 0.348710 0.460507
vt 0.351502 0.456137
vt 0.337535 0.455809
vt 0.328888 0.442565
vt 0.336848 0.438250
vt 0.339992 0.444620
vt 0.330634 0.448012
vt 0.329083 0.456096
vt 0.333248 0.456229
vt 0.353117 0.426086
vt 0.357260 0.430165
vt 0.345076 0.446434
vt 0.385910 0.137628
vt 0.394790 0.144160
vt 0.403126 0.140692
vt 0.401970 0.134121
vt 0.365469 0.132379
vt 0.367250 0.128023
vt 0.401391 0.125318
vt 0.388112 0.127330
vt 0.369343 0.121822
vt 0.419425 0.179457
vt 0.408740 0.174576
vt 0.414720 0.168497
vt 0.422737 0.173317
vt 0.403736 0.167669
vt 0.410084 0.160528
vt 0.425647 0.164058
vt 0.335630 0.488554
vt 0.330138 0.489524
vt 0.331713 0.473733
vt 0.326089 0.488488
vt 0.328826 0.470468
vt 0.353727 0.448885
vt 0.427299 0.118458
vt 0.421142 0.127528
vt 0.418934 0.122995
vt 0.417223 0.114532
vt 0.411943 0.135385
vt 0.410721 0.127746
vt 0.409512 0.118264
vt 0.415727 0.150393
vt 0.314410 0.434974
vt 0.316589 0.442918
vt 0.311868 0.441631
vt 0.308028 0.434529
vt 0.316580 0.449489
vt 0.307095 0.445132
vt 0.300889 0.435817
vt 0.428871 0.157128
vt 0.438128 0.154806
vt 0.423007 0.145018
vt 0.426781 0.139519
vt 0.416075 0.147237
vt 0.335812 0.083315
vt 0.322287 0.075840
vt 0.328867 0.063254
vt 0.340472 0.064985
vt 0.308443 0.065127
vt 0.320581 0.053354
vt 0.333032 0.048250
vt 0.370324 0.356924
vt 0.362815 0.373889
vt 0.350134 0.364692
vt 0.352163 0.350298
vt 0.338160 0.351091
vt 0.341261 0.369095
vt 0.351633 0.386333
vt 0.438131 0.173969
vt 0.141534 0.046463
vt 0.155322 0.037742
vt 0.163763 0.045984
vt 0.143535 0.051669
vt 0.159919 0.032989
vt 0.167600 0.036471
vt 0.145604 0.055544
vt 0.167627 0.050576
vt 0.454196 0.185283
vt 0.456609 0.181849
vt 0.086011 0.449857
vt 0.094179 0.439651
vt 0.113411 0.472698
vt 0.103383 0.474409
vt 0.117190 0.498865
vt 0.125307 0.497512
vt 0.291890 0.052805
vt 0.269400 0.041620
vt 0.287445 0.020325
vt 0.305397 0.037680
vt 0.354469 0.325649
vt 0.373123 0.335575
vt 0.339379 0.327923
vt 0.318562 0.030063
vt 0.300035 0.015537
vt 0.181241 0.077849
vt 0.199447 0.079553
vt 0.193880 0.085387
vt 0.093151 0.479977
vt 0.084925 0.485358
vt 0.077790 0.468402
vt 0.079382 0.462436
vt 0.070467 0.471723
vt 0.069778 0.464007
vt 0.138263 0.039899
vt 0.154704 0.032960
vt 0.135582 0.034934
vt 0.132831 0.030112
vt 0.146955 0.024973
vt 0.152836 0.028605
vt 0.301818 0.449302
vt 0.298458 0.455695
vt 0.288861 0.447056
vt 0.294153 0.439131
vt 0.132964 0.498897
vt 0.129613 0.484852
vt 0.108934 0.503428
vt 0.101360 0.507352
vt 0.068377 0.474437
vt 0.083380 0.490022
vt 0.096557 0.508433
vt 0.156030 0.105028
vt 0.162928 0.106525
vt 0.170146 0.106016
vt 0.140148 0.108754
vt 0.130304 0.107522
vt 0.143277 0.103927
vt 0.146184 0.108922
vt 0.155926 0.110727
vt 0.147669 0.117613
vt 0.139190 0.116668
vt 0.128833 0.115910
vt 0.123962 0.125252
vt 0.129132 0.127339
vt 0.138068 0.127884
vt 0.116747 0.126819
vt 0.126412 0.099382
vt 0.286708 0.368265
vt 0.284866 0.391972
vt 0.281753 0.388247
vt 0.281970 0.366547
vt 0.122512 0.093344
vt 0.123688 0.099112
vt 0.291134 0.368853
vt 0.292239 0.395177
vt 0.112773 0.037260
vt 0.110691 0.030074
vt 0.128539 0.022560
vt 0.115646 0.042550
vt 0.124881 0.083772
vt 0.442901 0.094557
vt 0.435046 0.068725
vt 0.442575 0.069421
vt 0.450570 0.107842
vt 0.455464 0.112373
vt 0.446841 0.070621
vt 0.429030 0.058635
vt 0.436657 0.053718
vt 0.090693 0.509866
vt 0.080004 0.492359
vt 0.104734 0.527060
vt 0.096022 0.524461
vt 0.070907 0.497578
vt 0.083011 0.516372
vt 0.148177 0.129839
vt 0.155748 0.130491
vt 0.156200 0.142326
vt 0.149434 0.142694
vt 0.162303 0.132024
vt 0.160965 0.146089
vt 0.153826 0.150506
vt 0.123516 0.136735
vt 0.114301 0.139425
vt 0.086059 0.617208
vt 0.081613 0.640690
vt 0.078072 0.641688
vt 0.084289 0.618136
vt 0.081570 0.620284
vt 0.072520 0.639036
vt 0.121471 0.143562
vt 0.116578 0.151691
vt 0.128786 0.137888
vt 0.127599 0.145788
vt 0.122251 0.160412
vt 0.088538 0.526101
vt 0.181205 0.165594
vt 0.163386 0.167486
vt 0.163354 0.159069
vt 0.181253 0.156264
vt 0.183517 0.147865
vt 0.169545 0.146235
vt 0.121412 0.524628
vt 0.114612 0.530410
vt 0.137498 0.543340
vt 0.135559 0.547765
vt 0.132777 0.550855
vt 0.111285 0.540576
vt 0.103073 0.534819
vt 0.097414 0.531304
vt 0.092883 0.534264
vt 0.099403 0.539743
vt 0.093718 0.547048
vt 0.111342 0.550617
vt 0.101134 0.555924
vt 0.131592 0.556756
vt 0.025922 0.520148
vt 0.041608 0.521201
vt 0.036650 0.527294
vt 0.032892 0.534874
vt 0.047728 0.549929
vt 0.053055 0.544063
vt 0.057891 0.537225
vt 0.050521 0.512408
vt 0.036995 0.503695
vt 0.027633 0.538254
vt 0.014219 0.524563
vt 0.427981 0.066532
vt 0.418606 0.048933
vt 0.115706 0.561731
vt 0.106078 0.569207
vt 0.102610 0.582170
vt 0.097447 0.585554
vt 0.110735 0.571030
vt 0.139363 0.168623
vt 0.122372 0.169600
vt 0.138948 0.160502
vt 0.136910 0.151170
vt 0.109034 0.173975
vt 0.109020 0.169495
vt 0.107510 0.162888
vt 0.092520 0.586957
vt 0.093640 0.575065
vt 0.090372 0.562654
vt 0.068291 0.545507
vt 0.075950 0.553059
vt 0.071576 0.557416
vt 0.064634 0.552135
vt 0.062588 0.560060
vt 0.072450 0.562945
vt 0.079253 0.559911
vt 0.074081 0.569879
vt 0.062764 0.569798
vt 0.076802 0.581668
vt 0.069331 0.583407
vt 0.045937 0.555769
vt 0.043346 0.561697
vt 0.055675 0.574953
vt 0.063201 0.587336
vt 0.075944 0.596875
vt 0.077769 0.607768
vt 0.074025 0.610050
vt 0.073087 0.598340
vt 0.151527 0.600316
vt 0.143722 0.599508
vt 0.149150 0.590533
vt 0.154985 0.597107
vt 0.131530 0.596449
vt 0.132850 0.590000
vt 0.110371 0.177756
vt 0.101641 0.185479
vt 0.100747 0.182695
vt 0.171249 0.593362
vt 0.171168 0.586696
vt 0.193581 0.616592
vt 0.221784 0.611737
vt 0.224530 0.618927
vt 0.201160 0.626644
vt 0.059626 0.327656
vt 0.066921 0.346058
vt 0.056524 0.350033
vt 0.050809 0.327342
vt 0.043905 0.327724
vt 0.048942 0.348771
vt 0.204127 0.633497
vt 0.221419 0.632560
vt 0.170289 0.600938
vt 0.169727 0.611557
vt 0.193531 0.610193
vt 0.169121 0.617096
vt 0.168255 0.623109
vt 0.183898 0.628474
vt 0.190783 0.630414
vt 0.041804 0.247209
vt 0.047407 0.242906
vt 0.045620 0.262369
vt 0.039892 0.264878
vt 0.040017 0.286940
vt 0.044342 0.287130
vt 0.052645 0.287720
vt 0.053544 0.261925
vt 0.055253 0.240036
vt 0.192169 0.636163
vt 0.182463 0.634749
vt 0.182046 0.672607
vt 0.193242 0.669820
vt 0.196495 0.677231
vt 0.187425 0.681193
vt 0.190925 0.686742
vt 0.200213 0.680188
vt 0.201210 0.670440
vt 0.208038 0.672425
vt 0.205631 0.684048
vt 0.220862 0.674908
vt 0.220665 0.681892
vt 0.192673 0.690589
vt 0.221040 0.687892
vt 0.206818 0.691427
vt 0.194598 0.695177
vt 0.087661 0.239247
vt 0.090023 0.225741
vt 0.098172 0.231058
vt 0.100308 0.243879
vt 0.153583 0.689852
vt 0.154945 0.696376
vt 0.146204 0.697442
vt 0.142946 0.690263
vt 0.155432 0.702159
vt 0.145031 0.707262
vt 0.085090 0.260732
vt 0.097252 0.264482
vt 0.102894 0.267030
vt 0.106776 0.250982
vt 0.156131 0.707629
vt 0.144763 0.711673
vt 0.218269 0.715344
vt 0.230920 0.708500
vt 0.236394 0.713879
vt 0.223965 0.723095
vt 0.230097 0.731116
vt 0.247030 0.715911
vt 0.246040 0.704029
vt 0.235103 0.736432
vt 0.250168 0.717562
vt 0.145564 0.716674
vt 0.156015 0.713004
vt 0.152759 0.721508
vt 0.142226 0.725070
vt 0.167141 0.708718
vt 0.167822 0.713679
vt 0.167624 0.719030
vt 0.157334 0.724138
vt 0.142059 0.730967
vt 0.148730 0.731123
vt 0.154646 0.730770
vt 0.109243 0.398844
vt 0.124325 0.412367
vt 0.117644 0.415817
vt 0.104944 0.403435
vt 0.082215 0.945333
vt 0.080636 0.940170
vt 0.109091 0.937991
vt 0.105121 0.945655
vt 0.075893 0.930683
vt 0.101879 0.926989
vt 0.167332 0.728714
vt 0.059890 0.945400
vt 0.055166 0.941483
vt 0.043389 0.930980
vt 0.058194 0.922628
vt 0.073152 0.913827
vt 0.082499 0.921334
vt 0.162710 0.923877
vt 0.163075 0.929365
vt 0.160388 0.929959
vt 0.156080 0.923610
vt 0.161823 0.921681
vt 0.165402 0.921121
vt 0.168032 0.926604
vt 0.171321 0.933210
vt 0.063105 0.436919
vt 0.067031 0.440096
vt 0.062146 0.445745
vt 0.059416 0.444446
vt 0.159607 0.918741
vt 0.161424 0.917375
vt 0.155149 0.912923
vt 0.152287 0.915825
vt 0.152635 0.920031
vt 0.056949 0.442112
vt 0.059008 0.435379
vt 0.098956 0.915666
vt 0.093396 0.903520
vt 0.148947 0.749270
vt 0.156888 0.748655
vt 0.157853 0.755625
vt 0.150423 0.755548
vt 0.159844 0.768684
vt 0.168061 0.759106
vt 0.168811 0.750789
vt 0.088506 0.397996
vt 0.099234 0.390606
vt 0.166598 0.244143
vt 0.147601 0.258228
vt 0.136859 0.254296
vt 0.149805 0.243269
vt 0.088889 0.417258
vt 0.079770 0.408163
vt 0.121859 0.239091
vt 0.139071 0.236683
vt 0.115409 0.252827
vt 0.139123 0.753440
vt 0.140943 0.760305
vt 0.140756 0.763818
vt 0.160205 0.770902
vt 0.191673 0.761077
vt 0.191319 0.763941
vt 0.202473 0.232605
vt 0.230990 0.240123
vt 0.229654 0.244268
vt 0.202179 0.236066
vt 0.044298 0.894772
vt 0.048701 0.884920
vt 0.053658 0.889468
vt 0.042677 0.633776
vt 0.041697 0.606642
vt 0.033662 0.585580
vt 0.036583 0.875916
vt 0.272420 0.227373
vt 0.252494 0.221308
vt 0.251848 0.211276
vt 0.266637 0.211365
vt 0.229679 0.212092
vt 0.233153 0.201480
vt 0.038776 0.869574
vt 0.050734 0.872045
vt 0.067160 0.879334
vt 0.057744 0.878270
vt 0.219499 0.749714
vt 0.212780 0.742413
vt 0.190579 0.752808
vt 0.216926 0.758249
vt 0.153796 0.234497
vt 0.174342 0.237120
vt 0.167103 0.740173
vt 0.187628 0.738222
vt 0.208248 0.733185
vt 0.119073 0.900571
vt 0.119800 0.909392
vt 0.136024 0.916111
vt 0.139044 0.911271
vt 0.141255 0.906362
vt 0.121952 0.894285
vt 0.143383 0.223699
vt 0.131435 0.219559
vt 0.056621 0.397233
vt 0.059402 0.391508
vt 0.070788 0.403540
vt 0.064107 0.405781
vt 0.063156 0.621228
vt 0.063342 0.646231
vt 0.068043 0.611772
vt 0.070168 0.641481
vt 0.039751 0.860119
vt 0.068536 0.652759
vt 0.066661 0.653423
vt 0.059426 0.653903
vt 0.046179 0.586814
vt 0.199926 0.156682
vt 0.207828 0.154524
vt 0.209908 0.178360
vt 0.187658 0.177993
vt 0.185859 0.191766
vt 0.206676 0.193293
vt 0.235071 0.191240
vt 0.067522 0.862929
vt 0.085664 0.886570
vt 0.065434 0.897083
vt 0.084555 0.874455
vt 0.077966 0.857446
vt 0.142869 0.211788
vt 0.151238 0.215212
vt 0.158743 0.209978
vt 0.142928 0.207817
vt 0.115018 0.878079
vt 0.108381 0.863549
vt 0.114560 0.864345
vt 0.118806 0.871759
vt 0.147072 0.201700
vt 0.139271 0.203248
vt 0.106225 0.845268
vt 0.111987 0.846677
vt 0.098044 0.864257
vt 0.103888 0.880795
vt 0.181651 0.209483
vt 0.170079 0.209236
vt 0.172612 0.200885
vt 0.183383 0.200547
vt 0.168943 0.194388
vt 0.150114 0.194391
vt 0.164926 0.218039
vt 0.172578 0.183470
vt 0.100538 0.835532
vt 0.090850 0.846297
vt 0.090225 0.836185
vt 0.098412 0.829503
vt 0.077834 0.849886
vt 0.094365 0.850148
vt 0.102734 0.840175
vt 0.116540 0.820326
vt 0.114694 0.822331
vt 0.119358 0.810163
vt 0.124192 0.808034
vt 0.122106 0.795857
vt 0.118310 0.808315
vt 0.112720 0.823442
vt 0.129077 0.202060
vt 0.127321 0.205285
vt 0.117321 0.206523
vt 0.116746 0.204496
vt 0.115541 0.810544
vt 0.113562 0.807692
vt 0.109022 0.817369
vt 0.111093 0.821416
vt 0.108095 0.807367
vt 0.450161 0.700769
vt 0.456480 0.690914
vt 0.465175 0.700885
vt 0.457985 0.711213
vt 0.474935 0.695567
vt 0.472141 0.708817
vt 0.467837 0.724972
vt 0.460397 0.751088
vt 0.453462 0.733618
vt 0.471763 0.741413
vt 0.484341 0.728633
vt 0.448138 0.719381
vt 0.444232 0.740133
vt 0.436398 0.723986
vt 0.443815 0.761461
vt 0.435868 0.744042
vt 0.451722 0.757087
vt 0.429695 0.726588
vt 0.429473 0.746234
vt 0.422687 0.729843
vt 0.422180 0.714128
vt 0.415495 0.716316
vt 0.407828 0.720983
vt 0.416976 0.702265
vt 0.408639 0.703635
vt 0.399423 0.706279
vt 0.387487 0.714034
vt 0.406638 0.687911
vt 0.395456 0.688050
vt 0.380727 0.693066
vt 0.379008 0.721424
vt 0.372236 0.699535
vt 0.398811 0.667832
vt 0.377891 0.675386
vt 0.367449 0.679336
vt 0.366110 0.729035
vt 0.359670 0.706707
vt 0.352844 0.685832
vt 0.338684 0.695646
vt 0.330404 0.698847
vt 0.823166 0.277951
vt 0.822468 0.258432
vt 0.843128 0.263052
vt 0.843024 0.252024
vt 0.823609 0.245356
vt 0.825887 0.226221
vt 0.846729 0.231893
vt 0.860548 0.265494
vt 0.863381 0.254423
vt 0.867584 0.233891
vt 0.853830 0.210969
vt 0.874927 0.213429
vt 0.883949 0.255556
vt 0.888770 0.236339
vt 0.897653 0.216153
vt 0.881163 0.200577
vt 0.904867 0.205959
vt 0.906260 0.237194
vt 0.912519 0.220865
vt 0.917867 0.211816
vt 0.918738 0.238637
vt 0.901837 0.256518
vt 0.917111 0.256806
vt 0.928432 0.256530
vt 0.928767 0.237864
vt 0.940379 0.254776
vt 0.939561 0.237923
vt 0.950865 0.255075
vt 0.951311 0.239235
vt 0.959152 0.256481
vt 0.960555 0.241852
vt 0.372857 0.821408
vt 0.374309 0.829655
vt 0.361851 0.834106
vt 0.359677 0.825602
vt 0.370808 0.811042
vt 0.356426 0.817746
vt 0.366249 0.795941
vt 0.351993 0.808127
vt 0.329196 0.807452
vt 0.316598 0.816555
vt 0.321707 0.791036
vt 0.304380 0.799730
vt 0.210777 0.774062
vt 0.207681 0.767293
vt 0.224302 0.758025
vt 0.316212 0.775089
vt 0.296418 0.780770
vt 0.192491 0.781540
vt 0.190239 0.775031
vt 0.213256 0.778792
vt 0.193626 0.785279
vt 0.173392 0.778283
vt 0.175359 0.787438
vt 0.175823 0.790771
vt 0.196449 0.792721
vt 0.178793 0.797561
vt 0.151324 0.791505
vt 0.152449 0.796449
vt 0.132340 0.794973
vt 0.135369 0.798210
vt 0.860550 0.187698
vt 0.842661 0.183247
vt 0.845936 0.177830
vt 0.862618 0.183728
vt 0.864797 0.179591
vt 0.851825 0.170081
vt 0.838930 0.188659
vt 0.857592 0.195931
vt 0.833536 0.203669
vt 0.287424 0.729639
vt 0.282091 0.707026
vt 0.296138 0.701968
vt 0.301337 0.727313
vt 0.316934 0.699578
vt 0.292849 0.761279
vt 0.309483 0.756778
vt 0.148223 0.786798
vt 0.128049 0.791724
vt 0.200516 0.803350
vt 0.217356 0.787340
vt 0.184001 0.807398
vt 0.203024 0.810577
vt 0.186239 0.814221
vt 0.165528 0.816184
vt 0.204072 0.814873
vt 0.186546 0.817733
vt 0.204845 0.819486
vt 0.185940 0.821137
vt 0.164957 0.819149
vt 0.163998 0.821739
vt 0.184963 0.834172
vt 0.162885 0.833837
vt 0.861031 0.135854
vt 0.845775 0.135136
vt 0.845217 0.131419
vt 0.861939 0.130541
vt 0.857410 0.120801
vt 0.841769 0.123480
vt 0.140189 0.839250
vt 0.885538 0.125197
vt 0.883437 0.116207
vt 0.877871 0.100116
vt 0.874527 0.087239
vt 0.914586 0.114783
vt 0.909002 0.098966
vt 0.906426 0.084619
vt 0.929350 0.095050
vt 0.928056 0.084492
vt 0.906800 0.080621
vt 0.872878 0.081054
vt 0.872712 0.076799
vt 0.849223 0.082942
vt 0.906526 0.074633
vt 0.904871 0.067009
vt 0.872132 0.069029
vt 0.846429 0.056902
vt 0.872065 0.057716
vt 0.903915 0.056440
vt 0.926968 0.050221
vt 0.926982 0.036900
vt 0.899722 0.043474
vt 0.869880 0.045827
vt 0.868420 0.035643
vt 0.844465 0.043552
vt 0.898298 0.031815
vt 0.927234 0.026628
vt 0.927615 0.019905
vt 0.898105 0.025102
vt 0.867887 0.027554
vt 0.869421 0.021972
vt 0.897816 0.017968
vt 0.927319 0.011999
vt 0.928262 0.008407
vt 0.898503 0.014501
vt 0.870064 0.016983
vt 0.969598 0.667667
vt 0.973863 0.666487
vt 0.987349 0.684560
vt 0.984719 0.686203
vt 0.865209 0.969452
vt 0.887749 0.979903
vt 0.885543 0.982429
vt 0.863265 0.974275
vt 0.893065 0.973242
vt 0.867162 0.964556
vt 0.845715 0.962819
vt 0.845904 0.968064
vt 0.845845 0.972457
vt 0.832989 0.963387
vt 0.834847 0.970693
vt 0.837794 0.977488
vt 0.207017 0.986033
vt 0.201836 0.983162
vt 0.197571 0.978979
vt 0.869970 0.958691
vt 0.898125 0.966872
vt 0.902803 0.958859
vt 0.873506 0.950985
vt 0.906652 0.949459
vt 0.962090 0.694820
vt 0.952410 0.698129
vt 0.944039 0.700940
vt 0.907431 0.941149
vt 0.924666 0.684316
vt 0.938574 0.702148
vt 0.907167 0.936089
vt 0.921456 0.686264
vt 0.934951 0.703232
vt 0.907878 0.932991
vt 0.917968 0.688940
vt 0.931082 0.705117
vt 0.888982 0.920766
vt 0.909164 0.929476
vt 0.911953 0.927143
vt 0.893552 0.917768
vt 0.874604 0.900671
vt 0.868415 0.904266
vt 0.866523 0.879722
vt 0.859957 0.882553
vt 0.855397 0.858249
vt 0.851005 0.865304
vt 0.845652 0.871588
vt 0.840694 0.877743
vt 0.190130 0.919538
vt 0.023402 0.691707
vt 0.025934 0.686598
vt 0.187802 0.924987
vt 0.048223 0.700050
vt 0.028647 0.682272
vt 0.186407 0.929643
vt 0.232482 0.875821
vt 0.232983 0.881326
vt 0.210944 0.887784
vt 0.209418 0.883072
vt 0.190242 0.891707
vt 0.194260 0.895218
vt 0.207144 0.878326
vt 0.186775 0.884598
vt 0.172448 0.902878
vt 0.178716 0.907355
vt 0.157876 0.907807
vt 0.161975 0.913752
vt 0.204367 0.860703
vt 0.184667 0.860664
vt 0.205216 0.834385
vt 0.231627 0.857210
vt 0.230324 0.833328
vt 0.226978 0.814854
vt 0.252135 0.829823
vt 0.250555 0.811720
vt 0.270204 0.828880
vt 0.289042 0.849446
vt 0.271902 0.850355
vt 0.286848 0.832237
vt 0.254549 0.854038
vt 0.253905 0.868914
vt 0.232436 0.869410
vt 0.252684 0.875010
vt 0.251516 0.879317
vt 0.058917 0.705777
vt 0.066458 0.697560
vt 0.307788 0.850354
vt 0.304004 0.835554
vt 0.964413 0.083056
vt 0.953816 0.083390
vt 0.953860 0.091367
vt 0.964676 0.090605
vt 0.943423 0.082753
vt 0.942616 0.092548
vt 0.943762 0.101108
vt 0.944945 0.107380
vt 0.930971 0.105202
vt 0.934995 0.113018
vt 0.917587 0.124393
vt 0.886058 0.133908
vt 0.414035 0.394885
vt 0.407243 0.362537
vt 0.413551 0.364756
vt 0.422019 0.397022
vt 0.297600 0.296811
vt 0.290171 0.294826
vt 0.293638 0.263729
vt 0.301707 0.264347
vt 0.311964 0.299973
vt 0.317262 0.267053
vt 0.321894 0.231592
vt 0.340786 0.269293
vt 0.349167 0.233499
vt 0.325989 0.215947
vt 0.329266 0.208538
vt 0.327944 0.204293
vt 0.303901 0.203192
vt 0.281575 0.202867
vt 0.326978 0.200638
vt 0.304905 0.199237
vt 0.280152 0.199671
vt 0.254692 0.196234
vt 0.278597 0.194524
vt 0.453155 0.517257
vt 0.448097 0.519828
vt 0.438686 0.498178
vt 0.442591 0.494331
vt 0.424715 0.469891
vt 0.422492 0.475774
vt 0.236238 0.186171
vt 0.460672 0.513973
vt 0.449130 0.489138
vt 0.468014 0.510379
vt 0.454562 0.485516
vt 0.454267 0.537153
vt 0.416107 0.452056
vt 0.398619 0.461149
vt 0.365938 0.272871
vt 0.377047 0.240615
vt 0.391650 0.281663
vt 0.402845 0.260798
vt 0.408969 0.292956
vt 0.415834 0.274918
vt 0.919389 0.921742
vt 0.903281 0.911117
vt 0.907470 0.908334
vt 0.922371 0.919530
vt 0.455094 0.234766
vt 0.456871 0.238662
vt 0.443922 0.246271
vt 0.909835 0.701057
vt 0.922905 0.716355
vt 0.920686 0.719853
vt 0.906558 0.704961
vt 0.895574 0.681077
vt 0.891825 0.684719
vt 0.880334 0.664131
vt 0.878218 0.666794
vt 0.875531 0.670389
vt 0.862515 0.659403
vt 0.859049 0.663309
vt 0.861222 0.686427
vt 0.835400 0.711172
vt 0.853914 0.676854
vt 0.842350 0.716693
vt 0.852793 0.725917
vt 0.823387 0.741144
vt 0.835003 0.747057
vt 0.804231 0.735919
vt 0.810387 0.683443
vt 0.781445 0.706326
vt 0.763869 0.694907
vt 0.768839 0.688778
vt 0.776422 0.711617
vt 0.790823 0.663994
vt 0.836296 0.659995
vt 0.543375 0.529506
vt 0.559390 0.542856
vt 0.539758 0.537442
vt 0.537209 0.545109
vt 0.557070 0.550989
vt 0.514890 0.531837
vt 0.510571 0.538947
vt 0.545402 0.521486
vt 0.546761 0.513444
vt 0.530736 0.508721
vt 0.548448 0.508213
vt 0.534257 0.503522
vt 0.521627 0.496962
vt 0.537009 0.498281
vt 0.525636 0.491631
vt 0.549531 0.501905
vt 0.550469 0.495969
vt 0.550802 0.486146
vt 0.549815 0.470687
vt 0.862226 0.631583
vt 0.861606 0.619144
vt 0.863335 0.617406
vt 0.575476 0.570807
vt 0.858080 0.634493
vt 0.854329 0.637684
vt 0.850386 0.641076
vt 0.846492 0.645265
vt 0.865609 0.656043
vt 0.842707 0.648773
vt 0.839292 0.652113
vt 0.855458 0.668022
vt 0.898529 0.677252
vt 0.912740 0.696751
vt 0.915617 0.692442
vt 0.925964 0.712445
vt 0.928813 0.708260
vt 0.915683 0.924470
vt 0.897987 0.914613
vt 0.887024 0.894632
vt 0.881634 0.897241
vt 0.879100 0.872550
vt 0.873743 0.875777
vt 0.860728 0.851128
vt 0.421902 0.281574
vt 0.413726 0.308543
vt 0.430229 0.263386
vt 0.433697 0.269413
vt 0.364034 0.298992
vt 0.389880 0.302249
vt 0.406519 0.305464
vt 0.338195 0.299572
vt 0.957254 0.672106
vt 0.970430 0.692269
vt 0.963943 0.669736
vt 0.946938 0.648552
vt 0.977964 0.690076
vt 0.939915 0.633508
vt 0.965400 0.645118
vt 0.947780 0.008817
vt 0.948021 0.005066
vt 0.956015 0.622083
vt 0.300485 0.903625
vt 0.309218 0.906744
vt 0.307624 0.909549
vt 0.297446 0.908223
vt 0.956223 0.613316
vt 0.288635 0.893838
vt 0.284500 0.898011
vt 0.959847 0.601005
vt 0.961591 0.602875
vt 0.956934 0.599638
vt 0.974168 0.586798
vt 0.273963 0.887704
vt 0.271588 0.889205
vt 0.948232 0.014458
vt 0.837784 0.078869
vt 0.829280 0.066477
vt 0.826455 0.068392
vt 0.310709 0.823429
vt 0.381042 0.820230
vt 0.382057 0.828115
vt 0.389176 0.828257
vt 0.390031 0.818919
vt 0.397314 0.828795
vt 0.400329 0.820648
vt 0.413552 0.812375
vt 0.953032 0.273819
vt 0.961605 0.273753
vt 0.963427 0.282116
vt 0.954714 0.281596
vt 0.941627 0.274675
vt 0.943006 0.282752
vt 0.944884 0.290163
vt 0.945417 0.298599
vt 0.946149 0.306978
vt 0.948119 0.314820
vt 0.952996 0.327188
vt 0.962595 0.324532
vt 0.970058 0.321854
vt 0.435555 0.830338
vt 0.940207 0.267430
vt 0.951682 0.266361
vt 0.959688 0.266061
vt 0.879007 0.266826
vt 0.415414 0.670678
vt 0.414942 0.687761
vt 0.426209 0.676160
vt 0.841682 0.340589
vt 0.815114 0.336537
vt 0.817897 0.329809
vt 0.844697 0.333888
vt 0.875091 0.343388
vt 0.878737 0.335684
vt 0.894455 0.345120
vt 0.900942 0.338903
vt 0.919468 0.346453
vt 0.942100 0.358605
vt 0.954707 0.367837
vt 0.968288 0.368837
vt 0.968011 0.374803
vt 0.967183 0.381555
vt 0.965538 0.389443
vt 0.517014 0.817442
vt 0.518553 0.826800
vt 0.526862 0.801581
vt 0.503445 0.821734
vt 0.495319 0.810682
vt 0.483708 0.799372
vt 0.476557 0.803959
vt 0.469833 0.807529
vt 0.473858 0.786446
vt 0.465531 0.788514
vt 0.457243 0.788931
vt 0.465046 0.809530
vt 0.451403 0.790421
vt 0.458748 0.772480
vt 0.451873 0.775404
vt 0.442542 0.778809
vt 0.445131 0.794077
vt 0.435413 0.766152
vt 0.459082 0.811753
vt 0.467750 0.769465
vt 0.485281 0.783062
vt 0.477425 0.764744
vt 0.497983 0.778540
vt 0.487918 0.759173
vt 0.507857 0.775417
vt 0.495686 0.759153
vt 0.871014 0.364290
vt 0.891441 0.361179
vt 0.889783 0.369067
vt 0.871817 0.374840
vt 0.892196 0.355483
vt 0.872115 0.357394
vt 0.840588 0.352285
vt 0.841734 0.360819
vt 0.487239 0.718566
vt 0.875317 0.351038
vt 0.841623 0.345934
vt 0.815289 0.343037
vt 0.816458 0.350500
vt 0.447618 0.682477
vt 0.472905 0.688629
vt 0.436824 0.678572
vt 0.893722 0.349556
vt 0.905293 0.370636
vt 0.926639 0.379846
vt 0.116326 0.845750
vt 0.090131 0.837145
vt 0.080905 0.838203
vt 0.190955 0.143922
vt 0.186478 0.131107
vt 0.177522 0.229408
vt 0.157488 0.225836
vt 0.179786 0.219869
vt 0.203370 0.224734
vt 0.203591 0.213308
vt 0.229494 0.233526
vt 0.229715 0.223082
vt 0.204728 0.202847
vt 0.250956 0.243737
vt 0.252921 0.233860
vt 0.273032 0.252630
vt 0.273381 0.242480
vt 0.290884 0.259615
vt 0.290565 0.251370
vt 0.288135 0.235822
vt 0.108111 0.765747
vt 0.124877 0.757191
vt 0.123720 0.760158
vt 0.111946 0.767294
vt 0.250151 0.249449
vt 0.273976 0.257372
vt 0.082382 0.953284
vt 0.060263 0.954338
vt 0.061106 0.947858
vt 0.124050 0.755277
vt 0.109245 0.759258
vt 0.112441 0.752682
vt 0.125527 0.750710
vt 0.282932 0.691344
vt 0.301701 0.690687
vt 0.306469 0.694273
vt 0.285149 0.694756
vt 0.289631 0.698315
vt 0.309423 0.697845
vt 0.125805 0.745571
vt 0.112327 0.748991
vt 0.114482 0.743017
vt 0.128193 0.740023
vt 0.139289 0.748397
vt 0.140247 0.740585
vt 0.130119 0.734717
vt 0.148446 0.740588
vt 0.155738 0.740019
vt 0.121065 0.734220
vt 0.131914 0.729504
vt 0.118614 0.737558
vt 0.274007 0.681887
vt 0.291801 0.682749
vt 0.294325 0.685297
vt 0.273079 0.684036
vt 0.276532 0.687184
vt 0.299563 0.688317
vt 0.255771 0.684778
vt 0.258321 0.689117
vt 0.262963 0.693962
vt 0.242937 0.694345
vt 0.244706 0.698713
vt 0.266502 0.699531
vt 0.270500 0.706149
vt 0.270906 0.708990
vt 0.105120 0.948845
vt 0.224288 0.697401
vt 0.226373 0.702064
vt 0.210188 0.701411
vt 0.212977 0.708315
vt 0.196978 0.705855
vt 0.199836 0.712721
vt 0.203491 0.721789
vt 0.183720 0.716156
vt 0.184497 0.726611
vt 0.183628 0.709036
vt 0.182294 0.703409
vt 0.195682 0.699856
vt 0.181475 0.698556
vt 0.208504 0.696261
vt 0.222866 0.692689
vt 0.240347 0.689263
vt 0.237946 0.684822
vt 0.236015 0.680231
vt 0.256165 0.682093
vt 0.253590 0.679492
vt 0.234475 0.676215
vt 0.250236 0.676350
vt 0.271617 0.680550
vt 0.270315 0.679351
vt 0.099214 0.325890
vt 0.095643 0.304724
vt 0.102367 0.304167
vt 0.107943 0.321938
vt 0.288555 0.681468
vt 0.288884 0.679144
vt 0.095296 0.283732
vt 0.100473 0.283710
vt 0.083073 0.306724
vt 0.082622 0.284794
vt 0.071089 0.328037
vt 0.066175 0.307332
vt 0.085019 0.328923
vt 0.064327 0.287129
vt 0.054599 0.307728
vt 0.065975 0.259657
vt 0.071250 0.237604
vt 0.076077 0.221091
vt 0.058978 0.219965
vt 0.047798 0.224182
vt 0.149908 0.678358
vt 0.136242 0.677471
vt 0.129310 0.661237
vt 0.143684 0.660972
vt 0.137901 0.644767
vt 0.124597 0.648675
vt 0.120788 0.638649
vt 0.133717 0.633644
vt 0.155102 0.659780
vt 0.149395 0.641918
vt 0.145220 0.628921
vt 0.133271 0.620934
vt 0.145257 0.619713
vt 0.156643 0.640411
vt 0.154510 0.627703
vt 0.153949 0.619951
vt 0.144032 0.613858
vt 0.153388 0.614429
vt 0.167612 0.630425
vt 0.168913 0.640152
vt 0.183170 0.643534
vt 0.174424 0.656671
vt 0.187250 0.657029
vt 0.197877 0.658086
vt 0.194910 0.645064
vt 0.208201 0.659739
vt 0.206786 0.644937
vt 0.221399 0.661795
vt 0.221517 0.645728
vt 0.234179 0.662935
vt 0.234014 0.646585
vt 0.232173 0.632913
vt 0.251044 0.665456
vt 0.251872 0.650226
vt 0.087152 0.347779
vt 0.076689 0.348734
vt 0.164329 0.658005
vt 0.171548 0.675518
vt 0.161846 0.677818
vt 0.165011 0.688635
vt 0.176704 0.685146
vt 0.166611 0.694337
vt 0.179436 0.691104
vt 0.167396 0.698992
vt 0.180400 0.695089
vt 0.167583 0.703780
vt 0.131877 0.608631
vt 0.143427 0.608891
vt 0.131991 0.613750
vt 0.152740 0.609324
vt 0.143346 0.604009
vt 0.152149 0.604506
vt 0.170277 0.605725
vt 0.194794 0.603478
vt 0.193917 0.597689
vt 0.192266 0.589824
vt 0.219905 0.596743
vt 0.218259 0.588722
vt 0.215431 0.583415
vt 0.005041 0.357406
vt 0.010196 0.344631
vt 0.018914 0.346647
vt 0.006048 0.360111
vt 0.023884 0.329577
vt 0.025513 0.347546
vt 0.017724 0.328601
vt 0.010420 0.327264
vt 0.167201 0.174126
vt 0.141825 0.176501
vt 0.017466 0.310201
vt 0.010556 0.309268
vt 0.181791 0.169526
vt 0.015957 0.291189
vt 0.010903 0.291749
vt 0.005291 0.292318
vt 0.006724 0.307986
vt 0.025987 0.545382
vt 0.008481 0.530285
vt 0.011534 0.275059
vt 0.006509 0.276656
vt 0.017190 0.273715
vt 0.017052 0.257654
vt 0.009923 0.260891
vt 0.006431 0.263792
vt 0.013706 0.245284
vt 0.008481 0.247144
vt 0.118774 0.586853
vt 0.116489 0.594120
vt 0.108158 0.580297
vt 0.109905 0.578485
vt 0.130812 0.603001
vt 0.116244 0.600118
vt 0.118983 0.607471
vt 0.020956 0.243119
vt 0.022941 0.256538
vt 0.029611 0.253991
vt 0.028112 0.240171
vt 0.120530 0.611536
vt 0.035562 0.251137
vt 0.035244 0.235361
vt 0.119319 0.615387
vt 0.040765 0.231034
vt 0.032365 0.220950
vt 0.027977 0.222976
vt 0.029911 0.270442
vt 0.035332 0.268343
vt 0.030224 0.289464
vt 0.036165 0.288415
vt 0.030298 0.309136
vt 0.035521 0.308589
vt 0.039019 0.308204
vt 0.038327 0.328017
vt 0.046416 0.307715
vt 0.034489 0.347666
vt 0.031087 0.328593
vt 0.042651 0.347982
vt 0.220854 0.604984
vt 0.023043 0.310090
vt 0.023535 0.290384
vt 0.023491 0.272049
vt 0.120615 0.176571
vt 0.190058 0.584186
vt 0.134245 0.724007
vt 0.122341 0.731763
vt 0.121785 0.730134
vt 0.133246 0.720366
vt 0.184292 0.122006
vt 0.185549 0.110012
vt 0.181120 0.102996
vt 0.200602 0.137014
vt 0.066688 0.424810
vt 0.061954 0.424192
vt 0.072510 0.429581
vt 0.070706 0.443295
vt 0.077096 0.433090
vt 0.075365 0.444317
vt 0.081407 0.437001
vt 0.096420 0.426332
vt 0.084671 0.441680
vt 0.098468 0.432734
vt 0.124205 0.918016
vt 0.127993 0.923380
vt 0.138338 0.923157
vt 0.076532 0.449945
vt 0.048241 0.908146
vt 0.026703 0.905177
vt 0.037584 0.900601
vt 0.035638 0.916131
vt 0.014836 0.911327
vt 0.025998 0.920499
vt 0.028687 0.932324
vt 0.253986 0.198926
vt 0.045701 0.574797
vt 0.232487 0.623958
vt 0.079767 0.594279
vt 0.080043 0.606196
vt 0.084898 0.591656
vt 0.083639 0.605061
vt 0.100631 0.180132
vt 0.097961 0.180180
vt 0.084445 0.577708
vt 0.086701 0.602446
vt 0.090956 0.601333
vt 0.079092 0.621935
vt 0.095637 0.601042
vt 0.282150 0.304109
vt 0.287283 0.324174
vt 0.283690 0.325971
vt 0.276851 0.307630
vt 0.291636 0.345785
vt 0.287683 0.346135
vt 0.294094 0.323414
vt 0.296123 0.345955
vt 0.295928 0.370256
vt 0.302368 0.348455
vt 0.301859 0.372710
vt 0.297684 0.396714
vt 0.303676 0.397404
vt 0.308277 0.375218
vt 0.311662 0.399083
vt 0.302537 0.419841
vt 0.309180 0.421070
vt 0.315531 0.422539
vt 0.318241 0.400597
vt 0.323153 0.422804
vt 0.319881 0.436231
vt 0.326119 0.436003
vt 0.331583 0.420291
vt 0.334774 0.432032
vt 0.323496 0.445580
vt 0.323446 0.451369
vt 0.312822 0.453710
vt 0.325674 0.456988
vt 0.307071 0.458592
vt 0.309235 0.461928
vt 0.157300 0.025698
vt 0.160618 0.024812
vt 0.337967 0.395390
vt 0.345252 0.411955
vt 0.326344 0.399458
vt 0.349323 0.420814
vt 0.361855 0.397272
vt 0.369217 0.403932
vt 0.375154 0.381052
vt 0.384236 0.387887
vt 0.406826 0.383511
vt 0.401322 0.379905
vt 0.235449 0.052800
vt 0.234436 0.066879
vt 0.218787 0.053603
vt 0.222189 0.046032
vt 0.259697 0.071307
vt 0.262660 0.059084
vt 0.241698 0.036249
vt 0.379776 0.364290
vt 0.282384 0.081997
vt 0.286096 0.069590
vt 0.303024 0.078924
vt 0.317217 0.087075
vt 0.330199 0.095326
vt 0.348261 0.103351
vt 0.352574 0.089554
vt 0.370272 0.111332
vt 0.368846 0.092171
vt 0.364932 0.064925
vt 0.352577 0.065084
vt 0.351744 0.042560
vt 0.342634 0.045218
vt 0.338621 0.023700
vt 0.332068 0.025497
vt 0.335987 0.005000
vt 0.331437 0.005155
vt 0.327452 0.328933
vt 0.333920 0.312535
vt 0.339202 0.310855
vt 0.318711 0.350279
vt 0.318398 0.329432
vt 0.327398 0.352363
vt 0.320962 0.375335
vt 0.330345 0.373524
vt 0.311971 0.349882
vt 0.314878 0.374902
vt 0.306071 0.349800
vt 0.312294 0.328207
vt 0.305617 0.325621
vt 0.300724 0.324350
vt 0.305486 0.302368
vt 0.301291 0.301762
vt 0.293324 0.299775
vt 0.379516 0.041244
vt 0.373526 0.024761
vt 0.384081 0.027990
vt 0.390995 0.043250
vt 0.401671 0.045467
vt 0.394932 0.033272
vt 0.400612 0.059705
vt 0.411923 0.061563
vt 0.421795 0.063962
vt 0.410170 0.047419
vt 0.401760 0.036079
vt 0.419912 0.083246
vt 0.429050 0.086438
vt 0.438113 0.090843
vt 0.431848 0.105523
vt 0.437000 0.119326
vt 0.438687 0.120532
vt 0.426961 0.137344
vt 0.440565 0.122624
vt 0.439046 0.128616
vt 0.439723 0.134246
vt 0.137704 0.517706
vt 0.137428 0.497383
vt 0.142358 0.514088
vt 0.133151 0.520593
vt 0.143780 0.537506
vt 0.149046 0.536166
vt 0.150797 0.534345
vt 0.161631 0.547738
vt 0.165611 0.546971
vt 0.167494 0.545891
vt 0.152721 0.530603
vt 0.170296 0.544015
vt 0.121438 0.056693
vt 0.101979 0.054792
vt 0.099138 0.051737
vt 0.120774 0.053306
vt 0.118142 0.048431
vt 0.097122 0.048036
vt 0.094543 0.043424
vt 0.159542 0.556211
vt 0.160425 0.559384
vt 0.130418 0.560258
vt 0.165472 0.528608
vt 0.174546 0.542402
vt 0.093822 0.039495
vt 0.159602 0.554238
vt 0.185294 0.558697
vt 0.191882 0.561380
vt 0.159264 0.552457
vt 0.124851 0.077281
vt 0.106388 0.068512
vt 0.106412 0.065657
vt 0.106399 0.063404
vt 0.125569 0.071733
vt 0.144133 0.083554
vt 0.146147 0.074844
vt 0.125039 0.066378
vt 0.147270 0.064003
vt 0.164492 0.076580
vt 0.166170 0.062113
vt 0.184786 0.063203
vt 0.187642 0.049867
vt 0.190425 0.045104
vt 0.207552 0.064377
vt 0.211308 0.048454
vt 0.212316 0.045364
vt 0.321407 0.485206
vt 0.321731 0.506712
vt 0.317420 0.506977
vt 0.311831 0.494107
vt 0.320656 0.526758
vt 0.317025 0.528596
vt 0.324376 0.506369
vt 0.322160 0.524580
vt 0.450107 0.190010
vt 0.435080 0.181907
vt 0.432811 0.186984
vt 0.448639 0.192785
vt 0.448720 0.196518
vt 0.430534 0.191626
vt 0.413284 0.185101
vt 0.428030 0.196673
vt 0.408826 0.190299
vt 0.402349 0.178562
vt 0.397263 0.175409
vt 0.391219 0.172216
vt 0.446345 0.203803
vt 0.425662 0.202141
vt 0.447923 0.199999
vt 0.334274 0.512744
vt 0.325701 0.531995
vt 0.324242 0.528746
vt 0.331680 0.509770
vt 0.328391 0.507994
vt 0.323215 0.526433
vt 0.339306 0.489615
vt 0.338823 0.512887
vt 0.327053 0.534719
vt 0.907977 0.753706
vt 0.890542 0.748082
vt 0.444767 0.207389
vt 0.423095 0.206708
vt 0.444624 0.209344
vt 0.870772 0.753634
vt 0.104950 0.058551
vt 0.123674 0.061656
vt 0.106144 0.060919
vt 0.160077 0.548520
vt 0.140029 0.539626
vt 0.159606 0.550597
vt 0.126338 0.520338
vt 0.417368 0.143633
vt 0.410051 0.143547
vt 0.406908 0.149305
vt 0.422343 0.101990
vt 0.414450 0.102034
vt 0.410063 0.081919
vt 0.406485 0.104175
vt 0.400890 0.083652
vt 0.390208 0.058563
vt 0.391926 0.087434
vt 0.380838 0.061034
vt 0.370557 0.039610
vt 0.371921 0.062203
vt 0.359784 0.040468
vt 0.362433 0.020422
vt 0.349141 0.020935
vt 0.311821 0.308435
vt 0.319028 0.309723
vt 0.383412 0.091689
vt 0.387352 0.114924
vt 0.398678 0.110067
vt 0.281837 0.091844
vt 0.259973 0.082318
vt 0.280933 0.099806
vt 0.260618 0.090682
vt 0.280151 0.105582
vt 0.260368 0.097529
vt 0.279426 0.109927
vt 0.277450 0.117376
vt 0.292928 0.419273
vt 0.283315 0.419809
vt 0.082108 0.567261
vt 0.086696 0.554646
vt 0.087968 0.540834
vt 0.081467 0.547211
vt 0.080905 0.532142
vt 0.073847 0.538142
vt 0.074166 0.522420
vt 0.065334 0.529050
vt 0.061495 0.503616
vt 0.058791 0.483854
vt 0.048220 0.492036
vt 0.170309 0.112260
vt 0.178720 0.113868
vt 0.179002 0.122976
vt 0.170041 0.121883
vt 0.170082 0.133274
vt 0.180291 0.133975
vt 0.162721 0.121017
vt 0.162822 0.112634
vt 0.156015 0.119467
vt 0.178548 0.106150
vt 0.065105 0.478118
vt 0.105031 0.160976
vt 0.137555 0.139442
vt 0.278474 0.426544
vt 0.326552 0.469694
vt 0.360623 0.433102
vt 0.365124 0.436931
vt 0.362588 0.452960
vt 0.374321 0.440553
vt 0.384992 0.420817
vt 0.391637 0.425429
vt 0.399981 0.406236
vt 0.406304 0.409263
vt 0.221692 0.113334
vt 0.415345 0.416466
vt 0.330724 0.155553
vt 0.352832 0.164454
vt 0.446108 0.217041
vt 0.483883 0.462264
vt 0.474213 0.439883
vt 0.489793 0.456330
vt 0.479702 0.437322
vt 0.469219 0.419352
vt 0.462934 0.420282
vt 0.462537 0.402093
vt 0.455394 0.402023
vt 0.456128 0.387901
vt 0.448702 0.386828
vt 0.467357 0.401832
vt 0.461204 0.387895
vt 0.456732 0.378340
vt 0.450752 0.376272
vt 0.695366 0.941324
vt 0.693709 0.945460
vt 0.691785 0.948908
vt 0.475792 0.402897
vt 0.471441 0.402489
vt 0.465476 0.389986
vt 0.469868 0.390160
vt 0.689878 0.952443
vt 0.490074 0.414987
vt 0.485596 0.416868
vt 0.479243 0.402142
vt 0.705039 0.945243
vt 0.703075 0.948964
vt 0.480045 0.418003
vt 0.496493 0.431155
vt 0.490382 0.433447
vt 0.474783 0.418102
vt 0.484847 0.435242
vt 0.501569 0.447109
vt 0.494903 0.451789
vt 0.520361 0.453069
vt 0.510191 0.458478
vt 0.509351 0.442324
vt 0.502183 0.463765
vt 0.515729 0.468333
vt 0.495970 0.471374
vt 0.527574 0.465517
vt 0.515882 0.438043
vt 0.501886 0.428660
vt 0.520390 0.434722
vt 0.507410 0.426296
vt 0.495351 0.414556
vt 0.733932 0.954788
vt 0.728237 0.958037
vt 0.718495 0.947453
vt 0.722127 0.945760
vt 0.706120 0.941584
vt 0.716735 0.950949
vt 0.696479 0.937709
vt 0.741336 0.952883
vt 0.724947 0.943974
vt 0.748803 0.948454
vt 0.729054 0.939858
vt 0.373881 0.848789
vt 0.372037 0.838899
vt 0.385032 0.831301
vt 0.360149 0.841853
vt 0.374182 0.856026
vt 0.374571 0.864254
vt 0.366716 0.875908
vt 0.348410 0.844789
vt 0.340516 0.846375
vt 0.818123 0.937677
vt 0.798659 0.953410
vt 0.930012 0.623162
vt 0.934169 0.616310
vt 0.875652 0.617867
vt 0.929218 0.612998
vt 0.925269 0.608454
vt 0.952749 0.598184
vt 0.947555 0.596409
vt 0.943230 0.595053
vt 0.519130 0.602811
vt 0.517079 0.632586
vt 0.509076 0.631895
vt 0.511979 0.602111
vt 0.962080 0.580487
vt 0.958189 0.579207
vt 0.511462 0.656381
vt 0.502891 0.656431
vt 0.524774 0.634125
vt 0.518061 0.655318
vt 0.538637 0.612755
vt 0.532283 0.635629
vt 0.528987 0.606887
vt 0.525351 0.657671
vt 0.549709 0.596564
vt 0.495001 0.655472
vt 0.965923 0.584057
vt 0.978619 0.571715
vt 0.975657 0.567411
vt 0.921126 0.604178
vt 0.239277 0.978972
vt 0.236274 0.956927
vt 0.295235 0.993268
vt 0.273683 0.930212
vt 0.279855 0.922160
vt 0.191767 0.976007
vt 0.713084 0.917259
vt 0.718162 0.903539
vt 0.711423 0.901540
vt 0.707140 0.914019
vt 0.725683 0.866958
vt 0.737645 0.859059
vt 0.432298 0.866101
vt 0.417794 0.871553
vt 0.718510 0.882818
vt 0.372256 0.880541
vt 0.428347 0.860364
vt 0.441019 0.841306
vt 0.436799 0.854756
vt 0.057130 0.176071
vt 0.954682 0.112435
vt 0.954426 0.153857
vt 0.952972 0.171937
vt 0.963651 0.174277
vt 0.964820 0.153705
vt 0.974345 0.176649
vt 0.976244 0.155048
vt 0.982958 0.177924
vt 0.985662 0.156522
vt 0.988796 0.179699
vt 0.993685 0.158008
vt 0.280020 0.750339
vt 0.290443 0.764961
vt 0.987205 0.191303
vt 0.959905 0.192962
vt 0.947450 0.187630
vt 0.943182 0.196836
vt 0.940466 0.202401
vt 0.938369 0.208085
vt 0.262029 0.765721
vt 0.937397 0.390758
vt 0.189207 0.102388
vt 0.197728 0.117431
vt 0.111510 0.674821
vt 0.110593 0.676154
vt 0.867889 0.841467
vt 0.891670 0.891197
vt 0.791767 0.735230
vt 0.809640 0.751053
vt 0.048513 0.901751
vt 0.055093 0.896960
s 1
f 1/1/1 2/2/2 3/3/3 4/4/4
f 5/5/5 6/6/6 1/1/1 4/4/4
f 3/3/3 7/7/7 5/5/5 4/4/4
f 8/8/8 9/9/9 10/10/10 11/11/11
f 12/12/12 13/13/13 8/8/8 11/11/11
f 10/10/10 14/14/14 12/12/12 11/11/11
f 6/6/6 15/15/15 2/2/2 1/1/1
f 9/9/9 16/16/16 14/14/14 10/10/10
f 17/17/17 18/18/18 19/19/19 20/20/20
f 21/21/21 22/22/22 17/17/17 20/20/20
f 19/19/19 23/23/23 21/21/21 20/20/20
f 22/22/22 24/24/24 18/18/18 17/17/17
f 19/19/19 18/18/18 25/25/25 26/26/26
f 25/25/25 27/27/27 28/28/28 26/26/26
f 28/28/28 23/23/23 19/19/19 26/26/26
f 18/18/18 24/24/24 27/27/27 25/25/25
f 22/22/22 21/21/21 29/29/29 30/30/30
f 31/31/31 32/32/32 33/33/33 30/30/30
f 34/34/34 35/35/35 36/36/36 37/37/37
f 36/36/36 38/38/38 30/39/30 37/37/37
f 30/30/30 33/33/33 34/40/34 37/41/37
f 34/40/34 33/33/33 32/32/32 39/42/39
f 40/43/40 35/35/35 34/34/34 39/44/39
f 32/32/32 31/31/31 40/45/40 39/42/39
f 41/46/41 42/47/42 43/48/43 44/49/44
f 45/50/45 46/51/46 41/46/41 44/49/44
f 47/52/47 48/53/48 49/54/49 44/49/44
f 43/48/43 50/55/50 47/52/47 44/49/44
f 51/56/51 52/57/52 53/58/53 54/59/54
f 55/60/55 56/61/56 51/56/51 54/59/54
f 53/62/53 57/63/57 55/64/55 54/65/54
f 58/66/58 59/67/59 60/68/60 61/69/61
f 62/70/62 63/71/63 64/72/64 61/69/61
f 60/68/60 65/73/65 62/70/62 61/69/61
f 66/74/66 67/75/67 68/76/68 69/77/69
f 70/78/70 71/79/71 66/74/66 69/77/69
f 68/76/68 72/80/72 70/78/70 69/77/69
f 73/81/73 74/82/74 72/80/72 75/83/75
f 72/80/72 68/76/68 76/84/76 75/83/75
f 76/84/76 77/85/77 73/81/73 75/83/75
f 68/76/68 67/75/67 78/86/78 76/84/76
f 78/86/78 79/87/79 80/88/80 76/84/76
f 80/88/80 81/89/81 77/85/77 76/84/76
f 82/90/82 83/91/83 84/92/84 85/93/85
f 84/92/84 86/94/86 87/95/87 85/93/85
f 87/95/87 88/96/88 82/90/82 85/93/85
f 89/97/89 90/98/90 91/99/91 92/100/92
f 91/99/91 93/101/93 94/102/94 92/100/92
f 94/102/94 95/103/95 89/97/89 92/100/92
f 96/104/96 97/105/97 98/106/98 99/107/99
f 100/108/100 101/109/101 96/110/96 99/111/99
f 102/112/102 103/113/103 100/114/100 99/107/99
f 98/106/98 104/115/104 102/112/102 99/107/99
f 105/116/105 106/117/106 107/118/107 108/119/108
f 107/120/107 109/121/109 110/122/110 108/123/108
f 110/122/110 111/124/111 105/125/105 108/123/108
f 112/126/112 113/127/113 114/128/114 115/129/115
f 116/130/116 117/131/117 118/132/118 115/129/115
f 118/132/118 119/133/119 112/126/112 115/129/115
f 118/132/118 117/131/117 59/67/59 120/134/120
f 121/135/121 112/126/112 119/133/119 122/136/122
f 123/137/123 124/138/124 125/139/125 122/140/122
f 125/139/125 126/141/126 127/142/127 122/140/122
f 127/143/127 128/144/128 121/135/121 122/136/122
f 124/138/124 129/145/129 126/141/126 125/139/125
f 116/130/116 130/146/130 131/147/131 132/148/132
f 65/73/65 60/68/60 133/149/133 132/148/132
f 133/149/133 117/131/117 116/130/116 132/148/132
f 134/150/134 135/151/135 136/152/136 137/153/137
f 138/154/138 139/155/139 134/150/134 137/153/137
f 136/152/136 140/156/140 141/157/141 137/153/137
f 142/158/142 143/159/143 144/160/144 140/156/140
f 145/161/145 146/162/146 147/163/147 148/164/148
f 149/165/149 142/158/142 145/161/145 148/164/148
f 147/163/147 150/166/150 149/165/149 148/164/148
f 142/158/142 149/165/149 151/167/151 143/159/143
f 151/167/151 152/168/152 144/160/144 143/159/143
f 132/148/132 131/147/131 153/169/153 154/170/154
f 155/171/155 65/73/65 132/148/132 154/170/154
f 156/172/156 157/173/157 155/171/155 154/170/154
f 158/174/158 159/175/159 160/176/160 161/177/161
f 160/178/160 162/179/162 163/180/163 161/181/161
f 153/169/153 164/182/164 156/172/156 154/170/154
f 149/165/149 150/166/150 165/183/165 151/167/151
f 166/184/166 167/185/167 152/168/152 151/167/151
f 168/186/168 169/187/169 170/188/170 171/189/171
f 172/190/172 173/191/173 168/186/168 171/189/171
f 170/188/170 141/157/141 140/156/140 171/189/171
f 174/192/174 175/193/175 172/190/172 171/189/171
f 174/192/174 176/194/176 177/195/177 175/193/175
f 165/183/165 178/196/178 166/184/166 151/167/151
f 179/197/179 180/198/180 155/171/155 157/173/157
f 156/172/156 181/199/181 182/200/182 157/173/157
f 177/195/177 183/201/183 172/190/172 175/193/175
f 182/200/182 184/202/184 179/197/179 157/173/157
f 185/203/185 186/204/186 187/205/187 188/206/188
f 187/205/187 189/207/189 190/208/190 188/206/188
f 191/209/191 192/210/192 185/203/185 188/206/188
f 190/208/190 193/211/193 191/209/191 188/206/188
f 194/212/194 195/213/195 196/214/196 197/215/197
f 198/216/198 199/217/199 194/212/194 197/215/197
f 196/214/196 200/218/200 198/216/198 197/215/197
f 201/219/201 199/217/199 198/216/198 202/220/202
f 203/221/203 204/222/204 201/223/201 202/224/202
f 205/225/205 206/226/206 203/221/203 202/224/202
f 198/216/198 200/218/200 207/227/207 202/220/202
f 207/227/207 208/228/208 205/229/205 202/220/202
f 209/230/209 210/231/210 211/232/211 212/233/212
f 211/232/211 213/234/213 214/235/214 212/233/212
f 214/235/214 215/236/215 209/230/209 212/233/212
f 205/229/205 208/228/208 216/237/216 213/238/213
f 216/237/216 217/239/217 214/240/214 213/238/213
f 218/241/218 206/226/206 205/225/205 213/234/213
f 211/232/211 219/242/219 218/241/218 213/234/213
f 220/243/220 221/244/221 222/245/222 223/246/223
f 224/247/224 225/248/225 220/243/220 223/246/223
f 226/249/226 227/250/227 228/251/228 229/252/229
f 230/253/230 231/254/231 226/249/226 229/252/229
f 228/251/228 232/255/232 230/253/230 229/252/229
f 233/256/233 234/257/234 235/258/235 236/259/236
f 235/260/235 237/261/237 238/262/238 236/263/236
f 190/208/190 189/207/189 233/264/233 236/263/236
f 207/227/207 200/218/200 239/265/239 240/266/240
f 208/228/208 207/227/207 240/266/240 241/267/241
f 239/265/239 242/268/242 241/267/241 240/266/240
f 243/269/243 244/270/244 216/237/216 208/228/208
f 241/267/241 245/271/245 243/269/243 208/228/208
f 238/262/238 193/211/193 190/208/190 236/263/236
f 242/268/242 246/272/246 245/271/245 241/267/241
f 247/273/247 248/274/248 249/275/249 250/276/250
f 249/275/249 251/277/251 252/278/252 250/276/250
f 252/278/252 253/279/253 247/273/247 250/276/250
f 247/273/247 253/279/253 254/280/254 255/281/255
f 256/282/256 257/283/257 258/284/258 255/281/255
f 254/280/254 259/285/259 256/282/256 255/281/255
f 260/286/260 248/274/248 247/273/247 255/281/255
f 232/255/232 261/287/261 262/288/262 263/289/263
f 264/290/264 230/253/230 232/255/232 263/289/263
f 262/288/262 265/291/265 264/290/264 263/289/263
f 245/271/245 246/272/246 266/292/266 267/293/267
f 268/294/268 243/269/243 245/271/245 267/293/267
f 266/292/266 269/295/269 268/294/268 267/293/267
f 270/296/270 271/297/271 272/298/272 273/299/273
f 272/298/272 274/300/274 275/301/275 273/299/273
f 275/301/275 276/302/276 270/296/270 273/299/273
f 275/301/275 274/300/274 260/286/260 255/281/255
f 258/284/258 276/302/276 275/301/275 255/281/255
f 277/303/277 278/304/278 279/305/279 280/306/280
f 279/307/279 281/308/281 282/309/282 280/310/280
f 282/311/282 283/312/283 277/303/277 280/306/280
f 281/308/281 264/290/264 265/291/265 282/309/282
f 265/291/265 284/313/284 285/314/285 282/309/282
f 285/315/285 286/316/286 283/312/283 282/311/282
f 287/317/287 288/318/288 289/319/289 269/295/269
f 290/320/290 291/321/291 268/294/268 269/295/269
f 289/319/289 284/313/284 290/320/290 269/295/269
f 248/274/248 292/322/292 251/277/251 249/275/249
f 266/292/266 293/323/293 294/324/294 269/295/269
f 294/324/294 295/325/295 287/317/287 269/295/269
f 296/326/296 297/327/297 298/328/298 299/329/299
f 298/328/298 300/330/300 301/331/301 299/329/299
f 301/331/301 302/332/302 296/326/296 299/329/299
f 303/333/303 304/334/304 305/335/305 306/336/306
f 307/337/307 308/338/308 309/339/309 310/340/310
f 311/341/311 312/342/312 307/337/307 310/340/310
f 309/339/309 313/343/313 311/341/311 310/340/310
f 248/274/248 260/286/260 314/344/314 292/322/292
f 315/345/315 316/346/316 303/333/303 292/322/292
f 314/344/314 317/347/317 315/345/315 292/322/292
f 313/343/313 309/339/309 302/332/302 301/331/301
f 318/348/318 319/349/319 313/343/313 301/331/301
f 300/330/300 320/350/320 318/348/318 301/331/301
f 288/318/288 321/351/321 322/352/322 323/353/323
f 322/354/322 324/355/324 325/356/325 323/357/323
f 325/356/325 326/358/326 327/359/327 323/357/323
f 328/360/328 289/319/289 288/318/288 323/353/323
f 327/359/327 329/361/329 328/362/328 323/357/323
f 317/347/317 319/349/319 330/363/330 315/345/315
f 330/363/330 331/364/331 332/365/332 315/345/315
f 325/356/325 333/366/333 334/367/334 326/358/326
f 334/367/334 335/368/335 327/359/327 326/358/326
f 319/349/319 318/348/318 336/369/336 330/363/330
f 336/369/336 337/370/337 331/364/331 330/363/330
f 303/333/303 316/346/316 338/371/338 304/334/304
f 339/372/339 340/373/340 341/374/341 304/334/304
f 338/375/338 342/376/342 339/377/339 304/378/304
f 343/379/343 344/380/344 345/381/345 346/382/346
f 347/383/347 348/384/348 343/379/343 346/382/346
f 345/381/345 349/385/349 347/383/347 346/382/346
f 350/386/350 351/387/351 352/388/352 353/389/353
f 354/390/354 355/391/355 350/392/350 353/393/353
f 352/394/352 356/395/356 354/390/354 353/393/353
f 345/381/345 344/380/344 355/391/355 354/390/354
f 357/396/357 349/385/349 345/381/345 354/390/354
f 356/395/356 358/397/358 357/396/357 354/390/354
f 359/398/359 360/399/360 361/400/361 362/401/362
f 361/400/361 363/402/363 364/403/364 362/401/362
f 364/403/364 365/404/365 359/398/359 362/401/362
f 366/405/366 367/406/367 368/407/368 369/408/369
f 370/409/370 371/410/371 366/405/366 369/408/369
f 368/407/368 372/411/372 370/409/370 369/408/369
f 373/412/373 374/413/374 375/414/375 376/415/376
f 377/416/377 373/412/373 376/415/376 378/417/378
f 375/414/375 379/418/379 378/417/378 376/415/376
f 380/419/380 381/420/381 382/421/382 383/422/383
f 382/421/382 384/423/384 385/424/385 383/422/383
f 360/399/360 386/425/386 380/426/380 383/427/383
f 385/428/385 387/429/387 388/430/388 383/427/383
f 388/430/388 361/400/361 360/399/360 383/427/383
f 384/423/384 389/431/389 387/432/387 385/424/385
f 390/433/390 391/434/391 375/414/375 374/413/374
f 373/412/373 392/435/392 390/433/390 374/413/374
f 393/436/393 394/437/394 395/438/395 396/439/396
f 397/440/397 393/436/393 396/439/396 398/441/398
f 395/438/395 399/442/399 398/441/398 396/439/396
f 400/443/400 401/444/401 402/445/402 403/446/403
f 404/447/404 405/448/405 400/443/400 403/446/403
f 406/449/406 407/450/407 408/451/408 403/446/403
f 402/445/402 409/452/409 406/449/406 403/446/403
f 408/451/408 410/453/410 404/447/404 403/446/403
f 411/454/411 378/417/378 398/455/398 399/456/399
f 412/457/412 413/458/413 414/459/414 415/460/415
f 416/461/416 417/462/417 412/457/412 415/460/415
f 418/463/418 419/464/419 416/461/416 415/460/415
f 420/465/420 421/466/421 422/467/422 415/460/415
f 414/459/414 423/468/423 420/465/420 415/460/415
f 424/469/424 425/470/425 426/471/426 427/472/427
f 428/473/428 418/463/418 415/460/415 422/467/422
f 421/466/421 429/474/429 428/473/428 422/467/422
f 423/468/423 430/475/430 421/466/421 420/465/420
f 425/470/425 431/476/431 432/477/432 426/471/426
f 432/477/432 433/478/433 434/479/434 426/471/426
f 435/480/435 436/481/436 437/482/437 438/483/438
f 433/478/433 432/477/432 435/484/435 438/485/438
f 437/482/437 439/486/439 433/487/433 438/483/438
f 413/458/413 440/488/440 441/489/441 442/490/442
f 443/491/443 414/459/414 413/458/413 442/490/442
f 441/489/441 444/492/444 443/491/443 442/490/442
f 423/468/423 414/459/414 443/491/443 445/493/445
f 443/491/443 446/494/446 447/495/447 445/493/445
f 447/495/447 430/475/430 423/468/423 445/493/445
f 448/496/448 449/497/449 450/498/450 451/499/451
f 452/500/452 448/496/448 451/499/451 453/501/453
f 450/498/450 454/502/454 453/501/453 451/499/451
f 439/486/439 455/503/455 444/504/444 441/505/441
f 367/406/367 456/506/456 457/507/457 368/407/368
f 458/508/458 459/509/459 372/510/372 368/511/368
f 457/512/457 460/513/460 458/508/458 368/511/368
f 461/514/461 462/515/462 391/434/391 390/433/390
f 392/435/392 463/516/463 461/514/461 390/433/390
f 464/517/464 465/518/465 387/429/387 389/519/389
f 408/451/408 407/450/407 464/520/464 389/431/389
f 384/423/384 466/521/466 467/522/467 389/431/389
f 467/522/467 410/453/410 408/451/408 389/431/389
f 468/523/468 469/524/469 470/525/470 471/526/471
f 470/525/470 472/527/472 473/528/473 471/526/471
f 456/506/456 474/529/474 475/530/475 457/507/457
f 476/531/476 477/532/477 460/513/460 457/512/457
f 475/533/475 478/534/478 476/531/476 457/512/457
f 479/535/479 480/536/480 481/537/481 482/538/482
f 483/539/483 484/540/484 479/535/479 482/538/482
f 399/442/399 395/438/395 485/541/485 411/542/411
f 486/543/486 377/416/377 378/417/378 411/454/411
f 487/544/487 488/545/488 486/543/486 411/454/411
f 485/541/485 489/546/489 487/547/487 411/542/411
f 490/548/490 491/549/491 492/550/492 493/551/493
f 494/552/494 495/553/495 490/548/490 493/551/493
f 492/550/492 496/554/496 494/552/494 493/551/493
f 497/555/497 498/556/498 459/509/459 458/508/458
f 499/557/499 500/558/500 501/559/501 478/534/478
f 475/533/475 502/560/502 499/557/499 478/534/478
f 503/561/503 504/562/504 505/563/505 506/564/506
f 505/563/505 507/565/507 508/566/508 506/564/506
f 508/566/508 509/567/509 503/561/503 506/564/506
f 488/545/488 510/568/510 377/416/377 486/543/486
f 511/569/511 512/570/512 444/504/444 455/503/455
f 439/486/439 437/482/437 513/571/513 455/503/455
f 513/571/513 514/572/514 511/569/511 455/503/455
f 468/523/468 515/573/515 516/574/516 517/575/517
f 516/574/516 518/576/518 519/577/519 517/575/517
f 520/578/520 469/524/469 468/523/468 517/575/517
f 521/579/521 522/580/522 520/578/520 517/575/517
f 519/577/519 523/581/523 521/579/521 517/575/517
f 524/582/524 525/583/525 526/584/526 527/585/527
f 526/584/526 528/586/528 529/587/529 527/585/527
f 530/588/530 531/589/531 524/582/524 527/585/527
f 507/565/507 532/590/532 533/591/533 508/566/508
f 534/592/534 535/593/535 509/567/509 508/566/508
f 533/591/533 536/594/536 534/592/534 508/566/508
f 526/584/526 525/583/525 537/595/537 538/596/538
f 539/597/539 528/586/528 526/584/526 538/596/538
f 540/598/540 541/599/541 530/600/530 527/601/527
f 542/602/542 543/603/543 544/604/544 545/605/545
f 546/606/546 547/607/547 542/602/542 545/605/545
f 548/608/548 549/609/549 550/610/550 551/611/551
f 552/612/552 553/613/553 548/614/548 551/615/551
f 550/616/550 554/617/554 555/618/555 551/615/551
f 555/618/555 556/619/556 552/612/552 551/615/551
f 557/620/557 558/621/558 522/622/522 559/623/559
f 560/624/560 557/620/557 559/623/559 561/625/561
f 522/580/522 521/579/521 561/626/561 559/627/559
f 529/587/529 562/628/562 540/629/540 527/585/527
f 563/630/563 564/631/564 565/632/565 566/633/566
f 565/632/565 567/634/567 568/635/568 566/633/566
f 568/635/568 569/636/569 563/630/563 566/633/566
f 570/637/570 571/638/571 569/636/569 572/639/572
f 573/640/573 574/641/574 570/637/570 572/639/572
f 569/636/569 568/635/568 575/642/575 572/639/572
f 576/643/576 577/644/577 573/640/573 572/639/572
f 578/645/578 579/646/579 580/647/580 581/648/581
f 582/649/582 583/650/583 578/645/578 581/648/581
f 580/647/580 584/651/584 582/649/582 581/648/581
f 585/652/585 586/653/586 587/654/587 588/655/588
f 587/656/587 589/657/589 590/658/590 588/659/588
f 591/660/591 592/661/592 593/662/593 594/663/594
f 595/664/595 596/665/596 591/666/591 594/667/594
f 597/668/597 598/669/598 595/664/595 594/667/594
f 599/670/599 600/671/600 601/672/601 602/673/602
f 601/672/601 603/674/603 604/675/604 602/673/602
f 605/676/605 606/677/606 599/670/599 602/673/602
f 607/678/607 608/679/608 605/676/605 602/673/602
f 604/675/604 609/680/609 607/678/607 602/673/602
f 593/681/593 610/682/610 597/668/597 594/667/594
f 611/683/611 574/641/574 573/640/573 612/684/612
f 573/640/573 577/644/577 613/685/613 612/684/612
f 613/685/613 614/686/614 611/683/611 612/684/612
f 576/643/576 615/687/615 616/688/616 617/689/617
f 618/690/618 619/691/619 620/692/620 617/689/617
f 616/688/616 621/693/621 618/690/618 617/689/617
f 622/694/622 577/644/577 576/643/576 617/689/617
f 623/695/623 613/685/613 577/644/577 622/694/622
f 619/696/619 618/697/618 624/698/624 625/699/625
f 626/700/626 614/686/614 613/685/613 623/695/623
f 627/701/627 628/702/628 626/700/626 623/695/623
f 629/703/629 630/704/630 627/701/627 623/695/623
f 622/694/622 620/692/620 629/703/629 623/695/623
f 631/705/631 632/706/632 619/691/619 625/707/625
f 620/692/620 619/691/619 630/704/630 629/703/629
f 608/679/608 607/678/607 633/708/633 634/709/634
f 633/708/633 635/710/635 636/711/636 634/709/634
f 636/711/636 637/712/637 608/679/608 634/709/634
f 632/706/632 638/713/638 639/714/639 619/691/619
f 625/699/625 640/715/640 641/716/641 631/717/631
f 641/716/641 642/718/642 643/719/643 631/717/631
f 644/720/644 645/721/645 646/722/646 647/723/647
f 646/722/646 648/724/648 649/725/649 647/723/647
f 650/726/650 651/727/651 628/702/628 652/728/652
f 628/702/628 627/701/627 653/729/653 652/728/652
f 639/714/639 654/730/654 630/704/630 619/691/619
f 631/705/631 655/731/655 638/713/638 632/706/632
f 656/732/656 657/733/657 635/710/635 609/680/609
f 658/734/658 659/735/659 650/726/650 652/728/652
f 653/729/653 660/736/660 658/734/658 652/728/652
f 635/710/635 657/733/657 661/737/661 662/738/662
f 663/739/663 664/740/664 665/741/665 662/738/662
f 661/737/661 666/742/666 663/739/663 662/738/662
f 667/743/667 589/744/589 587/745/587 668/746/668
f 587/654/587 586/653/586 669/747/669 668/748/668
f 670/749/670 671/750/671 667/743/667 668/746/668
f 669/747/669 672/751/672 670/752/670 668/748/668
f 673/753/673 674/754/674 675/755/675 676/756/676
f 648/724/648 677/757/677 673/753/673 676/756/676
f 675/755/675 649/725/649 648/724/648 676/756/676
f 675/755/675 674/754/674 678/758/678 679/759/679
f 680/760/680 649/725/649 675/755/675 679/759/679
f 681/761/681 682/762/682 683/763/683 679/759/679
f 684/764/684 685/765/685 686/766/686 687/767/687
f 686/766/686 672/751/672 669/747/669 687/767/687
f 678/758/678 674/754/674 688/768/688 689/769/689
f 690/770/690 691/771/691 678/772/678 689/773/689
f 688/774/688 692/775/692 690/770/690 689/773/689
f 674/754/674 673/753/673 693/776/693 688/768/688
f 684/764/684 694/777/694 695/778/695 685/765/685
f 695/778/695 696/779/696 697/780/697 685/765/685
f 698/781/698 699/782/699 700/783/700 701/784/701
f 702/785/702 703/786/703 704/787/704 701/788/701
f 700/789/700 705/790/705 702/785/702 701/788/701
f 706/791/706 707/792/707 708/793/708 709/794/709
f 708/793/708 710/795/710 711/796/711 709/794/709
f 711/796/711 712/797/712 706/791/706 709/794/709
f 713/798/713 714/799/714 715/800/715 716/801/716
f 715/800/715 717/802/717 718/803/718 716/801/716
f 718/803/718 719/804/719 713/798/713 716/801/716
f 708/793/708 707/792/707 714/799/714 713/798/713
f 720/805/720 721/806/721 722/807/722 723/808/723
f 710/795/710 724/809/724 725/810/725 723/808/723
f 722/807/722 711/796/711 710/795/710 723/808/723
f 726/811/726 727/812/727 720/813/720 723/814/723
f 725/815/725 728/816/728 726/811/726 723/814/723
f 724/809/724 710/795/710 708/793/708 713/798/713
f 719/804/719 729/817/729 724/809/724 713/798/713
f 714/799/714 730/818/730 717/802/717 715/800/715
f 731/819/731 732/820/732 733/821/733 734/822/734
f 735/823/735 736/824/736 731/819/731 734/822/734
f 737/825/737 738/826/738 735/823/735 734/822/734
f 706/791/706 712/797/712 739/827/739 740/828/740
f 739/827/739 741/829/741 742/830/742 740/828/740
f 742/830/742 707/792/707 706/791/706 740/828/740
f 743/831/743 744/832/744 745/833/745 741/829/741
f 746/834/746 747/835/747 743/831/743 741/829/741
f 739/827/739 748/836/748 746/834/746 741/829/741
f 745/833/745 749/837/749 742/830/742 741/829/741
f 750/838/750 751/839/751 752/840/752 753/841/753
f 754/842/754 750/838/750 753/841/753 755/843/755
f 752/840/752 756/844/756 755/843/755 753/841/753
f 717/802/717 757/845/757 719/804/719 718/803/718
f 757/845/757 758/846/758 759/847/759 719/804/719
f 749/837/749 760/848/760 761/849/761 762/850/762
f 707/792/707 742/830/742 749/837/749 762/850/762
f 761/849/761 763/851/763 730/818/730 762/850/762
f 760/848/760 764/852/764 763/851/763 761/849/761
f 765/853/765 766/854/766 767/855/767 768/856/768
f 767/855/767 769/857/769 770/858/770 768/856/768
f 770/858/770 771/859/771 765/853/765 768/856/768
f 772/860/772 727/812/727 726/811/726 773/861/773
f 726/811/726 728/816/728 774/862/774 773/861/773
f 774/862/774 775/863/775 772/860/772 773/861/773
f 776/864/776 777/865/777 778/866/778 752/840/752
f 779/867/779 780/868/780 756/844/756 752/840/752
f 781/869/781 782/870/782 783/871/783 784/872/784
f 783/871/783 785/873/785 786/874/786 784/872/784
f 786/874/786 787/875/787 781/869/781 784/872/784
f 703/786/703 702/785/702 788/876/788 783/871/783
f 788/876/788 789/877/789 785/873/785 783/871/783
f 772/860/772 775/863/775 789/877/789 788/876/788
f 776/864/776 790/878/790 791/879/791 777/865/777
f 791/879/791 792/880/792 778/866/778 777/865/777
f 793/881/793 794/882/794 795/883/795 796/884/796
f 797/885/797 798/886/798 793/887/793 796/888/796
f 799/889/799 800/890/800 797/885/797 796/888/796
f 795/891/795 801/892/801 799/889/799 796/888/796
f 802/893/802 803/894/803 778/866/778 792/880/792
f 804/895/804 747/835/747 802/893/802 792/880/792
f 805/896/805 806/897/806 804/895/804 792/880/792
f 791/879/791 807/898/807 805/896/805 792/880/792
f 808/899/808 809/900/809 810/901/810 811/902/811
f 812/903/812 813/904/813 808/899/808 811/902/811
f 764/852/764 814/905/814 815/906/815 816/907/816
f 817/908/817 763/851/763 764/852/764 816/907/816
f 815/906/815 818/909/818 819/910/819 816/907/816
f 810/901/810 820/911/820 812/903/812 811/902/811
f 819/910/819 821/912/821 817/908/817 816/907/816
f 822/913/822 823/914/823 813/904/813 812/903/812
f 820/911/820 824/915/824 822/913/822 812/903/812
f 825/916/825 826/917/826 827/918/827 828/919/828
f 786/874/786 785/873/785 825/916/825 828/919/828
f 829/920/829 830/921/830 820/911/820 810/901/810
f 831/922/831 832/923/832 829/920/829 810/901/810
f 809/900/809 833/924/833 831/922/831 810/901/810
f 834/925/834 835/926/835 836/927/836 837/928/837
f 836/927/836 838/929/838 839/930/839 837/928/837
f 839/930/839 840/931/840 834/925/834 837/928/837
f 835/926/835 841/932/841 842/933/842 836/927/836
f 842/933/842 843/934/843 844/935/844 836/927/836
f 844/935/844 845/936/845 838/929/838 836/927/836
f 846/937/846 847/938/847 848/939/848 849/940/849
f 848/939/848 850/941/850 826/917/826 849/940/849
f 826/917/826 825/916/825 846/937/846 849/940/849
f 851/942/851 852/943/852 853/944/853 854/945/854
f 853/944/853 855/946/855 856/947/856 854/945/854
f 857/948/857 858/949/858 851/942/851 854/945/854
f 856/947/856 850/950/850 859/951/859 854/945/854
f 830/921/830 829/920/829 860/952/860 861/953/861
f 860/952/860 862/954/862 863/955/863 861/953/861
f 864/956/864 865/957/865 830/921/830 861/953/861
f 863/955/863 866/958/866 867/959/867 861/953/861
f 867/959/867 868/960/868 864/956/864 861/953/861
f 869/961/869 870/962/870 871/963/871 872/964/872
f 873/965/873 874/966/874 869/961/869 872/964/872
f 871/963/871 875/967/875 873/965/873 872/964/872
f 876/968/876 877/969/877 827/918/827 878/970/878
f 879/971/879 880/972/880 876/973/876 878/974/878
f 848/939/848 881/975/881 859/976/859 850/941/850
f 856/947/856 879/971/879 878/974/878 850/950/850
f 878/970/878 827/918/827 826/917/826 850/941/850
f 882/977/882 883/978/883 884/979/884 885/980/885
f 886/981/886 887/982/887 882/977/882 885/980/885
f 884/979/884 888/983/888 886/981/886 885/980/885
f 831/922/831 833/924/833 874/966/874 873/965/873
f 889/984/889 832/923/832 831/922/831 873/965/873
f 890/985/890 891/986/891 892/987/892 893/988/893
f 894/989/894 895/990/895 890/985/890 893/988/893
f 892/987/892 896/991/896 894/989/894 893/988/893
f 873/992/873 875/993/875 897/994/897 889/995/889
f 897/994/897 898/996/898 899/997/899 889/995/889
f 899/997/899 900/998/900 901/999/901 889/995/889
f 902/1000/902 903/1001/903 904/1002/904 905/1003/905
f 906/1004/906 907/1005/907 902/1000/902 905/1003/905
f 904/1002/904 908/1006/908 906/1004/906 905/1003/905
f 909/1007/909 910/1008/910 911/1009/911 912/1010/912
f 911/1009/911 913/1011/913 914/1012/914 912/1010/912
f 914/1012/914 915/1013/915 909/1007/909 912/1010/912
f 875/993/875 916/1014/916 898/996/898 897/994/897
f 917/1015/917 918/1016/918 919/1017/919 920/1018/920
f 921/1019/921 922/1020/922 917/1015/917 920/1018/920
f 919/1017/919 923/1021/923 924/1022/924 920/1018/920
f 916/1023/916 925/1024/925 926/1025/926 898/1026/898
f 926/1027/926 927/1028/927 928/1029/928 898/996/898
f 928/1029/928 929/1030/929 930/1031/930 898/996/898
f 931/1032/931 932/1033/932 933/1034/933 934/1035/934
f 911/1009/911 910/1008/910 931/1036/931 934/1037/934
f 935/1038/935 913/1011/913 911/1009/911 934/1037/934
f 933/1034/933 936/1039/936 935/1040/935 934/1035/934
f 937/1041/937 938/1042/938 48/1043/48 939/1044/939
f 940/1045/940 941/1046/941 937/1047/937 939/1048/939
f 48/1049/48 47/1050/47 940/1045/940 939/1048/939
f 942/1051/942 943/1052/943 918/1016/918 917/1015/917
f 944/1053/944 945/1054/945 946/1055/946 947/1056/947
f 946/1055/946 948/1057/948 949/1058/949 947/1056/947
f 930/1031/930 950/1059/950 899/997/899 898/996/898
f 951/1060/951 952/1061/952 941/1046/941 940/1045/940
f 47/1050/47 50/1062/50 953/1063/953 940/1045/940
f 953/1063/953 954/1064/954 951/1060/951 940/1045/940
f 41/46/41 955/1065/955 956/1066/956 42/47/42
f 956/1066/956 957/1067/957 43/48/43 42/47/42
f 958/1068/958 959/1069/959 960/1070/960 961/1071/961
f 960/1070/960 962/1072/962 955/1065/955 961/1071/961
f 955/1065/955 41/46/41 46/51/46 961/1071/961
f 963/1073/963 964/1074/964 960/1070/960 959/1069/959
f 958/1068/958 965/1075/965 963/1073/963 959/1069/959
f 958/1068/958 966/1076/966 967/1077/967 965/1075/965
f 967/1077/967 968/1078/968 963/1073/963 965/1075/965
f 969/1079/969 966/1076/966 958/1068/958 970/1080/970
f 971/1081/971 972/1082/972 969/1079/969 970/1080/970
f 46/51/46 973/1083/973 971/1081/971 970/1080/970
f 974/1084/974 975/1085/975 972/1082/972 971/1081/971
f 973/1083/973 944/1053/944 976/1086/976 971/1081/971
f 977/1087/977 945/1054/945 944/1053/944 973/1083/973
f 46/51/46 45/50/45 978/1088/978 973/1083/973
f 979/1089/979 980/1090/980 981/1091/981 982/1092/982
f 981/1091/981 983/1093/983 984/1094/984 982/1092/982
f 985/1095/985 986/1096/986 979/1089/979 982/1092/982
f 954/1064/954 953/1063/953 987/1097/987 988/1098/988
f 989/1099/989 990/1100/990 954/1064/954 988/1098/988
f 987/1097/987 991/1101/991 992/1102/992 988/1098/988
f 993/1103/993 994/1104/994 995/1105/995 996/1106/996
f 997/1107/997 998/1108/998 993/1103/993 996/1106/996
f 995/1105/995 999/1109/999 997/1107/997 996/1106/996
f 1000/1110/1000 1001/1111/1001 966/1076/966 969/1079/969
f 972/1082/972 1002/1112/1002 1003/1113/1003 969/1079/969
f 1003/1113/1003 1004/1114/1004 1000/1110/1000 969/1079/969
f 1001/1111/1001 1000/1110/1000 1005/1115/1005 1006/1116/1006
f 1007/1117/1007 1008/1118/1008 1001/1111/1001 1006/1116/1006
f 1005/1115/1005 1009/1119/1009 1007/1117/1007 1006/1116/1006
f 992/1102/992 1010/1120/1010 989/1099/989 988/1098/988
f 1011/1121/1011 1012/1122/1012 1013/1123/1013 1014/1124/1014
f 1013/1123/1013 1015/1125/1015 1016/1126/1016 1014/1124/1014
f 1016/1126/1016 997/1107/997 999/1109/999 1014/1124/1014
f 1017/1127/1017 952/1061/952 951/1060/951 1018/1128/1018
f 1019/1129/1019 1020/1130/1020 1017/1127/1017 1018/1128/1018
f 1021/1131/1021 1022/1132/1022 1019/1129/1019 1018/1128/1018
f 951/1060/951 954/1064/954 990/1100/990 1018/1128/1018
f 990/1100/990 1023/1133/1023 1021/1131/1021 1018/1128/1018
f 989/1099/989 1010/1120/1010 1024/1134/1024 1025/1135/1025
f 1023/1133/1023 990/1100/990 989/1099/989 1025/1135/1025
f 1024/1134/1024 1026/1136/1026 1023/1133/1023 1025/1135/1025
f 1026/1136/1026 1027/1137/1027 1028/1138/1028 1029/1139/1029
f 1021/1131/1021 1023/1133/1023 1026/1136/1026 1029/1139/1029
f 1030/1140/1030 1022/1132/1022 1021/1131/1021 1029/1139/1029
f 1031/1141/1031 1015/1142/1015 1032/1143/1032 1033/1144/1033
f 1032/1143/1032 1034/1145/1034 1035/1146/1035 1033/1144/1033
f 1035/1146/1035 1036/1147/1036 1031/1141/1031 1033/1144/1033
f 1031/1141/1031 1037/1148/1037 1038/1149/1038 1015/1142/1015
f 1013/1150/1013 1039/1151/1039 1032/1143/1032 1015/1142/1015
f 1040/1152/1040 979/1089/979 986/1096/986 1041/1153/1041
f 986/1154/986 1029/1139/1029 1028/1138/1028 1041/1155/1041
f 1042/1156/1042 1043/1157/1043 1044/1158/1044 1041/1159/1041
f 1045/1160/1045 1046/1161/1046 1047/1162/1047 1009/1119/1009
f 1047/1162/1047 1048/1163/1048 1007/1117/1007 1009/1119/1009
f 1049/1164/1049 1050/1165/1050 1045/1160/1045 1009/1119/1009
f 1005/1115/1005 1051/1166/1051 1049/1164/1049 1009/1119/1009
f 1052/1167/1052 1053/1168/1053 1042/1169/1042 1041/1155/1041
f 1028/1138/1028 1054/1170/1054 1052/1167/1052 1041/1155/1041
f 1055/1171/1055 1056/1172/1056 1057/1173/1057 1058/1174/1058
f 1057/1173/1057 1059/1175/1059 1060/1176/1060 1058/1174/1058
f 1060/1176/1060 1061/1177/1061 1055/1171/1055 1058/1174/1058
f 1062/1178/1062 1060/1176/1060 1059/1175/1059 1063/1179/1063
f 1064/1180/1064 1065/1181/1065 1062/1178/1062 1063/1179/1063
f 1059/1175/1059 1034/1145/1034 1066/1182/1066 1063/1179/1063
f 1066/1182/1066 1067/1183/1067 1068/1184/1068 1063/1179/1063
f 1068/1184/1068 1069/1185/1069 1064/1180/1064 1063/1179/1063
f 1070/1186/1070 1071/1187/1071 1072/1188/1072 1073/1189/1073
f 1074/1190/1074 1075/1191/1075 1076/1192/1076 1073/1193/1073
f 1072/1194/1072 1077/1195/1077 1074/1190/1074 1073/1193/1073
f 1078/1196/1078 1050/1165/1050 1070/1197/1070 1073/1198/1073
f 1076/1192/1076 1079/1199/1079 1078/1200/1078 1073/1193/1073
f 1080/1201/1080 1081/1202/1081 1082/1203/1082 1083/1204/1083
f 1084/1205/1084 1085/1206/1085 1086/1207/1086 1083/1204/1083
f 1086/1207/1086 1087/1208/1087 1080/1201/1080 1083/1204/1083
f 1082/1203/1082 1088/1209/1088 1089/1210/1089 1083/1204/1083
f 1075/1191/1075 1090/1211/1090 1079/1199/1079 1076/1192/1076
f 1091/1212/1091 1092/1213/1092 1093/1214/1093 1081/1202/1081
f 1093/1214/1093 1094/1215/1094 1095/1216/1095 1081/1202/1081
f 1095/1216/1095 1096/1217/1096 1082/1203/1082 1081/1202/1081
f 1097/1218/1097 1098/1219/1098 1099/1220/1099 1100/1221/1100
f 1099/1220/1099 1101/1222/1101 1102/1223/1102 1100/1221/1100
f 1102/1223/1102 1103/1224/1103 1104/1225/1104 1100/1221/1100
f 1104/1225/1104 1105/1226/1105 1097/1218/1097 1100/1221/1100
f 1106/1227/1106 1088/1209/1088 1082/1203/1082 1096/1217/1096
f 1095/1216/1095 1107/1228/1107 1106/1227/1106 1096/1217/1096
f 1108/1229/1108 1109/1230/1109 1110/1231/1110 1111/1232/1111
f 1110/1231/1110 1112/1233/1112 1113/1234/1113 1111/1232/1111
f 1113/1234/1113 1114/1235/1114 1108/1229/1108 1111/1232/1111
f 1115/1236/1115 1114/1235/1114 1113/1234/1113 1116/1237/1116
f 1117/1238/1117 1118/1239/1118 1115/1236/1115 1116/1237/1116
f 1113/1234/1113 1112/1233/1112 1119/1240/1119 1116/1237/1116
f 1120/1241/1120 1121/1242/1121 1117/1238/1117 1116/1237/1116
f 1119/1240/1119 1122/1243/1122 1120/1241/1120 1116/1237/1116
f 1123/1244/1123 1124/1245/1124 1125/1246/1125 1126/1247/1126
f 1127/1248/1127 1128/1249/1128 1123/1244/1123 1126/1247/1126
f 1125/1246/1125 1129/1250/1129 1127/1248/1127 1126/1247/1126
f 1124/1245/1124 1130/1251/1130 1131/1252/1131 1125/1246/1125
f 1131/1252/1131 1132/1253/1132 1133/1254/1133 1125/1246/1125
f 1133/1254/1133 1134/1255/1134 1129/1250/1129 1125/1246/1125
f 1135/1256/1135 1136/1257/1136 1137/1258/1137 1138/1259/1138
f 1137/1258/1137 1139/1260/1139 1140/1261/1140 1138/1259/1138
f 1140/1262/1140 1141/1263/1141 1135/1264/1135 1138/1265/1138
f 1139/1260/1139 1142/1266/1142 1143/1267/1143 1140/1261/1140
f 1144/1268/1144 1145/1269/1145 1146/1270/1146 1147/1271/1147
f 1148/1272/1148 1149/1273/1149 1144/1268/1144 1147/1271/1147
f 1150/1274/1150 1151/1275/1151 1148/1272/1148 1147/1271/1147
f 1146/1270/1146 1152/1276/1152 1153/1277/1153 1147/1271/1147
f 1153/1277/1153 1154/1278/1154 1150/1274/1150 1147/1271/1147
f 1155/1279/1155 1143/1267/1143 1156/1280/1156 1157/1281/1157
f 1158/1282/1158 1159/1283/1159 1155/1284/1155 1157/1285/1157
f 1160/1286/1160 1161/1287/1161 1158/1282/1158 1157/1285/1157
f 1154/1278/1154 1162/1288/1162 1151/1275/1151 1150/1274/1150
f 1163/1289/1163 1164/1290/1164 1158/1282/1158 1161/1287/1161
f 1165/1291/1165 1166/1292/1166 1163/1293/1163 1161/1294/1161
f 1167/1295/1167 1168/1296/1168 1165/1297/1165 1161/1298/1161
f 1169/1299/1169 1170/1300/1170 1171/1301/1171 1172/1302/1172
f 1173/1303/1173 1174/1304/1174 1170/1300/1170 1175/1305/1175
f 1170/1300/1170 1169/1299/1169 1176/1306/1176 1175/1305/1175
f 1176/1307/1176 1177/1308/1177 1173/1309/1173 1175/1310/1175
f 1174/1304/1174 1173/1303/1173 1178/1311/1178 1179/1312/1179
f 1178/1313/1178 1180/1314/1180 1181/1315/1181 1179/1316/1179
f 1181/1317/1181 1182/1318/1182 1174/1304/1174 1179/1312/1179
f 1173/1309/1173 1177/1308/1177 1180/1314/1180 1178/1313/1178
f 1161/1287/1161 1160/1286/1160 1183/1319/1183 1167/1320/1167
f 1183/1321/1183 1184/1322/1184 1168/1296/1168 1167/1295/1167
f 1185/1323/1185 1186/1324/1186 1187/1325/1187 1188/1326/1188
f 1187/1325/1187 1189/1327/1189 1190/1328/1190 1188/1326/1188
f 1190/1328/1190 1191/1329/1191 1185/1323/1185 1188/1326/1188
f 1156/1280/1156 1143/1267/1143 1142/1266/1142 1192/1330/1192
f 1142/1266/1142 1193/1331/1193 1194/1332/1194 1192/1330/1192
f 1195/1333/1195 1196/1334/1196 1156/1335/1156 1192/1336/1192
f 1197/1337/1197 1198/1338/1198 1195/1339/1195 1192/1330/1192
f 1187/1325/1187 1199/1340/1199 1200/1341/1200 1189/1327/1189
f 1200/1341/1200 1201/1342/1201 1202/1343/1202 1189/1327/1189
f 1203/1344/1203 1204/1345/1204 1190/1328/1190 1189/1327/1189
f 1202/1343/1202 1205/1346/1205 1203/1344/1203 1189/1327/1189
f 38/1347/38 1206/1348/1206 1207/1349/1207 1208/1350/1208
f 29/29/29 1209/1351/1209 1210/1352/1210 31/31/31
f 1210/1353/1210 1211/1354/1211 40/43/40 31/1355/31
f 38/1347/38 1208/1350/1208 1212/1356/1212 30/30/30
f 1212/1356/1212 24/24/24 22/22/22 30/30/30
f 1213/1357/1213 1214/1358/1214 1215/1359/1215 1216/1360/1216
f 1217/1361/1217 1218/1362/1218 1213/1363/1213 1216/1364/1216
f 1219/1365/1219 1220/1366/1220 1212/1356/1212 1208/1350/1208
f 1207/1349/1207 1221/1367/1221 1222/1368/1222 1208/1350/1208
f 1142/1266/1142 1139/1260/1139 1223/1369/1223 1193/1331/1193
f 1223/1369/1223 1224/1370/1224 1204/1345/1204 1193/1331/1193
f 1204/1345/1204 1203/1344/1203 1225/1371/1225 1193/1331/1193
f 1225/1371/1225 1226/1372/1226 1194/1332/1194 1193/1331/1193
f 1227/1373/1227 1228/1374/1228 1191/1329/1191 1224/1370/1224
f 1191/1329/1191 1190/1328/1190 1204/1345/1204 1224/1370/1224
f 1223/1369/1223 1229/1375/1229 1227/1373/1227 1224/1370/1224
f 1184/1322/1184 1183/1321/1183 1230/1376/1230 1231/1377/1231
f 1230/1376/1230 1232/1378/1232 1233/1379/1233 1231/1377/1231
f 1233/1379/1233 1234/1380/1234 1235/1381/1235 1231/1377/1231
f 1197/1337/1197 1236/1382/1236 1237/1383/1237 1198/1338/1198
f 1237/1384/1237 1238/1385/1238 1235/1386/1235 1198/1387/1198
f 1239/1388/1239 1210/1352/1210 1209/1351/1209 1240/1389/1240
f 1209/1351/1209 23/23/23 28/28/28 1240/1389/1240
f 1241/1390/1241 1242/1391/1242 1239/1388/1239 1240/1389/1240
f 28/28/28 27/27/27 1220/1366/1220 1240/1389/1240
f 5/5/5 7/7/7 1241/1390/1241 1240/1389/1240
f 1243/1392/1243 1240/1389/1240 1220/1366/1220 1219/1365/1219
f 1243/1392/1243 6/6/6 5/5/5 1240/1389/1240
f 1244/1393/1244 1210/1352/1210 1239/1388/1239 1242/1391/1242
f 1241/1394/1241 1245/1395/1245 1246/1396/1246 1242/1397/1242
f 1246/1396/1246 1247/1398/1247 1248/1399/1248 1242/1397/1242
f 1248/1400/1248 1217/1401/1217 1244/1393/1244 1242/1391/1242
f 1219/1365/1219 15/15/15 6/6/6 1243/1392/1243
f 1222/1368/1222 1221/1367/1221 1249/1402/1249 1219/1365/1219
f 1250/1403/1250 1251/1404/1251 1252/1405/1252 1221/1406/1221
f 1252/1405/1252 1253/1407/1253 1249/1408/1249 1221/1406/1221
f 1237/1383/1237 1236/1382/1236 1254/1409/1254 1255/1410/1255
f 1254/1409/1254 1256/1411/1256 1257/1412/1257 1255/1410/1255
f 1257/1413/1257 1238/1385/1238 1237/1384/1237 1255/1414/1255
f 1256/1411/1256 1258/1415/1258 1259/1416/1259 1257/1412/1257
f 1259/1417/1259 1260/1418/1260 1261/1419/1261 1257/1413/1257
f 1261/1419/1261 1262/1420/1262 1238/1385/1238 1257/1413/1257
f 1263/1421/1263 1264/1422/1264 1265/1423/1265 1266/1424/1266
f 1267/1425/1267 1256/1411/1256 1263/1421/1263 1266/1424/1266
f 1265/1423/1265 1247/1426/1247 1267/1425/1267 1266/1424/1266
f 1267/1425/1267 1268/1427/1268 1258/1415/1258 1256/1411/1256
f 1254/1409/1254 1269/1428/1269 1263/1421/1263 1256/1411/1256
f 1251/1404/1251 1262/1420/1262 1261/1419/1261 1252/1405/1252
f 1247/1398/1247 1246/1396/1246 1270/1429/1270 1267/1430/1267
f 1270/1431/1270 1271/1432/1271 1268/1427/1268 1267/1425/1267
f 1270/1429/1270 1272/1433/1272 1253/1407/1253 1273/1434/1273
f 1261/1419/1261 1260/1418/1260 1274/1435/1274 1273/1434/1273
f 1274/1435/1274 1271/1436/1271 1270/1429/1270 1273/1434/1273
f 1275/1437/1275 1276/1438/1276 1277/1439/1277 1278/1440/1278
f 1277/1439/1277 1279/1441/1279 1280/1442/1280 1278/1440/1278
f 1280/1443/1280 1281/1444/1281 1275/1445/1275 1278/1446/1278
f 1276/1438/1276 1282/1447/1282 1279/1441/1279 1277/1439/1277
f 1280/1442/1280 1279/1441/1279 1283/1448/1283 1284/1449/1284
f 1283/1450/1283 1285/1451/1285 1286/1452/1286 1284/1453/1284
f 1286/1452/1286 1281/1444/1281 1280/1443/1280 1284/1453/1284
f 1279/1441/1279 1282/1447/1282 1285/1454/1285 1283/1448/1283
f 1287/1455/1287 1288/1456/1288 1289/1457/1289 1290/1458/1290
f 1291/1459/1291 1292/1460/1292 1287/1461/1287 1290/1462/1290
f 1289/1457/1289 1293/1463/1293 1291/1464/1291 1290/1458/1290
f 1294/1465/1294 1295/1466/1295 1296/1467/1296 1293/1463/1293
f 1296/1467/1296 1297/1468/1297 1291/1464/1291 1293/1463/1293
f 1289/1457/1289 1298/1469/1298 1294/1465/1294 1293/1463/1293
f 1299/1470/1299 1300/1471/1300 1294/1465/1294 1298/1469/1298
f 1289/1457/1289 1288/1456/1288 163/180/163 1298/1469/1298
f 163/180/163 162/179/162 1299/1470/1299 1298/1469/1298
f 1301/1472/1301 1302/1473/1302 1303/1474/1303 1300/1471/1300
f 1303/1474/1303 1295/1466/1295 1294/1465/1294 1300/1471/1300
f 1299/1470/1299 1304/1475/1304 1301/1472/1301 1300/1471/1300
f 1305/1476/1305 1306/1477/1306 1301/1472/1301 1304/1475/1304
f 1299/1470/1299 162/179/162 1307/1478/1307 1304/1475/1304
f 1307/1478/1307 1308/1479/1308 1305/1476/1305 1304/1475/1304
f 1309/1480/1309 164/182/164 1305/1476/1305 1308/1479/1308
f 1307/1478/1307 1310/1481/1310 1311/1482/1311 1308/1479/1308
f 1311/1482/1311 1312/1483/1312 1309/1480/1309 1308/1479/1308
f 1313/1484/1313 181/199/181 1309/1480/1309 1312/1483/1312
f 1311/1485/1311 1314/1486/1314 1315/1487/1315 1312/1488/1312
f 1315/1487/1315 1316/1489/1316 1313/1490/1313 1312/1488/1312
f 1317/1491/1317 1318/1492/1318 1313/1490/1313 1316/1489/1316
f 1315/1487/1315 169/187/169 168/186/168 1316/1489/1316
f 168/186/168 173/191/173 1317/1491/1317 1316/1489/1316
f 1319/1493/1319 184/202/184 182/200/182 1318/1494/1318
f 182/200/182 181/199/181 1313/1484/1313 1318/1494/1318
f 1317/1491/1317 1320/1495/1320 1319/1496/1319 1318/1492/1318
f 234/257/234 233/256/233 1319/1496/1319 1320/1495/1320
f 1317/1491/1317 173/191/173 1321/1497/1321 1320/1495/1320
f 1321/1497/1321 1322/1498/1322 234/257/234 1320/1495/1320
f 1323/1499/1323 235/258/235 234/257/234 1322/1498/1322
f 1321/1497/1321 183/201/183 1324/1500/1324 1322/1498/1322
f 1324/1500/1324 1325/1501/1325 1323/1499/1323 1322/1498/1322
f 1326/1502/1326 1327/1503/1327 1323/1499/1323 1325/1501/1325
f 1324/1500/1324 1328/1504/1328 1329/1505/1329 1325/1501/1325
f 1329/1505/1329 1330/1506/1330 1326/1502/1326 1325/1501/1325
f 1331/1507/1331 1332/1508/1332 1326/1502/1326 1330/1506/1330
f 1329/1505/1329 1333/1509/1333 1334/1510/1334 1330/1506/1330
f 1334/1510/1334 1335/1511/1335 1331/1507/1331 1330/1506/1330
f 1336/1512/1336 1337/1513/1337 1331/1507/1331 1335/1511/1335
f 1334/1510/1334 1338/1514/1338 1339/1515/1339 1335/1511/1335
f 1339/1515/1339 1340/1516/1340 1336/1512/1336 1335/1511/1335
f 1338/1514/1338 1341/1517/1341 225/248/225 1339/1515/1339
f 225/248/225 224/247/224 1340/1516/1340 1339/1515/1339
f 1338/1514/1338 1342/1518/1342 1343/1519/1343 1341/1517/1341
f 1343/1519/1343 1344/1520/1344 1345/1521/1345 1341/1517/1341
f 1345/1521/1345 220/243/220 225/248/225 1341/1517/1341
f 1344/1520/1344 1346/1522/1346 1347/1523/1347 1345/1521/1345
f 1347/1523/1347 221/244/221 220/243/220 1345/1521/1345
f 1346/1522/1346 1348/1524/1348 1349/1525/1349 1347/1523/1347
f 1349/1525/1349 204/222/204 221/244/221 1347/1523/1347
f 1348/1524/1348 1350/1526/1350 1351/1527/1351 1349/1525/1349
f 1351/1527/1351 201/223/201 204/222/204 1349/1525/1349
f 1350/1528/1350 1352/1529/1352 1353/1530/1353 1351/1531/1351
f 1353/1530/1353 199/217/199 201/219/201 1351/1531/1351
f 1352/1529/1352 1354/1532/1354 1355/1533/1355 1353/1530/1353
f 1355/1533/1355 194/212/194 199/217/199 1353/1530/1353
f 1354/1532/1354 1356/1534/1356 1357/1535/1357 1355/1533/1355
f 1357/1535/1357 195/213/195 194/212/194 1355/1533/1355
f 1356/1534/1356 185/203/185 192/210/192 1357/1535/1357
f 192/210/192 1358/1536/1358 195/213/195 1357/1535/1357
f 1359/1537/1359 196/214/196 195/213/195 1358/1536/1358
f 192/210/192 191/209/191 1360/1538/1360 1358/1536/1358
f 1360/1538/1360 1361/1539/1361 1359/1537/1359 1358/1536/1358
f 1362/1540/1362 239/265/239 1359/1537/1359 1361/1539/1361
f 1360/1538/1360 1363/1541/1363 1364/1542/1364 1361/1539/1361
f 1364/1542/1364 1365/1543/1365 1362/1540/1362 1361/1539/1361
f 1366/1544/1366 1367/1545/1367 1362/1540/1362 1365/1543/1365
f 1364/1542/1364 1368/1546/1368 1369/1547/1369 1365/1543/1365
f 1369/1547/1369 1370/1548/1370 1366/1544/1366 1365/1543/1365
f 1371/1549/1371 1372/1550/1372 1366/1544/1366 1370/1548/1370
f 1369/1547/1369 1373/1551/1373 1374/1552/1374 1370/1548/1370
f 1374/1552/1374 340/1553/340 1371/1549/1371 1370/1548/1370
f 1373/1551/1373 1375/1554/1375 1376/1555/1376 1374/1552/1374
f 1376/1556/1376 341/374/341 340/373/340 1374/1557/1374
f 1375/1558/1375 1377/1559/1377 1378/1560/1378 1376/1556/1376
f 1378/1560/1378 1379/1561/1379 341/374/341 1376/1556/1376
f 305/335/305 304/334/304 341/374/341 1379/1561/1379
f 1378/1560/1378 254/280/254 253/279/253 1379/1561/1379
f 253/279/253 252/278/252 305/335/305 1379/1561/1379
f 1377/1559/1377 259/285/259 254/280/254 1378/1560/1378
f 1375/1558/1375 1380/1562/1380 1381/1563/1381 1377/1559/1377
f 1381/1563/1381 1337/1513/1337 259/285/259 1377/1559/1377
f 1380/1562/1380 1382/1564/1382 1332/1508/1332 1381/1563/1381
f 1332/1508/1332 1331/1507/1331 1337/1513/1337 1381/1563/1381
f 1380/1562/1380 1383/1565/1383 1384/1566/1384 1382/1564/1382
f 1384/1566/1384 237/1567/237 1327/1503/1327 1382/1564/1382
f 1327/1503/1327 1326/1502/1326 1332/1508/1332 1382/1564/1382
f 1383/1568/1383 1368/1546/1368 1385/1569/1385 1384/1570/1384
f 1385/1569/1385 238/262/238 237/261/237 1384/1570/1384
f 1368/1546/1368 1364/1542/1364 1363/1541/1363 1385/1569/1385
f 1363/1541/1363 193/211/193 238/262/238 1385/1569/1385
f 1373/1551/1373 1369/1547/1369 1368/1546/1368 1383/1568/1383
f 1380/1562/1380 1375/1558/1375 1373/1571/1373 1383/1565/1383
f 1386/1572/1386 293/323/293 1387/1573/1387 1372/1550/1372
f 1387/1573/1387 1367/1545/1367 1366/1544/1366 1372/1550/1372
f 1371/1549/1371 1388/1574/1388 1386/1572/1386 1372/1550/1372
f 1389/1575/1389 1390/1576/1390 1386/1572/1386 1388/1574/1388
f 1371/1549/1371 340/1553/340 339/377/339 1388/1574/1388
f 339/377/339 342/376/342 1389/1575/1389 1388/1574/1388
f 1391/1577/1391 295/325/295 294/324/294 1390/1576/1390
f 294/324/294 293/323/293 1386/1572/1386 1390/1576/1390
f 1389/1575/1389 1392/1578/1392 1391/1577/1391 1390/1576/1390
f 1393/1579/1393 1394/1580/1394 1391/1577/1391 1392/1578/1392
f 1389/1575/1389 342/376/342 1395/1581/1395 1392/1578/1392
f 1395/1582/1395 1396/1583/1396 1393/1584/1393 1392/1585/1392
f 1397/1586/1397 1398/1587/1398 1393/1584/1393 1396/1583/1396
f 1395/1582/1395 1399/1588/1399 1400/1589/1400 1396/1583/1396
f 1400/1589/1400 1401/1590/1401 1397/1586/1397 1396/1583/1396
f 453/501/453 454/502/454 1397/1586/1397 1401/1590/1401
f 1400/1589/1400 1402/1591/1402 1403/1592/1403 1401/1590/1401
f 1403/1592/1403 1404/1593/1404 453/501/453 1401/1590/1401
f 1405/1594/1405 452/500/452 453/501/453 1404/1593/1404
f 1403/1592/1403 1406/1595/1406 1407/1596/1407 1404/1593/1404
f 1407/1596/1407 1408/1597/1408 1405/1594/1405 1404/1593/1404
f 1407/1596/1407 1409/1598/1409 1410/1599/1410 1408/1597/1408
f 1410/1599/1410 462/515/462 1411/1600/1411 1408/1597/1408
f 1411/1600/1411 1412/1601/1412 1405/1594/1405 1408/1597/1408
f 1413/1602/1413 480/536/480 1414/1603/1414 1412/1601/1412
f 1414/1603/1414 452/500/452 1405/1594/1405 1412/1601/1412
f 1411/1600/1411 1415/1604/1415 1413/1602/1413 1412/1601/1412
f 1411/1600/1411 462/515/462 461/514/461 1415/1604/1415
f 461/514/461 463/516/463 1416/1605/1416 1415/1604/1415
f 1416/1605/1416 1417/1606/1417 1413/1602/1413 1415/1604/1415
f 1418/1607/1418 1419/1608/1419 481/537/481 1417/1606/1417
f 481/537/481 480/536/480 1413/1602/1413 1417/1606/1417
f 1416/1605/1416 1420/1609/1420 1418/1607/1418 1417/1606/1417
f 1416/1605/1416 463/516/463 1421/1610/1421 1420/1609/1420
f 1421/1610/1421 1422/1611/1422 1423/1612/1423 1420/1609/1420
f 1423/1612/1423 1424/1613/1424 1418/1607/1418 1420/1609/1420
f 1425/1614/1425 539/597/539 1426/1615/1426 1424/1613/1424
f 1426/1615/1426 1419/1608/1419 1418/1607/1418 1424/1613/1424
f 1423/1612/1423 1427/1616/1427 1425/1614/1425 1424/1613/1424
f 1423/1612/1423 1422/1611/1422 1428/1617/1428 1427/1616/1427
f 1428/1617/1428 1429/1618/1429 1430/1619/1430 1427/1616/1427
f 1430/1619/1430 1431/1620/1431 1425/1614/1425 1427/1616/1427
f 1432/1621/1432 529/587/529 528/586/528 1431/1620/1431
f 528/586/528 539/597/539 1425/1614/1425 1431/1620/1431
f 1430/1619/1430 1433/1622/1433 1432/1621/1432 1431/1620/1431
f 1430/1619/1430 1429/1618/1429 1434/1623/1434 1433/1622/1433
f 1434/1623/1434 1435/1624/1435 1436/1625/1436 1433/1622/1433
f 1436/1625/1436 1437/1626/1437 1432/1621/1432 1433/1622/1433
f 1436/1627/1436 1438/1628/1438 1439/1629/1439 1437/1630/1437
f 1439/1631/1439 1440/1632/1440 562/1633/562 1437/1634/1437
f 562/628/562 529/587/529 1432/1621/1432 1437/1626/1437
f 1439/1631/1439 1441/1635/1441 1442/1636/1442 1440/1632/1440
f 1442/1636/1442 1443/1637/1443 1444/1638/1444 1440/1632/1440
f 1444/1638/1444 540/598/540 562/1633/562 1440/1632/1440
f 1443/1637/1443 1445/1639/1445 1446/1640/1446 1444/1638/1444
f 1446/1640/1446 541/599/541 540/598/540 1444/1638/1444
f 1445/1639/1445 477/532/477 476/531/476 1446/1640/1446
f 476/531/476 478/534/478 541/599/541 1446/1640/1446
f 601/672/601 600/671/600 477/532/477 1445/1639/1445
f 1443/1637/1443 603/674/603 601/672/601 1445/1639/1445
f 1442/1636/1442 1447/1641/1447 603/674/603 1443/1637/1443
f 1442/1636/1442 1441/1635/1441 1448/1642/1448 1447/1641/1447
f 1448/1642/1448 1449/1643/1449 1450/1644/1450 1447/1641/1447
f 1450/1644/1450 604/675/604 603/674/603 1447/1641/1447
f 1449/1643/1449 1451/1645/1451 656/732/656 1450/1644/1450
f 656/732/656 609/680/609 604/675/604 1450/1644/1450
f 1449/1646/1449 659/735/659 658/734/658 1451/1647/1451
f 658/734/658 660/736/660 1452/1648/1452 1451/1647/1451
f 1452/1649/1452 657/733/657 656/732/656 1451/1645/1451
f 660/736/660 1453/1650/1453 1454/1651/1454 1452/1648/1452
f 1454/1652/1454 661/737/661 657/733/657 1452/1649/1452
f 1453/1650/1453 1455/1653/1455 1456/1654/1456 1454/1651/1454
f 1456/1655/1456 666/742/666 661/737/661 1454/1652/1454
f 1455/1653/1455 1457/1656/1457 1458/1657/1458 1456/1654/1456
f 1458/1658/1458 1459/1659/1459 666/742/666 1456/1655/1456
f 1458/1658/1458 1460/1660/1460 1461/1661/1461 1459/1659/1459
f 1461/1661/1461 1462/1662/1462 1463/1663/1463 1459/1659/1459
f 1463/1663/1463 663/739/663 666/742/666 1459/1659/1459
f 1462/1662/1462 1464/1664/1464 1465/1665/1465 1463/1663/1463
f 1465/1665/1465 664/740/664 663/739/663 1463/1663/1463
f 1464/1664/1464 1466/1666/1466 1467/1667/1467 1465/1665/1465
f 1467/1667/1467 1468/1668/1468 664/740/664 1465/1665/1465
f 1469/1669/1469 665/741/665 664/740/664 1468/1668/1468
f 596/665/596 595/664/595 665/741/665 1469/1669/1469
f 1470/1670/1470 1471/1671/1471 502/1672/502 1472/1673/1472
f 502/1672/502 475/530/475 474/529/474 1472/1673/1472
f 1470/1674/1470 409/452/409 402/445/402 1471/1675/1471
f 402/445/402 401/444/401 1473/1676/1473 1471/1675/1471
f 1473/1677/1473 499/557/499 502/560/502 1471/1678/1471
f 401/444/401 1474/1679/1474 1475/1680/1475 1473/1676/1473
f 1475/1681/1475 500/558/500 499/557/499 1473/1677/1473
f 1474/1682/1474 1476/1683/1476 1477/1684/1477 1475/1685/1475
f 1477/1684/1477 1478/1686/1478 500/1687/500 1475/1685/1475
f 1477/1684/1477 1479/1688/1479 1480/1689/1480 1478/1686/1478
f 1480/1690/1480 450/498/450 1481/1691/1481 1478/1692/1478
f 1481/1691/1481 501/1693/501 500/1694/500 1478/1692/1478
f 450/498/450 449/497/449 531/589/531 1481/1691/1481
f 531/589/531 530/588/530 501/1693/501 1481/1691/1481
f 1479/1688/1479 1482/1695/1482 1483/1696/1483 1480/1689/1480
f 1483/1697/1483 454/502/454 450/498/450 1480/1690/1480
f 1482/1695/1482 1484/1698/1484 1398/1699/1398 1483/1696/1483
f 1398/1587/1398 1397/1586/1397 454/502/454 1483/1697/1483
f 1482/1695/1482 1485/1700/1485 1486/1701/1486 1484/1698/1484
f 1486/1701/1486 1487/1702/1487 1394/1580/1394 1484/1698/1484
f 1394/1580/1394 1393/1579/1393 1398/1699/1398 1484/1698/1484
f 1486/1701/1486 1488/1703/1488 1489/1704/1489 1487/1702/1487
f 1489/1704/1489 287/317/287 295/325/295 1487/1702/1487
f 295/325/295 1391/1577/1391 1394/1580/1394 1487/1702/1487
f 1488/1703/1488 1490/1705/1490 321/351/321 1489/1704/1489
f 321/351/321 288/318/288 287/317/287 1489/1704/1489
f 1491/1706/1491 1492/1707/1492 1493/1708/1493 1490/1705/1490
f 1493/1708/1493 322/352/322 321/351/321 1490/1705/1490
f 1488/1703/1488 1494/1709/1494 1491/1706/1491 1490/1705/1490
f 1495/1710/1495 397/440/397 1491/1706/1491 1494/1709/1494
f 1488/1703/1488 1486/1701/1486 1485/1700/1485 1494/1709/1494
f 1485/1700/1485 1496/1711/1496 1495/1710/1495 1494/1709/1494
f 1476/1683/1476 1497/1712/1497 1495/1710/1495 1496/1711/1496
f 1485/1700/1485 1482/1695/1482 1479/1688/1479 1496/1711/1496
f 1479/1688/1479 1477/1684/1477 1476/1683/1476 1496/1711/1496
f 1498/1713/1498 394/437/394 393/436/393 1497/1712/1497
f 393/436/393 397/440/397 1495/1710/1495 1497/1712/1497
f 1476/1683/1476 1474/1682/1474 1498/1713/1498 1497/1712/1497
f 400/1714/400 405/1715/405 394/437/394 1498/1713/1498
f 1474/1679/1474 401/444/401 400/443/400 1498/1716/1498
f 1492/1717/1492 379/418/379 1499/1718/1499 1493/1719/1493
f 1499/1718/1499 324/355/324 322/354/322 1493/1719/1493
f 379/418/379 375/414/375 1500/1720/1500 1499/1718/1499
f 1500/1720/1500 1501/1721/1501 324/355/324 1499/1718/1499
f 333/366/333 325/356/325 324/355/324 1501/1721/1501
f 1500/1720/1500 1502/1722/1502 1503/1723/1503 1501/1721/1501
f 1503/1723/1503 1504/1724/1504 333/366/333 1501/1721/1501
f 1505/1725/1505 334/367/334 333/366/333 1504/1724/1504
f 1503/1723/1503 1409/1598/1409 1506/1726/1506 1504/1724/1504
f 1506/1726/1506 1507/1727/1507 1505/1725/1505 1504/1724/1504
f 331/364/331 337/370/337 1505/1725/1505 1507/1727/1507
f 1506/1726/1506 1406/1595/1406 1508/1728/1508 1507/1727/1507
f 1508/1728/1508 332/365/332 331/364/331 1507/1727/1507
f 1406/1595/1406 1403/1592/1403 1402/1591/1402 1508/1728/1508
f 1402/1591/1402 1509/1729/1509 332/365/332 1508/1728/1508
f 1402/1591/1402 1400/1589/1400 1399/1588/1399 1509/1729/1509
f 1399/1588/1399 338/371/338 316/346/316 1509/1729/1509
f 316/346/316 315/345/315 332/365/332 1509/1729/1509
f 1409/1598/1409 1407/1596/1407 1406/1595/1406 1506/1726/1506
f 337/370/337 335/368/335 334/367/334 1505/1725/1505
f 1502/1722/1502 1410/1599/1410 1409/1598/1409 1503/1723/1503
f 1500/1720/1500 375/414/375 391/434/391 1502/1722/1502
f 391/434/391 462/515/462 1410/1599/1410 1502/1722/1502
f 398/455/398 378/417/378 379/418/379 1492/1717/1492
f 1491/1706/1491 397/440/397 398/441/398 1492/1707/1492
f 1510/1730/1510 1511/1731/1511 1512/1732/1512 1513/1733/1513
f 1512/1732/1512 586/653/586 585/652/585 1513/1733/1513
f 1511/1731/1511 684/764/684 687/767/687 1512/1732/1512
f 687/767/687 669/747/669 586/653/586 1512/1732/1512
f 1510/1730/1510 1514/1734/1514 1515/1735/1515 1511/1731/1511
f 1515/1735/1515 694/777/694 684/764/684 1511/1731/1511
f 1514/1734/1514 1516/1736/1516 1517/1737/1517 1515/1735/1515
f 1517/1737/1517 1518/1738/1518 694/777/694 1515/1735/1515
f 1517/1737/1517 1519/1739/1519 1520/1740/1520 1518/1738/1518
f 1520/1740/1520 780/868/780 1521/1741/1521 1518/1738/1518
f 1521/1741/1521 695/778/695 694/777/694 1518/1738/1518
f 780/868/780 779/867/779 1522/1742/1522 1521/1741/1521
f 1522/1742/1522 696/779/696 695/778/695 1521/1741/1521
f 779/867/779 803/894/803 1523/1743/1523 1522/1742/1522
f 1523/1743/1523 1524/1744/1524 696/779/696 1522/1742/1522
f 1525/1745/1525 697/780/697 696/779/696 1524/1744/1524
f 1523/1743/1523 1526/1746/1526 1527/1747/1527 1524/1744/1524
f 1527/1747/1527 1528/1748/1528 1525/1745/1525 1524/1744/1524
f 721/806/721 1529/1749/1529 1525/1745/1525 1528/1748/1528
f 1527/1747/1527 748/836/748 1530/1750/1530 1528/1748/1528
f 1530/1750/1530 722/807/722 721/806/721 1528/1748/1528
f 748/836/748 739/827/739 712/797/712 1530/1750/1530
f 712/797/712 711/796/711 722/807/722 1530/1750/1530
f 1531/1751/1531 1532/1752/1532 1533/1753/1533 1529/1749/1529
f 1533/1753/1533 697/780/697 1525/1745/1525 1529/1749/1529
f 721/806/721 720/805/720 1531/1751/1531 1529/1749/1529
f 1532/1752/1532 1534/1754/1534 1535/1755/1535 1533/1753/1533
f 1535/1755/1535 685/765/685 697/780/697 1533/1753/1533
f 1534/1754/1534 1536/1756/1536 1537/1757/1537 1535/1755/1535
f 1537/1757/1537 686/766/686 685/765/685 1535/1755/1535
f 1536/1756/1536 690/770/690 692/775/692 1537/1757/1537
f 692/775/692 672/751/672 686/766/686 1537/1757/1537
f 699/782/699 691/771/691 690/770/690 1536/1756/1536
f 1534/1754/1534 700/783/700 699/782/699 1536/1756/1536
f 1532/1758/1532 705/790/705 700/789/700 1534/1759/1534
f 1531/1760/1531 1538/1761/1538 705/790/705 1532/1758/1532
f 788/876/788 702/785/702 705/790/705 1538/1761/1538
f 1531/1760/1531 720/813/720 727/812/727 1538/1761/1538
f 727/812/727 772/860/772 788/876/788 1538/1761/1538
f 1526/1746/1526 746/834/746 748/836/748 1527/1747/1527
f 1523/1743/1523 803/894/803 802/893/802 1526/1746/1526
f 802/893/802 747/835/747 746/834/746 1526/1746/1526
f 1519/1739/1519 1539/1762/1539 1540/1763/1540 1520/1740/1520
f 1540/1763/1540 756/844/756 780/868/780 1520/1740/1520
f 1539/1762/1539 1541/1764/1541 1542/1765/1542 1540/1763/1540
f 1542/1765/1542 755/843/755 756/844/756 1540/1763/1540
f 1541/1764/1541 1543/1766/1543 1544/1767/1544 1542/1765/1542
f 1545/1768/1545 1546/1769/1546 1547/1770/1547 1548/1771/1548
f 1547/1770/1547 736/1772/736 754/1773/754 1548/1771/1548
f 1546/1774/1546 1549/1775/1549 1550/1776/1550 1547/1777/1547
f 1550/1776/1550 731/1778/731 736/1779/736 1547/1777/1547
f 1549/1775/1549 1551/1780/1551 1552/1781/1552 1550/1776/1550
f 1552/1781/1552 732/1782/732 731/1778/731 1550/1776/1550
f 1551/1780/1551 1553/1783/1553 1554/1784/1554 1552/1781/1552
f 1554/1784/1554 1555/1785/1555 732/1782/732 1552/1781/1552
f 1554/1786/1554 1556/1787/1556 1557/1788/1557 1555/1789/1555
f 1558/1790/1558 733/821/733 732/820/732 1555/1791/1555
f 1559/1792/1559 1560/1793/1560 1561/1794/1561 1558/1790/1558
f 1561/1794/1561 1562/1795/1562 733/821/733 1558/1790/1558
f 1561/1794/1561 704/787/704 703/786/703 1562/1795/1562
f 703/786/703 783/871/783 782/870/782 1562/1795/1562
f 782/870/782 734/822/734 733/821/733 1562/1795/1562
f 1560/1793/1560 1563/1796/1563 704/787/704 1561/1794/1561
f 1560/1793/1560 1564/1797/1564 1565/1798/1565 1563/1796/1563
f 1566/1799/1566 1567/1800/1567 1568/1801/1568 1565/1798/1565
f 1564/1797/1564 1569/1802/1569 1566/1799/1566 1565/1798/1565
f 1564/1797/1564 1570/1803/1570 1571/1804/1571 1569/1802/1569
f 1572/1805/1572 1573/1806/1573 1574/1807/1574 1575/1808/1575
f 1574/1807/1574 1568/1801/1568 1567/1800/1567 1575/1808/1575
f 1573/1806/1573 682/1809/682 1576/1810/1576 1574/1807/1574
f 1576/1810/1576 1577/1811/1577 1568/1801/1568 1574/1807/1574
f 682/1809/682 681/1812/681 698/1813/698 1576/1810/1576
f 698/1813/698 701/788/701 1577/1811/1577 1576/1810/1576
f 1572/1814/1572 1578/1815/1578 1579/1816/1579 1573/1817/1573
f 1579/1816/1579 683/763/683 682/762/682 1573/1817/1573
f 1578/1815/1578 1580/1818/1580 1581/1819/1581 1579/1816/1579
f 1581/1819/1581 1582/1820/1582 683/763/683 1579/1816/1579
f 1581/1819/1581 1583/1821/1583 1584/1822/1584 1582/1820/1582
f 1584/1822/1584 1585/1823/1585 680/760/680 1582/1820/1582
f 680/760/680 679/759/679 683/763/683 1582/1820/1582
f 1584/1822/1584 1586/1824/1586 1587/1825/1587 1585/1823/1585
f 1587/1825/1587 644/720/644 647/723/647 1585/1823/1585
f 647/723/647 649/725/649 680/760/680 1585/1823/1585
f 1586/1824/1586 584/651/584 580/647/580 1587/1825/1587
f 580/647/580 579/646/579 644/720/644 1587/1825/1587
f 1584/1822/1584 1583/1821/1583 1588/1826/1588 1586/1824/1586
f 1588/1826/1588 1589/1827/1589 584/651/584 1586/1824/1586
f 1588/1826/1588 1590/1828/1590 1591/1829/1591 1589/1827/1589
f 1591/1829/1591 1592/1830/1592 1593/1831/1593 1589/1827/1589
f 1593/1831/1593 582/649/582 584/651/584 1589/1827/1589
f 1592/1830/1592 1594/1832/1594 1595/1833/1595 1593/1831/1593
f 1595/1833/1595 583/650/583 582/649/582 1593/1831/1593
f 1594/1832/1594 558/621/558 557/620/557 1595/1833/1595
f 557/620/557 560/624/560 583/650/583 1595/1833/1595
f 1590/1828/1590 1588/1826/1588 1583/1821/1583 1596/1834/1596
f 1583/1821/1583 1581/1819/1581 1580/1818/1580 1596/1834/1596
f 1597/1835/1597 1598/1836/1598 621/1837/621 1599/1838/1599
f 621/693/621 616/688/616 1600/1839/1600 1599/1840/1599
f 616/688/616 615/687/615 1601/1841/1601 1600/1839/1600
f 615/687/615 575/642/575 1602/1842/1602 1601/1841/1601
f 575/642/575 568/635/568 567/634/567 1602/1842/1602
f 1597/1835/1597 1603/1843/1603 1604/1844/1604 1598/1836/1598
f 1604/1844/1604 640/715/640 624/698/624 1598/1836/1598
f 624/698/624 618/697/618 621/1837/621 1598/1836/1598
f 1603/1843/1603 1605/1845/1605 1606/1846/1606 1604/1844/1604
f 1606/1846/1606 641/716/641 640/715/640 1604/1844/1604
f 1605/1845/1605 1607/1847/1607 1608/1848/1608 1606/1846/1606
f 1608/1848/1608 642/718/642 641/716/641 1606/1846/1606
f 1607/1847/1607 1609/1849/1609 1610/1850/1610 1608/1848/1608
f 1610/1850/1610 1611/1851/1611 642/718/642 1608/1848/1608
f 1610/1850/1610 1612/1852/1612 1556/1787/1556 1611/1851/1611
f 1556/1787/1556 1554/1786/1554 1553/1853/1553 1611/1851/1611
f 1553/1853/1553 643/719/643 642/718/642 1611/1851/1611
f 1610/1850/1610 1609/1849/1609 1613/1854/1613 1612/1852/1612
f 1613/1854/1613 1614/1855/1614 1615/1856/1615 1612/1852/1612
f 1615/1856/1615 1557/1788/1557 1556/1787/1556 1612/1852/1612
f 1614/1855/1614 1571/1857/1571 1570/1858/1570 1615/1856/1615
f 1570/1858/1570 1616/1859/1616 1557/1788/1557 1615/1856/1615
f 1564/1797/1564 1560/1793/1560 1559/1792/1559 1570/1803/1570
f 1551/1780/1551 1617/1860/1617 643/1861/643 1553/1783/1553
f 655/731/655 631/705/631 643/1861/643 1617/1860/1617
f 1551/1780/1551 1549/1775/1549 1618/1862/1618 1617/1860/1617
f 1618/1862/1618 1619/1863/1619 655/731/655 1617/1860/1617
f 1457/1656/1457 638/713/638 655/731/655 1619/1863/1619
f 1618/1862/1618 1620/1864/1620 1460/1865/1460 1619/1863/1619
f 1460/1865/1460 1458/1657/1458 1457/1656/1457 1619/1863/1619
f 1618/1862/1618 1549/1775/1549 1546/1774/1546 1620/1864/1620
f 1546/1769/1546 1545/1768/1545 1621/1866/1621 1620/1867/1620
f 1621/1866/1621 1461/1661/1461 1460/1660/1460 1620/1867/1620
f 1545/1768/1545 1622/1868/1622 1623/1869/1623 1621/1866/1621
f 1623/1869/1623 1462/1662/1462 1461/1661/1461 1621/1866/1621
f 1622/1868/1622 1624/1870/1624 1625/1871/1625 1623/1869/1623
f 1625/1871/1625 1464/1664/1464 1462/1662/1462 1623/1869/1623
f 1626/1872/1626 1466/1666/1466 1464/1664/1464 1625/1871/1625
f 1544/1767/1544 1543/1766/1543 1627/1873/1627 1624/1874/1624
f 1622/1868/1622 1628/1875/1628 1544/1876/1544 1624/1870/1624
f 1539/1762/1539 1629/1877/1629 1630/1878/1630 1541/1764/1541
f 1630/1878/1630 1631/1879/1631 1543/1766/1543 1541/1764/1541
f 1539/1762/1539 1519/1739/1519 1632/1880/1632 1629/1877/1629
f 1519/1739/1519 1517/1737/1517 1516/1736/1516 1632/1880/1632
f 1455/1653/1455 639/714/639 638/713/638 1457/1656/1457
f 1453/1650/1453 654/730/654 639/714/639 1455/1653/1455
f 660/736/660 653/729/653 654/730/654 1453/1650/1453
f 1448/1881/1448 1633/1882/1633 659/735/659 1449/1646/1449
f 1634/1883/1634 546/606/546 1635/1884/1635 1633/1882/1633
f 1635/1884/1635 650/726/650 659/735/659 1633/1882/1633
f 1448/1881/1448 1441/1885/1441 1634/1883/1634 1633/1882/1633
f 546/606/546 545/605/545 1636/1886/1636 1635/1884/1635
f 1636/1886/1636 651/727/651 650/726/650 1635/1884/1635
f 1438/1628/1438 547/607/547 546/606/546 1634/1883/1634
f 1441/1885/1441 1439/1629/1439 1438/1628/1438 1634/1883/1634
f 1436/1627/1436 1435/1887/1435 547/607/547 1438/1628/1438
f 1434/1623/1434 1637/1888/1637 1638/1889/1638 1435/1624/1435
f 1638/1890/1638 542/602/542 547/607/547 1435/1887/1435
f 1637/1891/1637 1639/1892/1639 1640/1893/1640 1638/1894/1638
f 1640/1895/1640 543/603/543 542/602/542 1638/1890/1638
f 1639/1892/1639 1641/1896/1641 1642/1897/1642 1640/1893/1640
f 1642/1897/1642 1643/1898/1643 543/1899/543 1640/1893/1640
f 1644/1900/1644 544/604/544 543/603/543 1643/1901/1643
f 1642/1897/1642 404/447/404 410/453/410 1643/1898/1643
f 410/453/410 467/522/467 1644/1902/1644 1643/1898/1643
f 1641/1896/1641 405/448/405 404/447/404 1642/1897/1642
f 1639/1903/1639 485/541/485 395/438/395 1641/1904/1641
f 395/438/395 394/437/394 405/1715/405 1641/1904/1641
f 1637/1905/1637 489/546/489 485/541/485 1639/1903/1639
f 1434/1623/1434 1429/1618/1429 489/1906/489 1637/1888/1637
f 1428/1617/1428 487/544/487 489/1906/489 1429/1618/1429
f 1422/1611/1422 488/545/488 487/544/487 1428/1617/1428
f 539/597/539 538/596/538 537/595/537 1426/1615/1426
f 537/595/537 483/539/483 1419/1608/1419 1426/1615/1426
f 1421/1610/1421 510/568/510 488/545/488 1422/1611/1422
f 463/516/463 392/435/392 510/568/510 1421/1610/1421
f 483/539/483 482/538/482 481/537/481 1419/1608/1419
f 480/536/480 479/535/479 1645/1907/1645 1414/1603/1414
f 1645/1907/1645 448/496/448 452/500/452 1414/1603/1414
f 479/535/479 484/540/484 1646/1908/1646 1645/1907/1645
f 1646/1908/1646 449/497/449 448/496/448 1645/1907/1645
f 524/582/524 531/589/531 449/497/449 1646/1908/1646
f 484/540/484 525/583/525 524/582/524 1646/1908/1646
f 1395/1581/1395 342/376/342 338/375/338 1399/1909/1399
f 293/323/293 266/292/266 246/272/246 1387/1573/1387
f 246/272/246 242/268/242 1367/1545/1367 1387/1573/1387
f 242/268/242 239/265/239 1362/1540/1362 1367/1545/1367
f 1360/1538/1360 191/209/191 193/211/193 1363/1541/1363
f 239/265/239 200/218/200 196/214/196 1359/1537/1359
f 1354/1532/1354 64/72/64 63/71/63 1356/1534/1356
f 63/71/63 186/204/186 185/203/185 1356/1534/1356
f 1352/1529/1352 1647/1910/1647 64/72/64 1354/1532/1354
f 1352/1529/1352 1350/1528/1350 1648/1911/1648 1647/1910/1647
f 1648/1911/1648 1649/1912/1649 1650/1913/1650 1647/1910/1647
f 1650/1913/1650 61/69/61 64/72/64 1647/1910/1647
f 1649/1912/1649 1651/1914/1651 1652/1915/1652 1650/1913/1650
f 1652/1915/1652 58/66/58 61/69/61 1650/1913/1650
f 1651/1914/1651 124/1916/124 123/1917/123 1652/1915/1652
f 123/1917/123 1653/1918/1653 58/66/58 1652/1915/1652
f 123/1917/123 122/136/122 119/133/119 1653/1918/1653
f 119/133/119 118/132/118 120/134/120 1653/1918/1653
f 120/134/120 59/67/59 58/66/58 1653/1918/1653
f 1649/1919/1649 1654/1920/1654 1655/1921/1655 1651/1922/1651
f 1655/1921/1655 129/145/129 124/138/124 1651/1922/1651
f 1654/1920/1654 1656/1923/1656 1657/1924/1657 1655/1921/1655
f 1657/1924/1657 1658/1925/1658 129/145/129 1655/1921/1655
f 1657/1924/1657 150/166/150 147/163/147 1658/1925/1658
f 147/163/147 146/162/146 1659/1926/1659 1658/1925/1658
f 1659/1926/1659 126/141/126 129/145/129 1658/1925/1658
f 146/162/146 135/151/135 1660/1927/1660 1659/1926/1659
f 1660/1927/1660 127/142/127 126/141/126 1659/1926/1659
f 135/151/135 134/150/134 1661/1928/1661 1660/1927/1660
f 1661/1929/1661 128/144/128 127/143/127 1660/1930/1660
f 134/150/134 139/155/139 1662/1931/1662 1661/1928/1661
f 1662/1932/1662 1663/1933/1663 128/144/128 1661/1929/1661
f 1662/1932/1662 109/1934/109 86/94/86 1663/1933/1663
f 86/94/86 84/92/84 1664/1935/1664 1663/1933/1663
f 1664/1935/1664 121/135/121 128/144/128 1663/1933/1663
f 84/92/84 83/91/83 113/127/113 1664/1935/1664
f 113/127/113 112/126/112 121/135/121 1664/1935/1664
f 139/155/139 110/122/110 109/121/109 1662/1931/1662
f 1656/1923/1656 165/183/165 150/166/150 1657/1924/1657
f 1665/1936/1665 178/196/178 165/183/165 1656/1923/1656
f 1654/1920/1654 1666/1937/1666 1665/1936/1665 1656/1923/1656
f 1348/1524/1348 1346/1522/1346 1665/1936/1665 1666/1937/1666
f 1654/1920/1654 1649/1919/1649 1648/1938/1648 1666/1937/1666
f 1648/1938/1648 1350/1526/1350 1348/1524/1348 1666/1937/1666
f 1346/1522/1346 1344/1520/1344 178/196/178 1665/1936/1665
f 1343/1519/1343 166/184/166 178/196/178 1344/1520/1344
f 1342/1518/1342 167/185/167 166/184/166 1343/1519/1343
f 1338/1514/1338 1334/1510/1334 1333/1509/1333 1342/1518/1342
f 1333/1509/1333 1667/1939/1667 167/185/167 1342/1518/1342
f 1333/1509/1333 1329/1505/1329 1328/1504/1328 1667/1939/1667
f 1328/1504/1328 177/195/177 176/194/176 1667/1939/1667
f 176/194/176 152/168/152 167/185/167 1667/1939/1667
f 1336/1512/1336 256/282/256 259/285/259 1337/1513/1337
f 1340/1516/1340 257/283/257 256/282/256 1336/1512/1336
f 1324/1500/1324 183/201/183 177/195/177 1328/1504/1328
f 237/1567/237 235/258/235 1323/1499/1323 1327/1503/1327
f 173/191/173 172/190/172 183/201/183 1321/1497/1321
f 233/264/233 189/207/189 184/202/184 1319/1493/1319
f 1314/1486/1314 1668/1940/1668 169/187/169 1315/1487/1315
f 1314/1486/1314 1669/1941/1669 1670/1942/1670 1668/1940/1668
f 1670/1942/1670 1671/1943/1671 1672/1944/1672 1668/1940/1668
f 1672/1944/1672 170/188/170 169/187/169 1668/1940/1668
f 1671/1943/1671 1673/1945/1673 1674/1946/1674 1672/1944/1672
f 1674/1946/1674 141/157/141 170/188/170 1672/1944/1672
f 1673/1945/1673 1675/1947/1675 1676/1948/1676 1674/1946/1674
f 1676/1948/1676 137/153/137 141/157/141 1674/1946/1674
f 1675/1947/1675 104/115/104 1677/1949/1677 1676/1948/1676
f 1677/1949/1677 138/154/138 137/153/137 1676/1948/1676
f 104/115/104 98/106/98 1678/1950/1678 1677/1949/1677
f 1678/1950/1678 111/124/111 138/154/138 1677/1949/1677
f 98/106/98 97/105/97 1679/1951/1679 1678/1950/1678
f 1679/1951/1679 105/125/105 111/124/111 1678/1950/1678
f 1680/1952/1680 106/117/106 105/116/105 1679/1953/1679
f 97/1954/97 1681/1955/1681 1680/1952/1680 1679/1953/1679
f 77/85/77 81/89/81 1680/1952/1680 1681/1955/1681
f 97/1954/97 96/110/96 1682/1956/1682 1681/1955/1681
f 1682/1956/1682 73/81/73 77/85/77 1681/1955/1681
f 96/110/96 101/109/101 1683/1957/1683 1682/1956/1682
f 1683/1957/1683 74/82/74 73/81/73 1682/1956/1682
f 101/109/101 91/99/91 90/98/90 1683/1957/1683
f 90/98/90 1684/1958/1684 74/82/74 1683/1957/1683
f 70/78/70 72/80/72 74/82/74 1684/1958/1684
f 90/98/90 89/97/89 1685/1959/1685 1684/1958/1684
f 1685/1959/1685 71/79/71 70/78/70 1684/1958/1684
f 89/97/89 95/103/95 1686/1960/1686 1685/1959/1685
f 1686/1960/1686 1687/1961/1687 71/79/71 1685/1959/1685
f 1688/1962/1688 66/74/66 71/79/71 1687/1961/1687
f 1686/1960/1686 1689/1963/1689 1690/1964/1690 1687/1961/1687
f 1690/1964/1690 1691/1965/1691 1688/1962/1688 1687/1961/1687
f 1692/1966/1692 1693/1967/1693 1688/1962/1688 1691/1965/1691
f 1690/1964/1690 1694/1968/1694 1695/1969/1695 1691/1965/1691
f 1695/1969/1695 1696/1970/1696 1692/1966/1692 1691/1965/1691
f 130/146/130 1697/1971/1697 1692/1966/1692 1696/1970/1696
f 1695/1969/1695 1302/1473/1302 1698/1972/1698 1696/1970/1696
f 1698/1972/1698 131/147/131 130/146/130 1696/1970/1696
f 1302/1473/1302 1301/1472/1301 1306/1477/1306 1698/1972/1698
f 1306/1477/1306 153/169/153 131/147/131 1698/1972/1698
f 115/129/115 114/128/114 1699/1973/1699 1697/1971/1697
f 1699/1973/1699 1693/1967/1693 1692/1966/1692 1697/1971/1697
f 130/146/130 116/130/116 115/129/115 1697/1971/1697
f 114/128/114 79/87/79 78/86/78 1699/1973/1699
f 78/86/78 67/75/67 1693/1967/1693 1699/1973/1699
f 1694/1968/1694 1303/1474/1303 1302/1473/1302 1695/1969/1695
f 1690/1964/1690 1689/1963/1689 1700/1974/1700 1694/1968/1694
f 1700/1974/1700 1295/1466/1295 1303/1474/1303 1694/1968/1694
f 1689/1963/1689 1701/1975/1701 1702/1976/1702 1700/1974/1700
f 1702/1976/1702 1296/1467/1296 1295/1466/1295 1700/1974/1700
f 1701/1975/1701 1703/1977/1703 1704/1978/1704 1702/1976/1702
f 1704/1978/1704 1297/1468/1297 1296/1467/1296 1702/1976/1702
f 1703/1977/1703 1705/1979/1705 1706/1980/1706 1704/1978/1704
f 1706/1981/1706 1707/1982/1707 1297/1983/1297 1704/1984/1704
f 1706/1981/1706 1708/1985/1708 1709/1986/1709 1707/1982/1707
f 1709/1986/1709 1710/1987/1710 1292/1460/1292 1707/1982/1707
f 1292/1460/1292 1291/1459/1291 1297/1983/1297 1707/1982/1707
f 1709/1986/1709 1711/1988/1711 1712/1989/1712 1710/1987/1710
f 1712/1989/1712 1713/1990/1713 1714/1991/1714 1710/1987/1710
f 1714/1991/1714 1287/1461/1287 1292/1460/1292 1710/1987/1710
f 1713/1990/1713 159/175/159 158/174/158 1714/1991/1714
f 158/1992/158 1288/1456/1288 1287/1455/1287 1714/1993/1714
f 1670/1942/1670 1669/1941/1669 159/175/159 1713/1990/1713
f 1712/1989/1712 1671/1943/1671 1670/1942/1670 1713/1990/1713
f 1711/1988/1711 1673/1945/1673 1671/1943/1671 1712/1989/1712
f 1709/1986/1709 1708/1985/1708 1715/1994/1715 1711/1988/1711
f 1715/1994/1715 1675/1947/1675 1673/1945/1673 1711/1988/1711
f 1708/1985/1708 103/113/103 102/112/102 1715/1994/1715
f 102/112/102 104/115/104 1675/1947/1675 1715/1994/1715
f 1706/1980/1706 1705/1979/1705 103/1995/103 1708/1996/1708
f 1703/1977/1703 94/102/94 93/101/93 1705/1979/1705
f 93/101/93 100/108/100 103/1995/103 1705/1979/1705
f 1701/1975/1701 95/103/95 94/102/94 1703/1977/1703
f 1689/1963/1689 1686/1960/1686 95/103/95 1701/1975/1701
f 67/75/67 66/74/66 1688/1962/1688 1693/1967/1693
f 81/89/81 88/96/88 106/117/106 1680/1952/1680
f 1314/1486/1314 1311/1485/1311 1310/1997/1310 1669/1941/1669
f 1310/1997/1310 160/176/160 159/175/159 1669/1941/1669
f 1307/1478/1307 162/179/162 160/178/160 1310/1481/1310
f 181/199/181 156/172/156 164/182/164 1309/1480/1309
f 1305/1476/1305 164/182/164 153/169/153 1306/1477/1306
f 158/1992/158 161/181/161 163/180/163 1288/1456/1288
f 1285/1451/1285 1271/1436/1271 1274/1435/1274 1286/1452/1286
f 1274/1435/1274 1260/1418/1260 1281/1444/1281 1286/1452/1286
f 1282/1447/1282 1268/1427/1268 1271/1432/1271 1285/1454/1285
f 1276/1438/1276 1258/1415/1258 1268/1427/1268 1282/1447/1282
f 1260/1418/1260 1259/1417/1259 1275/1445/1275 1281/1444/1281
f 1275/1437/1275 1259/1416/1259 1258/1415/1258 1276/1438/1276
f 1270/1429/1270 1246/1396/1246 1245/1395/1245 1272/1433/1272
f 1245/1395/1245 13/13/13 12/12/12 1272/1433/1272
f 12/12/12 14/14/14 1253/1407/1253 1272/1433/1272
f 1716/1998/1716 1717/1999/1717 1718/2000/1718 1269/1428/1269
f 1718/2000/1718 1264/1422/1264 1263/1421/1263 1269/1428/1269
f 1254/1409/1254 1236/1382/1236 1716/1998/1716 1269/1428/1269
f 1717/1999/1717 1205/1346/1205 1719/2001/1719 1718/2000/1718
f 1719/2001/1719 1720/2002/1720 1264/1422/1264 1718/2000/1718
f 1719/2001/1719 1721/2003/1721 1722/2004/1722 1720/2002/1720
f 1722/2004/1722 1218/1362/1218 1723/2005/1723 1720/2002/1720
f 1723/2005/1723 1265/1423/1265 1264/1422/1264 1720/2002/1720
f 1218/1362/1218 1217/1361/1217 1248/2006/1248 1723/2005/1723
f 1248/2006/1248 1247/1426/1247 1265/1423/1265 1723/2005/1723
f 1721/2003/1721 1724/2007/1724 1725/2008/1725 1722/2004/1722
f 1725/2008/1725 1213/1363/1213 1218/1362/1218 1722/2004/1722
f 1724/2007/1724 1726/2009/1726 1727/2010/1727 1725/2008/1725
f 1727/2011/1727 1214/1358/1214 1213/1357/1213 1725/2012/1725
f 1726/2013/1726 1164/2014/1164 1163/1293/1163 1727/2011/1727
f 1163/1293/1163 1166/1292/1166 1214/1358/1214 1727/2011/1727
f 1728/2015/1728 1729/2016/1729 1164/2017/1164 1726/2009/1726
f 1724/2007/1724 1201/1342/1201 1728/2015/1728 1726/2009/1726
f 1730/2018/1730 1731/2019/1731 1159/2020/1159 1729/2016/1729
f 1159/2020/1159 1158/2021/1158 1164/2017/1164 1729/2016/1729
f 1728/2015/1728 1732/2022/1732 1730/2018/1730 1729/2016/1729
f 1733/2023/1733 1734/2024/1734 1730/2018/1730 1732/2022/1732
f 1728/2015/1728 1201/1342/1201 1200/1341/1200 1732/2022/1732
f 1200/1341/1200 1199/1340/1199 1733/2023/1733 1732/2022/1732
f 1735/2025/1735 1736/2026/1736 1737/2027/1737 1734/2024/1734
f 1737/2027/1737 1731/2019/1731 1730/2018/1730 1734/2024/1734
f 1733/2023/1733 1738/2028/1738 1735/2025/1735 1734/2024/1734
f 1739/2029/1739 1740/2030/1740 1735/2025/1735 1738/2028/1738
f 1733/2023/1733 1199/1340/1199 1741/2031/1741 1738/2028/1738
f 1741/2031/1741 1742/2032/1742 1739/2029/1739 1738/2028/1738
f 1152/1276/1152 1743/2033/1743 1739/2029/1739 1742/2032/1742
f 1741/2031/1741 1186/1324/1186 1744/2034/1744 1742/2032/1742
f 1744/2034/1744 1153/1277/1153 1152/1276/1152 1742/2032/1742
f 1186/1324/1186 1185/1323/1185 1745/2035/1745 1744/2034/1744
f 1745/2035/1745 1154/1278/1154 1153/1277/1153 1744/2034/1744
f 1185/1323/1185 1191/1329/1191 1228/1374/1228 1745/2035/1745
f 1228/1374/1228 1162/1288/1162 1154/1278/1154 1745/2035/1745
f 1746/2036/1746 1747/2037/1747 1748/2038/1748 1743/2033/1743
f 1748/2038/1748 1740/2030/1740 1739/2029/1739 1743/2033/1743
f 1152/1276/1152 1146/1270/1146 1746/2036/1746 1743/2033/1743
f 1747/2037/1747 1749/2039/1749 1750/2040/1750 1748/2038/1748
f 1750/2040/1750 1751/2041/1751 1740/2030/1740 1748/2038/1748
f 1750/2042/1750 1752/2043/1752 1753/2044/1753 1751/2045/1751
f 1753/2046/1753 1754/2047/1754 1736/2048/1736 1751/2049/1751
f 1736/2026/1736 1735/2025/1735 1740/2030/1740 1751/2041/1751
f 1753/2044/1753 1755/2050/1755 1756/2051/1756 1754/2052/1754
f 1756/2053/1756 1141/1263/1141 1757/2054/1757 1754/2047/1754
f 1757/2054/1757 1737/2055/1737 1736/2048/1736 1754/2047/1754
f 1141/1263/1141 1140/1262/1140 1758/2056/1758 1757/2054/1757
f 1758/2056/1758 1731/2057/1731 1737/2055/1737 1757/2054/1757
f 1140/1261/1140 1143/1267/1143 1155/1279/1155 1758/2058/1758
f 1155/1284/1155 1159/1283/1159 1731/2057/1731 1758/2056/1758
f 1755/2050/1755 1759/2059/1759 1760/2060/1760 1756/2051/1756
f 1760/2060/1760 1135/1256/1135 1141/2061/1141 1756/2051/1756
f 1759/2059/1759 1761/2062/1761 1762/2063/1762 1760/2060/1760
f 1762/2063/1762 1136/1257/1136 1135/1256/1135 1760/2060/1760
f 1761/2062/1761 1763/2064/1763 1764/2065/1764 1762/2063/1762
f 1764/2065/1764 1765/2066/1765 1136/1257/1136 1762/2063/1762
f 1764/2065/1764 1766/2067/1766 1767/2068/1767 1765/2066/1765
f 1767/2068/1767 1227/1373/1227 1229/1375/1229 1765/2066/1765
f 1229/1375/1229 1137/1258/1137 1136/1257/1136 1765/2066/1765
f 1766/2067/1766 1151/1275/1151 1162/1288/1162 1767/2068/1767
f 1162/1288/1162 1228/1374/1228 1227/1373/1227 1767/2068/1767
f 1768/2069/1768 1148/1272/1148 1151/1275/1151 1766/2067/1766
f 1764/2065/1764 1763/2064/1763 1768/2069/1768 1766/2067/1766
f 1769/2070/1769 1149/1273/1149 1148/1272/1148 1768/2069/1768
f 1763/2064/1763 1770/2071/1770 1769/2070/1769 1768/2069/1768
f 1122/2072/1122 1771/2073/1771 1769/2070/1769 1770/2071/1770
f 1763/2064/1763 1761/2062/1761 1772/2074/1772 1770/2071/1770
f 1772/2074/1772 1120/2075/1120 1122/2072/1122 1770/2071/1770
f 1761/2062/1761 1759/2059/1759 1773/2076/1773 1772/2074/1772
f 1773/2076/1773 1121/2077/1121 1120/2075/1120 1772/2074/1772
f 1759/2059/1759 1755/2050/1755 1774/2078/1774 1773/2076/1773
f 1774/2078/1774 1775/2079/1775 1121/2077/1121 1773/2076/1773
f 1776/2080/1776 1117/1238/1117 1121/1242/1121 1775/2081/1775
f 1774/2078/1774 1752/2043/1752 1777/2082/1777 1775/2079/1775
f 1777/2083/1777 1778/2084/1778 1776/2080/1776 1775/2081/1775
f 1779/2085/1779 1780/2086/1780 1776/2080/1776 1778/2084/1778
f 1777/2083/1777 1749/2087/1749 1781/2088/1781 1778/2084/1778
f 1781/2088/1781 1782/2089/1782 1779/2085/1779 1778/2084/1778
f 1783/2090/1783 1784/2091/1784 1779/2085/1779 1782/2089/1782
f 1781/2092/1781 1785/2093/1785 1786/2094/1786 1782/2095/1782
f 1786/2094/1786 1787/2096/1787 1783/2097/1783 1782/2095/1782
f 1788/2098/1788 1789/2099/1789 1783/2097/1783 1787/2096/1787
f 1786/2094/1786 1132/1253/1132 1131/1252/1131 1787/2096/1787
f 1131/1252/1131 1130/1251/1130 1788/2098/1788 1787/2096/1787
f 1790/2100/1790 1791/2101/1791 1792/2102/1792 1789/2103/1789
f 1792/2102/1792 1784/2091/1784 1783/2090/1783 1789/2103/1789
f 1788/2098/1788 1793/2104/1793 1790/2105/1790 1789/2099/1789
f 1103/1224/1103 1794/2106/1794 1790/2105/1790 1793/2104/1793
f 1788/2098/1788 1130/1251/1130 1795/2107/1795 1793/2104/1793
f 1795/2107/1795 1104/1225/1104 1103/1224/1103 1793/2104/1793
f 1130/1251/1130 1124/1245/1124 1796/2108/1796 1795/2107/1795
f 1796/2108/1796 1105/1226/1105 1104/1225/1104 1795/2107/1795
f 1124/1245/1124 1123/1244/1123 1797/2109/1797 1796/2108/1796
f 1797/2109/1797 1798/2110/1798 1105/1226/1105 1796/2108/1796
f 1799/2111/1799 1097/1218/1097 1105/1226/1105 1798/2110/1798
f 1797/2109/1797 1800/2112/1800 1801/2113/1801 1798/2110/1798
f 1801/2113/1801 1802/2114/1802 1799/2111/1799 1798/2110/1798
f 1803/2115/1803 1804/2116/1804 1799/2111/1799 1802/2114/1802
f 1801/2113/1801 1805/2117/1805 1806/2118/1806 1802/2114/1802
f 1806/2118/1806 1807/2119/1807 1803/2115/1803 1802/2114/1802
f 1808/2120/1808 1809/2121/1809 1803/2115/1803 1807/2119/1807
f 1806/2118/1806 1810/2122/1810 1811/2123/1811 1807/2119/1807
f 1811/2123/1811 1812/2124/1812 1808/2120/1808 1807/2119/1807
f 1813/2125/1813 1814/2126/1814 1808/2120/1808 1812/2124/1812
f 1811/2123/1811 1815/2127/1815 1094/1215/1094 1812/2124/1812
f 1094/1215/1094 1093/1214/1093 1813/2125/1813 1812/2124/1812
f 1811/2123/1811 1810/2122/1810 1816/2128/1816 1815/2127/1815
f 1816/2128/1816 1817/2129/1817 1107/1228/1107 1815/2127/1815
f 1107/1228/1107 1095/1216/1095 1094/1215/1094 1815/2127/1815
f 1816/2128/1816 1818/2130/1818 1819/2131/1819 1817/2129/1817
f 1819/2131/1819 1820/2132/1820 1821/2133/1821 1817/2129/1817
f 1821/2133/1821 1106/1227/1106 1107/1228/1107 1817/2129/1817
f 1820/2132/1820 1822/2134/1822 1823/2135/1823 1821/2133/1821
f 1823/2135/1823 1088/1209/1088 1106/1227/1106 1821/2133/1821
f 1822/2134/1822 1824/2136/1824 1825/2137/1825 1823/2135/1823
f 1825/2137/1825 1089/1210/1089 1088/1209/1088 1823/2135/1823
f 1824/2136/1824 1826/2138/1826 1827/2139/1827 1825/2137/1825
f 1827/2139/1827 1828/2140/1828 1089/1210/1089 1825/2137/1825
f 1826/2138/1826 1784/2091/1784 1792/2102/1792 1827/2139/1827
f 1792/2102/1792 1791/2101/1791 1828/2140/1828 1827/2139/1827
f 1824/2136/1824 1118/1239/1118 1780/2086/1780 1826/2138/1826
f 1780/2086/1780 1779/2085/1779 1784/2091/1784 1826/2138/1826
f 1822/2134/1822 1115/1236/1115 1118/1239/1118 1824/2136/1824
f 1820/2132/1820 1114/1235/1114 1115/1236/1115 1822/2134/1822
f 1819/2131/1819 1108/1229/1108 1114/1235/1114 1820/2132/1820
f 1818/2130/1818 1109/1230/1109 1108/1229/1108 1819/2131/1819
f 1816/2128/1816 1810/2122/1810 1829/2141/1829 1818/2130/1818
f 1829/2141/1829 1830/2142/1830 1109/1230/1109 1818/2130/1818
f 1829/2141/1829 1805/2117/1805 1831/2143/1831 1830/2142/1830
f 1831/2143/1831 1832/2144/1832 1833/2145/1833 1830/2142/1830
f 1833/2145/1833 1110/1231/1110 1109/1230/1109 1830/2142/1830
f 1832/2144/1832 1834/2146/1834 1835/2147/1835 1833/2145/1833
f 1835/2147/1835 1112/1233/1112 1110/1231/1110 1833/2145/1833
f 1834/2146/1834 1836/2148/1836 1837/2149/1837 1835/2147/1835
f 1837/2149/1837 1119/1240/1119 1112/1233/1112 1835/2147/1835
f 1836/2148/1836 1838/2150/1838 1771/2151/1771 1837/2149/1837
f 1771/2151/1771 1122/1243/1122 1119/1240/1119 1837/2149/1837
f 1836/2148/1836 1129/1250/1129 1134/1255/1134 1838/2150/1838
f 1134/2152/1134 1144/1268/1144 1149/1273/1149 1838/2153/1838
f 1149/1273/1149 1769/2070/1769 1771/2073/1771 1838/2153/1838
f 1834/2146/1834 1127/1248/1127 1129/1250/1129 1836/2148/1836
f 1832/2144/1832 1128/1249/1128 1127/1248/1127 1834/2146/1834
f 1831/2143/1831 1800/2112/1800 1128/1249/1128 1832/2144/1832
f 1805/2117/1805 1801/2113/1801 1800/2112/1800 1831/2143/1831
f 1810/2122/1810 1806/2118/1806 1805/2117/1805 1829/2141/1829
f 1839/2154/1839 1840/2155/1840 1841/2156/1841 1814/2126/1814
f 1841/2156/1841 1809/2121/1809 1808/2120/1808 1814/2126/1814
f 1813/2125/1813 1842/2157/1842 1839/2154/1839 1814/2126/1814
f 1843/2158/1843 1844/2159/1844 1839/2154/1839 1842/2157/1842
f 1813/2125/1813 1093/1214/1093 1092/1213/1092 1842/2157/1842
f 1092/1213/1092 1845/2160/1845 1843/2158/1843 1842/2157/1842
f 1090/1211/1090 1075/1191/1075 1843/2158/1843 1845/2160/1845
f 1092/1213/1092 1091/1212/1091 1846/2161/1846 1845/2160/1845
f 1846/2161/1846 1847/2162/1847 1090/1211/1090 1845/2160/1845
f 1848/2163/1848 1079/1199/1079 1090/1211/1090 1847/2162/1847
f 1846/2161/1846 1849/2164/1849 1850/2165/1850 1847/2162/1847
f 1850/2165/1850 1851/2166/1851 1848/2163/1848 1847/2162/1847
f 1852/2167/1852 1853/2168/1853 1848/2163/1848 1851/2166/1851
f 1850/2165/1850 1854/2169/1854 1855/2170/1855 1851/2166/1851
f 1855/2170/1855 1856/2171/1856 1852/2167/1852 1851/2166/1851
f 1011/1121/1011 1046/1161/1046 1852/2172/1852 1856/2173/1856
f 1855/2170/1855 1857/2174/1857 1858/2175/1858 1856/2171/1856
f 1858/2176/1858 1012/1122/1012 1011/1121/1011 1856/2173/1856
f 1857/2177/1857 1859/2178/1859 1860/2179/1860 1858/2180/1858
f 1860/2181/1860 1861/2182/1861 1012/2183/1012 1858/2184/1858
f 1039/1151/1039 1013/1150/1013 1012/2183/1012 1861/2182/1861
f 1860/2179/1860 1862/2185/1862 1067/2186/1067 1861/2187/1861
f 1067/1183/1067 1066/1182/1066 1039/1151/1039 1861/2182/1861
f 1860/2179/1860 1859/2178/1859 1863/2188/1863 1862/2185/1862
f 1863/2188/1863 1864/2189/1864 1865/2190/1865 1862/2185/1862
f 1865/2190/1865 1068/2191/1068 1067/2186/1067 1862/2185/1862
f 1864/2189/1864 1866/2192/1866 1867/2193/1867 1865/2190/1865
f 1867/2193/1867 1069/2194/1069 1068/2191/1068 1865/2190/1865
f 1866/2192/1866 1868/2195/1868 1077/1195/1077 1867/2193/1867
f 1077/1195/1077 1072/1194/1072 1069/2194/1069 1867/2193/1867
f 1866/2192/1866 1869/2196/1869 1840/2155/1840 1868/2195/1868
f 1840/2155/1840 1839/2154/1839 1844/2159/1844 1868/2195/1868
f 1844/2159/1844 1074/1190/1074 1077/1195/1077 1868/2195/1868
f 1866/2192/1866 1864/2189/1864 1870/2197/1870 1869/2196/1869
f 1870/2197/1870 1871/2198/1871 1872/2199/1872 1869/2196/1869
f 1872/2199/1872 1841/2156/1841 1840/2155/1840 1869/2196/1869
f 1871/2198/1871 1873/2200/1873 1874/2201/1874 1872/2199/1872
f 1874/2201/1874 1809/2121/1809 1841/2156/1841 1872/2199/1872
f 1873/2200/1873 1098/1219/1098 1804/2116/1804 1874/2201/1874
f 1804/2116/1804 1803/2115/1803 1809/2121/1809 1874/2201/1874
f 1871/2198/1871 1875/2202/1875 1876/2203/1876 1873/2200/1873
f 1876/2203/1876 1099/1220/1099 1098/1219/1098 1873/2200/1873
f 1875/2202/1875 1877/2204/1877 1878/2205/1878 1876/2203/1876
f 1878/2205/1878 1101/1222/1101 1099/1220/1099 1876/2203/1876
f 1877/2204/1877 1879/2206/1879 1880/2207/1880 1878/2205/1878
f 1880/2207/1880 1881/2208/1881 1101/1222/1101 1878/2205/1878
f 1880/2209/1880 1882/2210/1882 1087/1208/1087 1881/2211/1881
f 1087/1208/1087 1086/1207/1086 1883/2212/1883 1881/2211/1881
f 1883/2213/1883 1102/1223/1102 1101/1222/1101 1881/2208/1881
f 1086/1207/1086 1085/1206/1085 1794/2214/1794 1883/2212/1883
f 1794/2106/1794 1103/1224/1103 1102/1223/1102 1883/2213/1883
f 1884/2215/1884 1849/2164/1849 1885/2216/1885 1882/2210/1882
f 1885/2216/1885 1080/1201/1080 1087/1208/1087 1882/2210/1882
f 1880/2209/1880 1879/2217/1879 1884/2215/1884 1882/2210/1882
f 1849/2164/1849 1846/2161/1846 1091/1212/1091 1885/2216/1885
f 1091/1212/1091 1081/1202/1081 1080/1201/1080 1885/2216/1885
f 1854/2169/1854 1850/2165/1850 1849/2164/1849 1884/2215/1884
f 1879/2217/1879 1886/2218/1886 1854/2169/1854 1884/2215/1884
f 1857/2174/1857 1855/2170/1855 1854/2169/1854 1886/2218/1886
f 1879/2206/1879 1877/2204/1877 1887/2219/1887 1886/2220/1886
f 1887/2219/1887 1859/2178/1859 1857/2177/1857 1886/2220/1886
f 1877/2204/1877 1875/2202/1875 1888/2221/1888 1887/2219/1887
f 1888/2221/1888 1863/2188/1863 1859/2178/1859 1887/2219/1887
f 1875/2202/1875 1871/2198/1871 1870/2197/1870 1888/2221/1888
f 1870/2197/1870 1864/2189/1864 1863/2188/1863 1888/2221/1888
f 1045/1160/1045 1050/1165/1050 1078/1196/1078 1853/2222/1853
f 1078/1200/1078 1079/1199/1079 1848/2163/1848 1853/2168/1853
f 1852/2172/1852 1046/1161/1046 1045/1160/1045 1853/2222/1853
f 1843/2158/1843 1075/1191/1075 1074/1190/1074 1844/2159/1844
f 1098/1219/1098 1097/1218/1097 1799/2111/1799 1804/2116/1804
f 1797/2109/1797 1123/1244/1123 1128/1249/1128 1800/2112/1800
f 1085/1206/1085 1791/2101/1791 1790/2100/1790 1794/2214/1794
f 1085/1206/1085 1084/1205/1084 1828/2140/1828 1791/2101/1791
f 1785/2223/1785 1889/2224/1889 1132/2225/1132 1786/2226/1786
f 1785/2223/1785 1747/2037/1747 1746/2036/1746 1889/2224/1889
f 1746/2036/1746 1146/1270/1146 1145/1269/1145 1889/2224/1889
f 1145/1269/1145 1133/2227/1133 1132/2225/1132 1889/2224/1889
f 1781/2228/1781 1749/2039/1749 1747/2037/1747 1785/2223/1785
f 1118/1239/1118 1117/1238/1117 1776/2080/1776 1780/2086/1780
f 1752/2043/1752 1750/2042/1750 1749/2229/1749 1777/2082/1777
f 1755/2050/1755 1753/2044/1753 1752/2043/1752 1774/2078/1774
f 1199/1340/1199 1187/1325/1187 1186/1324/1186 1741/2031/1741
f 1721/2003/1721 1202/1343/1202 1201/1342/1201 1724/2007/1724
f 1719/2001/1719 1205/1346/1205 1202/1343/1202 1721/2003/1721
f 1225/1371/1225 1203/1344/1203 1205/1346/1205 1717/1999/1717
f 1716/1998/1716 1226/1372/1226 1225/1371/1225 1717/1999/1717
f 1236/1382/1236 1197/1337/1197 1226/1372/1226 1716/1998/1716
f 1251/1404/1251 1184/2230/1184 1231/2231/1231 1262/1420/1262
f 1231/2231/1231 1235/1386/1235 1238/1385/1238 1262/1420/1262
f 14/14/14 16/16/16 1249/1408/1249 1253/1407/1253
f 1250/1403/1250 1168/2232/1168 1184/2230/1184 1251/1404/1251
f 16/2233/16 15/15/15 1219/1365/1219 1249/1402/1249
f 1241/1390/1241 7/7/7 13/2234/13 1245/2235/1245
f 1234/1380/1234 1890/2236/1890 1198/2237/1198 1235/1381/1235
f 1234/1380/1234 1180/1314/1180 1177/1308/1177 1890/2236/1890
f 1177/1308/1177 1176/1307/1176 1891/2238/1891 1890/2236/1890
f 1891/2238/1891 1195/1333/1195 1198/2237/1198 1890/2236/1890
f 1176/1307/1176 1169/2239/1169 1892/2240/1892 1891/2238/1891
f 1892/2240/1892 1196/1334/1196 1195/1333/1195 1891/2238/1891
f 1169/1299/1169 1172/1302/1172 1893/2241/1893 1892/2242/1892
f 1893/2241/1893 1894/2243/1894 1196/2244/1196 1892/2242/1892
f 1157/1285/1157 1156/2245/1156 1196/2244/1196 1894/2243/1894
f 1893/2241/1893 1895/2246/1895 1896/2247/1896 1894/2243/1894
f 1896/2247/1896 1160/1286/1160 1157/1285/1157 1894/2243/1894
f 1895/2246/1895 1232/2248/1232 1230/2249/1230 1896/2247/1896
f 1230/2249/1230 1183/1319/1183 1160/1286/1160 1896/2247/1896
f 1893/2241/1893 1172/1302/1172 1171/1301/1171 1895/2246/1895
f 1171/1301/1171 1182/1318/1182 1232/2248/1232 1895/2246/1895
f 1233/1379/1233 1181/1315/1181 1180/1314/1180 1234/1380/1234
f 1232/1378/1232 1182/2250/1182 1181/1315/1181 1233/1379/1233
f 1223/1369/1223 1139/1260/1139 1137/1258/1137 1229/1375/1229
f 1897/2251/1897 1165/1291/1165 1168/2232/1168 1250/1403/1250
f 1898/2252/1898 1899/2253/1899 1900/2254/1900 1897/2251/1897
f 1900/2254/1900 1166/1292/1166 1165/1291/1165 1897/2251/1897
f 1899/2253/1899 1211/1354/1211 1215/1359/1215 1900/2254/1900
f 1215/1359/1215 1214/1358/1214 1166/1292/1166 1900/2254/1900
f 1898/2252/1898 36/36/36 35/35/35 1899/2253/1899
f 35/35/35 40/43/40 1211/1354/1211 1899/2253/1899
f 1206/2255/1206 38/38/38 36/36/36 1898/2252/1898
f 27/27/27 24/24/24 1212/1356/1212 1220/1366/1220
f 1216/1360/1216 1215/1359/1215 1211/1354/1211 1217/2256/1217
f 1217/2256/1217 1211/1354/1211 1210/1353/1210 1244/2257/1244
f 29/29/29 21/21/21 23/23/23 1209/1351/1209
f 1226/1372/1226 1197/1337/1197 1192/1330/1192 1194/1332/1194
f 1171/1301/1171 1170/1300/1170 1174/1304/1174 1182/1318/1182
f 1144/1268/1144 1134/2152/1134 1133/2227/1133 1145/1269/1145
f 1083/1204/1083 1089/1210/1089 1828/2140/1828 1084/1205/1084
f 1071/1187/1071 1064/1180/1064 1069/1185/1069 1072/1188/1072
f 1901/2258/1901 1065/1181/1065 1064/1180/1064 1071/1187/1071
f 1070/1197/1070 1902/2259/1902 1901/2260/1901 1071/2261/1071
f 1903/2262/1903 1904/2263/1904 1901/2260/1901 1902/2259/1902
f 1070/1197/1070 1050/1165/1050 1049/1164/1049 1902/2259/1902
f 1049/1164/1049 1051/1166/1051 1903/2262/1903 1902/2259/1902
f 1053/1168/1053 1052/1167/1052 1905/2264/1905 1904/2265/1904
f 1905/2264/1905 1065/1181/1065 1901/2258/1901 1904/2265/1904
f 1903/2262/1903 1906/2266/1906 1053/2267/1053 1904/2263/1904
f 1907/2268/1907 1042/2269/1042 1053/2267/1053 1906/2266/1906
f 1903/2262/1903 1051/1166/1051 1004/1114/1004 1906/2266/1906
f 1004/1114/1004 1003/1113/1003 1907/2268/1907 1906/2266/1906
f 1908/2270/1908 1043/1157/1043 1042/1156/1042 1907/2271/1907
f 1003/1113/1003 1002/1112/1002 1908/2272/1908 1907/2268/1907
f 1909/2273/1909 1910/2274/1910 1043/1157/1043 1908/2270/1908
f 1002/1112/1002 1911/2275/1911 1909/2276/1909 1908/2272/1908
f 1912/2277/1912 1913/2278/1913 1909/2276/1909 1911/2275/1911
f 1002/1112/1002 972/1082/972 975/1085/975 1911/2275/1911
f 975/1085/975 1914/2279/1914 1912/2277/1912 1911/2275/1911
f 1915/2280/1915 1916/2281/1916 1912/2277/1912 1914/2279/1914
f 975/1085/975 974/1084/974 1917/2282/1917 1914/2279/1914
f 1917/2282/1917 1918/2283/1918 1915/2280/1915 1914/2279/1914
f 1919/2284/1919 1920/2285/1920 1915/2280/1915 1918/2283/1918
f 1917/2282/1917 1921/2286/1921 1922/2287/1922 1918/2283/1918
f 1922/2287/1922 1923/2288/1923 1919/2284/1919 1918/2283/1918
f 1924/2289/1924 1925/2290/1925 1919/2284/1919 1923/2288/1923
f 1922/2287/1922 891/986/891 1926/2291/1926 1923/2288/1923
f 1926/2291/1926 1927/2292/1927 1924/2289/1924 1923/2288/1923
f 1928/2293/1928 1929/2294/1929 1924/2289/1924 1927/2292/1927
f 1926/2291/1926 1930/2295/1930 852/943/852 1927/2292/1927
f 852/943/852 851/942/851 1928/2293/1928 1927/2292/1927
f 1926/2291/1926 891/986/891 890/985/890 1930/2295/1930
f 890/985/890 895/990/895 1931/2296/1931 1930/2295/1930
f 1931/2296/1931 853/944/853 852/943/852 1930/2295/1930
f 895/990/895 1932/2297/1932 1933/2298/1933 1931/2296/1931
f 1933/2298/1933 855/946/855 853/944/853 1931/2296/1931
f 1932/2297/1932 942/1051/942 917/1015/917 1933/2298/1933
f 917/1015/917 922/1020/922 855/946/855 1933/2298/1933
f 895/990/895 894/989/894 948/1057/948 1932/2297/1932
f 948/1057/948 946/1055/946 942/1051/942 1932/2297/1932
f 1934/2299/1934 1935/2300/1935 1936/2301/1936 1929/2294/1929
f 1936/2301/1936 1925/2290/1925 1924/2289/1924 1929/2294/1929
f 1928/2293/1928 1937/2302/1937 1934/2299/1934 1929/2294/1929
f 1938/2303/1938 1939/2304/1939 1934/2299/1934 1937/2302/1937
f 1928/2293/1928 851/942/851 858/949/858 1937/2302/1937
f 858/949/858 800/890/800 1938/2303/1938 1937/2302/1937
f 1940/2305/1940 909/1007/909 915/1013/915 1939/2304/1939
f 915/1013/915 1935/2300/1935 1934/2299/1934 1939/2304/1939
f 1938/2303/1938 1941/2306/1941 1940/2305/1940 1939/2304/1939
f 799/889/799 801/892/801 1942/2307/1942 1941/2306/1941
f 1942/2307/1942 1943/2308/1943 1940/2305/1940 1941/2306/1941
f 1938/2303/1938 800/890/800 799/889/799 1941/2306/1941
f 1942/2307/1942 1944/2309/1944 1945/2310/1945 1943/2308/1943
f 1945/2310/1945 931/1036/931 910/1008/910 1943/2308/1943
f 910/1008/910 909/1007/909 1940/2305/1940 1943/2308/1943
f 1944/2311/1944 1946/2312/1946 1947/2313/1947 1945/2314/1945
f 1947/2313/1947 932/1033/932 931/1032/931 1945/2314/1945
f 1946/2312/1946 840/931/840 1948/2315/1948 1947/2313/1947
f 1948/2315/1948 907/1005/907 932/1033/932 1947/2313/1947
f 840/931/840 839/930/839 1949/2316/1949 1948/2315/1948
f 1949/2316/1949 902/1000/902 907/1005/907 1948/2315/1948
f 839/930/839 838/929/838 1950/2317/1950 1949/2316/1949
f 1950/2317/1950 903/1001/903 902/1000/902 1949/2316/1949
f 838/929/838 845/936/845 1951/2318/1951 1950/2317/1950
f 1951/2318/1951 1952/2319/1952 903/1001/903 1950/2317/1950
f 1951/2318/1951 1953/2320/1953 1954/2321/1954 1952/2319/1952
f 1954/2321/1954 1955/2322/1955 1956/2323/1956 1952/2319/1952
f 1956/2323/1956 904/1002/904 903/1001/903 1952/2319/1952
f 1955/2322/1955 1957/2324/1957 1958/2325/1958 1956/2323/1956
f 1958/2325/1958 908/1006/908 904/1002/904 1956/2323/1956
f 1957/2324/1957 1959/2326/1959 1960/2327/1960 1958/2325/1958
f 1960/2327/1960 936/1039/936 908/1006/908 1958/2325/1958
f 1959/2326/1959 1961/2328/1961 1962/2329/1962 1960/2327/1960
f 1962/2329/1962 935/1040/935 936/1039/936 1960/2327/1960
f 1961/2330/1961 1963/2331/1963 1964/2332/1964 1962/2333/1962
f 1964/2332/1964 913/1011/913 935/1038/935 1962/2333/1962
f 1963/2331/1963 1965/2334/1965 1966/2335/1966 1964/2332/1964
f 1966/2335/1966 914/1012/914 913/1011/913 1964/2332/1964
f 1965/2334/1965 1936/2301/1936 1935/2300/1935 1966/2335/1966
f 1935/2300/1935 915/1013/915 914/1012/914 1966/2335/1966
f 1963/2331/1963 1967/2336/1967 1968/2337/1968 1965/2334/1965
f 1968/2337/1968 1925/2290/1925 1936/2301/1936 1965/2334/1965
f 1967/2336/1967 1969/2338/1969 1920/2285/1920 1968/2337/1968
f 1920/2285/1920 1919/2284/1919 1925/2290/1925 1968/2337/1968
f 1967/2336/1967 1970/2339/1970 1971/2340/1971 1969/2338/1969
f 1971/2340/1971 1972/2341/1972 1916/2281/1916 1969/2338/1969
f 1916/2281/1916 1915/2280/1915 1920/2285/1920 1969/2338/1969
f 1971/2342/1971 1973/2343/1973 1974/2344/1974 1972/2345/1972
f 1974/2344/1974 1975/2346/1975 1913/2347/1913 1972/2345/1972
f 1913/2278/1913 1912/2277/1912 1916/2281/1916 1972/2341/1972
f 1974/2344/1974 1976/2348/1976 1977/2349/1977 1975/2346/1975
f 1977/2349/1977 1978/2350/1978 1910/2274/1910 1975/2346/1975
f 1910/2274/1910 1909/2273/1909 1913/2347/1913 1975/2346/1975
f 1977/2349/1977 1979/2351/1979 1980/2352/1980 1978/2350/1978
f 1980/2352/1980 1981/2353/1981 1044/1158/1044 1978/2350/1978
f 1044/1158/1044 1043/1157/1043 1910/2274/1910 1978/2350/1978
f 1980/2352/1980 1982/2354/1982 1983/2355/1983 1981/2353/1981
f 1983/2355/1983 1984/2356/1984 1040/2357/1040 1981/2353/1981
f 1040/2357/1040 1041/1159/1041 1044/1158/1044 1981/2353/1981
f 1983/2355/1983 1985/2358/1985 1986/2359/1986 1984/2356/1984
f 1986/2360/1986 1987/2361/1987 980/1090/980 1984/2362/1984
f 980/1090/980 979/1089/979 1040/1152/1040 1984/2362/1984
f 1986/2360/1986 55/64/55 57/63/57 1987/2361/1987
f 57/63/57 1988/2363/1988 1989/2364/1989 1987/2361/1987
f 1989/2364/1989 981/1091/981 980/1090/980 1987/2361/1987
f 1988/2363/1988 900/998/900 1990/2365/1990 1989/2364/1989
f 1990/2365/1990 983/1093/983 981/1091/981 1989/2364/1989
f 900/998/900 899/997/899 950/1059/950 1990/2365/1990
f 950/1059/950 1991/2366/1991 983/1093/983 1990/2365/1990
f 950/1059/950 930/1031/930 1992/2367/1992 1991/2366/1991
f 1992/2367/1992 1993/2368/1993 1994/2369/1994 1991/2366/1991
f 1994/2369/1994 984/1094/984 983/1093/983 1991/2366/1991
f 1993/2368/1993 1995/2370/1995 1996/2371/1996 1994/2369/1994
f 1996/2371/1996 1997/2372/1997 984/1094/984 1994/2369/1994
f 1998/2373/1998 982/1092/982 984/1094/984 1997/2372/1997
f 1996/2374/1996 1999/2375/1999 2000/2376/2000 1997/2377/1997
f 2000/2376/2000 2001/2378/2001 1998/2379/1998 1997/2377/1997
f 977/1087/977 2002/2380/2002 1998/2379/1998 2001/2378/2001
f 2000/2376/2000 918/1016/918 943/1052/943 2001/2378/2001
f 943/1052/943 945/1054/945 977/1087/977 2001/2378/2001
f 2003/2381/2003 1030/1140/1030 985/2382/985 2002/2383/2002
f 985/1095/985 982/1092/982 1998/2373/1998 2002/2384/2002
f 977/1087/977 973/1083/973 2003/2385/2003 2002/2380/2002
f 2004/2386/2004 1022/1132/1022 1030/1140/1030 2003/2381/2003
f 973/1083/973 978/1088/978 2004/2387/2004 2003/2385/2003
f 2005/2388/2005 1019/1129/1019 1022/1132/1022 2004/2386/2004
f 978/1088/978 2006/2389/2006 2005/2390/2005 2004/2387/2004
f 2007/2391/2007 2008/2392/2008 2005/2393/2005 2006/2394/2006
f 978/1088/978 45/50/45 2009/2395/2009 2006/2389/2006
f 2009/2396/2009 2010/2397/2010 2007/2391/2007 2006/2394/2006
f 2011/2398/2011 2012/2399/2012 2007/2391/2007 2010/2397/2010
f 2009/2396/2009 49/2400/49 2013/2401/2013 2010/2397/2010
f 2013/2401/2013 2014/2402/2014 2011/2398/2011 2010/2397/2010
f 924/1022/924 923/1021/923 2011/2398/2011 2014/2402/2014
f 2013/2401/2013 938/1042/938 2015/2403/2015 2014/2402/2014
f 2015/2403/2015 2016/2404/2016 924/1022/924 2014/2402/2014
f 2017/2405/2017 920/1018/920 924/1022/924 2016/2404/2016
f 2015/2403/2015 927/2406/927 926/2407/926 2016/2404/2016
f 926/2407/926 925/2408/925 2017/2405/2017 2016/2404/2016
f 2018/2409/2018 921/1019/921 920/1018/920 2017/2405/2017
f 925/2408/925 2019/2410/2019 2018/2409/2018 2017/2405/2017
f 2020/2411/2020 2021/2412/2021 2018/2409/2018 2019/2410/2019
f 925/1024/925 916/1023/916 2022/2413/2022 2019/2414/2019
f 2022/2413/2022 2023/2415/2023 2020/2416/2020 2019/2414/2019
f 2024/2417/2024 2025/2418/2025 2020/2416/2020 2023/2415/2023
f 2022/2413/2022 871/963/871 870/962/870 2023/2415/2023
f 870/962/870 2026/2419/2026 2024/2417/2024 2023/2415/2023
f 2027/2420/2027 2028/2421/2028 2024/2417/2024 2026/2419/2026
f 870/962/870 869/961/869 2029/2422/2029 2026/2419/2026
f 2029/2422/2029 807/898/807 2027/2420/2027 2026/2419/2026
f 869/961/869 874/966/874 2030/2423/2030 2029/2422/2029
f 2030/2423/2030 805/896/805 807/898/807 2029/2422/2029
f 874/966/874 833/924/833 2031/2424/2031 2030/2423/2030
f 2031/2424/2031 806/897/806 805/896/805 2030/2423/2030
f 833/924/833 809/900/809 769/857/769 2031/2424/2031
f 769/857/769 767/855/767 806/897/806 2031/2424/2031
f 2032/2425/2032 2033/2426/2033 2034/2427/2034 2028/2421/2028
f 2034/2427/2034 2025/2418/2025 2024/2417/2024 2028/2421/2028
f 2027/2420/2027 790/878/790 2032/2425/2032 2028/2421/2028
f 2033/2428/2033 2035/2429/2035 2036/2430/2036 2034/2431/2034
f 2036/2430/2036 2037/2432/2037 2025/2433/2025 2034/2431/2034
f 2036/2430/2036 877/969/877 876/968/876 2037/2432/2037
f 876/973/876 880/972/880 2021/2412/2021 2037/2434/2037
f 2021/2412/2021 2020/2411/2020 2025/2435/2025 2037/2434/2037
f 2035/2429/2035 2038/2436/2038 877/969/877 2036/2430/2036
f 2039/2437/2039 787/875/787 2038/2436/2038 2035/2429/2035
f 2033/2428/2033 2040/2438/2040 2039/2437/2039 2035/2429/2035
f 738/826/738 737/825/737 2039/2437/2039 2040/2438/2040
f 2033/2426/2033 2032/2425/2032 2041/2439/2041 2040/2440/2040
f 2041/2439/2041 751/839/751 738/2441/738 2040/2440/2040
f 2032/2425/2032 790/878/790 776/864/776 2041/2439/2041
f 776/864/776 752/840/752 751/839/751 2041/2439/2041
f 737/825/737 781/869/781 787/875/787 2039/2437/2039
f 807/898/807 791/879/791 790/878/790 2027/2420/2027
f 916/1023/916 875/967/875 871/963/871 2022/2413/2022
f 880/972/880 921/1019/921 2018/2409/2018 2021/2412/2021
f 938/1042/938 937/1041/937 927/2406/927 2015/2403/2015
f 49/2400/49 48/1043/48 938/1042/938 2013/2401/2013
f 2042/2442/2042 1995/2443/1995 2043/2444/2043 2012/2399/2012
f 2043/2444/2043 2008/2392/2008 2007/2391/2007 2012/2399/2012
f 2011/2398/2011 923/1021/923 2042/2442/2042 2012/2399/2012
f 1995/2370/1995 1993/2368/1993 2044/2445/2044 2043/2446/2043
f 2044/2445/2044 1020/1130/1020 2008/2447/2008 2043/2446/2043
f 1993/2368/1993 1992/2367/1992 2045/2448/2045 2044/2445/2044
f 2045/2448/2045 1017/1127/1017 1020/1130/1020 2044/2445/2044
f 1992/2367/1992 930/1031/930 929/1030/929 2045/2448/2045
f 929/1030/929 952/1061/952 1017/1127/1017 2045/2448/2045
f 1999/2375/1999 1996/2374/1996 1995/2443/1995 2042/2442/2042
f 923/1021/923 919/1017/919 1999/2375/1999 2042/2442/2042
f 45/50/45 44/49/44 49/54/49 2009/2395/2009
f 1020/1130/1020 1019/1129/1019 2005/2388/2005 2008/2447/2008
f 1999/2375/1999 919/1017/919 918/1016/918 2000/2376/2000
f 57/63/57 53/62/53 2046/2449/2046 1988/2363/1988
f 2046/2449/2046 901/999/901 900/998/900 1988/2363/1988
f 53/58/53 52/57/52 2047/2450/2047 2046/2451/2046
f 2047/2450/2047 2048/2452/2048 901/2453/901 2046/2451/2046
f 832/923/832 889/984/889 901/2453/901 2048/2452/2048
f 2047/2450/2047 862/954/862 860/952/860 2048/2452/2048
f 860/952/860 829/920/829 832/923/832 2048/2452/2048
f 52/57/52 887/982/887 862/954/862 2047/2450/2047
f 1985/2358/1985 56/61/56 55/60/55 1986/2359/1986
f 2049/2454/2049 883/978/883 56/61/56 1985/2358/1985
f 1983/2355/1983 1982/2354/1982 2049/2454/2049 1985/2358/1985
f 2050/2455/2050 884/979/884 883/978/883 2049/2454/2049
f 1982/2354/1982 2051/2456/2051 2050/2455/2050 2049/2454/2049
f 2052/2457/2052 2053/2458/2053 2050/2455/2050 2051/2456/2051
f 1982/2354/1982 1980/2352/1980 1979/2351/1979 2051/2456/2051
f 1979/2351/1979 2054/2459/2054 2052/2457/2052 2051/2456/2051
f 2055/2460/2055 2056/2461/2056 2052/2457/2052 2054/2459/2054
f 1979/2351/1979 1977/2349/1977 1976/2348/1976 2054/2459/2054
f 1976/2348/1976 2057/2462/2057 2055/2460/2055 2054/2459/2054
f 2058/2463/2058 2059/2464/2059 2055/2460/2055 2057/2462/2057
f 1976/2348/1976 1974/2344/1974 1973/2343/1973 2057/2462/2057
f 1973/2343/1973 2060/2465/2060 2058/2463/2058 2057/2462/2057
f 1959/2326/1959 1957/2324/1957 2058/2463/2058 2060/2465/2060
f 1973/2343/1973 1971/2342/1971 1970/2466/1970 2060/2465/2060
f 1970/2466/1970 1961/2328/1961 1959/2326/1959 2060/2465/2060
f 1955/2322/1955 1954/2321/1954 2061/2467/2061 2059/2464/2059
f 2061/2467/2061 2056/2461/2056 2055/2460/2055 2059/2464/2059
f 2058/2463/2058 1957/2324/1957 1955/2322/1955 2059/2464/2059
f 1954/2321/1954 1953/2320/1953 2062/2468/2062 2061/2467/2061
f 2062/2468/2062 2063/2469/2063 2056/2461/2056 2061/2467/2061
f 2062/2468/2062 867/959/867 866/958/866 2063/2469/2063
f 866/958/866 888/983/888 2053/2458/2053 2063/2469/2063
f 2053/2458/2053 2052/2457/2052 2056/2461/2056 2063/2469/2063
f 1953/2320/1953 868/960/868 867/959/867 2062/2468/2062
f 888/983/888 884/979/884 2050/2455/2050 2053/2458/2053
f 1967/2336/1967 1963/2331/1963 1961/2330/1961 1970/2339/1970
f 1951/2318/1951 845/936/845 868/960/868 1953/2320/1953
f 2064/2470/2064 834/925/834 840/931/840 1946/2312/1946
f 1944/2311/1944 2065/2471/2065 2064/2470/2064 1946/2312/1946
f 2066/2472/2066 2067/2473/2067 2064/2470/2064 2065/2471/2065
f 1944/2309/1944 1942/2307/1942 801/892/801 2065/2474/2065
f 801/2475/801 795/883/795 2066/2472/2066 2065/2471/2065
f 2068/2476/2068 841/932/841 835/926/835 2067/2473/2067
f 835/926/835 834/925/834 2064/2470/2064 2067/2473/2067
f 2066/2472/2066 2069/2477/2069 2068/2476/2068 2067/2473/2067
f 758/846/758 2070/2478/2070 2068/2476/2068 2069/2477/2069
f 2066/2472/2066 795/883/795 794/882/794 2069/2477/2069
f 794/882/794 759/847/759 758/846/758 2069/2477/2069
f 2071/2479/2071 817/908/817 821/912/821 2070/2478/2070
f 821/912/821 841/932/841 2068/2476/2068 2070/2478/2070
f 758/846/758 757/845/757 2071/2479/2071 2070/2478/2070
f 730/818/730 763/851/763 817/908/817 2071/2479/2071
f 757/845/757 717/802/717 730/818/730 2071/2479/2071
f 1921/2286/1921 892/987/892 891/986/891 1922/2287/1922
f 1917/2282/1917 974/1084/974 2072/2480/2072 1921/2286/1921
f 2072/2480/2072 896/991/896 892/987/892 1921/2286/1921
f 974/1084/974 971/1081/971 976/1086/976 2072/2480/2072
f 976/1086/976 949/1058/949 896/991/896 2072/2480/2072
f 1052/1167/1052 1054/1170/1054 2073/2481/2073 1905/2264/1905
f 2073/2481/2073 1062/1178/1062 1065/1181/1065 1905/2264/1905
f 1054/1170/1054 2074/2482/2074 1061/1177/1061 2073/2481/2073
f 1061/1177/1061 1060/1176/1060 1062/1178/1062 2073/2481/2073
f 1027/1137/1027 2075/2483/2075 2076/2484/2076 2074/2482/2074
f 2076/2484/2076 1055/1171/1055 1061/1177/1061 2074/2482/2074
f 1054/1170/1054 1028/1138/1028 1027/1137/1027 2074/2482/2074
f 2075/2483/2075 2077/2485/2077 2078/2486/2078 2076/2484/2076
f 2078/2486/2078 1056/1172/1056 1055/1171/1055 2076/2484/2076
f 2077/2485/2077 2079/2487/2079 2080/2488/2080 2078/2486/2078
f 2080/2488/2080 1036/1147/1036 1056/1172/1056 2078/2486/2078
f 2079/2487/2079 2081/2489/2081 1037/1148/1037 2080/2488/2080
f 1037/1148/1037 1031/1141/1031 1036/1147/1036 2080/2488/2080
f 991/1101/991 2082/2490/2082 2083/2491/2083 2081/2489/2081
f 2083/2491/2083 1038/1149/1038 1037/1148/1037 2081/2489/2081
f 2079/2487/2079 992/1102/992 991/1101/991 2081/2489/2081
f 2082/2492/2082 2084/2493/2084 2085/2494/2085 2083/2495/2083
f 2085/2494/2085 2086/2496/2086 1038/2497/1038 2083/2495/2083
f 2085/2494/2085 2087/2498/2087 998/1108/998 2086/2496/2086
f 998/1108/998 997/1107/997 1016/1126/1016 2086/2496/2086
f 1016/1126/1016 1015/1125/1015 1038/2497/1038 2086/2496/2086
f 2088/2499/2088 962/1072/962 2089/2500/2089 2087/2498/2087
f 2089/2500/2089 993/1103/993 998/1108/998 2087/2498/2087
f 2085/2494/2085 2084/2493/2084 2088/2499/2088 2087/2498/2087
f 962/1072/962 960/1070/960 964/1074/964 2089/2500/2089
f 964/1074/964 994/1104/994 993/1103/993 2089/2500/2089
f 956/1066/956 955/1065/955 962/1072/962 2088/2499/2088
f 2084/2493/2084 957/1067/957 956/1066/956 2088/2499/2088
f 2082/2492/2082 2090/2501/2090 957/1067/957 2084/2493/2084
f 50/55/50 43/48/43 957/1067/957 2090/2501/2090
f 2082/2490/2082 991/1101/991 987/1097/987 2090/2502/2090
f 987/1097/987 953/1063/953 50/1062/50 2090/2502/2090
f 2077/2485/2077 1010/1120/1010 992/1102/992 2079/2487/2079
f 2075/2483/2075 1024/1134/1024 1010/1120/1010 2077/2485/2077
f 1027/1137/1027 1026/1136/1026 1024/1134/1024 2075/2483/2075
f 1034/1145/1034 1032/1143/1032 1039/1151/1039 1066/1182/1066
f 1057/1173/1057 1035/1146/1035 1034/1145/1034 1059/1175/1059
f 1056/1172/1056 1036/1147/1036 1035/1146/1035 1057/1173/1057
f 1005/1115/1005 1000/1110/1000 1004/1114/1004 1051/1166/1051
f 2091/2503/2091 1008/1118/1008 1007/1117/1007 1048/1163/1048
f 1047/1162/1047 1014/1124/1014 999/1109/999 1048/1163/1048
f 999/1109/999 995/1105/995 2091/2503/2091 1048/1163/1048
f 968/1078/968 967/1077/967 1008/1118/1008 2091/2503/2091
f 995/1105/995 994/1104/994 968/1078/968 2091/2503/2091
f 1046/1161/1046 1011/1121/1011 1014/1124/1014 1047/1162/1047
f 1029/1139/1029 986/1154/986 985/2382/985 1030/1140/1030
f 967/1077/967 966/1076/966 1001/1111/1001 1008/1118/1008
f 964/1074/964 963/1073/963 968/1078/968 994/1104/994
f 944/1053/944 947/1056/947 949/1058/949 976/1086/976
f 929/1030/929 928/1029/928 941/1046/941 952/1061/952
f 948/1057/948 894/989/894 896/991/896 949/1058/949
f 945/1054/945 943/1052/943 942/1051/942 946/1055/946
f 928/1029/928 927/1028/927 937/1047/937 941/1046/941
f 933/1034/933 906/1004/906 908/1006/908 936/1039/936
f 932/1033/932 907/1005/907 906/1004/906 933/1034/933
f 921/1019/921 880/972/880 879/971/879 922/1020/922
f 879/971/879 856/947/856 855/946/855 922/1020/922
f 866/958/866 863/955/863 886/981/886 888/983/888
f 52/57/52 51/56/51 882/977/882 887/982/887
f 886/981/886 863/955/863 862/954/862 887/982/887
f 882/977/882 51/56/51 56/61/56 883/978/883
f 2092/2504/2092 2093/2505/2093 859/976/859 881/975/881
f 848/939/848 847/938/847 2094/2506/2094 881/975/881
f 2094/2506/2094 2095/2507/2095 2092/2504/2092 881/975/881
f 2096/2508/2096 2097/2509/2097 2092/2504/2092 2095/2507/2095
f 2094/2506/2094 774/862/774 728/816/728 2095/2507/2095
f 728/816/728 725/815/725 2096/2508/2096 2095/2507/2095
f 2098/2510/2098 793/2511/793 798/2512/798 2097/2509/2097
f 798/2512/798 2093/2505/2093 2092/2504/2092 2097/2509/2097
f 2096/2508/2096 729/2513/729 2098/2510/2098 2097/2509/2097
f 759/847/759 794/882/794 793/881/793 2098/2514/2098
f 729/817/729 719/804/719 759/847/759 2098/2514/2098
f 725/815/725 724/2515/724 729/2513/729 2096/2508/2096
f 847/938/847 775/863/775 774/862/774 2094/2506/2094
f 798/886/798 797/885/797 857/948/857 2093/2516/2093
f 857/948/857 854/945/854 859/951/859 2093/2516/2093
f 845/936/845 844/935/844 864/956/864 868/960/868
f 843/934/843 818/909/818 824/915/824 865/957/865
f 824/915/824 820/911/820 830/921/830 865/957/865
f 864/956/864 844/935/844 843/934/843 865/957/865
f 857/948/857 797/885/797 800/890/800 858/949/858
f 846/937/846 789/877/789 775/863/775 847/938/847
f 825/916/825 785/873/785 789/877/789 846/937/846
f 842/933/842 819/910/819 818/909/818 843/934/843
f 841/932/841 821/912/821 819/910/819 842/933/842
f 787/875/787 786/874/786 828/919/828 2038/2436/2038
f 828/919/828 827/918/827 877/969/877 2038/2436/2038
f 818/909/818 815/906/815 822/913/822 824/915/824
f 814/905/814 2099/2517/2099 2100/2518/2100 823/914/823
f 2100/2518/2100 771/859/771 813/904/813 823/914/823
f 822/913/822 815/906/815 814/905/814 823/914/823
f 2099/2517/2099 745/833/745 744/832/744 2100/2518/2100
f 744/832/744 765/853/765 771/859/771 2100/2518/2100
f 760/848/760 749/837/749 745/833/745 2099/2517/2099
f 814/905/814 764/852/764 760/848/760 2099/2517/2099
f 771/859/771 770/858/770 808/899/808 813/904/813
f 808/899/808 770/858/770 769/857/769 809/900/809
f 767/855/767 766/854/766 804/895/804 806/897/806
f 766/854/766 743/831/743 747/835/747 804/895/804
f 779/867/779 752/840/752 778/866/778 803/894/803
f 781/869/781 737/825/737 734/822/734 782/870/782
f 765/853/765 744/832/744 743/831/743 766/854/766
f 736/2519/736 735/2520/735 750/838/750 754/842/754
f 750/838/750 735/2520/735 738/2441/738 751/839/751
f 698/1813/698 681/1812/681 691/2521/691 699/2522/699
f 673/753/673 677/757/677 2101/2523/2101 693/776/693
f 2101/2523/2101 2102/2524/2102 671/750/671 693/776/693
f 671/750/671 670/749/670 688/768/688 693/776/693
f 2101/2523/2101 2103/2525/2103 2104/2526/2104 2102/2524/2102
f 2104/2527/2104 2105/2528/2105 2106/2529/2106 2102/2530/2102
f 2106/2531/2106 667/743/667 671/750/671 2102/2524/2102
f 2105/2528/2105 2107/2532/2107 2108/2533/2108 2106/2529/2106
f 2108/2534/2108 589/744/589 667/743/667 2106/2531/2106
f 2107/2532/2107 2109/2535/2109 2110/2536/2110 2108/2533/2108
f 2110/2537/2110 590/658/590 589/657/589 2108/2538/2108
f 2107/2532/2107 2111/2539/2111 2112/2540/2112 2109/2535/2109
f 2112/2540/2112 2113/2541/2113 2114/2542/2114 2109/2535/2109
f 2114/2542/2114 2115/2543/2115 2110/2536/2110 2109/2535/2109
f 2116/2544/2116 2117/2545/2117 2118/2546/2118 2119/2547/2119
f 2120/2548/2120 2121/2549/2121 2116/2544/2116 2119/2547/2119
f 2122/2550/2122 2123/2551/2123 2116/2544/2116 2121/2549/2121
f 2120/2548/2120 2113/2541/2113 2112/2540/2112 2121/2549/2121
f 2112/2540/2112 2111/2539/2111 2122/2550/2122 2121/2549/2121
f 2124/2552/2124 2125/2553/2125 2126/2554/2126 2123/2551/2123
f 2126/2554/2126 2117/2545/2117 2116/2544/2116 2123/2551/2123
f 2122/2550/2122 2127/2555/2127 2124/2552/2124 2123/2551/2123
f 2128/2556/2128 2129/2557/2129 2124/2552/2124 2127/2555/2127
f 2122/2550/2122 2111/2539/2111 2130/2558/2130 2127/2555/2127
f 2130/2558/2130 2131/2559/2131 2128/2556/2128 2127/2555/2127
f 2132/2560/2132 2133/2561/2133 2128/2556/2128 2131/2559/2131
f 2130/2558/2130 2105/2528/2105 2104/2527/2104 2131/2559/2131
f 2104/2527/2104 2103/2562/2103 2132/2560/2132 2131/2559/2131
f 2134/2563/2134 2135/2564/2135 2136/2565/2136 2133/2561/2133
f 2136/2565/2136 2129/2557/2129 2128/2556/2128 2133/2561/2133
f 2132/2566/2132 2137/2567/2137 2134/2568/2134 2133/2569/2133
f 645/721/645 2138/2570/2138 2134/2568/2134 2137/2567/2137
f 2132/2566/2132 2103/2525/2103 2139/2571/2139 2137/2567/2137
f 2139/2571/2139 646/722/646 645/721/645 2137/2567/2137
f 2103/2525/2103 2101/2523/2101 677/757/677 2139/2571/2139
f 677/757/677 648/724/648 646/722/646 2139/2571/2139
f 579/646/579 578/645/578 2140/2572/2140 2138/2570/2138
f 2140/2572/2140 2135/2573/2135 2134/2568/2134 2138/2570/2138
f 645/721/645 644/720/644 579/646/579 2138/2570/2138
f 578/645/578 583/650/583 560/624/560 2140/2572/2140
f 560/624/560 561/625/561 2135/2573/2135 2140/2572/2140
f 2135/2564/2135 561/2574/561 2141/2575/2141 2136/2565/2136
f 2141/2575/2141 2142/2576/2142 2129/2557/2129 2136/2565/2136
f 2141/2575/2141 523/2577/523 2143/2578/2143 2142/2576/2142
f 2143/2578/2143 2144/2579/2144 2125/2553/2125 2142/2576/2142
f 2125/2553/2125 2124/2552/2124 2129/2557/2129 2142/2576/2142
f 2143/2578/2143 2145/2580/2145 2146/2581/2146 2144/2579/2144
f 2146/2581/2146 536/594/536 2147/2582/2147 2144/2579/2144
f 2147/2582/2147 2126/2554/2126 2125/2553/2125 2144/2579/2144
f 536/594/536 533/591/533 2148/2583/2148 2147/2582/2147
f 2148/2583/2148 2117/2545/2117 2126/2554/2126 2147/2582/2147
f 533/591/533 532/590/532 2149/2584/2149 2148/2583/2148
f 2149/2584/2149 2118/2546/2118 2117/2545/2117 2148/2583/2148
f 2145/2580/2145 2150/2585/2150 2151/2586/2151 2146/2581/2146
f 2151/2586/2151 534/592/534 536/594/536 2146/2581/2146
f 2150/2585/2150 2152/2587/2152 2153/2588/2153 2151/2586/2151
f 2153/2588/2153 535/593/535 534/592/534 2151/2586/2151
f 2152/2587/2152 512/570/512 511/569/511 2153/2588/2153
f 511/569/511 514/572/514 535/593/535 2153/2588/2153
f 2154/2589/2154 446/494/446 512/2590/512 2152/2591/2152
f 2150/2592/2150 518/576/518 2154/2589/2154 2152/2591/2152
f 2155/2593/2155 447/495/447 446/494/446 2154/2589/2154
f 518/576/518 516/574/516 2155/2593/2155 2154/2589/2154
f 2156/2594/2156 430/475/430 447/495/447 2155/2593/2155
f 516/574/516 515/573/515 2156/2594/2156 2155/2593/2155
f 429/474/429 421/466/421 430/475/430 2156/2594/2156
f 515/573/515 2157/2595/2157 429/474/429 2156/2594/2156
f 2145/2596/2145 519/577/519 518/576/518 2150/2592/2150
f 2143/2578/2143 523/2577/523 519/2597/519 2145/2580/2145
f 561/626/561 521/579/521 523/581/523 2141/2598/2141
f 2111/2539/2111 2107/2532/2107 2105/2528/2105 2130/2558/2130
f 688/774/688 670/752/670 672/751/672 692/775/692
f 681/761/681 679/759/679 678/758/678 691/2599/691
f 595/664/595 598/669/598 662/738/662 665/741/665
f 598/669/598 636/711/636 635/710/635 662/738/662
f 653/729/653 627/701/627 630/704/630 654/730/654
f 597/668/597 610/682/610 2158/2600/2158 637/712/637
f 2158/2600/2158 605/676/605 608/679/608 637/712/637
f 636/711/636 598/669/598 597/668/597 637/712/637
f 610/682/610 552/612/552 556/619/556 2158/2600/2158
f 556/619/556 606/677/606 605/676/605 2158/2600/2158
f 651/727/651 2159/2601/2159 626/700/626 628/702/628
f 2159/2601/2159 2160/2602/2160 614/686/614 626/700/626
f 576/643/576 572/639/572 575/642/575 615/687/615
f 2160/2602/2160 2161/2603/2161 611/683/611 614/686/614
f 2162/2604/2162 574/641/574 611/683/611 2161/2603/2161
f 2160/2602/2160 2163/2605/2163 2164/2606/2164 2161/2603/2161
f 2164/2606/2164 2165/2607/2165 2162/2604/2162 2161/2603/2161
f 2166/2608/2166 2167/2609/2167 2162/2604/2162 2165/2607/2165
f 2164/2610/2164 2168/2611/2168 2169/2612/2169 2165/2613/2165
f 2169/2612/2169 2170/2614/2170 2166/2615/2166 2165/2613/2165
f 2171/2616/2171 2172/2617/2172 2166/2608/2166 2170/2618/2170
f 2169/2612/2169 381/420/381 358/2619/358 2170/2614/2170
f 358/397/358 356/395/356 2171/2620/2171 2170/2621/2170
f 2173/2622/2173 2174/2623/2174 2175/2624/2175 2172/2617/2172
f 2175/2624/2175 2167/2609/2167 2166/2608/2166 2172/2617/2172
f 2171/2616/2171 2176/2625/2176 2173/2622/2173 2172/2617/2172
f 2177/2626/2177 2178/2627/2178 2173/2622/2173 2176/2625/2176
f 2171/2620/2171 356/395/356 352/394/352 2176/2628/2176
f 352/388/352 351/387/351 2177/2626/2177 2176/2625/2176
f 2179/2629/2179 2174/2623/2174 2173/2622/2173 2178/2627/2178
f 564/631/564 563/630/563 2180/2630/2180 2181/2631/2181
f 2180/2630/2180 2174/2623/2174 2179/2629/2179 2181/2631/2181
f 563/630/563 569/636/569 571/638/571 2180/2630/2180
f 571/638/571 2175/2624/2175 2174/2623/2174 2180/2630/2180
f 571/638/571 570/637/570 2167/2609/2167 2175/2624/2175
f 2168/2611/2168 382/421/382 381/420/381 2169/2612/2169
f 2164/2606/2164 2163/2605/2163 466/2632/466 2168/2633/2168
f 466/521/466 384/423/384 382/421/382 2168/2611/2168
f 570/637/570 574/641/574 2162/2604/2162 2167/2609/2167
f 593/681/593 553/613/553 552/612/552 610/682/610
f 556/619/556 555/618/555 498/556/498 606/677/606
f 498/556/498 497/555/497 599/670/599 606/677/606
f 599/670/599 497/555/497 2182/2634/2182 600/671/600
f 2182/2634/2182 460/513/460 477/532/477 600/671/600
f 592/661/592 2183/2635/2183 553/2636/553 593/662/593
f 2184/2637/2184 548/608/548 553/2638/553 2183/2639/2183
f 2185/2640/2185 549/609/549 548/608/548 2184/2637/2184
f 495/553/495 494/552/494 549/609/549 2185/2640/2185
f 1644/1902/1644 467/522/467 466/521/466 2163/2641/2163
f 554/617/554 459/509/459 498/556/498 555/618/555
f 550/610/550 496/554/496 2186/2642/2186 554/2643/554
f 2186/2644/2186 372/510/372 459/509/459 554/617/554
f 496/554/496 492/550/492 2187/2645/2187 2186/2642/2186
f 2187/2645/2187 370/409/370 372/411/372 2186/2642/2186
f 492/550/492 491/549/491 2188/2646/2188 2187/2645/2187
f 2188/2646/2188 371/410/371 370/409/370 2187/2645/2187
f 549/609/549 494/552/494 496/554/496 550/610/550
f 545/605/545 2159/2601/2159 651/727/651 1636/1886/1636
f 1644/1900/1644 2163/2605/2163 2160/2602/2160 544/604/544
f 2160/2602/2160 2159/2601/2159 545/605/545 544/604/544
f 478/534/478 501/559/501 530/600/530 541/599/541
f 525/583/525 484/540/484 483/539/483 537/595/537
f 514/572/514 2189/2647/2189 509/567/509 535/593/535
f 514/572/514 513/571/513 2190/2648/2190 2189/2647/2189
f 2190/2648/2190 2191/2649/2191 2192/2650/2192 2189/2647/2189
f 2192/2650/2192 503/561/503 509/567/509 2189/2647/2189
f 2191/2649/2191 2193/2651/2193 2194/2652/2194 2192/2650/2192
f 2194/2652/2194 504/562/504 503/561/503 2192/2650/2192
f 2195/2653/2195 2196/2654/2196 431/2655/431 2197/2656/2197
f 431/476/431 425/470/425 2198/2657/2198 2197/2658/2197
f 425/470/425 424/469/424 2199/2659/2199 2198/2657/2198
f 424/469/424 2200/2660/2200 2201/2661/2201 2199/2659/2199
f 2200/2660/2200 2202/2662/2202 2203/2663/2203 2201/2661/2201
f 2202/2662/2202 412/457/412 417/462/417 2203/2663/2203
f 440/488/440 413/458/413 412/457/412 2202/2662/2202
f 435/484/435 432/477/432 431/476/431 2196/2664/2196
f 2195/2653/2195 2204/2665/2204 2205/2666/2205 2196/2654/2196
f 2205/2666/2205 436/481/436 435/480/435 2196/2654/2196
f 2204/2665/2204 2193/2651/2193 2191/2649/2191 2205/2666/2205
f 2191/2649/2191 2190/2648/2190 436/481/436 2205/2666/2205
f 513/571/513 437/482/437 436/481/436 2190/2648/2190
f 468/523/468 471/526/471 2157/2595/2157 515/573/515
f 446/494/446 443/491/443 444/492/444 512/2590/512
f 392/435/392 373/412/373 377/416/377 510/568/510
f 2206/2667/2206 428/473/428 429/474/429 2157/2595/2157
f 473/528/473 418/463/418 428/473/428 2206/2667/2206
f 472/527/472 419/464/419 418/463/418 473/528/473
f 2207/2668/2207 388/430/388 387/429/387 465/518/465
f 363/402/363 361/400/361 388/430/388 2207/2668/2207
f 440/488/440 2202/2662/2202 2200/2660/2200 2208/2669/2208
f 434/479/434 441/489/441 440/488/440 2209/2670/2209
f 433/478/433 439/2671/439 441/489/441 434/479/434
f 349/385/349 357/396/357 380/426/380 386/425/386
f 360/399/360 359/398/359 2210/2672/2210 386/425/386
f 2210/2672/2210 347/383/347 349/385/349 386/425/386
f 359/398/359 365/404/365 2211/2673/2211 2210/2672/2210
f 2211/2673/2211 348/384/348 347/383/347 2210/2672/2210
f 380/426/380 357/396/357 358/397/358 381/2674/381
f 336/369/336 2212/2675/2212 335/368/335 337/370/337
f 320/350/320 286/316/286 329/361/329 2212/2675/2212
f 329/361/329 327/359/327 335/368/335 2212/2675/2212
f 336/369/336 318/348/318 320/350/320 2212/2675/2212
f 286/316/286 285/315/285 328/362/328 329/361/329
f 285/314/285 284/313/284 289/319/289 328/360/328
f 300/330/300 283/312/283 286/316/286 320/350/320
f 317/347/317 311/341/311 313/343/313 319/349/319
f 314/344/314 312/342/312 311/341/311 317/347/317
f 260/286/260 274/300/274 312/342/312 314/344/314
f 274/300/274 272/298/272 307/337/307 312/342/312
f 308/338/308 2213/2676/2213 302/332/302 309/339/309
f 308/338/308 271/297/271 2214/2677/2214 2213/2676/2213
f 2214/2677/2214 2215/2678/2215 2216/2679/2216 2213/2676/2213
f 2216/2679/2216 296/326/296 302/332/302 2213/2676/2213
f 2215/2678/2215 2217/2680/2217 2218/2681/2218 2216/2679/2216
f 2218/2681/2218 297/327/297 296/326/296 2216/2679/2216
f 2217/2680/2217 2219/2682/2219 2220/2683/2220 2218/2681/2218
f 2220/2683/2220 278/304/278 297/327/297 2218/2681/2218
f 2219/2682/2219 2221/2684/2221 2222/2685/2222 2220/2683/2220
f 2222/2685/2222 279/305/279 278/304/278 2220/2683/2220
f 2221/2686/2221 226/249/226 231/254/231 2222/2687/2222
f 231/254/231 281/308/281 279/307/279 2222/2687/2222
f 2219/2682/2219 209/230/209 215/236/215 2221/2684/2221
f 215/2688/215 227/250/227 226/249/226 2221/2686/2221
f 2217/2680/2217 210/231/210 209/230/209 2219/2682/2219
f 2215/2678/2215 2223/2689/2223 210/231/210 2217/2680/2217
f 2215/2678/2215 2214/2677/2214 2224/2690/2224 2223/2689/2223
f 2224/2690/2224 2225/2691/2225 219/242/219 2223/2689/2223
f 219/242/219 211/232/211 210/231/210 2223/2689/2223
f 2224/2690/2224 270/296/270 276/302/276 2225/2691/2225
f 276/302/276 258/284/258 2226/2692/2226 2225/2691/2225
f 2226/2692/2226 218/241/218 219/242/219 2225/2691/2225
f 258/284/258 257/283/257 2227/2693/2227 2226/2692/2226
f 2227/2693/2227 206/226/206 218/241/218 2226/2692/2226
f 2214/2677/2214 271/297/271 270/296/270 2224/2690/2224
f 307/337/307 272/298/272 271/297/271 308/338/308
f 252/278/252 251/277/251 306/336/306 305/335/305
f 306/336/306 251/277/251 292/322/292 303/333/303
f 298/328/298 277/303/277 283/312/283 300/330/300
f 297/327/297 278/304/278 277/303/277 298/328/298
f 290/320/290 262/288/262 261/287/261 291/321/291
f 261/287/261 2228/2694/2228 244/270/244 291/321/291
f 244/270/244 243/269/243 268/294/268 291/321/291
f 261/287/261 232/255/232 228/251/228 2228/2694/2228
f 228/251/228 227/250/227 217/239/217 2228/2694/2228
f 217/239/217 216/237/216 244/270/244 2228/2694/2228
f 284/313/284 265/291/265 262/288/262 290/320/290
f 231/254/231 230/253/230 264/290/264 281/308/281
f 215/2688/215 214/240/214 217/239/217 227/250/227
f 222/245/222 2227/2693/2227 257/283/257 223/246/223
f 223/246/223 257/283/257 1340/1516/1340 224/247/224
f 222/245/222 203/221/203 206/226/206 2227/2693/2227
f 221/244/221 204/222/204 203/221/203 222/245/222
f 187/205/187 179/197/179 184/202/184 189/207/189
f 186/204/186 180/198/180 179/197/179 187/205/187
f 63/71/63 62/70/62 180/198/180 186/204/186
f 62/70/62 65/73/65 155/171/155 180/198/180
f 174/192/174 144/160/144 152/168/152 176/194/176
f 171/189/171 140/156/140 144/160/144 174/192/174
f 145/161/145 136/152/136 135/151/135 146/162/146
f 142/158/142 140/156/140 136/152/136 145/161/145
f 138/154/138 111/124/111 110/122/110 139/155/139
f 60/68/60 59/67/59 117/131/117 133/149/133
f 113/127/113 83/91/83 79/87/79 114/128/114
f 107/118/107 87/95/87 86/94/86 109/1934/109
f 106/117/106 88/96/88 87/95/87 107/118/107
f 100/108/100 93/101/93 91/99/91 101/109/101
f 81/89/81 80/88/80 82/90/82 88/96/88
f 82/90/82 80/88/80 79/87/79 83/91/83
f 9/9/9 2/2695/2 15/2696/15 16/16/16
f 7/7/7 3/3/3 8/2697/8 13/2234/13
f 8/2697/8 3/3/3 2/2/2 9/2698/9
f 473/528/473 2206/2667/2206 2157/2595/2157 471/526/471
f 460/513/460 2182/2634/2182 497/555/497 458/508/458
f 635/710/635 633/708/633 607/678/607 609/680/609
f 1624/1870/1624 1627/2699/1627 1626/1872/1626 1625/1871/1625
f 730/818/730 714/799/714 707/792/707 762/850/762
f 970/1080/970 958/1068/958 961/1071/961 46/51/46
f 1273/1434/1273 1253/1407/1253 1252/1405/1252 1261/1419/1261
f 1545/1768/1545 1548/1771/1548 1628/1875/1628 1622/1868/1622
f 1542/1765/1542 1544/1767/1544 1628/2700/1628 755/843/755
f 434/479/434 2209/2670/2209 427/472/427 426/471/426
f 2200/2660/2200 424/469/424 427/472/427 2209/2670/2209
f 588/659/588 590/658/590 2229/2701/2229 585/2702/585
f 2110/2537/2110 2115/2703/2115 2229/2701/2229 590/658/590
f 1563/1796/1563 1577/1811/1577 701/788/701 704/787/704
f 1565/1798/1565 1568/1801/1568 1577/1811/1577 1563/1796/1563
f 1206/2255/1206 2230/2704/2230 2231/2705/2231 1207/2706/1207
f 1897/2251/1897 2230/2704/2230 1206/2255/1206 1898/2252/1898
f 2230/2704/2230 1897/2251/1897 1250/1403/1250 2231/2705/2231
f 1207/2706/1207 2231/2705/2231 1250/1403/1250 1221/1406/1221
f 1558/1790/1558 1555/1791/1555 1557/2707/1557 1616/2708/1616
f 2232/2709/2232 2233/2710/2233 2234/2711/2234 2235/2712/2235
f 2236/2713/2236 2237/2714/2237 2234/2711/2234 2233/2710/2233
f 2238/2715/2238 2235/2712/2235 2234/2711/2234 2237/2714/2237
f 2239/2716/2239 2240/2717/2240 2241/2718/2241 2242/2719/2242
f 2243/2720/2243 2244/2721/2244 2241/2718/2241 2240/2717/2240
f 2245/2722/2245 2242/2719/2242 2241/2718/2241 2244/2721/2244
f 2246/2723/2246 2236/2713/2236 2233/2710/2233 2232/2709/2232
f 2247/2724/2247 2239/2716/2239 2242/2719/2242 2245/2722/2245
f 2248/2725/2248 2249/2726/2249 2250/2727/2250 2251/2728/2251
f 2252/2729/2252 2253/2730/2253 2250/2731/2250 2249/2732/2249
f 2254/2733/2254 2251/2734/2251 2250/2731/2250 2253/2730/2253
f 2255/2735/2255 2252/2736/2252 2249/2726/2249 2248/2725/2248
f 2248/2725/2248 2251/2728/2251 2256/2737/2256 2257/2738/2257
f 2258/2739/2258 2257/2738/2257 2256/2737/2256 2259/2740/2259
f 2254/2733/2254 2259/2741/2259 2256/2742/2256 2251/2734/2251
f 2255/2735/2255 2248/2725/2248 2257/2738/2257 2258/2739/2258
f 2253/2730/2253 2252/2729/2252 2260/2743/2260 2261/2744/2261
f 2262/2745/2262 2263/2746/2263 2260/2743/2260 2264/2747/2264
f 2265/2748/2265 2266/2749/2266 2267/2750/2267 2268/2751/2268
f 2269/2752/2269 2268/2751/2268 2267/2750/2267 2260/2753/2260
f 2264/2754/2264 2260/2753/2260 2267/2750/2267 2266/2749/2266
f 2264/2754/2264 2266/2749/2266 2270/2755/2270 2262/2756/2262
f 2265/2748/2265 2271/2757/2271 2270/2755/2270 2266/2749/2266
f 2263/2746/2263 2262/2745/2262 2270/2758/2270 2271/2759/2271
f 2272/2760/2272 2273/2761/2273 2274/2762/2274 2275/2763/2275
f 2276/2764/2276 2277/2765/2277 2274/2762/2274 2273/2761/2273
f 2278/2766/2278 2279/2767/2279 2274/2762/2274 2280/2768/2280
f 2281/2769/2281 2275/2763/2275 2274/2762/2274 2279/2767/2279
f 2282/2770/2282 2283/2771/2283 2284/2772/2284 2285/2773/2285
f 2286/2774/2286 2287/2775/2287 2284/2772/2284 2283/2771/2283
f 2288/2776/2288 2285/2773/2285 2284/2772/2284 2287/2775/2287
f 2289/2777/2289 2290/2778/2290 2291/2779/2291 2292/2780/2292
f 2293/2781/2293 2294/2782/2294 2291/2779/2291 2295/2783/2295
f 2296/2784/2296 2292/2780/2292 2291/2779/2291 2294/2782/2294
f 2297/2785/2297 2298/2786/2298 2299/2787/2299 2300/2788/2300
f 2301/2789/2301 2302/2790/2302 2299/2787/2299 2298/2786/2298
f 2303/2791/2303 2300/2788/2300 2299/2787/2299 2302/2790/2302
f 2304/2792/2304 2305/2793/2305 2306/2794/2306 2303/2791/2303
f 2300/2788/2300 2303/2791/2303 2306/2794/2306 2307/2795/2307
f 2308/2796/2308 2307/2797/2307 2306/2798/2306 2305/2799/2305
f 2297/2785/2297 2300/2788/2300 2307/2795/2307 2309/2800/2309
f 2310/2801/2310 2309/2800/2309 2307/2795/2307 2311/2802/2311
f 2312/2803/2312 2311/2804/2311 2307/2797/2307 2308/2796/2308
f 2313/2805/2313 2314/2806/2314 2315/2807/2315 2316/2808/2316
f 2317/2809/2317 2316/2810/2316 2315/2811/2315 2318/2812/2318
f 2319/2813/2319 2318/2812/2318 2315/2811/2315 2314/2814/2314
f 2320/2815/2320 2321/2816/2321 2322/2817/2322 2323/2818/2323
f 2324/2819/2324 2323/2818/2323 2322/2817/2322 2325/2820/2325
f 2326/2821/2326 2325/2820/2325 2322/2817/2322 2321/2816/2321
f 2327/2822/2327 2328/2823/2328 2329/2824/2329 2330/2825/2330
f 2331/2826/2331 2332/2827/2332 2329/2824/2329 2328/2823/2328
f 2333/2828/2333 2334/2829/2334 2329/2824/2329 2332/2827/2332
f 2335/2830/2335 2330/2825/2330 2329/2824/2329 2334/2829/2334
f 2336/2831/2336 2337/2832/2337 2338/2833/2338 2339/2834/2339
f 2340/2835/2340 2339/2834/2339 2338/2833/2338 2341/2836/2341
f 2342/2837/2342 2341/2836/2341 2338/2833/2338 2337/2832/2337
f 2343/2838/2343 2344/2839/2344 2345/2840/2345 2346/2841/2346
f 2347/2842/2347 2348/2843/2348 2345/2840/2345 2349/2844/2349
f 2350/2845/2350 2349/2844/2349 2345/2840/2345 2344/2839/2344
f 2347/2842/2347 2349/2844/2349 2351/2846/2351 2289/2777/2289
f 2344/2839/2344 2352/2847/2352 2353/2848/2353 2350/2845/2350
f 2354/2849/2354 2355/2850/2355 2353/2848/2353 2356/2851/2356
f 2357/2852/2357 2356/2853/2356 2353/2854/2353 2358/2855/2358
f 2359/2856/2359 2358/2855/2358 2353/2854/2353 2352/2857/2352
f 2360/2858/2360 2354/2859/2354 2356/2853/2356 2357/2852/2357
f 2361/2860/2361 2348/2843/2348 2362/2861/2362 2363/2862/2363
f 2292/2780/2292 2296/2784/2296 2362/2861/2362 2364/2863/2364
f 2347/2842/2347 2364/2863/2364 2362/2861/2362 2348/2843/2348
f 2365/2864/2365 2366/2865/2366 2367/2866/2367 2368/2867/2368
f 2369/2868/2369 2370/2869/2370 2367/2866/2367 2366/2865/2366
f 2371/2870/2371 2368/2867/2368 2367/2866/2367 2372/2871/2372
f 2373/2872/2373 2374/2873/2374 2371/2870/2371 2375/2874/2375
f 2376/2875/2376 2377/2876/2377 2378/2877/2378 2379/2878/2379
f 2374/2873/2374 2380/2879/2380 2378/2877/2378 2377/2876/2377
f 2381/2880/2381 2379/2878/2379 2378/2877/2378 2380/2879/2380
f 2380/2879/2380 2374/2873/2374 2373/2872/2373 2382/2881/2382
f 2383/2882/2383 2382/2881/2382 2373/2872/2373 2375/2874/2375
f 2363/2862/2363 2362/2861/2362 2384/2883/2384 2385/2884/2385
f 2296/2784/2296 2386/2885/2386 2384/2883/2384 2362/2861/2362
f 2387/2886/2387 2388/2887/2388 2384/2883/2384 2386/2885/2386
f 2389/2888/2389 2390/2889/2390 2391/2890/2391 2392/2891/2392
f 2393/2892/2393 2392/2891/2392 2391/2890/2391 2394/2893/2394
f 2395/2894/2395 2385/2884/2385 2384/2883/2384 2388/2887/2388
f 2381/2880/2381 2380/2879/2380 2382/2881/2382 2396/2895/2396
f 2397/2896/2397 2398/2897/2398 2382/2881/2382 2383/2882/2383
f 2399/2898/2399 2400/2899/2400 2401/2900/2401 2402/2901/2402
f 2403/2902/2403 2404/2903/2404 2401/2900/2401 2400/2899/2400
f 2372/2871/2372 2402/2901/2402 2401/2900/2401 2371/2870/2371
f 2405/2904/2405 2406/2905/2406 2401/2900/2401 2404/2903/2404
f 2407/2906/2407 2406/2905/2406 2405/2904/2405 2408/2907/2408
f 2409/2908/2409 2396/2895/2396 2382/2881/2382 2398/2897/2398
f 2410/2909/2410 2411/2910/2411 2387/2886/2387 2386/2885/2386
f 2412/2911/2412 2388/2887/2388 2387/2886/2387 2413/2912/2413
f 2414/2913/2414 2408/2907/2408 2405/2904/2405 2404/2903/2404
f 2415/2914/2415 2413/2912/2413 2387/2886/2387 2411/2910/2411
f 2416/2915/2416 2417/2916/2417 2418/2917/2418 2419/2918/2419
f 2420/2919/2420 2419/2918/2419 2418/2917/2418 2421/2920/2421
f 2422/2921/2422 2423/2922/2423 2418/2917/2418 2417/2916/2417
f 2424/2923/2424 2421/2920/2421 2418/2917/2418 2423/2922/2423
f 2425/2924/2425 2426/2925/2426 2427/2926/2427 2428/2927/2428
f 2429/2928/2429 2430/2929/2430 2427/2926/2427 2426/2925/2426
f 2431/2930/2431 2428/2927/2428 2427/2926/2427 2430/2929/2430
f 2429/2928/2429 2432/2931/2432 2433/2932/2433 2430/2929/2430
f 2434/2933/2434 2435/2934/2435 2433/2935/2433 2432/2936/2432
f 2436/2937/2436 2437/2938/2437 2433/2935/2433 2435/2934/2435
f 2431/2939/2431 2430/2940/2430 2433/2941/2433 2438/2942/2438
f 2439/2943/2439 2438/2942/2438 2433/2941/2433 2437/2944/2437
f 2440/2945/2440 2441/2946/2441 2442/2947/2442 2443/2948/2443
f 2444/2949/2444 2443/2948/2443 2442/2947/2442 2445/2950/2445
f 2446/2951/2446 2445/2952/2445 2442/2953/2442 2441/2954/2441
f 2439/2943/2439 2437/2944/2437 2444/2955/2444 2447/2956/2447
f 2448/2957/2448 2447/2956/2447 2444/2955/2444 2445/2952/2445
f 2436/2937/2436 2449/2958/2449 2444/2949/2444 2437/2938/2437
f 2450/2959/2450 2443/2948/2443 2444/2949/2444 2449/2958/2449
f 2451/2960/2451 2452/2961/2452 2453/2962/2453 2454/2963/2454
f 2455/2964/2455 2456/2965/2456 2453/2962/2453 2452/2961/2452
f 2457/2966/2457 2458/2967/2458 2459/2968/2459 2460/2969/2460
f 2461/2970/2461 2462/2971/2462 2459/2968/2459 2458/2967/2458
f 2463/2972/2463 2460/2969/2460 2459/2968/2459 2462/2971/2462
f 2464/2973/2464 2465/2974/2465 2466/2975/2466 2467/2976/2467
f 2468/2977/2468 2467/2976/2467 2466/2975/2466 2469/2978/2469
f 2420/2919/2420 2421/2920/2421 2466/2975/2466 2465/2974/2465
f 2431/2939/2431 2438/2942/2438 2470/2979/2470 2471/2980/2471
f 2438/2942/2438 2439/2943/2439 2472/2981/2472 2470/2979/2470
f 2473/2982/2473 2471/2980/2471 2470/2979/2470 2472/2981/2472
f 2474/2983/2474 2475/2984/2475 2439/2943/2439 2447/2956/2447
f 2476/2985/2476 2472/2981/2472 2439/2943/2439 2475/2984/2475
f 2424/2923/2424 2469/2978/2469 2466/2975/2466 2421/2920/2421
f 2477/2986/2477 2473/2982/2473 2472/2981/2472 2476/2985/2476
f 2478/2987/2478 2479/2988/2479 2480/2989/2480 2481/2990/2481
f 2482/2991/2482 2481/2990/2481 2480/2989/2480 2483/2992/2483
f 2484/2993/2484 2483/2992/2483 2480/2989/2480 2479/2988/2479
f 2484/2993/2484 2479/2988/2479 2485/2994/2485 2486/2995/2486
f 2487/2996/2487 2488/2997/2488 2485/2994/2485 2489/2998/2489
f 2490/2999/2490 2486/2995/2486 2485/2994/2485 2488/2997/2488
f 2478/2987/2478 2491/3000/2491 2485/2994/2485 2479/2988/2479
f 2492/3001/2492 2463/2972/2463 2493/3002/2493 2494/3003/2494
f 2462/2971/2462 2495/3004/2495 2493/3002/2493 2463/2972/2463
f 2496/3005/2496 2494/3003/2494 2493/3002/2493 2495/3004/2495
f 2477/2986/2477 2476/2985/2476 2497/3006/2497 2498/3007/2498
f 2475/2984/2475 2499/3008/2499 2497/3006/2497 2476/2985/2476
f 2500/3009/2500 2498/3007/2498 2497/3006/2497 2499/3008/2499
f 2501/3010/2501 2502/3011/2502 2503/3012/2503 2504/3013/2504
f 2505/3014/2505 2504/3013/2504 2503/3012/2503 2506/3015/2506
f 2507/3016/2507 2506/3015/2506 2503/3012/2503 2502/3011/2502
f 2505/3014/2505 2506/3015/2506 2485/2994/2485 2491/3000/2491
f 2507/3016/2507 2489/2998/2489 2485/2994/2485 2506/3015/2506
f 2508/3017/2508 2509/3018/2509 2510/3019/2510 2511/3020/2511
f 2512/3021/2512 2511/3022/2511 2510/3023/2510 2513/3024/2513
f 2514/3025/2514 2513/3026/2513 2510/3019/2510 2509/3018/2509
f 2495/3004/2495 2512/3021/2512 2513/3024/2513 2496/3005/2496
f 2515/3027/2515 2496/3005/2496 2513/3024/2513 2516/3028/2516
f 2517/3029/2517 2516/3030/2516 2513/3026/2513 2514/3025/2514
f 2518/3031/2518 2519/3032/2519 2500/3009/2500 2520/3033/2520
f 2521/3034/2521 2522/3035/2522 2500/3009/2500 2499/3008/2499
f 2515/3027/2515 2520/3033/2520 2500/3009/2500 2522/3035/2522
f 2523/3036/2523 2478/2987/2478 2481/2990/2481 2482/2991/2482
f 2524/3037/2524 2498/3007/2498 2500/3009/2500 2525/3038/2525
f 2526/3039/2526 2525/3038/2525 2500/3009/2500 2519/3032/2519
f 2527/3040/2527 2528/3041/2528 2529/3042/2529 2530/3043/2530
f 2531/3044/2531 2530/3043/2530 2529/3042/2529 2532/3045/2532
f 2533/3046/2533 2532/3045/2532 2529/3042/2529 2528/3041/2528
f 2534/3047/2534 2535/3048/2535 2536/3049/2536 2537/3050/2537
f 2538/3051/2538 2539/3052/2539 2540/3053/2540 2541/3054/2541
f 2542/3055/2542 2543/3056/2543 2540/3053/2540 2539/3052/2539
f 2544/3057/2544 2541/3054/2541 2540/3053/2540 2543/3056/2543
f 2491/3000/2491 2478/2987/2478 2523/3036/2523 2545/3058/2545
f 2546/3059/2546 2547/3060/2547 2523/3036/2523 2535/3048/2535
f 2548/3061/2548 2545/3058/2545 2523/3036/2523 2547/3060/2547
f 2541/3054/2541 2544/3057/2544 2532/3045/2532 2533/3046/2533
f 2549/3062/2549 2550/3063/2550 2532/3045/2532 2544/3057/2544
f 2551/3064/2551 2531/3044/2531 2532/3045/2532 2550/3063/2550
f 2552/3065/2552 2518/3031/2518 2553/3066/2553 2554/3067/2554
f 2555/3068/2555 2554/3067/2554 2553/3066/2553 2556/3069/2556
f 2557/3070/2557 2556/3071/2556 2553/3072/2553 2558/3073/2558
f 2520/3033/2520 2559/3074/2559 2553/3066/2553 2518/3031/2518
f 2560/3075/2560 2558/3073/2558 2553/3072/2553 2559/3076/2559
f 2549/3062/2549 2548/3061/2548 2547/3060/2547 2561/3077/2561
f 2562/3078/2562 2561/3077/2561 2547/3060/2547 2563/3079/2563
f 2564/3080/2564 2556/3071/2556 2557/3070/2557 2565/3081/2565
f 2566/3082/2566 2565/3081/2565 2557/3070/2557 2558/3073/2558
f 2550/3063/2550 2549/3062/2549 2561/3077/2561 2567/3083/2567
f 2568/3084/2568 2567/3083/2567 2561/3077/2561 2562/3078/2562
f 2546/3059/2546 2535/3048/2535 2534/3047/2534 2569/3085/2569
f 2570/3086/2570 2571/3087/2571 2534/3088/2534 2572/3089/2572
f 2573/3090/2573 2569/3085/2569 2534/3047/2534 2571/3091/2571
f 344/380/344 343/379/343 2574/3092/2574 2575/3093/2575
f 348/384/348 2576/3094/2576 2574/3092/2574 343/379/343
f 2577/3095/2577 2575/3093/2575 2574/3092/2574 2576/3094/2576
f 351/387/351 350/386/350 2578/3096/2578 2579/3097/2579
f 355/3098/355 2580/3099/2580 2578/3096/2578 350/386/350
f 2581/3100/2581 2579/3097/2579 2578/3096/2578 2580/3099/2580
f 344/380/344 2575/3093/2575 2580/3101/2580 355/391/355
f 2577/3095/2577 2582/3102/2582 2580/3101/2580 2575/3093/2575
f 2583/3103/2583 2581/3100/2581 2580/3099/2580 2582/3104/2582
f 2584/3105/2584 2585/3106/2585 2586/3107/2586 2587/3108/2587
f 363/402/363 2587/3108/2587 2586/3107/2586 364/403/364
f 365/404/365 364/403/364 2586/3107/2586 2585/3106/2585
f 367/406/367 366/405/366 2588/3109/2588 2589/3110/2589
f 371/410/371 2590/3111/2590 2588/3109/2588 366/405/366
f 2591/3112/2591 2589/3110/2589 2588/3109/2588 2590/3111/2590
f 2592/3113/2592 2593/3114/2593 2594/3115/2594 2595/3116/2595
f 2593/3114/2593 2596/3117/2596 2597/3118/2597 2594/3115/2594
f 2598/3119/2598 2595/3120/2595 2594/3121/2594 2597/3122/2597
f 2599/3123/2599 2600/3124/2600 2601/3125/2601 2602/3126/2602
f 2603/3127/2603 2602/3126/2602 2601/3125/2601 2604/3128/2604
f 2605/3129/2605 2584/3105/2584 2601/3130/2601 2600/3131/2600
f 2606/3132/2606 2604/3133/2604 2601/3130/2601 2607/3134/2607
f 2587/3108/2587 2607/3134/2607 2601/3130/2601 2584/3105/2584
f 2608/3135/2608 2603/3136/2603 2604/3133/2604 2606/3132/2606
f 2609/3137/2609 2610/3138/2610 2592/3139/2592 2595/3120/2595
f 2611/3140/2611 2593/3141/2593 2592/3139/2592 2610/3138/2610
f 2612/3142/2612 2613/3143/2613 2614/3144/2614 2615/3145/2615
f 2613/3143/2613 2616/3146/2616 2617/3147/2617 2614/3144/2614
f 2618/3148/2618 2615/3145/2615 2614/3144/2614 2617/3147/2617
f 2619/3149/2619 2620/3150/2620 2621/3151/2621 2622/3152/2622
f 2623/3153/2623 2624/3154/2624 2621/3151/2621 2620/3150/2620
f 407/450/407 406/449/406 2621/3151/2621 2625/3155/2625
f 409/452/409 2622/3152/2622 2621/3151/2621 406/449/406
f 2626/3156/2626 2625/3155/2625 2621/3151/2621 2624/3154/2624
f 2597/3118/2597 2627/3157/2627 2618/3148/2618 2617/3147/2617
f 2628/3158/2628 2629/3159/2629 2630/3160/2630 2631/3161/2631
f 417/462/417 416/461/416 2630/3160/2630 2629/3159/2629
f 419/464/419 2632/3162/2632 2630/3160/2630 416/461/416
f 2633/3163/2633 2634/3164/2634 2630/3160/2630 2635/3165/2635
f 2636/3166/2636 2631/3161/2631 2630/3160/2630 2634/3164/2634
f 2637/3167/2637 2638/3168/2638 2639/3169/2639 2640/3170/2640
f 2632/3162/2632 2641/3171/2641 2635/3165/2635 2630/3160/2630
f 2642/3172/2642 2633/3163/2633 2635/3165/2635 2641/3171/2641
f 2643/3173/2643 2636/3166/2636 2634/3164/2634 2633/3163/2633
f 2644/3174/2644 2637/3167/2637 2640/3170/2640 2645/3175/2645
f 2646/3176/2646 2645/3177/2645 2640/3178/2640 2647/3179/2647
f 2648/3180/2648 2649/3181/2649 2650/3182/2650 2651/3183/2651
f 2645/3177/2645 2646/3176/2646 2650/3182/2650 2649/3181/2649
f 2652/3184/2652 2651/3183/2651 2650/3182/2650 2646/3176/2646
f 2653/3185/2653 2628/3158/2628 2654/3186/2654 2655/3187/2655
f 2631/3161/2631 2656/3188/2656 2654/3186/2654 2628/3158/2628
f 2657/3189/2657 2655/3187/2655 2654/3186/2654 2656/3188/2656
f 2631/3161/2631 2636/3166/2636 2658/3190/2658 2656/3188/2656
f 2659/3191/2659 2656/3188/2656 2658/3190/2658 2660/3192/2660
f 2643/3173/2643 2660/3192/2660 2658/3190/2658 2636/3166/2636
f 2661/3193/2661 2662/3194/2662 2663/3195/2663 2664/3196/2664
f 2662/3197/2662 2665/3198/2665 2666/3199/2666 2663/3200/2663
f 2667/3201/2667 2664/3196/2664 2663/3195/2663 2666/3202/2666
f 2668/3203/2668 2652/3184/2652 2655/3204/2655 2657/3205/2657
f 456/506/456 367/406/367 2589/3110/2589 2669/3206/2669
f 2670/3207/2670 2671/3208/2671 2589/3110/2589 2591/3112/2591
f 2672/3209/2672 2669/3206/2669 2589/3110/2589 2671/3208/2671
f 2673/3210/2673 2674/3211/2674 2610/3138/2610 2609/3137/2609
f 2675/3212/2675 2611/3140/2611 2610/3138/2610 2674/3211/2674
f 465/518/465 464/517/464 2608/3135/2608 2606/3132/2606
f 407/450/407 2625/3155/2625 2608/3213/2608 464/520/464
f 2676/3214/2676 2603/3136/2603 2608/3135/2608 2677/3215/2677
f 2626/3216/2626 2677/3217/2677 2608/3218/2608 2625/3219/2625
f 469/524/469 2678/3220/2678 2679/3221/2679 470/525/470
f 472/527/472 470/525/470 2679/3221/2679 2680/3222/2680
f 474/529/474 456/506/456 2669/3206/2669 2681/3223/2681
f 2682/3224/2682 2683/3225/2683 2669/3206/2669 2672/3209/2672
f 2684/3226/2684 2681/3223/2681 2669/3206/2669 2683/3225/2683
f 2685/3227/2685 2686/3228/2686 2687/3229/2687 2688/3230/2688
f 2689/3231/2689 2690/3232/2690 2687/3229/2687 2686/3228/2686
f 2615/3145/2615 2618/3148/2618 2627/3157/2627 2691/3233/2691
f 2596/3117/2596 2692/3234/2692 2627/3157/2627 2597/3118/2597
f 2693/3235/2693 2694/3236/2694 2627/3237/2627 2692/3238/2692
f 2695/3239/2695 2691/3233/2691 2627/3157/2627 2694/3240/2694
f 491/549/491 490/548/490 2696/3241/2696 2697/3242/2697
f 495/553/495 2698/3243/2698 2696/3241/2696 490/548/490
f 2699/3244/2699 2697/3242/2697 2696/3241/2696 2698/3243/2698
f 2700/3245/2700 2701/3246/2701 2671/3208/2671 2670/3207/2670
f 2702/3247/2702 2703/3248/2703 2684/3226/2684 2704/3249/2704
f 2705/3250/2705 2681/3223/2681 2684/3226/2684 2703/3248/2703
f 504/562/504 2706/3251/2706 2707/3252/2707 505/563/505
f 507/565/507 505/563/505 2707/3252/2707 2708/3253/2708
f 2709/3254/2709 2708/3253/2708 2707/3252/2707 2706/3251/2706
f 2710/3255/2710 2693/3235/2693 2692/3238/2692 2596/3256/2596
f 2711/3257/2711 2712/3258/2712 2668/3203/2668 2657/3205/2657
f 2651/3183/2651 2652/3184/2652 2668/3203/2668 2713/3259/2713
f 2714/3260/2714 2713/3259/2713 2668/3203/2668 2712/3258/2712
f 2715/3261/2715 2678/3220/2678 2716/3262/2716 2717/3263/2717
f 2718/3264/2718 2717/3263/2717 2716/3262/2716 2719/3265/2719
f 469/524/469 520/578/520 2716/3262/2716 2678/3220/2678
f 522/580/522 2720/3266/2720 2716/3262/2716 520/578/520
f 2721/3267/2721 2719/3265/2719 2716/3262/2716 2720/3266/2720
f 2722/3268/2722 2723/3269/2723 2724/3270/2724 2725/3271/2725
f 2726/3272/2726 2725/3271/2725 2724/3270/2724 2727/3273/2727
f 2728/3274/2728 2729/3275/2729 2724/3270/2724 2723/3269/2723
f 532/590/532 507/565/507 2708/3253/2708 2730/3276/2730
f 2731/3277/2731 2732/3278/2732 2708/3253/2708 2709/3254/2709
f 2733/3279/2733 2730/3276/2730 2708/3253/2708 2732/3278/2732
f 2722/3268/2722 2725/3271/2725 2734/3280/2734 2735/3281/2735
f 2726/3272/2726 2736/3282/2736 2734/3280/2734 2725/3271/2725
f 2737/3283/2737 2738/3284/2738 2724/3270/2724 2729/3275/2729
f 2739/3285/2739 2740/3286/2740 2741/3287/2741 2742/3288/2742
f 2743/3289/2743 2744/3290/2744 2741/3287/2741 2740/3286/2740
f 2745/3291/2745 2746/3292/2746 2747/3293/2747 2748/3294/2748
f 2749/3295/2749 2750/3296/2750 2747/3297/2747 2746/3298/2746
f 2751/3299/2751 2748/3294/2748 2747/3293/2747 2752/3300/2752
f 2753/3301/2753 2752/3300/2752 2747/3293/2747 2750/3302/2750
f 558/621/558 2754/3303/2754 2755/3304/2755 522/622/522
f 2754/3303/2754 2756/3305/2756 2757/3306/2757 2755/3304/2755
f 2720/3307/2720 522/622/522 2755/3304/2755 2757/3306/2757
f 2758/3308/2758 2727/3273/2727 2724/3270/2724 2738/3284/2738
f 564/631/564 2759/3309/2759 2760/3310/2760 565/632/565
f 567/634/567 565/632/565 2760/3310/2760 2761/3311/2761
f 2762/3312/2762 2761/3311/2761 2760/3310/2760 2759/3309/2759
f 2763/3313/2763 2764/3314/2764 2765/3315/2765 2762/3312/2762
f 2766/3316/2766 2767/3317/2767 2765/3318/2765 2764/3319/2764
f 2761/3311/2761 2762/3312/2762 2765/3315/2765 2768/3320/2768
f 2769/3321/2769 2770/3322/2770 2765/3318/2765 2767/3317/2767
f 2771/3323/2771 2772/3324/2772 2773/3325/2773 2774/3326/2774
f 2775/3327/2775 2776/3328/2776 2773/3325/2773 2772/3324/2772
f 2777/3329/2777 2774/3326/2774 2773/3325/2773 2776/3328/2776
f 2778/3330/2778 585/2702/585 2779/3331/2779 2780/3332/2780
f 2781/3333/2781 2780/3332/2780 2779/3331/2779 2782/3334/2782
f 592/661/592 591/660/591 2783/3335/2783 2784/3336/2784
f 596/3337/596 2785/3338/2785 2783/3335/2783 591/660/591
f 2786/3339/2786 2787/3340/2787 2783/3335/2783 2785/3338/2785
f 2788/3341/2788 2789/3342/2789 2790/3343/2790 2791/3344/2791
f 2792/3345/2792 2791/3346/2791 2790/3347/2790 2793/3348/2793
f 2794/3349/2794 2795/3350/2795 2790/3347/2790 2789/3351/2789
f 2796/3352/2796 2797/3353/2797 2790/3347/2790 2795/3350/2795
f 2798/3354/2798 2793/3348/2793 2790/3347/2790 2797/3353/2797
f 2799/3355/2799 2784/3336/2784 2783/3335/2783 2787/3340/2787
f 2766/3316/2766 2800/3356/2800 2801/3357/2801 2767/3317/2767
f 2769/3321/2769 2767/3317/2767 2801/3357/2801 2802/3358/2802
f 2803/3359/2803 2802/3358/2802 2801/3357/2801 2800/3356/2800
f 2804/3360/2804 2770/3322/2770 2805/3361/2805 2806/3362/2806
f 2807/3363/2807 2808/3364/2808 2805/3361/2805 2809/3365/2809
f 2810/3366/2810 2806/3362/2806 2805/3361/2805 2808/3364/2808
f 2769/3321/2769 2811/3367/2811 2805/3361/2805 2770/3322/2770
f 2802/3358/2802 2812/3368/2812 2811/3367/2811 2769/3321/2769
f 2808/3364/2808 2807/3363/2807 2813/3369/2813 2814/3370/2814
f 2803/3359/2803 2815/3371/2815 2812/3368/2812 2802/3358/2802
f 2816/3372/2816 2817/3373/2817 2812/3368/2812 2815/3371/2815
f 2818/3374/2818 2819/3375/2819 2812/3368/2812 2817/3373/2817
f 2809/3365/2809 2811/3367/2811 2812/3368/2812 2819/3375/2819
f 2820/3376/2820 2821/3377/2821 2813/3369/2813 2807/3363/2807
f 2807/3363/2807 2809/3365/2809 2819/3375/2819 2818/3374/2818
f 2797/3353/2797 2796/3352/2796 2822/3378/2822 2823/3379/2823
f 2824/3380/2824 2823/3379/2823 2822/3378/2822 2825/3381/2825
f 2826/3382/2826 2825/3381/2825 2822/3378/2822 2796/3352/2796
f 2827/3383/2827 2820/3376/2820 2807/3363/2807 2828/3384/2828
f 2829/3385/2829 2813/3369/2813 2821/3377/2821 2830/3386/2830
f 2831/3387/2831 2830/3386/2830 2821/3377/2821 2832/3388/2832
f 2833/3389/2833 2834/3390/2834 2835/3391/2835 2836/3392/2836
f 2837/3393/2837 2836/3392/2836 2835/3391/2835 2838/3394/2838
f 2839/3395/2839 2840/3396/2840 2841/3397/2841 2816/3372/2816
f 2817/3373/2817 2816/3372/2816 2841/3397/2841 2842/3398/2842
f 2843/3399/2843 2828/3384/2828 2807/3363/2807 2818/3374/2818
f 2844/3400/2844 2821/3377/2821 2820/3376/2820 2827/3383/2827
f 2845/3401/2845 2846/3402/2846 2798/3354/2798 2824/3380/2824
f 2847/3403/2847 2848/3404/2848 2841/3397/2841 2840/3396/2840
f 2849/3405/2849 2842/3398/2842 2841/3397/2841 2848/3404/2848
f 2845/3401/2845 2824/3380/2824 2850/3406/2850 2851/3407/2851
f 2852/3408/2852 2853/3409/2853 2850/3406/2850 2854/3410/2854
f 2855/3411/2855 2851/3407/2851 2850/3406/2850 2853/3409/2853
f 2781/3333/2781 2856/3412/2856 2857/3413/2857 2780/3332/2780
f 2778/3330/2778 2780/3332/2780 2857/3413/2857 2858/3414/2858
f 2859/3415/2859 2860/3416/2860 2857/3413/2857 2856/3412/2856
f 2861/3417/2861 2858/3414/2858 2857/3413/2857 2860/3416/2860
f 2862/3418/2862 2863/3419/2863 2864/3420/2864 2865/3421/2865
f 2866/3422/2866 2837/3393/2837 2864/3420/2864 2863/3419/2863
f 2838/3394/2838 2865/3421/2865 2864/3420/2864 2837/3393/2837
f 2862/3418/2862 2865/3421/2865 2867/3423/2867 2868/3424/2868
f 2838/3394/2838 2869/3425/2869 2867/3423/2867 2865/3421/2865
f 2870/3426/2870 2871/3427/2871 2867/3423/2867 2872/3428/2872
f 2873/3429/2873 2874/3430/2874 2875/3431/2875 2876/3432/2876
f 2861/3417/2861 2876/3432/2876 2875/3431/2875 2858/3414/2858
f 2862/3418/2862 2868/3424/2868 2877/3433/2877 2878/3434/2878
f 2879/3435/2879 2880/3436/2880 2877/3433/2877 2868/3424/2868
f 2881/3437/2881 2878/3434/2878 2877/3433/2877 2880/3436/2880
f 2863/3419/2863 2862/3418/2862 2878/3434/2878 2882/3438/2882
f 2883/3439/2883 2874/3440/2874 2873/3441/2873 2884/3442/2884
f 2885/3443/2885 2884/3442/2884 2873/3441/2873 2886/3444/2886
f 2887/3445/2887 2888/3446/2888 2889/3447/2889 2890/3448/2890
f 2891/3449/2891 2892/3450/2892 2889/3447/2889 2893/3451/2893
f 2894/3452/2894 2890/3448/2890 2889/3447/2889 2892/3450/2892
f 2895/3453/2895 2896/3454/2896 2897/3455/2897 2898/3456/2898
f 2899/3457/2899 2898/3456/2898 2897/3455/2897 2900/3458/2900
f 2901/3459/2901 2900/3458/2900 2897/3455/2897 2896/3454/2896
f 2902/3460/2902 2903/3461/2903 2904/3462/2904 2905/3463/2905
f 2906/3464/2906 2905/3463/2905 2904/3462/2904 2907/3465/2907
f 2908/3466/2908 2907/3465/2907 2904/3462/2904 2903/3461/2903
f 2895/3453/2895 2898/3456/2898 2903/3461/2903 2902/3460/2902
f 2909/3467/2909 2910/3468/2910 2911/3469/2911 2912/3470/2912
f 2913/3471/2913 2899/3457/2899 2911/3469/2911 2914/3472/2914
f 2900/3458/2900 2912/3470/2912 2911/3469/2911 2899/3457/2899
f 2915/3473/2915 2916/3474/2916 2911/3475/2911 2910/3476/2910
f 2917/3477/2917 2914/3478/2914 2911/3475/2911 2916/3474/2916
f 2899/3457/2899 2913/3471/2913 2903/3461/2903 2898/3456/2898
f 2918/3479/2918 2908/3466/2908 2903/3461/2903 2913/3471/2913
f 2919/3480/2919 2902/3460/2902 2905/3463/2905 2906/3464/2906
f 2920/3481/2920 2921/3482/2921 2922/3483/2922 2923/3484/2923
f 2924/3485/2924 2925/3486/2925 2922/3483/2922 2921/3482/2921
f 2926/3487/2926 2927/3488/2927 2922/3483/2922 2925/3486/2925
f 2901/3459/2901 2896/3454/2896 2928/3489/2928 2929/3490/2929
f 2930/3491/2930 2929/3490/2929 2928/3489/2928 2931/3492/2931
f 2895/3453/2895 2931/3492/2931 2928/3489/2928 2896/3454/2896
f 2932/3493/2932 2933/3494/2933 2930/3491/2930 2934/3495/2934
f 2935/3496/2935 2936/3497/2936 2930/3491/2930 2933/3494/2933
f 2937/3498/2937 2929/3490/2929 2930/3491/2930 2936/3497/2936
f 2938/3499/2938 2934/3495/2934 2930/3491/2930 2931/3492/2931
f 2939/3500/2939 2940/3501/2940 2941/3502/2941 2942/3503/2942
f 2940/3501/2940 2943/3504/2943 2944/3505/2944 2941/3502/2941
f 2945/3506/2945 2942/3503/2942 2941/3502/2941 2944/3505/2944
f 2946/3507/2946 2906/3464/2906 2907/3465/2907 2908/3466/2908
f 2947/3508/2947 2946/3507/2946 2908/3466/2908 2948/3509/2948
f 2949/3510/2949 2938/3499/2938 2950/3511/2950 2951/3512/2951
f 2931/3492/2931 2895/3453/2895 2950/3511/2950 2938/3499/2938
f 2952/3513/2952 2951/3512/2951 2950/3511/2950 2919/3480/2919
f 2953/3514/2953 2949/3510/2949 2951/3512/2951 2952/3513/2952
f 2954/3515/2954 2955/3516/2955 2956/3517/2956 2957/3518/2957
f 2958/3519/2958 2957/3518/2957 2956/3517/2956 2959/3520/2959
f 2960/3521/2960 2959/3520/2959 2956/3517/2956 2955/3516/2955
f 2915/3473/2915 2961/3522/2961 2962/3523/2962 2916/3474/2916
f 2917/3477/2917 2916/3474/2916 2962/3523/2962 2963/3524/2963
f 2964/3525/2964 2963/3524/2963 2962/3523/2962 2961/3522/2961
f 2965/3526/2965 2966/3527/2966 2942/3503/2942 2967/3528/2967
f 2968/3529/2968 2969/3530/2969 2942/3503/2942 2945/3506/2945
f 2970/3531/2970 2971/3532/2971 2972/3533/2972 2973/3534/2973
f 2974/3535/2974 2973/3536/2973 2972/3537/2972 2975/3538/2975
f 2976/3539/2976 2975/3538/2975 2972/3537/2972 2971/3540/2971
f 2892/3450/2892 2891/3449/2891 2973/3541/2973 2977/3542/2977
f 2978/3543/2978 2977/3544/2977 2973/3536/2973 2974/3535/2974
f 2964/3525/2964 2961/3522/2961 2977/3544/2977 2978/3543/2978
f 2979/3545/2979 2966/3527/2966 2965/3526/2965 2980/3546/2980
f 2981/3547/2981 2980/3546/2980 2965/3526/2965 2967/3528/2967
f 2982/3548/2982 2983/3549/2983 2984/3550/2984 2985/3551/2985
f 2986/3552/2986 2987/3553/2987 2984/3554/2984 2983/3555/2983
f 2988/3556/2988 2989/3557/2989 2984/3554/2984 2987/3553/2987
f 2990/3558/2990 2985/3551/2985 2984/3550/2984 2989/3559/2989
f 2991/3560/2991 2992/3561/2992 2981/3547/2981 2967/3528/2967
f 2935/3496/2935 2993/3562/2993 2981/3547/2981 2992/3561/2992
f 2994/3563/2994 2995/3564/2995 2981/3547/2981 2993/3562/2993
f 2996/3565/2996 2980/3546/2980 2981/3547/2981 2995/3564/2995
f 2997/3566/2997 2998/3567/2998 2999/3568/2999 3000/3569/3000
f 3001/3570/3001 3002/3571/3002 2999/3568/2999 2998/3567/2998
f 3003/3572/3003 2953/3514/2953 3004/3573/3004 3005/3574/3005
f 2952/3513/2952 3006/3575/3006 3004/3573/3004 2953/3514/2953
f 3007/3576/3007 3005/3574/3005 3004/3573/3004 3008/3577/3008
f 3009/3578/3009 3000/3569/3000 2999/3568/2999 3002/3571/3002
f 3010/3579/3010 3008/3577/3008 3004/3573/3004 3006/3575/3006
f 3011/3580/3011 3012/3581/3012 3002/3571/3002 3001/3570/3001
f 3013/3582/3013 3009/3578/3009 3002/3571/3002 3012/3581/3012
f 3014/3583/3014 3015/3584/3015 3016/3585/3016 3017/3586/3017
f 2974/3535/2974 2975/3538/2975 3016/3585/3016 3015/3584/3015
f 3018/3587/3018 3019/3588/3019 3000/3569/3000 3009/3578/3009
f 3020/3589/3020 3021/3590/3021 3000/3569/3000 3019/3588/3019
f 3022/3591/3022 2997/3566/2997 3000/3569/3000 3021/3590/3021
f 3023/3592/3023 3024/3593/3024 3025/3594/3025 3026/3595/3026
f 3027/3596/3027 3026/3595/3026 3025/3594/3025 3028/3597/3028
f 3029/3598/3029 3028/3597/3028 3025/3594/3025 3024/3593/3024
f 3030/3599/3030 3023/3592/3023 3026/3595/3026 3031/3600/3031
f 3032/3601/3032 3031/3600/3031 3026/3595/3026 3033/3602/3033
f 3034/3603/3034 3033/3602/3033 3026/3595/3026 3027/3596/3027
f 3035/3604/3035 3036/3605/3036 3037/3606/3037 3038/3607/3038
f 3039/3608/3039 3038/3607/3038 3037/3606/3037 3014/3583/3014
f 3015/3584/3015 3014/3583/3014 3037/3606/3037 3036/3605/3036
f 3040/3609/3040 3041/3610/3041 3042/3611/3042 3043/3612/3043
f 3044/3613/3044 3043/3612/3043 3042/3611/3042 3045/3614/3045
f 3046/3615/3046 3047/3616/3047 3042/3611/3042 3041/3610/3041
f 3039/3608/3039 3045/3614/3045 3042/3611/3042 3048/3617/3048
f 3019/3588/3019 3018/3587/3018 3049/3618/3049 3050/3619/3050
f 3051/3620/3051 3050/3619/3050 3049/3618/3049 3052/3621/3052
f 3053/3622/3053 3054/3623/3054 3049/3618/3049 3018/3587/3018
f 3055/3624/3055 3052/3621/3052 3049/3618/3049 3056/3625/3056
f 3057/3626/3057 3056/3625/3056 3049/3618/3049 3054/3623/3054
f 3058/3627/3058 3059/3628/3059 3060/3629/3060 3061/3630/3061
f 3062/3631/3062 3063/3632/3063 3060/3629/3060 3059/3628/3059
f 3064/3633/3064 3061/3630/3061 3060/3629/3060 3063/3632/3063
f 3065/3634/3065 3066/3635/3066 3067/3636/3067 3017/3586/3017
f 3068/3637/3068 3069/3638/3069 3067/3636/3067 3066/3635/3066
f 3070/3639/3070 3038/3607/3038 3039/3608/3039 3048/3617/3048
f 3069/3638/3069 3045/3614/3045 3039/3608/3039 3067/3636/3067
f 3017/3586/3017 3067/3636/3067 3039/3608/3039 3014/3583/3014
f 3071/3640/3071 3072/3641/3072 3073/3642/3073 3074/3643/3074
f 3075/3644/3075 3076/3645/3076 3073/3642/3073 3072/3641/3072
f 3077/3646/3077 3074/3643/3074 3073/3642/3073 3076/3645/3076
f 3022/3591/3022 3021/3590/3021 3063/3632/3063 3062/3631/3062
f 3020/3589/3020 3078/3647/3078 3063/3632/3063 3021/3590/3021
f 3079/3648/3079 3080/3649/3080 3081/3650/3081 3082/3651/3082
f 3083/3652/3083 3084/3653/3084 3081/3650/3081 3080/3649/3080
f 3085/3654/3085 3082/3651/3082 3081/3650/3081 3084/3653/3084
f 3064/3633/3064 3063/3632/3063 3078/3647/3078 3086/3655/3086
f 3087/3656/3087 3086/3655/3086 3078/3647/3078 3088/3657/3088
f 3089/3658/3089 3088/3657/3088 3078/3647/3078 3090/3659/3090
f 3091/3660/3091 3092/3661/3092 3093/3662/3093 3094/3663/3094
f 3095/3664/3095 3096/3665/3096 3093/3662/3093 3092/3661/3092
f 3097/3666/3097 3094/3663/3094 3093/3662/3093 3096/3665/3096
f 3098/3667/3098 3099/3668/3099 3100/3669/3100 3101/3670/3101
f 3102/3671/3102 3101/3670/3101 3100/3669/3100 3103/3672/3103
f 3104/3673/3104 3103/3672/3103 3100/3669/3100 3099/3668/3099
f 3105/3674/3105 3064/3633/3064 3086/3655/3086 3087/3656/3087
f 3106/3675/3106 3107/3676/3107 3108/3677/3108 3109/3678/3109
f 3110/3679/3110 3111/3680/3111 3108/3677/3108 3107/3676/3107
f 3112/3681/3112 3109/3678/3109 3108/3677/3108 3113/3682/3113
f 3114/3683/3114 3105/3674/3105 3087/3656/3087 3115/3684/3115
f 3116/3685/3116 3115/3686/3115 3087/3687/3087 3117/3688/3117
f 3118/3689/3118 3117/3688/3117 3087/3687/3087 3119/3690/3119
f 3120/3691/3120 3121/3692/3121 3122/3693/3122 3123/3694/3123
f 3098/3667/3098 3101/3670/3101 3122/3695/3122 3121/3696/3121
f 3102/3671/3102 3124/3697/3124 3122/3695/3122 3101/3670/3101
f 3125/3698/3125 3123/3694/3123 3122/3693/3122 3124/3699/3124
f 3126/3700/3126 3127/3701/3127 3128/3702/3128 2278/2766/2278
f 3129/3703/3129 3130/3704/3130 3128/3705/3128 3127/3706/3127
f 2279/3707/2279 2278/3708/2278 3128/3705/3128 3130/3704/3130
f 3131/3709/3131 3132/3710/3132 3107/3676/3107 3106/3675/3106
f 3133/3711/3133 3134/3712/3134 3135/3713/3135 3136/3714/3136
f 3137/3715/3137 3136/3716/3136 3135/3717/3135 3138/3718/3138
f 3139/3719/3139 3119/3690/3119 3087/3687/3087 3088/3720/3088
f 3140/3721/3140 3141/3722/3141 3130/3704/3130 3129/3703/3129
f 2281/3723/2281 2279/3707/2279 3130/3704/3130 3142/3724/3142
f 3143/3725/3143 3142/3724/3142 3130/3704/3130 3141/3722/3141
f 3144/3726/3144 2273/2761/2273 2272/2760/2272 3145/3727/3145
f 3146/3728/3146 3145/3727/3145 2272/2760/2272 2275/2763/2275
f 3147/3729/3147 3148/3730/3148 3149/3731/3149 3150/3732/3150
f 3151/3733/3151 3150/3732/3150 3149/3731/3149 3144/3726/3144
f 2273/2761/2273 3144/3726/3144 3149/3731/3149 2276/2764/2276
f 3152/3734/3152 3153/3735/3153 3147/3729/3147 3150/3732/3150
f 3154/3736/3154 3148/3730/3148 3147/3729/3147 3153/3735/3153
f 3155/3737/3155 3148/3730/3148 3154/3736/3154 3156/3738/3156
f 3157/3739/3157 3156/3738/3156 3154/3736/3154 3153/3735/3153
f 3155/3737/3155 3158/3740/3158 3159/3741/3159 3148/3730/3148
f 3160/3742/3160 3161/3743/3161 3159/3744/3159 3158/3745/3158
f 3162/3746/3162 2276/2764/2276 3159/3741/3159 3161/3747/3161
f 3163/3748/3163 3164/3749/3164 3161/3743/3161 3160/3742/3160
f 3134/3712/3134 3162/3750/3162 3161/3751/3161 3165/3752/3165
f 3133/3711/3133 3166/3753/3166 3162/3750/3162 3134/3712/3134
f 2277/2765/2277 2276/2764/2276 3162/3746/3162 3167/3754/3167
f 3168/3755/3168 3169/3756/3169 3170/3757/3170 3171/3758/3171
f 3172/3759/3172 3171/3758/3171 3170/3757/3170 3173/3760/3173
f 3174/3761/3174 3175/3762/3175 3170/3757/3170 3169/3756/3169
f 3142/3724/3142 3143/3725/3143 3176/3763/3176 3177/3764/3177
f 3178/3765/3178 3179/3766/3179 3176/3763/3176 3143/3725/3143
f 3180/3767/3180 3177/3764/3177 3176/3763/3176 3181/3768/3181
f 3182/3769/3182 3183/3770/3183 3184/3771/3184 3185/3772/3185
f 3186/3773/3186 3187/3774/3187 3184/3771/3184 3183/3770/3183
f 3188/3775/3188 3185/3772/3185 3184/3771/3184 3187/3774/3187
f 3189/3776/3189 3190/3777/3190 3158/3740/3158 3155/3737/3155
f 3191/3778/3191 3160/3779/3160 3158/3780/3158 3192/3781/3192
f 3193/3782/3193 3192/3781/3192 3158/3780/3158 3190/3783/3190
f 3190/3777/3190 3189/3776/3189 3194/3784/3194 3195/3785/3195
f 3196/3786/3196 3197/3787/3197 3194/3784/3194 3189/3776/3189
f 3198/3788/3198 3195/3785/3195 3194/3784/3194 3197/3787/3197
f 3199/3789/3199 3181/3768/3181 3176/3763/3176 3179/3766/3179
f 3200/3790/3200 3201/3791/3201 3202/3792/3202 3203/3793/3203
f 3204/3794/3204 3203/3793/3203 3202/3792/3202 3205/3795/3205
f 3187/3774/3187 3205/3795/3205 3202/3792/3202 3188/3775/3188
f 3140/3721/3140 3206/3796/3206 3207/3797/3207 3141/3722/3141
f 3208/3798/3208 3209/3799/3209 3207/3797/3207 3206/3796/3206
f 3210/3800/3210 3211/3801/3211 3207/3797/3207 3209/3799/3209
f 3143/3725/3143 3141/3722/3141 3207/3797/3207 3178/3765/3178
f 3212/3802/3212 3178/3765/3178 3207/3797/3207 3211/3801/3211
f 3199/3789/3199 3179/3766/3179 3213/3803/3213 3214/3804/3214
f 3178/3765/3178 3212/3802/3212 3213/3803/3213 3179/3766/3179
f 3215/3805/3215 3214/3804/3214 3213/3803/3213 3212/3802/3212
f 3216/3806/3216 3215/3805/3215 3217/3807/3217 3218/3808/3218
f 3212/3802/3212 3211/3801/3211 3217/3807/3217 3215/3805/3215
f 3210/3800/3210 3219/3809/3219 3217/3807/3217 3211/3801/3211
f 3204/3810/3204 3220/3811/3220 3221/3812/3221 3222/3813/3222
f 3223/3814/3223 3222/3813/3222 3221/3812/3221 3224/3815/3224
f 3225/3816/3225 3224/3815/3224 3221/3812/3221 3220/3811/3220
f 3226/3817/3226 3220/3811/3220 3204/3810/3204 3227/3818/3227
f 3228/3819/3228 3203/3820/3203 3204/3810/3204 3222/3813/3222
f 3169/3756/3169 3229/3821/3229 3230/3822/3230 3174/3761/3174
f 3217/3807/3217 3174/3823/3174 3230/3824/3230 3218/3808/3218
f 3231/3825/3231 3232/3826/3232 3230/3824/3230 3233/3827/3233
f 3234/3828/3234 3235/3829/3235 3198/3788/3198 3236/3830/3236
f 3237/3831/3237 3236/3830/3236 3198/3788/3198 3197/3787/3197
f 3238/3832/3238 3239/3833/3239 3198/3788/3198 3235/3829/3235
f 3240/3834/3240 3195/3785/3195 3198/3788/3198 3239/3833/3239
f 3241/3835/3241 3242/3836/3242 3230/3824/3230 3232/3826/3232
f 3243/3837/3243 3218/3808/3218 3230/3824/3230 3242/3836/3242
f 3244/3838/3244 3245/3839/3245 3246/3840/3246 3247/3841/3247
f 3248/3842/3248 3247/3841/3247 3246/3840/3246 3249/3843/3249
f 3250/3844/3250 3249/3843/3249 3246/3840/3246 3245/3839/3245
f 3249/3843/3249 3251/3845/3251 3252/3846/3252 3248/3842/3248
f 3253/3847/3253 3254/3848/3254 3252/3846/3252 3251/3845/3251
f 3223/3814/3223 3248/3842/3248 3252/3846/3252 3255/3849/3255
f 3256/3850/3256 3255/3849/3255 3252/3846/3252 3257/3851/3257
f 3258/3852/3258 3257/3851/3257 3252/3846/3252 3254/3848/3254
f 3259/3853/3259 3260/3854/3260 3261/3855/3261 3262/3856/3262
f 3263/3857/3263 3264/3858/3264 3261/3859/3261 3265/3860/3265
f 3266/3861/3266 3262/3862/3262 3261/3859/3261 3264/3858/3264
f 3238/3832/3238 3267/3863/3267 3261/3864/3261 3260/3865/3260
f 3268/3866/3268 3265/3860/3265 3261/3859/3261 3267/3867/3267
f 3269/3868/3269 3270/3869/3270 3271/3870/3271 3272/3871/3272
f 3273/3872/3273 3274/3873/3274 3271/3874/3271 3275/3875/3275
f 3276/3876/3276 3275/3875/3275 3271/3874/3271 3270/3877/3270
f 3277/3878/3277 3272/3871/3272 3271/3870/3271 3278/3879/3278
f 3279/3880/3279 3263/3857/3263 3265/3860/3265 3268/3866/3268
f 3280/3881/3280 3281/3882/3281 3269/3868/3269 3282/3883/3282
f 3283/3884/3283 3282/3883/3282 3269/3868/3269 3284/3885/3284
f 3285/3886/3285 3284/3885/3284 3269/3868/3269 3272/3871/3272
f 3286/3887/3286 3287/3888/3287 3288/3889/3288 3289/3890/3289
f 3290/3891/3290 3289/3890/3289 3288/3889/3288 3291/3892/3291
f 3292/3893/3292 3291/3892/3291 3288/3889/3288 3293/3894/3293
f 3294/3895/3294 3293/3894/3293 3288/3889/3288 3287/3888/3287
f 3277/3878/3277 3295/3896/3295 3285/3886/3285 3272/3871/3272
f 3296/3897/3296 3284/3885/3284 3285/3886/3285 3295/3896/3295
f 3297/3898/3297 3298/3899/3298 3299/3900/3299 3300/3901/3300
f 3301/3902/3301 3300/3901/3300 3299/3900/3299 3302/3903/3302
f 3303/3904/3303 3302/3903/3302 3299/3900/3299 3298/3899/3298
f 3303/3904/3303 3304/3905/3304 3305/3906/3305 3302/3903/3302
f 3306/3907/3306 3307/3908/3307 3305/3906/3305 3304/3905/3304
f 3301/3902/3301 3302/3903/3302 3305/3906/3305 3308/3909/3308
f 3309/3910/3309 3310/3911/3310 3305/3906/3305 3307/3908/3307
f 3311/3912/3311 3308/3909/3308 3305/3906/3305 3310/3911/3310
f 3312/3913/3312 3313/3914/3313 3314/3915/3314 3315/3916/3315
f 3316/3917/3316 3317/3918/3317 3314/3919/3314 3313/3920/3313
f 3318/3921/3318 3315/3922/3315 3314/3919/3314 3317/3918/3317
f 3319/3923/3319 3312/3913/3312 3315/3916/3315 3320/3924/3320
f 3321/3925/3321 3320/3924/3320 3315/3916/3315 3322/3926/3322
f 3323/3927/3323 3322/3928/3322 3315/3922/3315 3318/3921/3318
f 3324/3929/3324 3325/3930/3325 3326/3931/3326 3327/3932/3327
f 3328/3933/3328 3327/3932/3327 3326/3931/3326 3329/3934/3329
f 3330/3935/3330 3329/3934/3329 3326/3931/3326 3325/3930/3325
f 3331/3936/3331 3328/3933/3328 3329/3934/3329 3332/3937/3332
f 3333/3938/3333 3334/3939/3334 3335/3940/3335 3336/3941/3336
f 3337/3942/3337 3338/3943/3338 3335/3940/3335 3334/3939/3334
f 3339/3944/3339 3340/3945/3340 3335/3940/3335 3338/3943/3338
f 3341/3946/3341 3336/3941/3336 3335/3940/3335 3342/3947/3342
f 3343/3948/3343 3342/3947/3342 3335/3940/3335 3340/3945/3340
f 3332/3949/3332 3344/3950/3344 3345/3951/3345 3346/3952/3346
f 3347/3953/3347 3348/3954/3348 3345/3955/3345 3344/3956/3344
f 3349/3957/3349 3350/3958/3350 3345/3955/3345 3348/3954/3348
f 3351/3959/3351 3343/3948/3343 3340/3945/3340 3339/3944/3339
f 3352/3960/3352 3353/3961/3353 3349/3957/3349 3348/3954/3348
f 3354/3962/3354 3355/3963/3355 3349/3957/3349 3353/3961/3353
f 3356/3964/3356 3357/3965/3357 3349/3957/3349 3355/3963/3355
f 3358/3966/3358 3359/3967/3359 3360/3968/3360 3361/3969/3361
f 3362/3970/3362 3363/3971/3363 3364/3972/3364 3358/3966/3358
f 3359/3967/3359 3358/3966/3358 3364/3972/3364 3365/3973/3365
f 3366/3974/3366 3365/3975/3365 3364/3976/3364 3363/3977/3363
f 3363/3971/3363 3362/3970/3362 3367/3978/3367 3368/3979/3368
f 3369/3980/3369 3368/3979/3368 3367/3978/3367 3370/3981/3370
f 3371/3982/3371 3370/3981/3370 3367/3978/3367 3362/3970/3362
f 3366/3974/3366 3363/3977/3363 3368/3983/3368 3369/3984/3369
f 3350/3958/3350 3349/3957/3349 3357/3965/3357 3372/3985/3372
f 3373/3986/3373 3372/3985/3372 3357/3965/3357 3356/3964/3356
f 3374/3987/3374 3375/3988/3375 3376/3989/3376 3377/3990/3377
f 3378/3991/3378 3377/3990/3377 3376/3989/3376 3379/3992/3379
f 3380/3993/3380 3379/3992/3379 3376/3989/3376 3375/3988/3375
f 3332/3949/3332 3346/3952/3346 3381/3994/3381 3331/3995/3331
f 3382/3996/3382 3331/3997/3331 3381/3998/3381 3383/3999/3383
f 3384/4000/3384 3385/4001/3385 3381/3994/3381 3346/3952/3346
f 3386/4002/3386 3387/4003/3387 3381/3998/3381 3385/4004/3385
f 3388/4005/3388 3377/3990/3377 3378/3991/3378 3389/4006/3389
f 3390/4007/3390 3389/4006/3389 3378/3991/3378 3391/4008/3391
f 3392/4009/3392 3393/4010/3393 3378/3991/3378 3379/3992/3379
f 3394/4011/3394 3391/4012/3391 3378/4013/3378 3393/4014/3393
f 3395/4015/3395 2269/2752/2269 3396/4016/3396 3397/4017/3397
f 3398/4018/3398 2261/2744/2261 2263/2746/2263 3399/4019/3399
f 3400/4020/3400 3399/4019/3399 2263/2746/2263 2271/2759/2271
f 3396/4016/3396 2269/2752/2269 2260/2753/2260 3401/4021/3401
f 2255/2735/2255 3401/4021/3401 2260/2753/2260 2252/2736/2252
f 3402/4022/3402 3403/4023/3403 3404/4024/3404 3405/4025/3405
f 3406/4026/3406 3407/4027/3407 3404/4024/3404 3403/4023/3403
f 3408/4028/3408 3409/4029/3409 3396/4016/3396 3401/4021/3401
f 3410/4030/3410 3397/4017/3397 3396/4016/3396 3411/4031/3411
f 3328/3933/3328 3331/3936/3331 3382/4032/3382 3412/4033/3412
f 3413/4034/3413 3412/4033/3412 3382/4032/3382 3392/4009/3392
f 3393/4010/3393 3392/4009/3392 3382/4032/3382 3414/4035/3414
f 3415/4036/3415 3414/4037/3414 3382/3996/3382 3383/3999/3383
f 3416/4038/3416 3417/4039/3417 3413/4034/3413 3380/3993/3380
f 3379/3992/3379 3380/3993/3380 3413/4034/3413 3392/4009/3392
f 3418/4040/3418 3412/4033/3412 3413/4034/3413 3417/4039/3417
f 3372/3985/3372 3373/3986/3373 3419/4041/3419 3420/4042/3420
f 3421/4043/3421 3420/4042/3420 3419/4041/3419 3422/4044/3422
f 3423/4045/3423 3422/4044/3422 3419/4041/3419 3424/4046/3424
f 3425/4047/3425 3387/4003/3387 3386/4002/3386 3426/4048/3426
f 3427/4049/3427 3426/4050/3426 3386/4051/3386 3424/4052/3424
f 3399/4019/3399 3428/4053/3428 3429/4054/3429 3398/4018/3398
f 2254/2733/2254 3398/4018/3398 3429/4054/3429 2259/2741/2259
f 3430/4055/3430 3431/4056/3431 3429/4054/3429 3428/4053/3428
f 2258/2739/2258 2259/2740/2259 3429/4057/3429 3408/4028/3408
f 2238/2715/2238 2237/2714/2237 3429/4054/3429 3431/4056/3431
f 3429/4054/3429 3432/4058/3432 3409/4059/3409 3408/4060/3408
f 2236/2713/2236 3432/4058/3432 3429/4054/3429 2237/2714/2237
f 3399/4019/3399 3433/4061/3433 3430/4055/3430 3428/4053/3428
f 3434/4062/3434 3431/4063/3431 3430/4064/3430 3435/4065/3435
f 3436/4066/3436 3435/4065/3435 3430/4064/3430 3437/4067/3437
f 3407/4027/3407 3437/4067/3437 3430/4064/3430 3433/4068/3433
f 2246/2723/2246 3409/4059/3409 3432/4058/3432 2236/2713/2236
f 3410/4030/3410 3411/4031/3411 3409/4029/3409 3438/4069/3438
f 3439/4070/3439 3440/4071/3440 3410/4030/3410 3441/4072/3441
f 3442/4073/3442 3441/4072/3441 3410/4030/3410 3438/4069/3438
f 3425/4047/3425 3426/4048/3426 3443/4074/3443 3444/4075/3444
f 3445/4076/3445 3444/4075/3444 3443/4074/3443 3446/4077/3446
f 3427/4078/3427 3446/4079/3446 3443/4080/3443 3426/4081/3426
f 3447/4082/3447 3445/4076/3445 3446/4077/3446 3448/4083/3448
f 3449/4084/3449 3448/4085/3448 3446/4079/3446 3450/4086/3450
f 3451/4087/3451 3450/4086/3450 3446/4079/3446 3427/4078/3427
f 3452/4088/3452 3453/4089/3453 3454/4090/3454 3455/4091/3455
f 3445/4076/3445 3456/4092/3456 3454/4090/3454 3453/4089/3453
f 3436/4066/3436 3455/4091/3455 3454/4090/3454 3456/4092/3456
f 3457/4093/3457 3456/4092/3456 3445/4076/3445 3447/4082/3447
f 3458/4094/3458 3444/4075/3444 3445/4076/3445 3453/4089/3453
f 3451/4087/3451 3439/4070/3439 3441/4072/3441 3450/4086/3450
f 3435/4065/3435 3436/4066/3436 3456/4092/3456 3459/4095/3459
f 3460/4096/3460 3459/4097/3459 3456/4098/3456 3457/4099/3457
f 3461/4100/3461 3459/4097/3459 3462/4101/3462 3442/4073/3442
f 3449/4084/3449 3450/4086/3450 3462/4101/3462 3463/4102/3463
f 3460/4096/3460 3463/4102/3463 3462/4101/3462 3459/4097/3459
f 3464/4103/3464 3465/4104/3465 3466/4105/3466 3467/4106/3467
f 3468/4107/3468 3467/4106/3467 3466/4105/3466 3469/4108/3469
f 3470/4109/3470 3469/4108/3469 3466/4105/3466 3465/4104/3465
f 3471/4110/3471 3464/4111/3464 3467/4112/3467 3468/4113/3468
f 3468/4107/3468 3469/4108/3469 3472/4114/3472 3473/4115/3473
f 3474/4116/3474 3473/4115/3473 3472/4114/3472 3475/4117/3475
f 3470/4109/3470 3475/4117/3475 3472/4114/3472 3469/4108/3469
f 3471/4118/3471 3468/4107/3468 3473/4115/3473 3474/4116/3474
f 3476/4119/3476 3477/4120/3477 3478/4121/3478 3479/4122/3479
f 3480/4123/3480 3481/4124/3481 3478/4121/3478 3477/4120/3477
f 3482/4125/3482 3479/4122/3479 3478/4121/3478 3481/4124/3481
f 3483/4126/3483 3484/4127/3484 3482/4125/3482 3485/4128/3485
f 3486/4129/3486 3485/4128/3485 3482/4125/3482 3481/4124/3481
f 3487/4130/3487 3479/4122/3479 3482/4125/3482 3484/4127/3484
f 3488/4131/3488 3489/4132/3489 3487/4130/3487 3484/4127/3484
f 3476/4119/3476 3479/4122/3479 3487/4130/3487 2394/2893/2394
f 2393/2892/2393 2394/2893/2394 3487/4130/3487 3489/4132/3489
f 3490/4133/3490 3491/4134/3491 3488/4131/3488 3492/4135/3492
f 3483/4126/3483 3492/4135/3492 3488/4131/3488 3484/4127/3484
f 3493/4136/3493 3489/4132/3489 3488/4131/3488 3491/4134/3491
f 3494/4137/3494 3495/4138/3495 3493/4136/3493 3491/4134/3491
f 2393/2892/2393 3489/4132/3489 3493/4136/3493 3496/4139/3496
f 3497/4140/3497 3496/4139/3496 3493/4136/3493 3495/4138/3495
f 2395/2894/2395 3498/4141/3498 3497/4140/3497 3495/4138/3495
f 3499/4142/3499 3496/4139/3496 3497/4140/3497 3500/4143/3500
f 3501/4144/3501 3500/4143/3500 3497/4140/3497 3498/4141/3498
f 2412/2911/2412 3502/4145/3502 3501/4144/3501 3498/4141/3498
f 3503/4146/3503 3500/4143/3500 3501/4144/3501 3504/4147/3504
f 3505/4148/3505 3504/4147/3504 3501/4144/3501 3502/4145/3502
f 3506/4149/3506 3507/4150/3507 3505/4148/3505 3502/4145/3502
f 2399/4151/2399 3504/4147/3504 3505/4148/3505 2400/4152/2400
f 2403/4153/2403 2400/4152/2400 3505/4148/3505 3507/4150/3507
f 2415/2914/2415 3508/4154/3508 3506/4149/3506 2413/2912/2413
f 2412/2911/2412 2413/2912/2413 3506/4149/3506 3502/4145/3502
f 3509/4155/3509 3507/4150/3507 3506/4149/3506 3508/4154/3508
f 2465/2974/2465 2464/2973/2464 3509/4155/3509 3508/4154/3508
f 2403/4153/2403 3507/4150/3507 3509/4155/3509 3510/4156/3510
f 3511/4157/3511 3510/4156/3510 3509/4155/3509 2464/2973/2464
f 2467/2976/2467 3512/4158/3512 3511/4157/3511 2464/2973/2464
f 2414/2913/2414 3510/4159/3510 3511/4160/3511 3513/4161/3513
f 3514/4162/3514 3513/4161/3513 3511/4160/3511 3512/4163/3512
f 3515/4164/3515 3516/4165/3516 3514/4162/3514 3512/4163/3512
f 3517/4166/3517 3513/4161/3513 3514/4162/3514 3518/4167/3518
f 3519/4168/3519 3518/4167/3518 3514/4162/3514 3516/4165/3516
f 3520/4169/3520 3521/4170/3521 3519/4168/3519 3516/4165/3516
f 3522/4171/3522 3518/4167/3518 3519/4168/3519 3523/4172/3523
f 3524/4173/3524 3523/4172/3523 3519/4168/3519 3521/4170/3521
f 3525/4174/3525 3526/4175/3526 3524/4173/3524 3521/4170/3521
f 3527/4176/3527 3523/4172/3523 3524/4173/3524 3528/4177/3528
f 3529/4178/3529 3528/4177/3528 3524/4173/3524 3526/4175/3526
f 3530/4179/3530 3527/4176/3527 3528/4177/3528 2455/2964/2455
f 2456/2965/2456 2455/2964/2455 3528/4177/3528 3529/4178/3529
f 3531/4180/3531 3527/4176/3527 3530/4179/3530 3532/4181/3532
f 3533/4182/3533 3532/4181/3532 3530/4179/3530 3534/4183/3534
f 2452/2961/2452 3534/4183/3534 3530/4179/3530 2455/2964/2455
f 3535/4184/3535 3533/4182/3533 3534/4183/3534 3536/4185/3536
f 2451/2960/2451 3536/4185/3536 3534/4183/3534 2452/2961/2452
f 3537/4186/3537 3535/4184/3535 3536/4185/3536 3538/4187/3538
f 2434/2933/2434 3538/4187/3538 3536/4185/3536 2451/2960/2451
f 3539/4188/3539 3537/4186/3537 3538/4187/3538 3540/4189/3540
f 2432/2936/2432 3540/4189/3540 3538/4187/3538 2434/2933/2434
f 3541/4190/3541 3539/4191/3539 3540/4192/3540 3542/4193/3542
f 2429/2928/2429 3542/4193/3542 3540/4192/3540 2432/2931/2432
f 3543/4194/3543 3541/4190/3541 3542/4193/3542 3544/4195/3544
f 2426/2925/2426 3544/4195/3544 3542/4193/3542 2429/2928/2429
f 3545/4196/3545 3543/4194/3543 3544/4195/3544 3546/4197/3546
f 2425/2924/2425 3546/4197/3546 3544/4195/3544 2426/2925/2426
f 2417/2916/2417 3545/4196/3545 3546/4197/3546 2422/2921/2422
f 3547/4198/3547 2422/2921/2422 3546/4197/3546 2425/2924/2425
f 2428/2927/2428 3548/4199/3548 3547/4198/3547 2425/2924/2425
f 2423/2922/2423 2422/2921/2422 3547/4198/3547 3549/4200/3549
f 3550/4201/3550 3549/4200/3549 3547/4198/3547 3548/4199/3548
f 2471/2980/2471 3551/4202/3551 3550/4203/3550 3548/4204/3548
f 3552/4205/3552 3549/4200/3549 3550/4201/3550 3553/4206/3553
f 3554/4207/3554 3553/4208/3553 3550/4203/3550 3551/4202/3551
f 3555/4209/3555 3556/4210/3556 3554/4207/3554 3551/4202/3551
f 3557/4211/3557 3553/4208/3553 3554/4207/3554 3558/4212/3558
f 3559/4213/3559 3558/4212/3558 3554/4207/3554 3556/4210/3556
f 3560/4214/3560 3561/4215/3561 3559/4213/3559 3556/4210/3556
f 3562/4216/3562 3558/4212/3558 3559/4213/3559 3563/4217/3563
f 2570/3086/2570 3563/4217/3563 3559/4213/3559 3561/4215/3561
f 3564/4218/3564 3562/4216/3562 3563/4217/3563 3565/4219/3565
f 2572/3089/2572 3565/4219/3565 3563/4217/3563 2570/3086/2570
f 3566/4220/3566 3564/4221/3564 3565/4222/3565 3567/4223/3567
f 3568/4224/3568 3567/4223/3567 3565/4222/3565 2572/4225/2572
f 2534/3047/2534 2537/3050/2537 3568/4224/3568 2572/4225/2572
f 2486/2995/2486 3567/4223/3567 3568/4224/3568 2484/2993/2484
f 2483/2992/2483 2484/2993/2484 3568/4224/3568 2537/3050/2537
f 2490/2999/2490 3566/4220/3566 3567/4223/3567 2486/2995/2486
f 3569/4226/3569 3564/4221/3564 3566/4220/3566 3570/4227/3570
f 3525/4174/3525 3570/4227/3570 3566/4220/3566 2490/2999/2490
f 3571/4228/3571 3569/4226/3569 3570/4227/3570 3520/4169/3520
f 3521/4170/3521 3520/4169/3520 3570/4227/3570 3525/4174/3525
f 3572/4229/3572 3569/4230/3569 3571/4231/3571 3573/4232/3573
f 2468/2977/2468 3573/4232/3573 3571/4231/3571 3515/4233/3515
f 3516/4165/3516 3515/4164/3515 3571/4228/3571 3520/4169/3520
f 3557/4234/3557 3572/4229/3572 3573/4232/3573 3574/4235/3574
f 2469/2978/2469 3574/4235/3574 3573/4232/3573 2468/2977/2468
f 3553/4206/3553 3557/4234/3557 3574/4235/3574 3552/4205/3552
f 2424/2923/2424 3552/4205/3552 3574/4235/3574 2469/2978/2469
f 3558/4212/3558 3562/4216/3562 3572/4236/3572 3557/4211/3557
f 3564/4218/3564 3569/4237/3569 3572/4236/3572 3562/4216/3562
f 2524/3037/2524 3575/4238/3575 3560/4214/3560 3576/4239/3576
f 3555/4209/3555 3576/4239/3576 3560/4214/3560 3556/4210/3556
f 3577/4240/3577 3561/4215/3561 3560/4214/3560 3575/4238/3575
f 3578/4241/3578 3579/4242/3579 3577/4240/3577 3575/4238/3575
f 2570/3086/2570 3561/4215/3561 3577/4240/3577 2571/3087/2571
f 2573/4243/2573 2571/3087/2571 3577/4240/3577 3579/4242/3579
f 2526/3039/2526 3580/4244/3580 3578/4241/3578 2525/3038/2525
f 2524/3037/2524 2525/3038/2525 3578/4241/3578 3575/4238/3575
f 3581/4245/3581 3579/4242/3579 3578/4241/3578 3580/4244/3580
f 3582/4246/3582 3583/4247/3583 3581/4245/3581 3580/4244/3580
f 2573/4243/2573 3579/4242/3579 3581/4245/3581 3584/4248/3584
f 3585/4249/3585 3584/4248/3584 3581/4245/3581 3583/4247/3583
f 3586/4250/3586 3587/4251/3587 3585/4249/3585 3583/4247/3583
f 3588/4252/3588 3584/4253/3584 3585/4254/3585 3589/4255/3589
f 3590/4256/3590 3589/4255/3589 3585/4254/3585 3587/4257/3587
f 2667/3201/2667 2666/3202/2666 3590/4258/3590 3587/4251/3587
f 3591/4259/3591 3589/4255/3589 3590/4256/3590 3592/4260/3592
f 3593/4261/3593 3592/4260/3592 3590/4256/3590 2666/3199/2666
f 2665/3198/2665 3594/4262/3594 3593/4261/3593 2666/3199/2666
f 3595/4263/3595 3592/4260/3592 3593/4261/3593 3596/4264/3596
f 3597/4265/3597 3596/4264/3596 3593/4261/3593 3594/4262/3594
f 3598/4266/3598 3596/4264/3596 3597/4265/3597 3599/4267/3599
f 2673/3210/2673 3599/4267/3599 3597/4265/3597 3600/4268/3600
f 3601/4269/3601 3600/4268/3600 3597/4265/3597 3594/4262/3594
f 2685/3227/2685 3602/4270/3602 3601/4269/3601 3603/4271/3603
f 2665/3198/2665 3603/4271/3603 3601/4269/3601 3594/4262/3594
f 3604/4272/3604 3600/4268/3600 3601/4269/3601 3602/4270/3602
f 2673/3210/2673 3600/4268/3600 3604/4272/3604 2674/3211/2674
f 2675/3212/2675 2674/3211/2674 3604/4272/3604 3605/4273/3605
f 3606/4274/3606 3605/4273/3605 3604/4272/3604 3602/4270/3602
f 3607/4275/3607 3608/4276/3608 3606/4274/3606 2688/3230/2688
f 2685/3227/2685 2688/3230/2688 3606/4274/3606 3602/4270/3602
f 3609/4277/3609 3605/4273/3605 3606/4274/3606 3608/4276/3608
f 2675/3212/2675 3605/4273/3605 3609/4277/3609 3610/4278/3610
f 3611/4279/3611 3610/4278/3610 3609/4277/3609 3612/4280/3612
f 3613/4281/3613 3612/4280/3612 3609/4277/3609 3608/4276/3608
f 2736/3282/2736 3614/4282/3614 3613/4281/3613 3615/4283/3615
f 3607/4275/3607 3615/4283/3615 3613/4281/3613 3608/4276/3608
f 3616/4284/3616 3612/4280/3612 3613/4281/3613 3614/4282/3614
f 3611/4279/3611 3612/4280/3612 3616/4284/3616 3617/4285/3617
f 3618/4286/3618 3617/4285/3617 3616/4284/3616 3619/4287/3619
f 3620/4288/3620 3619/4287/3619 3616/4284/3616 3614/4282/3614
f 2727/3273/2727 3621/4289/3621 3620/4288/3620 2726/3272/2726
f 2736/3282/2736 2726/3272/2726 3620/4288/3620 3614/4282/3614
f 3622/4290/3622 3619/4287/3619 3620/4288/3620 3621/4289/3621
f 3618/4286/3618 3619/4287/3619 3622/4290/3622 3623/4291/3623
f 3624/4292/3624 3623/4291/3623 3622/4290/3622 3625/4293/3625
f 3626/4294/3626 3625/4293/3625 3622/4290/3622 3621/4289/3621
f 3627/4295/3627 3625/4296/3625 3626/4297/3626 3628/4298/3628
f 3629/4299/3629 3628/4300/3628 3626/4301/3626 2758/4302/2758
f 2727/3273/2727 2758/3308/2758 3626/4294/3626 3621/4289/3621
f 3630/4303/3630 3628/4300/3628 3629/4299/3629 3631/4304/3631
f 3632/4305/3632 3631/4304/3631 3629/4299/3629 3633/4306/3633
f 2738/4307/2738 3633/4306/3633 3629/4299/3629 2758/4302/2758
f 3634/4308/3634 3632/4305/3632 3633/4306/3633 3635/4309/3635
f 2737/4310/2737 3635/4309/3635 3633/4306/3633 2738/4307/2738
f 2682/3224/2682 3634/4311/3634 3635/4312/3635 2683/3225/2683
f 2684/3226/2684 2683/3225/2683 3635/4312/3635 2737/4313/2737
f 2788/3341/2788 2791/3344/2791 3634/4311/3634 2682/3224/2682
f 2792/3345/2792 3632/4305/3632 3634/4308/3634 2791/3346/2791
f 3636/4314/3636 3631/4304/3631 3632/4305/3632 2792/3345/2792
f 3630/4303/3630 3631/4304/3631 3636/4314/3636 3637/4315/3637
f 3638/4316/3638 3637/4315/3637 3636/4314/3636 3639/4317/3639
f 2793/3348/2793 3639/4317/3639 3636/4314/3636 2792/3345/2792
f 3640/4318/3640 3638/4316/3638 3639/4317/3639 2846/3402/2846
f 2798/3354/2798 2846/3402/2846 3639/4317/3639 2793/3348/2793
f 2847/3403/2847 3638/4319/3638 3640/4320/3640 2848/3404/2848
f 2849/3405/2849 2848/3404/2848 3640/4320/3640 3641/4321/3641
f 2845/3401/2845 3641/4322/3641 3640/4318/3640 2846/3402/2846
f 3642/4323/3642 2849/3405/2849 3641/4321/3641 3643/4324/3643
f 2851/3407/2851 3643/4325/3643 3641/4322/3641 2845/3401/2845
f 3644/4326/3644 3642/4323/3642 3643/4324/3643 3645/4327/3645
f 2855/3411/2855 3645/4328/3645 3643/4325/3643 2851/3407/2851
f 3646/4329/3646 3644/4326/3644 3645/4327/3645 3647/4330/3647
f 3648/4331/3648 3647/4332/3647 3645/4328/3645 2855/3411/2855
f 3649/4333/3649 3647/4332/3647 3648/4331/3648 3650/4334/3650
f 3651/4335/3651 3650/4334/3650 3648/4331/3648 3652/4336/3652
f 2853/3409/2853 3652/4336/3652 3648/4331/3648 2855/3411/2855
f 3653/4337/3653 3651/4335/3651 3652/4336/3652 3654/4338/3654
f 2852/3408/2852 3654/4338/3654 3652/4336/3652 2853/3409/2853
f 1466/4339/1466 3653/4337/3653 3654/4338/3654 1467/4340/1467
f 1468/4341/1468 1467/4340/1467 3654/4338/3654 2852/3408/2852
f 2854/3410/2854 1469/4342/1469 1468/4341/1468 2852/3408/2852
f 2785/3338/2785 596/3337/596 1469/4342/1469 2854/3410/2854
f 3655/4343/3655 1470/1670/1470 1472/1673/1472 2705/3250/2705
f 2681/3223/2681 2705/3250/2705 1472/1673/1472 474/529/474
f 409/452/409 1470/1674/1470 3655/4344/3655 2622/3152/2622
f 2619/3149/2619 2622/3152/2622 3655/4344/3655 3656/4345/3656
f 2703/3248/2703 3656/4346/3656 3655/4343/3655 2705/3250/2705
f 3657/4347/3657 2619/3149/2619 3656/4345/3656 3658/4348/3658
f 2702/3247/2702 3658/4349/3658 3656/4346/3656 2703/3248/2703
f 3659/4350/3659 3657/4351/3657 3658/4352/3658 3660/4353/3660
f 3661/4354/3661 3660/4353/3660 3658/4352/3658 2702/4355/2702
f 3662/4356/3662 3660/4353/3660 3661/4354/3661 3663/4357/3663
f 2664/3196/2664 3663/4357/3663 3661/4354/3661 3664/4358/3664
f 2704/4359/2704 3664/4358/3664 3661/4354/3661 2702/4355/2702
f 2661/3193/2661 2664/3196/2664 3664/4358/3664 2728/4360/2728
f 2729/4361/2729 2728/4360/2728 3664/4358/3664 2704/4359/2704
f 3665/4362/3665 3662/4356/3662 3663/4357/3663 3666/4363/3666
f 2667/3201/2667 3666/4363/3666 3663/4357/3663 2664/3196/2664
f 3667/4364/3667 3665/4362/3665 3666/4363/3666 3586/4250/3586
f 3587/4251/3587 3586/4250/3586 3666/4363/3666 2667/3201/2667
f 3668/4365/3668 3665/4362/3665 3667/4364/3667 3669/4366/3669
f 3670/4367/3670 3669/4366/3669 3667/4364/3667 3582/4246/3582
f 3583/4247/3583 3582/4246/3582 3667/4364/3667 3586/4250/3586
f 3671/4368/3671 3669/4366/3669 3670/4367/3670 3672/4369/3672
f 2519/3032/2519 3672/4369/3672 3670/4367/3670 2526/3039/2526
f 3580/4244/3580 2526/3039/2526 3670/4367/3670 3582/4246/3582
f 3673/4370/3673 3671/4368/3671 3672/4369/3672 2552/3065/2552
f 2518/3031/2518 2552/3065/2552 3672/4369/3672 2519/3032/2519
f 3674/4371/3674 3675/4372/3675 3673/4370/3673 3676/4373/3676
f 2554/3067/2554 3676/4373/3676 3673/4370/3673 2552/3065/2552
f 3677/4374/3677 3671/4368/3671 3673/4370/3673 3675/4372/3675
f 2616/3146/2616 3678/4375/3678 3677/4374/3677 3675/4372/3675
f 3669/4366/3669 3671/4368/3671 3677/4374/3677 3668/4365/3668
f 3679/4376/3679 3668/4365/3668 3677/4374/3677 3678/4375/3678
f 3680/4377/3680 3659/4350/3659 3679/4376/3679 3678/4375/3678
f 3665/4362/3665 3668/4365/3668 3679/4376/3679 3662/4356/3662
f 3660/4353/3660 3662/4356/3662 3679/4376/3679 3659/4350/3659
f 2612/3142/2612 3681/4378/3681 3680/4377/3680 2613/3143/2613
f 2616/3146/2616 2613/3143/2613 3680/4377/3680 3678/4375/3678
f 3657/4351/3657 3659/4350/3659 3680/4377/3680 3681/4378/3681
f 2623/3153/2623 2620/3150/2620 3681/4379/3681 2612/4380/2612
f 2619/3149/2619 3657/4347/3657 3681/4379/3681 2620/3150/2620
f 2598/4381/2598 3674/4371/3674 3676/4373/3676 3682/4382/3682
f 2555/3068/2555 3682/4382/3682 3676/4373/3676 2554/3067/2554
f 2595/3120/2595 2598/3119/2598 3682/4383/3682 3683/4384/3683
f 3684/4385/3684 3683/4384/3683 3682/4383/3682 2555/4386/2555
f 2556/3071/2556 2564/3080/2564 3684/4385/3684 2555/4386/2555
f 3685/4387/3685 3683/4384/3683 3684/4385/3684 3686/4388/3686
f 3687/4389/3687 3686/4388/3686 3684/4385/3684 2564/3080/2564
f 2565/3081/2565 3688/4390/3688 3687/4389/3687 2564/3080/2564
f 3598/4266/3598 3686/4388/3686 3687/4389/3687 3689/4391/3689
f 3690/4392/3690 3689/4391/3689 3687/4389/3687 3688/4390/3688
f 2568/3084/2568 2562/3078/2562 3690/4392/3690 3688/4390/3688
f 3595/4263/3595 3689/4391/3689 3690/4392/3690 3691/4393/3691
f 2563/3079/2563 3691/4393/3691 3690/4392/3690 2562/3078/2562
f 3592/4260/3592 3595/4263/3595 3691/4393/3691 3591/4259/3591
f 3692/4394/3692 3591/4259/3591 3691/4393/3691 2563/3079/2563
f 3589/4255/3589 3591/4259/3591 3692/4394/3692 3588/4252/3588
f 2569/3085/2569 3588/4252/3588 3692/4394/3692 2546/3059/2546
f 2547/3060/2547 2546/3059/2546 3692/4394/3692 2563/3079/2563
f 3596/4264/3596 3598/4266/3598 3689/4391/3689 3595/4263/3595
f 2566/3082/2566 2568/3084/2568 3688/4390/3688 2565/3081/2565
f 3599/4267/3599 3685/4387/3685 3686/4388/3686 3598/4266/3598
f 2595/3120/2595 3683/4384/3683 3685/4387/3685 2609/3137/2609
f 2673/3210/2673 2609/3137/2609 3685/4387/3685 3599/4267/3599
f 2597/3118/2597 2617/3147/2617 3674/4371/3674 2598/4381/2598
f 2616/3146/2616 3675/4372/3675 3674/4371/3674 2617/3147/2617
f 3693/4395/3693 1510/4396/1510 1513/4397/1513 3694/4398/3694
f 2778/3330/2778 3694/4398/3694 1513/4397/1513 585/2702/585
f 2874/3430/2874 3693/4395/3693 3694/4398/3694 2875/3431/2875
f 2858/3414/2858 2875/3431/2875 3694/4398/3694 2778/3330/2778
f 1514/4399/1514 1510/4400/1510 3693/4401/3693 3695/4402/3695
f 2883/3439/2883 3695/4402/3695 3693/4401/3693 2874/3440/2874
f 1516/4403/1516 1514/4399/1514 3695/4402/3695 3696/4404/3696
f 3697/4405/3697 3696/4404/3696 3695/4402/3695 2883/3439/2883
f 3698/4406/3698 3696/4404/3696 3697/4405/3697 3699/4407/3699
f 2968/3529/2968 3699/4407/3699 3697/4405/3697 3700/4408/3700
f 2884/3442/2884 3700/4408/3700 3697/4405/3697 2883/3439/2883
f 2969/3530/2969 2968/3529/2968 3700/4408/3700 3701/4409/3701
f 2885/3443/2885 3701/4409/3701 3700/4408/3700 2884/3442/2884
f 2991/3560/2991 2969/3530/2969 3701/4409/3701 3702/4410/3702
f 3703/4411/3703 3702/4410/3702 3701/4409/3701 2885/3443/2885
f 2886/3444/2886 3704/4412/3704 3703/4411/3703 2885/3443/2885
f 3705/4413/3705 3702/4410/3702 3703/4411/3703 3706/4414/3706
f 3707/4415/3707 3706/4414/3706 3703/4411/3703 3704/4412/3704
f 3708/4416/3708 2909/3467/2909 3707/4415/3707 3704/4412/3704
f 2937/3498/2937 3706/4414/3706 3707/4415/3707 3709/4417/3709
f 2912/3470/2912 3709/4417/3709 3707/4415/3707 2909/3467/2909
f 2929/3490/2929 2937/3498/2937 3709/4417/3709 2901/3459/2901
f 2900/3458/2900 2901/3459/2901 3709/4417/3709 2912/3470/2912
f 3710/4418/3710 3711/4419/3711 3708/4420/3708 3712/4421/3712
f 2886/4422/2886 3712/4421/3712 3708/4420/3708 3704/4423/3704
f 2910/3468/2910 2909/3467/2909 3708/4416/3708 3711/4424/3711
f 3713/4425/3713 3710/4418/3710 3712/4421/3712 3714/4426/3714
f 2873/3429/2873 3714/4426/3714 3712/4421/3712 2886/4422/2886
f 3715/4427/3715 3713/4425/3713 3714/4426/3714 3716/4428/3716
f 2876/3432/2876 3716/4428/3716 3714/4426/3714 2873/3429/2873
f 2880/3436/2880 3715/4427/3715 3716/4428/3716 2881/3437/2881
f 2861/3417/2861 2881/3437/2881 3716/4428/3716 2876/3432/2876
f 2879/3435/2879 2887/3445/2887 3715/4427/3715 2880/3436/2880
f 2890/3448/2890 3713/4425/3713 3715/4427/3715 2887/3445/2887
f 2894/3452/2894 3710/4418/3710 3713/4425/3713 2890/3448/2890
f 3717/4429/3717 3711/4419/3711 3710/4418/3710 2894/3452/2894
f 2892/3450/2892 2977/3542/2977 3717/4429/3717 2894/3452/2894
f 2910/3476/2910 3711/4430/3711 3717/4431/3717 2915/3473/2915
f 2961/3522/2961 2915/3473/2915 3717/4431/3717 2977/3544/2977
f 2936/3497/2936 3705/4413/3705 3706/4414/3706 2937/3498/2937
f 2991/3560/2991 3702/4410/3702 3705/4413/3705 2992/3561/2992
f 2935/3496/2935 2992/3561/2992 3705/4413/3705 2936/3497/2936
f 3718/4432/3718 3698/4406/3698 3699/4407/3699 3719/4433/3719
f 2945/3506/2945 3719/4433/3719 3699/4407/3699 2968/3529/2968
f 3720/4434/3720 3718/4432/3718 3719/4433/3719 3721/4435/3721
f 2944/3505/2944 3721/4435/3721 3719/4433/3719 2945/3506/2945
f 3722/4436/3722 3720/4434/3720 3721/4435/3721 3723/4437/3723
f 3724/4438/3724 3725/4439/3725 3726/4440/3726 3727/4441/3727
f 2924/4442/2924 3727/4443/3727 3726/4444/3726 2943/3504/2943
f 3728/4445/3728 3724/4446/3724 3727/4447/3727 3729/4448/3729
f 2921/3482/2921 3729/4448/3729 3727/4447/3727 2924/3485/2924
f 3730/4449/3730 3728/4445/3728 3729/4448/3729 3731/4450/3731
f 2920/3481/2920 3731/4450/3731 3729/4448/3729 2921/3482/2921
f 3732/4451/3732 3730/4449/3730 3731/4450/3731 3733/4452/3733
f 3734/4453/3734 3733/4452/3733 3731/4450/3731 2920/3481/2920
f 3735/4454/3735 3733/4452/3733 3734/4453/3734 3736/4455/3736
f 2923/3484/2923 3737/4456/3737 3734/4453/3734 2920/3481/2920
f 3738/4457/3738 3739/4458/3739 3737/4456/3737 3740/4459/3740
f 3741/4460/3741 3740/4459/3740 3737/4456/3737 2923/3484/2923
f 2893/4461/2893 3740/4459/3740 3741/4460/3741 2891/4462/2891
f 2973/3534/2973 2891/4462/2891 3741/4460/3741 2970/3531/2970
f 2922/3483/2922 2970/3531/2970 3741/4460/3741 2923/3484/2923
f 3742/4463/3742 3738/4457/3738 3740/4459/3740 2893/4461/2893
f 3743/4464/3743 3738/4457/3738 3742/4463/3742 3744/4465/3744
f 1567/4466/1567 1566/4467/1566 3744/4465/3744 3745/4468/3745
f 1569/4469/1569 3743/4464/3743 3744/4465/3744 1566/4467/1566
f 3746/4470/3746 3743/4464/3743 1569/4469/1569 1571/1857/1571
f 3747/4471/3747 1572/1814/1572 1575/4472/1575 3748/4473/3748
f 3745/4474/3745 3748/4473/3748 1575/4472/1575 1567/4475/1567
f 2870/3426/2870 3747/4471/3747 3748/4473/3748 3749/4476/3749
f 3750/4477/3750 3749/4476/3749 3748/4473/3748 3745/4474/3745
f 2871/3427/2871 2870/3426/2870 3749/4476/3749 2888/3446/2888
f 2889/3447/2889 2888/3446/2888 3749/4476/3749 3750/4477/3750
f 1578/1815/1578 1572/1814/1572 3747/4471/3747 3751/4478/3751
f 2872/3428/2872 3751/4478/3751 3747/4471/3747 2870/3426/2870
f 1580/1818/1580 1578/1815/1578 3751/4478/3751 3752/4479/3752
f 3753/4480/3753 3752/4479/3752 3751/4478/3751 2872/3428/2872
f 3754/4481/3754 3752/4479/3752 3753/4480/3753 3755/4482/3755
f 3756/4483/3756 3755/4482/3755 3753/4480/3753 2869/3425/2869
f 2867/3423/2867 2869/3425/2869 3753/4480/3753 2872/3428/2872
f 3757/4484/3757 3755/4482/3755 3756/4483/3756 3758/4485/3758
f 2834/3390/2834 3758/4485/3758 3756/4483/3756 2835/3391/2835
f 2838/3394/2838 2835/3391/2835 3756/4483/3756 2869/3425/2869
f 2777/3329/2777 3757/4484/3757 3758/4485/3758 2774/3326/2774
f 2771/3323/2771 2774/3326/2774 3758/4485/3758 2834/3390/2834
f 3754/4481/3754 3755/4482/3755 3757/4484/3757 3759/4486/3759
f 3760/4487/3760 3759/4486/3759 3757/4484/3757 2777/3329/2777
f 1590/1828/1590 3759/4486/3759 3760/4487/3760 1591/1829/1591
f 1592/1830/1592 1591/1829/1591 3760/4487/3760 3761/4488/3761
f 2776/3328/2776 3761/4488/3761 3760/4487/3760 2777/3329/2777
f 1594/1832/1594 1592/1830/1592 3761/4488/3761 3762/4489/3762
f 2775/3327/2775 3762/4489/3762 3761/4488/3761 2776/3328/2776
f 558/621/558 1594/1832/1594 3762/4489/3762 2754/3303/2754
f 2756/3305/2756 2754/3303/2754 3762/4489/3762 2775/3327/2775
f 3759/4486/3759 1590/1828/1590 1596/1834/1596 3754/4481/3754
f 3752/4479/3752 3754/4481/3754 1596/1834/1596 1580/1818/1580
f 3763/4490/3763 1597/1835/1597 1599/1838/1599 2810/3366/2810
f 2806/3362/2806 2810/3366/2810 1599/1838/1599 1600/4491/1600
f 2804/3360/2804 2806/3362/2806 1600/4491/1600 1601/4492/1601
f 2768/3320/2768 2804/4493/2804 1601/1841/1601 1602/1842/1602
f 2761/3311/2761 2768/3320/2768 1602/1842/1602 567/634/567
f 1603/1843/1603 1597/1835/1597 3763/4490/3763 3764/4494/3764
f 2829/3385/2829 3764/4494/3764 3763/4490/3763 2814/3370/2814
f 2808/3364/2808 2814/3370/2814 3763/4490/3763 2810/3366/2810
f 1605/1845/1605 1603/1843/1603 3764/4494/3764 3765/4495/3765
f 2830/3386/2830 3765/4495/3765 3764/4494/3764 2829/3385/2829
f 1607/1847/1607 1605/1845/1605 3765/4495/3765 3766/4496/3766
f 2831/3387/2831 3766/4496/3766 3765/4495/3765 2830/3386/2830
f 1609/1849/1609 1607/1847/1607 3766/4496/3766 3767/4497/3767
f 3768/4498/3768 3767/4497/3767 3766/4496/3766 2831/3387/2831
f 3769/4499/3769 3767/4497/3767 3768/4498/3768 3735/4454/3735
f 3733/4452/3733 3735/4454/3735 3768/4498/3768 3732/4451/3732
f 2832/3388/2832 3732/4451/3732 3768/4498/3768 2831/3387/2831
f 1609/1849/1609 3767/4497/3767 3769/4499/3769 1613/1854/1613
f 1614/1855/1614 1613/1854/1613 3769/4499/3769 3770/4500/3770
f 3736/4455/3736 3770/4500/3770 3769/4499/3769 3735/4454/3735
f 1571/1857/1571 1614/1855/1614 3770/4500/3770 3746/4470/3746
f 3771/4501/3771 3746/4470/3746 3770/4500/3770 3736/4455/3736
f 3738/4457/3738 3743/4464/3743 3746/4470/3746 3739/4458/3739
f 3772/4502/3772 3730/4449/3730 3732/4451/3732 2832/3388/2832
f 2821/3377/2821 2844/3400/2844 3772/4502/3772 2832/3388/2832
f 3728/4445/3728 3730/4449/3730 3772/4502/3772 3773/4503/3773
f 3774/4504/3774 3773/4503/3773 3772/4502/3772 2844/3400/2844
f 2827/3383/2827 3646/4329/3646 3774/4504/3774 2844/3400/2844
f 3775/4505/3775 3773/4503/3773 3774/4504/3774 3649/4506/3649
f 3647/4330/3647 3649/4506/3649 3774/4504/3774 3646/4329/3646
f 3728/4445/3728 3773/4503/3773 3775/4505/3775 3724/4446/3724
f 3725/4439/3725 3724/4438/3724 3775/4507/3775 3776/4508/3776
f 3650/4334/3650 3776/4508/3776 3775/4507/3775 3649/4333/3649
f 3777/4509/3777 3725/4439/3725 3776/4508/3776 3778/4510/3778
f 3651/4335/3651 3778/4510/3778 3776/4508/3776 3650/4334/3650
f 3779/4511/3779 3777/4509/3777 3778/4510/3778 3780/4512/3780
f 3653/4337/3653 3780/4512/3780 3778/4510/3778 3651/4335/3651
f 1466/4339/1466 1626/4513/1626 3780/4512/3780 3653/4337/3653
f 3722/4436/3722 3723/4437/3723 3779/4514/3779 1627/4515/1627
f 3781/4516/3781 3777/4517/3777 3779/4514/3779 3723/4437/3723
f 1629/4518/1629 3718/4432/3718 3720/4434/3720 1630/4519/1630
f 1631/4520/1631 1630/4519/1630 3720/4434/3720 3722/4436/3722
f 3698/4406/3698 3718/4432/3718 1629/4518/1629 1632/4521/1632
f 3696/4404/3696 3698/4406/3698 1632/4521/1632 1516/4403/1516
f 2828/3384/2828 3644/4326/3644 3646/4329/3646 2827/3383/2827
f 2843/3399/2843 3642/4323/3642 3644/4326/3644 2828/3384/2828
f 2842/3398/2842 2849/3405/2849 3642/4323/3642 2843/3399/2843
f 3782/4522/3782 3637/4523/3637 3638/4319/3638 2847/3403/2847
f 2744/3290/2744 3783/4524/3783 3782/4522/3782 3784/4525/3784
f 2840/3396/2840 3784/4525/3784 3782/4522/3782 2847/3403/2847
f 3630/4526/3630 3637/4523/3637 3782/4522/3782 3783/4524/3783
f 2741/3287/2741 2744/3290/2744 3784/4525/3784 3785/4527/3785
f 2839/3395/2839 3785/4527/3785 3784/4525/3784 2840/3396/2840
f 2743/3289/2743 3627/4295/3627 3783/4524/3783 2744/3290/2744
f 3628/4298/3628 3630/4526/3630 3783/4524/3783 3627/4295/3627
f 3624/4528/3624 3625/4296/3625 3627/4295/3627 2743/3289/2743
f 3786/4529/3786 3623/4291/3623 3624/4292/3624 3787/4530/3787
f 2740/3286/2740 3787/4531/3787 3624/4528/3624 2743/3289/2743
f 3788/4532/3788 3786/4533/3786 3787/4534/3787 3789/4535/3789
f 2739/3285/2739 3789/4536/3789 3787/4531/3787 2740/3286/2740
f 3790/4537/3790 3788/4532/3788 3789/4535/3789 3791/4538/3791
f 3792/4539/3792 3791/4540/3791 3789/4536/3789 2739/3285/2739
f 2742/3288/2742 3793/4541/3793 3792/4539/3792 2739/3285/2739
f 2624/4542/2624 3791/4540/3791 3792/4539/3792 2626/3216/2626
f 2677/3217/2677 2626/3216/2626 3792/4539/3792 3793/4541/3793
f 2623/4543/2623 3790/4537/3790 3791/4538/3791 2624/4544/2624
f 2691/3233/2691 3788/4532/3788 3790/4537/3790 2615/3145/2615
f 2612/3142/2612 2615/3145/2615 3790/4537/3790 2623/4543/2623
f 2695/3239/2695 3786/4533/3786 3788/4532/3788 2691/3233/2691
f 3618/4286/3618 3623/4291/3623 3786/4529/3786 2695/4545/2695
f 2694/3236/2694 3617/4285/3617 3618/4286/3618 2695/4545/2695
f 2693/3235/2693 3611/4279/3611 3617/4285/3617 2694/3236/2694
f 2734/3280/2734 2736/3282/2736 3615/4283/3615 2735/3281/2735
f 2690/3232/2690 2735/3281/2735 3615/4283/3615 3607/4275/3607
f 2710/3255/2710 3610/4278/3610 3611/4279/3611 2693/3235/2693
f 2611/3140/2611 2675/3212/2675 3610/4278/3610 2710/3255/2710
f 2687/3229/2687 2690/3232/2690 3607/4275/3607 2688/3230/2688
f 2686/3228/2686 2685/3227/2685 3603/4271/3603 3794/4546/3794
f 2662/3197/2662 3794/4546/3794 3603/4271/3603 2665/3198/2665
f 2689/3231/2689 2686/3228/2686 3794/4546/3794 3795/4547/3795
f 2661/4548/2661 3795/4547/3795 3794/4546/3794 2662/3197/2662
f 2728/3274/2728 2723/3269/2723 3795/4547/3795 2661/4548/2661
f 2722/3268/2722 2689/3231/2689 3795/4547/3795 2723/3269/2723
f 2573/3090/2573 3584/4253/3584 3588/4252/3588 2569/3085/2569
f 2498/3007/2498 2524/3037/2524 3576/4239/3576 2477/2986/2477
f 2473/2982/2473 2477/2986/2477 3576/4239/3576 3555/4209/3555
f 2471/2980/2471 2473/2982/2473 3555/4209/3555 3551/4202/3551
f 2423/2922/2423 3549/4200/3549 3552/4205/3552 2424/2923/2424
f 2431/2930/2431 2471/4549/2471 3548/4199/3548 2428/2927/2428
f 2295/2783/2295 3543/4194/3543 3545/4196/3545 2293/2781/2293
f 2416/2915/2416 2293/2781/2293 3545/4196/3545 2417/2916/2417
f 3796/4550/3796 3541/4190/3541 3543/4194/3543 2295/2783/2295
f 3539/4191/3539 3541/4190/3541 3796/4550/3796 3797/4551/3797
f 3798/4552/3798 3797/4551/3797 3796/4550/3796 3799/4553/3799
f 2291/2779/2291 3799/4553/3799 3796/4550/3796 2295/2783/2295
f 3800/4554/3800 3798/4552/3798 3799/4553/3799 3801/4555/3801
f 2290/2778/2290 3801/4555/3801 3799/4553/3799 2291/2779/2291
f 2354/2849/2354 3800/4554/3800 3801/4555/3801 2355/2850/2355
f 3802/4556/3802 2355/2850/2355 3801/4555/3801 2290/2778/2290
f 2353/2848/2353 2355/2850/2355 3802/4556/3802 2350/2845/2350
f 2349/2844/2349 2350/2845/2350 3802/4556/3802 2351/2846/2351
f 2289/2777/2289 2351/2846/2351 3802/4556/3802 2290/2778/2290
f 3803/4557/3803 3798/4558/3798 3800/4559/3800 3804/4560/3804
f 2360/2858/2360 3804/4560/3804 3800/4559/3800 2354/2859/2354
f 3805/4561/3805 3803/4557/3803 3804/4560/3804 3806/4562/3806
f 3807/4563/3807 3806/4562/3806 3804/4560/3804 2360/2858/2360
f 2381/2880/2381 3806/4562/3806 3807/4563/3807 2379/2878/2379
f 2376/2875/2376 2379/2878/2379 3807/4563/3807 3808/4564/3808
f 2357/2852/2357 3808/4564/3808 3807/4563/3807 2360/2858/2360
f 2365/2864/2365 2376/2875/2376 3808/4564/3808 3809/4565/3809
f 2358/2855/2358 3809/4565/3809 3808/4564/3808 2357/2852/2357
f 2366/2865/2366 2365/2864/2365 3809/4565/3809 3810/4566/3810
f 2359/2856/2359 3810/4566/3810 3809/4565/3809 2358/2855/2358
f 2369/2868/2369 2366/2865/2366 3810/4566/3810 3811/4567/3811
f 3812/4568/3812 3811/4567/3811 3810/4566/3810 2359/2856/2359
f 2340/2835/2340 3811/4567/3811 3812/4568/3812 2317/2809/2317
f 2316/2810/2316 2317/2809/2317 3812/4568/3812 3813/4569/3813
f 2352/2857/2352 3813/4569/3813 3812/4568/3812 2359/2856/2359
f 2313/2805/2313 2316/2808/2316 3813/4570/3813 2343/2838/2343
f 2344/2839/2344 2343/2838/2343 3813/4570/3813 2352/2847/2352
f 2341/2836/2341 2369/2868/2369 3811/4567/3811 2340/2835/2340
f 2396/2895/2396 3805/4561/3805 3806/4562/3806 2381/2880/2381
f 2409/2908/2409 3814/4571/3814 3805/4561/3805 2396/2895/2396
f 3815/4572/3815 3803/4557/3803 3805/4561/3805 3814/4571/3814
f 3535/4184/3535 3537/4186/3537 3815/4572/3815 3814/4571/3814
f 3798/4558/3798 3803/4557/3803 3815/4572/3815 3797/4573/3797
f 3539/4188/3539 3797/4573/3797 3815/4572/3815 3537/4186/3537
f 3533/4182/3533 3535/4184/3535 3814/4571/3814 2409/2908/2409
f 2398/2897/2398 3532/4181/3532 3533/4182/3533 2409/2908/2409
f 2397/2896/2397 3531/4180/3531 3532/4181/3532 2398/2897/2398
f 3523/4172/3523 3527/4176/3527 3531/4180/3531 3522/4171/3522
f 3816/4574/3816 3522/4171/3522 3531/4180/3531 2397/2896/2397
f 3518/4167/3518 3522/4171/3522 3816/4574/3816 3517/4166/3517
f 2408/2907/2408 3517/4166/3517 3816/4574/3816 2407/2906/2407
f 2383/2882/2383 2407/2906/2407 3816/4574/3816 2397/2896/2397
f 2488/2997/2488 3526/4175/3526 3525/4174/3525 2490/2999/2490
f 2487/2996/2487 3529/4178/3529 3526/4175/3526 2488/2997/2488
f 2414/2913/2414 3513/4161/3513 3517/4166/3517 2408/2907/2408
f 2467/2976/2467 2468/2977/2468 3515/4233/3515 3512/4158/3512
f 2404/2903/2404 2403/2902/2403 3510/4159/3510 2414/2913/2414
f 2420/2919/2420 2465/2974/2465 3508/4154/3508 2415/2914/2415
f 3817/4575/3817 3503/4146/3503 3504/4147/3504 2399/4151/2399
f 3818/4576/3818 3503/4146/3503 3817/4575/3817 3819/4577/3819
f 3820/4578/3820 3819/4579/3819 3817/4580/3817 3821/4581/3821
f 2402/2901/2402 3821/4581/3821 3817/4580/3817 2399/2898/2399
f 3822/4582/3822 3820/4578/3820 3821/4581/3821 3823/4583/3823
f 2372/2871/2372 3823/4583/3823 3821/4581/3821 2402/2901/2402
f 3824/4584/3824 3822/4582/3822 3823/4583/3823 3825/4585/3825
f 2367/2866/2367 3825/4585/3825 3823/4583/3823 2372/2871/2372
f 2335/2830/2335 3824/4584/3824 3825/4585/3825 3826/4586/3826
f 2370/2869/2370 3826/4586/3826 3825/4585/3825 2367/2866/2367
f 2330/2825/2330 2335/2830/2335 3826/4586/3826 3827/4587/3827
f 2342/2837/2342 3827/4587/3827 3826/4586/3826 2370/2869/2370
f 2327/2822/2327 2330/2825/2330 3827/4587/3827 3828/4588/3828
f 2337/2832/2337 3828/4588/3828 3827/4587/3827 2342/2837/2342
f 2336/2831/2336 3829/4589/3829 3828/4588/3828 2337/2832/2337
f 3830/4590/3830 2327/2822/2327 3828/4588/3828 3829/4589/3829
f 2312/2803/2312 2308/2796/2308 3830/4590/3830 3829/4589/3829
f 2328/2823/2328 2327/2822/2327 3830/4590/3830 3831/4591/3831
f 2305/2799/2305 3831/4591/3831 3830/4590/3830 2308/2796/2308
f 2331/2826/2331 2328/2823/2328 3831/4591/3831 3832/4592/3832
f 2304/2792/2304 3832/4593/3832 3831/4594/3831 2305/2793/2305
f 2323/2818/2323 2331/4595/2331 3832/4593/3832 2320/2815/2320
f 3833/4596/3833 2320/2815/2320 3832/4593/3832 2304/2792/2304
f 2303/2791/2303 2302/2790/2302 3833/4596/3833 2304/2792/2304
f 2321/2816/2321 2320/2815/2320 3833/4596/3833 3834/4597/3834
f 2301/2789/2301 3834/4597/3834 3833/4596/3833 2302/2790/2302
f 2326/2821/2326 2321/2816/2321 3834/4597/3834 3835/4598/3835
f 3836/4599/3836 3835/4598/3835 3834/4597/3834 2301/2789/2301
f 2298/2786/2298 3837/4600/3837 3836/4599/3836 2301/2789/2301
f 3838/4601/3838 3835/4598/3835 3836/4599/3836 3839/4602/3839
f 3840/4603/3840 3839/4602/3839 3836/4599/3836 3837/4600/3837
f 3841/4604/3841 3842/4605/3842 3840/4603/3840 3837/4600/3837
f 3843/4606/3843 3839/4602/3839 3840/4603/3840 3844/4607/3844
f 3845/4608/3845 3844/4607/3844 3840/4603/3840 3842/4605/3842
f 3846/4609/3846 2361/2860/2361 3845/4608/3845 3842/4605/3842
f 3490/4133/3490 3844/4607/3844 3845/4608/3845 3847/4610/3847
f 2363/2862/2363 3847/4610/3847 3845/4608/3845 2361/2860/2361
f 3491/4134/3491 3490/4133/3490 3847/4610/3847 3494/4137/3494
f 2385/2884/2385 3494/4137/3494 3847/4610/3847 2363/2862/2363
f 2346/2841/2346 2345/2840/2345 3846/4609/3846 3848/4611/3848
f 3841/4604/3841 3848/4611/3848 3846/4609/3846 3842/4605/3842
f 2348/2843/2348 2361/2860/2361 3846/4609/3846 2345/2840/2345
f 2310/2801/2310 2346/2841/2346 3848/4611/3848 2309/2800/2309
f 2297/2785/2297 2309/2800/2309 3848/4611/3848 3841/4604/3841
f 3492/4135/3492 3843/4606/3843 3844/4607/3844 3490/4133/3490
f 3838/4601/3838 3839/4602/3839 3843/4606/3843 3849/4612/3849
f 3483/4126/3483 3849/4612/3849 3843/4606/3843 3492/4135/3492
f 3850/4613/3850 3838/4601/3838 3849/4612/3849 3851/4614/3851
f 3485/4128/3485 3851/4614/3851 3849/4612/3849 3483/4126/3483
f 3852/4615/3852 3850/4613/3850 3851/4614/3851 3853/4616/3853
f 3486/4129/3486 3853/4616/3853 3851/4614/3851 3485/4128/3485
f 3854/4617/3854 3852/4615/3852 3853/4616/3853 3855/4618/3855
f 3856/4619/3856 3855/4620/3855 3853/4621/3853 3486/4622/3486
f 3857/4623/3857 3855/4620/3855 3856/4619/3856 3858/4624/3858
f 3859/4625/3859 3858/4624/3858 3856/4619/3856 3480/4626/3480
f 3481/4124/3481 3480/4123/3480 3856/4627/3856 3486/4129/3486
f 3860/4628/3860 3858/4624/3858 3859/4625/3859 3861/4629/3861
f 3862/4630/3862 3861/4629/3861 3859/4625/3859 3863/4631/3863
f 3477/4120/3477 3863/4632/3863 3859/4633/3859 3480/4123/3480
f 2389/2888/2389 3862/4634/3862 3863/4632/3863 2390/2889/2390
f 3476/4119/3476 2390/2889/2390 3863/4632/3863 3477/4120/3477
f 3818/4576/3818 3819/4577/3819 3862/4634/3862 2389/2888/2389
f 3820/4578/3820 3861/4629/3861 3862/4630/3862 3819/4579/3819
f 3822/4582/3822 3860/4628/3860 3861/4629/3861 3820/4578/3820
f 3857/4623/3857 3858/4624/3858 3860/4628/3860 3864/4635/3864
f 3824/4584/3824 3864/4635/3864 3860/4628/3860 3822/4582/3822
f 2333/2828/2333 3857/4623/3857 3864/4635/3864 2334/2829/2334
f 2335/2830/2335 2334/2829/2334 3864/4635/3864 3824/4584/3824
f 3854/4636/3854 3855/4620/3855 3857/4623/3857 2333/2828/2333
f 2325/2820/2325 3852/4615/3852 3854/4617/3854 2324/2819/2324
f 2332/2827/2332 2324/4637/2324 3854/4636/3854 2333/2828/2333
f 2326/2821/2326 3850/4613/3850 3852/4615/3852 2325/2820/2325
f 3835/4598/3835 3838/4601/3838 3850/4613/3850 2326/2821/2326
f 2298/2786/2298 2297/2785/2297 3841/4604/3841 3837/4600/3837
f 2319/2813/2319 2312/2803/2312 3829/4589/3829 2336/2831/2336
f 3500/4143/3500 3503/4146/3503 3818/4576/3818 3499/4142/3499
f 2392/2891/2392 3499/4142/3499 3818/4576/3818 2389/2888/2389
f 2393/2892/2393 3496/4139/3496 3499/4142/3499 2392/2891/2392
f 2388/2887/2388 2412/2911/2412 3498/4141/3498 2395/2894/2395
f 2395/2894/2395 3495/4138/3495 3494/4137/3494 2385/2884/2385
f 2391/2890/2391 2390/2889/2390 3476/4119/3476 2394/2893/2394
f 3460/4096/3460 3474/4116/3474 3475/4117/3475 3463/4102/3463
f 3449/4084/3449 3463/4102/3463 3475/4117/3475 3470/4109/3470
f 3457/4099/3457 3471/4118/3471 3474/4116/3474 3460/4096/3460
f 3447/4082/3447 3464/4111/3464 3471/4110/3471 3457/4093/3457
f 3448/4085/3448 3449/4084/3449 3470/4109/3470 3465/4104/3465
f 3448/4085/3448 3465/4104/3465 3464/4103/3464 3447/4638/3447
f 3435/4639/3435 3459/4097/3459 3461/4100/3461 3434/4640/3434
f 2243/2720/2243 3434/4062/3434 3461/4641/3461 2244/2721/2244
f 2245/2722/2245 2244/2721/2244 3461/4641/3461 3442/4642/3442
f 3865/4643/3865 3866/4644/3866 3458/4094/3458 3867/4645/3867
f 3452/4088/3452 3867/4645/3867 3458/4094/3458 3453/4089/3453
f 3425/4047/3425 3444/4075/3444 3458/4094/3458 3866/4644/3866
f 3394/4011/3394 3865/4643/3865 3867/4645/3867 3868/4646/3868
f 3869/4647/3869 3868/4646/3868 3867/4645/3867 3452/4088/3452
f 3870/4648/3870 3868/4646/3868 3869/4647/3869 3871/4649/3871
f 3406/4026/3406 3871/4649/3871 3869/4647/3869 3872/4650/3872
f 3455/4091/3455 3872/4650/3872 3869/4647/3869 3452/4088/3452
f 3407/4027/3407 3406/4026/3406 3872/4650/3872 3437/4067/3437
f 3436/4066/3436 3437/4067/3437 3872/4650/3872 3455/4091/3455
f 3873/4651/3873 3870/4648/3870 3871/4649/3871 3874/4652/3874
f 3403/4023/3403 3874/4652/3874 3871/4649/3871 3406/4026/3406
f 3875/4653/3875 3873/4651/3873 3874/4652/3874 3876/4654/3876
f 3402/4022/3402 3876/4654/3876 3874/4652/3874 3403/4023/3403
f 3352/4655/3352 3875/4653/3875 3876/4654/3876 3353/4656/3353
f 3354/4657/3354 3353/4656/3353 3876/4654/3876 3402/4022/3402
f 3877/4658/3877 3878/4659/3878 3875/4660/3875 3352/4661/3352
f 3390/4662/3390 3873/4651/3873 3875/4653/3875 3878/4663/3878
f 3879/4664/3879 3880/4665/3880 3877/4666/3877 3347/3953/3347
f 3348/3954/3348 3347/3953/3347 3877/4666/3877 3352/3960/3352
f 3881/4667/3881 3878/4659/3878 3877/4658/3877 3880/4668/3880
f 3882/4669/3882 3883/4670/3883 3881/4667/3881 3880/4668/3880
f 3390/4007/3390 3878/4659/3878 3881/4667/3881 3389/4006/3389
f 3388/4005/3388 3389/4006/3389 3881/4667/3881 3883/4670/3883
f 3884/4671/3884 3885/4672/3885 3882/4673/3882 3886/4674/3886
f 3879/4675/3879 3886/4674/3886 3882/4673/3882 3880/4676/3880
f 3887/4677/3887 3883/4670/3883 3882/4669/3882 3885/4678/3885
f 3888/4679/3888 3889/4680/3889 3887/4677/3887 3885/4678/3885
f 3388/4005/3388 3883/4670/3883 3887/4677/3887 3890/4681/3890
f 3891/4682/3891 3890/4681/3890 3887/4677/3887 3889/4680/3889
f 3892/4683/3892 3341/3946/3341 3891/4682/3891 3889/4680/3889
f 3374/3987/3374 3890/4681/3890 3891/4682/3891 3893/4684/3893
f 3342/3947/3342 3893/4684/3893 3891/4682/3891 3341/3946/3341
f 3375/3988/3375 3374/3987/3374 3893/4684/3893 3894/4685/3894
f 3343/3948/3343 3894/4685/3894 3893/4684/3893 3342/3947/3342
f 3380/3993/3380 3375/3988/3375 3894/4685/3894 3416/4038/3416
f 3351/3959/3351 3416/4038/3416 3894/4685/3894 3343/3948/3343
f 3895/4686/3895 3896/4687/3896 3892/4683/3892 3897/4688/3897
f 3888/4679/3888 3897/4688/3897 3892/4683/3892 3889/4680/3889
f 3336/3941/3336 3341/3946/3341 3892/4683/3892 3896/4687/3896
f 3898/4689/3898 3895/4690/3895 3897/4691/3897 3899/4692/3899
f 3900/4693/3900 3899/4692/3899 3897/4691/3897 3888/4694/3888
f 3901/4695/3901 3899/4692/3899 3900/4693/3900 3902/4696/3902
f 3903/4697/3903 3902/4696/3902 3900/4693/3900 3884/4671/3884
f 3885/4672/3885 3884/4671/3884 3900/4693/3900 3888/4694/3888
f 3904/4698/3904 3902/4696/3902 3903/4697/3903 3905/4699/3905
f 3330/3935/3330 3905/4699/3905 3903/4697/3903 3906/4700/3906
f 3886/4674/3886 3906/4700/3906 3903/4697/3903 3884/4671/3884
f 3329/3934/3329 3330/3935/3330 3906/4700/3906 3907/4701/3907
f 3879/4675/3879 3907/4701/3907 3906/4700/3906 3886/4674/3886
f 3332/3937/3332 3329/3934/3329 3907/4701/3907 3344/4702/3344
f 3347/3953/3347 3344/3956/3344 3907/4703/3907 3879/4664/3879
f 3908/4704/3908 3904/4698/3904 3905/4699/3905 3909/4705/3909
f 3325/3930/3325 3909/4705/3909 3905/4699/3905 3330/3935/3330
f 3910/4706/3910 3908/4704/3908 3909/4705/3909 3911/4707/3911
f 3324/3929/3324 3911/4707/3911 3909/4705/3909 3325/3930/3325
f 3912/4708/3912 3910/4706/3910 3911/4707/3911 3913/4709/3913
f 3914/4710/3914 3913/4709/3913 3911/4707/3911 3324/3929/3324
f 3915/4711/3915 3913/4709/3913 3914/4710/3914 3916/4712/3916
f 3417/4039/3417 3916/4712/3916 3914/4710/3914 3418/4040/3418
f 3327/3932/3327 3418/4040/3418 3914/4710/3914 3324/3929/3324
f 3339/3944/3339 3915/4711/3915 3916/4712/3916 3351/3959/3351
f 3416/4038/3416 3351/3959/3351 3916/4712/3916 3417/4039/3417
f 3338/3943/3338 3917/4713/3917 3915/4711/3915 3339/3944/3339
f 3912/4708/3912 3913/4709/3913 3915/4711/3915 3917/4713/3917
f 3337/3942/3337 3918/4714/3918 3917/4713/3917 3338/3943/3338
f 3919/4715/3919 3912/4708/3912 3917/4713/3917 3918/4714/3918
f 3920/4716/3920 3311/3912/3311 3919/4715/3919 3918/4714/3918
f 3910/4706/3910 3912/4708/3912 3919/4715/3919 3921/4717/3921
f 3310/3911/3310 3921/4717/3921 3919/4715/3919 3311/3912/3311
f 3908/4704/3908 3910/4706/3910 3921/4717/3921 3922/4718/3922
f 3309/3910/3309 3922/4718/3922 3921/4717/3921 3310/3911/3310
f 3904/4698/3904 3908/4704/3908 3922/4718/3922 3923/4719/3923
f 3924/4720/3924 3923/4719/3923 3922/4718/3922 3309/3910/3309
f 3307/3908/3307 3925/4721/3925 3924/4720/3924 3309/3910/3309
f 3901/4695/3901 3923/4719/3923 3924/4720/3924 3926/4722/3926
f 3927/4723/3927 3926/4722/3926 3924/4720/3924 3925/4721/3925
f 3928/4724/3928 3929/4725/3929 3927/4723/3927 3925/4721/3925
f 3898/4689/3898 3926/4722/3926 3927/4723/3927 3930/4726/3930
f 3931/4727/3931 3930/4726/3930 3927/4723/3927 3929/4725/3929
f 3932/4728/3932 3933/4729/3933 3931/4730/3931 3929/4731/3929
f 3934/4732/3934 3930/4726/3930 3931/4727/3931 3935/4733/3935
f 3936/4734/3936 3935/4735/3935 3931/4730/3931 3933/4729/3933
f 3937/4736/3937 3938/4737/3938 3936/4734/3936 3933/4729/3933
f 3321/3925/3321 3935/4735/3935 3936/4734/3936 3320/3924/3320
f 3319/3923/3319 3320/3924/3320 3936/4734/3936 3938/4737/3938
f 3939/4738/3939 3940/4739/3940 3937/4736/3937 3941/4740/3941
f 3932/4728/3932 3941/4740/3941 3937/4736/3937 3933/4729/3933
f 3942/4741/3942 3938/4737/3938 3937/4736/3937 3940/4739/3940
f 3943/4742/3943 3292/3893/3292 3942/4741/3942 3940/4739/3940
f 3319/3923/3319 3938/4737/3938 3942/4741/3942 3944/4743/3944
f 3293/3894/3293 3944/4743/3944 3942/4741/3942 3292/3893/3292
f 3312/3913/3312 3319/3923/3319 3944/4743/3944 3945/4744/3945
f 3294/3895/3294 3945/4744/3945 3944/4743/3944 3293/3894/3293
f 3313/3914/3313 3312/3913/3312 3945/4744/3945 3946/4745/3946
f 3947/4746/3947 3946/4745/3946 3945/4744/3945 3294/3895/3294
f 3287/3888/3287 3948/4747/3948 3947/4746/3947 3294/3895/3294
f 3949/4748/3949 3946/4749/3946 3947/4750/3947 3950/4751/3950
f 3951/4752/3951 3950/4751/3950 3947/4750/3947 3948/4753/3948
f 3952/4754/3952 3953/4755/3953 3951/4752/3951 3948/4753/3948
f 3954/4756/3954 3950/4751/3950 3951/4752/3951 3955/4757/3955
f 3956/4758/3956 3955/4757/3955 3951/4752/3951 3953/4755/3953
f 3957/4759/3957 3958/4760/3958 3956/4758/3956 3953/4755/3953
f 3959/4761/3959 3955/4757/3955 3956/4758/3956 3960/4762/3960
f 3961/4763/3961 3960/4762/3960 3956/4758/3956 3958/4760/3958
f 3962/4764/3962 3963/4765/3963 3961/4763/3961 3958/4760/3958
f 3964/4766/3964 3960/4762/3960 3961/4763/3961 3283/3884/3283
f 3282/3883/3282 3283/3884/3283 3961/4763/3961 3963/4765/3963
f 3959/4761/3959 3960/4762/3960 3964/4766/3964 3965/4767/3965
f 3966/4768/3966 3965/4767/3965 3964/4766/3964 3296/3897/3296
f 3284/3885/3284 3296/3897/3296 3964/4766/3964 3283/3884/3283
f 3967/4769/3967 3965/4767/3965 3966/4768/3966 3968/4770/3968
f 3969/4771/3969 3968/4770/3968 3966/4768/3966 3970/4772/3970
f 3295/3896/3295 3970/4772/3970 3966/4768/3966 3296/3897/3296
f 3971/4773/3971 3969/4771/3969 3970/4772/3970 3972/4774/3972
f 3277/3878/3277 3972/4774/3972 3970/4772/3970 3295/3896/3295
f 3973/4775/3973 3971/4773/3971 3972/4774/3972 3974/4776/3974
f 3278/3879/3278 3974/4776/3974 3972/4774/3972 3277/3878/3277
f 3975/4777/3975 3973/4775/3973 3974/4776/3974 3976/4778/3976
f 3977/4779/3977 3976/4778/3976 3974/4776/3974 3278/3879/3278
f 3932/4780/3932 3975/4777/3975 3976/4778/3976 3941/4781/3941
f 3939/4738/3939 3941/4740/3941 3976/4782/3976 3977/4783/3977
f 3306/3907/3306 3973/4775/3973 3975/4777/3975 3928/4724/3928
f 3929/4725/3929 3928/4724/3928 3975/4777/3975 3932/4780/3932
f 3304/3905/3304 3971/4773/3971 3973/4775/3973 3306/3907/3306
f 3303/3904/3303 3969/4771/3969 3971/4773/3971 3304/3905/3304
f 3298/3899/3298 3968/4770/3968 3969/4771/3969 3303/3904/3303
f 3297/3898/3297 3967/4769/3967 3968/4770/3968 3298/3899/3298
f 3959/4761/3959 3965/4767/3965 3967/4769/3967 3978/4784/3978
f 3979/4785/3979 3978/4784/3978 3967/4769/3967 3297/3898/3297
f 3954/4756/3954 3978/4784/3978 3979/4785/3979 3980/4786/3980
f 3981/4787/3981 3980/4786/3980 3979/4785/3979 3982/4788/3982
f 3300/3901/3300 3982/4788/3982 3979/4785/3979 3297/3898/3297
f 3983/4789/3983 3981/4787/3981 3982/4788/3982 3984/4790/3984
f 3301/3902/3301 3984/4790/3984 3982/4788/3982 3300/3901/3300
f 3985/4791/3985 3983/4789/3983 3984/4790/3984 3986/4792/3986
f 3308/3909/3308 3986/4792/3986 3984/4790/3984 3301/3902/3301
f 3987/4793/3987 3985/4791/3985 3986/4792/3986 3920/4716/3920
f 3311/3912/3311 3920/4716/3920 3986/4792/3986 3308/3909/3308
f 3318/3921/3318 3985/4791/3985 3987/4793/3987 3323/3927/3323
f 3334/3939/3334 3323/3927/3323 3987/4793/3987 3337/3942/3337
f 3918/4714/3918 3337/3942/3337 3987/4793/3987 3920/4716/3920
f 3317/3918/3317 3983/4789/3983 3985/4791/3985 3318/3921/3318
f 3316/3917/3316 3981/4787/3981 3983/4789/3983 3317/3918/3317
f 3949/4748/3949 3980/4786/3980 3981/4787/3981 3316/3917/3316
f 3950/4751/3950 3954/4756/3954 3980/4786/3980 3949/4748/3949
f 3955/4757/3955 3959/4761/3959 3978/4784/3978 3954/4756/3954
f 3988/4794/3988 3989/4795/3989 3962/4764/3962 3990/4796/3990
f 3957/4759/3957 3990/4796/3990 3962/4764/3962 3958/4760/3958
f 3991/4797/3991 3963/4765/3963 3962/4764/3962 3989/4795/3989
f 3992/4798/3992 3993/4799/3993 3991/4797/3991 3989/4795/3989
f 3282/3883/3282 3963/4765/3963 3991/4797/3991 3280/3881/3280
f 3994/4800/3994 3280/3881/3280 3991/4797/3991 3993/4799/3993
f 3263/3857/3263 3279/3880/3279 3994/4800/3994 3993/4799/3993
f 3281/3882/3281 3280/3881/3280 3994/4800/3994 3995/4801/3995
f 3996/4802/3996 3995/4801/3995 3994/4800/3994 3279/3880/3279
f 3268/3866/3268 3997/4803/3997 3996/4802/3996 3279/3880/3279
f 3998/4804/3998 3995/4801/3995 3996/4802/3996 3999/4805/3999
f 4000/4806/4000 3999/4805/3999 3996/4802/3996 3997/4803/3997
f 4001/4807/4001 4002/4808/4002 4000/4809/4000 3997/4810/3997
f 4003/4811/4003 3999/4812/3999 4000/4809/4000 4004/4813/4004
f 4005/4814/4005 4004/4813/4004 4000/4809/4000 4002/4808/4002
f 3234/3828/3234 3201/3791/3201 4005/4815/4005 4002/4816/4002
f 4006/4817/4006 4004/4813/4004 4005/4814/4005 4007/4818/4007
f 3200/3790/3200 4007/4819/4007 4005/4815/4005 3201/3791/3201
f 4008/4820/4008 4006/4817/4006 4007/4818/4007 4009/4821/4009
f 4010/4822/4010 4009/4821/4009 4007/4818/4007 3200/4823/3200
f 3203/3820/3203 3228/3819/3228 4010/4824/4010 3200/4825/3200
f 4011/4826/4011 4009/4821/4009 4010/4822/4010 3256/4827/3256
f 3255/3849/3255 3256/3850/3256 4010/4824/4010 3228/3819/3228
f 4008/4820/4008 4009/4821/4009 4011/4826/4011 4012/4828/4012
f 4013/4829/4013 4012/4828/4012 4011/4826/4011 4014/4830/4014
f 3257/4831/3257 4014/4830/4014 4011/4826/4011 3256/4827/3256
f 4015/4832/4015 4013/4829/4013 4014/4830/4014 4016/4833/4016
f 3258/4834/3258 4016/4835/4016 4014/4836/4014 3257/4837/3257
f 4017/4838/4017 4015/4839/4015 4016/4835/4016 3266/3861/3266
f 3262/3862/3262 3266/3861/3266 4016/4835/4016 3258/4834/3258
f 4018/4840/4018 4015/4839/4015 4017/4838/4017 3988/4794/3988
f 3989/4795/3989 3988/4794/3988 4017/4838/4017 3992/4798/3992
f 3264/3858/3264 3992/4798/3992 4017/4838/4017 3266/3861/3266
f 4013/4829/4013 4015/4832/4015 4018/4841/4018 4019/4842/4019
f 4020/4843/4020 4019/4842/4019 4018/4841/4018 4021/4844/4021
f 3990/4796/3990 4021/4845/4021 4018/4840/4018 3988/4794/3988
f 4022/4846/4022 4020/4843/4020 4021/4844/4021 4023/4847/4023
f 3957/4759/3957 4023/4848/4023 4021/4845/4021 3990/4796/3990
f 3286/3887/3286 4022/4846/4022 4023/4847/4023 3952/4849/3952
f 3953/4850/3953 3952/4849/3952 4023/4847/4023 3957/4851/3957
f 4024/4852/4024 4020/4843/4020 4022/4846/4022 4025/4853/4025
f 3289/3890/3289 4025/4853/4025 4022/4846/4022 3286/3887/3286
f 4026/4854/4026 4024/4852/4024 4025/4853/4025 4027/4855/4027
f 3290/3891/3290 4027/4855/4027 4025/4853/4025 3289/3890/3289
f 4028/4856/4028 4026/4854/4026 4027/4855/4027 4029/4857/4029
f 4030/4858/4030 4029/4857/4029 4027/4855/4027 3290/3891/3290
f 4031/4859/4031 4029/4857/4029 4030/4858/4030 3276/3876/3276
f 3275/3875/3275 3276/3876/3276 4030/4858/4030 4032/4860/4032
f 3291/3892/3291 4032/4860/4032 4030/4858/4030 3290/3891/3290
f 3273/3872/3273 3275/3875/3275 4032/4860/4032 3943/4742/3943
f 3292/3893/3292 3943/4742/3943 4032/4860/4032 3291/3892/3291
f 3998/4861/3998 4033/4862/4033 4031/4859/4031 4034/4863/4034
f 3270/3877/3270 4034/4863/4034 4031/4859/4031 3276/3876/3276
f 4028/4856/4028 4029/4857/4029 4031/4859/4031 4033/4862/4033
f 3995/4801/3995 3998/4804/3998 4034/4864/4034 3281/3882/3281
f 3269/3868/3269 3281/3882/3281 4034/4864/4034 3270/3869/3270
f 3999/4812/3999 4003/4811/4003 4033/4862/4033 3998/4861/3998
f 4035/4865/4035 4028/4856/4028 4033/4862/4033 4003/4811/4003
f 4004/4813/4004 4006/4817/4006 4035/4865/4035 4003/4811/4003
f 4026/4854/4026 4028/4856/4028 4035/4865/4035 4036/4866/4036
f 4008/4820/4008 4036/4866/4036 4035/4865/4035 4006/4817/4006
f 4024/4852/4024 4026/4854/4026 4036/4866/4036 4037/4867/4037
f 4012/4828/4012 4037/4867/4037 4036/4866/4036 4008/4820/4008
f 4020/4843/4020 4024/4852/4024 4037/4867/4037 4019/4842/4019
f 4013/4829/4013 4019/4842/4019 4037/4867/4037 4012/4828/4012
f 3238/3832/3238 3235/3829/3235 4001/4868/4001 3267/3863/3267
f 3268/3866/3268 3267/3867/3267 4001/4869/4001 3997/4803/3997
f 3234/3828/3234 4002/4816/4002 4001/4868/4001 3235/3829/3235
f 3263/3857/3263 3993/4799/3993 3992/4798/3992 3264/3858/3264
f 3287/3888/3287 3286/3887/3286 3952/4849/3952 3948/4747/3948
f 3313/3920/3313 3946/4749/3946 3949/4748/3949 3316/3917/3316
f 3939/4738/3939 3273/3872/3273 3943/4742/3943 3940/4739/3940
f 3274/3873/3274 3273/3872/3273 3939/4738/3939 3977/4783/3977
f 4038/4870/4038 3934/4871/3934 3935/4872/3935 3321/4873/3321
f 3895/4686/3895 3934/4871/3934 4038/4870/4038 3896/4687/3896
f 3336/3941/3336 3896/4687/3896 4038/4870/4038 3333/3938/3333
f 3322/3928/3322 3333/3938/3333 4038/4870/4038 3321/4873/3321
f 3898/4689/3898 3930/4726/3930 3934/4732/3934 3895/4690/3895
f 3307/3908/3307 3306/3907/3306 3928/4724/3928 3925/4721/3925
f 3899/4692/3899 3901/4695/3901 3926/4722/3926 3898/4689/3898
f 3902/4696/3902 3904/4698/3904 3923/4719/3923 3901/4695/3901
f 3377/3990/3377 3388/4005/3388 3890/4681/3890 3374/3987/3374
f 3391/4012/3391 3870/4648/3870 3873/4651/3873 3390/4662/3390
f 3394/4011/3394 3868/4646/3868 3870/4648/3870 3391/4012/3391
f 3393/4014/3393 3414/4037/3414 3865/4643/3865 3394/4011/3394
f 3415/4036/3415 3866/4644/3866 3865/4643/3865 3414/4037/3414
f 3387/4003/3387 3425/4047/3425 3866/4644/3866 3415/4036/3415
f 3373/3986/3373 3439/4070/3439 3451/4087/3451 3419/4041/3419
f 3424/4046/3424 3419/4041/3419 3451/4087/3451 3427/4078/3427
f 2247/2724/2247 2245/2722/2245 3442/4642/3442 3438/4874/3438
f 3356/3964/3356 3440/4071/3440 3439/4070/3439 3373/3986/3373
f 2246/4875/2246 2247/2724/2247 3438/4874/3438 3409/4876/3409
f 2238/4877/2238 3431/4063/3431 3434/4062/3434 2243/2720/2243
f 4039/4878/4039 3423/4879/3423 3424/4052/3424 3386/4051/3386
f 3369/3984/3369 3423/4879/3423 4039/4878/4039 3366/3974/3366
f 3365/3975/3365 3366/3974/3366 4039/4878/4039 4040/4880/4040
f 3385/4001/3385 4040/4880/4040 4039/4878/4039 3386/4051/3386
f 3359/4881/3359 3365/3975/3365 4040/4880/4040 4041/4882/4041
f 3384/4000/3384 4041/4882/4041 4040/4880/4040 3385/4001/3385
f 3360/4883/3360 3359/4881/3359 4041/4882/4041 4042/4884/4042
f 4043/4885/4043 4042/4884/4042 4041/4882/4041 3384/4000/3384
f 3346/3952/3346 3345/3951/3345 4043/4885/4043 3384/4000/3384
f 4044/4886/4044 4042/4884/4042 4043/4885/4043 4045/4887/4045
f 3350/3958/3350 4045/4888/4045 4043/4889/4043 3345/3955/3345
f 3421/4043/3421 4044/4890/4044 4045/4888/4045 3420/4042/3420
f 3372/3985/3372 3420/4042/3420 4045/4888/4045 3350/3958/3350
f 3360/4883/3360 4042/4884/4042 4044/4886/4044 3361/4891/3361
f 3371/3982/3371 3361/3969/3361 4044/4890/4044 3421/4043/3421
f 3370/3981/3370 3422/4044/3422 3423/4045/3423 3369/3980/3369
f 3371/3982/3371 3421/4043/3421 3422/4044/3422 3370/3981/3370
f 3328/3933/3328 3412/4033/3412 3418/4040/3418 3327/3932/3327
f 3355/3963/3355 4046/4892/4046 3440/4071/3440 3356/3964/3356
f 4047/4893/4047 4048/4894/4048 4046/4892/4046 4049/4895/4049
f 3354/3962/3354 4049/4895/4049 4046/4892/4046 3355/3963/3355
f 3400/4896/3400 4047/4893/4047 4049/4895/4049 3405/4897/3405
f 3402/4898/3402 3405/4897/3405 4049/4895/4049 3354/3962/3354
f 2268/2751/2268 4048/4894/4048 4047/4893/4047 2265/2748/2265
f 2271/2757/2271 2265/2748/2265 4047/4893/4047 3400/4896/3400
f 2269/2752/2269 3395/4015/3395 4048/4894/4048 2268/2751/2268
f 2255/2735/2255 2258/2739/2258 3408/4028/3408 3401/4021/3401
f 3405/4025/3405 3404/4024/3404 3407/4027/3407 3400/4899/3400
f 3400/4020/3400 3407/4900/3407 3433/4061/3433 3399/4019/3399
f 2253/2730/2253 2261/2744/2261 3398/4018/3398 2254/2733/2254
f 3387/4003/3387 3415/4036/3415 3383/3999/3383 3381/3998/3381
f 3358/3966/3358 3361/3969/3361 3371/3982/3371 3362/3970/3362
f 3323/3927/3323 3334/3939/3334 3333/3938/3333 3322/3928/3322
f 3278/3879/3278 3271/3870/3271 3274/4901/3274 3977/4779/3977
f 3254/3848/3254 3259/3853/3259 3262/3856/3262 3258/3852/3258
f 3253/3847/3253 4050/4902/4050 3259/3853/3259 3254/3848/3254
f 4051/4903/4051 3260/3854/3260 3259/3853/3259 4050/4902/4050
f 4052/4904/4052 4053/4905/4053 4051/4903/4051 4050/4902/4050
f 3238/3832/3238 3260/3865/3260 4051/4906/4051 3239/3833/3239
f 3240/3834/3240 3239/3833/3239 4051/4906/4051 4053/4907/4053
f 3242/3836/3242 3241/3835/3241 4052/4904/4052 4054/4908/4054
f 3253/3847/3253 4054/4908/4054 4052/4904/4052 4050/4902/4050
f 4055/4909/4055 4053/4905/4053 4052/4904/4052 3241/3835/3241
f 3232/3826/3232 4056/4910/4056 4055/4909/4055 3241/3835/3241
f 3240/4911/3240 4053/4905/4053 4055/4909/4055 3193/3782/3193
f 3192/3781/3192 3193/3782/3193 4055/4909/4055 4056/4910/4056
f 3231/3825/3231 4057/4912/4057 4056/4910/4056 3232/3826/3232
f 3191/3778/3191 3192/3781/3192 4056/4910/4056 4057/4912/4057
f 4058/4913/4058 4059/4914/4059 4057/4915/4057 3231/4916/3231
f 4060/4917/4060 3191/4918/3191 4057/4915/4057 4059/4914/4059
f 4061/4919/4061 4062/4920/4062 4060/4917/4060 4059/4914/4059
f 3160/3742/3160 3191/4918/3191 4060/4917/4060 3163/3748/3163
f 4063/4921/4063 3163/3748/3163 4060/4917/4060 4062/4920/4062
f 4064/4922/4064 4065/4923/4065 4063/4921/4063 4062/4920/4062
f 3164/3749/3164 3163/3748/3163 4063/4921/4063 4066/4924/4066
f 4067/4925/4067 4066/4924/4066 4063/4921/4063 4065/4923/4065
f 4068/4926/4068 4069/4927/4069 4067/4925/4067 4065/4923/4065
f 4070/4928/4070 4066/4924/4066 4067/4925/4067 4071/4929/4071
f 4072/4930/4072 4071/4929/4071 4067/4925/4067 4069/4927/4069
f 4073/4931/4073 4074/4932/4074 4072/4930/4072 4069/4927/4069
f 3079/3648/3079 4071/4929/4071 4072/4930/4072 4075/4933/4075
f 4076/4934/4076 4075/4933/4075 4072/4930/4072 4074/4932/4074
f 4077/4935/4077 4078/4936/4078 4076/4934/4076 4074/4932/4074
f 4079/4937/4079 4075/4933/4075 4076/4934/4076 3040/3609/3040
f 3041/3610/3041 3040/3609/3040 4076/4934/4076 4078/4936/4078
f 3079/3648/3079 4075/4933/4075 4079/4937/4079 3080/3649/3080
f 3083/3652/3083 3080/3649/3080 4079/4937/4079 4080/4938/4080
f 3043/3612/3043 4080/4938/4080 4079/4937/4079 3040/3609/3040
f 4081/4939/4081 3083/3652/3083 4080/4938/4080 4082/4940/4082
f 3044/3613/3044 4082/4940/4082 4080/4938/4080 3043/3612/3043
f 3132/4941/3132 4081/4939/4081 4082/4940/4082 3107/4942/3107
f 3110/3679/3110 3107/3676/3107 4082/4943/4082 3044/4944/3044
f 3084/3653/3084 3083/3652/3083 4081/4939/4081 3137/3715/3137
f 3136/3716/3136 3137/3715/3137 4081/4939/4081 3132/4941/3132
f 4083/4945/4083 4084/4946/4084 4077/4935/4077 4085/4947/4085
f 4073/4931/4073 4085/4947/4085 4077/4935/4077 4074/4932/4074
f 4086/4948/4086 4078/4936/4078 4077/4935/4077 4084/4946/4084
f 4087/4949/4087 4088/4950/4088 4086/4948/4086 4084/4946/4084
f 3041/3610/3041 4078/4936/4078 4086/4948/4086 3046/3615/3046
f 2988/3556/2988 3046/3615/3046 4086/4948/4086 4088/4950/4088
f 3099/3668/3099 4089/4951/4089 4087/4949/4087 3104/3673/3104
f 4083/4945/4083 3104/3673/3104 4087/4949/4087 4084/4946/4084
f 4090/4952/4090 4088/4950/4088 4087/4949/4087 4089/4951/4089
f 2990/4953/2990 2989/3557/2989 4090/4952/4090 4091/4954/4091
f 4092/4955/4092 4091/4956/4091 4090/4957/4090 4089/4958/4089
f 2988/3556/2988 4088/4950/4088 4090/4952/4090 2989/3557/2989
f 4093/4959/4093 4091/4956/4091 4092/4955/4092 4094/4960/4094
f 3121/3692/3121 4094/4960/4094 4092/4955/4092 3098/4961/3098
f 3099/3668/3099 3098/3667/3098 4092/4962/4092 4089/4951/4089
f 4095/4963/4095 4093/4959/4093 4094/4960/4094 4096/4964/4096
f 3120/3691/3120 4096/4964/4096 4094/4960/4094 3121/3692/3121
f 3029/3598/3029 4095/4963/4095 4096/4964/4096 4097/4965/4097
f 3095/3664/3095 4097/4965/4097 4096/4964/4096 3120/3691/3120
f 3028/3597/3028 3029/3598/3029 4097/4965/4097 4098/4966/4098
f 3092/3661/3092 4098/4966/4098 4097/4965/4097 3095/3664/3095
f 3027/3596/3027 3028/3597/3028 4098/4966/4098 4099/4967/4099
f 3091/3660/3091 4099/4967/4099 4098/4966/4098 3092/3661/3092
f 3034/3603/3034 3027/3596/3027 4099/4967/4099 4100/4968/4100
f 4101/4969/4101 4100/4968/4100 4099/4967/4099 3091/3660/3091
f 4102/4970/4102 4100/4968/4100 4101/4969/4101 4103/4971/4103
f 4104/4972/4104 4103/4971/4103 4101/4969/4101 4105/4973/4105
f 3094/3663/3094 4105/4973/4105 4101/4969/4101 3091/3660/3091
f 4106/4974/4106 4104/4972/4104 4105/4973/4105 4107/4975/4107
f 3097/3666/3097 4107/4975/4107 4105/4973/4105 3094/3663/3094
f 4108/4976/4108 4106/4974/4106 4107/4975/4107 4109/4977/4109
f 3125/3698/3125 4109/4977/4109 4107/4975/4107 3097/3666/3097
f 4110/4978/4110 4108/4976/4108 4109/4977/4109 4111/4979/4111
f 3124/3697/3124 4111/4980/4111 4109/4981/4109 3125/4982/3125
f 4112/4983/4112 4110/4984/4110 4111/4980/4111 4113/4985/4113
f 3102/3671/3102 4113/4985/4113 4111/4980/4111 3124/3697/3124
f 4114/4986/4114 4112/4983/4112 4113/4985/4113 4115/4987/4115
f 3103/3672/3103 4115/4987/4115 4113/4985/4113 3102/3671/3102
f 4085/4947/4085 4114/4986/4114 4115/4987/4115 4083/4945/4083
f 3104/3673/3104 4083/4945/4083 4115/4987/4115 3103/3672/3103
f 4116/4988/4116 4112/4983/4112 4114/4986/4114 4117/4989/4117
f 4073/4931/4073 4117/4989/4117 4114/4986/4114 4085/4947/4085
f 4118/4990/4118 4116/4988/4116 4117/4989/4117 4068/4926/4068
f 4069/4927/4069 4068/4926/4068 4117/4989/4117 4073/4931/4073
f 4119/4991/4119 4116/4988/4116 4118/4990/4118 4120/4992/4120
f 4121/4993/4121 4120/4992/4120 4118/4990/4118 4064/4922/4064
f 4065/4923/4065 4064/4922/4064 4118/4990/4118 4068/4926/4068
f 4122/4994/4122 4120/4992/4120 4121/4993/4121 4123/4995/4123
f 4124/4996/4124 4123/4995/4123 4121/4993/4121 4061/4919/4061
f 4062/4920/4062 4061/4919/4061 4121/4993/4121 4064/4922/4064
f 4125/4997/4125 4123/4998/4123 4124/4999/4124 4126/5000/4126
f 4127/5001/4127 4126/5000/4126 4124/4999/4124 4058/5002/4058
f 4059/4914/4059 4058/4913/4058 4124/4996/4124 4061/4919/4061
f 4128/5003/4128 4126/5000/4126 4127/5001/4127 4129/5004/4129
f 4130/5005/4130 4129/5004/4129 4127/5001/4127 3233/5006/3233
f 3231/5007/3231 3233/5006/3233 4127/5001/4127 4058/5002/4058
f 4131/5008/4131 4129/5004/4129 4130/5005/4130 4132/5009/4132
f 4133/5010/4133 4132/5009/4132 4130/5005/4130 3229/3821/3229
f 3230/3822/3230 3229/3821/3229 4130/5005/4130 3233/5006/3233
f 4134/5011/4134 4132/5009/4132 4133/5010/4133 4135/5012/4135
f 4136/5013/4136 4135/5012/4135 4133/5010/4133 3168/3755/3168
f 3169/3756/3169 3168/3755/3168 4133/5010/4133 3229/3821/3229
f 2287/2775/2287 4135/5012/4135 4136/5013/4136 2288/2776/2288
f 4137/5014/4137 2288/2776/2288 4136/5013/4136 4138/5015/4138
f 3171/3758/3171 4138/5015/4138 4136/5013/4136 3168/3755/3168
f 3089/3658/3089 4137/5014/4137 4138/5015/4138 4139/5016/4139
f 3172/3759/3172 4139/5016/4139 4138/5015/4138 3171/3758/3171
f 3088/3657/3088 3089/3658/3089 4139/5016/4139 3139/5017/3139
f 4140/5018/4140 3139/3719/3139 4139/5019/4139 3172/5020/3172
f 3119/3690/3119 3139/3719/3139 4140/5018/4140 4141/5021/4141
f 4142/5022/4142 4141/5021/4141 4140/5018/4140 4143/5023/4143
f 3173/5024/3173 4143/5023/4143 4140/5018/4140 3172/5020/3172
f 4144/5025/4144 4142/5022/4142 4143/5023/4143 4145/5026/4145
f 4146/5027/4146 4145/5026/4145 4143/5023/4143 3173/5024/3173
f 3170/5028/3170 4147/5029/4147 4146/5027/4146 3173/5024/3173
f 4148/5030/4148 4145/5031/4145 4146/5032/4146 4149/5033/4149
f 4150/5034/4150 4149/5033/4149 4146/5032/4146 4147/5035/4147
f 4151/5036/4151 3166/3753/3166 4150/5034/4150 4147/5035/4147
f 3106/3675/3106 4149/5033/4149 4150/5034/4150 3131/3709/3131
f 3133/3711/3133 3131/3709/3131 4150/5034/4150 3166/3753/3166
f 3219/3809/3219 4152/5037/4152 4151/5038/4151 3175/5039/3175
f 3170/5028/3170 3175/5040/3175 4151/5041/4151 4147/5029/4147
f 3162/3750/3162 3166/3753/3166 4151/5036/4151 4152/5042/4152
f 3210/3800/3210 4153/5043/4153 4152/5037/4152 3219/3809/3219
f 3167/5044/3167 3162/5045/3162 4152/5037/4152 4153/5043/4153
f 3209/3799/3209 4154/5046/4154 4153/5043/4153 3210/3800/3210
f 4155/5047/4155 3167/3754/3167 4153/5048/4153 4154/5049/4154
f 4156/5050/4156 4157/5051/4157 4155/5047/4155 4154/5049/4154
f 2277/2765/2277 3167/3754/3167 4155/5047/4155 4158/5052/4158
f 4159/5053/4159 4158/5052/4158 4155/5047/4155 4157/5051/4157
f 4160/5054/4160 4161/5055/4161 4159/5053/4159 4157/5051/4157
f 2280/2768/2280 4158/5052/4158 4159/5053/4159 4162/5056/4162
f 4163/5057/4163 4162/5056/4162 4159/5053/4159 4161/5055/4161
f 3112/3681/3112 3113/3682/3113 4163/5057/4163 4161/5055/4161
f 3126/3700/3126 4162/5056/4162 4163/5057/4163 4164/5058/4164
f 4165/5059/4165 4164/5058/4164 4163/5057/4163 3113/3682/3113
f 3108/3677/3108 4166/5060/4166 4165/5059/4165 3113/3682/3113
f 3116/5061/3116 4164/5058/4164 4165/5059/4165 3115/5062/3115
f 3114/5063/3114 3115/5062/3115 4165/5059/4165 4166/5060/4166
f 3111/5064/3111 4167/5065/4167 4166/5066/4166 3108/5067/3108
f 4168/5068/4168 3114/5069/3114 4166/5066/4166 4167/5065/4167
f 4169/5070/4169 4170/5071/4170 4168/5068/4168 4167/5065/4167
f 3105/3674/3105 3114/3683/3114 4168/5072/4168 4171/5073/4171
f 4172/5074/4172 4171/5073/4171 4168/5072/4168 4170/5075/4170
f 4173/5076/4173 4174/5077/4174 4172/5074/4172 4170/5075/4170
f 3061/3630/3061 4171/5073/4171 4172/5074/4172 3058/3627/3058
f 4175/5078/4175 3058/3627/3058 4172/5074/4172 4174/5077/4174
f 4176/5079/4176 4177/5080/4177 4175/5078/4175 4174/5077/4174
f 3059/3628/3059 3058/3627/3058 4175/5078/4175 4178/5081/4178
f 2996/3565/2996 4178/5081/4178 4175/5078/4175 4177/5080/4177
f 3062/3631/3062 3059/3628/3059 4178/5081/4178 4179/5082/4179
f 2995/3564/2995 4179/5082/4179 4178/5081/4178 2996/3565/2996
f 3022/3591/3022 3062/3631/3062 4179/5082/4179 4180/5083/4180
f 2994/3563/2994 4180/5083/4180 4179/5082/4179 2995/3564/2995
f 2997/3566/2997 3022/3591/3022 4180/5083/4180 2958/3519/2958
f 2957/3518/2957 2958/3519/2958 4180/5083/4180 2994/3563/2994
f 4181/5084/4181 4182/5085/4182 4176/5079/4176 4183/5086/4183
f 4173/5076/4173 4183/5086/4183 4176/5079/4176 4174/5077/4174
f 2979/3545/2979 4177/5080/4177 4176/5079/4176 4182/5085/4182
f 4184/5087/4184 4181/5088/4181 4183/5089/4183 4185/5090/4185
f 4186/5091/4186 4185/5090/4185 4183/5089/4183 4173/5092/4173
f 3065/3634/3065 4185/5090/4185 4186/5091/4186 3066/3635/3066
f 3068/3637/3068 3066/3635/3066 4186/5091/4186 4169/5070/4169
f 4170/5071/4170 4169/5070/4169 4186/5091/4186 4173/5092/4173
f 4187/5093/4187 4184/5087/4184 4185/5090/4185 3065/3634/3065
f 2976/3539/2976 4188/5094/4188 4184/5087/4184 4187/5093/4187
f 4189/5095/4189 4181/5088/4181 4184/5087/4184 4188/5094/4188
f 2927/3488/2927 2926/3487/2926 4189/5096/4189 4188/5097/4188
f 4182/5085/4182 4181/5084/4181 4189/5098/4189 4190/5099/4190
f 2939/3500/2939 4190/5099/4190 4189/5098/4189 2926/5100/2926
f 2979/3545/2979 4182/5085/4182 4190/5099/4190 2966/3527/2966
f 2942/3503/2942 2966/3527/2966 4190/5099/4190 2939/3500/2939
f 2971/3532/2971 2927/3488/2927 4188/5097/4188 2976/5101/2976
f 2980/3546/2980 2996/3565/2996 4177/5080/4177 2979/3545/2979
f 3064/3633/3064 3105/3674/3105 4171/5073/4171 3061/3630/3061
f 3111/5064/3111 3068/3637/3068 4169/5070/4169 4167/5065/4167
f 3127/3701/3127 3126/3700/3126 4164/5058/4164 3116/5061/3116
f 2278/2766/2278 2280/2768/2280 4162/5056/4162 3126/3700/3126
f 4144/5102/4144 4191/5103/4191 4160/5054/4160 4192/5104/4192
f 4156/5050/4156 4192/5104/4192 4160/5054/4160 4157/5051/4157
f 3112/3681/3112 4161/5055/4161 4160/5054/4160 4191/5103/4191
f 4142/5022/4142 4144/5025/4144 4192/5105/4192 4193/5106/4193
f 3208/3798/3208 4193/5106/4193 4192/5105/4192 4156/5107/4156
f 4141/5021/4141 4142/5022/4142 4193/5106/4193 4194/5108/4194
f 3206/3796/3206 4194/5108/4194 4193/5106/4193 3208/3798/3208
f 3119/3690/3119 4141/5021/4141 4194/5108/4194 3118/3689/3118
f 3140/3721/3140 3118/3689/3118 4194/5108/4194 3206/3796/3206
f 4145/5031/4145 4148/5030/4148 4191/5103/4191 4144/5102/4144
f 3109/3678/3109 3112/3681/3112 4191/5103/4191 4148/5030/4148
f 2274/2762/2274 2277/2765/2277 4158/5052/4158 2280/2768/2280
f 3209/3799/3209 3208/3798/3208 4156/5107/4156 4154/5046/4154
f 3109/3678/3109 4148/5030/4148 4149/5033/4149 3106/3675/3106
f 2285/2773/2285 2288/2776/2288 4137/5014/4137 4195/5109/4195
f 3090/3659/3090 4195/5109/4195 4137/5014/4137 3089/3658/3089
f 2282/2770/2282 2285/2773/2285 4195/5109/4195 4196/5110/4196
f 4197/5111/4197 4196/5110/4196 4195/5109/4195 3090/3659/3090
f 3078/3647/3078 3020/3589/3020 4197/5111/4197 3090/3659/3090
f 3051/3620/3051 4196/5110/4196 4197/5111/4197 3050/3619/3050
f 3019/3588/3019 3050/3619/3050 4197/5111/4197 3020/3589/3020
f 3075/3644/3075 2282/2770/2282 4196/5110/4196 3051/3620/3051
f 2286/2774/2286 4134/5011/4134 4135/5012/4135 2287/2775/2287
f 3071/3640/3071 4198/5112/4198 4134/5011/4134 2286/2774/2286
f 4131/5008/4131 4132/5009/4132 4134/5011/4134 4198/5112/4198
f 3074/3643/3074 4199/5113/4199 4198/5112/4198 3071/3640/3071
f 4200/5114/4200 4131/5008/4131 4198/5112/4198 4199/5113/4199
f 4201/5115/4201 4202/5116/4202 4200/5114/4200 4199/5113/4199
f 4129/5004/4129 4131/5008/4131 4200/5114/4200 4128/5003/4128
f 4203/5117/4203 4128/5003/4128 4200/5114/4200 4202/5116/4202
f 4204/5118/4204 4205/5119/4205 4203/5117/4203 4202/5116/4202
f 4126/5000/4126 4128/5003/4128 4203/5117/4203 4125/4997/4125
f 4206/5120/4206 4125/4997/4125 4203/5117/4203 4205/5119/4205
f 4207/5121/4207 4208/5122/4208 4206/5120/4206 4205/5119/4205
f 4123/4998/4123 4125/4997/4125 4206/5120/4206 4122/5123/4122
f 4209/5124/4209 4122/5123/4122 4206/5120/4206 4208/5122/4208
f 4106/4974/4106 4108/4976/4108 4209/5124/4209 4208/5122/4208
f 4120/4992/4120 4122/4994/4122 4209/5125/4209 4119/4991/4119
f 4110/4984/4110 4119/4991/4119 4209/5125/4209 4108/5126/4108
f 4103/4971/4103 4104/4972/4104 4207/5121/4207 4210/5127/4210
f 4204/5118/4204 4210/5127/4210 4207/5121/4207 4205/5119/4205
f 4106/4974/4106 4208/5122/4208 4207/5121/4207 4104/4972/4104
f 4102/4970/4102 4103/4971/4103 4210/5127/4210 4211/5128/4211
f 4212/5129/4212 4211/5128/4211 4210/5127/4210 4204/5118/4204
f 3056/3625/3056 4211/5128/4211 4212/5129/4212 3055/3624/3055
f 3077/3646/3077 3055/3624/3055 4212/5129/4212 4201/5115/4201
f 4202/5116/4202 4201/5115/4201 4212/5129/4212 4204/5118/4204
f 3057/3626/3057 4102/4970/4102 4211/5128/4211 3056/3625/3056
f 3074/3643/3074 3077/3646/3077 4201/5115/4201 4199/5113/4199
f 4112/4983/4112 4116/4988/4116 4119/4991/4119 4110/4984/4110
f 3034/3603/3034 4100/4968/4100 4102/4970/4102 3057/3626/3057
f 3024/3593/3024 4213/5130/4213 4095/4963/4095 3029/3598/3029
f 4214/5131/4214 4093/4959/4093 4095/4963/4095 4213/5130/4213
f 4215/5132/4215 4216/5133/4216 4214/5131/4214 4213/5130/4213
f 4091/4956/4091 4093/4959/4093 4214/5131/4214 2990/3558/2990
f 2985/3551/2985 2990/3558/2990 4214/5131/4214 4216/5133/4216
f 3030/3599/3030 4217/5134/4217 4215/5132/4215 3023/3592/3023
f 3024/3593/3024 3023/3592/3023 4215/5132/4215 4213/5130/4213
f 4218/5135/4218 4216/5133/4216 4215/5132/4215 4217/5134/4217
f 4219/5136/4219 2947/3508/2947 4218/5135/4218 4217/5134/4217
f 2985/3551/2985 4216/5133/4216 4218/5135/4218 2982/3548/2982
f 2948/3509/2948 2982/3548/2982 4218/5135/4218 2947/3508/2947
f 3006/3575/3006 4220/5137/4220 4219/5136/4219 3010/3579/3010
f 3030/3599/3030 3010/3579/3010 4219/5136/4219 4217/5134/4217
f 2946/3507/2946 2947/3508/2947 4219/5136/4219 4220/5137/4220
f 2952/3513/2952 2919/3480/2919 4220/5137/4220 3006/3575/3006
f 2906/3464/2906 2946/3507/2946 4220/5137/4220 2919/3480/2919
f 3082/3651/3082 4070/4928/4070 4071/4929/4071 3079/3648/3079
f 3164/3749/3164 4066/4924/4066 4070/4928/4070 4221/5138/4221
f 3085/3654/3085 4221/5138/4221 4070/4928/4070 3082/3651/3082
f 3161/3743/3161 3164/3749/3164 4221/5138/4221 3165/5139/3165
f 3138/3718/3138 3165/5139/3165 4221/5138/4221 3085/3654/3085
f 3243/3837/3243 3242/3836/3242 4054/4908/4054 4222/5140/4222
f 3251/3845/3251 4222/5140/4222 4054/4908/4054 3253/3847/3253
f 4223/5141/4223 3243/3837/3243 4222/5140/4222 3250/3844/3250
f 3249/3843/3249 3250/3844/3250 4222/5140/4222 3251/3845/3251
f 4224/5142/4224 3216/3806/3216 4223/5141/4223 4225/5143/4225
f 3245/3839/3245 4225/5143/4225 4223/5141/4223 3250/3844/3250
f 3218/3808/3218 3243/3837/3243 4223/5141/4223 3216/3806/3216
f 4226/5144/4226 4224/5142/4224 4225/5143/4225 4227/5145/4227
f 3244/3838/3244 4227/5145/4227 4225/5143/4225 3245/3839/3245
f 4228/5146/4228 4226/5144/4226 4227/5145/4227 4229/5147/4229
f 3225/3816/3225 4229/5147/4229 4227/5145/4227 3244/3838/3244
f 4230/5148/4230 4228/5146/4228 4229/5147/4229 3226/3817/3226
f 3220/3811/3220 3226/3817/3226 4229/5147/4229 3225/3816/3225
f 4231/5149/4231 3180/3767/3180 4230/5148/4230 4232/5150/4232
f 3227/3818/3227 4232/5150/4232 4230/5148/4230 3226/3817/3226
f 3181/3768/3181 4228/5146/4228 4230/5148/4230 3180/3767/3180
f 4233/5151/4233 4231/5152/4231 4232/5153/4232 4234/5154/4234
f 4235/5155/4235 4234/5154/4234 4232/5153/4232 3227/5156/3227
f 4236/5157/4236 4234/5154/4234 4235/5155/4235 3186/3773/3186
f 3187/3774/3187 3186/3773/3186 4235/5155/4235 3205/3795/3205
f 3204/3794/3204 3205/3795/3205 4235/5155/4235 3227/5156/3227
f 3151/3733/3151 4237/5158/4237 4236/5157/4236 4238/5159/4238
f 3183/3770/3183 4238/5159/4238 4236/5157/4236 3186/3773/3186
f 4233/5151/4233 4234/5154/4234 4236/5157/4236 4237/5158/4237
f 3150/3732/3150 3151/3733/3151 4238/5159/4238 3152/3734/3152
f 3182/3769/3182 3152/3734/3152 4238/5159/4238 3183/3770/3183
f 3144/3726/3144 3145/3727/3145 4237/5158/4237 3151/3733/3151
f 3146/3728/3146 4233/5151/4233 4237/5158/4237 3145/3727/3145
f 4239/5160/4239 4231/5152/4231 4233/5151/4233 3146/3728/3146
f 2275/2763/2275 2281/2769/2281 4239/5160/4239 3146/3728/3146
f 3180/3767/3180 4231/5149/4231 4239/5161/4239 3177/3764/3177
f 3142/3724/3142 3177/3764/3177 4239/5161/4239 2281/3723/2281
f 3199/3789/3199 4226/5144/4226 4228/5146/4228 3181/3768/3181
f 3214/3804/3214 4224/5142/4224 4226/5144/4226 3199/3789/3199
f 3215/3805/3215 3216/3806/3216 4224/5142/4224 3214/3804/3214
f 3222/3813/3222 3223/3814/3223 3255/3849/3255 3228/3819/3228
f 3224/3815/3224 3247/3841/3247 3248/3842/3248 3223/3814/3223
f 3225/3816/3225 3244/3838/3244 3247/3841/3247 3224/3815/3224
f 3190/3777/3190 3195/3785/3195 3240/3834/3240 3193/5162/3193
f 3196/3786/3196 4240/5163/4240 3237/3831/3237 3197/3787/3197
f 3202/3792/3202 3236/3830/3236 3237/3831/3237 3188/3775/3188
f 3185/3772/3185 3188/3775/3188 3237/3831/3237 4240/5163/4240
f 3156/3738/3156 3157/3739/3157 4240/5163/4240 3196/3786/3196
f 3182/3769/3182 3185/3772/3185 4240/5163/4240 3157/3739/3157
f 3201/3791/3201 3234/3828/3234 3236/3830/3236 3202/3792/3202
f 3174/3823/3174 3217/3807/3217 3219/3809/3219 3175/5039/3175
f 3155/3737/3155 3156/3738/3156 3196/3786/3196 3189/3776/3189
f 3153/3735/3153 3152/3734/3152 3182/3769/3182 3157/3739/3157
f 3135/3717/3135 3134/5164/3134 3165/5139/3165 3138/3718/3138
f 3117/3688/3117 3118/3689/3118 3140/3721/3140 3129/3703/3129
f 3084/3653/3084 3137/3715/3137 3138/3718/3138 3085/3654/3085
f 3131/3709/3131 3133/3711/3133 3136/3714/3136 3132/3710/3132
f 3116/3685/3116 3117/3688/3117 3129/3703/3129 3127/3706/3127
f 3096/3665/3096 3123/3694/3123 3125/3698/3125 3097/3666/3097
f 3095/3664/3095 3120/3691/3120 3123/3694/3123 3096/3665/3096
f 3068/3637/3068 3111/5064/3111 3110/5165/3110 3069/3638/3069
f 3045/3614/3045 3069/3638/3069 3110/5165/3110 3044/3613/3044
f 3052/3621/3052 3055/3624/3055 3077/3646/3077 3076/3645/3076
f 2283/2771/2283 2282/2770/2282 3075/3644/3075 3072/3641/3072
f 3052/3621/3052 3076/3645/3076 3075/3644/3075 3051/3620/3051
f 2283/2771/2283 3072/3641/3072 3071/3640/3071 2286/2774/2286
f 4241/5166/4241 4242/5167/4242 3070/3639/3070 3048/3617/3048
f 3035/3604/3035 3038/3607/3038 3070/3639/3070 4243/5168/4243
f 4244/5169/4244 4243/5168/4243 3070/3639/3070 4242/5167/4242
f 4245/5170/4245 4246/5171/4246 4244/5169/4244 4242/5167/4242
f 2963/3524/2963 4243/5168/4243 4244/5169/4244 2917/3477/2917
f 2914/3478/2914 2917/3477/2917 4244/5169/4244 4246/5171/4246
f 2983/3555/2983 4247/5172/4247 4245/5170/4245 2986/3552/2986
f 4241/5166/4241 2986/3552/2986 4245/5170/4245 4242/5167/4242
f 2918/5173/2918 4246/5171/4246 4245/5170/4245 4247/5172/4247
f 2982/3548/2982 2948/3509/2948 4247/5174/4247 2983/3549/2983
f 2908/3466/2908 2918/3479/2918 4247/5174/4247 2948/3509/2948
f 2913/5175/2913 2914/3478/2914 4246/5171/4246 2918/5173/2918
f 2964/3525/2964 3035/3604/3035 4243/5168/4243 2963/3524/2963
f 2987/3553/2987 2986/3552/2986 4241/5166/4241 3047/3616/3047
f 3042/3611/3042 3047/3616/3047 4241/5166/4241 3048/3617/3048
f 3033/3602/3033 3034/3603/3034 3057/3626/3057 3054/3623/3054
f 3007/3576/3007 3032/3601/3032 3053/3622/3053 3013/3582/3013
f 3009/3578/3009 3013/3582/3013 3053/3622/3053 3018/3587/3018
f 3033/3602/3033 3054/3623/3054 3053/3622/3053 3032/3601/3032
f 2987/3553/2987 3047/3616/3047 3046/3615/3046 2988/3556/2988
f 2978/3543/2978 3036/3605/3036 3035/3604/3035 2964/3525/2964
f 2974/3535/2974 3015/3584/3015 3036/3605/3036 2978/3543/2978
f 3008/3577/3008 3031/3600/3031 3032/3601/3032 3007/3576/3007
f 3010/3579/3010 3030/3599/3030 3031/3600/3031 3008/3577/3008
f 2975/3538/2975 2976/3539/2976 4187/5093/4187 3016/3585/3016
f 3017/3586/3017 3016/3585/3016 4187/5093/4187 3065/3634/3065
f 3005/3574/3005 3007/3576/3007 3013/3582/3013 3012/3581/3012
f 4248/5176/4248 3003/3572/3003 3011/3580/3011 4249/5177/4249
f 2960/3521/2960 4249/5177/4249 3011/3580/3011 3001/3570/3001
f 3005/3574/3005 3012/3581/3012 3011/3580/3011 3003/3572/3003
f 2934/3495/2934 4248/5176/4248 4249/5177/4249 2932/3493/2932
f 2955/3516/2955 2932/3493/2932 4249/5177/4249 2960/3521/2960
f 2938/3499/2938 2949/3510/2949 4248/5176/4248 2934/3495/2934
f 2953/3514/2953 3003/3572/3003 4248/5176/4248 2949/3510/2949
f 2959/3520/2959 2960/3521/2960 3001/3570/3001 2998/3567/2998
f 2959/3520/2959 2998/3567/2998 2997/3566/2997 2958/3519/2958
f 2954/3515/2954 2957/3518/2957 2994/3563/2994 2993/3562/2993
f 2933/3494/2933 2954/3515/2954 2993/3562/2993 2935/3496/2935
f 2942/3503/2942 2969/3530/2969 2991/3560/2991 2967/3528/2967
f 2927/3488/2927 2971/3532/2971 2970/3531/2970 2922/3483/2922
f 2932/3493/2932 2955/3516/2955 2954/3515/2954 2933/3494/2933
f 2925/5178/2925 2924/4442/2924 2943/3504/2943 2940/3501/2940
f 2925/5178/2925 2940/3501/2940 2939/3500/2939 2926/5100/2926
f 2871/3427/2871 2888/3446/2888 2887/3445/2887 2879/3435/2879
f 2866/3422/2866 2863/3419/2863 2882/3438/2882 4250/5179/4250
f 4251/5180/4251 4250/5179/4250 2882/3438/2882 2859/3415/2859
f 2860/3416/2860 2859/3415/2859 2882/3438/2882 2878/3434/2878
f 4252/5181/4252 4250/5179/4250 4251/5180/4251 4253/5182/4253
f 4254/5183/4254 4253/5182/4253 4251/5180/4251 4255/5184/4255
f 2856/3412/2856 4255/5184/4255 4251/5180/4251 2859/3415/2859
f 4256/5185/4256 4254/5183/4254 4255/5184/4255 4257/5186/4257
f 2781/3333/2781 4257/5186/4257 4255/5184/4255 2856/3412/2856
f 4258/5187/4258 4256/5185/4256 4257/5186/4257 4259/5188/4259
f 2782/3334/2782 4259/5188/4259 4257/5186/4257 2781/3333/2781
f 4260/5189/4260 4256/5185/4256 4258/5187/4258 4261/5190/4261
f 2113/5191/2113 4261/5190/4261 4258/5187/4258 2114/5192/2114
f 2115/2703/2115 2114/5192/2114 4258/5187/4258 4259/5188/4259
f 4262/5193/4262 4263/5194/4263 2119/2547/2119 2118/2546/2118
f 4264/5195/4264 2120/2548/2120 2119/2547/2119 4263/5194/4263
f 4265/5196/4265 4266/5197/4266 4264/5198/4264 4263/5199/4263
f 2113/2541/2113 2120/2548/2120 4264/5195/4264 4261/5200/4261
f 4260/5189/4260 4261/5190/4261 4264/5198/4264 4266/5197/4266
f 4267/5201/4267 4268/5202/4268 4265/5196/4265 4269/5203/4269
f 4262/5193/4262 4269/5204/4269 4265/5205/4265 4263/5194/4263
f 4270/5206/4270 4266/5197/4266 4265/5196/4265 4268/5202/4268
f 4271/5207/4271 4272/5208/4272 4270/5206/4270 4268/5202/4268
f 4260/5189/4260 4266/5197/4266 4270/5206/4270 4273/5209/4273
f 4274/5210/4274 4273/5209/4273 4270/5206/4270 4272/5208/4272
f 4275/5211/4275 4276/5212/4276 4274/5210/4274 4272/5208/4272
f 4254/5183/4254 4273/5209/4273 4274/5210/4274 4253/5182/4253
f 4252/5181/4252 4253/5182/4253 4274/5210/4274 4276/5212/4276
f 4277/5213/4277 4278/5214/4278 4275/5211/4275 4279/5215/4279
f 4271/5207/4271 4279/5215/4279 4275/5211/4275 4272/5208/4272
f 4280/5216/4280 4276/5212/4276 4275/5211/4275 4278/5214/4278
f 4281/5217/4281 2833/3389/2833 4280/5216/4280 4278/5214/4278
f 4252/5181/4252 4276/5212/4276 4280/5216/4280 4282/5218/4282
f 2836/3392/2836 4282/5218/4282 4280/5216/4280 2833/3389/2833
f 4250/5179/4250 4252/5181/4252 4282/5218/4282 2866/3422/2866
f 2837/3393/2837 2866/3422/2866 4282/5218/4282 2836/3392/2836
f 2772/3324/2772 2771/3323/2771 4281/5217/4281 4283/5219/4283
f 4277/5213/4277 4283/5219/4283 4281/5217/4281 4278/5214/4278
f 2834/3390/2834 2833/3389/2833 4281/5217/4281 2771/3323/2771
f 2775/3327/2775 2772/3324/2772 4283/5219/4283 2756/3305/2756
f 2757/3306/2757 2756/3305/2756 4283/5219/4283 4277/5213/4277
f 2757/3306/2757 4277/5213/4277 4279/5215/4279 4284/5220/4284
f 4285/5221/4285 4284/5220/4284 4279/5215/4279 4271/5207/4271
f 2721/5222/2721 4284/5220/4284 4285/5221/4285 4286/5223/4286
f 4287/5224/4287 4286/5223/4286 4285/5221/4285 4267/5201/4267
f 4268/5202/4268 4267/5201/4267 4285/5221/4285 4271/5207/4271
f 4288/5225/4288 4286/5226/4286 4287/5227/4287 4289/5228/4289
f 2733/3279/2733 4289/5228/4289 4287/5227/4287 4290/5229/4290
f 4269/5204/4269 4290/5229/4290 4287/5227/4287 4267/5230/4267
f 2730/3276/2730 2733/3279/2733 4290/5229/4290 4291/5231/4291
f 4262/5193/4262 4291/5231/4291 4290/5229/4290 4269/5204/4269
f 532/590/532 2730/3276/2730 4291/5231/4291 2149/2584/2149
f 2118/2546/2118 2149/2584/2149 4291/5231/4291 4262/5193/4262
f 4292/5232/4292 4288/5225/4288 4289/5228/4289 4293/5233/4293
f 2732/3278/2732 4293/5233/4293 4289/5228/4289 2733/3279/2733
f 4294/5234/4294 4292/5232/4292 4293/5233/4293 4295/5235/4295
f 2731/3277/2731 4295/5235/4295 4293/5233/4293 2732/3278/2732
f 2711/3257/2711 4294/5234/4294 4295/5235/4295 2712/3258/2712
f 2714/3260/2714 2712/3258/2712 4295/5235/4295 2731/3277/2731
f 2659/3191/2659 4296/5236/4296 4294/5237/4294 2711/5238/2711
f 2718/3264/2718 4292/5239/4292 4294/5237/4294 4296/5236/4296
f 2660/3192/2660 4297/5240/4297 4296/5236/4296 2659/3191/2659
f 2717/3263/2717 2718/3264/2718 4296/5236/4296 4297/5240/4297
f 2643/3173/2643 4298/5241/4298 4297/5240/4297 2660/3192/2660
f 2715/3261/2715 2717/3263/2717 4297/5240/4297 4298/5241/4298
f 2633/3163/2633 2642/3172/2642 4298/5241/4298 2643/3173/2643
f 4299/5242/4299 2715/3261/2715 4298/5241/4298 2642/3172/2642
f 2719/3265/2719 4288/5243/4288 4292/5239/4292 2718/3264/2718
f 2721/3267/2721 4286/5244/4286 4288/5243/4288 2719/3265/2719
f 2720/3307/2720 2757/3306/2757 4284/5220/4284 2721/5222/2721
f 4256/5185/4256 4260/5189/4260 4273/5209/4273 4254/5183/4254
f 2860/3416/2860 2878/3434/2878 2881/3437/2881 2861/3417/2861
f 2867/3423/2867 2871/3427/2871 2879/3435/2879 2868/3424/2868
f 2786/3339/2786 2785/3338/2785 2854/3410/2854 2850/3406/2850
f 2825/3381/2825 2786/3339/2786 2850/3406/2850 2824/3380/2824
f 2817/3373/2817 2842/3398/2842 2843/3399/2843 2818/3374/2818
f 2799/3355/2799 2787/3340/2787 2826/3382/2826 4300/5245/4300
f 2795/3350/2795 4300/5245/4300 2826/3382/2826 2796/3352/2796
f 2786/3339/2786 2825/3381/2825 2826/3382/2826 2787/3340/2787
f 2750/3296/2750 2799/3355/2799 4300/5245/4300 2753/5246/2753
f 2794/3349/2794 2753/5246/2753 4300/5245/4300 2795/3350/2795
f 4301/5247/4301 2839/3395/2839 2816/3372/2816 2815/3371/2815
f 4302/5248/4302 4301/5247/4301 2815/3371/2815 2803/3359/2803
f 2765/3318/2765 2770/3322/2770 2804/3360/2804 2768/5249/2768
f 4303/5250/4303 4302/5248/4302 2803/3359/2803 2800/3356/2800
f 2766/3316/2766 4304/5251/4304 4303/5250/4303 2800/3356/2800
f 4305/5252/4305 4302/5248/4302 4303/5250/4303 4306/5253/4306
f 4307/5254/4307 4306/5253/4306 4303/5250/4303 4304/5251/4304
f 4308/5255/4308 4309/5256/4309 4307/5257/4307 4304/5258/4304
f 4310/5259/4310 4306/5253/4306 4307/5254/4307 4311/5260/4311
f 4312/5261/4312 4311/5262/4311 4307/5257/4307 4309/5256/4309
f 4313/5263/4313 4314/5264/4314 4312/5261/4312 4309/5256/4309
f 2599/3123/2599 4311/5262/4311 4312/5261/4312 2583/3103/2583
f 2581/3100/2581 2583/3103/2583 4312/5261/4312 4314/5264/4314
f 4315/5265/4315 4316/5266/4316 4313/5263/4313 4317/5267/4317
f 4308/5255/4308 4317/5267/4317 4313/5263/4313 4309/5256/4309
f 4318/5268/4318 4314/5264/4314 4313/5263/4313 4316/5266/4316
f 2178/2627/2178 2177/2626/2177 4318/5268/4318 4316/5266/4316
f 2581/3100/2581 4314/5264/4314 4318/5268/4318 2579/3097/2579
f 351/387/351 2579/3097/2579 4318/5268/4318 2177/2626/2177
f 4315/5265/4315 2179/2629/2179 2178/2627/2178 4316/5266/4316
f 2759/3309/2759 564/631/564 2181/2631/2181 4319/5269/4319
f 4315/5265/4315 4319/5269/4319 2181/2631/2181 2179/2629/2179
f 2762/3312/2762 2759/3309/2759 4319/5269/4319 2763/3313/2763
f 4317/5267/4317 2763/3313/2763 4319/5269/4319 4315/5265/4315
f 2764/3314/2764 2763/3313/2763 4317/5267/4317 4308/5255/4308
f 2602/3126/2602 4310/5270/4310 4311/5262/4311 2599/3123/2599
f 4305/5252/4305 4306/5253/4306 4310/5259/4310 2676/5271/2676
f 2603/5272/2603 2676/5271/2676 4310/5259/4310 2602/5273/2602
f 2766/3316/2766 2764/3319/2764 4308/5274/4308 4304/5251/4304
f 2749/3295/2749 2784/3336/2784 2799/3355/2799 2750/3296/2750
f 2752/3300/2752 2753/3301/2753 2794/5275/2794 2700/3245/2700
f 2701/3246/2701 2700/3245/2700 2794/5275/2794 2789/3342/2789
f 2701/3246/2701 2789/3342/2789 2788/3341/2788 4320/5276/4320
f 2672/3209/2672 4320/5276/4320 2788/3341/2788 2682/3224/2682
f 2183/2635/2183 592/661/592 2784/3336/2784 2749/3295/2749
f 2746/3292/2746 2184/2637/2184 2183/2639/2183 2749/5277/2749
f 2745/3291/2745 2185/2640/2185 2184/2637/2184 2746/3292/2746
f 2698/3243/2698 495/553/495 2185/2640/2185 2745/3291/2745
f 2677/3217/2677 3793/4541/3793 4305/5252/4305 2676/5271/2676
f 2670/3207/2670 2751/3299/2751 2752/3300/2752 2700/3245/2700
f 2699/3244/2699 2748/3294/2748 2751/3299/2751 4321/5278/4321
f 2591/3112/2591 4321/5278/4321 2751/3299/2751 2670/3207/2670
f 2697/3242/2697 2699/3244/2699 4321/5278/4321 4322/5279/4322
f 2590/3111/2590 4322/5279/4322 4321/5278/4321 2591/3112/2591
f 491/549/491 2697/3242/2697 4322/5279/4322 2188/2646/2188
f 371/410/371 2188/2646/2188 4322/5279/4322 2590/3111/2590
f 2698/3243/2698 2745/3291/2745 2748/3294/2748 2699/3244/2699
f 4301/5247/4301 2741/3287/2741 3785/4527/3785 2839/3395/2839
f 4305/5252/4305 3793/4541/3793 2742/3288/2742 4302/5248/4302
f 4301/5247/4301 4302/5248/4302 2742/3288/2742 2741/3287/2741
f 2704/3249/2704 2684/3226/2684 2737/4313/2737 2729/5280/2729
f 2689/3231/2689 2722/3268/2722 2735/3281/2735 2690/3232/2690
f 4323/5281/4323 2714/3260/2714 2731/3277/2731 2709/3254/2709
f 2713/3259/2713 2714/3260/2714 4323/5281/4323 4324/5282/4324
f 4325/5283/4325 4324/5282/4324 4323/5281/4323 4326/5284/4326
f 2706/3251/2706 4326/5284/4326 4323/5281/4323 2709/3254/2709
f 2193/2651/2193 4325/5283/4325 4326/5284/4326 2194/2652/2194
f 504/562/504 2194/2652/2194 4326/5284/4326 2706/3251/2706
f 4327/5285/4327 2195/2653/2195 2197/2656/2197 2644/5286/2644
f 2637/3167/2637 2644/3174/2644 2197/2658/2197 2198/2657/2198
f 2638/3168/2638 2637/3167/2637 2198/2657/2198 2199/2659/2199
f 4328/5287/4328 2638/3168/2638 2199/2659/2199 2201/2661/2201
f 4329/5288/4329 4328/5287/4328 2201/2661/2201 2203/2663/2203
f 2629/3159/2629 4329/5288/4329 2203/2663/2203 417/462/417
f 2628/3158/2628 2653/3185/2653 4329/5288/4329 2629/3159/2629
f 2645/3177/2645 2649/3181/2649 4327/5285/4327 2644/5286/2644
f 2204/2665/2204 2195/2653/2195 4327/5285/4327 4330/5289/4330
f 2648/3180/2648 4330/5289/4330 4327/5285/4327 2649/3181/2649
f 2193/2651/2193 2204/2665/2204 4330/5289/4330 4325/5283/4325
f 4324/5282/4324 4325/5283/4325 4330/5289/4330 2648/3180/2648
f 2651/3183/2651 2713/3259/2713 4324/5282/4324 2648/3180/2648
f 2679/3221/2679 2678/3220/2678 2715/3261/2715 4299/5242/4299
f 2656/3188/2656 2659/3191/2659 2711/5238/2711 2657/3189/2657
f 2593/3141/2593 2611/3140/2611 2710/3255/2710 2596/3256/2596
f 2641/3171/2641 4331/5290/4331 4299/5242/4299 2642/3172/2642
f 2632/3162/2632 2680/3222/2680 4331/5290/4331 2641/3171/2641
f 419/464/419 472/527/472 2680/3222/2680 2632/3162/2632
f 2607/3134/2607 2207/2668/2207 465/518/465 2606/3132/2606
f 2587/3108/2587 363/402/363 2207/2668/2207 2607/3134/2607
f 4329/5288/4329 2653/3185/2653 4332/5291/4332 4328/5287/4328
f 2655/3187/2655 2647/5292/2647 4333/5293/4333 2653/3185/2653
f 2652/3184/2652 2646/3176/2646 2647/3179/2647 2655/3204/2655
f 2582/3102/2582 2577/3095/2577 2605/3129/2605 2600/3131/2600
f 2585/3106/2585 2584/3105/2584 2605/3129/2605 4334/5294/4334
f 2576/3094/2576 4334/5294/4334 2605/3129/2605 2577/3095/2577
f 365/404/365 2585/3106/2585 4334/5294/4334 2211/2673/2211
f 348/384/348 2211/2673/2211 4334/5294/4334 2576/3094/2576
f 2582/3104/2582 2600/3124/2600 2599/3123/2599 2583/3103/2583
f 4335/5295/4335 2567/3083/2567 2568/3084/2568 2566/3082/2566
f 2517/3029/2517 2551/3064/2551 4335/5295/4335 2560/3075/2560
f 2558/3073/2558 2560/3075/2560 4335/5295/4335 2566/3082/2566
f 2550/3063/2550 2567/3083/2567 4335/5295/4335 2551/3064/2551
f 2516/3030/2516 2517/3029/2517 2560/3075/2560 2559/3076/2559
f 2515/3027/2515 2516/3028/2516 2559/3074/2559 2520/3033/2520
f 2514/3025/2514 2531/3044/2531 2551/3064/2551 2517/3029/2517
f 2543/3056/2543 2548/3061/2548 2549/3062/2549 2544/3057/2544
f 2542/3055/2542 2545/3058/2545 2548/3061/2548 2543/3056/2543
f 2505/3014/2505 2491/3000/2491 2545/3058/2545 2542/3055/2542
f 2504/3013/2504 2505/3014/2505 2542/3055/2542 2539/3052/2539
f 4336/5296/4336 2538/3051/2538 2541/3054/2541 2533/3046/2533
f 2501/3010/2501 2538/3051/2538 4336/5296/4336 4337/5297/4337
f 4338/5298/4338 4337/5297/4337 4336/5296/4336 4339/5299/4339
f 2528/3041/2528 4339/5299/4339 4336/5296/4336 2533/3046/2533
f 4340/5300/4340 4338/5298/4338 4339/5299/4339 4341/5301/4341
f 2527/3040/2527 4341/5301/4341 4339/5299/4339 2528/3041/2528
f 4342/5302/4342 4340/5300/4340 4341/5301/4341 4343/5303/4343
f 2508/3017/2508 4343/5303/4343 4341/5301/4341 2527/3040/2527
f 4344/5304/4344 4342/5302/4342 4343/5303/4343 4345/5305/4345
f 2511/3020/2511 4345/5305/4345 4343/5303/4343 2508/3017/2508
f 2458/2967/2458 4344/5306/4344 4345/5307/4345 2461/2970/2461
f 2512/3021/2512 2461/2970/2461 4345/5307/4345 2511/3022/2511
f 2441/2946/2441 4342/5302/4342 4344/5304/4344 2446/5308/2446
f 2457/2966/2457 2446/2951/2446 4344/5306/4344 2458/2967/2458
f 2440/2945/2440 4340/5300/4340 4342/5302/4342 2441/2946/2441
f 4346/5309/4346 4338/5298/4338 4340/5300/4340 2440/2945/2440
f 4337/5297/4337 4338/5298/4338 4346/5309/4346 4347/5310/4347
f 4348/5311/4348 4347/5310/4347 4346/5309/4346 2450/2959/2450
f 2443/2948/2443 2450/2959/2450 4346/5309/4346 2440/2945/2440
f 2502/3011/2502 4347/5310/4347 4348/5311/4348 2507/3016/2507
f 2489/2998/2489 2507/3016/2507 4348/5311/4348 4349/5312/4349
f 2449/2958/2449 4349/5312/4349 4348/5311/4348 2450/2959/2450
f 2487/2996/2487 2489/2998/2489 4349/5312/4349 4350/5313/4350
f 2436/2937/2436 4350/5313/4350 4349/5312/4349 2449/2958/2449
f 2501/3010/2501 4337/5297/4337 4347/5310/4347 2502/3011/2502
f 2504/3013/2504 2539/3052/2539 2538/3051/2538 2501/3010/2501
f 2482/2991/2482 2483/2992/2483 2537/3050/2537 2536/3049/2536
f 2482/2991/2482 2536/3049/2536 2535/3048/2535 2523/3036/2523
f 2509/3018/2509 2530/3043/2530 2531/3044/2531 2514/3025/2514
f 2508/3017/2508 2527/3040/2527 2530/3043/2530 2509/3018/2509
f 2494/3003/2494 2522/3035/2522 2521/3034/2521 2492/3001/2492
f 4351/5314/4351 2492/3001/2492 2521/3034/2521 2474/2983/2474
f 2475/2984/2475 2474/2983/2474 2521/3034/2521 2499/3008/2499
f 2463/2972/2463 2492/3001/2492 4351/5314/4351 2460/2969/2460
f 2457/2966/2457 2460/2969/2460 4351/5314/4351 2448/2957/2448
f 2447/2956/2447 2448/2957/2448 4351/5314/4351 2474/2983/2474
f 2496/3005/2496 2515/3027/2515 2522/3035/2522 2494/3003/2494
f 2462/2971/2462 2461/2970/2461 2512/3021/2512 2495/3004/2495
f 2445/2952/2445 2446/2951/2446 2457/2966/2457 2448/2957/2448
f 4350/5313/4350 2454/2963/2454 2453/2962/2453 2487/2996/2487
f 2487/2996/2487 2453/2962/2453 2456/2965/2456 3529/4178/3529
f 2435/2934/2435 2454/2963/2454 4350/5313/4350 2436/2937/2436
f 2434/2933/2434 2451/2960/2451 2454/2963/2454 2435/2934/2435
f 2411/2910/2411 2419/2918/2419 2420/2919/2420 2415/2914/2415
f 2410/2909/2410 2416/2915/2416 2419/2918/2419 2411/2910/2411
f 2294/2782/2294 2293/2781/2293 2416/2915/2416 2410/2909/2410
f 2296/2784/2296 2294/2782/2294 2410/2909/2410 2386/2885/2386
f 2375/2874/2375 2406/2905/2406 2407/2906/2407 2383/2882/2383
f 2371/2870/2371 2401/2900/2401 2406/2905/2406 2375/2874/2375
f 2368/2867/2368 2377/2876/2377 2376/2875/2376 2365/2864/2365
f 2371/2870/2371 2374/2873/2374 2377/2876/2377 2368/2867/2368
f 2342/2837/2342 2370/2869/2370 2369/2868/2369 2341/2836/2341
f 2289/2777/2289 2292/2780/2292 2364/2863/2364 2347/2842/2347
f 2313/2805/2313 2343/2838/2343 2346/2841/2346 2310/2801/2310
f 2318/2812/2318 2339/2834/2339 2340/2835/2340 2317/2809/2317
f 2319/2813/2319 2336/2831/2336 2339/2834/2339 2318/2812/2318
f 2324/4637/2324 2332/2827/2332 2331/2826/2331 2323/5315/2323
f 2311/2804/2311 2312/2803/2312 2319/2813/2319 2314/2814/2314
f 2311/2802/2311 2314/2806/2314 2313/2805/2313 2310/2801/2310
f 2232/5316/2232 2239/2716/2239 2247/2724/2247 2246/4875/2246
f 2235/5317/2235 2238/4877/2238 2243/2720/2243 2240/2717/2240
f 2235/2712/2235 2240/5318/2240 2239/5319/2239 2232/2709/2232
f 4331/5290/4331 2680/3222/2680 2679/3221/2679 4299/5242/4299
f 4320/5276/4320 2672/3209/2672 2671/3208/2671 2701/3246/2701
f 2823/3379/2823 2824/3380/2824 2798/3354/2798 2797/3353/2797
f 1627/5320/1627 3779/4511/3779 3780/4512/3780 1626/4513/1626
f 2902/3460/2902 2919/3480/2919 2950/3511/2950 2895/3453/2895
f 3148/3730/3148 3159/3741/3159 2276/2764/2276 3149/3731/3149
f 3442/4073/3442 3462/4101/3462 3450/4086/3450 3441/4072/3441
f 3726/4440/3726 3725/4439/3725 3777/4509/3777 3781/5321/3781
f 3723/4437/3723 3721/4435/3721 2944/3505/2944 3781/4516/3781
f 4333/5293/4333 2647/5292/2647 2640/3170/2640 2639/3169/2639
f 2638/3168/2638 4328/5287/4328 4333/5293/4333 2639/3169/2639
f 2782/3334/2782 2779/3331/2779 585/2702/585 2229/2701/2229
f 2115/2703/2115 4259/5188/4259 2782/3334/2782 2229/2701/2229
f 3750/5322/3750 3742/4463/3742 2893/4461/2893 2889/5323/2889
f 3745/4468/3745 3744/4465/3744 3742/4463/3742 3750/5322/3750
f 4352/5324/4352 3395/4015/3395 3397/4017/3397 4353/5325/4353
f 4352/5324/4352 4046/4892/4046 4048/4894/4048 3395/4015/3395
f 4046/4892/4046 4352/5324/4352 4353/5325/4353 3440/4071/3440
f 4353/5325/4353 3397/4017/3397 3410/4030/3410 3440/4071/3440
f 3734/4453/3734 3737/4456/3737 3771/4501/3771 3736/4455/3736
f 617/689/617 620/692/620 622/694/622
f 624/698/624 640/715/640 625/699/625
f 1208/1350/1208 1222/1368/1222 1219/1365/1219
f 2200/2660/2200 2209/2670/2209 2208/2669/2208
f 2208/2669/2208 2209/2670/2209 440/488/440
f 31/31/31 30/30/30 29/29/29
f 1627/1873/1627 1543/1766/1543 1631/1879/1631
f 1628/2700/1628 754/842/754 755/843/755
f 1628/1875/1628 1548/1771/1548 754/1773/754
f 1616/2708/1616 1559/1792/1559 1558/1790/1558
f 1616/2708/1616 1570/1803/1570 1559/1792/1559
f 2811/3367/2811 2809/3365/2809 2805/3361/2805
f 2813/3369/2813 2829/3385/2829 2814/3370/2814
f 3409/4029/3409 3411/4031/3411 3396/4016/3396
f 4332/5291/4332 4333/5293/4333 4328/5287/4328
f 2653/3185/2653 4333/5293/4333 4332/5291/4332
f 2261/2744/2261 2260/2743/2260 2263/2746/2263
f 1631/4520/1631 3722/4436/3722 1627/4515/1627
f 2944/3505/2944 2943/3504/2943 3781/4516/3781
f 2943/3504/2943 3726/4444/3726 3781/4516/3781
f 3737/4456/3737 3739/4458/3739 3771/4501/3771
f 3739/4458/3739 3746/4470/3746 3771/4501/3771
