# split from a merged terrain OBJ by scripts/split-terrain-obj-parts.py
o part-000
v 0.316754 0.090882 0.024662
v 0.322143 0.089596 0.016410
v 0.320927 0.093138 0.014889
v 0.313602 0.093373 0.022327
v 0.319730 0.089081 0.009954
v 0.316489 0.093312 0.011698
v 0.308222 0.093821 0.018098
v 0.320039 0.078099 0.011745
v 0.321951 0.078746 0.018058
v 0.322126 0.073093 0.018184
v 0.316419 0.069823 0.014601
v 0.317194 0.078450 0.025069
v 0.316094 0.072975 0.024187
v 0.312804 0.068885 0.021342
v 0.285750 0.068053 0.039420
v 0.293877 0.065148 0.027889
v 0.298579 0.067608 0.031699
v 0.290255 0.070754 0.043504
v 0.294768 0.073497 0.047656
v 0.302973 0.072822 0.037819
v 0.309309 0.073139 0.030758
v 0.306584 0.067500 0.026502
v 0.290201 0.052545 0.025560
v 0.298786 0.054199 0.025766
v 0.305550 0.055815 0.023828
v 0.310808 0.057121 0.018904
v 0.313529 0.057758 0.013384
v 0.315726 0.076727 0.005113
v 0.313271 0.069989 0.006939
v 0.310932 0.058938 0.007379
v 0.297172 0.069831 -0.006963
v 0.302794 0.061398 -0.002042
v 0.295315 0.066796 0.001255
v 0.287009 0.067020 -0.009666
v 0.286648 0.044620 -0.012653
v 0.296520 0.043785 0.000190
v 0.301701 0.043125 -0.001764
v 0.310984 0.075337 -0.002110
v 0.308824 0.069754 0.000840
v 0.301929 0.074077 -0.013406
v 0.307159 0.060066 0.002100
v 0.241045 0.092625 0.091685
v 0.235293 0.092514 0.096821
v 0.240152 0.092353 0.101773
v 0.245513 0.092383 0.096224
v 0.246605 0.087475 0.097413
v 0.236881 0.088001 0.104307
v 0.232134 0.088929 0.099095
v 0.257124 0.067620 0.070366
v 0.251491 0.067152 0.076873
v 0.244719 0.062808 0.068376
v 0.252234 0.064113 0.063950
v 0.251532 0.060725 0.083302
v 0.246621 0.056849 0.072292
v 0.251065 0.056410 0.062792
v 0.262479 0.045484 -0.047167
v 0.251453 0.044345 -0.064836
v 0.248993 0.067013 -0.064740
v 0.261531 0.067130 -0.045945
v 0.256308 0.047944 -0.070717
v 0.254343 0.068453 -0.068147
v 0.267372 0.070700 -0.049122
v 0.243946 0.049981 0.090470
v 0.251186 0.049316 0.083600
v 0.242864 0.061012 0.092359
v 0.240218 0.068891 0.097456
v 0.248416 0.069630 0.092285
v 0.255046 0.070105 0.084996
v 0.248236 0.047817 0.073613
v 0.314874 0.014526 0.012535
v 0.316724 0.015556 0.007902
v 0.312171 0.018355 0.005701
v 0.313176 0.019645 0.012560
v 0.312539 0.028491 0.012802
v 0.310106 0.027665 0.007043
v 0.306037 0.026118 0.000769
v 0.307803 0.018008 -0.002545
v 0.308706 0.013060 -0.004494
v 0.313123 0.012107 0.001805
v 0.315935 0.010930 0.006618
v 0.246901 0.081329 0.097405
v 0.236325 0.082188 0.104222
v 0.238036 0.074568 0.101833
v 0.248229 0.075136 0.096563
v 0.233509 0.069346 0.097714
v 0.231635 0.075489 0.099300
v 0.231805 0.082643 0.099118
v 0.316240 0.010051 0.012203
v 0.299705 0.022850 -0.003449
v 0.297173 0.021517 -0.001895
v 0.286900 0.022256 -0.014671
v 0.290474 0.019468 -0.017491
v 0.306037 0.043028 0.002091
v 0.302945 0.017572 -0.009078
v 0.294313 0.016852 -0.020307
v 0.315266 0.001439 0.016815
v 0.312567 0.000099 0.013608
v 0.317086 0.000062 0.009226
v 0.318011 0.003202 0.010502
v 0.308809 0.000079 0.009276
v 0.313863 0.000088 0.005865
v 0.315612 0.003279 0.005331
v 0.272608 0.075057 -0.051676
v 0.262648 0.074078 -0.069864
v 0.256852 0.072978 -0.079668
v 0.254588 0.064847 -0.078168
v 0.255341 0.048331 -0.077292
v 0.249365 0.098961 0.047018
v 0.244409 0.096499 0.040341
v 0.233175 0.098309 0.050698
v 0.239970 0.098016 0.058787
v 0.233896 0.094272 0.026879
v 0.222333 0.096143 0.036530
v 0.231857 0.095808 0.066803
v 0.225018 0.097352 0.056225
v 0.215564 0.097692 0.042523
v 0.260724 0.038123 0.055702
v 0.251941 0.036363 0.065470
v 0.252790 0.025824 0.065751
v 0.261584 0.027898 0.056470
v 0.249756 0.036234 0.074132
v 0.252289 0.023629 0.072556
v 0.262974 0.019589 0.058355
v 0.217215 0.099170 -0.042757
v 0.223167 0.096618 -0.036302
v 0.232448 0.096817 -0.043140
v 0.229221 0.100156 -0.048765
v 0.230948 0.094967 -0.028455
v 0.239588 0.095221 -0.038308
v 0.247529 0.092907 -0.097893
v 0.240477 0.082905 -0.092068
v 0.239127 0.089433 -0.085930
v 0.251694 0.093056 -0.090614
v 0.230667 0.081959 -0.088968
v 0.230852 0.090540 -0.088948
v 0.257088 0.093311 -0.081125
v 0.245181 0.094174 -0.074082
v 0.223270 0.091910 -0.081035
v 0.227352 0.092885 -0.075328
v 0.233454 0.095574 -0.064532
v 0.267422 0.016052 0.062740
v 0.256377 0.015499 0.076456
v 0.250573 0.036568 0.083983
v 0.249500 0.023737 0.084626
v 0.248564 0.014238 0.087702
v 0.241265 0.076070 -0.093456
v 0.249914 0.082224 -0.093887
v 0.252647 0.084671 -0.089095
v 0.250579 0.076506 -0.092831
v 0.247581 0.074708 -0.094702
v 0.249074 0.070672 -0.089282
v 0.244863 0.070466 -0.090287
v 0.239473 0.070394 -0.089082
v 0.225343 0.066326 0.084826
v 0.220827 0.067932 0.076817
v 0.227000 0.059949 0.075304
v 0.226121 0.055750 0.083854
v 0.226354 0.039429 0.082865
v 0.226291 0.041565 0.076399
v 0.227286 0.042401 0.069330
v 0.229061 0.056995 0.069785
v 0.214079 0.067408 0.066635
v 0.219557 0.063553 0.062366
v 0.221493 0.054783 0.060443
v 0.230136 0.075639 -0.088670
v 0.231538 0.070640 -0.084803
v 0.222077 0.084500 -0.082163
v 0.220917 0.042321 0.061122
v 0.244259 0.036522 0.089838
v 0.236742 0.036801 0.092904
v 0.235814 0.021182 0.093884
v 0.243331 0.022510 0.091208
v 0.230758 0.037910 0.088364
v 0.230255 0.022502 0.088326
v 0.242174 0.014352 0.094552
v 0.233906 0.016855 0.097518
v 0.234894 0.007710 0.097725
v 0.232579 0.008661 0.093730
v 0.229077 0.009915 0.088452
v 0.241567 0.006085 0.096040
v 0.214134 0.071187 -0.071127
v 0.223863 0.070662 -0.078071
v 0.228805 0.064380 -0.071675
v 0.218540 0.067670 -0.064467
v 0.223231 0.064398 -0.058304
v 0.233539 0.063362 -0.064873
v 0.232623 0.062407 -0.081006
v 0.232390 0.052623 -0.064354
v 0.232303 0.051088 -0.071751
v 0.233357 0.050063 -0.079064
v 0.225568 0.054147 -0.056291
v 0.225219 0.027543 0.076296
v 0.226465 0.030125 0.069764
v 0.226244 0.021914 0.070499
v 0.220961 0.017684 0.074883
v 0.214274 0.013219 0.068181
v 0.220454 0.021522 0.063086
v 0.220522 0.030976 0.061968
v 0.199133 0.094222 -0.009547
v 0.185050 0.099374 -0.009552
v 0.191421 0.094628 -0.009040
v 0.197806 0.097006 0.003999
v 0.193345 0.098514 0.011487
v 0.184286 0.097862 0.000597
v 0.246035 0.006383 0.090942
v 0.226029 0.025062 0.082633
v 0.225041 0.012235 0.082828
v 0.255396 0.010349 -0.086399
v 0.251169 0.010065 -0.090629
v 0.248293 0.017895 -0.088990
v 0.253810 0.017232 -0.085168
v 0.251997 0.024656 -0.082932
v 0.247736 0.025752 -0.086830
v 0.246971 0.010343 -0.093356
v 0.246931 0.015642 -0.093647
v 0.240814 0.015990 -0.090736
v 0.242691 0.018968 -0.087038
v 0.243400 0.026095 -0.085976
v 0.209660 0.097658 -0.027090
v 0.192661 0.099595 -0.018805
v 0.217541 0.094597 -0.018606
v 0.180216 0.098585 -0.015414
v 0.241117 0.010184 -0.091213
v 0.251255 0.004713 -0.090491
v 0.250081 0.000041 -0.089673
v 0.247089 0.001071 -0.093836
v 0.247069 0.005184 -0.093544
v 0.241501 0.004682 -0.091170
v 0.242846 0.000151 -0.089921
v 0.246404 0.000080 -0.086172
v 0.225524 0.021684 -0.061128
v 0.228824 0.024128 -0.055153
v 0.237046 0.030730 -0.062286
v 0.233208 0.026132 -0.069662
v 0.233739 0.038936 -0.071306
v 0.235256 0.041927 -0.063381
v 0.227496 0.043967 -0.055217
v 0.228546 0.035149 -0.053773
v 0.234010 0.037553 -0.078066
v 0.234227 0.026533 -0.077999
v 0.233378 0.019623 -0.079454
v 0.229028 0.018875 -0.073664
v 0.222224 0.018944 -0.066245
v 0.153592 0.085979 -0.029816
v 0.148486 0.086724 -0.025085
v 0.149414 0.091560 -0.025841
v 0.153725 0.091041 -0.029579
v 0.156465 0.092035 -0.025469
v 0.151363 0.091761 -0.021696
v 0.149108 0.087889 -0.019889
v 0.178188 0.065703 -0.030936
v 0.171774 0.065707 -0.028191
v 0.166315 0.067050 -0.032375
v 0.173146 0.068905 -0.036796
v 0.168315 0.071979 -0.041536
v 0.160782 0.073453 -0.036525
v 0.154048 0.073972 -0.031026
v 0.157962 0.067629 -0.028894
v 0.160499 0.057569 -0.028059
v 0.166843 0.056841 -0.031541
v 0.173068 0.057767 -0.026544
v 0.182337 0.058546 -0.024552
v 0.166515 0.069555 0.003384
v 0.161815 0.067699 -0.002584
v 0.165862 0.056962 -0.005363
v 0.170500 0.065853 0.000239
v 0.158323 0.064566 -0.008257
v 0.160349 0.050645 -0.007328
v 0.175066 0.059980 -0.003516
v 0.175884 0.049251 -0.001320
v 0.178866 0.065125 0.009375
v 0.182601 0.057873 0.006943
v 0.179958 0.027311 -0.022433
v 0.193026 0.031564 -0.026747
v 0.197362 0.026240 -0.028602
v 0.191169 0.022279 -0.030678
v 0.170740 0.013285 -0.035732
v 0.162755 0.014695 -0.031200
v 0.167845 0.026755 -0.029997
v 0.173814 0.019253 -0.033115
v 0.177567 0.022981 -0.028389
v 0.174401 0.033516 -0.025757
v 0.155376 0.017023 -0.026456
v 0.160702 0.028807 -0.026359
v 0.156322 0.000065 -0.024352
v 0.148881 0.007591 -0.019932
v 0.152491 0.007416 -0.024364
v 0.159629 0.006008 -0.028828
v 0.151195 0.018692 -0.021963
v 0.150750 0.008402 -0.014929
v 0.151725 0.018721 -0.015946
v 0.154856 0.031229 -0.017008
v 0.156233 0.030319 -0.022217
v 0.154054 0.046072 -0.017412
v 0.156323 0.045094 -0.023080
v 0.161517 0.044413 -0.027563
v 0.154933 0.058483 -0.023796
v 0.167966 0.044070 -0.030427
v 0.173493 0.046453 -0.025315
v 0.182058 0.048262 -0.022247
v 0.181302 0.038247 -0.020277
v 0.191437 0.048194 -0.029051
v 0.191896 0.039341 -0.027449
v 0.203341 0.047211 -0.037761
v 0.204695 0.038785 -0.036875
v 0.205939 0.030992 -0.036164
v 0.217550 0.037372 -0.046059
v 0.218538 0.029976 -0.045160
v 0.218496 0.023867 -0.046629
v 0.206465 0.024142 -0.036988
v 0.215680 0.021304 -0.051888
v 0.203745 0.021550 -0.041826
v 0.212855 0.018713 -0.057030
v 0.201103 0.018806 -0.047070
v 0.187591 0.019380 -0.036046
v 0.198656 0.016342 -0.051706
v 0.184438 0.016702 -0.040848
v 0.198276 0.011952 -0.053477
v 0.183122 0.012470 -0.042935
v 0.199144 0.006147 -0.053421
v 0.183529 0.006422 -0.042395
v 0.170312 0.006639 -0.034728
v 0.184187 0.001273 -0.042041
v 0.169759 0.001077 -0.033708
v 0.187588 0.000105 -0.037915
v 0.170682 0.000082 -0.027858
v 0.152057 0.000186 -0.014442
v 0.173815 0.000068 -0.022719
v 0.155505 0.000177 -0.011478
v 0.154688 0.008683 -0.011016
v 0.160463 0.000166 -0.007215
v 0.159311 0.008959 -0.006672
v 0.160087 0.019025 -0.006059
v 0.155287 0.018811 -0.010636
v 0.161849 0.032457 -0.006249
v 0.157522 0.031709 -0.011310
v 0.156712 0.047543 -0.012059
v 0.154757 0.061732 -0.013166
v 0.152367 0.059732 -0.018384
v 0.152723 0.070296 -0.013625
v 0.149750 0.068726 -0.018797
v 0.152018 0.068220 -0.024386
v 0.148595 0.075698 -0.019168
v 0.148417 0.074485 -0.025981
v 0.148888 0.082190 -0.019645
v 0.148416 0.080993 -0.025319
v 0.153679 0.080266 -0.030264
v 0.159850 0.085780 -0.034769
v 0.160083 0.079670 -0.035444
v 0.167128 0.085944 -0.040372
v 0.167287 0.078943 -0.041253
v 0.175532 0.085843 -0.046642
v 0.175645 0.078409 -0.047797
v 0.176993 0.071847 -0.047312
v 0.186394 0.077948 -0.055904
v 0.188145 0.071633 -0.054412
v 0.193111 0.068308 -0.048621
v 0.181841 0.068683 -0.041973
v 0.198630 0.064648 -0.042346
v 0.187394 0.065015 -0.035546
v 0.201953 0.056670 -0.038883
v 0.191036 0.057754 -0.030862
v 0.211423 0.064565 -0.050529
v 0.214226 0.055444 -0.047967
v 0.216068 0.045783 -0.046961
v 0.206383 0.068069 -0.056935
v 0.201863 0.071570 -0.063342
v 0.200107 0.077526 -0.066134
v 0.211902 0.076940 -0.074842
v 0.200376 0.085822 -0.065821
v 0.212042 0.085294 -0.074514
v 0.221512 0.076203 -0.081974
v 0.201974 0.092325 -0.063591
v 0.213225 0.092655 -0.072572
v 0.206696 0.093266 -0.057054
v 0.217856 0.093465 -0.065976
v 0.212111 0.094762 -0.049615
v 0.223746 0.095419 -0.057216
v 0.202275 0.098787 -0.034310
v 0.197153 0.094434 -0.040173
v 0.192083 0.092984 -0.046746
v 0.183315 0.093503 -0.032503
v 0.179496 0.092552 -0.038887
v 0.187562 0.092099 -0.052721
v 0.176235 0.091691 -0.044489
v 0.170442 0.092367 -0.033798
v 0.167622 0.091761 -0.038768
v 0.186235 0.085978 -0.055092
v 0.165959 0.092635 -0.024054
v 0.173506 0.092947 -0.027932
v 0.162679 0.092200 -0.029605
v 0.159770 0.090967 -0.034222
v 0.169910 0.093494 -0.018189
v 0.177182 0.094097 -0.021345
v 0.187882 0.096091 -0.025729
v 0.174642 0.095178 -0.012013
v 0.175012 0.094024 -0.002928
v 0.179456 0.096737 -0.005901
v 0.169551 0.093573 -0.009131
v 0.164551 0.092760 -0.015014
v 0.164396 0.092339 -0.005920
v 0.159593 0.092223 -0.011606
v 0.160256 0.092360 -0.020369
v 0.155262 0.091941 -0.016829
v 0.156435 0.089392 -0.009652
v 0.152722 0.088788 -0.014949
v 0.160087 0.084391 -0.003558
v 0.160596 0.089951 -0.003670
v 0.155910 0.083477 -0.009566
v 0.152346 0.082986 -0.014675
v 0.155737 0.077524 -0.008974
v 0.152110 0.076699 -0.014150
v 0.159865 0.072811 -0.002229
v 0.159895 0.078541 -0.002988
v 0.155888 0.071464 -0.008127
v 0.164451 0.073785 0.004465
v 0.164571 0.079413 0.003958
v 0.164983 0.085177 0.003631
v 0.170330 0.079526 0.012828
v 0.170629 0.085420 0.012254
v 0.170980 0.090796 0.011805
v 0.165498 0.090429 0.003452
v 0.175903 0.092574 0.008510
v 0.169872 0.092473 0.000616
v 0.181039 0.094555 0.004624
v 0.183515 0.092560 0.019158
v 0.188698 0.094651 0.015317
v 0.193744 0.092277 0.035114
v 0.199357 0.093490 0.030862
v 0.204383 0.098715 0.026813
v 0.210340 0.093913 0.047175
v 0.210692 0.096435 0.020569
v 0.218730 0.094466 0.009239
v 0.246414 0.094565 0.015014
v 0.232173 0.094610 -0.002818
v 0.257334 0.094896 0.004041
v 0.243106 0.094934 -0.013954
v 0.265503 0.096485 -0.005995
v 0.251613 0.095220 -0.024008
v 0.271289 0.099254 -0.013959
v 0.256416 0.099147 -0.032521
v 0.242512 0.100134 -0.048706
v 0.278860 0.094454 -0.020640
v 0.264838 0.094569 -0.041178
v 0.253026 0.094568 -0.059686
v 0.275825 0.093531 -0.050946
v 0.264202 0.093483 -0.069036
v 0.275456 0.087186 -0.051776
v 0.264283 0.086449 -0.069443
v 0.257485 0.085810 -0.080708
v 0.264246 0.079731 -0.069902
v 0.257763 0.079227 -0.080497
v 0.253545 0.078107 -0.087631
v 0.252844 0.072127 -0.085196
v 0.248231 0.062342 -0.086788
v 0.251492 0.063100 -0.082888
v 0.243560 0.049038 -0.086822
v 0.243407 0.061756 -0.088351
v 0.248271 0.048656 -0.086269
v 0.251702 0.048484 -0.082105
v 0.248269 0.035718 -0.086282
v 0.251859 0.034830 -0.082103
v 0.255658 0.033576 -0.077351
v 0.256073 0.023538 -0.078408
v 0.258028 0.030592 -0.072176
v 0.259837 0.022006 -0.073661
v 0.258705 0.016640 -0.080924
v 0.263207 0.016510 -0.075758
v 0.254190 0.021258 -0.066732
v 0.261976 0.019051 -0.066112
v 0.267528 0.016275 -0.066956
v 0.264516 0.010703 -0.076083
v 0.268979 0.011428 -0.066530
v 0.268881 0.019172 -0.051129
v 0.273524 0.016745 -0.053205
v 0.274701 0.012103 -0.053491
v 0.269028 0.005816 -0.065621
v 0.274578 0.006600 -0.053121
v 0.283850 0.016924 -0.035640
v 0.284909 0.012513 -0.036591
v 0.284565 0.007136 -0.036605
v 0.274451 0.001752 -0.052746
v 0.284213 0.002179 -0.036585
v 0.295683 0.012597 -0.021598
v 0.295185 0.007409 -0.021875
v 0.294788 0.002394 -0.021925
v 0.281186 0.000249 -0.034737
v 0.292098 0.000175 -0.020074
v 0.302808 0.007669 -0.011942
v 0.302228 0.002612 -0.012373
v 0.299547 0.000203 -0.010881
v 0.287651 0.000102 -0.017023
v 0.294979 0.000129 -0.007911
v 0.307639 0.002848 -0.005406
v 0.305098 0.000195 -0.004190
v 0.300166 0.000111 -0.001213
v 0.289801 0.000087 -0.004692
v 0.294657 0.000079 0.002213
v 0.309682 0.000138 0.001148
v 0.304688 0.000090 0.004433
v 0.299222 0.000072 0.008185
v 0.288543 0.000057 0.006290
v 0.293067 0.000063 0.012443
v 0.302906 0.000081 0.013168
v 0.296815 0.000072 0.017614
v 0.286213 0.000051 0.017564
v 0.290202 0.000059 0.022776
v 0.306350 0.000094 0.017734
v 0.300272 0.000092 0.022136
v 0.293727 0.000074 0.027408
v 0.282643 0.000047 0.028999
v 0.286441 0.000049 0.033803
v 0.303206 0.000110 0.026005
v 0.296884 0.000085 0.031581
v 0.289903 0.000046 0.038042
v 0.277141 0.000038 0.042413
v 0.280466 0.000031 0.047107
v 0.297634 0.004557 0.033120
v 0.290748 0.004557 0.039845
v 0.281507 0.004330 0.049183
v 0.266830 0.000100 0.060325
v 0.268460 0.003668 0.063146
v 0.290410 0.010886 0.040686
v 0.281175 0.010881 0.049952
v 0.268535 0.010009 0.063529
v 0.254828 0.002286 0.079279
v 0.256572 0.008575 0.077603
v 0.279275 0.016545 0.049124
v 0.288738 0.016414 0.039943
v 0.284010 0.021010 0.035270
v 0.274395 0.021010 0.045423
v 0.283375 0.031133 0.034304
v 0.273108 0.030176 0.044370
v 0.282759 0.041354 0.033745
v 0.272497 0.039980 0.043749
v 0.281941 0.050752 0.033409
v 0.271595 0.049119 0.043488
v 0.260306 0.047897 0.054726
v 0.251420 0.047270 0.063785
v 0.270771 0.057839 0.043179
v 0.260039 0.056911 0.053789
v 0.271596 0.065092 0.044880
v 0.261052 0.064648 0.055458
v 0.276097 0.068042 0.049881
v 0.265796 0.067766 0.060651
v 0.280688 0.070970 0.054678
v 0.270470 0.071088 0.066198
v 0.261574 0.070971 0.076359
v 0.273929 0.074894 0.070442
v 0.264501 0.075310 0.080502
v 0.255954 0.075377 0.088600
v 0.263779 0.081339 0.080783
v 0.255198 0.081261 0.089194
v 0.263067 0.087936 0.080912
v 0.254560 0.087637 0.089544
v 0.260969 0.092527 0.079500
v 0.252716 0.092438 0.088395
v 0.256273 0.092910 0.075320
v 0.248159 0.092723 0.084477
v 0.250930 0.093309 0.070341
v 0.242953 0.093031 0.079533
v 0.236299 0.092883 0.085853
v 0.230739 0.092731 0.090274
v 0.237537 0.093345 0.073431
v 0.231516 0.093145 0.078975
v 0.226215 0.092751 0.083116
v 0.227541 0.089434 0.092951
v 0.222552 0.089762 0.086196
v 0.226490 0.093768 0.070945
v 0.220986 0.092624 0.074933
v 0.216601 0.089918 0.078271
v 0.222436 0.083571 0.086840
v 0.216381 0.083833 0.078885
v 0.214216 0.092722 0.064943
v 0.209296 0.090128 0.068654
v 0.209069 0.084011 0.069332
v 0.216134 0.077273 0.079466
v 0.208815 0.077258 0.070023
v 0.199838 0.090475 0.055973
v 0.199457 0.084287 0.056725
v 0.199130 0.077221 0.057524
v 0.209276 0.070790 0.070071
v 0.199869 0.070595 0.057599
v 0.188051 0.085022 0.039938
v 0.187774 0.077617 0.040774
v 0.188184 0.070608 0.041239
v 0.205308 0.066866 0.054205
v 0.193725 0.066812 0.038625
v 0.177567 0.078808 0.024309
v 0.177312 0.072771 0.024981
v 0.181823 0.068152 0.023043
v 0.200211 0.062803 0.035444
v 0.188286 0.063888 0.020141
v 0.170171 0.073733 0.013492
v 0.173171 0.069107 0.012258
v 0.212700 0.053354 0.049389
v 0.211464 0.062810 0.050475
v 0.202363 0.053389 0.035647
v 0.191617 0.055098 0.020114
v 0.202881 0.042403 0.037400
v 0.191836 0.043635 0.021648
v 0.182840 0.045819 0.008701
v 0.191847 0.031305 0.022953
v 0.183071 0.032000 0.010682
v 0.175690 0.032828 0.001964
v 0.181023 0.019478 0.013079
v 0.173323 0.019664 0.004813
v 0.167880 0.034654 -0.003703
v 0.165600 0.019843 -0.000834
v 0.170707 0.009799 0.006595
v 0.164837 0.009465 -0.000986
v 0.178562 0.000203 0.014421
v 0.177299 0.010303 0.015626
v 0.171951 0.000211 0.005609
v 0.165960 0.000192 -0.001585
v 0.188933 0.000040 -0.004790
v 0.183176 0.000047 -0.012157
v 0.178090 0.000060 -0.017836
v 0.191801 0.000067 -0.033044
v 0.196368 0.000045 -0.028294
v 0.200983 0.000028 -0.022927
v 0.212640 0.000029 -0.041062
v 0.217291 0.000019 -0.036347
v 0.222795 0.000013 -0.030334
v 0.206376 0.000013 -0.016593
v 0.229915 0.000009 -0.021751
v 0.213221 0.000001 -0.008518
v 0.195533 0.000041 0.003811
v 0.222516 0.000000 0.003146
v 0.204209 0.000031 0.015700
v 0.187703 0.000178 0.027278
v 0.186292 0.010927 0.028285
v 0.216598 0.000038 0.033476
v 0.200018 0.000243 0.045076
v 0.198284 0.011344 0.045527
v 0.209343 0.000383 0.058456
v 0.207708 0.011904 0.058897
v 0.211944 0.020449 0.054316
v 0.202152 0.019887 0.041668
v 0.190234 0.019730 0.025202
v 0.203125 0.030882 0.039102
v 0.213015 0.031015 0.052301
v 0.212767 0.042184 0.050615
v 0.215945 0.000355 0.067593
v 0.238260 0.000093 0.061883
v 0.221448 0.000233 0.075498
v 0.232708 0.000079 0.055346
v 0.226271 0.000057 0.047096
v 0.235157 0.000018 0.019909
v 0.244012 0.000039 0.031383
v 0.250336 0.000053 0.039412
v 0.258889 0.000030 0.017831
v 0.264925 0.000038 0.025942
v 0.269523 0.000042 0.031877
v 0.255214 0.000064 0.045668
v 0.273427 0.000041 0.037228
v 0.259068 0.000074 0.051007
v 0.243036 0.000105 0.067159
v 0.225838 0.000147 0.082127
v 0.263035 0.000090 0.055891
v 0.247204 0.000115 0.072197
v 0.229609 0.000144 0.087987
v 0.251608 0.000116 0.076449
v 0.232650 0.000239 0.092939
v 0.235692 0.000333 0.097892
v 0.278617 0.000043 0.023745
v 0.274010 0.000037 0.017796
v 0.281654 0.000042 0.011458
v 0.268240 0.000029 0.010137
v 0.276224 0.000037 0.004230
v 0.283423 0.000056 -0.000550
v 0.269730 0.000032 -0.004776
v 0.277067 0.000046 -0.009567
v 0.283042 0.000069 -0.013824
v 0.266416 0.000036 -0.025195
v 0.272165 0.000063 -0.028982
v 0.276624 0.000113 -0.031858
v 0.261544 0.000083 -0.045559
v 0.266178 0.000128 -0.048128
v 0.271019 0.000164 -0.050822
v 0.259967 0.000102 -0.058858
v 0.264991 0.000129 -0.061904
v 0.269087 0.001241 -0.064746
v 0.259669 0.000149 -0.070511
v 0.263742 0.000270 -0.074058
v 0.264758 0.004901 -0.075548
v 0.258980 0.000186 -0.080145
v 0.259877 0.004587 -0.081212
v 0.259810 0.010536 -0.081562
v 0.255377 0.004383 -0.086235
v 0.254412 0.000104 -0.085263
v 0.250722 0.000096 -0.081845
v 0.255101 0.000132 -0.076763
v 0.246021 0.000092 -0.077772
v 0.250329 0.000101 -0.072921
v 0.254983 0.000107 -0.066893
v 0.244989 0.000080 -0.068764
v 0.249679 0.000079 -0.063019
v 0.254910 0.000080 -0.055600
v 0.243863 0.000056 -0.058689
v 0.249065 0.000052 -0.051934
v 0.255539 0.000047 -0.042100
v 0.242156 0.000026 -0.047391
v 0.248576 0.000023 -0.037605
v 0.259212 0.000022 -0.020500
v 0.240891 0.000014 -0.031499
v 0.251124 0.000015 -0.015342
v 0.261515 0.000022 0.000620
v 0.239940 0.000007 -0.008175
v 0.251230 0.000017 0.007501
v 0.234274 0.000014 -0.041227
v 0.229433 0.000020 -0.047487
v 0.237138 0.000035 -0.053742
v 0.225012 0.000032 -0.052166
v 0.232511 0.000046 -0.058745
v 0.239086 0.000062 -0.064113
v 0.228301 0.000061 -0.062814
v 0.234899 0.000070 -0.068493
v 0.240754 0.000081 -0.073394
v 0.230938 0.000080 -0.072455
v 0.236731 0.000082 -0.077483
v 0.241946 0.000088 -0.082034
v 0.233082 0.000085 -0.081085
v 0.238211 0.000099 -0.085739
v 0.231855 0.004423 -0.082269
v 0.236944 0.004303 -0.086929
v 0.231524 0.010103 -0.082490
v 0.236506 0.009934 -0.087061
v 0.231174 0.014999 -0.082614
v 0.235889 0.014924 -0.086881
v 0.238094 0.019441 -0.083093
v 0.238460 0.026551 -0.082278
v 0.238676 0.036868 -0.082287
v 0.243601 0.036288 -0.085807
v 0.238622 0.049589 -0.083550
v 0.238478 0.061810 -0.085770
v 0.226124 0.015964 -0.077256
v 0.226071 0.010559 -0.077664
v 0.219075 0.016088 -0.070336
v 0.218719 0.011012 -0.071097
v 0.226329 0.004637 -0.077250
v 0.219255 0.005013 -0.070816
v 0.209892 0.011450 -0.063360
v 0.210897 0.005706 -0.063380
v 0.227374 0.000090 -0.075986
v 0.220468 0.000094 -0.069916
v 0.212024 0.000098 -0.063413
v 0.199967 0.001044 -0.053299
v 0.224181 0.000080 -0.066596
v 0.216394 0.000073 -0.059786
v 0.203865 0.000047 -0.049632
v 0.220632 0.000049 -0.056068
v 0.208167 0.000041 -0.045375
v 0.210147 0.016279 -0.061682
v 0.177908 0.085510 0.023598
v 0.188965 0.091512 0.038772
v 0.178890 0.091618 0.022525
v 0.204899 0.092384 0.051795
v 0.219802 0.094321 0.060546
v 0.216543 0.070968 0.079454
v 0.222573 0.071061 0.087042
v 0.222250 0.077161 0.087229
v 0.227664 0.070569 0.093132
v 0.227131 0.076582 0.093578
v 0.227375 0.083148 0.093332
v 0.234967 0.062591 0.094068
v 0.230011 0.064672 0.090583
v 0.235622 0.050985 0.093474
v 0.230485 0.052892 0.088984
v 0.245080 0.094126 0.064347
v 0.260053 0.093609 0.059645
v 0.254340 0.094804 0.053418
v 0.272283 0.094193 0.046647
v 0.266968 0.096294 0.040771
v 0.262250 0.099659 0.035091
v 0.278212 0.097163 0.030664
v 0.273518 0.100015 0.025005
v 0.269167 0.095765 0.019493
v 0.257544 0.096083 0.029229
v 0.282453 0.100154 0.017384
v 0.276251 0.098774 0.009033
v 0.289657 0.098239 0.011508
v 0.282464 0.098883 0.001312
v 0.297320 0.094275 0.006321
v 0.290439 0.094298 -0.004526
v 0.306098 0.093445 -0.000375
v 0.302130 0.093130 -0.013278
v 0.289984 0.093394 -0.030250
v 0.301990 0.087127 -0.013869
v 0.289495 0.087396 -0.030998
v 0.301863 0.080637 -0.014494
v 0.288347 0.081143 -0.031472
v 0.275187 0.080671 -0.051957
v 0.285812 0.075087 -0.030964
v 0.281433 0.070667 -0.028563
v 0.275242 0.067085 -0.025849
v 0.275331 0.045250 -0.028431
v 0.263766 0.022196 -0.048419
v 0.276111 0.022228 -0.030411
v 0.279969 0.019469 -0.032974
v 0.309834 0.088367 -0.003430
v 0.310199 0.081710 -0.003019
v 0.315377 0.089219 0.004049
v 0.315537 0.082906 0.004483
v 0.319742 0.083885 0.010888
v 0.321766 0.084399 0.017859
v 0.316993 0.084859 0.024855
v 0.310512 0.078681 0.031885
v 0.310320 0.085292 0.031865
v 0.309614 0.091278 0.032050
v 0.303240 0.086115 0.039330
v 0.302606 0.091933 0.039364
v 0.305271 0.093542 0.029110
v 0.297243 0.093624 0.035075
v 0.293509 0.093143 0.046570
v 0.288508 0.093644 0.041921
v 0.298986 0.094381 0.024454
v 0.291336 0.094645 0.029873
v 0.283182 0.094796 0.036374
v 0.277794 0.093549 0.052216
v 0.286644 0.097504 0.024079
v 0.293543 0.095903 0.018954
v 0.302714 0.094163 0.013613
v 0.311244 0.093446 0.007159
v 0.270658 0.092829 0.069449
v 0.282823 0.093131 0.057114
v 0.265600 0.093178 0.064922
v 0.272857 0.088120 0.070898
v 0.284563 0.087884 0.058920
v 0.294988 0.087226 0.047945
v 0.284877 0.080414 0.059371
v 0.295480 0.079752 0.048345
v 0.303855 0.079160 0.039448
v 0.284699 0.073586 0.058992
v 0.273531 0.081170 0.070745
v 0.279462 0.065657 0.037986
v 0.280782 0.059726 0.033458
v 0.290351 0.042070 0.026615
v 0.290627 0.031047 0.028170
v 0.298218 0.030767 0.027040
v 0.298048 0.042403 0.025844
v 0.305095 0.030032 0.023303
v 0.304957 0.042237 0.023518
v 0.310178 0.029353 0.018368
v 0.310102 0.042117 0.018351
v 0.312562 0.042362 0.012792
v 0.309870 0.042830 0.007237
v 0.306592 0.020604 0.022759
v 0.311054 0.020045 0.017931
v 0.308367 0.014342 0.022622
v 0.312487 0.014190 0.017746
v 0.309286 0.009213 0.022437
v 0.313907 0.009252 0.017622
v 0.309449 0.004439 0.022202
v 0.314668 0.005091 0.017256
v 0.317146 0.006472 0.011389
v 0.315679 0.007115 0.005911
v 0.311826 0.003020 0.000218
v 0.312290 0.007579 0.000699
v 0.308082 0.007854 -0.005030
v 0.303500 0.012936 -0.011243
v 0.308991 0.000112 0.021282
v 0.303855 0.004565 0.027119
v 0.303445 0.009848 0.027525
v 0.297365 0.010388 0.033709
v 0.302559 0.014920 0.027960
v 0.296836 0.015861 0.034146
v 0.300425 0.021361 0.027658
v 0.293226 0.021599 0.031100
v 0.227168 0.029688 -0.051248
vt 0.503574 0.348293
vt 0.503780 0.353233
vt 0.501360 0.353689
vt 0.500336 0.348405
vt 0.502780 0.357586
vt 0.497652 0.353716
vt 0.495471 0.347923
vt 0.511375 0.356604
vt 0.511723 0.353392
vt 0.515685 0.352747
vt 0.519929 0.354299
vt 0.512673 0.349076
vt 0.516898 0.348417
vt 0.521357 0.348583
vt 0.525081 0.328536
vt 0.529240 0.333881
vt 0.524505 0.338010
vt 0.520769 0.329725
vt 0.516170 0.330747
vt 0.517511 0.337973
vt 0.517415 0.343313
vt 0.522862 0.343194
vt 0.536379 0.332331
vt 0.533659 0.337626
vt 0.531785 0.341905
vt 0.529529 0.346075
vt 0.528739 0.349536
vt 0.639752 0.441447
vt 0.643941 0.443612
vt 0.637937 0.448954
vt 0.635336 0.446970
vt 0.625369 0.458673
vt 0.626977 0.459647
vt 0.627291 0.442597
vt 0.624062 0.453371
vt 0.622386 0.449880
vt 0.620042 0.443881
vt 0.606717 0.458114
vt 0.610843 0.464389
vt 0.611762 0.466964
vt 0.636007 0.439362
vt 0.632758 0.445044
vt 0.630566 0.434872
vt 0.625374 0.455209
vt 0.498063 0.287860
vt 0.498601 0.282957
vt 0.502083 0.284475
vt 0.502551 0.288700
vt 0.506051 0.288212
vt 0.503848 0.281685
vt 0.500291 0.279878
vt 0.522560 0.300410
vt 0.521972 0.293760
vt 0.527612 0.294574
vt 0.527591 0.300239
vt 0.522567 0.286310
vt 0.529805 0.290466
vt 0.532134 0.297631
vt 0.594582 0.442230
vt 0.586445 0.434610
vt 0.595168 0.425666
vt 0.604835 0.430101
vt 0.583929 0.430047
vt 0.594893 0.421992
vt 0.607780 0.425384
vt 0.524673 0.276122
vt 0.528290 0.281787
vt 0.518970 0.278260
vt 0.514171 0.278618
vt 0.516471 0.285372
vt 0.517546 0.292501
vt 0.533268 0.286611
vt 0.553030 0.334181
vt 0.554109 0.336277
vt 0.553041 0.338938
vt 0.551322 0.336219
vt 0.548606 0.340218
vt 0.549669 0.342039
vt 0.600011 0.481524
vt 0.602106 0.483934
vt 0.594509 0.489688
vt 0.592590 0.485281
vt 0.588198 0.485832
vt 0.588558 0.489348
vt 0.588209 0.491980
vt 0.591672 0.491730
vt 0.509771 0.286874
vt 0.506751 0.280408
vt 0.510795 0.278587
vt 0.512911 0.286055
vt 0.511007 0.274763
vt 0.507164 0.275723
vt 0.503535 0.277053
vt 0.554876 0.332101
vt 0.555476 0.334866
vt 0.597471 0.479271
vt 0.597697 0.477094
vt 0.593210 0.471011
vt 0.589705 0.473730
vt 0.612688 0.469470
vt 0.590700 0.481591
vt 0.586246 0.476124
vt 0.557937 0.324933
vt 0.559396 0.323526
vt 0.559250 0.327231
vt 0.558256 0.327994
vt 0.561578 0.321144
vt 0.560556 0.327195
vt 0.559441 0.329993
vt 0.610559 0.421183
vt 0.599917 0.417415
vt 0.593245 0.416102
vt 0.588710 0.419797
vt 0.581442 0.427224
vt 0.480052 0.307168
vt 0.474703 0.306208
vt 0.475376 0.295864
vt 0.481820 0.297606
vt 0.464116 0.303320
vt 0.464915 0.292463
vt 0.482739 0.289807
vt 0.475505 0.288473
vt 0.465873 0.286000
vt 0.542150 0.299494
vt 0.540864 0.290243
vt 0.545545 0.287433
vt 0.546969 0.296466
vt 0.538728 0.283740
vt 0.545783 0.281334
vt 0.550507 0.292853
vt 0.425490 0.313788
vt 0.430642 0.315555
vt 0.431146 0.323867
vt 0.427337 0.324330
vt 0.437131 0.318358
vt 0.436464 0.327411
vt 0.590559 0.404350
vt 0.585313 0.403233
vt 0.588522 0.398236
vt 0.594028 0.404356
vt 0.581314 0.400627
vt 0.583515 0.397345
vt 0.598771 0.403693
vt 0.595113 0.397027
vt 0.581163 0.392886
vt 0.584633 0.391479
vt 0.590902 0.389525
vt 0.552381 0.288644
vt 0.549132 0.278327
vt 0.534746 0.277664
vt 0.540736 0.274120
vt 0.546106 0.272307
vt 0.583774 0.406792
vt 0.589626 0.408512
vt 0.593126 0.408624
vt 0.588040 0.410507
vt 0.585987 0.409702
vt 0.585770 0.412997
vt 0.583209 0.411314
vt 0.580561 0.409057
vt 0.505810 0.267399
vt 0.499673 0.264454
vt 0.505976 0.261625
vt 0.512229 0.264852
vt 0.520623 0.259968
vt 0.516814 0.257374
vt 0.512877 0.254287
vt 0.506170 0.257971
vt 0.492565 0.260431
vt 0.496171 0.257351
vt 0.500275 0.253804
vt 0.578852 0.402906
vt 0.576483 0.405517
vt 0.577751 0.395384
vt 0.506739 0.249999
vt 0.531966 0.272141
vt 0.528396 0.267344
vt 0.535180 0.260754
vt 0.537781 0.268059
vt 0.524741 0.263293
vt 0.530965 0.257198
vt 0.541768 0.266699
vt 0.539221 0.261774
vt 0.542583 0.259957
vt 0.540607 0.257571
vt 0.536807 0.254021
vt 0.544495 0.265131
vt 0.566779 0.395350
vt 0.571861 0.400937
vt 0.568536 0.405240
vt 0.563190 0.398028
vt 0.559734 0.400526
vt 0.563445 0.405894
vt 0.573148 0.409586
vt 0.561580 0.410950
vt 0.565193 0.413362
vt 0.568733 0.415881
vt 0.556017 0.405464
vt 0.523365 0.251911
vt 0.518677 0.250677
vt 0.523421 0.248436
vt 0.533035 0.247964
vt 0.529008 0.244358
vt 0.518804 0.245411
vt 0.512767 0.247150
vt 0.434268 0.289580
vt 0.430875 0.278953
vt 0.433576 0.282959
vt 0.441277 0.283969
vt 0.443736 0.277583
vt 0.436640 0.274567
vt 0.547526 0.268797
vt 0.527174 0.253374
vt 0.535913 0.251154
vt 0.564150 0.444942
vt 0.561825 0.443436
vt 0.563629 0.438275
vt 0.566276 0.440946
vt 0.569012 0.436774
vt 0.566427 0.434193
vt 0.559886 0.442288
vt 0.560649 0.439701
vt 0.558702 0.437347
vt 0.561106 0.435364
vt 0.564339 0.432369
vt 0.430200 0.303427
vt 0.428255 0.287986
vt 0.436907 0.305899
vt 0.427293 0.278129
vt 0.556846 0.440201
vt 0.559960 0.445789
vt 0.557886 0.447190
vt 0.557112 0.445316
vt 0.558155 0.443988
vt 0.555436 0.442602
vt 0.554637 0.444888
vt 0.555042 0.447487
vt 0.546198 0.423294
vt 0.546667 0.419234
vt 0.553650 0.419775
vt 0.554311 0.424912
vt 0.561000 0.419568
vt 0.557679 0.415399
vt 0.553046 0.410074
vt 0.549589 0.413620
vt 0.563734 0.422496
vt 0.558497 0.427703
vt 0.555189 0.431080
vt 0.551008 0.429316
vt 0.545307 0.426731
vt 0.540818 0.362181
vt 0.538336 0.359979
vt 0.540534 0.358907
vt 0.542620 0.360647
vt 0.544092 0.358862
vt 0.540754 0.357310
vt 0.537641 0.357576
vt 0.537015 0.380176
vt 0.533807 0.378428
vt 0.533997 0.374324
vt 0.539443 0.376311
vt 0.542039 0.372949
vt 0.538537 0.369945
vt 0.535099 0.367212
vt 0.531212 0.371250
vt 0.524998 0.377396
vt 0.526692 0.380071
vt 0.529375 0.382253
vt 0.532835 0.385226
vt 0.449752 0.245459
vt 0.446328 0.244044
vt 0.455527 0.236793
vt 0.453426 0.242696
vt 0.446421 0.240559
vt 0.452686 0.233441
vt 0.458530 0.239021
vt 0.465382 0.234547
vt 0.459717 0.243702
vt 0.465893 0.239575
vt 0.520938 0.403396
vt 0.528157 0.402933
vt 0.528753 0.407058
vt 0.525080 0.409521
vt 0.514493 0.413672
vt 0.510904 0.409781
vt 0.513883 0.401274
vt 0.516081 0.409197
vt 0.517760 0.404860
vt 0.519288 0.397758
vt 0.507966 0.406273
vt 0.511274 0.398385
vt 0.507756 0.417508
vt 0.504239 0.412410
vt 0.506157 0.412495
vt 0.509526 0.414534
vt 0.505707 0.404573
vt 0.502503 0.411547
vt 0.503674 0.403877
vt 0.507243 0.394375
vt 0.509664 0.395147
vt 0.513087 0.383989
vt 0.515302 0.385129
vt 0.517443 0.386920
vt 0.522633 0.375677
vt 0.520011 0.388546
vt 0.524002 0.388989
vt 0.528422 0.390819
vt 0.524254 0.396153
vt 0.533568 0.393641
vt 0.530369 0.398394
vt 0.539777 0.398260
vt 0.537324 0.402940
vt 0.534803 0.407189
vt 0.544072 0.408389
vt 0.541781 0.412194
vt 0.540312 0.415707
vt 0.533271 0.411512
vt 0.539047 0.419491
vt 0.531687 0.415112
vt 0.538105 0.423043
vt 0.530516 0.418719
vt 0.522526 0.412970
vt 0.529394 0.421939
vt 0.521458 0.416538
vt 0.528678 0.424242
vt 0.520767 0.419637
vt 0.528452 0.428052
vt 0.520430 0.423508
vt 0.514270 0.418728
vt 0.519950 0.426562
vt 0.513606 0.422153
vt 0.519550 0.429581
vt 0.512030 0.424549
vt 0.504384 0.418774
vt 0.510797 0.426830
vt 0.503707 0.420342
vt 0.500583 0.412253
vt 0.502314 0.421892
vt 0.498685 0.414718
vt 0.499164 0.404852
vt 0.501705 0.402829
vt 0.500426 0.394073
vt 0.504108 0.393854
vt 0.511095 0.378196
vt 0.512624 0.380427
vt 0.519348 0.367385
vt 0.520153 0.370682
vt 0.521131 0.373470
vt 0.525686 0.364276
vt 0.527012 0.366698
vt 0.528747 0.368700
vt 0.530908 0.362598
vt 0.532932 0.364700
vt 0.534469 0.359643
vt 0.535815 0.361795
vt 0.538149 0.364150
vt 0.543757 0.364937
vt 0.541193 0.367060
vt 0.547898 0.367894
vt 0.545018 0.370354
vt 0.552663 0.372065
vt 0.549910 0.374496
vt 0.547114 0.376709
vt 0.555695 0.380038
vt 0.552997 0.382343
vt 0.549836 0.385348
vt 0.544240 0.380055
vt 0.546470 0.389207
vt 0.540894 0.384148
vt 0.543287 0.393539
vt 0.537449 0.388591
vt 0.553421 0.395002
vt 0.550074 0.399529
vt 0.546813 0.404037
vt 0.556890 0.391782
vt 0.560451 0.388979
vt 0.563441 0.387109
vt 0.569812 0.393202
vt 0.566876 0.384731
vt 0.573182 0.390322
vt 0.574749 0.398495
vt 0.569822 0.382822
vt 0.576345 0.387985
vt 0.573263 0.380822
vt 0.580135 0.385986
vt 0.577356 0.378744
vt 0.585939 0.384526
vt 0.572859 0.370705
vt 0.582113 0.377406
vt 0.568516 0.372107
vt 0.592817 0.383386
vt 0.564881 0.373907
vt 0.560330 0.366267
vt 0.557517 0.368296
vt 0.561616 0.375705
vt 0.555103 0.370097
vt 0.552285 0.364475
vt 0.550211 0.366184
vt 0.558875 0.377443
vt 0.549457 0.359625
vt 0.554437 0.362593
vt 0.547590 0.361519
vt 0.545739 0.363068
vt 0.551495 0.357849
vt 0.556448 0.360273
vt 0.563534 0.364094
vt 0.423653 0.286799
vt 0.424033 0.276265
vt 0.424518 0.300685
vt 0.428404 0.271158
vt 0.424397 0.269482
vt 0.433112 0.268243
vt 0.432214 0.273474
vt 0.429083 0.266050
vt 0.425130 0.264226
vt 0.430517 0.261028
vt 0.426094 0.260609
vt 0.545722 0.357126
vt 0.547629 0.355350
vt 0.541610 0.354950
vt 0.543274 0.353086
vt 0.539534 0.352283
vt 0.538673 0.355067
vt 0.435435 0.253525
vt 0.432554 0.257447
vt 0.430174 0.254511
vt 0.432874 0.251349
vt 0.542461 0.349780
vt 0.539014 0.349811
vt 0.533445 0.357319
vt 0.533596 0.354917
vt 0.529336 0.357013
vt 0.529789 0.360178
vt 0.442696 0.247059
vt 0.438770 0.250272
vt 0.436342 0.248642
vt 0.440350 0.245491
vt 0.524554 0.361730
vt 0.446466 0.248456
vt 0.442128 0.252034
vt 0.438876 0.255530
vt 0.446874 0.253766
vt 0.444093 0.257518
vt 0.441812 0.260826
vt 0.436693 0.259293
vt 0.439704 0.265289
vt 0.434663 0.263256
vt 0.438019 0.270167
vt 0.446603 0.268100
vt 0.445433 0.273034
vt 0.457247 0.271659
vt 0.456032 0.276837
vt 0.454654 0.282955
vt 0.466927 0.280424
vt 0.453090 0.289323
vt 0.450027 0.298302
vt 0.463315 0.315016
vt 0.449378 0.311268
vt 0.462530 0.325448
vt 0.448481 0.322133
vt 0.461769 0.333665
vt 0.447948 0.331026
vt 0.461305 0.339954
vt 0.446238 0.337395
vt 0.433520 0.333650
vt 0.462559 0.347255
vt 0.446788 0.345716
vt 0.432799 0.344294
vt 0.617240 0.407520
vt 0.605434 0.405975
vt 0.603647 0.396380
vt 0.614866 0.400698
vt 0.601262 0.389458
vt 0.615142 0.412424
vt 0.604464 0.410432
vt 0.598233 0.409005
vt 0.602302 0.414310
vt 0.595970 0.412715
vt 0.591577 0.411997
vt 0.589170 0.414603
vt 0.582426 0.416529
vt 0.585114 0.418381
vt 0.574522 0.420740
vt 0.579626 0.414740
vt 0.576413 0.422781
vt 0.578776 0.424866
vt 0.570778 0.429335
vt 0.573060 0.431657
vt 0.575371 0.434394
vt 0.571400 0.439618
vt 0.576979 0.437695
vt 0.573411 0.442905
vt 0.568668 0.443665
vt 0.570851 0.446746
vt 0.577609 0.443829
vt 0.575776 0.448302
vt 0.573661 0.451725
vt 0.568524 0.449762
vt 0.571298 0.454101
vt 0.580393 0.455961
vt 0.577269 0.458398
vt 0.574658 0.460359
vt 0.568406 0.456436
vt 0.571226 0.462071
vt 0.581590 0.467778
vt 0.578497 0.468930
vt 0.574817 0.470211
vt 0.568094 0.463399
vt 0.571261 0.470957
vt 0.582610 0.476989
vt 0.578889 0.477729
vt 0.575017 0.478223
vt 0.568354 0.471522
vt 0.571733 0.478328
vt 0.581914 0.482809
vt 0.578209 0.483193
vt 0.574881 0.483142
vt 0.568299 0.478802
vt 0.570976 0.483246
vt 0.580065 0.486638
vt 0.577081 0.486595
vt 0.572887 0.486582
vt 0.566701 0.483159
vt 0.568243 0.486364
vt 0.578425 0.489395
vt 0.574317 0.489499
vt 0.569791 0.489222
vt 0.563209 0.486226
vt 0.565351 0.489401
vt 0.562511 0.315811
vt 0.565098 0.313767
vt 0.565389 0.318276
vt 0.561878 0.310803
vt 0.563607 0.310254
vt 0.563894 0.302528
vt 0.561865 0.302587
vt 0.560333 0.317944
vt 0.560339 0.313334
vt 0.560217 0.307069
vt 0.561669 0.296384
vt 0.560357 0.297464
vt 0.559163 0.314300
vt 0.558997 0.309809
vt 0.559152 0.302476
vt 0.560172 0.290246
vt 0.558696 0.293161
vt 0.558075 0.310398
vt 0.558062 0.305194
vt 0.557716 0.294635
vt 0.557550 0.281479
vt 0.556237 0.281388
vt 0.556663 0.305997
vt 0.555973 0.297421
vt 0.554437 0.284884
vt 0.553262 0.271864
vt 0.551337 0.275113
vt 0.554412 0.300504
vt 0.554585 0.309246
vt 0.551711 0.313189
vt 0.551555 0.304173
vt 0.547629 0.317927
vt 0.547605 0.308451
vt 0.542935 0.321696
vt 0.543038 0.311489
vt 0.538503 0.325635
vt 0.538306 0.314783
vt 0.537704 0.303227
vt 0.535932 0.293902
vt 0.533868 0.317483
vt 0.532680 0.306798
vt 0.529106 0.318592
vt 0.528068 0.308819
vt 0.524510 0.319512
vt 0.523665 0.309421
vt 0.519826 0.320399
vt 0.518893 0.309915
vt 0.518154 0.300610
vt 0.514699 0.310400
vt 0.514166 0.301345
vt 0.514161 0.293514
vt 0.510304 0.301585
vt 0.510360 0.294216
vt 0.505847 0.302111
vt 0.505930 0.294716
vt 0.502147 0.301985
vt 0.502116 0.294730
vt 0.497595 0.301412
vt 0.497880 0.294137
vt 0.492506 0.300433
vt 0.493290 0.292714
vt 0.493381 0.286807
vt 0.494273 0.281766
vt 0.488055 0.291457
vt 0.488739 0.285617
vt 0.489620 0.280760
vt 0.496211 0.278401
vt 0.491646 0.277123
vt 0.483303 0.284690
vt 0.484424 0.279683
vt 0.486217 0.275427
vt 0.494954 0.273741
vt 0.489382 0.272080
vt 0.477617 0.277937
vt 0.479362 0.273437
vt 0.482215 0.269784
vt 0.492760 0.268923
vt 0.485671 0.266374
vt 0.470568 0.270601
vt 0.472713 0.266688
vt 0.476329 0.262727
vt 0.489009 0.263154
vt 0.479799 0.259539
vt 0.461134 0.263076
vt 0.464994 0.258949
vt 0.468591 0.255076
vt 0.483257 0.255863
vt 0.473134 0.251837
vt 0.454033 0.255670
vt 0.457952 0.252235
vt 0.462282 0.248735
vt 0.478408 0.247676
vt 0.468229 0.244922
vt 0.450811 0.250574
vt 0.454481 0.247611
vt 0.492832 0.248769
vt 0.488667 0.252550
vt 0.485256 0.244172
vt 0.475001 0.240563
vt 0.492566 0.240678
vt 0.483285 0.236585
vt 0.473687 0.234001
vt 0.490860 0.232971
vt 0.482629 0.229849
vt 0.475401 0.227366
vt 0.491820 0.226601
vt 0.485476 0.223675
vt 0.467420 0.227843
vt 0.480382 0.220815
vt 0.491553 0.221198
vt 0.487472 0.218578
vt 0.467901 0.225252
vt 0.476590 0.218551
vt 0.496341 0.416758
vt 0.496934 0.404858
vt 0.505570 0.221783
vt 0.499975 0.224092
vt 0.497925 0.218713
vt 0.501270 0.424564
vt 0.499754 0.427319
vt 0.497183 0.423506
vt 0.510423 0.438828
vt 0.510604 0.434140
vt 0.510402 0.430138
vt 0.519453 0.433331
vt 0.520055 0.437360
vt 0.520363 0.441403
vt 0.529747 0.442582
vt 0.530511 0.446692
vt 0.531470 0.451345
vt 0.520910 0.446093
vt 0.532766 0.457217
vt 0.522178 0.452036
vt 0.511011 0.444940
vt 0.501332 0.433701
vt 0.523538 0.459754
vt 0.511683 0.452536
vt 0.499241 0.444030
vt 0.518087 0.227985
vt 0.508956 0.229364
vt 0.512145 0.462092
vt 0.500624 0.457212
vt 0.520911 0.235246
vt 0.528629 0.234497
vt 0.533117 0.240907
vt 0.526940 0.240920
vt 0.514910 0.241051
vt 0.508925 0.235994
vt 0.498956 0.230193
vt 0.500921 0.237485
vt 0.507428 0.243105
vt 0.499767 0.245195
vt 0.541432 0.247877
vt 0.553239 0.258120
vt 0.542413 0.250225
vt 0.552451 0.255670
vt 0.549548 0.249991
vt 0.545123 0.240108
vt 0.525319 0.470080
vt 0.528742 0.477476
vt 0.515368 0.472611
vt 0.561608 0.264411
vt 0.562890 0.263235
vt 0.541034 0.480227
vt 0.543013 0.484668
vt 0.530867 0.481954
vt 0.567368 0.284695
vt 0.560586 0.266513
vt 0.569210 0.281886
vt 0.563759 0.283369
vt 0.559681 0.270883
vt 0.553850 0.260267
vt 0.542109 0.251277
vt 0.558894 0.274762
vt 0.554001 0.264335
vt 0.544860 0.255192
vt 0.553962 0.266662
vt 0.545637 0.258672
vt 0.546931 0.262625
vt 0.564042 0.291277
vt 0.550748 0.485674
vt 0.549654 0.488706
vt 0.543163 0.487775
vt 0.566277 0.303488
vt 0.566923 0.295264
vt 0.548890 0.481803
vt 0.555369 0.482347
vt 0.557364 0.485895
vt 0.561340 0.482875
vt 0.568713 0.306460
vt 0.553182 0.478056
vt 0.559031 0.478545
vt 0.564199 0.478802
vt 0.555506 0.471421
vt 0.560028 0.471514
vt 0.564095 0.471586
vt 0.556760 0.464294
vt 0.560476 0.464243
vt 0.564948 0.464022
vt 0.558221 0.459732
vt 0.562542 0.459219
vt 0.565807 0.458078
vt 0.560024 0.455582
vt 0.563067 0.454132
vt 0.565830 0.452340
vt 0.561141 0.451547
vt 0.563715 0.449830
vt 0.566572 0.446919
vt 0.561669 0.447897
vt 0.559009 0.449515
vt 0.556093 0.450014
vt 0.557783 0.452997
vt 0.552710 0.449810
vt 0.554254 0.452917
vt 0.555828 0.456346
vt 0.550626 0.452378
vt 0.551764 0.455673
vt 0.553692 0.459806
vt 0.547801 0.454565
vt 0.549233 0.458441
vt 0.551602 0.463748
vt 0.544606 0.457113
vt 0.546529 0.462255
vt 0.549536 0.470767
vt 0.540282 0.460446
vt 0.543459 0.468881
vt 0.546439 0.477034
vt 0.534446 0.465628
vt 0.538280 0.474399
vt 0.539153 0.454523
vt 0.538226 0.450119
vt 0.543105 0.452873
vt 0.537409 0.446349
vt 0.542116 0.448675
vt 0.546253 0.451020
vt 0.541535 0.445111
vt 0.545521 0.447128
vt 0.548993 0.448976
vt 0.545225 0.443576
vt 0.548591 0.445053
vt 0.551752 0.446899
vt 0.549053 0.442324
vt 0.551971 0.443724
vt 0.549674 0.439637
vt 0.552720 0.441257
vt 0.551227 0.436620
vt 0.554261 0.438363
vt 0.552826 0.434061
vt 0.555818 0.435692
vt 0.558294 0.432994
vt 0.561490 0.429898
vt 0.566319 0.424973
vt 0.568839 0.427393
vt 0.571959 0.418385
vt 0.576802 0.412585
vt 0.549291 0.432028
vt 0.547806 0.434808
vt 0.544004 0.429668
vt 0.542878 0.432278
vt 0.546332 0.437900
vt 0.541755 0.435446
vt 0.536707 0.429078
vt 0.536392 0.432407
vt 0.545488 0.440612
vt 0.541264 0.438465
vt 0.536183 0.435690
vt 0.528056 0.430860
vt 0.541199 0.441583
vt 0.536354 0.439092
vt 0.528616 0.434857
vt 0.536777 0.442689
vt 0.529111 0.438759
vt 0.537335 0.426264
vt 0.450746 0.259961
vt 0.458769 0.267486
vt 0.448298 0.264364
vt 0.468435 0.275128
vt 0.476252 0.283153
vt 0.496781 0.266496
vt 0.502561 0.269217
vt 0.498800 0.270770
vt 0.506968 0.271841
vt 0.503651 0.273143
vt 0.499803 0.274737
vt 0.514984 0.273353
vt 0.510835 0.270527
vt 0.520991 0.270973
vt 0.517136 0.267554
vt 0.487096 0.299095
vt 0.491690 0.309209
vt 0.485960 0.308336
vt 0.491281 0.320170
vt 0.485656 0.319438
vt 0.480092 0.318863
vt 0.486085 0.328824
vt 0.480698 0.328375
vt 0.475071 0.327715
vt 0.474649 0.317793
vt 0.481173 0.335506
vt 0.474107 0.335343
vt 0.482193 0.341207
vt 0.473814 0.341425
vt 0.484324 0.347231
vt 0.475981 0.348187
vt 0.486932 0.353788
vt 0.479256 0.356753
vt 0.464296 0.356400
vt 0.636349 0.424004
vt 0.626295 0.419206
vt 0.628239 0.414906
vt 0.637852 0.420814
vt 0.448284 0.355230
vt 0.633274 0.429068
vt 0.623773 0.423654
vt 0.613174 0.417406
vt 0.621176 0.428297
vt 0.617913 0.432777
vt 0.613717 0.437618
vt 0.601608 0.450534
vt 0.583884 0.453254
vt 0.588226 0.463202
vt 0.584927 0.465881
vt 0.641345 0.428594
vt 0.638227 0.434013
vt 0.644457 0.432112
vt 0.641636 0.437038
vt 0.646526 0.435291
vt 0.644617 0.439086
vt 0.507826 0.353170
vt 0.505884 0.356191
vt 0.508228 0.348929
vt 0.512884 0.343945
vt 0.507995 0.343749
vt 0.503472 0.343356
vt 0.507341 0.337901
vt 0.502938 0.337384
vt 0.499328 0.342404
vt 0.498082 0.336753
vt 0.502011 0.330529
vt 0.497127 0.329930
vt 0.493637 0.341358
vt 0.492463 0.335720
vt 0.491580 0.329446
vt 0.496861 0.320882
vt 0.486831 0.335474
vt 0.488082 0.340698
vt 0.490511 0.347076
vt 0.493038 0.353676
vt 0.495647 0.356995
vt 0.488988 0.357886
vt 0.501802 0.310704
vt 0.501851 0.321283
vt 0.497017 0.309987
vt 0.505664 0.310735
vt 0.505918 0.321179
vt 0.506496 0.330817
vt 0.511073 0.321011
vt 0.511781 0.330678
vt 0.512389 0.338218
vt 0.515701 0.320823
vt 0.510607 0.310638
vt 0.480945 0.359888
vt 0.528843 0.324746
vt 0.533274 0.326049
vt 0.541811 0.330668
vt 0.546444 0.325456
vt 0.547189 0.329215
vt 0.540725 0.335344
vt 0.547538 0.333067
vt 0.540543 0.339308
vt 0.547110 0.337647
vt 0.540283 0.343110
vt 0.540244 0.346218
vt 0.614077 0.471615
vt 0.615505 0.473622
vt 0.605320 0.483606
vt 0.550885 0.329726
vt 0.551178 0.332504
vt 0.553298 0.326753
vt 0.553472 0.329744
vt 0.555151 0.324430
vt 0.555230 0.327638
vt 0.557106 0.321964
vt 0.556685 0.326099
vt 0.556395 0.329818
vt 0.558055 0.333369
vt 0.581423 0.489391
vt 0.584936 0.489226
vt 0.585311 0.492057
vt 0.582568 0.492052
vt 0.583820 0.486237
vt 0.586339 0.482294
vt 0.579974 0.491882
vt 0.558831 0.320134
vt 0.557765 0.317071
vt 0.555559 0.319765
vt 0.556263 0.314335
vt 0.553663 0.321460
vt 0.553711 0.317087
vt 0.551102 0.324788
vt 0.550180 0.321950
vt 0.576405 0.492032
vt 0.546642 0.415391
vn 0.6902 0.4678 0.5520
vn 0.9471 0.3149 0.0614
vn 0.5921 0.7984 -0.1095
vn 0.2748 0.9382 0.2103
vn 0.8224 0.2526 -0.5098
vn 0.3605 0.8940 -0.2663
vn 0.0803 0.9966 0.0164
vn 0.8786 -0.1897 -0.4382
vn 0.9874 -0.0988 0.1236
vn 0.8711 -0.4808 0.1001
vn 0.8732 -0.4784 -0.0935
vn 0.7550 -0.0755 0.6513
vn 0.6499 -0.5108 0.5627
vn 0.6679 -0.5501 0.5013
vn 0.3051 -0.8607 0.4076
vn 0.1483 -0.5414 0.8276
vn 0.2865 -0.7181 0.6342
vn 0.2816 -0.9009 0.3302
vn 0.5851 -0.5826 0.5641
vn 0.5775 -0.5767 0.5779
vn 0.6073 -0.5164 0.6037
vn 0.5403 -0.5114 0.6682
vn 0.3184 -0.0682 0.9455
vn 0.1472 -0.1481 0.9780
vn 0.5506 -0.1664 0.8180
vn 0.8053 -0.1577 0.5715
vn 0.9883 -0.1526 -0.0019
vn 0.8305 -0.2438 -0.5008
vn 0.8232 -0.3339 -0.4592
vn 0.8552 -0.1238 -0.5032
vn 0.2939 -0.8264 -0.4802
vn 0.2633 -0.2118 -0.9412
vn 0.2189 -0.5075 -0.8334
vn 0.6482 -0.5192 -0.5570
vn 0.8020 0.0696 -0.5933
vn 0.2431 0.0765 -0.9670
vn 0.1467 0.0291 -0.9888
vn 0.7549 -0.3467 -0.5567
vn 0.6832 -0.4166 -0.5997
vn 0.6525 -0.5103 -0.5601
vn 0.7214 -0.1130 -0.6832
vn 0.0158 0.9993 0.0332
vn -0.2704 0.9216 0.2786
vn 0.1920 0.7382 0.6467
vn 0.4199 0.7820 0.4606
vn 0.6486 0.1313 0.7497
vn -0.1219 0.3085 0.9434
vn -0.6803 0.4255 0.5968
vn 0.3257 -0.9132 0.2449
vn 0.6924 -0.7203 0.0421
vn 0.8824 -0.3875 0.2669
vn 0.5962 -0.6029 0.5301
vn 0.9554 -0.2152 0.2022
vn 0.9999 0.0125 -0.0093
vn 0.7852 0.0488 0.6173
vn 0.8357 0.0832 -0.5428
vn 0.9935 0.0783 0.0828
vn 0.9129 -0.4036 0.0607
vn 0.7234 -0.5088 -0.4668
vn 0.9518 0.0571 0.3013
vn 0.7992 -0.5973 0.0672
vn 0.4468 -0.8561 -0.2597
vn 0.5278 -0.0358 0.8486
vn 0.9668 0.0052 0.2554
vn 0.4627 -0.2530 0.8496
vn 0.2453 -0.4965 0.8327
vn 0.6441 -0.4416 0.6247
vn 0.6893 -0.6015 0.4038
vn 0.9965 0.0821 0.0135
vn 0.9197 0.2927 0.2619
vn 0.9159 0.3644 -0.1682
vn 0.8461 0.3623 -0.3909
vn 0.9497 0.2864 0.1270
vn 0.9978 0.0629 0.0191
vn 0.8843 0.1266 -0.4494
vn 0.7061 0.2314 -0.6693
vn 0.6990 0.4353 -0.5674
vn 0.8005 0.1824 -0.5709
vn 0.8174 0.1743 -0.5491
vn 0.9419 0.1251 -0.3116
vn 0.6149 -0.0155 0.7884
vn -0.1313 -0.0718 0.9887
vn 0.0534 -0.3389 0.9393
vn 0.5993 -0.2500 0.7605
vn -0.3859 -0.4676 0.7952
vn -0.6115 -0.2231 0.7591
vn -0.7350 -0.0063 0.6780
vn 0.9652 0.1353 0.2240
vn 0.1970 0.6101 -0.7674
vn 0.2893 0.5916 -0.7526
vn 0.6455 0.5791 -0.4979
vn 0.3477 0.8887 -0.2987
vn 0.7311 -0.0083 -0.6822
vn 0.5977 0.5694 -0.5644
vn 0.6052 0.6397 -0.4738
vn 0.7103 -0.5113 0.4838
vn 0.2047 -0.9739 0.0978
vn 0.6005 -0.7840 -0.1570
vn 0.9763 -0.2158 -0.0194
vn 0.0004 -1.0000 -0.0012
vn 0.4223 -0.8517 -0.3103
vn 0.8429 -0.1550 -0.5153
vn 0.6945 -0.5939 -0.4061
vn 0.7768 -0.5229 -0.3510
vn 0.8459 -0.3550 -0.3981
vn 0.9253 -0.2103 -0.3156
vn 0.9237 0.0417 -0.3808
vn 0.0666 0.9947 0.0779
vn -0.0915 0.9835 -0.1561
vn -0.0334 0.9987 -0.0394
vn 0.1024 0.9762 0.1912
vn 0.0117 0.9969 -0.0784
vn 0.0803 0.9915 -0.1022
vn -0.0361 0.9692 0.2437
vn -0.1758 0.9729 0.1499
vn -0.1715 0.9786 0.1134
vn 0.7112 0.1035 0.6954
vn 0.8762 0.1185 0.4672
vn 0.8285 0.2902 0.4790
vn 0.7159 0.2217 0.6621
vn 0.9928 0.0813 0.0880
vn 0.8833 0.3483 0.3138
vn 0.6111 0.6052 0.5102
vn -0.0739 0.9939 -0.0820
vn 0.1275 0.9717 0.1986
vn 0.0560 0.9420 0.3308
vn -0.0688 0.9975 -0.0167
vn 0.0462 0.9961 0.0751
vn -0.0967 0.9682 0.2308
vn -0.0344 0.4948 -0.8683
vn -0.3394 0.2205 -0.9144
vn -0.1826 0.8882 -0.4216
vn 0.4027 0.7248 -0.5590
vn -0.4276 0.1431 -0.8926
vn -0.2173 0.6656 -0.7140
vn 0.5614 0.7131 -0.4199
vn -0.0202 0.9841 -0.1765
vn -0.3534 0.7584 -0.5477
vn -0.0244 0.9830 -0.1818
vn -0.0372 0.9704 -0.2385
vn 0.6502 0.5288 0.5456
vn 0.7865 0.3251 0.5251
vn 0.9305 0.0191 0.3657
vn 0.8611 0.1424 0.4881
vn 0.7823 0.1358 0.6079
vn -0.2487 -0.2849 -0.9257
vn 0.4868 -0.0438 -0.8724
vn 0.8663 0.0104 -0.4993
vn 0.5989 -0.2320 -0.7665
vn 0.1448 -0.3787 -0.9141
vn 0.6040 -0.4223 -0.6759
vn 0.0174 -0.4821 -0.8759
vn -0.3679 -0.4349 -0.8219
vn -0.7940 -0.4735 0.3812
vn -0.6408 -0.7189 0.2695
vn -0.9302 -0.3503 0.1099
vn -0.9383 -0.1155 0.3260
vn -0.9403 0.0087 0.3403
vn -0.9946 0.0478 -0.0920
vn -0.9683 0.0783 0.2373
vn -0.9459 -0.1888 0.2639
vn -0.4520 -0.8382 0.3053
vn -0.6450 -0.6365 0.4229
vn -0.7931 -0.1468 0.5911
vn -0.4913 -0.2925 -0.8204
vn -0.5304 -0.5370 -0.6560
vn -0.6197 0.1063 -0.7776
vn -0.7873 0.0718 0.6124
vn 0.5444 0.0036 0.8388
vn -0.1497 0.0093 0.9887
vn -0.2682 0.2290 0.9357
vn 0.5579 0.1447 0.8172
vn -0.7190 -0.0098 0.6950
vn -0.7447 0.0706 0.6637
vn 0.5370 0.1795 0.8243
vn -0.4923 0.2833 0.8230
vn -0.3868 -0.0195 0.9220
vn -0.8857 0.0261 0.4635
vn -0.8071 0.0130 0.5902
vn 0.5201 -0.0671 0.8515
vn -0.4166 -0.7545 -0.5071
vn -0.5349 -0.6806 -0.5006
vn -0.7413 -0.6445 -0.1872
vn -0.2896 -0.9140 -0.2842
vn -0.4855 -0.6803 -0.5491
vn -0.8385 -0.4995 -0.2178
vn -0.7502 -0.3344 -0.5705
vn -0.9489 -0.1787 -0.2602
vn -0.9899 -0.1390 0.0265
vn -0.8680 -0.1331 -0.4784
vn -0.6403 -0.2163 -0.7371
vn -0.9893 0.1436 -0.0248
vn -0.9690 0.1133 0.2196
vn -0.9088 0.4009 0.1160
vn -0.8790 0.3093 0.3630
vn -0.7777 0.2871 0.5592
vn -0.7386 0.4228 0.5250
vn -0.7790 0.0930 0.6200
vn 0.1118 0.9870 0.1157
vn 0.0415 0.9861 0.1610
vn 0.1127 0.9927 0.0430
vn 0.1360 0.9820 -0.1307
vn -0.1577 0.9830 0.0942
vn -0.1627 0.9788 0.1246
vn 0.7339 -0.1069 0.6708
vn -0.8838 0.0883 0.4594
vn -0.8489 0.0242 0.5279
vn 0.6961 0.1340 -0.7053
vn 0.6651 0.1372 -0.7340
vn 0.3550 0.4808 -0.8018
vn 0.6491 0.3252 -0.6876
vn 0.7072 0.2104 -0.6750
vn 0.2649 0.1644 -0.9501
vn 0.1691 0.0756 -0.9827
vn 0.1791 0.4325 -0.8837
vn -0.4488 0.4696 -0.7603
vn -0.3826 0.5472 -0.7445
vn -0.4050 0.1073 -0.9080
vn 0.1048 0.9834 0.1482
vn 0.0242 0.9997 0.0099
vn 0.0671 0.9919 0.1080
vn -0.2575 0.9613 -0.0975
vn -0.5239 -0.0177 -0.8516
vn 0.6717 -0.1095 -0.7327
vn 0.4011 -0.7972 -0.4512
vn 0.0888 -0.5632 -0.8215
vn 0.1154 -0.0852 -0.9897
vn -0.5550 -0.1565 -0.8170
vn -0.3435 -0.7948 -0.5004
vn -0.0026 -0.9995 -0.0323
vn -0.4603 0.8543 -0.2415
vn -0.6268 0.6205 -0.4713
vn -0.9574 0.2196 -0.1877
vn -0.8885 0.4458 -0.1084
vn -0.9943 -0.0622 0.0866
vn -0.9590 -0.1739 -0.2236
vn -0.6746 -0.2047 -0.7092
vn -0.6832 -0.1237 -0.7197
vn -0.9001 -0.0444 -0.4333
vn -0.8601 0.1649 -0.4828
vn -0.6550 0.5273 -0.5413
vn -0.5951 0.7152 -0.3665
vn -0.4066 0.8521 -0.3295
vn -0.6458 0.0491 -0.7619
vn -0.9416 0.1345 -0.3087
vn -0.6946 0.6494 -0.3095
vn -0.4815 0.6470 -0.5913
vn -0.0787 0.9939 -0.0776
vn -0.5034 0.8500 0.1551
vn -0.8875 0.2957 0.3534
vn -0.1912 -0.7937 -0.5775
vn 0.2310 -0.5844 -0.7779
vn -0.1726 -0.6102 -0.7732
vn -0.2063 -0.9013 -0.3810
vn -0.4833 -0.5341 -0.6936
vn -0.5443 -0.3551 -0.7600
vn -0.6145 -0.2702 -0.7412
vn -0.5249 -0.4073 -0.7474
vn -0.5332 -0.1339 -0.8353
vn 0.1099 -0.0911 -0.9898
vn 0.3960 -0.1965 -0.8970
vn -0.2308 -0.4028 -0.8857
vn -0.5870 -0.5856 0.5590
vn -0.5990 -0.3716 0.7093
vn -0.3831 -0.1564 0.9104
vn -0.4545 -0.6080 0.6509
vn -0.7042 -0.1965 0.6823
vn -0.6131 -0.0410 0.7890
vn -0.5251 -0.2773 0.8046
vn -0.6104 0.0585 0.7899
vn -0.5894 -0.7030 0.3980
vn -0.7972 -0.2312 0.5576
vn 0.1749 0.4221 -0.8895
vn -0.4752 0.1050 -0.8736
vn -0.4837 0.4001 -0.7784
vn -0.2163 0.7733 -0.5959
vn -0.4405 0.1617 -0.8831
vn -0.4489 0.1062 -0.8873
vn -0.0784 0.2442 -0.9665
vn -0.1679 0.5630 -0.8092
vn 0.1709 0.6820 -0.7111
vn 0.5708 0.1343 -0.8100
vn -0.5969 0.1341 -0.7910
vn -0.5424 0.1140 -0.8323
vn -0.4680 -0.7750 -0.4248
vn -0.9484 -0.1548 -0.2766
vn -0.6598 -0.1439 -0.7375
vn -0.5399 -0.1605 -0.8263
vn -0.9015 0.2255 -0.3694
vn -0.9175 -0.0747 0.3906
vn -0.9277 0.2035 0.3129
vn -0.9841 0.1219 0.1293
vn -0.8451 0.1397 -0.5160
vn -0.9953 -0.0763 0.0591
vn -0.8176 -0.0732 -0.5710
vn -0.5485 -0.0621 -0.8339
vn -0.7859 -0.1863 -0.5896
vn 0.1269 -0.0377 -0.9912
vn 0.5251 -0.0567 -0.8491
vn -0.1147 -0.1519 -0.9817
vn 0.0195 0.0020 -0.9998
vn -0.5824 -0.1667 -0.7956
vn -0.5512 -0.1029 -0.8280
vn -0.5906 -0.1806 -0.7865
vn -0.5871 -0.1725 -0.7909
vn -0.6046 -0.0815 -0.7924
vn -0.5862 -0.1846 -0.7889
vn -0.5982 0.0042 -0.8014
vn -0.4778 0.6342 -0.6078
vn -0.5008 0.5482 -0.6699
vn -0.2705 0.9140 -0.3024
vn -0.2591 0.8978 -0.3561
vn -0.2906 0.9034 -0.3153
vn -0.2560 0.9065 -0.3356
vn -0.1642 0.8883 -0.4289
vn -0.4410 0.6927 -0.5707
vn -0.3430 0.7106 -0.6144
vn -0.6087 0.1357 -0.7817
vn -0.5266 0.1943 -0.8276
vn -0.6104 -0.1136 -0.7839
vn -0.5370 -0.1105 -0.8363
vn -0.4997 -0.1260 -0.8570
vn -0.3955 -0.6850 -0.6118
vn -0.3574 -0.7065 -0.6108
vn -0.0546 -0.9952 -0.0818
vn -0.0238 -0.9983 -0.0524
vn -0.6592 -0.7021 0.2692
vn -0.0032 -1.0000 -0.0004
vn -0.4532 -0.7409 0.4957
vn -0.7058 -0.0270 0.7079
vn -0.4510 -0.7580 0.4712
vn -0.6918 -0.0545 0.7201
vn -0.6824 0.0831 0.7263
vn -0.7687 0.1094 0.6301
vn -0.6305 0.0861 0.7714
vn -0.8207 0.0749 0.5664
vn -0.8380 -0.0477 0.5435
vn -0.8253 -0.1377 0.5477
vn -0.9792 -0.1935 0.0607
vn -0.8285 -0.1193 0.5471
vn -0.9539 -0.2500 0.1659
vn -0.7897 -0.3780 -0.4833
vn -0.9571 -0.0824 0.2777
vn -0.8832 -0.2068 -0.4210
vn -0.9429 0.0502 0.3294
vn -0.9307 0.0414 -0.3633
vn -0.6498 0.0565 -0.7580
vn -0.6021 0.0948 -0.7928
vn -0.6153 0.0527 -0.7865
vn -0.5824 0.1683 -0.7953
vn -0.6002 0.0206 -0.7996
vn -0.5858 0.2206 -0.7799
vn -0.5950 -0.0429 -0.8026
vn -0.4522 -0.6211 -0.6400
vn -0.5863 -0.1308 -0.7995
vn -0.4173 -0.6841 -0.5982
vn -0.2257 -0.9155 -0.3331
vn -0.2276 -0.9158 -0.3308
vn -0.3827 -0.7495 -0.5401
vn -0.3499 -0.7952 -0.4951
vn -0.5576 -0.3482 -0.7536
vn -0.5378 -0.4135 -0.7347
vn -0.4111 -0.7048 -0.5781
vn -0.5701 -0.2875 -0.7696
vn -0.5916 -0.1895 -0.7837
vn -0.2275 -0.9161 -0.3301
vn -0.3914 -0.7345 -0.5544
vn -0.5750 -0.2204 -0.7879
vn -0.5745 -0.2846 -0.7674
vn -0.5879 0.2137 -0.7802
vn -0.5953 0.1696 -0.7854
vn -0.5888 -0.3164 -0.7438
vn -0.3750 0.7954 -0.4761
vn -0.3775 0.7790 -0.5006
vn -0.0989 0.9898 -0.1030
vn -0.0929 0.9885 -0.1192
vn -0.1915 0.9481 -0.2540
vn -0.1537 0.9590 -0.2381
vn -0.1375 0.9743 -0.1784
vn -0.1945 0.9531 -0.2317
vn -0.0982 0.9900 -0.1016
vn -0.1668 0.9735 -0.1565
vn -0.0884 0.9918 -0.0927
vn -0.3726 0.7990 -0.4719
vn -0.3728 0.7825 -0.4987
vn -0.0829 0.9928 -0.0870
vn -0.3820 0.7554 -0.5324
vn -0.5894 0.2337 -0.7733
vn -0.0829 0.9952 -0.0523
vn -0.1076 0.9896 -0.0955
vn -0.0937 0.9912 -0.0938
vn -0.4520 0.6610 -0.5990
vn -0.2008 0.9761 -0.0833
vn -0.2386 0.9475 -0.2128
vn -0.2076 0.9455 -0.2510
vn -0.3463 0.9381 0.0062
vn -0.3038 0.9395 0.1583
vn -0.2665 0.9471 0.1786
vn -0.2235 0.9725 0.0658
vn -0.1408 0.9900 0.0014
vn -0.2842 0.9436 0.1699
vn -0.3176 0.9306 0.1817
vn -0.0807 0.9967 -0.0130
vn -0.3598 0.9091 0.2100
vn -0.7263 0.4829 0.4892
vn -0.7523 0.4190 0.5083
vn -0.8256 0.0857 0.5577
vn -0.6950 0.5477 0.4659
vn -0.8225 0.0809 0.5630
vn -0.8209 0.0762 0.5659
vn -0.8304 0.0585 0.5540
vn -0.8324 0.0237 0.5537
vn -0.7961 -0.1361 0.5897
vn -0.8283 0.0766 0.5550
vn -0.8103 -0.1108 0.5754
vn -0.8032 -0.1913 0.5642
vn -0.8334 0.0819 0.5466
vn -0.8309 0.0930 0.5487
vn -0.8386 0.0888 0.5375
vn -0.8310 0.1149 0.5443
vn -0.6407 0.6462 0.4147
vn -0.6680 0.6028 0.4363
vn -0.2384 0.9599 0.1477
vn -0.2599 0.9520 0.1618
vn -0.3483 0.9101 0.2243
vn -0.1858 0.9735 0.1330
vn -0.3421 0.9039 0.2570
vn -0.1543 0.9810 0.1172
vn -0.3208 0.9165 0.2391
vn -0.1469 0.9812 0.1250
vn -0.2948 0.9351 0.1967
vn 0.1579 0.9818 -0.1056
vn 0.0607 0.9970 -0.0475
vn -0.0329 0.9991 -0.0253
vn -0.0126 0.9999 0.0116
vn -0.0931 0.9955 0.0160
vn -0.0333 0.9993 0.0181
vn -0.1777 0.9810 0.0776
vn -0.1751 0.9760 0.1297
vn 0.0551 0.9969 -0.0557
vn 0.0053 0.9998 0.0194
vn 0.0240 0.9997 0.0001
vn 0.2033 0.9691 -0.1393
vn 0.1874 0.9740 -0.1273
vn 0.1230 0.9840 -0.1289
vn 0.6021 0.6930 -0.3965
vn 0.6056 0.6980 -0.3821
vn 0.8390 -0.0032 -0.5441
vn 0.8512 0.0223 -0.5243
vn 0.8607 0.0198 -0.5088
vn 0.8532 -0.1300 -0.5051
vn 0.8550 -0.1018 -0.5086
vn 0.8544 -0.1487 -0.4979
vn 0.8074 -0.2935 -0.5118
vn 0.5435 -0.1690 -0.8222
vn 0.8001 -0.1381 -0.5838
vn -0.2268 -0.0860 -0.9701
vn -0.1081 -0.1885 -0.9761
vn 0.4747 -0.0349 -0.8794
vn 0.7867 -0.0020 -0.6173
vn 0.3838 0.0119 -0.9233
vn 0.7625 0.0322 -0.6462
vn 0.8726 0.0813 -0.4816
vn 0.7725 0.2985 -0.5604
vn 0.9723 0.1764 0.1533
vn 0.8122 0.5718 -0.1158
vn 0.7067 0.3452 -0.6176
vn 0.7804 0.4390 -0.4452
vn 0.8512 0.5148 0.1018
vn 0.5309 0.8466 -0.0366
vn 0.7580 0.5709 -0.3156
vn 0.8359 0.0908 -0.5414
vn 0.9063 0.0980 -0.4111
vn 0.3826 0.8956 -0.2271
vn 0.6782 0.6393 -0.3624
vn 0.8822 0.1048 -0.4590
vn 0.9080 -0.0878 -0.4096
vn 0.8864 -0.0572 -0.4594
vn 0.6359 0.6512 -0.4142
vn 0.8292 0.1339 -0.5426
vn 0.8335 -0.0560 -0.5496
vn 0.7115 -0.5988 -0.3678
vn 0.7018 -0.5427 -0.4615
vn 0.7924 0.1652 -0.5872
vn 0.8021 -0.0475 -0.5953
vn 0.6958 -0.4963 -0.5192
vn 0.2061 -0.9692 -0.1352
vn 0.2359 -0.9556 -0.1766
vn 0.7933 -0.0352 -0.6079
vn 0.7069 -0.4496 -0.5460
vn 0.2652 -0.9420 -0.2055
vn 0.0096 -0.9999 -0.0068
vn 0.0081 -0.9999 -0.0060
vn 0.7289 -0.3950 -0.5591
vn 0.2979 -0.9250 -0.2360
vn 0.0055 -1.0000 -0.0076
vn 0.0041 -1.0000 -0.0026
vn 0.0026 -1.0000 -0.0031
vn 0.3421 -0.8988 -0.2742
vn 0.0024 -1.0000 -0.0060
vn 0.0016 -1.0000 -0.0014
vn 0.0020 -1.0000 -0.0012
vn 0.0018 -1.0000 -0.0002
vn 0.0017 -1.0000 0.0009
vn 0.0024 -1.0000 0.0009
vn 0.0016 -1.0000 0.0001
vn 0.0023 -1.0000 0.0004
vn 0.0395 -0.9990 0.0198
vn 0.0030 -1.0000 0.0017
vn 0.0032 -1.0000 0.0001
vn 0.0012 -1.0000 -0.0001
vn 0.0016 -1.0000 -0.0008
vn 0.3956 -0.8020 0.4476
vn 0.3941 -0.8186 0.4179
vn 0.3836 -0.8355 0.3933
vn -0.0006 -1.0000 0.0006
vn 0.3592 -0.8629 0.3554
vn 0.6816 -0.1887 0.7069
vn 0.6841 -0.2252 0.6938
vn 0.6885 -0.2801 0.6689
vn 0.2952 -0.9166 0.2696
vn 0.6877 -0.3927 0.6106
vn 0.6887 0.0895 0.7195
vn 0.7147 0.1261 0.6879
vn 0.7467 0.0899 0.6591
vn 0.6112 -0.5961 0.5207
vn 0.7721 -0.0064 0.6354
vn 0.5734 0.5982 0.5598
vn 0.5435 0.5428 0.6403
vn 0.5355 0.5044 0.6774
vn 0.5999 0.5381 0.5921
vn 0.6443 0.1447 0.7509
vn 0.7018 0.1357 0.6993
vn 0.6794 0.0896 0.7283
vn 0.6964 0.0916 0.7118
vn 0.6597 0.0283 0.7510
vn 0.6930 0.0907 0.7153
vn 0.7042 0.1017 0.7027
vn 0.8446 0.1234 0.5210
vn 0.6986 -0.0855 0.7104
vn 0.7055 -0.0673 0.7055
vn 0.5481 -0.6482 0.5286
vn 0.5562 -0.6412 0.5286
vn 0.3014 -0.9141 0.2711
vn 0.3105 -0.9116 0.2695
vn 0.3103 -0.9036 0.2953
vn 0.3529 -0.8747 0.3322
vn 0.4333 -0.8304 0.3502
vn 0.6367 -0.4606 0.6185
vn 0.6775 -0.3623 0.6402
vn 0.6976 -0.2644 0.6659
vn 0.7089 0.0433 0.7039
vn 0.7032 0.0382 0.7099
vn 0.6871 0.2632 0.6772
vn 0.6924 0.2239 0.6859
vn 0.3819 0.8399 0.3856
vn 0.4040 0.8229 0.3995
vn 0.0279 0.9984 0.0489
vn 0.0250 0.9989 0.0404
vn 0.0337 0.9971 0.0679
vn 0.0173 0.9987 0.0480
vn 0.0020 0.9994 0.0358
vn -0.2614 0.9409 0.2152
vn 0.0447 0.9864 0.1583
vn -0.0271 0.9958 0.0877
vn -0.2462 0.9511 0.1865
vn -0.7029 0.4676 0.5360
vn -0.6866 0.5189 0.5092
vn -0.1185 0.9783 0.1700
vn -0.2395 0.9530 0.1856
vn -0.6616 0.5618 0.4967
vn -0.7924 0.0697 0.6060
vn -0.7904 0.0842 0.6068
vn -0.2333 0.9573 0.1705
vn -0.6382 0.5994 0.4831
vn -0.7902 0.0970 0.6052
vn -0.7890 0.0131 0.6142
vn -0.7921 0.0167 0.6102
vn -0.6195 0.6466 0.4451
vn -0.8066 0.1170 0.5794
vn -0.8084 0.0205 0.5882
vn -0.6727 -0.5227 0.5237
vn -0.6866 -0.5192 0.5089
vn -0.8300 0.1433 0.5391
vn -0.8325 0.0470 0.5520
vn -0.7348 -0.4788 0.4805
vn -0.3961 -0.8658 0.3057
vn -0.4412 -0.8495 0.2892
vn -0.8409 0.0809 0.5351
vn -0.7932 -0.3567 0.4935
vn -0.5106 -0.8026 0.3084
vn -0.6617 -0.5824 0.4722
vn -0.6441 -0.6323 0.4304
vn -0.8119 -0.2625 0.5215
vn -0.5704 -0.7301 0.3763
vn -0.7941 -0.0647 0.6043
vn -0.6455 -0.5822 0.4943
vn -0.8068 -0.0666 0.5871
vn -0.8131 -0.1186 0.5698
vn -0.8073 0.0630 0.5867
vn -0.8151 0.0626 0.5760
vn -0.8017 0.0781 0.5926
vn -0.8036 0.1443 0.5774
vn -0.7748 0.1649 0.6103
vn -0.6411 0.1828 0.7454
vn -0.7388 0.3342 0.5852
vn -0.6733 0.2674 0.6894
vn -0.4776 0.1266 0.8694
vn -0.6319 0.1603 0.7583
vn -0.7627 0.0566 0.6442
vn -0.7243 -0.0227 0.6891
vn -0.5220 -0.7632 0.3809
vn -0.7940 0.1335 0.5931
vn -0.5105 -0.7631 0.3964
vn -0.4842 -0.7612 0.4314
vn -0.0039 -1.0000 0.0026
vn -0.0033 -1.0000 0.0022
vn -0.0029 -1.0000 0.0012
vn -0.0023 -1.0000 -0.0021
vn -0.0018 -1.0000 -0.0014
vn -0.0015 -1.0000 -0.0009
vn -0.0016 -1.0000 -0.0015
vn -0.0010 -1.0000 -0.0010
vn -0.0004 -1.0000 -0.0006
vn -0.0011 -1.0000 -0.0003
vn 0.0001 -1.0000 -0.0004
vn -0.0008 -1.0000 0.0001
vn -0.0042 -1.0000 0.0024
vn -0.0003 -1.0000 0.0005
vn -0.0038 -1.0000 0.0029
vn -0.5306 -0.7603 0.3747
vn -0.8043 0.1778 0.5670
vn -0.0037 -1.0000 0.0051
vn -0.5363 -0.7544 0.3786
vn -0.8016 0.2054 0.5615
vn -0.5396 -0.7470 0.3884
vn -0.7913 0.2415 0.5617
vn -0.7299 0.4031 0.5521
vn -0.7518 0.3782 0.5402
vn -0.7587 0.3589 0.5436
vn -0.7999 0.1384 0.5840
vn -0.7815 0.1231 0.6116
vn -0.7930 0.0680 0.6055
vn -0.5321 -0.7363 0.4180
vn -0.0044 -1.0000 0.0009
vn -0.5677 -0.7250 0.3900
vn -0.0058 -1.0000 0.0033
vn -0.0049 -1.0000 0.0059
vn 0.0002 -1.0000 0.0011
vn 0.0004 -1.0000 0.0014
vn 0.0002 -1.0000 0.0015
vn 0.0005 -1.0000 0.0009
vn 0.0003 -1.0000 0.0009
vn -0.0000 -1.0000 0.0008
vn -0.0001 -1.0000 0.0016
vn -0.0002 -1.0000 0.0007
vn -0.0003 -1.0000 0.0019
vn -0.0016 -1.0000 0.0011
vn -0.5842 -0.7296 0.3555
vn -0.0007 -1.0000 0.0019
vn 0.0007 -1.0000 0.0033
vn -0.5672 -0.7356 0.3703
vn 0.1710 -0.9751 0.1413
vn -0.5273 -0.7373 0.4224
vn -0.0609 -0.6259 0.7776
vn 0.0008 -1.0000 0.0002
vn 0.0008 -1.0000 0.0004
vn 0.0014 -1.0000 -0.0001
vn 0.0008 -1.0000 0.0003
vn 0.0014 -1.0000 -0.0003
vn 0.0025 -1.0000 -0.0012
vn 0.0026 -1.0000 -0.0009
vn 0.0047 -1.0000 -0.0024
vn 0.0025 -1.0000 -0.0017
vn 0.0049 -1.0000 -0.0037
vn 0.0103 -0.9999 -0.0075
vn 0.0050 -1.0000 -0.0033
vn 0.0082 -1.0000 -0.0038
vn 0.1646 -0.9829 -0.0826
vn 0.0048 -1.0000 -0.0023
vn 0.1074 -0.9935 -0.0373
vn 0.6859 -0.6632 -0.2995
vn 0.0426 -0.9990 -0.0097
vn 0.5543 -0.7663 -0.3250
vn 0.8359 -0.1492 -0.5283
vn 0.4608 -0.8012 -0.3818
vn 0.7460 -0.1724 -0.6432
vn 0.7372 0.0978 -0.6685
vn 0.7193 -0.1648 -0.6749
vn 0.4403 -0.8014 -0.4049
vn 0.0045 -1.0000 0.0029
vn 0.0097 -1.0000 -0.0011
vn 0.0021 -1.0000 0.0001
vn 0.0039 -1.0000 -0.0012
vn 0.0041 -1.0000 -0.0028
vn 0.0020 -1.0000 -0.0018
vn 0.0027 -1.0000 -0.0022
vn 0.0039 -1.0000 -0.0023
vn 0.0018 -1.0000 -0.0023
vn 0.0027 -1.0000 -0.0023
vn 0.0028 -1.0000 -0.0023
vn 0.0014 -1.0000 -0.0017
vn 0.0014 -1.0000 -0.0011
vn 0.0013 -1.0000 -0.0006
vn 0.0005 -1.0000 -0.0004
vn 0.0007 -1.0000 -0.0002
vn 0.0008 -1.0000 0.0001
vn 0.0004 -1.0000 -0.0000
vn 0.0006 -1.0000 0.0006
vn 0.0002 -1.0000 -0.0008
vn -0.0003 -1.0000 -0.0015
vn 0.0008 -1.0000 -0.0022
vn -0.0008 -1.0000 -0.0022
vn -0.0001 -1.0000 -0.0026
vn 0.0009 -1.0000 -0.0022
vn -0.0011 -1.0000 -0.0028
vn -0.0002 -1.0000 -0.0020
vn 0.0010 -1.0000 -0.0012
vn -0.0010 -1.0000 -0.0015
vn -0.0000 -1.0000 -0.0012
vn -0.0002 -1.0000 -0.0024
vn -0.3801 -0.8259 -0.4165
vn -0.3748 -0.8281 -0.4169
vn -0.6575 -0.2199 -0.7206
vn -0.6552 -0.2268 -0.7206
vn -0.6781 -0.0524 -0.7331
vn -0.6656 -0.0494 -0.7447
vn -0.6420 0.3489 -0.6827
vn -0.6162 0.3427 -0.7091
vn -0.5741 0.4472 -0.6859
vn -0.6381 0.0842 -0.7654
vn -0.6312 -0.0364 -0.7748
vn -0.3369 -0.0149 -0.9414
vn -0.5990 -0.1120 -0.7929
vn -0.5175 -0.2171 -0.8277
vn -0.6183 0.4857 -0.6179
vn -0.6802 -0.0151 -0.7328
vn -0.5605 0.5776 -0.5935
vn -0.6730 0.0326 -0.7389
vn -0.6570 -0.2087 -0.7244
vn -0.6526 -0.1757 -0.7370
vn -0.6577 0.0786 -0.7492
vn -0.6470 -0.1312 -0.7511
vn -0.3884 -0.8164 -0.4274
vn -0.3954 -0.7994 -0.4524
vn -0.4363 -0.7479 -0.5003
vn -0.4481 -0.6995 -0.5566
vn -0.0018 -1.0000 -0.0026
vn -0.0185 -0.9997 -0.0134
vn -0.0495 -0.9975 -0.0496
vn -0.0013 -1.0000 -0.0029
vn -0.0020 -1.0000 -0.0019
vn -0.5085 0.6444 -0.5712
vn -0.8325 0.1455 0.5345
vn -0.5815 0.7158 0.3866
vn -0.5807 0.7224 0.3753
vn -0.1962 0.9716 0.1326
vn -0.2387 0.9528 0.1874
vn -0.7086 -0.4756 0.5212
vn -0.7544 -0.3719 0.5410
vn -0.7877 -0.0025 0.6161
vn -0.7165 -0.3453 0.6061
vn -0.7750 -0.0550 0.6296
vn -0.7922 0.0542 0.6079
vn -0.2771 -0.3387 0.8992
vn -0.7033 -0.3320 0.6286
vn -0.1948 -0.0776 0.9778
vn -0.7167 -0.0787 0.6929
vn 0.1465 0.9664 0.2112
vn 0.0562 0.9936 0.0984
vn 0.1936 0.9502 0.2443
vn 0.0871 0.9855 0.1454
vn 0.1888 0.9436 0.2722
vn -0.0183 0.9998 0.0107
vn 0.1957 0.9420 0.2727
vn -0.0591 0.9980 0.0242
vn -0.2302 0.9647 -0.1283
vn -0.1694 0.9669 -0.1906
vn 0.0636 0.9968 0.0481
vn -0.1517 0.9882 -0.0203
vn 0.2629 0.9634 -0.0517
vn 0.1453 0.9825 -0.1161
vn 0.2010 0.9762 -0.0811
vn 0.2105 0.9686 -0.1321
vn 0.3710 0.8968 -0.2412
vn 0.5755 0.7353 -0.3580
vn 0.5949 0.6903 -0.4117
vn 0.8165 0.0969 -0.5691
vn 0.8165 -0.0126 -0.5771
vn 0.7844 -0.0737 -0.6159
vn 0.7952 -0.1715 -0.5816
vn 0.8342 -0.1915 -0.5171
vn 0.6451 -0.5899 -0.4856
vn 0.4235 -0.8478 -0.3192
vn 0.7117 -0.4870 -0.5062
vn 0.8184 0.0705 -0.5703
vn 0.7042 0.5548 -0.4430
vn 0.6989 0.5302 -0.4800
vn 0.4036 0.8747 -0.2685
vn 0.7862 0.3004 -0.5401
vn 0.8085 -0.0075 -0.5884
vn 0.7321 0.3932 -0.5563
vn 0.8243 -0.0245 -0.5656
vn 0.9018 -0.0466 -0.4297
vn 0.9840 0.0132 0.1775
vn 0.7786 0.0520 0.6253
vn 0.7221 -0.1172 0.6818
vn 0.7269 0.0528 0.6847
vn 0.5947 0.5714 0.5655
vn 0.7191 0.0980 0.6879
vn 0.5443 0.6544 0.5249
vn 0.1788 0.9704 0.1625
vn 0.1315 0.9846 0.1155
vn 0.4429 0.7864 0.4306
vn 0.0820 0.9930 0.0847
vn 0.1330 0.9880 0.0781
vn 0.1550 0.9758 0.1543
vn 0.1278 0.9756 0.1783
vn 0.0411 0.9969 0.0675
vn 0.2429 0.9468 0.2112
vn 0.2624 0.9618 0.0784
vn 0.1426 0.9897 -0.0115
vn 0.2945 0.9271 -0.2320
vn 0.3757 0.8426 0.3859
vn 0.3984 0.8264 0.3979
vn 0.0283 0.9980 0.0560
vn 0.6866 0.2712 0.6745
vn 0.6954 0.2483 0.6744
vn 0.7030 0.1853 0.6866
vn 0.7219 0.0039 0.6920
vn 0.7315 -0.0390 0.6807
vn 0.7363 -0.0890 0.6708
vn 0.5972 -0.5572 0.5770
vn 0.7172 0.0341 0.6961
vn 0.4893 -0.6787 0.5477
vn 0.6018 -0.2764 0.7493
vn 0.3939 0.0947 0.9143
vn 0.4135 0.1817 0.8922
vn 0.3409 0.1386 0.9298
vn 0.2134 0.0482 0.9758
vn 0.6019 0.0549 0.7967
vn 0.5366 -0.0086 0.8438
vn 0.8286 0.0301 0.5591
vn 0.8209 -0.0291 0.5703
vn 0.9996 -0.0281 -0.0100
vn 0.8640 -0.0145 -0.5033
vn 0.6728 0.1396 0.7266
vn 0.8348 0.1380 0.5329
vn 0.7031 0.1492 0.6953
vn 0.8214 0.2057 0.5320
vn 0.6945 0.0601 0.7170
vn 0.8173 0.1353 0.5601
vn 0.6602 -0.0926 0.7453
vn 0.8064 0.0354 0.5904
vn 0.9851 0.1394 0.1010
vn 0.9123 0.0784 -0.4020
vn 0.7574 -0.3213 -0.5685
vn 0.8211 -0.0061 -0.5707
vn 0.8001 -0.0263 -0.5993
vn 0.7789 0.1747 -0.6023
vn 0.4345 -0.7632 0.4784
vn 0.6637 -0.1489 0.7330
vn 0.6890 0.0220 0.7244
vn 0.6986 0.0268 0.7150
vn 0.6666 0.1835 0.7225
vn 0.5984 0.3535 0.7190
vn 0.5299 0.2684 0.8045
vn 0.4286 0.4420 0.7880
vn -0.6523 0.0542 -0.7560
f 1/1/1 2/2/2 3/3/3 4/4/4
f 5/5/5 6/6/6 3/3/3 2/2/2
f 7/7/7 4/4/4 3/3/3 6/6/6
f 8/8/8 9/9/9 10/10/10 11/11/11
f 12/12/12 13/13/13 10/10/10 9/9/9
f 14/14/14 11/11/11 10/10/10 13/13/13
f 15/15/15 16/16/16 17/17/17 18/18/18
f 19/19/19 18/18/18 17/17/17 20/20/20
f 21/21/21 20/20/20 17/17/17 22/22/22
f 23/23/23 24/24/24 17/17/17 16/16/16
f 25/25/25 22/22/22 17/17/17 24/24/24
f 26/26/26 27/27/27 11/11/11 14/14/14
f 28/28/28 8/29/8 11/30/11 29/31/29
f 30/32/30 29/31/29 11/30/11 27/33/27
f 31/34/31 32/35/32 33/36/33 34/37/34
f 35/38/35 34/37/34 33/36/33 36/39/36
f 37/40/37 36/39/36 33/36/33 32/35/32
f 38/41/38 39/42/39 31/34/31 40/43/40
f 41/44/41 32/35/32 31/34/31 39/42/39
f 42/45/42 43/46/43 44/47/44 45/48/45
f 46/49/46 45/48/45 44/47/44 47/50/47
f 48/51/48 47/50/47 44/47/44 43/46/43
f 49/52/49 50/53/50 51/54/51 52/55/52
f 53/56/53 54/57/54 51/54/51 50/53/50
f 55/58/55 52/55/52 51/54/51 54/57/54
f 56/59/56 57/60/57 58/61/58 59/62/59
f 60/63/60 61/64/61 58/61/58 57/60/57
f 62/65/62 59/62/59 58/61/58 61/64/61
f 63/66/63 64/67/64 53/56/53 65/68/65
f 66/69/66 65/68/65 53/56/53 67/70/67
f 68/71/68 67/70/67 53/56/53 50/53/50
f 69/72/69 54/57/54 53/56/53 64/67/64
f 70/73/70 71/74/71 72/75/72 73/76/73
f 74/77/74 73/76/73 72/75/72 75/78/75
f 76/79/76 75/80/75 72/81/72 77/82/77
f 78/83/78 77/82/77 72/81/72 79/84/79
f 80/85/80 79/84/79 72/81/72 71/86/71
f 81/87/81 82/88/82 83/89/83 84/90/84
f 67/70/67 84/90/84 83/89/83 66/69/66
f 85/91/85 66/69/66 83/89/83 86/92/86
f 87/93/87 86/92/86 83/89/83 82/88/82
f 88/94/88 80/95/80 71/74/71 70/73/70
f 37/40/37 89/96/89 90/97/90 36/39/36
f 35/38/35 36/39/36 90/97/90 91/98/91
f 92/99/92 91/98/91 90/97/90 89/96/89
f 93/100/93 76/79/76 89/96/89 37/40/37
f 77/82/77 94/101/94 89/96/89 76/79/76
f 95/102/95 92/99/92 89/96/89 94/101/94
f 96/103/96 97/104/97 98/105/98 99/106/99
f 100/107/100 101/108/101 98/105/98 97/104/97
f 102/109/102 99/106/99 98/105/98 101/108/101
f 103/110/103 62/65/62 61/64/61 104/111/104
f 105/112/105 104/111/104 61/64/61 106/113/106
f 107/114/107 106/113/106 61/64/61 60/63/60
f 108/115/108 109/116/109 110/117/110 111/118/111
f 112/119/112 113/120/113 110/117/110 109/116/109
f 114/121/114 111/118/111 110/117/110 115/122/115
f 116/123/116 115/122/115 110/117/110 113/120/113
f 117/124/117 118/125/118 119/126/119 120/127/120
f 121/128/121 122/129/122 119/126/119 118/125/118
f 123/130/123 120/127/120 119/126/119 122/129/122
f 124/131/124 125/132/125 126/133/126 127/134/127
f 128/135/128 129/136/129 126/133/126 125/132/125
f 130/137/130 131/138/131 132/139/132 133/140/133
f 134/141/134 135/142/135 132/139/132 131/138/131
f 136/143/136 133/140/133 132/139/132 137/144/137
f 138/145/138 139/146/139 132/139/132 135/142/135
f 140/147/140 137/144/137 132/139/132 139/146/139
f 141/148/141 123/130/123 122/129/122 142/149/142
f 143/150/143 144/151/144 122/129/122 121/128/121
f 145/152/145 142/149/142 122/129/122 144/151/144
f 146/153/146 131/138/131 130/137/130 147/154/147
f 148/155/148 147/154/147 130/137/130 133/140/133
f 147/154/147 149/156/149 150/157/150 146/153/146
f 151/158/151 152/159/152 150/157/150 149/156/149
f 153/160/153 146/153/146 150/157/150 152/159/152
f 154/161/154 155/162/155 156/163/156 157/164/157
f 158/165/158 157/164/157 156/163/156 159/166/159
f 160/167/160 159/166/159 156/163/156 161/168/161
f 162/169/162 163/170/163 156/163/156 155/162/155
f 164/171/164 161/168/161 156/163/156 163/170/163
f 134/141/134 131/138/131 146/153/146 165/172/165
f 166/173/166 165/172/165 146/153/146 153/160/153
f 167/174/167 138/145/138 135/142/135 134/141/134
f 168/175/168 160/167/160 161/168/161 164/171/164
f 169/176/169 170/177/170 171/178/171 172/179/172
f 173/180/173 174/181/174 171/178/171 170/177/170
f 175/182/175 172/179/172 171/178/171 176/183/176
f 177/184/177 176/183/176 171/178/171 178/185/178
f 179/186/179 178/185/178 171/178/171 174/181/174
f 180/187/180 175/182/175 176/183/176 177/184/177
f 181/188/181 182/189/182 183/190/183 184/191/184
f 185/192/185 184/191/184 183/190/183 186/193/186
f 166/173/166 187/194/187 183/190/183 182/189/182
f 188/195/188 186/193/186 183/190/183 189/196/189
f 190/197/190 189/196/189 183/190/183 187/194/187
f 191/198/191 185/192/185 186/193/186 188/195/188
f 192/199/192 193/200/193 194/201/194 195/202/195
f 196/203/196 195/202/195 194/201/194 197/204/197
f 198/205/198 197/204/197 194/201/194 193/200/193
f 199/206/199 200/207/200 201/208/201 202/209/202
f 203/210/203 202/209/202 201/208/201 204/211/204
f 145/152/145 175/182/175 180/187/180 205/212/205
f 206/213/206 192/199/192 195/202/195 207/214/207
f 208/215/208 209/216/209 210/217/210 211/218/211
f 212/219/212 211/218/211 210/217/210 213/220/213
f 214/221/214 215/222/215 210/217/210 209/216/209
f 216/223/216 217/224/217 210/217/210 215/222/215
f 218/225/218 213/220/213 210/217/210 217/224/217
f 219/226/219 220/227/220 199/206/199 221/228/221
f 222/229/222 200/207/200 199/206/199 220/227/220
f 223/230/223 216/223/216 215/222/215 214/221/214
f 224/231/224 225/232/225 226/233/226 227/234/227
f 228/235/228 227/234/227 226/233/226 229/236/229
f 230/237/230 229/236/229 226/233/226 225/232/225
f 231/238/231 232/239/232 233/240/233 234/241/234
f 235/242/235 234/241/234 233/240/233 236/243/236
f 237/244/237 236/243/236 233/240/233 238/245/238
f 239/246/239 240/247/240 234/241/234 235/242/235
f 241/248/241 242/249/242 234/241/234 240/247/240
f 243/250/243 231/238/231 234/241/234 242/249/242
f 244/251/244 245/252/245 246/253/246 247/254/247
f 248/255/248 247/254/247 246/253/246 249/256/249
f 250/257/250 249/256/249 246/253/246 245/252/245
f 251/258/251 252/259/252 253/260/253 254/261/254
f 255/262/255 254/261/254 253/260/253 256/263/256
f 257/264/257 256/263/256 253/260/253 258/265/258
f 259/266/259 258/265/258 253/260/253 260/267/260
f 261/268/261 260/267/260 253/260/253 252/259/252
f 262/269/262 261/268/261 252/259/252 251/258/251
f 263/270/263 264/271/264 265/272/265 266/273/266
f 267/274/267 268/275/268 265/272/265 264/271/264
f 269/276/269 266/273/266 265/272/265 270/277/270
f 271/278/271 266/273/266 269/276/269 272/279/272
f 273/280/273 274/281/274 275/282/275 276/283/276
f 277/284/277 278/285/278 279/286/279 280/287/280
f 281/288/281 280/287/280 279/286/279 282/289/282
f 283/290/283 284/291/284 279/286/279 278/285/278
f 285/292/285 286/293/286 287/294/287 288/295/288
f 278/285/278 288/295/288 287/294/287 283/290/283
f 289/296/289 283/290/283 287/294/287 286/293/286
f 290/297/290 291/298/291 289/296/289 286/293/286
f 292/299/292 293/300/293 289/296/289 291/298/291
f 284/291/284 283/290/283 289/296/289 293/300/293
f 294/301/294 295/302/295 293/300/293 292/299/292
f 296/303/296 284/291/284 293/300/293 295/302/295
f 297/304/297 259/266/259 296/303/296 295/302/295
f 260/267/260 298/305/298 296/303/296 259/266/259
f 279/286/279 284/291/284 296/303/296 298/305/298
f 261/268/261 299/306/299 298/305/298 260/267/260
f 282/289/282 279/286/279 298/305/298 299/306/299
f 262/269/262 300/307/300 299/306/299 261/268/261
f 301/308/301 282/289/282 299/306/299 300/307/300
f 302/309/302 303/310/303 301/308/301 300/307/300
f 274/281/274 273/280/273 301/308/301 303/310/303
f 281/288/281 282/289/282 301/308/301 273/280/273
f 304/311/304 305/312/305 303/310/303 302/309/302
f 306/313/306 274/281/274 303/310/303 305/312/305
f 307/314/307 308/315/308 306/313/306 305/312/305
f 309/316/309 310/317/310 306/313/306 308/315/308
f 275/282/275 274/281/274 306/313/306 310/317/310
f 311/318/311 312/319/312 310/317/310 309/316/309
f 276/283/276 275/282/275 310/317/310 312/319/312
f 313/320/313 314/321/314 312/319/312 311/318/311
f 315/322/315 276/283/276 312/319/312 314/321/314
f 273/280/273 276/283/276 315/322/315 281/288/281
f 316/323/316 317/324/317 315/322/315 314/321/314
f 280/287/280 281/288/281 315/322/315 317/324/317
f 318/325/318 319/326/319 317/324/317 316/323/316
f 277/284/277 280/287/280 317/324/317 319/326/319
f 320/327/320 321/328/321 319/326/319 318/325/318
f 322/329/322 277/284/277 319/326/319 321/328/321
f 278/285/278 277/284/277 322/329/322 288/295/288
f 323/330/323 324/331/324 322/329/322 321/328/321
f 285/292/285 288/295/288 322/329/322 324/331/324
f 325/332/325 326/333/326 324/331/324 323/330/323
f 327/334/327 285/292/285 324/331/324 326/333/326
f 286/293/286 285/292/285 327/334/327 290/297/290
f 328/335/328 329/336/329 327/334/327 326/333/326
f 330/337/330 290/297/290 327/334/327 329/336/329
f 331/338/331 332/339/332 330/337/330 329/336/329
f 333/340/333 334/341/334 330/337/330 332/339/332
f 291/298/291 290/297/290 330/337/330 334/341/334
f 335/342/335 336/343/336 334/341/334 333/340/333
f 292/299/292 291/298/291 334/341/334 336/343/336
f 268/344/268 337/345/337 336/343/336 335/342/335
f 294/301/294 292/299/292 336/343/336 337/345/337
f 267/346/267 338/347/338 337/345/337 268/344/268
f 339/348/339 294/301/294 337/345/337 338/347/338
f 340/349/340 341/350/341 339/348/339 338/347/338
f 342/351/342 297/304/297 339/348/339 341/350/341
f 295/302/295 294/301/294 339/348/339 297/304/297
f 343/352/343 344/353/344 342/351/342 341/350/341
f 257/264/257 258/265/258 342/351/342 344/353/344
f 259/266/259 297/304/297 342/351/342 258/265/258
f 345/354/345 346/355/346 344/353/344 343/352/343
f 347/356/347 257/264/257 344/353/344 346/355/346
f 245/252/245 244/251/244 347/356/347 346/355/346
f 348/357/348 349/358/349 347/356/347 244/251/244
f 256/263/256 257/264/257 347/356/347 349/358/349
f 350/359/350 351/360/351 349/358/349 348/357/348
f 255/262/255 256/263/256 349/358/349 351/360/351
f 352/361/352 353/362/353 351/360/351 350/359/350
f 354/363/354 255/262/255 351/360/351 353/362/353
f 355/364/355 356/365/356 354/363/354 353/362/353
f 357/366/357 358/367/358 354/363/354 356/365/356
f 254/261/254 255/262/255 354/363/354 358/367/358
f 359/368/359 360/369/360 358/367/358 357/366/357
f 251/258/251 254/261/254 358/367/358 360/369/360
f 361/370/361 362/371/362 360/369/360 359/368/359
f 262/269/262 251/258/251 360/369/360 362/371/362
f 304/311/304 302/309/302 362/371/362 361/370/361
f 300/307/300 262/269/262 362/371/362 302/309/302
f 363/372/363 364/373/364 361/370/361 359/368/359
f 365/374/365 304/311/304 361/370/361 364/373/364
f 191/198/191 237/244/237 365/374/365 364/373/364
f 238/245/238 307/314/307 365/374/365 237/244/237
f 305/312/305 304/311/304 365/374/365 307/314/307
f 185/192/185 191/198/191 364/373/364 363/372/363
f 357/366/357 366/375/366 363/372/363 359/368/359
f 184/191/184 185/192/185 363/372/363 366/375/366
f 356/365/356 367/376/367 366/375/366 357/366/357
f 181/188/181 184/191/184 366/375/366 367/376/367
f 355/364/355 368/377/368 367/376/367 356/365/356
f 369/378/369 181/188/181 367/376/367 368/377/368
f 370/379/370 371/380/371 369/378/369 368/377/368
f 167/174/167 372/381/372 369/378/369 371/380/371
f 182/189/182 181/188/181 369/378/369 372/381/372
f 134/141/134 165/172/165 372/381/372 167/174/167
f 166/173/166 182/189/182 372/381/372 165/172/165
f 373/382/373 374/383/374 371/380/371 370/379/370
f 138/145/138 167/174/167 371/380/371 374/383/374
f 375/384/375 376/385/376 374/383/374 373/382/373
f 139/146/139 138/145/138 374/383/374 376/385/376
f 377/386/377 378/387/378 376/385/376 375/384/375
f 140/147/140 139/146/139 376/385/376 378/387/378
f 379/388/379 124/389/124 377/386/377 380/390/380
f 127/391/127 378/387/378 377/386/377 124/389/124
f 381/392/381 380/390/380 377/386/377 375/384/375
f 382/393/382 380/390/380 381/392/381 383/394/383
f 373/382/373 384/395/384 381/392/381 375/384/375
f 385/396/385 383/394/383 381/392/381 384/395/384
f 386/397/386 383/394/383 385/396/385 387/398/387
f 388/399/388 352/361/352 385/396/385 384/395/384
f 350/359/350 387/398/387 385/396/385 352/361/352
f 373/382/373 370/379/370 388/399/388 384/395/384
f 368/377/368 355/364/355 388/399/388 370/379/370
f 353/362/353 352/361/352 388/399/388 355/364/355
f 389/400/389 390/401/390 386/397/386 391/402/391
f 382/393/382 383/394/383 386/397/386 390/401/390
f 392/403/392 391/402/391 386/397/386 387/398/387
f 248/255/248 391/402/391 392/403/392 247/254/247
f 350/359/350 348/357/348 392/403/392 387/398/387
f 244/251/244 247/254/247 392/403/392 348/357/348
f 393/404/393 394/405/394 390/401/390 389/400/389
f 395/406/395 382/393/382 390/401/390 394/405/394
f 222/229/222 220/227/220 395/407/395 394/408/394
f 219/226/219 379/409/379 395/407/395 220/227/220
f 380/390/380 382/393/382 395/406/395 379/388/379
f 396/410/396 222/229/222 394/408/394 393/411/393
f 397/412/397 398/413/398 396/410/396 399/414/399
f 200/207/200 222/229/222 396/410/396 398/413/398
f 400/415/400 399/414/399 396/410/396 393/411/393
f 401/416/401 399/414/399 400/415/400 402/417/402
f 389/400/389 403/418/403 400/419/400 393/404/393
f 404/420/404 402/421/402 400/419/400 403/418/403
f 405/422/405 402/421/402 404/420/404 406/423/406
f 248/255/248 249/256/249 404/420/404 403/418/403
f 250/257/250 406/423/406 404/420/404 249/256/249
f 407/424/407 408/425/408 405/426/405 409/427/409
f 401/428/401 402/421/402 405/422/405 408/429/408
f 410/430/410 409/431/409 405/422/405 406/423/406
f 411/432/411 409/431/409 410/430/410 412/433/412
f 250/257/250 345/354/345 410/430/410 406/423/406
f 343/352/343 412/433/412 410/430/410 345/354/345
f 413/434/413 414/435/414 411/436/411 415/437/415
f 407/424/407 409/427/409 411/436/411 414/435/414
f 340/349/340 415/438/415 411/432/411 412/433/412
f 416/439/416 417/440/417 414/435/414 413/434/413
f 418/441/418 407/424/407 414/435/414 417/440/417
f 419/442/419 420/443/420 418/441/418 417/440/417
f 421/444/421 422/445/422 418/441/418 420/443/420
f 408/425/408 407/424/407 418/441/418 422/445/422
f 423/446/423 424/447/424 422/445/422 421/444/421
f 401/416/401 408/425/408 422/445/422 424/447/424
f 425/448/425 397/412/397 424/447/424 423/446/423
f 399/414/399 401/416/401 424/447/424 397/412/397
f 426/449/426 427/450/427 425/448/425 423/446/423
f 203/210/203 204/211/204 425/448/425 427/450/427
f 398/413/398 397/412/397 425/448/425 204/211/204
f 428/451/428 429/452/429 427/450/427 426/449/426
f 430/453/430 203/210/203 427/450/427 429/452/429
f 431/454/431 116/123/116 430/453/430 429/452/429
f 113/120/113 432/455/432 430/453/430 116/123/116
f 202/209/202 203/210/203 430/453/430 432/455/432
f 112/119/112 433/456/433 432/455/432 113/120/113
f 199/206/199 202/209/202 432/455/432 433/456/433
f 434/457/434 435/458/435 433/456/433 112/119/112
f 221/228/221 199/206/199 433/456/433 435/458/435
f 436/459/436 437/460/437 435/458/435 434/457/434
f 128/135/128 221/228/221 435/458/435 437/460/437
f 438/461/438 439/462/439 437/460/437 436/459/436
f 129/136/129 128/135/128 437/460/437 439/462/439
f 440/463/440 441/464/441 439/462/439 438/461/438
f 442/465/442 129/136/129 439/462/439 441/464/441
f 443/466/443 444/467/444 441/464/441 440/463/440
f 445/468/445 442/465/442 441/464/441 444/467/444
f 446/469/446 447/470/447 445/471/445 444/472/444
f 136/143/136 137/144/137 445/471/445 447/470/447
f 140/147/140 442/473/442 445/471/445 137/144/137
f 448/474/448 449/475/449 447/470/447 446/469/446
f 450/476/450 136/143/136 447/470/447 449/475/449
f 451/477/451 452/478/452 450/476/450 449/475/449
f 453/479/453 148/155/148 450/476/450 452/478/452
f 133/140/133 136/143/136 450/476/450 148/155/148
f 105/112/105 454/480/454 453/479/453 452/478/452
f 151/158/151 149/156/149 453/479/453 454/480/454
f 147/154/147 148/155/148 453/479/453 149/156/149
f 455/481/455 151/158/151 454/480/454 456/482/456
f 106/113/106 456/482/456 454/480/454 105/112/105
f 457/483/457 458/484/458 455/481/455 459/485/459
f 152/159/152 151/158/151 455/481/455 458/484/458
f 460/486/460 459/485/459 455/481/455 456/482/456
f 461/487/461 459/485/459 460/486/460 462/488/462
f 106/113/106 107/114/107 460/486/460 456/482/456
f 463/489/463 462/488/462 460/486/460 107/114/107
f 212/219/212 462/488/462 463/489/463 464/490/464
f 60/63/60 465/491/465 463/489/463 107/114/107
f 466/492/466 464/490/464 463/489/463 465/491/465
f 467/493/467 464/490/464 466/492/466 468/494/468
f 469/495/469 470/496/470 466/492/466 465/491/465
f 471/497/471 468/494/468 466/492/466 470/496/470
f 472/498/472 468/494/468 471/497/471 473/499/473
f 474/500/474 475/501/475 471/497/471 470/496/470
f 476/502/476 473/499/473 471/497/471 475/501/475
f 477/503/477 473/499/473 476/502/476 478/504/478
f 479/505/479 480/506/480 476/502/476 475/501/475
f 481/507/481 478/504/478 476/502/476 480/506/480
f 482/508/482 478/504/478 481/507/481 483/509/483
f 484/510/484 485/511/485 481/507/481 480/506/480
f 486/512/486 483/509/483 481/507/481 485/511/485
f 487/513/487 483/509/483 486/512/486 488/514/488
f 489/515/489 490/516/490 486/512/486 485/511/485
f 491/517/491 488/514/488 486/512/486 490/516/490
f 492/518/492 488/514/488 491/517/491 493/519/493
f 494/520/494 495/521/495 491/517/491 490/516/490
f 496/522/496 493/519/493 491/517/491 495/521/495
f 497/523/497 493/519/493 496/522/496 498/524/498
f 499/525/499 500/526/500 496/522/496 495/521/495
f 501/527/501 498/524/498 496/522/496 500/526/500
f 502/528/502 498/524/498 501/527/501 503/529/503
f 100/107/100 504/530/504 501/531/501 500/532/500
f 505/533/505 503/534/503 501/531/501 504/530/504
f 506/535/506 503/534/503 505/533/505 507/536/507
f 508/537/508 509/538/509 505/533/505 504/530/504
f 510/539/510 507/536/507 505/533/505 509/538/509
f 511/540/511 507/536/507 510/539/510 512/541/512
f 513/542/513 514/543/514 510/539/510 509/538/509
f 515/544/515 512/541/512 510/539/510 514/543/514
f 516/545/516 512/541/512 515/544/515 517/546/517
f 518/547/518 519/548/519 515/544/515 514/543/514
f 520/549/520 517/546/517 515/544/515 519/548/519
f 521/550/521 517/546/517 520/549/520 522/551/522
f 523/552/523 524/553/524 520/549/520 519/548/519
f 525/554/525 522/551/522 520/549/520 524/553/524
f 526/555/526 522/551/522 525/554/525 527/556/527
f 528/557/528 141/148/141 525/554/525 524/553/524
f 142/149/142 527/556/527 525/554/525 141/148/141
f 523/552/523 529/558/529 528/557/528 524/553/524
f 530/559/530 531/560/531 528/557/528 529/558/529
f 123/130/123 141/148/141 528/557/528 531/560/531
f 532/561/532 533/562/533 531/560/531 530/559/530
f 120/127/120 123/130/123 531/560/531 533/562/533
f 534/563/534 535/564/535 533/562/533 532/561/532
f 117/124/117 120/127/120 533/562/533 535/564/535
f 536/565/536 537/566/537 535/564/535 534/563/534
f 538/567/538 117/124/117 535/564/535 537/566/537
f 118/125/118 117/124/117 538/567/538 539/568/539
f 540/569/540 541/570/541 538/567/538 537/566/537
f 55/58/55 539/568/539 538/567/538 541/570/541
f 542/571/542 543/572/543 541/570/541 540/569/540
f 52/55/52 55/58/55 541/570/541 543/572/543
f 544/573/544 545/574/545 543/572/543 542/571/542
f 49/52/49 52/55/52 543/572/543 545/574/545
f 546/575/546 547/576/547 545/574/545 544/573/544
f 548/577/548 49/52/49 545/574/545 547/576/547
f 50/53/50 49/52/49 548/577/548 68/71/68
f 549/578/549 550/579/550 548/577/548 547/576/547
f 551/580/551 68/71/68 548/577/548 550/579/550
f 67/70/67 68/71/68 551/580/551 84/90/84
f 552/581/552 553/582/553 551/580/551 550/579/550
f 81/87/81 84/90/84 551/580/551 553/582/553
f 554/583/554 555/584/555 553/582/553 552/581/552
f 46/49/46 81/87/81 553/582/553 555/584/555
f 556/585/556 557/586/557 555/584/555 554/583/554
f 45/48/45 46/49/46 555/584/555 557/586/557
f 558/587/558 559/588/559 557/586/557 556/585/556
f 42/45/42 45/48/45 557/586/557 559/588/559
f 560/589/560 561/590/561 559/588/559 558/587/558
f 562/591/562 42/45/42 559/588/559 561/590/561
f 43/46/43 42/45/42 562/591/562 563/592/563
f 564/593/564 565/594/565 562/591/562 561/590/561
f 566/595/566 563/592/563 562/591/562 565/594/565
f 567/596/567 563/592/563 566/595/566 568/597/568
f 569/598/569 570/599/570 566/595/566 565/594/565
f 571/600/571 568/597/568 566/595/566 570/599/570
f 572/601/572 568/597/568 571/600/571 573/602/573
f 574/603/574 575/604/575 571/600/571 570/599/570
f 576/605/576 573/602/573 571/600/571 575/604/575
f 577/606/577 573/602/573 576/605/576 578/607/578
f 579/608/579 580/609/580 576/605/576 575/604/575
f 581/610/581 578/607/578 576/605/576 580/609/580
f 582/611/582 578/607/578 581/610/581 583/612/583
f 584/613/584 585/614/585 581/610/581 580/609/580
f 586/615/586 583/612/583 581/610/581 585/614/585
f 587/616/587 583/612/583 586/615/586 588/617/588
f 589/618/589 590/619/590 586/615/586 585/614/585
f 591/620/591 588/617/588 586/615/586 590/619/590
f 592/621/592 588/617/588 591/620/591 593/622/593
f 594/623/594 595/624/595 591/620/591 590/619/590
f 271/278/271 593/622/593 591/620/591 595/624/595
f 416/439/416 263/270/263 595/624/595 594/623/594
f 266/273/266 271/278/271 595/624/595 263/270/263
f 589/618/589 419/442/419 594/623/594 590/619/590
f 417/440/417 416/439/416 594/623/594 419/442/419
f 596/625/596 597/626/597 592/621/592 598/627/598
f 587/616/587 588/617/588 592/621/592 597/626/597
f 599/628/599 598/627/598 592/621/592 593/622/593
f 600/629/600 598/627/598 599/628/599 601/630/601
f 271/278/271 272/279/272 599/628/599 593/622/593
f 602/631/602 601/630/601 599/628/599 272/279/272
f 603/632/603 601/630/601 602/631/602 604/633/604
f 269/276/269 270/277/270 602/631/602 272/279/272
f 605/634/605 604/633/604 602/631/602 270/277/270
f 606/635/606 604/633/604 605/634/605 607/636/607
f 265/272/265 608/637/608 605/634/605 270/277/270
f 609/638/609 607/636/607 605/634/605 608/637/608
f 610/639/610 607/636/607 609/638/609 611/640/611
f 335/641/335 333/642/333 609/638/609 608/637/608
f 332/339/332 611/643/611 609/644/609 333/340/333
f 612/645/612 613/646/613 610/639/610 614/647/614
f 606/635/606 607/636/607 610/639/610 613/646/613
f 615/648/615 614/649/614 610/650/610 611/643/611
f 616/651/616 614/649/614 615/648/615 617/652/617
f 332/339/332 331/338/331 615/648/615 611/643/611
f 618/653/618 617/652/617 615/648/615 331/338/331
f 329/336/329 328/335/328 618/653/618 331/338/331
f 619/654/619 620/655/620 618/653/618 328/335/328
f 621/656/621 617/652/617 618/653/618 620/655/620
f 622/657/622 623/658/623 621/656/621 620/655/620
f 624/659/624 625/660/625 621/656/621 623/658/623
f 616/651/616 617/652/617 621/656/621 625/660/625
f 626/661/626 627/662/627 625/660/625 624/659/624
f 628/663/628 616/651/616 625/660/625 627/662/627
f 614/649/614 616/651/616 628/663/628 612/664/612
f 629/665/629 630/666/630 628/663/628 627/662/627
f 631/667/631 612/664/612 628/663/628 630/666/630
f 613/646/613 612/645/612 631/668/631 632/669/632
f 633/670/633 634/671/634 631/667/631 630/666/630
f 635/672/635 632/669/632 631/668/631 634/673/634
f 636/674/636 637/675/637 635/672/635 634/673/634
f 638/676/638 639/677/639 635/672/635 637/675/637
f 640/678/640 632/669/632 635/672/635 639/677/639
f 641/679/641 603/632/603 640/678/640 639/677/639
f 604/633/604 606/635/606 640/678/640 603/632/603
f 613/646/613 632/669/632 640/678/640 606/635/606
f 638/676/638 642/680/642 641/679/641 639/677/639
f 643/681/643 600/629/600 641/679/641 642/680/642
f 601/630/601 603/632/603 641/679/641 600/629/600
f 198/205/198 168/175/168 643/681/643 642/680/642
f 164/171/164 596/625/596 643/681/643 168/175/168
f 598/627/598 600/629/600 643/681/643 596/625/596
f 197/204/197 198/205/198 642/680/642 638/676/638
f 196/203/196 197/204/197 638/676/638 637/675/637
f 644/682/644 196/203/196 637/675/637 636/674/636
f 645/683/645 646/684/646 644/682/644 647/685/647
f 195/202/195 196/203/196 644/682/644 646/684/646
f 648/686/648 647/685/647 644/682/644 636/674/636
f 634/673/634 633/687/633 648/686/648 636/674/636
f 649/688/649 650/689/650 648/690/648 633/670/633
f 651/691/651 647/685/647 648/686/648 650/692/650
f 652/693/652 653/694/653 651/695/651 650/689/650
f 654/696/654 655/697/655 651/691/651 653/698/653
f 645/683/645 647/685/647 651/691/651 655/697/655
f 656/699/656 657/700/657 655/697/655 654/696/654
f 658/701/658 645/683/645 655/697/655 657/700/657
f 646/684/646 645/683/645 658/701/658 659/702/659
f 660/703/660 661/704/661 658/701/658 657/700/657
f 662/705/662 659/702/659 658/701/658 661/704/661
f 207/214/207 659/702/659 662/705/662 179/186/179
f 663/706/663 664/707/664 662/705/662 661/704/661
f 178/185/178 179/186/179 662/705/662 664/707/664
f 177/184/177 178/185/178 664/707/664 665/708/665
f 660/703/660 521/550/521 663/706/663 661/704/661
f 522/551/522 526/555/526 663/706/663 521/550/521
f 656/699/656 516/545/516 660/703/660 657/700/657
f 517/546/517 521/550/521 660/703/660 516/545/516
f 195/202/195 646/684/646 659/702/659 207/214/207
f 666/709/666 511/540/511 656/699/656 654/696/654
f 512/541/512 516/545/516 656/699/656 511/540/511
f 653/694/653 667/710/667 666/711/666 654/712/654
f 668/713/668 506/535/506 666/709/666 667/714/667
f 507/536/507 511/540/511 666/709/666 506/535/506
f 669/715/669 670/716/670 668/717/668 667/710/667
f 671/718/671 502/528/502 668/717/668 670/716/670
f 503/534/503 506/535/506 668/713/668 502/719/502
f 672/720/670 673/721/672 671/718/671 670/716/670
f 674/722/673 497/523/497 671/718/671 673/721/672
f 498/524/498 502/528/502 671/718/671 497/523/497
f 675/723/674 676/724/675 674/722/673 673/721/672
f 677/725/676 492/518/492 674/722/673 676/724/675
f 493/519/493 497/523/497 674/722/673 492/518/492
f 678/726/677 679/727/678 677/725/676 676/724/675
f 680/728/679 487/513/487 677/725/676 679/727/678
f 488/514/488 492/518/492 677/725/676 487/513/487
f 681/729/680 682/730/681 680/728/679 679/727/678
f 683/731/682 482/508/482 680/728/679 682/730/681
f 483/509/483 487/513/487 680/728/679 482/508/482
f 684/732/683 685/733/684 683/731/682 682/730/681
f 686/734/685 477/503/477 683/731/682 685/733/684
f 478/504/478 482/508/482 683/731/682 477/503/477
f 687/735/686 688/736/687 686/734/685 685/733/684
f 689/737/688 472/498/472 686/734/685 688/736/687
f 473/499/473 477/503/477 686/734/685 472/498/472
f 690/738/689 208/215/208 689/737/688 688/736/687
f 211/218/211 467/493/467 689/737/688 208/215/208
f 468/494/468 472/498/472 689/737/688 467/493/467
f 225/232/225 224/231/224 690/738/689 691/739/690
f 209/216/209 208/215/208 690/738/689 224/231/224
f 687/735/686 691/739/690 690/738/689 688/736/687
f 230/237/230 225/232/225 691/739/690 692/740/691
f 693/741/692 692/740/691 691/739/690 687/735/686
f 694/742/693 692/740/691 693/741/692 695/743/694
f 685/733/684 684/732/683 693/741/692 687/735/686
f 696/744/695 695/743/694 693/741/692 684/732/683
f 697/745/696 695/743/694 696/744/695 698/746/697
f 682/730/681 681/729/680 696/744/695 684/732/683
f 699/747/698 698/746/697 696/744/695 681/729/680
f 700/748/699 698/746/697 699/747/698 701/749/700
f 679/727/678 678/726/677 699/747/698 681/729/680
f 702/750/701 701/749/700 699/747/698 678/726/677
f 703/751/702 701/749/700 702/750/701 704/752/703
f 676/724/675 675/723/674 702/750/701 678/726/677
f 705/753/704 704/752/703 702/750/701 675/723/674
f 706/754/705 704/752/703 705/753/704 707/755/706
f 673/721/672 672/720/670 705/753/704 675/723/674
f 708/756/707 707/755/706 705/753/704 672/720/670
f 709/757/708 707/755/706 708/756/707 710/758/709
f 670/716/670 669/715/669 708/756/707 672/720/670
f 652/693/652 710/758/709 708/756/707 669/715/669
f 627/662/627 626/661/626 709/757/708 629/665/629
f 706/754/705 707/755/706 709/757/708 626/661/626
f 649/688/649 629/665/629 709/757/708 710/758/709
f 650/689/650 649/688/649 710/758/709 652/693/652
f 624/659/624 711/759/710 706/754/705 626/661/626
f 703/751/702 704/752/703 706/754/705 711/759/710
f 623/658/623 712/760/711 711/759/710 624/659/624
f 713/761/712 703/751/702 711/759/710 712/760/711
f 714/762/713 715/763/714 713/761/712 712/760/711
f 716/764/715 700/748/699 713/761/712 715/763/714
f 701/749/700 703/751/702 713/761/712 700/748/699
f 717/765/716 718/766/717 716/764/715 715/763/714
f 719/767/718 697/745/696 716/764/715 718/766/717
f 698/746/697 700/748/699 716/764/715 697/745/696
f 720/768/719 721/769/720 719/767/718 718/766/717
f 722/770/721 694/742/693 719/767/718 721/769/720
f 695/743/694 697/745/696 719/767/718 694/742/693
f 723/771/722 724/772/723 722/770/721 721/769/720
f 229/236/229 230/237/230 722/770/721 724/772/723
f 692/740/691 694/742/693 722/770/721 230/237/230
f 725/773/724 726/774/725 724/772/723 723/771/722
f 228/235/228 229/236/229 724/772/723 726/774/725
f 727/775/726 728/776/727 726/774/725 725/773/724
f 223/230/223 228/235/228 726/774/725 728/776/727
f 729/777/728 730/778/729 728/776/727 727/775/726
f 216/223/216 223/230/223 728/776/727 730/778/729
f 241/248/241 731/779/730 730/778/729 729/777/728
f 217/224/217 216/223/216 730/778/729 731/779/730
f 240/247/240 732/780/731 731/779/730 241/248/241
f 218/225/218 217/224/217 731/779/730 732/780/731
f 239/246/239 733/781/732 732/780/731 240/247/240
f 734/782/733 218/225/218 732/780/731 733/781/732
f 735/783/734 457/483/457 734/782/733 733/781/732
f 459/485/459 461/487/461 734/782/733 457/483/457
f 213/220/213 218/225/218 734/782/733 461/487/461
f 239/246/239 190/197/190 735/783/734 733/781/732
f 187/194/187 736/784/735 735/783/734 190/197/190
f 458/484/458 457/483/457 735/783/734 736/784/735
f 166/173/166 153/160/153 736/784/735 187/194/187
f 152/159/152 458/484/458 736/784/735 153/160/153
f 242/249/242 241/248/241 729/777/728 737/785/736
f 738/786/737 737/785/736 729/777/728 727/775/726
f 739/787/738 737/785/736 738/786/737 740/788/739
f 725/773/724 741/789/740 738/786/737 727/775/726
f 742/790/741 740/788/739 738/786/737 741/789/740
f 743/791/742 740/788/739 742/790/741 744/792/743
f 745/793/744 746/794/745 742/790/741 741/789/740
f 747/795/746 744/792/743 742/790/741 746/794/745
f 320/327/320 744/792/743 747/795/746 748/796/747
f 749/797/748 750/798/749 747/795/746 746/794/745
f 751/799/750 748/796/747 747/795/746 750/798/749
f 323/330/323 748/796/747 751/799/750 325/332/325
f 752/800/751 753/801/752 751/799/750 750/798/749
f 619/654/619 325/332/325 751/799/750 753/801/752
f 714/762/713 622/657/622 753/801/752 752/800/751
f 620/655/620 619/654/619 753/801/752 622/657/622
f 749/797/748 717/765/716 752/800/751 750/798/749
f 715/763/714 714/762/713 752/800/751 717/765/716
f 745/793/744 720/768/719 749/797/748 746/794/745
f 718/766/717 717/765/716 749/797/748 720/768/719
f 321/328/321 320/327/320 748/796/747 323/330/323
f 725/773/724 723/771/722 745/793/744 741/789/740
f 721/769/720 720/768/719 745/793/744 723/771/722
f 316/323/316 754/802/753 743/791/742 318/325/318
f 739/787/738 740/788/739 743/791/742 754/802/753
f 320/327/320 318/325/318 743/791/742 744/792/743
f 314/321/314 313/320/313 754/802/753 316/323/316
f 243/250/243 739/787/738 754/802/753 313/320/313
f 242/249/242 737/785/736 739/787/738 243/250/243
f 623/658/623 622/657/622 714/762/713 712/760/711
f 653/694/653 652/693/652 669/715/669 667/710/667
f 630/666/630 629/665/629 649/688/649 633/670/633
f 326/333/326 325/332/325 619/654/619 328/335/328
f 268/275/268 335/641/335 608/637/608 265/272/265
f 164/171/164 163/170/163 597/626/597 596/625/596
f 162/169/162 587/616/587 597/626/597 163/170/163
f 584/613/584 755/803/754 589/618/589 585/614/585
f 420/443/420 419/442/419 589/618/589 755/803/754
f 756/804/755 757/805/756 755/803/754 584/613/584
f 421/444/421 420/443/420 755/803/754 757/805/756
f 428/451/428 426/449/426 757/805/756 756/804/755
f 423/446/423 421/444/421 757/805/756 426/449/426
f 580/609/580 579/608/579 756/804/755 584/613/584
f 758/806/757 428/451/428 756/804/755 579/608/579
f 575/604/575 574/603/574 758/806/757 579/608/579
f 759/807/758 431/454/431 758/806/757 574/603/574
f 429/452/429 428/451/428 758/806/757 431/454/431
f 570/599/570 569/598/569 759/807/758 574/603/574
f 114/121/114 115/122/115 759/807/758 569/598/569
f 116/123/116 431/454/431 759/807/758 115/122/115
f 582/611/582 583/612/583 587/616/587 162/169/162
f 155/162/155 760/808/759 582/611/582 162/169/162
f 577/606/577 578/607/578 582/611/582 760/808/759
f 154/161/154 761/809/760 760/808/759 155/162/155
f 762/810/761 577/606/577 760/808/759 761/809/760
f 763/811/762 764/812/763 762/810/761 761/809/760
f 765/813/764 572/601/572 762/810/761 764/812/763
f 573/602/573 577/606/577 762/810/761 572/601/572
f 86/92/86 87/93/87 765/813/764 764/812/763
f 48/51/48 567/596/567 765/813/764 87/93/87
f 568/597/568 572/601/572 765/813/764 567/596/567
f 85/91/85 86/92/86 764/812/763 763/811/762
f 766/814/765 85/91/85 763/811/762 767/815/766
f 154/161/154 767/815/766 763/811/762 761/809/760
f 63/66/63 65/68/65 766/814/765 768/816/767
f 66/69/66 85/91/85 766/814/765 65/68/65
f 769/817/768 768/816/767 766/814/765 767/815/766
f 170/177/170 768/816/767 769/817/768 173/180/173
f 154/161/154 157/164/157 769/817/768 767/815/766
f 158/165/158 173/180/173 769/817/768 157/164/157
f 169/176/169 63/66/63 768/816/767 170/177/170
f 564/593/564 114/121/114 569/598/569 565/594/565
f 43/46/43 563/592/563 567/596/567 48/51/48
f 560/589/560 770/818/769 564/593/564 561/590/561
f 111/118/111 114/121/114 564/593/564 770/818/769
f 771/819/770 772/820/771 770/818/769 560/589/560
f 108/115/108 111/118/111 770/818/769 772/820/771
f 773/821/772 774/822/773 772/820/771 771/819/770
f 775/823/774 108/115/108 772/820/771 774/822/773
f 776/824/775 777/825/776 775/823/774 774/822/773
f 778/826/777 779/827/778 775/823/774 777/825/776
f 109/116/109 108/115/108 775/823/774 779/827/778
f 436/459/436 434/457/434 779/827/778 778/826/777
f 112/119/112 109/116/109 779/827/778 434/457/434
f 780/828/779 781/829/780 778/826/777 777/825/776
f 438/461/438 436/459/436 778/826/777 781/829/780
f 782/830/781 783/831/782 781/829/780 780/828/779
f 440/463/440 438/461/438 781/829/780 783/831/782
f 784/832/783 785/833/784 783/831/782 782/830/781
f 443/466/443 440/463/440 783/831/782 785/833/784
f 786/834/785 787/835/786 785/833/784 784/832/783
f 788/836/787 443/466/443 785/833/784 787/835/786
f 789/837/788 790/838/789 788/839/787 787/840/786
f 448/474/448 446/469/446 788/839/787 790/838/789
f 444/467/444 443/466/443 788/836/787 446/841/446
f 791/842/790 792/843/791 790/838/789 789/837/788
f 793/844/792 448/474/448 790/838/789 792/843/791
f 794/845/793 103/110/103 793/844/792 792/843/791
f 104/111/104 451/477/451 793/844/792 103/110/103
f 449/475/449 448/474/448 793/844/792 451/477/451
f 791/842/790 40/43/40 794/845/793 792/843/791
f 31/34/31 795/846/794 794/845/793 40/43/40
f 62/65/62 103/110/103 794/845/793 795/846/794
f 34/37/34 796/847/795 795/846/794 31/34/31
f 59/62/59 62/65/62 795/846/794 796/847/795
f 35/38/35 797/848/796 796/847/795 34/37/34
f 56/59/56 59/62/59 796/847/795 797/848/796
f 798/849/797 56/59/56 797/848/796 799/850/798
f 91/98/91 799/850/798 797/848/796 35/38/35
f 470/496/470 469/495/469 798/849/797 474/500/474
f 57/60/57 56/59/56 798/849/797 469/495/469
f 800/851/799 474/500/474 798/849/797 799/850/798
f 475/501/475 474/500/474 800/851/799 479/505/479
f 91/98/91 92/99/92 800/851/799 799/850/798
f 95/102/95 479/505/479 800/851/799 92/99/92
f 801/852/800 802/853/801 791/842/790 789/837/788
f 38/41/38 40/43/40 791/842/790 802/853/801
f 803/854/802 804/855/803 802/853/801 801/852/800
f 28/28/28 38/41/38 802/853/801 804/855/803
f 5/856/5 805/857/804 804/855/803 803/854/802
f 8/29/8 28/28/28 804/855/803 805/857/804
f 2/2/2 806/858/805 805/859/804 5/5/5
f 9/9/9 8/8/8 805/859/804 806/858/805
f 12/12/12 9/9/9 806/858/805 807/860/806
f 1/1/1 807/860/806 806/858/805 2/2/2
f 808/861/807 12/12/12 807/860/806 809/862/808
f 810/863/809 809/862/808 807/860/806 1/1/1
f 811/864/810 809/862/808 810/863/809 812/865/811
f 4/4/4 813/866/812 810/863/809 1/1/1
f 814/867/813 812/865/811 810/863/809 813/866/812
f 815/868/814 812/865/811 814/867/813 816/869/815
f 817/870/816 818/871/817 814/867/813 813/866/812
f 819/872/818 816/869/815 814/867/813 818/871/817
f 820/873/819 816/869/815 819/872/818 773/821/772
f 821/874/820 776/824/775 819/872/818 818/871/817
f 774/822/773 773/821/772 819/872/818 776/824/775
f 817/870/816 822/875/821 821/874/820 818/871/817
f 782/830/781 780/828/779 821/874/820 822/875/821
f 777/825/776 776/824/775 821/874/820 780/828/779
f 7/7/7 823/876/822 822/875/821 817/870/816
f 784/832/783 782/830/781 822/875/821 823/876/822
f 6/6/6 824/877/823 823/876/822 7/7/7
f 786/834/785 784/832/783 823/876/822 824/877/823
f 5/5/5 803/878/802 824/877/823 6/6/6
f 801/879/800 786/834/785 824/877/823 803/878/802
f 825/880/824 826/881/825 820/873/819 827/882/826
f 815/868/814 816/869/815 820/873/819 826/881/825
f 771/819/770 827/882/826 820/873/819 773/821/772
f 828/883/827 829/884/828 826/881/825 825/880/824
f 830/885/829 815/868/814 826/881/825 829/884/828
f 831/886/830 832/887/831 830/885/829 829/884/828
f 833/888/832 811/864/810 830/885/829 832/887/831
f 812/865/811 815/868/814 830/885/829 811/864/810
f 19/19/19 20/20/20 833/888/832 832/887/831
f 21/21/21 808/861/807 833/888/832 20/20/20
f 809/862/808 811/864/810 833/888/832 808/861/807
f 834/889/833 19/19/19 832/887/831 831/886/830
f 547/576/547 546/575/546 834/889/833 549/578/549
f 18/18/18 19/19/19 834/889/833 546/575/546
f 835/890/834 549/578/549 834/889/833 831/886/830
f 550/579/550 549/578/549 835/890/834 552/581/552
f 829/884/828 828/883/827 835/890/834 831/886/830
f 554/583/554 552/581/552 835/890/834 828/883/827
f 556/585/556 554/583/554 828/883/827 825/880/824
f 558/587/558 556/585/556 825/880/824 827/882/826
f 560/589/560 558/587/558 827/882/826 771/819/770
f 4/4/4 7/7/7 817/870/816 813/866/812
f 13/13/13 12/12/12 808/861/807 21/21/21
f 787/835/786 786/834/785 801/879/800 789/891/788
f 15/15/15 18/18/18 546/575/546 544/573/544
f 836/892/835 15/15/15 544/573/544 542/571/542
f 837/893/836 836/892/835 542/571/542 540/569/540
f 536/565/536 837/893/836 540/569/540 537/566/537
f 121/128/121 118/125/118 539/568/539 69/72/69
f 54/57/54 69/72/69 539/568/539 55/58/55
f 838/894/837 23/23/23 536/565/536 534/563/534
f 16/16/16 837/893/836 536/565/536 23/23/23
f 532/561/532 839/895/838 838/894/837 534/563/534
f 840/896/839 841/897/840 838/894/837 839/895/838
f 24/24/24 23/23/23 838/894/837 841/897/840
f 842/898/841 843/899/842 841/897/840 840/896/839
f 25/25/25 24/24/24 841/897/840 843/899/842
f 844/900/843 845/901/844 843/899/842 842/898/841
f 26/26/26 25/25/25 843/899/842 845/901/844
f 74/77/74 846/902/845 845/901/844 844/900/843
f 27/27/27 26/26/26 845/901/844 846/902/845
f 75/80/75 847/903/846 846/904/845 74/905/74
f 30/32/30 27/33/27 846/904/845 847/903/846
f 76/79/76 93/100/93 847/903/846 75/80/75
f 41/44/41 30/32/30 847/903/846 93/100/93
f 848/906/847 849/907/848 844/900/843 842/898/841
f 73/76/73 74/77/74 844/900/843 849/907/848
f 850/908/849 851/909/850 849/907/848 848/906/847
f 70/73/70 73/76/73 849/907/848 851/909/850
f 852/910/851 853/911/852 851/909/850 850/908/849
f 88/94/88 70/73/70 851/909/850 853/911/852
f 854/912/853 855/913/854 853/911/852 852/910/851
f 856/914/855 88/94/88 853/911/852 855/913/854
f 96/103/96 99/106/99 856/914/855 855/913/854
f 102/109/102 857/915/856 856/914/855 99/106/99
f 80/95/80 88/94/88 856/914/855 857/915/856
f 858/916/857 859/917/858 857/918/856 102/919/102
f 79/84/79 80/85/80 857/918/856 859/917/858
f 494/520/494 860/920/859 859/917/858 858/916/857
f 78/83/78 79/84/79 859/917/858 860/920/859
f 490/516/490 489/515/489 860/920/859 494/520/494
f 861/921/860 78/83/78 860/920/859 489/515/489
f 485/511/485 484/510/484 861/921/860 489/515/489
f 95/102/95 94/101/94 861/921/860 484/510/484
f 77/82/77 78/83/78 861/921/860 94/101/94
f 495/521/495 494/520/494 858/916/857 499/525/499
f 101/922/101 499/525/499 858/916/857 102/919/102
f 862/923/861 96/103/96 855/913/854 854/912/853
f 509/538/509 508/537/508 862/923/861 513/542/513
f 97/104/97 96/103/96 862/923/861 508/537/508
f 863/924/862 513/542/513 862/923/861 854/912/853
f 514/543/514 513/542/513 863/924/862 518/547/518
f 852/910/851 864/925/863 863/924/862 854/912/853
f 865/926/864 518/547/518 863/924/862 864/925/863
f 519/548/519 518/547/518 865/926/864 523/552/523
f 866/927/865 867/928/866 865/926/864 864/925/863
f 529/558/529 523/552/523 865/926/864 867/928/866
f 868/929/867 869/930/868 867/928/866 866/927/865
f 530/559/530 529/558/529 867/928/866 869/930/868
f 840/896/839 839/895/838 869/930/868 868/929/867
f 532/561/532 530/559/530 869/930/868 839/895/838
f 850/908/849 848/906/847 868/929/867 866/927/865
f 842/898/841 840/896/839 868/929/867 848/906/847
f 852/910/851 850/908/849 866/927/865 864/925/863
f 205/212/205 665/708/665 526/555/526 527/556/527
f 145/152/145 205/212/205 527/556/527 142/149/142
f 100/107/100 97/104/97 508/537/508 504/530/504
f 101/922/101 100/931/100 500/526/500 499/525/499
f 479/505/479 95/102/95 484/510/484 480/506/480
f 60/63/60 57/60/57 469/495/469 465/491/465
f 212/219/212 464/490/464 467/493/467 211/218/211
f 212/219/212 213/220/213 461/487/461 462/488/462
f 104/111/104 105/112/105 452/478/452 451/477/451
f 264/271/264 263/270/263 416/439/416 413/434/413
f 267/274/267 264/271/264 413/434/413 415/437/415
f 338/347/338 267/346/267 415/438/415 340/349/340
f 341/350/341 340/349/340 412/433/412 343/352/343
f 391/402/391 248/255/248 403/418/403 389/400/389
f 201/208/201 200/207/200 398/413/398 204/211/204
f 125/132/125 124/131/124 379/409/379 219/226/219
f 250/257/250 245/252/245 346/355/346 345/354/345
f 231/238/231 243/250/243 313/320/313 311/318/311
f 232/239/232 231/238/231 311/318/311 309/316/309
f 870/932/869 232/239/232 309/316/309 308/315/308
f 238/245/238 870/932/869 308/315/308 307/314/307
f 189/196/189 190/197/190 239/246/239 235/242/235
f 188/195/188 236/243/236 237/244/237 191/198/191
f 188/195/188 189/196/189 235/242/235 236/243/236
f 214/221/214 227/234/227 228/235/228 223/230/223
f 214/221/214 209/216/209 224/231/224 227/234/227
f 128/135/128 125/132/125 219/226/219 221/228/221
f 179/186/179 174/181/174 206/213/206 207/214/207
f 173/180/173 158/165/158 206/213/206 174/181/174
f 159/166/159 192/199/192 206/213/206 158/165/158
f 177/184/177 665/708/665 205/212/205 180/187/180
f 663/706/663 526/555/526 665/708/665 664/707/664
f 160/167/160 168/175/168 198/205/198 193/200/193
f 159/166/159 160/167/160 193/200/193 192/199/192
f 144/151/144 172/179/172 175/182/175 145/152/145
f 144/151/144 143/150/143 169/176/169 172/179/172
f 64/67/64 63/66/63 169/176/169 143/150/143
f 69/72/69 64/67/64 143/150/143 121/128/121
f 129/136/129 442/465/442 127/134/127 126/133/126
f 140/147/140 378/387/378 127/391/127 442/473/442
f 32/35/32 41/44/41 93/100/93 37/40/37
f 47/50/47 48/51/48 87/93/87 82/88/82
f 46/49/46 47/50/47 82/88/82 81/87/81
f 29/31/29 30/32/30 41/44/41 39/42/39
f 28/28/28 29/31/29 39/42/39 38/41/38
f 22/22/22 25/25/25 26/26/26 14/14/14
f 14/14/14 13/13/13 21/21/21 22/22/22
f 836/892/835 837/893/836 16/16/16 15/15/15
f 870/932/869 238/245/238 233/240/233 232/239/232
