# split from a merged terrain OBJ by scripts/split-terrain-obj-parts.py
o part-002
v 0.574381 0.035886 0.072681
v 0.578892 0.037782 0.073771
v 0.576641 0.038184 0.077104
v 0.573626 0.037055 0.076318
v 0.576243 0.040960 0.073703
v 0.574355 0.039748 0.076538
v 0.570514 0.039368 0.077060
v 0.572043 0.040958 0.073348
v 0.568584 0.041003 0.071682
v 0.570627 0.038045 0.072637
v 0.573037 0.043438 0.065317
v 0.567470 0.042830 0.064266
v 0.568895 0.037617 0.064404
v 0.607590 0.072188 0.000369
v 0.612381 0.073674 -0.003712
v 0.603663 0.072131 -0.006363
v 0.601180 0.071159 -0.001720
v 0.598179 0.070257 -0.002943
v 0.601302 0.068075 -0.009126
v 0.605689 0.064653 -0.013525
v 0.610104 0.070023 -0.011879
v 0.678307 0.056464 0.045835
v 0.683024 0.051365 0.052315
v 0.689322 0.047836 0.043640
v 0.688245 0.051590 0.035477
v 0.684823 0.038693 0.034141
v 0.689219 0.038833 0.044959
v 0.684697 0.043512 0.054144
v 0.691899 0.045400 0.056944
v 0.695090 0.041625 0.046947
v 0.697964 0.036608 0.042435
v 0.692152 0.033689 0.046814
v 0.682577 0.029909 0.053535
v 0.680287 0.031519 0.049070
v 0.678622 0.029350 0.038360
v 0.723623 0.035069 0.048451
v 0.734082 0.041791 0.047852
v 0.735339 0.041217 0.052393
v 0.729486 0.036337 0.055652
v 0.731316 0.042406 0.059870
v 0.737226 0.046532 0.054177
v 0.739265 0.047922 0.049574
v 0.734157 0.051198 0.054007
v 0.736791 0.048499 0.046260
v 0.731085 0.044733 0.045767
v 0.726462 0.050601 0.051645
v 0.722337 0.031570 0.060795
v 0.716222 0.029202 0.054203
v 0.723072 0.041446 0.045342
v 0.709320 0.030491 0.049158
v 0.714989 0.034259 0.043957
v 0.717708 0.040065 0.041649
v 0.731053 0.048665 0.060746
v 0.726786 0.050831 0.058106
v 0.721452 0.048060 0.046933
v 0.715335 0.050770 0.052734
v 0.718784 0.049987 0.058267
v 0.721798 0.049081 0.063585
v 0.708860 0.035109 0.039505
v 0.712809 0.039785 0.037950
v 0.703978 0.040575 0.039410
v 0.711572 0.044286 0.037121
v 0.717553 0.046512 0.041935
v 0.701900 0.045974 0.044207
v 0.709840 0.049028 0.040699
v 0.702320 0.049048 0.051344
v 0.711881 0.051235 0.046383
v 0.667792 0.015270 0.110512
v 0.671660 0.019873 0.113615
v 0.666660 0.019968 0.117262
v 0.661356 0.017404 0.116354
v 0.673211 0.025537 0.114899
v 0.666903 0.023766 0.119139
v 0.658437 0.022927 0.119623
v 0.667888 0.028692 0.120880
v 0.662921 0.026573 0.123421
v 0.658315 0.026923 0.122532
v 0.658059 0.029268 0.117942
v 0.656852 0.018366 0.111482
v 0.654201 0.024977 0.112670
v 0.657075 0.031996 0.110773
v 0.706578 0.049112 0.058838
v 0.697307 0.046683 0.065931
v 0.678358 0.044145 0.066695
v 0.682755 0.044102 0.070991
v 0.687630 0.043633 0.077446
v 0.648112 0.025945 0.100941
v 0.645639 0.024384 0.095705
v 0.645334 0.018832 0.097718
v 0.648955 0.018293 0.102037
v 0.653408 0.016146 0.096676
v 0.648960 0.018134 0.092893
v 0.647503 0.022725 0.091423
v 0.719160 0.021038 -0.039102
v 0.716419 0.023297 -0.034369
v 0.719673 0.021797 -0.031216
v 0.722803 0.019346 -0.033072
v 0.723041 0.018529 -0.025871
v 0.718484 0.021082 -0.026735
v 0.713953 0.022650 -0.028941
v 0.717362 0.016342 -0.039403
v 0.713377 0.017122 -0.043004
v 0.713624 0.021704 -0.043129
v 0.713155 0.014282 -0.037480
v 0.709294 0.016273 -0.042205
v 0.707458 0.021077 -0.045140
v 0.721899 0.012875 -0.021341
v 0.721092 0.017545 -0.020506
v 0.718262 0.015784 -0.017043
v 0.718828 0.012160 -0.017016
v 0.716714 0.020236 -0.021710
v 0.714817 0.017374 -0.016945
v 0.714312 0.013454 -0.015070
v 0.716932 0.013014 -0.032878
v 0.718829 0.011892 -0.027535
v 0.714971 0.011174 -0.027546
v 0.712248 0.012052 -0.030725
v 0.718110 0.011042 -0.023003
v 0.713489 0.010575 -0.024511
v 0.709335 0.011126 -0.027348
v 0.713918 0.010962 -0.016669
v 0.716285 0.010605 -0.019129
v 0.711593 0.010119 -0.021091
v 0.710055 0.011082 -0.017255
v 0.709710 0.014599 -0.015186
v 0.701367 0.019921 -0.043163
v 0.702636 0.023534 -0.040566
v 0.706954 0.024720 -0.040010
v 0.696676 0.019145 -0.037710
v 0.699990 0.023577 -0.035857
v 0.704871 0.024275 -0.033970
v 0.701624 0.021011 -0.022727
v 0.697269 0.020793 -0.025020
v 0.696348 0.018320 -0.018681
v 0.700566 0.016697 -0.018201
v 0.693897 0.018753 -0.025714
v 0.692335 0.020176 -0.021238
v 0.700929 0.013498 -0.020582
v 0.695836 0.014824 -0.021935
v 0.693216 0.026442 -0.017176
v 0.697276 0.023931 -0.012522
v 0.663505 0.074105 -0.002258
v 0.657428 0.075132 0.000201
v 0.659468 0.073444 0.007279
v 0.665351 0.072593 0.007891
v 0.653321 0.072510 0.018213
v 0.649399 0.075782 0.015569
v 0.682905 0.029906 0.012498
v 0.690741 0.023012 0.004415
v 0.692552 0.031195 0.006153
v 0.687961 0.043880 0.010846
v 0.695197 0.044819 0.003007
v 0.698261 0.031030 0.000405
v 0.697029 0.021045 -0.004307
v 0.691273 0.087519 -0.010416
v 0.688288 0.092899 -0.007505
v 0.693973 0.091799 -0.000052
v 0.698256 0.088447 0.000157
v 0.684026 0.094219 -0.003577
v 0.691829 0.092033 0.005218
v 0.696964 0.087795 0.008225
v 0.673577 0.092807 -0.018440
v 0.670628 0.091009 -0.017673
v 0.677239 0.092710 0.001313
v 0.668473 0.086136 -0.017679
v 0.671909 0.088026 -0.000016
v 0.669608 0.085402 0.011721
v 0.672336 0.089397 0.014340
v 0.686204 0.091694 0.010558
v 0.678053 0.089540 0.019267
v 0.695485 0.059850 0.005391
v 0.688816 0.061649 0.011814
v 0.679829 0.064827 0.021261
v 0.679291 0.053760 0.022463
v 0.676314 0.038145 0.018971
v 0.687200 0.031507 -0.022760
v 0.689624 0.037360 -0.018240
v 0.694283 0.034893 -0.013409
v 0.692347 0.047383 -0.011147
v 0.685423 0.046750 -0.018788
v 0.674336 0.039841 -0.028740
v 0.689089 0.014680 -0.015756
v 0.683408 0.024394 -0.025421
v 0.678166 0.016869 -0.019695
v 0.702903 0.011939 -0.025905
v 0.698176 0.013419 -0.029177
v 0.694570 0.018380 -0.031711
v 0.693708 0.014929 -0.010263
v 0.650505 0.030027 0.090730
v 0.651335 0.025216 0.087227
v 0.653973 0.020494 0.086497
v 0.678159 0.040329 0.026582
v 0.682833 0.053549 0.027492
v 0.667519 0.067110 0.033426
v 0.669168 0.060848 0.034410
v 0.673310 0.058819 0.038430
v 0.649469 0.074876 -0.026625
v 0.655933 0.080283 -0.032997
v 0.647093 0.077011 -0.047849
v 0.641102 0.074192 -0.033504
v 0.637225 0.071345 -0.061725
v 0.640941 0.064969 -0.051922
v 0.640941 0.080312 -0.061085
v 0.659046 0.085697 -0.034854
v 0.648778 0.085665 -0.050090
v 0.641832 0.086731 -0.060453
v 0.672949 0.016035 -0.011019
v 0.682223 0.014707 -0.004968
v 0.688005 0.016621 0.000657
v 0.658479 0.035226 0.100362
v 0.651037 0.026602 0.106650
v 0.652394 0.033308 0.095330
v 0.660603 0.037871 0.085083
v 0.670751 0.040907 0.084341
v 0.678342 0.040306 0.089947
v 0.669327 0.036874 0.102182
v 0.664417 0.034148 0.111073
v 0.646005 0.066633 -0.021767
v 0.635385 0.065409 -0.027383
v 0.628972 0.042751 -0.055116
v 0.629447 0.049220 -0.062414
v 0.626012 0.044664 -0.066800
v 0.624061 0.037535 -0.062102
v 0.620109 0.037096 -0.068075
v 0.624139 0.045403 -0.072031
v 0.626421 0.053874 -0.069209
v 0.666644 0.021320 -0.025305
v 0.672077 0.027874 -0.030091
v 0.679278 0.059937 -0.019385
v 0.670665 0.055539 -0.032348
v 0.659416 0.052494 -0.048708
v 0.659314 0.038580 -0.046952
v 0.658491 0.026738 -0.046217
v 0.641267 0.086485 -0.085169
v 0.639873 0.096677 -0.085487
v 0.639694 0.091213 -0.083595
v 0.641649 0.082089 -0.084609
v 0.646383 0.083390 -0.076016
v 0.645052 0.091488 -0.073983
v 0.639732 0.095164 -0.069997
v 0.635312 0.100539 -0.078320
v 0.628276 0.063653 -0.017489
v 0.629169 0.067036 -0.006012
v 0.636330 0.072539 -0.006261
v 0.640610 0.069087 -0.013863
v 0.628516 0.072336 0.003115
v 0.639307 0.076423 -0.000044
v 0.650834 0.075504 -0.008146
v 0.666293 0.027889 0.044103
v 0.662310 0.027159 0.028923
v 0.673104 0.031390 0.027645
v 0.673771 0.028680 0.018810
v 0.667256 0.024809 0.016435
v 0.655497 0.024683 0.008680
v 0.646610 0.026154 0.017035
v 0.630021 0.085547 0.073788
v 0.624161 0.082159 0.085546
v 0.631003 0.080160 0.086249
v 0.635446 0.081275 0.075425
v 0.638070 0.073556 0.074569
v 0.632004 0.071629 0.087241
v 0.622743 0.070693 0.090331
v 0.636665 0.105796 -0.084050
v 0.687673 0.026797 0.057413
v 0.674496 0.023007 0.069646
v 0.667783 0.027528 0.065809
v 0.665286 0.019697 0.080397
v 0.659202 0.022707 0.077620
v 0.657364 0.028383 0.079532
v 0.659525 0.030945 0.070382
v 0.666682 0.028363 0.056720
v 0.657193 0.030804 0.062971
v 0.655580 0.070896 0.048976
v 0.644813 0.069473 0.061415
v 0.645905 0.065499 0.056468
v 0.654837 0.066416 0.046661
v 0.657141 0.060825 0.047933
v 0.645551 0.058039 0.059951
v 0.639525 0.062697 0.071006
v 0.642983 0.064241 -0.073582
v 0.639119 0.062152 -0.080441
v 0.639330 0.067689 -0.084684
v 0.645045 0.073057 -0.075539
v 0.638254 0.080031 -0.094101
v 0.637347 0.064638 -0.094215
v 0.638358 0.048126 -0.080163
v 0.640550 0.048139 -0.086862
v 0.644449 0.075645 0.063809
v 0.633576 0.059347 0.085689
v 0.619299 0.100281 -0.078868
v 0.630146 0.096338 -0.075357
v 0.627466 0.107211 -0.082781
v 0.643573 0.049382 -0.072606
v 0.661003 0.056830 0.049703
v 0.651564 0.053084 0.058629
v 0.639804 0.045118 0.075251
v 0.640949 0.047217 0.066414
v 0.645585 0.046787 0.063548
v 0.635584 0.093361 -0.068971
v 0.627373 0.073901 0.011599
v 0.643959 0.078167 0.007521
v 0.634822 0.072966 0.023738
v 0.608946 0.068649 0.009656
v 0.616986 0.068928 0.019592
v 0.615580 0.073897 0.005577
v 0.624400 0.065670 0.030261
v 0.620968 0.073791 0.000360
v 0.637693 0.099747 -0.092407
v 0.633690 0.107494 -0.088641
v 0.628586 0.059763 -0.036426
v 0.620117 0.058361 -0.027381
v 0.611615 0.060639 -0.019635
v 0.618255 0.066723 -0.016538
v 0.623195 0.070070 -0.008114
v 0.617179 0.098179 -0.100977
v 0.617582 0.105395 -0.097405
v 0.624977 0.105413 -0.100819
v 0.626409 0.099825 -0.103661
v 0.632889 0.100280 -0.099053
v 0.629729 0.107690 -0.095854
v 0.621743 0.108477 -0.089918
v 0.643393 0.080513 0.038796
v 0.631306 0.077066 0.051576
v 0.630234 0.083226 0.056584
v 0.644758 0.086387 0.041578
v 0.624062 0.074660 0.058113
v 0.619367 0.079797 0.057883
v 0.650145 0.087290 0.046936
v 0.637439 0.085326 0.061272
v 0.623410 0.086556 0.069788
v 0.615336 0.085948 0.065768
v 0.616792 0.060962 0.034491
v 0.611131 0.061516 0.039572
v 0.616943 0.057401 0.047933
v 0.622851 0.056678 0.043971
v 0.625457 0.061976 0.051577
v 0.617300 0.062812 0.052594
v 0.609018 0.066455 0.045403
v 0.612707 0.104507 -0.084034
v 0.627171 0.091701 -0.075275
v 0.616274 0.093915 -0.078148
v 0.615947 0.072053 -0.008505
v 0.624384 0.069628 0.055454
v 0.617652 0.070914 0.055026
v 0.604980 0.085807 0.058397
v 0.609462 0.083155 0.051523
v 0.609635 0.074621 0.048518
v 0.653026 0.037771 0.068505
v 0.646699 0.036512 0.061477
v 0.654371 0.030281 0.052228
v 0.654708 0.045612 0.071417
v 0.649756 0.046628 0.065480
v 0.641166 0.037154 0.062789
v 0.617543 0.042035 0.082362
v 0.618039 0.029957 0.077898
v 0.626064 0.029224 0.082061
v 0.626241 0.041015 0.089604
v 0.622504 0.025645 0.072085
v 0.631175 0.027803 0.077811
v 0.634635 0.042711 0.084528
v 0.638030 0.023613 -0.079272
v 0.636245 0.016287 -0.077658
v 0.641539 0.015709 -0.083381
v 0.640943 0.023007 -0.085434
v 0.629805 0.012869 -0.082684
v 0.635888 0.014305 -0.089749
v 0.637899 0.022348 -0.092753
v 0.650751 0.022175 -0.009108
v 0.641881 0.026302 0.000756
v 0.627391 0.026403 -0.006514
v 0.629722 0.019718 -0.016411
v 0.621956 0.012055 -0.012092
v 0.624609 0.017244 -0.003394
v 0.632635 0.022641 0.006348
v 0.580749 0.053955 -0.018354
v 0.587466 0.057427 -0.016799
v 0.596842 0.051221 -0.021731
v 0.590716 0.047689 -0.028066
v 0.590793 0.062714 -0.008585
v 0.597893 0.057312 -0.012360
v 0.604484 0.057053 -0.012661
v 0.606505 0.053278 -0.020043
v 0.648240 0.025364 -0.059801
v 0.641843 0.017118 -0.054737
v 0.631808 0.017043 -0.067987
v 0.640349 0.024238 -0.071807
v 0.622610 0.013569 -0.075211
v 0.630395 0.017112 -0.042947
v 0.617463 0.014984 -0.056957
v 0.609068 0.015207 -0.065903
v 0.612331 0.030295 0.064235
v 0.624238 0.029859 0.058576
v 0.627647 0.026881 0.067553
v 0.637480 0.036108 0.065574
v 0.636062 0.031270 0.072168
v 0.600021 0.060952 -0.009204
v 0.595200 0.066438 -0.005124
v 0.598571 0.066396 -0.001597
v 0.602985 0.065834 0.001598
v 0.602881 0.064849 0.012581
v 0.598226 0.060934 0.003183
v 0.595914 0.063221 -0.002855
v 0.599820 0.063352 -0.001546
v 0.632262 0.031499 0.052497
v 0.619025 0.030209 0.036571
v 0.606781 0.031151 0.044985
v 0.595320 0.067300 0.014366
v 0.589308 0.065068 0.002612
v 0.582033 0.060202 -0.006552
v 0.632438 0.021859 -0.098702
v 0.630372 0.014117 -0.095563
v 0.624189 0.014644 -0.101041
v 0.624949 0.021931 -0.101422
v 0.623951 0.013057 -0.088659
v 0.618737 0.015516 -0.093830
v 0.617112 0.022451 -0.096674
v 0.614834 0.010175 -0.012625
v 0.614387 0.015199 -0.025443
v 0.659437 0.019965 -0.018570
v 0.642637 0.020110 -0.030979
v 0.614290 0.012602 -0.003447
v 0.569577 0.073396 -0.025206
v 0.563949 0.072660 -0.013607
v 0.565147 0.064191 -0.019740
v 0.569393 0.063819 -0.028753
v 0.563696 0.070962 -0.004703
v 0.563542 0.060433 -0.014398
v 0.570064 0.055822 -0.027647
v 0.598496 0.015581 -0.042281
v 0.584240 0.017336 -0.032673
v 0.601157 0.018714 -0.012560
v 0.607545 0.056086 0.072585
v 0.592008 0.060286 0.059656
v 0.590258 0.046362 0.056992
v 0.605065 0.043470 0.072029
v 0.605493 0.034567 0.068648
v 0.589499 0.037630 0.055817
v 0.584256 0.037778 0.060235
v 0.583284 0.044259 0.060445
v 0.579529 0.069832 0.044784
v 0.580414 0.051986 0.045719
v 0.575500 0.046654 0.055704
v 0.598891 0.082118 0.064323
v 0.583687 0.088115 0.053277
v 0.582966 0.077248 0.055151
v 0.594660 0.072085 0.064132
v 0.573864 0.085130 0.036347
v 0.596453 0.031835 0.050795
v 0.582691 0.030513 0.035879
v 0.575759 0.037140 0.041154
v 0.576235 0.036254 0.056028
v 0.588395 0.070016 0.020298
v 0.580507 0.066932 0.007650
v 0.573939 0.069598 0.011683
v 0.585553 0.077365 0.023694
v 0.583156 0.085794 0.023252
v 0.573654 0.080188 0.015024
v 0.574804 0.055705 -0.004436
v 0.568477 0.055199 -0.004134
v 0.565177 0.057788 -0.008233
v 0.565468 0.069854 0.003760
v 0.566944 0.079232 0.007478
v 0.568683 0.039766 0.052491
v 0.569871 0.044757 0.038054
v 0.560078 0.047385 0.019988
v 0.561279 0.036640 0.020308
v 0.567301 0.028499 0.015404
v 0.570516 0.022609 -0.022885
v 0.585368 0.026662 -0.004056
v 0.563378 0.085708 -0.009035
v 0.561748 0.089122 -0.008391
v 0.559231 0.088370 0.003963
v 0.563409 0.085106 -0.000637
v 0.555256 0.090114 -0.009075
v 0.548142 0.089654 0.002282
v 0.565618 0.085030 0.010782
v 0.560804 0.084510 0.016558
v 0.611483 0.024616 -0.088986
v 0.595066 0.025862 -0.081975
v 0.592144 0.034001 -0.079342
v 0.612893 0.033299 -0.090007
v 0.577956 0.025851 -0.077574
v 0.577071 0.032389 -0.075609
v 0.582527 0.044518 -0.067397
v 0.595465 0.044965 -0.081312
v 0.582616 0.036618 -0.067153
v 0.576426 0.033673 -0.067949
v 0.567822 0.070206 0.031164
v 0.572860 0.051420 0.036517
v 0.568637 0.046468 0.052846
v 0.559369 0.059903 0.021961
v 0.564632 0.031595 -0.065160
v 0.567791 0.032733 -0.057965
v 0.571479 0.034853 -0.052354
v 0.548684 0.087283 -0.011038
v 0.543282 0.087475 -0.001772
v 0.544228 0.079362 -0.012735
v 0.537282 0.080200 0.000098
v 0.540750 0.078085 0.009978
v 0.556835 0.024439 -0.036089
v 0.551582 0.020339 -0.023639
v 0.555586 0.030521 -0.032416
v 0.558075 0.030873 -0.040819
v 0.569891 0.039933 -0.050837
v 0.568840 0.049178 -0.049579
v 0.553570 0.042479 -0.029462
v 0.559657 0.021155 -0.026817
v 0.554146 0.017304 -0.017052
v 0.562012 0.018715 -0.008755
v 0.562088 0.019282 -0.038725
v 0.548871 0.048193 0.012397
v 0.541635 0.048919 0.009264
v 0.542113 0.033073 0.007965
v 0.550236 0.035185 0.010867
v 0.554532 0.023153 0.005810
v 0.545440 0.018801 -0.000614
v 0.534346 0.051931 -0.001736
v 0.532796 0.036186 -0.002831
v 0.536962 0.020025 -0.010066
v 0.536085 0.038744 -0.016792
v 0.538132 0.026619 -0.020229
v 0.724921 0.045181 0.067409
v 0.668575 0.045267 0.075269
v 0.658809 0.042888 0.078068
v 0.610030 0.055080 -0.073626
v 0.611936 0.045805 -0.072729
v 0.616877 0.047812 -0.078056
v 0.617827 0.055974 -0.076931
v 0.615007 0.039741 -0.071846
v 0.620424 0.046202 -0.074892
v 0.624054 0.055411 -0.074583
v 0.632519 0.070642 0.048152
v 0.566505 0.082987 0.025584
v 0.576997 0.090369 0.028053
v 0.570730 0.084827 0.019005
v 0.557077 0.073454 0.021178
v 0.549332 0.076866 0.016054
v 0.548948 0.062882 0.015395
v 0.540910 0.064196 0.009788
v 0.534851 0.066643 -0.000996
v 0.541054 0.068095 -0.014743
v 0.539091 0.053663 -0.014698
v 0.552104 0.068390 -0.027353
v 0.552963 0.055623 -0.027678
v 0.566615 0.072442 -0.048253
v 0.569179 0.060085 -0.048174
v 0.581064 0.078117 -0.068185
v 0.583172 0.066544 -0.068215
v 0.583364 0.054376 -0.067752
v 0.597736 0.072515 -0.086130
v 0.597314 0.058125 -0.084610
v 0.611293 0.076069 -0.095286
v 0.613698 0.060118 -0.091535
v 0.614042 0.044924 -0.089856
v 0.618652 0.060896 -0.099301
v 0.617705 0.044925 -0.098710
v 0.616943 0.032850 -0.098288
v 0.624542 0.045054 -0.103764
v 0.624674 0.032355 -0.103277
v 0.632023 0.045412 -0.100771
v 0.632201 0.032863 -0.100184
v 0.637352 0.046268 -0.094490
v 0.637347 0.033474 -0.093886
v 0.640449 0.034090 -0.086819
v 0.638209 0.034688 -0.080757
v 0.641905 0.035835 -0.071718
v 0.650446 0.050864 -0.062459
v 0.649661 0.037201 -0.061072
v 0.649791 0.065281 -0.063747
v 0.658232 0.067113 -0.051013
v 0.652033 0.075322 -0.066319
v 0.659516 0.077490 -0.053674
v 0.669327 0.079643 -0.037717
v 0.668793 0.069412 -0.035694
v 0.679295 0.080448 -0.021922
v 0.677758 0.071269 -0.020688
v 0.691457 0.080439 -0.010946
v 0.691137 0.071741 -0.011046
v 0.691468 0.061259 -0.011212
v 0.698269 0.071277 -0.002213
v 0.697676 0.060185 -0.003566
v 0.696425 0.046009 -0.004269
v 0.698993 0.033029 -0.007499
v 0.696999 0.071241 0.006353
v 0.699053 0.080100 -0.001934
v 0.697747 0.079779 0.007438
v 0.690951 0.079395 0.014668
v 0.689766 0.071765 0.013109
v 0.681580 0.078791 0.022628
v 0.680081 0.072574 0.020666
v 0.667877 0.072189 0.032797
v 0.670342 0.078228 0.035071
v 0.656630 0.077435 0.051209
v 0.681783 0.085570 0.022834
v 0.670174 0.085192 0.035152
v 0.655118 0.084192 0.051132
v 0.642228 0.082329 0.063886
v 0.665810 0.089341 0.031428
v 0.660448 0.089111 0.026363
v 0.657347 0.083751 0.023605
v 0.668784 0.080746 0.009855
v 0.656485 0.078659 0.022690
v 0.643516 0.073945 0.036522
v 0.655697 0.074269 0.021229
v 0.643516 0.068859 0.033433
v 0.632972 0.064011 0.043898
v 0.640066 0.068038 0.028537
v 0.630754 0.061631 0.036600
v 0.666682 0.076006 0.008838
v 0.669090 0.082871 -0.001374
v 0.666148 0.078009 -0.001891
v 0.665901 0.081277 -0.016730
v 0.662782 0.075939 -0.014427
v 0.658765 0.072098 -0.011634
v 0.691032 0.086755 0.015163
v 0.679799 0.086827 -0.021880
v 0.669536 0.086517 -0.038539
v 0.667467 0.091782 -0.037969
v 0.677868 0.091458 -0.020780
v 0.662778 0.093451 -0.035548
v 0.657782 0.091298 -0.053536
v 0.652961 0.093994 -0.050598
v 0.649535 0.091693 -0.049179
v 0.659752 0.091114 -0.034274
v 0.645411 0.094384 -0.061847
v 0.642010 0.092387 -0.059925
v 0.634750 0.088924 -0.070012
v 0.624218 0.085096 -0.076080
v 0.633616 0.082903 -0.071126
v 0.621382 0.076599 -0.077185
v 0.631006 0.075077 -0.071683
v 0.619185 0.067151 -0.077151
v 0.627632 0.065515 -0.072893
v 0.632112 0.062135 -0.064668
v 0.634896 0.056839 -0.056082
v 0.634379 0.051321 -0.048019
v 0.637368 0.061324 -0.042601
v 0.619077 0.045249 -0.050012
v 0.624728 0.051057 -0.043219
v 0.607110 0.047552 -0.038437
v 0.613529 0.052037 -0.033880
v 0.602222 0.041542 -0.040958
v 0.614877 0.037753 -0.053039
v 0.598389 0.036426 -0.043764
v 0.610388 0.034650 -0.057439
v 0.581811 0.041806 -0.034846
v 0.586086 0.042553 -0.030897
v 0.594204 0.038313 -0.048857
v 0.605758 0.037400 -0.061648
v 0.592440 0.045265 -0.051961
v 0.603169 0.044713 -0.064008
v 0.580408 0.054807 -0.040926
v 0.580684 0.047424 -0.038311
v 0.591615 0.054062 -0.054498
v 0.601786 0.054110 -0.065698
v 0.589716 0.065130 -0.057407
v 0.600140 0.065924 -0.068178
v 0.609271 0.067136 -0.075297
v 0.601301 0.077066 -0.068880
v 0.610315 0.077207 -0.077400
v 0.591235 0.083501 -0.056309
v 0.591020 0.075574 -0.056766
v 0.602130 0.085688 -0.069344
v 0.612718 0.086685 -0.078555
v 0.602959 0.093071 -0.069636
v 0.591611 0.095938 -0.055173
v 0.591497 0.090386 -0.055682
v 0.603754 0.098958 -0.069592
v 0.578130 0.093606 -0.037810
v 0.579292 0.088196 -0.038287
v 0.579454 0.081421 -0.039478
v 0.569071 0.086639 -0.021280
v 0.569330 0.080547 -0.023047
v 0.579515 0.074079 -0.040644
v 0.578623 0.065107 -0.042853
v 0.563243 0.079882 -0.010796
v 0.563848 0.079446 -0.001877
v 0.567306 0.090879 -0.020642
v 0.561683 0.090592 -0.022201
v 0.573011 0.093274 -0.040425
v 0.555710 0.087441 -0.024241
v 0.568137 0.089897 -0.043942
v 0.586952 0.097023 -0.058997
v 0.581856 0.094477 -0.063675
v 0.566204 0.082213 -0.046488
v 0.580167 0.086930 -0.066725
v 0.600187 0.100737 -0.074101
v 0.595979 0.098524 -0.080276
v 0.594797 0.091524 -0.084649
v 0.595856 0.082900 -0.086243
v 0.608147 0.101870 -0.090285
v 0.607312 0.095408 -0.094495
v 0.609230 0.086662 -0.095852
v 0.618541 0.088831 -0.101124
v 0.618981 0.077254 -0.100543
v 0.626628 0.090021 -0.105038
v 0.626408 0.077737 -0.105109
v 0.625688 0.061828 -0.102949
v 0.633039 0.078599 -0.100799
v 0.632425 0.062848 -0.100487
v 0.633352 0.090324 -0.100415
v 0.638317 0.089862 -0.093822
v 0.552807 0.079161 -0.025992
v 0.570081 0.049902 -0.024887
v 0.572511 0.046452 -0.021261
v 0.576638 0.049286 -0.019328
v 0.650691 0.091381 -0.065325
v 0.652439 0.083860 -0.066638
v 0.660090 0.084989 -0.054686
v 0.591942 0.092606 0.046740
v 0.597958 0.088232 0.040147
v 0.598213 0.078609 0.037241
v 0.599170 0.069554 0.034010
v 0.603440 0.065368 0.028743
v 0.609828 0.064986 0.024017
v 0.656985 0.033594 0.082627
v 0.657228 0.036598 0.074472
v 0.663772 0.049746 0.069333
v 0.673901 0.051318 0.062911
v 0.667222 0.054549 0.055836
v 0.657350 0.052487 0.062725
v 0.717169 0.034638 0.071477
v 0.724483 0.038311 0.065257
v 0.717544 0.041623 0.073693
v 0.714351 0.046550 0.070674
v 0.709273 0.038285 0.081433
v 0.706530 0.043601 0.078859
v 0.710482 0.047938 0.065110
v 0.702052 0.045483 0.072938
v 0.697577 0.040726 0.089907
v 0.692817 0.042474 0.083959
v 0.688480 0.031161 0.102156
v 0.699194 0.034782 0.091631
v 0.687700 0.037464 0.101445
v 0.683729 0.039255 0.095658
v 0.679893 0.034390 0.109786
v 0.675533 0.036371 0.105740
v 0.680228 0.028010 0.109081
v 0.674180 0.030859 0.116155
v 0.670457 0.033937 0.113801
v 0.666548 0.032008 0.120208
v 0.662203 0.031952 0.118398
v 0.663715 0.030961 0.123407
v 0.661106 0.030671 0.122583
v 0.678734 0.021059 0.107029
v 0.686929 0.023811 0.099718
v 0.675341 0.015973 0.103362
v 0.683940 0.018266 0.095760
v 0.695070 0.021302 0.085955
v 0.697862 0.027466 0.089616
v 0.705982 0.025030 0.075451
v 0.708608 0.031198 0.079341
v 0.714829 0.027825 0.067308
v 0.699764 0.023755 0.069463
v 0.708500 0.026288 0.061185
v 0.693325 0.025548 0.063310
v 0.702014 0.028107 0.055751
v 0.696357 0.029597 0.049985
v 0.702967 0.031638 0.044180
v 0.681300 0.022115 0.074472
v 0.688537 0.020645 0.080070
v 0.671973 0.019090 0.084674
v 0.678185 0.017882 0.089882
v 0.658835 0.017737 0.089603
v 0.664362 0.016788 0.093758
v 0.669914 0.015868 0.098360
v 0.658085 0.016062 0.101285
v 0.662802 0.015278 0.105835
v 0.653101 0.018691 0.106581
v 0.575270 0.024879 0.006426
v 0.603294 0.029171 0.019511
v 0.591816 0.029708 0.028855
v 0.616322 0.024544 0.011169
v 0.628348 0.027933 0.030819
v 0.623996 0.019446 0.010261
v 0.635613 0.026991 0.026240
v 0.647985 0.030253 0.040397
v 0.638937 0.031067 0.047512
v 0.553015 0.025999 -0.045422
v 0.557527 0.019424 -0.048573
v 0.568039 0.018242 -0.056799
v 0.573505 0.016445 -0.047362
v 0.583182 0.019172 -0.064930
v 0.588195 0.016229 -0.055796
v 0.603331 0.015929 -0.073098
v 0.580192 0.021896 -0.072517
v 0.598902 0.019232 -0.079640
v 0.611697 0.017816 -0.086298
v 0.616366 0.014897 -0.081118
v 0.561857 0.025802 -0.068281
v 0.563941 0.020433 -0.064169
v 0.556120 0.031905 -0.055004
v 0.554909 0.027491 -0.060517
v 0.554293 0.021849 -0.055720
v 0.551871 0.026820 -0.051321
v 0.557200 0.031444 -0.048162
v 0.575324 0.034859 0.065472
v 0.581706 0.037244 0.067649
v 0.579250 0.042954 0.067517
v 0.608820 0.069686 0.074632
v 0.610165 0.081698 0.073428
v 0.616497 0.070066 0.084051
v 0.617752 0.082769 0.080746
v 0.624748 0.056824 0.090683
v 0.617575 0.056043 0.083956
v 0.652697 0.018566 -0.040768
v 0.665672 0.021283 -0.001072
v 0.673439 0.021152 0.005598
v 0.678517 0.023264 0.009994
v 0.698004 0.022298 -0.030268
v 0.700664 0.014134 -0.035081
v 0.705455 0.012236 -0.030892
v 0.704606 0.015395 -0.039407
v 0.708895 0.013155 -0.034710
v 0.706960 0.010796 -0.023301
v 0.705250 0.011879 -0.018824
v 0.705018 0.015721 -0.016736
v 0.710573 0.019108 -0.018527
v 0.706123 0.020295 -0.020587
v 0.712107 0.021318 -0.023758
v 0.707492 0.022437 -0.025973
v 0.702865 0.023297 -0.028076
v 0.709437 0.023640 -0.031700
v 0.711715 0.024289 -0.037638
v 0.723476 0.013932 -0.027032
v 0.721795 0.015126 -0.034040
vt 0.076347 0.622810
vt 0.076787 0.621214
vt 0.078873 0.620841
vt 0.078334 0.622166
vt 0.078977 0.619533
vt 0.080643 0.620338
vt 0.643049 0.470832
vt 0.642694 0.472790
vt 0.641152 0.472160
vt 0.641493 0.470167
vt 0.640982 0.476352
vt 0.638790 0.474378
vt 0.637804 0.471590
vt 0.603701 0.536665
vt 0.603712 0.540599
vt 0.599630 0.537124
vt 0.600301 0.534175
vt 0.598589 0.533230
vt 0.596898 0.536788
vt 0.595370 0.540534
vt 0.599189 0.542083
vt 0.674143 0.551685
vt 0.679372 0.551398
vt 0.680472 0.556967
vt 0.675727 0.558720
vt 0.680763 0.564104
vt 0.686272 0.557418
vt 0.684290 0.552182
vt 0.688978 0.552580
vt 0.689757 0.556517
vt 0.690483 0.558983
vt 0.685976 0.559044
vt 0.418036 0.678065
vt 0.420330 0.680809
vt 0.414944 0.684444
vt 0.413067 0.681315
vt 0.423257 0.686979
vt 0.417780 0.690891
vt 0.702000 0.568860
vt 0.708312 0.567706
vt 0.710953 0.569452
vt 0.707196 0.572209
vt 0.932750 0.445252
vt 0.935760 0.448003
vt 0.930895 0.449070
vt 0.927917 0.447541
vt 0.711186 0.566513
vt 0.714574 0.566797
vt 0.711586 0.563320
vt 0.709625 0.565500
vt 0.706806 0.565985
vt 0.706674 0.561681
vt 0.940928 0.445223
vt 0.945053 0.448271
vt 0.939370 0.451483
vt 0.703055 0.565189
vt 0.696107 0.564871
vt 0.698237 0.564589
vt 0.699101 0.569962
vt 0.700377 0.563987
vt 0.929955 0.443394
vt 0.925968 0.445037
vt 0.924683 0.441137
vt 0.928346 0.441206
vt 0.702664 0.561631
vt 0.925327 0.435904
vt 0.928437 0.437320
vt 0.921400 0.438870
vt 0.931392 0.438669
vt 0.695647 0.562062
vt 0.698037 0.562482
vt 0.694571 0.559970
vt 0.697911 0.561152
vt 0.700681 0.561771
vt 0.694029 0.557744
vt 0.697853 0.559455
vt 0.694713 0.555719
vt 0.699124 0.558356
vt 0.965711 0.412129
vt 0.962397 0.411052
vt 0.964088 0.407899
vt 0.967328 0.406778
vt 0.959424 0.409988
vt 0.962055 0.406871
vt 0.964810 0.402380
vt 0.959398 0.405992
vt 0.960754 0.403651
vt 0.961061 0.402070
vt 0.959419 0.400419
vt 0.971223 0.406024
vt 0.965611 0.399415
vt 0.956626 0.397519
vt 0.697045 0.554202
vt 0.692109 0.551094
vt 0.684765 0.545528
vt 0.688279 0.545580
vt 0.692428 0.544263
vt 0.415763 0.647135
vt 0.417348 0.649969
vt 0.415911 0.649900
vt 0.414299 0.648232
vt 0.414537 0.651305
vt 0.416374 0.652289
vt 0.417744 0.652051
vt 0.013020 0.303832
vt 0.013084 0.306870
vt 0.010545 0.306968
vt 0.009246 0.304902
vt 0.007004 0.308103
vt 0.009512 0.309315
vt 0.012243 0.309880
vt 0.976826 0.835719
vt 0.979254 0.836985
vt 0.978641 0.839819
vt 0.976326 0.839898
vt 0.981560 0.838403
vt 0.980204 0.841364
vt 0.978136 0.843743
vt 0.986693 0.830160
vt 0.986096 0.827820
vt 0.989801 0.828425
vt 0.989566 0.830360
vt 0.008479 0.312081
vt 0.007507 0.315003
vt 0.005584 0.314142
vt 0.005903 0.311286
vt 0.992382 0.831289
vt 0.991877 0.828567
vt 0.982783 0.835504
vt 0.984847 0.833272
vt 0.985976 0.834992
vt 0.985110 0.837079
vt 0.987233 0.832400
vt 0.987809 0.834876
vt 0.987512 0.837510
vt 0.991342 0.832459
vt 0.989543 0.832212
vt 0.989926 0.834819
vt 0.992095 0.834419
vt 0.994218 0.833683
vt 0.981046 0.845643
vt 0.979638 0.847774
vt 0.977155 0.847127
vt 0.984446 0.846820
vt 0.982840 0.849469
vt 0.017874 0.310896
vt 0.018789 0.307688
vt 0.021109 0.308999
vt 0.020427 0.312045
vt 0.015295 0.316781
vt 0.017806 0.317430
vt 0.016009 0.320587
vt 0.013810 0.319742
vt 0.659477 0.430812
vt 0.662456 0.431244
vt 0.659563 0.431766
vt 0.657514 0.430429
vt 0.655727 0.429997
vt 0.657310 0.430314
vt 0.656612 0.430889
vt 0.661118 0.436141
vt 0.657443 0.435677
vt 0.625024 0.563770
vt 0.623662 0.560426
vt 0.627435 0.558300
vt 0.629831 0.560199
vt 0.630459 0.551619
vt 0.626921 0.551337
vt 0.420642 0.708067
vt 0.419159 0.715217
vt 0.416004 0.713618
vt 0.414109 0.708029
vt 0.409835 0.713733
vt 0.413344 0.718206
vt 0.416357 0.721142
vt 0.669478 0.477480
vt 0.670110 0.481818
vt 0.665544 0.481846
vt 0.663662 0.478854
vt 0.670351 0.485584
vt 0.664404 0.485064
vt 0.661171 0.482299
vt 0.679325 0.484366
vt 0.680187 0.486566
vt 0.670674 0.490129
vt 0.624044 0.573968
vt 0.633173 0.568324
vt 0.636955 0.569614
vt 0.626273 0.575390
vt 0.637635 0.562016
vt 0.640826 0.562216
vt 0.643607 0.572995
vt 0.637908 0.573110
vt 0.643929 0.568890
vt 0.645176 0.562389
vt 0.661614 0.574034
vt 0.661502 0.569234
vt 0.670185 0.570432
vt 0.668895 0.575536
vt 0.661395 0.562490
vt 0.667707 0.563207
vt 0.421299 0.701661
vt 0.413879 0.701412
vt 0.665595 0.438030
vt 0.663795 0.442523
vt 0.660173 0.441717
vt 0.661913 0.449947
vt 0.666776 0.448536
vt 0.672711 0.442373
vt 0.659550 0.430038
vt 0.662190 0.426927
vt 0.667732 0.433195
vt 0.667706 0.426962
vt 0.989816 0.840232
vt 0.992939 0.839689
vt 0.993318 0.842524
vt 0.989452 0.843531
vt 0.656433 0.430002
vt 0.656040 0.428123
vt 0.654052 0.432127
vt 0.652792 0.429104
vt 0.652746 0.435252
vt 0.419735 0.652334
vt 0.419838 0.655490
vt 0.418391 0.656306
vt 0.420541 0.697633
vt 0.413085 0.698529
vt 0.661994 0.552935
vt 0.665580 0.553398
vt 0.668956 0.553154
vt 0.670751 0.561872
vt 0.609699 0.569500
vt 0.611462 0.575320
vt 0.602508 0.576670
vt 0.602713 0.569449
vt 0.715177 0.490614
vt 0.710722 0.494982
vt 0.703680 0.490227
vt 0.711528 0.486832
vt 0.691779 0.488940
vt 0.701857 0.485977
vt 0.692941 0.491977
vt 0.709342 0.484057
vt 0.430732 0.720310
vt 0.429433 0.726511
vt 0.422945 0.726265
vt 0.425457 0.718803
vt 0.421822 0.717104
vt 0.419334 0.724302
vt 0.950939 0.393156
vt 0.963377 0.395457
vt 0.412238 0.644918
vt 0.416888 0.644216
vt 0.419285 0.649261
vt 0.689577 0.535015
vt 0.694650 0.532074
vt 0.696078 0.533285
vt 0.689777 0.538717
vt 0.694741 0.539950
vt 0.698398 0.535882
vt 0.953645 0.401239
vt 0.948756 0.403851
vt 0.608348 0.563995
vt 0.601293 0.561730
vt 0.721881 0.504031
vt 0.723319 0.499637
vt 0.727707 0.500296
vt 0.729206 0.503731
vt 0.733745 0.501941
vt 0.730272 0.498642
vt 0.726259 0.496181
vt 0.675140 0.425060
vt 0.673735 0.432701
vt 0.671252 0.457671
vt 0.677338 0.453884
vt 0.685252 0.450540
vt 0.682951 0.440137
vt 0.682945 0.430664
vt 0.711562 0.467832
vt 0.715644 0.471429
vt 0.713036 0.471858
vt 0.709731 0.465611
vt 0.705944 0.468705
vt 0.708534 0.474032
vt 0.712228 0.478394
vt 0.718712 0.477173
vt 0.601827 0.554462
vt 0.607620 0.550819
vt 0.611608 0.554274
vt 0.609572 0.558806
vt 0.612120 0.546976
vt 0.615891 0.552873
vt 0.617465 0.560444
vt 0.429617 0.682074
vt 0.432469 0.692095
vt 0.425851 0.694617
vt 0.426430 0.701013
vt 0.430874 0.701640
vt 0.438486 0.704106
vt 0.443099 0.697631
vt 0.650631 0.520996
vt 0.653346 0.514782
vt 0.655863 0.517122
vt 0.654375 0.522710
vt 0.658803 0.524031
vt 0.659617 0.515988
vt 0.657586 0.510908
vt 0.720258 0.473980
vt 0.415278 0.675195
vt 0.418101 0.668088
vt 0.423681 0.670958
vt 0.417861 0.661412
vt 0.420684 0.662066
vt 0.424641 0.664519
vt 0.427691 0.667103
vt 0.427131 0.675099
vt 0.431053 0.669423
vt 0.660118 0.541691
vt 0.660905 0.532203
vt 0.663611 0.534518
vt 0.662812 0.542378
vt 0.666185 0.542580
vt 0.668165 0.532009
vt 0.664690 0.525524
vt 0.700635 0.456228
vt 0.703671 0.453250
vt 0.706597 0.455869
vt 0.703379 0.461742
vt 0.713516 0.460477
vt 0.711453 0.452077
vt 0.701204 0.445015
vt 0.704738 0.444156
vt 0.657256 0.531041
vt 0.664706 0.514634
vt 0.732299 0.476473
vt 0.722642 0.478976
vt 0.726020 0.474261
vt 0.697259 0.446765
vt 0.669165 0.543317
vt 0.671160 0.534758
vt 0.672561 0.519585
vt 0.674031 0.525386
vt 0.674257 0.528450
vt 0.715021 0.480590
vt 0.615500 0.543408
vt 0.621021 0.552122
vt 0.624017 0.542559
vt 0.608136 0.533232
vt 0.615281 0.534790
vt 0.608652 0.539232
vt 0.622586 0.534914
vt 0.608349 0.543808
vt 0.718872 0.469298
vt 0.722514 0.472229
vt 0.593867 0.559917
vt 0.593627 0.552581
vt 0.593916 0.545777
vt 0.599298 0.547934
vt 0.604940 0.547875
vt 0.730536 0.463366
vt 0.731086 0.467024
vt 0.727146 0.467093
vt 0.725526 0.464711
vt 0.721868 0.466820
vt 0.724930 0.469407
vt 0.729569 0.471442
vt 0.640509 0.540284
vt 0.640699 0.529799
vt 0.644667 0.527214
vt 0.644196 0.540037
vt 0.639384 0.524326
vt 0.639931 0.519726
vt 0.648438 0.540106
vt 0.649624 0.528937
vt 0.646930 0.518554
vt 0.642839 0.514802
vt 0.622065 0.529446
vt 0.623092 0.525147
vt 0.628251 0.526098
vt 0.628410 0.529405
vt 0.632872 0.527639
vt 0.631312 0.524164
vt 0.626195 0.521293
vt 0.735555 0.471126
vt 0.725666 0.480341
vt 0.734082 0.478588
vt 0.602710 0.543971
vt 0.636817 0.525591
vt 0.635216 0.522174
vt 0.636421 0.510774
vt 0.633649 0.514435
vt 0.630416 0.517906
vt 0.685871 0.529084
vt 0.682261 0.531270
vt 0.680426 0.527796
vt 0.684682 0.525897
vt 0.679598 0.534030
vt 0.675289 0.530681
vt 0.445195 0.666856
vt 0.446935 0.670587
vt 0.442578 0.670201
vt 0.443773 0.665864
vt 0.666743 0.499033
vt 0.672570 0.495671
vt 0.675379 0.502470
vt 0.669820 0.505801
vt 0.460025 0.666008
vt 0.456819 0.662903
vt 0.460086 0.660949
vt 0.464158 0.662935
vt 0.671865 0.512292
vt 0.677626 0.507309
vt 0.699066 0.427664
vt 0.702440 0.422122
vt 0.703032 0.425431
vt 0.702513 0.429236
vt 0.707106 0.420610
vt 0.706834 0.424958
vt 0.706333 0.429647
vt 0.442603 0.715920
vt 0.446702 0.708042
vt 0.454538 0.711538
vt 0.455347 0.719446
vt 0.462229 0.713655
vt 0.459027 0.708304
vt 0.452357 0.703217
vt 0.584174 0.526474
vt 0.587274 0.529474
vt 0.584842 0.536808
vt 0.579875 0.535024
vt 0.592997 0.528915
vt 0.590704 0.534739
vt 0.591680 0.538418
vt 0.589341 0.542096
vt 0.689985 0.428919
vt 0.692667 0.420750
vt 0.701004 0.417547
vt 0.695830 0.428160
vt 0.710187 0.416470
vt 0.695140 0.411240
vt 0.709681 0.408930
vt 0.716001 0.410673
vt 0.464113 0.670197
vt 0.456859 0.673529
vt 0.456749 0.668261
vt 0.449973 0.669113
vt 0.452450 0.665210
vt 0.593368 0.535053
vt 0.596372 0.531044
vt 0.599185 0.530936
vt 0.602484 0.531517
vt 0.607795 0.528034
vt 0.601975 0.527446
vt 0.597530 0.528548
vt 0.599680 0.528855
vt 0.451156 0.676674
vt 0.460291 0.683926
vt 0.468094 0.679073
vt 0.606811 0.522521
vt 0.598867 0.522791
vt 0.591569 0.523516
vt 0.710506 0.429452
vt 0.710226 0.425608
vt 0.713768 0.425495
vt 0.714773 0.428473
vt 0.711577 0.421435
vt 0.716238 0.422500
vt 0.718964 0.425621
vt 0.709697 0.393215
vt 0.710602 0.397626
vt 0.696764 0.401038
vt 0.703786 0.395775
vt 0.438357 0.722745
vt 0.449056 0.729555
vt 0.686381 0.409810
vt 0.465457 0.707573
vt 0.465543 0.713923
vt 0.779272 0.471528
vt 0.786924 0.469338
vt 0.783767 0.474954
vt 0.778008 0.477274
vt 0.791442 0.471230
vt 0.787039 0.476486
vt 0.778930 0.481096
vt 0.721025 0.400716
vt 0.730188 0.394808
vt 0.717590 0.390261
vt 0.653797 0.497066
vt 0.641929 0.492720
vt 0.645597 0.485763
vt 0.658854 0.492103
vt 0.662561 0.488303
vt 0.649802 0.483244
vt 0.069511 0.620795
vt 0.066793 0.619741
vt 0.070775 0.616353
vt 0.073429 0.618701
vt 0.627366 0.492144
vt 0.633548 0.485128
vt 0.638388 0.480719
vt 0.644391 0.481866
vt 0.638668 0.505897
vt 0.628672 0.501709
vt 0.631763 0.497281
vt 0.640243 0.499779
vt 0.617908 0.498747
vt 0.467785 0.667455
vt 0.478227 0.672787
vt 0.474418 0.675498
vt 0.056134 0.620732
vt 0.066575 0.615820
vt 0.058738 0.626908
vt 0.067218 0.625493
vt 0.608259 0.516896
vt 0.599469 0.516478
vt 0.600118 0.511432
vt 0.610485 0.512249
vt 0.611818 0.507339
vt 0.604463 0.505881
vt 0.589668 0.518857
vt 0.588223 0.515523
vt 0.586005 0.513018
vt 0.594203 0.507998
vt 0.598925 0.504276
vt 0.066199 0.629674
vt 0.057892 0.633224
vt 0.045714 0.636783
vt 0.044340 0.630467
vt 0.042409 0.624156
vt 0.743419 0.389047
vt 0.728299 0.382473
vt 0.788202 0.461558
vt 0.787954 0.459073
vt 0.794550 0.458337
vt 0.792818 0.461504
vt 0.787782 0.454668
vt 0.793916 0.451340
vt 0.601243 0.501054
vt 0.594829 0.499414
vt 0.597739 0.497290
vt 0.602639 0.496892
vt 0.723657 0.423296
vt 0.731500 0.419697
vt 0.737106 0.423559
vt 0.725480 0.428368
vt 0.737632 0.414837
vt 0.741129 0.417142
vt 0.747588 0.426991
vt 0.738397 0.430852
vt 0.746251 0.421824
vt 0.745495 0.418004
vt 0.615469 0.490865
vt 0.625804 0.482999
vt 0.634942 0.478358
vt 0.057285 0.637343
vt 0.046542 0.644253
vt 0.633714 0.475234
vt 0.625993 0.479089
vt 0.746629 0.411824
vt 0.750247 0.413705
vt 0.753521 0.415767
vt 0.786481 0.449208
vt 0.791052 0.447085
vt 0.784479 0.442229
vt 0.790276 0.439561
vt 0.035897 0.656990
vt 0.035837 0.665966
vt 0.032236 0.664874
vt 0.031249 0.659558
vt 0.752120 0.400891
vt 0.755980 0.400440
vt 0.761641 0.409251
vt 0.756793 0.407634
vt 0.755765 0.420008
vt 0.759333 0.426080
vt 0.767265 0.417701
vt 0.748657 0.395314
vt 0.754261 0.396179
vt 0.752253 0.390379
vt 0.744221 0.396416
vt 0.038458 0.638644
vt 0.034258 0.640225
vt 0.030958 0.631895
vt 0.035956 0.631333
vt 0.032540 0.623901
vt 0.025563 0.623987
vt 0.027840 0.643534
vt 0.023727 0.634866
vt 0.018560 0.625254
vt 0.779968 0.407354
vt 0.774117 0.410580
vt 0.767920 0.403227
vt 0.768596 0.396961
vt 0.934288 0.440322
vt 0.684618 0.539991
vt 0.684541 0.535766
vt 0.739620 0.493172
vt 0.739230 0.497089
vt 0.734912 0.496187
vt 0.733608 0.493245
vt 0.736975 0.499610
vt 0.732703 0.497602
vt 0.729334 0.494422
vt 0.636902 0.531597
vt 0.609448 0.496998
vt 0.613994 0.502792
vt 0.606804 0.501826
vt 0.605461 0.490049
vt 0.611033 0.483123
vt 0.041100 0.666365
vt 0.040757 0.655835
vt 0.044747 0.652604
vt 0.046077 0.660059
vt 0.040037 0.646994
vt 0.035174 0.649262
vt 0.028946 0.652104
vt 0.781335 0.433072
vt 0.786583 0.428638
vt 0.777847 0.421458
vt 0.782780 0.417390
vt 0.775226 0.437229
vt 0.771652 0.427614
vt 0.765108 0.443496
vt 0.761879 0.434449
vt 0.754746 0.450031
vt 0.751806 0.442093
vt 0.749859 0.433675
vt 0.741225 0.448063
vt 0.739415 0.439349
vt 0.732743 0.451697
vt 0.729710 0.443062
vt 0.728050 0.434785
vt 0.724525 0.445234
vt 0.722753 0.436884
vt 0.721168 0.430597
vt 0.718044 0.438874
vt 0.716003 0.433016
vt 0.713446 0.440516
vt 0.711247 0.434599
vt 0.708727 0.442118
vt 0.706735 0.435503
vt 0.702783 0.435804
vt 0.699787 0.436265
vt 0.695540 0.437330
vt 0.692050 0.448715
vt 0.690039 0.438600
vt 0.695810 0.458399
vt 0.689573 0.461227
vt 0.698917 0.465509
vt 0.692838 0.468375
vt 0.684754 0.471324
vt 0.681869 0.463852
vt 0.676306 0.472605
vt 0.674411 0.465732
vt 0.668707 0.472757
vt 0.667124 0.466601
vt 0.664836 0.459056
vt 0.662025 0.466651
vt 0.660161 0.459353
vt 0.657765 0.449818
vt 0.656090 0.441347
vt 0.667889 0.578934
vt 0.661012 0.578748
vt 0.409819 0.721649
vt 0.406722 0.717508
vt 0.651883 0.440616
vt 0.656098 0.573610
vt 0.656206 0.578245
vt 0.652166 0.578412
vt 0.651885 0.573409
vt 0.652190 0.568395
vt 0.656312 0.568542
vt 0.653206 0.562053
vt 0.657040 0.562300
vt 0.659000 0.553143
vt 0.654978 0.553138
vt 0.656261 0.541041
vt 0.649156 0.562313
vt 0.650967 0.553023
vt 0.652428 0.540465
vt 0.653224 0.529953
vt 0.646944 0.552944
vt 0.642755 0.552703
vt 0.638943 0.552204
vt 0.634668 0.561651
vt 0.635916 0.551768
vt 0.636562 0.540897
vt 0.633100 0.551597
vt 0.632949 0.541619
vt 0.632859 0.533552
vt 0.629287 0.542129
vt 0.628299 0.535068
vt 0.631582 0.561321
vt 0.630030 0.567101
vt 0.626753 0.565654
vt 0.622016 0.571722
vt 0.620191 0.568540
vt 0.618835 0.565395
vt 0.613162 0.578124
vt 0.648275 0.568779
vt 0.647304 0.573685
vt 0.648527 0.577016
vt 0.663339 0.473184
vt 0.677352 0.477355
vt 0.686560 0.475975
vt 0.688084 0.479804
vt 0.678307 0.480949
vt 0.689391 0.483419
vt 0.697067 0.477632
vt 0.698715 0.480895
vt 0.700064 0.483112
vt 0.690411 0.485805
vt 0.681154 0.489875
vt 0.706166 0.479375
vt 0.707885 0.481508
vt 0.716992 0.482350
vt 0.727475 0.482706
vt 0.719234 0.484583
vt 0.729704 0.485750
vt 0.721968 0.487493
vt 0.731855 0.489174
vt 0.725522 0.490922
vt 0.720429 0.493882
vt 0.716732 0.497661
vt 0.714830 0.501800
vt 0.708051 0.499468
vt 0.581189 0.558119
vt 0.587088 0.558996
vt 0.588109 0.565070
vt 0.580500 0.564509
vt 0.593907 0.566399
vt 0.582101 0.548340
vt 0.587018 0.550507
vt 0.577858 0.546389
vt 0.576329 0.556813
vt 0.574184 0.545483
vt 0.572465 0.556233
vt 0.574814 0.563716
vt 0.571654 0.562967
vt 0.572970 0.531791
vt 0.576023 0.533222
vt 0.570670 0.543773
vt 0.746233 0.501534
vt 0.757589 0.499545
vt 0.756513 0.504590
vt 0.744264 0.504620
vt 0.757644 0.495478
vt 0.746932 0.497538
vt 0.768368 0.486277
vt 0.769897 0.489513
vt 0.757187 0.490865
vt 0.770977 0.492493
vt 0.747508 0.492933
vt 0.756410 0.485374
vt 0.746910 0.487493
vt 0.739334 0.488334
vt 0.746040 0.482673
vt 0.737786 0.484569
vt 0.755683 0.476538
vt 0.755879 0.480376
vt 0.745141 0.479032
vt 0.735935 0.481133
vt 0.745101 0.475596
vt 0.756787 0.469761
vt 0.756796 0.472646
vt 0.744870 0.472788
vt 0.768940 0.465088
vt 0.768760 0.468281
vt 0.768551 0.472251
vt 0.780279 0.463612
vt 0.779907 0.467240
vt 0.768134 0.476248
vt 0.767707 0.481137
vt 0.787999 0.464950
vt 0.593588 0.502154
vt 0.588848 0.500252
vt 0.590439 0.498054
vt 0.590105 0.505297
vt 0.586595 0.502195
vt 0.780464 0.460696
vt 0.780273 0.456832
vt 0.769482 0.461412
vt 0.779926 0.452177
vt 0.768767 0.456741
vt 0.756857 0.465973
vt 0.756943 0.461538
vt 0.767893 0.451090
vt 0.756076 0.455971
vt 0.745569 0.469640
vt 0.745342 0.464922
vt 0.744852 0.459841
vt 0.743440 0.454018
vt 0.737213 0.466844
vt 0.736599 0.462319
vt 0.735153 0.457380
vt 0.729052 0.458933
vt 0.727594 0.453216
vt 0.724198 0.460514
vt 0.722362 0.455027
vt 0.719867 0.447381
vt 0.717825 0.457256
vt 0.715534 0.449371
vt 0.719970 0.462539
vt 0.715841 0.465189
vt 0.778159 0.445525
vt 0.780341 0.483956
vt 0.781150 0.486344
vt 0.579576 0.521857
vt 0.576576 0.519430
vt 0.581580 0.524092
vt 0.583193 0.510635
vt 0.574642 0.515817
vt 0.703586 0.475425
vt 0.701198 0.470689
vt 0.695025 0.473523
vt 0.626664 0.506805
vt 0.623901 0.510857
vt 0.620627 0.515066
vt 0.617664 0.519817
vt 0.615746 0.524259
vt 0.614992 0.529136
vt 0.689290 0.532624
vt 0.685180 0.533035
vt 0.679193 0.538652
vt 0.679680 0.544656
vt 0.673940 0.543818
vt 0.674137 0.536807
vt 0.424804 0.658092
vt 0.693036 0.530392
vt 0.687349 0.530489
vt 0.690713 0.530089
vt 0.941793 0.438930
vt 0.937381 0.442518
vt 0.938641 0.436675
vt 0.935627 0.434912
vt 0.943245 0.432085
vt 0.940352 0.430435
vt 0.932418 0.433132
vt 0.936860 0.428927
vt 0.944873 0.423774
vt 0.941340 0.421635
vt 0.928933 0.431371
vt 0.932780 0.427320
vt 0.937447 0.421264
vt 0.952706 0.418821
vt 0.947844 0.425537
vt 0.949835 0.417115
vt 0.946506 0.415384
vt 0.953546 0.411997
vt 0.950962 0.409778
vt 0.698967 0.540474
vt 0.696302 0.546688
vt 0.702659 0.536538
vt 0.956248 0.413943
vt 0.956679 0.408694
vt 0.954289 0.405945
vt 0.957497 0.404489
vt 0.957326 0.401571
vt 0.958905 0.403708
vt 0.959203 0.402671
vt 0.959423 0.415705
vt 0.956166 0.421166
vt 0.962417 0.417304
vt 0.959540 0.423244
vt 0.954977 0.430031
vt 0.951326 0.427859
vt 0.950226 0.436961
vt 0.946611 0.434374
vt 0.945413 0.441506
vt 0.954424 0.439925
vt 0.949279 0.444470
vt 0.957155 0.444628
vt 0.952561 0.448110
vt 0.948911 0.451326
vt 0.959499 0.448840
vt 0.955207 0.452218
vt 0.951960 0.454480
vt 0.692045 0.561256
vt 0.687841 0.562140
vt 0.961499 0.452369
vt 0.957250 0.455292
vt 0.412093 0.674475
vt 0.414047 0.666649
vt 0.409668 0.662372
vt 0.408331 0.669163
vt 0.414311 0.660201
vt 0.412198 0.656673
vt 0.959175 0.432546
vt 0.963433 0.425409
vt 0.414764 0.655154
vt 0.411391 0.653517
vt 0.965345 0.418966
vt 0.968634 0.419475
vt 0.968392 0.424261
vt 0.971484 0.414234
vt 0.968943 0.413707
vt 0.412387 0.648822
vt 0.411620 0.646047
vt 0.408243 0.642710
vt 0.408446 0.646990
vt 0.409680 0.642131
vt 0.020552 0.614355
vt 0.015251 0.613793
vt 0.026666 0.615273
vt 0.039108 0.617731
vt 0.499002 0.704859
vt 0.485975 0.701338
vt 0.490766 0.694923
vt 0.501733 0.698659
vt 0.471289 0.691854
vt 0.478211 0.686065
vt 0.054075 0.615110
vt 0.484286 0.682488
vt 0.475327 0.708571
vt 0.463338 0.697609
vt 0.453866 0.687876
vt 0.458002 0.699998
vt 0.449320 0.691085
vt 0.440303 0.683014
vt 0.445968 0.678788
vt 0.435813 0.674817
vt 0.751390 0.403506
vt 0.745975 0.401323
vt 0.739255 0.403648
vt 0.735870 0.400112
vt 0.731687 0.408231
vt 0.726946 0.404789
vt 0.721382 0.412853
vt 0.734782 0.411385
vt 0.726923 0.416236
vt 0.720977 0.419620
vt 0.715447 0.417459
vt 0.743707 0.409728
vt 0.741651 0.406998
vt 0.750118 0.407598
vt 0.747167 0.407139
vt 0.746508 0.404418
vt 0.749545 0.404659
vt 0.753477 0.407868
vt 0.072277 0.623705
vt 0.071908 0.626046
vt 0.076599 0.624026
vt 0.073862 0.621206
vt 0.077464 0.618470
vt 0.644241 0.477497
vt 0.644302 0.473661
vt 0.649334 0.503421
vt 0.645476 0.509477
vt 0.654563 0.507056
vt 0.650099 0.512502
vt 0.663335 0.508083
vt 0.660521 0.503174
vt 0.684872 0.420610
vt 0.676679 0.418043
vt 0.435581 0.728338
vt 0.433718 0.711941
vt 0.428363 0.709905
vt 0.424493 0.708907
vt 0.710275 0.388887
vt 0.678460 0.514727
vt 0.678944 0.518990
vt 0.447393 0.665068
vt 0.702193 0.498537
vt 0.676723 0.566164
vt 0.019360 0.315127
vt 0.021157 0.317243
vt 0.019172 0.318837
vt 0.988295 0.846815
vt 0.986771 0.849410
vt 0.985906 0.843597
vt 0.986811 0.840256
vt 0.982746 0.842794
vt 0.984082 0.839702
vt 0.990043 0.837562
vt 0.992593 0.837012
vt 0.994803 0.836374
vt 0.994865 0.838965
vt 0.009980 0.315604
vt 0.012646 0.316094
vt 0.011231 0.318932
vt 0.008497 0.318248
vt 0.011199 0.312709
vt 0.013987 0.313288
vt 0.016659 0.314010
vt 0.015204 0.310254
vt 0.016212 0.306997
vt 0.016694 0.303617
vt 0.020088 0.304480
vt 0.006242 0.316992
vt 0.983428 0.830979
vt 0.980591 0.833552
vt 0.978813 0.831864
vt 0.982216 0.828947
vt 0.700653 0.557098
vt 0.644224 0.471758
vt 0.079119 0.623694
vt 0.643950 0.469352
vt 0.644798 0.470412
vn -0.0872 -0.9717 0.2194
vn 0.7853 -0.2954 0.5441
vn 0.5431 -0.1580 0.8247
vn -0.1406 -0.7432 0.6542
vn 0.3645 0.8270 0.4279
vn 0.1468 0.5903 0.7937
vn -0.6201 0.0762 0.7808
vn -0.3001 0.8739 0.3824
vn -0.8361 0.4311 0.3391
vn -0.7898 -0.5585 0.2536
vn -0.0661 0.9572 0.2818
vn -0.8410 0.5008 0.2047
vn -0.7513 -0.6599 -0.0085
vn -0.3701 0.8796 0.2991
vn -0.0467 0.9852 -0.1652
vn -0.3156 0.8905 -0.3277
vn -0.5159 0.7516 0.4109
vn -0.7934 0.5920 0.1416
vn -0.5249 0.4858 -0.6989
vn -0.5232 0.3888 -0.7583
vn -0.1575 0.7667 -0.6223
vn 0.3532 0.9135 0.2019
vn 0.6502 0.6485 0.3958
vn 0.9474 0.2990 0.1139
vn 0.8613 0.4330 -0.2659
vn 0.7979 -0.4182 -0.4341
vn 0.6975 -0.1278 -0.7051
vn 0.4928 0.8529 0.1724
vn -0.2396 0.9590 -0.1513
vn -0.4162 0.6185 -0.6665
vn -0.4112 -0.1781 -0.8940
vn -0.1942 -0.5720 -0.7970
vn -0.0912 -0.8670 -0.4898
vn 0.2565 -0.9305 -0.2617
vn 0.4829 -0.8562 -0.1836
vn 0.4323 -0.7266 -0.5339
vn 0.5759 -0.6030 -0.5521
vn 0.7589 -0.6445 0.0930
vn 0.6567 -0.7453 0.1148
vn 0.7562 -0.2796 0.5916
vn 0.9302 0.0121 0.3668
vn 0.9690 0.1603 -0.1880
vn 0.4022 0.9084 0.1145
vn 0.4937 0.4141 -0.7647
vn 0.2013 0.1405 -0.9694
vn -0.0187 0.9474 -0.3195
vn 0.5987 -0.7817 0.1743
vn 0.2878 -0.9196 -0.2675
vn 0.4175 -0.0624 -0.9065
vn 0.1291 -0.9170 -0.3775
vn 0.3596 -0.7224 -0.5905
vn 0.5838 -0.2111 -0.7840
vn 0.5434 0.5499 0.6343
vn 0.0346 0.9679 0.2488
vn 0.2720 0.7648 -0.5840
vn 0.0152 0.9993 -0.0329
vn -0.0609 0.9935 0.0962
vn 0.0866 0.9110 0.4033
vn 0.0524 -0.5972 -0.8004
vn 0.3102 -0.2695 -0.9117
vn -0.4228 0.0576 -0.9044
vn 0.0850 0.2993 -0.9504
vn 0.5314 0.5195 -0.6691
vn -0.5186 0.6531 -0.5519
vn -0.1401 0.7752 -0.6160
vn -0.3528 0.9262 -0.1327
vn 0.0063 0.9662 -0.2577
vn 0.1706 -0.9366 0.3059
vn 0.5438 -0.5588 0.6261
vn 0.3318 -0.5581 0.7605
vn -0.2129 -0.7802 0.5882
vn 0.6473 -0.3002 0.7006
vn 0.4016 -0.4745 0.7833
vn -0.5651 -0.4314 0.7032
vn 0.5630 -0.0393 0.8255
vn 0.0464 -0.3015 0.9523
vn -0.7494 0.0809 0.6571
vn -0.7704 0.5112 0.3810
vn -0.5931 -0.7305 0.3385
vn -0.8950 0.0186 0.4458
vn -0.5924 0.7483 0.2985
vn -0.1368 0.9793 0.1492
vn -0.1398 0.9809 0.1352
vn 0.2842 0.9082 0.3071
vn -0.0565 0.9926 0.1072
vn -0.0870 0.9815 0.1703
vn -0.8318 0.3718 0.4122
vn -0.9745 0.2126 -0.0720
vn -0.8672 -0.4865 0.1063
vn -0.6626 -0.6196 0.4208
vn -0.1677 -0.9830 -0.0741
vn -0.5481 -0.7243 -0.4184
vn -0.8086 -0.0771 -0.5833
vn 0.7032 0.4450 -0.5545
vn 0.3164 0.9485 -0.0133
vn 0.4480 0.8895 0.0903
vn 0.8898 0.3949 -0.2288
vn 0.8585 0.4753 0.1926
vn 0.3476 0.9070 0.2379
vn 0.1432 0.9643 0.2229
vn 0.5205 -0.5589 -0.6455
vn 0.3273 -0.5155 -0.7919
vn 0.4092 0.4399 -0.7994
vn 0.1077 -0.9131 -0.3933
vn 0.0063 -0.7218 -0.6921
vn -0.0638 0.2024 -0.9772
vn 0.8126 -0.4962 0.3057
vn 0.7045 0.4900 0.5133
vn 0.5015 0.3784 0.7780
vn 0.5706 -0.4509 0.6863
vn 0.2491 0.8747 0.4157
vn 0.1759 0.6281 0.7580
vn 0.1120 -0.1339 0.9846
vn 0.2088 -0.9195 -0.3330
vn 0.2917 -0.9366 -0.1942
vn 0.0940 -0.9706 -0.2216
vn 0.0344 -0.9611 -0.2742
vn 0.2977 -0.9540 -0.0346
vn 0.0559 -0.9889 -0.1377
vn -0.0640 -0.9786 -0.1955
vn 0.0271 -0.8193 0.5728
vn 0.2152 -0.9488 0.2311
vn -0.0463 -0.9982 0.0394
vn -0.2081 -0.8053 0.5552
vn -0.1964 0.0485 0.9793
vn -0.5540 -0.0137 -0.8324
vn -0.3882 0.8241 -0.4124
vn -0.0373 0.9541 -0.2971
vn -0.8632 -0.0329 -0.5037
vn -0.4882 0.8617 -0.1381
vn -0.0728 0.9927 0.0958
vn -0.1035 0.8734 0.4760
vn -0.2889 0.9314 0.2216
vn 0.9075 0.0657 0.4149
vn -0.3308 0.1111 0.9371
vn -0.9506 0.2436 -0.1922
vn 0.1156 0.0991 -0.9883
vn -0.3894 -0.8027 0.4517
vn -0.4889 -0.8707 0.0529
vn 0.7242 0.2345 -0.6485
vn 0.9586 -0.0368 -0.2823
vn -0.4218 0.9032 0.0789
vn 0.1908 0.9810 -0.0341
vn 0.2602 0.9498 0.1738
vn -0.4344 0.9005 -0.0194
vn -0.1128 0.9886 0.0995
vn 0.1685 0.9282 0.3317
vn 0.5352 -0.3258 0.7794
vn 0.5463 -0.4623 0.6984
vn 0.6582 -0.1546 0.7368
vn 0.6805 -0.1115 0.7242
vn 0.8830 0.0044 0.4693
vn 0.9067 -0.0997 0.4098
vn 0.8476 -0.4311 0.3095
vn 0.7113 0.3449 -0.6125
vn 0.4260 0.8449 -0.3235
vn 0.5083 0.8546 -0.1068
vn 0.8767 0.4564 -0.1517
vn 0.0201 0.9997 0.0139
vn 0.3245 0.9166 0.2337
vn 0.7871 0.4410 0.4313
vn -0.0898 0.9960 0.0016
vn -0.6422 0.7158 0.2742
vn -0.3973 0.9111 0.1097
vn -0.8372 0.4459 0.3167
vn -0.8346 0.5482 0.0538
vn -0.7704 0.5435 -0.3332
vn -0.3681 0.9254 -0.0899
vn 0.1510 0.9285 0.3393
vn 0.1656 0.9390 0.3013
vn 0.8676 -0.1122 0.4844
vn 0.7029 -0.0890 0.7057
vn 0.7200 0.0137 0.6938
vn 0.9258 0.1349 0.3531
vn 0.8588 -0.3250 0.3960
vn 0.5960 0.1746 -0.7838
vn 0.6863 0.2392 -0.6868
vn 0.7805 0.2143 -0.5872
vn 0.7594 0.1576 -0.6312
vn 0.6604 0.1970 -0.7246
vn 0.6784 0.0679 -0.7315
vn 0.0503 -0.9667 -0.2509
vn 0.3458 -0.2950 -0.8907
vn -0.0303 -0.8764 -0.4806
vn -0.2630 -0.9644 -0.0263
vn -0.5200 -0.8426 -0.1399
vn -0.9741 0.0021 -0.2263
vn 0.5657 -0.8069 0.1701
vn -0.8073 0.5084 -0.2996
vn -0.7937 0.0087 -0.6083
vn -0.5183 -0.6413 -0.5658
vn 0.8509 -0.3363 -0.4036
vn 0.7919 0.4838 -0.3726
vn 0.7390 0.0727 0.6698
vn 0.6460 0.5990 0.4731
vn 0.3386 0.9334 0.1187
vn -0.4958 0.7691 0.4034
vn -0.6407 0.6793 0.3579
vn -0.8331 0.4721 0.2881
vn -0.6313 0.7657 0.1231
vn -0.8041 0.2734 0.5279
vn -0.8981 0.3999 0.1831
vn -0.8154 0.1951 0.5450
vn -0.8178 0.2927 0.4955
vn -0.8334 0.1580 0.5296
vn -0.8228 0.0604 0.5651
vn -0.2135 -0.9768 0.0143
vn -0.1043 -0.9768 0.1871
vn 0.2583 -0.8307 0.4931
vn -0.3883 0.8922 0.2308
vn -0.8385 0.3022 0.4535
vn -0.6258 0.7743 0.0936
vn -0.5400 0.8179 0.1987
vn -0.1074 0.9549 0.2768
vn -0.0837 0.9742 0.2096
vn -0.1196 0.9666 0.2269
vn -0.1925 0.9503 0.2449
vn -0.3912 0.9107 0.1330
vn -0.4878 0.8713 -0.0547
vn -0.6884 0.6912 -0.2198
vn -0.8772 0.3113 0.3656
vn -0.8502 0.3587 0.3853
vn -0.6181 0.7855 -0.0301
vn -0.3388 0.8472 0.4092
vn -0.7146 0.3605 0.5995
vn -0.8348 0.2064 0.5103
vn 0.1425 -0.9162 -0.3746
vn 0.5293 -0.3796 -0.7588
vn 0.7026 0.0726 -0.7079
vn 0.7993 0.0298 -0.6002
vn 0.8232 -0.0352 -0.5667
vn 0.8032 -0.0769 -0.5907
vn 0.7303 -0.4303 -0.5306
vn 0.9923 0.0984 0.0751
vn 0.9696 0.2291 0.0863
vn 0.9418 0.3184 0.1079
vn 0.9317 0.0059 -0.3632
vn 0.8508 0.0771 -0.5198
vn 0.7376 0.5579 -0.3804
vn 0.1543 0.9761 0.1533
vn 0.4206 0.7129 0.5612
vn -0.1387 0.9197 -0.3672
vn -0.0482 0.9084 -0.4152
vn -0.3754 0.8267 -0.4190
vn -0.2311 0.8924 -0.3875
vn -0.0912 0.9667 -0.2392
vn -0.2399 0.9324 -0.2703
vn -0.0064 0.9353 -0.3538
vn 0.0423 -0.9984 0.0377
vn 0.0787 -0.9905 0.1129
vn 0.6026 -0.7937 -0.0832
vn 0.5473 -0.6925 0.4700
vn 0.0806 -0.9533 0.2910
vn -0.0886 -0.9869 0.1345
vn 0.0594 -0.9921 0.1106
vn 0.1908 0.9603 0.2033
vn -0.1022 0.6998 0.7070
vn 0.5284 0.5129 0.6766
vn 0.6879 0.5879 0.4256
vn 0.8825 0.1042 0.4586
vn 0.6373 0.1396 0.7578
vn -0.2408 0.1389 0.9606
vn 0.6878 0.6637 0.2939
vn -0.0770 -0.9092 -0.4092
vn -0.0991 -0.9210 -0.3766
vn -0.2890 -0.9030 -0.3178
vn -0.1123 -0.9333 -0.3411
vn -0.5430 -0.6467 -0.5356
vn -0.8740 -0.1344 -0.4669
vn -0.7802 -0.6153 -0.1123
vn -0.0587 -0.9981 -0.0178
vn -0.4307 -0.8820 0.1914
vn 0.7264 -0.3430 0.5955
vn 0.8384 -0.1608 0.5208
vn 0.8023 -0.0596 0.5939
vn 0.7430 0.0157 0.6691
vn 0.5697 0.5317 0.6267
vn 0.7596 0.2190 0.6123
vn 0.9114 0.0027 0.4116
vn 0.8480 -0.1707 -0.5017
vn 0.9745 -0.1062 -0.1977
vn 0.9544 -0.1173 -0.2744
vn 0.8474 -0.2082 -0.4884
vn 0.8910 -0.0349 -0.4527
vn 0.8882 -0.0177 -0.4592
vn 0.9915 -0.0303 -0.1269
vn 0.9989 0.0092 -0.0453
vn 0.8022 0.0335 0.5961
vn 0.7253 0.0279 0.6879
vn -0.0006 0.5602 0.8283
vn -0.2876 0.4681 0.8356
vn 0.0068 0.8485 0.5291
vn 0.8447 -0.0568 -0.5323
vn 0.2318 0.8737 0.4277
vn 0.1833 0.7040 0.6861
vn 0.9373 -0.1392 0.3194
vn 0.8451 -0.1019 0.5248
vn 0.2198 0.1346 0.9662
vn -0.5715 0.4878 0.6599
vn -0.1911 0.9689 0.1571
vn -0.0155 0.9991 0.0395
vn -0.0744 0.8804 0.4683
vn -0.4716 0.8390 0.2713
vn -0.2976 0.8872 0.3525
vn -0.2237 0.9583 0.1778
vn -0.1705 0.8450 0.5069
vn 0.1638 0.9693 -0.1833
vn 0.8621 0.3262 -0.3877
vn 0.5270 0.8496 -0.0193
vn -0.5198 0.7435 -0.4208
vn -0.3858 0.8042 -0.4522
vn -0.4406 0.6212 -0.6480
vn 0.0268 0.7988 -0.6010
vn 0.2992 0.8710 -0.3896
vn -0.4756 0.2210 -0.8515
vn -0.4247 0.7396 -0.5222
vn 0.0055 0.6960 -0.7181
vn 0.1222 0.2995 -0.9462
vn 0.6720 0.3388 -0.6585
vn 0.3421 0.8529 -0.3943
vn -0.1868 0.9800 0.0693
vn -0.7194 0.3421 -0.6046
vn -0.6620 0.2784 -0.6959
vn -0.3419 0.7953 -0.5006
vn -0.4834 0.8151 -0.3191
vn -0.2393 0.2852 -0.9281
vn 0.1703 0.6400 -0.7492
vn 0.0644 0.9771 0.2026
vn 0.1312 0.9828 0.1300
vn -0.1191 0.9925 -0.0282
vn -0.0933 0.9947 -0.0435
vn 0.0420 0.9274 0.3716
vn 0.5078 0.8595 -0.0578
vn 0.3382 0.8740 -0.3490
vn -0.1701 0.9850 -0.0273
vn -0.4127 0.6010 -0.6844
vn 0.3515 0.5265 -0.7741
vn 0.7301 0.4320 -0.5295
vn -0.2307 0.9526 0.1985
vn -0.3948 0.1131 0.9118
vn 0.1803 -0.0265 0.9832
vn 0.1116 0.9050 -0.4106
vn -0.3065 0.3550 -0.8832
vn 0.4231 0.2867 -0.8596
vn 0.1454 0.9796 0.1387
vn 0.6110 0.6209 -0.4911
vn 0.6940 0.2177 -0.6863
vn -0.7678 -0.3843 0.5127
vn -0.3014 -0.7162 0.6294
vn -0.2085 -0.9616 0.1785
vn -0.5881 0.4690 0.6590
vn -0.4658 0.4079 0.7853
vn 0.3018 -0.6841 0.6640
vn -0.6403 -0.1967 0.7425
vn -0.5031 -0.6730 0.5422
vn -0.0368 -0.6914 0.7215
vn -0.0328 -0.2890 0.9568
vn -0.1211 -0.9916 0.0458
vn 0.4602 -0.7969 0.3914
vn 0.7272 -0.1978 0.6573
vn 0.9680 -0.1259 0.2173
vn 0.6058 -0.7369 0.3000
vn 0.8447 -0.5203 0.1258
vn 0.9991 -0.0401 -0.0107
vn 0.1054 -0.9909 0.0840
vn 0.5419 -0.7813 -0.3096
vn 0.8157 -0.1802 -0.5496
vn -0.1261 -0.9716 0.2001
vn 0.0419 -0.9951 0.0894
vn 0.4660 -0.8790 0.1013
vn 0.3167 -0.9379 0.1416
vn 0.5470 -0.8371 0.0001
vn 0.5850 -0.8027 0.1159
vn 0.3336 -0.9418 -0.0423
vn -0.3872 0.7470 -0.5404
vn -0.0545 0.8287 -0.5570
vn -0.0883 0.8475 -0.5233
vn -0.2755 0.7218 -0.6350
vn -0.1247 0.8902 -0.4382
vn 0.0876 0.7620 -0.6416
vn -0.4409 0.5475 -0.7113
vn -0.3963 0.7732 -0.4950
vn 0.7400 -0.4542 -0.4961
vn 0.3462 -0.9233 -0.1663
vn 0.3552 -0.9347 0.0168
vn 0.8564 -0.4247 -0.2937
vn 0.0171 -0.9962 0.0849
vn 0.0937 -0.9937 0.0607
vn 0.0468 -0.9984 0.0313
vn -0.0591 -0.9982 -0.0139
vn -0.2890 -0.9552 0.0636
vn 0.1153 -0.9857 -0.1226
vn 0.2996 -0.9103 -0.2856
vn 0.7366 -0.6656 0.1199
vn 0.7838 -0.6205 0.0262
vn -0.3028 0.4532 -0.8384
vn -0.8010 0.5972 -0.0421
vn -0.5548 0.1212 0.8231
vn -0.6179 0.6264 0.4753
vn -0.1417 0.9894 -0.0316
vn -0.0684 0.9971 -0.0342
vn -0.3487 0.8067 0.4771
vn -0.4639 0.5265 0.7124
vn 0.1115 -0.9779 0.1768
vn -0.0501 -0.9919 0.1167
vn -0.0194 -0.9994 0.0301
vn 0.2419 0.9395 -0.2427
vn -0.0032 0.9616 -0.2743
vn -0.3746 0.8467 -0.3779
vn 0.5928 -0.2243 -0.7735
vn 0.3402 -0.8000 -0.4943
vn -0.1395 -0.6416 -0.7543
vn -0.0832 -0.2266 -0.9704
vn -0.1400 -0.9870 -0.0787
vn -0.5510 -0.7200 -0.4219
vn -0.7205 -0.1805 -0.6695
vn -0.0416 -0.9953 -0.0880
vn 0.0209 -0.9989 -0.0425
vn -0.0959 -0.9951 0.0252
vn 0.0748 -0.9929 0.0923
vn -0.2020 -0.9059 0.3721
vn 0.8669 -0.1446 0.4771
vn 0.9697 -0.0610 0.2367
vn 0.9381 -0.0133 0.3460
vn 0.8673 -0.0029 0.4977
vn 0.9921 0.0620 -0.1089
vn 0.9746 0.1840 0.1276
vn 0.8550 0.2497 0.4545
vn -0.0365 -0.9984 0.0429
vn -0.1290 -0.9761 0.1751
vn -0.3030 -0.9276 0.2186
vn -0.6904 -0.0280 0.7229
vn -0.7154 -0.0797 0.6942
vn -0.4489 0.1631 0.8786
vn -0.6751 -0.1149 0.7287
vn -0.5974 -0.5828 0.5509
vn -0.2192 -0.7569 0.6157
vn 0.6115 -0.6781 0.4076
vn 0.4168 0.6558 0.6294
vn -0.8072 -0.0308 0.5894
vn -0.6081 0.5005 0.6163
vn -0.1074 0.9364 0.3340
vn -0.4040 0.5818 0.7059
vn -0.5824 0.5779 0.5717
vn -0.7608 -0.0183 0.6487
vn -0.6407 0.0021 0.7678
vn -0.7566 0.5189 0.3978
vn -0.2342 -0.9450 0.2281
vn -0.2672 -0.9144 0.3040
vn -0.5412 -0.8068 0.2369
vn -0.1304 -0.9863 -0.1007
vn 0.3999 0.8010 -0.4455
vn 0.0015 0.8575 -0.5145
vn 0.4801 0.5140 -0.7108
vn 0.6288 0.3642 -0.6870
vn 0.4761 0.5772 -0.6635
vn 0.5740 0.4433 -0.6884
vn -0.2978 0.8130 -0.5003
vn 0.3808 0.7558 -0.5326
vn 0.8871 0.4181 -0.1955
vn 0.8557 0.2312 -0.4630
vn 0.8472 0.2685 -0.4584
vn -0.8597 -0.4881 -0.1503
vn -0.9536 -0.1347 0.2694
vn -0.7070 -0.1006 0.7000
vn -0.6277 -0.4384 0.6433
vn -0.2400 -0.8606 0.4492
vn 0.0037 -0.9935 0.1138
vn 0.0032 -0.9827 0.1851
vn 0.9444 0.2179 0.2461
vn 0.4962 0.8439 0.2041
vn 0.1692 0.9388 0.3000
vn 0.8881 0.4596 -0.0128
vn -0.1303 0.9909 -0.0340
vn -0.2868 0.9055 0.3128
vn 0.5334 0.8334 -0.1447
vn -0.3151 0.8435 0.4349
vn -0.6543 -0.1836 -0.7336
vn -0.3726 -0.2393 -0.8966
vn -0.4823 0.2037 -0.8520
vn -0.7028 0.0290 -0.7108
vn -0.3877 -0.2168 -0.8959
vn -0.3658 0.6718 -0.6441
vn -0.7734 0.0065 -0.6339
vn -0.5966 -0.0204 -0.8023
vn -0.6501 0.5246 -0.5497
vn -0.2640 0.9450 -0.1928
vn -0.7473 0.0774 0.6600
vn -0.8229 0.2125 0.5270
vn -0.7718 0.6260 0.1121
vn -0.6670 -0.0466 0.7436
vn -0.3906 0.8197 -0.4189
vn -0.2185 0.9716 -0.0904
vn -0.6556 0.6313 -0.4144
vn -0.5830 0.7424 -0.3301
vn -0.6476 0.7589 -0.0685
vn -0.7997 0.3590 -0.4813
vn -0.9065 0.4211 0.0298
vn -0.6580 0.3663 0.6580
vn -0.8661 -0.4968 -0.0550
vn -0.3211 -0.8270 -0.4614
vn -0.8065 -0.0080 -0.5912
vn -0.8138 0.5565 -0.1676
vn -0.7969 0.1051 -0.5949
vn -0.7970 0.0328 -0.6030
vn -0.7088 0.0893 -0.6998
vn -0.0255 -0.9882 -0.1510
vn 0.0206 -0.9955 -0.0930
vn 0.1989 -0.9730 0.1167
vn -0.3249 -0.9329 0.1552
vn -0.5035 -0.1234 0.8551
vn -0.6496 -0.0708 0.7570
vn -0.5555 -0.3102 0.7715
vn -0.4175 -0.3322 0.8458
vn -0.1274 -0.7963 0.5913
vn -0.3187 -0.8456 0.4281
vn -0.9882 0.0588 0.1414
vn -0.9672 -0.1236 0.2219
vn -0.7339 -0.6762 -0.0648
vn -0.8546 0.0756 -0.5138
vn -0.7307 -0.2729 -0.6258
vn 0.5749 0.3172 0.7543
vn 0.0864 0.8817 0.4639
vn -0.5607 0.6097 0.5602
vn 0.5492 0.1309 0.8254
vn 0.5276 0.3355 0.7804
vn 0.1034 0.2282 0.9681
vn -0.0237 0.0510 0.9984
vn 0.1709 0.6903 0.7030
vn -0.3780 0.3856 0.8417
vn -0.6394 0.1229 0.7590
vn -0.7120 0.2765 -0.6454
vn -0.6433 0.6209 0.4479
vn -0.1808 0.9626 -0.2016
vn 0.0412 0.9593 -0.2792
vn -0.6327 0.2349 0.7379
vn -0.4884 0.3940 0.7786
vn -0.5483 -0.0799 0.8325
vn -0.7346 -0.0275 0.6779
vn -0.9942 0.1014 0.0365
vn -0.8322 0.1518 -0.5333
vn -0.8374 0.1187 -0.5336
vn -0.7852 0.0605 -0.6163
vn -0.7416 0.0443 -0.6693
vn -0.8104 -0.0326 -0.5850
vn -0.7973 -0.0366 -0.6025
vn -0.7852 -0.0561 -0.6167
vn -0.7768 -0.0799 -0.6246
vn -0.7791 -0.0014 -0.6269
vn -0.6214 -0.1323 -0.7722
vn -0.5932 -0.1001 -0.7988
vn -0.5580 -0.1410 -0.8178
vn -0.6380 -0.1239 -0.7600
vn -0.7001 -0.0197 -0.7138
vn -0.6657 -0.0528 -0.7443
vn -0.7518 0.0182 -0.6591
vn -0.7407 -0.0297 -0.6711
vn -0.1126 0.0009 -0.9936
vn -0.1023 -0.0952 -0.9902
vn 0.5839 -0.0115 -0.8118
vn 0.5806 -0.0633 -0.8117
vn 0.8639 0.0015 -0.5036
vn 0.8493 -0.0228 -0.5273
vn 0.9994 0.0088 -0.0341
vn 0.9996 -0.0277 -0.0004
vn 0.8685 -0.1032 -0.4848
vn 0.8296 -0.0577 -0.5553
vn 0.8215 -0.1169 -0.5581
vn 0.8315 -0.1499 -0.5349
vn 0.8382 -0.1245 -0.5310
vn 0.8304 -0.1908 -0.5234
vn 0.8474 -0.1660 -0.5044
vn 0.8473 -0.1376 -0.5129
vn 0.8408 -0.0955 -0.5328
vn 0.7635 -0.0897 -0.6396
vn 0.7450 -0.0700 -0.6634
vn 0.7256 0.0047 -0.6881
vn 0.6916 -0.0288 -0.7217
vn 0.7029 0.0467 -0.7097
vn 0.9673 -0.0596 -0.2466
vn 0.9720 -0.0389 -0.2316
vn 0.9791 0.0969 -0.1790
vn 0.9720 0.0984 -0.2133
vn 0.8774 -0.1460 0.4571
vn 0.9609 0.0251 -0.2758
vn 0.9000 -0.0635 0.4312
vn 0.6764 -0.1434 0.7225
vn 0.6587 -0.1806 0.7304
vn 0.6728 -0.2053 0.7108
vn 0.6684 -0.2001 0.7163
vn 0.7254 -0.2469 0.6425
vn 0.7363 -0.1945 0.6481
vn 0.7429 -0.0954 0.6625
vn 0.6017 0.4281 0.6743
vn 0.6231 0.4894 0.6102
vn 0.5634 0.5662 0.6016
vn 0.6079 0.6030 0.5166
vn 0.1538 0.9631 0.2208
vn -0.3744 0.8836 -0.2811
vn -0.6784 0.4329 -0.5937
vn -0.8693 0.3991 -0.2916
vn -0.7247 0.3097 -0.6155
vn -0.7404 0.2781 -0.6119
vn -0.6358 0.6253 -0.4525
vn -0.6514 0.6831 -0.3302
vn -0.6729 0.6235 -0.3980
vn -0.1932 0.9159 0.3519
vn -0.3346 0.9008 0.2768
vn -0.8139 0.5352 -0.2261
vn -0.8894 0.4498 0.0813
vn -0.8451 0.5173 0.1350
vn -0.7628 0.5858 0.2737
vn -0.6836 0.6718 0.2854
vn -0.3861 0.9219 0.0324
vn 0.6020 0.4179 0.6805
vn 0.7606 0.2303 -0.6070
vn 0.8428 0.1549 -0.5154
vn 0.5836 0.7299 -0.3559
vn 0.4880 0.7842 -0.3833
vn -0.0955 0.9915 0.0878
vn 0.6172 0.6850 -0.3871
vn -0.0451 0.9969 0.0646
vn -0.7105 0.4902 0.5049
vn -0.7110 0.5221 0.4711
vn 0.0176 0.9985 0.0518
vn -0.6876 0.5054 0.5213
vn -0.6928 0.0631 0.7184
vn -0.3344 0.0406 0.9416
vn -0.6532 0.1022 0.7503
vn -0.2471 0.0700 0.9665
vn -0.6433 0.1627 0.7482
vn -0.1305 0.0746 0.9886
vn -0.6512 0.1567 0.7425
vn -0.8175 0.2660 0.5107
vn -0.8795 0.3651 0.3053
vn -0.7155 0.6327 -0.2963
vn -0.7714 0.5645 -0.2939
vn -0.3403 0.7332 -0.5887
vn -0.3535 0.7486 -0.5609
vn -0.3454 0.7996 -0.4913
vn -0.3761 0.8212 -0.4291
vn -0.3779 0.7184 -0.5840
vn -0.3649 0.7959 -0.4832
vn -0.0426 0.9502 -0.3088
vn -0.0239 0.9996 -0.0168
vn 0.4987 0.8590 0.1161
vn -0.1436 0.8455 -0.5143
vn 0.5389 0.7759 0.3278
vn 0.4739 0.7389 0.4790
vn 0.7237 0.3448 0.5978
vn 0.6778 0.3330 0.6555
vn 0.7710 0.2408 0.5895
vn 0.7529 0.3816 0.5362
vn 0.7346 0.2534 0.6295
vn 0.6822 0.2296 0.6942
vn 0.7652 0.0713 0.6399
vn 0.6897 0.0999 0.7171
vn 0.4402 0.0967 0.8927
vn 0.7110 -0.0353 0.7023
vn 0.3626 0.0258 0.9316
vn 0.7958 -0.0678 0.6017
vn 0.7827 -0.0928 0.6155
vn 0.7088 -0.0879 0.6999
vn 0.2739 -0.0612 0.9598
vn 0.6765 -0.1210 0.7264
vn 0.5451 0.6290 0.5542
vn 0.7942 -0.0551 0.6052
vn 0.4471 0.5710 0.6885
vn 0.4931 0.7441 0.4506
vn 0.8314 0.0069 0.5556
vn 0.8344 -0.0860 0.5444
vn 0.8729 0.0684 0.4832
vn 0.8744 -0.0988 0.4750
vn 0.8231 -0.1403 0.5503
vn 0.8134 0.0173 0.5814
vn 0.9788 -0.0325 0.2020
vn 0.9866 0.0750 -0.1449
vn 0.4908 0.7967 0.3528
vn -0.2319 0.9720 -0.0388
vn -0.2636 0.9645 -0.0142
vn -0.6444 0.6850 -0.3399
vn -0.6713 0.6632 -0.3309
vn -0.2029 0.9778 0.0518
vn -0.6389 0.6958 -0.3282
vn -0.8258 0.2169 -0.5206
vn -0.8020 0.2129 -0.5581
vn -0.1537 0.9806 0.1218
vn -0.5770 0.7288 -0.3687
vn -0.7106 0.2390 -0.6617
vn -0.6733 -0.0540 -0.7374
vn -0.5484 0.7315 -0.4052
vn -0.6109 0.2376 -0.7552
vn -0.5449 -0.0553 -0.8367
vn -0.4678 -0.0235 -0.8835
vn -0.5409 -0.0877 -0.8365
vn 0.0871 0.0448 -0.9952
vn 0.0171 -0.0535 -0.9984
vn -0.0571 -0.0318 -0.9979
vn 0.6640 -0.0308 -0.7471
vn 0.6165 -0.0309 -0.7868
vn 0.6890 0.0692 -0.7215
vn 0.8876 0.0694 -0.4553
vn -0.8047 0.2833 -0.5217
vn 0.8317 0.4801 0.2790
vn 0.4261 0.8877 -0.1745
vn -0.2995 0.8046 -0.5128
vn 0.6477 0.6466 -0.4031
vn 0.8368 0.0995 -0.5384
vn 0.8457 0.1249 -0.5188
vn 0.0647 0.9928 0.1007
vn 0.6038 0.6475 -0.4649
vn 0.7226 0.2605 -0.6404
vn 0.6586 0.5995 -0.4549
vn 0.3661 0.9276 -0.0747
vn -0.0548 0.9722 0.2277
vn -0.9191 0.3454 -0.1897
vn -0.9588 -0.1273 0.2538
vn 0.0127 0.8610 0.5085
vn 0.3886 0.8024 0.4530
vn 0.0946 0.9436 0.3172
vn -0.1453 0.8842 0.4440
vn 0.6997 -0.4111 0.5843
vn 0.7129 -0.3880 0.5842
vn 0.6141 0.2216 0.7575
vn 0.1583 0.8593 0.4864
vn 0.6767 0.1436 0.7222
vn 0.2632 0.8187 0.5103
vn -0.0599 0.9689 0.2399
vn -0.0379 0.9673 0.2509
vn 0.3582 0.7610 0.5409
vn -0.0186 0.9686 0.2478
vn 0.7064 -0.0934 0.7017
vn 0.7138 0.0289 0.6998
vn 0.4124 0.6748 0.6120
vn -0.0164 0.9642 0.2648
vn 0.4788 0.5511 0.6834
vn 0.0101 0.9478 0.3187
vn 0.6980 -0.2038 0.6865
vn 0.5926 0.2904 0.7513
vn 0.1047 0.9033 0.4160
vn 0.2355 0.7856 0.5721
vn -0.3201 0.9130 0.2529
vn 0.1262 0.5620 0.8175
vn -0.4255 0.6502 0.6294
vn 0.6313 -0.5355 0.5610
vn 0.6622 -0.4993 0.5588
vn 0.3499 -0.9160 0.1962
vn 0.4185 -0.8872 0.1942
vn 0.4603 -0.8613 0.2153
vn 0.6873 -0.4598 0.5624
vn 0.4892 -0.8407 0.2322
vn 0.6978 -0.4283 0.5741
vn 0.5262 -0.8182 0.2315
vn 0.1244 -0.9761 -0.1782
vn 0.1640 -0.9686 -0.1869
vn 0.0294 -0.9605 -0.2766
vn 0.0355 -0.9536 -0.2989
vn -0.0932 -0.8746 -0.4758
vn -0.0934 -0.7908 -0.6049
vn 0.0332 -0.9658 -0.2573
vn 0.1066 -0.9776 -0.1816
vn 0.0281 -0.9712 -0.2364
vn 0.0884 -0.9805 -0.1756
vn -0.0975 -0.9538 -0.2841
vn 0.0018 -0.9840 -0.1781
vn 0.0404 -0.9910 -0.1279
vn -0.1442 -0.9889 0.0371
vn -0.1450 -0.9886 0.0404
vn -0.6261 -0.6614 0.4130
vn 0.1166 -0.9784 0.1705
vn -0.0619 -0.9828 0.1739
vn 0.0091 -0.9935 0.1134
vn -0.3075 -0.8620 0.4029
vn -0.0968 -0.9632 0.2507
vn -0.0166 -0.9325 0.3608
vn 0.0079 -0.9710 0.2391
vn -0.0666 -0.9824 0.1743
vn -0.0213 -0.9689 0.2464
vn -0.9595 -0.0203 0.2809
vn -0.5045 -0.8618 0.0527
vn -0.1548 -0.9736 -0.1676
vn -0.1184 -0.9929 0.0139
vn -0.1404 -0.9651 -0.2213
vn -0.0835 -0.9940 -0.0712
vn -0.1947 -0.9645 -0.1786
vn -0.2355 -0.8376 -0.4929
vn -0.3248 -0.7705 -0.5485
vn -0.4901 -0.7267 -0.4813
vn -0.2251 -0.9692 -0.1001
vn -0.6250 -0.1048 -0.7736
vn -0.3440 -0.8329 -0.4335
vn -0.5743 0.8017 -0.1654
vn -0.8120 0.1373 -0.5672
vn -0.7677 -0.5901 -0.2496
vn -0.9923 0.1158 0.0435
vn -0.4939 0.8630 0.1062
vn -0.0534 -0.9984 0.0176
vn 0.8131 -0.4614 0.3550
vn 0.4780 0.7748 0.4136
vn -0.6910 0.0543 0.7208
vn -0.5276 0.6268 0.5734
vn -0.7123 0.0980 0.6950
vn -0.4782 0.6940 0.5382
vn -0.1195 -0.0535 0.9914
vn -0.7008 -0.0537 0.7113
vn 0.3358 -0.9280 -0.1615
vn -0.2246 -0.9509 0.2128
vn -0.1147 -0.9242 0.3643
vn 0.2326 -0.7279 0.6450
vn -0.5031 0.8626 0.0529
vn -0.3831 -0.8448 -0.3735
vn -0.1198 -0.9642 -0.2367
vn -0.2195 -0.8199 -0.5288
vn -0.0268 -0.9445 -0.3273
vn -0.2074 -0.9783 -0.0018
vn -0.3712 -0.7887 0.4901
vn -0.3346 0.1061 0.9364
vn -0.0062 0.7698 0.6383
vn -0.0627 0.8201 0.5688
vn 0.0944 0.9342 0.3440
vn 0.0435 0.9505 0.3076
vn -0.1110 0.9634 0.2442
vn 0.0788 0.9805 0.1800
vn 0.1825 0.9745 -0.1305
vn 0.8653 -0.4991 -0.0463
vn 0.7247 -0.5400 -0.4279
f 1/1/1 2/2/2 3/3/3 4/4/4
f 5/5/5 6/6/6 3/3/3 2/2/2
f 7/7/7 8/8/8 9/9/9 10/10/10
f 11/11/11 12/12/12 9/9/9 8/8/8
f 13/13/13 10/10/10 9/9/9 12/12/12
f 14/14/14 15/15/15 16/16/16 17/17/17
f 18/18/18 17/17/17 16/16/16 19/19/19
f 20/20/20 19/19/19 16/16/16 21/21/21
f 22/22/22 23/23/23 24/24/24 25/25/25
f 26/26/26 25/25/25 24/24/24 27/27/27
f 28/28/28 27/27/27 24/24/24 23/23/23
f 29/29/29 30/30/30 27/27/27 28/28/28
f 31/31/31 32/32/32 27/27/27 30/30/30
f 33/33/33 34/34/34 27/35/27 32/36/32
f 35/37/35 26/38/26 27/35/27 34/34/34
f 36/39/36 37/40/37 38/41/38 39/42/39
f 40/43/40 39/44/39 38/45/38 41/46/41
f 42/47/42 41/48/41 38/41/38 37/40/37
f 43/49/43 41/48/41 42/47/42 44/50/44
f 45/51/45 44/50/44 42/47/42 37/40/37
f 46/52/46 43/49/43 44/50/44 45/51/45
f 47/53/47 48/54/48 36/55/36 39/44/39
f 45/51/45 37/40/37 36/39/36 49/56/49
f 50/57/50 51/58/51 36/39/36 48/59/48
f 52/60/52 49/56/49 36/39/36 51/58/51
f 53/61/53 43/62/43 46/63/46 54/64/54
f 49/56/49 55/65/55 46/52/46 45/51/45
f 56/66/56 57/67/57 46/63/46 55/68/55
f 58/69/58 54/64/54 46/63/46 57/67/57
f 51/58/51 59/70/59 60/71/60 52/60/52
f 61/72/61 62/73/62 60/71/60 59/70/59
f 63/74/63 52/60/52 60/71/60 62/73/62
f 61/72/61 64/75/64 65/76/65 62/73/62
f 66/77/66 67/78/67 65/76/65 64/75/64
f 63/74/63 62/73/62 65/76/65 67/78/67
f 68/79/68 69/80/69 70/81/70 71/82/71
f 72/83/72 73/84/73 70/81/70 69/80/69
f 74/85/74 71/82/71 70/81/70 73/84/73
f 75/86/75 76/87/76 74/85/74 73/84/73
f 77/88/77 78/89/78 74/85/74 76/87/76
f 79/90/79 71/82/71 74/85/74 80/91/80
f 81/92/81 80/91/80 74/85/74 78/89/78
f 64/75/64 30/30/30 29/29/29 66/77/66
f 82/93/82 66/77/66 29/29/29 83/94/83
f 84/95/84 85/96/85 29/29/29 28/28/28
f 86/97/86 83/94/83 29/29/29 85/96/85
f 87/98/87 88/99/88 89/100/89 90/101/90
f 91/102/91 90/101/90 89/100/89 92/103/92
f 93/104/93 92/103/92 89/100/89 88/99/88
f 94/105/94 95/106/95 96/107/96 97/108/97
f 98/109/98 97/108/97 96/107/96 99/110/99
f 100/111/100 99/110/99 96/107/96 95/106/95
f 94/112/94 101/113/101 102/114/102 103/115/103
f 104/116/104 105/117/105 102/114/102 101/113/101
f 106/118/106 103/115/103 102/114/102 105/117/105
f 107/119/107 108/120/108 109/121/109 110/122/110
f 111/123/111 112/124/112 109/125/109 108/126/108
f 113/127/113 110/122/110 109/121/109 112/128/112
f 114/129/114 115/130/115 116/131/116 117/132/117
f 118/133/118 119/134/119 116/131/116 115/130/115
f 120/135/120 117/132/117 116/131/116 119/134/119
f 110/122/110 113/127/113 121/136/121 122/137/122
f 123/138/123 122/137/122 121/136/121 124/139/124
f 125/140/125 124/139/124 121/136/121 113/127/113
f 106/118/106 126/141/126 127/142/127 128/143/128
f 129/144/129 130/145/130 127/142/127 126/141/126
f 131/146/131 128/147/128 127/148/127 130/149/130
f 132/150/132 133/151/133 134/152/134 135/153/135
f 136/154/136 137/155/137 134/156/134 133/157/133
f 138/158/138 135/159/135 134/156/134 139/160/139
f 140/161/140 141/162/141 134/156/134 137/155/137
f 142/163/142 143/164/143 144/165/144 145/166/145
f 146/167/146 145/166/145 144/165/144 147/168/147
f 148/169/148 149/170/149 150/171/150 151/172/151
f 152/173/152 151/172/151 150/171/150 153/174/153
f 154/175/154 153/174/153 150/171/150 149/170/149
f 155/176/155 156/177/156 157/178/157 158/179/158
f 159/180/159 160/181/160 157/178/157 156/177/156
f 161/182/161 158/179/158 157/178/157 160/181/160
f 162/183/162 163/184/163 164/185/164 159/180/159
f 165/186/165 166/187/166 164/188/164 163/189/163
f 167/190/167 168/191/168 164/188/164 166/187/166
f 160/192/160 159/193/159 164/188/164 169/194/169
f 170/195/170 169/194/169 164/188/164 168/191/168
f 171/196/171 172/197/172 151/198/151 152/199/152
f 173/200/173 174/201/174 151/198/151 172/197/172
f 175/202/175 148/169/148 151/172/151 174/203/174
f 140/161/140 176/204/176 177/205/177 178/206/178
f 179/207/179 178/206/178 177/205/177 180/208/180
f 181/209/181 180/208/180 177/205/177 176/204/176
f 139/210/139 182/211/182 137/155/137 136/154/136
f 176/204/176 140/161/140 137/155/137 183/212/183
f 184/213/184 183/212/183 137/155/137 182/211/182
f 185/214/185 138/215/138 139/216/139 186/217/186
f 187/218/187 186/219/186 139/210/139 136/154/136
f 188/220/188 182/221/182 139/160/139 134/156/134
f 154/222/154 188/220/188 134/156/134 141/162/141
f 189/223/189 190/224/190 93/104/93 88/99/88
f 191/225/191 92/103/92 93/104/93 190/224/190
f 192/226/192 175/202/175 174/203/174 193/227/193
f 194/228/194 195/229/195 174/201/174 173/200/173
f 196/230/196 193/231/193 174/201/174 195/229/195
f 197/232/197 198/233/198 199/234/199 200/235/200
f 201/236/201 202/237/202 199/238/199 203/239/203
f 204/240/204 205/241/205 199/238/199 198/242/198
f 206/243/206 203/239/203 199/238/199 205/241/205
f 207/244/207 184/245/184 182/246/182 208/247/208
f 209/248/209 208/247/208 182/246/182 188/249/188
f 80/91/80 81/92/81 210/250/210 211/251/211
f 87/98/87 211/252/211 210/253/210 212/254/212
f 213/255/213 212/256/212 210/257/210 214/258/214
f 215/259/215 214/258/214 210/257/210 216/260/216
f 217/261/217 216/262/216 210/250/210 81/92/81
f 218/263/218 197/232/197 200/235/200 219/264/219
f 220/265/220 221/266/221 222/267/222 223/268/223
f 224/269/224 223/268/223 222/267/222 225/270/225
f 226/271/226 225/270/225 222/267/222 221/266/221
f 227/272/227 228/273/228 183/212/183 184/213/184
f 181/209/181 176/204/176 183/212/183 228/273/228
f 229/274/229 180/208/180 181/209/181 230/275/230
f 231/276/231 230/275/230 181/209/181 232/277/232
f 233/278/233 232/277/232 181/209/181 228/273/228
f 234/279/234 235/280/235 236/281/236 237/282/237
f 238/283/238 237/282/237 236/281/236 239/284/239
f 240/285/240 239/284/239 236/281/236 241/286/241
f 242/287/242 243/288/243 244/289/244 245/290/245
f 246/291/246 247/292/247 244/289/244 243/288/243
f 248/293/248 245/290/245 244/289/244 247/292/247
f 35/37/35 249/294/249 250/295/250 251/296/251
f 252/297/252 251/296/251 250/295/250 253/298/253
f 254/299/254 253/298/253 250/295/250 255/300/255
f 256/301/256 257/302/257 258/303/258 259/304/259
f 260/305/260 259/304/259 258/303/258 261/306/261
f 262/307/262 261/306/261 258/303/258 257/302/257
f 263/308/263 241/286/241 236/281/236 235/280/235
f 264/309/264 265/310/265 266/311/266 33/33/33
f 267/312/267 268/313/268 266/311/266 265/310/265
f 269/314/269 270/315/270 266/311/266 268/313/268
f 34/34/34 33/33/33 266/311/266 271/316/271
f 272/317/272 271/316/271 266/311/266 270/315/270
f 273/318/273 274/319/274 275/320/275 276/321/276
f 277/322/277 276/321/276 275/320/275 278/323/278
f 279/324/279 278/323/278 275/320/275 274/319/274
f 280/325/280 281/326/281 282/327/282 283/328/283
f 238/283/238 283/328/283 282/327/282 237/282/237
f 284/329/284 237/282/237 282/327/282 285/330/285
f 286/331/286 287/332/287 282/327/282 281/326/281
f 288/333/288 260/305/260 279/324/279 274/319/274
f 261/306/261 289/334/289 279/324/279 260/305/260
f 290/335/290 291/336/291 241/286/241 292/337/292
f 293/338/293 286/331/286 281/326/281 280/325/280
f 294/339/294 277/322/277 278/323/278 295/340/295
f 296/341/296 297/342/297 278/323/278 279/324/279
f 298/343/298 295/340/295 278/323/278 297/342/297
f 299/344/299 240/285/240 241/286/241 291/336/291
f 247/292/247 246/291/246 300/345/300 301/346/301
f 147/168/147 301/346/301 300/345/300 302/347/302
f 303/348/303 304/349/304 300/345/300 305/350/305
f 306/351/306 302/347/302 300/345/300 304/349/304
f 307/352/307 305/350/305 300/345/300 246/291/246
f 308/353/308 309/354/309 263/308/263 235/280/235
f 292/337/292 241/286/241 263/308/263 309/354/309
f 310/355/310 311/356/311 242/287/242 219/264/219
f 218/263/218 219/264/219 242/287/242 245/290/245
f 312/357/312 313/358/313 242/287/242 311/356/311
f 314/359/314 243/288/243 242/287/242 313/358/313
f 315/360/315 316/361/316 317/362/317 318/363/318
f 319/364/319 318/363/318 317/362/317 320/365/320
f 321/366/321 320/365/320 317/362/317 316/361/316
f 322/367/322 323/368/323 324/369/324 325/370/325
f 326/371/326 327/372/327 324/369/324 323/368/323
f 328/373/328 325/370/325 324/369/324 329/374/329
f 256/301/256 329/374/329 324/369/324 330/375/330
f 331/376/331 330/375/330 324/369/324 327/372/327
f 332/377/332 333/378/333 334/379/334 335/380/335
f 336/381/336 335/380/335 334/379/334 337/382/337
f 338/383/338 337/382/337 334/379/334 333/378/333
f 321/366/321 339/384/339 290/335/290 292/337/292
f 340/385/340 291/336/291 290/335/290 341/386/341
f 313/358/313 21/21/21 342/387/342 314/359/314
f 307/352/307 314/359/314 342/387/342 15/15/15
f 16/16/16 15/15/15 342/387/342 21/21/21
f 343/388/343 344/389/344 327/372/327 326/371/326
f 345/390/345 331/376/331 327/372/327 346/391/346
f 347/392/347 346/391/346 327/372/327 344/389/344
f 272/393/272 348/394/348 349/395/349 350/396/350
f 351/397/351 352/398/352 349/395/349 348/394/348
f 298/399/298 353/400/353 349/401/349 352/402/352
f 354/403/354 355/404/355 356/405/356 357/406/357
f 358/407/358 359/408/359 356/409/356 355/410/355
f 360/411/360 357/406/357 356/405/356 359/412/359
f 361/413/361 362/414/362 363/415/363 364/416/364
f 365/417/365 366/418/366 363/415/363 362/414/362
f 367/419/367 364/416/364 363/415/363 366/418/366
f 368/420/368 369/421/369 370/422/370 371/423/371
f 372/424/372 371/423/371 370/422/370 373/425/373
f 374/426/374 373/425/373 370/422/370 369/421/369
f 375/427/375 376/428/376 377/429/377 378/430/378
f 379/431/379 380/432/380 377/429/377 376/428/376
f 381/433/381 382/434/382 377/429/377 380/432/380
f 383/435/383 384/436/384 385/437/385 386/438/386
f 361/413/361 386/438/386 385/437/385 362/414/362
f 365/417/365 362/414/362 385/437/385 387/439/387
f 388/440/388 389/441/389 385/437/385 384/436/384
f 390/442/390 387/439/387 385/437/385 389/441/389
f 391/443/391 392/444/392 393/445/393 358/407/358
f 394/446/394 395/447/395 393/445/393 392/444/392
f 359/408/359 358/407/358 393/445/393 395/447/395
f 396/448/396 397/449/397 18/18/18 19/19/19
f 398/450/398 17/17/17 18/18/18 397/449/397
f 20/20/20 381/433/381 396/448/396 19/19/19
f 305/350/305 14/14/14 399/451/399 303/348/303
f 17/17/17 398/450/398 399/451/399 14/14/14
f 400/452/400 303/348/303 399/451/399 401/453/401
f 402/454/402 403/455/403 399/451/399 398/450/398
f 353/400/353 394/446/394 392/444/392 404/456/404
f 405/457/405 404/456/404 392/444/392 406/458/406
f 407/459/407 400/452/400 401/453/401 408/460/408
f 409/461/409 379/431/379 376/428/376 375/427/375
f 410/462/410 411/463/411 412/464/412 413/465/413
f 414/466/414 415/467/415 412/464/412 411/463/411
f 416/468/416 413/465/413 412/464/412 415/467/415
f 379/431/379 397/449/397 396/448/396 380/432/380
f 417/469/417 418/470/418 371/471/371 372/472/372
f 419/473/419 368/420/368 371/423/371 420/474/420
f 388/440/388 420/475/420 371/471/371 418/470/418
f 397/449/397 379/431/379 402/454/402 398/450/398
f 409/461/409 408/460/408 402/454/402 379/431/379
f 421/476/421 417/477/417 372/424/372 373/425/373
f 422/478/422 423/479/423 424/480/424 425/481/425
f 426/482/426 427/483/427 424/480/424 423/479/423
f 428/484/428 425/481/425 424/480/424 427/483/427
f 389/441/389 388/440/388 418/470/418 429/485/429
f 430/486/430 429/485/429 418/470/418 431/487/431
f 432/488/432 433/489/433 434/490/434 435/491/435
f 436/492/436 435/491/435 434/490/434 437/493/437
f 438/494/438 437/495/437 434/496/434 439/497/439
f 440/498/440 441/499/441 434/490/434 433/489/433
f 442/500/442 439/501/439 434/490/434 441/499/441
f 443/502/443 444/503/444 445/504/445 446/505/446
f 433/489/433 446/505/446 445/504/445 440/498/440
f 447/506/447 440/498/440 445/504/445 444/503/444
f 391/443/391 436/507/436 437/508/437 448/509/448
f 449/510/449 448/511/448 437/495/437 450/512/450
f 451/513/451 450/512/450 437/495/437 438/494/438
f 452/514/452 453/515/453 454/516/454 455/517/455
f 456/518/456 455/517/455 454/516/454 457/519/457
f 458/520/458 459/521/459 454/516/454 453/515/453
f 460/522/460 461/523/461 454/516/454 459/521/459
f 462/524/462 457/519/457 454/516/454 461/523/461
f 463/525/463 464/526/464 450/512/450 451/513/451
f 465/527/465 466/528/466 450/512/450 464/526/464
f 467/529/467 449/510/449 450/512/450 466/528/466
f 468/530/468 430/486/430 431/487/431 469/531/469
f 470/532/470 471/533/471 472/534/472 473/535/473
f 474/536/474 475/537/475 472/534/472 471/533/471
f 476/538/476 473/539/473 472/540/472 477/541/477
f 478/542/478 479/543/479 480/544/480 481/545/481
f 482/546/482 483/547/483 480/544/480 479/543/479
f 484/548/484 485/549/485 480/544/480 486/550/486
f 487/551/487 486/550/486 480/544/480 483/547/483
f 440/498/440 488/552/488 489/553/489 441/499/441
f 442/500/442 441/499/441 489/553/489 490/554/490
f 465/527/465 464/526/464 489/555/489 491/556/491
f 463/557/463 490/554/490 489/553/489 464/558/464
f 492/559/492 493/560/493 487/551/487 483/547/483
f 494/561/494 486/550/486 487/551/487 493/560/493
f 474/536/474 495/562/495 496/563/496 475/537/475
f 497/564/497 498/565/498 496/563/496 495/562/495
f 499/566/499 475/567/475 496/568/496 498/569/498
f 500/570/500 501/571/501 502/572/502 503/573/503
f 494/561/494 503/573/503 502/572/502 504/574/504
f 505/575/505 504/574/504 502/572/502 506/576/506
f 501/571/501 500/570/500 507/577/507 508/578/508
f 508/578/508 507/577/507 468/530/468 509/579/509
f 510/580/510 468/530/468 507/577/507 500/570/500
f 511/581/511 512/582/512 513/583/513 514/584/514
f 515/585/515 514/584/514 513/583/513 516/586/516
f 517/587/517 518/588/518 513/583/513 512/582/512
f 519/589/519 516/586/516 513/583/513 518/588/518
f 518/590/518 520/591/520 521/592/521 519/593/519
f 501/571/501 519/593/519 521/592/521 502/572/502
f 506/576/506 502/572/502 521/592/521 520/591/520
f 522/594/522 53/61/53 54/64/54 58/69/58
f 86/97/86 85/96/85 214/258/214 215/259/215
f 84/95/84 523/595/523 214/258/214 85/96/85
f 524/596/524 213/255/213 214/258/214 523/595/523
f 525/597/525 526/598/526 527/599/527 528/600/528
f 529/601/529 530/602/530 527/599/527 526/598/526
f 531/603/531 528/600/528 527/599/527 530/602/530
f 532/604/532 343/388/343 326/371/326 323/368/323
f 533/605/533 488/552/488 440/498/440 447/506/447
f 534/606/534 535/607/535 533/605/533 447/506/447
f 476/538/476 477/541/477 533/605/533 535/607/535
f 536/608/536 488/552/488 533/605/533 477/541/477
f 489/553/489 488/552/488 536/608/536 491/609/491
f 472/610/472 537/611/537 536/612/536 477/613/477
f 538/614/538 491/556/491 536/612/536 537/611/537
f 465/527/465 491/556/491 538/614/538 511/581/511
f 499/566/499 539/615/539 538/614/538 537/611/537
f 512/582/512 511/581/511 538/614/538 539/615/539
f 498/569/498 540/616/540 539/615/539 499/566/499
f 517/587/517 512/582/512 539/615/539 540/616/540
f 497/564/497 541/617/541 540/618/540 498/565/498
f 542/619/542 517/620/517 540/618/540 541/617/541
f 518/590/518 517/620/517 542/619/542 520/591/520
f 543/621/543 544/622/544 542/619/542 541/617/541
f 506/576/506 520/591/520 542/619/542 544/622/544
f 545/623/545 546/624/546 544/622/544 543/621/543
f 505/575/505 506/576/506 544/622/544 546/624/546
f 547/625/547 548/626/548 546/624/546 545/623/545
f 549/627/549 505/575/505 546/624/546 548/626/548
f 504/574/504 505/575/505 549/627/549 484/548/484
f 550/628/550 551/629/551 549/627/549 548/626/548
f 485/549/485 484/548/484 549/627/549 551/629/551
f 552/630/552 553/631/553 551/629/551 550/628/550
f 554/632/554 485/549/485 551/629/551 553/631/553
f 480/544/480 485/549/485 554/632/554 481/545/481
f 555/633/555 556/634/556 554/632/554 553/631/553
f 557/635/557 481/545/481 554/632/554 556/634/556
f 478/542/478 481/545/481 557/635/557 416/468/416
f 558/636/558 559/637/559 557/635/557 556/634/556
f 413/465/413 416/468/416 557/635/557 559/637/559
f 560/638/560 561/639/561 559/637/559 558/636/558
f 410/462/410 413/465/413 559/637/559 561/639/561
f 562/640/562 563/641/563 561/639/561 560/638/560
f 367/419/367 410/462/410 561/639/561 563/641/563
f 287/332/287 564/642/564 563/641/563 562/640/562
f 364/416/364 367/419/367 563/641/563 564/642/564
f 286/331/286 565/643/565 564/642/564 287/332/287
f 361/413/361 364/416/364 564/642/564 565/643/565
f 293/338/293 566/644/566 565/643/565 286/331/286
f 386/438/386 361/413/361 565/643/565 566/644/566
f 567/645/567 568/646/568 566/644/566 293/338/293
f 383/435/383 386/438/386 566/644/566 568/646/568
f 231/276/231 232/277/232 568/646/568 567/645/567
f 233/278/233 383/435/383 568/646/568 232/277/232
f 280/325/280 569/647/569 567/645/567 293/338/293
f 570/648/570 231/276/231 567/645/567 569/647/569
f 571/649/571 572/650/572 570/648/570 569/647/569
f 573/651/573 574/652/574 570/648/570 572/650/572
f 230/275/230 231/276/231 570/648/570 574/652/574
f 575/653/575 576/654/576 574/652/574 573/651/573
f 229/274/229 230/275/230 574/652/574 576/654/576
f 577/655/577 578/656/578 576/654/576 575/653/575
f 579/657/579 229/274/229 576/654/576 578/656/578
f 180/208/180 229/274/229 579/657/579 179/207/179
f 580/658/580 581/659/581 579/657/579 578/656/578
f 582/660/582 179/207/179 579/657/579 581/659/581
f 178/206/178 179/207/179 582/660/582 583/661/583
f 171/196/171 152/199/152 582/662/582 581/663/581
f 153/174/153 583/664/583 582/665/582 152/173/152
f 140/161/140 178/206/178 583/661/583 141/162/141
f 154/222/154 141/162/141 583/661/583 153/666/153
f 584/667/584 171/196/171 581/663/581 580/668/580
f 585/669/585 586/670/586 584/667/584 580/668/580
f 587/671/587 588/672/588 584/667/584 586/670/586
f 172/197/172 171/196/171 584/667/584 588/672/588
f 589/673/589 590/674/590 588/672/588 587/671/587
f 173/200/173 172/197/172 588/672/588 590/674/590
f 194/228/194 173/200/173 590/674/590 591/675/591
f 592/676/592 591/675/591 590/674/590 589/673/589
f 273/318/273 591/675/591 592/676/592 593/677/593
f 594/678/594 595/679/595 592/676/592 589/673/589
f 596/680/596 593/677/593 592/676/592 595/679/595
f 288/333/288 593/677/593 596/680/596 597/681/597
f 598/682/598 328/373/328 596/680/596 595/679/595
f 329/374/329 597/681/597 596/680/596 328/373/328
f 594/678/594 170/195/170 598/682/598 595/679/595
f 168/191/168 599/683/599 598/682/598 170/195/170
f 325/370/325 328/373/328 598/682/598 599/683/599
f 167/190/167 600/684/600 599/683/599 168/191/168
f 322/367/322 325/370/325 599/683/599 600/684/600
f 601/685/601 602/686/602 600/684/600 167/190/167
f 603/687/603 322/367/322 600/684/600 602/686/602
f 323/368/323 322/367/322 603/687/603 532/604/532
f 604/688/604 605/689/605 603/687/603 602/686/602
f 606/690/606 532/604/532 603/687/603 605/689/605
f 343/388/343 532/604/532 606/690/606 336/381/336
f 607/691/607 608/692/608 606/690/606 605/689/605
f 335/380/335 336/381/336 606/690/606 608/692/608
f 302/347/302 306/351/306 608/692/608 607/691/607
f 332/377/332 335/380/335 608/692/608 306/351/306
f 604/688/604 146/167/146 607/691/607 605/689/605
f 147/168/147 302/347/302 607/691/607 146/167/146
f 601/685/601 609/693/609 604/688/604 602/686/602
f 145/166/145 146/167/146 604/688/604 609/693/609
f 610/694/610 611/695/611 609/693/609 601/685/601
f 142/163/142 145/166/145 609/693/609 611/695/611
f 612/696/612 613/697/613 611/695/611 610/694/610
f 614/698/614 142/163/142 611/695/611 613/697/613
f 197/232/197 218/263/218 614/698/614 613/697/613
f 245/290/245 248/293/248 614/698/614 218/263/218
f 143/164/143 142/163/142 614/698/614 248/293/248
f 198/233/198 197/232/197 613/697/613 612/696/612
f 204/699/204 198/233/198 612/696/612 165/186/165
f 166/187/166 165/186/165 612/696/612 610/694/610
f 167/190/167 166/187/166 610/694/610 601/685/601
f 260/305/260 288/333/288 597/681/597 259/304/259
f 256/301/256 259/304/259 597/681/597 329/374/329
f 587/671/587 615/700/615 594/678/594 589/673/589
f 169/194/169 170/195/170 594/678/594 615/700/615
f 586/670/586 161/701/161 615/700/615 587/671/587
f 160/192/160 169/194/169 615/700/615 161/701/161
f 274/319/274 273/318/273 593/677/593 288/333/288
f 276/321/276 194/228/194 591/675/591 273/318/273
f 158/702/158 161/701/161 586/670/586 585/669/585
f 578/656/578 577/655/577 585/703/585 580/658/580
f 155/176/155 158/179/158 585/703/585 577/655/577
f 616/704/616 155/176/155 577/655/577 575/653/575
f 573/651/573 617/705/617 616/704/616 575/653/575
f 618/706/618 619/707/619 616/704/616 617/705/617
f 156/177/156 155/176/155 616/704/616 619/707/619
f 620/708/620 162/183/162 619/707/619 618/706/618
f 159/180/159 156/177/156 619/707/619 162/183/162
f 621/709/621 622/710/622 620/708/620 618/706/618
f 623/711/623 624/712/624 620/708/620 622/710/622
f 163/184/163 162/183/162 620/708/620 624/712/624
f 205/241/205 204/240/204 624/712/624 623/711/623
f 165/713/165 163/184/163 624/712/624 204/240/204
f 625/714/625 626/715/626 623/711/623 622/710/622
f 206/243/206 205/241/205 623/711/623 626/715/626
f 240/285/240 299/344/299 626/715/626 625/714/625
f 627/716/627 206/243/206 626/715/626 299/344/299
f 291/336/291 340/385/340 627/716/627 299/344/299
f 628/717/628 629/718/629 627/716/627 340/385/340
f 203/239/203 206/243/206 627/716/627 629/718/629
f 630/719/630 631/720/631 629/718/629 628/717/628
f 201/236/201 203/239/203 629/718/629 631/720/631
f 632/721/632 633/722/633 631/720/631 630/719/630
f 634/723/634 201/236/201 631/720/631 633/722/633
f 531/603/531 226/271/226 634/723/634 633/722/633
f 221/266/221 635/724/635 634/723/634 226/271/226
f 202/237/202 201/236/201 634/723/634 635/724/635
f 220/265/220 636/725/636 635/724/635 221/266/221
f 637/726/637 202/237/202 635/724/635 636/725/636
f 638/727/638 639/728/639 636/729/636 220/730/220
f 310/355/310 637/731/637 636/729/636 639/728/639
f 640/732/640 641/733/641 639/728/639 638/727/638
f 311/356/311 310/355/310 639/728/639 641/733/641
f 377/429/377 382/434/382 641/733/641 640/732/640
f 312/357/312 311/356/311 641/733/641 382/434/382
f 378/430/378 377/429/377 640/732/640 642/734/642
f 643/735/643 642/734/642 640/732/640 638/727/638
f 644/736/644 642/734/642 643/735/643 645/737/645
f 220/730/220 223/738/223 643/735/643 638/727/638
f 224/739/224 645/737/645 643/735/643 223/738/223
f 646/740/646 647/741/647 644/736/644 648/742/648
f 378/430/378 642/734/642 644/736/644 647/741/647
f 649/743/649 648/744/648 644/745/644 645/746/645
f 650/747/650 648/744/648 649/743/649 651/748/651
f 224/269/224 529/601/529 649/743/649 645/746/645
f 526/598/526 651/748/651 649/743/649 529/601/529
f 652/749/652 653/750/653 650/747/650 654/751/654
f 646/752/646 648/744/648 650/747/650 653/750/653
f 655/753/655 654/751/654 650/747/650 651/748/651
f 656/754/656 654/751/654 655/753/655 657/755/657
f 526/598/526 525/597/525 655/753/655 651/748/651
f 658/756/658 657/755/657 655/753/655 525/597/525
f 659/757/659 657/755/657 658/756/658 660/758/660
f 528/600/528 632/721/632 658/756/658 525/597/525
f 630/719/630 660/758/660 658/756/658 632/721/632
f 661/759/661 662/760/662 659/757/659 663/761/663
f 656/754/656 657/755/657 659/757/659 662/760/662
f 664/762/664 663/761/663 659/757/659 660/758/660
f 665/763/665 663/761/663 664/762/664 341/386/341
f 630/719/630 628/717/628 664/762/664 660/758/660
f 340/385/340 341/386/341 664/762/664 628/717/628
f 666/764/666 667/765/667 665/763/665 668/766/668
f 661/759/661 663/761/663 665/763/665 667/765/667
f 290/335/290 668/766/668 665/763/665 341/386/341
f 669/767/669 670/768/670 667/765/667 666/764/666
f 671/769/671 661/759/661 667/765/667 670/768/670
f 672/770/672 673/771/673 671/769/671 670/768/670
f 422/478/422 674/772/674 671/769/671 673/771/673
f 662/760/662 661/759/661 671/769/671 674/772/674
f 425/481/425 675/773/675 674/772/674 422/478/422
f 656/754/656 662/760/662 674/772/674 675/773/675
f 428/484/428 652/749/652 675/773/675 425/481/425
f 654/751/654 656/754/656 675/773/675 652/749/652
f 470/532/470 676/774/676 673/771/673 672/770/672
f 423/479/423 422/478/422 673/771/673 676/774/676
f 473/539/473 677/775/677 676/776/676 470/777/470
f 426/778/426 423/779/423 676/776/676 677/775/677
f 476/538/476 462/524/462 677/775/677 473/539/473
f 461/523/461 426/778/426 677/775/677 462/524/462
f 471/533/471 470/532/470 672/770/672 678/780/678
f 669/767/669 678/780/678 672/770/672 670/768/670
f 474/536/474 471/533/471 678/780/678 679/781/679
f 680/782/680 679/781/679 678/780/678 669/767/669
f 681/783/681 679/781/679 680/782/680 682/784/682
f 666/764/666 683/785/683 680/782/680 669/767/669
f 684/786/684 682/784/682 680/782/680 683/785/683
f 685/787/685 682/784/682 684/786/684 686/788/686
f 687/789/687 688/790/688 684/786/684 683/785/683
f 689/791/689 686/788/686 684/786/684 688/790/688
f 547/625/547 686/788/686 689/791/689 690/792/690
f 691/793/691 692/794/692 689/791/689 688/790/688
f 693/795/693 690/792/690 689/791/689 692/794/692
f 550/628/550 690/792/690 693/795/693 552/630/552
f 315/360/315 694/796/694 693/795/693 692/794/692
f 695/797/695 552/630/552 693/795/693 694/796/694
f 553/631/553 552/630/552 695/797/695 555/633/555
f 696/798/696 697/799/697 695/797/695 694/796/694
f 698/800/698 555/633/555 695/797/695 697/799/697
f 556/634/556 555/633/555 698/800/698 558/636/558
f 699/801/699 700/802/700 698/800/698 697/799/697
f 560/638/560 558/636/558 698/800/698 700/802/700
f 284/329/284 285/330/285 700/802/700 699/801/699
f 562/640/562 560/638/560 700/802/700 285/330/285
f 696/798/696 701/803/701 699/801/699 697/799/697
f 702/804/702 284/329/284 699/801/699 701/803/701
f 319/364/319 308/353/308 702/804/702 701/803/701
f 235/280/235 234/279/234 702/804/702 308/353/308
f 237/282/237 284/329/284 702/804/702 234/279/234
f 318/363/318 319/364/319 701/803/701 696/798/696
f 315/360/315 318/363/318 696/798/696 694/796/694
f 316/361/316 315/360/315 692/794/692 691/793/691
f 687/789/687 339/384/339 691/793/691 688/790/688
f 321/366/321 316/361/316 691/793/691 339/384/339
f 548/626/548 547/625/547 690/792/690 550/628/550
f 666/764/666 668/766/668 687/789/687 683/785/683
f 290/335/290 339/384/339 687/789/687 668/766/668
f 543/621/543 703/805/703 685/787/685 545/623/545
f 681/783/681 682/784/682 685/787/685 703/805/703
f 547/625/547 545/623/545 685/787/685 686/788/686
f 541/617/541 497/564/497 703/805/703 543/621/543
f 495/562/495 681/783/681 703/805/703 497/564/497
f 474/536/474 679/781/679 681/783/681 495/562/495
f 428/484/428 704/806/704 653/750/653 652/749/652
f 705/807/705 646/752/646 653/750/653 704/806/704
f 460/522/460 459/521/459 705/808/705 704/809/704
f 458/520/458 706/810/706 705/808/705 459/521/459
f 647/741/647 646/740/646 705/808/705 706/810/706
f 409/461/409 375/427/375 706/810/706 458/520/458
f 378/430/378 647/741/647 706/810/706 375/427/375
f 427/811/427 460/522/460 704/809/704 428/812/428
f 528/600/528 531/603/531 633/722/633 632/721/632
f 239/284/239 240/285/240 625/714/625 707/813/707
f 621/709/621 707/813/707 625/714/625 622/710/622
f 238/283/238 239/284/239 707/813/707 708/814/708
f 709/815/709 708/814/708 707/813/707 621/709/621
f 571/649/571 708/814/708 709/815/709 572/650/572
f 618/706/618 617/705/617 709/815/709 621/709/621
f 573/651/573 572/650/572 709/815/709 617/705/617
f 283/328/283 238/283/238 708/814/708 571/649/571
f 280/325/280 283/328/283 571/649/571 569/647/569
f 282/327/282 287/332/287 562/640/562 285/330/285
f 475/567/475 499/566/499 537/611/537 472/610/472
f 456/518/456 457/519/457 535/607/535 534/606/534
f 462/524/462 476/538/476 535/607/535 457/519/457
f 444/503/444 710/816/710 534/606/534 447/506/447
f 711/817/711 456/518/456 534/606/534 710/816/710
f 345/390/345 346/391/346 711/817/711 710/816/710
f 347/392/347 712/818/712 711/817/711 346/391/346
f 455/517/455 456/518/456 711/817/711 712/818/712
f 338/383/338 713/819/713 712/818/712 347/392/347
f 452/514/452 455/517/455 712/818/712 713/819/713
f 333/378/333 714/820/714 713/819/713 338/383/338
f 407/459/407 452/514/452 713/819/713 714/820/714
f 332/377/332 715/821/715 714/820/714 333/378/333
f 400/452/400 407/459/407 714/820/714 715/821/715
f 306/351/306 304/349/304 715/821/715 332/377/332
f 303/348/303 400/452/400 715/821/715 304/349/304
f 443/502/443 345/390/345 710/816/710 444/503/444
f 225/270/225 226/271/226 531/603/531 530/602/530
f 224/269/224 225/270/225 530/602/530 529/601/529
f 716/822/716 213/255/213 524/596/524 717/823/717
f 718/824/718 351/397/351 524/596/524 523/595/523
f 348/394/348 717/823/717 524/596/524 351/397/351
f 84/95/84 719/825/719 718/824/718 523/595/523
f 720/826/720 721/827/721 718/824/718 719/825/719
f 352/398/352 351/397/351 718/824/718 721/827/721
f 294/339/294 295/340/295 721/827/721 720/826/720
f 298/343/298 352/398/352 721/827/721 295/340/295
f 23/23/23 22/22/22 720/826/720 719/825/719
f 196/230/196 294/339/294 720/826/720 22/22/22
f 28/28/28 23/23/23 719/825/719 84/95/84
f 190/224/190 189/223/189 716/828/716 269/314/269
f 212/256/212 213/255/213 716/822/716 189/829/189
f 270/830/270 269/831/269 716/822/716 717/823/717
f 272/393/272 270/830/270 717/823/717 348/394/348
f 722/832/722 723/833/723 522/594/522 724/834/724
f 40/43/40 53/61/53 522/594/522 723/833/723
f 725/835/725 724/834/724 522/594/522 58/69/58
f 726/836/726 724/834/724 725/835/725 727/837/727
f 57/67/57 728/838/728 725/835/725 58/69/58
f 729/839/729 727/837/727 725/835/725 728/838/728
f 730/840/730 727/837/727 729/839/729 731/841/731
f 82/842/82 83/843/83 729/839/729 728/838/728
f 86/844/86 731/841/731 729/839/729 83/843/83
f 732/845/732 733/846/733 730/840/730 734/847/734
f 726/836/726 727/837/727 730/840/730 733/846/733
f 735/848/735 734/847/734 730/840/730 731/841/731
f 736/849/736 734/847/734 735/848/735 737/850/737
f 86/97/86 215/259/215 735/851/735 731/852/731
f 216/260/216 737/853/737 735/851/735 215/259/215
f 72/83/72 738/854/738 736/849/736 739/855/739
f 732/845/732 734/847/734 736/849/736 738/854/738
f 740/856/740 739/855/739 736/849/736 737/850/737
f 75/86/75 739/855/739 740/856/740 741/857/741
f 216/262/216 217/261/217 740/856/740 737/850/737
f 742/858/742 741/857/741 740/856/740 217/261/217
f 743/859/743 741/857/741 742/858/742 744/860/744
f 81/92/81 78/89/78 742/858/742 217/261/217
f 77/88/77 744/860/744 742/858/742 78/89/78
f 75/86/75 741/857/741 743/859/743 76/87/76
f 69/80/69 745/861/745 738/854/738 72/83/72
f 746/862/746 732/845/732 738/854/738 745/861/745
f 747/863/747 748/864/748 746/862/746 745/861/745
f 749/865/749 750/866/750 746/862/746 748/864/748
f 733/846/733 732/845/732 746/862/746 750/866/750
f 751/867/751 752/868/752 750/866/750 749/865/749
f 726/836/726 733/846/733 750/866/750 752/868/752
f 753/869/753 722/832/722 752/868/752 751/867/751
f 724/834/724 726/836/726 752/868/752 722/832/722
f 754/870/754 755/871/755 753/869/753 751/867/751
f 48/54/48 47/53/47 753/869/753 755/871/755
f 723/833/723 722/832/722 753/869/753 47/53/47
f 756/872/756 757/873/757 755/871/755 754/870/754
f 50/874/50 48/54/48 755/871/755 757/873/757
f 264/875/264 758/876/758 757/873/757 756/872/756
f 759/877/759 50/874/50 757/873/757 758/876/758
f 32/32/32 31/31/31 759/878/759 758/879/758
f 61/72/61 59/70/59 759/878/759 31/31/31
f 51/58/51 50/57/50 759/878/759 59/70/59
f 33/880/33 32/881/32 758/876/758 264/875/264
f 265/310/265 264/309/264 756/882/756 760/883/760
f 761/884/761 760/883/760 756/882/756 754/885/754
f 762/886/762 760/883/760 761/884/761 763/887/763
f 751/867/751 749/865/749 761/888/761 754/870/754
f 748/864/748 763/889/763 761/888/761 749/865/749
f 764/890/764 267/312/267 762/886/762 765/891/765
f 265/310/265 760/883/760 762/886/762 267/312/267
f 766/892/766 765/893/765 762/894/762 763/889/763
f 767/895/767 765/893/765 766/892/766 768/896/768
f 748/864/748 747/863/747 766/892/766 763/889/763
f 68/79/68 768/896/768 766/892/766 747/863/747
f 90/101/90 91/102/91 767/897/767 769/898/769
f 764/890/764 765/891/765 767/897/767 91/102/91
f 79/899/79 769/898/769 767/897/767 768/900/768
f 87/98/87 90/101/90 769/898/769 211/252/211
f 80/901/80 211/252/211 769/898/769 79/899/79
f 71/82/71 79/90/79 768/896/768 68/79/68
f 92/103/92 191/225/191 764/890/764 91/102/91
f 268/313/268 267/312/267 764/890/764 191/225/191
f 69/80/69 68/79/68 747/863/747 745/861/745
f 73/84/73 72/83/72 739/855/739 75/86/75
f 56/66/56 82/842/82 728/838/728 57/67/57
f 39/44/39 40/43/40 723/833/723 47/53/47
f 508/902/508 516/586/516 519/589/519 501/903/501
f 508/902/508 509/904/509 515/585/515 516/586/516
f 770/905/770 467/529/467 515/585/515 509/904/509
f 466/528/466 514/584/514 515/585/515 467/529/467
f 468/906/468 469/907/469 770/908/770 509/909/509
f 771/910/771 772/911/772 770/908/770 469/907/469
f 449/510/449 467/529/467 770/905/770 772/912/772
f 405/457/405 406/458/406 772/911/772 771/910/771
f 448/509/448 449/913/449 772/911/772 406/458/406
f 431/914/431 773/915/773 771/910/771 469/907/469
f 774/916/774 405/457/405 771/910/771 773/915/773
f 775/917/775 776/918/776 774/916/774 773/915/773
f 777/919/777 778/920/778 774/916/774 776/918/776
f 404/456/404 405/457/405 774/916/774 778/920/778
f 350/921/350 349/401/349 778/920/778 777/919/777
f 353/400/353 404/456/404 778/920/778 349/401/349
f 255/300/255 250/295/250 777/919/777 776/918/776
f 249/294/249 350/921/350 777/919/777 250/295/250
f 374/426/374 255/300/255 776/918/776 775/917/775
f 431/914/431 421/476/421 775/917/775 773/915/773
f 373/425/373 374/426/374 775/917/775 421/476/421
f 466/528/466 465/527/465 511/581/511 514/584/514
f 779/922/779 780/923/780 510/580/510 500/570/500
f 781/924/781 782/925/782 510/580/510 780/923/780
f 430/486/430 468/530/468 510/580/510 782/925/782
f 783/926/783 784/927/784 782/925/782 781/924/781
f 429/485/429 430/486/430 782/925/782 784/927/784
f 785/928/785 390/442/390 784/927/784 783/926/783
f 389/441/389 429/485/429 784/927/784 390/442/390
f 786/929/786 787/930/787 785/928/785 783/926/783
f 788/931/788 789/932/789 785/928/785 787/930/787
f 387/439/387 390/442/390 785/928/785 789/932/789
f 415/467/415 414/466/414 789/932/789 788/931/788
f 365/417/365 387/439/387 789/932/789 414/466/414
f 479/543/479 478/542/478 788/931/788 787/930/787
f 416/468/416 415/467/415 788/931/788 478/542/478
f 482/546/482 479/543/479 787/930/787 786/929/786
f 790/933/790 482/546/482 786/929/786 791/934/791
f 781/924/781 791/934/791 786/929/786 783/926/783
f 792/935/792 492/559/492 790/933/790 793/936/793
f 483/547/483 482/546/482 790/933/790 492/559/492
f 794/937/794 793/936/793 790/933/790 791/934/791
f 780/923/780 794/937/794 791/934/791 781/924/781
f 795/938/795 794/937/794 780/923/780 779/922/779
f 792/935/792 795/938/795 779/922/779 796/939/796
f 503/573/503 796/939/796 779/922/779 500/570/500
f 494/561/494 493/560/493 796/939/796 503/573/503
f 492/559/492 792/935/792 796/939/796 493/560/493
f 486/550/486 494/561/494 504/574/504 484/548/484
f 11/11/11 442/500/442 490/554/490 12/12/12
f 13/13/13 12/12/12 490/554/490 463/557/463
f 797/940/797 13/941/13 463/525/463 451/513/451
f 10/942/10 13/941/13 797/940/797 1/1/1
f 438/494/438 798/943/798 797/940/797 451/513/451
f 2/2/2 1/1/1 797/940/797 798/943/798
f 439/497/439 799/944/799 798/943/798 438/494/438
f 5/5/5 2/2/2 798/943/798 799/944/799
f 442/500/442 11/11/11 799/945/799 439/501/439
f 8/8/8 5/946/5 799/945/799 11/11/11
f 427/811/427 426/778/426 461/523/461 460/522/460
f 408/460/408 409/461/409 458/520/458 453/515/453
f 407/459/407 408/460/408 453/515/453 452/514/452
f 392/444/392 391/443/391 448/509/448 406/458/406
f 800/947/800 801/948/801 443/502/443 446/505/446
f 331/376/331 345/390/345 443/502/443 801/948/801
f 802/949/802 803/950/803 801/948/801 800/947/800
f 330/375/330 331/376/331 801/948/801 803/950/803
f 262/307/262 257/302/257 803/950/803 802/949/802
f 256/301/256 330/375/330 803/950/803 257/302/257
f 804/951/804 262/307/262 802/949/802 805/952/805
f 432/488/432 805/952/805 802/949/802 800/947/800
f 360/411/360 289/334/289 804/951/804 357/406/357
f 261/306/261 262/307/262 804/951/804 289/334/289
f 354/403/354 357/406/357 804/951/804 805/952/805
f 435/491/435 354/403/354 805/952/805 432/488/432
f 433/489/433 432/488/432 800/947/800 446/505/446
f 358/407/358 355/410/355 436/507/436 391/443/391
f 354/403/354 435/491/435 436/492/436 355/404/355
f 806/953/806 227/272/227 419/954/419 420/475/420
f 184/245/184 207/244/207 419/473/419 227/955/227
f 807/956/807 368/420/368 419/473/419 207/244/207
f 369/421/369 368/420/368 807/956/807 254/299/254
f 208/247/208 808/957/808 807/956/807 207/244/207
f 253/298/253 254/299/254 807/956/807 808/957/808
f 209/248/209 809/958/809 808/957/808 208/247/208
f 252/297/252 253/298/253 808/957/808 809/958/809
f 149/170/149 148/169/148 809/958/809 209/248/209
f 175/202/175 252/297/252 809/958/809 148/169/148
f 388/440/388 384/436/384 806/953/806 420/475/420
f 383/435/383 233/278/233 806/953/806 384/436/384
f 228/273/228 227/272/227 806/953/806 233/278/233
f 431/487/431 418/470/418 417/469/417 421/959/421
f 366/418/366 365/417/365 414/466/414 411/463/411
f 367/419/367 366/418/366 411/463/411 410/462/410
f 297/342/297 296/341/296 395/960/395 394/961/394
f 360/411/360 359/412/359 395/960/395 296/341/296
f 298/399/298 297/962/297 394/446/394 353/400/353
f 20/20/20 312/357/312 382/434/382 381/433/381
f 254/299/254 255/300/255 374/426/374 369/421/369
f 279/324/279 289/334/289 360/411/360 296/341/296
f 271/316/271 272/317/272 350/921/350 249/294/249
f 337/382/337 338/383/338 347/392/347 344/389/344
f 336/381/336 337/382/337 344/389/344 343/388/343
f 309/354/309 320/365/320 321/366/321 292/337/292
f 309/354/309 308/353/308 319/364/319 320/365/320
f 246/291/246 243/288/243 314/359/314 307/352/307
f 20/20/20 21/21/21 313/358/313 312/357/312
f 14/14/14 305/350/305 307/352/307 15/15/15
f 144/165/144 143/164/143 301/346/301 147/168/147
f 248/293/248 247/292/247 301/346/301 143/164/143
f 195/229/195 277/322/277 294/339/294 196/230/196
f 194/228/194 276/321/276 277/322/277 195/229/195
f 35/37/35 34/34/34 271/316/271 249/294/249
f 191/225/191 190/224/190 269/314/269 268/313/268
f 192/226/192 251/296/251 252/297/252 175/202/175
f 26/38/26 35/37/35 251/296/251 192/226/192
f 88/99/88 87/98/87 212/254/212 189/223/189
f 154/175/154 149/170/149 209/248/209 188/249/188
f 219/264/219 200/235/200 637/731/637 310/355/310
f 199/238/199 202/237/202 637/726/637 200/963/200
f 25/25/25 193/231/193 196/230/196 22/22/22
f 25/25/25 26/26/26 192/964/192 193/231/193
f 133/151/133 810/965/810 187/966/187 136/967/136
f 130/145/130 129/144/129 187/968/187 810/969/810
f 811/970/811 186/217/186 187/968/187 129/144/129
f 185/214/185 186/217/186 811/970/811 812/971/812
f 126/141/126 813/972/813 811/970/811 129/144/129
f 814/973/814 812/971/812 811/970/811 813/972/813
f 120/135/120 812/971/812 814/973/814 117/132/117
f 105/117/105 104/116/104 814/973/814 813/972/813
f 114/129/114 117/132/117 814/973/814 104/116/104
f 106/118/106 105/117/105 813/972/813 126/141/126
f 815/974/815 185/214/185 812/971/812 120/135/120
f 124/139/124 816/975/816 815/974/815 123/138/123
f 138/215/138 185/214/185 815/974/815 816/975/816
f 119/134/119 123/138/123 815/974/815 120/135/120
f 125/140/125 817/976/817 816/975/816 124/139/124
f 135/977/135 138/215/138 816/975/816 817/976/817
f 818/978/818 819/979/819 817/980/817 125/981/125
f 132/150/132 135/153/135 817/980/817 819/979/819
f 820/982/820 821/983/821 819/979/819 818/978/818
f 822/984/822 132/150/132 819/979/819 821/983/821
f 133/151/133 132/150/132 822/984/822 810/965/810
f 823/985/823 131/146/131 822/984/822 821/983/821
f 130/149/130 810/965/810 822/984/822 131/146/131
f 820/982/820 100/111/100 823/985/823 821/983/821
f 95/106/95 824/986/824 823/985/823 100/111/100
f 128/147/128 131/146/131 823/985/823 824/986/824
f 94/105/94 103/987/103 824/986/824 95/106/95
f 106/988/106 128/147/128 824/986/824 103/987/103
f 112/124/112 111/123/111 820/982/820 818/978/818
f 99/110/99 100/111/100 820/982/820 111/123/111
f 113/989/113 112/124/112 818/978/818 125/981/125
f 118/133/118 122/137/122 123/138/123 119/134/119
f 107/119/107 110/122/110 122/137/122 118/133/118
f 825/990/825 107/119/107 118/133/118 115/130/115
f 114/129/114 826/991/826 825/990/825 115/130/115
f 97/992/97 98/993/98 825/990/825 826/991/826
f 108/120/108 107/119/107 825/990/825 98/993/98
f 104/116/104 101/113/101 826/991/826 114/129/114
f 94/112/94 97/992/97 826/991/826 101/113/101
f 98/109/98 99/110/99 111/123/111 108/126/108
f 67/78/67 66/77/66 82/93/82 56/994/56
f 55/65/55 63/74/63 67/78/67 56/994/56
f 31/31/31 30/30/30 64/75/64 61/72/61
f 49/56/49 52/60/52 63/74/63 55/65/55
f 41/46/41 43/62/43 53/61/53 40/43/40
f 6/995/6 5/946/5 8/8/8 7/7/7
f 4/4/4 7/996/7 10/942/10 1/1/1
f 7/7/7 4/997/4 3/998/3 6/995/6
f 795/938/795 792/935/792 793/936/793 794/937/794
f 744/860/744 77/88/77 76/87/76 743/859/743
f 408/460/408 401/453/401 403/455/403 402/454/402
f 396/448/396 381/433/381 380/432/380
f 403/455/403 401/453/401 399/451/399
