# Blender 4.3.2
# www.blender.org
o model
v -0.008802 1.884193 0.013301
v -0.008802 1.884193 0.013301
v 0.000637 1.887066 0.008485
v 0.000637 1.887066 0.008485
v 0.000637 1.890939 0.005392
v 0.000637 1.890939 0.005392
v -0.007400 1.885086 0.005724
v -0.007400 1.885086 0.005724
v -0.007400 1.885086 0.005724
v 0.000637 1.887485 0.005424
v 0.000637 1.887485 0.005424
v 0.000637 1.887485 0.005424
v 0.000637 1.887485 0.005424
v -0.009933 1.877090 0.004057
v -0.009933 1.877090 0.004057
v -0.007273 1.875697 0.014857
v -0.007273 1.875697 0.014857
v -0.014687 1.610840 0.023073
v -0.025912 1.600428 0.027247
v 0.000637 1.586430 0.030579
v 0.000637 1.588495 0.025670
v -0.038807 1.586523 0.035404
v 0.000637 1.573750 0.041448
v -0.015362 0.703238 -0.152329
v -0.045196 0.704889 -0.173611
v 0.000598 0.752983 -0.140623
v 0.000637 0.729093 -0.133376
v -0.026024 0.774671 -0.162326
v 0.000637 0.778980 -0.144140
v -0.022321 0.847907 -0.161762
v 0.000637 0.850687 -0.148777
v -0.006345 0.696736 -0.132028
v -0.006345 0.696736 -0.132028
v -0.006197 0.699378 -0.134044
v 0.000637 0.722222 -0.123594
v 0.000637 0.723081 -0.126172
v 0.000637 0.723081 -0.126172
v 0.000637 0.723961 -0.128142
v -0.029955 1.017322 0.088119
v -0.029955 1.017322 0.088119
v -0.020081 0.988533 0.062135
v 0.000637 1.000887 0.069231
v 0.000637 1.000887 0.069231
v 0.000637 1.027469 0.099257
v 0.000637 1.027469 0.099257
v -0.012695 0.975784 0.039327
v -0.006386 0.988674 0.036826
v -0.264735 1.231162 -0.145117
v -0.245833 1.269115 -0.140730
v -0.254518 1.272569 -0.135533
v -0.272935 1.234743 -0.137921
v -0.262870 1.232361 -0.131442
v -0.247017 1.270928 -0.132147
v -0.408156 0.345385 -0.202869
v -0.387122 0.339353 -0.188593
v -0.387122 0.339353 -0.188593
v -0.387122 0.339353 -0.188593
v -0.414898 0.318047 -0.186970
v -0.414898 0.318047 -0.186970
v -0.429231 0.315919 -0.195533
v -0.429231 0.315919 -0.195533
v -0.426447 0.329707 -0.172873
v -0.417678 0.325029 -0.170572
v -0.424011 0.353414 -0.178382
v -0.428601 0.353544 -0.199801
v -0.428601 0.353544 -0.199801
v -0.399026 0.173640 -0.163848
v -0.399026 0.173640 -0.163848
v -0.399026 0.173640 -0.163848
v -0.401367 0.164951 -0.163092
v -0.401367 0.164951 -0.163092
v -0.402890 0.160485 -0.164184
v -0.400916 0.172878 -0.168470
v -0.400916 0.172878 -0.168470
v -0.403712 0.174116 -0.165652
v -0.403712 0.174116 -0.165652
v -0.403636 0.164993 -0.163523
v -0.403636 0.164993 -0.163523
v -0.401449 0.174909 -0.161312
v -0.402532 0.165404 -0.161113
v -0.402532 0.165404 -0.161113
v -0.382834 0.391185 -0.202959
v -0.357446 0.384488 -0.186998
v -0.327464 0.373299 -0.175197
v -0.359645 0.327445 -0.178340
v -0.359645 0.327445 -0.178340
v -0.378925 0.285191 -0.180341
v -0.378925 0.285191 -0.180341
v -0.401836 0.291101 -0.177460
v -0.381945 0.286635 -0.160331
v -0.381945 0.286635 -0.160331
v -0.363078 0.329897 -0.157934
v -0.363078 0.329897 -0.157934
v -0.363078 0.329897 -0.157934
v -0.409709 0.348182 -0.172609
v -0.333018 0.375062 -0.154532
v -0.333018 0.375062 -0.154532
v -0.362600 0.386150 -0.163978
v -0.388876 0.392504 -0.172165
v -0.253757 0.491815 -0.170175
v -0.221905 0.489721 -0.157973
v -0.264255 0.425305 -0.160668
v -0.264255 0.425305 -0.160668
v -0.294355 0.425273 -0.172859
v -0.306523 0.362979 -0.157899
v -0.301450 0.425784 -0.152626
v -0.301450 0.425784 -0.152626
v -0.267756 0.473843 -0.150286
v -0.236080 0.461959 -0.136311
v -0.236080 0.461959 -0.136311
v -0.189565 0.492391 -0.144256
v -0.215320 0.436514 -0.139831
v -0.195957 0.446201 -0.115933
v -0.195957 0.446201 -0.115933
v -0.182942 0.486007 -0.119605
v -0.182942 0.486007 -0.119605
v -0.085078 0.621789 0.058265
v -0.108434 0.674792 0.080131
v -0.118465 0.640650 0.083552
v -0.115725 0.603460 0.068337
v -0.137673 0.682895 0.096110
v -0.138964 0.636175 0.094085
v -0.093969 0.684870 0.055702
v -0.079776 0.667906 0.031106
v -0.068100 0.652518 -0.007590
v -0.092357 0.580773 -0.007024
v -0.091699 0.561690 0.008401
v -0.095199 0.605045 0.039662
v -0.109989 0.563879 0.044745
v -0.103692 0.702855 0.064991
v -0.112241 0.709186 0.084708
v -0.131449 0.716023 0.093907
v -0.098322 0.722346 0.062499
v -0.116821 0.724580 0.070772
v -0.133833 0.728688 0.077981
v -0.080119 0.709615 0.044110
v -0.165494 0.725610 0.096626
v -0.153581 0.718972 0.099577
v -0.169738 0.689841 0.101097
v -0.156588 0.686827 0.103108
v -0.099124 0.504888 0.032328
v -0.085720 0.511814 0.022479
v -0.082944 0.501914 -0.008187
v -0.086015 0.767016 0.070117
v -0.121815 0.742905 0.072861
v -0.155646 0.728310 0.076568
v -0.175467 0.722854 0.084605
v -0.050561 0.836464 0.048720
v -0.066206 0.839458 0.065261
v -0.063273 0.758789 0.048858
v -0.084602 0.842419 0.080847
v -0.097733 0.786398 0.079492
v -0.123350 0.765737 0.075082
v -0.147741 0.495078 0.060078
v -0.153542 0.447319 0.054710
v -0.128834 0.458597 0.044501
v -0.122162 0.499143 0.046754
v -0.103524 0.441472 0.008663
v -0.102989 0.466553 0.028856
v -0.131169 0.428632 0.033219
v -0.157925 0.417520 0.038514
v -0.084723 0.507036 -0.033456
v -0.177437 0.722706 0.058947
v -0.186324 0.717372 0.066264
v -0.180894 0.689508 0.088729
v -0.191101 0.691195 0.072760
v -0.190353 0.699890 0.054672
v -0.101486 0.515147 -0.073868
v -0.085528 0.591795 -0.056382
v -0.265853 0.003168 0.195610
v -0.270105 0.001934 0.181550
v -0.256757 0.001095 0.175970
v -0.249179 0.001790 0.186584
v -0.271217 0.000312 0.152748
v -0.252416 0.000117 0.154385
v -0.235667 0.000000 0.160561
v -0.231317 0.007215 0.206146
v -0.231317 0.007215 0.206146
v -0.257801 0.008491 0.213546
v -0.257801 0.008491 0.213546
v -0.257308 0.003901 0.202275
v -0.241607 0.002504 0.194286
v -0.275014 0.004468 0.205181
v -0.270749 0.040228 0.206772
v -0.251379 0.041419 0.216741
v -0.250546 0.054953 0.211682
v -0.265149 0.053947 0.202695
v -0.229659 0.045197 0.204865
v -0.238861 0.058466 0.198131
v -0.254568 0.061853 0.189390
v -0.265748 0.060177 0.180175
v -0.275464 0.051920 0.185464
v -0.283740 0.052170 0.158165
v -0.267144 0.062929 0.159623
v -0.246576 0.068282 0.165470
v -0.228645 0.004284 -0.047090
v -0.214675 0.003907 -0.066358
v -0.205672 0.004107 -0.054344
v -0.212146 0.004346 -0.038935
v -0.193593 0.004626 -0.036082
v -0.190621 0.004206 -0.058159
v -0.192427 0.003991 -0.077730
v -0.228659 0.022800 0.001618
v -0.228659 0.022800 0.001618
v -0.245010 0.021108 -0.009996
v -0.245010 0.021108 -0.009996
v -0.243575 0.005236 -0.026497
v -0.221839 0.005714 -0.018115
v -0.236626 0.010529 -0.051770
v -0.245642 0.011922 -0.032068
v -0.251065 0.028609 -0.016176
v -0.251065 0.028609 -0.016176
v -0.251065 0.028609 -0.016176
v -0.236800 0.029347 -0.050827
v -0.195971 0.013240 -0.089525
v -0.170068 0.014830 -0.084432
v -0.164595 0.003987 -0.080294
v -0.170078 0.005146 -0.061944
v -0.157240 0.013387 -0.066941
v -0.166698 0.099647 0.028308
v -0.177639 0.129162 0.058539
v -0.192268 0.092619 0.079487
v -0.180161 0.067792 0.072227
v -0.184316 0.043067 0.135920
v -0.199947 0.062152 0.140550
v -0.202325 0.148082 0.065638
v -0.210744 0.104132 0.087152
v -0.217479 0.073485 0.141860
v -0.179036 0.045682 0.065005
v -0.163865 0.054230 0.018216
v -0.156551 0.054329 -0.018093
v -0.156551 0.054329 -0.018093
v -0.151392 0.100960 -0.013216
v -0.151392 0.100960 -0.013216
v -0.148002 0.156253 -0.008137
v -0.148002 0.156253 -0.008137
v -0.150500 0.157996 0.020401
v -0.160798 0.170633 0.046379
v -0.257818 0.079238 0.058467
v -0.250183 0.123823 0.019821
v -0.249928 0.099828 -0.003036
v -0.249928 0.099828 -0.003036
v -0.266403 0.062213 0.045338
v -0.265878 0.040329 0.037352
v -0.249621 0.052391 -0.013729
v -0.249621 0.052391 -0.013729
v -0.233084 0.052139 -0.050374
v -0.231097 0.102295 -0.046365
v -0.240906 0.165854 -0.005434
v -0.237660 0.159530 -0.026553
v -0.237660 0.159530 -0.026553
v -0.230968 0.180131 0.038919
v -0.224445 0.150435 0.055731
v -0.208151 0.172606 0.049521
v -0.220020 0.186840 0.051845
v -0.189267 0.179105 0.059346
v -0.206222 0.192756 0.060592
v -0.182067 0.211659 0.038558
v -0.182067 0.211659 0.038558
v -0.197039 0.213027 0.037882
v -0.197039 0.213027 0.037882
v -0.209827 0.213082 0.031220
v -0.209827 0.213082 0.031220
v -0.195873 0.106838 -0.079840
v -0.193602 0.160876 -0.082346
v -0.169668 0.160515 -0.081000
v -0.175182 0.107140 -0.077261
v -0.160294 0.106064 -0.063223
v -0.155947 0.155763 -0.058521
v -0.188051 0.194864 -0.069864
v -0.188051 0.194864 -0.069864
v -0.172665 0.194071 -0.065492
v -0.172665 0.194071 -0.065492
v -0.160155 0.192095 -0.051794
v -0.160155 0.192095 -0.051794
v -0.085980 0.419192 -0.036201
v -0.121963 0.358547 -0.009871
v -0.111847 0.357307 -0.044566
v -0.115239 0.358894 -0.074816
v -0.089993 0.427593 -0.067814
v -0.188704 0.365869 -0.104577
v -0.207899 0.365858 -0.091233
v -0.195957 0.446201 -0.115933
v -0.176172 0.437393 -0.120214
v -0.160344 0.525795 -0.104052
v -0.185829 0.540028 -0.098382
v -0.198694 0.526622 -0.130697
v -0.198694 0.526622 -0.130697
v -0.097791 0.618757 -0.187924
v -0.123664 0.563216 -0.180586
v -0.161485 0.563858 -0.144384
v -0.161485 0.563858 -0.144384
v -0.137499 0.620168 -0.170716
v -0.161403 0.624007 -0.157002
v -0.188363 0.560018 -0.156965
v -0.166781 0.595565 -0.128362
v -0.131449 0.588519 -0.151561
v -0.131449 0.588519 -0.151561
v -0.087190 0.556893 -0.186748
v -0.087190 0.556893 -0.186748
v -0.093807 0.523097 -0.184765
v -0.093807 0.523097 -0.184765
v -0.109972 0.528607 -0.182899
v -0.109972 0.528607 -0.182899
v -0.050379 0.618779 -0.178552
v -0.023936 0.612534 -0.157141
v -0.023936 0.612534 -0.157141
v -0.061878 0.563537 -0.183221
v -0.061878 0.563537 -0.183221
v -0.092071 0.542435 -0.167349
v -0.093936 0.515171 -0.168357
v -0.070194 0.559167 -0.166371
v -0.080871 1.777527 -0.042298
v -0.080871 1.777527 -0.042298
v -0.078376 1.770209 -0.025970
v -0.082650 1.780397 -0.016690
v -0.083269 1.794863 -0.025190
v -0.083269 1.794863 -0.025190
v -0.021139 1.875990 0.019949
v -0.021139 1.875990 0.019949
v -0.013753 1.871122 0.026460
v -0.013753 1.871122 0.026460
v -0.013753 1.871122 0.026460
v 0.000637 1.875358 -0.001628
v 0.000637 1.871406 0.014652
v -0.039528 1.832090 0.071833
v -0.024705 1.858736 0.046722
v -0.039017 1.860322 0.034881
v -0.039017 1.860322 0.034881
v -0.047343 1.826039 0.062378
v -0.023764 1.873637 -0.003569
v -0.048769 1.861226 0.009819
v -0.071163 1.834679 0.028357
v -0.071163 1.834679 0.028357
v -0.061580 1.845083 0.043983
v -0.061580 1.845083 0.043983
v -0.011477 1.870957 -0.024788
v -0.011477 1.870957 -0.024788
v 0.000637 1.870953 -0.030552
v -0.007677 1.806982 0.096755
v -0.022714 1.803781 0.093279
v -0.014380 1.789602 0.086755
v -0.007295 1.790457 0.085206
v -0.007884 1.774307 0.075223
v -0.021127 1.779452 0.078768
v -0.046915 1.794533 0.073634
v -0.035535 1.770305 0.062900
v -0.033079 1.799717 0.082043
v -0.065092 1.818190 0.056460
v -0.071714 1.806213 0.038998
v -0.078719 1.799050 0.025292
v -0.076296 1.815329 0.022326
v -0.060465 1.853532 -0.004972
v -0.037096 1.863573 -0.032018
v -0.048978 1.844916 -0.037782
v -0.067302 1.836201 -0.016805
v -0.026617 1.851599 -0.059151
v -0.026617 1.851599 -0.059151
v -0.054013 1.833824 -0.057629
v -0.074283 1.812253 -0.039793
v -0.078394 1.810188 0.002915
v -0.078394 1.810188 0.002915
v -0.080942 1.776746 0.009847
v -0.071059 1.832845 0.012911
v -0.071059 1.832845 0.012911
v -0.070531 1.763662 -0.000381
v -0.060205 1.762834 0.029858
v -0.068426 1.783669 0.036798
v 0.000637 1.854630 -0.065405
v 0.000637 1.854630 -0.065405
v 0.000637 1.813490 -0.106369
v -0.035140 1.807017 -0.095189
v -0.027192 1.662918 0.031346
v -0.015269 1.654041 0.040839
v -0.011257 1.692859 0.061434
v -0.025868 1.697472 0.049601
v 0.000637 1.689874 0.077036
v -0.004278 1.704587 0.075162
v 0.000637 1.683444 0.065946
v 0.000637 1.645665 0.045451
v -0.059441 1.718954 -0.022709
v -0.060006 1.737548 -0.012619
v -0.066797 1.749565 -0.032129
v -0.075227 1.745810 -0.047139
v -0.075227 1.745810 -0.047139
v -0.035987 1.759993 -0.099903
v -0.034594 1.732757 -0.090565
v -0.049639 1.717926 -0.054411
v -0.049639 1.717926 -0.054411
v -0.057515 1.753352 -0.074330
v -0.036415 1.720415 -0.079915
v -0.048253 1.700212 -0.050622
v -0.048253 1.700212 -0.050622
v -0.065387 1.751053 -0.054672
v -0.065387 1.751053 -0.054672
v -0.056036 1.714374 -0.033406
v -0.056036 1.714374 -0.033406
v -0.084451 1.684803 -0.006552
v -0.084451 1.684803 -0.006552
v -0.071926 1.672251 -0.001135
v -0.059991 1.671182 -0.016391
v -0.067387 1.691717 -0.028348
v -0.067387 1.691717 -0.028348
v -0.065491 1.663524 -0.001953
v -0.060518 1.661257 -0.012542
v -0.053962 1.692396 -0.045317
v -0.053962 1.692396 -0.045317
v -0.053796 1.670151 -0.031870
v -0.048386 1.641483 -0.014494
v -0.045871 1.652624 0.003237
v -0.056898 1.647431 0.003699
v -0.046590 1.707034 -0.067793
v -0.046590 1.707034 -0.067793
v -0.074860 1.699976 -0.039972
v -0.074860 1.699976 -0.039972
v -0.087206 1.701538 -0.058366
v -0.055500 1.711375 -0.089825
v -0.068325 1.646742 0.009768
v -0.083254 1.658831 0.019648
v -0.083254 1.658831 0.019648
v 0.000637 1.723113 -0.099505
v 0.000637 1.719726 -0.099052
v 0.000637 1.718258 -0.105856
v -0.125170 1.648734 0.041923
v -0.106937 1.631891 0.049043
v -0.106937 1.631891 0.049043
v -0.091445 1.639220 0.040222
v -0.091445 1.639220 0.040222
v -0.112632 1.659128 0.030785
v -0.100153 1.672358 0.014520
v -0.100153 1.672358 0.014520
v -0.074270 1.593303 0.042888
v -0.079473 1.618461 0.018636
v -0.084478 1.605642 0.054224
v -0.093256 1.605169 0.045079
v -0.093256 1.605169 0.045079
v -0.050118 1.622730 0.018545
v -0.041496 1.584374 0.050186
v -0.099026 1.637402 0.022403
v -0.087358 1.617712 0.014974
v -0.094792 1.618380 0.033478
v -0.107912 1.628368 0.035349
v -0.086188 1.595726 0.030385
v -0.158619 1.620452 -0.012322
v -0.152687 1.600945 0.024197
v -0.134334 1.617017 0.008771
v -0.140471 1.627934 -0.017139
v -0.115633 1.626349 -0.022257
v -0.112532 1.611067 0.006586
v -0.095568 1.603912 0.002599
v -0.095263 1.610849 -0.020946
v -0.086454 1.623882 -0.053538
v -0.105851 1.629116 -0.052756
v -0.149970 1.644195 -0.045866
v -0.129202 1.643317 -0.043739
v -0.113846 1.636215 -0.069436
v -0.141508 1.571790 0.038320
v -0.141508 1.571790 0.038320
v -0.126463 1.596114 0.033006
v -0.106789 1.596907 0.034514
v -0.107168 1.580808 0.043498
v -0.107168 1.580808 0.043498
v -0.094055 1.595937 0.025939
v -0.699997 1.424249 0.057654
v -0.704582 1.428823 0.057853
v -0.704582 1.428823 0.057853
v -0.710679 1.419544 0.051497
v -0.710679 1.419544 0.051497
v -0.700418 1.421542 0.048187
v -0.700418 1.421542 0.048187
v -0.682850 1.440354 0.053339
v -0.682850 1.440354 0.053339
v -0.692284 1.443698 0.044294
v -0.692284 1.443698 0.044294
v -0.678546 1.430593 0.046911
v -0.680015 1.429331 0.032935
v -0.708144 1.450475 -0.019486
v -0.707038 1.450939 -0.004597
v -0.738813 1.456538 -0.011868
v -0.738813 1.456538 -0.011868
v -0.737468 1.453304 -0.026872
v -0.737468 1.453304 -0.026872
v -0.728927 1.480314 -0.018278
v -0.750650 1.467774 -0.017617
v -0.746828 1.461627 -0.011677
v -0.753907 1.462576 -0.034294
v -0.733948 1.457054 0.006484
v -0.733948 1.457054 0.006484
v -0.738466 1.473924 0.008638
v -0.744070 1.473933 -0.029770
v -0.737122 1.467460 -0.038518
v -0.755861 1.471831 -0.026740
v -0.734189 1.455142 -0.037957
v -0.734189 1.455142 -0.037957
v -0.706562 1.452451 0.013285
v -0.706562 1.452451 0.013285
v -0.756414 1.464841 -0.018865
v -0.708684 1.450979 -0.033247
v -0.708684 1.450979 -0.033247
v -0.709801 1.456648 -0.046088
v -0.709801 1.456648 -0.046088
v -0.732038 1.454399 -0.050970
v -0.683698 1.485835 0.022476
v -0.687899 1.491652 0.001462
v -0.685357 1.492163 -0.012991
v -0.733710 1.463713 -0.053624
v -0.740123 1.461800 -0.054059
v -0.722772 1.481751 -0.029726
v -0.718363 1.479436 -0.042020
v -0.713035 1.468319 -0.050411
v -0.693480 1.435015 0.034424
v -0.693480 1.435015 0.034424
v -0.684896 1.442582 0.022057
v -0.677342 1.461130 0.033520
v -0.677342 1.461130 0.033520
v -0.707275 1.457799 0.027451
v -0.707275 1.457799 0.027451
v -0.675817 1.441846 0.002306
v -0.672752 1.447261 -0.012535
v -0.642559 1.439062 -0.002635
v -0.658444 1.430895 0.014538
v -0.615707 1.451435 0.013783
v -0.629406 1.445477 0.019009
v -0.615897 1.442794 -0.005118
v -0.650406 1.435414 0.033454
v -0.672435 1.449107 -0.028700
v -0.640996 1.446732 -0.025155
v -0.617826 1.444417 -0.026573
v -0.655632 1.452100 0.043926
v -0.655632 1.452100 0.043926
v -0.648330 1.489488 0.016237
v -0.642761 1.474422 0.025504
v -0.632483 1.460777 0.029108
v -0.632483 1.460777 0.029108
v -0.427310 1.535620 -0.086458
v -0.481053 1.531331 -0.065343
v -0.432325 1.551418 -0.064210
v -0.419809 1.545477 -0.069480
v -0.417878 1.550656 -0.042699
v -0.403936 1.545564 -0.062249
v -0.486858 1.546401 -0.038678
v -0.397531 1.532712 -0.083038
v -0.232949 1.547222 0.041697
v -0.232949 1.547222 0.041697
v -0.232949 1.547222 0.041697
v -0.231276 1.574299 0.024548
v -0.266542 1.581000 -0.000800
v -0.266542 1.581000 -0.000800
v -0.264203 1.553470 0.021368
v -0.264203 1.553470 0.021368
v -0.230495 1.606719 -0.000858
v -0.242727 1.616805 -0.024524
v -0.318855 1.547858 0.012319
v -0.322111 1.559058 -0.008674
v -0.130659 1.639305 -0.084938
v -0.317362 1.471586 0.006080
v -0.255563 1.472332 0.007584
v -0.262713 1.495304 0.030525
v -0.316071 1.494702 0.024039
v -0.317348 1.518257 0.021443
v -0.317348 1.518257 0.021443
v -0.265609 1.525110 0.027682
v -0.265609 1.525110 0.027682
v -0.281319 1.587634 -0.060453
v -0.281319 1.587634 -0.060453
v -0.343631 1.558803 -0.053895
v -0.197105 1.624521 -0.039157
v -0.189571 1.612013 -0.006031
v -0.078326 1.629835 -0.078474
v -0.106258 1.570757 0.047481
v -0.106258 1.570757 0.047481
v -0.177251 1.529643 0.043824
v -0.177251 1.529643 0.043824
v -0.125993 1.557090 0.054074
v -0.202664 1.539968 0.053833
v -0.202664 1.539968 0.053833
v -0.202664 1.539968 0.053833
v -0.119990 1.549871 0.063991
v -0.090408 1.568016 0.060544
v -0.045433 1.659970 -0.088868
v -0.047227 1.642728 -0.093117
v -0.067539 1.649281 -0.068808
v -0.055306 1.617970 -0.111913
v -0.102597 1.619472 -0.110983
v -0.080039 1.638906 -0.043410
v -0.210486 1.471963 0.007881
v -0.221970 1.495293 0.027616
v -0.227029 1.524849 0.039354
v -0.227029 1.524849 0.039354
v -0.157640 1.516614 0.065340
v -0.190562 1.577132 0.029999
v -0.152590 1.624414 -0.083242
v -0.154289 1.603610 -0.108959
v -0.269833 1.562326 -0.098905
v -0.269833 1.562326 -0.098905
v -0.269833 1.562326 -0.098905
v -0.243735 1.525624 -0.120400
v -0.243735 1.525624 -0.120400
v -0.243735 1.525624 -0.120400
v -0.306159 1.512104 -0.097534
v -0.306159 1.512104 -0.097534
v -0.332926 1.542551 -0.086247
v -0.332926 1.542551 -0.086247
v -0.254520 1.489382 -0.098921
v -0.311515 1.483594 -0.088592
v -0.271300 1.502135 -0.102764
v -0.242983 1.514282 -0.110139
v -0.242983 1.514282 -0.110139
v -0.047645 0.609218 -0.153510
v -0.047645 0.609218 -0.153510
v -0.093719 0.596296 -0.167045
v -0.107695 1.483690 0.095964
v -0.114192 1.532582 0.075483
v -0.138872 1.513458 0.076066
v -0.135136 1.472263 0.087447
v -0.148912 1.465596 0.080800
v -0.191073 1.494666 0.031112
v -0.191073 1.494666 0.031112
v -0.171140 1.489683 0.042932
v -0.245657 1.605497 -0.068687
v -0.245657 1.605497 -0.068687
v -0.239452 1.577819 -0.103775
v -0.239452 1.577819 -0.103775
v -0.239452 1.577819 -0.103775
v -0.230618 1.538678 -0.135074
v -0.230618 1.538678 -0.135074
v 0.000637 0.761119 -0.119955
v -0.018885 0.760816 -0.130156
v -0.218750 1.481214 -0.123542
v -0.251627 1.464146 -0.122164
v -0.246334 1.441970 -0.124363
v -0.225917 1.448116 -0.130020
v -0.246791 1.480976 -0.145570
v -0.234310 1.477153 -0.151804
v -0.234310 1.477153 -0.151804
v -0.210851 1.470516 -0.158200
v -0.211011 1.461868 -0.100198
v -0.209510 1.471708 -0.095521
v -0.209510 1.471708 -0.095521
v -0.212902 1.479279 -0.103934
v -0.212902 1.479279 -0.103934
v -0.212265 1.468807 -0.111087
v -0.226656 1.500715 -0.108564
v -0.226656 1.500715 -0.108564
v -0.205767 1.475577 -0.086826
v -0.205767 1.475577 -0.086826
v -0.205767 1.475577 -0.086826
v -0.242573 1.473510 -0.085139
v -0.174477 1.470766 -0.101902
v -0.180764 1.466535 -0.086662
v -0.180764 1.466535 -0.086662
v -0.194946 1.481134 -0.103122
v -0.194946 1.481134 -0.103122
v -0.184578 1.461372 -0.063799
v -0.184578 1.461372 -0.063799
v -0.205295 1.465961 -0.061758
v -0.239909 1.458854 -0.059130
v -0.204572 1.459130 -0.097212
v -0.192523 1.460586 -0.117239
v -0.183375 1.458883 -0.124098
v -0.177874 1.482080 -0.117781
v -0.177874 1.482080 -0.117781
v -0.187502 1.483732 -0.112270
v -0.187502 1.483732 -0.112270
v -0.172103 1.454806 -0.126552
v -0.166434 1.474566 -0.120374
v -0.166434 1.474566 -0.120374
v -0.168972 1.476867 -0.111034
v -0.161280 1.446977 -0.127025
v -0.154344 1.458141 -0.124093
v -0.154344 1.458141 -0.124093
v -0.171956 1.419242 -0.129970
v -0.156893 1.417267 -0.127577
v -0.141091 1.420806 -0.123431
v -0.141091 1.420806 -0.123431
v -0.229013 1.258706 -0.119933
v -0.230748 1.223045 -0.098656
v -0.233966 1.206035 -0.106919
v -0.241254 1.222999 -0.120317
v 0.000637 1.240619 0.085214
v -0.028128 1.241040 0.085935
v -0.010642 1.218411 0.099327
v 0.000637 1.218654 0.092622
v 0.000637 1.169953 0.093958
v -0.023794 1.174111 0.102733
v -0.097577 1.418799 -0.137403
v -0.097577 1.418799 -0.137403
v -0.102183 1.411416 -0.135813
v -0.102183 1.411416 -0.135813
v -0.107059 1.408864 -0.143211
v -0.107059 1.408864 -0.143211
v -0.100354 1.411735 -0.143399
v -0.093881 1.408415 -0.143840
v -0.089725 1.416135 -0.136885
v -0.089725 1.416135 -0.136885
v -0.094224 1.408992 -0.134016
v -0.252509 1.225608 -0.140465
v -0.225759 1.274970 -0.128039
v -0.243957 1.218457 -0.134778
v -0.250945 1.227895 -0.126019
v -0.124780 1.361795 -0.147092
v -0.127880 1.365412 -0.139949
v -0.127880 1.365412 -0.139949
v -0.142944 1.322516 -0.149263
v -0.142944 1.322516 -0.149263
v -0.136559 1.321687 -0.150429
v -0.150315 1.286167 -0.152725
v -0.153537 1.294134 -0.151872
v -0.158788 1.308002 -0.160448
v -0.158788 1.308002 -0.160448
v -0.160564 1.303347 -0.139928
v -0.160564 1.303347 -0.139928
v -0.257059 1.232400 -0.101628
v -0.245189 1.229193 -0.094629
v -0.217158 1.293413 -0.111991
v -0.228373 1.305519 -0.097037
v -0.211438 1.257526 -0.119941
v -0.195044 1.302426 -0.119259
v -0.049000 1.379390 -0.142781
v -0.038432 1.372896 -0.141918
v -0.038432 1.372896 -0.141918
v -0.031943 1.392598 -0.138201
v -0.031943 1.392598 -0.138201
v -0.041959 1.394431 -0.138078
v -0.041959 1.394431 -0.138078
v -0.019403 1.373580 -0.130286
v -0.035121 1.377365 -0.130873
v -0.018599 1.382488 -0.138253
v -0.046878 1.384412 -0.132277
v -0.023482 1.367767 -0.140749
v -0.023482 1.367767 -0.140749
v -0.056161 1.229600 0.084280
v -0.040049 1.215538 0.089038
v -0.041838 1.277256 0.081542
v -0.061564 1.281043 0.079420
v -0.070229 1.278283 0.093342
v -0.075597 1.222336 0.093214
v -0.182302 1.386219 -0.160169
v -0.182302 1.386219 -0.160169
v -0.154956 1.305040 -0.175346
v -0.154956 1.305040 -0.175346
v -0.209773 1.398243 -0.164968
v -0.209773 1.398243 -0.164968
v -0.209773 1.398243 -0.164968
v -0.202577 1.216936 -0.143836
v -0.229378 1.227138 -0.160075
v -0.058105 1.120945 0.096813
v -0.034293 1.114898 0.099168
v -0.049199 1.169187 0.091122
v -0.172268 0.741689 0.054228
v -0.183982 0.721850 0.031039
v -0.176872 0.796109 0.049005
v -0.185661 0.776093 0.030762
v -0.190316 0.785889 -0.004496
v -0.190316 0.785889 -0.004496
v -0.194532 0.711376 -0.013873
v -0.194532 0.711376 -0.013873
v -0.121064 0.805355 0.086752
v -0.130809 0.786487 0.081051
v -0.153698 0.824153 0.083856
v -0.153555 0.788785 0.076587
v -0.153299 0.750854 0.071190
v -0.075412 1.084107 0.093913
v -0.075412 1.084107 0.093913
v -0.042033 1.058829 0.097487
v -0.042033 1.058829 0.097487
v 0.000637 1.067419 0.108244
v 0.000637 1.114392 0.106517
v -0.069747 1.163830 0.087964
v -0.084580 0.986748 0.094620
v -0.084580 0.986748 0.094620
v -0.115183 0.983291 0.101521
v -0.115183 0.983291 0.101521
v -0.086783 1.155160 0.096350
v -0.100563 1.073043 0.101324
v -0.100563 1.073043 0.101324
v -0.142539 1.209548 -0.051391
v -0.161058 1.179022 -0.029081
v -0.144577 1.237367 -0.018524
v -0.135518 1.267873 -0.027071
v -0.135912 1.277795 0.024383
v -0.138171 1.240650 0.015120
v -0.200559 0.836870 0.003138
v -0.200559 0.836870 0.003138
v -0.179044 0.841079 0.053868
v -0.012948 0.972709 -0.043570
v -0.045714 0.986284 -0.075914
v -0.015329 0.988206 -0.061488
v -0.007841 0.984245 -0.040592
v 0.000637 1.000589 -0.072502
v 0.000637 1.000589 -0.072502
v 0.000637 1.000589 -0.072502
v 0.000637 0.989079 -0.039710
v 0.000637 0.989079 -0.039710
v -0.030967 1.008156 -0.085422
v -0.127077 1.279990 -0.070297
v -0.136673 1.178454 -0.072504
v -0.132685 1.300450 -0.060814
v -0.140604 1.314784 -0.032085
v -0.138419 1.181861 -0.099835
v -0.118856 1.262846 -0.106178
v -0.118027 1.239925 -0.089227
v -0.118027 1.239925 -0.089227
v -0.118027 1.239925 -0.089227
v -0.142878 1.174537 -0.083173
v -0.159946 1.176396 -0.084564
v -0.159946 1.176396 -0.084564
v -0.146351 1.222946 -0.086539
v -0.146351 1.222946 -0.086539
v -0.146351 1.222946 -0.086539
v -0.132784 1.279450 -0.094898
v -0.132784 1.279450 -0.094898
v -0.129841 1.247085 -0.080769
v -0.129841 1.247085 -0.080769
v -0.109089 1.213655 -0.086252
v -0.109089 1.213655 -0.086252
v -0.093799 1.268299 -0.091252
v -0.126778 1.154664 -0.087553
v 0.000637 1.035339 -0.099967
v 0.000637 1.035339 -0.099967
v -0.045756 1.034895 -0.099443
v -0.094784 1.006923 -0.086081
v -0.111641 1.145548 -0.098584
v -0.031584 1.068857 -0.104006
v 0.000637 1.064263 -0.104683
v 0.000637 1.064263 -0.104683
v -0.050359 1.113338 -0.106217
v -0.050359 1.113338 -0.106217
v 0.000637 1.110659 -0.114710
v 0.000637 1.110659 -0.114710
v 0.000637 1.110659 -0.114710
v -0.080033 1.061646 -0.094835
v -0.080033 1.061646 -0.094835
v -0.154576 1.067321 0.062955
v -0.124831 1.149005 0.076812
v -0.150708 1.140509 0.044993
v -0.172939 1.077866 0.032747
v -0.188317 1.086044 -0.003698
v -0.163750 1.162831 0.004917
v -0.139046 0.983984 0.084326
v -0.173417 0.918654 0.065785
v -0.137448 0.921655 0.086519
v -0.198587 0.859714 0.010716
v -0.198587 0.859714 0.010716
v -0.187485 0.865075 -0.034812
v -0.199041 0.888923 -0.011061
v -0.199041 0.888923 -0.011061
v -0.182923 0.871900 0.059208
v -0.198130 0.887361 0.027369
v -0.106294 0.920089 0.093689
v -0.199624 0.903097 0.009792
v -0.199035 1.012942 0.009457
v -0.192225 1.001227 0.029976
v -0.192225 1.001227 0.029976
v -0.110846 1.149789 0.089715
v -0.141395 1.064944 0.074675
v -0.176631 0.982240 0.034100
v -0.176631 0.982240 0.034100
v -0.150457 0.789281 -0.075803
v -0.181442 0.789503 -0.042551
v -0.151023 0.869718 -0.069530
v -0.150575 0.938215 -0.066345
v -0.179929 0.926276 -0.034532
v -0.190365 0.926428 -0.010801
v -0.190365 0.926428 -0.010801
v -0.152302 0.862724 0.085983
v -0.181931 0.925191 0.039427
v -0.071291 0.957220 -0.080113
v -0.085932 0.926875 -0.081170
v -0.127377 0.975858 -0.077116
v -0.100426 0.857778 -0.081293
v -0.182338 0.962973 -0.020002
v -0.170713 0.974594 -0.038994
v -0.154193 0.994974 -0.055048
v -0.159895 0.981303 0.063558
v -0.159895 0.981303 0.063558
v -0.189136 0.930402 0.014737
v -0.191360 0.958757 -0.001364
v -0.191360 0.958757 -0.001364
v -0.191360 0.958757 -0.001364
v -0.126658 1.011263 -0.099483
v -0.126658 1.011263 -0.099483
v -0.139978 1.023945 -0.086070
v -0.177193 0.977545 -0.076161
v -0.154154 0.966422 -0.100829
v -0.189545 0.985974 -0.035464
v -0.189545 0.985974 -0.035464
v -0.196241 0.965023 -0.052801
v -0.176030 1.003356 -0.053446
v -0.176030 1.003356 -0.053446
v -0.201828 0.937587 -0.069869
v -0.189031 0.938241 -0.087724
v -0.169360 0.931213 -0.105824
v -0.157690 0.898526 -0.118333
v -0.157690 0.898526 -0.118333
v -0.171728 0.883060 -0.117392
v -0.171728 0.883060 -0.117392
v -0.182671 0.876291 -0.123467
v -0.182671 0.876291 -0.123467
v -0.173832 0.901166 -0.123661
v -0.197321 0.906463 -0.111443
v -0.202621 0.889198 -0.112324
v -0.209334 0.878663 -0.108707
v -0.209334 0.878663 -0.108707
v -0.193400 0.875791 -0.112483
v -0.193400 0.875791 -0.112483
v -0.195948 0.908804 -0.097988
v -0.209515 0.908379 -0.082892
v -0.217974 0.881961 -0.098562
v -0.204616 0.885486 -0.104968
v -0.221182 0.902029 -0.068107
v -0.232091 0.868802 -0.087361
v -0.222548 0.878939 -0.099849
v -0.222548 0.878939 -0.099849
v -0.222548 0.878939 -0.099849
v -0.220815 0.889291 -0.101044
v -0.231121 0.888743 -0.092684
v -0.229408 0.896089 -0.088701
v -0.229408 0.896089 -0.088701
v -0.229408 0.896089 -0.088701
v -0.213370 0.938463 -0.108265
v -0.234479 0.878645 -0.106232
v -0.234479 0.878645 -0.106232
v -0.250872 0.827470 -0.105409
v -0.252655 0.829075 -0.124384
v -0.252655 0.829075 -0.124384
v -0.252655 0.829075 -0.124384
v -0.270238 0.834705 -0.136101
v -0.270238 0.834705 -0.136101
v -0.246565 0.887791 -0.129346
v -0.222221 0.958811 -0.124099
v -0.217490 0.907222 -0.097123
v -0.229684 0.903297 -0.081798
v -0.238077 0.900817 -0.068983
v -0.240895 0.893394 -0.053456
v -0.240895 0.893394 -0.053456
v -0.250138 0.866657 -0.070395
v -0.250138 0.866657 -0.070395
v -0.262301 0.831450 -0.086998
v -0.263584 0.844027 -0.100159
v -0.273456 0.862683 -0.108088
v -0.241911 0.937538 -0.097309
v -0.241911 0.937538 -0.097309
v -0.241911 0.937538 -0.097309
v -0.635001 0.350363 -0.177081
v -0.636944 0.352612 -0.173314
v -0.636944 0.352612 -0.173314
v -0.643006 0.339583 -0.174753
v -0.643006 0.339583 -0.174753
v -0.642145 0.343515 -0.177547
v -0.642145 0.343515 -0.177547
v -0.644107 0.343760 -0.174812
v -0.643230 0.343947 -0.172326
v -0.641201 0.355380 -0.171676
v -0.641201 0.355380 -0.171676
v -0.642094 0.352905 -0.179449
v -0.642094 0.352905 -0.179449
v -0.642950 0.355239 -0.175520
v -0.632093 0.383059 -0.185263
v -0.632093 0.383059 -0.185263
v -0.623077 0.378623 -0.185935
v -0.623077 0.378623 -0.185935
v -0.634317 0.356536 -0.182205
v -0.617141 0.376266 -0.179495
v -0.617141 0.376266 -0.179495
v -0.617141 0.376266 -0.179495
v -0.538550 0.431412 -0.182006
v -0.542784 0.410330 -0.180616
v -0.542784 0.410330 -0.180616
v -0.535506 0.402285 -0.173405
v -0.535506 0.402285 -0.173405
v -0.526109 0.416782 -0.171157
v -0.526109 0.416782 -0.171157
v -0.517249 0.424312 -0.187139
v -0.517249 0.424312 -0.187139
v -0.534461 0.407068 -0.188112
v -0.534461 0.407068 -0.188112
v -0.500770 0.418338 -0.176972
v -0.500770 0.418338 -0.176972
v -0.534310 0.398296 -0.184468
v -0.496195 0.447350 -0.183951
v -0.496195 0.447350 -0.183951
v -0.486352 0.430032 -0.163038
v -0.486352 0.430032 -0.163038
v -0.486352 0.430032 -0.163038
v -0.486352 0.430032 -0.163038
v -0.486352 0.430032 -0.163038
v -0.476877 0.385855 -0.154355
v -0.451368 0.430170 -0.148951
v -0.451368 0.430170 -0.148951
v -0.489198 0.392695 -0.167885
v -0.489198 0.392695 -0.167885
v -0.505026 0.426263 -0.166121
v -0.487625 0.454796 -0.163286
v -0.525229 0.469560 -0.176793
v -0.525229 0.469560 -0.176793
v -0.525229 0.469560 -0.176793
v -0.510594 0.455179 -0.189377
v -0.510594 0.455179 -0.189377
v -0.526048 0.447696 -0.174394
v -0.515457 0.436052 -0.170147
v -0.515457 0.436052 -0.170147
v -0.473440 0.385911 -0.172732
v -0.449166 0.429460 -0.167870
v -0.449166 0.429460 -0.167870
v -0.454532 0.496299 -0.176735
v -0.432953 0.491629 -0.168123
v -0.506095 0.481384 -0.172396
v -0.506095 0.481384 -0.172396
v -0.516337 0.497295 -0.177125
v -0.516337 0.497295 -0.177125
v -0.516337 0.497295 -0.177125
v -0.595997 0.419409 -0.191690
v -0.595997 0.419409 -0.191690
v -0.570326 0.456210 -0.195750
v -0.546965 0.443205 -0.187028
v -0.546965 0.443205 -0.187028
v -0.587039 0.411677 -0.183761
v -0.587039 0.411677 -0.183761
v -0.597517 0.420369 -0.176599
v -0.572491 0.456801 -0.179012
v -0.558915 0.491885 -0.178831
v -0.535640 0.479773 -0.193855
v -0.535640 0.479773 -0.193855
v -0.494259 0.508376 -0.191937
v -0.512957 0.519228 -0.197084
v -0.532166 0.529879 -0.199046
v -0.552406 0.490646 -0.197859
v -0.546552 0.529075 -0.177595
v -0.529661 0.514121 -0.180623
v -0.434149 0.790096 -0.158108
v -0.434149 0.790096 -0.158108
v -0.445612 0.801667 -0.148202
v -0.445612 0.801667 -0.148202
v -0.478280 0.754710 -0.157230
v -0.478280 0.754710 -0.157230
v -0.478280 0.754710 -0.157230
v -0.478280 0.754710 -0.157230
v -0.466873 0.726131 -0.163107
v -0.466873 0.726131 -0.163107
v -0.450865 0.819588 -0.166225
v -0.450865 0.819588 -0.166225
v -0.477975 0.747240 -0.175511
v -0.462801 0.825489 -0.155074
v -0.462801 0.825489 -0.155074
v -0.446369 0.805192 -0.131843
v -0.473067 0.758781 -0.136264
v -0.504721 0.704214 -0.141913
v -0.517379 0.709611 -0.151375
v -0.517379 0.709611 -0.151375
v -0.480089 0.833955 -0.162499
v -0.503469 0.776747 -0.160158
v -0.625944 0.388317 -0.136476
v -0.650535 0.337894 -0.147983
v -0.650535 0.337894 -0.147983
v -0.672089 0.350079 -0.160814
v -0.672089 0.350079 -0.160814
v -0.672089 0.350079 -0.160814
v -0.672089 0.350079 -0.160814
v -0.643025 0.395435 -0.149380
v -0.668690 0.284098 -0.156003
v -0.668690 0.284098 -0.156003
v -0.694116 0.290123 -0.158719
v -0.694116 0.290123 -0.158719
v -0.700696 0.338033 -0.177819
v -0.681739 0.361839 -0.169784
v -0.681739 0.361839 -0.169784
v -0.693467 0.338896 -0.167072
v -0.656613 0.401744 -0.160625
v -0.674502 0.285221 -0.142102
v -0.660389 0.339290 -0.133401
v -0.707080 0.339876 -0.164340
v -0.707080 0.339876 -0.164340
v -0.691327 0.363822 -0.155607
v -0.691327 0.363822 -0.155607
v -0.638757 0.390358 -0.121087
v -0.654891 0.398733 -0.133573
v -0.654891 0.398733 -0.133573
v -0.668365 0.406514 -0.144496
v -0.668365 0.406514 -0.144496
v -0.720689 0.320057 -0.179947
v -0.720689 0.320057 -0.179947
v -0.722328 0.323882 -0.187968
v -0.722328 0.323882 -0.187968
v -0.707350 0.345624 -0.184543
v -0.719824 0.354346 -0.191682
v -0.739906 0.330870 -0.194070
v -0.739906 0.330870 -0.194070
v -0.747716 0.317309 -0.199690
v -0.747716 0.317309 -0.199690
v -0.739845 0.316440 -0.197322
v -0.739845 0.316440 -0.197322
v -0.715936 0.350035 -0.170934
v -0.742230 0.367888 -0.178089
v -0.748547 0.335465 -0.184338
v -0.737447 0.340104 -0.187976
v -0.728634 0.361272 -0.178349
v -0.737447 0.340104 -0.187976
v -0.737447 0.340104 -0.187976
v -0.730535 0.363041 -0.195864
v -0.730535 0.363041 -0.195864
v -0.745410 0.371067 -0.193406
v -0.743305 0.327225 -0.192829
v -0.730459 0.394767 -0.173848
v -0.733671 0.398405 -0.188351
v -0.718793 0.391508 -0.193324
v -0.718793 0.391508 -0.193324
v -0.712922 0.440086 -0.182589
v -0.698187 0.432652 -0.187697
v -0.698187 0.432652 -0.187697
v -0.682534 0.422217 -0.180895
v -0.682534 0.422217 -0.180895
v -0.703859 0.381846 -0.187011
v -0.703859 0.381846 -0.187011
v -0.669196 0.411903 -0.171694
v -0.691800 0.372339 -0.179042
v -0.691800 0.372339 -0.179042
v -0.652947 0.476589 -0.172557
v -0.652947 0.476589 -0.172557
v -0.639113 0.467027 -0.162696
v -0.626479 0.458914 -0.150376
v -0.606294 0.524510 -0.153564
v -0.595307 0.517134 -0.141210
v -0.583971 0.510219 -0.128426
v -0.614076 0.452193 -0.138328
v -0.572257 0.503301 -0.115457
v -0.601031 0.445219 -0.125609
v -0.563399 0.497266 -0.099860
v -0.590139 0.438466 -0.111388
v -0.609141 0.381904 -0.122217
v -0.630005 0.330166 -0.132982
v -0.600054 0.440918 -0.099821
v -0.622929 0.383618 -0.109871
v -0.640554 0.331760 -0.119945
v -0.644517 0.278699 -0.139705
v -0.644517 0.278699 -0.139705
v -0.651791 0.281572 -0.127132
v -0.666310 0.236793 -0.152297
v -0.649212 0.222143 -0.140049
v -0.649212 0.222143 -0.140049
v -0.655382 0.220374 -0.130139
v -0.655382 0.220374 -0.130139
v -0.655625 0.194475 -0.143791
v -0.655625 0.194475 -0.143791
v -0.658039 0.194686 -0.132348
v -0.658039 0.194686 -0.132348
v -0.669780 0.221048 -0.139571
v -0.683697 0.222700 -0.151614
v -0.683697 0.222700 -0.151614
v -0.614212 0.448292 -0.110375
v -0.573624 0.500851 -0.090732
v -0.585949 0.507994 -0.101205
v -0.598511 0.515353 -0.112823
v -0.627929 0.455724 -0.122278
v -0.610303 0.523042 -0.124583
v -0.640753 0.463356 -0.134173
v -0.621849 0.530998 -0.137088
v -0.653251 0.471981 -0.146399
v -0.681495 0.416524 -0.156192
v -0.702731 0.375141 -0.164883
v -0.666641 0.481929 -0.157924
v -0.695136 0.427153 -0.166671
v -0.715699 0.385881 -0.173559
v -0.710138 0.436316 -0.167776
v -0.681153 0.491176 -0.159897
v -0.683401 0.495019 -0.175717
v -0.646915 0.548247 -0.152666
v -0.646915 0.548247 -0.152666
v -0.647550 0.550813 -0.167628
v -0.647550 0.550813 -0.167628
v -0.633331 0.542685 -0.170970
v -0.633331 0.542685 -0.170970
v -0.633331 0.542685 -0.170970
v -0.668073 0.486558 -0.179601
v -0.668073 0.486558 -0.179601
v -0.619077 0.533209 -0.163423
v -0.619077 0.533209 -0.163423
v -0.619077 0.533209 -0.163423
v -0.599601 0.599186 -0.165424
v -0.585433 0.590925 -0.157108
v -0.585433 0.590925 -0.157108
v -0.585433 0.590925 -0.157108
v -0.572448 0.583235 -0.147336
v -0.572448 0.583235 -0.147336
v -0.552669 0.650335 -0.153584
v -0.552669 0.650335 -0.153584
v -0.539185 0.642857 -0.144011
v -0.529695 0.636946 -0.128545
v -0.562480 0.576811 -0.133539
v -0.562480 0.576811 -0.133539
v -0.519308 0.630176 -0.114558
v -0.551910 0.570000 -0.120362
v -0.551910 0.570000 -0.120362
v -0.508514 0.623092 -0.100976
v -0.540827 0.562911 -0.107086
v -0.540827 0.562911 -0.107086
v -0.500801 0.617512 -0.085346
v -0.500801 0.617512 -0.085346
v -0.533515 0.557450 -0.091443
v -0.533515 0.557450 -0.091443
v -0.511667 0.622661 -0.077041
v -0.511667 0.622661 -0.077041
v -0.543316 0.561642 -0.083354
v -0.523683 0.630227 -0.088486
v -0.523683 0.630227 -0.088486
v -0.555351 0.569055 -0.093593
v -0.535379 0.637765 -0.100877
v -0.535379 0.637765 -0.100877
v -0.567173 0.576588 -0.105381
v -0.546717 0.644944 -0.113740
v -0.546717 0.644944 -0.113740
v -0.578147 0.583792 -0.117489
v -0.558224 0.651818 -0.127303
v -0.558224 0.651818 -0.127303
v -0.589644 0.591304 -0.130882
v -0.569915 0.658509 -0.140518
v -0.569915 0.658509 -0.140518
v -0.601012 0.598499 -0.143653
v -0.601012 0.598499 -0.143653
v -0.633703 0.539490 -0.149338
v -0.614084 0.605984 -0.147524
v -0.614084 0.605984 -0.147524
v -0.583229 0.665732 -0.145240
v -0.583773 0.666751 -0.160713
v -0.614562 0.607253 -0.162770
v -0.567462 0.658370 -0.162696
v -0.552318 0.726559 -0.159823
v -0.534538 0.718013 -0.160741
v -0.523031 0.785426 -0.159557
v -0.552632 0.725881 -0.143592
v -0.522587 0.784072 -0.143304
v -0.493529 0.841019 -0.143075
v -0.496528 0.842392 -0.158012
v -0.463252 0.901807 -0.141965
v -0.469218 0.904981 -0.154510
v -0.455297 0.899171 -0.163831
v -0.442578 0.969960 -0.150574
v -0.431620 0.966015 -0.163781
v -0.414636 0.959167 -0.160035
v -0.439055 0.892541 -0.158745
v -0.397872 0.952595 -0.163553
v -0.424180 0.886306 -0.163656
v -0.378650 0.945780 -0.175627
v -0.406302 0.879439 -0.176728
v -0.406302 0.879439 -0.176728
v -0.434489 0.812236 -0.179090
v -0.434489 0.812236 -0.179090
v -0.461206 0.739127 -0.185513
v -0.371318 0.867958 -0.181691
v -0.371318 0.867958 -0.181691
v -0.403535 0.801616 -0.186274
v -0.436753 0.731787 -0.190693
v -0.493213 0.662058 -0.191410
v -0.472209 0.656015 -0.195356
v -0.367479 0.790093 -0.176020
v -0.367479 0.790093 -0.176020
v -0.406088 0.720642 -0.185019
v -0.446384 0.647675 -0.192083
v -0.506035 0.584781 -0.198757
v -0.482727 0.576803 -0.196285
v -0.377956 0.711297 -0.173114
v -0.418522 0.638317 -0.181208
v -0.457382 0.569206 -0.187550
v -0.395931 0.632081 -0.171444
v -0.434533 0.562966 -0.177988
v -0.475328 0.500856 -0.185049
v -0.413085 0.559024 -0.168864
v -0.376901 0.628173 -0.163149
v -0.358660 0.625075 -0.154856
v -0.393495 0.554990 -0.160174
v -0.342166 0.622636 -0.145290
v -0.374233 0.550996 -0.150288
v -0.409718 0.484522 -0.157421
v -0.409718 0.484522 -0.157421
v -0.363916 0.550528 -0.134065
v -0.392900 0.477226 -0.141109
v -0.392900 0.477226 -0.141109
v -0.430187 0.421465 -0.151951
v -0.458734 0.376846 -0.158390
v -0.408929 0.488193 -0.136365
v -0.408929 0.488193 -0.136365
v -0.408929 0.488193 -0.136365
v -0.374511 0.558775 -0.128809
v -0.374511 0.558775 -0.128809
v -0.374511 0.558775 -0.128809
v -0.389710 0.569277 -0.138476
v -0.389710 0.569277 -0.138476
v -0.428693 0.498654 -0.147298
v -0.404236 0.579845 -0.146953
v -0.404236 0.579845 -0.146953
v -0.443683 0.509823 -0.154225
v -0.421830 0.591141 -0.155267
v -0.421830 0.591141 -0.155267
v -0.459999 0.522132 -0.161855
v -0.459999 0.522132 -0.161855
v -0.495499 0.468008 -0.167449
v -0.495499 0.468008 -0.167449
v -0.477222 0.535309 -0.169728
v -0.477222 0.535309 -0.169728
v -0.442562 0.604455 -0.165259
v -0.465665 0.619993 -0.174927
v -0.494926 0.550113 -0.177019
v -0.494926 0.550113 -0.177019
v -0.494926 0.550113 -0.177019
v -0.484235 0.634700 -0.175617
v -0.511535 0.566237 -0.179501
v -0.511535 0.566237 -0.179501
v -0.499852 0.649370 -0.170354
v -0.528171 0.580411 -0.175016
v -0.528171 0.580411 -0.175016
v -0.514152 0.666887 -0.165872
v -0.544666 0.592987 -0.169888
v -0.544666 0.592987 -0.169888
v -0.564419 0.541878 -0.171896
v -0.578858 0.502908 -0.173124
v -0.545915 0.597765 -0.185922
v -0.545915 0.597765 -0.185922
v -0.570784 0.547400 -0.185562
v -0.570784 0.547400 -0.185562
v -0.590022 0.508694 -0.184820
v -0.590022 0.508694 -0.184820
v -0.593705 0.467276 -0.173569
v -0.605915 0.473428 -0.182826
v -0.605915 0.473428 -0.182826
v -0.552310 0.539880 -0.195468
v -0.571841 0.500522 -0.194853
v -0.589615 0.466050 -0.193470
v -0.622638 0.432750 -0.180394
v -0.622638 0.432750 -0.180394
v -0.611154 0.427850 -0.190402
v -0.611154 0.427850 -0.190402
v -0.631690 0.384180 -0.171881
v -0.631690 0.384180 -0.171881
v -0.631690 0.384180 -0.171881
v -0.612688 0.428891 -0.172945
v -0.636095 0.386027 -0.178083
v -0.636095 0.386027 -0.178083
v -0.623694 0.380316 -0.173829
v -0.623694 0.380316 -0.173829
v -0.526623 0.591896 -0.194627
v -0.512461 0.667494 -0.182857
v -0.451642 0.708858 -0.170023
v -0.430902 0.693629 -0.169323
v -0.395079 0.763603 -0.161321
v -0.395079 0.763603 -0.161321
v -0.418104 0.777262 -0.164684
v -0.418104 0.777262 -0.164684
v -0.361337 0.832337 -0.151193
v -0.383095 0.843143 -0.159316
v -0.383095 0.843143 -0.159316
v -0.399636 0.852517 -0.157156
v -0.399636 0.852517 -0.157156
v -0.348014 0.911902 -0.152015
v -0.348014 0.911902 -0.152015
v -0.366018 0.920843 -0.155711
v -0.381739 0.929259 -0.148938
v -0.414109 0.861564 -0.147745
v -0.414109 0.861564 -0.147745
v -0.386366 0.933043 -0.133130
v -0.416377 0.865279 -0.131259
v -0.373605 0.929945 -0.118536
v -0.405313 0.861953 -0.117373
v -0.436836 0.802626 -0.118467
v -0.465017 0.752859 -0.121152
v -0.393458 0.857337 -0.104708
v -0.425132 0.797727 -0.104940
v -0.454794 0.745681 -0.107117
v -0.496586 0.697641 -0.125020
v -0.486187 0.690203 -0.110275
v -0.413348 0.791788 -0.091302
v -0.443659 0.738353 -0.093117
v -0.475417 0.682523 -0.096364
v -0.436258 0.733032 -0.076882
v -0.468384 0.676908 -0.080119
v -0.446683 0.738577 -0.069469
v -0.479059 0.682132 -0.073146
v -0.459463 0.746588 -0.081324
v -0.491640 0.689932 -0.084675
v -0.472214 0.754544 -0.094071
v -0.503729 0.697667 -0.097332
v -0.484868 0.762173 -0.108313
v -0.515582 0.705077 -0.111114
v -0.496956 0.769359 -0.123038
v -0.527308 0.711822 -0.125151
v -0.508873 0.776306 -0.137593
v -0.538888 0.718312 -0.138700
v -0.465563 0.825214 -0.119730
v -0.478532 0.833081 -0.135457
v -0.430783 0.884949 -0.114996
v -0.445959 0.893171 -0.131774
v -0.395263 0.949302 -0.110598
v -0.414068 0.957463 -0.127672
v -0.433564 0.965745 -0.140722
v -0.384747 1.026554 -0.124195
v -0.403844 1.034165 -0.138466
v -0.415515 1.038798 -0.147147
v -0.375148 1.103618 -0.134851
v -0.388055 1.108866 -0.142914
v -0.381180 1.106374 -0.157782
v -0.406272 1.034959 -0.161216
v -0.364133 1.099017 -0.157989
v -0.389252 1.027666 -0.158989
v -0.346571 1.092276 -0.163555
v -0.371993 1.020979 -0.163178
v -0.324617 1.084761 -0.174954
v -0.351676 1.013735 -0.175332
v -0.289778 1.073286 -0.170214
v -0.315363 1.001353 -0.173478
v -0.342057 0.933370 -0.177500
v -0.283079 0.989633 -0.156995
v -0.308272 0.920959 -0.162064
v -0.335122 0.856158 -0.168531
v -0.335122 0.856158 -0.168531
v -0.284386 0.910415 -0.148863
v -0.310044 0.847560 -0.155907
v -0.310044 0.847560 -0.155907
v -0.341703 0.782049 -0.164311
v -0.341703 0.782049 -0.164311
v -0.289156 0.840564 -0.145394
v -0.289156 0.840564 -0.145394
v -0.321328 0.775937 -0.154754
v -0.357442 0.705292 -0.163864
v -0.303775 0.770876 -0.146422
v -0.340231 0.701004 -0.156106
v -0.286464 0.766061 -0.137819
v -0.286464 0.766061 -0.137819
v -0.323235 0.697125 -0.148129
v -0.275418 0.763598 -0.126251
v -0.275418 0.763598 -0.126251
v -0.308582 0.694283 -0.139196
v -0.278269 0.765448 -0.109124
v -0.278269 0.765448 -0.109124
v -0.306535 0.696052 -0.122674
v -0.336201 0.624070 -0.129384
v -0.315926 0.704170 -0.118594
v -0.315926 0.704170 -0.118594
v -0.315926 0.704170 -0.118594
v -0.346234 0.632488 -0.124505
v -0.346234 0.632488 -0.124505
v -0.327532 0.714747 -0.126273
v -0.327532 0.714747 -0.126273
v -0.359135 0.642707 -0.133239
v -0.339864 0.725835 -0.132736
v -0.339864 0.725835 -0.132736
v -0.372083 0.653118 -0.141149
v -0.353296 0.736757 -0.139471
v -0.353296 0.736757 -0.139471
v -0.386552 0.664452 -0.148632
v -0.372285 0.749718 -0.149278
v -0.372285 0.749718 -0.149278
v -0.406733 0.677817 -0.158718
v -0.319484 0.807480 -0.127732
v -0.338192 0.820072 -0.137510
v -0.286379 0.878389 -0.115889
v -0.305593 0.889765 -0.126403
v -0.305593 0.889765 -0.126403
v -0.327679 0.902040 -0.140865
v -0.327679 0.902040 -0.140865
v -0.272332 0.969659 -0.117663
v -0.272332 0.969659 -0.117663
v -0.294206 0.979651 -0.131521
v -0.314704 0.988211 -0.144337
v -0.264373 1.057754 -0.124498
v -0.283505 1.066469 -0.137639
v -0.299081 1.072702 -0.146086
v -0.331569 0.995800 -0.151620
v -0.315348 1.078583 -0.150743
v -0.348739 1.003030 -0.151213
v -0.327692 1.083610 -0.142284
v -0.357533 1.007493 -0.137081
v -0.320044 1.082023 -0.128056
v -0.345910 1.004533 -0.122817
v -0.304364 1.077887 -0.118362
v -0.329352 1.000034 -0.110198
v -0.360106 0.925701 -0.106311
v -0.315878 0.996082 -0.100542
v -0.346143 0.920723 -0.094028
v -0.380766 0.851846 -0.091222
v -0.333744 0.916538 -0.080076
v -0.370565 0.847380 -0.075491
v -0.404660 0.787385 -0.075223
v -0.378180 0.852745 -0.063881
v -0.413939 0.793320 -0.066140
v -0.390712 0.860512 -0.074558
v -0.426654 0.801678 -0.077817
v -0.403823 0.868585 -0.087142
v -0.439567 0.809822 -0.090909
v -0.417109 0.876890 -0.100666
v -0.452739 0.817620 -0.105052
v -0.365317 0.934354 -0.084251
v -0.379040 0.941333 -0.096275
v -0.329173 1.006683 -0.084771
v -0.344873 1.012438 -0.096250
v -0.363380 1.018784 -0.108597
v -0.316612 1.085739 -0.099869
v -0.337592 1.090201 -0.109464
v -0.358199 1.096747 -0.122025
v -0.309126 1.164292 -0.112154
v -0.329846 1.171198 -0.119042
v -0.344469 1.177878 -0.131712
v -0.290909 1.248571 -0.115534
v -0.308757 1.253092 -0.124091
v -0.325170 1.258126 -0.130832
v -0.360567 1.183796 -0.138548
v -0.330426 1.259910 -0.144533
v -0.355624 1.181998 -0.152778
v -0.316052 1.254875 -0.156005
v -0.339351 1.175343 -0.157408
v -0.296227 1.247884 -0.161890
v -0.321039 1.167595 -0.163212
v -0.270609 1.240091 -0.172243
v -0.297496 1.159659 -0.174272
v -0.263573 1.148370 -0.166894
v -0.233728 1.137749 -0.149176
v -0.258700 1.062680 -0.152920
v -0.210170 1.128695 -0.134640
v -0.235105 1.053852 -0.138914
v -0.259990 0.979732 -0.143829
v -0.214837 1.045552 -0.128021
v -0.239891 0.969679 -0.133189
v -0.264005 0.899402 -0.138238
v -0.197027 1.037195 -0.119203
v -0.190853 1.121118 -0.124552
v -0.173489 1.113624 -0.115073
v -0.159529 1.106956 -0.101942
v -0.183832 1.027300 -0.105568
v -0.163934 1.104518 -0.083595
v -0.192961 1.016208 -0.087718
v -0.180810 1.110058 -0.085438
v -0.180810 1.110058 -0.085438
v -0.207946 1.031089 -0.089854
v -0.207946 1.031089 -0.089854
v -0.197407 1.115087 -0.096928
v -0.223736 1.039987 -0.100307
v -0.254440 0.957666 -0.106697
v -0.254440 0.957666 -0.106697
v -0.242116 1.048832 -0.111247
v -0.215574 1.120755 -0.107045
v -0.238004 1.130069 -0.118679
v -0.193529 1.185225 -0.106209
v -0.214595 1.195553 -0.115225
v -0.231686 1.208166 -0.124877
v -0.255918 1.139918 -0.131512
v -0.270303 1.149512 -0.141043
v -0.282200 1.155315 -0.146206
v -0.296340 1.161537 -0.146825
v -0.295842 1.160774 -0.134192
v -0.282469 1.157248 -0.126704
v -0.268713 1.153299 -0.119546
v -0.287040 1.072722 -0.108072
v -0.255098 1.151543 -0.110962
v -0.273879 1.070311 -0.098174
v -0.300907 0.991672 -0.088097
v -0.269367 1.071224 -0.081865
v -0.299865 0.993479 -0.071456
v -0.337584 0.920251 -0.064030
v -0.314479 1.000532 -0.074206
v -0.351514 0.927533 -0.072588
v -0.282196 1.076723 -0.079393
v -0.297465 1.081260 -0.089852
v -0.256318 1.155065 -0.085358
v -0.271203 1.155710 -0.094872
v -0.289768 1.158622 -0.105993
v -0.273044 1.239651 -0.110099
v -0.236489 1.311339 -0.104021
v -0.252471 1.315771 -0.115908
v -0.218512 1.381921 -0.099774
v -0.224218 1.384427 -0.115405
v -0.237167 1.388358 -0.124595
v -0.271040 1.322413 -0.118521
v -0.252868 1.394496 -0.125185
v -0.288991 1.328658 -0.125582
v -0.271482 1.401392 -0.125501
v -0.305907 1.334868 -0.134543
v -0.281718 1.408707 -0.134244
v -0.299152 1.333955 -0.148941
v -0.271722 1.408834 -0.148234
v -0.278037 1.330233 -0.156933
v -0.249331 1.403915 -0.158526
v -0.243313 1.326739 -0.168761
v -0.258970 1.478060 -0.132808
v -0.213183 1.442259 -0.122077
v -0.213848 1.436438 -0.107941
v -0.206904 1.430827 -0.097249
v -0.207111 1.376065 -0.102614
v -0.201498 1.428308 -0.107407
v -0.197766 1.459828 -0.107891
v -0.197923 1.427087 -0.121990
v -0.188747 1.368742 -0.125957
v -0.186021 1.422578 -0.129241
v -0.204713 1.369854 -0.120376
v -0.168815 1.363885 -0.124276
v -0.158198 1.291782 -0.111119
v -0.152702 1.362021 -0.120942
v -0.177187 1.298118 -0.116416
v -0.142805 1.289471 -0.104195
v -0.137697 1.362691 -0.116816
v -0.125770 1.361693 -0.111478
v -0.125770 1.361693 -0.111478
v -0.134387 1.421862 -0.116336
v -0.134387 1.421862 -0.116336
v -0.127127 1.354515 -0.096045
v -0.142416 1.418764 -0.108190
v -0.160713 1.451958 -0.105842
v -0.152852 1.458804 -0.115736
v -0.153824 1.418207 -0.094128
v -0.167388 1.447859 -0.091276
v -0.164462 1.418559 -0.071342
v -0.173493 1.443817 -0.067380
v -0.170286 1.421028 -0.032422
v -0.176569 1.444976 -0.031361
v -0.186475 1.458923 -0.029105
v -0.186475 1.458923 -0.029105
v -0.176211 1.462278 0.013870
v -0.189216 1.470416 0.009845
v -0.189216 1.470416 0.009845
v -0.206181 1.461989 -0.026756
v -0.248498 1.456060 -0.023147
v -0.317997 1.455478 -0.023642
v -0.314714 1.457449 -0.052440
v -0.375094 1.451645 -0.027787
v -0.379062 1.446426 -0.057974
v -0.381854 1.456981 -0.083185
v -0.310166 1.467187 -0.074600
v -0.388617 1.480304 -0.094020
v -0.424185 1.447075 -0.089990
v -0.427594 1.475768 -0.106828
v -0.427902 1.506609 -0.105669
v -0.427902 1.506609 -0.105669
v -0.388785 1.506126 -0.098400
v -0.388785 1.506126 -0.098400
v -0.489361 1.477178 -0.088680
v -0.489361 1.477178 -0.088680
v -0.489676 1.503766 -0.084385
v -0.489676 1.503766 -0.084385
v -0.556682 1.478458 -0.060631
v -0.556682 1.478458 -0.060631
v -0.557373 1.495884 -0.056846
v -0.556948 1.511728 -0.042522
v -0.630011 1.491668 -0.047237
v -0.633380 1.502216 -0.034101
v -0.633876 1.506373 -0.016646
v -0.556637 1.520541 -0.026778
v -0.632614 1.504665 0.000290
v -0.553440 1.517173 -0.009585
v -0.483287 1.541418 -0.014144
v -0.417743 1.546354 -0.017090
v -0.549996 1.507327 0.005484
v -0.479338 1.525157 0.007652
v -0.417702 1.528472 0.002405
v -0.362688 1.548941 -0.013682
v -0.364723 1.535705 0.007471
v -0.476121 1.504864 0.024567
v -0.415084 1.507281 0.015389
v -0.415084 1.507281 0.015389
v -0.369625 1.512229 0.023900
v -0.369625 1.512229 0.023900
v -0.415096 1.482967 0.012431
v -0.415096 1.482967 0.012431
v -0.372804 1.486359 0.019210
v -0.413927 1.462290 -0.004951
v -0.376845 1.458048 0.004719
v -0.414305 1.445315 -0.027975
v -0.465913 1.453259 0.004697
v -0.467612 1.439053 -0.020774
v -0.472336 1.439414 -0.050449
v -0.415051 1.438038 -0.059647
v -0.482401 1.454794 -0.074662
v -0.548681 1.449726 -0.034493
v -0.553124 1.461084 -0.051711
v -0.621956 1.455229 -0.042834
v -0.621956 1.455229 -0.042834
v -0.626833 1.472475 -0.050454
v -0.626833 1.472475 -0.050454
v -0.640783 1.455807 -0.041448
v -0.640783 1.455807 -0.041448
v -0.645546 1.471336 -0.045612
v -0.650395 1.487488 -0.041770
v -0.675582 1.470797 -0.047223
v -0.679153 1.486150 -0.041768
v -0.682465 1.490834 -0.028403
v -0.653132 1.495370 -0.029363
v -0.653618 1.498371 -0.014630
v -0.652014 1.497022 0.000824
v -0.629006 1.496443 0.015373
v -0.623378 1.482137 0.024172
v -0.547722 1.492922 0.016663
v -0.618514 1.465444 0.023442
v -0.618514 1.465444 0.023442
v -0.544661 1.476520 0.015679
v -0.544661 1.476520 0.015679
v -0.469262 1.475683 0.023544
v -0.469262 1.475683 0.023544
v -0.540998 1.460679 0.003026
v -0.543118 1.449937 -0.014386
v -0.673863 1.455866 -0.043497
v -0.673863 1.455866 -0.043497
v -0.367058 1.550166 -0.037280
v -0.150425 1.457853 0.062566
v -0.165655 1.435123 0.023009
v -0.124531 1.403075 0.093849
v -0.129702 1.398759 0.073945
v -0.148736 1.386029 0.032066
v -0.114658 1.333238 0.070165
v -0.134132 1.326011 0.031040
v -0.157813 1.373774 -0.033533
v -0.149700 1.371285 -0.074087
v -0.137891 1.364791 -0.089566
v -0.098699 1.276675 0.084766
v -0.101035 1.336411 0.089055
v -0.114961 1.276874 0.066611
v -0.086464 1.275749 0.096433
v -0.095095 1.338056 0.106860
v -0.116856 1.407202 0.103592
v -0.085027 1.339942 0.111473
v -0.098920 1.412690 0.109092
v -0.076894 1.341360 0.103870
v -0.083387 1.415151 0.113995
v -0.091729 1.487167 0.102878
v -0.070932 1.416283 0.099446
v -0.076814 1.487309 0.100650
v -0.076338 1.541575 0.078829
v -0.091651 1.540624 0.079440
v -0.073720 1.570442 0.059198
v -0.052511 1.542711 0.083394
v -0.046135 1.568808 0.064311
v 0.000637 1.538484 0.088545
v 0.000637 1.560107 0.073146
v 0.000637 1.566934 0.058715
v -0.022467 1.353698 -0.123886
v 0.000637 1.370266 -0.129181
v 0.000637 1.351506 -0.123463
v 0.000637 1.378709 -0.137893
v -0.045249 1.339742 -0.118352
v -0.039821 1.360136 -0.124896
v -0.025870 1.332901 -0.117809
v 0.000637 1.328857 -0.117196
v -0.060305 1.347163 -0.119048
v -0.053463 1.368015 -0.126265
v -0.073326 1.353004 -0.119066
v -0.065419 1.375141 -0.127071
v -0.056665 1.392246 -0.133783
v -0.075883 1.380576 -0.127381
v -0.067543 1.397478 -0.133966
v -0.062794 1.405548 -0.141796
v -0.062794 1.405548 -0.141796
v -0.052072 1.399337 -0.141302
v -0.052072 1.399337 -0.141302
v -0.069875 1.392116 -0.143840
v -0.060177 1.385540 -0.143502
v -0.058607 1.361049 -0.144721
v -0.070408 1.367630 -0.145457
v -0.080450 1.373130 -0.145777
v -0.082005 1.345281 -0.147278
v -0.091821 1.348966 -0.147793
v -0.078746 1.398163 -0.144027
v -0.089581 1.378108 -0.146017
v -0.101488 1.352750 -0.148302
v -0.104739 1.320584 -0.150438
v -0.113170 1.321705 -0.151177
v -0.097916 1.382582 -0.146073
v -0.109508 1.355730 -0.148595
v -0.120244 1.322127 -0.151580
v -0.126528 1.281937 -0.154494
v -0.134596 1.282366 -0.154434
v -0.117241 1.359831 -0.148340
v -0.128357 1.320921 -0.151467
v -0.142568 1.282751 -0.153857
v -0.154790 1.215431 -0.159388
v -0.164732 1.216951 -0.160327
v -0.167218 1.217738 -0.171078
v -0.181541 1.130616 -0.175668
v -0.178645 1.130147 -0.186584
v -0.165193 1.218867 -0.179584
v -0.172286 1.129403 -0.196101
v -0.194436 1.043132 -0.196048
v -0.184379 1.041050 -0.204412
v -0.157508 1.220815 -0.187875
v -0.157508 1.220815 -0.187875
v -0.160231 1.127534 -0.199438
v -0.160231 1.127534 -0.199438
v -0.170316 1.037356 -0.202350
v -0.170316 1.037356 -0.202350
v -0.199608 0.954324 -0.209219
v -0.199608 0.954324 -0.209219
v -0.183684 0.949101 -0.201319
v -0.183684 0.949101 -0.201319
v -0.147830 1.123892 -0.194711
v -0.158104 1.033863 -0.194288
v -0.167611 0.943801 -0.193371
v -0.197081 0.863909 -0.197914
v -0.173014 0.857302 -0.191580
v -0.142086 1.029051 -0.190069
v -0.145457 0.938568 -0.188861
v -0.147003 0.852572 -0.184546
v -0.180959 0.779953 -0.187328
v -0.151219 0.776203 -0.177403
v -0.113568 0.933536 -0.181654
v -0.113986 0.848957 -0.181155
v -0.120543 0.773007 -0.178384
v -0.165655 0.700879 -0.170864
v -0.136985 0.696304 -0.168109
v -0.061697 0.846265 -0.178782
v -0.072179 0.771723 -0.183419
v -0.101636 0.693993 -0.186077
v -0.064406 0.930339 -0.178623
v -0.025970 0.931769 -0.165765
v -0.079097 1.019279 -0.180237
v -0.031551 1.018286 -0.170013
v 0.000637 1.018993 -0.160677
v 0.000637 0.934313 -0.154465
v -0.072075 1.289540 -0.178384
v -0.075964 1.374426 -0.176678
v -0.075964 1.374426 -0.176678
v 0.000637 1.371363 -0.170135
v 0.000637 1.371363 -0.170135
v 0.000637 1.286346 -0.170132
v -0.071886 1.459897 -0.168613
v -0.071886 1.459897 -0.168613
v 0.000637 1.459887 -0.165646
v -0.113095 1.377575 -0.180043
v -0.115672 1.459882 -0.169055
v -0.115672 1.459882 -0.169055
v -0.111871 1.551353 -0.145149
v -0.061706 1.554758 -0.146308
v 0.000637 1.556021 -0.146504
v 0.000637 1.621599 -0.117008
v -0.034260 0.932225 -0.143233
v -0.024529 0.841806 -0.135829
v 0.000637 0.842262 -0.125165
v 0.000637 0.934125 -0.130696
v -0.092778 0.931838 -0.157217
v -0.068286 0.841466 -0.155933
v -0.057700 0.760735 -0.153949
v -0.065473 0.682910 -0.160155
v -0.118568 0.843727 -0.154840
v -0.111167 0.760571 -0.155267
v -0.118178 0.677430 -0.153832
v -0.144889 0.764293 -0.149294
v -0.146863 0.682565 -0.137079
v -0.175259 0.769981 -0.158084
v -0.176763 0.688289 -0.147857
v -0.197729 0.605620 -0.143335
v -0.231606 0.532018 -0.147258
v -0.215055 0.696613 -0.162479
v -0.235792 0.617097 -0.159533
v -0.268095 0.547255 -0.159725
v -0.300432 0.489028 -0.159710
v -0.275128 0.633574 -0.170415
v -0.302920 0.564901 -0.168752
v -0.332230 0.503959 -0.168516
v -0.331929 0.435082 -0.161099
v -0.361701 0.446413 -0.169572
v -0.330540 0.581179 -0.176982
v -0.359350 0.518039 -0.176687
v -0.387056 0.457018 -0.178263
v -0.410057 0.398904 -0.180675
v -0.367002 0.524583 -0.202497
v -0.367002 0.524583 -0.202497
v -0.393284 0.461355 -0.203329
v -0.393284 0.461355 -0.203329
v -0.415170 0.401256 -0.203366
v -0.415170 0.401256 -0.203366
v -0.373721 0.454775 -0.219767
v -0.373721 0.454775 -0.219767
v -0.401410 0.396539 -0.220273
v -0.414897 0.360346 -0.218735
v -0.353245 0.446537 -0.199405
v -0.342769 0.517475 -0.217809
v -0.342769 0.517475 -0.217809
v -0.320112 0.510362 -0.195943
v -0.287486 0.500234 -0.182551
v -0.324750 0.435047 -0.184603
v -0.287890 0.576082 -0.194215
v -0.252817 0.566923 -0.181430
v -0.217830 0.561735 -0.168563
v -0.224099 0.632208 -0.181358
v -0.189537 0.627366 -0.168147
v -0.198071 0.704815 -0.183352
v -0.258950 0.641318 -0.194282
v -0.232128 0.712399 -0.195063
v -0.210885 0.786613 -0.195897
v -0.258192 0.719859 -0.213048
v -0.258192 0.719859 -0.213048
v -0.234288 0.793319 -0.211753
v -0.234288 0.793319 -0.211753
v -0.215751 0.870068 -0.211176
v -0.215751 0.870068 -0.211176
v -0.259541 0.800199 -0.209078
v -0.235577 0.875963 -0.206919
v -0.214162 0.957825 -0.202434
v -0.241150 0.876558 -0.187735
v -0.219017 0.958350 -0.187103
v -0.198710 1.043530 -0.183569
v -0.210242 0.955096 -0.175940
v -0.192517 1.041726 -0.173508
v -0.174774 1.129779 -0.167827
v -0.180767 1.039203 -0.170064
v -0.163973 1.128402 -0.165462
v -0.145063 1.214454 -0.159340
v -0.152966 1.126898 -0.163677
v -0.135530 1.213811 -0.158476
v -0.119550 1.282080 -0.153894
v -0.126380 1.212495 -0.157398
v -0.110577 1.282644 -0.152996
v -0.095300 1.317894 -0.149588
v -0.097856 1.281143 -0.151559
v -0.082743 1.314502 -0.148537
v -0.069389 1.340618 -0.146619
v -0.064738 1.309909 -0.147032
v -0.053571 1.334552 -0.145136
v -0.045388 1.354247 -0.143622
v -0.034166 1.329531 -0.143047
v -0.028645 1.348818 -0.142026
v 0.000637 1.328254 -0.140091
v 0.000637 1.347518 -0.139584
v 0.000637 1.366102 -0.139135
v 0.000637 1.366102 -0.139135
v -0.056678 1.118340 -0.149888
v -0.046426 1.024438 -0.148158
v 0.000637 1.026859 -0.135485
v 0.000637 1.117846 -0.138546
v -0.111132 1.121094 -0.156868
v -0.111064 1.027105 -0.157953
v -0.129624 1.124415 -0.159958
v -0.137329 1.030566 -0.161894
v -0.135404 0.937374 -0.160672
v -0.153655 1.035179 -0.164987
v -0.160565 0.942540 -0.165509
v -0.154831 0.849014 -0.160518
v -0.178337 0.947734 -0.169058
v -0.182600 0.856952 -0.167192
v -0.194251 0.950953 -0.172112
v -0.203892 0.864271 -0.171677
v -0.207318 0.778532 -0.167612
v -0.225084 0.870817 -0.176830
v -0.236058 0.788946 -0.175160
v -0.251355 0.709439 -0.172547
v -0.260113 0.798405 -0.183877
v -0.278802 0.722317 -0.180796
v -0.303057 0.648957 -0.178443
v -0.285420 0.727521 -0.207423
v -0.313054 0.656888 -0.204118
v -0.313054 0.656888 -0.204118
v -0.340376 0.589717 -0.202790
v -0.340376 0.589717 -0.202790
v -0.285573 0.649235 -0.214712
v -0.285573 0.649235 -0.214712
v -0.313262 0.582737 -0.216117
v -0.167381 1.036588 -0.167511
v -0.141915 1.125267 -0.162187
v -0.116143 1.212235 -0.156122
v -0.097670 1.212397 -0.153937
v -0.078978 1.276567 -0.149435
v -0.057360 1.209582 -0.148618
v -0.049227 1.270784 -0.146094
v -0.040746 1.304742 -0.144497
v 0.000637 1.267367 -0.140979
v 0.000637 1.301547 -0.140811
v 0.000637 1.206926 -0.140382
v 0.000637 1.651328 -0.105034
v 0.000637 1.666477 -0.100440
v -0.043185 1.674914 -0.084484
v 0.000637 1.680232 -0.095426
v -0.044520 1.688295 -0.084934
v 0.000637 1.691601 -0.093212
v -0.051045 1.695906 -0.093259
v 0.000637 1.697624 -0.104208
v -0.073386 1.678897 -0.057215
v -0.085372 1.684973 -0.063093
v -0.095848 1.694292 -0.068625
v -0.058247 1.703981 -0.101321
v 0.000637 1.704252 -0.116263
v -0.108058 1.674762 -0.033142
v -0.119886 1.684959 -0.040756
v -0.111587 1.692925 -0.031254
v -0.136848 1.678169 -0.018747
v -0.129861 1.686897 -0.009299
v -0.115322 1.683194 0.005075
v -0.096531 1.693010 -0.016043
v -0.144549 1.682112 0.008998
v -0.129821 1.673032 0.021222
v -0.149433 1.675131 0.023504
v -0.142225 1.663318 0.033428
v -0.154336 1.666154 0.014402
v -0.145375 1.655572 0.024797
v -0.127210 1.642021 0.032224
v -0.136167 1.662057 0.009293
v -0.118582 1.650102 0.017400
v -0.124161 1.668503 -0.011109
v -0.107965 1.659984 -0.001912
v -0.091165 1.647099 -0.000482
v -0.086641 1.628465 -0.011850
v -0.091925 1.668024 -0.027302
v -0.081285 1.656754 -0.031926
v -0.067614 1.665826 -0.060624
v -0.150301 1.672866 0.000193
v -0.151685 1.460854 -0.157718
v -0.151685 1.460854 -0.157718
v -0.152835 1.547950 -0.144200
v -0.180163 1.463651 -0.159401
v -0.180163 1.463651 -0.159401
v -0.196451 1.545635 -0.143534
v -0.196451 1.545635 -0.143534
v -0.201722 1.592191 -0.107389
v -0.200365 1.619174 -0.073145
v -0.158876 1.632320 -0.048440
v -0.152554 1.379860 -0.162563
v -0.138880 1.377597 -0.176032
v -0.141757 1.300051 -0.184154
v -0.123242 1.296102 -0.185040
v -0.103655 1.292075 -0.182380
v -0.117830 1.207448 -0.185633
v -0.097547 1.204337 -0.182368
v -0.064140 1.201019 -0.177558
v -0.092551 1.112927 -0.181066
v -0.049936 1.108441 -0.175024
v 0.000637 1.197933 -0.168442
v 0.000637 1.106335 -0.165570
v -0.118820 1.024249 -0.185646
v -0.118906 1.116978 -0.186345
v -0.135394 1.120416 -0.189387
v -0.132417 1.211075 -0.188842
v -0.145146 1.214624 -0.191436
v -0.145146 1.214624 -0.191436
v -0.106034 1.386641 -0.145967
v -0.114003 1.390272 -0.145055
v -0.117945 1.391894 -0.140159
v -0.117945 1.391894 -0.140159
v -0.111881 1.388829 -0.135276
v -0.120460 1.362668 -0.134341
v -0.132167 1.330691 -0.133035
v -0.103371 1.387332 -0.130180
v -0.110919 1.359880 -0.127385
v -0.123221 1.329538 -0.127744
v -0.151051 1.290507 -0.132963
v -0.140319 1.281052 -0.125695
v -0.103790 1.358443 -0.122322
v -0.114388 1.326654 -0.121273
v -0.128782 1.274199 -0.117116
v -0.165832 1.199561 -0.122881
v -0.150532 1.190274 -0.113067
v -0.105407 1.324521 -0.113999
v -0.105407 1.324521 -0.113999
v -0.095474 1.357963 -0.118596
v -0.095474 1.357963 -0.118596
v -0.085867 1.356021 -0.118403
v -0.097302 1.315315 -0.106412
v -0.097302 1.315315 -0.106412
v -0.079938 1.321844 -0.108566
v -0.067238 1.318704 -0.109797
v -0.079010 1.274242 -0.096369
v -0.096547 1.205053 -0.093264
v -0.096547 1.205053 -0.093264
v -0.051709 1.312183 -0.110198
v -0.063168 1.270422 -0.099874
v -0.080271 1.197530 -0.099883
v -0.099156 1.138297 -0.104808
v -0.099156 1.138297 -0.104808
v -0.099156 1.138297 -0.104808
v -0.083823 1.132569 -0.109010
v -0.083823 1.132569 -0.109010
v -0.041326 1.262469 -0.103361
v -0.052640 1.188538 -0.104999
v 0.000637 1.259066 -0.107541
v 0.000637 1.180225 -0.107868
v -0.030170 1.306306 -0.110768
v 0.000637 1.303977 -0.111104
v -0.112481 1.072567 -0.112434
v -0.112481 1.072567 -0.112434
v -0.104395 1.070799 -0.093048
v -0.104395 1.070799 -0.093048
v -0.102502 1.076297 -0.085421
v -0.102502 1.076297 -0.085421
v -0.102502 1.076297 -0.085421
v -0.143384 1.042727 -0.070333
v -0.143384 1.042727 -0.070333
v -0.121863 1.026686 -0.076811
v -0.130601 1.015134 -0.116976
v -0.130601 1.015134 -0.116976
v -0.128082 1.078856 -0.104322
v -0.155142 1.019055 -0.104762
v -0.148046 1.084536 -0.089501
v -0.180584 1.022586 -0.081931
v -0.166987 1.094591 -0.068034
v -0.200288 1.024695 -0.051922
v -0.184861 1.089622 -0.038672
v -0.208384 1.023084 -0.019457
v -0.218390 0.968094 -0.017704
v -0.219340 0.975823 -0.042094
v -0.207475 0.977049 -0.070203
v -0.224931 0.936288 -0.063539
v -0.212719 0.937378 -0.085579
v -0.187686 0.974093 -0.096138
v -0.193271 0.933680 -0.106385
v -0.161145 0.968086 -0.115822
v -0.167187 0.928133 -0.121599
v -0.133061 0.960265 -0.122844
v -0.133061 0.960265 -0.122844
v -0.147319 0.922805 -0.115972
v -0.147319 0.922805 -0.115972
v -0.176653 0.903628 -0.111011
v -0.186172 0.882087 -0.113165
v -0.232679 0.931179 -0.044148
v -0.229665 0.923289 -0.030145
v -0.229665 0.923289 -0.030145
v -0.214255 0.959407 -0.001691
v -0.214255 0.959407 -0.001691
v -0.214255 0.959407 -0.001691
v -0.232137 0.893610 -0.054467
v -0.220146 0.925624 -0.033832
v -0.207700 0.953705 -0.013070
v -0.211434 0.933418 -0.051039
v -0.203740 0.958667 -0.033040
v -0.195737 0.975089 -0.019197
v -0.195737 0.975089 -0.019197
v -0.200158 0.967508 -0.008926
v -0.200158 0.967508 -0.008926
v -0.242990 0.863636 -0.070814
v -0.255887 0.825921 -0.089240
v -0.285766 0.773040 -0.106571
v -0.285766 0.773040 -0.106571
v -0.294330 0.785054 -0.114611
v -0.305623 0.797403 -0.120923
v -0.085556 1.384484 -0.127355
v -0.085556 1.384484 -0.127355
v -0.094947 1.386810 -0.127588
v -0.086174 1.405543 -0.133815
v -0.077368 1.402967 -0.134388
v -0.077368 1.402967 -0.134388
v -0.080569 1.415200 -0.138399
v -0.080569 1.415200 -0.138399
v -0.071229 1.412206 -0.141861
v -0.071229 1.412206 -0.141861
v -0.071229 1.412206 -0.141861
v -0.086791 1.403580 -0.144069
v -0.181208 1.208000 -0.131536
v -0.047208 1.342145 0.089774
v 0.000637 1.270989 0.079080
v 0.000637 1.342585 0.088691
v 0.000637 1.421056 0.105348
v -0.053183 1.418305 0.097474
v -0.066039 1.343844 0.087620
v 0.000637 1.493226 0.114156
v -0.057905 1.488873 0.104682
v -0.076939 1.274128 0.104479
v -0.082568 1.220208 0.102929
v -0.093523 1.220499 0.094737
v -0.099082 1.151177 0.099883
v -0.104897 1.222809 0.082845
v -0.115936 1.229014 0.054973
v -0.124937 1.067199 0.095426
v -0.124937 1.067199 0.095426
v -0.160145 1.226862 -0.097511
v -0.175672 1.234529 -0.106617
v -0.176290 1.180097 -0.096384
v -0.195371 1.246487 -0.114306
v -0.246150 1.150194 -0.094711
v -0.497341 0.334304 -0.175930
v -0.485954 0.329370 -0.163514
v -0.500066 0.334993 -0.157794
v -0.505911 0.291158 -0.164071
v -0.513959 0.293889 -0.159293
v -0.512663 0.339481 -0.169561
v -0.512663 0.339481 -0.169561
v -0.518982 0.295355 -0.166744
v -0.518982 0.295355 -0.166744
v -0.518982 0.295355 -0.166744
v -0.519853 0.276821 -0.160277
v -0.519853 0.276821 -0.160277
v -0.521536 0.277014 -0.165069
v -0.521536 0.277014 -0.165069
v -0.511258 0.292679 -0.172234
v -0.511258 0.292679 -0.172234
v -0.516191 0.274868 -0.168526
v -0.516191 0.274868 -0.168526
v -0.514191 0.274835 -0.163563
v -0.514191 0.274835 -0.163563
v -0.520750 0.412139 -0.169389
v -0.110337 0.781158 -0.085889
v -0.036240 0.917246 -0.057596
v -0.059730 0.848224 -0.064665
v -0.072941 0.772761 -0.070648
v -0.122027 0.706560 -0.081029
v -0.089298 0.697931 -0.070411
v -0.040789 0.842810 -0.030384
v -0.056863 0.766198 -0.037526
v -0.068039 0.690811 -0.044424
v -0.098893 0.650178 -0.078845
v -0.075662 0.649776 -0.048438
v -0.054715 0.759253 -0.004881
v -0.057939 0.690379 -0.009424
v -0.053469 0.756403 0.023420
v -0.062001 0.697733 0.024133
v -0.034997 0.841328 -0.000191
v -0.044999 0.840401 0.026354
v -0.018771 0.905470 0.002265
v -0.028180 0.906513 0.025762
v -0.031558 0.907395 0.046364
v -0.020412 0.946599 0.022158
v -0.018129 0.950559 0.043549
v -0.030897 0.959880 0.063871
v -0.043216 0.910260 0.065728
v -0.058348 0.973167 0.087584
v -0.074214 0.914288 0.086400
v -0.116321 0.854356 0.093783
v -0.011248 0.970334 0.020314
v -0.011406 0.943481 0.002576
v -0.007409 0.967611 0.001925
v -0.004825 0.980022 0.001284
v -0.005568 0.981883 0.019359
v 0.000637 0.987455 0.001106
v 0.000637 0.987455 0.001106
v 0.000637 0.988516 0.018686
v 0.000637 0.988516 0.018686
v 0.000637 0.991530 0.032186
v 0.000637 0.991530 0.032186
v 0.000637 0.987210 -0.019062
v 0.000637 0.987210 -0.019062
v -0.005426 0.980802 -0.018946
v -0.009321 0.969213 -0.018411
v -0.025651 0.949224 -0.048041
v -0.014155 0.946699 -0.018419
v -0.022135 0.910438 -0.022241
v -0.143717 0.605629 -0.092373
v -0.133173 0.653002 -0.092970
v -0.111168 0.599038 -0.084026
v -0.173103 0.612478 -0.084631
v -0.167977 0.653546 -0.082995
v -0.155195 0.712289 -0.073416
v -0.194553 0.654428 -0.059402
v -0.185530 0.712757 -0.049685
v -0.208058 0.656947 -0.022784
v -0.208058 0.656947 -0.022784
v -0.216634 0.619080 0.016627
v -0.210863 0.665482 0.027643
v -0.213122 0.621385 -0.029827
v -0.213122 0.621385 -0.029827
v -0.196107 0.617346 -0.062685
v -0.215472 0.563947 -0.045470
v -0.215472 0.563947 -0.045470
v -0.206266 0.553360 -0.077543
v -0.232992 0.494380 -0.027909
v -0.211405 0.567803 -0.007087
v -0.223825 0.491001 -0.062689
v -0.223825 0.491001 -0.062689
v -0.211086 0.491867 -0.086512
v -0.218237 0.491390 0.009884
v -0.197722 0.562048 0.025198
v -0.200313 0.605874 0.044082
v -0.188445 0.553042 0.045437
v -0.191447 0.597173 0.061555
v -0.195100 0.643850 0.073064
v -0.199946 0.652707 0.054266
v -0.182749 0.592375 0.077753
v -0.188584 0.639665 0.092335
v -0.172747 0.587425 0.087882
v -0.175074 0.636767 0.103978
v -0.158137 0.589073 0.082965
v -0.157727 0.635312 0.102830
v -0.139756 0.592301 0.076105
v -0.130884 0.549425 0.052124
v -0.154302 0.546780 0.062629
v -0.169984 0.543267 0.073626
v -0.169718 0.492706 0.070329
v -0.173858 0.435633 0.062169
v -0.179945 0.547068 0.063260
v -0.190914 0.490424 0.058269
v -0.195145 0.429301 0.046046
v -0.204105 0.490255 0.037241
v -0.206809 0.431606 0.022551
v -0.196347 0.365548 0.028690
v -0.211745 0.365555 0.009447
v -0.221723 0.433263 -0.004410
v -0.220902 0.366719 -0.012054
v -0.212708 0.282546 0.006952
v -0.212708 0.282546 0.006952
v -0.219396 0.283269 -0.008657
v -0.219396 0.283269 -0.008657
v -0.231454 0.433039 -0.041408
v -0.225073 0.366612 -0.039677
v -0.221622 0.281739 -0.027753
v -0.221622 0.281739 -0.027753
v -0.225782 0.206356 0.005129
v -0.227382 0.202264 -0.015138
v -0.221713 0.365078 -0.066743
v -0.221713 0.365078 -0.066743
v -0.218303 0.278795 -0.048335
v -0.218303 0.278795 -0.048335
v -0.218303 0.278795 -0.048335
v -0.225140 0.199449 -0.035483
v -0.225140 0.199449 -0.035483
v -0.225140 0.199449 -0.035483
v -0.208393 0.276835 -0.065270
v -0.216192 0.197530 -0.053069
v -0.216192 0.197530 -0.053069
v -0.226357 0.159323 -0.052323
v -0.203109 0.196102 -0.065446
v -0.203109 0.196102 -0.065446
v -0.212208 0.159202 -0.070838
v -0.214308 0.105271 -0.069685
v -0.217463 0.051062 -0.073942
v -0.196730 0.050932 -0.085119
v -0.220469 0.028822 -0.075421
v -0.196734 0.029346 -0.087687
v -0.174308 0.051059 -0.082639
v -0.172655 0.029776 -0.084947
v -0.159893 0.051297 -0.067964
v -0.156057 0.029662 -0.069088
v -0.154258 0.052146 -0.046030
v -0.151859 0.029301 -0.044307
v -0.156066 0.011756 -0.041579
v -0.173397 0.005236 -0.038137
v -0.158557 0.031085 -0.015810
v -0.158557 0.031085 -0.015810
v -0.163309 0.013136 -0.010652
v -0.182277 0.007111 -0.010258
v -0.202093 0.006360 -0.011851
v -0.177389 0.025612 0.017397
v -0.177389 0.025612 0.017397
v -0.194102 0.024814 0.013679
v -0.194102 0.024814 0.013679
v -0.211292 0.023943 0.008555
v -0.211292 0.023943 0.008555
v -0.206916 0.016459 0.051718
v -0.224134 0.015415 0.047009
v -0.241098 0.014799 0.041232
v -0.258890 0.014861 0.034721
v -0.241939 0.002189 0.107581
v -0.261809 0.001675 0.102582
v -0.280720 0.000950 0.098833
v -0.267833 0.022419 0.032898
v -0.267833 0.022419 0.032898
v -0.293882 0.007887 0.097022
v -0.293882 0.007887 0.097022
v -0.290866 0.000688 0.153845
v -0.301854 0.006989 0.155767
v -0.301854 0.006989 0.155767
v -0.290994 0.021985 0.102396
v -0.295716 0.020173 0.155832
v -0.285638 0.002853 0.188003
v -0.292310 0.011583 0.191100
v -0.292310 0.011583 0.191100
v -0.285715 0.023146 0.187552
v -0.292389 0.036769 0.157033
v -0.282759 0.038368 0.187146
v -0.277524 0.015805 0.210103
v -0.277524 0.015805 0.210103
v -0.272491 0.026162 0.206109
v -0.255081 0.019513 0.214540
v -0.255081 0.019513 0.214540
v -0.253032 0.027592 0.214700
v -0.231009 0.017446 0.205649
v -0.229802 0.028892 0.205709
v -0.206325 0.016343 0.177766
v -0.206716 0.031985 0.178908
v -0.211929 0.050207 0.178068
v -0.225991 0.063765 0.173054
v -0.240819 0.074539 0.136330
v -0.228912 0.104001 0.082794
v -0.244802 0.093518 0.071491
v -0.263230 0.067256 0.127008
v -0.280930 0.055148 0.116207
v -0.290242 0.039735 0.107766
v -0.241177 0.140406 0.038869
v -0.241879 0.172508 0.020051
v -0.219093 0.210287 0.019767
v -0.202955 0.283781 0.018961
v -0.202955 0.283781 0.018961
v -0.191189 0.281069 0.026263
v -0.188490 0.340847 0.030263
v -0.177817 0.280481 0.024321
v -0.175273 0.357911 0.032406
v -0.166079 0.207730 0.027686
v -0.166079 0.207730 0.027686
v -0.164877 0.276592 0.016593
v -0.156780 0.360493 0.026001
v -0.151480 0.275792 0.000287
v -0.139522 0.360480 0.011850
v -0.175366 0.404570 0.047310
v -0.142942 0.273004 -0.017400
v -0.151455 0.191865 -0.033563
v -0.151455 0.191865 -0.033563
v -0.141502 0.270237 -0.040175
v -0.148716 0.195242 -0.010975
v -0.148716 0.195242 -0.010975
v -0.148716 0.195242 -0.010975
v -0.154251 0.201575 0.010169
v -0.154251 0.201575 0.010169
v -0.147566 0.270867 -0.060227
v -0.160672 0.273462 -0.073517
v -0.136234 0.360998 -0.096769
v -0.177739 0.275430 -0.079821
v -0.162990 0.364035 -0.106687
v -0.145161 0.431522 -0.119194
v -0.113100 0.427430 -0.101785
v -0.129333 0.519148 -0.096333
v -0.194671 0.276553 -0.076160
v -0.149216 0.154404 -0.035101
v -0.154373 0.103249 -0.040632
v -0.184027 0.024031 0.129350
v -0.178739 0.027329 0.060813
v -0.178739 0.027329 0.060813
v -0.187284 0.008386 0.123361
v -0.187284 0.008386 0.123361
v -0.207907 0.004163 0.176919
v -0.207907 0.004163 0.176919
v -0.203128 0.003578 0.117236
v -0.222051 0.000124 0.168409
v -0.189718 0.018225 0.056102
v -0.222314 0.002539 0.112723
v -0.168487 0.035342 0.017107
v -0.168487 0.035342 0.017107
v -0.168487 0.035342 0.017107
v -0.221490 0.011455 -0.075365
v -0.227418 0.433215 -0.075653
v -0.227418 0.433215 -0.075653
v -0.032390 1.633679 0.018396
v -0.020881 1.603673 0.012296
v -0.035689 1.622317 0.004228
v -0.014378 1.614316 0.004217
v -0.029052 1.624811 -0.002911
v -0.041014 1.642521 -0.017599
v -0.020700 1.643448 0.004248
v -0.032113 1.656726 -0.005548
v -0.043197 1.678582 -0.019950
v -0.047417 1.670871 -0.032361
v -0.037443 1.673466 0.017446
v -0.046293 1.688933 -0.002815
v -0.039329 1.698649 0.038260
v -0.050551 1.706002 0.012050
v -0.041493 1.731881 0.043926
v -0.052115 1.729046 0.020689
v -0.049133 1.767400 0.047987
v -0.028917 1.735005 0.056398
v -0.059444 1.790112 0.059061
v -0.015906 1.736200 0.066663
v -0.007937 1.735587 0.072980
v 0.000637 1.714122 0.080914
v 0.000637 1.736820 0.075598
v 0.000637 1.773623 0.075927
v 0.000637 1.789741 0.086820
v 0.000637 1.801571 0.097184
v 0.000637 1.591563 0.008631
v 0.000637 1.609745 0.006239
v -0.008737 1.635821 0.010339
v 0.000637 1.633304 0.012702
v 0.000637 1.740230 -0.107353
v 0.000637 1.764520 -0.113842
v -0.076241 1.785580 -0.058094
v -0.059869 1.795023 -0.078224
v -0.027022 1.843169 0.088102
v 0.000637 1.851431 0.090255
v -0.015700 1.866948 0.058818
v 0.000637 1.874684 0.033145
v 0.000637 1.874684 0.033145
v -0.332432 0.316759 -0.160554
v -0.358722 0.277185 -0.163880
v -0.390044 0.231888 -0.179534
v -0.390044 0.231888 -0.179534
v -0.379930 0.229969 -0.167354
v -0.379930 0.229969 -0.167354
v -0.379930 0.229969 -0.167354
v -0.393162 0.232924 -0.161686
v -0.393162 0.232924 -0.161686
v -0.392792 0.194402 -0.166465
v -0.392792 0.194402 -0.166465
v -0.398673 0.196033 -0.162034
v -0.403270 0.234491 -0.173479
v -0.403323 0.195930 -0.169620
v -0.397507 0.194092 -0.174460
v 0.000637 1.860681 0.065531
v 0.008674 1.885086 0.005724
v 0.008674 1.885086 0.005724
v 0.008674 1.885086 0.005724
v 0.010075 1.884193 0.013301
v 0.011206 1.877090 0.004057
v 0.011206 1.877090 0.004057
v 0.008546 1.875697 0.014857
v 0.008546 1.875697 0.014857
v 0.027185 1.600428 0.027247
v 0.015960 1.610840 0.023073
v 0.040080 1.586523 0.035404
v 0.000675 0.752983 -0.140623
v 0.046469 0.704889 -0.173611
v 0.016635 0.703238 -0.152329
v 0.016635 0.703238 -0.152329
v 0.027297 0.774671 -0.162326
v 0.023594 0.847907 -0.161762
v 0.007470 0.699378 -0.134044
v 0.007470 0.699378 -0.134044
v 0.007618 0.696736 -0.132028
v 0.007618 0.696736 -0.132028
v 0.007618 0.696736 -0.132028
v 0.021354 0.988533 0.062135
v 0.021354 0.988533 0.062135
v 0.031228 1.017322 0.088119
v 0.031228 1.017322 0.088119
v 0.031228 1.017322 0.088119
v 0.007659 0.988674 0.036826
v 0.013968 0.975784 0.039327
v 0.274208 1.234743 -0.137921
v 0.255791 1.272569 -0.135533
v 0.247106 1.269115 -0.140730
v 0.266008 1.231162 -0.145117
v 0.248290 1.270928 -0.132147
v 0.264143 1.232361 -0.131442
v 0.430504 0.315919 -0.195533
v 0.430504 0.315919 -0.195533
v 0.416171 0.318047 -0.186970
v 0.388395 0.339353 -0.188593
v 0.388395 0.339353 -0.188593
v 0.409429 0.345385 -0.202869
v 0.409429 0.345385 -0.202869
v 0.418951 0.325029 -0.170572
v 0.427720 0.329707 -0.172873
v 0.429874 0.353544 -0.199801
v 0.429874 0.353544 -0.199801
v 0.425284 0.353414 -0.178382
v 0.425284 0.353414 -0.178382
v 0.402189 0.172878 -0.168470
v 0.404163 0.160485 -0.164184
v 0.402640 0.164951 -0.163092
v 0.400299 0.173640 -0.163848
v 0.400299 0.173640 -0.163848
v 0.404909 0.164993 -0.163523
v 0.404909 0.164993 -0.163523
v 0.404985 0.174116 -0.165652
v 0.404985 0.174116 -0.165652
v 0.403805 0.165404 -0.161113
v 0.403805 0.165404 -0.161113
v 0.402722 0.174909 -0.161312
v 0.402722 0.174909 -0.161312
v 0.358719 0.384488 -0.186998
v 0.384107 0.391185 -0.202959
v 0.360918 0.327445 -0.178340
v 0.328737 0.373299 -0.175197
v 0.403110 0.291101 -0.177460
v 0.403110 0.291101 -0.177460
v 0.380198 0.285191 -0.180341
v 0.364351 0.329897 -0.157934
v 0.383218 0.286635 -0.160331
v 0.410982 0.348182 -0.172609
v 0.363873 0.386150 -0.163978
v 0.363873 0.386150 -0.163978
v 0.334291 0.375062 -0.154532
v 0.334291 0.375062 -0.154532
v 0.334291 0.375062 -0.154532
v 0.390149 0.392504 -0.172165
v 0.390149 0.392504 -0.172165
v 0.295628 0.425273 -0.172859
v 0.265529 0.425305 -0.160668
v 0.265529 0.425305 -0.160668
v 0.223178 0.489721 -0.157973
v 0.223178 0.489721 -0.157973
v 0.255030 0.491815 -0.170175
v 0.255030 0.491815 -0.170175
v 0.307796 0.362979 -0.157899
v 0.307796 0.362979 -0.157899
v 0.302723 0.425784 -0.152626
v 0.302723 0.425784 -0.152626
v 0.302723 0.425784 -0.152626
v 0.237353 0.461959 -0.136311
v 0.269029 0.473843 -0.150286
v 0.269029 0.473843 -0.150286
v 0.216593 0.436514 -0.139831
v 0.190838 0.492391 -0.144256
v 0.197230 0.446201 -0.115933
v 0.184215 0.486007 -0.119605
v 0.116998 0.603460 0.068337
v 0.119738 0.640650 0.083552
v 0.109707 0.674792 0.080131
v 0.086352 0.621789 0.058265
v 0.140238 0.636175 0.094085
v 0.138946 0.682895 0.096110
v 0.081049 0.667906 0.031106
v 0.095242 0.684870 0.055702
v 0.093630 0.580773 -0.007024
v 0.069373 0.652518 -0.007590
v 0.096472 0.605045 0.039662
v 0.092972 0.561690 0.008401
v 0.111262 0.563879 0.044745
v 0.113514 0.709186 0.084708
v 0.104965 0.702855 0.064991
v 0.132722 0.716023 0.093907
v 0.118094 0.724580 0.070772
v 0.099595 0.722346 0.062499
v 0.135106 0.728688 0.077981
v 0.081392 0.709615 0.044110
v 0.154854 0.718972 0.099577
v 0.166767 0.725610 0.096626
v 0.157862 0.686827 0.103108
v 0.171011 0.689841 0.101097
v 0.086993 0.511814 0.022479
v 0.100397 0.504888 0.032328
v 0.084217 0.501914 -0.008187
v 0.123088 0.742905 0.072861
v 0.087288 0.767016 0.070117
v 0.176740 0.722854 0.084605
v 0.156919 0.728310 0.076568
v 0.064546 0.758789 0.048858
v 0.067479 0.839458 0.065261
v 0.051834 0.836464 0.048720
v 0.099006 0.786398 0.079492
v 0.085875 0.842419 0.080847
v 0.124623 0.765737 0.075082
v 0.123435 0.499143 0.046754
v 0.130107 0.458597 0.044501
v 0.154815 0.447319 0.054710
v 0.149015 0.495078 0.060078
v 0.132442 0.428632 0.033219
v 0.104263 0.466553 0.028856
v 0.104797 0.441472 0.008663
v 0.159198 0.417520 0.038514
v 0.085996 0.507036 -0.033456
v 0.187597 0.717372 0.066264
v 0.178710 0.722706 0.058947
v 0.192374 0.691195 0.072760
v 0.182167 0.689508 0.088729
v 0.191626 0.699890 0.054672
v 0.086801 0.591795 -0.056382
v 0.102759 0.515147 -0.073868
v 0.250453 0.001790 0.186584
v 0.258030 0.001095 0.175970
v 0.271378 0.001934 0.181550
v 0.267126 0.003168 0.195610
v 0.253690 0.000117 0.154385
v 0.272490 0.000312 0.152748
v 0.236940 0.000000 0.160561
v 0.242880 0.002504 0.194286
v 0.258581 0.003901 0.202275
v 0.259074 0.008491 0.213546
v 0.259074 0.008491 0.213546
v 0.232590 0.007215 0.206146
v 0.232590 0.007215 0.206146
v 0.276288 0.004468 0.205181
v 0.276288 0.004468 0.205181
v 0.266422 0.053947 0.202695
v 0.251819 0.054953 0.211682
v 0.252652 0.041419 0.216741
v 0.272022 0.040228 0.206772
v 0.240134 0.058466 0.198131
v 0.230932 0.045197 0.204865
v 0.255841 0.061853 0.189390
v 0.276737 0.051920 0.185464
v 0.267021 0.060177 0.180175
v 0.268417 0.062929 0.159623
v 0.285013 0.052170 0.158165
v 0.247849 0.068282 0.165470
v 0.213419 0.004346 -0.038935
v 0.206945 0.004107 -0.054344
v 0.215948 0.003907 -0.066358
v 0.229918 0.004284 -0.047090
v 0.191894 0.004206 -0.058159
v 0.194866 0.004626 -0.036082
v 0.193700 0.003991 -0.077730
v 0.223112 0.005714 -0.018115
v 0.244848 0.005236 -0.026497
v 0.246283 0.021108 -0.009996
v 0.229932 0.022800 0.001618
v 0.238073 0.029347 -0.050827
v 0.252338 0.028609 -0.016176
v 0.252338 0.028609 -0.016176
v 0.246915 0.011922 -0.032068
v 0.237899 0.010529 -0.051770
v 0.165868 0.003987 -0.080294
v 0.171341 0.014830 -0.084432
v 0.197244 0.013240 -0.089525
v 0.171351 0.005146 -0.061944
v 0.158513 0.013387 -0.066941
v 0.181434 0.067792 0.072227
v 0.193541 0.092619 0.079487
v 0.178912 0.129162 0.058539
v 0.167971 0.099647 0.028308
v 0.167971 0.099647 0.028308
v 0.201221 0.062152 0.140550
v 0.185589 0.043067 0.135920
v 0.212018 0.104132 0.087152
v 0.203598 0.148082 0.065638
v 0.218752 0.073485 0.141860
v 0.165138 0.054230 0.018216
v 0.165138 0.054230 0.018216
v 0.180309 0.045682 0.065005
v 0.152665 0.100960 -0.013216
v 0.152665 0.100960 -0.013216
v 0.157824 0.054329 -0.018093
v 0.157824 0.054329 -0.018093
v 0.151773 0.157996 0.020401
v 0.151773 0.157996 0.020401
v 0.149275 0.156253 -0.008137
v 0.162071 0.170633 0.046379
v 0.267676 0.062213 0.045338
v 0.251201 0.099828 -0.003036
v 0.251201 0.099828 -0.003036
v 0.251456 0.123823 0.019821
v 0.259091 0.079238 0.058467
v 0.250894 0.052391 -0.013729
v 0.250894 0.052391 -0.013729
v 0.267151 0.040329 0.037352
v 0.232370 0.102295 -0.046365
v 0.234357 0.052139 -0.050374
v 0.238933 0.159530 -0.026553
v 0.238933 0.159530 -0.026553
v 0.242179 0.165854 -0.005434
v 0.221293 0.186840 0.051845
v 0.209424 0.172606 0.049521
v 0.225718 0.150435 0.055731
v 0.232241 0.180131 0.038919
v 0.207495 0.192756 0.060592
v 0.190540 0.179105 0.059346
v 0.198312 0.213027 0.037882
v 0.183340 0.211659 0.038558
v 0.211101 0.213082 0.031220
v 0.176455 0.107140 -0.077261
v 0.170942 0.160515 -0.081000
v 0.194875 0.160876 -0.082346
v 0.197147 0.106838 -0.079840
v 0.157220 0.155763 -0.058521
v 0.161567 0.106064 -0.063223
v 0.173938 0.194071 -0.065492
v 0.189324 0.194864 -0.069864
v 0.161428 0.192095 -0.051794
v 0.087253 0.419192 -0.036201
v 0.113120 0.357307 -0.044566
v 0.123236 0.358547 -0.009871
v 0.091266 0.427593 -0.067814
v 0.116512 0.358894 -0.074816
v 0.177445 0.437393 -0.120214
v 0.197230 0.446201 -0.115933
v 0.209172 0.365858 -0.091233
v 0.189977 0.365869 -0.104577
v 0.187102 0.540028 -0.098382
v 0.161617 0.525795 -0.104052
v 0.199967 0.526622 -0.130697
v 0.138772 0.620168 -0.170716
v 0.138772 0.620168 -0.170716
v 0.162758 0.563858 -0.144384
v 0.162758 0.563858 -0.144384
v 0.162758 0.563858 -0.144384
v 0.124937 0.563216 -0.180586
v 0.124937 0.563216 -0.180586
v 0.099064 0.618757 -0.187924
v 0.099064 0.618757 -0.187924
v 0.189637 0.560018 -0.156965
v 0.189637 0.560018 -0.156965
v 0.162676 0.624007 -0.157002
v 0.162676 0.624007 -0.157002
v 0.132722 0.588519 -0.151561
v 0.132722 0.588519 -0.151561
v 0.132722 0.588519 -0.151561
v 0.168054 0.595565 -0.128362
v 0.111245 0.528607 -0.182899
v 0.111245 0.528607 -0.182899
v 0.095080 0.523097 -0.184765
v 0.088463 0.556893 -0.186748
v 0.063151 0.563537 -0.183221
v 0.025209 0.612534 -0.157141
v 0.051652 0.618779 -0.178552
v 0.051652 0.618779 -0.178552
v 0.095209 0.515171 -0.168357
v 0.093344 0.542435 -0.167349
v 0.071467 0.559167 -0.166371
v 0.084542 1.794863 -0.025190
v 0.084542 1.794863 -0.025190
v 0.083923 1.780397 -0.016690
v 0.079650 1.770209 -0.025970
v 0.082144 1.777527 -0.042298
v 0.082144 1.777527 -0.042298
v 0.015026 1.871122 0.026460
v 0.015026 1.871122 0.026460
v 0.022412 1.875990 0.019949
v 0.048616 1.826039 0.062378
v 0.040290 1.860322 0.034881
v 0.025978 1.858736 0.046722
v 0.040801 1.832090 0.071833
v 0.050042 1.861226 0.009819
v 0.050042 1.861226 0.009819
v 0.025037 1.873637 -0.003569
v 0.025037 1.873637 -0.003569
v 0.062853 1.845083 0.043983
v 0.072436 1.834679 0.028357
v 0.012750 1.870957 -0.024788
v 0.008568 1.790457 0.085206
v 0.015653 1.789602 0.086755
v 0.023987 1.803781 0.093279
v 0.008950 1.806982 0.096755
v 0.022401 1.779452 0.078768
v 0.009157 1.774307 0.075223
v 0.034352 1.799717 0.082043
v 0.036808 1.770305 0.062900
v 0.048188 1.794533 0.073634
v 0.072987 1.806213 0.038998
v 0.066365 1.818190 0.056460
v 0.077569 1.815329 0.022326
v 0.079992 1.799050 0.025292
v 0.068575 1.836201 -0.016805
v 0.068575 1.836201 -0.016805
v 0.050251 1.844916 -0.037782
v 0.038369 1.863573 -0.032018
v 0.038369 1.863573 -0.032018
v 0.061738 1.853532 -0.004972
v 0.061738 1.853532 -0.004972
v 0.061738 1.853532 -0.004972
v 0.055286 1.833824 -0.057629
v 0.027890 1.851599 -0.059151
v 0.027890 1.851599 -0.059151
v 0.075556 1.812253 -0.039793
v 0.075556 1.812253 -0.039793
v 0.082215 1.776746 0.009847
v 0.079667 1.810188 0.002915
v 0.072332 1.832845 0.012911
v 0.071804 1.763662 -0.000381
v 0.069699 1.783669 0.036798
v 0.061478 1.762834 0.029858
v 0.036413 1.807017 -0.095189
v 0.027141 1.697472 0.049601
v 0.012530 1.692859 0.061434
v 0.016542 1.654041 0.040839
v 0.028465 1.662918 0.031346
v 0.005551 1.704587 0.075162
v 0.076500 1.745810 -0.047139
v 0.076500 1.745810 -0.047139
v 0.068070 1.749565 -0.032129
v 0.061279 1.737548 -0.012619
v 0.060714 1.718954 -0.022709
v 0.060714 1.718954 -0.022709
v 0.058788 1.753352 -0.074330
v 0.050912 1.717926 -0.054411
v 0.050912 1.717926 -0.054411
v 0.035867 1.732757 -0.090565
v 0.037260 1.759993 -0.099903
v 0.049526 1.700212 -0.050622
v 0.049526 1.700212 -0.050622
v 0.037689 1.720415 -0.079915
v 0.057310 1.714374 -0.033406
v 0.057310 1.714374 -0.033406
v 0.066660 1.751053 -0.054672
v 0.068660 1.691717 -0.028348
v 0.068660 1.691717 -0.028348
v 0.061264 1.671182 -0.016391
v 0.073199 1.672251 -0.001135
v 0.085724 1.684803 -0.006552
v 0.061791 1.661257 -0.012542
v 0.066764 1.663524 -0.001953
v 0.055069 1.670151 -0.031870
v 0.055235 1.692396 -0.045317
v 0.055235 1.692396 -0.045317
v 0.047144 1.652624 0.003237
v 0.049659 1.641483 -0.014494
v 0.058171 1.647431 0.003699
v 0.047863 1.707034 -0.067793
v 0.076133 1.699976 -0.039972
v 0.076133 1.699976 -0.039972
v 0.056773 1.711375 -0.089825
v 0.088479 1.701538 -0.058366
v 0.069598 1.646742 0.009768
v 0.084527 1.658831 0.019648
v 0.113905 1.659128 0.030785
v 0.092718 1.639220 0.040222
v 0.108210 1.631891 0.049043
v 0.108210 1.631891 0.049043
v 0.126443 1.648734 0.041923
v 0.126443 1.648734 0.041923
v 0.101426 1.672358 0.014520
v 0.085751 1.605642 0.054224
v 0.080746 1.618461 0.018636
v 0.075543 1.593303 0.042888
v 0.094529 1.605169 0.045079
v 0.094529 1.605169 0.045079
v 0.051391 1.622730 0.018545
v 0.042769 1.584374 0.050186
v 0.109186 1.628368 0.035349
v 0.096066 1.618380 0.033478
v 0.088631 1.617712 0.014974
v 0.100299 1.637402 0.022403
v 0.087461 1.595726 0.030385
v 0.087461 1.595726 0.030385
v 0.141745 1.627934 -0.017139
v 0.135607 1.617017 0.008771
v 0.135607 1.617017 0.008771
v 0.153960 1.600945 0.024197
v 0.153960 1.600945 0.024197
v 0.159892 1.620452 -0.012322
v 0.113806 1.611067 0.006586
v 0.116906 1.626349 -0.022257
v 0.096536 1.610849 -0.020946
v 0.096841 1.603912 0.002599
v 0.107124 1.629116 -0.052756
v 0.087727 1.623882 -0.053538
v 0.130475 1.643317 -0.043739
v 0.151243 1.644195 -0.045866
v 0.115119 1.636215 -0.069436
v 0.127736 1.596114 0.033006
v 0.127736 1.596114 0.033006
v 0.142781 1.571790 0.038320
v 0.108062 1.596907 0.034514
v 0.108062 1.596907 0.034514
v 0.095328 1.595937 0.025939
v 0.095328 1.595937 0.025939
v 0.108441 1.580808 0.043498
v 0.701691 1.421542 0.048187
v 0.701691 1.421542 0.048187
v 0.711952 1.419544 0.051497
v 0.711952 1.419544 0.051497
v 0.705855 1.428823 0.057853
v 0.705855 1.428823 0.057853
v 0.701270 1.424249 0.057654
v 0.693557 1.443698 0.044294
v 0.684123 1.440354 0.053339
v 0.684123 1.440354 0.053339
v 0.679819 1.430593 0.046911
v 0.681288 1.429331 0.032935
v 0.681288 1.429331 0.032935
v 0.738741 1.453304 -0.026872
v 0.740086 1.456538 -0.011868
v 0.708311 1.450939 -0.004597
v 0.709418 1.450475 -0.019486
v 0.748101 1.461627 -0.011677
v 0.751923 1.467774 -0.017617
v 0.730200 1.480314 -0.018278
v 0.755180 1.462576 -0.034294
v 0.739739 1.473924 0.008638
v 0.739739 1.473924 0.008638
v 0.735221 1.457054 0.006484
v 0.757134 1.471831 -0.026740
v 0.738395 1.467460 -0.038518
v 0.745343 1.473933 -0.029770
v 0.735462 1.455142 -0.037957
v 0.707835 1.452451 0.013285
v 0.707835 1.452451 0.013285
v 0.757687 1.464841 -0.018865
v 0.709957 1.450979 -0.033247
v 0.733311 1.454399 -0.050970
v 0.711074 1.456648 -0.046088
v 0.689172 1.491652 0.001462
v 0.689172 1.491652 0.001462
v 0.689172 1.491652 0.001462
v 0.684971 1.485835 0.022476
v 0.684971 1.485835 0.022476
v 0.686630 1.492163 -0.012991
v 0.686630 1.492163 -0.012991
v 0.741396 1.461800 -0.054059
v 0.734984 1.463713 -0.053624
v 0.719636 1.479436 -0.042020
v 0.724045 1.481751 -0.029726
v 0.714308 1.468319 -0.050411
v 0.686169 1.442582 0.022057
v 0.686169 1.442582 0.022057
v 0.694753 1.435015 0.034424
v 0.708548 1.457799 0.027451
v 0.708548 1.457799 0.027451
v 0.678615 1.461130 0.033520
v 0.659717 1.430895 0.014538
v 0.659717 1.430895 0.014538
v 0.643832 1.439062 -0.002635
v 0.674025 1.447261 -0.012535
v 0.674025 1.447261 -0.012535
v 0.677091 1.441846 0.002306
v 0.677091 1.441846 0.002306
v 0.677091 1.441846 0.002306
v 0.617170 1.442794 -0.005118
v 0.630679 1.445477 0.019009
v 0.630679 1.445477 0.019009
v 0.616980 1.451435 0.013783
v 0.651679 1.435414 0.033454
v 0.651679 1.435414 0.033454
v 0.642269 1.446732 -0.025155
v 0.642269 1.446732 -0.025155
v 0.673708 1.449107 -0.028700
v 0.673708 1.449107 -0.028700
v 0.673708 1.449107 -0.028700
v 0.619099 1.444417 -0.026573
v 0.619099 1.444417 -0.026573
v 0.656905 1.452100 0.043926
v 0.656905 1.452100 0.043926
v 0.644034 1.474422 0.025504
v 0.644034 1.474422 0.025504
v 0.644034 1.474422 0.025504
v 0.649603 1.489488 0.016237
v 0.649603 1.489488 0.016237
v 0.633756 1.460777 0.029108
v 0.633756 1.460777 0.029108
v 0.421082 1.545477 -0.069480
v 0.433599 1.551418 -0.064210
v 0.482327 1.531331 -0.065343
v 0.428583 1.535620 -0.086458
v 0.405209 1.545564 -0.062249
v 0.419151 1.550656 -0.042699
v 0.488131 1.546401 -0.038678
v 0.398804 1.532712 -0.083038
v 0.265476 1.553470 0.021368
v 0.265476 1.553470 0.021368
v 0.267815 1.581000 -0.000800
v 0.267815 1.581000 -0.000800
v 0.232549 1.574299 0.024548
v 0.232549 1.574299 0.024548
v 0.234223 1.547222 0.041697
v 0.244000 1.616805 -0.024524
v 0.231768 1.606719 -0.000858
v 0.323384 1.559058 -0.008674
v 0.320128 1.547858 0.012319
v 0.320128 1.547858 0.012319
v 0.131932 1.639305 -0.084938
v 0.317344 1.494702 0.024039
v 0.263986 1.495304 0.030525
v 0.256836 1.472332 0.007584
v 0.256836 1.472332 0.007584
v 0.318635 1.471586 0.006080
v 0.318635 1.471586 0.006080
v 0.266882 1.525110 0.027682
v 0.318621 1.518257 0.021443
v 0.344904 1.558803 -0.053895
v 0.282593 1.587634 -0.060453
v 0.190844 1.612013 -0.006031
v 0.198378 1.624521 -0.039157
v 0.079599 1.629835 -0.078474
v 0.107531 1.570757 0.047481
v 0.203937 1.539968 0.053833
v 0.203937 1.539968 0.053833
v 0.127266 1.557090 0.054074
v 0.178524 1.529643 0.043824
v 0.178524 1.529643 0.043824
v 0.091681 1.568016 0.060544
v 0.121263 1.549871 0.063991
v 0.068812 1.649281 -0.068808
v 0.048500 1.642728 -0.093117
v 0.046706 1.659970 -0.088868
v 0.103870 1.619472 -0.110983
v 0.056579 1.617970 -0.111913
v 0.081312 1.638906 -0.043410
v 0.223243 1.495293 0.027616
v 0.223243 1.495293 0.027616
v 0.211759 1.471963 0.007881
v 0.211759 1.471963 0.007881
v 0.228302 1.524849 0.039354
v 0.158913 1.516614 0.065340
v 0.191835 1.577132 0.029999
v 0.191835 1.577132 0.029999
v 0.191835 1.577132 0.029999
v 0.155562 1.603610 -0.108959
v 0.153863 1.624414 -0.083242
v 0.334199 1.542551 -0.086247
v 0.307433 1.512104 -0.097534
v 0.307433 1.512104 -0.097534
v 0.245008 1.525624 -0.120400
v 0.245008 1.525624 -0.120400
v 0.271106 1.562326 -0.098905
v 0.272573 1.502135 -0.102764
v 0.312788 1.483594 -0.088592
v 0.255793 1.489382 -0.098921
v 0.244256 1.514282 -0.110139
v 0.048918 0.609218 -0.153510
v 0.094992 0.596296 -0.167045
v 0.136409 1.472263 0.087447
v 0.140145 1.513458 0.076066
v 0.115465 1.532582 0.075483
v 0.108968 1.483690 0.095964
v 0.150185 1.465596 0.080800
v 0.150185 1.465596 0.080800
v 0.172413 1.489683 0.042932
v 0.172413 1.489683 0.042932
v 0.192346 1.494666 0.031112
v 0.192346 1.494666 0.031112
v 0.192346 1.494666 0.031112
v 0.240725 1.577819 -0.103775
v 0.246930 1.605497 -0.068687
v 0.231891 1.538678 -0.135074
v 0.020158 0.760816 -0.130156
v 0.227190 1.448116 -0.130020
v 0.247607 1.441970 -0.124363
v 0.252900 1.464146 -0.122164
v 0.220023 1.481214 -0.123542
v 0.235583 1.477153 -0.151804
v 0.235583 1.477153 -0.151804
v 0.248064 1.480976 -0.145570
v 0.212124 1.470516 -0.158200
v 0.212124 1.470516 -0.158200
v 0.213538 1.468807 -0.111087
v 0.214175 1.479279 -0.103934
v 0.210783 1.471708 -0.095521
v 0.212284 1.461868 -0.100198
v 0.227929 1.500715 -0.108564
v 0.243846 1.473510 -0.085139
v 0.207040 1.475577 -0.086826
v 0.196219 1.481134 -0.103122
v 0.182037 1.466535 -0.086662
v 0.175750 1.470766 -0.101902
v 0.206568 1.465961 -0.061758
v 0.185851 1.461372 -0.063799
v 0.241182 1.458854 -0.059130
v 0.205846 1.459130 -0.097212
v 0.188776 1.483732 -0.112270
v 0.179147 1.482080 -0.117781
v 0.184648 1.458883 -0.124098
v 0.193797 1.460586 -0.117239
v 0.167707 1.474566 -0.120374
v 0.173376 1.454806 -0.126552
v 0.170245 1.476867 -0.111034
v 0.155617 1.458141 -0.124093
v 0.162553 1.446977 -0.127025
v 0.158166 1.417267 -0.127577
v 0.173229 1.419242 -0.129970
v 0.142364 1.420806 -0.123431
v 0.242527 1.222999 -0.120317
v 0.235239 1.206035 -0.106919
v 0.235239 1.206035 -0.106919
v 0.232021 1.223045 -0.098656
v 0.232021 1.223045 -0.098656
v 0.230286 1.258706 -0.119933
v 0.230286 1.258706 -0.119933
v 0.230286 1.258706 -0.119933
v 0.011915 1.218411 0.099327
v 0.029401 1.241040 0.085935
v 0.025067 1.174111 0.102733
v 0.101627 1.411735 -0.143399
v 0.101627 1.411735 -0.143399
v 0.108332 1.408864 -0.143211
v 0.108332 1.408864 -0.143211
v 0.103456 1.411416 -0.135813
v 0.098850 1.418799 -0.137403
v 0.098850 1.418799 -0.137403
v 0.090998 1.416135 -0.136885
v 0.090998 1.416135 -0.136885
v 0.095154 1.408415 -0.143840
v 0.095497 1.408992 -0.134016
v 0.227032 1.274970 -0.128039
v 0.227032 1.274970 -0.128039
v 0.253782 1.225608 -0.140465
v 0.253782 1.225608 -0.140465
v 0.245230 1.218457 -0.134778
v 0.245230 1.218457 -0.134778
v 0.252218 1.227895 -0.126019
v 0.137832 1.321687 -0.150429
v 0.144218 1.322516 -0.149263
v 0.144218 1.322516 -0.149263
v 0.129153 1.365412 -0.139949
v 0.129153 1.365412 -0.139949
v 0.126053 1.361795 -0.147092
v 0.154810 1.294134 -0.151872
v 0.151589 1.286167 -0.152725
v 0.161837 1.303347 -0.139928
v 0.161837 1.303347 -0.139928
v 0.161837 1.303347 -0.139928
v 0.160061 1.308002 -0.160448
v 0.160061 1.308002 -0.160448
v 0.229647 1.305519 -0.097037
v 0.218431 1.293413 -0.111991
v 0.246462 1.229193 -0.094629
v 0.258332 1.232400 -0.101628
v 0.196317 1.302426 -0.119259
v 0.212711 1.257526 -0.119941
v 0.212711 1.257526 -0.119941
v 0.043233 1.394431 -0.138078
v 0.033216 1.392598 -0.138201
v 0.039705 1.372896 -0.141918
v 0.039705 1.372896 -0.141918
v 0.050273 1.379390 -0.142781
v 0.050273 1.379390 -0.142781
v 0.019872 1.382488 -0.138253
v 0.036394 1.377365 -0.130873
v 0.020676 1.373580 -0.130286
v 0.048152 1.384412 -0.132277
v 0.024755 1.367767 -0.140749
v 0.024755 1.367767 -0.140749
v 0.041322 1.215538 0.089038
v 0.057435 1.229600 0.084280
v 0.062837 1.281043 0.079420
v 0.043112 1.277256 0.081542
v 0.076870 1.222336 0.093214
v 0.071502 1.278283 0.093342
v 0.211046 1.398243 -0.164968
v 0.156229 1.305040 -0.175346
v 0.156229 1.305040 -0.175346
v 0.156229 1.305040 -0.175346
v 0.183575 1.386219 -0.160169
v 0.183575 1.386219 -0.160169
v 0.230652 1.227138 -0.160075
v 0.203850 1.216936 -0.143836
v 0.203850 1.216936 -0.143836
v 0.050472 1.169187 0.091122
v 0.035566 1.114898 0.099168
v 0.059378 1.120945 0.096813
v 0.185255 0.721850 0.031039
v 0.173541 0.741689 0.054228
v 0.186935 0.776093 0.030762
v 0.178145 0.796109 0.049005
v 0.195805 0.711376 -0.013873
v 0.195805 0.711376 -0.013873
v 0.191589 0.785889 -0.004496
v 0.191589 0.785889 -0.004496
v 0.132082 0.786487 0.081051
v 0.122337 0.805355 0.086752
v 0.154829 0.788785 0.076587
v 0.154971 0.824153 0.083856
v 0.154573 0.750854 0.071190
v 0.043306 1.058829 0.097487
v 0.043306 1.058829 0.097487
v 0.076685 1.084107 0.093913
v 0.076685 1.084107 0.093913
v 0.071020 1.163830 0.087964
v 0.116456 0.983291 0.101521
v 0.085853 0.986748 0.094620
v 0.101836 1.073043 0.101324
v 0.101836 1.073043 0.101324
v 0.101836 1.073043 0.101324
v 0.088056 1.155160 0.096350
v 0.088056 1.155160 0.096350
v 0.136791 1.267873 -0.027071
v 0.145850 1.237367 -0.018524
v 0.162331 1.179022 -0.029081
v 0.143812 1.209548 -0.051391
v 0.139444 1.240650 0.015120
v 0.137185 1.277795 0.024383
v 0.201832 0.836870 0.003138
v 0.201832 0.836870 0.003138
v 0.180317 0.841079 0.053868
v 0.009114 0.984245 -0.040592
v 0.016602 0.988206 -0.061488
v 0.046987 0.986284 -0.075914
v 0.046987 0.986284 -0.075914
v 0.014221 0.972709 -0.043570
v 0.032240 1.008156 -0.085422
v 0.032240 1.008156 -0.085422
v 0.133958 1.300450 -0.060814
v 0.137946 1.178454 -0.072504
v 0.128350 1.279990 -0.070297
v 0.141877 1.314784 -0.032085
v 0.144151 1.174537 -0.083173
v 0.144151 1.174537 -0.083173
v 0.119300 1.239925 -0.089227
v 0.119300 1.239925 -0.089227
v 0.120129 1.262846 -0.106178
v 0.139692 1.181861 -0.099835
v 0.147624 1.222946 -0.086539
v 0.161219 1.176396 -0.084564
v 0.131114 1.247085 -0.080769
v 0.134058 1.279450 -0.094898
v 0.095072 1.268299 -0.091252
v 0.095072 1.268299 -0.091252
v 0.110362 1.213655 -0.086252
v 0.110362 1.213655 -0.086252
v 0.128051 1.154664 -0.087553
v 0.047029 1.034895 -0.099443
v 0.096057 1.006923 -0.086081
v 0.096057 1.006923 -0.086081
v 0.112914 1.145548 -0.098584
v 0.112914 1.145548 -0.098584
v 0.032857 1.068857 -0.104006
v 0.051632 1.113338 -0.106217
v 0.051632 1.113338 -0.106217
v 0.081306 1.061646 -0.094835
v 0.174213 1.077866 0.032747
v 0.151981 1.140509 0.044993
v 0.126104 1.149005 0.076812
v 0.155849 1.067321 0.062955
v 0.165023 1.162831 0.004917
v 0.189590 1.086044 -0.003698
v 0.189590 1.086044 -0.003698
v 0.140319 0.983984 0.084326
v 0.140319 0.983984 0.084326
v 0.138721 0.921655 0.086519
v 0.174690 0.918654 0.065785
v 0.199861 0.859714 0.010716
v 0.199861 0.859714 0.010716
v 0.200314 0.888923 -0.011061
v 0.200314 0.888923 -0.011061
v 0.188758 0.865075 -0.034812
v 0.199403 0.887361 0.027369
v 0.184196 0.871900 0.059208
v 0.107567 0.920089 0.093689
v 0.200897 0.903097 0.009792
v 0.193499 1.001227 0.029976
v 0.200308 1.012942 0.009457
v 0.200308 1.012942 0.009457
v 0.142668 1.064944 0.074675
v 0.112119 1.149789 0.089715
v 0.177904 0.982240 0.034100
v 0.177904 0.982240 0.034100
v 0.152296 0.869718 -0.069530
v 0.182715 0.789503 -0.042551
v 0.151730 0.789281 -0.075803
v 0.181202 0.926276 -0.034532
v 0.151849 0.938215 -0.066345
v 0.191638 0.926428 -0.010801
v 0.191638 0.926428 -0.010801
v 0.153575 0.862724 0.085983
v 0.183204 0.925191 0.039427
v 0.128650 0.975858 -0.077116
v 0.128650 0.975858 -0.077116
v 0.087205 0.926875 -0.081170
v 0.072564 0.957220 -0.080113
v 0.101699 0.857778 -0.081293
v 0.171986 0.974594 -0.038994
v 0.171986 0.974594 -0.038994
v 0.183611 0.962973 -0.020002
v 0.183611 0.962973 -0.020002
v 0.155466 0.994974 -0.055048
v 0.155466 0.994974 -0.055048
v 0.161168 0.981303 0.063558
v 0.161168 0.981303 0.063558
v 0.190410 0.930402 0.014737
v 0.192633 0.958757 -0.001364
v 0.192633 0.958757 -0.001364
v 0.192633 0.958757 -0.001364
v 0.192633 0.958757 -0.001364
v 0.155428 0.966422 -0.100829
v 0.178467 0.977545 -0.076161
v 0.141251 1.023945 -0.086070
v 0.141251 1.023945 -0.086070
v 0.127931 1.011263 -0.099483
v 0.127931 1.011263 -0.099483
v 0.177303 1.003356 -0.053446
v 0.197514 0.965023 -0.052801
v 0.190819 0.985974 -0.035464
v 0.190304 0.938241 -0.087724
v 0.203101 0.937587 -0.069869
v 0.170633 0.931213 -0.105824
v 0.175105 0.901166 -0.123661
v 0.183944 0.876291 -0.123467
v 0.173001 0.883060 -0.117392
v 0.158964 0.898526 -0.118333
v 0.203894 0.889198 -0.112324
v 0.198594 0.906463 -0.111443
v 0.194673 0.875791 -0.112483
v 0.210607 0.878663 -0.108707
v 0.205889 0.885486 -0.104968
v 0.219247 0.881961 -0.098562
v 0.210788 0.908379 -0.082892
v 0.197222 0.908804 -0.097988
v 0.233364 0.868802 -0.087361
v 0.222455 0.902029 -0.068107
v 0.223821 0.878939 -0.099849
v 0.222088 0.889291 -0.101044
v 0.230681 0.896089 -0.088701
v 0.230681 0.896089 -0.088701
v 0.230681 0.896089 -0.088701
v 0.232394 0.888743 -0.092684
v 0.235752 0.878645 -0.106232
v 0.235752 0.878645 -0.106232
v 0.214643 0.938463 -0.108265
v 0.214643 0.938463 -0.108265
v 0.253928 0.829075 -0.124384
v 0.253928 0.829075 -0.124384
v 0.252145 0.827470 -0.105409
v 0.247838 0.887791 -0.129346
v 0.271511 0.834705 -0.136101
v 0.223494 0.958811 -0.124099
v 0.230957 0.903297 -0.081798
v 0.218763 0.907222 -0.097123
v 0.239350 0.900817 -0.068983
v 0.251411 0.866657 -0.070395
v 0.251411 0.866657 -0.070395
v 0.242168 0.893394 -0.053456
v 0.242168 0.893394 -0.053456
v 0.264857 0.844027 -0.100159
v 0.264857 0.844027 -0.100159
v 0.263574 0.831450 -0.086998
v 0.263574 0.831450 -0.086998
v 0.263574 0.831450 -0.086998
v 0.243184 0.937538 -0.097309
v 0.274729 0.862683 -0.108088
v 0.643418 0.343515 -0.177547
v 0.643418 0.343515 -0.177547
v 0.643418 0.343515 -0.177547
v 0.644279 0.339583 -0.174753
v 0.644279 0.339583 -0.174753
v 0.638217 0.352612 -0.173314
v 0.638217 0.352612 -0.173314
v 0.638217 0.352612 -0.173314
v 0.636275 0.350363 -0.177081
v 0.636275 0.350363 -0.177081
v 0.644503 0.343947 -0.172326
v 0.644503 0.343947 -0.172326
v 0.645380 0.343760 -0.174812
v 0.645380 0.343760 -0.174812
v 0.642474 0.355380 -0.171676
v 0.642474 0.355380 -0.171676
v 0.644223 0.355239 -0.175520
v 0.644223 0.355239 -0.175520
v 0.643367 0.352905 -0.179449
v 0.643367 0.352905 -0.179449
v 0.643367 0.352905 -0.179449
v 0.635590 0.356536 -0.182205
v 0.635590 0.356536 -0.182205
v 0.624350 0.378623 -0.185935
v 0.624350 0.378623 -0.185935
v 0.624350 0.378623 -0.185935
v 0.633366 0.383059 -0.185263
v 0.618414 0.376266 -0.179495
v 0.618414 0.376266 -0.179495
v 0.527383 0.416782 -0.171157
v 0.527383 0.416782 -0.171157
v 0.536779 0.402285 -0.173405
v 0.544057 0.410330 -0.180616
v 0.539823 0.431412 -0.182006
v 0.539823 0.431412 -0.182006
v 0.535734 0.407068 -0.188112
v 0.518522 0.424312 -0.187139
v 0.535583 0.398296 -0.184468
v 0.535583 0.398296 -0.184468
v 0.502043 0.418338 -0.176972
v 0.502043 0.418338 -0.176972
v 0.487625 0.430032 -0.163038
v 0.487625 0.430032 -0.163038
v 0.497468 0.447350 -0.183951
v 0.490471 0.392695 -0.167885
v 0.490471 0.392695 -0.167885
v 0.452641 0.430170 -0.148951
v 0.452641 0.430170 -0.148951
v 0.478150 0.385855 -0.154355
v 0.478150 0.385855 -0.154355
v 0.488898 0.454796 -0.163286
v 0.506299 0.426263 -0.166121
v 0.527321 0.447696 -0.174394
v 0.527321 0.447696 -0.174394
v 0.511867 0.455179 -0.189377
v 0.511867 0.455179 -0.189377
v 0.526502 0.469560 -0.176793
v 0.526502 0.469560 -0.176793
v 0.526502 0.469560 -0.176793
v 0.516730 0.436052 -0.170147
v 0.516730 0.436052 -0.170147
v 0.450439 0.429460 -0.167870
v 0.450439 0.429460 -0.167870
v 0.474713 0.385911 -0.172732
v 0.474713 0.385911 -0.172732
v 0.474713 0.385911 -0.172732
v 0.434226 0.491629 -0.168123
v 0.455805 0.496299 -0.176735
v 0.517610 0.497295 -0.177125
v 0.517610 0.497295 -0.177125
v 0.507368 0.481384 -0.172396
v 0.588312 0.411677 -0.183761
v 0.548238 0.443205 -0.187028
v 0.571599 0.456210 -0.195750
v 0.571599 0.456210 -0.195750
v 0.597270 0.419409 -0.191690
v 0.597270 0.419409 -0.191690
v 0.573764 0.456801 -0.179012
v 0.573764 0.456801 -0.179012
v 0.598790 0.420369 -0.176599
v 0.598790 0.420369 -0.176599
v 0.536913 0.479773 -0.193855
v 0.536913 0.479773 -0.193855
v 0.560188 0.491885 -0.178831
v 0.560188 0.491885 -0.178831
v 0.560188 0.491885 -0.178831
v 0.514230 0.519228 -0.197084
v 0.514230 0.519228 -0.197084
v 0.514230 0.519228 -0.197084
v 0.495532 0.508376 -0.191937
v 0.495532 0.508376 -0.191937
v 0.553679 0.490646 -0.197859
v 0.553679 0.490646 -0.197859
v 0.553679 0.490646 -0.197859
v 0.533439 0.529879 -0.199046
v 0.530934 0.514121 -0.180623
v 0.547825 0.529075 -0.177595
v 0.547825 0.529075 -0.177595
v 0.468146 0.726131 -0.163107
v 0.479553 0.754710 -0.157230
v 0.479553 0.754710 -0.157230
v 0.479553 0.754710 -0.157230
v 0.479553 0.754710 -0.157230
v 0.446885 0.801667 -0.148202
v 0.446885 0.801667 -0.148202
v 0.435422 0.790096 -0.158108
v 0.464074 0.825489 -0.155074
v 0.464074 0.825489 -0.155074
v 0.479248 0.747240 -0.175511
v 0.452138 0.819588 -0.166225
v 0.474340 0.758781 -0.136264
v 0.447642 0.805192 -0.131843
v 0.518652 0.709611 -0.151375
v 0.518652 0.709611 -0.151375
v 0.505994 0.704214 -0.141913
v 0.504742 0.776747 -0.160158
v 0.481362 0.833955 -0.162499
v 0.644298 0.395435 -0.149380
v 0.673362 0.350079 -0.160814
v 0.673362 0.350079 -0.160814
v 0.673362 0.350079 -0.160814
v 0.673362 0.350079 -0.160814
v 0.651808 0.337894 -0.147983
v 0.651808 0.337894 -0.147983
v 0.651808 0.337894 -0.147983
v 0.627217 0.388317 -0.136476
v 0.695389 0.290123 -0.158719
v 0.669963 0.284098 -0.156003
v 0.669963 0.284098 -0.156003
v 0.694740 0.338896 -0.167072
v 0.694740 0.338896 -0.167072
v 0.683012 0.361839 -0.169784
v 0.683012 0.361839 -0.169784
v 0.701969 0.338033 -0.177819
v 0.701969 0.338033 -0.177819
v 0.657886 0.401744 -0.160625
v 0.661662 0.339290 -0.133401
v 0.675775 0.285221 -0.142102
v 0.675775 0.285221 -0.142102
v 0.692600 0.363822 -0.155607
v 0.708353 0.339876 -0.164340
v 0.656164 0.398733 -0.133573
v 0.656164 0.398733 -0.133573
v 0.640030 0.390358 -0.121087
v 0.669638 0.406514 -0.144496
v 0.669638 0.406514 -0.144496
v 0.708623 0.345624 -0.184543
v 0.723601 0.323882 -0.187968
v 0.723601 0.323882 -0.187968
v 0.721962 0.320057 -0.179947
v 0.721962 0.320057 -0.179947
v 0.741179 0.330870 -0.194070
v 0.741179 0.330870 -0.194070
v 0.721097 0.354346 -0.191682
v 0.741118 0.316440 -0.197322
v 0.748989 0.317309 -0.199690
v 0.717209 0.350035 -0.170934
v 0.729907 0.361272 -0.178349
v 0.738720 0.340104 -0.187976
v 0.749821 0.335465 -0.184338
v 0.743503 0.367888 -0.178089
v 0.731808 0.363041 -0.195864
v 0.738720 0.340104 -0.187976
v 0.744578 0.327225 -0.192829
v 0.744578 0.327225 -0.192829
v 0.746683 0.371067 -0.193406
v 0.746683 0.371067 -0.193406
v 0.734944 0.398405 -0.188351
v 0.734944 0.398405 -0.188351
v 0.731732 0.394767 -0.173848
v 0.731732 0.394767 -0.173848
v 0.720066 0.391508 -0.193324
v 0.699460 0.432652 -0.187697
v 0.714195 0.440086 -0.182589
v 0.705132 0.381846 -0.187011
v 0.705132 0.381846 -0.187011
v 0.683807 0.422217 -0.180895
v 0.683807 0.422217 -0.180895
v 0.693073 0.372339 -0.179042
v 0.693073 0.372339 -0.179042
v 0.670469 0.411903 -0.171694
v 0.640386 0.467027 -0.162696
v 0.654220 0.476589 -0.172557
v 0.654220 0.476589 -0.172557
v 0.627752 0.458914 -0.150376
v 0.596581 0.517134 -0.141210
v 0.596581 0.517134 -0.141210
v 0.607567 0.524510 -0.153564
v 0.607567 0.524510 -0.153564
v 0.615349 0.452193 -0.138328
v 0.585244 0.510219 -0.128426
v 0.585244 0.510219 -0.128426
v 0.602304 0.445219 -0.125609
v 0.573530 0.503301 -0.115457
v 0.573530 0.503301 -0.115457
v 0.591412 0.438466 -0.111388
v 0.591412 0.438466 -0.111388
v 0.564672 0.497266 -0.099860
v 0.564672 0.497266 -0.099860
v 0.610414 0.381904 -0.122217
v 0.631279 0.330166 -0.132982
v 0.631279 0.330166 -0.132982
v 0.624202 0.383618 -0.109871
v 0.601327 0.440918 -0.099821
v 0.601327 0.440918 -0.099821
v 0.641828 0.331760 -0.119945
v 0.653064 0.281572 -0.127132
v 0.653064 0.281572 -0.127132
v 0.645790 0.278699 -0.139705
v 0.645790 0.278699 -0.139705
v 0.650485 0.222143 -0.140049
v 0.650485 0.222143 -0.140049
v 0.667583 0.236793 -0.152297
v 0.667583 0.236793 -0.152297
v 0.656655 0.220374 -0.130139
v 0.659312 0.194686 -0.132348
v 0.656898 0.194475 -0.143791
v 0.656898 0.194475 -0.143791
v 0.671053 0.221048 -0.139571
v 0.671053 0.221048 -0.139571
v 0.684970 0.222700 -0.151614
v 0.684970 0.222700 -0.151614
v 0.615485 0.448292 -0.110375
v 0.587222 0.507994 -0.101205
v 0.587222 0.507994 -0.101205
v 0.574897 0.500851 -0.090732
v 0.574897 0.500851 -0.090732
v 0.629202 0.455724 -0.122278
v 0.629202 0.455724 -0.122278
v 0.599784 0.515353 -0.112823
v 0.599784 0.515353 -0.112823
v 0.599784 0.515353 -0.112823
v 0.642026 0.463356 -0.134173
v 0.642026 0.463356 -0.134173
v 0.611576 0.523042 -0.124583
v 0.611576 0.523042 -0.124583
v 0.654524 0.471981 -0.146399
v 0.654524 0.471981 -0.146399
v 0.623122 0.530998 -0.137088
v 0.623122 0.530998 -0.137088
v 0.682768 0.416524 -0.156192
v 0.704004 0.375141 -0.164883
v 0.696410 0.427153 -0.166671
v 0.667914 0.481929 -0.157924
v 0.667914 0.481929 -0.157924
v 0.716972 0.385881 -0.173559
v 0.711411 0.436316 -0.167776
v 0.711411 0.436316 -0.167776
v 0.682427 0.491176 -0.159897
v 0.682427 0.491176 -0.159897
v 0.682427 0.491176 -0.159897
v 0.684674 0.495019 -0.175717
v 0.648823 0.550813 -0.167628
v 0.648823 0.550813 -0.167628
v 0.648188 0.548247 -0.152666
v 0.648188 0.548247 -0.152666
v 0.669346 0.486558 -0.179601
v 0.634604 0.542685 -0.170970
v 0.634604 0.542685 -0.170970
v 0.620350 0.533209 -0.163423
v 0.620350 0.533209 -0.163423
v 0.620350 0.533209 -0.163423
v 0.586706 0.590925 -0.157108
v 0.586706 0.590925 -0.157108
v 0.586706 0.590925 -0.157108
v 0.600874 0.599186 -0.165424
v 0.600874 0.599186 -0.165424
v 0.573721 0.583235 -0.147336
v 0.540458 0.642857 -0.144011
v 0.553942 0.650335 -0.153584
v 0.553942 0.650335 -0.153584
v 0.563753 0.576811 -0.133539
v 0.530968 0.636946 -0.128545
v 0.553183 0.570000 -0.120362
v 0.520581 0.630176 -0.114558
v 0.542100 0.562911 -0.107086
v 0.509787 0.623092 -0.100976
v 0.534788 0.557450 -0.091443
v 0.502074 0.617512 -0.085346
v 0.544589 0.561642 -0.083354
v 0.512940 0.622661 -0.077041
v 0.556624 0.569055 -0.093593
v 0.524956 0.630227 -0.088486
v 0.568446 0.576588 -0.105381
v 0.536652 0.637765 -0.100877
v 0.579421 0.583792 -0.117489
v 0.547990 0.644944 -0.113740
v 0.590918 0.591304 -0.130882
v 0.559497 0.651818 -0.127303
v 0.602285 0.598499 -0.143653
v 0.571188 0.658509 -0.140518
v 0.634976 0.539490 -0.149338
v 0.615357 0.605984 -0.147524
v 0.584502 0.665732 -0.145240
v 0.615835 0.607253 -0.162770
v 0.585046 0.666751 -0.160713
v 0.568735 0.658370 -0.162696
v 0.535811 0.718013 -0.160741
v 0.553591 0.726559 -0.159823
v 0.524305 0.785426 -0.159557
v 0.523861 0.784072 -0.143304
v 0.553905 0.725881 -0.143592
v 0.497801 0.842392 -0.158012
v 0.494802 0.841019 -0.143075
v 0.470491 0.904981 -0.154510
v 0.464526 0.901807 -0.141965
v 0.456570 0.899171 -0.163831
v 0.432893 0.966015 -0.163781
v 0.443851 0.969960 -0.150574
v 0.443851 0.969960 -0.150574
v 0.440328 0.892541 -0.158745
v 0.440328 0.892541 -0.158745
v 0.415909 0.959167 -0.160035
v 0.415909 0.959167 -0.160035
v 0.425453 0.886306 -0.163656
v 0.399145 0.952595 -0.163553
v 0.407575 0.879439 -0.176728
v 0.379923 0.945780 -0.175627
v 0.435762 0.812236 -0.179090
v 0.462479 0.739127 -0.185513
v 0.404808 0.801616 -0.186274
v 0.372591 0.867958 -0.181691
v 0.438026 0.731787 -0.190693
v 0.473482 0.656015 -0.195356
v 0.473482 0.656015 -0.195356
v 0.494487 0.662058 -0.191410
v 0.494487 0.662058 -0.191410
v 0.407361 0.720642 -0.185019
v 0.368752 0.790093 -0.176020
v 0.447657 0.647675 -0.192083
v 0.484000 0.576803 -0.196285
v 0.484000 0.576803 -0.196285
v 0.507308 0.584781 -0.198757
v 0.507308 0.584781 -0.198757
v 0.419796 0.638317 -0.181208
v 0.379229 0.711297 -0.173114
v 0.458655 0.569206 -0.187550
v 0.435806 0.562966 -0.177988
v 0.397204 0.632081 -0.171444
v 0.476601 0.500856 -0.185049
v 0.414358 0.559024 -0.168864
v 0.378174 0.628173 -0.163149
v 0.394768 0.554990 -0.160174
v 0.359933 0.625075 -0.154856
v 0.375506 0.550996 -0.150288
v 0.343439 0.622636 -0.145290
v 0.410991 0.484522 -0.157421
v 0.394173 0.477226 -0.141109
v 0.394173 0.477226 -0.141109
v 0.365189 0.550528 -0.134065
v 0.365189 0.550528 -0.134065
v 0.431460 0.421465 -0.151951
v 0.431460 0.421465 -0.151951
v 0.460007 0.376846 -0.158390
v 0.410202 0.488193 -0.136365
v 0.375784 0.558775 -0.128809
v 0.429966 0.498654 -0.147298
v 0.390983 0.569277 -0.138476
v 0.444956 0.509823 -0.154225
v 0.405509 0.579845 -0.146953
v 0.461272 0.522132 -0.161855
v 0.423103 0.591141 -0.155267
v 0.496772 0.468008 -0.167449
v 0.478495 0.535309 -0.169728
v 0.443835 0.604455 -0.165259
v 0.496199 0.550113 -0.177019
v 0.496199 0.550113 -0.177019
v 0.466938 0.619993 -0.174927
v 0.466938 0.619993 -0.174927
v 0.512808 0.566237 -0.179501
v 0.512808 0.566237 -0.179501
v 0.485508 0.634700 -0.175617
v 0.485508 0.634700 -0.175617
v 0.485508 0.634700 -0.175617
v 0.529444 0.580411 -0.175016
v 0.529444 0.580411 -0.175016
v 0.501125 0.649370 -0.170354
v 0.501125 0.649370 -0.170354
v 0.545939 0.592987 -0.169888
v 0.545939 0.592987 -0.169888
v 0.515425 0.666887 -0.165872
v 0.515425 0.666887 -0.165872
v 0.515425 0.666887 -0.165872
v 0.565692 0.541878 -0.171896
v 0.580131 0.502908 -0.173124
v 0.580131 0.502908 -0.173124
v 0.572057 0.547400 -0.185562
v 0.547188 0.597765 -0.185922
v 0.547188 0.597765 -0.185922
v 0.591295 0.508694 -0.184820
v 0.591295 0.508694 -0.184820
v 0.607188 0.473428 -0.182826
v 0.594979 0.467276 -0.173569
v 0.573114 0.500522 -0.194853
v 0.573114 0.500522 -0.194853
v 0.553583 0.539880 -0.195468
v 0.590888 0.466050 -0.193470
v 0.612428 0.427850 -0.190402
v 0.623911 0.432750 -0.180394
v 0.637368 0.386027 -0.178083
v 0.613961 0.428891 -0.172945
v 0.632963 0.384180 -0.171881
v 0.624968 0.380316 -0.173829
v 0.624968 0.380316 -0.173829
v 0.527896 0.591896 -0.194627
v 0.527896 0.591896 -0.194627
v 0.513735 0.667494 -0.182857
v 0.452915 0.708858 -0.170023
v 0.432175 0.693629 -0.169323
v 0.419377 0.777262 -0.164684
v 0.396352 0.763603 -0.161321
v 0.384368 0.843143 -0.159316
v 0.362610 0.832337 -0.151193
v 0.400909 0.852517 -0.157156
v 0.367291 0.920843 -0.155711
v 0.349287 0.911902 -0.152015
v 0.415383 0.861564 -0.147745
v 0.415383 0.861564 -0.147745
v 0.383012 0.929259 -0.148938
v 0.383012 0.929259 -0.148938
v 0.417650 0.865279 -0.131259
v 0.387639 0.933043 -0.133130
v 0.406586 0.861953 -0.117373
v 0.374878 0.929945 -0.118536
v 0.438109 0.802626 -0.118467
v 0.466290 0.752859 -0.121152
v 0.426405 0.797727 -0.104940
v 0.394731 0.857337 -0.104708
v 0.456067 0.745681 -0.107117
v 0.487460 0.690203 -0.110275
v 0.497859 0.697641 -0.125020
v 0.444932 0.738353 -0.093117
v 0.414621 0.791788 -0.091302
v 0.476690 0.682523 -0.096364
v 0.469657 0.676908 -0.080119
v 0.437531 0.733032 -0.076882
v 0.480332 0.682132 -0.073146
v 0.447956 0.738577 -0.069469
v 0.492913 0.689932 -0.084675
v 0.460736 0.746588 -0.081324
v 0.505002 0.697667 -0.097332
v 0.473487 0.754544 -0.094071
v 0.516855 0.705077 -0.111114
v 0.486142 0.762173 -0.108313
v 0.528581 0.711822 -0.125151
v 0.498229 0.769359 -0.123038
v 0.540161 0.718312 -0.138700
v 0.510146 0.776306 -0.137593
v 0.479805 0.833081 -0.135457
v 0.466836 0.825214 -0.119730
v 0.447232 0.893171 -0.131774
v 0.432056 0.884949 -0.114996
v 0.415341 0.957463 -0.127672
v 0.415341 0.957463 -0.127672
v 0.396536 0.949302 -0.110598
v 0.396536 0.949302 -0.110598
v 0.434837 0.965745 -0.140722
v 0.434837 0.965745 -0.140722
v 0.405117 1.034165 -0.138466
v 0.405117 1.034165 -0.138466
v 0.386020 1.026554 -0.124195
v 0.386020 1.026554 -0.124195
v 0.416788 1.038798 -0.147147
v 0.416788 1.038798 -0.147147
v 0.389328 1.108866 -0.142914
v 0.376421 1.103618 -0.134851
v 0.407545 1.034959 -0.161216
v 0.407545 1.034959 -0.161216
v 0.382453 1.106374 -0.157782
v 0.390526 1.027666 -0.158989
v 0.390526 1.027666 -0.158989
v 0.390526 1.027666 -0.158989
v 0.365406 1.099017 -0.157989
v 0.365406 1.099017 -0.157989
v 0.373266 1.020979 -0.163178
v 0.347844 1.092276 -0.163555
v 0.347844 1.092276 -0.163555
v 0.352949 1.013735 -0.175332
v 0.325890 1.084761 -0.174954
v 0.325890 1.084761 -0.174954
v 0.316636 1.001353 -0.173478
v 0.291051 1.073286 -0.170214
v 0.343330 0.933370 -0.177500
v 0.309545 0.920959 -0.162064
v 0.284352 0.989633 -0.156995
v 0.336395 0.856158 -0.168531
v 0.311317 0.847560 -0.155907
v 0.285659 0.910415 -0.148863
v 0.342976 0.782049 -0.164311
v 0.322601 0.775937 -0.154754
v 0.290429 0.840564 -0.145394
v 0.358715 0.705292 -0.163864
v 0.341504 0.701004 -0.156106
v 0.305048 0.770876 -0.146422
v 0.324508 0.697125 -0.148129
v 0.287737 0.766061 -0.137819
v 0.287737 0.766061 -0.137819
v 0.309856 0.694283 -0.139196
v 0.276691 0.763598 -0.126251
v 0.276691 0.763598 -0.126251
v 0.307808 0.696052 -0.122674
v 0.307808 0.696052 -0.122674
v 0.279542 0.765448 -0.109124
v 0.279542 0.765448 -0.109124
v 0.279542 0.765448 -0.109124
v 0.337474 0.624070 -0.129384
v 0.337474 0.624070 -0.129384
v 0.347507 0.632488 -0.124505
v 0.317199 0.704170 -0.118594
v 0.360408 0.642707 -0.133239
v 0.328805 0.714747 -0.126273
v 0.373356 0.653118 -0.141149
v 0.341137 0.725835 -0.132736
v 0.387825 0.664452 -0.148632
v 0.354569 0.736757 -0.139471
v 0.408006 0.677817 -0.158718
v 0.373559 0.749718 -0.149278
v 0.339465 0.820072 -0.137510
v 0.320757 0.807480 -0.127732
v 0.306866 0.889765 -0.126403
v 0.287652 0.878389 -0.115889
v 0.328952 0.902040 -0.140865
v 0.295479 0.979651 -0.131521
v 0.273605 0.969659 -0.117663
v 0.315977 0.988211 -0.144337
v 0.284779 1.066469 -0.137639
v 0.265646 1.057754 -0.124498
v 0.332842 0.995800 -0.151620
v 0.300354 1.072702 -0.146086
v 0.300354 1.072702 -0.146086
v 0.350012 1.003030 -0.151213
v 0.350012 1.003030 -0.151213
v 0.316621 1.078583 -0.150743
v 0.316621 1.078583 -0.150743
v 0.358806 1.007493 -0.137081
v 0.328965 1.083610 -0.142284
v 0.347183 1.004533 -0.122817
v 0.321317 1.082023 -0.128056
v 0.330626 1.000034 -0.110198
v 0.305637 1.077887 -0.118362
v 0.361379 0.925701 -0.106311
v 0.347417 0.920723 -0.094028
v 0.317152 0.996082 -0.100542
v 0.382039 0.851846 -0.091222
v 0.371838 0.847380 -0.075491
v 0.335017 0.916538 -0.080076
v 0.405933 0.787385 -0.075223
v 0.415212 0.793320 -0.066140
v 0.379453 0.852745 -0.063881
v 0.427927 0.801678 -0.077817
v 0.391985 0.860512 -0.074558
v 0.440840 0.809822 -0.090909
v 0.405096 0.868585 -0.087142
v 0.454012 0.817620 -0.105052
v 0.418382 0.876890 -0.100666
v 0.380313 0.941333 -0.096275
v 0.366590 0.934354 -0.084251
v 0.346146 1.012438 -0.096250
v 0.346146 1.012438 -0.096250
v 0.330446 1.006683 -0.084771
v 0.330446 1.006683 -0.084771
v 0.364653 1.018784 -0.108597
v 0.364653 1.018784 -0.108597
v 0.338866 1.090201 -0.109464
v 0.317885 1.085739 -0.099869
v 0.359472 1.096747 -0.122025
v 0.331119 1.171198 -0.119042
v 0.310399 1.164292 -0.112154
v 0.345742 1.177878 -0.131712
v 0.310030 1.253092 -0.124091
v 0.292182 1.248571 -0.115534
v 0.361840 1.183796 -0.138548
v 0.326443 1.258126 -0.130832
v 0.356898 1.181998 -0.152778
v 0.331699 1.259910 -0.144533
v 0.340624 1.175343 -0.157408
v 0.317325 1.254875 -0.156005
v 0.322312 1.167595 -0.163212
v 0.297500 1.247884 -0.161890
v 0.298769 1.159659 -0.174272
v 0.298769 1.159659 -0.174272
v 0.271882 1.240091 -0.172243
v 0.264846 1.148370 -0.166894
v 0.264846 1.148370 -0.166894
v 0.235001 1.137749 -0.149176
v 0.235001 1.137749 -0.149176
v 0.235001 1.137749 -0.149176
v 0.259973 1.062680 -0.152920
v 0.236379 1.053852 -0.138914
v 0.211443 1.128695 -0.134640
v 0.211443 1.128695 -0.134640
v 0.261263 0.979732 -0.143829
v 0.241164 0.969679 -0.133189
v 0.216110 1.045552 -0.128021
v 0.265279 0.899402 -0.138238
v 0.198300 1.037195 -0.119203
v 0.174762 1.113624 -0.115073
v 0.174762 1.113624 -0.115073
v 0.192126 1.121118 -0.124552
v 0.192126 1.121118 -0.124552
v 0.185105 1.027300 -0.105568
v 0.160802 1.106956 -0.101942
v 0.160802 1.106956 -0.101942
v 0.194234 1.016208 -0.087718
v 0.194234 1.016208 -0.087718
v 0.165207 1.104518 -0.083595
v 0.165207 1.104518 -0.083595
v 0.165207 1.104518 -0.083595
v 0.165207 1.104518 -0.083595
v 0.209219 1.031089 -0.089854
v 0.182083 1.110058 -0.085438
v 0.182083 1.110058 -0.085438
v 0.225009 1.039987 -0.100307
v 0.225009 1.039987 -0.100307
v 0.198681 1.115087 -0.096928
v 0.198681 1.115087 -0.096928
v 0.255714 0.957666 -0.106697
v 0.243389 1.048832 -0.111247
v 0.243389 1.048832 -0.111247
v 0.216847 1.120755 -0.107045
v 0.216847 1.120755 -0.107045
v 0.239277 1.130069 -0.118679
v 0.239277 1.130069 -0.118679
v 0.215868 1.195553 -0.115225
v 0.215868 1.195553 -0.115225
v 0.194802 1.185225 -0.106209
v 0.257191 1.139918 -0.131512
v 0.232959 1.208166 -0.124877
v 0.232959 1.208166 -0.124877
v 0.271576 1.149512 -0.141043
v 0.271576 1.149512 -0.141043
v 0.283473 1.155315 -0.146206
v 0.297613 1.161537 -0.146825
v 0.297115 1.160774 -0.134192
v 0.283742 1.157248 -0.126704
v 0.269986 1.153299 -0.119546
v 0.288313 1.072722 -0.108072
v 0.275152 1.070311 -0.098174
v 0.256371 1.151543 -0.110962
v 0.302180 0.991672 -0.088097
v 0.301139 0.993479 -0.071456
v 0.270640 1.071224 -0.081865
v 0.270640 1.071224 -0.081865
v 0.338857 0.920251 -0.064030
v 0.352787 0.927533 -0.072588
v 0.315752 1.000532 -0.074206
v 0.283469 1.076723 -0.079393
v 0.283469 1.076723 -0.079393
v 0.298739 1.081260 -0.089852
v 0.298739 1.081260 -0.089852
v 0.272476 1.155710 -0.094872
v 0.257591 1.155065 -0.085358
v 0.291041 1.158622 -0.105993
v 0.274318 1.239651 -0.110099
v 0.237762 1.311339 -0.104021
v 0.253744 1.315771 -0.115908
v 0.225491 1.384427 -0.115405
v 0.219785 1.381921 -0.099774
v 0.272313 1.322413 -0.118521
v 0.238440 1.388358 -0.124595
v 0.290264 1.328658 -0.125582
v 0.254141 1.394496 -0.125185
v 0.307180 1.334868 -0.134543
v 0.272755 1.401392 -0.125501
v 0.300425 1.333955 -0.148941
v 0.282991 1.408707 -0.134244
v 0.279310 1.330233 -0.156933
v 0.272996 1.408834 -0.148234
v 0.244586 1.326739 -0.168761
v 0.250604 1.403915 -0.158526
v 0.260243 1.478060 -0.132808
v 0.214456 1.442259 -0.122077
v 0.215121 1.436438 -0.107941
v 0.208177 1.430827 -0.097249
v 0.202771 1.428308 -0.107407
v 0.208384 1.376065 -0.102614
v 0.199039 1.459828 -0.107891
v 0.199196 1.427087 -0.121990
v 0.205986 1.369854 -0.120376
v 0.187294 1.422578 -0.129241
v 0.190020 1.368742 -0.125957
v 0.170088 1.363885 -0.124276
v 0.178460 1.298118 -0.116416
v 0.153975 1.362021 -0.120942
v 0.159471 1.291782 -0.111119
v 0.138970 1.362691 -0.116816
v 0.144078 1.289471 -0.104195
v 0.127043 1.361693 -0.111478
v 0.135661 1.421862 -0.116336
v 0.143689 1.418764 -0.108190
v 0.128400 1.354515 -0.096045
v 0.154125 1.458804 -0.115736
v 0.161986 1.451958 -0.105842
v 0.168661 1.447859 -0.091276
v 0.155097 1.418207 -0.094128
v 0.174766 1.443817 -0.067380
v 0.165735 1.418559 -0.071342
v 0.177842 1.444976 -0.031361
v 0.171559 1.421028 -0.032422
v 0.187748 1.458923 -0.029105
v 0.190489 1.470416 0.009845
v 0.177484 1.462278 0.013870
v 0.207454 1.461989 -0.026756
v 0.249772 1.456060 -0.023147
v 0.319270 1.455478 -0.023642
v 0.319270 1.455478 -0.023642
v 0.315987 1.457449 -0.052440
v 0.380335 1.446426 -0.057974
v 0.380335 1.446426 -0.057974
v 0.376367 1.451645 -0.027787
v 0.376367 1.451645 -0.027787
v 0.311439 1.467187 -0.074600
v 0.383127 1.456981 -0.083185
v 0.383127 1.456981 -0.083185
v 0.389890 1.480304 -0.094020
v 0.389890 1.480304 -0.094020
v 0.389890 1.480304 -0.094020
v 0.428867 1.475768 -0.106828
v 0.428867 1.475768 -0.106828
v 0.425458 1.447075 -0.089990
v 0.390058 1.506126 -0.098400
v 0.390058 1.506126 -0.098400
v 0.429175 1.506609 -0.105669
v 0.490949 1.503766 -0.084385
v 0.490634 1.477178 -0.088680
v 0.490634 1.477178 -0.088680
v 0.558646 1.495884 -0.056846
v 0.558646 1.495884 -0.056846
v 0.557955 1.478458 -0.060631
v 0.557955 1.478458 -0.060631
v 0.557955 1.478458 -0.060631
v 0.558221 1.511728 -0.042522
v 0.634653 1.502216 -0.034101
v 0.634653 1.502216 -0.034101
v 0.631284 1.491668 -0.047237
v 0.631284 1.491668 -0.047237
v 0.557910 1.520541 -0.026778
v 0.557910 1.520541 -0.026778
v 0.635149 1.506373 -0.016646
v 0.635149 1.506373 -0.016646
v 0.554713 1.517173 -0.009585
v 0.554713 1.517173 -0.009585
v 0.633887 1.504665 0.000290
v 0.484560 1.541418 -0.014144
v 0.419016 1.546354 -0.017090
v 0.480611 1.525157 0.007652
v 0.551269 1.507327 0.005484
v 0.551269 1.507327 0.005484
v 0.418975 1.528472 0.002405
v 0.418975 1.528472 0.002405
v 0.365996 1.535705 0.007471
v 0.365996 1.535705 0.007471
v 0.363961 1.548941 -0.013682
v 0.416357 1.507281 0.015389
v 0.416357 1.507281 0.015389
v 0.477394 1.504864 0.024567
v 0.477394 1.504864 0.024567
v 0.370898 1.512229 0.023900
v 0.374077 1.486359 0.019210
v 0.416369 1.482967 0.012431
v 0.378118 1.458048 0.004719
v 0.415200 1.462290 -0.004951
v 0.415578 1.445315 -0.027975
v 0.468885 1.439053 -0.020774
v 0.467186 1.453259 0.004697
v 0.416324 1.438038 -0.059647
v 0.473609 1.439414 -0.050449
v 0.483675 1.454794 -0.074662
v 0.554397 1.461084 -0.051711
v 0.549954 1.449726 -0.034493
v 0.623229 1.455229 -0.042834
v 0.623229 1.455229 -0.042834
v 0.628106 1.472475 -0.050454
v 0.628106 1.472475 -0.050454
v 0.646819 1.471336 -0.045612
v 0.646819 1.471336 -0.045612
v 0.642056 1.455807 -0.041448
v 0.642056 1.455807 -0.041448
v 0.651668 1.487488 -0.041770
v 0.680426 1.486150 -0.041768
v 0.680426 1.486150 -0.041768
v 0.676856 1.470797 -0.047223
v 0.676856 1.470797 -0.047223
v 0.654405 1.495370 -0.029363
v 0.683738 1.490834 -0.028403
v 0.683738 1.490834 -0.028403
v 0.654891 1.498371 -0.014630
v 0.653288 1.497022 0.000824
v 0.653288 1.497022 0.000824
v 0.630279 1.496443 0.015373
v 0.630279 1.496443 0.015373
v 0.624651 1.482137 0.024172
v 0.624651 1.482137 0.024172
v 0.624651 1.482137 0.024172
v 0.548995 1.492922 0.016663
v 0.548995 1.492922 0.016663
v 0.545934 1.476520 0.015679
v 0.619787 1.465444 0.023442
v 0.470535 1.475683 0.023544
v 0.542271 1.460679 0.003026
v 0.544391 1.449937 -0.014386
v 0.675137 1.455866 -0.043497
v 0.675137 1.455866 -0.043497
v 0.368331 1.550166 -0.037280
v 0.166928 1.435123 0.023009
v 0.151698 1.457853 0.062566
v 0.151698 1.457853 0.062566
v 0.130975 1.398759 0.073945
v 0.125804 1.403075 0.093849
v 0.125804 1.403075 0.093849
v 0.150009 1.386029 0.032066
v 0.135405 1.326011 0.031040
v 0.115931 1.333238 0.070165
v 0.159086 1.373774 -0.033533
v 0.150973 1.371285 -0.074087
v 0.139164 1.364791 -0.089566
v 0.116234 1.276874 0.066611
v 0.102308 1.336411 0.089055
v 0.102308 1.336411 0.089055
v 0.099972 1.276675 0.084766
v 0.096368 1.338056 0.106860
v 0.096368 1.338056 0.106860
v 0.087737 1.275749 0.096433
v 0.118129 1.407202 0.103592
v 0.100193 1.412690 0.109092
v 0.086301 1.339942 0.111473
v 0.086301 1.339942 0.111473
v 0.084660 1.415151 0.113995
v 0.078167 1.341360 0.103870
v 0.093002 1.487167 0.102878
v 0.078087 1.487309 0.100650
v 0.072206 1.416283 0.099446
v 0.092924 1.540624 0.079440
v 0.077611 1.541575 0.078829
v 0.074993 1.570442 0.059198
v 0.047408 1.568808 0.064311
v 0.053785 1.542711 0.083394
v 0.023740 1.353698 -0.123886
v 0.027143 1.332901 -0.117809
v 0.041094 1.360136 -0.124896
v 0.046522 1.339742 -0.118352
v 0.054736 1.368015 -0.126265
v 0.061578 1.347163 -0.119048
v 0.066692 1.375141 -0.127071
v 0.074599 1.353004 -0.119066
v 0.057938 1.392246 -0.133783
v 0.068817 1.397478 -0.133966
v 0.077156 1.380576 -0.127381
v 0.053345 1.399337 -0.141302
v 0.064067 1.405548 -0.141796
v 0.061450 1.385540 -0.143502
v 0.061450 1.385540 -0.143502
v 0.071148 1.392116 -0.143840
v 0.071148 1.392116 -0.143840
v 0.071681 1.367630 -0.145457
v 0.059880 1.361049 -0.144721
v 0.081723 1.373130 -0.145777
v 0.093094 1.348966 -0.147793
v 0.083278 1.345281 -0.147278
v 0.090854 1.378108 -0.146017
v 0.080019 1.398163 -0.144027
v 0.080019 1.398163 -0.144027
v 0.102761 1.352750 -0.148302
v 0.114443 1.321705 -0.151177
v 0.106012 1.320584 -0.150438
v 0.110781 1.355730 -0.148595
v 0.099189 1.382582 -0.146073
v 0.121517 1.322127 -0.151580
v 0.135869 1.282366 -0.154434
v 0.127801 1.281937 -0.154494
v 0.129630 1.320921 -0.151467
v 0.118514 1.359831 -0.148340
v 0.143841 1.282751 -0.153857
v 0.166005 1.216951 -0.160327
v 0.156064 1.215431 -0.159388
v 0.168491 1.217738 -0.171078
v 0.179918 1.130147 -0.186584
v 0.179918 1.130147 -0.186584
v 0.182814 1.130616 -0.175668
v 0.182814 1.130616 -0.175668
v 0.166466 1.218867 -0.179584
v 0.173559 1.129403 -0.196101
v 0.173559 1.129403 -0.196101
v 0.185652 1.041050 -0.204412
v 0.195709 1.043132 -0.196048
v 0.161504 1.127534 -0.199438
v 0.161504 1.127534 -0.199438
v 0.158781 1.220815 -0.187875
v 0.171589 1.037356 -0.202350
v 0.184957 0.949101 -0.201319
v 0.200881 0.954324 -0.209219
v 0.159377 1.033863 -0.194288
v 0.149103 1.123892 -0.194711
v 0.149103 1.123892 -0.194711
v 0.168884 0.943801 -0.193371
v 0.174288 0.857302 -0.191580
v 0.198354 0.863909 -0.197914
v 0.146731 0.938568 -0.188861
v 0.143359 1.029051 -0.190069
v 0.148276 0.852572 -0.184546
v 0.152492 0.776203 -0.177403
v 0.182232 0.779953 -0.187328
v 0.115259 0.848957 -0.181155
v 0.114841 0.933536 -0.181654
v 0.121816 0.773007 -0.178384
v 0.138258 0.696304 -0.168109
v 0.138258 0.696304 -0.168109
v 0.166928 0.700879 -0.170864
v 0.166928 0.700879 -0.170864
v 0.073452 0.771723 -0.183419
v 0.062970 0.846265 -0.178782
v 0.102909 0.693993 -0.186077
v 0.065679 0.930339 -0.178623
v 0.027243 0.931769 -0.165765
v 0.032824 1.018286 -0.170013
v 0.080370 1.019279 -0.180237
v 0.077237 1.374426 -0.176678
v 0.077237 1.374426 -0.176678
v 0.073348 1.289540 -0.178384
v 0.073159 1.459897 -0.168613
v 0.116946 1.459882 -0.169055
v 0.114369 1.377575 -0.180043
v 0.114369 1.377575 -0.180043
v 0.062979 1.554758 -0.146308
v 0.113144 1.551353 -0.145149
v 0.025802 0.841806 -0.135829
v 0.035533 0.932225 -0.143233
v 0.069559 0.841466 -0.155933
v 0.094051 0.931838 -0.157217
v 0.058973 0.760735 -0.153949
v 0.066746 0.682910 -0.160155
v 0.066746 0.682910 -0.160155
v 0.112440 0.760571 -0.155267
v 0.119841 0.843727 -0.154840
v 0.119452 0.677430 -0.153832
v 0.119452 0.677430 -0.153832
v 0.119452 0.677430 -0.153832
v 0.148136 0.682565 -0.137079
v 0.148136 0.682565 -0.137079
v 0.146162 0.764293 -0.149294
v 0.178036 0.688289 -0.147857
v 0.178036 0.688289 -0.147857
v 0.176532 0.769981 -0.158084
v 0.199002 0.605620 -0.143335
v 0.232879 0.532018 -0.147258
v 0.237065 0.617097 -0.159533
v 0.216328 0.696613 -0.162479
v 0.216328 0.696613 -0.162479
v 0.269368 0.547255 -0.159725
v 0.301705 0.489028 -0.159710
v 0.301705 0.489028 -0.159710
v 0.304193 0.564901 -0.168752
v 0.304193 0.564901 -0.168752
v 0.276401 0.633574 -0.170415
v 0.333503 0.503959 -0.168516
v 0.333503 0.503959 -0.168516
v 0.362974 0.446413 -0.169572
v 0.333202 0.435082 -0.161099
v 0.360623 0.518039 -0.176687
v 0.360623 0.518039 -0.176687
v 0.331813 0.581179 -0.176982
v 0.331813 0.581179 -0.176982
v 0.388329 0.457018 -0.178263
v 0.411330 0.398904 -0.180675
v 0.411330 0.398904 -0.180675
v 0.394558 0.461355 -0.203329
v 0.368276 0.524583 -0.202497
v 0.368276 0.524583 -0.202497
v 0.416444 0.401256 -0.203366
v 0.402683 0.396539 -0.220273
v 0.374994 0.454775 -0.219767
v 0.416170 0.360346 -0.218735
v 0.354519 0.446537 -0.199405
v 0.321385 0.510362 -0.195943
v 0.344042 0.517475 -0.217809
v 0.344042 0.517475 -0.217809
v 0.326023 0.435047 -0.184603
v 0.288759 0.500234 -0.182551
v 0.254090 0.566923 -0.181430
v 0.289163 0.576082 -0.194215
v 0.219103 0.561735 -0.168563
v 0.219103 0.561735 -0.168563
v 0.190810 0.627366 -0.168147
v 0.190810 0.627366 -0.168147
v 0.225373 0.632208 -0.181358
v 0.225373 0.632208 -0.181358
v 0.199344 0.704815 -0.183352
v 0.233401 0.712399 -0.195063
v 0.233401 0.712399 -0.195063
v 0.260224 0.641318 -0.194282
v 0.260224 0.641318 -0.194282
v 0.212158 0.786613 -0.195897
v 0.235561 0.793319 -0.211753
v 0.259465 0.719859 -0.213048
v 0.259465 0.719859 -0.213048
v 0.217024 0.870068 -0.211176
v 0.236850 0.875963 -0.206919
v 0.260814 0.800199 -0.209078
v 0.260814 0.800199 -0.209078
v 0.215435 0.957825 -0.202434
v 0.220290 0.958350 -0.187103
v 0.242423 0.876558 -0.187735
v 0.242423 0.876558 -0.187735
v 0.199983 1.043530 -0.183569
v 0.193790 1.041726 -0.173508
v 0.193790 1.041726 -0.173508
v 0.211515 0.955096 -0.175940
v 0.211515 0.955096 -0.175940
v 0.176047 1.129779 -0.167827
v 0.176047 1.129779 -0.167827
v 0.165246 1.128402 -0.165462
v 0.182040 1.039203 -0.170064
v 0.146336 1.214454 -0.159340
v 0.136803 1.213811 -0.158476
v 0.154239 1.126898 -0.163677
v 0.120823 1.282080 -0.153894
v 0.111850 1.282644 -0.152996
v 0.127653 1.212495 -0.157398
v 0.096573 1.317894 -0.149588
v 0.084016 1.314502 -0.148537
v 0.099129 1.281143 -0.151559
v 0.070662 1.340618 -0.146619
v 0.054845 1.334552 -0.145136
v 0.066011 1.309909 -0.147032
v 0.046661 1.354247 -0.143622
v 0.029918 1.348818 -0.142026
v 0.035439 1.329531 -0.143047
v 0.047699 1.024438 -0.148158
v 0.057951 1.118340 -0.149888
v 0.112337 1.027105 -0.157953
v 0.112405 1.121094 -0.156868
v 0.138602 1.030566 -0.161894
v 0.130897 1.124415 -0.159958
v 0.136677 0.937374 -0.160672
v 0.161839 0.942540 -0.165509
v 0.154928 1.035179 -0.164987
v 0.156104 0.849014 -0.160518
v 0.183873 0.856952 -0.167192
v 0.179610 0.947734 -0.169058
v 0.205166 0.864271 -0.171677
v 0.195525 0.950953 -0.172112
v 0.208591 0.778532 -0.167612
v 0.237331 0.788946 -0.175160
v 0.226357 0.870817 -0.176830
v 0.226357 0.870817 -0.176830
v 0.252628 0.709439 -0.172547
v 0.252628 0.709439 -0.172547
v 0.280075 0.722317 -0.180796
v 0.280075 0.722317 -0.180796
v 0.261386 0.798405 -0.183877
v 0.261386 0.798405 -0.183877
v 0.304330 0.648957 -0.178443
v 0.314327 0.656888 -0.204118
v 0.314327 0.656888 -0.204118
v 0.286693 0.727521 -0.207423
v 0.286693 0.727521 -0.207423
v 0.286693 0.727521 -0.207423
v 0.341649 0.589717 -0.202790
v 0.314535 0.582737 -0.216117
v 0.314535 0.582737 -0.216117
v 0.286846 0.649235 -0.214712
v 0.286846 0.649235 -0.214712
v 0.286846 0.649235 -0.214712
v 0.168654 1.036588 -0.167511
v 0.143189 1.125267 -0.162187
v 0.117416 1.212235 -0.156122
v 0.098943 1.212397 -0.153937
v 0.080251 1.276567 -0.149435
v 0.050501 1.270784 -0.146094
v 0.058633 1.209582 -0.148618
v 0.042019 1.304742 -0.144497
v 0.044458 1.674914 -0.084484
v 0.045793 1.688295 -0.084934
v 0.052318 1.695906 -0.093259
v 0.086645 1.684973 -0.063093
v 0.074659 1.678897 -0.057215
v 0.059520 1.703981 -0.101321
v 0.097121 1.694292 -0.068625
v 0.121159 1.684959 -0.040756
v 0.109331 1.674762 -0.033142
v 0.112860 1.692925 -0.031254
v 0.131134 1.686897 -0.009299
v 0.131134 1.686897 -0.009299
v 0.138121 1.678169 -0.018747
v 0.097804 1.693010 -0.016043
v 0.097804 1.693010 -0.016043
v 0.116595 1.683194 0.005075
v 0.116595 1.683194 0.005075
v 0.131095 1.673032 0.021222
v 0.145822 1.682112 0.008998
v 0.145822 1.682112 0.008998
v 0.143498 1.663318 0.033428
v 0.143498 1.663318 0.033428
v 0.150706 1.675131 0.023504
v 0.150706 1.675131 0.023504
v 0.146648 1.655572 0.024797
v 0.155609 1.666154 0.014402
v 0.128484 1.642021 0.032224
v 0.119855 1.650102 0.017400
v 0.137440 1.662057 0.009293
v 0.109238 1.659984 -0.001912
v 0.125435 1.668503 -0.011109
v 0.092438 1.647099 -0.000482
v 0.087914 1.628465 -0.011850
v 0.082559 1.656754 -0.031926
v 0.093198 1.668024 -0.027302
v 0.068887 1.665826 -0.060624
v 0.151574 1.672866 0.000193
v 0.154108 1.547950 -0.144200
v 0.152958 1.460854 -0.157718
v 0.197724 1.545635 -0.143534
v 0.181436 1.463651 -0.159401
v 0.181436 1.463651 -0.159401
v 0.202995 1.592191 -0.107389
v 0.201638 1.619174 -0.073145
v 0.160149 1.632320 -0.048440
v 0.153827 1.379860 -0.162563
v 0.153827 1.379860 -0.162563
v 0.153827 1.379860 -0.162563
v 0.140153 1.377597 -0.176032
v 0.124515 1.296102 -0.185040
v 0.124515 1.296102 -0.185040
v 0.143030 1.300051 -0.184154
v 0.143030 1.300051 -0.184154
v 0.104929 1.292075 -0.182380
v 0.104929 1.292075 -0.182380
v 0.098820 1.204337 -0.182368
v 0.119103 1.207448 -0.185633
v 0.065414 1.201019 -0.177558
v 0.051209 1.108441 -0.175024
v 0.093824 1.112927 -0.181066
v 0.120179 1.116978 -0.186345
v 0.120093 1.024249 -0.185646
v 0.136667 1.120416 -0.189387
v 0.133690 1.211075 -0.188842
v 0.146420 1.214624 -0.191436
v 0.146420 1.214624 -0.191436
v 0.107307 1.386641 -0.145967
v 0.115277 1.390272 -0.145055
v 0.119218 1.391894 -0.140159
v 0.119218 1.391894 -0.140159
v 0.113154 1.388829 -0.135276
v 0.121733 1.362668 -0.134341
v 0.133440 1.330691 -0.133035
v 0.112192 1.359880 -0.127385
v 0.104644 1.387332 -0.130180
v 0.124494 1.329538 -0.127744
v 0.141592 1.281052 -0.125695
v 0.152324 1.290507 -0.132963
v 0.115661 1.326654 -0.121273
v 0.105063 1.358443 -0.122322
v 0.130055 1.274199 -0.117116
v 0.151806 1.190274 -0.113067
v 0.167105 1.199561 -0.122881
v 0.106680 1.324521 -0.113999
v 0.096747 1.357963 -0.118596
v 0.098575 1.315315 -0.106412
v 0.087140 1.356021 -0.118403
v 0.081211 1.321844 -0.108566
v 0.068511 1.318704 -0.109797
v 0.080283 1.274242 -0.096369
v 0.097821 1.205053 -0.093264
v 0.064441 1.270422 -0.099874
v 0.052982 1.312183 -0.110198
v 0.081544 1.197530 -0.099883
v 0.085097 1.132569 -0.109010
v 0.085097 1.132569 -0.109010
v 0.100429 1.138297 -0.104808
v 0.053913 1.188538 -0.104999
v 0.042599 1.262469 -0.103361
v 0.031443 1.306306 -0.110768
v 0.105668 1.070799 -0.093048
v 0.105668 1.070799 -0.093048
v 0.105668 1.070799 -0.093048
v 0.113754 1.072567 -0.112434
v 0.113754 1.072567 -0.112434
v 0.103775 1.076297 -0.085421
v 0.103775 1.076297 -0.085421
v 0.144657 1.042727 -0.070333
v 0.123136 1.026686 -0.076811
v 0.129355 1.078856 -0.104322
v 0.129355 1.078856 -0.104322
v 0.131874 1.015134 -0.116976
v 0.131874 1.015134 -0.116976
v 0.149319 1.084536 -0.089501
v 0.149319 1.084536 -0.089501
v 0.156415 1.019055 -0.104762
v 0.168260 1.094591 -0.068034
v 0.168260 1.094591 -0.068034
v 0.181857 1.022586 -0.081931
v 0.186134 1.089622 -0.038672
v 0.186134 1.089622 -0.038672
v 0.201561 1.024695 -0.051922
v 0.209657 1.023084 -0.019457
v 0.209657 1.023084 -0.019457
v 0.220614 0.975823 -0.042094
v 0.219663 0.968094 -0.017704
v 0.219663 0.968094 -0.017704
v 0.208749 0.977049 -0.070203
v 0.213992 0.937378 -0.085579
v 0.226204 0.936288 -0.063539
v 0.188959 0.974093 -0.096138
v 0.194544 0.933680 -0.106385
v 0.168460 0.928133 -0.121599
v 0.162418 0.968086 -0.115822
v 0.148592 0.922805 -0.115972
v 0.134334 0.960265 -0.122844
v 0.177926 0.903628 -0.111011
v 0.187445 0.882087 -0.113165
v 0.233953 0.931179 -0.044148
v 0.230938 0.923289 -0.030145
v 0.230938 0.923289 -0.030145
v 0.215528 0.959407 -0.001691
v 0.215528 0.959407 -0.001691
v 0.215528 0.959407 -0.001691
v 0.221419 0.925624 -0.033832
v 0.233410 0.893610 -0.054467
v 0.208973 0.953705 -0.013070
v 0.212707 0.933418 -0.051039
v 0.205013 0.958667 -0.033040
v 0.197010 0.975089 -0.019197
v 0.201431 0.967508 -0.008926
v 0.244264 0.863636 -0.070814
v 0.257160 0.825921 -0.089240
v 0.287039 0.773040 -0.106571
v 0.287039 0.773040 -0.106571
v 0.295603 0.785054 -0.114611
v 0.306896 0.797403 -0.120923
v 0.086829 1.384484 -0.127355
v 0.096220 1.386810 -0.127588
v 0.078642 1.402967 -0.134388
v 0.087447 1.405543 -0.133815
v 0.072502 1.412206 -0.141861
v 0.081842 1.415200 -0.138399
v 0.081842 1.415200 -0.138399
v 0.088064 1.403580 -0.144069
v 0.088064 1.403580 -0.144069
v 0.182481 1.208000 -0.131536
v 0.048481 1.342145 0.089774
v 0.054456 1.418305 0.097474
v 0.067312 1.343844 0.087620
v 0.059178 1.488873 0.104682
v 0.078212 1.274128 0.104479
v 0.078212 1.274128 0.104479
v 0.083841 1.220208 0.102929
v 0.083841 1.220208 0.102929
v 0.094796 1.220499 0.094737
v 0.100355 1.151177 0.099883
v 0.100355 1.151177 0.099883
v 0.106170 1.222809 0.082845
v 0.117209 1.229014 0.054973
v 0.126210 1.067199 0.095426
v 0.161419 1.226862 -0.097511
v 0.176945 1.234529 -0.106617
v 0.177563 1.180097 -0.096384
v 0.196644 1.246487 -0.114306
v 0.247423 1.150194 -0.094711
v 0.247423 1.150194 -0.094711
v 0.487227 0.329370 -0.163514
v 0.487227 0.329370 -0.163514
v 0.498614 0.334304 -0.175930
v 0.498614 0.334304 -0.175930
v 0.498614 0.334304 -0.175930
v 0.501339 0.334993 -0.157794
v 0.515232 0.293889 -0.159293
v 0.507184 0.291158 -0.164071
v 0.507184 0.291158 -0.164071
v 0.513936 0.339481 -0.169561
v 0.520255 0.295355 -0.166744
v 0.520255 0.295355 -0.166744
v 0.522809 0.277014 -0.165069
v 0.522809 0.277014 -0.165069
v 0.521126 0.276821 -0.160277
v 0.521126 0.276821 -0.160277
v 0.512531 0.292679 -0.172234
v 0.512531 0.292679 -0.172234
v 0.517464 0.274868 -0.168526
v 0.515464 0.274835 -0.163563
v 0.515464 0.274835 -0.163563
v 0.522023 0.412139 -0.169389
v 0.522023 0.412139 -0.169389
v 0.111610 0.781158 -0.085889
v 0.061003 0.848224 -0.064665
v 0.037514 0.917246 -0.057596
v 0.074214 0.772761 -0.070648
v 0.090571 0.697931 -0.070411
v 0.123300 0.706560 -0.081029
v 0.058136 0.766198 -0.037526
v 0.042063 0.842810 -0.030384
v 0.069312 0.690811 -0.044424
v 0.076936 0.649776 -0.048438
v 0.100166 0.650178 -0.078845
v 0.059212 0.690379 -0.009424
v 0.055988 0.759253 -0.004881
v 0.063274 0.697733 0.024133
v 0.054742 0.756403 0.023420
v 0.046272 0.840401 0.026354
v 0.036270 0.841328 -0.000191
v 0.029453 0.906513 0.025762
v 0.020044 0.905470 0.002265
v 0.032831 0.907395 0.046364
v 0.019402 0.950559 0.043549
v 0.021685 0.946599 0.022158
v 0.044489 0.910260 0.065728
v 0.032170 0.959880 0.063871
v 0.075487 0.914288 0.086400
v 0.059621 0.973167 0.087584
v 0.117594 0.854356 0.093783
v 0.012521 0.970334 0.020314
v 0.008683 0.967611 0.001925
v 0.012679 0.943481 0.002576
v 0.006841 0.981883 0.019359
v 0.006098 0.980022 0.001284
v 0.006699 0.980802 -0.018946
v 0.010594 0.969213 -0.018411
v 0.015428 0.946699 -0.018419
v 0.026924 0.949224 -0.048041
v 0.023408 0.910438 -0.022241
v 0.112441 0.599038 -0.084026
v 0.134446 0.653002 -0.092970
v 0.144990 0.605629 -0.092373
v 0.169250 0.653546 -0.082995
v 0.174376 0.612478 -0.084631
v 0.156468 0.712289 -0.073416
v 0.186803 0.712757 -0.049685
v 0.195826 0.654428 -0.059402
v 0.209331 0.656947 -0.022784
v 0.209331 0.656947 -0.022784
v 0.214395 0.621385 -0.029827
v 0.214395 0.621385 -0.029827
v 0.212136 0.665482 0.027643
v 0.217907 0.619080 0.016627
v 0.197380 0.617346 -0.062685
v 0.207539 0.553360 -0.077543
v 0.216745 0.563947 -0.045470
v 0.216745 0.563947 -0.045470
v 0.225098 0.491001 -0.062689
v 0.225098 0.491001 -0.062689
v 0.212678 0.567803 -0.007087
v 0.234265 0.494380 -0.027909
v 0.212359 0.491867 -0.086512
v 0.198996 0.562048 0.025198
v 0.219510 0.491390 0.009884
v 0.201586 0.605874 0.044082
v 0.192720 0.597173 0.061555
v 0.189718 0.553042 0.045437
v 0.201220 0.652707 0.054266
v 0.196373 0.643850 0.073064
v 0.189857 0.639665 0.092335
v 0.184023 0.592375 0.077753
v 0.176347 0.636767 0.103978
v 0.174020 0.587425 0.087882
v 0.159000 0.635312 0.102830
v 0.159410 0.589073 0.082965
v 0.141029 0.592301 0.076105
v 0.132158 0.549425 0.052124
v 0.155576 0.546780 0.062629
v 0.171257 0.543267 0.073626
v 0.170991 0.492706 0.070329
v 0.175131 0.435633 0.062169
v 0.192187 0.490424 0.058269
v 0.181218 0.547068 0.063260
v 0.196418 0.429301 0.046046
v 0.205378 0.490255 0.037241
v 0.208082 0.431606 0.022551
v 0.213018 0.365555 0.009447
v 0.197620 0.365548 0.028690
v 0.222996 0.433263 -0.004410
v 0.222175 0.366719 -0.012054
v 0.220669 0.283269 -0.008657
v 0.220669 0.283269 -0.008657
v 0.213981 0.282546 0.006952
v 0.213981 0.282546 0.006952
v 0.226346 0.366612 -0.039677
v 0.232727 0.433039 -0.041408
v 0.222895 0.281739 -0.027753
v 0.222895 0.281739 -0.027753
v 0.228655 0.202264 -0.015138
v 0.227055 0.206356 0.005129
v 0.219576 0.278795 -0.048335
v 0.219576 0.278795 -0.048335
v 0.219576 0.278795 -0.048335
v 0.222986 0.365078 -0.066743
v 0.222986 0.365078 -0.066743
v 0.226413 0.199449 -0.035483
v 0.226413 0.199449 -0.035483
v 0.217465 0.197530 -0.053069
v 0.209666 0.276835 -0.065270
v 0.227630 0.159323 -0.052323
v 0.213482 0.159202 -0.070838
v 0.204382 0.196102 -0.065446
v 0.215581 0.105271 -0.069685
v 0.218737 0.051062 -0.073942
v 0.198003 0.050932 -0.085119
v 0.198007 0.029346 -0.087687
v 0.221743 0.028822 -0.075421
v 0.175581 0.051059 -0.082639
v 0.173928 0.029776 -0.084947
v 0.157330 0.029662 -0.069088
v 0.161167 0.051297 -0.067964
v 0.153133 0.029301 -0.044307
v 0.155531 0.052146 -0.046030
v 0.157339 0.011756 -0.041579
v 0.174670 0.005236 -0.038137
v 0.164582 0.013136 -0.010652
v 0.164582 0.013136 -0.010652
v 0.159830 0.031085 -0.015810
v 0.159830 0.031085 -0.015810
v 0.183550 0.007111 -0.010258
v 0.203366 0.006360 -0.011851
v 0.195375 0.024814 0.013679
v 0.178662 0.025612 0.017397
v 0.178662 0.025612 0.017397
v 0.212565 0.023943 0.008555
v 0.225407 0.015415 0.047009
v 0.208189 0.016459 0.051718
v 0.242371 0.014799 0.041232
v 0.260163 0.014861 0.034721
v 0.263082 0.001675 0.102582
v 0.243212 0.002189 0.107581
v 0.281993 0.000950 0.098833
v 0.295155 0.007887 0.097022
v 0.295155 0.007887 0.097022
v 0.269106 0.022419 0.032898
v 0.269106 0.022419 0.032898
v 0.292139 0.000688 0.153845
v 0.303128 0.006989 0.155767
v 0.303128 0.006989 0.155767
v 0.296989 0.020173 0.155832
v 0.292267 0.021985 0.102396
v 0.293583 0.011583 0.191100
v 0.293583 0.011583 0.191100
v 0.286911 0.002853 0.188003
v 0.286988 0.023146 0.187552
v 0.284032 0.038368 0.187146
v 0.293663 0.036769 0.157033
v 0.273764 0.026162 0.206109
v 0.278797 0.015805 0.210103
v 0.278797 0.015805 0.210103
v 0.254305 0.027592 0.214700
v 0.256354 0.019513 0.214540
v 0.231075 0.028892 0.205709
v 0.232282 0.017446 0.205649
v 0.207989 0.031985 0.178908
v 0.207598 0.016343 0.177766
v 0.213202 0.050207 0.178068
v 0.227264 0.063765 0.173054
v 0.242093 0.074539 0.136330
v 0.230185 0.104001 0.082794
v 0.264503 0.067256 0.127008
v 0.246075 0.093518 0.071491
v 0.282203 0.055148 0.116207
v 0.291515 0.039735 0.107766
v 0.242450 0.140406 0.038869
v 0.243152 0.172508 0.020051
v 0.220366 0.210287 0.019767
v 0.204228 0.283781 0.018961
v 0.204228 0.283781 0.018961
v 0.192462 0.281069 0.026263
v 0.192462 0.281069 0.026263
v 0.189764 0.340847 0.030263
v 0.179090 0.280481 0.024321
v 0.179090 0.280481 0.024321
v 0.176546 0.357911 0.032406
v 0.166150 0.276592 0.016593
v 0.166150 0.276592 0.016593
v 0.167352 0.207730 0.027686
v 0.158054 0.360493 0.026001
v 0.140795 0.360480 0.011850
v 0.152753 0.275792 0.000287
v 0.152753 0.275792 0.000287
v 0.176639 0.404570 0.047310
v 0.144215 0.273004 -0.017400
v 0.149990 0.195242 -0.010975
v 0.142776 0.270237 -0.040175
v 0.152728 0.191865 -0.033563
v 0.155524 0.201575 0.010169
v 0.155524 0.201575 0.010169
v 0.148839 0.270867 -0.060227
v 0.161945 0.273462 -0.073517
v 0.137507 0.360998 -0.096769
v 0.164263 0.364035 -0.106687
v 0.179012 0.275430 -0.079821
v 0.114374 0.427430 -0.101785
v 0.146434 0.431522 -0.119194
v 0.130606 0.519148 -0.096333
v 0.195944 0.276553 -0.076160
v 0.150489 0.154404 -0.035101
v 0.155646 0.103249 -0.040632
v 0.185301 0.024031 0.129350
v 0.188557 0.008386 0.123361
v 0.188557 0.008386 0.123361
v 0.180012 0.027329 0.060813
v 0.209181 0.004163 0.176919
v 0.209181 0.004163 0.176919
v 0.223324 0.000124 0.168409
v 0.204401 0.003578 0.117236
v 0.204401 0.003578 0.117236
v 0.223587 0.002539 0.112723
v 0.190991 0.018225 0.056102
v 0.190991 0.018225 0.056102
v 0.169760 0.035342 0.017107
v 0.169760 0.035342 0.017107
v 0.222763 0.011455 -0.075365
v 0.228691 0.433215 -0.075653
v 0.228691 0.433215 -0.075653
v 0.033663 1.633679 0.018396
v 0.036962 1.622317 0.004228
v 0.022154 1.603673 0.012296
v 0.030325 1.624811 -0.002911
v 0.015651 1.614316 0.004217
v 0.042287 1.642521 -0.017599
v 0.033386 1.656726 -0.005548
v 0.021973 1.643448 0.004248
v 0.048690 1.670871 -0.032361
v 0.044470 1.678582 -0.019950
v 0.047566 1.688933 -0.002815
v 0.038716 1.673466 0.017446
v 0.051825 1.706002 0.012050
v 0.040602 1.698649 0.038260
v 0.053388 1.729046 0.020689
v 0.042766 1.731881 0.043926
v 0.050406 1.767400 0.047987
v 0.030190 1.735005 0.056398
v 0.060717 1.790112 0.059061
v 0.017179 1.736200 0.066663
v 0.009210 1.735587 0.072980
v 0.010010 1.635821 0.010339
v 0.077514 1.785580 -0.058094
v 0.061142 1.795023 -0.078224
v 0.028295 1.843169 0.088102
v 0.016973 1.866948 0.058818
v 0.333705 0.316759 -0.160554
v 0.333705 0.316759 -0.160554
v 0.359995 0.277185 -0.163880
v 0.359995 0.277185 -0.163880
v 0.381203 0.229969 -0.167354
v 0.381203 0.229969 -0.167354
v 0.391317 0.231888 -0.179534
v 0.394435 0.232924 -0.161686
v 0.399946 0.196033 -0.162034
v 0.394065 0.194402 -0.166465
v 0.394065 0.194402 -0.166465
v 0.404543 0.234491 -0.173479
v 0.404543 0.234491 -0.173479
v 0.404596 0.195930 -0.169620
v 0.404596 0.195930 -0.169620
v 0.398780 0.194092 -0.174460
v -0.109972 0.528607 -0.182899
v -0.103508 0.508343 -0.174154
v -0.093936 0.515171 -0.168357
v 0.741396 1.461800 -0.054059
v 0.739483 1.454495 -0.054330
v 0.733311 1.454399 -0.050970
v -0.732038 1.454399 -0.050970
v -0.738210 1.454495 -0.054330
v -0.740123 1.461800 -0.054059
v 0.095209 0.515171 -0.168357
v 0.104781 0.508343 -0.174154
v 0.111245 0.528607 -0.182899
vn 0.0892 0.8517 0.5164
vn -0.0000 0.9649 -0.2627
vn -0.0000 0.8523 -0.5230
vn -0.2216 0.8289 -0.5136
vn -0.2216 0.8289 -0.5137
vn -0.0000 -0.1259 -0.9920
vn 0.4174 0.8843 -0.2093
vn 0.4367 0.8052 0.4012
vn 0.6063 0.6825 0.4081
vn 0.0676 0.4181 0.9059
vn -0.0000 0.5050 0.8631
vn -0.0000 0.7847 0.6199
vn 0.1829 0.7258 0.6632
vn -0.0000 0.8353 0.5498
vn 0.6898 -0.0524 -0.7221
vn 0.3611 -0.0013 -0.9325
vn 0.8884 -0.0318 -0.4580
vn -0.0000 -0.1663 -0.9861
vn 0.4840 -0.0310 -0.8745
vn -0.0000 -0.0565 -0.9984
vn 0.4405 -0.0241 -0.8974
vn -0.0000 -0.0458 -0.9990
vn -0.1411 -0.1626 0.9765
vn 0.7470 -0.0294 -0.6642
vn -0.0000 0.0655 0.9979
vn -0.0000 0.0390 -0.9992
vn -0.0000 -0.6008 -0.7994
vn 0.1446 -0.3737 0.9162
vn 0.5971 -0.5190 0.6117
vn -0.0000 -0.7858 0.6185
vn -0.0000 -0.4337 0.9011
vn 0.8677 -0.4045 0.2888
vn 0.6610 -0.7054 0.2559
vn 0.2223 -0.1667 0.9606
vn -0.0646 -0.5099 0.8578
vn 0.6776 -0.7350 -0.0264
vn 0.8991 -0.3980 -0.1823
vn 0.3979 -0.1736 -0.9009
vn 0.2924 -0.7342 -0.6128
vn 0.2615 -0.4183 -0.8699
vn 0.4467 -0.7787 -0.4405
vn 0.3431 -0.9386 0.0355
vn -0.5618 -0.7435 -0.3627
vn -0.6890 -0.1962 0.6977
vn 0.0625 -0.4964 0.8658
vn -0.7582 0.2017 0.6200
vn -0.9227 0.0144 -0.3853
vn 0.9529 -0.2196 0.2092
vn 0.8165 -0.4280 0.3875
vn 0.0055 -0.9717 -0.2361
vn 0.1344 -0.3430 -0.9297
vn -0.9903 -0.0017 -0.1390
vn -0.9571 -0.2594 0.1293
vn -0.1672 0.0193 0.9857
vn -0.1664 -0.1804 0.9694
vn 0.8166 -0.4278 0.3875
vn -0.9571 -0.2592 0.1293
vn 0.5464 -0.2734 -0.7916
vn 0.3781 -0.1945 -0.9051
vn 0.3898 -0.2165 -0.8951
vn 0.3514 -0.1949 -0.9157
vn 0.2490 -0.1490 -0.9570
vn -0.9436 0.1773 -0.2798
vn 0.4469 -0.7786 -0.4405
vn -0.3271 0.0654 0.9427
vn -0.3154 0.0551 0.9474
vn 0.4467 -0.7788 -0.4405
vn 0.0187 -0.0964 0.9952
vn -0.1467 0.0007 0.9892
vn -0.2951 0.0218 0.9552
vn -0.2056 -0.0020 0.9786
vn 0.3337 -0.1615 -0.9287
vn 0.3849 -0.1966 -0.9018
vn 0.5773 -0.8144 -0.0594
vn 0.3611 -0.2052 -0.9097
vn 0.8136 -0.5299 0.2392
vn -0.0903 -0.0098 0.9959
vn -0.2424 0.0322 0.9696
vn -0.0905 -0.0098 0.9958
vn 0.5772 -0.8144 -0.0594
vn -0.3509 -0.1009 0.9310
vn 0.8253 -0.2581 -0.5023
vn 0.3281 -0.9415 -0.0775
vn 0.4965 -0.5124 0.7007
vn 0.5542 -0.1232 0.8232
vn 0.8357 -0.2028 0.5103
vn 0.6814 0.0086 0.7319
vn 0.4895 -0.1812 0.8530
vn 0.5665 -0.3488 0.7466
vn 0.3986 -0.0213 0.9169
vn 0.4286 -0.2015 0.8807
vn 0.8113 0.0132 0.5845
vn 0.9015 -0.1541 0.4045
vn 0.9673 -0.2494 0.0456
vn 0.9898 -0.1368 0.0401
vn 0.9982 0.0391 0.0446
vn 0.8774 -0.3003 0.3742
vn 0.5596 -0.2096 0.8019
vn 0.7832 0.0902 0.6152
vn 0.6434 0.2530 0.7225
vn 0.4043 0.4127 0.8162
vn 0.5802 -0.0877 0.8097
vn 0.4617 0.2612 0.8477
vn 0.2605 0.5884 0.7654
vn 0.7145 -0.1892 0.6736
vn -0.2937 0.6938 0.6575
vn 0.1547 0.4142 0.8969
vn -0.4321 0.1292 0.8925
vn 0.1285 0.0423 0.9908
vn 0.6393 -0.1431 0.7555
vn 0.9006 -0.0743 0.4282
vn 0.9944 -0.0304 0.1008
vn 0.4706 -0.1974 0.8600
vn 0.1319 -0.0219 0.9910
vn -0.3352 0.7850 0.5210
vn -0.6272 0.6864 0.3681
vn 0.8592 -0.1802 0.4788
vn 0.6488 -0.1586 0.7442
vn 0.7759 -0.1937 0.6004
vn 0.4369 -0.1278 0.8904
vn 0.3137 -0.1884 0.9307
vn 0.0207 -0.1768 0.9840
vn 0.4544 -0.0797 0.8872
vn 0.4641 -0.2828 0.8394
vn 0.5265 -0.2711 0.8058
vn 0.4822 -0.0856 0.8719
vn 0.8121 -0.3022 0.4991
vn 0.7074 -0.2605 0.6571
vn 0.5694 -0.3559 0.7410
vn 0.4887 -0.3356 0.8053
vn 0.9862 0.0371 -0.1612
vn -0.7916 0.5710 0.2175
vn -0.8363 0.5397 0.0963
vn -0.7993 0.1677 0.5771
vn -0.9371 0.1949 0.2896
vn -0.9447 0.3031 0.1254
vn 0.8252 0.0500 -0.5627
vn 0.9125 -0.1006 -0.3964
vn -0.0139 -0.9885 0.1508
vn -0.0253 -0.9967 0.0770
vn -0.0220 -0.9978 0.0630
vn -0.0189 -0.9959 0.0882
vn -0.0056 -0.9999 0.0154
vn 0.0002 -1.0000 0.0029
vn 0.0136 -0.9999 0.0067
vn 0.4305 -0.5704 0.6995
vn 0.0021 -0.5801 0.8145
vn 0.0212 -0.9673 0.2528
vn 0.0586 -0.9770 0.2048
vn -0.3173 -0.7657 0.5595
vn -0.6624 0.2368 0.7108
vn 0.0041 0.1977 0.9803
vn -0.0001 0.6901 0.7237
vn -0.5017 0.6948 0.5153
vn 0.6096 0.3241 0.7234
vn 0.2927 0.8233 0.4863
vn -0.1760 0.9500 0.2578
vn -0.4294 0.8832 0.1886
vn -0.6942 0.6579 0.2919
vn -0.7438 0.6588 0.1133
vn -0.4441 0.8887 0.1137
vn -0.1131 0.9720 0.2058
vn -0.2859 -0.9460 -0.1527
vn -0.2148 -0.9444 -0.2490
vn 0.0062 -0.9999 0.0159
vn 0.0019 -0.9991 0.0423
vn 0.0242 -0.9984 0.0502
vn 0.0226 -0.9995 0.0207
vn -0.0507 -0.9190 -0.3909
vn -0.0465 -0.9732 0.2251
vn -0.5365 -0.8337 0.1311
vn -0.5441 -0.8218 0.1690
vn -0.1229 -0.9260 0.3569
vn -0.7917 -0.4170 -0.4465
vn -0.9040 -0.3601 -0.2305
vn -0.9544 -0.1548 -0.2554
vn -0.8780 0.0873 -0.4706
vn -0.1562 -0.3413 -0.9269
vn 0.4741 -0.3001 -0.8278
vn 0.4857 -0.7957 -0.3620
vn 0.3254 -0.9454 -0.0193
vn 0.8774 -0.3953 -0.2718
vn 0.9353 -0.0711 0.3465
vn 0.7117 0.0549 0.7003
vn 0.7580 0.3711 0.5364
vn 0.9508 0.1305 0.2811
vn 0.9298 0.1884 0.3163
vn 0.7107 0.5779 0.4012
vn 0.0177 0.3528 0.9355
vn 0.2003 0.6621 0.7222
vn 0.2944 0.8612 0.4144
vn 0.9824 -0.0640 0.1755
vn 0.9594 -0.0929 0.2664
vn 0.9853 -0.0586 0.1606
vn 0.9900 -0.0885 0.1098
vn 0.9973 -0.0316 0.0667
vn 0.9473 -0.0310 0.3189
vn 0.7370 0.1377 0.6617
vn -0.8818 0.4700 0.0391
vn -0.9748 0.2200 0.0358
vn -0.9597 0.1150 -0.2563
vn -0.9514 0.2292 -0.2058
vn -0.9445 0.1327 -0.3006
vn -0.9336 0.0964 -0.3450
vn -0.8692 0.1089 -0.4823
vn -0.8721 0.0531 -0.4865
vn -0.9672 0.2352 -0.0958
vn -0.9418 0.1517 -0.2999
vn -0.7458 0.3726 0.5523
vn -0.5749 0.3646 0.7325
vn -0.4050 0.0750 0.9112
vn -0.5568 0.2903 0.7783
vn 0.1688 0.2407 0.9558
vn -0.2198 0.3017 0.9277
vn 0.3785 0.3336 0.8634
vn -0.1561 0.4600 0.8741
vn -0.6515 0.4278 0.6266
vn -0.2104 0.0300 -0.9772
vn -0.1828 0.1581 -0.9704
vn 0.4932 0.1401 -0.8586
vn 0.4484 0.0074 -0.8938
vn 0.8768 -0.0089 -0.4807
vn 0.8899 0.0560 -0.4528
vn -0.0588 0.1252 -0.9904
vn 0.5394 0.0813 -0.8381
vn 0.8700 0.0121 -0.4929
vn 0.9639 -0.2441 0.1063
vn 0.8438 -0.2877 0.4530
vn 0.9398 -0.3377 0.0529
vn 0.8351 -0.3339 -0.4371
vn 0.9283 -0.1178 -0.3527
vn -0.3100 -0.2163 -0.9258
vn -0.6964 -0.1577 -0.7001
vn -0.5369 0.0551 -0.8419
vn -0.1209 -0.0065 -0.9926
vn 0.0411 0.1686 -0.9848
vn -0.4265 0.2127 -0.8791
vn 0.0573 0.0819 0.9950
vn 0.4964 -0.5123 0.7008
vn 0.5542 -0.1231 0.8232
vn -0.0535 0.0095 -0.9985
vn -0.3866 -0.4409 -0.8100
vn 0.6344 -0.7596 -0.1435
vn -0.3549 -0.0236 -0.9346
vn 0.0259 -0.1350 -0.9905
vn 0.3120 -0.1704 -0.9347
vn 0.1144 -0.0316 0.9929
vn 0.2839 -0.3057 0.9088
vn 0.3495 -0.3265 -0.8782
vn 0.4463 -0.5751 -0.6856
vn -0.6820 -0.6832 -0.2609
vn 0.4231 -0.0035 -0.9061
vn 0.9119 -0.4050 0.0666
vn 0.7025 -0.5651 -0.4326
vn 0.3494 -0.3264 -0.8783
vn 0.4596 -0.4060 0.7899
vn 0.1785 -0.7877 0.5896
vn 0.2913 -0.6638 0.6888
vn -0.9686 -0.1126 -0.2217
vn -0.9212 -0.3771 0.0957
vn -0.9722 -0.2309 0.0395
vn -0.9880 0.1359 -0.0736
vn -0.2800 0.8880 0.3648
vn -0.1469 0.9192 0.3653
vn 0.0892 0.8517 0.5163
vn -0.0000 0.9978 -0.0656
vn -0.0000 0.9948 0.1014
vn -0.7526 0.3769 0.5400
vn -0.5562 0.7657 0.3230
vn -0.4765 0.7947 0.3759
vn -0.5472 0.4062 0.7319
vn -0.2799 0.8880 0.3648
vn -0.3401 0.9245 -0.1722
vn -0.5891 0.8065 0.0509
vn -0.4766 0.7947 0.3759
vn -0.8813 0.4347 0.1855
vn -0.6174 0.6100 0.4967
vn 0.4174 0.8843 -0.2092
vn -0.1108 0.9394 -0.3245
vn -0.0000 0.9419 -0.3358
vn -0.1107 0.9394 -0.3245
vn -0.0982 -0.1294 0.9867
vn -0.4023 -0.2087 0.8914
vn -0.1280 -0.5356 0.8347
vn -0.0969 -0.5570 0.8248
vn -0.1316 -0.3200 0.9382
vn -0.3136 -0.4359 0.8436
vn -0.5942 -0.1938 0.7806
vn -0.5821 -0.3810 0.7183
vn -0.6171 -0.2017 0.7606
vn -0.7469 0.2020 0.6335
vn -0.6173 0.6101 0.4967
vn -0.8813 0.4346 0.1855
vn -0.9177 -0.0034 0.3973
vn -0.9553 -0.0133 0.2953
vn -0.9679 0.1961 0.1570
vn -0.7450 0.6559 -0.1217
vn -0.4448 0.8316 -0.3325
vn -0.6857 0.6278 -0.3685
vn -0.8530 0.4804 -0.2041
vn -0.3814 0.7504 -0.5398
vn -0.6695 0.5626 -0.4850
vn -0.8755 0.3949 -0.2785
vn -0.9725 0.2328 0.0019
vn -0.9183 -0.3218 0.2304
vn -0.9725 0.2329 0.0019
vn -0.9010 0.4338 0.0090
vn -0.8569 -0.4874 0.1679
vn -0.8100 -0.4335 0.3950
vn -0.8089 -0.3710 0.4562
vn -0.0000 0.8025 -0.5966
vn -0.0000 0.4340 -0.9009
vn -0.4760 0.3572 -0.8037
vn -0.0000 0.8025 -0.5967
vn -0.7509 -0.4839 0.4494
vn -0.6032 -0.5667 0.5613
vn -0.6775 -0.2922 0.6750
vn -0.6824 -0.2490 0.6873
vn 0.0001 -0.5350 0.8448
vn -0.7121 -0.1478 0.6863
vn -0.0000 -0.5132 0.8583
vn -0.0000 -0.7511 0.6602
vn -0.9390 -0.3425 0.0304
vn -0.9396 -0.2543 0.2293
vn -0.9187 -0.2934 0.2645
vn -0.8926 -0.3997 -0.2087
vn -0.5331 -0.1309 -0.8358
vn -0.5463 -0.3947 -0.7388
vn -0.8796 -0.3081 -0.3624
vn -0.7792 -0.2527 -0.5735
vn -0.6666 -0.2968 -0.6838
vn -0.9093 0.3630 0.2035
vn -0.8002 -0.3345 -0.4978
vn -0.8560 -0.4563 -0.2430
vn 0.3332 0.7562 0.5632
vn 0.5888 0.5402 0.6013
vn 0.7467 0.5123 0.4243
vn 0.5090 0.6955 0.5072
vn 0.7108 0.4139 0.5687
vn 0.2140 0.5998 0.7710
vn 0.2805 0.6742 0.6832
vn 0.5578 0.5254 0.6425
vn 0.7135 0.6076 0.3488
vn 0.4751 0.7184 0.5081
vn 0.0359 0.5429 0.8390
vn -0.3822 0.9093 0.1644
vn 0.2803 0.6743 0.6832
vn 0.1068 0.9329 0.3440
vn -0.3308 0.9430 -0.0357
vn 0.1067 0.9329 0.3440
vn -0.2817 0.9359 -0.2117
vn 0.5447 0.3504 0.7619
vn 0.5458 0.4605 0.7001
vn -0.0000 -0.4652 -0.8852
vn -0.0000 0.7366 -0.6763
vn -0.0000 0.9380 -0.3467
vn -0.3456 0.0354 0.9377
vn -0.4540 -0.1179 0.8832
vn 0.4909 0.3949 0.7766
vn 0.2059 0.6485 0.7328
vn 0.2455 0.7138 0.6559
vn 0.5457 0.4605 0.7001
vn 0.4575 0.5831 0.6713
vn 0.5781 0.4206 0.6992
vn 0.3107 0.3693 0.8758
vn -0.8947 0.0783 0.4398
vn -0.0407 0.3950 0.9178
vn 0.1555 0.8032 0.5750
vn -0.6402 -0.5686 -0.5165
vn -0.9946 -0.0152 -0.1025
vn -0.8347 -0.4485 -0.3195
vn -0.7054 -0.6679 -0.2374
vn -0.9016 0.4055 0.1507
vn -0.2840 0.8453 0.4526
vn -0.1990 0.6608 0.7237
vn -0.0448 0.8458 0.5316
vn -0.1348 0.8729 0.4689
vn 0.3502 0.8610 0.3689
vn 0.3024 0.8638 0.4030
vn -0.2840 0.8797 0.3815
vn -0.2614 0.9264 0.2711
vn -0.3622 0.9233 0.1279
vn 0.4261 0.8635 0.2698
vn -0.3084 0.9435 0.1208
vn 0.2670 0.9370 0.2254
vn 0.2754 0.9604 -0.0425
vn -0.1210 0.4116 0.9033
vn -0.0928 0.6061 0.7899
vn 0.1192 0.7213 0.6823
vn -0.4815 0.6480 0.5901
vn -0.1102 0.8049 0.5832
vn 0.2917 -0.6601 0.6922
vn -0.2959 0.1438 0.9443
vn -0.8846 -0.1878 0.4268
vn -0.3585 -0.9056 -0.2266
vn 0.0597 0.3186 0.9460
vn -0.7150 0.6952 0.0739
vn 0.4266 -0.7044 0.5673
vn 0.0597 0.3187 0.9460
vn -0.0769 -0.9602 -0.2684
vn -0.1178 -0.9921 -0.0438
vn -0.2035 -0.9791 -0.0065
vn -0.5284 -0.7944 0.2995
vn -0.3691 -0.9233 -0.1060
vn -0.4011 0.8923 0.2073
vn -0.7827 0.2133 0.5847
vn -0.7460 0.3314 0.5777
vn -0.5265 -0.7959 0.2989
vn -0.7318 -0.3576 -0.5802
vn -0.3692 -0.9233 -0.1060
vn -0.5020 -0.7623 0.4085
vn -0.7420 0.4120 0.5289
vn -0.4099 0.8570 -0.3123
vn -0.6193 0.4447 -0.6471
vn -0.8210 0.5700 -0.0338
vn -0.4333 -0.8451 -0.3130
vn -0.3606 -0.8578 0.3662
vn -0.8210 0.5699 -0.0339
vn -0.8514 0.0745 0.5193
vn -0.0415 -0.9779 -0.2050
vn 0.0809 -0.7009 -0.7087
vn -0.0415 -0.9779 -0.2051
vn -0.1529 -0.7812 -0.6053
vn -0.1729 0.7543 0.6333
vn -0.2644 0.9475 0.1798
vn -0.2512 0.9666 0.0518
vn -0.3487 0.1886 -0.9181
vn -0.8397 -0.2768 -0.4672
vn -0.3193 0.9160 -0.2428
vn -0.2375 0.7756 -0.5849
vn -0.0033 0.2062 -0.9785
vn -0.7131 -0.1261 -0.6896
vn -0.6741 -0.7255 -0.1384
vn -0.2764 0.4794 0.8329
vn -0.3863 -0.2001 0.9004
vn -0.2622 -0.9206 -0.2893
vn -0.1161 -0.9644 -0.2376
vn 0.1027 -0.9840 -0.1454
vn 0.0449 -0.9797 -0.1956
vn 0.2842 -0.7422 0.6069
vn 0.4895 -0.7281 0.4799
vn 0.1365 -0.9830 0.1228
vn 0.4936 -0.7312 0.4708
vn -0.0392 -0.9535 -0.2989
vn -0.0483 -0.9347 -0.3520
vn 0.0038 -0.9430 -0.3329
vn 0.3144 0.1856 0.9310
vn -0.2763 0.4794 0.8330
vn -0.3864 -0.2000 0.9004
vn -0.1140 0.7109 0.6940
vn 0.0398 0.4559 0.8891
vn 0.3738 0.0001 0.9275
vn -0.0772 0.6949 -0.7150
vn -0.3100 0.7578 -0.5742
vn -0.1133 0.9155 -0.3861
vn 0.0801 0.8946 -0.4396
vn -0.0325 0.9994 -0.0119
vn 0.0181 0.9533 -0.3015
vn -0.2518 0.9629 -0.0971
vn 0.0328 0.6886 -0.7244
vn -0.3241 0.2106 0.9223
vn -0.2708 0.5984 0.7540
vn -0.4482 0.7415 0.4993
vn -0.3373 0.4204 0.8423
vn -0.2240 0.7566 0.6144
vn -0.3957 0.8919 0.2191
vn -0.2178 0.5846 0.7815
vn -0.3373 0.4203 0.8424
vn -0.3191 0.8681 0.3802
vn -0.1564 0.8898 -0.4286
vn 0.0349 -0.7719 0.6347
vn 0.0126 -0.7996 0.6004
vn -0.0724 -0.3729 0.9250
vn -0.0387 -0.2999 0.9532
vn -0.1056 0.1924 0.9756
vn -0.2099 0.0644 0.9756
vn -0.5027 0.8346 -0.2254
vn -0.2803 0.9379 -0.2045
vn -0.1723 0.9813 0.0854
vn -0.1411 0.8396 0.5245
vn -0.3185 0.8886 -0.3300
vn -0.4383 0.5634 0.7003
vn -0.3147 0.0074 0.9492
vn -0.2855 0.5309 0.7979
vn -0.1211 0.4116 0.9033
vn -0.1684 0.0252 0.9854
vn -0.3508 0.5683 0.7443
vn -0.1586 0.5019 0.8503
vn -0.4922 0.3394 -0.8016
vn -0.3621 0.5414 -0.7588
vn -0.7871 0.3798 -0.4861
vn -0.1299 0.6045 -0.7860
vn -0.0779 0.7113 -0.6986
vn -0.9263 0.3067 -0.2188
vn -0.0352 -0.8341 0.5505
vn -0.0607 -0.4864 0.8716
vn -0.1947 -0.2660 0.9441
vn -0.6023 0.2295 0.7646
vn -0.1318 0.6050 0.7852
vn -0.1684 0.0254 0.9854
vn -0.3241 0.2104 0.9223
vn -0.3536 0.7915 -0.4986
vn -0.1883 0.6316 -0.7521
vn -0.4339 0.4817 -0.7614
vn -0.5314 0.1505 -0.8336
vn -0.1647 -0.0437 -0.9854
vn -0.2235 0.5901 -0.7758
vn -0.1419 -0.5027 -0.8527
vn -0.0027 -0.4528 -0.8916
vn -0.1594 -0.3922 -0.9060
vn -0.6119 -0.1981 -0.7657
vn 0.0777 -0.2954 0.9522
vn -0.0066 -0.1138 0.9935
vn -0.3418 0.2276 0.9118
vn -0.3257 0.4178 0.8481
vn -0.3809 0.3178 0.8683
vn -0.4400 0.1470 0.8859
vn -0.7752 -0.0685 0.6280
vn -0.3405 -0.4657 0.8168
vn -0.7704 -0.2478 0.5875
vn -0.4438 0.8261 -0.3473
vn -0.4077 0.5831 -0.7027
vn -0.3837 0.3516 -0.8539
vn -0.5315 0.1505 -0.8336
vn -0.4077 0.5830 -0.7028
vn -0.0000 -0.0404 0.9992
vn -0.4447 -0.0352 0.8950
vn -0.5640 -0.2912 0.7727
vn -0.4425 0.0014 0.8968
vn -0.0174 -0.0357 0.9992
vn -0.2076 -0.0517 0.9769
vn -0.7745 0.2587 -0.5772
vn -0.3983 0.2062 -0.8938
vn -0.1396 0.1487 -0.9790
vn -0.9106 -0.1036 0.4002
vn -0.7357 -0.6038 0.3069
vn -0.7743 -0.6230 -0.1109
vn -0.9390 -0.1283 0.3190
vn -0.8210 -0.5369 -0.1941
vn -0.0306 -0.9916 -0.1259
vn -0.0597 -0.8053 -0.5898
vn -0.7357 -0.6038 0.3068
vn -0.8209 -0.5370 -0.1941
vn -0.5419 -0.6197 -0.5678
vn -0.5777 -0.7175 -0.3891
vn 0.4430 -0.8963 0.0211
vn -0.5806 -0.7888 -0.2018
vn -0.0626 -0.9693 -0.2377
vn -0.5777 -0.7176 -0.3891
vn 0.0726 -0.9628 -0.2604
vn 0.1860 -0.2744 0.9434
vn -0.0306 -0.9916 -0.1258
vn 0.7141 -0.2368 0.6588
vn 0.3013 -0.2360 0.9239
vn -0.0708 -0.8267 0.5582
vn 0.3142 -0.9229 0.2227
vn 0.0004 -0.1936 0.9811
vn -0.4431 -0.6723 0.5930
vn -0.5653 -0.7298 -0.3846
vn 0.3143 -0.9228 0.2228
vn -0.4430 -0.6724 0.5930
vn -0.1583 -0.1109 0.9811
vn -0.5572 -0.4040 0.7255
vn -0.0476 0.0020 0.9989
vn -0.2036 0.0237 0.9788
vn -0.5238 -0.0894 0.8471
vn 0.5145 -0.2579 0.8178
vn 0.9018 -0.1022 0.4199
vn 0.9642 -0.2344 -0.1242
vn 0.7079 -0.2301 -0.6678
vn -0.0000 0.3259 0.9454
vn -0.0539 0.2168 0.9747
vn 0.0603 0.2270 0.9720
vn -0.0000 0.2654 0.9641
vn -0.0000 0.0377 0.9993
vn -0.0805 0.0822 0.9934
vn 0.1170 -0.9841 -0.1334
vn 0.5351 -0.5364 -0.6526
vn 0.7910 -0.5443 0.2794
vn 0.2781 -0.5782 0.7670
vn -0.0836 -0.3372 0.9377
vn -0.2575 -0.9440 -0.2065
vn 0.0794 -0.2917 -0.9532
vn -0.4866 0.0983 0.8681
vn -0.6355 -0.7714 -0.0338
vn -0.5174 0.0745 0.8525
vn 0.4366 -0.2043 -0.8761
vn 0.3966 -0.2221 0.8907
vn 0.9322 -0.3537 -0.0763
vn 0.7381 -0.5455 0.3970
vn 0.2357 -0.1657 0.9576
vn -0.6041 0.0165 0.7967
vn -0.5902 -0.1823 0.7864
vn -0.2185 -0.2479 -0.9438
vn 0.6314 -0.5427 -0.5539
vn -0.2797 0.1090 0.9539
vn 0.1688 0.0565 0.9840
vn 0.4483 -0.1006 0.8882
vn 0.2034 -0.0023 0.9791
vn -0.1494 -0.0233 0.9885
vn 0.0522 0.0517 0.9973
vn -0.1373 -0.1031 0.9852
vn -0.1096 -0.1019 0.9887
vn -0.4023 -0.9051 0.1378
vn -0.4249 -0.9014 0.0836
vn -0.0921 -0.4580 -0.8842
vn -0.1171 -0.3824 -0.9165
vn -0.3268 -0.8970 0.2977
vn -0.1175 -0.3941 -0.9115
vn -0.4249 -0.9014 0.0835
vn -0.0897 -0.0829 0.9925
vn 0.1722 0.0835 0.9815
vn -0.2721 0.1614 0.9486
vn -0.0392 -0.0081 0.9992
vn 0.3475 -0.0192 0.9375
vn 0.7723 -0.0084 0.6352
vn 0.6360 -0.0574 0.7695
vn -0.1816 0.0083 -0.9833
vn -0.4014 0.0987 -0.9106
vn -0.0659 0.0622 -0.9959
vn 0.5209 -0.2236 -0.8238
vn 0.3694 -0.1549 -0.9163
vn -0.2184 -0.2479 -0.9438
vn -0.2336 0.0669 0.9700
vn -0.1514 0.0331 0.9879
vn -0.2710 0.1006 0.9573
vn -0.8221 0.1380 0.5524
vn -0.9543 0.2056 0.2169
vn -0.8617 -0.0828 0.5006
vn -0.9468 -0.0470 0.3185
vn -0.9991 -0.0338 -0.0250
vn -0.9776 0.1890 -0.0928
vn 0.0208 -0.1734 0.9846
vn -0.0804 -0.2319 0.9694
vn -0.5023 -0.1240 0.8558
vn -0.4870 -0.1452 0.8613
vn -0.4227 0.0368 0.9055
vn 0.0484 0.0148 0.9987
vn -0.0783 -0.0796 0.9937
vn -0.0000 -0.0991 0.9951
vn -0.0000 0.0464 0.9989
vn -0.0000 -0.4336 0.9011
vn 0.0988 0.0454 0.9941
vn 0.1150 -0.0767 0.9904
vn -0.1612 -0.0265 0.9866
vn 0.3770 -0.0342 0.9256
vn -0.1206 0.0192 0.9925
vn -0.9046 0.1748 -0.3888
vn -0.9439 0.2786 -0.1771
vn -0.9651 0.2491 -0.0813
vn -0.9969 0.0726 -0.0299
vn -0.9640 -0.0095 0.2657
vn -0.9492 0.1533 0.2746
vn -0.9966 -0.0811 0.0173
vn -0.8471 -0.1140 0.5190
vn 0.7686 -0.4199 -0.4826
vn 0.2741 -0.4028 -0.8733
vn 0.4276 -0.7095 -0.5602
vn 0.6668 -0.6783 -0.3088
vn -0.0000 -0.7172 -0.6969
vn -0.0000 -0.9650 -0.2624
vn 0.1100 -0.5439 -0.8319
vn -0.9340 -0.0280 -0.3561
vn -0.8271 0.1437 -0.5434
vn -0.9593 -0.1359 -0.2477
vn -0.9884 -0.1515 -0.0085
vn 0.8687 -0.2611 -0.4209
vn 0.7006 -0.2591 -0.6649
vn 0.7705 -0.4730 -0.4273
vn 0.6268 -0.1627 0.7620
vn -0.3081 0.1167 0.9442
vn -0.3235 0.1425 0.9354
vn -0.7992 0.1603 0.5794
vn -0.9936 0.0215 -0.1106
vn -0.3285 0.0643 -0.9423
vn -0.9936 0.0219 -0.1106
vn 0.7705 -0.4729 -0.4274
vn -0.1260 -0.1629 -0.9786
vn -0.5179 0.1598 -0.8404
vn -0.0000 -0.3495 -0.9369
vn -0.0751 -0.2689 -0.9602
vn -0.1844 -0.1188 -0.9756
vn -0.2549 0.1477 -0.9556
vn -0.1118 -0.1294 -0.9853
vn -0.0000 -0.1489 -0.9889
vn -0.1347 -0.0675 -0.9886
vn -0.0000 -0.0552 -0.9985
vn -0.2537 -0.1042 -0.9617
vn -0.7150 0.0658 0.6960
vn -0.7514 0.1652 0.6388
vn -0.8378 0.2192 0.5000
vn -0.8550 0.2039 0.4768
vn -0.9485 0.2584 0.1830
vn -0.9305 0.2670 0.2506
vn -0.1205 0.0192 0.9925
vn -0.5231 0.0332 0.8516
vn 0.0486 0.0148 0.9987
vn -0.7414 0.1307 0.6582
vn -0.3600 0.0079 0.9329
vn -0.9919 -0.0804 0.0986
vn -0.8566 0.0208 -0.5156
vn -0.9660 0.0866 -0.2435
vn -0.8162 -0.0200 0.5774
vn -0.9595 0.0449 0.2781
vn 0.0693 -0.0660 0.9954
vn -0.9762 0.2010 0.0812
vn -0.9014 0.1909 0.3886
vn -0.7300 -0.0765 0.6792
vn -0.6896 0.1338 0.7117
vn -0.7278 0.0792 0.6812
vn -0.7648 -0.1164 0.6337
vn -0.4697 0.0426 -0.8818
vn -0.8559 0.0233 -0.5166
vn -0.4873 0.0570 -0.8714
vn -0.5304 0.0556 -0.8459
vn -0.8183 0.0991 -0.5661
vn -0.9582 0.1606 -0.2369
vn -0.4590 -0.0193 0.8882
vn -0.8855 0.1890 0.4245
vn 0.2219 -0.1139 -0.9684
vn 0.1110 -0.0321 -0.9933
vn -0.3525 0.0088 -0.9358
vn 0.0829 0.0200 -0.9964
vn -0.7604 -0.2682 -0.5915
vn -0.6233 -0.2083 -0.7537
vn -0.4652 -0.1279 -0.8759
vn -0.8062 0.1235 0.5785
vn -0.9555 0.1786 0.2348
vn -0.8793 -0.4654 0.1010
vn 0.8982 -0.3522 0.2631
vn 0.7380 -0.4074 0.5379
vn 0.7124 -0.4015 0.5756
vn 0.6461 -0.3073 0.6987
vn 0.4147 -0.8303 -0.3724
vn 0.8487 -0.4254 0.3144
vn 0.5098 -0.7947 -0.3294
vn 0.8022 -0.4133 0.4309
vn 0.6615 -0.3875 0.6421
vn 0.4967 -0.2927 0.8171
vn 0.8867 -0.4599 -0.0468
vn 0.7433 -0.6536 0.1424
vn 0.0680 -0.7364 -0.6731
vn -0.0284 0.0134 -0.9995
vn -0.5011 0.2255 -0.8355
vn -0.5000 0.0329 -0.8654
vn -0.3018 -0.9161 -0.2637
vn -0.1418 -0.9763 0.1636
vn 0.5636 -0.3980 0.7239
vn 0.7376 -0.4546 0.4993
vn 0.6004 -0.6561 0.4572
vn 0.4254 -0.4808 0.7667
vn 0.8095 -0.4645 0.3590
vn 0.8409 -0.5253 0.1306
vn -0.3019 -0.9162 -0.2636
vn 0.3319 -0.8131 -0.4782
vn -0.6979 0.0626 -0.7134
vn -0.8590 -0.0190 -0.5117
vn -0.8745 0.3255 0.3597
vn 0.9220 -0.2831 -0.2642
vn -0.8745 0.3253 0.3598
vn 0.8340 -0.3388 -0.4354
vn 0.9242 -0.3815 -0.0195
vn 0.7954 -0.2143 -0.5669
vn 0.5113 -0.0923 -0.8544
vn 0.6014 -0.1387 -0.7868
vn 0.5740 -0.1463 -0.8057
vn -0.6727 0.3210 -0.6666
vn -0.8037 0.3726 -0.4640
vn -0.9196 0.3217 -0.2255
vn -0.7346 -0.2513 0.6302
vn -0.7575 -0.0231 0.6525
vn -0.5578 -0.0493 0.8285
vn -0.7574 -0.0231 0.6525
vn -0.8745 0.3253 0.3597
vn -0.7382 0.2344 0.6325
vn -0.4600 0.0669 0.8854
vn -0.3974 0.0748 0.9146
vn 0.7334 -0.6351 -0.2424
vn 0.5502 -0.3009 0.7790
vn -0.2244 -0.8435 0.4880
vn -0.2453 -0.8314 -0.4987
vn -0.9939 -0.0711 -0.0844
vn -0.2452 -0.8314 -0.4987
vn -0.2245 -0.8435 0.4880
vn -0.4518 -0.1947 0.8706
vn -0.3810 0.0433 0.9236
vn 0.5501 -0.3009 0.7790
vn -0.5621 -0.1402 -0.8151
vn -0.9856 0.1689 0.0111
vn -0.5170 0.0624 -0.8537
vn 0.1993 -0.2857 -0.9374
vn 0.2300 -0.3372 -0.9129
vn 0.8191 -0.5680 0.0802
vn -0.9267 0.3014 -0.2243
vn -0.9994 -0.0008 -0.0336
vn -0.4534 -0.5130 0.7289
vn -0.3022 -0.0576 0.9515
vn 0.1924 -0.1646 -0.9674
vn -0.2427 -0.2945 -0.9243
vn 0.6731 -0.7169 -0.1816
vn -0.2120 -0.9485 -0.2355
vn 0.3728 -0.2341 -0.8979
vn -0.3253 -0.8259 0.4606
vn 0.6731 -0.7169 -0.1817
vn -0.2395 -0.0131 0.9708
vn -0.1911 -0.0567 0.9799
vn -0.3252 -0.8259 0.4605
vn -0.8951 0.3748 -0.2415
vn -0.0814 -0.2513 0.9645
vn -0.2891 0.0455 0.9562
vn -0.9738 0.0506 0.2216
vn -0.1568 0.0274 -0.9872
vn -0.7843 0.2991 0.5436
vn -0.3429 0.0972 0.9343
vn 0.2072 -0.0415 -0.9774
vn 0.3039 -0.1076 -0.9466
vn 0.3933 -0.2161 -0.8937
vn 0.3152 -0.1446 -0.9379
vn -0.2970 0.1116 0.9483
vn -0.4001 0.0628 0.9143
vn 0.1170 -0.2220 -0.9680
vn 0.0569 -0.1444 -0.9879
vn 0.8315 -0.5553 0.0152
vn 0.7564 -0.6516 0.0579
vn 0.2844 -0.1478 0.9472
vn 0.7564 -0.6515 0.0579
vn 0.8315 -0.5554 0.0153
vn 0.2811 -0.1066 0.9537
vn 0.2715 -0.1330 0.9532
vn 0.4418 -0.7715 -0.4579
vn 0.1809 -0.1615 -0.9701
vn -0.9738 0.0506 0.2218
vn 0.4418 -0.7715 -0.4578
vn 0.1991 -0.1712 -0.9649
vn -0.0251 -0.0032 -0.9997
vn 0.0032 -0.0603 -0.9982
vn 0.2026 -0.1323 0.9703
vn -0.0419 -0.0909 0.9950
vn 0.2553 -0.2067 0.9445
vn 0.7039 -0.4367 0.5601
vn 0.2633 -0.6420 -0.7201
vn 0.1858 -0.1789 0.9662
vn -0.5925 0.2472 -0.7667
vn -0.7107 0.3310 -0.6208
vn -0.2078 0.0643 -0.9761
vn 0.8481 -0.4576 -0.2670
vn 0.7993 -0.4725 -0.3712
vn 0.7040 -0.4367 0.5601
vn 0.6951 -0.3990 -0.5980
vn 0.4535 -0.2869 -0.8438
vn 0.0113 -0.0037 -0.9999
vn -0.2077 0.0643 -0.9761
vn 0.2633 -0.6421 -0.7200
vn 0.0588 -0.0368 -0.9976
vn 0.6017 -0.1101 -0.7911
vn 0.4914 -0.0726 -0.8679
vn 0.1617 -0.8546 -0.4935
vn 0.5749 -0.1384 -0.8064
vn 0.3490 -0.0633 -0.9350
vn -0.8900 0.0661 -0.4511
vn 0.6500 -0.6118 -0.4508
vn 0.5765 -0.2248 -0.7856
vn 0.1616 -0.8546 -0.4935
vn 0.5420 -0.8037 0.2454
vn 0.5835 -0.1735 -0.7933
vn -0.6451 0.0498 0.7624
vn -0.6844 0.0852 0.7241
vn 0.1618 -0.8546 -0.4934
vn -0.2794 -0.4572 0.8443
vn -0.3807 -0.1259 0.9161
vn -0.6322 0.0760 0.7711
vn -0.6100 0.0287 0.7919
vn -0.5363 0.0383 0.8431
vn -0.3204 -0.9332 0.1628
vn -0.1357 -0.9041 -0.4052
vn 0.5033 -0.2129 -0.8375
vn 0.2469 -0.0776 -0.9659
vn -0.1707 0.3270 -0.9295
vn 0.8981 -0.3459 -0.2717
vn 0.8231 -0.5572 -0.1098
vn -0.6035 -0.0507 0.7958
vn -0.6871 0.0037 0.7265
vn -0.7025 -0.2666 0.6598
vn -0.1429 -0.3648 0.9201
vn -0.2463 -0.1718 0.9538
vn -0.0666 -0.0368 -0.9971
vn 0.0731 -0.0058 -0.9973
vn -0.7453 0.2105 -0.6327
vn 0.0730 -0.0058 -0.9973
vn -0.6204 0.4274 -0.6576
vn 0.8981 -0.3459 -0.2718
vn 0.8231 -0.5571 -0.1098
vn -0.6091 0.1565 0.7775
vn -0.7720 0.4194 -0.4776
vn 0.0876 0.0878 -0.9923
vn -0.7505 0.4524 -0.4817
vn 0.0905 0.0918 -0.9917
vn 0.4325 -0.0948 -0.8966
vn 0.4180 -0.0838 -0.9046
vn 0.5384 -0.1545 -0.8284
vn 0.5239 -0.1445 -0.8394
vn 0.4450 -0.1151 -0.8881
vn 0.5593 -0.1787 -0.8094
vn 0.6181 -0.2002 -0.7602
vn 0.5814 -0.2240 -0.7821
vn 0.6496 -0.2521 -0.7172
vn 0.6535 -0.2352 -0.7194
vn 0.6265 -0.1814 -0.7580
vn 0.7164 -0.2589 -0.6479
vn 0.6754 -0.1780 -0.7156
vn 0.8875 -0.4438 0.1243
vn 0.9218 -0.3870 0.0211
vn 0.9358 -0.3481 -0.0556
vn 0.9440 -0.2900 -0.1571
vn 0.0263 -0.1697 0.9851
vn 0.0406 -0.1967 0.9796
vn 0.0790 -0.1984 0.9769
vn 0.9611 -0.1472 -0.2336
vn 0.1493 -0.1277 0.9805
vn 0.3214 -0.0777 -0.9437
vn 0.9416 -0.1562 -0.2984
vn 0.2653 -0.1159 0.9572
vn 0.3197 -0.9438 0.0831
vn 0.2652 -0.1159 0.9572
vn 0.0168 -0.5346 0.8449
vn -0.6951 -0.1832 0.6952
vn -0.7910 -0.4068 -0.4570
vn 0.3196 -0.9439 0.0830
vn 0.0168 -0.5345 0.8450
vn -0.7910 -0.4069 -0.4570
vn -0.5815 0.1253 0.8039
vn -0.0135 -0.1336 0.9909
vn -0.5872 0.1763 0.7900
vn -0.6129 0.2015 0.7640
vn -0.6036 0.1520 0.7826
vn -0.6276 0.2231 0.7459
vn -0.6137 0.1740 0.7701
vn -0.6191 0.2339 0.7497
vn -0.5948 0.1804 0.7834
vn -0.5680 0.1335 0.8121
vn -0.5398 0.0935 0.8366
vn -0.3821 0.0662 0.9217
vn -0.3432 0.0203 0.9390
vn -0.3103 -0.0157 0.9505
vn -0.6147 0.2003 0.7629
vn -0.6332 0.2587 0.7294
vn -0.7047 0.4829 -0.5198
vn -0.6556 0.3094 0.6888
vn -0.6700 0.4712 -0.5737
vn 0.1520 0.0337 -0.9878
vn 0.1226 0.0761 -0.9895
vn 0.4572 -0.1534 -0.8760
vn 0.4449 -0.1151 -0.8881
vn 0.1227 0.0761 -0.9895
vn 0.1678 -0.0246 -0.9855
vn 0.4598 -0.1912 -0.8672
vn 0.5995 -0.2704 -0.7533
vn 0.4531 -0.2162 -0.8649
vn 0.6168 -0.3071 -0.7247
vn 0.7013 -0.3426 -0.6251
vn 0.6776 -0.3037 -0.6698
vn 0.6685 -0.3097 -0.6761
vn 0.6645 -0.2788 -0.6933
vn 0.7244 -0.3425 -0.5982
vn 0.7269 -0.3124 -0.6115
vn 0.8486 -0.4800 0.2223
vn 0.8616 -0.4699 0.1920
vn -0.0684 -0.0503 0.9964
vn -0.0448 -0.0905 0.9949
vn 0.8487 -0.4800 0.2222
vn -0.5893 0.2538 0.7670
vn -0.5893 0.2196 0.7775
vn -0.6204 0.2767 0.7339
vn -0.6178 0.2458 0.7469
vn -0.6400 0.2928 0.7104
vn -0.6354 0.2663 0.7248
vn -0.6416 0.2984 0.7066
vn -0.6347 0.2759 0.7218
vn -0.4670 0.2069 0.8597
vn -0.4549 0.1788 0.8724
vn -0.4265 0.1280 0.8954
vn -0.6858 0.3288 0.6493
vn -0.7078 0.3430 0.6176
vn -0.6859 0.3288 0.6492
vn -0.6670 0.3666 -0.6487
vn -0.6711 0.4086 -0.6186
vn 0.1775 -0.0636 -0.9821
vn -0.6510 0.3445 -0.6764
vn 0.1282 -0.0752 -0.9889
vn -0.6806 0.3353 -0.6514
vn -0.7153 0.3548 0.6020
vn -0.7156 0.3505 0.6042
vn -0.6958 0.3217 0.6421
vn -0.7789 0.3598 -0.5137
vn -0.6469 0.2750 0.7112
vn -0.8861 0.3818 -0.2627
vn -0.1142 0.0469 -0.9924
vn -0.9279 0.3728 -0.0034
vn -0.2674 0.1231 -0.9557
vn -0.0084 0.0092 -0.9999
vn -0.0414 0.0013 -0.9991
vn -0.3496 0.1404 -0.9263
vn -0.4281 0.1751 -0.8866
vn -0.2634 0.1270 -0.9563
vn -0.3163 0.1644 -0.9343
vn -0.3326 0.1969 -0.9223
vn -0.2906 0.1956 -0.9366
vn 0.1131 0.0129 -0.9935
vn 0.0506 0.0476 -0.9976
vn 0.0121 0.0665 -0.9977
vn -0.2583 0.1748 -0.9501
vn -0.0104 0.0636 -0.9979
vn 0.3282 -0.0638 -0.9425
vn 0.2784 -0.0520 -0.9591
vn 0.2343 -0.0497 -0.9709
vn -0.0258 0.0414 -0.9988
vn 0.1947 -0.0602 -0.9790
vn 0.3743 -0.0931 -0.9226
vn 0.3509 -0.1042 -0.9306
vn 0.3177 -0.1102 -0.9418
vn 0.3735 -0.1118 -0.9209
vn 0.3559 -0.1205 -0.9267
vn 0.2345 -0.1054 -0.9664
vn -0.1568 0.0274 -0.9873
vn 0.3699 -0.1210 -0.9212
vn 0.3850 -0.1154 -0.9157
vn 0.4297 -0.1346 -0.8929
vn 0.4018 -0.1297 -0.9065
vn 0.7188 -0.2671 -0.6419
vn 0.6258 -0.2229 -0.7475
vn 0.4842 -0.1835 -0.8555
vn 0.8497 -0.3919 0.3527
vn 0.8215 -0.5022 0.2701
vn 0.7930 -0.5651 0.2278
vn 0.8381 -0.4940 0.2313
vn -0.1286 -0.0630 0.9897
vn -0.0892 -0.0337 0.9954
vn -0.4378 0.1243 0.8904
vn -0.3852 0.1026 0.9171
vn -0.3951 0.1110 0.9119
vn -0.3465 0.0980 0.9329
vn -0.3708 0.1060 0.9226
vn -0.3425 0.1144 0.9325
vn -0.3108 0.1109 0.9440
vn -0.3205 0.1114 0.9407
vn -0.3500 0.1016 0.9312
vn -0.2073 0.0356 0.9776
vn -0.2169 0.0655 0.9740
vn 0.0560 -0.0890 0.9945
vn 0.0240 -0.0468 0.9986
vn 0.1766 -0.1467 0.9733
vn 0.1819 -0.1207 0.9759
vn -0.6218 0.2087 0.7549
vn -0.4974 0.1861 0.8473
vn -0.3557 0.1383 0.9243
vn -0.4975 0.1861 0.8473
vn -0.2358 0.1016 0.9665
vn -0.7975 0.3748 -0.4728
vn -0.8673 0.3881 -0.3117
vn -0.9052 0.3930 -0.1616
vn -0.1727 0.0925 0.9806
vn -0.9156 0.3995 -0.0456
vn -0.2714 0.1286 -0.9538
vn -0.2835 0.1073 -0.9530
vn -0.9052 0.3931 -0.1616
vn -0.8674 0.3880 -0.3116
vn -0.3079 0.0917 -0.9470
vn -0.9318 0.3624 0.0183
vn -0.3783 0.0842 -0.9218
vn -0.3020 0.1059 0.9474
vn -0.2037 0.1030 0.9736
vn -0.9585 0.2837 0.0286
vn -0.9585 0.2837 0.0284
vn 0.3737 -0.1769 0.9105
vn -0.3781 0.0842 -0.9219
vn -0.2584 0.1508 -0.9542
vn -0.7425 0.3623 -0.5634
vn 0.0617 -0.1114 0.9919
vn -0.2305 0.0210 0.9728
vn -0.3032 0.0341 0.9523
vn 0.0127 -0.0925 0.9956
vn -0.3944 0.0668 0.9165
vn -0.1319 -0.0228 0.9910
vn 0.2346 -0.1546 0.9597
vn -0.3041 0.0505 0.9513
vn 0.0540 -0.0669 0.9963
vn -0.1318 -0.0228 0.9910
vn 0.6245 -0.2772 0.7302
vn 0.7073 -0.3532 0.6123
vn 0.7073 -0.3532 0.6124
vn 0.9033 -0.3949 -0.1677
vn 0.8763 -0.4252 -0.2266
vn 0.6415 -0.3002 -0.7060
vn 0.6613 -0.3302 -0.6736
vn 0.6846 -0.3514 -0.6386
vn 0.7061 -0.3627 -0.6082
vn 0.6166 -0.3221 -0.7184
vn 0.6397 -0.3359 -0.6913
vn 0.6547 -0.3372 -0.6765
vn 0.7135 -0.3620 -0.5999
vn 0.6651 -0.3287 -0.6705
vn 0.6930 -0.3769 -0.6145
vn 0.7100 -0.3773 -0.5946
vn 0.7198 -0.3636 -0.5913
vn 0.8351 -0.4967 0.2366
vn 0.8366 -0.4857 0.2534
vn -0.0610 -0.0217 0.9979
vn -0.0793 -0.0228 0.9966
vn -0.5686 0.2831 0.7723
vn -0.5809 0.2729 0.7669
vn -0.6025 0.3014 0.7390
vn -0.6155 0.2915 0.7323
vn -0.6317 0.3148 0.7084
vn -0.6406 0.3062 0.7042
vn -0.6453 0.3197 0.6938
vn -0.6457 0.3122 0.6968
vn -0.4929 0.2401 0.8363
vn -0.4767 0.2261 0.8495
vn -0.6344 0.3152 0.7058
vn -0.5172 0.2455 0.8199
vn -0.6112 0.2919 0.7357
vn -0.5355 0.2382 0.8102
vn -0.5709 0.2513 0.7816
vn -0.5412 0.2166 0.8125
vn -0.5865 0.2248 0.7781
vn -0.5326 0.1913 0.8245
vn -0.5422 0.1853 0.8196
vn -0.9215 0.3505 0.1670
vn -0.5105 0.1624 0.8444
vn -0.8998 0.3225 0.2938
vn -0.4932 0.2125 -0.8436
vn -0.3748 0.1742 -0.9106
vn -0.1383 0.0662 -0.9882
vn -0.0521 0.0368 -0.9980
vn -0.3364 0.1230 -0.9336
vn -0.3358 0.1302 -0.9329
vn -0.1508 0.0695 -0.9861
vn -0.2079 0.0949 -0.9735
vn 0.2941 -0.0667 -0.9534
vn 0.2429 -0.0464 -0.9689
vn 0.1822 -0.0196 -0.9831
vn 0.4423 -0.1004 -0.8912
vn 0.4143 -0.0887 -0.9058
vn 0.3750 -0.0771 -0.9238
vn 0.4372 -0.0855 -0.8953
vn 0.4226 -0.0819 -0.9026
vn 0.3988 -0.0849 -0.9131
vn 0.3987 -0.0849 -0.9132
vn 0.4200 -0.0745 -0.9045
vn 0.4067 -0.0813 -0.9099
vn 0.3883 -0.0953 -0.9166
vn 0.4260 -0.0841 -0.9008
vn 0.3989 -0.0976 -0.9118
vn 0.5969 -0.1583 -0.7866
vn 0.4693 -0.1295 -0.8735
vn 0.9024 -0.3531 -0.2469
vn 0.8038 -0.3073 -0.5093
vn 0.6242 -0.4163 0.6611
vn 0.7254 -0.3920 0.5658
vn 0.8125 -0.3728 0.4483
vn -0.1676 -0.0569 0.9842
vn -0.1067 -0.0299 0.9938
vn -0.4710 0.0953 0.8770
vn -0.4547 0.1192 0.8826
vn -0.4202 0.0670 0.9050
vn -0.4137 0.0965 0.9053
vn -0.4152 0.0628 0.9075
vn -0.3960 0.0873 0.9141
vn -0.4209 0.0732 0.9042
vn -0.3818 0.0866 0.9202
vn -0.4320 0.0534 0.9003
vn -0.4528 0.0739 0.8886
vn -0.4560 0.0715 0.8871
vn -0.4706 0.0893 0.8778
vn -0.4607 0.0978 0.8821
vn -0.4772 0.1048 0.8725
vn -0.4894 0.1130 0.8647
vn -0.4161 0.0935 0.9045
vn -0.4923 0.1159 0.8627
vn -0.4768 0.1133 0.8717
vn -0.3297 0.0715 0.9414
vn -0.1637 0.0178 0.9863
vn 0.1282 -0.0747 0.9889
vn 0.4289 -0.1828 0.8847
vn 0.8925 -0.3511 0.2831
vn 0.9267 -0.3756 -0.0160
vn 0.6834 -0.2877 -0.6709
vn 0.6401 -0.2825 -0.7145
vn 0.4665 -0.2293 -0.8543
vn 0.5232 -0.2580 -0.8122
vn 0.5784 -0.2915 -0.7619
vn 0.5441 -0.2852 -0.7891
vn 0.6072 -0.3273 -0.7240
vn 0.6604 -0.3628 -0.6574
vn 0.8668 -0.4525 -0.2096
vn 0.8698 -0.4933 0.0077
vn 0.8512 -0.5004 0.1581
vn 0.1411 -0.0873 0.9861
vn 0.0080 -0.0430 0.9990
vn -0.5273 0.2849 0.8005
vn -0.5561 0.2899 0.7789
vn -0.5684 0.2971 0.7673
vn -0.5875 0.3049 0.7496
vn -0.5886 0.2961 0.7522
vn -0.6135 0.3128 0.7251
vn -0.5389 0.2786 0.7950
vn -0.5517 0.2676 0.7899
vn -0.4976 0.2586 0.8280
vn -0.4891 0.2322 0.8407
vn -0.5089 0.2065 0.8357
vn -0.4138 0.2076 0.8864
vn -0.4139 0.1730 0.8937
vn -0.5023 0.1750 0.8468
vn -0.3264 0.1339 0.9357
vn -0.4357 0.1560 0.8865
vn -0.4604 0.1407 0.8765
vn -0.3469 0.1379 0.9277
vn -0.3741 0.1221 0.9193
vn -0.6378 0.2067 0.7419
vn -0.8387 0.2922 0.4596
vn -0.8987 0.3367 -0.2810
vn -0.6784 0.2792 -0.6796
vn -0.4177 0.1695 -0.8926
vn -0.2576 0.1094 -0.9600
vn -0.3066 0.1236 -0.9438
vn -0.3216 0.1176 -0.9395
vn -0.0751 0.0422 -0.9963
vn -0.0906 0.0545 -0.9944
vn 0.3365 -0.0787 -0.9384
vn 0.4725 -0.1229 -0.8727
vn 0.4636 -0.1102 -0.8792
vn 0.4543 -0.1153 -0.8834
vn 0.4565 -0.0998 -0.8841
vn 0.4473 -0.0929 -0.8895
vn 0.4297 -0.0868 -0.8988
vn 0.4245 -0.0806 -0.9018
vn 0.4228 -0.0761 -0.9030
vn 0.5475 -0.1294 -0.8267
vn 0.4381 -0.1065 -0.8926
vn 0.5497 -0.1356 -0.8243
vn 0.9124 -0.2619 -0.3145
vn 0.9162 -0.2762 -0.2904
vn 0.5567 -0.1940 0.8077
vn 0.5049 -0.1917 0.8416
vn -0.3256 0.0792 0.9422
vn -0.3461 0.0694 0.9356
vn -0.4927 0.1405 0.8588
vn -0.4842 0.1192 0.8668
vn -0.3462 0.0694 0.9356
vn -0.3257 0.0792 0.9421
vn -0.4741 0.0995 0.8748
vn -0.4659 0.1106 0.8779
vn -0.4386 0.1177 0.8910
vn -0.4641 0.1113 0.8788
vn -0.4030 0.1328 0.9055
vn -0.3951 0.1054 0.9126
vn -0.4354 0.0660 0.8978
vn -0.5004 0.1146 0.8582
vn -0.4324 0.0954 0.8966
vn -0.1730 0.0213 0.9847
vn 0.6360 -0.2569 0.7277
vn 0.8044 -0.3163 -0.5029
vn 0.4358 -0.1940 -0.8789
vn 0.4551 -0.2062 -0.8663
vn 0.4982 -0.2509 -0.8300
vn 0.6851 -0.2545 -0.6825
vn 0.7734 -0.3144 -0.5505
vn 0.8293 -0.3836 -0.4063
vn 0.8340 -0.2163 0.5076
vn 0.6255 -0.1924 0.7561
vn 0.3690 -0.1475 0.9177
vn -0.3149 0.2096 0.9257
vn -0.4512 0.2573 0.8545
vn -0.1318 0.1490 0.9800
vn -0.4751 0.2400 0.8465
vn 0.1958 0.0581 0.9789
vn -0.4149 0.1961 0.8885
vn -0.3944 0.1716 0.9028
vn -0.3693 0.1352 0.9194
vn -0.4503 0.1519 0.8799
vn -0.4298 0.1760 0.8856
vn -0.3490 0.1043 0.9313
vn -0.7169 0.1991 0.6682
vn -0.3923 0.1723 0.9036
vn -0.2631 0.1307 0.9559
vn -0.1203 0.0711 0.9902
vn -0.3555 0.1234 0.9265
vn -0.4103 0.1140 0.9048
vn -0.8661 0.2811 0.4133
vn -0.9423 0.2987 0.1511
vn -0.7110 0.2616 -0.6527
vn -0.6694 0.2399 -0.7031
vn -0.3731 0.1464 -0.9162
vn -0.2763 0.1279 -0.9525
vn -0.1033 0.0505 -0.9934
vn -0.9728 0.1645 0.1629
vn -0.7856 0.0845 0.6129
vn -0.8808 0.1020 0.4624
vn -0.0331 -0.0097 0.9994
vn 0.6729 -0.0786 0.7355
vn 0.8669 -0.1086 0.4865
vn 0.8661 -0.1844 0.4646
vn 0.7667 -0.1212 0.6305
vn 0.1607 0.0671 0.9847
vn 0.2563 -0.0518 0.9652
vn 0.6985 -0.0527 0.7137
vn -0.1238 0.1128 0.9859
vn -0.3035 0.1661 0.9382
vn -0.2467 0.1288 0.9605
vn -0.1907 0.1253 0.9736
vn -0.4362 0.2004 0.8772
vn -0.4160 0.1180 0.9017
vn -0.7991 0.1603 0.5794
vn -0.9239 -0.0085 0.3825
vn -0.9582 -0.2765 0.0739
vn -0.9766 -0.0816 -0.1991
vn -0.7533 -0.2861 -0.5922
vn -0.7022 -0.3612 -0.6135
vn -0.8412 -0.4933 -0.2212
vn -0.8073 -0.3071 -0.5039
vn -0.8163 -0.4045 -0.4124
vn -0.9193 -0.2906 -0.2653
vn -0.8892 -0.4113 -0.2004
vn -0.9591 -0.2825 0.0153
vn -0.8944 -0.4454 0.0408
vn -0.5090 -0.8563 0.0871
vn -0.8040 -0.4602 0.3766
vn -0.3950 -0.7707 0.5000
vn -0.0163 -0.9921 0.1246
vn -0.3949 -0.7707 0.5000
vn 0.0588 -0.9808 0.1860
vn 0.0675 -0.9757 0.2087
vn 0.0818 -0.9744 -0.2096
vn 0.0998 -0.9662 0.2376
vn 0.1916 -0.9724 -0.1329
vn 0.2204 -0.7202 -0.6579
vn 0.0579 -0.7797 -0.6234
vn 0.1893 -0.3033 -0.9339
vn 0.0190 -0.7474 -0.6641
vn -0.0198 -0.2457 -0.9691
vn -0.0553 0.2987 -0.9528
vn 0.1002 0.1592 -0.9822
vn 0.1002 0.1593 -0.9821
vn -0.0553 0.2987 -0.9527
vn -0.3386 -0.2181 -0.9153
vn -0.3539 0.3727 -0.8578
vn -0.2516 -0.1681 -0.9531
vn -0.2757 0.4358 -0.8568
vn -0.3372 -0.2180 -0.9158
vn -0.2738 0.7730 -0.5723
vn -0.2354 0.4614 -0.8554
vn -0.2737 0.8332 -0.4805
vn -0.2747 0.9591 -0.0687
vn -0.2656 0.9566 -0.1196
vn -0.2216 0.9159 0.3348
vn -0.1884 0.9016 0.3894
vn -0.1514 0.8957 0.4182
vn -0.0558 0.9191 0.3900
vn -0.1180 0.7141 0.6901
vn -0.0862 0.6958 0.7130
vn -0.0592 0.6866 0.7246
vn -0.1871 0.9222 0.3385
vn -0.1666 0.6622 0.7306
vn -0.0158 0.2924 0.9562
vn -0.0314 0.2546 0.9665
vn -0.1167 0.2141 0.9698
vn 0.0264 -0.3561 0.9341
vn -0.0710 -0.3296 0.9414
vn 0.0627 -0.7622 0.6443
vn -0.0132 -0.7746 0.6323
vn 0.1102 -0.9477 0.2995
vn 0.0777 -0.7534 0.6529
vn 0.0140 -0.9534 0.3015
vn -0.1125 -0.9774 -0.1788
vn 0.1013 -0.9861 -0.1320
vn -0.2484 -0.7325 -0.6339
vn -0.0707 -0.9599 -0.2714
vn -0.1640 -0.6948 -0.7003
vn -0.0829 -0.6663 -0.7411
vn -0.1675 -0.1340 -0.9767
vn -0.0578 -0.6466 -0.7606
vn -0.0933 -0.0572 -0.9940
vn -0.1679 -0.1340 -0.9767
vn -0.0829 -0.6662 -0.7411
vn -0.1910 0.5503 -0.8128
vn 0.0380 0.0616 -0.9974
vn -0.0745 0.7064 -0.7039
vn -0.1760 0.9528 -0.2475
vn -0.2549 0.8982 -0.3582
vn -0.2730 0.9608 -0.0479
vn -0.2295 0.9363 0.2659
vn -0.1252 0.7082 0.6948
vn 0.0282 0.3280 0.9443
vn -0.0437 0.2928 0.9552
vn 0.2400 -0.2192 0.9457
vn 0.0267 -0.3354 0.9417
vn 0.0651 -0.3667 0.9281
vn 0.0264 -0.3560 0.9341
vn 0.0316 -0.7578 0.6517
vn 0.0651 -0.3668 0.9280
vn 0.2400 -0.2193 0.9457
vn -0.0008 -0.9685 0.2490
vn 0.0413 -0.6404 -0.7669
vn -0.0578 -0.6468 -0.7605
vn -0.1358 0.9887 0.0635
vn -0.8927 -0.2206 0.3929
vn -0.9151 -0.2577 0.3100
vn -0.8244 -0.2217 0.5208
vn -0.8765 -0.2542 0.4088
vn -0.9138 -0.2428 0.3256
vn -0.8472 -0.1478 0.5103
vn -0.9428 -0.1389 0.3029
vn -0.9630 -0.2694 0.0036
vn -0.9165 -0.2646 -0.3001
vn -0.8439 -0.2418 -0.4790
vn -0.7993 -0.0356 0.5999
vn -0.8309 -0.1915 0.5225
vn -0.8576 -0.0396 0.5127
vn -0.6824 -0.0570 0.7288
vn -0.6493 -0.1680 0.7417
vn -0.5483 -0.0515 0.8347
vn 0.0185 -0.0741 0.9971
vn -0.2375 0.0460 0.9703
vn 0.6796 -0.0172 0.7334
vn 0.2909 0.0464 0.9556
vn -0.0437 0.2611 0.9643
vn 0.3534 -0.0309 0.9350
vn 0.0935 0.2142 0.9723
vn -0.0725 0.4866 0.8706
vn -0.1383 0.4692 0.8722
vn 0.0869 0.5282 0.8447
vn -0.1277 0.4999 0.8566
vn -0.0306 0.6510 0.7585
vn -0.0000 0.5074 0.8617
vn -0.0000 0.6741 0.7387
vn -0.0000 0.8624 0.5063
vn -0.0325 -0.2887 -0.9569
vn -0.0000 -0.4868 -0.8735
vn -0.0000 -0.2848 -0.9586
vn -0.0000 -0.9401 0.3409
vn -0.0862 -0.2740 -0.9579
vn -0.0692 -0.2972 -0.9523
vn -0.0449 -0.2625 -0.9639
vn -0.0000 -0.2576 -0.9663
vn -0.1164 -0.2849 -0.9515
vn -0.1002 -0.3014 -0.9482
vn -0.1105 -0.2901 -0.9506
vn -0.1215 -0.3009 -0.9459
vn -0.1778 -0.4540 -0.8731
vn -0.1159 -0.3009 -0.9466
vn -0.2172 -0.4298 -0.8764
vn -0.5026 -0.8153 0.2875
vn -0.4886 -0.8160 0.3088
vn -0.0822 -0.0825 0.9932
vn -0.1248 -0.0809 0.9889
vn -0.4886 -0.8160 0.3090
vn -0.5026 -0.8152 0.2877
vn -0.0962 -0.0463 0.9943
vn -0.0772 -0.0539 0.9956
vn -0.0666 -0.0589 0.9960
vn -0.0770 -0.0456 0.9960
vn -0.0754 -0.0528 0.9958
vn -0.0436 -0.1351 0.9899
vn -0.0575 -0.0651 0.9962
vn -0.0656 -0.0628 0.9959
vn -0.0902 -0.0530 0.9945
vn -0.0670 -0.0620 0.9958
vn -0.0363 -0.0760 0.9964
vn -0.0302 -0.0768 0.9966
vn -0.0103 -0.0770 0.9970
vn -0.0529 -0.0596 0.9968
vn 0.0011 -0.0757 0.9971
vn 0.0528 -0.1012 0.9935
vn 0.0736 -0.0976 0.9925
vn -0.1614 -0.0518 0.9855
vn -0.1554 -0.0581 0.9861
vn -0.6362 0.0359 0.7707
vn -0.9809 0.1393 0.1355
vn -0.9359 0.1375 0.3244
vn -0.9102 0.1864 -0.3698
vn -0.9343 0.1464 -0.3251
vn -0.5731 0.1559 -0.8045
vn -0.8003 0.2040 -0.5638
vn -0.2519 0.1030 -0.9623
vn -0.6768 0.1313 -0.7244
vn 0.0018 0.0708 -0.9975
vn 0.3140 -0.0200 -0.9492
vn 0.0098 0.0364 -0.9993
vn 0.4099 -0.0665 -0.9097
vn 0.3006 0.0027 -0.9537
vn 0.3692 -0.0420 -0.9284
vn 0.3141 -0.0200 -0.9492
vn 0.3056 -0.0510 -0.9508
vn 0.4056 -0.0891 -0.9097
vn 0.2639 -0.0680 -0.9622
vn 0.2248 -0.0214 -0.9742
vn 0.2013 -0.0320 -0.9790
vn 0.1752 -0.0592 -0.9828
vn 0.2829 -0.1016 -0.9538
vn 0.1570 -0.1024 -0.9823
vn 0.1245 -0.0197 -0.9920
vn 0.0517 -0.0204 -0.9985
vn -0.0699 -0.0308 -0.9971
vn 0.2217 -0.1399 -0.9650
vn -0.1515 -0.0509 -0.9871
vn 0.2136 -0.0006 -0.9769
vn 0.1324 0.0047 -0.9912
vn -0.1359 0.0215 -0.9905
vn 0.1955 -0.0074 -0.9807
vn 0.3506 -0.0249 -0.9362
vn 0.1671 -0.0061 -0.9859
vn 0.2493 -0.0209 -0.9682
vn -0.0000 -0.0408 -0.9992
vn -0.0000 -0.0483 -0.9988
vn 0.1171 0.0103 -0.9931
vn 0.0816 0.0566 -0.9951
vn -0.0000 0.0407 -0.9992
vn -0.0000 0.0016 -1.0000
vn 0.0291 0.1595 -0.9868
vn -0.0000 0.1414 -0.9900
vn -0.0263 0.0912 -0.9955
vn -0.0939 0.1772 -0.9797
vn -0.0850 0.3568 -0.9303
vn -0.0202 0.3448 -0.9385
vn -0.0000 0.3328 -0.9430
vn -0.0000 0.4810 -0.8767
vn -0.2931 0.0152 0.9560
vn -0.3951 0.0189 0.9184
vn -0.0000 0.0505 0.9987
vn -0.0000 0.0409 0.9992
vn -0.1483 0.0070 0.9889
vn -0.2092 0.0041 0.9779
vn -0.2472 -0.0258 0.9686
vn -0.1608 -0.0414 0.9861
vn -0.0355 0.0380 0.9986
vn 0.1049 0.0229 0.9942
vn 0.3017 -0.0297 0.9529
vn -0.0398 0.0916 0.9950
vn 0.0874 0.0789 0.9930
vn -0.2648 0.1010 0.9590
vn -0.3185 0.1337 0.9385
vn -0.3571 0.1401 0.9235
vn -0.3433 0.1413 0.9285
vn -0.2787 0.1047 0.9546
vn -0.2793 0.1137 0.9534
vn -0.2476 0.1139 0.9621
vn -0.2284 0.1117 0.9671
vn -0.2237 0.1039 0.9691
vn -0.2173 0.1085 0.9701
vn -0.2306 0.1067 0.9672
vn -0.2411 0.1048 0.9648
vn -0.2642 0.0995 0.9593
vn -0.5851 0.2584 0.7687
vn -0.6167 0.2671 0.7405
vn -0.6665 0.2587 0.6991
vn -0.7129 0.2500 0.6552
vn -0.8668 0.3867 -0.3149
vn -0.8822 0.3718 -0.2890
vn -0.9184 0.3138 -0.2411
vn 0.0264 -0.0133 -0.9996
vn -0.0718 -0.0359 -0.9968
vn -0.1410 -0.1648 -0.9762
vn 0.5137 -0.2356 -0.8250
vn 0.0937 -0.0352 -0.9950
vn 0.4849 -0.2155 -0.8476
vn 0.3268 -0.1489 -0.9333
vn 0.3531 -0.1670 -0.9206
vn 0.4568 -0.1975 -0.8674
vn 0.3184 -0.1410 -0.9374
vn 0.3375 -0.1473 -0.9297
vn 0.3208 -0.1381 -0.9370
vn 0.3129 -0.1488 -0.9380
vn 0.3122 -0.1284 -0.9413
vn 0.4339 -0.1775 -0.8833
vn 0.4140 -0.1490 -0.8980
vn 0.3988 -0.1149 -0.9098
vn 0.1881 -0.0637 -0.9801
vn 0.2189 -0.0498 -0.9745
vn 0.1743 -0.0175 -0.9845
vn -0.7174 0.2152 -0.6626
vn -0.6770 0.1997 -0.7084
vn 0.2187 -0.0498 -0.9745
vn -0.7177 0.2046 -0.6657
vn -0.8974 0.2339 0.3741
vn -0.9501 0.2261 0.2151
vn -0.9672 0.1992 0.1576
vn -0.4960 0.0883 0.8638
vn -0.5555 0.0746 0.8282
vn -0.4277 0.0058 0.9039
vn -0.2166 0.0008 0.9763
vn -0.1699 -0.0295 0.9850
vn -0.0856 -0.0531 0.9949
vn -0.1502 -0.0245 0.9883
vn -0.1147 -0.0389 0.9926
vn -0.0977 -0.0475 0.9941
vn -0.1295 -0.0320 0.9911
vn -0.1087 -0.0433 0.9931
vn -0.0937 -0.0462 0.9945
vn -0.1126 -0.0379 0.9929
vn -0.0969 -0.0368 0.9946
vn -0.0895 -0.0370 0.9953
vn -0.1067 -0.0272 0.9939
vn -0.1057 -0.0292 0.9940
vn -0.1058 -0.0386 0.9936
vn -0.0989 -0.0279 0.9947
vn -0.0937 -0.0333 0.9950
vn -0.0000 -0.0291 0.9996
vn -0.0000 -0.0312 0.9995
vn -0.0000 -0.0783 0.9969
vn -0.1639 -0.0009 0.9865
vn -0.2126 0.0093 0.9771
vn -0.0000 0.0223 0.9998
vn -0.0000 0.0078 1.0000
vn -0.1427 -0.0108 0.9897
vn -0.1444 -0.0039 0.9895
vn -0.1594 -0.0138 0.9871
vn -0.1601 -0.0014 0.9871
vn -0.1244 0.0200 0.9920
vn -0.1796 -0.0011 0.9837
vn -0.1886 0.0223 0.9818
vn -0.1595 0.0598 0.9854
vn -0.1931 0.0184 0.9810
vn -0.2187 0.0548 0.9743
vn -0.2133 0.0208 0.9768
vn -0.2189 0.0439 0.9748
vn -0.2479 0.0771 0.9657
vn -0.3754 0.0816 0.9233
vn -0.2807 0.0824 0.9563
vn -0.2409 0.0939 0.9660
vn -0.7832 0.2292 0.5780
vn -0.6617 0.2334 0.7125
vn -0.5936 0.2460 0.7663
vn -0.8025 0.2703 -0.5319
vn -0.8551 0.3356 -0.3952
vn -0.8662 0.3711 -0.3348
vn 0.1441 -0.0593 -0.9878
vn 0.1206 -0.0508 -0.9914
vn -0.8663 0.3711 -0.3345
vn -0.8668 0.3867 -0.3147
vn 0.1879 -0.0637 -0.9801
vn 0.1440 -0.0593 -0.9878
vn -0.1787 -0.0035 0.9839
vn -0.1576 -0.0185 0.9873
vn -0.1339 -0.0268 0.9906
vn -0.1285 -0.0237 0.9914
vn -0.1162 -0.0298 0.9928
vn -0.1363 -0.0122 0.9906
vn -0.1154 -0.0178 0.9932
vn -0.1029 -0.0226 0.9944
vn -0.0000 -0.0105 0.9999
vn -0.0000 -0.0219 0.9998
vn -0.0000 -0.0024 1.0000
vn 0.0938 -0.0353 -0.9950
vn 0.0265 -0.0133 -0.9996
vn -0.0000 0.3943 -0.9190
vn -0.0000 0.3055 -0.9522
vn -0.4912 0.1454 -0.8588
vn -0.0000 0.1919 -0.9814
vn -0.3084 -0.5376 -0.7848
vn -0.0000 -0.4826 -0.8758
vn -0.1770 -0.8093 -0.5601
vn -0.0000 -0.8273 -0.5618
vn -0.5014 -0.6148 -0.6088
vn -0.2699 -0.8058 -0.5271
vn -0.7220 0.0654 -0.6888
vn -0.4680 0.0247 -0.8834
vn -0.0000 -0.0556 -0.9985
vn -0.2819 -0.8333 -0.4755
vn -0.7749 0.0207 -0.6318
vn -0.3632 0.9317 -0.0070
vn -0.7875 -0.0464 -0.6146
vn -0.3648 0.9304 0.0352
vn 0.0612 0.8729 0.4840
vn 0.0315 0.9300 0.3663
vn 0.3330 0.7562 0.5632
vn 0.5089 0.6955 0.5072
vn -0.4443 0.8776 0.1800
vn 0.1300 0.7793 0.6130
vn -0.5724 0.5927 0.5666
vn -0.4533 0.2311 0.8609
vn -0.9452 -0.3013 -0.1256
vn -0.7241 -0.6866 0.0654
vn -0.6034 -0.7962 -0.0441
vn -0.3058 -0.8089 -0.5022
vn -0.3350 -0.7608 -0.5559
vn -0.2910 -0.8357 -0.4658
vn -0.3757 -0.7888 -0.4865
vn -0.7857 -0.4580 -0.4157
vn -0.9798 0.1613 -0.1180
vn -0.4692 -0.7334 -0.4919
vn -0.8762 -0.2066 -0.4354
vn -0.8036 0.0140 -0.5950
vn -0.8649 -0.0801 -0.4955
vn -0.1659 0.1447 -0.9755
vn -0.0982 0.3647 -0.9259
vn -0.0904 0.1066 -0.9902
vn -0.1376 0.3924 -0.9094
vn -0.2320 0.6671 -0.7079
vn -0.3837 0.3517 -0.8539
vn -0.4077 0.5830 -0.7027
vn -0.4438 0.8261 -0.3472
vn -0.2469 0.8848 -0.3951
vn -0.4067 0.9133 0.0218
vn -0.1376 0.3922 -0.9095
vn -0.2351 0.0975 -0.9671
vn -0.2429 0.1022 -0.9647
vn -0.2068 0.1005 -0.9732
vn -0.0259 0.0548 -0.9982
vn 0.1001 0.0271 -0.9946
vn 0.1559 0.0119 -0.9877
vn 0.1521 0.0033 -0.9884
vn 0.1389 -0.0064 -0.9903
vn 0.1629 -0.0006 -0.9866
vn 0.1736 -0.0128 -0.9847
vn -0.0000 -0.0129 -0.9999
vn -0.0000 -0.0248 -0.9997
vn 0.1626 -0.0127 -0.9866
vn 0.1804 -0.0004 -0.9836
vn 0.2489 -0.0063 -0.9685
vn 0.1162 0.0326 -0.9927
vn -0.0897 0.0796 -0.9928
vn -0.0898 0.0796 -0.9928
vn 0.0239 -0.0987 0.9948
vn 0.3715 -0.2134 0.9036
vn 0.8998 -0.4353 -0.0306
vn 0.5262 -0.2658 -0.8078
vn 0.7910 -0.5443 0.2795
vn 0.5915 -0.2130 -0.7776
vn 0.9323 -0.3536 -0.0761
vn 0.6094 -0.2554 -0.7506
vn 0.3486 -0.2429 -0.9052
vn 0.4903 -0.2182 -0.8438
vn 0.5029 -0.2075 -0.8391
vn 0.4737 -0.2373 -0.8481
vn 0.4677 -0.1881 -0.8636
vn 0.4119 -0.2459 -0.8774
vn 0.5340 -0.2180 -0.8169
vn 0.5513 -0.2045 -0.8089
vn 0.4507 -0.1460 -0.8807
vn 0.5603 -0.1683 -0.8110
vn 0.4757 -0.2593 -0.8405
vn 0.2068 -0.2820 -0.9369
vn -0.0089 -0.2922 -0.9563
vn 0.3451 -0.3062 -0.8872
vn 0.2066 -0.2820 -0.9369
vn 0.3452 -0.3062 -0.8872
vn -0.0825 -0.2776 -0.9572
vn -0.1583 -0.2545 -0.9540
vn -0.2507 -0.1211 -0.9605
vn -0.3342 0.1125 -0.9358
vn -0.1332 -0.2245 -0.9653
vn -0.1958 -0.0768 -0.9776
vn -0.1867 0.0878 -0.9785
vn 0.0662 0.0120 -0.9977
vn -0.0630 -0.0645 -0.9959
vn -0.1131 -0.0480 -0.9924
vn -0.0772 0.0482 -0.9958
vn -0.0000 -0.0448 -0.9990
vn -0.0000 0.0378 -0.9993
vn -0.0800 -0.1911 -0.9783
vn -0.0000 -0.1771 -0.9842
vn 0.5395 -0.0983 -0.8362
vn 0.0660 0.0120 -0.9977
vn 0.8766 -0.4559 -0.1539
vn 0.0261 -0.3354 -0.9417
vn 0.4805 -0.7525 -0.4504
vn 0.0262 -0.3354 -0.9417
vn -0.3646 -0.0553 -0.9295
vn 0.4803 -0.7526 -0.4504
vn 0.5098 -0.7947 -0.3295
vn 0.2029 0.0228 -0.9789
vn -0.3474 0.1651 -0.9231
vn -0.5069 0.2330 -0.8299
vn -0.6119 0.2269 -0.7577
vn -0.7116 0.2788 -0.6449
vn -0.7778 0.2544 -0.5747
vn -0.8789 0.2968 -0.3735
vn -0.9192 0.2841 -0.2727
vn -0.9653 0.2499 0.0758
vn -0.9523 0.1968 0.2332
vn -0.9520 0.2779 -0.1282
vn -0.8226 0.3059 -0.4793
vn -0.8834 0.3327 -0.3300
vn -0.7588 0.3193 -0.5677
vn -0.6451 0.2826 -0.7099
vn -0.5681 0.2644 -0.7793
vn -0.3663 0.1773 -0.9135
vn -0.1737 0.1082 -0.9788
vn 0.7966 -0.2394 -0.5551
vn 0.9168 -0.3861 -0.1020
vn 0.9168 -0.3861 -0.1018
vn 0.3801 -0.2829 0.8806
vn 0.7433 -0.6536 0.1423
vn 0.3610 -0.5084 0.7818
vn 0.2029 0.0229 -0.9789
vn -0.9676 0.2522 0.0133
vn -0.5232 -0.3932 0.7561
vn -0.6544 -0.4492 0.6083
vn 0.5405 -0.5754 0.6139
vn 0.6599 -0.5857 0.4706
vn 0.6941 -0.6780 0.2420
vn 0.8577 -0.4339 0.2759
vn 0.8833 -0.4444 0.1494
vn 0.2897 -0.8721 -0.3945
vn 0.3140 -0.8979 -0.3087
vn 0.2897 -0.8721 -0.3944
vn -0.8793 -0.4654 0.1011
vn 0.4477 -0.5420 0.7112
vn 0.5187 -0.4796 0.7078
vn 0.9024 -0.3531 -0.2470
vn -0.3167 -0.0864 0.9446
vn -0.5827 0.1086 0.8054
vn -0.4482 0.0535 0.8924
vn -0.4202 0.0670 0.9049
vn -0.0402 -0.3001 -0.9531
vn 0.1409 -0.2841 -0.9484
vn -0.1106 -0.3172 -0.9419
vn -0.2223 -0.3744 -0.9002
vn -0.3442 -0.9382 -0.0364
vn -0.4372 -0.8608 0.2604
vn -0.4372 -0.8608 0.2605
vn -0.0300 -0.2441 0.9693
vn -0.3442 -0.9382 -0.0363
vn 0.4393 -0.1484 -0.8860
vn -0.0449 -0.1390 0.9893
vn -0.0000 0.0337 0.9994
vn -0.0000 -0.1432 0.9897
vn -0.0000 -0.1362 0.9907
vn -0.0650 -0.1163 0.9911
vn 0.4350 -0.0865 0.8963
vn -0.0000 0.1727 0.9850
vn -0.1357 0.1603 0.9777
vn 0.2200 -0.0788 0.9723
vn 0.0760 -0.0256 0.9968
vn -0.6593 0.0864 0.7469
vn -0.2928 0.0597 0.9543
vn -0.7767 0.1062 0.6208
vn -0.8646 0.1007 0.4923
vn -0.5827 0.0660 0.8100
vn -0.8063 0.1235 0.5785
vn -0.3236 0.1425 0.9354
vn -0.4900 0.2048 0.8473
vn -0.3588 0.1574 0.9200
vn -0.4989 0.1700 0.8498
vn -0.2910 0.1095 0.9504
vn 0.9573 -0.2362 0.1665
vn 0.1543 -0.1006 -0.9829
vn 0.8745 -0.4403 0.2035
vn -0.2401 0.0238 0.9705
vn 0.8808 -0.4102 0.2366
vn -0.2354 0.0012 0.9719
vn -0.9356 0.2908 -0.2003
vn -0.9658 0.1593 -0.2046
vn -0.3905 -0.4432 0.8069
vn -0.8977 -0.4178 -0.1402
vn 0.1405 -0.2127 -0.9670
vn -0.9658 0.1593 -0.2044
vn -0.9355 0.2909 -0.2003
vn 0.0017 -0.6993 -0.7148
vn -0.9659 0.1593 -0.2043
vn 0.1404 -0.2129 -0.9669
vn 0.5076 -0.8225 0.2566
vn 0.1935 -0.5552 0.8089
vn -0.3022 -0.0574 0.9515
vn -0.6544 -0.4491 0.6083
vn 0.0673 -0.0069 -0.9977
vn 0.7002 -0.1314 -0.7018
vn 0.6585 -0.1026 -0.7456
vn 0.6346 -0.0900 -0.7676
vn 0.0640 0.0577 -0.9963
vn 0.6072 -0.0457 -0.7933
vn 0.9258 -0.1998 -0.3208
vn 0.9271 -0.1406 -0.3475
vn 0.9063 -0.1260 -0.4035
vn 0.5746 -0.0107 -0.8184
vn 0.9078 -0.1594 -0.3880
vn 0.9898 -0.1380 -0.0360
vn 0.9816 -0.1904 -0.0107
vn 0.9510 -0.1539 0.2681
vn 0.8988 -0.2143 0.3823
vn 0.9746 -0.2194 0.0441
vn 0.9505 -0.1988 0.2387
vn 0.9709 -0.2146 0.1062
vn 0.9432 -0.2240 0.2454
vn 0.9009 -0.2324 0.3667
vn 0.9493 -0.2305 0.2136
vn 0.9225 -0.2372 0.3045
vn 0.7178 -0.2159 0.6620
vn 0.6856 -0.1828 0.7046
vn 0.3930 -0.1726 0.9032
vn 0.4085 -0.1181 0.9051
vn 0.0370 -0.0647 0.9972
vn 0.9336 -0.3082 0.1829
vn 0.9729 -0.1984 0.1187
vn 0.9647 -0.2518 0.0776
vn 0.8830 -0.4682 0.0328
vn 0.8338 -0.5251 0.1701
vn -0.0000 -0.9993 0.0382
vn -0.0001 -0.9737 0.2277
vn -0.0000 -0.9564 0.2920
vn -0.0000 -0.9941 -0.1087
vn 0.8472 -0.5209 -0.1045
vn 0.9458 -0.2786 -0.1671
vn 0.7594 -0.2222 -0.6115
vn 0.9463 -0.2183 -0.2384
vn 0.9324 -0.2057 -0.2971
vn 0.0391 0.0815 -0.9959
vn 0.0507 0.0979 -0.9939
vn 0.5233 -0.0076 -0.8521
vn -0.4446 0.1595 -0.8814
vn -0.4568 0.1594 -0.8752
vn -0.4527 0.1279 -0.8825
vn -0.8025 0.1833 -0.5678
vn -0.8361 0.1615 -0.5243
vn -0.9580 0.2118 -0.1932
vn -0.9791 -0.0356 0.2003
vn -0.9606 0.2126 0.1790
vn -0.9702 0.1066 -0.2175
vn -0.7919 0.1754 -0.5849
vn -0.9702 0.1066 -0.2176
vn -0.9597 0.1580 -0.2323
vn -0.7912 0.2093 -0.5746
vn -0.9891 0.1031 0.1055
vn -0.9834 0.0270 0.1796
vn -0.9409 0.1395 -0.3085
vn -0.7989 0.1635 -0.5788
vn -0.9099 0.0482 0.4121
vn -0.9157 -0.0435 0.3994
vn -0.9198 -0.1484 0.3633
vn -0.9007 -0.0198 0.4340
vn -0.9200 -0.1743 0.3509
vn -0.9420 -0.0166 0.3351
vn -0.9496 0.0711 0.3053
vn -0.8257 -0.2286 0.5158
vn -0.8215 -0.0529 0.5677
vn -0.2418 -0.3448 0.9070
vn -0.3516 -0.1271 0.9275
vn 0.3690 -0.3443 0.8633
vn 0.2373 -0.1854 0.9536
vn 0.4313 -0.3615 0.8266
vn 0.4551 -0.1816 0.8717
vn 0.4583 -0.1795 0.8705
vn -0.1008 -0.1660 0.9810
vn -0.0477 -0.0819 0.9955
vn 0.0157 -0.2896 0.9570
vn -0.7985 -0.0767 0.5971
vn -0.7328 -0.0068 0.6804
vn -0.6857 -0.1507 0.7121
vn -0.8762 0.0406 0.4803
vn -0.8733 -0.0647 0.4829
vn -0.5945 -0.1301 0.7935
vn -0.8660 -0.0330 0.4990
vn -0.9322 -0.0571 0.3574
vn -0.9556 -0.0315 0.2929
vn -0.8603 0.0827 0.5030
vn -0.9673 0.0526 0.2483
vn -0.9987 -0.0363 0.0354
vn -0.9979 -0.0621 0.0201
vn -0.9998 0.0158 -0.0142
vn -0.9437 0.2898 0.1598
vn -0.9757 0.2024 -0.0841
vn -0.9337 -0.1041 -0.3427
vn -0.9479 -0.0350 -0.3167
vn -0.9385 0.1391 -0.3162
vn -0.7634 -0.0981 -0.6384
vn -0.8031 0.1033 -0.5868
vn -0.9384 0.1391 -0.3162
vn -0.8448 0.1184 -0.5218
vn -0.9384 0.1391 -0.3163
vn -0.5343 0.1057 -0.8387
vn -0.6333 0.1292 -0.7631
vn -0.6706 0.0468 -0.7403
vn -0.6620 0.1131 -0.7409
vn -0.1898 0.1095 -0.9757
vn -0.6711 0.0877 -0.7361
vn -0.1821 0.0882 -0.9793
vn 0.4229 0.1140 -0.8990
vn 0.4389 0.0806 -0.8949
vn 0.8626 0.1009 -0.4957
vn 0.8933 0.0239 -0.4488
vn 0.9956 0.0372 -0.0859
vn 0.9984 -0.0554 0.0146
vn 0.7868 -0.6123 0.0771
vn 0.2188 -0.9736 0.0656
vn 0.9515 -0.1598 0.2628
vn 0.6372 -0.6768 0.3686
vn 0.1008 -0.9318 0.3488
vn -0.0573 -0.9268 0.3711
vn 0.5062 -0.8255 0.2497
vn 0.0658 -0.9757 0.2092
vn -0.0059 -0.9748 0.2230
vn 0.1078 -0.9769 -0.1844
vn 0.0979 -0.9783 -0.1825
vn 0.0957 -0.9810 -0.1687
vn -0.2334 -0.9378 -0.2571
vn 0.0520 -0.9921 -0.1142
vn 0.0450 -0.9933 -0.1063
vn -0.2367 -0.9565 -0.1706
vn -0.8659 -0.3421 -0.3650
vn -0.8860 -0.3744 -0.2735
vn -0.3100 -0.9500 0.0376
vn -0.9564 -0.2824 0.0743
vn -0.9563 0.2133 -0.1999
vn -0.8860 -0.3745 -0.2735
vn -0.9564 -0.2826 0.0743
vn -0.9527 0.2939 0.0778
vn -0.3906 -0.8830 0.2602
vn -0.8955 -0.0913 0.4356
vn -0.8623 0.3480 0.3678
vn -0.8954 -0.0913 0.4357
vn -0.9400 0.3199 0.1190
vn -0.8697 0.3097 0.3843
vn -0.5839 0.0459 0.8105
vn -0.6177 0.2552 0.7438
vn 0.0156 0.0203 0.9997
vn 0.0166 0.0190 0.9997
vn 0.5590 -0.0676 0.8264
vn 0.5995 -0.0135 0.8003
vn 0.8444 -0.1176 0.5226
vn 0.8305 0.0955 0.5488
vn 0.7051 0.4999 0.5030
vn 0.3377 0.8665 0.3676
vn -0.2320 0.9295 0.2867
vn -0.4471 0.6895 0.5698
vn -0.7469 0.5935 0.2998
vn -0.5381 0.8346 0.1176
vn -0.7674 0.6410 -0.0116
vn -0.9405 0.3101 -0.1392
vn -0.8848 0.2851 0.3686
vn -0.9285 0.3111 0.2028
vn -0.8374 0.3567 0.4141
vn -0.6507 0.0699 0.7561
vn -0.2199 0.0678 0.9732
vn -0.6514 0.4277 0.6267
vn -0.2345 -0.0948 0.9675
vn 0.3785 0.3335 0.8634
vn 0.2808 0.0157 0.9596
vn 0.1386 -0.1859 0.9727
vn 0.7294 0.2158 0.6491
vn 0.6419 -0.0189 0.7666
vn 0.5063 -0.1994 0.8390
vn 0.8257 -0.0921 0.5565
vn 0.6778 -0.2407 0.6947
vn 0.0650 -0.3182 0.9458
vn 0.9476 -0.1601 0.2765
vn 0.9793 -0.0247 -0.2011
vn 0.9689 -0.2280 -0.0961
vn 0.9955 0.0006 0.0950
vn 0.9273 0.0917 0.3630
vn 0.9955 0.0006 0.0952
vn 0.7294 0.2159 0.6491
vn 0.8700 0.0119 -0.4929
vn 0.8235 -0.2725 -0.4975
vn 0.5394 0.0811 -0.8381
vn 0.4974 -0.2626 -0.8268
vn 0.5279 -0.2991 -0.7949
vn 0.0510 -0.2228 -0.9735
vn 0.1208 -0.2599 -0.9580
vn 0.2781 -0.0283 -0.9601
vn 0.6718 -0.0725 -0.7372
vn 0.4297 0.1090 -0.8964
vn -0.4232 -0.1662 -0.8907
vn -0.5343 0.1054 -0.8387
vn -0.0588 0.1248 -0.9904
vn 0.9815 0.0028 -0.1917
vn 0.9973 -0.0316 0.0666
vn 0.9955 0.0006 0.0948
vn 0.9873 -0.0392 -0.1539
vn 0.9900 -0.0885 0.1096
vn 0.9664 -0.1097 0.2323
vn 0.8642 -0.4994 0.0615
vn 0.7739 -0.6274 0.0861
vn 0.6412 -0.6646 0.3836
vn 0.2485 -0.9643 -0.0919
vn 0.6413 -0.6646 0.3836
vn 0.1274 -0.9890 0.0747
vn 0.3642 -0.9235 -0.1202
vn 0.0710 -0.9903 -0.1196
vn 0.5062 -0.8255 0.2495
vn 0.9086 -0.3236 0.2641
vn 0.0019 -0.5801 0.8145
vn -0.5840 0.0459 0.8105
vn -0.9544 -0.1547 -0.2554
vn -0.6044 -0.4231 -0.6750
vn -0.9213 -0.0092 -0.3887
vn -0.9213 -0.0092 -0.3888
vn -0.6821 -0.6832 -0.2608
vn -0.7131 -0.1262 -0.6896
vn 0.5709 0.6468 0.5057
vn 0.6760 0.7078 0.2051
vn 0.7455 0.6617 0.0800
vn -0.0543 0.1996 0.9784
vn -0.1733 0.4197 0.8910
vn -0.3176 0.4214 0.8494
vn -0.7419 -0.3624 0.5641
vn -0.8822 -0.2583 0.3938
vn -0.9644 -0.2123 0.1577
vn -0.5224 0.3496 0.7777
vn -0.8639 -0.4222 0.2746
vn -0.9231 -0.3796 0.0620
vn -0.8196 -0.2670 0.5069
vn -0.9409 -0.2531 0.2250
vn -0.7732 -0.2193 0.5950
vn -0.9178 -0.2304 0.3233
vn -0.7045 -0.4036 0.5838
vn -0.6436 -0.2159 0.7343
vn -0.7270 -0.2807 0.6267
vn -0.5630 -0.1926 0.8037
vn -0.4649 -0.0674 0.8828
vn -0.0000 0.0460 0.9989
vn -0.0000 0.0195 0.9998
vn -0.0000 -0.2907 0.9568
vn -0.0000 -0.5787 0.8155
vn -0.0000 -0.3799 0.9250
vn -0.0000 0.9091 0.4165
vn -0.0000 0.0843 0.9964
vn -0.5140 -0.5070 0.6919
vn -0.0000 -0.6265 0.7794
vn 0.2456 0.7138 0.6559
vn -0.0000 -0.3892 -0.9212
vn -0.0000 -0.0696 -0.9976
vn -0.8002 -0.3344 -0.4978
vn -0.8722 0.0617 -0.4852
vn -0.7411 0.1897 -0.6441
vn -0.5437 0.4581 0.7032
vn -0.0000 0.6032 0.7976
vn -0.3549 0.8811 0.3127
vn -0.0000 0.9909 0.1349
vn 0.8253 -0.5120 0.2381
vn 0.8812 -0.4006 0.2510
vn 0.1963 -0.1544 -0.9683
vn 0.9277 -0.3017 0.2200
vn -0.2591 -0.0094 0.9658
vn 0.9437 -0.2562 0.2091
vn -0.2592 -0.0094 0.9658
vn -0.2129 0.0083 0.9770
vn -0.9725 0.0530 -0.2270
vn -0.9817 0.0144 -0.1901
vn 0.1962 -0.1544 -0.9683
vn 0.1478 -0.2549 -0.9556
vn 0.1342 -0.3430 -0.9297
vn 0.9437 -0.2562 0.2092
vn -0.1665 -0.1804 0.9694
vn 0.0574 0.0819 0.9950
vn -0.9010 0.4337 0.0090
vn -0.4534 -0.5129 0.7290
vn -0.3906 -0.4432 0.8069
vn 0.2839 -0.3058 0.9088
vn 0.0681 -0.7363 -0.6732
vn -0.0000 0.8853 0.4651
vn -0.0000 0.9909 0.1348
vn -0.1470 0.9192 0.3653
vn -0.1706 0.3270 -0.9295
vn 0.2217 0.8289 -0.5136
vn -0.0001 0.8523 -0.5230
vn 0.0001 0.9649 -0.2628
vn -0.0893 0.8517 0.5163
vn -0.4174 0.8843 -0.2092
vn 0.2217 0.8288 -0.5137
vn -0.4367 0.8052 0.4012
vn -0.0677 0.4181 0.9059
vn -0.6063 0.6825 0.4081
vn -0.1829 0.7258 0.6632
vn -0.8885 -0.0317 -0.4578
vn -0.3611 -0.0013 -0.9325
vn -0.6898 -0.0524 -0.7221
vn -0.4840 -0.0310 -0.8745
vn -0.4405 -0.0241 -0.8974
vn 0.1412 -0.1626 0.9765
vn -0.7470 -0.0294 -0.6642
vn -0.5971 -0.5190 0.6117
vn -0.1446 -0.3737 0.9162
vn -0.6610 -0.7054 0.2559
vn -0.8677 -0.4045 0.2888
vn -0.8991 -0.3980 -0.1822
vn -0.6775 -0.7351 -0.0264
vn 0.0646 -0.5099 0.8578
vn -0.2223 -0.1667 0.9606
vn -0.2922 -0.7342 -0.6128
vn -0.3979 -0.1736 -0.9009
vn 0.5618 -0.7435 -0.3627
vn -0.3431 -0.9386 0.0355
vn -0.4468 -0.7787 -0.4404
vn -0.2614 -0.4183 -0.8699
vn -0.0625 -0.4964 0.8658
vn 0.6890 -0.1962 0.6977
vn 0.9227 0.0144 -0.3853
vn 0.7582 0.2017 0.6200
vn -0.1342 -0.3430 -0.9297
vn -0.0054 -0.9717 -0.2361
vn -0.8165 -0.4279 0.3875
vn -0.9529 -0.2196 0.2091
vn 0.9571 -0.2592 0.1293
vn 0.9903 -0.0017 -0.1390
vn 0.1664 -0.1804 0.9694
vn 0.1672 0.0193 0.9857
vn 0.9572 -0.2591 0.1293
vn 0.9903 -0.0017 -0.1391
vn -0.2613 -0.4183 -0.8699
vn -0.4467 -0.7788 -0.4404
vn -0.3781 -0.1945 -0.9051
vn -0.5464 -0.2734 -0.7916
vn -0.3514 -0.1949 -0.9157
vn -0.3898 -0.2165 -0.8951
vn 0.9436 0.1773 -0.2798
vn -0.2490 -0.1490 -0.9570
vn 0.9436 0.1773 -0.2795
vn 0.3154 0.0551 0.9474
vn 0.3270 0.0654 0.9428
vn -0.0187 -0.0964 0.9952
vn 0.2951 0.0218 0.9552
vn 0.1467 0.0007 0.9892
vn 0.2056 -0.0020 0.9786
vn -0.3611 -0.2054 -0.9096
vn -0.5773 -0.8144 -0.0594
vn -0.3849 -0.1966 -0.9018
vn -0.3337 -0.1615 -0.9288
vn -0.8136 -0.5298 0.2393
vn 0.0905 -0.0098 0.9959
vn 0.1465 0.0007 0.9892
vn 0.3509 -0.1009 0.9310
vn 0.0905 -0.0099 0.9958
vn 0.2424 0.0322 0.9696
vn -0.3281 -0.9414 -0.0775
vn -0.8253 -0.2581 -0.5023
vn -0.4965 -0.5123 0.7008
vn -0.5542 -0.1233 0.8232
vn -0.5666 -0.3487 0.7466
vn -0.4895 -0.1812 0.8530
vn -0.6814 0.0086 0.7319
vn -0.8357 -0.2028 0.5103
vn -0.4286 -0.2015 0.8807
vn -0.3986 -0.0213 0.9169
vn -0.9015 -0.1541 0.4045
vn -0.8113 0.0132 0.5844
vn -0.9898 -0.1368 0.0401
vn -0.9673 -0.2494 0.0456
vn -0.8774 -0.3003 0.3742
vn -0.9982 0.0391 0.0446
vn -0.5596 -0.2096 0.8018
vn -0.6434 0.2530 0.7225
vn -0.7832 0.0902 0.6152
vn -0.4043 0.4127 0.8163
vn -0.4617 0.2612 0.8477
vn -0.5802 -0.0877 0.8097
vn -0.2605 0.5884 0.7654
vn -0.7145 -0.1892 0.6736
vn -0.1547 0.4142 0.8969
vn 0.2938 0.6938 0.6575
vn -0.1284 0.0423 0.9908
vn 0.4321 0.1292 0.8925
vn -0.9006 -0.0743 0.4282
vn -0.6393 -0.1431 0.7555
vn -0.9944 -0.0304 0.1008
vn -0.1319 -0.0219 0.9910
vn -0.4706 -0.1974 0.8600
vn 0.6272 0.6864 0.3681
vn 0.3352 0.7850 0.5210
vn -0.7759 -0.1937 0.6004
vn -0.6488 -0.1586 0.7442
vn -0.8592 -0.1802 0.4788
vn -0.3137 -0.1884 0.9307
vn -0.4369 -0.1278 0.8904
vn -0.0208 -0.1768 0.9840
vn -0.4822 -0.0856 0.8719
vn -0.5265 -0.2710 0.8058
vn -0.4641 -0.2828 0.8394
vn -0.4544 -0.0797 0.8872
vn -0.5695 -0.3559 0.7410
vn -0.7074 -0.2605 0.6571
vn -0.8121 -0.3022 0.4991
vn -0.4887 -0.3356 0.8053
vn -0.9862 0.0371 -0.1612
vn 0.8363 0.5397 0.0963
vn 0.7916 0.5710 0.2175
vn 0.9371 0.1949 0.2896
vn 0.7993 0.1677 0.5771
vn 0.9447 0.3031 0.1254
vn -0.9125 -0.1006 -0.3964
vn -0.8252 0.0500 -0.5627
vn 0.0189 -0.9959 0.0882
vn 0.0220 -0.9978 0.0630
vn 0.0253 -0.9967 0.0770
vn 0.0139 -0.9885 0.1508
vn -0.0002 -1.0000 0.0029
vn 0.0056 -0.9999 0.0154
vn -0.0136 -0.9999 0.0067
vn -0.0586 -0.9770 0.2048
vn -0.0212 -0.9673 0.2528
vn -0.0021 -0.5801 0.8146
vn -0.4305 -0.5704 0.6995
vn 0.3173 -0.7656 0.5596
vn 0.5017 0.6948 0.5153
vn 0.0001 0.6901 0.7237
vn -0.0041 0.1977 0.9803
vn 0.6623 0.2369 0.7108
vn -0.2927 0.8233 0.4863
vn -0.6096 0.3241 0.7234
vn 0.1760 0.9500 0.2578
vn 0.6942 0.6579 0.2919
vn 0.4294 0.8832 0.1886
vn 0.4441 0.8887 0.1137
vn 0.7437 0.6588 0.1133
vn 0.1131 0.9720 0.2058
vn -0.0019 -0.9991 0.0423
vn -0.0061 -0.9999 0.0158
vn 0.2148 -0.9444 -0.2490
vn 0.2859 -0.9460 -0.1527
vn -0.0226 -0.9995 0.0207
vn -0.0242 -0.9984 0.0502
vn 0.0507 -0.9190 -0.3909
vn 0.1229 -0.9260 0.3569
vn 0.5442 -0.8218 0.1690
vn 0.5365 -0.8337 0.1311
vn 0.0465 -0.9732 0.2251
vn 0.8780 0.0873 -0.4706
vn 0.9543 -0.1549 -0.2554
vn 0.9040 -0.3601 -0.2305
vn 0.7917 -0.4170 -0.4465
vn -0.4856 -0.7958 -0.3619
vn -0.4741 -0.3000 -0.8278
vn 0.1562 -0.3414 -0.9269
vn -0.3254 -0.9454 -0.0193
vn -0.8774 -0.3953 -0.2718
vn -0.9508 0.1305 0.2811
vn -0.7580 0.3711 0.5364
vn -0.7117 0.0549 0.7003
vn -0.9354 -0.0711 0.3465
vn -0.7107 0.5779 0.4011
vn -0.9298 0.1884 0.3163
vn -0.2003 0.6621 0.7222
vn -0.0177 0.3528 0.9355
vn -0.2944 0.8612 0.4143
vn -0.9594 -0.0929 0.2664
vn -0.9824 -0.0640 0.1755
vn -0.9900 -0.0885 0.1096
vn -0.9853 -0.0586 0.1606
vn -0.9900 -0.0886 0.1096
vn -0.9473 -0.0310 0.3187
vn -0.9973 -0.0316 0.0667
vn -0.9473 -0.0310 0.3189
vn -0.7370 0.1377 0.6617
vn 0.9514 0.2292 -0.2058
vn 0.9597 0.1150 -0.2563
vn 0.9748 0.2200 0.0358
vn 0.8818 0.4700 0.0391
vn 0.9336 0.0964 -0.3450
vn 0.9445 0.1327 -0.3006
vn 0.8721 0.0533 -0.4865
vn 0.8692 0.1089 -0.4823
vn 0.9418 0.1517 -0.2999
vn 0.9672 0.2352 -0.0958
vn 0.5568 0.2903 0.7783
vn 0.4050 0.0750 0.9112
vn 0.5749 0.3646 0.7325
vn 0.7458 0.3726 0.5522
vn 0.2198 0.3017 0.9277
vn -0.1688 0.2407 0.9558
vn 0.1561 0.4600 0.8741
vn -0.3785 0.3336 0.8634
vn 0.6514 0.4277 0.6267
vn -0.4484 0.0074 -0.8938
vn -0.4932 0.1401 -0.8586
vn 0.1828 0.1581 -0.9704
vn 0.2104 0.0300 -0.9772
vn -0.8899 0.0560 -0.4528
vn -0.8768 -0.0089 -0.4807
vn -0.5394 0.0811 -0.8381
vn 0.0588 0.1250 -0.9904
vn -0.8700 0.0119 -0.4929
vn -0.9639 -0.2441 0.1063
vn -0.9398 -0.3377 0.0529
vn -0.8438 -0.2877 0.4530
vn -0.9283 -0.1178 -0.3527
vn -0.8351 -0.3339 -0.4371
vn 0.1209 -0.0065 -0.9926
vn 0.5369 0.0551 -0.8419
vn 0.6964 -0.1577 -0.7001
vn 0.3100 -0.2163 -0.9258
vn 0.4265 0.2127 -0.8791
vn -0.0411 0.1686 -0.9848
vn -0.0574 0.0819 0.9950
vn 0.3549 -0.0236 -0.9346
vn -0.6344 -0.7596 -0.1434
vn 0.3866 -0.4409 -0.8100
vn 0.0535 0.0095 -0.9985
vn -0.3120 -0.1704 -0.9347
vn -0.6344 -0.7596 -0.1435
vn -0.0259 -0.1350 -0.9905
vn -0.6343 -0.7597 -0.1435
vn -0.2839 -0.3058 0.9088
vn -0.1144 -0.0316 0.9929
vn 0.6821 -0.6831 -0.2610
vn -0.4463 -0.5751 -0.6856
vn -0.3495 -0.3264 -0.8783
vn -0.7025 -0.5651 -0.4327
vn -0.9119 -0.4050 0.0666
vn -0.4231 -0.0035 -0.9061
vn -0.1785 -0.7877 0.5896
vn -0.4597 -0.4060 0.7899
vn -0.2913 -0.6639 0.6888
vn 0.9880 0.1359 -0.0736
vn 0.9722 -0.2309 0.0395
vn 0.9212 -0.3771 0.0957
vn 0.9686 -0.1126 -0.2217
vn 0.1469 0.9192 0.3653
vn 0.2800 0.8880 0.3648
vn -0.4367 0.8052 0.4011
vn -0.4174 0.8843 -0.2093
vn 0.5471 0.4062 0.7319
vn 0.4765 0.7947 0.3759
vn 0.5562 0.7657 0.3230
vn 0.7526 0.3769 0.5399
vn 0.5891 0.8065 0.0509
vn 0.3401 0.9245 -0.1722
vn 0.6173 0.6101 0.4967
vn 0.8813 0.4347 0.1855
vn 0.1107 0.9394 -0.3245
vn 0.0969 -0.5570 0.8248
vn 0.1280 -0.5356 0.8347
vn 0.4023 -0.2087 0.8914
vn 0.0982 -0.1294 0.9867
vn 0.3136 -0.4359 0.8436
vn 0.1316 -0.3200 0.9382
vn 0.6171 -0.2017 0.7606
vn 0.5821 -0.3810 0.7183
vn 0.5942 -0.1938 0.7806
vn 0.9177 -0.0034 0.3973
vn 0.7469 0.2020 0.6335
vn 0.9679 0.1960 0.1576
vn 0.9553 -0.0133 0.2953
vn 0.8530 0.4804 -0.2041
vn 0.6857 0.6278 -0.3684
vn 0.4448 0.8316 -0.3325
vn 0.7450 0.6559 -0.1219
vn 0.6695 0.5626 -0.4850
vn 0.3814 0.7504 -0.5398
vn 0.8755 0.3949 -0.2785
vn 0.9183 -0.3218 0.2304
vn 0.9725 0.2328 0.0019
vn 0.9010 0.4338 0.0090
vn 0.7450 0.6559 -0.1217
vn 0.8569 -0.4874 0.1679
vn 0.8089 -0.3710 0.4562
vn 0.8100 -0.4335 0.3950
vn 0.4760 0.3572 -0.8037
vn 0.6824 -0.2490 0.6873
vn 0.6775 -0.2922 0.6750
vn 0.6032 -0.5667 0.5612
vn 0.7509 -0.4839 0.4494
vn 0.7122 -0.1478 0.6863
vn 0.8926 -0.3997 -0.2087
vn 0.9187 -0.2933 0.2645
vn 0.9396 -0.2543 0.2293
vn 0.9390 -0.3425 0.0304
vn 0.7792 -0.2527 -0.5735
vn 0.8796 -0.3081 -0.3624
vn 0.5462 -0.3947 -0.7388
vn 0.5331 -0.1309 -0.8358
vn 0.9093 0.3630 0.2035
vn 0.6666 -0.2968 -0.6838
vn 0.8560 -0.4563 -0.2430
vn 0.8002 -0.3345 -0.4978
vn -0.5090 0.6955 0.5072
vn -0.7467 0.5123 0.4243
vn -0.5888 0.5402 0.6013
vn -0.3331 0.7562 0.5632
vn -0.2140 0.5998 0.7710
vn -0.7108 0.4139 0.5687
vn -0.5573 0.5256 0.6428
vn -0.2804 0.6742 0.6833
vn -0.4751 0.7184 0.5081
vn -0.7135 0.6076 0.3488
vn -0.0359 0.5429 0.8390
vn -0.2804 0.6744 0.6831
vn 0.3822 0.9093 0.1644
vn -0.1067 0.9329 0.3440
vn -0.5090 0.6955 0.5071
vn 0.2817 0.9359 -0.2117
vn 0.3308 0.9430 -0.0357
vn -0.5446 0.3504 0.7620
vn -0.5458 0.4605 0.7001
vn -0.2059 0.6485 0.7328
vn -0.4909 0.3949 0.7766
vn 0.4540 -0.1179 0.8832
vn 0.3456 0.0354 0.9377
vn -0.2455 0.7138 0.6559
vn -0.3108 0.3693 0.8758
vn -0.5781 0.4206 0.6992
vn -0.4575 0.5831 0.6713
vn 0.8947 0.0782 0.4398
vn 0.0407 0.3950 0.9178
vn -0.1555 0.8032 0.5750
vn 0.7054 -0.6679 -0.2374
vn 0.8347 -0.4486 -0.3195
vn 0.9946 -0.0152 -0.1025
vn 0.6402 -0.5686 -0.5166
vn 0.4540 -0.1178 0.8832
vn 0.9016 0.4055 0.1506
vn 0.1348 0.8729 0.4689
vn 0.0448 0.8458 0.5316
vn 0.1990 0.6608 0.7237
vn 0.2840 0.8453 0.4526
vn -0.3024 0.8638 0.4030
vn -0.3501 0.8610 0.3689
vn 0.2614 0.9264 0.2711
vn 0.2840 0.8797 0.3815
vn -0.4262 0.8635 0.2698
vn 0.3622 0.9233 0.1279
vn -0.2670 0.9370 0.2254
vn 0.3083 0.9436 0.1208
vn -0.2754 0.9604 -0.0425
vn 0.0927 0.6061 0.7900
vn 0.1210 0.4116 0.9033
vn 0.0927 0.6062 0.7899
vn -0.1192 0.7213 0.6823
vn 0.1102 0.8049 0.5831
vn 0.4815 0.6480 0.5901
vn 0.1101 0.8049 0.5831
vn 0.3585 -0.9056 -0.2266
vn 0.8847 -0.1877 0.4268
vn 0.2959 0.1440 0.9443
vn -0.2917 -0.6601 0.6923
vn 0.2960 0.1439 0.9443
vn 0.8847 -0.1878 0.4268
vn 0.7150 0.6952 0.0739
vn -0.0597 0.3187 0.9460
vn -0.4266 -0.7044 0.5673
vn 0.0769 -0.9602 -0.2684
vn 0.3691 -0.9233 -0.1060
vn 0.5284 -0.7944 0.2995
vn 0.2035 -0.9791 -0.0065
vn 0.1178 -0.9921 -0.0438
vn 0.7460 0.3314 0.5776
vn 0.4011 0.8923 0.2073
vn 0.7826 0.2133 0.5848
vn 0.7318 -0.3576 -0.5802
vn 0.7420 0.4120 0.5289
vn 0.5020 -0.7623 0.4085
vn 0.8210 0.5699 -0.0339
vn 0.6193 0.4446 -0.6471
vn 0.4099 0.8570 -0.3123
vn 0.4334 -0.8451 -0.3130
vn 0.3606 -0.8578 0.3662
vn 0.8513 0.0745 0.5194
vn 0.0415 -0.9779 -0.2050
vn 0.1529 -0.7811 -0.6053
vn -0.0809 -0.7009 -0.7087
vn 0.2644 0.9475 0.1798
vn 0.1729 0.7544 0.6332
vn 0.2512 0.9666 0.0518
vn 0.3487 0.1888 -0.9180
vn 0.8397 -0.2768 -0.4673
vn 0.2375 0.7756 -0.5849
vn 0.3193 0.9160 -0.2428
vn 0.0033 0.2062 -0.9785
vn 0.6741 -0.7256 -0.1384
vn 0.7131 -0.1261 -0.6896
vn 0.3586 -0.9056 -0.2266
vn 0.3864 -0.2001 0.9004
vn 0.2763 0.4794 0.8330
vn -0.0449 -0.9797 -0.1956
vn -0.1027 -0.9840 -0.1454
vn 0.1161 -0.9644 -0.2376
vn 0.2622 -0.9206 -0.2893
vn -0.1365 -0.9830 0.1228
vn -0.4895 -0.7281 0.4799
vn -0.2842 -0.7422 0.6069
vn -0.4936 -0.7312 0.4708
vn 0.0483 -0.9348 -0.3520
vn 0.0392 -0.9535 -0.2988
vn -0.0038 -0.9430 -0.3328
vn -0.3144 0.1856 0.9310
vn 0.1729 0.7543 0.6334
vn -0.0398 0.4559 0.8891
vn 0.1139 0.7109 0.6940
vn -0.3738 0.0001 0.9275
vn -0.0799 0.8946 -0.4397
vn 0.1133 0.9155 -0.3861
vn 0.3100 0.7578 -0.5742
vn 0.0772 0.6949 -0.7149
vn -0.0176 0.9532 -0.3018
vn 0.0325 0.9994 -0.0119
vn 0.2518 0.9629 -0.0971
vn -0.0328 0.6886 -0.7244
vn 0.3373 0.4203 0.8424
vn 0.4482 0.7415 0.4993
vn 0.2708 0.5984 0.7540
vn 0.3242 0.2101 0.9224
vn 0.3957 0.8919 0.2191
vn 0.2240 0.7565 0.6144
vn 0.3191 0.8681 0.3802
vn 0.3373 0.4204 0.8423
vn 0.2178 0.5846 0.7815
vn 0.1564 0.8899 -0.4286
vn 0.0387 -0.2999 0.9532
vn 0.0724 -0.3729 0.9250
vn -0.0126 -0.7996 0.6004
vn -0.0349 -0.7719 0.6347
vn 0.2099 0.0644 0.9756
vn 0.1056 0.1924 0.9756
vn 0.2803 0.9379 -0.2045
vn 0.5027 0.8346 -0.2254
vn 0.1411 0.8396 0.5245
vn 0.1723 0.9813 0.0854
vn 0.3185 0.8886 -0.3300
vn 0.4383 0.5634 0.7004
vn 0.1684 0.0252 0.9854
vn 0.2855 0.5309 0.7979
vn 0.3147 0.0074 0.9492
vn 0.1586 0.5019 0.8503
vn 0.3508 0.5683 0.7443
vn 0.7871 0.3798 -0.4861
vn 0.3621 0.5414 -0.7588
vn 0.4922 0.3394 -0.8016
vn 0.0779 0.7113 -0.6986
vn 0.1299 0.6045 -0.7860
vn 0.9263 0.3067 -0.2188
vn 0.0607 -0.4864 0.8716
vn 0.0352 -0.8341 0.5505
vn 0.1947 -0.2660 0.9441
vn 0.6023 0.2295 0.7646
vn 0.1318 0.6050 0.7853
vn 0.1684 0.0253 0.9854
vn 0.1883 0.6316 -0.7521
vn 0.3536 0.7915 -0.4985
vn 0.2235 0.5901 -0.7758
vn 0.1647 -0.0435 -0.9854
vn 0.5314 0.1505 -0.8336
vn 0.4339 0.4817 -0.7614
vn 0.1594 -0.3922 -0.9060
vn 0.1647 -0.0437 -0.9854
vn 0.0027 -0.4528 -0.8916
vn 0.1419 -0.5027 -0.8527
vn 0.5314 0.1506 -0.8336
vn 0.6119 -0.1981 -0.7657
vn -0.0777 -0.2954 0.9522
vn 0.0066 -0.1138 0.9935
vn 0.4400 0.1470 0.8859
vn 0.3809 0.3178 0.8683
vn 0.3257 0.4178 0.8481
vn 0.3418 0.2276 0.9118
vn 0.7752 -0.0685 0.6280
vn 0.7704 -0.2478 0.5875
vn 0.3405 -0.4657 0.8168
vn 0.4077 0.5830 -0.7027
vn 0.4438 0.8261 -0.3472
vn 0.3837 0.3516 -0.8539
vn 0.1411 -0.1626 0.9766
vn -0.7470 -0.0294 -0.6641
vn 0.1411 -0.1626 0.9765
vn 0.4447 -0.0352 0.8950
vn 0.2076 -0.0517 0.9768
vn 0.0174 -0.0357 0.9992
vn 0.4425 0.0014 0.8968
vn 0.5640 -0.2913 0.7727
vn 0.3983 0.2062 -0.8938
vn 0.7745 0.2587 -0.5772
vn 0.1396 0.1488 -0.9790
vn 0.9390 -0.1283 0.3190
vn 0.7743 -0.6230 -0.1109
vn 0.7357 -0.6038 0.3069
vn 0.9106 -0.1035 0.4000
vn 0.8210 -0.5369 -0.1941
vn 0.0597 -0.8053 -0.5898
vn 0.0306 -0.9916 -0.1260
vn -0.4430 -0.8963 0.0210
vn 0.5777 -0.7176 -0.3891
vn 0.5419 -0.6197 -0.5678
vn 0.0626 -0.9693 -0.2377
vn 0.5806 -0.7888 -0.2018
vn -0.0726 -0.9628 -0.2604
vn -0.1860 -0.2744 0.9435
vn -0.3142 -0.9228 0.2228
vn 0.0708 -0.8267 0.5582
vn -0.3013 -0.2360 0.9239
vn -0.7141 -0.2368 0.6588
vn 0.4431 -0.6723 0.5930
vn -0.0004 -0.1936 0.9811
vn 0.5652 -0.7298 -0.3846
vn 0.5572 -0.4040 0.7255
vn 0.1583 -0.1109 0.9811
vn 0.2035 0.0237 0.9788
vn 0.0476 0.0020 0.9989
vn 0.5238 -0.0895 0.8471
vn -0.7079 -0.2301 -0.6678
vn -0.9642 -0.2344 -0.1242
vn -0.9018 -0.1022 0.4199
vn -0.5145 -0.2579 0.8178
vn -0.0603 0.2270 0.9720
vn 0.0539 0.2168 0.9747
vn 0.0805 0.0822 0.9934
vn -0.2782 -0.5783 0.7670
vn -0.7910 -0.5443 0.2795
vn -0.5351 -0.5364 -0.6526
vn -0.1170 -0.9841 -0.1334
vn -0.2782 -0.5782 0.7670
vn 0.2573 -0.9440 -0.2064
vn 0.0836 -0.3372 0.9377
vn 0.2575 -0.9439 -0.2065
vn -0.0794 -0.2917 -0.9532
vn 0.6355 -0.7714 -0.0337
vn 0.4866 0.0983 0.8681
vn -0.5144 -0.2579 0.8179
vn 0.5174 0.0745 0.8525
vn -0.4366 -0.2043 -0.8761
vn -0.2357 -0.1657 0.9576
vn -0.7382 -0.5456 0.3969
vn -0.9322 -0.3537 -0.0763
vn -0.3966 -0.2221 0.8907
vn 0.5902 -0.1822 0.7864
vn 0.6042 0.0164 0.7967
vn -0.6314 -0.5427 -0.5539
vn 0.2186 -0.2479 -0.9438
vn -0.2033 -0.0023 0.9791
vn -0.4483 -0.1006 0.8882
vn -0.1688 0.0565 0.9840
vn 0.2797 0.1090 0.9539
vn -0.0522 0.0517 0.9973
vn 0.1494 -0.0233 0.9885
vn 0.4249 -0.9014 0.0835
vn 0.4023 -0.9051 0.1378
vn 0.1096 -0.1019 0.9887
vn 0.1373 -0.1032 0.9851
vn 0.3268 -0.8970 0.2977
vn 0.1171 -0.3826 -0.9165
vn 0.0921 -0.4580 -0.8842
vn 0.1175 -0.3941 -0.9115
vn 0.0897 -0.0829 0.9925
vn 0.2721 0.1614 0.9486
vn -0.1722 0.0835 0.9815
vn -0.3475 -0.0192 0.9375
vn 0.0387 -0.0083 0.9992
vn -0.6360 -0.0574 0.7695
vn -0.7723 -0.0084 0.6352
vn 0.0659 0.0622 -0.9959
vn 0.2185 -0.2479 -0.9438
vn 0.1816 0.0083 -0.9833
vn 0.4014 0.0987 -0.9106
vn -0.3694 -0.1549 -0.9163
vn -0.5209 -0.2236 -0.8238
vn 0.2710 0.1006 0.9573
vn 0.1514 0.0331 0.9879
vn 0.2336 0.0669 0.9700
vn 0.9543 0.2056 0.2169
vn 0.8221 0.1379 0.5524
vn 0.9468 -0.0470 0.3185
vn 0.8617 -0.0828 0.5006
vn 0.9776 0.1890 -0.0927
vn 0.9991 -0.0338 -0.0250
vn 0.0803 -0.2320 0.9694
vn -0.0208 -0.1734 0.9846
vn 0.4870 -0.1452 0.8612
vn 0.5023 -0.1240 0.8558
vn 0.4228 0.0368 0.9055
vn 0.0783 -0.0796 0.9937
vn -0.0484 0.0148 0.9987
vn -0.0988 0.0454 0.9941
vn 0.1612 -0.0265 0.9866
vn 0.0783 -0.0796 0.9938
vn -0.1150 -0.0767 0.9904
vn 0.1206 0.0192 0.9925
vn -0.3770 -0.0342 0.9256
vn 0.9969 0.0726 -0.0299
vn 0.9651 0.2491 -0.0813
vn 0.9440 0.2786 -0.1770
vn 0.9046 0.1748 -0.3888
vn 0.9492 0.1533 0.2746
vn 0.9640 -0.0095 0.2657
vn 0.9966 -0.0811 0.0173
vn 0.8471 -0.1140 0.5190
vn -0.6668 -0.6783 -0.3088
vn -0.4276 -0.7095 -0.5601
vn -0.2741 -0.4028 -0.8733
vn -0.7686 -0.4199 -0.4826
vn -0.0009 -0.7158 -0.6983
vn -0.1100 -0.5439 -0.8319
vn 0.9593 -0.1359 -0.2477
vn 0.8271 0.1437 -0.5434
vn 0.9340 -0.0280 -0.3562
vn 0.9884 -0.1515 -0.0085
vn -0.6268 -0.1627 0.7620
vn -0.7705 -0.4730 -0.4273
vn -0.7006 -0.2591 -0.6649
vn -0.8687 -0.2611 -0.4209
vn 0.3235 0.1424 0.9354
vn 0.3081 0.1167 0.9442
vn 0.9936 0.0217 -0.1108
vn 0.7991 0.1603 0.5794
vn 0.1260 -0.1629 -0.9786
vn 0.3285 0.0643 -0.9423
vn 0.5179 0.1598 -0.8404
vn 0.0751 -0.2689 -0.9602
vn -0.0000 -0.7171 -0.6970
vn 0.1844 -0.1188 -0.9756
vn 0.2550 0.1477 -0.9556
vn 0.1118 -0.1294 -0.9853
vn 0.1347 -0.0675 -0.9886
vn 0.2537 -0.1042 -0.9617
vn 0.8550 0.2039 0.4768
vn 0.8378 0.2192 0.5001
vn 0.7514 0.1652 0.6388
vn 0.7150 0.0658 0.6960
vn 0.9305 0.2670 0.2506
vn 0.9486 0.2580 0.1830
vn 0.5231 0.0332 0.8516
vn 0.3600 0.0079 0.9329
vn 0.7414 0.1307 0.6582
vn 0.9919 -0.0804 0.0988
vn 0.9660 0.0866 -0.2437
vn 0.9919 -0.0804 0.0986
vn 0.8566 0.0207 -0.5156
vn 0.9595 0.0449 0.2781
vn 0.8162 -0.0199 0.5774
vn -0.0693 -0.0660 0.9954
vn 0.9660 0.0866 -0.2435
vn 0.9762 0.2010 0.0812
vn 0.7300 -0.0765 0.6792
vn 0.9014 0.1909 0.3886
vn 0.7278 0.0792 0.6812
vn 0.6896 0.1338 0.7117
vn 0.7648 -0.1164 0.6337
vn 0.4873 0.0570 -0.8714
vn 0.8559 0.0233 -0.5166
vn 0.4697 0.0426 -0.8818
vn 0.8184 0.0991 -0.5661
vn 0.5304 0.0557 -0.8459
vn 0.9582 0.1606 -0.2369
vn 0.4590 -0.0193 0.8882
vn 0.8855 0.1890 0.4245
vn 0.3525 0.0088 -0.9358
vn -0.1110 -0.0321 -0.9933
vn -0.2219 -0.1138 -0.9684
vn -0.0829 0.0201 -0.9964
vn 0.6233 -0.2083 -0.7538
vn 0.7604 -0.2682 -0.5915
vn 0.4652 -0.1279 -0.8759
vn 0.8062 0.1235 0.5786
vn 0.9555 0.1786 0.2348
vn 0.9582 0.1606 -0.2367
vn 0.8793 -0.4654 0.1011
vn -0.6460 -0.3073 0.6987
vn -0.7124 -0.4015 0.5756
vn -0.7380 -0.4074 0.5379
vn -0.8982 -0.3522 0.2631
vn -0.5098 -0.7947 -0.3294
vn -0.8487 -0.4254 0.3144
vn -0.4147 -0.8303 -0.3724
vn -0.6615 -0.3875 0.6421
vn -0.8022 -0.4133 0.4308
vn -0.4967 -0.2927 0.8171
vn 0.0284 0.0134 -0.9995
vn -0.0680 -0.7363 -0.6732
vn -0.7433 -0.6536 0.1423
vn -0.8867 -0.4599 -0.0468
vn 0.5000 0.0329 -0.8654
vn 0.5011 0.2255 -0.8355
vn 0.1418 -0.9763 0.1636
vn 0.3019 -0.9162 -0.2636
vn -0.4254 -0.4808 0.7667
vn -0.6004 -0.6561 0.4572
vn -0.7376 -0.4546 0.4993
vn -0.5636 -0.3980 0.7239
vn -0.8409 -0.5253 0.1306
vn -0.8095 -0.4645 0.3590
vn -0.3319 -0.8131 -0.4783
vn 0.6979 0.0626 -0.7134
vn 0.8745 0.3253 0.3597
vn 0.8589 -0.0191 -0.5117
vn -0.8340 -0.3388 -0.4354
vn -0.9220 -0.2831 -0.2642
vn -0.7954 -0.2143 -0.5669
vn -0.9242 -0.3815 -0.0195
vn -0.7954 -0.2143 -0.5670
vn -0.8340 -0.3388 -0.4355
vn -0.6014 -0.1387 -0.7868
vn -0.5113 -0.0923 -0.8544
vn -0.5740 -0.1463 -0.8057
vn 0.8037 0.3726 -0.4640
vn 0.6727 0.3210 -0.6666
vn 0.9196 0.3217 -0.2255
vn 0.7573 -0.0231 0.6526
vn 0.7346 -0.2513 0.6302
vn 0.7382 0.2344 0.6325
vn 0.5578 -0.0493 0.8285
vn 0.3974 0.0748 0.9146
vn 0.4600 0.0669 0.8854
vn 0.2451 -0.8314 -0.4988
vn 0.2244 -0.8435 0.4880
vn -0.5502 -0.3009 0.7790
vn -0.7334 -0.6351 -0.2425
vn 0.4519 -0.1946 0.8706
vn 0.2246 -0.8435 0.4879
vn 0.9939 -0.0711 -0.0844
vn 0.2452 -0.8313 -0.4988
vn 0.4518 -0.1946 0.8707
vn 0.3810 0.0433 0.9236
vn 0.9856 0.1689 0.0111
vn 0.2453 -0.8313 -0.4988
vn 0.5620 -0.1402 -0.8152
vn 0.5621 -0.1402 -0.8151
vn -0.2300 -0.3372 -0.9129
vn -0.1993 -0.2857 -0.9374
vn 0.5170 0.0624 -0.8537
vn -0.8191 -0.5680 0.0803
vn 0.5622 -0.1402 -0.8151
vn 0.3022 -0.0576 0.9515
vn 0.4534 -0.5129 0.7290
vn 0.9994 -0.0008 -0.0336
vn 0.9268 0.3014 -0.2243
vn 0.2427 -0.2945 -0.9243
vn -0.1924 -0.1646 -0.9674
vn 0.2120 -0.9484 -0.2356
vn -0.6731 -0.7169 -0.1816
vn 0.3253 -0.8259 0.4604
vn -0.3728 -0.2341 -0.8979
vn 0.8951 0.3748 -0.2415
vn 0.3251 -0.8260 0.4605
vn 0.1912 -0.0567 0.9799
vn 0.2395 -0.0131 0.9708
vn 0.2891 0.0455 0.9562
vn 0.0814 -0.2513 0.9645
vn 0.7843 0.2991 0.5435
vn 0.9267 0.3014 -0.2243
vn 0.1567 0.0274 -0.9873
vn 0.9738 0.0506 0.2216
vn 0.7843 0.2991 0.5436
vn 0.3429 0.0972 0.9343
vn 0.1568 0.0274 -0.9873
vn -0.3039 -0.1076 -0.9466
vn -0.2072 -0.0415 -0.9774
vn -0.3152 -0.1446 -0.9379
vn -0.3933 -0.2161 -0.8937
vn 0.4001 0.0628 0.9143
vn 0.2970 0.1116 0.9483
vn -0.7564 -0.6515 0.0579
vn -0.8313 -0.5556 0.0153
vn -0.0569 -0.1444 -0.9879
vn -0.1170 -0.2220 -0.9680
vn -0.2811 -0.1066 0.9537
vn -0.2845 -0.1478 0.9472
vn -0.4418 -0.7715 -0.4578
vn -0.2715 -0.1330 0.9532
vn -0.1991 -0.1712 -0.9649
vn 0.9738 0.0506 0.2215
vn -0.1809 -0.1615 -0.9701
vn -0.0032 -0.0603 -0.9982
vn 0.0251 -0.0032 -0.9997
vn 0.0419 -0.0909 0.9950
vn -0.2026 -0.1323 0.9703
vn -0.1858 -0.1789 0.9662
vn -0.2633 -0.6420 -0.7201
vn -0.7039 -0.4367 0.5601
vn -0.2553 -0.2067 0.9445
vn 0.2078 0.0643 -0.9761
vn -0.2634 -0.6419 -0.7201
vn 0.7107 0.3310 -0.6208
vn 0.5925 0.2472 -0.7667
vn -0.7039 -0.4368 0.5601
vn -0.7993 -0.4725 -0.3712
vn -0.8482 -0.4575 -0.2670
vn -0.4535 -0.2870 -0.8438
vn -0.6951 -0.3990 -0.5980
vn -0.0588 -0.0368 -0.9976
vn -0.0113 -0.0037 -0.9999
vn -0.5749 -0.1384 -0.8064
vn -0.1617 -0.8546 -0.4935
vn -0.4914 -0.0726 -0.8679
vn -0.6017 -0.1101 -0.7911
vn 0.8900 0.0661 -0.4511
vn -0.3490 -0.0633 -0.9350
vn -0.5420 -0.8037 0.2454
vn -0.1615 -0.8546 -0.4935
vn -0.5765 -0.2248 -0.7856
vn -0.6500 -0.6118 -0.4508
vn -0.5835 -0.1735 -0.7934
vn 0.6844 0.0852 0.7242
vn 0.6451 0.0498 0.7624
vn 0.3807 -0.1259 0.9161
vn -0.5421 -0.8037 0.2454
vn 0.2794 -0.4572 0.8443
vn 0.6100 0.0287 0.7919
vn 0.6322 0.0760 0.7711
vn 0.5364 0.0383 0.8431
vn -0.5033 -0.2129 -0.8375
vn 0.1357 -0.9041 -0.4052
vn 0.3205 -0.9332 0.1628
vn 0.1706 0.3270 -0.9295
vn -0.2469 -0.0776 -0.9659
vn -0.8231 -0.5572 -0.1098
vn -0.8981 -0.3458 -0.2717
vn 0.3204 -0.9332 0.1628
vn 0.6035 -0.0507 0.7958
vn 0.2463 -0.1718 0.9538
vn 0.1428 -0.3648 0.9201
vn 0.7026 -0.2666 0.6598
vn 0.6871 0.0037 0.7265
vn -0.0731 -0.0058 -0.9973
vn 0.0666 -0.0368 -0.9971
vn 0.6204 0.4274 -0.6576
vn 0.7453 0.2105 -0.6326
vn 0.7452 0.2105 -0.6327
vn 0.7720 0.4194 -0.4776
vn 0.6091 0.1565 0.7775
vn -0.0876 0.0878 -0.9923
vn -0.0905 0.0918 -0.9917
vn 0.7505 0.4524 -0.4817
vn -0.4180 -0.0838 -0.9046
vn -0.4325 -0.0948 -0.8966
vn -0.5239 -0.1445 -0.8394
vn -0.5384 -0.1545 -0.8284
vn -0.5594 -0.1787 -0.8094
vn -0.4449 -0.1151 -0.8881
vn -0.6182 -0.2002 -0.7601
vn -0.6496 -0.2521 -0.7172
vn -0.5815 -0.2240 -0.7821
vn -0.6265 -0.1814 -0.7580
vn -0.6535 -0.2352 -0.7194
vn -0.6754 -0.1780 -0.7156
vn -0.7164 -0.2589 -0.6479
vn -0.9218 -0.3870 0.0211
vn -0.8874 -0.4438 0.1243
vn -0.9358 -0.3481 -0.0556
vn -0.9440 -0.2900 -0.1571
vn -0.0406 -0.1967 0.9796
vn -0.0263 -0.1698 0.9851
vn -0.0790 -0.1984 0.9769
vn -0.1493 -0.1277 0.9805
vn -0.9611 -0.1473 -0.2337
vn -0.9416 -0.1562 -0.2984
vn -0.9611 -0.1472 -0.2336
vn -0.3216 -0.0777 -0.9437
vn -0.2653 -0.1159 0.9572
vn -0.0168 -0.5346 0.8449
vn -0.3196 -0.9439 0.0831
vn 0.6951 -0.1832 0.6952
vn 0.6451 0.0498 0.7625
vn 0.7910 -0.4069 -0.4569
vn 0.7910 -0.4068 -0.4570
vn -0.3214 -0.0777 -0.9437
vn 0.5815 0.1251 0.8039
vn 0.5872 0.1763 0.7900
vn 0.0135 -0.1338 0.9909
vn 0.6036 0.1520 0.7826
vn 0.6129 0.2015 0.7640
vn 0.6137 0.1740 0.7701
vn 0.6276 0.2231 0.7459
vn 0.5363 0.0383 0.8431
vn 0.5948 0.1804 0.7834
vn 0.6191 0.2339 0.7497
vn 0.5680 0.1335 0.8121
vn 0.5398 0.0935 0.8366
vn 0.3432 0.0203 0.9390
vn 0.3821 0.0662 0.9217
vn 0.3103 -0.0157 0.9505
vn 0.6147 0.2003 0.7629
vn 0.6332 0.2587 0.7294
vn 0.6332 0.2587 0.7295
vn 0.7047 0.4829 -0.5198
vn 0.6700 0.4712 -0.5737
vn 0.6556 0.3094 0.6888
vn -0.1227 0.0761 -0.9895
vn -0.1520 0.0337 -0.9878
vn -0.4572 -0.1534 -0.8760
vn -0.4598 -0.1912 -0.8672
vn -0.1678 -0.0246 -0.9855
vn -0.5995 -0.2704 -0.7533
vn -0.6169 -0.3071 -0.7247
vn -0.4531 -0.2162 -0.8648
vn -0.6776 -0.3037 -0.6698
vn -0.7014 -0.3426 -0.6251
vn -0.6645 -0.2788 -0.6933
vn -0.6685 -0.3097 -0.6762
vn -0.7269 -0.3124 -0.6115
vn -0.7244 -0.3425 -0.5982
vn -0.8616 -0.4699 0.1919
vn -0.8486 -0.4800 0.2223
vn -0.8875 -0.4438 0.1245
vn 0.0448 -0.0905 0.9949
vn 0.0684 -0.0503 0.9964
vn 0.0134 -0.1336 0.9909
vn 0.5893 0.2196 0.7775
vn 0.5893 0.2538 0.7670
vn 0.6178 0.2458 0.7469
vn 0.6204 0.2767 0.7339
vn 0.6354 0.2663 0.7248
vn 0.6400 0.2929 0.7104
vn 0.6347 0.2759 0.7218
vn 0.6415 0.2986 0.7066
vn 0.4549 0.1788 0.8724
vn 0.4670 0.2069 0.8597
vn 0.4265 0.1280 0.8954
vn 0.6570 0.3070 0.6885
vn 0.6858 0.3288 0.6493
vn 0.6333 0.2587 0.7294
vn 0.7077 0.3432 0.6176
vn 0.6711 0.4086 -0.6186
vn 0.6670 0.3666 -0.6487
vn -0.1775 -0.0636 -0.9821
vn -0.1282 -0.0752 -0.9889
vn 0.6510 0.3445 -0.6764
vn -0.4531 -0.2162 -0.8649
vn 0.6806 0.3353 -0.6514
vn 0.7156 0.3505 0.6042
vn 0.7153 0.3548 0.6020
vn 0.7789 0.3598 -0.5137
vn 0.6958 0.3217 0.6421
vn 0.8861 0.3818 -0.2627
vn 0.6470 0.2750 0.7112
vn 0.1142 0.0469 -0.9923
vn 0.2674 0.1231 -0.9557
vn 0.9279 0.3728 -0.0036
vn 0.0414 0.0013 -0.9991
vn 0.0082 0.0092 -0.9999
vn 0.0084 0.0092 -0.9999
vn 0.4281 0.1751 -0.8866
vn 0.3496 0.1404 -0.9263
vn 0.3163 0.1644 -0.9343
vn 0.2634 0.1270 -0.9563
vn 0.3326 0.1969 -0.9223
vn 0.2907 0.1956 -0.9366
vn -0.0506 0.0476 -0.9976
vn -0.1131 0.0129 -0.9935
vn -0.0121 0.0665 -0.9977
vn 0.0104 0.0636 -0.9979
vn 0.2583 0.1748 -0.9501
vn -0.2784 -0.0520 -0.9591
vn -0.3282 -0.0638 -0.9424
vn -0.2343 -0.0497 -0.9709
vn -0.1947 -0.0602 -0.9790
vn 0.0258 0.0414 -0.9988
vn -0.3507 -0.1045 -0.9306
vn -0.3745 -0.0931 -0.9225
vn -0.3177 -0.1102 -0.9418
vn -0.1809 -0.1615 -0.9702
vn -0.3559 -0.1205 -0.9267
vn -0.3737 -0.1122 -0.9207
vn -0.2345 -0.1054 -0.9664
vn 0.9738 0.0505 0.2216
vn -0.3699 -0.1210 -0.9212
vn -0.3850 -0.1154 -0.9157
vn -0.4017 -0.1297 -0.9065
vn -0.4297 -0.1346 -0.8929
vn -0.6258 -0.2229 -0.7475
vn -0.7188 -0.2671 -0.6419
vn -0.4842 -0.1835 -0.8555
vn -0.8215 -0.5022 0.2701
vn -0.8497 -0.3919 0.3527
vn -0.7930 -0.5651 0.2278
vn -0.8381 -0.4940 0.2313
vn -0.7930 -0.5650 0.2278
vn 0.1286 -0.0630 0.9897
vn 0.1911 -0.0567 0.9799
vn 0.0892 -0.0337 0.9954
vn 0.3852 0.1026 0.9171
vn 0.4378 0.1243 0.8904
vn 0.3465 0.0980 0.9329
vn 0.3951 0.1110 0.9119
vn 0.3425 0.1144 0.9325
vn 0.3708 0.1060 0.9226
vn 0.3108 0.1109 0.9440
vn 0.3205 0.1114 0.9407
vn 0.3500 0.1017 0.9312
vn 0.2169 0.0655 0.9740
vn 0.2073 0.0356 0.9776
vn -0.0240 -0.0468 0.9986
vn -0.0560 -0.0890 0.9945
vn -0.1819 -0.1207 0.9759
vn -0.1766 -0.1467 0.9733
vn 0.4973 0.1861 0.8474
vn 0.6218 0.2087 0.7549
vn 0.3557 0.1383 0.9243
vn 0.2358 0.1016 0.9665
vn 0.8674 0.3880 -0.3117
vn 0.7975 0.3747 -0.4728
vn 0.9052 0.3930 -0.1616
vn 0.9156 0.3995 -0.0456
vn 0.1727 0.0925 0.9806
vn 0.2835 0.1073 -0.9530
vn 0.2713 0.1286 -0.9539
vn 0.3079 0.0917 -0.9470
vn 0.3783 0.0842 -0.9218
vn 0.9319 0.3624 0.0183
vn 0.9585 0.2836 0.0286
vn 0.2037 0.1030 0.9736
vn 0.3020 0.1059 0.9474
vn -0.2844 -0.1478 0.9473
vn -0.3737 -0.1769 0.9105
vn -0.5502 -0.3009 0.7789
vn -0.3738 -0.1769 0.9105
vn -0.5501 -0.3009 0.7790
vn 0.2584 0.1508 -0.9542
vn 0.7974 0.3752 -0.4727
vn 0.7426 0.3623 -0.5633
vn 0.4974 0.1861 0.8473
vn 0.6218 0.2085 0.7549
vn -0.0617 -0.1114 0.9919
vn 0.2305 0.0210 0.9728
vn -0.0127 -0.0925 0.9956
vn 0.3032 0.0341 0.9523
vn 0.1319 -0.0228 0.9910
vn 0.3944 0.0668 0.9165
vn -0.2346 -0.1545 0.9597
vn -0.0540 -0.0669 0.9963
vn 0.3041 0.0505 0.9513
vn -0.7073 -0.3532 0.6123
vn -0.6245 -0.2772 0.7302
vn -0.8763 -0.4252 -0.2266
vn -0.9033 -0.3949 -0.1677
vn -0.6613 -0.3302 -0.6736
vn -0.6415 -0.3002 -0.7060
vn -0.6846 -0.3514 -0.6386
vn -0.7061 -0.3627 -0.6081
vn -0.6397 -0.3359 -0.6913
vn -0.6166 -0.3221 -0.7184
vn -0.6547 -0.3372 -0.6765
vn -0.6651 -0.3287 -0.6705
vn -0.7135 -0.3620 -0.5999
vn -0.7100 -0.3773 -0.5946
vn -0.6930 -0.3769 -0.6145
vn -0.7198 -0.3636 -0.5913
vn -0.8366 -0.4857 0.2534
vn -0.8351 -0.4967 0.2366
vn 0.0793 -0.0228 0.9966
vn 0.0610 -0.0217 0.9979
vn 0.5809 0.2730 0.7668
vn 0.5690 0.2826 0.7723
vn 0.6155 0.2915 0.7323
vn 0.6024 0.3014 0.7391
vn 0.6406 0.3062 0.7042
vn 0.6317 0.3148 0.7084
vn 0.6457 0.3122 0.6968
vn 0.6453 0.3197 0.6938
vn 0.4767 0.2261 0.8495
vn 0.4929 0.2401 0.8363
vn 0.5172 0.2455 0.8199
vn 0.6344 0.3152 0.7058
vn 0.5355 0.2382 0.8103
vn 0.6113 0.2919 0.7356
vn 0.5411 0.2166 0.8126
vn 0.5709 0.2513 0.7816
vn 0.5865 0.2248 0.7781
vn 0.5422 0.1853 0.8196
vn 0.5326 0.1913 0.8245
vn 0.9215 0.3505 0.1671
vn 0.8998 0.3225 0.2938
vn 0.5105 0.1624 0.8444
vn 0.3748 0.1742 -0.9106
vn 0.4932 0.2125 -0.8435
vn 0.9215 0.3505 0.1673
vn 0.0520 0.0368 -0.9980
vn 0.1383 0.0662 -0.9882
vn 0.0521 0.0368 -0.9980
vn 0.3359 0.1302 -0.9329
vn 0.3364 0.1230 -0.9337
vn 0.2079 0.0949 -0.9735
vn 0.1508 0.0695 -0.9861
vn -0.2429 -0.0464 -0.9689
vn -0.2941 -0.0667 -0.9534
vn -0.1822 -0.0195 -0.9831
vn -0.4143 -0.0889 -0.9058
vn -0.4423 -0.1004 -0.8912
vn -0.3750 -0.0771 -0.9238
vn -0.4226 -0.0819 -0.9026
vn -0.4374 -0.0855 -0.8952
vn -0.3988 -0.0849 -0.9131
vn -0.4062 -0.0815 -0.9102
vn -0.4200 -0.0744 -0.9045
vn -0.3885 -0.0954 -0.9165
vn -0.3989 -0.0976 -0.9118
vn -0.4260 -0.0842 -0.9008
vn -0.4693 -0.1295 -0.8735
vn -0.5969 -0.1583 -0.7866
vn -0.8038 -0.3073 -0.5093
vn -0.9024 -0.3531 -0.2469
vn -0.7254 -0.3920 0.5658
vn -0.6242 -0.4162 0.6611
vn -0.8125 -0.3728 0.4482
vn 0.1067 -0.0299 0.9938
vn 0.1676 -0.0569 0.9842
vn 0.4547 0.1192 0.8826
vn 0.4710 0.0953 0.8770
vn 0.4137 0.0965 0.9053
vn 0.4202 0.0670 0.9049
vn 0.3960 0.0873 0.9141
vn 0.4150 0.0627 0.9076
vn 0.3818 0.0866 0.9202
vn 0.4208 0.0732 0.9042
vn 0.4528 0.0739 0.8885
vn 0.4320 0.0534 0.9003
vn 0.4706 0.0894 0.8778
vn 0.4560 0.0715 0.8871
vn 0.4607 0.0978 0.8821
vn 0.4894 0.1130 0.8647
vn 0.4773 0.1048 0.8725
vn 0.4161 0.0935 0.9045
vn 0.4768 0.1133 0.8717
vn 0.4923 0.1159 0.8627
vn 0.1637 0.0178 0.9863
vn 0.3297 0.0715 0.9414
vn -0.4289 -0.1828 0.8847
vn -0.1282 -0.0747 0.9889
vn -0.1283 -0.0747 0.9889
vn -0.9266 -0.3756 -0.0160
vn -0.8925 -0.3511 0.2831
vn -0.6401 -0.2825 -0.7145
vn -0.6834 -0.2877 -0.6709
vn -0.5232 -0.2580 -0.8122
vn -0.4665 -0.2293 -0.8543
vn -0.5784 -0.2915 -0.7619
vn -0.6072 -0.3273 -0.7240
vn -0.5441 -0.2852 -0.7891
vn -0.6604 -0.3628 -0.6574
vn -0.8698 -0.4933 0.0077
vn -0.8668 -0.4526 -0.2096
vn -0.8512 -0.5004 0.1581
vn -0.0080 -0.0430 0.9990
vn -0.1411 -0.0873 0.9861
vn 0.5561 0.2899 0.7789
vn 0.5273 0.2849 0.8005
vn 0.5875 0.3049 0.7496
vn 0.5684 0.2971 0.7673
vn 0.6135 0.3128 0.7251
vn 0.5886 0.2961 0.7523
vn 0.5517 0.2676 0.7899
vn 0.5389 0.2786 0.7950
vn 0.4891 0.2322 0.8407
vn 0.4976 0.2586 0.8280
vn 0.5089 0.2065 0.8357
vn 0.4140 0.1730 0.8937
vn 0.4138 0.2076 0.8864
vn 0.5023 0.1750 0.8468
vn 0.5412 0.2166 0.8125
vn 0.4357 0.1560 0.8865
vn 0.3264 0.1339 0.9357
vn 0.4604 0.1407 0.8765
vn 0.3741 0.1221 0.9193
vn 0.3469 0.1379 0.9277
vn 0.8387 0.2922 0.4596
vn 0.6378 0.2067 0.7419
vn 0.6784 0.2792 -0.6796
vn 0.8987 0.3368 -0.2810
vn 0.2576 0.1094 -0.9600
vn 0.4177 0.1695 -0.8926
vn 0.3216 0.1176 -0.9395
vn 0.3066 0.1236 -0.9438
vn 0.3364 0.1230 -0.9336
vn 0.0906 0.0545 -0.9944
vn 0.0751 0.0422 -0.9963
vn 0.1510 0.0695 -0.9861
vn -0.3365 -0.0787 -0.9384
vn -0.4725 -0.1229 -0.8727
vn -0.4636 -0.1101 -0.8792
vn -0.4566 -0.0998 -0.8841
vn -0.4543 -0.1153 -0.8834
vn -0.4475 -0.0927 -0.8895
vn -0.4248 -0.0808 -0.9017
vn -0.4297 -0.0869 -0.8988
vn -0.4228 -0.0761 -0.9030
vn -0.5475 -0.1294 -0.8267
vn -0.5497 -0.1356 -0.8243
vn -0.4381 -0.1065 -0.8926
vn -0.9162 -0.2762 -0.2904
vn -0.9124 -0.2619 -0.3145
vn -0.5049 -0.1917 0.8416
vn -0.5565 -0.1941 0.8078
vn -0.5567 -0.1942 0.8077
vn 0.3461 0.0694 0.9356
vn 0.3256 0.0792 0.9422
vn 0.4842 0.1192 0.8668
vn 0.4927 0.1405 0.8588
vn 0.4741 0.0995 0.8748
vn 0.4659 0.1106 0.8779
vn 0.4386 0.1177 0.8910
vn 0.4641 0.1113 0.8788
vn 0.3951 0.1054 0.9126
vn 0.4030 0.1328 0.9055
vn 0.5004 0.1146 0.8582
vn 0.4354 0.0660 0.8978
vn 0.4324 0.0954 0.8966
vn 0.1730 0.0213 0.9847
vn -0.6360 -0.2569 0.7277
vn -0.8044 -0.3163 -0.5029
vn -0.4358 -0.1940 -0.8789
vn -0.4551 -0.2062 -0.8662
vn -0.4984 -0.2509 -0.8299
vn -0.7734 -0.3144 -0.5505
vn -0.6851 -0.2545 -0.6825
vn -0.8293 -0.3836 -0.4063
vn -0.6255 -0.1924 0.7561
vn -0.8340 -0.2163 0.5076
vn -0.3690 -0.1475 0.9177
vn 0.4512 0.2573 0.8545
vn 0.3149 0.2096 0.9257
vn 0.1318 0.1490 0.9800
vn 0.4751 0.2400 0.8465
vn 0.4751 0.2400 0.8466
vn 0.4149 0.1961 0.8885
vn -0.1958 0.0581 0.9789
vn 0.3944 0.1716 0.9028
vn 0.3693 0.1352 0.9194
vn 0.4503 0.1519 0.8799
vn 0.4298 0.1760 0.8856
vn 0.7169 0.1991 0.6682
vn 0.3490 0.1043 0.9313
vn 0.2631 0.1307 0.9559
vn 0.3923 0.1723 0.9036
vn 0.3555 0.1234 0.9265
vn 0.1203 0.0711 0.9902
vn 0.8661 0.2811 0.4133
vn 0.4103 0.1140 0.9048
vn 0.7110 0.2616 -0.6527
vn 0.9423 0.2987 0.1511
vn 0.3731 0.1464 -0.9162
vn 0.6694 0.2399 -0.7031
vn 0.1033 0.0505 -0.9934
vn 0.2763 0.1279 -0.9525
vn 0.9728 0.1645 0.1630
vn 0.7856 0.0845 0.6129
vn 0.8808 0.1020 0.4624
vn 0.0330 -0.0097 0.9994
vn -0.8669 -0.1086 0.4866
vn -0.6730 -0.0786 0.7355
vn -0.8661 -0.1844 0.4646
vn -0.7667 -0.1212 0.6305
vn -0.6985 -0.0527 0.7137
vn -0.2563 -0.0518 0.9652
vn -0.1607 0.0671 0.9847
vn 0.1238 0.1128 0.9859
vn 0.1907 0.1253 0.9736
vn 0.2467 0.1288 0.9605
vn 0.3035 0.1661 0.9382
vn 0.4160 0.1187 0.9016
vn 0.4362 0.2004 0.8772
vn 0.9239 -0.0085 0.3826
vn 0.9582 -0.2765 0.0739
vn 0.7533 -0.2861 -0.5922
vn 0.9765 -0.0816 -0.1993
vn 0.8412 -0.4933 -0.2212
vn 0.7022 -0.3612 -0.6135
vn 0.8163 -0.4045 -0.4124
vn 0.8073 -0.3071 -0.5039
vn 0.8892 -0.4113 -0.2004
vn 0.9193 -0.2906 -0.2653
vn 0.8944 -0.4454 0.0408
vn 0.9591 -0.2825 0.0153
vn 0.5090 -0.8563 0.0871
vn 0.3950 -0.7707 0.5000
vn 0.8040 -0.4602 0.3766
vn 0.0163 -0.9921 0.1246
vn -0.0588 -0.9808 0.1860
vn -0.0675 -0.9757 0.2087
vn -0.0349 -0.7720 0.6346
vn -0.0818 -0.9744 -0.2096
vn -0.1916 -0.9724 -0.1329
vn -0.0998 -0.9662 0.2376
vn -0.0579 -0.7797 -0.6234
vn -0.2204 -0.7202 -0.6579
vn -0.1893 -0.3033 -0.9339
vn 0.0198 -0.2458 -0.9691
vn -0.0190 -0.7474 -0.6641
vn 0.0198 -0.2455 -0.9692
vn -0.1002 0.1594 -0.9821
vn 0.0553 0.2987 -0.9527
vn -0.1002 0.1592 -0.9822
vn 0.3539 0.3727 -0.8578
vn 0.3372 -0.2180 -0.9158
vn 0.2757 0.4358 -0.8568
vn 0.2516 -0.1680 -0.9531
vn 0.2738 0.7730 -0.5723
vn 0.2737 0.8332 -0.4805
vn 0.2354 0.4615 -0.8553
vn 0.2656 0.9566 -0.1196
vn 0.2747 0.9591 -0.0687
vn 0.1884 0.9016 0.3894
vn 0.2216 0.9159 0.3348
vn 0.1514 0.8957 0.4182
vn 0.0558 0.9191 0.3900
vn 0.0862 0.6958 0.7130
vn 0.1180 0.7141 0.6901
vn 0.0592 0.6866 0.7246
vn 0.1666 0.6623 0.7305
vn 0.1871 0.9222 0.3385
vn 0.0314 0.2546 0.9665
vn 0.0158 0.2924 0.9562
vn 0.1666 0.6622 0.7306
vn 0.1167 0.2141 0.9698
vn 0.0710 -0.3296 0.9415
vn -0.0264 -0.3561 0.9341
vn 0.0132 -0.7746 0.6323
vn -0.0627 -0.7622 0.6443
vn -0.1102 -0.9477 0.2995
vn -0.0675 -0.9756 0.2088
vn -0.0140 -0.9534 0.3015
vn -0.0777 -0.7534 0.6529
vn -0.1013 -0.9861 -0.1320
vn 0.1125 -0.9774 -0.1788
vn 0.2484 -0.7325 -0.6339
vn 0.1640 -0.6948 -0.7003
vn 0.0707 -0.9599 -0.2714
vn 0.2516 -0.1682 -0.9531
vn 0.0829 -0.6663 -0.7411
vn 0.1675 -0.1342 -0.9767
vn 0.1675 -0.1340 -0.9767
vn 0.0933 -0.0572 -0.9940
vn 0.0578 -0.6467 -0.7606
vn 0.2354 0.4615 -0.8554
vn 0.1910 0.5503 -0.8128
vn 0.2516 -0.1681 -0.9531
vn 0.0745 0.7064 -0.7039
vn -0.0380 0.0617 -0.9974
vn 0.2549 0.8982 -0.3582
vn 0.1760 0.9528 -0.2475
vn 0.2738 0.8332 -0.4805
vn 0.2730 0.9608 -0.0479
vn 0.2295 0.9363 0.2659
vn 0.2644 0.9475 0.1797
vn 0.1140 0.7109 0.6940
vn 0.1252 0.7082 0.6948
vn 0.1180 0.7142 0.6900
vn -0.0282 0.3281 0.9442
vn -0.0282 0.3280 0.9442
vn 0.0437 0.2928 0.9552
vn -0.0282 0.3279 0.9443
vn -0.0267 -0.3354 0.9417
vn -0.2400 -0.2193 0.9457
vn -0.0651 -0.3667 0.9281
vn -0.0316 -0.7578 0.6517
vn 0.0008 -0.9685 0.2490
vn -0.0413 -0.6404 -0.7669
vn 0.0392 -0.9535 -0.2989
vn 0.0483 -0.9347 -0.3522
vn -0.0038 -0.9429 -0.3329
vn 0.1358 0.9887 0.0635
vn 0.9151 -0.2577 0.3100
vn 0.8927 -0.2206 0.3929
vn 0.8765 -0.2542 0.4088
vn 0.8245 -0.2217 0.5207
vn 0.9138 -0.2427 0.3258
vn 0.9428 -0.1389 0.3029
vn 0.8472 -0.1478 0.5103
vn 0.9630 -0.2694 0.0036
vn 0.9165 -0.2646 -0.3001
vn 0.8439 -0.2418 -0.4790
vn 0.8576 -0.0396 0.5127
vn 0.8309 -0.1915 0.5225
vn 0.7993 -0.0356 0.5999
vn 0.6493 -0.1680 0.7417
vn 0.6824 -0.0570 0.7288
vn 0.8309 -0.1915 0.5224
vn 0.8244 -0.2217 0.5208
vn 0.5483 -0.0515 0.8347
vn 0.2375 0.0460 0.9703
vn -0.0184 -0.0741 0.9971
vn -0.2909 0.0464 0.9556
vn -0.6796 -0.0172 0.7334
vn 0.0437 0.2611 0.9643
vn -0.0936 0.2142 0.9723
vn -0.3534 -0.0309 0.9350
vn 0.1383 0.4692 0.8722
vn 0.0725 0.4866 0.8706
vn -0.0869 0.5282 0.8447
vn 0.0306 0.6509 0.7585
vn 0.1277 0.4999 0.8566
vn 0.0325 -0.2886 -0.9569
vn 0.0449 -0.2625 -0.9639
vn 0.0692 -0.2972 -0.9523
vn 0.0862 -0.2740 -0.9579
vn 0.1002 -0.3014 -0.9482
vn 0.1164 -0.2849 -0.9515
vn 0.1217 -0.3004 -0.9460
vn 0.1105 -0.2901 -0.9506
vn 0.1778 -0.4540 -0.8731
vn 0.2170 -0.4298 -0.8765
vn 0.1159 -0.3009 -0.9466
vn 0.4886 -0.8160 0.3090
vn 0.5026 -0.8153 0.2875
vn 0.1249 -0.0809 0.9889
vn 0.0821 -0.0826 0.9932
vn 0.0772 -0.0539 0.9956
vn 0.1373 -0.1031 0.9852
vn 0.0963 -0.0458 0.9943
vn 0.0667 -0.0589 0.9960
vn 0.0754 -0.0528 0.9958
vn 0.0770 -0.0456 0.9960
vn 0.0575 -0.0651 0.9962
vn 0.0436 -0.1351 0.9899
vn 0.0657 -0.0627 0.9959
vn 0.0670 -0.0621 0.9958
vn 0.0902 -0.0530 0.9945
vn 0.0302 -0.0768 0.9966
vn 0.0363 -0.0761 0.9964
vn 0.0103 -0.0770 0.9970
vn -0.0011 -0.0757 0.9971
vn 0.0529 -0.0596 0.9968
vn -0.0736 -0.0976 0.9925
vn -0.0528 -0.1012 0.9935
vn 0.1613 -0.0518 0.9855
vn 0.6362 0.0359 0.7707
vn 0.1554 -0.0581 0.9861
vn 0.9809 0.1393 0.1355
vn 0.9102 0.1864 -0.3698
vn 0.9359 0.1375 0.3244
vn 0.9343 0.1464 -0.3251
vn 0.5731 0.1559 -0.8045
vn 0.2519 0.1030 -0.9623
vn 0.8003 0.2040 -0.5638
vn -0.0018 0.0708 -0.9975
vn 0.6767 0.1313 -0.7244
vn -0.3141 -0.0200 -0.9492
vn -0.4099 -0.0665 -0.9097
vn -0.0098 0.0364 -0.9993
vn -0.3692 -0.0420 -0.9284
vn -0.3007 0.0027 -0.9537
vn -0.3056 -0.0510 -0.9508
vn -0.2639 -0.0680 -0.9621
vn -0.4056 -0.0893 -0.9097
vn -0.2013 -0.0320 -0.9790
vn -0.2248 -0.0214 -0.9742
vn -0.1752 -0.0592 -0.9828
vn -0.1570 -0.1024 -0.9823
vn -0.2829 -0.1016 -0.9537
vn -0.0517 -0.0204 -0.9985
vn -0.1245 -0.0197 -0.9920
vn 0.0702 -0.0308 -0.9971
vn 0.1515 -0.0509 -0.9871
vn -0.2217 -0.1399 -0.9650
vn -0.1324 0.0047 -0.9912
vn -0.2136 -0.0006 -0.9769
vn 0.1359 0.0215 -0.9905
vn -0.1955 -0.0074 -0.9807
vn -0.3506 -0.0249 -0.9362
vn -0.2493 -0.0209 -0.9682
vn -0.1671 -0.0061 -0.9859
vn -0.0816 0.0566 -0.9951
vn -0.1172 0.0104 -0.9931
vn -0.0291 0.1595 -0.9868
vn 0.0939 0.1772 -0.9797
vn 0.0263 0.0912 -0.9955
vn 0.0202 0.3448 -0.9385
vn 0.0850 0.3568 -0.9303
vn 0.3951 0.0189 0.9184
vn 0.2931 0.0152 0.9560
vn 0.2092 0.0041 0.9779
vn 0.1483 0.0070 0.9889
vn 0.2472 -0.0258 0.9686
vn 0.1608 -0.0414 0.9861
vn -0.1049 0.0229 0.9942
vn 0.0355 0.0380 0.9986
vn -0.3017 -0.0297 0.9529
vn -0.0874 0.0789 0.9930
vn 0.0398 0.0916 0.9950
vn -0.3019 -0.0297 0.9529
vn 0.3185 0.1337 0.9385
vn 0.2648 0.1010 0.9590
vn 0.3185 0.1337 0.9384
vn 0.3571 0.1401 0.9235
vn 0.3433 0.1413 0.9285
vn 0.2793 0.1137 0.9534
vn 0.2787 0.1047 0.9547
vn 0.2476 0.1139 0.9621
vn 0.2284 0.1117 0.9671
vn 0.2173 0.1085 0.9701
vn 0.2237 0.1039 0.9691
vn 0.2307 0.1068 0.9671
vn 0.2642 0.0995 0.9593
vn 0.2307 0.1067 0.9672
vn 0.2411 0.1048 0.9648
vn 0.6166 0.2671 0.7406
vn 0.5851 0.2584 0.7687
vn 0.6664 0.2587 0.6993
vn 0.7128 0.2500 0.6553
vn 0.8822 0.3719 -0.2889
vn 0.8668 0.3867 -0.3149
vn 0.9184 0.3138 -0.2411
vn 0.0718 -0.0359 -0.9968
vn -0.0264 -0.0133 -0.9996
vn 0.1410 -0.1648 -0.9762
vn -0.5137 -0.2356 -0.8250
vn -0.4849 -0.2155 -0.8476
vn -0.0937 -0.0352 -0.9950
vn -0.3531 -0.1670 -0.9206
vn -0.3268 -0.1489 -0.9333
vn -0.3184 -0.1410 -0.9374
vn -0.4568 -0.1975 -0.8674
vn -0.3375 -0.1473 -0.9297
vn -0.3129 -0.1488 -0.9381
vn -0.3208 -0.1381 -0.9370
vn -0.3337 -0.1615 -0.9287
vn -0.3122 -0.1284 -0.9413
vn 0.1515 -0.0509 -0.9872
vn -0.4140 -0.1490 -0.8980
vn -0.4339 -0.1775 -0.8833
vn -0.3988 -0.1149 -0.9098
vn -0.2189 -0.0498 -0.9745
vn -0.1879 -0.0637 -0.9801
vn -0.1743 -0.0175 -0.9845
vn 0.6770 0.1997 -0.7084
vn 0.7174 0.2152 -0.6626
vn 0.7177 0.2046 -0.6657
vn 0.9501 0.2261 0.2151
vn 0.8974 0.2339 0.3741
vn 0.9672 0.1992 0.1576
vn 0.5555 0.0746 0.8282
vn 0.4960 0.0883 0.8638
vn 0.4277 0.0058 0.9039
vn 0.1699 -0.0295 0.9850
vn 0.2166 0.0008 0.9763
vn 0.0856 -0.0531 0.9949
vn 0.1147 -0.0389 0.9926
vn 0.1503 -0.0245 0.9883
vn 0.0977 -0.0475 0.9941
vn 0.1088 -0.0433 0.9931
vn 0.1295 -0.0320 0.9911
vn 0.0937 -0.0462 0.9945
vn 0.0969 -0.0368 0.9946
vn 0.1126 -0.0379 0.9929
vn 0.0895 -0.0370 0.9953
vn 0.1059 -0.0289 0.9940
vn 0.1067 -0.0272 0.9939
vn 0.1060 -0.0387 0.9936
vn 0.0937 -0.0333 0.9950
vn 0.0990 -0.0278 0.9947
vn 0.2126 0.0093 0.9771
vn 0.1639 -0.0009 0.9865
vn 0.1444 -0.0039 0.9895
vn 0.1427 -0.0108 0.9897
vn 0.1601 -0.0014 0.9871
vn 0.1594 -0.0138 0.9871
vn 0.1244 0.0200 0.9920
vn 0.1885 0.0222 0.9818
vn 0.1797 -0.0011 0.9837
vn 0.1595 0.0598 0.9854
vn 0.2187 0.0548 0.9743
vn 0.1930 0.0184 0.9810
vn 0.2189 0.0439 0.9748
vn 0.2133 0.0208 0.9768
vn 0.2479 0.0771 0.9657
vn 0.2787 0.1047 0.9546
vn 0.2807 0.0824 0.9563
vn 0.3754 0.0816 0.9233
vn 0.2409 0.0938 0.9660
vn 0.6617 0.2334 0.7125
vn 0.7832 0.2292 0.5780
vn 0.5936 0.2460 0.7663
vn 0.8551 0.3356 -0.3951
vn 0.8024 0.2703 -0.5320
vn 0.8662 0.3711 -0.3346
vn -0.1206 -0.0508 -0.9914
vn -0.1440 -0.0593 -0.9878
vn 0.8551 0.3356 -0.3952
vn 0.8025 0.2703 -0.5319
vn 0.7174 0.2153 -0.6626
vn 0.8974 0.2340 0.3741
vn 0.3754 0.0816 0.9232
vn 0.1787 -0.0035 0.9839
vn 0.1579 -0.0185 0.9873
vn 0.1339 -0.0268 0.9906
vn 0.1285 -0.0237 0.9914
vn 0.1159 -0.0299 0.9928
vn 0.1155 -0.0178 0.9931
vn 0.1363 -0.0122 0.9906
vn 0.1029 -0.0226 0.9944
vn 0.0905 -0.0097 0.9958
vn 0.4912 0.1454 -0.8588
vn 0.3084 -0.5376 -0.7848
vn 0.1770 -0.8093 -0.5601
vn 0.2699 -0.8058 -0.5271
vn 0.5014 -0.6148 -0.6088
vn 0.4681 0.0247 -0.8833
vn 0.7220 0.0654 -0.6888
vn 0.7749 0.0207 -0.6318
vn 0.2819 -0.8333 -0.4756
vn 0.3632 0.9317 -0.0070
vn 0.3648 0.9304 0.0352
vn 0.7875 -0.0464 -0.6146
vn -0.0315 0.9300 0.3663
vn -0.0612 0.8729 0.4840
vn -0.1300 0.7793 0.6130
vn 0.4444 0.8775 0.1800
vn 0.4533 0.2311 0.8609
vn 0.5724 0.5927 0.5667
vn 0.5724 0.5927 0.5666
vn 0.4532 0.2311 0.8609
vn 0.7241 -0.6866 0.0654
vn 0.9452 -0.3013 -0.1256
vn 0.6034 -0.7962 -0.0440
vn 0.3350 -0.7608 -0.5559
vn 0.3058 -0.8089 -0.5022
vn 0.3757 -0.7888 -0.4865
vn 0.2910 -0.8357 -0.4658
vn 0.7858 -0.4580 -0.4157
vn 0.9798 0.1612 -0.1180
vn 0.8762 -0.2066 -0.4354
vn 0.4692 -0.7334 -0.4919
vn 0.8036 0.0140 -0.5950
vn 0.8649 -0.0801 -0.4955
vn 0.4443 0.8776 0.1800
vn 0.0982 0.3647 -0.9259
vn 0.1659 0.1447 -0.9755
vn 0.1376 0.3924 -0.9095
vn 0.0904 0.1066 -0.9902
vn 0.2320 0.6671 -0.7079
vn 0.2469 0.8849 -0.3950
vn 0.4068 0.9133 0.0218
vn 0.2351 0.0975 -0.9671
vn 0.1396 0.1487 -0.9790
vn 0.2429 0.1022 -0.9647
vn 0.0259 0.0548 -0.9982
vn 0.2067 0.1005 -0.9732
vn -0.1001 0.0271 -0.9946
vn -0.1521 0.0032 -0.9884
vn -0.1559 0.0119 -0.9877
vn -0.1389 -0.0064 -0.9903
vn -0.1736 -0.0128 -0.9847
vn -0.1629 -0.0005 -0.9866
vn -0.1804 -0.0004 -0.9836
vn -0.1626 -0.0127 -0.9866
vn -0.2489 -0.0063 -0.9685
vn -0.1162 0.0326 -0.9927
vn 0.0898 0.0796 -0.9928
vn 0.2068 0.1005 -0.9732
vn -0.3006 0.0027 -0.9537
vn -0.0239 -0.0987 0.9948
vn -0.3715 -0.2134 0.9036
vn -0.8997 -0.4353 -0.0306
vn -0.7910 -0.5443 0.2793
vn -0.8998 -0.4353 -0.0306
vn -0.5262 -0.2658 -0.8078
vn -0.9322 -0.3538 -0.0763
vn -0.5915 -0.2130 -0.7776
vn -0.6094 -0.2554 -0.7506
vn -0.7381 -0.5455 0.3971
vn -0.4903 -0.2182 -0.8438
vn -0.3486 -0.2429 -0.9052
vn -0.5029 -0.2075 -0.8391
vn -0.4677 -0.1881 -0.8636
vn -0.4737 -0.2373 -0.8481
vn -0.5340 -0.2180 -0.8169
vn -0.4119 -0.2459 -0.8774
vn -0.5513 -0.2045 -0.8089
vn -0.5603 -0.1683 -0.8110
vn -0.4507 -0.1461 -0.8806
vn -0.4757 -0.2593 -0.8405
vn -0.2068 -0.2820 -0.9369
vn -0.3452 -0.3062 -0.8872
vn 0.0089 -0.2922 -0.9563
vn 0.0825 -0.2776 -0.9572
vn 0.1583 -0.2545 -0.9540
vn 0.2507 -0.1211 -0.9605
vn 0.3342 0.1125 -0.9358
vn 0.1958 -0.0768 -0.9776
vn 0.1332 -0.2245 -0.9653
vn 0.1867 0.0878 -0.9785
vn 0.0630 -0.0645 -0.9959
vn -0.0660 0.0120 -0.9977
vn 0.0772 0.0482 -0.9959
vn 0.1131 -0.0480 -0.9924
vn 0.0800 -0.1911 -0.9783
vn -0.8766 -0.4559 -0.1539
vn -0.5395 -0.0983 -0.8362
vn 0.2549 0.1477 -0.9556
vn -0.0262 -0.3354 -0.9417
vn -0.4803 -0.7526 -0.4504
vn -0.0260 -0.3354 -0.9417
vn 0.3646 -0.0553 -0.9295
vn -0.2029 0.0228 -0.9789
vn 0.3474 0.1651 -0.9231
vn -0.7380 -0.4074 0.5380
vn 0.6119 0.2269 -0.7577
vn 0.5069 0.2330 -0.8299
vn 0.7778 0.2544 -0.5747
vn 0.7117 0.2788 -0.6448
vn 0.9192 0.2841 -0.2727
vn 0.8788 0.2968 -0.3736
vn 0.9485 0.2584 0.1830
vn 0.9653 0.2499 0.0758
vn 0.9520 0.2779 -0.1282
vn 0.9523 0.1968 0.2332
vn 0.8226 0.3059 -0.4793
vn 0.7588 0.3193 -0.5677
vn 0.8834 0.3326 -0.3300
vn 0.6450 0.2826 -0.7100
vn 0.5682 0.2644 -0.7793
vn 0.1737 0.1082 -0.9788
vn 0.3663 0.1773 -0.9135
vn -0.9168 -0.3861 -0.1020
vn -0.7966 -0.2394 -0.5551
vn -0.3801 -0.2829 0.8806
vn -0.3610 -0.5083 0.7819
vn 0.9676 0.2521 0.0133
vn 0.5232 -0.3932 0.7561
vn 0.6543 -0.4493 0.6083
vn 0.7346 -0.2513 0.6303
vn -0.6599 -0.5857 0.4706
vn -0.5405 -0.5754 0.6139
vn 0.6545 -0.4492 0.6082
vn -0.6941 -0.6780 0.2421
vn -0.8577 -0.4339 0.2759
vn -0.8833 -0.4443 0.1494
vn -0.2897 -0.8721 -0.3944
vn -0.3140 -0.8978 -0.3087
vn 0.6232 -0.2083 -0.7538
vn -0.4478 -0.5420 0.7112
vn 0.7574 -0.0231 0.6525
vn -0.5187 -0.4796 0.7078
vn -0.6242 -0.4163 0.6611
vn 0.3167 -0.0864 0.9446
vn 0.5827 0.1086 0.8054
vn 0.4482 0.0535 0.8923
vn 0.6544 -0.4491 0.6083
vn 0.0402 -0.3001 -0.9531
vn -0.1409 -0.2841 -0.9484
vn 0.2223 -0.3744 -0.9002
vn 0.1106 -0.3172 -0.9419
vn 0.4372 -0.8608 0.2605
vn 0.3441 -0.9382 -0.0364
vn 0.0300 -0.2441 0.9693
vn 0.3442 -0.9382 -0.0364
vn -0.4393 -0.1484 -0.8860
vn 0.0449 -0.1390 0.9893
vn 0.0650 -0.1163 0.9911
vn -0.4350 -0.0865 0.8963
vn 0.1357 0.1603 0.9777
vn -0.2199 -0.0788 0.9723
vn -0.0760 -0.0256 0.9968
vn -0.2200 -0.0788 0.9723
vn 0.6593 0.0864 0.7469
vn 0.2928 0.0597 0.9543
vn 0.7767 0.1062 0.6208
vn 0.8646 0.1007 0.4923
vn 0.5827 0.0660 0.8100
vn -0.3769 -0.0342 0.9256
vn 0.5232 0.0332 0.8515
vn 0.4900 0.2048 0.8473
vn 0.3588 0.1574 0.9200
vn 0.4989 0.1700 0.8498
vn 0.2910 0.1095 0.9504
vn -0.9573 -0.2362 0.1664
vn -0.8341 -0.2163 0.5075
vn -0.9573 -0.2361 0.1667
vn 0.1494 -0.0235 0.9885
vn -0.5568 -0.1940 0.8077
vn -0.5567 -0.1940 0.8077
vn -0.5970 -0.1583 -0.7865
vn -0.8745 -0.4403 0.2035
vn -0.1543 -0.1005 -0.9829
vn 0.2401 0.0238 0.9705
vn 0.2354 0.0012 0.9719
vn -0.8808 -0.4103 0.2364
vn 0.9356 0.2908 -0.2003
vn 0.9658 0.1593 -0.2044
vn 0.8976 -0.4178 -0.1403
vn 0.3905 -0.4432 0.8069
vn -0.1405 -0.2126 -0.9670
vn -0.1543 -0.1006 -0.9829
vn -0.1404 -0.2127 -0.9670
vn 0.9659 0.1593 -0.2043
vn 0.8977 -0.4178 -0.1402
vn -0.0017 -0.6993 -0.7148
vn -0.8808 -0.4102 0.2366
vn -0.5076 -0.8225 0.2566
vn -0.1935 -0.5552 0.8089
vn 0.2120 -0.9485 -0.2355
vn 0.8793 -0.4654 0.1012
vn 0.8793 -0.4654 0.1013
vn -0.0673 -0.0072 -0.9977
vn -0.6585 -0.1026 -0.7456
vn -0.7002 -0.1314 -0.7018
vn -0.6346 -0.0900 -0.7676
vn -0.6071 -0.0457 -0.7933
vn -0.0640 0.0577 -0.9963
vn -0.9271 -0.1405 -0.3475
vn -0.9258 -0.1998 -0.3208
vn -0.9063 -0.1261 -0.4035
vn -0.9078 -0.1594 -0.3880
vn -0.5746 -0.0107 -0.8184
vn -0.9816 -0.1904 -0.0107
vn -0.9898 -0.1380 -0.0360
vn -0.8989 -0.2143 0.3823
vn -0.9510 -0.1539 0.2681
vn -0.9505 -0.1988 0.2387
vn -0.9746 -0.2194 0.0441
vn -0.9432 -0.2240 0.2454
vn -0.9709 -0.2146 0.1061
vn -0.9009 -0.2324 0.3667
vn -0.9225 -0.2372 0.3045
vn -0.9493 -0.2305 0.2136
vn -0.6856 -0.1828 0.7046
vn -0.7178 -0.2159 0.6620
vn -0.4085 -0.1181 0.9051
vn -0.3930 -0.1726 0.9032
vn -0.0370 -0.0647 0.9972
vn -0.9336 -0.3082 0.1829
vn -0.9647 -0.2518 0.0776
vn -0.9729 -0.1983 0.1187
vn -0.8339 -0.5251 0.1701
vn -0.8830 -0.4682 0.0328
vn -0.0000 -0.9737 0.2277
vn -0.8472 -0.5208 -0.1045
vn -0.9458 -0.2786 -0.1671
vn -0.9463 -0.2183 -0.2384
vn -0.7594 -0.2222 -0.6115
vn -0.9324 -0.2057 -0.2971
vn -0.5233 -0.0076 -0.8521
vn -0.0507 0.0979 -0.9939
vn -0.0391 0.0815 -0.9959
vn 0.4568 0.1594 -0.8752
vn 0.4446 0.1595 -0.8814
vn 0.4527 0.1279 -0.8825
vn 0.8361 0.1615 -0.5243
vn 0.8025 0.1833 -0.5678
vn 0.9776 0.1890 -0.0928
vn 0.9580 0.2118 -0.1932
vn 0.9702 0.1066 -0.2175
vn 0.9606 0.2126 0.1790
vn 0.9791 -0.0356 0.2003
vn 0.7919 0.1754 -0.5849
vn 0.7912 0.2093 -0.5746
vn 0.9597 0.1580 -0.2323
vn 0.9410 0.1395 -0.3085
vn 0.9834 0.0270 0.1796
vn 0.9891 0.1031 0.1055
vn 0.9409 0.1395 -0.3087
vn 0.7989 0.1635 -0.5788
vn 0.9157 -0.0437 0.3994
vn 0.9099 0.0482 0.4121
vn 0.9198 -0.1484 0.3633
vn 0.9200 -0.1743 0.3509
vn 0.9007 -0.0198 0.4340
vn 0.9496 0.0711 0.3053
vn 0.9420 -0.0166 0.3351
vn 0.8215 -0.0529 0.5677
vn 0.8257 -0.2286 0.5158
vn 0.3515 -0.1271 0.9275
vn 0.2418 -0.3448 0.9070
vn -0.2373 -0.1854 0.9536
vn -0.3690 -0.3443 0.8633
vn -0.4313 -0.3616 0.8266
vn -0.4551 -0.1816 0.8717
vn -0.4583 -0.1795 0.8705
vn 0.1008 -0.1660 0.9810
vn 0.0477 -0.0819 0.9955
vn -0.0157 -0.2896 0.9570
vn 0.7328 -0.0068 0.6804
vn 0.7985 -0.0767 0.5971
vn 0.6857 -0.1507 0.7121
vn 0.8762 0.0406 0.4803
vn 0.8733 -0.0647 0.4829
vn 0.8660 -0.0330 0.4990
vn 0.5945 -0.1301 0.7935
vn 0.9322 -0.0571 0.3574
vn 0.9556 -0.0315 0.2929
vn 0.9673 0.0526 0.2483
vn 0.8603 0.0827 0.5030
vn 0.9979 -0.0621 0.0201
vn 0.9987 -0.0363 0.0354
vn 0.9998 0.0158 -0.0142
vn 0.9757 0.2024 -0.0841
vn 0.9437 0.2898 0.1598
vn 0.9479 -0.0350 -0.3166
vn 0.9337 -0.1041 -0.3426
vn 0.9479 -0.0350 -0.3167
vn 0.9385 0.1391 -0.3162
vn 0.9384 0.1391 -0.3164
vn 0.8032 0.1034 -0.5866
vn 0.7634 -0.0981 -0.6384
vn 0.8448 0.1184 -0.5218
vn 0.6333 0.1292 -0.7631
vn 0.5343 0.1056 -0.8387
vn 0.6706 0.0468 -0.7403
vn 0.6620 0.1130 -0.7409
vn 0.1898 0.1093 -0.9757
vn 0.1821 0.0882 -0.9793
vn 0.6711 0.0877 -0.7362
vn -0.4229 0.1140 -0.8990
vn -0.4389 0.0806 -0.8949
vn -0.8933 0.0239 -0.4488
vn -0.8626 0.1009 -0.4957
vn -0.9984 -0.0555 0.0146
vn -0.9956 0.0372 -0.0859
vn -0.7868 -0.6123 0.0771
vn -0.2188 -0.9736 0.0656
vn -0.6372 -0.6768 0.3686
vn -0.9515 -0.1598 0.2628
vn -0.1008 -0.9318 0.3488
vn 0.0573 -0.9268 0.3711
vn -0.0658 -0.9757 0.2092
vn -0.5062 -0.8255 0.2496
vn 0.0059 -0.9748 0.2230
vn -0.0979 -0.9783 -0.1825
vn -0.1078 -0.9769 -0.1844
vn -0.0957 -0.9810 -0.1687
vn 0.2334 -0.9378 -0.2571
vn -0.0450 -0.9933 -0.1063
vn -0.0519 -0.9921 -0.1143
vn 0.2367 -0.9565 -0.1706
vn 0.8860 -0.3745 -0.2735
vn 0.8659 -0.3421 -0.3650
vn 0.3100 -0.9500 0.0376
vn 0.9564 -0.2824 0.0743
vn 0.9527 0.2939 0.0778
vn 0.9563 0.2133 -0.1999
vn 0.8954 -0.0913 0.4357
vn 0.3906 -0.8830 0.2602
vn 0.8954 -0.0915 0.4357
vn 0.8623 0.3479 0.3678
vn 0.8697 0.3097 0.3843
vn 0.9399 0.3199 0.1190
vn 0.6177 0.2552 0.7438
vn 0.5839 0.0460 0.8105
vn -0.0166 0.0190 0.9997
vn -0.0156 0.0203 0.9997
vn -0.5995 -0.0135 0.8003
vn -0.5590 -0.0676 0.8264
vn -0.8305 0.0955 0.5488
vn -0.8444 -0.1176 0.5226
vn -0.7051 0.4999 0.5030
vn -0.3377 0.8665 0.3676
vn 0.2320 0.9295 0.2867
vn 0.4471 0.6895 0.5698
vn 0.5381 0.8346 0.1176
vn 0.7469 0.5935 0.2998
vn 0.7674 0.6410 -0.0116
vn 0.9405 0.3101 -0.1392
vn 0.8848 0.2851 0.3686
vn 0.9285 0.3111 0.2027
vn 0.8374 0.3567 0.4141
vn 0.6507 0.0699 0.7561
vn 0.2199 0.0678 0.9732
vn 0.2345 -0.0948 0.9675
vn -0.2808 0.0157 0.9596
vn -0.1387 -0.1859 0.9727
vn -0.6419 -0.0189 0.7666
vn -0.7294 0.2158 0.6491
vn -0.5063 -0.1994 0.8390
vn -0.6778 -0.2407 0.6947
vn -0.8257 -0.0921 0.5565
vn -0.0650 -0.3182 0.9458
vn -0.9476 -0.1601 0.2765
vn -0.9955 0.0006 0.0950
vn -0.9689 -0.2280 -0.0961
vn -0.9793 -0.0247 -0.2011
vn -0.9273 0.0917 0.3630
vn -0.8257 -0.0920 0.5565
vn -0.9272 0.0917 0.3630
vn -0.8235 -0.2725 -0.4975
vn -0.4974 -0.2626 -0.8268
vn -0.5279 -0.2991 -0.7949
vn -0.1208 -0.2599 -0.9580
vn -0.0510 -0.2228 -0.9735
vn -0.6718 -0.0725 -0.7372
vn -0.2781 -0.0283 -0.9601
vn -0.4297 0.1090 -0.8964
vn 0.4232 -0.1662 -0.8907
vn -0.9814 0.0028 -0.1917
vn -0.9873 -0.0392 -0.1539
vn -0.9664 -0.1097 0.2323
vn -0.7739 -0.6274 0.0861
vn -0.8642 -0.4994 0.0615
vn -0.6412 -0.6646 0.3836
vn -0.1274 -0.9890 0.0747
vn -0.2484 -0.9643 -0.0919
vn -0.0710 -0.9903 -0.1196
vn -0.3642 -0.9235 -0.1202
vn -0.2485 -0.9643 -0.0919
vn -0.9086 -0.3236 0.2641
vn -0.9515 -0.1598 0.2629
vn -0.0021 -0.5801 0.8145
vn 0.5839 0.0459 0.8105
vn 0.9544 -0.1548 -0.2554
vn 0.6044 -0.4232 -0.6750
vn 0.9337 -0.1041 -0.3427
vn 0.9213 -0.0092 -0.3888
vn 0.1318 0.6050 0.7852
vn 0.2623 -0.9206 -0.2893
vn 0.6740 -0.7257 -0.1384
vn -0.5709 0.6468 0.5057
vn -0.7455 0.6617 0.0800
vn -0.6760 0.7078 0.2051
vn 0.1733 0.4197 0.8910
vn 0.0543 0.1996 0.9784
vn 0.3176 0.4214 0.8494
vn 0.8822 -0.2583 0.3938
vn 0.7419 -0.3624 0.5641
vn 0.5224 0.3496 0.7777
vn 0.9644 -0.2123 0.1577
vn 0.9231 -0.3796 0.0620
vn 0.8639 -0.4222 0.2746
vn 0.9409 -0.2531 0.2250
vn 0.8196 -0.2670 0.5069
vn 0.9178 -0.2304 0.3233
vn 0.7732 -0.2193 0.5950
vn 0.7045 -0.4036 0.5838
vn 0.6436 -0.2159 0.7343
vn 0.7270 -0.2807 0.6267
vn 0.5630 -0.1926 0.8037
vn 0.4649 -0.0674 0.8828
vn 0.5140 -0.5070 0.6919
vn 0.8926 -0.3997 -0.2086
vn 0.9390 -0.3426 0.0304
vn 0.8722 0.0617 -0.4852
vn 0.7411 0.1897 -0.6441
vn 0.7449 0.6560 -0.1217
vn 0.5890 0.8065 0.0508
vn 0.5437 0.4581 0.7032
vn 0.3549 0.8811 0.3127
vn -0.4230 -0.0035 -0.9061
vn -0.8254 -0.5120 0.2380
vn -0.8136 -0.5298 0.2394
vn -0.8253 -0.5120 0.2383
vn -0.8812 -0.4006 0.2510
vn -0.8812 -0.4006 0.2512
vn -0.9277 -0.3017 0.2200
vn -0.1963 -0.1544 -0.9683
vn 0.2591 -0.0094 0.9658
vn 0.2129 0.0083 0.9770
vn -0.9437 -0.2562 0.2091
vn 0.9724 0.0530 -0.2270
vn 0.9816 0.0144 -0.1901
vn 0.9725 0.0530 -0.2270
vn 0.9817 0.0144 -0.1899
vn -0.1478 -0.2549 -0.9556
vn -0.9437 -0.2563 0.2093
vn -0.6500 -0.6118 -0.4507
vn -0.3196 -0.9439 0.0830
vn 0.5619 -0.7435 -0.3627
vn 0.6821 -0.6832 -0.2608
vn -0.0000 -0.1258 -0.9921
vn 0.5899 -0.1539 -0.7927
vn -0.2300 -0.8323 0.5043
vn -0.7033 0.6783 -0.2126
vn 0.5963 0.0938 -0.7973
vn -0.8074 0.3640 -0.4644
vn 0.3486 0.6857 0.6390
vn 0.5187 -0.5549 -0.6504
vn 0.5899 0.1539 0.7927
vt 0.863489 0.015674
vt 0.861456 0.015878
vt 0.861415 0.014302
vt 0.863331 0.013978
vt 0.860171 0.018364
vt 0.861049 0.015478
vt 0.860127 0.022473
vt 0.862866 0.019629
vt 0.909570 0.523214
vt 0.906701 0.518255
vt 0.916337 0.515971
vt 0.916964 0.518303
vt 0.902695 0.511391
vt 0.916736 0.509565
vt 0.580135 0.540148
vt 0.568081 0.542525
vt 0.584863 0.520551
vt 0.589133 0.528562
vt 0.571519 0.515409
vt 0.582334 0.511202
vt 0.566050 0.488520
vt 0.574474 0.485380
vt 0.587289 0.540898
vt 0.586627 0.540201
vt 0.591520 0.532688
vt 0.591063 0.532130
vt 0.590554 0.530712
vt 0.179192 0.602949
vt 0.185554 0.592405
vt 0.186317 0.600048
vt 0.181404 0.612406
vt 0.194906 0.589340
vt 0.196585 0.593654
vt 0.764869 0.746628
vt 0.769592 0.755937
vt 0.767375 0.755724
vt 0.760538 0.751536
vt 0.759595 0.758448
vt 0.769289 0.757586
vt 0.456779 0.708254
vt 0.461840 0.708270
vt 0.455877 0.719585
vt 0.451747 0.721950
vt 0.278612 0.232597
vt 0.273456 0.226518
vt 0.280056 0.225410
vt 0.280619 0.232065
vt 0.278093 0.240980
vt 0.272512 0.240456
vt 0.019088 0.406120
vt 0.016891 0.406450
vt 0.016102 0.405761
vt 0.018089 0.402720
vt 0.015146 0.403168
vt 0.015070 0.405454
vt 0.214951 0.976239
vt 0.216072 0.975808
vt 0.216154 0.979067
vt 0.215498 0.979231
vt 0.217617 0.976049
vt 0.216885 0.979136
vt 0.465570 0.689369
vt 0.471175 0.689322
vt 0.477459 0.689904
vt 0.466630 0.709732
vt 0.227816 0.938173
vt 0.220663 0.936526
vt 0.223408 0.918909
vt 0.232215 0.923175
vt 0.212614 0.937215
vt 0.210054 0.921337
vt 0.289448 0.237767
vt 0.282297 0.240356
vt 0.306023 0.256314
vt 0.296445 0.257347
vt 0.299780 0.237519
vt 0.288013 0.256973
vt 0.498608 0.642518
vt 0.507887 0.636627
vt 0.497474 0.665801
vt 0.488507 0.668531
vt 0.479711 0.697323
vt 0.485109 0.697912
vt 0.496217 0.679738
vt 0.322133 0.296385
vt 0.313939 0.276571
vt 0.325102 0.278898
vt 0.334500 0.294574
vt 0.516455 0.635828
vt 0.509754 0.651924
vt 0.506963 0.668992
vt 0.514721 0.653470
vt 0.520858 0.642194
vt 0.180984 0.467977
vt 0.171246 0.484613
vt 0.169205 0.472442
vt 0.173116 0.459414
vt 0.161319 0.485238
vt 0.162982 0.469649
vt 0.179515 0.488997
vt 0.188435 0.483546
vt 0.201129 0.477921
vt 0.199659 0.452231
vt 0.194397 0.445687
vt 0.183917 0.458786
vt 0.179774 0.445246
vt 0.174828 0.494970
vt 0.168203 0.496033
vt 0.161738 0.496124
vt 0.175339 0.502277
vt 0.168767 0.503766
vt 0.161722 0.502316
vt 0.183854 0.497995
vt 0.151552 0.496874
vt 0.155053 0.495258
vt 0.150889 0.485269
vt 0.155033 0.485220
vt 0.186022 0.425792
vt 0.190807 0.428488
vt 0.199147 0.425601
vt 0.176755 0.518380
vt 0.166393 0.509669
vt 0.152427 0.504506
vt 0.147933 0.496600
vt 0.188257 0.541418
vt 0.180717 0.542238
vt 0.186534 0.515343
vt 0.172733 0.542505
vt 0.170972 0.523861
vt 0.164015 0.516246
vt 0.167515 0.420950
vt 0.167848 0.404874
vt 0.176595 0.409324
vt 0.176972 0.423205
vt 0.191115 0.403370
vt 0.185999 0.413415
vt 0.178401 0.398439
vt 0.169675 0.393493
vt 0.206386 0.426297
vt 0.142228 0.500518
vt 0.142700 0.496548
vt 0.145840 0.484950
vt 0.141165 0.485606
vt 0.137259 0.489921
vt 0.219011 0.428153
vt 0.214878 0.455029
vt 0.035970 0.976063
vt 0.037230 0.971404
vt 0.041673 0.972281
vt 0.041815 0.976586
vt 0.041887 0.963290
vt 0.046498 0.967119
vt 0.049785 0.971837
vt 0.043095 0.985451
vt 0.034785 0.982740
vt 0.036999 0.979486
vt 0.042467 0.980084
vt 0.031981 0.977014
vt 0.587567 0.028556
vt 0.591632 0.035055
vt 0.587537 0.036466
vt 0.584140 0.032410
vt 0.589173 0.043259
vt 0.583504 0.040849
vt 0.579472 0.036656
vt 0.576189 0.033382
vt 0.578444 0.029324
vt 0.569528 0.027041
vt 0.569039 0.033605
vt 0.571153 0.040230
vt 0.772454 0.953332
vt 0.768865 0.948615
vt 0.772640 0.944668
vt 0.775477 0.947382
vt 0.775176 0.938113
vt 0.770523 0.938373
vt 0.766215 0.942138
vt 0.785762 0.953398
vt 0.776823 0.962030
vt 0.776077 0.957545
vt 0.780184 0.950427
vt 0.768784 0.957561
vt 0.772699 0.959828
vt 0.771048 0.966845
vt 0.762890 0.960995
vt 0.761386 0.944834
vt 0.759910 0.937269
vt 0.762789 0.935293
vt 0.766445 0.932699
vt 0.761087 0.931156
vt 0.541400 0.084137
vt 0.534565 0.073988
vt 0.547276 0.064948
vt 0.554237 0.072297
vt 0.572973 0.062905
vt 0.568318 0.056331
vt 0.528731 0.066523
vt 0.543687 0.057578
vt 0.564510 0.050684
vt 0.559889 0.077596
vt 0.553149 0.090744
vt 0.550371 0.102047
vt 0.538688 0.099171
vt 0.524609 0.100271
vt 0.524551 0.091593
vt 0.522393 0.083381
vt 0.535370 0.034118
vt 0.518141 0.042733
vt 0.514259 0.031474
vt 0.532907 0.025114
vt 0.531761 0.016074
vt 0.514808 0.013825
vt 0.753406 0.964878
vt 0.761371 0.970819
vt 0.745520 0.981224
vt 0.737515 0.969122
vt 0.504174 0.051348
vt 0.498835 0.046703
vt 0.513091 0.063561
vt 0.524281 0.059849
vt 0.519003 0.068333
vt 0.512999 0.069041
vt 0.519644 0.075258
vt 0.513091 0.074198
vt 0.508946 0.084428
vt 0.505743 0.080632
vt 0.502400 0.074727
vt 0.731994 0.951737
vt 0.715084 0.954625
vt 0.713972 0.945174
vt 0.731261 0.942885
vt 0.730282 0.934059
vt 0.713515 0.934629
vt 0.703100 0.954832
vt 0.702347 0.946333
vt 0.701456 0.937160
vt 0.205460 0.395518
vt 0.192362 0.374239
vt 0.204813 0.373178
vt 0.215306 0.372313
vt 0.214003 0.397836
vt 0.241710 0.369432
vt 0.248714 0.367087
vt 0.247225 0.398143
vt 0.241778 0.396382
vt 0.239354 0.427732
vt 0.247722 0.430698
vt 0.344051 0.320212
vt 0.342286 0.292006
vt 0.348182 0.305178
vt 0.552415 0.578065
vt 0.546138 0.600250
vt 0.526624 0.608460
vt 0.538857 0.582092
vt 0.530418 0.583445
vt 0.519398 0.610611
vt 0.349489 0.347076
vt 0.356223 0.336554
vt 0.363055 0.343423
vt 0.558043 0.598650
vt 0.557552 0.609555
vt 0.552850 0.609600
vt 0.567119 0.573636
vt 0.577485 0.572755
vt 0.565439 0.593681
vt 0.387896 0.332810
vt 0.395268 0.338447
vt 0.390745 0.344753
vt 0.386781 0.338872
vt 0.399818 0.350352
vt 0.392881 0.350727
vt 0.901814 0.598607
vt 0.905093 0.595003
vt 0.905436 0.601236
vt 0.901694 0.607913
vt 0.611942 0.708275
vt 0.607167 0.711898
vt 0.605736 0.709128
vt 0.607812 0.706086
vt 0.860409 0.026326
vt 0.864045 0.021888
vt 0.923831 0.626797
vt 0.924372 0.641951
vt 0.919739 0.641482
vt 0.921288 0.624600
vt 0.927433 0.651986
vt 0.923303 0.652124
vt 0.618920 0.697907
vt 0.629872 0.700647
vt 0.620998 0.713277
vt 0.638312 0.706079
vt 0.629453 0.713130
vt 0.608887 0.703649
vt 0.611523 0.700248
vt 0.622191 0.689485
vt 0.851743 0.031726
vt 0.851171 0.027394
vt 0.931608 0.617456
vt 0.928663 0.616249
vt 0.928861 0.609827
vt 0.930258 0.609519
vt 0.928484 0.601662
vt 0.926379 0.605291
vt 0.922894 0.612640
vt 0.922140 0.600770
vt 0.925787 0.614738
vt 0.917720 0.620371
vt 0.916786 0.630440
vt 0.912625 0.625080
vt 0.914513 0.614548
vt 0.911745 0.610923
vt 0.911292 0.617086
vt 0.639176 0.696185
vt 0.634842 0.688048
vt 0.645239 0.684538
vt 0.648315 0.689979
vt 0.643487 0.676690
vt 0.655797 0.676059
vt 0.664676 0.679081
vt 0.907485 0.613849
vt 0.909622 0.602100
vt 0.656565 0.692854
vt 0.644509 0.700630
vt 0.671075 0.681237
vt 0.909634 0.593068
vt 0.914728 0.596087
vt 0.914977 0.605296
vt 0.839737 0.038403
vt 0.836371 0.030965
vt 0.667219 0.654285
vt 0.672474 0.658012
vt 0.640518 0.673375
vt 0.917613 0.556605
vt 0.920140 0.554953
vt 0.923821 0.571052
vt 0.920446 0.571346
vt 0.926630 0.573683
vt 0.926614 0.578896
vt 0.926040 0.568196
vt 0.922640 0.553062
vt 0.904524 0.575786
vt 0.906979 0.582883
vt 0.904115 0.586967
vt 0.901407 0.587092
vt 0.695521 0.646730
vt 0.708945 0.643388
vt 0.715615 0.653454
vt 0.697155 0.654282
vt 0.715064 0.642552
vt 0.718975 0.653142
vt 0.695737 0.659739
vt 0.710003 0.661005
vt 0.886789 0.547394
vt 0.890389 0.544022
vt 0.895403 0.547821
vt 0.893423 0.556217
vt 0.891862 0.541573
vt 0.894486 0.542983
vt 0.896419 0.561030
vt 0.898675 0.552775
vt 0.903613 0.542854
vt 0.898827 0.537311
vt 0.895548 0.535279
vt 0.721745 0.647960
vt 0.719061 0.656523
vt 0.896519 0.566989
vt 0.891668 0.559781
vt 0.742493 0.656373
vt 0.739121 0.664843
vt 0.730929 0.640283
vt 0.891985 0.533230
vt 0.885724 0.534357
vt 0.711917 0.624180
vt 0.713245 0.622421
vt 0.716677 0.621314
vt 0.779432 0.698389
vt 0.787732 0.702507
vt 0.781861 0.708365
vt 0.769211 0.698044
vt 0.753776 0.693174
vt 0.763536 0.702320
vt 0.889194 0.508273
vt 0.890149 0.520929
vt 0.882351 0.523269
vt 0.883277 0.509612
vt 0.879373 0.510168
vt 0.878105 0.520620
vt 0.898179 0.524681
vt 0.899923 0.506089
vt 0.791452 0.682157
vt 0.797668 0.680117
vt 0.797263 0.689158
vt 0.792056 0.693506
vt 0.804681 0.693514
vt 0.806459 0.688629
vt 0.828748 0.686063
vt 0.831859 0.696330
vt 0.820088 0.684523
vt 0.818324 0.677718
vt 0.801488 0.667057
vt 0.808917 0.678915
vt 0.800082 0.675706
vt 0.792903 0.665122
vt 0.785970 0.650249
vt 0.794129 0.653796
vt 0.816256 0.669958
vt 0.806648 0.664515
vt 0.799010 0.651754
vt 0.833403 0.703885
vt 0.821768 0.692429
vt 0.813417 0.688266
vt 0.817864 0.694526
vt 0.807748 0.686518
vt 0.244292 0.941477
vt 0.242928 0.942696
vt 0.240636 0.940582
vt 0.244095 0.939915
vt 0.415742 0.078817
vt 0.417507 0.076497
vt 0.425737 0.084731
vt 0.421628 0.084833
vt 0.252558 0.940364
vt 0.251648 0.943012
vt 0.252970 0.937430
vt 0.244045 0.922629
vt 0.244623 0.925917
vt 0.234411 0.926047
vt 0.235463 0.922555
vt 0.422179 0.046141
vt 0.432095 0.042387
vt 0.427115 0.049463
vt 0.434783 0.044506
vt 0.433199 0.035614
vt 0.436731 0.033993
vt 0.435817 0.053020
vt 0.425858 0.056131
vt 0.428019 0.038153
vt 0.426603 0.035258
vt 0.430831 0.038440
vt 0.430407 0.028524
vt 0.245632 0.929449
vt 0.236365 0.929114
vt 0.431910 0.039175
vt 0.236694 0.919713
vt 0.245061 0.919120
vt 0.420231 0.024958
vt 0.422581 0.022094
vt 0.424524 0.028810
vt 0.411162 0.060958
vt 0.411182 0.055003
vt 0.410002 0.049561
vt 0.425330 0.031853
vt 0.425867 0.030346
vt 0.422216 0.040774
vt 0.419972 0.036984
vt 0.418191 0.031975
vt 0.248667 0.936816
vt 0.250067 0.933016
vt 0.243781 0.934638
vt 0.241017 0.929767
vt 0.244932 0.938942
vt 0.254755 0.928415
vt 0.254334 0.924208
vt 0.266638 0.927359
vt 0.259358 0.932320
vt 0.275890 0.932651
vt 0.270423 0.933625
vt 0.275986 0.926546
vt 0.262073 0.936561
vt 0.255947 0.919736
vt 0.267088 0.920124
vt 0.275012 0.919598
vt 0.406434 0.075183
vt 0.413226 0.070378
vt 0.425573 0.065213
vt 0.399431 0.061666
vt 0.399505 0.067928
vt 0.397160 0.073272
vt 0.321661 0.032409
vt 0.340128 0.036966
vt 0.323346 0.040944
vt 0.318986 0.039080
vt 0.319038 0.048557
vt 0.313651 0.041456
vt 0.341779 0.046897
vt 0.311762 0.033003
vt 0.871558 0.738303
vt 0.868408 0.725167
vt 0.881495 0.717447
vt 0.880991 0.733125
vt 0.861311 0.710472
vt 0.862367 0.705177
vt 0.290219 0.070907
vt 0.273245 0.076779
vt 0.270701 0.067912
vt 0.289503 0.063348
vt 0.808367 0.656531
vt 0.376107 0.923514
vt 0.396581 0.922466
vt 0.395302 0.933784
vt 0.377910 0.933427
vt 0.378452 0.941528
vt 0.395590 0.943873
vt 0.272063 0.049518
vt 0.294488 0.047278
vt 0.842875 0.689449
vt 0.841581 0.696392
vt 0.782112 0.636798
vt 0.820114 0.698471
vt 0.849989 0.476229
vt 0.868966 0.488269
vt 0.862850 0.492030
vt 0.845713 0.479925
vt 0.874984 0.495585
vt 0.873336 0.497728
vt 0.872058 0.485837
vt 0.882357 0.495243
vt 0.759777 0.624429
vt 0.767702 0.622316
vt 0.770119 0.637565
vt 0.781536 0.618216
vt 0.803961 0.640015
vt 0.778752 0.650519
vt 0.411450 0.920819
vt 0.409859 0.930946
vt 0.409534 0.940552
vt 0.858139 0.471589
vt 0.858298 0.732903
vt 0.850767 0.713348
vt 0.425013 0.944304
vt 0.418715 0.948810
vt 0.412758 0.949639
vt 0.821468 0.662619
vt 0.826399 0.655749
vt 0.393033 0.856394
vt 0.398244 0.863801
vt 0.377838 0.872880
vt 0.377345 0.855595
vt 0.394499 0.879881
vt 0.376012 0.884030
vt 0.389368 0.875118
vt 0.398348 0.869458
vt 0.391145 0.364864
vt 0.399006 0.364799
vt 0.375608 0.357375
vt 0.878204 0.461871
vt 0.875068 0.479679
vt 0.866093 0.471832
vt 0.867559 0.456898
vt 0.861808 0.454291
vt 0.839976 0.464882
vt 0.846884 0.461786
vt 0.418903 0.932079
vt 0.269042 0.036114
vt 0.290246 0.034268
vt 0.259492 0.048081
vt 0.258465 0.037765
vt 0.450885 0.233291
vt 0.444780 0.236266
vt 0.438939 0.216808
vt 0.445657 0.216414
vt 0.584095 0.574562
vt 0.396267 0.423858
vt 0.389035 0.421689
vt 0.398468 0.399741
vt 0.399379 0.410069
vt 0.840989 0.797879
vt 0.833154 0.808247
vt 0.826878 0.804937
vt 0.830564 0.798124
vt 0.839104 0.818838
vt 0.851364 0.807754
vt 0.854211 0.811597
vt 0.839261 0.823723
vt 0.459182 0.254552
vt 0.453744 0.253776
vt 0.837918 0.785764
vt 0.841238 0.784473
vt 0.843205 0.788770
vt 0.839539 0.790450
vt 0.848765 0.799231
vt 0.410235 0.886739
vt 0.398269 0.887379
vt 0.410835 0.883282
vt 0.408125 0.880802
vt 0.403398 0.873857
vt 0.794249 0.437669
vt 0.799161 0.442985
vt 0.791311 0.442479
vt 0.790404 0.440594
vt 0.417571 0.895244
vt 0.410728 0.896043
vt 0.418588 0.887753
vt 0.399446 0.897772
vt 0.837152 0.783049
vt 0.842472 0.782907
vt 0.838190 0.775761
vt 0.838625 0.772472
vt 0.846779 0.773570
vt 0.845932 0.776549
vt 0.839037 0.768994
vt 0.846261 0.769323
vt 0.789787 0.436210
vt 0.788651 0.440434
vt 0.787838 0.438992
vt 0.786932 0.436356
vt 0.838044 0.765482
vt 0.842322 0.763982
vt 0.828166 0.767426
vt 0.829018 0.763179
vt 0.832031 0.758730
vt 0.780652 0.764872
vt 0.761880 0.775505
vt 0.756069 0.772225
vt 0.760128 0.767233
vt 0.918413 0.367924
vt 0.907590 0.368667
vt 0.913855 0.358610
vt 0.918581 0.359034
vt 0.918455 0.341063
vt 0.909146 0.342618
vt 0.305602 0.650264
vt 0.302850 0.648797
vt 0.303429 0.645563
vt 0.305300 0.646844
vt 0.307567 0.646295
vt 0.308253 0.650135
vt 0.818953 0.910234
vt 0.819384 0.909003
vt 0.821362 0.910483
vt 0.820897 0.911861
vt 0.766066 0.744573
vt 0.775722 0.761510
vt 0.767875 0.743513
vt 0.759785 0.763140
vt 0.301335 0.627503
vt 0.298891 0.629041
vt 0.298676 0.612264
vt 0.300699 0.612258
vt 0.298939 0.598678
vt 0.297382 0.601358
vt 0.293710 0.606063
vt 0.290747 0.612988
vt 0.763768 0.785798
vt 0.762589 0.781054
vt 0.787178 0.773455
vt 0.788409 0.781926
vt 0.782820 0.759369
vt 0.792767 0.766622
vt 0.324291 0.639314
vt 0.328559 0.638496
vt 0.326622 0.645433
vt 0.324331 0.645567
vt 0.039847 0.180517
vt 0.033163 0.180083
vt 0.032326 0.172915
vt 0.038660 0.175449
vt 0.027614 0.177931
vt 0.028220 0.172854
vt 0.037721 0.169344
vt 0.033986 0.167674
vt 0.896686 0.365199
vt 0.902780 0.359272
vt 0.903358 0.382804
vt 0.896152 0.384722
vt 0.890071 0.384022
vt 0.888841 0.362517
vt 0.279213 0.629194
vt 0.288769 0.604673
vt 0.275678 0.635728
vt 0.763675 0.869858
vt 0.763892 0.858603
vt 0.796858 0.870981
vt 0.794140 0.877353
vt 0.897045 0.323489
vt 0.905990 0.321271
vt 0.899617 0.341897
vt 0.142816 0.506236
vt 0.133044 0.498116
vt 0.140784 0.521107
vt 0.133664 0.514457
vt 0.121792 0.514830
vt 0.119745 0.490953
vt 0.162523 0.529318
vt 0.160682 0.522487
vt 0.151106 0.533639
vt 0.152680 0.522668
vt 0.153200 0.511538
vt 0.890332 0.309573
vt 0.903511 0.301651
vt 0.918318 0.303993
vt 0.919380 0.320844
vt 0.918340 0.290471
vt 0.907903 0.289637
vt 0.892603 0.340122
vt 0.898397 0.284046
vt 0.891328 0.282627
vt 0.886107 0.336878
vt 0.884147 0.305171
vt 0.822370 0.352268
vt 0.830558 0.340402
vt 0.833677 0.363729
vt 0.829579 0.375198
vt 0.847712 0.381027
vt 0.845787 0.366312
vt 0.120941 0.531204
vt 0.137883 0.536300
vt 0.221933 0.585752
vt 0.236646 0.586302
vt 0.227633 0.590733
vt 0.221052 0.590017
vt 0.228763 0.597877
vt 0.220398 0.593053
vt 0.237258 0.595043
vt 0.812639 0.377358
vt 0.814341 0.340527
vt 0.815747 0.385413
vt 0.825754 0.392440
vt 0.759474 0.898806
vt 0.783900 0.897073
vt 0.779124 0.902579
vt 0.757375 0.904505
vt 0.756944 0.910186
vt 0.772018 0.909995
vt 0.802950 0.375463
vt 0.794206 0.361113
vt 0.809880 0.364925
vt 0.805089 0.363159
vt 0.015869 0.255951
vt 0.005000 0.246630
vt 0.010643 0.245394
vt 0.019101 0.232216
vt 0.807790 0.331557
vt 0.237571 0.608241
vt 0.245491 0.601497
vt 0.252435 0.587900
vt 0.801881 0.327807
vt 0.803224 0.352016
vt 0.248752 0.612426
vt 0.243282 0.615421
vt 0.258719 0.622894
vt 0.246249 0.628338
vt 0.256007 0.606016
vt 0.862874 0.300611
vt 0.870266 0.333033
vt 0.856607 0.328002
vt 0.851126 0.302430
vt 0.838302 0.304460
vt 0.841867 0.335339
vt 0.141570 0.610885
vt 0.145975 0.587482
vt 0.156786 0.589401
vt 0.142829 0.618638
vt 0.137722 0.563051
vt 0.150867 0.566506
vt 0.121920 0.539023
vt 0.271675 0.535950
vt 0.281846 0.524953
vt 0.285144 0.532000
vt 0.281124 0.542275
vt 0.136595 0.546684
vt 0.125290 0.549541
vt 0.161139 0.567379
vt 0.165270 0.590351
vt 0.119855 0.554214
vt 0.114650 0.548742
vt 0.841953 0.276333
vt 0.849105 0.272870
vt 0.876716 0.334039
vt 0.868528 0.300621
vt 0.854061 0.267514
vt 0.251176 0.514614
vt 0.264636 0.512012
vt 0.256965 0.540384
vt 0.276176 0.509149
vt 0.262633 0.562164
vt 0.274607 0.555658
vt 0.282410 0.554590
vt 0.149305 0.546178
vt 0.128660 0.563655
vt 0.240771 0.574982
vt 0.242355 0.564059
vt 0.258616 0.575590
vt 0.240637 0.540489
vt 0.281088 0.566671
vt 0.275380 0.571518
vt 0.270200 0.579183
vt 0.136881 0.584222
vt 0.112713 0.561479
vt 0.120587 0.563996
vt 0.125749 0.582618
vt 0.114037 0.572688
vt 0.986461 0.328624
vt 0.980218 0.334832
vt 0.973497 0.306574
vt 0.984028 0.306402
vt 0.960543 0.308986
vt 0.965028 0.299232
vt 0.967058 0.317359
vt 0.968675 0.286414
vt 0.975399 0.288915
vt 0.984178 0.290575
vt 0.786333 0.237260
vt 0.787485 0.230320
vt 0.790429 0.227304
vt 0.791009 0.236899
vt 0.798548 0.236804
vt 0.797896 0.230129
vt 0.798867 0.225712
vt 0.794092 0.224858
vt 0.978420 0.275665
vt 0.972182 0.272760
vt 0.976690 0.261440
vt 0.980637 0.267052
vt 0.966240 0.268718
vt 0.971527 0.252977
vt 0.981240 0.263610
vt 0.978195 0.259476
vt 0.803241 0.224614
vt 0.803737 0.228436
vt 0.807292 0.227047
vt 0.809509 0.225858
vt 0.679423 0.901471
vt 0.667217 0.909750
vt 0.659773 0.902435
vt 0.661606 0.906368
vt 0.976656 0.233136
vt 0.984156 0.232012
vt 0.979902 0.254359
vt 0.643085 0.892034
vt 0.660624 0.893488
vt 0.643923 0.899237
vt 0.683071 0.893738
vt 0.805455 0.235218
vt 0.810817 0.232617
vt 0.815083 0.230840
vt 0.820040 0.227638
vt 0.815042 0.216390
vt 0.966802 0.233159
vt 0.960463 0.249220
vt 0.950009 0.244931
vt 0.960942 0.228934
vt 0.953053 0.224611
vt 0.937770 0.238143
vt 0.020642 0.352306
vt 0.019829 0.350950
vt 0.023436 0.346164
vt 0.023503 0.348056
vt 0.312446 0.115710
vt 0.313026 0.115008
vt 0.314683 0.116802
vt 0.312442 0.116197
vt 0.309740 0.116224
vt 0.309840 0.117484
vt 0.310142 0.114666
vt 0.308712 0.115115
vt 0.021162 0.364916
vt 0.019442 0.364760
vt 0.021031 0.355203
vt 0.024012 0.351715
vt 0.014606 0.362166
vt 0.625549 0.061538
vt 0.632450 0.059838
vt 0.635547 0.063006
vt 0.631036 0.066440
vt 0.623736 0.053934
vt 0.631818 0.056276
vt 0.258720 0.947340
vt 0.251541 0.952037
vt 0.248361 0.949662
vt 0.253779 0.946152
vt 0.614149 0.052371
vt 0.616394 0.042784
vt 0.621819 0.047000
vt 0.463839 0.067438
vt 0.468819 0.050921
vt 0.476410 0.060249
vt 0.469696 0.069951
vt 0.261853 0.953321
vt 0.266839 0.949907
vt 0.273430 0.955524
vt 0.613318 0.066864
vt 0.614031 0.058434
vt 0.620588 0.066653
vt 0.624808 0.070264
vt 0.450553 0.063472
vt 0.444829 0.062464
vt 0.442443 0.050556
vt 0.454070 0.047044
vt 0.238080 0.062565
vt 0.236346 0.053259
vt 0.261154 0.059718
vt 0.258051 0.068580
vt 0.610038 0.073966
vt 0.606315 0.073963
vt 0.281542 0.102204
vt 0.266282 0.099454
vt 0.267663 0.092795
vt 0.282809 0.100007
vt 0.390633 0.955779
vt 0.391950 0.960351
vt 0.377719 0.968622
vt 0.376829 0.959072
vt 0.364778 0.958979
vt 0.365441 0.969183
vt 0.239283 0.079187
vt 0.256737 0.082449
vt 0.254329 0.089951
vt 0.238157 0.087141
vt 0.236924 0.095023
vt 0.252213 0.096404
vt 0.352437 0.957588
vt 0.354194 0.965220
vt 0.356236 0.972400
vt 0.362420 0.976860
vt 0.940422 0.152334
vt 0.934771 0.150100
vt 0.932443 0.131278
vt 0.931645 0.125090
vt 0.132079 0.094494
vt 0.156053 0.101968
vt 0.152951 0.108082
vt 0.131349 0.099104
vt 0.609751 0.737157
vt 0.591835 0.737606
vt 0.589913 0.729518
vt 0.608945 0.730718
vt 0.570884 0.737285
vt 0.569922 0.731046
vt 0.613062 0.821346
vt 0.612617 0.827586
vt 0.589797 0.825044
vt 0.593117 0.817519
vt 0.068284 0.878030
vt 0.057757 0.899804
vt 0.051289 0.896676
vt 0.061440 0.877058
vt 0.011731 0.309845
vt 0.006206 0.308990
vt 0.010993 0.287399
vt 0.016683 0.293576
vt 0.432538 0.962078
vt 0.442853 0.961387
vt 0.445221 0.968233
vt 0.435498 0.965741
vt 0.055766 0.876332
vt 0.047858 0.893136
vt 0.056854 0.923302
vt 0.074074 0.902909
vt 0.081204 0.905256
vt 0.061446 0.925246
vt 0.431889 0.968772
vt 0.440759 0.975843
vt 0.088118 0.882253
vt 0.095763 0.883380
vt 0.450503 0.993584
vt 0.453941 0.992964
vt 0.421680 0.964724
vt 0.420779 0.962100
vt 0.431382 0.958378
vt 0.428246 0.953991
vt 0.414928 0.958823
vt 0.408103 0.961705
vt 0.411153 0.962334
vt 0.137714 0.900656
vt 0.139679 0.899398
vt 0.149498 0.907782
vt 0.148042 0.908678
vt 0.145178 0.897296
vt 0.154665 0.904978
vt 0.150340 0.904545
vt 0.142726 0.898237
vt 0.417472 0.956118
vt 0.425752 0.950444
vt 0.151340 0.896899
vt 0.156453 0.895074
vt 0.162639 0.905241
vt 0.159466 0.906520
vt 0.162360 0.911255
vt 0.160145 0.911366
vt 0.136830 0.890539
vt 0.139848 0.888842
vt 0.146627 0.889396
vt 0.131118 0.875110
vt 0.136441 0.874168
vt 0.447848 0.931542
vt 0.440162 0.947144
vt 0.433819 0.943065
vt 0.444960 0.927661
vt 0.050488 0.873423
vt 0.044169 0.890077
vt 0.040144 0.887537
vt 0.045227 0.871039
vt 0.441674 0.954291
vt 0.051730 0.846771
vt 0.057265 0.848659
vt 0.062919 0.850170
vt 0.060865 0.820903
vt 0.065479 0.821702
vt 0.070086 0.822294
vt 0.068392 0.851046
vt 0.074824 0.822755
vt 0.074146 0.851870
vt 0.079677 0.823176
vt 0.079658 0.852643
vt 0.075710 0.878550
vt 0.064154 0.899914
vt 0.084098 0.853635
vt 0.081602 0.879934
vt 0.068429 0.900918
vt 0.051462 0.918969
vt 0.053252 0.920598
vt 0.012434 0.328990
vt 0.024099 0.317730
vt 0.019310 0.336227
vt 0.045479 0.919016
vt 0.034990 0.938948
vt 0.033749 0.936517
vt 0.014421 0.345805
vt 0.020971 0.340160
vt 0.018125 0.347429
vt 0.037216 0.940979
vt 0.038650 0.944020
vt 0.026682 0.951771
vt 0.026199 0.948181
vt 0.006029 0.334172
vt 0.089515 0.854467
vt 0.083436 0.823477
vt 0.088080 0.823691
vt 0.092980 0.824008
vt 0.094982 0.854772
vt 0.097813 0.823890
vt 0.100168 0.854804
vt 0.104149 0.882647
vt 0.102888 0.823726
vt 0.105803 0.853499
vt 0.112692 0.876048
vt 0.123823 0.897782
vt 0.127136 0.892933
vt 0.111794 0.853199
vt 0.119110 0.875284
vt 0.131965 0.890779
vt 0.124861 0.875188
vt 0.117127 0.851491
vt 0.122370 0.850700
vt 0.112480 0.822339
vt 0.117287 0.822752
vt 0.122834 0.823034
vt 0.128459 0.849721
vt 0.465956 0.881824
vt 0.456731 0.907013
vt 0.453515 0.903605
vt 0.462373 0.879995
vt 0.527568 0.806368
vt 0.527216 0.809701
vt 0.506557 0.807425
vt 0.508468 0.802711
vt 0.060911 0.791826
vt 0.056234 0.819583
vt 0.056624 0.791480
vt 0.547666 0.731790
vt 0.547918 0.738445
vt 0.526384 0.737936
vt 0.526424 0.731559
vt 0.547785 0.745415
vt 0.526057 0.744784
vt 0.065234 0.792073
vt 0.547816 0.752266
vt 0.526036 0.751181
vt 0.069509 0.792262
vt 0.547645 0.759087
vt 0.527012 0.755073
vt 0.073836 0.792340
vt 0.546669 0.766545
vt 0.526873 0.758515
vt 0.078310 0.792240
vt 0.080672 0.761816
vt 0.081826 0.792228
vt 0.077203 0.762046
vt 0.085256 0.761629
vt 0.086337 0.792426
vt 0.089897 0.761624
vt 0.091061 0.792505
vt 0.094593 0.761764
vt 0.095657 0.792581
vt 0.099334 0.762024
vt 0.100627 0.792583
vt 0.103797 0.762321
vt 0.105460 0.792520
vt 0.108030 0.823314
vt 0.109547 0.792825
vt 0.549479 0.798193
vt 0.550058 0.801876
vt 0.529433 0.800541
vt 0.528991 0.796280
vt 0.550332 0.805454
vt 0.528828 0.803315
vt 0.508797 0.800691
vt 0.508858 0.797330
vt 0.550181 0.809573
vt 0.572000 0.810056
vt 0.572466 0.815595
vt 0.573246 0.821936
vt 0.549156 0.813564
vt 0.592911 0.811861
vt 0.571720 0.805460
vt 0.592332 0.807422
vt 0.613404 0.810812
vt 0.613786 0.815605
vt 0.636005 0.811980
vt 0.636271 0.816664
vt 0.636356 0.822481
vt 0.659561 0.816787
vt 0.659673 0.822574
vt 0.659690 0.828658
vt 0.636330 0.828438
vt 0.659773 0.834637
vt 0.636276 0.834007
vt 0.612966 0.832468
vt 0.660128 0.842307
vt 0.635719 0.841795
vt 0.613444 0.838043
vt 0.132550 0.087609
vt 0.157750 0.094412
vt 0.111943 0.068832
vt 0.133641 0.075331
vt 0.112237 0.078845
vt 0.157922 0.084431
vt 0.186791 0.097554
vt 0.186868 0.089432
vt 0.132096 0.061199
vt 0.158011 0.071641
vt 0.186762 0.079174
vt 0.214881 0.092860
vt 0.214959 0.083759
vt 0.158180 0.059609
vt 0.186819 0.067394
vt 0.214638 0.073514
vt 0.186372 0.057900
vt 0.213966 0.063894
vt 0.239285 0.070940
vt 0.258246 0.074298
vt 0.212686 0.055213
vt 0.185513 0.049936
vt 0.184475 0.042328
vt 0.211552 0.046936
vt 0.183352 0.035065
vt 0.210462 0.038589
vt 0.235614 0.043251
vt 0.256114 0.048035
vt 0.209508 0.031340
vt 0.235141 0.033810
vt 0.462178 0.048111
vt 0.462024 0.025809
vt 0.468323 0.026029
vt 0.457569 0.065235
vt 0.473171 0.027008
vt 0.208260 0.025957
vt 0.233673 0.026243
vt 0.325133 0.946551
vt 0.297766 0.948070
vt 0.299519 0.939841
vt 0.325725 0.940470
vt 0.275044 0.940344
vt 0.324719 0.951698
vt 0.297721 0.954858
vt 0.323938 0.956795
vt 0.297643 0.962326
vt 0.275403 0.960719
vt 0.262429 0.957616
vt 0.296100 0.971674
vt 0.278008 0.967236
vt 0.614552 0.077321
vt 0.184546 0.151142
vt 0.185559 0.144110
vt 0.205347 0.141230
vt 0.203210 0.148085
vt 0.187729 0.136057
vt 0.207478 0.133954
vt 0.281037 0.974130
vt 0.295356 0.981792
vt 0.188841 0.126745
vt 0.209141 0.127098
vt 0.339018 0.969182
vt 0.337008 0.961972
vt 0.187648 0.119833
vt 0.210967 0.120450
vt 0.335186 0.955023
vt 0.185185 0.112604
vt 0.212952 0.113998
vt 0.350962 0.950085
vt 0.333576 0.948370
vt 0.364116 0.951178
vt 0.332529 0.943171
vt 0.350288 0.944812
vt 0.363977 0.945483
vt 0.376404 0.951359
vt 0.376255 0.946020
vt 0.235696 0.102410
vt 0.251547 0.103143
vt 0.252145 0.109842
vt 0.235963 0.109371
vt 0.265831 0.104779
vt 0.266352 0.110473
vt 0.282352 0.109636
vt 0.281879 0.106177
vt 0.405524 0.949654
vt 0.390051 0.950306
vt 0.390205 0.946267
vt 0.405546 0.947214
vt 0.299494 0.111170
vt 0.298376 0.112460
vt 0.405615 0.952297
vt 0.011435 0.359423
vt 0.405998 0.955083
vt 0.018159 0.350118
vt 0.008635 0.356710
vt 0.300327 0.114780
vt 0.023660 0.384240
vt 0.019534 0.384077
vt 0.214811 0.108858
vt 0.214751 0.100912
vt 0.186819 0.105563
vt 0.159503 0.122282
vt 0.165899 0.131815
vt 0.164466 0.138228
vt 0.140842 0.144302
vt 0.144585 0.139486
vt 0.143759 0.136568
vt 0.942767 0.186777
vt 0.935166 0.180794
vt 0.946992 0.156706
vt 0.955368 0.162557
vt 0.931838 0.174343
vt 0.660370 0.711498
vt 0.659718 0.719361
vt 0.633108 0.721372
vt 0.634513 0.714296
vt 0.659252 0.726687
vt 0.632153 0.728403
vt 0.928452 0.167828
vt 0.658903 0.733027
vt 0.632605 0.734983
vt 0.658723 0.740374
vt 0.632948 0.741954
vt 0.610293 0.743618
vt 0.591324 0.744663
vt 0.632848 0.748943
vt 0.610693 0.750827
vt 0.590749 0.752111
vt 0.570397 0.744923
vt 0.569940 0.752306
vt 0.610694 0.758217
vt 0.590390 0.759308
vt 0.569378 0.759573
vt 0.590286 0.765965
vt 0.569216 0.766273
vt 0.590444 0.770946
vt 0.569242 0.771207
vt 0.546931 0.771275
vt 0.590855 0.777483
vt 0.569782 0.777543
vt 0.547409 0.777186
vt 0.591403 0.784081
vt 0.570243 0.783674
vt 0.548028 0.782768
vt 0.591808 0.790623
vt 0.570746 0.789646
vt 0.548561 0.788260
vt 0.592132 0.796886
vt 0.571087 0.795499
vt 0.549074 0.793366
vt 0.592436 0.802807
vt 0.571381 0.800817
vt 0.612970 0.797916
vt 0.613504 0.805035
vt 0.635370 0.796869
vt 0.635879 0.804828
vt 0.659677 0.795178
vt 0.659615 0.803993
vt 0.659487 0.812225
vt 0.684491 0.803670
vt 0.684371 0.812031
vt 0.684287 0.817140
vt 0.709204 0.811611
vt 0.709332 0.817015
vt 0.709175 0.822582
vt 0.684022 0.822843
vt 0.708892 0.828776
vt 0.683794 0.829009
vt 0.708858 0.835293
vt 0.683896 0.835225
vt 0.709117 0.843852
vt 0.684207 0.843324
vt 0.709687 0.856073
vt 0.685043 0.855966
vt 0.661689 0.854678
vt 0.637470 0.853957
vt 0.685624 0.868445
vt 0.663472 0.868027
vt 0.643928 0.867448
vt 0.112476 0.058980
vt 0.663095 0.877871
vt 0.642951 0.876244
vt 0.626507 0.883063
vt 0.623870 0.878092
vt 0.131744 0.050096
vt 0.111735 0.027289
vt 0.132253 0.041303
vt 0.109408 0.035349
vt 0.157798 0.050834
vt 0.132419 0.033821
vt 0.157413 0.043263
vt 0.130969 0.026227
vt 0.156884 0.035957
vt 0.130705 0.020208
vt 0.156260 0.029311
vt 0.130853 0.013840
vt 0.155653 0.022968
vt 0.182242 0.028644
vt 0.154836 0.018043
vt 0.181126 0.023360
vt 0.138672 0.169966
vt 0.159368 0.165007
vt 0.158392 0.170832
vt 0.138389 0.174948
vt 0.179434 0.164447
vt 0.176938 0.170995
vt 0.138906 0.165015
vt 0.160257 0.159356
vt 0.181756 0.158224
vt 0.139335 0.159789
vt 0.161120 0.153421
vt 0.140429 0.152621
vt 0.161885 0.146187
vt 0.959027 0.199434
vt 0.950668 0.195256
vt 0.964068 0.168559
vt 0.971669 0.172499
vt 0.945520 0.217927
vt 0.934067 0.210316
vt 0.927570 0.205180
vt 0.694205 0.692317
vt 0.692160 0.702896
vt 0.663329 0.702428
vt 0.666365 0.692357
vt 0.690098 0.712618
vt 0.923137 0.200322
vt 0.720965 0.709309
vt 0.720297 0.717180
vt 0.718571 0.723114
vt 0.688886 0.720002
vt 0.716572 0.729092
vt 0.687803 0.726951
vt 0.715410 0.734714
vt 0.687134 0.733258
vt 0.714671 0.740531
vt 0.686551 0.740105
vt 0.713717 0.747484
vt 0.685929 0.747822
vt 0.658465 0.747378
vt 0.685358 0.753871
vt 0.658376 0.754622
vt 0.632794 0.756462
vt 0.658503 0.761613
vt 0.633196 0.763668
vt 0.610923 0.765352
vt 0.633553 0.769026
vt 0.611377 0.770409
vt 0.633791 0.775640
vt 0.611913 0.777253
vt 0.634335 0.782663
vt 0.612344 0.784220
vt 0.634978 0.789773
vt 0.612725 0.791209
vt 0.659018 0.780755
vt 0.659483 0.787418
vt 0.685166 0.779624
vt 0.685200 0.786528
vt 0.684873 0.794432
vt 0.710808 0.787567
vt 0.709888 0.795533
vt 0.709316 0.804074
vt 0.735922 0.795993
vt 0.735690 0.803713
vt 0.735968 0.810660
vt 0.763890 0.800100
vt 0.763257 0.807226
vt 0.762845 0.813734
vt 0.735810 0.816894
vt 0.762771 0.818907
vt 0.735635 0.822015
vt 0.762734 0.825598
vt 0.735450 0.828068
vt 0.762685 0.833209
vt 0.735117 0.834988
vt 0.763047 0.843136
vt 0.735296 0.844077
vt 0.735727 0.856226
vt 0.735922 0.868256
vt 0.710144 0.868359
vt 0.735733 0.877905
vt 0.710213 0.877923
vt 0.685392 0.878026
vt 0.709982 0.885993
vt 0.684614 0.886307
vt 0.661943 0.886204
vt 0.642018 0.884806
vt 0.709396 0.893080
vt 0.735567 0.885557
vt 0.735411 0.892539
vt 0.735047 0.899238
vt 0.708195 0.900056
vt 0.734448 0.905460
vt 0.704950 0.906391
vt 0.734901 0.911370
vt 0.708340 0.912421
vt 0.678603 0.916388
vt 0.753864 0.706198
vt 0.725986 0.695222
vt 0.727672 0.689468
vt 0.756527 0.700713
vt 0.696911 0.685788
vt 0.697873 0.679172
vt 0.933896 0.232027
vt 0.723503 0.701401
vt 0.924249 0.228844
vt 0.750981 0.711708
vt 0.748130 0.718365
vt 0.771116 0.728960
vt 0.770314 0.735635
vt 0.770414 0.742501
vt 0.746783 0.724973
vt 0.744595 0.730665
vt 0.743148 0.735443
vt 0.741969 0.740993
vt 0.740647 0.745610
vt 0.739492 0.751658
vt 0.738397 0.757467
vt 0.712684 0.755287
vt 0.738169 0.763402
vt 0.712476 0.761681
vt 0.685209 0.761070
vt 0.712010 0.767889
vt 0.685192 0.767067
vt 0.658586 0.767748
vt 0.685342 0.772940
vt 0.658885 0.774126
vt 0.711962 0.773082
vt 0.711674 0.779983
vt 0.737516 0.775462
vt 0.737302 0.781385
vt 0.736361 0.788873
vt 0.763742 0.792712
vt 0.789165 0.786408
vt 0.788578 0.794054
vt 0.811595 0.785985
vt 0.811927 0.791466
vt 0.811670 0.796929
vt 0.788435 0.801287
vt 0.811934 0.802678
vt 0.788386 0.808615
vt 0.812242 0.809613
vt 0.788577 0.815700
vt 0.813486 0.814748
vt 0.788935 0.821278
vt 0.814506 0.820574
vt 0.789964 0.829125
vt 0.815430 0.829214
vt 0.792551 0.841468
vt 0.817998 0.842911
vt 0.836935 0.813331
vt 0.830324 0.792604
vt 0.828880 0.787890
vt 0.827720 0.783809
vt 0.810711 0.781925
vt 0.827410 0.780272
vt 0.837270 0.778819
vt 0.827628 0.775697
vt 0.844328 0.779321
vt 0.811118 0.770948
vt 0.827489 0.771443
vt 0.809732 0.776126
vt 0.812211 0.764983
vt 0.796867 0.754429
vt 0.813791 0.760182
vt 0.794547 0.760242
vt 0.799082 0.749975
vt 0.815893 0.756049
vt 0.799428 0.745396
vt 0.817588 0.752790
vt 0.833272 0.756426
vt 0.798608 0.402330
vt 0.793435 0.421943
vt 0.789026 0.422177
vt 0.792855 0.403747
vt 0.794554 0.431640
vt 0.789244 0.431318
vt 0.785466 0.432540
vt 0.785782 0.422754
vt 0.799794 0.424145
vt 0.799603 0.434800
vt 0.807469 0.428092
vt 0.808177 0.436466
vt 0.808313 0.442850
vt 0.821254 0.432774
vt 0.820552 0.441134
vt 0.820231 0.446869
vt 0.835848 0.450979
vt 0.832794 0.455319
vt 0.411366 0.908395
vt 0.417811 0.907071
vt 0.418436 0.921052
vt 0.397391 0.910356
vt 0.374744 0.911538
vt 0.375039 0.901121
vt 0.355820 0.911759
vt 0.353330 0.901903
vt 0.352293 0.892845
vt 0.376380 0.892101
vt 0.350709 0.884236
vt 0.337746 0.893881
vt 0.335488 0.884492
vt 0.335385 0.875736
vt 0.349660 0.876110
vt 0.309727 0.022603
vt 0.323069 0.021544
vt 0.283893 0.022317
vt 0.314516 0.887919
vt 0.314918 0.876481
vt 0.344317 0.026342
vt 0.368665 0.027388
vt 0.367610 0.033865
vt 0.348355 0.020514
vt 0.366874 0.041772
vt 0.391020 0.037681
vt 0.391903 0.043412
vt 0.392217 0.049572
vt 0.366542 0.048594
vt 0.392526 0.055413
vt 0.366347 0.055187
vt 0.341977 0.055022
vt 0.320486 0.057257
vt 0.366392 0.061915
vt 0.342479 0.063382
vt 0.322299 0.066045
vt 0.303012 0.060954
vt 0.305011 0.068846
vt 0.342951 0.071385
vt 0.323345 0.074346
vt 0.308706 0.077198
vt 0.292292 0.079964
vt 0.344306 0.932824
vt 0.358903 0.932649
vt 0.361523 0.940793
vt 0.348859 0.939481
vt 0.343686 0.923486
vt 0.356283 0.922740
vt 0.342563 0.913443
vt 0.326064 0.925708
vt 0.324364 0.916685
vt 0.322093 0.907232
vt 0.341086 0.902973
vt 0.317257 0.898119
vt 0.297221 0.914462
vt 0.294958 0.906598
vt 0.292604 0.898730
vt 0.273119 0.913194
vt 0.271463 0.906982
vt 0.398248 0.027612
vt 0.397877 0.032693
vt 0.391404 0.031028
vt 0.394564 0.025622
vt 0.398226 0.038284
vt 0.407644 0.031976
vt 0.407669 0.038020
vt 0.408746 0.043269
vt 0.399047 0.043996
vt 0.399325 0.049559
vt 0.399463 0.055232
vt 0.392687 0.061288
vt 0.392256 0.067039
vt 0.367291 0.068588
vt 0.391929 0.072697
vt 0.367533 0.074426
vt 0.343351 0.080304
vt 0.325850 0.082275
vt 0.301029 0.929292
vt 0.325854 0.934789
vt 0.300506 0.936248
vt 0.275764 0.937649
vt 0.299695 0.922058
vt 0.270602 0.938253
vt 0.407447 0.026263
vt 0.256201 0.915464
vt 0.266987 0.914289
vt 0.244575 0.916551
vt 0.303212 0.052678
vt 0.854990 0.450813
vt 0.840124 0.441338
vt 0.869047 0.431857
vt 0.861938 0.429005
vt 0.845422 0.422888
vt 0.864346 0.403720
vt 0.848517 0.399640
vt 0.822393 0.414971
vt 0.808118 0.410727
vt 0.801882 0.406715
vt 0.874083 0.382916
vt 0.872845 0.405536
vt 0.864878 0.381996
vt 0.880465 0.383220
vt 0.879632 0.407302
vt 0.873615 0.433538
vt 0.883699 0.408101
vt 0.880378 0.435462
vt 0.887796 0.408468
vt 0.886268 0.436275
vt 0.884691 0.463346
vt 0.893091 0.436944
vt 0.890239 0.463824
vt 0.888871 0.485355
vt 0.883428 0.483879
vt 0.888675 0.497896
vt 0.897888 0.486611
vt 0.899452 0.498638
vt 0.917504 0.485995
vt 0.917194 0.496366
vt 0.916465 0.502426
vt 0.041182 0.189518
vt 0.048402 0.180373
vt 0.050720 0.188808
vt 0.047085 0.175429
vt 0.033536 0.197461
vt 0.033457 0.187968
vt 0.042189 0.199052
vt 0.053512 0.198880
vt 0.026627 0.195225
vt 0.027059 0.185519
vt 0.020738 0.193616
vt 0.021419 0.183383
vt 0.022767 0.175306
vt 0.016608 0.181774
vt 0.017784 0.173998
vt 0.018549 0.169343
vt 0.023554 0.170972
vt 0.316630 0.642511
vt 0.320262 0.640904
vt 0.321608 0.646417
vt 0.317712 0.647773
vt 0.322768 0.632580
vt 0.318481 0.633827
vt 0.314781 0.635078
vt 0.316499 0.625071
vt 0.312992 0.625561
vt 0.313269 0.643932
vt 0.311429 0.636116
vt 0.309524 0.626135
vt 0.310995 0.614372
vt 0.308147 0.614075
vt 0.308384 0.637001
vt 0.306683 0.626532
vt 0.305801 0.613658
vt 0.306951 0.598706
vt 0.304270 0.598235
vt 0.303875 0.627413
vt 0.303341 0.612681
vt 0.301624 0.597794
vt 0.303147 0.572521
vt 0.299850 0.572115
vt 0.296344 0.571993
vt 0.300062 0.539542
vt 0.296407 0.539104
vt 0.293624 0.572178
vt 0.292778 0.539149
vt 0.296518 0.506681
vt 0.292291 0.506604
vt 0.290106 0.573072
vt 0.288821 0.539316
vt 0.287671 0.506668
vt 0.290715 0.474608
vt 0.287014 0.477240
vt 0.500470 0.394739
vt 0.505938 0.429359
vt 0.501509 0.429119
vt 0.496611 0.394276
vt 0.512170 0.463203
vt 0.507396 0.464181
vt 0.508655 0.496696
vt 0.516236 0.496863
vt 0.511078 0.430044
vt 0.518958 0.464058
vt 0.524787 0.496637
vt 0.519307 0.526468
vt 0.529124 0.525650
vt 0.528422 0.463943
vt 0.535503 0.495433
vt 0.539018 0.524215
vt 0.527878 0.554911
vt 0.536986 0.554441
vt 0.552271 0.492445
vt 0.554946 0.520447
vt 0.549843 0.551209
vt 0.543822 0.461554
vt 0.556262 0.457909
vt 0.531122 0.429318
vt 0.546091 0.426194
vt 0.556721 0.423678
vt 0.565342 0.454882
vt 0.508264 0.327948
vt 0.499411 0.296504
vt 0.523303 0.293941
vt 0.530550 0.324964
vt 0.839984 0.598592
vt 0.822293 0.566601
vt 0.851309 0.552568
vt 0.863940 0.584605
vt 0.488916 0.295197
vt 0.481126 0.266465
vt 0.489706 0.265785
vt 0.824767 0.628912
vt 0.805796 0.608893
vt 0.850995 0.617449
vt 0.789419 0.582536
vt 0.764431 0.594689
vt 0.368026 0.481217
vt 0.379619 0.449868
vt 0.388794 0.452611
vt 0.380406 0.485321
vt 0.347823 0.475608
vt 0.363475 0.445290
vt 0.373787 0.417324
vt 0.378203 0.388842
vt 0.346439 0.441593
vt 0.355795 0.412337
vt 0.360931 0.381749
vt 0.344065 0.410332
vt 0.349347 0.380390
vt 0.333000 0.410109
vt 0.338669 0.380284
vt 0.337638 0.348532
vt 0.331142 0.319798
vt 0.324842 0.380367
vt 0.323443 0.350098
vt 0.317180 0.322408
vt 0.311044 0.298844
vt 0.309568 0.352552
vt 0.304815 0.326121
vt 0.300408 0.301191
vt 0.303334 0.277259
vt 0.293826 0.278082
vt 0.295458 0.328955
vt 0.291997 0.303569
vt 0.285365 0.277847
vt 0.280779 0.257390
vt 0.285032 0.303330
vt 0.278461 0.278075
vt 0.273845 0.258465
vt 0.466759 0.666853
vt 0.461125 0.688508
vt 0.455602 0.690938
vt 0.461156 0.667131
vt 0.453563 0.704320
vt 0.445881 0.707737
vt 0.472767 0.667533
vt 0.478873 0.639951
vt 0.484922 0.639941
vt 0.491745 0.640370
vt 0.479806 0.667880
vt 0.492984 0.612350
vt 0.502672 0.612003
vt 0.511945 0.612130
vt 0.510375 0.585445
vt 0.521566 0.584161
vt 0.517011 0.555882
vt 0.498918 0.586008
vt 0.505733 0.556214
vt 0.509511 0.526788
vt 0.496474 0.555492
vt 0.501031 0.526171
vt 0.501581 0.496006
vt 0.293922 0.414361
vt 0.294820 0.443254
vt 0.288243 0.443530
vt 0.285844 0.414834
vt 0.295982 0.474443
vt 0.503271 0.466128
vt 0.301227 0.443281
vt 0.301241 0.474180
vt 0.300752 0.506684
vt 0.306077 0.474043
vt 0.304750 0.506583
vt 0.303445 0.539916
vt 0.308986 0.506705
vt 0.307184 0.540264
vt 0.306321 0.572896
vt 0.310972 0.540638
vt 0.309515 0.573433
vt 0.309230 0.599323
vt 0.312653 0.573727
vt 0.312150 0.600253
vt 0.314329 0.614174
vt 0.316487 0.600756
vt 0.318749 0.613966
vt 0.321001 0.624407
vt 0.325058 0.613798
vt 0.326710 0.623547
vt 0.327800 0.631273
vt 0.333506 0.623375
vt 0.333753 0.630735
vt 0.333909 0.637941
vt 0.345096 0.625870
vt 0.343492 0.632734
vt 0.341910 0.639348
vt 0.045146 0.170335
vt 0.344135 0.545848
vt 0.355733 0.513071
vt 0.371968 0.518398
vt 0.363750 0.550889
vt 0.325515 0.542065
vt 0.333573 0.508282
vt 0.318995 0.541652
vt 0.324400 0.507277
vt 0.333005 0.473846
vt 0.318476 0.507497
vt 0.323963 0.473560
vt 0.333666 0.440304
vt 0.317478 0.473907
vt 0.323443 0.440872
vt 0.311797 0.473772
vt 0.315634 0.441745
vt 0.321201 0.410686
vt 0.307875 0.442376
vt 0.310792 0.411985
vt 0.311739 0.382033
vt 0.301816 0.413374
vt 0.301991 0.383998
vt 0.299567 0.355979
vt 0.293393 0.385792
vt 0.290963 0.358147
vt 0.287270 0.331759
vt 0.487743 0.590282
vt 0.484486 0.613165
vt 0.477269 0.614823
vt 0.481865 0.592976
vt 0.469874 0.637421
vt 0.284400 0.386791
vt 0.284003 0.360599
vt 0.313709 0.506850
vt 0.314773 0.540960
vt 0.316068 0.574468
vt 0.322230 0.576056
vt 0.323138 0.600650
vt 0.335952 0.578451
vt 0.333516 0.601080
vt 0.333418 0.613947
vt 0.350438 0.604185
vt 0.347450 0.616355
vt 0.355756 0.582654
vt 0.276860 0.298951
vt 0.271564 0.283761
vt 0.752496 0.600132
vt 0.746298 0.603245
vt 0.752425 0.626120
vt 0.740346 0.606123
vt 0.746544 0.628677
vt 0.735761 0.609294
vt 0.741397 0.631942
vt 0.730274 0.612316
vt 0.758317 0.644914
vt 0.753711 0.648819
vt 0.748438 0.652504
vt 0.736284 0.636356
vt 0.724438 0.616930
vt 0.763752 0.662491
vt 0.757656 0.665609
vt 0.752179 0.668381
vt 0.764401 0.675115
vt 0.760263 0.678822
vt 0.756634 0.687886
vt 0.747651 0.676068
vt 0.743213 0.680878
vt 0.737508 0.668734
vt 0.765922 0.685132
vt 0.768351 0.693219
vt 0.771069 0.688966
vt 0.776242 0.692237
vt 0.773133 0.686235
vt 0.777926 0.687870
vt 0.784727 0.691048
vt 0.777023 0.680809
vt 0.783820 0.679715
vt 0.771122 0.672555
vt 0.777375 0.671003
vt 0.782666 0.667712
vt 0.787442 0.665723
vt 0.769483 0.658726
vt 0.772898 0.654502
vt 0.763168 0.641062
vt 0.770303 0.681832
vt 0.860655 0.633530
vt 0.839015 0.645201
vt 0.868718 0.645307
vt 0.853704 0.664335
vt 0.846330 0.674139
vt 0.868401 0.678288
vt 0.865644 0.687748
vt 0.863632 0.696396
vt 0.843965 0.682528
vt 0.826296 0.674795
vt 0.456619 0.231324
vt 0.468220 0.262938
vt 0.472596 0.293043
vt 0.478816 0.295882
vt 0.482874 0.297275
vt 0.472776 0.261295
vt 0.485101 0.324570
vt 0.492247 0.328408
vt 0.498744 0.329014
vt 0.501971 0.361344
vt 0.508405 0.361354
vt 0.518789 0.360641
vt 0.518152 0.395237
vt 0.531808 0.394009
vt 0.539099 0.357575
vt 0.548002 0.391422
vt 0.518378 0.430230
vt 0.509695 0.395406
vt 0.504618 0.395329
vt 0.497196 0.360630
vt 0.493332 0.360205
vt 0.480851 0.325716
vt 0.489821 0.359196
vt 0.286068 0.575203
vt 0.305488 0.637785
vt 0.302670 0.638471
vt 0.300611 0.638984
vt 0.813995 0.903937
vt 0.814691 0.903194
vt 0.819197 0.906916
vt 0.808177 0.896781
vt 0.809069 0.895045
vt 0.799837 0.883703
vt 0.800285 0.889239
vt 0.813612 0.905328
vt 0.807904 0.899692
vt 0.799719 0.891614
vt 0.789741 0.882400
vt 0.787127 0.886939
vt 0.807370 0.901219
vt 0.799488 0.894366
vt 0.785596 0.891791
vt 0.761582 0.885265
vt 0.760403 0.892171
vt 0.799554 0.897280
vt 0.807757 0.903538
vt 0.015339 0.193053
vt 0.014413 0.211602
vt 0.010120 0.206923
vt 0.011177 0.192667
vt 0.800939 0.901821
vt 0.021069 0.207868
vt 0.026597 0.208367
vt 0.025146 0.228843
vt 0.022104 0.259211
vt 0.033632 0.210128
vt 0.032307 0.229272
vt 0.029890 0.261146
vt 0.024394 0.287211
vt 0.030713 0.289207
vt 0.042178 0.231010
vt 0.042114 0.263571
vt 0.044854 0.295078
vt 0.060201 0.229249
vt 0.064101 0.263414
vt 0.065744 0.293563
vt 0.043139 0.211157
vt 0.056181 0.209905
vt 0.794685 0.302133
vt 0.797368 0.324510
vt 0.789484 0.301887
vt 0.799420 0.347583
vt 0.981706 0.359973
vt 0.985181 0.356281
vt 0.986969 0.385863
vt 0.991394 0.384478
vt 0.973988 0.340171
vt 0.031218 0.315350
vt 0.024356 0.313696
vt 0.262223 0.591386
vt 0.269744 0.595517
vt 0.263474 0.607932
vt 0.276799 0.581843
vt 0.792965 0.280944
vt 0.800082 0.304114
vt 0.787970 0.279793
vt 0.989010 0.355644
vt 0.800831 0.281056
vt 0.807370 0.305928
vt 0.810565 0.280782
vt 0.816304 0.308492
vt 0.821758 0.280190
vt 0.826737 0.305419
vt 0.832046 0.279022
vt 0.832149 0.257860
vt 0.824510 0.260504
vt 0.815072 0.261992
vt 0.817219 0.245332
vt 0.809749 0.246771
vt 0.805559 0.262229
vt 0.801033 0.247197
vt 0.795731 0.261956
vt 0.792388 0.247100
vt 0.787422 0.261146
vt 0.786231 0.246633
vt 0.992317 0.292190
vt 0.993366 0.308712
vt 0.985581 0.279560
vt 0.992357 0.282452
vt 0.990364 0.275045
vt 0.986483 0.271554
vt 0.991401 0.330081
vt 0.823449 0.242608
vt 0.827914 0.240112
vt 0.837547 0.255217
vt 0.960978 0.264274
vt 0.957162 0.280755
vt 0.955049 0.278275
vt 0.958331 0.262584
vt 0.953993 0.295270
vt 0.950659 0.297061
vt 0.962861 0.283780
vt 0.959011 0.296016
vt 0.955857 0.304680
vt 0.953257 0.301874
vt 0.284830 0.571127
vt 0.281196 0.575394
vt 0.286973 0.564451
vt 0.287597 0.568850
vt 0.963648 0.250037
vt 0.970248 0.232459
vt 0.986785 0.204954
vt 0.980791 0.205322
vt 0.977001 0.205839
vt 0.130139 0.009765
vt 0.970990 0.205348
vt 0.983036 0.175466
vt 0.987638 0.175644
vt 0.964722 0.203218
vt 0.977485 0.174415
vt 0.012318 0.180721
vt 0.813307 0.906576
vt 0.815199 0.911103
vt 0.818173 0.911246
vt 0.818835 0.914268
vt 0.013264 0.172324
vt 0.820963 0.913975
vt 0.821055 0.917823
vt 0.014351 0.167506
vt 0.310248 0.645241
vt 0.314431 0.649433
vt 0.311067 0.650173
vt 0.762789 0.878714
vt 0.901953 0.407918
vt 0.918841 0.379543
vt 0.919360 0.407095
vt 0.919178 0.438056
vt 0.899478 0.437690
vt 0.895018 0.408707
vt 0.918570 0.466062
vt 0.897309 0.464891
vt 0.885209 0.382818
vt 0.884492 0.361952
vt 0.879533 0.361837
vt 0.881982 0.335028
vt 0.873532 0.362161
vt 0.862435 0.363619
vt 0.876647 0.302141
vt 0.136867 0.606972
vt 0.863810 0.269090
vt 0.788189 0.734595
vt 0.785811 0.738347
vt 0.784522 0.743665
vt 0.773307 0.724750
vt 0.783303 0.751250
vt 0.776275 0.721342
vt 0.737503 0.770155
vt 0.992518 0.203976
vt 0.109692 0.021803
vt 0.108943 0.015294
vt 0.447444 0.082281
vt 0.452849 0.083120
vt 0.457579 0.085005
vt 0.449447 0.097208
vt 0.452065 0.098445
vt 0.462519 0.087763
vt 0.454401 0.099833
vt 0.449921 0.104089
vt 0.451213 0.104975
vt 0.446519 0.096975
vt 0.443414 0.096910
vt 0.441987 0.081936
vt 0.010529 0.397611
vt 0.008408 0.397532
vt 0.007755 0.391421
vt 0.010784 0.391406
vt 0.448124 0.103276
vt 0.446635 0.103193
vt 0.297075 0.104078
vt 0.296558 0.106558
vt 0.256269 0.954633
vt 0.255189 0.956441
vt 0.985580 0.267731
vt 0.119509 0.587763
vt 0.108823 0.578095
vt 0.950486 0.304539
vt 0.238356 0.514770
vt 0.225620 0.565418
vt 0.226771 0.540985
vt 0.225879 0.515091
vt 0.236245 0.489562
vt 0.224986 0.489332
vt 0.214525 0.541607
vt 0.214395 0.515111
vt 0.214080 0.489085
vt 0.225622 0.472725
vt 0.213864 0.475040
vt 0.204019 0.514128
vt 0.202809 0.490919
vt 0.195123 0.514248
vt 0.192546 0.494488
vt 0.204931 0.542655
vt 0.195763 0.542734
vt 0.205779 0.564776
vt 0.197728 0.565220
vt 0.191042 0.565758
vt 0.199891 0.578617
vt 0.193311 0.580762
vt 0.185491 0.583061
vt 0.183889 0.566629
vt 0.173620 0.586680
vt 0.172028 0.566684
vt 0.161377 0.545548
vt 0.172765 0.614674
vt 0.201146 0.586947
vt 0.206762 0.577658
vt 0.207335 0.585732
vt 0.207698 0.589831
vt 0.201929 0.591105
vt 0.208000 0.592867
vt 0.202713 0.593989
vt 0.198831 0.595594
vt 0.214138 0.592370
vt 0.214142 0.589475
vt 0.213829 0.585450
vt 0.223590 0.576946
vt 0.213492 0.577791
vt 0.213719 0.565416
vt 0.237504 0.454932
vt 0.236922 0.470968
vt 0.226861 0.454988
vt 0.247531 0.455276
vt 0.247761 0.468907
vt 0.247300 0.489263
vt 0.258491 0.468093
vt 0.259640 0.487407
vt 0.270099 0.468283
vt 0.271275 0.486116
vt 0.126486 0.457996
vt 0.128291 0.474384
vt 0.116439 0.470870
vt 0.115197 0.457346
vt 0.257841 0.455808
vt 0.269578 0.456555
vt 0.266538 0.437906
vt 0.256527 0.434163
vt 0.120998 0.410858
vt 0.123900 0.437533
vt 0.113065 0.436012
vt 0.110127 0.409172
vt 0.255946 0.413287
vt 0.263380 0.411997
vt 0.134042 0.412454
vt 0.135223 0.436914
vt 0.135202 0.452593
vt 0.143650 0.435814
vt 0.142383 0.451089
vt 0.140150 0.467549
vt 0.134986 0.471703
vt 0.149112 0.451201
vt 0.146273 0.467331
vt 0.154570 0.451050
vt 0.152021 0.467690
vt 0.159816 0.452206
vt 0.157291 0.468230
vt 0.166591 0.454166
vt 0.173005 0.439537
vt 0.164713 0.437804
vt 0.157295 0.436240
vt 0.159346 0.419906
vt 0.161137 0.399988
vt 0.151513 0.436074
vt 0.151746 0.416988
vt 0.153198 0.395606
vt 0.143871 0.414554
vt 0.144618 0.393595
vt 0.158383 0.373114
vt 0.149368 0.371094
vt 0.134536 0.392014
vt 0.140552 0.369375
vt 0.156451 0.344536
vt 0.150774 0.343359
vt 0.122023 0.389296
vt 0.130731 0.367144
vt 0.144446 0.340985
vt 0.495930 0.066780
vt 0.477585 0.080953
vt 0.473988 0.079623
vt 0.492999 0.062123
vt 0.121548 0.364478
vt 0.137575 0.338200
vt 0.488876 0.058537
vt 0.470091 0.077032
vt 0.238949 0.334465
vt 0.226590 0.309291
vt 0.234201 0.307100
vt 0.247546 0.332206
vt 0.716792 0.972748
vt 0.720231 0.981154
vt 0.703889 0.978681
vt 0.703439 0.970930
vt 0.703330 0.962815
vt 0.715970 0.963248
vt 0.733680 0.960103
vt 0.751906 0.956210
vt 0.749773 0.949143
vt 0.759270 0.955241
vt 0.756511 0.946513
vt 0.748525 0.939760
vt 0.754819 0.937907
vt 0.747570 0.931215
vt 0.755056 0.930501
vt 0.747094 0.922826
vt 0.756951 0.923686
vt 0.763078 0.924879
vt 0.771175 0.930932
vt 0.761290 0.917368
vt 0.770274 0.923519
vt 0.777587 0.930524
vt 0.778986 0.941760
vt 0.778209 0.923480
vt 0.783510 0.929168
vt 0.782810 0.939716
vt 0.076254 0.946747
vt 0.072528 0.942358
vt 0.082634 0.933921
vt 0.086279 0.938446
vt 0.069073 0.937701
vt 0.079219 0.928887
vt 0.076756 0.922745
vt 0.065521 0.932644
vt 0.057218 0.956090
vt 0.052898 0.951145
vt 0.048608 0.946722
vt 0.063294 0.929500
vt 0.045279 0.943270
vt 0.036565 0.960014
vt 0.032945 0.958166
vt 0.554046 0.013068
vt 0.553374 0.007638
vt 0.573329 0.010486
vt 0.571926 0.015402
vt 0.032032 0.970398
vt 0.028569 0.969839
vt 0.583226 0.019892
vt 0.585939 0.016120
vt 0.570599 0.021078
vt 0.580835 0.024617
vt 0.593449 0.021868
vt 0.591301 0.025322
vt 0.598536 0.031259
vt 0.596042 0.034452
vt 0.597083 0.044498
vt 0.593189 0.044846
vt 0.590388 0.055734
vt 0.585738 0.053441
vt 0.580393 0.050373
vt 0.575284 0.046057
vt 0.560814 0.043610
vt 0.540797 0.051087
vt 0.538135 0.043083
vt 0.558041 0.035059
vt 0.555865 0.026855
vt 0.554577 0.019833
vt 0.521042 0.051639
vt 0.509390 0.057565
vt 0.500019 0.070557
vt 0.480363 0.086723
vt 0.479493 0.083022
vt 0.166852 0.323297
vt 0.166256 0.346168
vt 0.161459 0.346096
vt 0.163674 0.323025
vt 0.163343 0.365815
vt 0.170334 0.323244
vt 0.170875 0.346718
vt 0.167160 0.372412
vt 0.175227 0.322542
vt 0.176193 0.345930
vt 0.174245 0.374212
vt 0.183460 0.345982
vt 0.182351 0.374744
vt 0.163185 0.388247
vt 0.190550 0.344869
vt 0.194790 0.316974
vt 0.199075 0.342867
vt 0.187896 0.318855
vt 0.181468 0.320959
vt 0.512801 0.103893
vt 0.511370 0.096930
vt 0.510334 0.090112
vt 0.201378 0.315733
vt 0.207542 0.341473
vt 0.208191 0.314821
vt 0.215704 0.340700
vt 0.225048 0.370842
vt 0.223357 0.338917
vt 0.233828 0.370345
vt 0.233798 0.395825
vt 0.224720 0.397295
vt 0.229669 0.427598
vt 0.231187 0.336567
vt 0.219948 0.311499
vt 0.214209 0.313355
vt 0.700195 0.928627
vt 0.712540 0.925150
vt 0.710339 0.915126
vt 0.697439 0.919737
vt 0.729863 0.924414
vt 0.730479 0.914780
vt 0.748117 0.916083
vt 0.577768 0.067600
vt 0.564978 0.081614
vt 0.581709 0.071660
vt 0.594052 0.057313
vt 0.065667 0.965737
vt 0.068980 0.970333
vt 0.054325 0.981457
vt 0.051985 0.976436
vt 0.600034 0.045157
vt 0.080092 0.951022
vt 0.061435 0.961049
vt 0.083280 0.954687
vt 0.090019 0.942497
vt 0.093565 0.944679
vt 0.774331 0.917783
vt 0.558253 0.092276
vt 0.556738 0.102911
vt 0.602481 0.032072
vt 0.032196 0.985285
vt 0.028262 0.978519
vt 0.531284 0.008774
vt 0.515497 0.005000
vt 0.075916 0.919097
vt 0.765795 0.952196
vt 0.257318 0.364802
vt 0.110740 0.387648
vt 0.260114 0.391040
vt 0.463548 0.282615
vt 0.877652 0.699549
vt 0.382314 0.340653
vt 0.276318 0.083987
vt 0.264804 0.088913
vt 0.263952 0.084262
vt 0.261504 0.941036
vt 0.425960 0.081094
vt 0.422528 0.077365
vt 0.903324 0.529574
vt 0.911726 0.528221
vt 0.907718 0.534196
vt 0.914523 0.533392
vt 0.909819 0.537358
vt 0.905664 0.544736
vt 0.913738 0.544908
vt 0.909409 0.551744
vt 0.904322 0.557353
vt 0.900130 0.554368
vt 0.897351 0.571035
vt 0.896897 0.565020
vt 0.913639 0.560278
vt 0.908629 0.564924
vt 0.901245 0.571544
vt 0.917266 0.570480
vt 0.911511 0.573686
vt 0.917608 0.582668
vt 0.913315 0.582282
vt 0.918332 0.598098
vt 0.920992 0.586966
vt 0.919240 0.610182
vt 0.924433 0.588962
vt 0.927504 0.588934
vt 0.928295 0.581590
vt 0.930347 0.588957
vt 0.930943 0.601225
vt 0.932282 0.609324
vt 0.933142 0.615405
vt 0.917185 0.525634
vt 0.919224 0.532729
vt 0.917358 0.541122
vt 0.921431 0.541480
vt 0.884001 0.540421
vt 0.703964 0.631416
vt 0.690450 0.639871
vt 0.900336 0.586769
vt 0.682274 0.672412
vt 0.679650 0.669163
vt 0.693863 0.665473
vt 0.677141 0.663065
vt 0.928838 0.630779
vt 0.935811 0.628754
vt 0.930502 0.642037
vt 0.936837 0.654477
vt 0.470709 0.715148
vt 0.476455 0.717899
vt 0.457550 0.725011
vt 0.463201 0.733469
vt 0.470360 0.733123
vt 0.455210 0.746556
vt 0.458875 0.746450
vt 0.460482 0.748925
vt 0.213312 0.969101
vt 0.211579 0.958777
vt 0.216064 0.956500
vt 0.215787 0.968621
vt 0.220665 0.955303
vt 0.218675 0.968543
vt 0.224880 0.956508
vt 0.220920 0.969247
vt 0.218987 0.976439
vt 0.227743 0.960229
vt 0.224123 0.970133
vt 0.220914 0.976918
vt 0.015814 0.407241
vt 0.530473 0.626994
vt 0.909232 0.623959
vt 0.248426 0.955359
vt 0.246031 0.953936
vt 0.010171 0.399334
vt 0.008123 0.399204
vt 0.534383 0.616240
vt 0.989914 0.271017
vt 0.935493 0.638420
vt 0.868323 0.017212
vt 0.865332 0.015788
vt 0.429886 0.064530
vt 0.161672 0.908616
vt 0.958450 0.650840
vt 0.958459 0.654904
vt 0.957274 0.654388
vt 0.955574 0.650349
vt 0.954712 0.654909
vt 0.955861 0.656043
vt 0.957291 0.655429
vt 0.952489 0.651218
vt 0.927368 0.518811
vt 0.925386 0.524081
vt 0.931691 0.512299
vt 0.586674 0.520103
vt 0.615534 0.522702
vt 0.605273 0.528563
vt 0.594161 0.507686
vt 0.583281 0.483146
vt 0.601685 0.532929
vt 0.600955 0.532241
vt 0.192092 0.604955
vt 0.187427 0.616842
vt 0.489777 0.216828
vt 0.481650 0.216906
vt 0.488023 0.207889
vt 0.492759 0.208532
vt 0.364471 0.140750
vt 0.373849 0.131370
vt 0.375308 0.132780
vt 0.367982 0.144477
vt 0.374433 0.128399
vt 0.363760 0.136558
vt 0.900844 0.061021
vt 0.899247 0.053042
vt 0.902105 0.039744
vt 0.905104 0.048339
vt 0.894967 0.053707
vt 0.893850 0.056460
vt 0.884806 0.062786
vt 0.889837 0.051728
vt 0.673791 0.940632
vt 0.677001 0.940780
vt 0.676949 0.941762
vt 0.674590 0.942666
vt 0.677950 0.939770
vt 0.674636 0.939576
vt 0.677559 0.941604
vt 0.675715 0.944519
vt 0.953142 0.009142
vt 0.956168 0.007662
vt 0.956641 0.008230
vt 0.953787 0.009980
vt 0.617023 0.896267
vt 0.617584 0.907857
vt 0.599200 0.912369
vt 0.599609 0.901367
vt 0.618372 0.919168
vt 0.598449 0.923987
vt 0.639337 0.917129
vt 0.636289 0.923165
vt 0.918487 0.032532
vt 0.899763 0.025412
vt 0.916123 0.024391
vt 0.893117 0.045776
vt 0.881704 0.030049
vt 0.880733 0.018470
vt 0.880645 0.038624
vt 0.576182 0.927901
vt 0.572806 0.938373
vt 0.550689 0.939677
vt 0.548723 0.932820
vt 0.599195 0.933934
vt 0.583150 0.944764
vt 0.600970 0.942745
vt 0.870497 0.893527
vt 0.870884 0.870035
vt 0.881628 0.874943
vt 0.879403 0.901481
vt 0.863612 0.883420
vt 0.849725 0.891384
vt 0.846786 0.882771
vt 0.862525 0.890187
vt 0.855658 0.898063
vt 0.621503 0.211657
vt 0.610023 0.218660
vt 0.598129 0.218086
vt 0.612051 0.204281
vt 0.613498 0.225725
vt 0.598266 0.229578
vt 0.595336 0.197953
vt 0.591586 0.209190
vt 0.623514 0.182275
vt 0.598561 0.182986
vt 0.618704 0.199140
vt 0.630717 0.186649
vt 0.633642 0.202447
vt 0.587983 0.223174
vt 0.586963 0.215819
vt 0.585450 0.232500
vt 0.580133 0.225520
vt 0.580520 0.216168
vt 0.580204 0.235646
vt 0.582579 0.205517
vt 0.590082 0.237907
vt 0.588898 0.241172
vt 0.599783 0.236000
vt 0.600497 0.240392
vt 0.647967 0.189031
vt 0.651613 0.193855
vt 0.649769 0.178781
vt 0.575053 0.229802
vt 0.565549 0.217376
vt 0.589484 0.244882
vt 0.581055 0.243546
vt 0.565877 0.206666
vt 0.540657 0.216619
vt 0.539914 0.208936
vt 0.560711 0.223144
vt 0.541183 0.224546
vt 0.568153 0.230462
vt 0.655620 0.202272
vt 0.669273 0.200730
vt 0.675076 0.208350
vt 0.659564 0.211637
vt 0.679073 0.196269
vt 0.664173 0.191926
vt 0.671899 0.184917
vt 0.685620 0.203856
vt 0.646962 0.170677
vt 0.593888 0.249308
vt 0.591831 0.250652
vt 0.603209 0.250370
vt 0.602327 0.244974
vt 0.601430 0.255149
vt 0.618403 0.165098
vt 0.643451 0.156291
vt 0.877524 0.124622
vt 0.874478 0.121231
vt 0.876246 0.115871
vt 0.880798 0.118060
vt 0.868108 0.122451
vt 0.866925 0.114747
vt 0.869525 0.129176
vt 0.880050 0.127190
vt 0.882901 0.121641
vt 0.886845 0.121619
vt 0.883679 0.130041
vt 0.883753 0.114390
vt 0.807998 0.086419
vt 0.809961 0.081861
vt 0.814908 0.081936
vt 0.812191 0.089667
vt 0.805688 0.077584
vt 0.809505 0.074149
vt 0.802592 0.082483
vt 0.803419 0.090224
vt 0.800444 0.086148
vt 0.793836 0.086343
vt 0.795493 0.093004
vt 0.794332 0.079216
vt 0.822739 0.135113
vt 0.819391 0.136648
vt 0.815853 0.133986
vt 0.817365 0.128929
vt 0.819390 0.140671
vt 0.823498 0.142297
vt 0.815205 0.139949
vt 0.825955 0.130753
vt 0.820312 0.124357
vt 0.824043 0.120531
vt 0.830919 0.128050
vt 0.808551 0.124075
vt 0.817896 0.117928
vt 0.817427 0.122798
vt 0.814341 0.127085
vt 0.812970 0.144163
vt 0.809211 0.144678
vt 0.810156 0.139184
vt 0.816312 0.146346
vt 0.809598 0.148160
vt 0.774182 0.046723
vt 0.768274 0.055536
vt 0.754927 0.050618
vt 0.760492 0.036795
vt 0.788904 0.062301
vt 0.793154 0.054306
vt 0.766072 0.064450
vt 0.749509 0.059537
vt 0.786377 0.068974
vt 0.772074 0.026815
vt 0.779656 0.039217
vt 0.762325 0.023440
vt 0.770051 0.016376
vt 0.783464 0.163232
vt 0.784201 0.171274
vt 0.766508 0.173469
vt 0.766195 0.167419
vt 0.741826 0.037053
vt 0.740139 0.045684
vt 0.761699 0.096299
vt 0.741735 0.094231
vt 0.743387 0.083847
vt 0.762190 0.088021
vt 0.746985 0.108948
vt 0.762390 0.105077
vt 0.786223 0.126328
vt 0.789771 0.115538
vt 0.806519 0.112864
vt 0.801441 0.125350
vt 0.723050 0.085492
vt 0.727019 0.080019
vt 0.733457 0.062616
vt 0.739340 0.060713
vt 0.746912 0.067024
vt 0.733408 0.067742
vt 0.733587 0.057974
vt 0.738294 0.053727
vt 0.723317 0.054140
vt 0.725197 0.049504
vt 0.722183 0.059488
vt 0.780669 0.146047
vt 0.764627 0.147452
vt 0.764491 0.141265
vt 0.781597 0.140049
vt 0.764749 0.154471
vt 0.780810 0.151831
vt 0.752175 0.148407
vt 0.752637 0.141822
vt 0.752447 0.155328
vt 0.675867 0.168264
vt 0.698149 0.163981
vt 0.699581 0.177194
vt 0.672658 0.158109
vt 0.696418 0.153086
vt 0.671040 0.125228
vt 0.668486 0.119117
vt 0.696195 0.112769
vt 0.695601 0.121638
vt 0.637622 0.124310
vt 0.641269 0.133029
vt 0.852821 0.912220
vt 0.671345 0.528133
vt 0.703403 0.529417
vt 0.688808 0.539320
vt 0.663668 0.534474
vt 0.510499 0.944827
vt 0.506745 0.950049
vt 0.488985 0.949230
vt 0.492317 0.944171
vt 0.832590 0.917027
vt 0.829900 0.904183
vt 0.818611 0.922391
vt 0.831353 0.930596
vt 0.688078 0.973982
vt 0.677202 0.980903
vt 0.676804 0.975319
vt 0.672134 0.964930
vt 0.664833 0.964422
vt 0.649865 0.953308
vt 0.658398 0.945375
vt 0.673167 0.975327
vt 0.666758 0.976267
vt 0.663291 0.969072
vt 0.952625 0.599136
vt 0.950788 0.594914
vt 0.952251 0.591626
vt 0.955805 0.593184
vt 0.949241 0.647543
vt 0.954390 0.645196
vt 0.865549 0.024312
vt 0.863606 0.027861
vt 0.946312 0.618884
vt 0.952464 0.632915
vt 0.948749 0.635238
vt 0.945379 0.622820
vt 0.955864 0.631207
vt 0.960844 0.643329
vt 0.950523 0.622130
vt 0.951343 0.617277
vt 0.855616 0.034305
vt 0.863750 0.036975
vt 0.865567 0.029676
vt 0.934397 0.609171
vt 0.936044 0.609184
vt 0.938288 0.614340
vt 0.935123 0.616053
vt 0.936676 0.601676
vt 0.933343 0.600978
vt 0.940728 0.610288
vt 0.938651 0.595898
vt 0.942275 0.607084
vt 0.947495 0.607576
vt 0.946445 0.611322
vt 0.950117 0.609421
vt 0.948359 0.604012
vt 0.629624 0.654394
vt 0.632172 0.660154
vt 0.623787 0.668908
vt 0.619126 0.661035
vt 0.642443 0.654532
vt 0.636053 0.667053
vt 0.648069 0.642708
vt 0.856167 0.044145
vt 0.845553 0.044843
vt 0.947846 0.595501
vt 0.951882 0.607502
vt 0.953808 0.617120
vt 0.958019 0.615838
vt 0.958519 0.627037
vt 0.958672 0.606251
vt 0.947052 0.589326
vt 0.945067 0.598163
vt 0.942861 0.590631
vt 0.661480 0.650283
vt 0.931497 0.569486
vt 0.929073 0.570690
vt 0.925685 0.553815
vt 0.929149 0.555766
vt 0.928763 0.577195
vt 0.952576 0.581556
vt 0.950360 0.583535
vt 0.945508 0.579108
vt 0.946099 0.569937
vt 0.682321 0.630471
vt 0.694558 0.616237
vt 0.699254 0.623572
vt 0.686017 0.635455
vt 0.696956 0.602764
vt 0.702863 0.613883
vt 0.688589 0.616350
vt 0.679679 0.626316
vt 0.950743 0.553500
vt 0.945762 0.546676
vt 0.949946 0.542351
vt 0.954690 0.545637
vt 0.945074 0.542660
vt 0.947123 0.540172
vt 0.943119 0.551176
vt 0.947445 0.558726
vt 0.939495 0.537653
vt 0.935885 0.542340
vt 0.942386 0.535388
vt 0.696818 0.599918
vt 0.703063 0.605790
vt 0.697848 0.593410
vt 0.693132 0.595614
vt 0.711089 0.601257
vt 0.706219 0.588880
vt 0.946352 0.533140
vt 0.953950 0.533760
vt 0.963830 0.529690
vt 0.956969 0.522877
vt 0.961775 0.518191
vt 0.967415 0.524117
vt 0.959740 0.537395
vt 0.953182 0.509798
vt 0.947155 0.522017
vt 0.945859 0.509349
vt 0.957900 0.508714
vt 0.937695 0.525598
vt 0.932992 0.506625
vt 0.717606 0.539417
vt 0.720885 0.535669
vt 0.724697 0.536914
vt 0.719319 0.543672
vt 0.715944 0.536243
vt 0.720940 0.531118
vt 0.723756 0.527592
vt 0.735133 0.515174
vt 0.731340 0.510139
vt 0.730548 0.497468
vt 0.736380 0.498865
vt 0.729899 0.522579
vt 0.733385 0.530096
vt 0.730122 0.541078
vt 0.727828 0.530997
vt 0.737545 0.538178
vt 0.736225 0.550014
vt 0.738474 0.526149
vt 0.741071 0.515535
vt 0.742265 0.534284
vt 0.977280 0.498661
vt 0.977784 0.504027
vt 0.969152 0.499433
vt 0.972085 0.492149
vt 0.726036 0.512210
vt 0.725256 0.521466
vt 0.964927 0.501439
vt 0.965659 0.505903
vt 0.963531 0.507174
vt 0.961145 0.499456
vt 0.724910 0.525921
vt 0.498623 0.102297
vt 0.501376 0.100086
vt 0.502622 0.103509
vt 0.499707 0.103881
vt 0.481097 0.964846
vt 0.478785 0.961643
vt 0.489748 0.965357
vt 0.488283 0.969544
vt 0.495972 0.108493
vt 0.493498 0.107846
vt 0.491039 0.106783
vt 0.939116 0.976053
vt 0.943480 0.980690
vt 0.928632 0.982277
vt 0.928990 0.976991
vt 0.951682 0.979590
vt 0.953485 0.964711
vt 0.950598 0.977892
vt 0.945646 0.973679
vt 0.953460 0.986533
vt 0.942992 0.984447
vt 0.947894 0.972824
vt 0.945886 0.968627
vt 0.950679 0.967501
vt 0.939689 0.972483
vt 0.930743 0.986814
vt 0.949512 0.973461
vt 0.929464 0.971705
vt 0.938708 0.968546
vt 0.932480 0.965553
vt 0.959837 0.960413
vt 0.963742 0.962435
vt 0.953673 0.947658
vt 0.941624 0.965055
vt 0.941587 0.967260
vt 0.944007 0.958563
vt 0.948279 0.957942
vt 0.936570 0.960990
vt 0.494703 0.959639
vt 0.489297 0.960998
vt 0.482200 0.960813
vt 0.486564 0.957465
vt 0.503608 0.956998
vt 0.499030 0.967686
vt 0.500063 0.954305
vt 0.482546 0.113525
vt 0.476158 0.115322
vt 0.480476 0.105038
vt 0.484015 0.106297
vt 0.469844 0.121511
vt 0.482044 0.122854
vt 0.474287 0.126006
vt 0.487021 0.116099
vt 0.471170 0.111008
vt 0.477858 0.102848
vt 0.465320 0.116420
vt 0.495846 0.977091
vt 0.508985 0.966740
vt 0.515065 0.948423
vt 0.504609 0.981162
vt 0.509769 0.979383
vt 0.501217 0.985857
vt 0.761483 0.355565
vt 0.760673 0.349828
vt 0.763984 0.324326
vt 0.763559 0.351512
vt 0.759730 0.368905
vt 0.757121 0.355095
vt 0.760789 0.318508
vt 0.762798 0.378269
vt 0.404712 0.238222
vt 0.411889 0.247475
vt 0.402411 0.253046
vt 0.397073 0.247055
vt 0.727532 0.455143
vt 0.743136 0.437096
vt 0.741644 0.459984
vt 0.735730 0.464826
vt 0.741227 0.406002
vt 0.729145 0.428942
vt 0.736268 0.399718
vt 0.746876 0.526415
vt 0.408545 0.209561
vt 0.397294 0.225522
vt 0.390781 0.221198
vt 0.401728 0.202475
vt 0.402467 0.230120
vt 0.413482 0.216517
vt 0.752886 0.399295
vt 0.753851 0.439851
vt 0.734860 0.481022
vt 0.741864 0.484847
vt 0.741948 0.554575
vt 0.959728 0.496474
vt 0.992819 0.478572
vt 0.966911 0.488204
vt 0.985689 0.475867
vt 0.952192 0.496304
vt 0.963875 0.485550
vt 0.735458 0.567229
vt 0.744072 0.575523
vt 0.738324 0.581170
vt 0.753218 0.539092
vt 0.754627 0.565761
vt 0.730861 0.555922
vt 0.387801 0.235967
vt 0.382755 0.234204
vt 0.393517 0.242236
vt 0.977360 0.471489
vt 0.396613 0.262965
vt 0.390681 0.254738
vt 0.384477 0.256660
vt 0.756790 0.509059
vt 0.749010 0.505669
vt 0.764106 0.414370
vt 0.774839 0.415352
vt 0.768644 0.451163
vt 0.761151 0.444953
vt 0.299547 0.721497
vt 0.293203 0.710528
vt 0.301012 0.704837
vt 0.305335 0.726691
vt 0.291083 0.728225
vt 0.294982 0.732204
vt 0.649003 0.960825
vt 0.651755 0.977138
vt 0.969822 0.455581
vt 0.970230 0.470811
vt 0.961232 0.479569
vt 0.958993 0.460019
vt 0.975717 0.453299
vt 0.988401 0.461844
vt 0.995000 0.464084
vt 0.382521 0.245550
vt 0.757657 0.464466
vt 0.749854 0.461594
vt 0.769380 0.464956
vt 0.623818 0.939703
vt 0.623919 0.938463
vt 0.408243 0.407319
vt 0.403253 0.425935
vt 0.299052 0.764508
vt 0.292730 0.771175
vt 0.288790 0.759538
vt 0.302562 0.748336
vt 0.274032 0.745589
vt 0.278462 0.748425
vt 0.783574 0.456004
vt 0.787112 0.466240
vt 0.309311 0.751491
vt 0.310864 0.745138
vt 0.316152 0.745816
vt 0.312718 0.754858
vt 0.299530 0.738227
vt 0.314379 0.729783
vt 0.320970 0.741402
vt 0.322850 0.746499
vt 0.335322 0.742689
vt 0.333947 0.746664
vt 0.332143 0.734119
vt 0.342467 0.739962
vt 0.324092 0.724764
vt 0.314944 0.754478
vt 0.325502 0.748313
vt 0.327666 0.751297
vt 0.325619 0.760713
vt 0.321169 0.761019
vt 0.330873 0.751587
vt 0.329269 0.761595
vt 0.332269 0.749408
vt 0.335670 0.759029
vt 0.334495 0.764403
vt 0.340151 0.775550
vt 0.334027 0.777401
vt 0.345880 0.771585
vt 0.360079 0.130621
vt 0.354320 0.128736
vt 0.359573 0.125623
vt 0.373419 0.118565
vt 0.923286 0.358028
vt 0.928938 0.367808
vt 0.927809 0.341696
vt 0.084622 0.151669
vt 0.086817 0.153692
vt 0.083484 0.154675
vt 0.080958 0.152086
vt 0.372974 0.664484
vt 0.371405 0.666778
vt 0.369178 0.665917
vt 0.371676 0.662266
vt 0.078414 0.153887
vt 0.080884 0.156660
vt 0.380125 0.119661
vt 0.377699 0.147092
vt 0.191557 0.909416
vt 0.191782 0.924540
vt 0.188857 0.920407
vt 0.187220 0.905267
vt 0.363244 0.131775
vt 0.391445 0.636528
vt 0.393566 0.637437
vt 0.385694 0.651887
vt 0.383969 0.649401
vt 0.399681 0.627847
vt 0.399822 0.624842
vt 0.399937 0.633477
vt 0.403942 0.631179
vt 0.323618 0.832337
vt 0.333772 0.836608
vt 0.317400 0.852154
vt 0.308204 0.855245
vt 0.335231 0.849319
vt 0.321222 0.858467
vt 0.341894 0.828502
vt 0.341729 0.844594
vt 0.061968 0.165642
vt 0.059105 0.168452
vt 0.053475 0.162896
vt 0.057924 0.160146
vt 0.054502 0.172460
vt 0.061765 0.174746
vt 0.055919 0.177471
vt 0.065377 0.170677
vt 0.051159 0.166621
vt 0.933709 0.357812
vt 0.939031 0.363625
vt 0.941254 0.382597
vt 0.934182 0.381348
vt 0.946535 0.360942
vt 0.946822 0.381822
vt 0.250511 0.780798
vt 0.215866 0.808047
vt 0.237832 0.779306
vt 0.210738 0.803784
vt 0.208142 0.811072
vt 0.227639 0.840216
vt 0.214029 0.840192
vt 0.937684 0.340210
vt 0.931992 0.320809
vt 0.939981 0.322167
vt 0.594703 0.260466
vt 0.582758 0.251434
vt 0.576320 0.261306
vt 0.566304 0.254607
vt 0.602930 0.273808
vt 0.576508 0.272622
vt 0.562053 0.234294
vt 0.555665 0.232704
vt 0.563170 0.242802
vt 0.552185 0.245181
vt 0.574299 0.242601
vt 0.934061 0.301069
vt 0.945844 0.310044
vt 0.929769 0.287464
vt 0.944567 0.338596
vt 0.499367 0.248495
vt 0.466156 0.247963
vt 0.470971 0.236336
vt 0.496365 0.239271
vt 0.953600 0.307309
vt 0.950674 0.335645
vt 0.405990 0.816012
vt 0.415016 0.824474
vt 0.423606 0.849685
vt 0.411059 0.847085
vt 0.424933 0.811031
vt 0.422321 0.791698
vt 0.559258 0.275045
vt 0.551961 0.258737
vt 0.488068 0.182381
vt 0.484949 0.175915
vt 0.488573 0.166055
vt 0.492101 0.181006
vt 0.485050 0.183615
vt 0.477645 0.177017
vt 0.479493 0.166454
vt 0.387154 0.815870
vt 0.411818 0.857539
vt 0.386685 0.824954
vt 0.396445 0.797109
vt 0.134008 0.202041
vt 0.115707 0.218296
vt 0.114585 0.205645
vt 0.134943 0.200175
vt 0.376058 0.842560
vt 0.383549 0.846180
vt 0.373432 0.854547
vt 0.369274 0.852169
vt 0.388903 0.837511
vt 0.376782 0.826078
vt 0.387334 0.853374
vt 0.397670 0.853817
vt 0.412915 0.865979
vt 0.846191 0.067858
vt 0.841745 0.074614
vt 0.829397 0.072657
vt 0.830798 0.062623
vt 0.845316 0.080113
vt 0.860543 0.085685
vt 0.413816 0.873432
vt 0.830963 0.054413
vt 0.841461 0.057222
vt 0.830342 0.044143
vt 0.848081 0.049137
vt 0.860617 0.065935
vt 0.471100 0.864041
vt 0.456508 0.840317
vt 0.466228 0.826205
vt 0.481824 0.857621
vt 0.439355 0.847120
vt 0.462873 0.873546
vt 0.502396 0.258034
vt 0.470352 0.255187
vt 0.520793 0.249894
vt 0.526578 0.262877
vt 0.551336 0.274876
vt 0.524155 0.109304
vt 0.533045 0.102334
vt 0.540547 0.104231
vt 0.531897 0.117697
vt 0.541083 0.273326
vt 0.541680 0.261862
vt 0.518830 0.239313
vt 0.542778 0.284019
vt 0.537486 0.279573
vt 0.492834 0.882622
vt 0.486714 0.885925
vt 0.486497 0.854310
vt 0.471162 0.819090
vt 0.504063 0.886165
vt 0.530246 0.134298
vt 0.556209 0.119785
vt 0.556239 0.135298
vt 0.557108 0.106737
vt 0.512362 0.119136
vt 0.508106 0.132873
vt 0.511950 0.110810
vt 0.540486 0.248522
vt 0.526666 0.272422
vt 0.495133 0.139861
vt 0.509679 0.155127
vt 0.499279 0.159051
vt 0.532418 0.152294
vt 0.496843 0.121364
vt 0.500416 0.114530
vt 0.490080 0.128601
vt 0.504915 0.267054
vt 0.528260 0.280950
vt 0.531715 0.288635
vt 0.509017 0.278597
vt 0.520478 0.288190
vt 0.912231 0.083244
vt 0.904772 0.093772
vt 0.893076 0.071266
vt 0.901390 0.065362
vt 0.893262 0.096871
vt 0.907749 0.106510
vt 0.897715 0.106994
vt 0.920317 0.099190
vt 0.921410 0.105251
vt 0.924334 0.090531
vt 0.944623 0.086879
vt 0.945872 0.094544
vt 0.942513 0.093105
vt 0.938094 0.090262
vt 0.951436 0.093735
vt 0.952655 0.084914
vt 0.946650 0.097977
vt 0.949091 0.100945
vt 0.944866 0.101164
vt 0.948364 0.105145
vt 0.936834 0.105897
vt 0.934354 0.101588
vt 0.951212 0.111802
vt 0.937276 0.111020
vt 0.950686 0.104390
vt 0.954988 0.099990
vt 0.959830 0.099146
vt 0.959216 0.097668
vt 0.953937 0.106220
vt 0.974243 0.104892
vt 0.969564 0.122079
vt 0.967852 0.127812
vt 0.965005 0.838670
vt 0.967446 0.858934
vt 0.959357 0.859624
vt 0.958359 0.837695
vt 0.963336 0.885917
vt 0.956703 0.888498
vt 0.963449 0.089957
vt 0.958462 0.088657
vt 0.968110 0.087358
vt 0.973652 0.094449
vt 0.974789 0.088265
vt 0.980438 0.100615
vt 0.988857 0.097540
vt 0.149569 0.817815
vt 0.140451 0.806675
vt 0.143809 0.785626
vt 0.149850 0.789899
vt 0.017709 0.390587
vt 0.017220 0.388828
vt 0.022004 0.391851
vt 0.020933 0.393707
vt 0.022670 0.414202
vt 0.024085 0.413517
vt 0.023045 0.414978
vt 0.024085 0.415133
vt 0.019318 0.389099
vt 0.023176 0.389780
vt 0.023489 0.388188
vt 0.019583 0.388101
vt 0.019996 0.386823
vt 0.023235 0.386654
vt 0.687091 0.021603
vt 0.689174 0.024245
vt 0.688479 0.032449
vt 0.685158 0.031773
vt 0.021782 0.407289
vt 0.020430 0.396654
vt 0.023466 0.406192
vt 0.017649 0.393885
vt 0.918560 0.656042
vt 0.921013 0.656635
vt 0.921908 0.659981
vt 0.921260 0.664997
vt 0.923276 0.658940
vt 0.928049 0.666144
vt 0.922067 0.654793
vt 0.934290 0.665644
vt 0.941797 0.670239
vt 0.933352 0.675421
vt 0.153732 0.611341
vt 0.155143 0.623661
vt 0.148548 0.629907
vt 0.149172 0.612991
vt 0.161311 0.631589
vt 0.164788 0.620926
vt 0.161837 0.617966
vt 0.172154 0.623032
vt 0.173862 0.617600
vt 0.176801 0.623603
vt 0.175835 0.631428
vt 0.916574 0.657949
vt 0.916316 0.656016
vt 0.927426 0.676099
vt 0.162843 0.614305
vt 0.155838 0.608105
vt 0.950728 0.697849
vt 0.942701 0.696680
vt 0.177063 0.641247
vt 0.172106 0.638015
vt 0.686894 0.090993
vt 0.663975 0.081911
vt 0.668561 0.078060
vt 0.689083 0.086667
vt 0.660239 0.086554
vt 0.685066 0.094885
vt 0.644844 0.066428
vt 0.645994 0.082542
vt 0.648359 0.035992
vt 0.640039 0.063859
vt 0.645031 0.032080
vt 0.190960 0.952209
vt 0.193361 0.958304
vt 0.174168 0.961426
vt 0.172168 0.954253
vt 0.629100 0.081281
vt 0.628500 0.087064
vt 0.631154 0.073901
vt 0.193090 0.720237
vt 0.199868 0.727416
vt 0.197482 0.746572
vt 0.191941 0.744458
vt 0.895929 0.808493
vt 0.897405 0.783030
vt 0.903262 0.779524
vt 0.901471 0.807539
vt 0.250335 0.238478
vt 0.237018 0.251612
vt 0.234620 0.244806
vt 0.248110 0.233485
vt 0.221468 0.262880
vt 0.218981 0.258093
vt 0.187769 0.179682
vt 0.179381 0.173473
vt 0.199421 0.162622
vt 0.204126 0.167631
vt 0.037570 0.117553
vt 0.026223 0.105446
vt 0.034443 0.099059
vt 0.044891 0.114707
vt 0.068249 0.075079
vt 0.064291 0.083526
vt 0.055432 0.063386
vt 0.063442 0.055727
vt 0.098584 0.051271
vt 0.104379 0.051709
vt 0.101558 0.058213
vt 0.096506 0.052625
vt 0.022057 0.110196
vt 0.031618 0.120880
vt 0.055302 0.087487
vt 0.047969 0.068552
vt 0.092019 0.916334
vt 0.083616 0.915066
vt 0.087494 0.907533
vt 0.091951 0.905618
vt 0.069092 0.104252
vt 0.062781 0.106979
vt 0.087150 0.933619
vt 0.093638 0.934631
vt 0.092200 0.055003
vt 0.090400 0.047187
vt 0.092398 0.045498
vt 0.083303 0.048316
vt 0.085994 0.058104
vt 0.102033 0.891621
vt 0.095448 0.894595
vt 0.103248 0.886485
vt 0.103705 0.890705
vt 0.092265 0.895780
vt 0.097252 0.905800
vt 0.104360 0.905866
vt 0.102802 0.897732
vt 0.106497 0.895930
vt 0.113157 0.905189
vt 0.080198 0.059326
vt 0.081632 0.050934
vt 0.081090 0.046449
vt 0.076471 0.059439
vt 0.105259 0.889062
vt 0.117818 0.904445
vt 0.114822 0.915361
vt 0.112254 0.913894
vt 0.078776 0.074520
vt 0.083763 0.072349
vt 0.089793 0.086600
vt 0.084248 0.088522
vt 0.089645 0.068993
vt 0.095553 0.085387
vt 0.019963 0.128993
vt 0.012575 0.119004
vt 0.017536 0.114714
vt 0.025822 0.125196
vt 0.096743 0.062959
vt 0.034951 0.142509
vt 0.028818 0.146059
vt 0.041077 0.139578
vt 0.048017 0.159660
vt 0.042444 0.162317
vt 0.047156 0.137129
vt 0.053452 0.157150
vt 0.053797 0.134867
vt 0.058076 0.154715
vt 0.060591 0.132434
vt 0.061152 0.153394
vt 0.051791 0.112390
vt 0.042817 0.093621
vt 0.057025 0.109650
vt 0.065988 0.130733
vt 0.048102 0.091578
vt 0.042373 0.074922
vt 0.039535 0.076699
vt 0.013967 0.067173
vt 0.022393 0.088666
vt 0.010904 0.092310
vt 0.010745 0.073932
vt 0.018942 0.108655
vt 0.013084 0.112082
vt 0.024898 0.084590
vt 0.019411 0.067058
vt 0.017395 0.061554
vt 0.014802 0.056079
vt 0.025224 0.061582
vt 0.034498 0.082443
vt 0.029722 0.059545
vt 0.044338 0.047904
vt 0.047477 0.044626
vt 0.052758 0.044249
vt 0.071493 0.127732
vt 0.083454 0.144528
vt 0.080908 0.146758
vt 0.077429 0.125490
vt 0.087586 0.144127
vt 0.098485 0.980484
vt 0.095739 0.961282
vt 0.100945 0.960068
vt 0.103586 0.981754
vt 0.081971 0.123492
vt 0.075514 0.104198
vt 0.104162 0.956886
vt 0.106586 0.980986
vt 0.100366 0.933862
vt 0.098296 0.916381
vt 0.107043 0.933067
vt 0.110884 0.954848
vt 0.105674 0.915802
vt 0.112876 0.932510
vt 0.116469 0.953774
vt 0.083269 0.111128
vt 0.079148 0.088793
vt 0.087884 0.110147
vt 0.073120 0.074350
vt 0.091488 0.133712
vt 0.085789 0.134490
vt 0.092941 0.108944
vt 0.096913 0.133072
vt 0.098033 0.108044
vt 0.101120 0.132110
vt 0.105137 0.155786
vt 0.099981 0.156301
vt 0.186554 0.290226
vt 0.169963 0.304287
vt 0.166548 0.299693
vt 0.183281 0.285525
vt 0.036757 0.165298
vt 0.200742 0.271879
vt 0.203914 0.276725
vt 0.179916 0.280818
vt 0.197294 0.266851
vt 0.163078 0.295207
vt 0.176250 0.276032
vt 0.193519 0.261994
vt 0.159501 0.290395
vt 0.172473 0.271120
vt 0.189712 0.257137
vt 0.155823 0.285437
vt 0.168543 0.266377
vt 0.185848 0.252321
vt 0.151334 0.279399
vt 0.165744 0.262631
vt 0.182766 0.248443
vt 0.148929 0.276916
vt 0.161999 0.257986
vt 0.178954 0.243532
vt 0.144927 0.272301
vt 0.158140 0.252932
vt 0.175166 0.238341
vt 0.140765 0.267227
vt 0.154545 0.247871
vt 0.171421 0.233144
vt 0.137057 0.261972
vt 0.150778 0.242369
vt 0.167565 0.227841
vt 0.133475 0.256494
vt 0.147164 0.237118
vt 0.163964 0.222631
vt 0.130011 0.250899
vt 0.111960 0.260889
vt 0.114712 0.266505
vt 0.127073 0.246224
vt 0.144244 0.232823
vt 0.109505 0.257453
vt 0.160943 0.218285
vt 0.141347 0.228617
vt 0.158188 0.214115
vt 0.124599 0.241964
vt 0.138055 0.224045
vt 0.154824 0.209415
vt 0.121714 0.237850
vt 0.171532 0.194289
vt 0.175105 0.199369
vt 0.151338 0.204535
vt 0.167692 0.188792
vt 0.134667 0.219381
vt 0.191578 0.185181
vt 0.194421 0.189414
vt 0.178008 0.203617
vt 0.207607 0.172178
vt 0.210652 0.175733
vt 0.224596 0.158052
vt 0.227593 0.161444
vt 0.220190 0.155449
vt 0.230092 0.140309
vt 0.237858 0.143605
vt 0.215888 0.152788
vt 0.227171 0.138517
vt 0.895314 0.859424
vt 0.895882 0.833969
vt 0.901366 0.833578
vt 0.901305 0.859262
vt 0.908886 0.833316
vt 0.909008 0.859352
vt 0.908638 0.806997
vt 0.910191 0.779289
vt 0.919495 0.807170
vt 0.921123 0.834072
vt 0.917821 0.779133
vt 0.916040 0.748507
vt 0.910134 0.752272
vt 0.928742 0.779287
vt 0.932353 0.808313
vt 0.925107 0.749074
vt 0.922385 0.720181
vt 0.915228 0.721904
vt 0.935523 0.749639
vt 0.939155 0.780181
vt 0.931767 0.720981
vt 0.927278 0.695655
vt 0.921411 0.697573
vt 0.940369 0.721842
vt 0.943809 0.750884
vt 0.934772 0.695683
vt 0.922733 0.678361
vt 0.947966 0.723653
vt 0.950555 0.752246
vt 0.954986 0.725098
vt 0.956937 0.753929
vt 0.961870 0.726706
vt 0.962686 0.755585
vt 0.957744 0.698469
vt 0.954793 0.675294
vt 0.964139 0.697727
vt 0.967563 0.728212
vt 0.960760 0.675212
vt 0.965321 0.659198
vt 0.960977 0.658606
vt 0.136595 0.652479
vt 0.140744 0.629805
vt 0.143045 0.654046
vt 0.968798 0.670542
vt 0.969660 0.658690
vt 0.141542 0.680713
vt 0.137134 0.679485
vt 0.151198 0.654795
vt 0.148223 0.681791
vt 0.157571 0.655322
vt 0.154483 0.682882
vt 0.164164 0.656999
vt 0.161735 0.683857
vt 0.166563 0.635998
vt 0.168882 0.622435
vt 0.171142 0.658764
vt 0.170303 0.685008
vt 0.178430 0.660597
vt 0.179790 0.686405
vt 0.567099 0.097475
vt 0.604773 0.084985
vt 0.601813 0.090160
vt 0.566811 0.104488
vt 0.134625 0.903000
vt 0.149553 0.920301
vt 0.145817 0.929413
vt 0.131280 0.904444
vt 0.601352 0.094066
vt 0.144576 0.934193
vt 0.127371 0.904816
vt 0.172981 0.931551
vt 0.168222 0.936803
vt 0.187777 0.936507
vt 0.190294 0.927904
vt 0.167589 0.940293
vt 0.146929 0.941526
vt 0.190528 0.940754
vt 0.673036 0.059676
vt 0.669212 0.071739
vt 0.664274 0.069253
vt 0.668441 0.057251
vt 0.189654 0.945701
vt 0.170226 0.947293
vt 0.675976 0.074013
vt 0.679153 0.061646
vt 0.681997 0.047631
vt 0.677353 0.046053
vt 0.685704 0.063207
vt 0.682622 0.075588
vt 0.687271 0.048582
vt 0.682277 0.031196
vt 0.673696 0.044416
vt 0.679884 0.030004
vt 0.668946 0.041627
vt 0.677178 0.028548
vt 0.661727 0.053851
vt 0.723851 0.107247
vt 0.709214 0.102280
vt 0.709710 0.099959
vt 0.724427 0.106429
vt 0.682095 0.019956
vt 0.683679 0.021060
vt 0.685284 0.021531
vt 0.146509 0.951866
vt 0.149322 0.961920
vt 0.888345 0.750079
vt 0.891394 0.746007
vt 0.900851 0.757871
vt 0.125971 0.980190
vt 0.127977 0.984995
vt 0.896719 0.759975
vt 0.885258 0.752704
vt 0.657990 0.065573
vt 0.191579 0.692945
vt 0.197069 0.697118
vt 0.185965 0.689540
vt 0.186387 0.716613
vt 0.178692 0.714476
vt 0.185513 0.742071
vt 0.176983 0.741207
vt 0.183529 0.767683
vt 0.175272 0.767444
vt 0.189555 0.768457
vt 0.188219 0.794354
vt 0.181759 0.794051
vt 0.195654 0.769472
vt 0.194228 0.794983
vt 0.288530 0.212520
vt 0.268250 0.225896
vt 0.265883 0.220832
vt 0.286084 0.207507
vt 0.263041 0.215594
vt 0.283106 0.201746
vt 0.245535 0.228591
vt 0.231034 0.240144
vt 0.242292 0.223344
vt 0.259954 0.210399
vt 0.227017 0.235271
vt 0.210914 0.248088
vt 0.214897 0.253067
vt 0.222969 0.230194
vt 0.238699 0.218058
vt 0.206723 0.243123
vt 0.202701 0.238288
vt 0.219012 0.225246
vt 0.199772 0.234592
vt 0.216150 0.221424
vt 0.195845 0.229405
vt 0.212270 0.216137
vt 0.192000 0.224043
vt 0.208400 0.210593
vt 0.188170 0.218484
vt 0.204526 0.204846
vt 0.184324 0.213120
vt 0.200829 0.199257
vt 0.180832 0.208052
vt 0.197329 0.193913
vt 0.213873 0.180549
vt 0.217623 0.186304
vt 0.231842 0.166773
vt 0.236594 0.172630
vt 0.248460 0.148398
vt 0.255629 0.158545
vt 0.238883 0.148065
vt 0.239457 0.135144
vt 0.245422 0.134992
vt 0.234877 0.901203
vt 0.215851 0.915375
vt 0.213460 0.913840
vt 0.231295 0.900635
vt 0.247695 0.885917
vt 0.255395 0.884724
vt 0.226476 0.900604
vt 0.243638 0.885041
vt 0.230389 0.125507
vt 0.234149 0.125476
vt 0.219674 0.900838
vt 0.239569 0.883927
vt 0.228236 0.124344
vt 0.892112 0.912465
vt 0.894123 0.885541
vt 0.900270 0.885428
vt 0.898386 0.912354
vt 0.908286 0.885615
vt 0.906615 0.912668
vt 0.920822 0.886363
vt 0.918472 0.913520
vt 0.921705 0.860066
vt 0.934585 0.860908
vt 0.933364 0.887336
vt 0.934272 0.835244
vt 0.943853 0.836089
vt 0.944182 0.860895
vt 0.941864 0.809357
vt 0.949394 0.810282
vt 0.951707 0.836930
vt 0.946652 0.781142
vt 0.952852 0.782204
vt 0.955787 0.811148
vt 0.958626 0.783516
vt 0.962091 0.812137
vt 0.963859 0.784765
vt 0.965386 0.811887
vt 0.968802 0.785621
vt 0.969047 0.811148
vt 0.967771 0.757061
vt 0.138667 0.732808
vt 0.138318 0.706283
vt 0.142534 0.707690
vt 0.142647 0.734321
vt 0.148416 0.708909
vt 0.148051 0.735869
vt 0.154233 0.710258
vt 0.153577 0.737514
vt 0.160524 0.711679
vt 0.159464 0.738963
vt 0.168915 0.712950
vt 0.167512 0.740214
vt 0.165649 0.767090
vt 0.157712 0.765931
vt 0.164247 0.793491
vt 0.156254 0.792889
vt 0.173634 0.793965
vt 0.173425 0.822838
vt 0.164602 0.822806
vt 0.181489 0.822524
vt 0.182124 0.851328
vt 0.174300 0.851471
vt 0.187750 0.822530
vt 0.188045 0.851081
vt 0.193561 0.822461
vt 0.193032 0.849823
vt 0.334445 0.179478
vt 0.310782 0.198727
vt 0.308264 0.193825
vt 0.329536 0.176866
vt 0.304842 0.188197
vt 0.327348 0.172035
vt 0.301574 0.181213
vt 0.323462 0.166077
vt 0.279978 0.196117
vt 0.276742 0.190260
vt 0.298691 0.175246
vt 0.256402 0.204835
vt 0.252777 0.199360
vt 0.273489 0.184407
vt 0.235123 0.212788
vt 0.232459 0.208726
vt 0.250163 0.194999
vt 0.228769 0.203373
vt 0.246731 0.189806
vt 0.225028 0.197732
vt 0.243272 0.184366
vt 0.221260 0.191967
vt 0.239840 0.178654
vt 0.259858 0.164478
vt 0.263529 0.169423
vt 0.279048 0.148149
vt 0.284183 0.152367
vt 0.273840 0.144697
vt 0.250174 0.903142
vt 0.249327 0.900529
vt 0.265156 0.886845
vt 0.274092 0.884365
vt 0.241060 0.901767
vt 0.259593 0.886088
vt 0.228424 0.917709
vt 0.221297 0.912099
vt 0.279345 0.869651
vt 0.287735 0.868768
vt 0.273805 0.868266
vt 0.288861 0.849453
vt 0.300291 0.848793
vt 0.267271 0.867800
vt 0.281537 0.848570
vt 0.261952 0.867030
vt 0.275779 0.846847
vt 0.254920 0.866696
vt 0.268164 0.845706
vt 0.247365 0.866263
vt 0.259145 0.844185
vt 0.231411 0.883774
vt 0.236945 0.866220
vt 0.246967 0.843071
vt 0.223586 0.883091
vt 0.222759 0.863999
vt 0.915714 0.941886
vt 0.904267 0.940862
vt 0.208232 0.862246
vt 0.926973 0.942793
vt 0.930307 0.914684
vt 0.939514 0.915364
vt 0.936158 0.943303
vt 0.942157 0.887410
vt 0.949799 0.887669
vt 0.947160 0.915814
vt 0.952206 0.860594
vt 0.953060 0.915670
vt 0.950049 0.943774
vt 0.943423 0.943657
vt 0.959033 0.914487
vt 0.958898 0.941809
vt 0.963889 0.910138
vt 0.964043 0.942127
vt 0.976450 0.881810
vt 0.138404 0.869861
vt 0.144002 0.847496
vt 0.149776 0.848864
vt 0.143421 0.870602
vt 0.158545 0.847402
vt 0.148255 0.869547
vt 0.156858 0.821383
vt 0.165471 0.852185
vt 0.356659 0.870288
vt 0.353826 0.869269
vt 0.357123 0.861452
vt 0.361074 0.862982
vt 0.167708 0.877535
vt 0.175559 0.877872
vt 0.349471 0.864360
vt 0.352049 0.851990
vt 0.359011 0.850940
vt 0.178273 0.901167
vt 0.183180 0.877952
vt 0.183116 0.904391
vt 0.188996 0.879037
vt 0.376798 0.155198
vt 0.356791 0.170225
vt 0.354861 0.164964
vt 0.337355 0.182148
vt 0.351975 0.160539
vt 0.348450 0.156634
vt 0.344068 0.151430
vt 0.339976 0.146614
vt 0.319317 0.158737
vt 0.315959 0.152277
vt 0.338278 0.141167
vt 0.294654 0.168585
vt 0.291373 0.162970
vt 0.312388 0.145764
vt 0.270460 0.179560
vt 0.267049 0.174566
vt 0.287672 0.157979
vt 0.309039 0.142085
vt 0.305463 0.139011
vt 0.282235 0.884595
vt 0.277623 0.885017
vt 0.296448 0.871148
vt 0.303629 0.867891
vt 0.291515 0.870293
vt 0.257419 0.903998
vt 0.304323 0.852368
vt 0.318548 0.832708
vt 0.310532 0.828785
vt 0.310146 0.799057
vt 0.316534 0.800075
vt 0.302941 0.826737
vt 0.303287 0.797811
vt 0.294483 0.824809
vt 0.296684 0.796473
vt 0.285590 0.822631
vt 0.288544 0.795490
vt 0.278653 0.821258
vt 0.282655 0.793904
vt 0.268839 0.817929
vt 0.275713 0.789133
vt 0.253386 0.812984
vt 0.266014 0.786890
vt 0.283900 0.753743
vt 0.304058 0.767143
vt 0.308073 0.771411
vt 0.312742 0.774671
vt 0.316861 0.777316
vt 0.321782 0.802058
vt 0.318332 0.758909
vt 0.322750 0.777249
vt 0.328938 0.804380
vt 0.328367 0.777645
vt 0.335505 0.803093
vt 0.343531 0.801877
vt 0.351362 0.827688
vt 0.350053 0.800469
vt 0.360349 0.827581
vt 0.356060 0.798533
vt 0.366998 0.824670
vt 0.361567 0.798374
vt 0.349230 0.769847
vt 0.353012 0.766942
vt 0.368059 0.798472
vt 0.338513 0.757369
vt 0.341715 0.754265
vt 0.344945 0.750701
vt 0.357757 0.762408
vt 0.351775 0.747545
vt 0.361846 0.756839
vt 0.359327 0.740189
vt 0.369479 0.750078
vt 0.353378 0.733863
vt 0.361471 0.720259
vt 0.367513 0.722748
vt 0.346078 0.727396
vt 0.354037 0.715810
vt 0.334085 0.714737
vt 0.341847 0.703560
vt 0.319686 0.691330
vt 0.327607 0.683848
vt 0.312768 0.697165
vt 0.302218 0.671005
vt 0.309065 0.669142
vt 0.307324 0.703116
vt 0.296448 0.672570
vt 0.291208 0.671828
vt 0.393352 0.156799
vt 0.387622 0.147107
vt 0.397627 0.137951
vt 0.403990 0.148004
vt 0.772895 0.347493
vt 0.774298 0.365409
vt 0.768533 0.369839
vt 0.768192 0.354106
vt 0.285332 0.675108
vt 0.769464 0.325019
vt 0.774280 0.317083
vt 0.767942 0.281881
vt 0.772190 0.277935
vt 0.766112 0.280870
vt 0.768197 0.239669
vt 0.772098 0.240999
vt 0.764515 0.280522
vt 0.764786 0.239187
vt 0.582361 0.957043
vt 0.616211 0.937675
vt 0.618261 0.942150
vt 0.588594 0.962252
vt 0.762777 0.281255
vt 0.756948 0.318254
vt 0.753826 0.348886
vt 0.752862 0.317303
vt 0.761612 0.279266
vt 0.749536 0.348816
vt 0.745225 0.379691
vt 0.748690 0.384223
vt 0.741750 0.337855
vt 0.749492 0.313445
vt 0.434521 0.186902
vt 0.436320 0.194031
vt 0.426890 0.206879
vt 0.423944 0.200154
vt 0.422930 0.225911
vt 0.419689 0.193606
vt 0.429341 0.181270
vt 0.414145 0.185443
vt 0.422713 0.174812
vt 0.406775 0.177506
vt 0.416388 0.167247
vt 0.395863 0.192814
vt 0.430416 0.155050
vt 0.436765 0.162564
vt 0.409260 0.158677
vt 0.424595 0.146480
vt 0.400051 0.166481
vt 0.420600 0.136482
vt 0.442851 0.124285
vt 0.446805 0.131449
vt 0.417074 0.127465
vt 0.439399 0.117409
vt 0.461421 0.110945
vt 0.458154 0.105128
vt 0.547883 0.960541
vt 0.556434 0.955608
vt 0.559608 0.963453
vt 0.552046 0.964082
vt 0.564911 0.953801
vt 0.566927 0.964545
vt 0.535091 0.938104
vt 0.537696 0.935149
vt 0.566976 0.978809
vt 0.561620 0.977551
vt 0.573422 0.965505
vt 0.571311 0.981599
vt 0.573436 0.955417
vt 0.579348 0.967762
vt 0.575742 0.985604
vt 0.584752 0.972143
vt 0.579577 0.989688
vt 0.515188 0.968749
vt 0.514948 0.979242
vt 0.591366 0.975893
vt 0.595210 0.966948
vt 0.621622 0.946118
vt 0.599611 0.974845
vt 0.597630 0.981121
vt 0.761270 0.237182
vt 0.764698 0.237456
vt 0.758170 0.277125
vt 0.482222 0.131949
vt 0.465564 0.152516
vt 0.461008 0.148935
vt 0.477856 0.129551
vt 0.452093 0.174546
vt 0.444060 0.168689
vt 0.455273 0.144265
vt 0.450682 0.138337
vt 0.481398 0.127032
vt 0.485922 0.126153
vt 0.934522 0.947788
vt 0.943699 0.946408
vt 0.926626 0.951990
vt 0.916594 0.945726
vt 0.921392 0.958451
vt 0.913461 0.947049
vt 0.543554 0.972555
vt 0.541950 0.972834
vt 0.545369 0.968025
vt 0.918087 0.967462
vt 0.542489 0.962597
vt 0.752914 0.382252
vt 0.364653 0.705910
vt 0.372076 0.705553
vt 0.357198 0.701386
vt 0.378119 0.729949
vt 0.386541 0.712500
vt 0.409367 0.728914
vt 0.390848 0.704774
vt 0.413691 0.721644
vt 0.981725 0.452877
vt 0.398064 0.745124
vt 0.416166 0.768897
vt 0.427893 0.752173
vt 0.383337 0.768195
vt 0.374184 0.783419
vt 0.369873 0.791319
vt 0.439508 0.775250
vt 0.434974 0.744045
vt 0.448063 0.767542
vt 0.441059 0.739334
vt 0.454246 0.762932
vt 0.957905 0.405203
vt 0.963998 0.405002
vt 0.969159 0.429155
vt 0.964693 0.430819
vt 0.957926 0.432869
vt 0.954215 0.405294
vt 0.952146 0.433672
vt 0.950280 0.405674
vt 0.952570 0.461198
vt 0.947090 0.461927
vt 0.945327 0.434212
vt 0.952624 0.483329
vt 0.946892 0.484856
vt 0.945832 0.498491
vt 0.935319 0.498602
vt 0.937838 0.485941
vt 0.059675 0.186164
vt 0.063716 0.195186
vt 0.065772 0.182055
vt 0.070757 0.190802
vt 0.070202 0.177634
vt 0.075905 0.186566
vt 0.074032 0.173583
vt 0.080335 0.183152
vt 0.068416 0.166678
vt 0.072010 0.163646
vt 0.077410 0.170482
vt 0.065304 0.162947
vt 0.068718 0.159730
vt 0.061552 0.157575
vt 0.064829 0.154978
vt 0.365455 0.646105
vt 0.360642 0.651414
vt 0.357396 0.648267
vt 0.362078 0.642729
vt 0.363359 0.654589
vt 0.368517 0.648969
vt 0.374137 0.641622
vt 0.371192 0.639393
vt 0.371423 0.651597
vt 0.365831 0.657494
vt 0.377048 0.643845
vt 0.383684 0.634134
vt 0.380958 0.632920
vt 0.379400 0.645707
vt 0.373999 0.654051
vt 0.386011 0.634975
vt 0.394524 0.622457
vt 0.391877 0.621502
vt 0.388830 0.635370
vt 0.381677 0.647865
vt 0.397327 0.623142
vt 0.410458 0.602412
vt 0.407346 0.600716
vt 0.413857 0.603984
vt 0.427672 0.578051
vt 0.424959 0.575207
vt 0.416445 0.605537
vt 0.430419 0.580956
vt 0.615403 0.398155
vt 0.603093 0.369754
vt 0.607161 0.368644
vt 0.619184 0.395919
vt 0.433280 0.584231
vt 0.419833 0.607925
vt 0.598594 0.370911
vt 0.611297 0.400900
vt 0.625657 0.430458
vt 0.630832 0.426786
vt 0.607025 0.403607
vt 0.593699 0.372415
vt 0.620554 0.434238
vt 0.634268 0.462645
vt 0.641560 0.457247
vt 0.613865 0.438496
vt 0.602232 0.406858
vt 0.625792 0.467192
vt 0.639735 0.490864
vt 0.650547 0.484999
vt 0.615016 0.472445
vt 0.603812 0.443527
vt 0.629963 0.494896
vt 0.652862 0.513518
vt 0.660767 0.503108
vt 0.613737 0.501097
vt 0.597768 0.479401
vt 0.638210 0.517421
vt 0.681241 0.525173
vt 0.588193 0.449818
vt 0.574949 0.452995
vt 0.567376 0.421130
vt 0.582827 0.416412
vt 0.546629 0.288738
vt 0.552583 0.319254
vt 0.835969 0.518896
vt 0.808732 0.534070
vt 0.802324 0.512852
vt 0.827081 0.501556
vt 0.777631 0.552766
vt 0.775255 0.527319
vt 0.397955 0.455425
vt 0.393039 0.488527
vt 0.414095 0.460344
vt 0.413428 0.494795
vt 0.417584 0.431950
vt 0.431034 0.411624
vt 0.434821 0.438763
vt 0.429701 0.466822
vt 0.448749 0.417552
vt 0.657306 0.992890
vt 0.624369 0.982829
vt 0.624541 0.964388
vt 0.458654 0.422975
vt 0.445720 0.444385
vt 0.812080 0.957164
vt 0.801726 0.951538
vt 0.467525 0.428873
vt 0.456192 0.450202
vt 0.821519 0.963226
vt 0.840829 0.938602
vt 0.862756 0.918973
vt 0.852790 0.947641
vt 0.833240 0.971361
vt 0.873102 0.929056
vt 0.886969 0.911331
vt 0.883020 0.940006
vt 0.863269 0.958463
vt 0.893008 0.919715
vt 0.580300 0.861558
vt 0.566772 0.857528
vt 0.564814 0.844140
vt 0.581710 0.849179
vt 0.557277 0.847451
vt 0.562844 0.864847
vt 0.550748 0.852865
vt 0.580679 0.872776
vt 0.600545 0.873466
vt 0.599469 0.863891
vt 0.578598 0.884250
vt 0.556271 0.878535
vt 0.600069 0.882391
vt 0.617966 0.884549
vt 0.617722 0.876100
vt 0.599814 0.890570
vt 0.577814 0.894764
vt 0.612096 0.891218
vt 0.577629 0.904768
vt 0.552652 0.906609
vt 0.553040 0.894536
vt 0.577261 0.916250
vt 0.550959 0.919714
vt 0.525293 0.921189
vt 0.527414 0.909995
vt 0.517941 0.932020
vt 0.494270 0.935331
vt 0.500001 0.925106
vt 0.826389 0.894133
vt 0.839121 0.873122
vt 0.698640 0.509946
vt 0.693739 0.516577
vt 0.670983 0.497452
vt 0.472533 0.946543
vt 0.471205 0.952503
vt 0.679594 0.490388
vt 0.706549 0.506038
vt 0.658584 0.477890
vt 0.666304 0.472304
vt 0.687906 0.483055
vt 0.648288 0.452161
vt 0.654118 0.447693
vt 0.674453 0.467578
vt 0.635509 0.423630
vt 0.640092 0.420592
vt 0.659806 0.443697
vt 0.622980 0.393669
vt 0.626318 0.391479
vt 0.644333 0.417950
vt 0.611139 0.367428
vt 0.614764 0.366225
vt 0.436858 0.543793
vt 0.422486 0.572577
vt 0.418860 0.571016
vt 0.433014 0.541588
vt 0.404192 0.599433
vt 0.401053 0.598298
vt 0.415226 0.569386
vt 0.389518 0.620855
vt 0.386443 0.620164
vt 0.398097 0.596925
vt 0.378043 0.631054
vt 0.374141 0.628650
vt 0.382281 0.618376
vt 0.367407 0.636552
vt 0.362634 0.632946
vt 0.368534 0.625316
vt 0.358243 0.639140
vt 0.353109 0.635726
vt 0.356576 0.629387
vt 0.354342 0.645073
vt 0.349776 0.641964
vt 0.388548 0.522469
vt 0.383312 0.556734
vt 0.410319 0.530041
vt 0.401500 0.563153
vt 0.418970 0.533966
vt 0.407483 0.566199
vt 0.427191 0.501259
vt 0.435295 0.505711
vt 0.424126 0.537326
vt 0.441051 0.472874
vt 0.449443 0.478009
vt 0.440673 0.509452
vt 0.455724 0.482899
vt 0.445554 0.512195
vt 0.465603 0.457276
vt 0.479324 0.436732
vt 0.473804 0.463604
vt 0.462196 0.487589
vt 0.489870 0.445081
vt 0.842941 0.980304
vt 0.497293 0.452032
vt 0.481416 0.469527
vt 0.849552 0.988089
vt 0.869519 0.967710
vt 0.889061 0.950920
vt 0.875236 0.975495
vt 0.855110 0.995000
vt 0.890881 0.962606
vt 0.908198 0.965153
vt 0.909957 0.959388
vt 0.893736 0.973152
vt 0.881676 0.982902
vt 0.911226 0.974252
vt 0.504253 0.903453
vt 0.528525 0.899433
vt 0.502283 0.912891
vt 0.724324 0.487960
vt 0.721064 0.494315
vt 0.700102 0.478429
vt 0.483310 0.898702
vt 0.482237 0.908698
vt 0.503742 0.457595
vt 0.490244 0.469667
vt 0.469124 0.488201
vt 0.681386 0.462455
vt 0.450467 0.515226
vt 0.665194 0.439671
vt 0.428679 0.539242
vt 0.411618 0.567723
vt 0.394683 0.595814
vt 0.388462 0.594039
vt 0.376356 0.614908
vt 0.366844 0.610015
vt 0.375151 0.589109
vt 0.360978 0.621239
vt 0.879247 0.046041
vt 0.597845 0.852894
vt 0.581823 0.836974
vt 0.597108 0.839626
vt 0.568000 0.829237
vt 0.732344 0.586040
vt 0.727368 0.591407
vt 0.722170 0.595514
vt 0.718004 0.579782
vt 0.723588 0.576704
vt 0.716668 0.597861
vt 0.711859 0.584590
vt 0.707859 0.574946
vt 0.714440 0.569351
vt 0.702821 0.579725
vt 0.699671 0.573164
vt 0.705202 0.568660
vt 0.695463 0.585602
vt 0.693466 0.578920
vt 0.964755 0.541567
vt 0.958552 0.549913
vt 0.953949 0.555957
vt 0.969733 0.543772
vt 0.968928 0.534546
vt 0.973788 0.538866
vt 0.972694 0.529392
vt 0.975577 0.533845
vt 0.696275 0.560245
vt 0.702037 0.551931
vt 0.705812 0.552415
vt 0.701212 0.559452
vt 0.711565 0.543815
vt 0.712528 0.546579
vt 0.714509 0.550716
vt 0.708276 0.557787
vt 0.716752 0.557254
vt 0.710580 0.563596
vt 0.721147 0.551491
vt 0.725874 0.547095
vt 0.724827 0.561346
vt 0.720181 0.564977
vt 0.728416 0.572358
vt 0.702423 0.563785
vt 0.697786 0.567756
vt 0.773255 0.505906
vt 0.796963 0.495787
vt 0.771810 0.484481
vt 0.791566 0.480105
vt 0.758051 0.485658
vt 0.748213 0.486276
vt 0.742669 0.504139
vt 0.227654 0.772752
vt 0.250826 0.743547
vt 0.263725 0.745246
vt 0.820648 0.484870
vt 0.823189 0.491835
vt 0.844644 0.487290
vt 0.844813 0.483260
vt 0.847007 0.490731
vt 0.568839 0.347761
vt 0.561983 0.315733
vt 0.568061 0.313281
vt 0.574931 0.344927
vt 0.557126 0.285491
vt 0.558763 0.351646
vt 0.563786 0.386659
vt 0.576821 0.381268
vt 0.584855 0.377572
vt 0.595130 0.410771
vt 0.589802 0.374870
vt 0.579152 0.342531
vt 0.582743 0.340216
vt 0.573648 0.310932
vt 0.579446 0.308109
vt 0.436660 0.587659
vt 0.424432 0.608600
vt 0.407130 0.634670
vt 0.582676 0.289073
vt 0.589511 0.288328
vt 0.376716 0.656346
vt 0.378363 0.658412
vt 0.379667 0.659727
vt 0.374562 0.664418
vt 0.092343 0.159976
vt 0.090192 0.162528
vt 0.099844 0.168911
vt 0.097268 0.171771
vt 0.106394 0.182753
vt 0.112996 0.178295
vt 0.093861 0.175142
vt 0.087022 0.164742
vt 0.103404 0.185364
vt 0.118472 0.192739
vt 0.120593 0.187267
vt 0.100812 0.188914
vt 0.091161 0.177191
vt 0.115493 0.198472
vt 0.132803 0.198544
vt 0.136298 0.192769
vt 0.097563 0.191606
vt 0.088020 0.178795
vt 0.096286 0.196569
vt 0.084652 0.180805
vt 0.089784 0.198207
vt 0.099588 0.214901
vt 0.083159 0.199174
vt 0.093078 0.217189
vt 0.101513 0.246930
vt 0.106257 0.242785
vt 0.086395 0.220125
vt 0.077141 0.202734
vt 0.095301 0.251093
vt 0.099651 0.280269
vt 0.104116 0.276994
vt 0.085058 0.256768
vt 0.077631 0.224763
vt 0.085711 0.289855
vt 0.068705 0.206743
vt 0.113993 0.300068
vt 0.119131 0.299159
vt 0.107789 0.273527
vt 0.112111 0.300350
vt 0.883779 0.074451
vt 0.870337 0.060853
vt 0.873148 0.061002
vt 0.854105 0.046946
vt 0.874456 0.081117
vt 0.885229 0.098736
vt 0.872217 0.097602
vt 0.447463 0.907919
vt 0.435358 0.893396
vt 0.448301 0.906830
vt 0.434760 0.891402
vt 0.437805 0.898518
vt 0.447533 0.910532
vt 0.908536 0.058884
vt 0.912149 0.040268
vt 0.919650 0.040152
vt 0.921538 0.054665
vt 0.437481 0.887261
vt 0.927670 0.034461
vt 0.935866 0.048381
vt 0.440478 0.881319
vt 0.939626 0.027250
vt 0.946834 0.041256
vt 0.449492 0.879853
vt 0.951265 0.020473
vt 0.957306 0.032773
vt 0.961175 0.050432
vt 0.968639 0.029163
vt 0.969014 0.049659
vt 0.478130 0.889525
vt 0.952565 0.056615
vt 0.957823 0.071352
vt 0.963855 0.070685
vt 0.942105 0.060565
vt 0.948521 0.074962
vt 0.938626 0.078455
vt 0.930048 0.067876
vt 0.932040 0.084281
vt 0.921492 0.074565
vt 0.935567 0.095865
vt 0.943603 0.097297
vt 0.969338 0.071077
vt 0.974638 0.071086
vt 0.975610 0.048708
vt 0.938943 0.118901
vt 0.924498 0.119322
vt 0.922775 0.116490
vt 0.937625 0.116341
vt 0.909105 0.122537
vt 0.909639 0.118472
vt 0.921498 0.110713
vt 0.909315 0.112607
vt 0.900799 0.113536
vt 0.903293 0.117002
vt 0.895485 0.116196
vt 0.890107 0.110431
vt 0.902202 0.120328
vt 0.950339 0.118785
vt 0.950024 0.121437
vt 0.962229 0.127784
vt 0.961196 0.129334
vt 0.978400 0.148343
vt 0.981631 0.148056
vt 0.974932 0.148756
vt 0.141444 0.760236
vt 0.138366 0.758070
vt 0.138881 0.781976
vt 0.146362 0.762580
vt 0.151801 0.764806
vt 0.506196 0.898287
vt 0.504440 0.900364
vt 0.080668 0.168011
vt 0.083933 0.166122
vt 0.075164 0.160551
vt 0.078254 0.158717
vt 0.071720 0.157056
vt 0.075010 0.154821
vt 0.067542 0.152304
vt 0.071013 0.149684
vt 0.369206 0.659881
vt 0.368340 0.664380
vt 0.159674 0.187093
vt 0.138861 0.187622
vt 0.163146 0.184358
vt 0.157450 0.189395
vt 0.139621 0.182293
vt 0.165195 0.177717
vt 0.118486 0.183118
vt 0.158075 0.190861
vt 0.936741 0.405970
vt 0.938899 0.435328
vt 0.943411 0.406292
vt 0.940078 0.462875
vt 0.951250 0.380456
vt 0.950674 0.360185
vt 0.444712 0.736613
vt 0.458989 0.759005
vt 0.465050 0.783562
vt 0.460413 0.788141
vt 0.475499 0.813800
vt 0.454305 0.792603
vt 0.442895 0.799564
vt 0.492295 0.846193
vt 0.479690 0.812981
vt 0.497592 0.837572
vt 0.954308 0.334698
vt 0.509798 0.880615
vt 0.515269 0.872790
vt 0.369573 0.841186
vt 0.361562 0.840559
vt 0.364468 0.851107
vt 0.351084 0.842449
vt 0.347571 0.856331
vt 0.364614 0.863151
vt 0.303667 0.869541
vt 0.283149 0.885604
vt 0.319270 0.864554
vt 0.336766 0.134953
vt 0.184003 0.921435
vt 0.369515 0.865717
vt 0.158144 0.192138
vt 0.984316 0.147253
vt 0.971699 0.641247
vt 0.967985 0.640963
vt 0.974717 0.640514
vt 0.978299 0.628646
vt 0.977167 0.627547
vt 0.978488 0.638194
vt 0.977874 0.652536
vt 0.980523 0.626123
vt 0.981581 0.620651
vt 0.980898 0.621480
vt 0.982876 0.624806
vt 0.981793 0.636110
vt 0.009703 0.373469
vt 0.007089 0.370762
vt 0.010507 0.366322
vt 0.012231 0.367451
vt 0.009536 0.388997
vt 0.013102 0.373736
vt 0.013970 0.388912
vt 0.013950 0.367262
vt 0.982369 0.649466
vt 0.980101 0.621469
vt 0.150723 0.967001
vt 0.134532 0.291871
vt 0.136465 0.294080
vt 0.710844 0.098493
vt 0.168846 0.615063
vt 0.167220 0.614417
vt 0.166654 0.606246
vt 0.511203 0.895854
vt 0.501362 0.108426
vt 0.557258 0.149559
vt 0.534222 0.167688
vt 0.511059 0.173608
vt 0.558966 0.163605
vt 0.583625 0.158797
vt 0.581582 0.145926
vt 0.561017 0.176341
vt 0.535748 0.181101
vt 0.585689 0.170624
vt 0.599241 0.168222
vt 0.599397 0.154874
vt 0.585910 0.183434
vt 0.563572 0.187743
vt 0.584397 0.195294
vt 0.565409 0.197336
vt 0.537918 0.201336
vt 0.536362 0.191708
vt 0.515766 0.202543
vt 0.514969 0.194185
vt 0.515997 0.209280
vt 0.501232 0.209314
vt 0.502299 0.202298
vt 0.516371 0.216612
vt 0.499651 0.217348
vt 0.517935 0.228291
vt 0.498208 0.229631
vt 0.539950 0.236286
vt 0.481838 0.227095
vt 0.494060 0.202064
vt 0.494366 0.195755
vt 0.502365 0.195213
vt 0.489874 0.201882
vt 0.490277 0.195847
vt 0.486937 0.201639
vt 0.487287 0.195945
vt 0.485849 0.206080
vt 0.489659 0.189257
vt 0.486821 0.189654
vt 0.493623 0.189095
vt 0.501148 0.188366
vt 0.500311 0.177737
vt 0.513118 0.186122
vt 0.616100 0.151476
vt 0.599294 0.141745
vt 0.614795 0.138754
vt 0.600074 0.128562
vt 0.613606 0.127378
vt 0.580707 0.133483
vt 0.580959 0.119754
vt 0.600376 0.116533
vt 0.580888 0.107153
vt 0.598712 0.103349
vt 0.635342 0.271966
vt 0.623468 0.274847
vt 0.616673 0.262754
vt 0.632431 0.259687
vt 0.610548 0.103288
vt 0.612451 0.116040
vt 0.633438 0.114876
vt 0.629534 0.104385
vt 0.677526 0.266072
vt 0.653334 0.268344
vt 0.650033 0.257870
vt 0.674974 0.255997
vt 0.654203 0.104100
vt 0.653607 0.112590
vt 0.649075 0.246799
vt 0.672061 0.243634
vt 0.633503 0.249395
vt 0.633756 0.243040
vt 0.648888 0.238009
vt 0.618822 0.255106
vt 0.618130 0.249545
vt 0.618173 0.243035
vt 0.633219 0.236021
vt 0.617529 0.237528
vt 0.632242 0.230267
vt 0.616035 0.232056
vt 0.630737 0.224691
vt 0.627483 0.218757
vt 0.640228 0.208780
vt 0.643549 0.217660
vt 0.646116 0.224315
vt 0.662165 0.219437
vt 0.680042 0.214598
vt 0.665738 0.226945
vt 0.647475 0.230095
vt 0.685897 0.221462
vt 0.668779 0.234425
vt 0.687791 0.230151
vt 0.706931 0.221555
vt 0.705134 0.212186
vt 0.690940 0.240180
vt 0.708214 0.230096
vt 0.727668 0.216071
vt 0.727352 0.210207
vt 0.710808 0.239443
vt 0.693258 0.252682
vt 0.728536 0.222608
vt 0.715009 0.073651
vt 0.691383 0.061973
vt 0.694617 0.058144
vt 0.718776 0.068949
vt 0.729907 0.229878
vt 0.712636 0.248847
vt 0.687738 0.066269
vt 0.710679 0.078145
vt 0.728062 0.112672
vt 0.755080 0.120781
vt 0.753871 0.128383
vt 0.727744 0.122031
vt 0.769136 0.120695
vt 0.767376 0.128744
vt 0.766476 0.135616
vt 0.752938 0.135460
vt 0.783385 0.134267
vt 0.799631 0.133853
vt 0.798520 0.139753
vt 0.804812 0.139294
vt 0.806670 0.132473
vt 0.797388 0.145424
vt 0.804268 0.144263
vt 0.803587 0.148746
vt 0.797074 0.150385
vt 0.804548 0.152859
vt 0.797278 0.155879
vt 0.811217 0.152175
vt 0.818641 0.150058
vt 0.812524 0.157617
vt 0.806516 0.157280
vt 0.822709 0.151625
vt 0.827191 0.143450
vt 0.828797 0.151365
vt 0.825797 0.156491
vt 0.831950 0.140098
vt 0.840893 0.137528
vt 0.839553 0.146666
vt 0.839124 0.125069
vt 0.832794 0.114693
vt 0.853312 0.118788
vt 0.855542 0.129668
vt 0.851274 0.108972
vt 0.849482 0.101447
vt 0.827369 0.110849
vt 0.866894 0.105955
vt 0.867982 0.100579
vt 0.799695 0.104780
vt 0.801609 0.109699
vt 0.784221 0.112651
vt 0.783623 0.107231
vt 0.879999 0.105777
vt 0.878218 0.109727
vt 0.811869 0.103817
vt 0.809287 0.099552
vt 0.806031 0.095222
vt 0.797469 0.099050
vt 0.815037 0.093051
vt 0.818619 0.094400
vt 0.819220 0.082841
vt 0.821927 0.082854
vt 0.814526 0.072156
vt 0.817816 0.070474
vt 0.805648 0.062831
vt 0.809767 0.059271
vt 0.801434 0.067639
vt 0.797309 0.072863
vt 0.784653 0.076955
vt 0.764167 0.071295
vt 0.783277 0.085479
vt 0.763019 0.079548
vt 0.782660 0.093695
vt 0.782884 0.100655
vt 0.744834 0.075257
vt 0.732145 0.073759
vt 0.720771 0.063897
vt 0.697511 0.054779
vt 0.699195 0.051121
vt 0.701420 0.047774
vt 0.727287 0.200424
vt 0.726871 0.205250
vt 0.710979 0.205619
vt 0.702313 0.044182
vt 0.727270 0.195271
vt 0.705294 0.202433
vt 0.703707 0.040769
vt 0.726041 0.043075
vt 0.728050 0.188949
vt 0.702708 0.195631
vt 0.701129 0.187377
vt 0.728495 0.180491
vt 0.690712 0.209877
vt 0.727841 0.172517
vt 0.752248 0.169505
vt 0.727662 0.163341
vt 0.752695 0.162375
vt 0.752407 0.175567
vt 0.703087 0.035083
vt 0.726572 0.036031
vt 0.727236 0.154231
vt 0.727030 0.146042
vt 0.695608 0.142035
vt 0.695460 0.131503
vt 0.726814 0.137714
vt 0.673244 0.145648
vt 0.671465 0.134647
vt 0.642900 0.143960
vt 0.726813 0.129702
vt 0.764902 0.160810
vt 0.781453 0.157448
vt 0.800208 0.161283
vt 0.797092 0.048288
vt 0.800156 0.042912
vt 0.784152 0.033613
vt 0.813363 0.057011
vt 0.871449 0.133941
vt 0.874122 0.137500
vt 0.860402 0.146293
vt 0.857707 0.143499
vt 0.820890 0.069192
vt 0.856025 0.138372
vt 0.838165 0.153223
vt 0.787753 0.029058
vt 0.802784 0.037119
vt 0.782438 0.020391
vt 0.777422 0.023154
vt 0.780263 0.011854
vt 0.783464 0.011800
vt 0.809743 0.157666
vt 0.809360 0.160444
vt 0.825693 0.083953
vt 0.823741 0.092612
vt 0.887054 0.111675
vt 0.763713 0.111605
vt 0.749887 0.116315
vt 0.811621 0.132811
vt 0.696880 0.101970
vt 0.695620 0.263354
vt 0.673449 0.102990
vt 0.483788 0.149334
vt 0.724326 0.478869
vt 0.988147 0.490618
vt 0.499789 0.991898
vt 0.494597 0.984396
vt 0.492962 0.117877
vt 0.915409 0.976595
vt 0.915562 0.984150
vt 0.486570 0.952177
vt 0.494249 0.952444
vt 0.920666 0.990066
vt 0.933135 0.530002
vt 0.929740 0.534374
vt 0.923794 0.528210
vt 0.928240 0.537157
vt 0.924166 0.533722
vt 0.934550 0.544024
vt 0.933567 0.549583
vt 0.928394 0.544588
vt 0.941827 0.552580
vt 0.939983 0.555981
vt 0.948060 0.562032
vt 0.949812 0.566036
vt 0.938412 0.560529
vt 0.933157 0.558177
vt 0.946054 0.566683
vt 0.938914 0.568344
vt 0.933862 0.568584
vt 0.939415 0.576296
vt 0.936935 0.580401
vt 0.940848 0.593533
vt 0.935264 0.582966
vt 0.943105 0.601781
vt 0.933638 0.585177
vt 0.932346 0.586902
vt 0.924217 0.542266
vt 0.678658 0.623191
vt 0.681184 0.615847
vt 0.662260 0.636317
vt 0.662378 0.632227
vt 0.662330 0.642829
vt 0.650313 0.633132
vt 0.866872 0.052063
vt 0.869527 0.047343
vt 0.941033 0.625538
vt 0.943744 0.638276
vt 0.628833 0.933015
vt 0.681738 0.949516
vt 0.649323 0.539905
vt 0.617932 0.931167
vt 0.880436 0.008708
vt 0.899213 0.013738
vt 0.634489 0.930089
vt 0.915606 0.016436
vt 0.652650 0.933551
vt 0.653909 0.929823
vt 0.933185 0.013709
vt 0.934011 0.017477
vt 0.946172 0.012304
vt 0.945904 0.010448
vt 0.935485 0.021342
vt 0.947232 0.014171
vt 0.655616 0.926494
vt 0.667706 0.934387
vt 0.666504 0.936584
vt 0.665848 0.939776
vt 0.953154 0.008130
vt 0.087317 0.902852
vt 0.047986 0.030628
vt 0.053443 0.035449
vt 0.624559 0.885739
vt 0.012394 0.364900
vt 0.704504 0.544073
vt 0.707641 0.538009
vt 0.918119 0.654618
vt 0.868566 0.020938
vt 0.932992 0.990858
vt 0.651132 0.065827
vt 0.861874 0.012512
vt 0.958928 0.654099
vt 0.005187 0.410716
vt 0.011989 0.415036
vt 0.008573 0.417399
vt 0.018885 0.409117
vt 0.020908 0.410386
vt 0.020233 0.412591
vt 0.017275 0.417451
vt 0.017564 0.415153
vt 0.019907 0.414936
vt 0.006040 0.405950
vt 0.005691 0.401642
vt 0.012849 0.401642
s 1
f 2/1/1 3/2/2 5/3/3
f 2/1/1 5/3/3 9/4/4
f 8/5/5 10/6/6 3/2/2
f 8/5/5 3/2/2 15/7/7
f 17/8/8 15/7/7 2/1/1
f 15/7/7 3/2/2 2/1/1
f 18/9/9 19/10/10 20/11/11
f 18/9/9 20/11/11 21/12/12
f 22/13/13 23/14/14 20/11/11
f 22/13/13 20/11/11 19/10/10
f 24/15/15 25/16/16 26/17/17
f 24/15/15 26/17/17 27/18/18
f 25/16/16 28/19/19 29/20/20
f 25/16/16 29/20/20 26/17/17
f 30/21/21 31/22/22 29/20/20
f 30/21/21 29/20/20 28/19/19
f 33/23/23 34/24/24 37/25/25
f 34/24/24 35/26/26 37/25/25
f 34/24/24 24/15/15 27/18/18
f 34/24/24 27/18/18 38/27/27
f 39/28/28 41/29/29 42/30/30
f 39/28/28 42/30/30 44/31/31
f 46/32/32 47/33/33 42/30/30
f 46/32/32 42/30/30 41/29/29
f 48/34/34 49/35/35 50/36/36
f 48/34/34 50/36/36 51/37/37
f 52/38/38 51/37/37 50/36/36
f 52/38/38 50/36/36 53/39/39
f 54/40/40 57/41/41 59/42/42
f 54/40/40 59/42/42 61/43/43
f 62/44/44 60/45/43 58/46/42
f 62/44/44 58/46/42 63/47/45
f 64/48/46 65/49/47 60/45/43
f 64/48/46 60/45/43 62/44/44
f 67/50/48 70/51/49 72/52/50
f 67/50/48 72/52/50 73/53/51
f 75/54/52 73/53/51 72/52/50
f 75/54/52 72/52/50 77/55/53
f 68/56/48 79/57/54 81/58/55
f 68/56/48 81/58/55 71/59/56
f 76/60/52 78/61/57 81/58/55
f 76/60/52 81/58/55 79/57/54
f 82/62/58 83/63/59 57/41/41
f 82/62/58 57/41/41 54/40/40
f 84/64/60 86/65/61 57/41/41
f 84/64/60 57/41/41 83/63/59
f 87/66/62 89/67/63 55/68/64
f 87/66/62 55/68/64 85/69/61
f 90/70/65 92/71/66 55/68/64
f 90/70/65 55/68/64 89/67/63
f 63/47/45 58/46/42 56/72/67
f 63/47/45 56/72/67 95/73/68
f 96/74/69 98/75/70 56/72/67
f 96/74/69 56/72/67 93/76/66
f 99/77/71 95/73/68 56/72/67
f 99/77/71 56/72/67 98/75/70
f 100/78/72 101/79/73 103/80/74
f 100/78/72 103/80/74 104/81/75
f 84/64/60 104/81/75 103/80/74
f 84/64/60 103/80/74 105/82/76
f 97/83/69 105/82/76 103/80/74
f 97/83/69 103/80/74 107/84/77
f 108/85/78 106/86/79 102/87/80
f 108/85/78 102/87/80 109/88/81
f 101/79/73 111/89/82 112/90/83
f 101/79/73 112/90/83 103/80/74
f 110/91/81 103/80/74 112/90/83
f 110/91/81 112/90/83 114/92/84
f 116/93/85 114/92/84 112/90/83
f 116/93/85 112/90/83 111/89/82
f 117/94/86 118/95/87 119/96/88
f 117/94/86 119/96/88 120/97/89
f 121/98/90 122/99/91 119/96/88
f 121/98/90 119/96/88 118/95/87
f 123/100/92 118/95/87 117/94/86
f 123/100/92 117/94/86 124/101/93
f 125/102/94 124/101/93 117/94/86
f 125/102/94 117/94/86 126/103/95
f 127/104/96 126/103/95 128/105/97
f 126/103/95 117/94/86 128/105/97
f 129/106/98 128/105/97 117/94/86
f 129/106/98 117/94/86 120/97/89
f 130/107/99 131/108/100 118/95/87
f 130/107/99 118/95/87 123/100/92
f 132/109/101 121/98/90 118/95/87
f 132/109/101 118/95/87 131/108/100
f 133/110/102 134/111/103 131/108/100
f 133/110/102 131/108/100 130/107/99
f 135/112/104 132/109/101 131/108/100
f 135/112/104 131/108/100 134/111/103
f 136/113/105 133/110/102 130/107/99
f 136/113/105 130/107/99 123/100/92
f 135/112/104 137/114/106 138/115/107
f 135/112/104 138/115/107 132/109/101
f 139/116/108 140/117/109 138/115/107
f 139/116/108 138/115/107 137/114/106
f 141/118/110 142/119/111 128/105/97
f 141/118/110 128/105/97 129/106/98
f 143/120/112 127/104/96 128/105/97
f 143/120/112 128/105/97 142/119/111
f 144/121/113 145/122/114 134/111/103
f 144/121/113 134/111/103 133/110/102
f 137/114/106 135/112/104 146/123/115
f 137/114/106 146/123/115 147/124/116
f 146/123/115 135/112/104 145/122/114
f 135/112/104 134/111/103 145/122/114
f 148/125/117 149/126/118 144/121/113
f 148/125/117 144/121/113 150/127/119
f 151/128/120 152/129/121 144/121/113
f 151/128/120 144/121/113 149/126/118
f 153/130/122 145/122/114 144/121/113
f 153/130/122 144/121/113 152/129/121
f 136/113/105 150/127/119 144/121/113
f 136/113/105 144/121/113 133/110/102
f 154/131/123 155/132/124 156/133/125
f 154/131/123 156/133/125 157/134/126
f 158/135/127 159/136/128 156/133/125
f 158/135/127 156/133/125 160/137/129
f 161/138/130 160/137/129 156/133/125
f 161/138/130 156/133/125 155/132/124
f 141/118/110 157/134/126 156/133/125
f 141/118/110 156/133/125 159/136/128
f 162/139/131 126/103/95 127/104/96
f 162/139/131 127/104/96 143/120/112
f 146/123/115 163/140/132 164/141/133
f 146/123/115 164/141/133 147/124/116
f 165/142/134 147/124/116 164/141/133
f 165/142/134 164/141/133 166/143/135
f 167/144/136 166/143/135 164/141/133
f 167/144/136 164/141/133 163/140/132
f 168/145/137 169/146/138 126/103/95
f 168/145/137 126/103/95 162/139/131
f 170/147/139 171/148/140 172/149/141
f 170/147/139 172/149/141 173/150/142
f 174/151/143 175/152/144 172/149/141
f 174/151/143 172/149/141 171/148/140
f 176/153/145 173/150/142 172/149/141
f 176/153/145 172/149/141 175/152/144
f 177/154/146 179/155/147 181/156/148
f 177/154/146 181/156/148 182/157/149
f 183/158/150 170/147/139 181/156/148
f 183/158/150 181/156/148 179/155/147
f 173/150/142 182/157/149 181/156/148
f 173/150/142 181/156/148 170/147/139
f 184/159/151 185/160/152 186/161/153
f 184/159/151 186/161/153 187/162/154
f 188/163/155 189/164/156 186/161/153
f 188/163/155 186/161/153 185/160/152
f 190/165/157 187/162/154 186/161/153
f 190/165/157 186/161/153 189/164/156
f 187/162/154 190/165/157 191/166/158
f 187/162/154 191/166/158 192/167/159
f 193/168/160 192/167/159 191/166/158
f 193/168/160 191/166/158 194/169/161
f 195/170/162 194/169/161 191/166/158
f 195/170/162 191/166/158 190/165/157
f 196/171/163 197/172/164 198/173/165
f 196/171/163 198/173/165 199/174/166
f 200/175/167 199/174/166 198/173/165
f 200/175/167 198/173/165 201/176/168
f 202/177/169 201/176/168 198/173/165
f 202/177/169 198/173/165 197/172/164
f 204/178/170 206/179/171 207/180/172
f 204/178/170 207/180/172 208/181/173
f 199/174/166 208/181/173 207/180/172
f 199/174/166 207/180/172 196/171/163
f 209/182/174 210/183/175 213/184/176
f 209/182/174 213/184/176 214/185/177
f 213/184/176 210/183/175 207/180/172
f 213/184/176 207/180/172 206/179/171
f 209/182/174 196/171/163 207/180/172
f 209/182/174 207/180/172 210/183/175
f 215/186/178 216/187/179 217/188/180
f 215/186/178 217/188/180 202/177/169
f 201/176/168 202/177/169 217/188/180
f 201/176/168 217/188/180 218/189/181
f 219/190/182 218/189/181 217/188/180
f 219/190/182 217/188/180 216/187/179
f 220/191/183 221/192/184 222/193/185
f 220/191/183 222/193/185 223/194/186
f 224/195/187 223/194/186 222/193/185
f 224/195/187 222/193/185 225/196/188
f 226/197/189 227/198/190 222/193/185
f 226/197/189 222/193/185 221/192/184
f 228/199/191 225/196/188 222/193/185
f 228/199/191 222/193/185 227/198/190
f 229/200/192 230/201/193 220/191/183
f 229/200/192 220/191/183 223/194/186
f 231/202/194 233/203/195 220/191/183
f 231/202/194 220/191/183 230/201/193
f 235/204/196 237/205/197 220/191/183
f 235/204/196 220/191/183 233/203/195
f 238/206/198 221/192/184 220/191/183
f 238/206/198 220/191/183 237/205/197
f 239/207/199 240/208/200 241/209/201
f 239/207/199 241/209/201 243/210/202
f 244/211/203 243/210/202 241/209/201
f 244/211/203 241/209/201 245/212/204
f 247/213/205 246/214/204 242/215/201
f 247/213/205 242/215/201 248/216/206
f 249/217/207 250/218/208 241/209/201
f 249/217/207 241/209/201 240/208/200
f 252/219/209 253/220/210 254/221/211
f 252/219/209 254/221/211 255/222/212
f 255/222/212 254/221/211 256/223/213
f 255/222/212 256/223/213 257/224/214
f 226/197/189 256/223/213 254/221/211
f 226/197/189 254/221/211 253/220/210
f 259/225/215 261/226/216 257/224/214
f 259/225/215 257/224/214 256/223/213
f 263/227/217 255/222/212 257/224/214
f 263/227/217 257/224/214 261/226/216
f 264/228/218 265/229/219 266/230/220
f 264/228/218 266/230/220 267/231/221
f 268/232/222 267/231/221 266/230/220
f 268/232/222 266/230/220 269/233/223
f 271/234/224 273/235/225 266/230/220
f 271/234/224 266/230/220 265/229/219
f 275/236/226 269/233/223 266/230/220
f 275/236/226 266/230/220 273/235/225
f 142/119/111 141/118/110 159/136/128
f 142/119/111 159/136/128 158/135/127
f 143/120/112 142/119/111 158/135/127
f 143/120/112 158/135/127 276/237/227
f 277/238/228 278/239/229 276/237/227
f 277/238/228 276/237/227 158/135/127
f 279/240/230 280/241/231 276/237/227
f 279/240/230 276/237/227 278/239/229
f 162/139/131 143/120/112 276/237/227
f 162/139/131 276/237/227 280/241/231
f 281/242/232 282/243/233 283/244/234
f 281/242/232 283/244/234 284/245/235
f 285/246/236 284/245/235 283/244/234
f 285/246/236 283/244/234 286/247/237
f 287/248/238 109/88/81 113/249/239
f 287/248/238 113/249/239 115/250/240
f 289/251/241 290/252/242 292/253/243
f 289/251/241 292/253/243 293/254/244
f 294/255/245 293/254/244 292/253/243
f 294/255/245 292/253/243 295/256/246
f 101/79/73 295/256/246 292/253/243
f 101/79/73 292/253/243 111/89/82
f 296/257/247 287/248/238 291/258/243
f 296/257/247 291/258/243 297/259/248
f 300/260/249 302/261/250 304/262/251
f 300/260/249 304/262/251 290/252/242
f 305/263/252 307/264/253 309/265/254
f 305/263/252 309/265/254 300/260/249
f 301/266/250 299/267/255 310/268/256
f 301/266/250 310/268/256 311/269/257
f 310/268/256 299/267/255 308/270/254
f 310/268/256 308/270/254 312/271/258
f 314/272/259 315/273/260 316/274/261
f 314/272/259 316/274/261 318/275/262
f 319/276/263 321/277/264 16/278/8
f 319/276/263 16/278/8 1/279/265
f 324/280/266 15/7/7 17/8/8
f 324/280/266 17/8/8 325/281/267
f 326/282/268 327/283/269 329/284/270
f 326/282/268 329/284/270 330/285/271
f 323/286/264 320/287/272 329/284/270
f 323/286/264 329/284/270 327/283/269
f 331/288/273 332/289/274 328/290/275
f 331/288/273 328/290/275 319/276/263
f 333/291/276 335/292/277 328/290/275
f 333/291/276 328/290/275 332/289/274
f 331/288/273 7/293/5 14/294/278
f 331/288/273 14/294/278 337/295/279
f 1/279/265 7/293/5 331/288/273
f 1/279/265 331/288/273 319/276/263
f 339/296/280 338/297/281 15/7/7
f 339/296/280 15/7/7 324/280/266
f 340/298/282 341/299/283 342/300/284
f 340/298/282 342/300/284 343/301/285
f 344/302/286 343/301/285 342/300/284
f 344/302/286 342/300/284 345/303/287
f 346/304/288 347/305/289 345/303/287
f 346/304/288 345/303/287 348/306/290
f 341/299/283 348/306/290 345/303/287
f 341/299/283 345/303/287 342/300/284
f 349/307/291 336/308/292 334/309/293
f 349/307/291 334/309/293 350/310/294
f 351/311/295 350/310/294 334/309/293
f 351/311/295 334/309/293 352/312/296
f 353/313/297 354/314/298 355/315/299
f 353/313/297 355/315/299 356/316/300
f 357/317/301 359/318/302 355/315/299
f 357/317/301 355/315/299 354/314/298
f 360/319/303 356/316/300 355/315/299
f 360/319/303 355/315/299 359/318/302
f 331/288/273 337/295/279 357/317/301
f 331/288/273 357/317/301 354/314/298
f 351/311/295 352/312/296 362/320/304
f 351/311/295 362/320/304 363/321/305
f 353/313/297 356/316/300 361/322/306
f 353/313/297 361/322/306 364/323/307
f 360/319/303 317/324/262 361/322/306
f 360/319/303 361/322/306 356/316/300
f 315/273/260 366/325/308 363/321/305
f 315/273/260 363/321/305 316/274/261
f 367/326/309 368/327/310 363/321/305
f 367/326/309 363/321/305 366/325/308
f 318/275/262 316/274/261 363/321/305
f 318/275/262 363/321/305 362/320/304
f 339/296/280 370/328/311 358/329/301
f 339/296/280 358/329/301 338/297/281
f 371/330/312 372/331/313 357/317/301
f 371/330/312 357/317/301 369/332/314
f 373/333/315 374/334/316 375/335/317
f 373/333/315 375/335/317 376/336/318
f 377/337/319 378/338/320 375/335/317
f 377/337/319 375/335/317 379/339/321
f 380/340/322 379/339/321 375/335/317
f 380/340/322 375/335/317 374/334/316
f 381/341/323 382/342/324 383/343/325
f 381/341/323 383/343/325 385/344/326
f 386/345/327 387/346/328 388/347/329
f 386/345/327 388/347/329 390/348/330
f 391/349/331 392/350/332 388/347/329
f 391/349/331 388/347/329 387/346/328
f 394/351/333 390/348/330 388/347/329
f 394/351/333 388/347/329 396/352/334
f 399/353/335 400/354/336 401/355/337
f 399/353/335 401/355/337 403/356/338
f 404/357/339 405/358/340 401/355/337
f 404/357/339 401/355/337 400/354/336
f 407/359/341 403/356/338 401/355/337
f 407/359/341 401/355/337 408/360/342
f 409/361/343 408/360/342 401/355/337
f 409/361/343 401/355/337 410/362/344
f 411/363/345 410/362/344 401/355/337
f 411/363/345 401/355/337 405/358/340
f 392/350/332 391/349/331 412/364/346
f 392/350/332 412/364/346 406/365/347
f 403/356/338 407/359/341 413/366/346
f 403/356/338 413/366/346 415/367/348
f 416/368/349 414/369/350 412/364/346
f 416/368/349 412/364/346 417/370/351
f 418/371/352 411/363/345 405/358/340
f 418/371/352 405/358/340 404/357/339
f 420/372/353 418/371/352 404/357/339
f 420/372/353 404/357/339 400/354/336
f 421/373/354 422/374/355 412/364/346
f 421/373/354 412/364/346 391/349/331
f 423/375/356 417/370/351 412/364/346
f 423/375/356 412/364/346 422/374/355
f 424/376/357 425/377/358 427/378/359
f 424/376/357 427/378/359 429/379/360
f 430/380/361 429/379/360 427/378/359
f 430/380/361 427/378/359 419/381/362
f 432/382/363 433/383/364 428/384/359
f 432/382/363 428/384/359 434/385/365
f 418/371/352 420/372/353 428/384/359
f 418/371/352 428/384/359 433/383/364
f 436/386/366 434/385/365 428/384/359
f 436/386/366 428/384/359 426/387/358
f 411/363/345 418/371/352 433/383/364
f 411/363/345 433/383/364 437/388/367
f 438/389/368 22/13/13 433/383/364
f 438/389/368 433/383/364 432/382/363
f 19/10/10 437/388/367 433/383/364
f 19/10/10 433/383/364 22/13/13
f 439/390/369 440/391/370 441/392/371
f 439/390/369 441/392/371 442/393/372
f 442/393/372 441/392/371 435/394/366
f 442/393/372 435/394/366 425/377/358
f 443/395/373 435/394/366 441/392/371
f 443/395/373 441/392/371 440/391/370
f 444/396/374 445/397/375 446/398/376
f 444/396/374 446/398/376 447/399/377
f 448/400/378 447/399/377 446/398/376
f 448/400/378 446/398/376 449/401/379
f 450/402/380 451/403/381 448/400/378
f 450/402/380 448/400/378 449/401/379
f 452/404/382 453/405/383 448/400/378
f 452/404/382 448/400/378 451/403/381
f 454/406/384 447/399/377 448/400/378
f 454/406/384 448/400/378 455/407/385
f 456/408/386 455/407/385 448/400/378
f 456/408/386 448/400/378 453/405/383
f 457/409/387 459/410/388 446/398/376
f 457/409/387 446/398/376 445/397/375
f 460/411/389 449/401/379 446/398/376
f 460/411/389 446/398/376 459/410/388
f 461/412/390 443/395/373 463/413/391
f 461/412/390 463/413/391 460/411/389
f 449/401/379 460/411/389 463/413/391
f 449/401/379 463/413/391 450/402/380
f 440/391/370 450/402/380 463/413/391
f 440/391/370 463/413/391 443/395/373
f 464/414/392 465/415/393 467/416/394
f 464/414/392 467/416/394 469/417/395
f 472/418/396 474/419/397 468/420/394
f 472/418/396 468/420/394 466/421/393
f 475/422/398 471/423/399 465/415/393
f 475/422/398 465/415/393 464/414/392
f 476/424/400 475/422/398 464/414/392
f 476/424/400 464/414/392 469/417/395
f 477/425/401 478/426/402 479/427/403
f 477/425/401 479/427/403 481/428/404
f 483/429/405 484/430/406 485/431/407
f 484/430/406 480/432/408 485/431/407
f 486/433/409 482/434/410 480/432/408
f 486/433/409 480/432/408 484/430/406
f 488/435/411 489/436/412 485/431/407
f 488/435/411 485/431/407 480/432/408
f 490/437/413 491/438/414 486/433/409
f 490/437/413 486/433/409 492/439/415
f 494/440/416 482/434/410 486/433/409
f 494/440/416 486/433/409 491/438/414
f 478/426/402 495/441/417 487/442/411
f 478/426/402 487/442/411 479/427/403
f 492/439/418 497/443/419 484/430/406
f 492/439/415 484/430/406 490/437/413
f 477/425/401 481/428/404 493/444/416
f 477/425/401 493/444/416 498/445/420
f 501/446/421 499/447/422 494/440/416
f 501/446/421 494/440/416 502/448/423
f 503/449/424 504/450/425 485/431/407
f 503/449/424 485/431/407 489/436/412
f 505/451/426 483/429/405 485/431/407
f 505/451/426 485/431/407 504/450/425
f 506/452/427 507/453/428 494/440/416
f 506/452/427 494/440/416 491/438/414
f 508/454/429 509/455/430 491/438/414
f 508/454/429 491/438/414 490/437/413
f 510/456/431 506/452/427 491/438/414
f 510/456/431 491/438/414 509/455/430
f 476/424/400 469/417/395 511/457/432
f 476/424/400 511/457/432 513/458/433
f 495/441/417 513/458/433 514/459/434
f 495/441/417 514/459/434 516/460/435
f 514/459/434 513/458/433 511/457/432
f 514/459/434 511/457/432 473/461/397
f 518/462/436 519/463/437 520/464/438
f 518/462/436 520/464/438 521/465/439
f 522/466/440 523/467/441 520/464/438
f 522/466/440 520/464/438 524/468/442
f 525/469/443 521/465/439 520/464/438
f 525/469/443 520/464/438 523/467/441
f 526/470/444 527/471/445 520/464/438
f 526/470/444 520/464/438 519/463/437
f 528/472/446 524/468/442 520/464/438
f 528/472/446 520/464/438 527/471/445
f 472/418/396 530/473/447 515/474/448
f 472/418/396 515/474/448 474/419/397
f 489/436/412 517/475/449 515/474/448
f 489/436/412 515/474/448 503/449/424
f 531/476/450 503/449/424 515/474/448
f 531/476/450 515/474/448 532/477/451
f 534/478/452 532/477/451 515/474/448
f 534/478/452 515/474/448 530/473/447
f 535/479/453 536/480/454 537/481/455
f 535/479/453 537/481/455 538/482/456
f 538/482/456 537/481/455 539/483/457
f 538/482/456 539/483/457 540/484/458
f 541/485/459 539/483/457 537/481/455
f 541/485/459 537/481/455 536/480/454
f 542/486/460 535/479/453 538/482/456
f 542/486/460 538/482/456 540/484/458
f 545/487/461 546/488/462 548/489/463
f 545/487/461 548/489/463 550/490/464
f 551/491/465 552/492/466 548/489/463
f 551/491/465 548/489/463 546/488/462
f 553/493/467 549/494/468 547/495/463
f 553/493/467 547/495/463 554/496/469
f 555/497/470 454/406/384 455/407/385
f 555/497/470 455/407/385 456/408/386
f 461/412/390 460/411/389 459/410/388
f 461/412/390 459/410/388 457/409/387
f 556/498/471 557/499/472 558/500/473
f 556/498/471 558/500/473 559/501/474
f 561/502/475 559/501/474 558/500/473
f 561/502/475 558/500/473 563/503/476
f 564/504/477 566/505/478 554/496/469
f 564/504/477 554/496/469 547/495/463
f 567/506/479 552/492/466 551/491/465
f 567/506/479 551/491/465 568/507/480
f 569/508/481 456/408/386 453/405/383
f 569/508/481 453/405/383 452/404/382
f 443/395/373 461/412/390 435/394/366
f 461/412/390 570/509/482 435/394/366
f 573/510/483 574/511/484 458/512/485
f 573/510/483 458/512/485 576/513/486
f 458/512/485 574/511/484 571/514/482
f 458/512/485 571/514/482 462/515/390
f 578/516/487 579/517/488 571/514/482
f 578/516/487 571/514/482 574/511/484
f 434/385/365 436/386/366 571/514/482
f 434/385/365 571/514/482 579/517/488
f 580/518/489 581/519/490 569/508/481
f 580/518/489 569/508/481 582/520/491
f 583/521/492 584/522/493 569/508/481
f 583/521/492 569/508/481 581/519/490
f 585/523/494 582/520/491 569/508/481
f 585/523/494 569/508/481 452/404/382
f 586/524/495 587/525/496 558/500/473
f 586/524/495 558/500/473 557/499/472
f 589/526/497 563/503/476 558/500/473
f 589/526/497 558/500/473 587/525/496
f 590/527/498 578/516/487 574/511/484
f 590/527/498 574/511/484 573/510/483
f 546/488/462 545/487/461 577/528/486
f 546/488/462 577/528/486 591/529/499
f 589/526/497 572/530/483 575/531/500
f 589/526/497 575/531/500 544/532/501
f 456/408/386 569/508/481 584/522/493
f 456/408/386 584/522/493 555/497/470
f 592/533/502 555/497/470 584/522/493
f 592/533/502 584/522/493 593/534/503
f 595/535/504 597/536/505 601/537/506
f 595/535/504 601/537/506 603/538/507
f 604/539/508 605/540/509 601/537/506
f 604/539/508 601/537/506 606/541/510
f 607/542/511 606/541/510 601/537/506
f 607/542/511 601/537/506 597/536/505
f 609/543/512 312/271/258 308/270/254
f 609/543/512 308/270/254 306/544/253
f 611/545/513 310/268/256 312/271/258
f 611/545/513 312/271/258 609/543/512
f 612/546/514 613/547/515 614/548/516
f 612/546/514 614/548/516 615/549/517
f 578/516/487 590/527/498 614/548/516
f 578/516/487 614/548/516 613/547/515
f 616/550/518 615/549/517 614/548/516
f 616/550/518 614/548/516 590/527/498
f 618/551/519 619/552/520 590/527/498
f 618/551/519 590/527/498 573/510/483
f 587/525/496 617/553/519 572/530/483
f 587/525/496 572/530/483 589/526/497
f 566/505/478 564/504/477 594/554/504
f 566/505/478 594/554/504 602/555/507
f 620/556/521 622/557/522 594/554/504
f 620/556/521 594/554/504 564/504/477
f 625/558/523 598/559/524 596/560/504
f 625/558/523 596/560/504 623/561/525
f 307/264/253 34/24/24 33/23/23
f 307/264/253 33/23/23 610/562/512
f 627/563/526 628/564/527 32/565/23
f 627/563/526 32/565/23 36/566/25
f 629/567/528 630/568/529 631/569/530
f 629/567/528 631/569/530 632/570/531
f 633/571/532 608/572/511 599/573/505
f 633/571/532 599/573/505 635/574/533
f 636/575/534 634/576/533 598/559/524
f 636/575/534 598/559/524 625/558/523
f 637/577/535 639/578/536 641/579/537
f 637/577/535 641/579/537 642/580/538
f 642/580/538 641/579/537 644/581/539
f 642/580/538 644/581/539 629/567/528
f 645/582/540 648/583/541 638/584/542
f 648/583/541 640/585/537 638/584/542
f 604/539/508 643/586/543 640/585/537
f 604/539/508 640/585/537 648/583/541
f 649/587/544 651/588/545 646/589/540
f 649/587/544 646/589/540 652/590/546
f 654/591/547 656/592/548 645/582/540
f 654/591/547 645/582/540 650/593/549
f 657/594/550 648/583/541 645/582/540
f 657/594/550 645/582/540 656/592/548
f 658/595/551 647/596/552 639/578/536
f 658/595/551 639/578/536 637/577/535
f 659/597/553 660/598/554 662/599/555
f 659/597/553 662/599/555 664/600/556
f 665/601/557 667/602/558 662/599/555
f 665/601/557 662/599/555 660/598/554
f 668/603/559 663/604/560 661/605/555
f 668/603/559 661/605/555 666/606/561
f 667/602/558 665/601/557 669/607/562
f 667/602/558 669/607/562 671/608/563
f 672/609/564 673/610/565 669/607/562
f 672/609/564 669/607/562 665/601/557
f 675/611/566 671/608/563 669/607/562
f 675/611/566 669/607/562 673/610/565
f 676/612/567 677/613/568 678/614/569
f 676/612/567 678/614/569 679/615/570
f 680/616/571 681/617/572 682/618/573
f 680/616/571 682/618/573 683/619/574
f 684/620/575 683/619/574 682/618/573
f 684/620/575 682/618/573 685/621/576
f 686/622/577 688/623/578 690/624/579
f 686/622/577 690/624/579 692/625/580
f 693/626/581 694/627/582 686/622/577
f 693/626/581 686/622/577 692/625/580
f 696/628/583 689/629/578 687/630/577
f 696/628/583 687/630/577 695/631/582
f 48/34/34 697/632/584 698/633/585
f 48/34/34 698/633/585 49/35/35
f 699/634/586 676/612/567 698/633/585
f 699/634/586 698/633/585 697/632/584
f 52/38/38 53/39/39 698/633/585
f 52/38/38 698/633/585 700/635/587
f 679/615/570 700/635/587 698/633/585
f 679/615/570 698/633/585 676/612/567
f 701/636/588 702/637/589 704/638/590
f 701/636/588 704/638/590 706/639/591
f 707/640/592 706/639/591 704/638/590
f 707/640/592 704/638/590 708/641/593
f 709/642/594 708/641/593 711/643/595
f 708/641/593 704/638/590 711/643/595
f 713/644/596 714/645/597 715/646/598
f 713/644/596 715/646/598 716/647/599
f 677/613/568 676/612/567 714/645/597
f 676/612/567 715/646/598 714/645/597
f 717/648/600 718/649/601 715/646/598
f 717/648/600 715/646/598 676/612/567
f 719/650/602 721/651/603 723/652/604
f 719/650/602 723/652/604 725/653/605
f 726/654/606 727/655/607 722/656/604
f 726/654/606 722/656/604 728/657/608
f 729/658/609 724/659/610 722/656/604
f 729/658/609 722/656/604 727/655/607
f 730/660/611 728/657/608 722/656/604
f 730/660/611 722/656/604 720/661/603
f 681/617/572 732/662/612 733/663/613
f 681/617/572 733/663/613 682/618/573
f 734/664/614 735/665/615 732/662/612
f 734/664/614 732/662/612 681/617/572
f 736/666/616 737/667/617 732/662/612
f 736/666/616 732/662/612 735/665/615
f 738/668/618 740/669/619 742/670/620
f 740/669/619 709/642/594 742/670/620
f 745/671/621 746/672/622 710/673/623
f 745/671/621 710/673/623 712/674/595
f 747/675/624 748/676/625 685/621/576
f 747/675/624 685/621/576 749/677/626
f 163/140/132 750/678/627 751/679/628
f 163/140/132 751/679/628 167/144/136
f 752/680/629 753/681/630 751/679/628
f 752/680/629 751/679/628 750/678/627
f 754/682/631 756/683/632 751/679/628
f 754/682/631 751/679/628 753/681/630
f 152/129/121 758/684/633 759/685/634
f 152/129/121 759/685/634 153/130/122
f 760/686/635 761/687/636 759/685/634
f 760/686/635 759/685/634 758/684/633
f 762/688/637 153/130/122 759/685/634
f 762/688/637 759/685/634 761/687/636
f 764/689/638 766/690/639 748/676/625
f 764/689/638 748/676/625 747/675/624
f 767/691/640 768/692/641 748/676/625
f 767/691/640 748/676/625 766/690/639
f 684/620/575 685/621/576 748/676/625
f 684/620/575 748/676/625 768/692/641
f 45/693/642 767/691/640 766/690/639
f 45/693/642 766/690/639 40/694/28
f 769/695/643 764/689/638 747/675/624
f 769/695/643 747/675/624 749/677/626
f 771/696/644 766/690/639 764/689/638
f 771/696/644 764/689/638 773/697/645
f 774/698/646 776/699/647 764/689/638
f 774/698/646 764/689/638 769/695/643
f 777/700/648 778/701/649 779/702/650
f 777/700/648 779/702/650 780/703/651
f 781/704/652 780/703/651 779/702/650
f 781/704/652 779/702/650 782/705/653
f 783/706/654 754/682/631 753/681/630
f 783/706/654 753/681/630 752/680/629
f 762/688/637 761/687/636 752/680/629
f 762/688/637 752/680/629 750/678/627
f 760/686/635 785/707/655 752/680/629
f 760/686/635 752/680/629 761/687/636
f 786/708/656 787/709/657 788/710/658
f 786/708/656 788/710/658 789/711/659
f 789/711/659 788/710/658 790/712/660
f 789/711/659 790/712/660 793/713/661
f 795/714/662 790/712/660 788/710/658
f 795/714/662 788/710/658 787/709/657
f 796/715/663 797/716/664 777/700/648
f 796/715/663 777/700/648 798/717/665
f 799/718/666 798/717/665 777/700/648
f 799/718/666 777/700/648 780/703/651
f 800/719/667 801/720/668 803/721/669
f 800/719/667 803/721/669 805/722/670
f 806/723/671 805/722/670 803/721/669
f 806/723/671 803/721/669 808/724/672
f 812/725/673 810/726/672 814/727/674
f 810/726/672 804/728/669 814/727/674
f 815/729/675 813/730/676 802/731/677
f 815/729/675 802/731/677 817/732/678
f 797/716/664 796/715/663 814/727/674
f 797/716/664 814/727/674 818/733/679
f 819/734/680 790/712/660 795/714/662
f 819/734/680 795/714/662 821/735/681
f 822/736/682 821/735/681 795/714/662
f 822/736/682 795/714/662 787/709/657
f 823/737/683 818/733/679 814/727/674
f 823/737/683 814/727/674 816/738/675
f 819/734/680 821/735/681 824/739/684
f 819/734/680 824/739/684 825/740/685
f 825/740/685 824/739/684 828/741/686
f 825/740/685 828/741/686 830/742/687
f 833/743/688 828/741/686 824/739/684
f 833/743/688 824/739/684 821/735/681
f 834/744/689 835/745/690 836/746/691
f 834/744/689 836/746/691 837/747/692
f 838/748/693 837/747/692 836/746/691
f 838/748/693 836/746/691 839/749/694
f 775/750/695 840/751/696 772/752/645
f 775/750/695 772/752/645 763/753/697
f 841/754/698 842/755/699 772/752/645
f 841/754/698 772/752/645 840/751/696
f 752/680/629 785/707/655 843/756/700
f 752/680/629 843/756/700 783/706/654
f 845/757/701 784/758/654 844/759/700
f 845/757/701 844/759/700 847/760/702
f 848/761/703 849/762/704 843/756/700
f 848/761/703 843/756/700 785/707/655
f 850/763/705 770/764/644 772/752/645
f 850/763/705 772/752/645 842/755/699
f 851/765/706 846/766/702 843/756/700
f 851/765/706 843/756/700 849/762/704
f 852/767/707 854/768/708 834/744/689
f 852/767/707 834/744/689 837/747/692
f 855/769/709 835/745/690 834/744/689
f 855/769/709 834/744/689 856/770/710
f 858/771/711 856/770/710 834/744/689
f 858/771/711 834/744/689 854/768/708
f 859/772/712 860/773/713 845/757/701
f 859/772/712 845/757/701 861/774/714
f 755/775/631 784/758/654 845/757/701
f 755/775/631 845/757/701 860/773/713
f 862/776/715 861/774/714 845/757/701
f 862/776/715 845/757/701 863/777/716
f 865/778/717 863/777/716 845/757/701
f 865/778/717 845/757/701 847/760/702
f 866/779/718 842/755/699 841/754/698
f 866/779/718 841/754/698 848/761/703
f 849/762/704 848/761/703 841/754/698
f 849/762/704 841/754/698 867/780/719
f 868/781/720 869/782/721 862/776/715
f 868/781/720 862/776/715 870/783/722
f 871/784/723 861/774/714 862/776/715
f 871/784/723 862/776/715 869/782/721
f 872/785/724 873/786/725 862/776/715
f 872/785/724 862/776/715 863/777/716
f 874/787/726 870/783/722 862/776/715
f 874/787/726 862/776/715 873/786/725
f 875/788/727 867/780/719 841/754/698
f 875/788/727 841/754/698 840/751/696
f 864/789/717 846/766/702 851/765/706
f 864/789/717 851/765/706 877/790/728
f 867/780/719 877/790/728 851/765/706
f 867/780/719 851/765/706 849/762/704
f 867/780/719 875/788/727 857/791/711
f 867/780/719 857/791/711 877/790/728
f 864/789/717 877/790/728 857/791/711
f 864/789/717 857/791/711 878/792/729
f 882/793/730 883/794/731 884/795/732
f 882/793/730 884/795/732 885/796/733
f 887/797/734 888/798/735 884/795/732
f 887/797/734 884/795/732 890/799/736
f 891/800/737 892/801/738 884/795/732
f 891/800/737 884/795/732 888/798/735
f 893/802/739 885/796/733 884/795/732
f 893/802/739 884/795/732 892/801/738
f 894/803/740 896/804/741 898/805/742
f 894/803/740 898/805/742 900/806/743
f 901/807/744 900/806/743 898/805/742
f 901/807/744 898/805/742 902/808/745
f 903/809/746 902/808/745 898/805/742
f 903/809/746 898/805/742 905/810/747
f 907/811/748 908/812/749 909/813/750
f 907/811/748 909/813/750 910/814/751
f 911/815/752 912/816/753 909/813/750
f 911/815/752 909/813/750 908/812/749
f 904/817/754 910/814/751 909/813/750
f 904/817/754 909/813/750 915/818/755
f 902/808/745 903/809/746 914/819/755
f 902/808/745 914/819/755 916/820/756
f 917/821/757 916/820/756 919/822/758
f 916/820/756 914/819/755 919/822/758
f 921/823/759 918/824/760 922/825/761
f 918/824/760 913/826/755 922/825/761
f 924/827/762 927/828/763 923/829/761
f 924/827/762 923/829/761 912/816/753
f 929/830/764 930/831/765 922/825/761
f 929/830/764 922/825/761 926/832/763
f 931/833/766 921/823/759 922/825/761
f 931/833/766 922/825/761 930/831/765
f 932/834/767 916/820/756 917/821/757
f 932/834/767 917/821/757 933/835/768
f 934/836/769 933/835/768 919/822/758
f 933/835/768 917/821/757 919/822/758
f 935/837/770 934/836/769 919/822/758
f 935/837/770 919/822/758 937/838/771
f 939/839/772 938/840/773 920/841/774
f 939/839/772 920/841/774 940/842/775
f 941/843/776 940/842/775 920/841/774
f 941/843/776 920/841/774 944/844/777
f 945/845/778 946/846/779 948/847/780
f 945/845/778 948/847/780 950/848/781
f 952/849/782 951/850/783 949/851/784
f 952/849/782 949/851/784 953/852/785
f 955/853/786 953/852/785 949/851/784
f 955/853/786 949/851/784 947/854/787
f 957/855/788 951/850/783 952/849/782
f 957/855/788 952/849/782 958/856/789
f 955/853/786 958/856/789 952/849/782
f 955/853/786 952/849/782 953/852/785
f 959/857/790 961/858/791 963/859/792
f 959/857/790 963/859/792 956/860/788
f 964/861/793 945/845/778 963/859/792
f 964/861/793 963/859/792 961/858/791
f 950/848/781 956/860/788 963/859/792
f 950/848/781 963/859/792 945/845/778
f 967/862/794 969/863/795 971/864/796
f 967/862/794 971/864/796 973/865/797
f 967/862/794 975/866/798 977/867/799
f 967/862/794 977/867/799 969/863/795
f 978/868/800 980/869/801 976/870/799
f 978/868/800 976/870/799 974/871/798
f 975/866/798 982/872/802 987/873/803
f 975/866/798 987/873/803 979/874/804
f 988/875/805 990/876/806 986/877/807
f 988/875/805 986/877/807 992/878/808
f 993/879/809 978/868/800 984/880/807
f 993/879/809 984/880/807 994/881/810
f 997/882/811 999/883/812 1000/884/813
f 999/883/812 967/862/794 1000/884/813
f 1002/885/814 1000/884/813 967/862/794
f 1002/885/814 967/862/794 973/865/797
f 982/872/802 975/866/798 967/862/794
f 982/872/802 967/862/794 999/883/812
f 1003/886/815 991/887/808 985/888/807
f 1003/886/815 985/888/807 1005/889/816
f 1006/890/817 1007/891/818 983/892/807
f 1006/890/817 983/892/807 981/893/802
f 1009/894/819 1012/895/820 997/882/811
f 1009/894/819 997/882/811 1000/884/813
f 1014/896/821 1015/897/822 1016/898/823
f 1014/896/821 1016/898/823 1018/899/824
f 1020/900/825 1019/901/826 1017/902/827
f 1020/900/825 1017/902/827 1021/903/828
f 1022/904/829 1021/903/828 1017/902/827
f 1022/904/829 1017/902/827 1024/905/830
f 1025/906/831 995/907/832 1023/908/833
f 1025/906/831 1023/908/833 1026/909/834
f 1027/910/835 1026/909/834 1023/908/833
f 1027/910/835 1023/908/833 1028/911/836
f 1029/912/837 1022/904/829 1024/905/830
f 1029/912/837 1024/905/830 1030/913/838
f 1011/914/820 1030/913/838 1024/905/830
f 1011/914/820 1024/905/830 996/915/811
f 1032/916/839 1034/917/840 1038/918/841
f 1032/916/839 1038/918/841 1040/919/842
f 1041/920/843 1043/921/844 1035/922/841
f 1041/920/843 1035/922/841 1044/923/845
f 1046/924/846 1047/925/847 1037/926/841
f 1046/924/846 1037/926/841 1033/927/848
f 1048/928/849 1049/929/850 1037/926/841
f 1048/928/849 1037/926/841 1047/925/847
f 1051/930/851 1045/931/852 1036/932/853
f 1051/930/851 1036/932/853 1052/933/854
f 1053/934/855 1055/935/856 1057/936/857
f 1053/934/855 1057/936/857 1060/937/858
f 1061/938/859 1063/939/860 1056/940/857
f 1061/938/859 1056/940/857 1054/941/856
f 1065/942/861 1067/943/862 1059/944/863
f 1065/942/861 1059/944/863 1068/945/864
f 1069/946/865 1060/937/858 1057/936/857
f 1069/946/865 1057/936/857 1066/947/862
f 1070/948/866 1071/949/867 1058/950/868
f 1070/948/866 1058/950/868 1064/951/860
f 1073/952/869 1068/945/864 1059/944/863
f 1073/952/869 1059/944/863 1075/953/870
f 1076/954/871 1077/955/872 1058/950/868
f 1076/954/871 1058/950/868 1071/949/867
f 1080/956/873 1075/953/870 1059/944/863
f 1080/956/873 1059/944/863 1078/957/872
f 1065/942/861 1082/958/874 1084/959/875
f 1065/942/861 1084/959/875 1085/960/876
f 1086/961/877 1085/960/876 1084/959/875
f 1086/961/877 1084/959/875 1088/962/878
f 1090/963/879 1088/962/878 1084/959/875
f 1090/963/879 1084/959/875 1092/964/880
f 1072/965/869 1093/966/881 1083/967/875
f 1072/965/869 1083/967/875 1081/968/874
f 1094/969/882 1095/970/883 1096/971/884
f 1094/969/882 1096/971/884 1097/972/885
f 1093/966/881 1097/972/885 1096/971/884
f 1093/966/881 1096/971/884 1083/967/875
f 1086/961/877 1088/962/878 1099/973/886
f 1086/961/877 1099/973/886 1101/974/887
f 1102/975/888 1100/976/889 1098/977/886
f 1102/975/888 1098/977/886 1103/978/890
f 1089/979/891 1091/980/892 1096/971/884
f 1089/979/891 1096/971/884 1095/970/883
f 1095/970/883 1094/969/882 1102/975/888
f 1095/970/883 1102/975/888 1103/978/890
f 1104/981/893 1105/982/894 1102/975/888
f 1104/981/893 1102/975/888 1094/969/882
f 1106/983/895 1100/976/889 1102/975/888
f 1106/983/895 1102/975/888 1105/982/894
f 1108/984/896 1109/985/897 1106/983/895
f 1108/984/896 1106/983/895 1105/982/894
f 1112/986/898 1114/987/899 1107/988/895
f 1112/986/898 1107/988/895 1110/989/897
f 1086/961/877 1101/974/887 1107/988/895
f 1086/961/877 1107/988/895 1114/987/899
f 1115/990/900 1116/991/901 1113/992/899
f 1115/990/900 1113/992/899 1111/993/898
f 1085/960/876 1086/961/877 1114/987/899
f 1085/960/876 1114/987/899 1117/994/901
f 1069/946/865 1066/947/862 1116/991/901
f 1069/946/865 1116/991/901 1115/990/900
f 1065/942/861 1085/960/876 1117/994/901
f 1065/942/861 1117/994/901 1067/943/862
f 1118/995/902 1120/996/903 1115/990/900
f 1118/995/902 1115/990/900 1111/993/898
f 1121/997/904 1069/946/865 1115/990/900
f 1121/997/904 1115/990/900 1120/996/903
f 1122/998/905 1123/999/906 1121/997/904
f 1122/998/905 1121/997/904 1120/996/903
f 1124/1000/907 1125/1001/908 1121/997/904
f 1124/1000/907 1121/997/904 1123/999/906
f 1060/937/858 1069/946/865 1121/997/904
f 1060/937/858 1121/997/904 1125/1001/908
f 1126/1002/909 1127/1003/910 1125/1001/908
f 1126/1002/909 1125/1001/908 1124/1000/907
f 1053/934/855 1060/937/858 1125/1001/908
f 1053/934/855 1125/1001/908 1127/1003/910
f 1128/1004/911 1129/1005/912 1127/1003/910
f 1128/1004/911 1127/1003/910 1126/1002/909
f 1130/1006/913 1053/934/855 1127/1003/910
f 1130/1006/913 1127/1003/910 1129/1005/912
f 1055/935/856 1053/934/855 1130/1006/913
f 1055/935/856 1130/1006/913 1131/1007/914
f 1132/1008/915 1133/1009/916 1130/1006/913
f 1132/1008/915 1130/1006/913 1129/1005/912
f 1134/1010/917 1131/1007/914 1130/1006/913
f 1134/1010/917 1130/1006/913 1133/1009/916
f 1136/1011/918 1131/1007/914 1134/1010/917
f 1136/1011/918 1134/1010/917 1137/1012/919
f 1076/954/871 1071/949/867 1134/1010/917
f 1076/954/871 1134/1010/917 1133/1009/916
f 1070/948/866 1137/1012/919 1134/1010/917
f 1070/948/866 1134/1010/917 1071/949/867
f 1138/1013/920 1061/938/859 1135/1014/918
f 1138/1013/920 1135/1014/918 1139/1015/921
f 1055/935/856 1131/1007/914 1136/1011/918
f 1055/935/856 1136/1011/918 1062/1016/859
f 1142/1017/922 1140/1018/921 1136/1011/918
f 1142/1017/922 1136/1011/918 1137/1012/919
f 1143/1019/923 1139/1015/921 1141/1020/924
f 1143/1019/923 1141/1020/924 1145/1021/925
f 1070/948/866 1147/1022/926 1142/1017/922
f 1070/948/866 1142/1017/922 1137/1012/919
f 1149/1023/927 1144/1024/928 1146/1025/929
f 1149/1023/927 1146/1025/929 1147/1022/926
f 1070/948/866 1064/951/860 1149/1023/927
f 1070/948/866 1149/1023/927 1147/1022/926
f 1061/938/859 1138/1013/920 1148/1026/930
f 1061/938/859 1148/1026/930 1063/939/860
f 1150/1027/931 1076/954/871 1133/1009/916
f 1150/1027/931 1133/1009/916 1132/1008/915
f 1151/1028/932 1152/1029/933 1150/1027/931
f 1151/1028/932 1150/1027/931 1132/1008/915
f 1153/1030/934 1154/1031/935 1150/1027/931
f 1153/1030/934 1150/1027/931 1152/1029/933
f 1077/955/872 1076/954/871 1150/1027/931
f 1077/955/872 1150/1027/931 1154/1031/935
f 1155/1032/936 1156/1033/937 1154/1031/935
f 1155/1032/936 1154/1031/935 1153/1030/934
f 1079/1034/873 1077/955/872 1154/1031/935
f 1079/1034/873 1154/1031/935 1156/1033/937
f 1157/1035/938 1158/1036/939 1156/1033/937
f 1157/1035/938 1156/1033/937 1155/1032/936
f 1159/1037/940 1079/1034/873 1156/1033/937
f 1159/1037/940 1156/1033/937 1158/1036/939
f 1074/1038/870 1079/1034/873 1159/1037/940
f 1074/1038/870 1159/1037/940 1160/1039/941
f 1161/1040/942 1162/1041/943 1159/1037/940
f 1161/1040/942 1159/1037/940 1158/1036/939
f 1163/1042/944 1160/1039/941 1159/1037/940
f 1163/1042/944 1159/1037/940 1162/1041/943
f 1093/966/881 1160/1039/941 1163/1042/944
f 1093/966/881 1163/1042/944 1097/972/885
f 1164/1043/945 1104/981/893 1163/1042/944
f 1164/1043/945 1163/1042/944 1162/1041/943
f 1094/969/882 1097/972/885 1163/1042/944
f 1094/969/882 1163/1042/944 1104/981/893
f 1161/1040/942 1165/1044/946 1164/1043/945
f 1161/1040/942 1164/1043/945 1162/1041/943
f 1166/1045/947 1108/984/896 1164/1043/945
f 1166/1045/947 1164/1043/945 1165/1044/946
f 1105/982/894 1104/981/893 1164/1043/945
f 1105/982/894 1164/1043/945 1108/984/896
f 1167/1046/948 1169/1047/949 1166/1045/947
f 1167/1046/948 1166/1045/947 1165/1044/946
f 1171/1048/950 1174/1049/951 1166/1045/947
f 1171/1048/950 1166/1045/947 1169/1047/949
f 1109/985/897 1108/984/896 1166/1045/947
f 1109/985/897 1166/1045/947 1174/1049/951
f 1177/1050/952 1119/1051/953 1175/1052/954
f 1177/1050/952 1175/1052/954 1172/1053/950
f 1112/986/898 1110/989/897 1175/1052/954
f 1112/986/898 1175/1052/954 1119/1051/953
f 1179/1054/955 1182/1055/956 1178/1056/952
f 1179/1054/955 1178/1056/952 1173/1057/950
f 1183/1058/957 1122/998/905 1176/1059/952
f 1183/1058/957 1176/1059/952 1180/1060/956
f 1120/996/903 1118/995/902 1176/1059/952
f 1120/996/903 1176/1059/952 1122/998/905
f 1185/1061/958 1187/1062/959 1184/1063/957
f 1185/1061/958 1184/1063/957 1181/1064/956
f 1188/1065/960 1190/1066/961 1184/1063/957
f 1188/1065/960 1184/1063/957 1187/1062/959
f 1123/999/906 1122/998/905 1183/1058/957
f 1123/999/906 1183/1058/957 1189/1067/961
f 1191/1068/962 1193/1069/963 1190/1066/961
f 1191/1068/962 1190/1066/961 1188/1065/960
f 1124/1000/907 1123/999/906 1189/1067/961
f 1124/1000/907 1189/1067/961 1192/1070/963
f 1194/1071/964 1196/1072/965 1193/1069/963
f 1194/1071/964 1193/1069/963 1191/1068/962
f 1126/1002/909 1124/1000/907 1192/1070/963
f 1126/1002/909 1192/1070/963 1195/1073/965
f 1198/1074/966 1200/1075/967 1196/1072/965
f 1198/1074/966 1196/1072/965 1194/1071/964
f 1128/1004/911 1126/1002/909 1195/1073/965
f 1128/1004/911 1195/1073/965 1199/1076/967
f 1201/1077/968 1203/1078/969 1199/1076/967
f 1201/1077/968 1199/1076/967 1197/1079/970
f 1151/1028/932 1128/1004/911 1199/1076/967
f 1151/1028/932 1199/1076/967 1203/1078/969
f 1204/1080/971 1206/1081/972 1203/1078/969
f 1204/1080/971 1203/1078/969 1201/1077/968
f 1152/1029/933 1151/1028/932 1203/1078/969
f 1152/1029/933 1203/1078/969 1206/1081/972
f 1207/1082/973 1209/1083/974 1206/1081/972
f 1207/1082/973 1206/1081/972 1204/1080/971
f 1153/1030/934 1152/1029/933 1206/1081/972
f 1153/1030/934 1206/1081/972 1209/1083/974
f 1210/1084/975 1212/1085/976 1209/1083/974
f 1210/1084/975 1209/1083/974 1207/1082/973
f 1155/1032/936 1153/1030/934 1209/1083/974
f 1155/1032/936 1209/1083/974 1212/1085/976
f 1213/1086/977 1215/1087/978 1212/1085/976
f 1213/1086/977 1212/1085/976 1210/1084/975
f 1157/1035/938 1155/1032/936 1212/1085/976
f 1157/1035/938 1212/1085/976 1215/1087/978
f 1216/1088/979 1218/1089/980 1215/1087/978
f 1216/1088/979 1215/1087/978 1213/1086/977
f 1220/1090/981 1157/1035/938 1215/1087/978
f 1220/1090/981 1215/1087/978 1218/1089/980
f 1158/1036/939 1157/1035/938 1220/1090/981
f 1158/1036/939 1220/1090/981 1161/1040/942
f 1221/1091/982 1167/1046/948 1220/1090/981
f 1221/1091/982 1220/1090/981 1218/1089/980
f 1165/1044/946 1161/1040/942 1220/1090/981
f 1165/1044/946 1220/1090/981 1167/1046/948
f 1217/1092/979 1223/1093/983 1222/1094/984
f 1217/1092/979 1222/1094/984 1219/1095/980
f 1224/1096/985 1225/1097/986 1222/1094/984
f 1224/1096/985 1222/1094/984 1223/1093/983
f 1170/1098/949 1168/1099/948 1222/1094/984
f 1170/1098/949 1222/1094/984 1225/1097/986
f 1226/1100/987 1179/1054/955 1225/1097/986
f 1226/1100/987 1225/1097/986 1224/1096/985
f 1173/1057/950 1170/1098/949 1225/1097/986
f 1173/1057/950 1225/1097/986 1179/1054/955
f 1227/1101/988 1228/1102/989 1226/1100/987
f 1227/1101/988 1226/1100/987 1224/1096/985
f 1050/1103/850 1186/1104/958 1226/1100/987
f 1050/1103/850 1226/1100/987 1228/1102/989
f 1182/1055/956 1179/1054/955 1226/1100/987
f 1182/1055/956 1226/1100/987 1186/1104/958
f 1229/1105/990 1052/933/854 1228/1102/989
f 1229/1105/990 1228/1102/989 1227/1101/988
f 1036/932/853 1050/1103/850 1228/1102/989
f 1036/932/853 1228/1102/989 1052/933/854
f 1230/1106/991 1231/1107/992 1229/1105/990
f 1230/1106/991 1229/1105/990 1227/1101/988
f 1232/1108/993 1233/1109/994 1229/1105/990
f 1232/1108/993 1229/1105/990 1231/1107/992
f 1051/930/851 1052/933/854 1229/1105/990
f 1051/930/851 1229/1105/990 1233/1109/994
f 1234/1110/995 1235/1111/996 1233/1109/994
f 1234/1110/995 1233/1109/994 1232/1108/993
f 1236/1112/997 1051/930/851 1233/1109/994
f 1236/1112/997 1233/1109/994 1235/1111/996
f 1237/1113/998 1238/1114/999 1236/1112/997
f 1237/1113/998 1236/1112/997 1235/1111/996
f 1239/1115/1000 1240/1116/1001 1236/1112/997
f 1239/1115/1000 1236/1112/997 1238/1114/999
f 1045/931/852 1051/930/851 1236/1112/997
f 1045/931/852 1236/1112/997 1240/1116/1001
f 1241/1117/1002 1242/1118/1003 1240/1116/1001
f 1241/1117/1002 1240/1116/1001 1239/1115/1000
f 1042/1119/843 1045/931/852 1240/1116/1001
f 1042/1119/843 1240/1116/1001 1242/1118/1003
f 1243/1120/1004 1245/1121/1005 1242/1118/1003
f 1243/1120/1004 1242/1118/1003 1241/1117/1002
f 1247/1122/1006 1042/1119/843 1242/1118/1003
f 1247/1122/1006 1242/1118/1003 1245/1121/1005
f 1043/921/844 1041/920/843 1246/1123/1006
f 1043/921/844 1246/1123/1006 1248/1124/1007
f 1249/1125/1008 1251/1126/1009 1246/1123/1006
f 1249/1125/1008 1246/1123/1006 1244/1127/1005
f 1252/1128/1010 1248/1124/1007 1246/1123/1006
f 1252/1128/1010 1246/1123/1006 1251/1126/1009
f 1253/1129/1011 1248/1124/1007 1252/1128/1010
f 1253/1129/1011 1252/1128/1010 1254/1130/1012
f 1255/1131/1013 1257/1132/1014 1252/1128/1010
f 1255/1131/1013 1252/1128/1010 1251/1126/1009
f 1258/1133/1015 1254/1130/1012 1252/1128/1010
f 1258/1133/1015 1252/1128/1010 1257/1132/1014
f 1259/1134/1016 1254/1130/1012 1258/1133/1015
f 1259/1134/1016 1258/1133/1015 1260/1135/1017
f 1261/1136/1018 1262/1137/1019 1258/1133/1015
f 1261/1136/1018 1258/1133/1015 1257/1132/1014
f 1263/1138/1020 1260/1135/1017 1258/1133/1015
f 1263/1138/1020 1258/1133/1015 1262/1137/1019
f 1026/909/834 1260/1135/1017 1263/1138/1020
f 1026/909/834 1263/1138/1020 1025/906/831
f 1264/1139/1021 1265/1140/1022 1263/1138/1020
f 1264/1139/1021 1263/1138/1020 1262/1137/1019
f 1266/1141/1023 1025/906/831 1263/1138/1020
f 1266/1141/1023 1263/1138/1020 1265/1140/1022
f 995/907/832 1025/906/831 1266/1141/1023
f 995/907/832 1266/1141/1023 998/1142/1024
f 1267/1143/1025 1006/890/817 1266/1141/1023
f 1267/1143/1025 1266/1141/1023 1265/1140/1022
f 981/893/802 998/1142/1024 1266/1141/1023
f 981/893/802 1266/1141/1023 1006/890/817
f 1264/1139/1021 1268/1144/1026 1267/1143/1025
f 1264/1139/1021 1267/1143/1025 1265/1140/1022
f 1269/1145/1027 1270/1146/1028 1267/1143/1025
f 1269/1145/1027 1267/1143/1025 1268/1144/1026
f 1007/891/818 1006/890/817 1267/1143/1025
f 1007/891/818 1267/1143/1025 1270/1146/1028
f 1271/1147/1029 1272/1148/1030 1270/1146/1028
f 1271/1147/1029 1270/1146/1028 1269/1145/1027
f 1273/1149/1031 1007/891/818 1270/1146/1028
f 1273/1149/1031 1270/1146/1028 1272/1148/1030
f 983/892/807 1007/891/818 1273/1149/1031
f 983/892/807 1273/1149/1031 1004/1150/816
f 1275/1151/1032 1276/1152/1033 1273/1149/1031
f 1275/1151/1032 1273/1149/1031 1272/1148/1030
f 1278/1153/1034 1005/889/816 1274/1154/1031
f 1278/1153/1034 1274/1154/1031 1277/1155/1033
f 1003/886/815 1005/889/816 1278/1153/1034
f 1003/886/815 1278/1153/1034 1279/1156/1035
f 1282/1157/1036 990/876/806 1278/1153/1034
f 1282/1157/1036 1278/1153/1034 1277/1155/1033
f 988/875/805 1279/1156/1035 1278/1153/1034
f 988/875/805 1278/1153/1034 990/876/806
f 1275/1151/1032 1284/1158/1037 1280/1159/1036
f 1275/1151/1032 1280/1159/1036 1276/1152/1033
f 1287/1160/1038 1288/1161/1039 1281/1162/1036
f 1287/1160/1038 1281/1162/1036 1285/1163/1037
f 984/880/807 989/1164/806 1281/1162/1036
f 984/880/807 1281/1162/1036 1288/1161/1039
f 1290/1165/1040 1291/1166/1041 1288/1161/1039
f 1290/1165/1040 1288/1161/1039 1287/1160/1038
f 994/881/810 984/880/807 1288/1161/1039
f 994/881/810 1288/1161/1039 1291/1166/1041
f 1293/1167/1042 1295/1168/1043 1291/1166/1041
f 1293/1167/1042 1291/1166/1041 1290/1165/1040
f 1296/1169/1044 994/881/810 1291/1166/1041
f 1296/1169/1044 1291/1166/1041 1295/1168/1043
f 993/879/809 994/881/810 1296/1169/1044
f 993/879/809 1296/1169/1044 1001/1170/814
f 1299/1171/1045 1008/1172/819 1296/1169/1044
f 1299/1171/1045 1296/1169/1044 1295/1168/1043
f 1000/884/813 1002/885/814 1297/1173/1044
f 1000/884/813 1297/1173/1044 1009/894/819
f 1292/1174/1042 1300/1175/1046 1298/1176/1045
f 1292/1174/1042 1298/1176/1045 1294/1177/1043
f 1301/1178/1047 1302/1179/1048 1298/1176/1045
f 1301/1178/1047 1298/1176/1045 1300/1175/1046
f 1010/1180/820 1008/1172/819 1299/1171/1045
f 1010/1180/820 1299/1171/1045 1303/1181/1048
f 1305/1182/1049 1306/1183/1050 1302/1179/1048
f 1305/1182/1049 1302/1179/1048 1301/1178/1047
f 1030/913/838 1011/914/820 1304/1184/1048
f 1030/913/838 1304/1184/1048 1307/1185/1050
f 1308/1186/1051 1309/1187/1052 1306/1183/1050
f 1308/1186/1051 1306/1183/1050 1305/1182/1049
f 1029/912/837 1030/913/838 1307/1185/1050
f 1029/912/837 1307/1185/1050 1310/1188/1052
f 1311/1189/1053 1312/1190/1054 1309/1187/1052
f 1311/1189/1053 1309/1187/1052 1308/1186/1051
f 1314/1191/1055 1029/912/837 1310/1188/1052
f 1314/1191/1055 1310/1188/1052 1313/1192/1056
f 1022/904/829 1029/912/837 1314/1191/1055
f 1022/904/829 1314/1191/1055 1315/1193/1057
f 1317/1194/1058 1319/1195/1059 1314/1191/1055
f 1317/1194/1058 1314/1191/1055 1313/1192/1056
f 1321/1196/1060 1315/1193/1057 1314/1191/1055
f 1321/1196/1060 1314/1191/1055 1319/1195/1059
f 1322/1197/1061 1315/1193/1057 1321/1196/1060
f 1322/1197/1061 1321/1196/1060 1324/1198/1062
f 1325/1199/1063 1326/1200/1064 1320/1201/1065
f 1325/1199/1063 1320/1201/1065 1318/1202/1066
f 1327/1203/1067 1323/1204/1062 1320/1201/1065
f 1327/1203/1067 1320/1201/1065 1326/1200/1064
f 1328/1205/1068 1323/1204/1062 1327/1203/1067
f 1328/1205/1068 1327/1203/1067 1331/1206/1069
f 1028/911/836 1015/897/822 1327/1203/1067
f 1028/911/836 1327/1203/1067 1326/1200/1064
f 1014/896/821 1331/1206/1069 1327/1203/1067
f 1014/896/821 1327/1203/1067 1015/897/822
f 1334/1207/1070 1335/1208/1071 1329/1209/1068
f 1334/1207/1070 1329/1209/1068 1337/1210/1072
f 1322/1197/1061 1324/1198/1062 1329/1209/1068
f 1322/1197/1061 1329/1209/1068 1335/1208/1071
f 960/1211/790 1336/1212/1073 1328/1205/1068
f 960/1211/790 1328/1205/1068 1331/1206/1069
f 1339/1213/1074 1020/900/825 1335/1208/1071
f 1339/1213/1074 1335/1208/1071 1334/1207/1070
f 1021/903/828 1322/1197/1061 1335/1208/1071
f 1021/903/828 1335/1208/1071 1020/900/825
f 945/845/778 964/861/793 1338/1214/1074
f 945/845/778 1338/1214/1074 946/846/779
f 1019/901/826 1020/900/825 1339/1213/1074
f 1019/901/826 1339/1213/1074 966/1215/793
f 954/1216/786 946/846/779 1338/1214/1074
f 954/1216/786 1338/1214/1074 1332/1217/1070
f 958/856/789 955/853/786 1333/1218/1070
f 958/856/789 1333/1218/1070 1336/1212/1073
f 957/855/788 958/856/789 1336/1212/1073
f 957/855/788 1336/1212/1073 960/1211/790
f 961/858/791 959/857/790 1330/1219/1075
f 961/858/791 1330/1219/1075 1013/1220/821
f 1027/910/835 1028/911/836 1326/1200/1064
f 1027/910/835 1326/1200/1064 1325/1199/1063
f 1316/1221/1058 1340/1222/1076 1325/1199/1063
f 1316/1221/1058 1325/1199/1063 1318/1202/1066
f 1259/1134/1016 1027/910/835 1325/1199/1063
f 1259/1134/1016 1325/1199/1063 1340/1222/1076
f 1341/1223/1077 1253/1129/1011 1340/1222/1076
f 1341/1223/1077 1340/1222/1076 1316/1221/1058
f 1254/1130/1012 1259/1134/1016 1340/1222/1076
f 1254/1130/1012 1340/1222/1076 1253/1129/1011
f 1312/1190/1054 1311/1189/1053 1341/1223/1077
f 1312/1190/1054 1341/1223/1077 1316/1221/1058
f 1035/922/841 1043/921/844 1341/1223/1077
f 1035/922/841 1341/1223/1077 1311/1189/1053
f 1248/1124/1007 1253/1129/1011 1341/1223/1077
f 1248/1124/1007 1341/1223/1077 1043/921/844
f 1022/904/829 1315/1193/1057 1322/1197/1061
f 1022/904/829 1322/1197/1061 1021/903/828
f 1039/1224/842 1035/922/841 1311/1189/1053
f 1039/1224/842 1311/1189/1053 1308/1186/1051
f 1342/1225/1078 1039/1224/842 1308/1186/1051
f 1342/1225/1078 1308/1186/1051 1305/1182/1049
f 1301/1178/1047 1343/1226/1079 1342/1225/1078
f 1301/1178/1047 1342/1225/1078 1305/1182/1049
f 1344/1227/1080 1346/1228/1081 1342/1225/1078
f 1344/1227/1080 1342/1225/1078 1343/1226/1079
f 1031/1229/839 1039/1224/842 1342/1225/1078
f 1031/1229/839 1342/1225/1078 1346/1228/1081
f 1348/1230/1082 1350/1231/1083 1347/1232/1081
f 1348/1230/1082 1347/1232/1081 1345/1233/1080
f 1352/1234/1084 1032/916/839 1347/1232/1081
f 1352/1234/1084 1347/1232/1081 1350/1231/1083
f 1353/1235/1085 1355/1236/1086 1351/1237/1084
f 1353/1235/1085 1351/1237/1084 1349/1238/1087
f 1356/1239/1088 1357/1240/1089 1351/1237/1084
f 1356/1239/1088 1351/1237/1084 1355/1236/1086
f 1034/917/840 1032/916/839 1352/1234/1084
f 1034/917/840 1352/1234/1084 1358/1241/1090
f 1359/1242/1091 1360/1243/1092 1357/1240/1089
f 1359/1242/1091 1357/1240/1089 1356/1239/1088
f 1046/924/846 1033/927/848 1357/1240/1089
f 1046/924/846 1357/1240/1089 1360/1243/1092
f 1361/1244/1093 1362/1245/1094 1360/1243/1092
f 1361/1244/1093 1360/1243/1092 1359/1242/1091
f 1363/1246/1095 1046/924/846 1360/1243/1092
f 1363/1246/1095 1360/1243/1092 1362/1245/1094
f 1047/925/847 1046/924/846 1363/1246/1095
f 1047/925/847 1363/1246/1095 1364/1247/1096
f 1365/1248/1097 1366/1249/1098 1363/1246/1095
f 1365/1248/1097 1363/1246/1095 1362/1245/1094
f 1367/1250/1099 1364/1247/1096 1363/1246/1095
f 1367/1250/1099 1363/1246/1095 1366/1249/1098
f 1368/1251/1100 1364/1247/1096 1367/1250/1099
f 1368/1251/1100 1367/1250/1099 1369/1252/1101
f 1370/1253/1102 1371/1254/1103 1367/1250/1099
f 1370/1253/1102 1367/1250/1099 1366/1249/1098
f 1372/1255/1104 1369/1252/1101 1367/1250/1099
f 1372/1255/1104 1367/1250/1099 1371/1254/1103
f 1191/1068/962 1369/1252/1101 1372/1255/1104
f 1191/1068/962 1372/1255/1104 1194/1071/964
f 1373/1256/1105 1374/1257/1106 1372/1255/1104
f 1373/1256/1105 1372/1255/1104 1371/1254/1103
f 1198/1074/966 1194/1071/964 1372/1255/1104
f 1198/1074/966 1372/1255/1104 1374/1257/1106
f 1375/1258/1107 1376/1259/1108 1374/1257/1106
f 1375/1258/1107 1374/1257/1106 1373/1256/1105
f 1202/1260/968 1198/1074/966 1374/1257/1106
f 1202/1260/968 1374/1257/1106 1376/1259/1108
f 1377/1261/1109 1378/1262/1110 1376/1259/1108
f 1377/1261/1109 1376/1259/1108 1375/1258/1107
f 1205/1263/971 1202/1260/968 1376/1259/1108
f 1205/1263/971 1376/1259/1108 1378/1262/1110
f 1379/1264/1111 1380/1265/1112 1378/1262/1110
f 1379/1264/1111 1378/1262/1110 1377/1261/1109
f 1208/1266/973 1205/1263/971 1378/1262/1110
f 1208/1266/973 1378/1262/1110 1380/1265/1112
f 1381/1267/1113 1382/1268/1114 1380/1265/1112
f 1381/1267/1113 1380/1265/1112 1379/1264/1111
f 1211/1269/975 1208/1266/973 1380/1265/1112
f 1211/1269/975 1380/1265/1112 1382/1268/1114
f 1383/1270/1115 1384/1271/1116 1382/1268/1114
f 1383/1270/1115 1382/1268/1114 1381/1267/1113
f 1214/1272/977 1211/1269/975 1382/1268/1114
f 1214/1272/977 1382/1268/1114 1384/1271/1116
f 1385/1273/1117 1386/1274/1118 1384/1271/1116
f 1385/1273/1117 1384/1271/1116 1383/1270/1115
f 1217/1092/979 1214/1272/977 1384/1271/1116
f 1217/1092/979 1384/1271/1116 1386/1274/1118
f 1231/1107/992 1230/1106/991 1386/1274/1118
f 1231/1107/992 1386/1274/1118 1385/1273/1117
f 1223/1093/983 1217/1092/979 1386/1274/1118
f 1223/1093/983 1386/1274/1118 1230/1106/991
f 1387/1275/1119 1388/1276/1120 1385/1273/1117
f 1387/1275/1119 1385/1273/1117 1383/1270/1115
f 1232/1108/993 1231/1107/992 1385/1273/1117
f 1232/1108/993 1385/1273/1117 1388/1276/1120
f 1389/1277/1121 1390/1278/1122 1388/1276/1120
f 1389/1277/1121 1388/1276/1120 1387/1275/1119
f 1234/1110/995 1232/1108/993 1388/1276/1120
f 1234/1110/995 1388/1276/1120 1390/1278/1122
f 1391/1279/1123 1392/1280/1124 1390/1278/1122
f 1391/1279/1123 1390/1278/1122 1389/1277/1121
f 1393/1281/1125 1234/1110/995 1390/1278/1122
f 1393/1281/1125 1390/1278/1122 1392/1280/1124
f 1394/1282/1126 1395/1283/1127 1393/1281/1125
f 1394/1282/1126 1393/1281/1125 1392/1280/1124
f 1396/1284/1128 1237/1113/998 1393/1281/1125
f 1396/1284/1128 1393/1281/1125 1395/1283/1127
f 1235/1111/996 1234/1110/995 1393/1281/1125
f 1235/1111/996 1393/1281/1125 1237/1113/998
f 1397/1285/1129 1398/1286/1130 1396/1284/1128
f 1397/1285/1129 1396/1284/1128 1395/1283/1127
f 1399/1287/1131 1400/1288/1132 1396/1284/1128
f 1399/1287/1131 1396/1284/1128 1398/1286/1130
f 1238/1114/999 1237/1113/998 1396/1284/1128
f 1238/1114/999 1396/1284/1128 1400/1288/1132
f 1401/1289/1133 1402/1290/1134 1400/1288/1132
f 1401/1289/1133 1400/1288/1132 1399/1287/1131
f 1239/1115/1000 1238/1114/999 1400/1288/1132
f 1239/1115/1000 1400/1288/1132 1402/1290/1134
f 1403/1291/1135 1404/1292/1136 1402/1290/1134
f 1403/1291/1135 1402/1290/1134 1401/1289/1133
f 1241/1117/1002 1239/1115/1000 1402/1290/1134
f 1241/1117/1002 1402/1290/1134 1404/1292/1136
f 1405/1293/1137 1406/1294/1138 1404/1292/1136
f 1405/1293/1137 1404/1292/1136 1403/1291/1135
f 1243/1120/1004 1241/1117/1002 1404/1292/1136
f 1243/1120/1004 1404/1292/1136 1406/1294/1138
f 1407/1295/1139 1408/1296/1140 1406/1294/1138
f 1407/1295/1139 1406/1294/1138 1405/1293/1137
f 1409/1297/1141 1243/1120/1004 1406/1294/1138
f 1409/1297/1141 1406/1294/1138 1408/1296/1140
f 1245/1121/1005 1243/1120/1004 1409/1297/1141
f 1245/1121/1005 1409/1297/1141 1250/1298/1008
f 1410/1299/1142 1411/1300/1143 1409/1297/1141
f 1410/1299/1142 1409/1297/1141 1408/1296/1140
f 1413/1301/1144 1250/1298/1008 1409/1297/1141
f 1413/1301/1144 1409/1297/1141 1411/1300/1143
f 1251/1126/1009 1249/1125/1008 1412/1302/1144
f 1251/1126/1009 1412/1302/1144 1255/1131/1013
f 1414/1303/1145 1416/1304/1146 1413/1301/1144
f 1414/1303/1145 1413/1301/1144 1411/1300/1143
f 1418/1305/1147 1256/1306/1013 1413/1301/1144
f 1418/1305/1147 1413/1301/1144 1416/1304/1146
f 1257/1132/1014 1255/1131/1013 1417/1307/1148
f 1257/1132/1014 1417/1307/1148 1261/1136/1018
f 1419/1308/1149 1421/1309/1150 1417/1307/1148
f 1419/1308/1149 1417/1307/1148 1415/1310/1146
f 1422/1311/1151 1261/1136/1018 1417/1307/1148
f 1422/1311/1151 1417/1307/1148 1421/1309/1150
f 1262/1137/1019 1261/1136/1018 1422/1311/1151
f 1262/1137/1019 1422/1311/1151 1264/1139/1021
f 1423/1312/1152 1424/1313/1153 1422/1311/1151
f 1423/1312/1152 1422/1311/1151 1421/1309/1150
f 1268/1144/1026 1264/1139/1021 1422/1311/1151
f 1268/1144/1026 1422/1311/1151 1424/1313/1153
f 1425/1314/1154 1427/1315/1155 1424/1313/1153
f 1425/1314/1154 1424/1313/1153 1423/1312/1152
f 1269/1145/1027 1268/1144/1026 1424/1313/1153
f 1269/1145/1027 1424/1313/1153 1427/1315/1155
f 1428/1316/1156 1430/1317/1157 1427/1315/1155
f 1428/1316/1156 1427/1315/1155 1425/1314/1154
f 1271/1147/1029 1269/1145/1027 1427/1315/1155
f 1271/1147/1029 1427/1315/1155 1430/1317/1157
f 1431/1318/1158 1433/1319/1159 1430/1317/1157
f 1431/1318/1158 1430/1317/1157 1428/1316/1156
f 1434/1320/1160 1271/1147/1029 1430/1317/1157
f 1434/1320/1160 1430/1317/1157 1433/1319/1159
f 1272/1148/1030 1271/1147/1029 1434/1320/1160
f 1272/1148/1030 1434/1320/1160 1275/1151/1032
f 1436/1321/1161 1439/1322/1162 1434/1320/1160
f 1436/1321/1161 1434/1320/1160 1433/1319/1159
f 1284/1158/1037 1275/1151/1032 1434/1320/1160
f 1284/1158/1037 1434/1320/1160 1439/1322/1162
f 1440/1323/1163 1442/1324/1164 1438/1325/1162
f 1440/1323/1163 1438/1325/1162 1435/1326/1161
f 1286/1327/1038 1283/1328/1037 1438/1325/1162
f 1286/1327/1038 1438/1325/1162 1442/1324/1164
f 1443/1329/1165 1445/1330/1166 1442/1324/1164
f 1443/1329/1165 1442/1324/1164 1440/1323/1163
f 1289/1331/1040 1286/1327/1038 1442/1324/1164
f 1289/1331/1040 1442/1324/1164 1445/1330/1166
f 1446/1332/1167 1448/1333/1168 1445/1330/1166
f 1446/1332/1167 1445/1330/1166 1443/1329/1165
f 1292/1174/1042 1289/1331/1040 1445/1330/1166
f 1292/1174/1042 1445/1330/1166 1448/1333/1168
f 1449/1334/1169 1451/1335/1170 1448/1333/1168
f 1449/1334/1169 1448/1333/1168 1446/1332/1167
f 1300/1175/1046 1292/1174/1042 1448/1333/1168
f 1300/1175/1046 1448/1333/1168 1451/1335/1170
f 1344/1227/1080 1343/1226/1079 1451/1335/1170
f 1344/1227/1080 1451/1335/1170 1449/1334/1169
f 1301/1178/1047 1300/1175/1046 1451/1335/1170
f 1301/1178/1047 1451/1335/1170 1343/1226/1079
f 1452/1336/1171 1453/1337/1172 1450/1338/1169
f 1452/1336/1171 1450/1338/1169 1447/1339/1167
f 1348/1230/1082 1345/1233/1080 1450/1338/1169
f 1348/1230/1082 1450/1338/1169 1453/1337/1172
f 1454/1340/1173 1456/1341/1174 1453/1337/1172
f 1454/1340/1173 1453/1337/1172 1452/1336/1171
f 1458/1342/1175 1348/1230/1082 1453/1337/1172
f 1458/1342/1175 1453/1337/1172 1456/1341/1174
f 1459/1343/1176 1461/1344/1177 1457/1345/1175
f 1459/1343/1176 1457/1345/1175 1455/1346/1174
f 1462/1347/1178 1353/1235/1085 1457/1345/1175
f 1462/1347/1178 1457/1345/1175 1461/1344/1177
f 1350/1231/1083 1348/1230/1082 1458/1342/1175
f 1350/1231/1083 1458/1342/1175 1354/1348/1085
f 1463/1349/1179 1464/1350/1180 1462/1347/1178
f 1463/1349/1179 1462/1347/1178 1461/1344/1177
f 1465/1351/1181 1466/1352/1182 1462/1347/1178
f 1465/1351/1181 1462/1347/1178 1464/1350/1180
f 1355/1236/1086 1353/1235/1085 1462/1347/1178
f 1355/1236/1086 1462/1347/1178 1466/1352/1182
f 1467/1353/1183 1468/1354/1184 1466/1352/1182
f 1467/1353/1183 1466/1352/1182 1465/1351/1181
f 1356/1239/1088 1355/1236/1086 1466/1352/1182
f 1356/1239/1088 1466/1352/1182 1468/1354/1184
f 1469/1355/1185 1470/1356/1186 1468/1354/1184
f 1469/1355/1185 1468/1354/1184 1467/1353/1183
f 1359/1242/1091 1356/1239/1088 1468/1354/1184
f 1359/1242/1091 1468/1354/1184 1470/1356/1186
f 1471/1357/1187 1472/1358/1188 1470/1356/1186
f 1471/1357/1187 1470/1356/1186 1469/1355/1185
f 1361/1244/1093 1359/1242/1091 1470/1356/1186
f 1361/1244/1093 1470/1356/1186 1472/1358/1188
f 1473/1359/1189 1474/1360/1190 1472/1358/1188
f 1473/1359/1189 1472/1358/1188 1471/1357/1187
f 1475/1361/1191 1361/1244/1093 1472/1358/1188
f 1475/1361/1191 1472/1358/1188 1474/1360/1190
f 1362/1245/1094 1361/1244/1093 1475/1361/1191
f 1362/1245/1094 1475/1361/1191 1365/1248/1097
f 1476/1362/1192 1477/1363/1193 1475/1361/1191
f 1476/1362/1192 1475/1361/1191 1474/1360/1190
f 1478/1364/1194 1365/1248/1097 1475/1361/1191
f 1478/1364/1194 1475/1361/1191 1477/1363/1193
f 1366/1249/1098 1365/1248/1097 1478/1364/1194
f 1366/1249/1098 1478/1364/1194 1370/1253/1102
f 1479/1365/1195 1480/1366/1196 1478/1364/1194
f 1479/1365/1195 1478/1364/1194 1477/1363/1193
f 1481/1367/1197 1370/1253/1102 1478/1364/1194
f 1481/1367/1197 1478/1364/1194 1480/1366/1196
f 1371/1254/1103 1370/1253/1102 1481/1367/1197
f 1371/1254/1103 1481/1367/1197 1373/1256/1105
f 1482/1368/1198 1483/1369/1199 1481/1367/1197
f 1482/1368/1198 1481/1367/1197 1480/1366/1196
f 1375/1258/1107 1373/1256/1105 1481/1367/1197
f 1375/1258/1107 1481/1367/1197 1483/1369/1199
f 1484/1370/1200 1485/1371/1201 1483/1369/1199
f 1484/1370/1200 1483/1369/1199 1482/1368/1198
f 1377/1261/1109 1375/1258/1107 1483/1369/1199
f 1377/1261/1109 1483/1369/1199 1485/1371/1201
f 1486/1372/1202 1487/1373/1203 1485/1371/1201
f 1486/1372/1202 1485/1371/1201 1484/1370/1200
f 1379/1264/1111 1377/1261/1109 1485/1371/1201
f 1379/1264/1111 1485/1371/1201 1487/1373/1203
f 1488/1374/1204 1489/1375/1205 1487/1373/1203
f 1488/1374/1204 1487/1373/1203 1486/1372/1202
f 1381/1267/1113 1379/1264/1111 1487/1373/1203
f 1381/1267/1113 1487/1373/1203 1489/1375/1205
f 1389/1277/1121 1387/1275/1119 1489/1375/1205
f 1389/1277/1121 1489/1375/1205 1488/1374/1204
f 1383/1270/1115 1381/1267/1113 1489/1375/1205
f 1383/1270/1115 1489/1375/1205 1387/1275/1119
f 1490/1376/1206 1491/1377/1207 1488/1374/1204
f 1490/1376/1206 1488/1374/1204 1486/1372/1202
f 1391/1279/1123 1389/1277/1121 1488/1374/1204
f 1391/1279/1123 1488/1374/1204 1491/1377/1207
f 1492/1378/1208 1493/1379/1209 1491/1377/1207
f 1492/1378/1208 1491/1377/1207 1490/1376/1206
f 1494/1380/1210 1391/1279/1123 1491/1377/1207
f 1494/1380/1210 1491/1377/1207 1493/1379/1209
f 1495/1381/1211 1496/1382/1212 1494/1380/1210
f 1495/1381/1211 1494/1380/1210 1493/1379/1209
f 1497/1383/1213 1394/1282/1126 1494/1380/1210
f 1497/1383/1213 1494/1380/1210 1496/1382/1212
f 1392/1280/1124 1391/1279/1123 1494/1380/1210
f 1392/1280/1124 1494/1380/1210 1394/1282/1126
f 1498/1384/1214 1499/1385/1215 1497/1383/1213
f 1498/1384/1214 1497/1383/1213 1496/1382/1212
f 1500/1386/1216 1397/1285/1129 1497/1383/1213
f 1500/1386/1216 1497/1383/1213 1499/1385/1215
f 1395/1283/1127 1394/1282/1126 1497/1383/1213
f 1395/1283/1127 1497/1383/1213 1397/1285/1129
f 1501/1387/1217 1502/1388/1218 1500/1386/1216
f 1501/1387/1217 1500/1386/1216 1499/1385/1215
f 1503/1389/1219 1504/1390/1220 1500/1386/1216
f 1503/1389/1219 1500/1386/1216 1502/1388/1218
f 1398/1286/1130 1397/1285/1129 1500/1386/1216
f 1398/1286/1130 1500/1386/1216 1504/1390/1220
f 1505/1391/1221 1506/1392/1222 1504/1390/1220
f 1505/1391/1221 1504/1390/1220 1503/1389/1219
f 1399/1287/1131 1398/1286/1130 1504/1390/1220
f 1399/1287/1131 1504/1390/1220 1506/1392/1222
f 1507/1393/1223 1508/1394/1224 1506/1392/1222
f 1507/1393/1223 1506/1392/1222 1505/1391/1221
f 1401/1289/1133 1399/1287/1131 1506/1392/1222
f 1401/1289/1133 1506/1392/1222 1508/1394/1224
f 1509/1395/1225 1510/1396/1226 1508/1394/1224
f 1509/1395/1225 1508/1394/1224 1507/1393/1223
f 1403/1291/1135 1401/1289/1133 1508/1394/1224
f 1403/1291/1135 1508/1394/1224 1510/1396/1226
f 1511/1397/1227 1512/1398/1228 1510/1396/1226
f 1511/1397/1227 1510/1396/1226 1509/1395/1225
f 1405/1293/1137 1403/1291/1135 1510/1396/1226
f 1405/1293/1137 1510/1396/1226 1512/1398/1228
f 746/672/622 1513/1399/1229 1512/1398/1228
f 746/672/622 1512/1398/1228 1511/1397/1227
f 1407/1295/1139 1405/1293/1137 1512/1398/1228
f 1407/1295/1139 1512/1398/1228 1513/1399/1229
f 745/671/621 1514/1400/1230 1513/1399/1229
f 745/671/621 1513/1399/1229 746/672/622
f 1515/1401/1231 1407/1295/1139 1513/1399/1229
f 1515/1401/1231 1513/1399/1229 1514/1400/1230
f 1408/1296/1140 1407/1295/1139 1515/1401/1231
f 1408/1296/1140 1515/1401/1231 1410/1299/1142
f 1516/1402/1232 1517/1403/1233 1515/1401/1231
f 1516/1402/1232 1515/1401/1231 1514/1400/1230
f 1518/1404/1234 1410/1299/1142 1515/1401/1231
f 1518/1404/1234 1515/1401/1231 1517/1403/1233
f 1411/1300/1143 1410/1299/1142 1518/1404/1234
f 1411/1300/1143 1518/1404/1234 1414/1303/1145
f 1519/1405/1235 1520/1406/1236 1518/1404/1234
f 1519/1405/1235 1518/1404/1234 1517/1403/1233
f 1521/1407/1237 1414/1303/1145 1518/1404/1234
f 1521/1407/1237 1518/1404/1234 1520/1406/1236
f 1416/1304/1146 1414/1303/1145 1521/1407/1237
f 1416/1304/1146 1521/1407/1237 1420/1408/1149
f 931/833/766 930/831/765 1521/1407/1237
f 931/833/766 1521/1407/1237 1520/1406/1236
f 929/830/764 1420/1408/1149 1521/1407/1237
f 929/830/764 1521/1407/1237 930/831/765
f 1522/1409/1238 931/833/766 1520/1406/1236
f 1522/1409/1238 1520/1406/1236 1519/1405/1235
f 1523/1410/1239 1524/1411/1240 1522/1409/1238
f 1523/1410/1239 1522/1409/1238 1519/1405/1235
f 1525/1412/1241 1526/1413/1242 1522/1409/1238
f 1525/1412/1241 1522/1409/1238 1524/1411/1240
f 921/823/759 931/833/766 1522/1409/1238
f 921/823/759 1522/1409/1238 1526/1413/1242
f 1527/1414/1243 1528/1415/1244 1526/1413/1242
f 1527/1414/1243 1526/1413/1242 1525/1412/1241
f 918/824/760 921/823/759 1526/1413/1242
f 918/824/760 1526/1413/1242 1528/1415/1244
f 1529/1416/1245 1531/1417/1246 1528/1415/1244
f 1529/1416/1245 1528/1415/1244 1527/1414/1243
f 942/1418/777 918/824/760 1528/1415/1244
f 942/1418/777 1528/1415/1244 1531/1417/1246
f 1533/1419/1247 1534/1420/1248 1532/1421/1249
f 1533/1419/1247 1532/1421/1249 1530/1422/1250
f 1535/1423/1251 943/1424/777 1532/1421/1249
f 1535/1423/1251 1532/1421/1249 1534/1420/1248
f 941/843/776 944/844/777 1536/1425/1251
f 941/843/776 1536/1425/1251 1454/1340/1173
f 1537/1426/1252 1459/1343/1176 1535/1423/1251
f 1537/1426/1252 1535/1423/1251 1534/1420/1248
f 1456/1341/1174 1454/1340/1173 1536/1425/1251
f 1456/1341/1174 1536/1425/1251 1460/1427/1176
f 1533/1419/1247 1538/1428/1253 1537/1426/1252
f 1533/1419/1247 1537/1426/1252 1534/1420/1248
f 1539/1429/1254 1463/1349/1179 1537/1426/1252
f 1539/1429/1254 1537/1426/1252 1538/1428/1253
f 1461/1344/1177 1459/1343/1176 1537/1426/1252
f 1461/1344/1177 1537/1426/1252 1463/1349/1179
f 1540/1430/1255 1541/1431/1256 1539/1429/1254
f 1540/1430/1255 1539/1429/1254 1538/1428/1253
f 1542/1432/1257 1543/1433/1258 1539/1429/1254
f 1542/1432/1257 1539/1429/1254 1541/1431/1256
f 1464/1350/1180 1463/1349/1179 1539/1429/1254
f 1464/1350/1180 1539/1429/1254 1543/1433/1258
f 699/634/586 1544/1434/1259 1543/1433/1258
f 699/634/586 1543/1433/1258 1542/1432/1257
f 1465/1351/1181 1464/1350/1180 1543/1433/1258
f 1465/1351/1181 1543/1433/1258 1544/1434/1259
f 697/632/584 1545/1435/1260 1544/1434/1259
f 697/632/584 1544/1434/1259 699/634/586
f 1467/1353/1183 1465/1351/1181 1544/1434/1259
f 1467/1353/1183 1544/1434/1259 1545/1435/1260
f 48/34/34 1546/1436/1261 1545/1435/1260
f 48/34/34 1545/1435/1260 697/632/584
f 1469/1355/1185 1467/1353/1183 1545/1435/1260
f 1469/1355/1185 1545/1435/1260 1546/1436/1261
f 51/37/37 1547/1437/1262 1546/1436/1261
f 51/37/37 1546/1436/1261 48/34/34
f 1471/1357/1187 1469/1355/1185 1546/1436/1261
f 1471/1357/1187 1546/1436/1261 1547/1437/1262
f 52/38/38 1548/1438/1263 1547/1437/1262
f 52/38/38 1547/1437/1262 51/37/37
f 1473/1359/1189 1471/1357/1187 1547/1437/1262
f 1473/1359/1189 1547/1437/1262 1548/1438/1263
f 700/635/587 1549/1439/1264 1548/1438/1263
f 700/635/587 1548/1438/1263 52/38/38
f 1550/1440/1265 1473/1359/1189 1548/1438/1263
f 1550/1440/1265 1548/1438/1263 1549/1439/1264
f 1474/1360/1190 1473/1359/1189 1550/1440/1265
f 1474/1360/1190 1550/1440/1265 1476/1362/1192
f 1551/1441/1266 1552/1442/1267 1550/1440/1265
f 1551/1441/1266 1550/1440/1265 1549/1439/1264
f 1553/1443/1268 1476/1362/1192 1550/1440/1265
f 1553/1443/1268 1550/1440/1265 1552/1442/1267
f 1477/1363/1193 1476/1362/1192 1553/1443/1268
f 1477/1363/1193 1553/1443/1268 1479/1365/1195
f 1554/1444/1269 1555/1445/1270 1553/1443/1268
f 1554/1444/1269 1553/1443/1268 1552/1442/1267
f 1556/1446/1271 1479/1365/1195 1553/1443/1268
f 1556/1446/1271 1553/1443/1268 1555/1445/1270
f 1480/1366/1196 1479/1365/1195 1556/1446/1271
f 1480/1366/1196 1556/1446/1271 1482/1368/1198
f 1557/1447/1272 1558/1448/1273 1556/1446/1271
f 1557/1447/1272 1556/1446/1271 1555/1445/1270
f 1484/1370/1200 1482/1368/1198 1556/1446/1271
f 1484/1370/1200 1556/1446/1271 1558/1448/1273
f 1492/1378/1208 1490/1376/1206 1558/1448/1273
f 1492/1378/1208 1558/1448/1273 1557/1447/1272
f 1486/1372/1202 1484/1370/1200 1558/1448/1273
f 1486/1372/1202 1558/1448/1273 1490/1376/1206
f 1554/1444/1269 1559/1449/1274 1557/1447/1272
f 1554/1444/1269 1557/1447/1272 1555/1445/1270
f 1560/1450/1275 1492/1378/1208 1557/1447/1272
f 1560/1450/1275 1557/1447/1272 1559/1449/1274
f 1561/1451/1276 1562/1452/1277 1560/1450/1275
f 1561/1451/1276 1560/1450/1275 1559/1449/1274
f 1563/1453/1278 1495/1381/1211 1560/1450/1275
f 1563/1453/1278 1560/1450/1275 1562/1452/1277
f 1493/1379/1209 1492/1378/1208 1560/1450/1275
f 1493/1379/1209 1560/1450/1275 1495/1381/1211
f 714/645/597 713/644/596 1563/1453/1278
f 714/645/597 1563/1453/1278 1562/1452/1277
f 1564/1454/1279 1498/1384/1214 1563/1453/1278
f 1564/1454/1279 1563/1453/1278 713/644/596
f 1496/1382/1212 1495/1381/1211 1563/1453/1278
f 1496/1382/1212 1563/1453/1278 1498/1384/1214
f 716/647/599 1565/1455/1280 1564/1454/1279
f 716/647/599 1564/1454/1279 713/644/596
f 1566/1456/1281 1501/1387/1217 1564/1454/1279
f 1566/1456/1281 1564/1454/1279 1565/1455/1280
f 1499/1385/1215 1498/1384/1214 1564/1454/1279
f 1499/1385/1215 1564/1454/1279 1501/1387/1217
f 1567/1457/1282 1568/1458/1283 1566/1456/1281
f 1567/1457/1282 1566/1456/1281 1565/1455/1280
f 1569/1459/1284 1570/1460/1285 1566/1456/1281
f 1569/1459/1284 1566/1456/1281 1568/1458/1283
f 1502/1388/1218 1501/1387/1217 1566/1456/1281
f 1502/1388/1218 1566/1456/1281 1570/1460/1285
f 1571/1461/1286 1572/1462/1287 1570/1460/1285
f 1571/1461/1286 1570/1460/1285 1569/1459/1284
f 1503/1389/1219 1502/1388/1218 1570/1460/1285
f 1503/1389/1219 1570/1460/1285 1572/1462/1287
f 1573/1463/1288 1574/1464/1289 1572/1462/1287
f 1573/1463/1288 1572/1462/1287 1571/1461/1286
f 1505/1391/1221 1503/1389/1219 1572/1462/1287
f 1505/1391/1221 1572/1462/1287 1574/1464/1289
f 1575/1465/1290 1576/1466/1291 1574/1464/1289
f 1575/1465/1290 1574/1464/1289 1573/1463/1288
f 1507/1393/1223 1505/1391/1221 1574/1464/1289
f 1507/1393/1223 1574/1464/1289 1576/1466/1291
f 1577/1467/1292 1578/1468/1293 1576/1466/1291
f 1577/1467/1292 1576/1466/1291 1575/1465/1290
f 1509/1395/1225 1507/1393/1223 1576/1466/1291
f 1509/1395/1225 1576/1466/1291 1578/1468/1293
f 1579/1469/1294 1580/1470/1295 1578/1468/1293
f 1579/1469/1294 1578/1468/1293 1577/1467/1292
f 1511/1397/1227 1509/1395/1225 1578/1468/1293
f 1511/1397/1227 1578/1468/1293 1580/1470/1295
f 744/1471/620 710/673/623 1580/1470/1295
f 744/1471/620 1580/1470/1295 1579/1469/1294
f 746/672/622 1511/1397/1227 1580/1470/1295
f 746/672/622 1580/1470/1295 710/673/623
f 1581/1472/1296 633/571/532 1579/1469/1294
f 1581/1472/1296 1579/1469/1294 1577/1467/1292
f 635/574/533 744/1471/620 1579/1469/1294
f 635/574/533 1579/1469/1294 633/571/532
f 1575/1465/1290 630/568/529 1581/1472/1296
f 1575/1465/1290 1581/1472/1296 1577/1467/1292
f 629/567/528 644/581/539 1581/1472/1296
f 629/567/528 1581/1472/1296 630/568/529
f 608/572/511 633/571/532 644/581/539
f 633/571/532 1581/1472/1296 644/581/539
f 631/569/530 630/568/529 1575/1465/1290
f 631/569/530 1575/1465/1290 1573/1463/1288
f 632/570/531 631/569/530 1573/1463/1288
f 632/570/531 1573/1463/1288 1571/1461/1286
f 1582/1473/1297 632/570/531 1571/1461/1286
f 1582/1473/1297 1571/1461/1286 1569/1459/1284
f 1568/1458/1283 1583/1474/1298 1582/1473/1297
f 1568/1458/1283 1582/1473/1297 1569/1459/1284
f 637/577/535 642/580/538 1582/1473/1297
f 637/577/535 1582/1473/1297 1583/1474/1298
f 629/567/528 632/570/531 1582/1473/1297
f 629/567/528 1582/1473/1297 642/580/538
f 1567/1457/1282 1584/1475/1299 1583/1474/1298
f 1567/1457/1282 1583/1474/1298 1568/1458/1283
f 658/595/551 637/577/535 1583/1474/1298
f 658/595/551 1583/1474/1298 1584/1475/1299
f 1585/1476/1300 1586/1477/1301 1584/1475/1299
f 1585/1476/1300 1584/1475/1299 1567/1457/1282
f 1587/1478/1302 658/595/551 1584/1475/1299
f 1587/1478/1302 1584/1475/1299 1586/1477/1301
f 1588/1479/1303 659/597/553 1587/1478/1302
f 1588/1479/1303 1587/1478/1302 1586/1477/1301
f 664/600/556 653/1480/546 1587/1478/1302
f 664/600/556 1587/1478/1302 659/597/553
f 647/596/552 658/595/551 1587/1478/1302
f 647/596/552 1587/1478/1302 653/1480/546
f 1589/1481/1304 1590/1482/1305 1588/1479/1303
f 1589/1481/1304 1588/1479/1303 1591/1483/1306
f 660/598/554 659/597/553 1588/1479/1303
f 660/598/554 1588/1479/1303 1590/1482/1305
f 1585/1476/1300 1591/1483/1306 1588/1479/1303
f 1585/1476/1300 1588/1479/1303 1586/1477/1301
f 1592/1484/1307 672/609/564 1590/1482/1305
f 1592/1484/1307 1590/1482/1305 1589/1481/1304
f 665/601/557 660/598/554 1590/1482/1305
f 665/601/557 1590/1482/1305 672/609/564
f 1593/1485/1308 1594/1486/1309 1592/1484/1307
f 1593/1485/1308 1592/1484/1307 1595/1487/1310
f 673/610/565 672/609/564 1592/1484/1307
f 673/610/565 1592/1484/1307 1594/1486/1309
f 718/649/601 1595/1487/1310 1592/1484/1307
f 718/649/601 1592/1484/1307 1589/1481/1304
f 1596/1488/1311 1597/1489/1312 1594/1486/1309
f 1596/1488/1311 1594/1486/1309 1593/1485/1308
f 675/611/566 673/610/565 1594/1486/1309
f 675/611/566 1594/1486/1309 1597/1489/1312
f 811/1490/1313 1599/1491/1314 1597/1489/1312
f 811/1490/1313 1597/1489/1312 1596/1488/1311
f 1601/1492/1315 675/611/566 1597/1489/1312
f 1601/1492/1315 1597/1489/1312 1599/1491/1314
f 1602/1493/1316 1603/1494/1317 1600/1495/1315
f 1602/1493/1316 1600/1495/1315 1598/1496/1314
f 1604/1497/1318 1605/1498/1319 1600/1495/1315
f 1604/1497/1318 1600/1495/1315 1603/1494/1317
f 670/1499/563 674/1500/566 1600/1495/1315
f 670/1499/563 1600/1495/1315 1605/1498/1319
f 649/587/544 668/603/559 1605/1498/1319
f 649/587/544 1605/1498/1319 1604/1497/1318
f 666/606/561 670/1499/563 1605/1498/1319
f 666/606/561 1605/1498/1319 668/603/559
f 1606/1501/1320 1607/1502/1321 1604/1497/1318
f 1606/1501/1320 1604/1497/1318 1603/1494/1317
f 651/588/545 649/587/544 1604/1497/1318
f 651/588/545 1604/1497/1318 1607/1502/1321
f 1608/1503/1322 1609/1504/1323 1607/1502/1321
f 1608/1503/1322 1607/1502/1321 1606/1501/1320
f 655/1505/547 651/588/545 1607/1502/1321
f 655/1505/547 1607/1502/1321 1609/1504/1323
f 1610/1506/1324 1611/1507/1325 1609/1504/1323
f 1610/1506/1324 1609/1504/1323 1608/1503/1322
f 1613/1508/1326 655/1505/547 1609/1504/1323
f 1613/1508/1326 1609/1504/1323 1611/1507/1325
f 1614/1509/1327 1616/1510/1328 1613/1508/1326
f 1614/1509/1327 1613/1508/1326 1611/1507/1325
f 586/524/495 1617/1511/1329 1612/1512/1326
f 586/524/495 1612/1512/1326 1615/1513/1330
f 656/592/548 654/591/547 1612/1512/1326
f 656/592/548 1612/1512/1326 1617/1511/1329
f 557/499/472 1618/1514/1331 1617/1511/1329
f 557/499/472 1617/1511/1329 586/524/495
f 657/594/550 656/592/548 1617/1511/1329
f 657/594/550 1617/1511/1329 1618/1514/1331
f 556/498/471 1619/1515/1332 1618/1514/1331
f 556/498/471 1618/1514/1331 557/499/472
f 1620/1516/1333 657/594/550 1618/1514/1331
f 1620/1516/1333 1618/1514/1331 1619/1515/1332
f 1621/1517/1334 1622/1518/1335 1620/1516/1333
f 1621/1517/1334 1620/1516/1333 1619/1515/1332
f 1623/1519/1336 1624/1520/1337 1620/1516/1333
f 1623/1519/1336 1620/1516/1333 1622/1518/1335
f 648/583/541 657/594/550 1620/1516/1333
f 648/583/541 1620/1516/1333 1624/1520/1337
f 1625/1521/1338 605/540/509 1624/1520/1337
f 1625/1521/1338 1624/1520/1337 1623/1519/1336
f 604/539/508 648/583/541 1624/1520/1337
f 604/539/508 1624/1520/1337 605/540/509
f 1626/1522/1339 1627/1523/1340 1625/1521/1338
f 1626/1522/1339 1625/1521/1338 1623/1519/1336
f 1629/1524/1341 1631/1525/1342 1625/1521/1338
f 1629/1524/1341 1625/1521/1338 1627/1523/1340
f 601/537/506 605/540/509 1625/1521/1338
f 601/537/506 1625/1521/1338 1631/1525/1342
f 535/479/453 542/486/460 1630/1526/1343
f 535/479/453 1630/1526/1343 1628/1527/1344
f 602/555/507 600/1528/506 1630/1526/1343
f 602/555/507 1630/1526/1343 542/486/460
f 1632/1529/1345 1634/1530/1346 1629/1524/1341
f 1632/1529/1345 1629/1524/1341 1627/1523/1340
f 536/480/454 535/479/453 1628/1527/1344
f 536/480/454 1628/1527/1344 1635/1531/1346
f 1637/1532/1347 1638/1533/1348 1635/1531/1346
f 1637/1532/1347 1635/1531/1346 1633/1534/1349
f 1639/1535/1350 536/480/454 1635/1531/1346
f 1639/1535/1350 1635/1531/1346 1638/1533/1348
f 1640/1536/1351 1641/1537/1352 1639/1535/1350
f 1640/1536/1351 1639/1535/1350 1638/1533/1348
f 1642/1538/1353 1643/1539/1354 1639/1535/1350
f 1642/1538/1353 1639/1535/1350 1641/1537/1352
f 541/485/459 536/480/454 1639/1535/1350
f 541/485/459 1639/1535/1350 1643/1539/1354
f 1644/1540/1355 1645/1541/1356 1643/1539/1354
f 1644/1540/1355 1643/1539/1354 1642/1538/1353
f 1646/1542/1357 541/485/459 1643/1539/1354
f 1646/1542/1357 1643/1539/1354 1645/1541/1356
f 539/483/457 541/485/459 1646/1542/1357
f 539/483/457 1646/1542/1357 1647/1543/1358
f 1648/1544/1359 1649/1545/1360 1646/1542/1357
f 1648/1544/1359 1646/1542/1357 1645/1541/1356
f 1650/1546/1361 1647/1543/1358 1646/1542/1357
f 1650/1546/1361 1646/1542/1357 1649/1545/1360
f 1651/1547/1362 1647/1543/1358 1650/1546/1361
f 1651/1547/1362 1650/1546/1361 1652/1548/1363
f 1653/1549/1364 1654/1550/1365 1650/1546/1361
f 1653/1549/1364 1650/1546/1361 1649/1545/1360
f 1656/1551/1366 1652/1548/1363 1650/1546/1361
f 1656/1551/1366 1650/1546/1361 1654/1550/1365
f 553/493/467 1652/1548/1363 1656/1551/1366
f 553/493/467 1656/1551/1366 560/1552/475
f 1659/1553/1367 1660/1554/1368 1657/1555/1366
f 1659/1553/1367 1657/1555/1366 1655/1556/1365
f 559/501/474 561/502/475 1657/1555/1366
f 559/501/474 1657/1555/1366 1660/1554/1368
f 1661/1557/1369 1662/1558/1370 1660/1554/1368
f 1661/1557/1369 1660/1554/1368 1659/1553/1367
f 556/498/471 559/501/474 1660/1554/1368
f 556/498/471 1660/1554/1368 1662/1558/1370
f 1663/1559/1371 1621/1517/1334 1662/1558/1370
f 1663/1559/1371 1662/1558/1370 1661/1557/1369
f 1619/1515/1332 556/498/471 1662/1558/1370
f 1619/1515/1332 1662/1558/1370 1621/1517/1334
f 1664/1560/1372 1665/1561/1373 1663/1559/1371
f 1664/1560/1372 1663/1559/1371 1661/1557/1369
f 1666/1562/1374 1667/1563/1375 1663/1559/1371
f 1666/1562/1374 1663/1559/1371 1665/1561/1373
f 1622/1518/1335 1621/1517/1334 1663/1559/1371
f 1622/1518/1335 1663/1559/1371 1667/1563/1375
f 1668/1564/1376 1626/1522/1339 1667/1563/1375
f 1668/1564/1376 1667/1563/1375 1666/1562/1374
f 1623/1519/1336 1622/1518/1335 1667/1563/1375
f 1623/1519/1336 1667/1563/1375 1626/1522/1339
f 1669/1565/1377 1670/1566/1378 1668/1564/1376
f 1669/1565/1377 1668/1564/1376 1666/1562/1374
f 1636/1567/1347 1632/1529/1345 1668/1564/1376
f 1636/1567/1347 1668/1564/1376 1670/1566/1378
f 1627/1523/1340 1626/1522/1339 1668/1564/1376
f 1627/1523/1340 1668/1564/1376 1632/1529/1345
f 528/472/446 1671/1568/1379 1670/1566/1378
f 528/472/446 1670/1566/1378 1669/1565/1377
f 1673/1569/1380 1636/1567/1347 1670/1566/1378
f 1673/1569/1380 1670/1566/1378 1671/1568/1379
f 1676/1570/1381 1677/1571/1382 1674/1572/1383
f 1676/1570/1381 1674/1572/1383 1672/1573/1384
f 1678/1574/1385 1640/1536/1351 1674/1572/1383
f 1678/1574/1385 1674/1572/1383 1677/1571/1382
f 1638/1533/1348 1637/1532/1347 1674/1572/1383
f 1638/1533/1348 1674/1572/1383 1640/1536/1351
f 1679/1575/1386 1680/1576/1387 1678/1574/1385
f 1679/1575/1386 1678/1574/1385 1677/1571/1382
f 1681/1577/1388 1682/1578/1389 1678/1574/1385
f 1681/1577/1388 1678/1574/1385 1680/1576/1387
f 1641/1537/1352 1640/1536/1351 1678/1574/1385
f 1641/1537/1352 1678/1574/1385 1682/1578/1389
f 505/451/426 1683/1579/1390 1682/1578/1389
f 505/451/426 1682/1578/1389 1681/1577/1388
f 1642/1538/1353 1641/1537/1352 1682/1578/1389
f 1642/1538/1353 1682/1578/1389 1683/1579/1390
f 504/450/425 1684/1580/1391 1683/1579/1390
f 504/450/425 1683/1579/1390 505/451/426
f 1644/1540/1355 1642/1538/1353 1683/1579/1390
f 1644/1540/1355 1683/1579/1390 1684/1580/1391
f 503/449/424 531/476/450 1684/1580/1391
f 503/449/424 1684/1580/1391 504/450/425
f 1685/1581/1392 1644/1540/1355 1684/1580/1391
f 1685/1581/1392 1684/1580/1391 531/476/450
f 1645/1541/1356 1644/1540/1355 1685/1581/1392
f 1645/1541/1356 1685/1581/1392 1648/1544/1359
f 532/477/451 1686/1582/1393 1685/1581/1392
f 532/477/451 1685/1581/1392 531/476/450
f 1687/1583/1394 1648/1544/1359 1685/1581/1392
f 1687/1583/1394 1685/1581/1392 1686/1582/1393
f 1649/1545/1360 1648/1544/1359 1687/1583/1394
f 1649/1545/1360 1687/1583/1394 1653/1549/1364
f 1689/1584/1395 1691/1585/1396 1687/1583/1394
f 1689/1584/1395 1687/1583/1394 1686/1582/1393
f 1693/1586/1397 1653/1549/1364 1687/1583/1394
f 1693/1586/1397 1687/1583/1394 1691/1585/1396
f 1654/1550/1365 1653/1549/1364 1693/1586/1397
f 1654/1550/1365 1693/1586/1397 1658/1587/1398
f 1694/1588/1399 1664/1560/1372 1692/1589/1400
f 1694/1588/1399 1692/1589/1400 1690/1590/1396
f 1661/1557/1369 1659/1553/1367 1692/1589/1400
f 1661/1557/1369 1692/1589/1400 1664/1560/1372
f 1688/1591/1401 522/466/440 1694/1588/1399
f 1688/1591/1401 1694/1588/1399 1690/1590/1396
f 524/468/442 1695/1592/1402 1694/1588/1399
f 524/468/442 1694/1588/1399 522/466/440
f 1665/1561/1373 1664/1560/1372 1694/1588/1399
f 1665/1561/1373 1694/1588/1399 1695/1592/1402
f 528/472/446 1669/1565/1377 1695/1592/1402
f 528/472/446 1695/1592/1402 524/468/442
f 1666/1562/1374 1665/1561/1373 1695/1592/1402
f 1666/1562/1374 1695/1592/1402 1669/1565/1377
f 532/477/451 534/478/452 1689/1584/1395
f 532/477/451 1689/1584/1395 1686/1582/1393
f 523/467/441 522/466/440 1688/1591/1401
f 523/467/441 1688/1591/1401 533/1593/452
f 509/455/430 508/454/429 1681/1577/1388
f 509/455/430 1681/1577/1388 1680/1576/1387
f 483/429/405 505/451/426 1681/1577/1388
f 483/429/405 1681/1577/1388 508/454/429
f 510/456/431 509/455/430 1680/1576/1387
f 510/456/431 1680/1576/1387 1679/1575/1386
f 1676/1570/1381 1697/1594/1403 1679/1575/1386
f 1676/1570/1381 1679/1575/1386 1677/1571/1382
f 501/446/421 510/456/431 1679/1575/1386
f 501/446/421 1679/1575/1386 1697/1594/1403
f 527/471/445 526/470/444 1696/1595/1403
f 527/471/445 1696/1595/1403 1675/1596/1404
f 498/445/420 500/1597/421 1696/1595/1403
f 498/445/420 1696/1595/1403 526/470/444
f 528/472/446 527/471/445 1675/1596/1404
f 528/472/446 1675/1596/1404 1671/1568/1379
f 554/496/469 1651/1547/1362 1652/1548/1363
f 554/496/469 1652/1548/1363 553/493/467
f 1698/1598/1405 539/483/457 1647/1543/1358
f 1698/1598/1405 1647/1543/1358 1651/1547/1362
f 619/552/520 618/551/519 1616/1510/1328
f 619/552/520 1616/1510/1328 1614/1509/1327
f 587/525/496 586/524/495 1615/1513/1330
f 587/525/496 1615/1513/1330 617/553/519
f 1699/1599/1406 619/552/520 1614/1509/1327
f 1699/1599/1406 1614/1509/1327 1700/1600/1407
f 1610/1506/1324 1700/1600/1407 1614/1509/1327
f 1610/1506/1324 1614/1509/1327 1611/1507/1325
f 1701/1601/1408 616/550/518 1699/1599/1406
f 1701/1601/1408 1699/1599/1406 1702/1602/1409
f 590/527/498 619/552/520 1699/1599/1406
f 590/527/498 1699/1599/1406 616/550/518
f 1703/1603/1410 1702/1602/1409 1699/1599/1406
f 1703/1603/1410 1699/1599/1406 1700/1600/1407
f 1704/1604/1411 1702/1602/1409 1703/1603/1410
f 1704/1604/1411 1703/1603/1410 1705/1605/1412
f 1610/1506/1324 1706/1606/1413 1703/1603/1410
f 1610/1506/1324 1703/1603/1410 1700/1600/1407
f 799/718/666 1705/1605/1412 1703/1603/1410
f 799/718/666 1703/1603/1410 1706/1606/1413
f 1608/1503/1322 1707/1607/1414 1706/1606/1413
f 1608/1503/1322 1706/1606/1413 1610/1506/1324
f 798/717/665 799/718/666 1706/1606/1413
f 798/717/665 1706/1606/1413 1707/1607/1414
f 1606/1501/1320 1708/1608/1415 1707/1607/1414
f 1606/1501/1320 1707/1607/1414 1608/1503/1322
f 796/715/663 798/717/665 1707/1607/1414
f 796/715/663 1707/1607/1414 1708/1608/1415
f 1603/1494/1317 1602/1493/1316 1708/1608/1415
f 1603/1494/1317 1708/1608/1415 1606/1501/1320
f 814/727/674 796/715/663 1708/1608/1415
f 814/727/674 1708/1608/1415 1602/1493/1316
f 1709/1609/1416 1710/1610/1417 1704/1604/1411
f 1709/1609/1416 1704/1604/1411 1711/1611/1418
f 1701/1601/1408 1702/1602/1409 1704/1604/1411
f 1701/1601/1408 1704/1604/1411 1710/1610/1417
f 781/704/652 1711/1611/1418 1704/1604/1411
f 781/704/652 1704/1604/1411 1705/1605/1412
f 1712/1612/1419 1713/1613/1420 1710/1610/1417
f 1712/1612/1419 1710/1610/1417 1709/1609/1416
f 1714/1614/1421 1701/1601/1408 1710/1610/1417
f 1714/1614/1421 1710/1610/1417 1713/1613/1420
f 1715/1615/1422 1716/1616/1423 1714/1614/1421
f 1715/1615/1422 1714/1614/1421 1713/1613/1420
f 612/546/514 615/549/517 1714/1614/1421
f 612/546/514 1714/1614/1421 1716/1616/1423
f 616/550/518 1701/1601/1408 1714/1614/1421
f 616/550/518 1714/1614/1421 615/549/517
f 1717/1617/1424 1718/1618/1425 1716/1616/1423
f 1717/1617/1424 1716/1616/1423 1715/1615/1422
f 1719/1619/1426 612/546/514 1716/1616/1423
f 1719/1619/1426 1716/1616/1423 1718/1618/1425
f 1720/1620/1427 1721/1621/1428 1719/1619/1426
f 1720/1620/1427 1719/1619/1426 1718/1618/1425
f 1722/1622/1429 1723/1623/1430 1719/1619/1426
f 1722/1622/1429 1719/1619/1426 1721/1621/1428
f 613/547/515 612/546/514 1719/1619/1426
f 613/547/515 1719/1619/1426 1723/1623/1430
f 1724/1624/1431 579/517/488 1723/1623/1430
f 1724/1624/1431 1723/1623/1430 1722/1622/1429
f 578/516/487 613/547/515 1723/1623/1430
f 578/516/487 1723/1623/1430 579/517/488
f 1725/1625/1432 1726/1626/1433 1724/1624/1431
f 1725/1625/1432 1724/1624/1431 1722/1622/1429
f 438/389/368 432/382/363 1724/1624/1431
f 438/389/368 1724/1624/1431 1726/1626/1433
f 434/385/365 579/517/488 1724/1624/1431
f 434/385/365 1724/1624/1431 432/382/363
f 1727/1627/1434 1728/1628/1435 1726/1626/1433
f 1727/1627/1434 1726/1626/1433 1725/1625/1432
f 1729/1629/1436 438/389/368 1726/1626/1433
f 1729/1629/1436 1726/1626/1433 1728/1628/1435
f 22/13/13 438/389/368 1729/1629/1436
f 22/13/13 1729/1629/1436 23/14/14
f 1730/1630/1437 726/654/606 1731/1631/1438
f 1730/1630/1437 1731/1631/1438 1732/1632/1439
f 728/657/608 1733/1633/1440 1731/1631/1438
f 728/657/608 1731/1631/1438 726/654/606
f 1734/1634/1441 1735/1635/1442 1730/1630/1437
f 1734/1634/1441 1730/1630/1437 1736/1636/1443
f 727/655/607 726/654/606 1730/1630/1437
f 727/655/607 1730/1630/1437 1735/1635/1442
f 1737/1637/1444 1736/1636/1443 1730/1630/1437
f 1737/1637/1444 1730/1630/1437 1732/1632/1439
f 1738/1638/1445 1739/1639/1446 1735/1635/1442
f 1738/1638/1445 1735/1635/1442 1734/1634/1441
f 729/658/609 727/655/607 1735/1635/1442
f 729/658/609 1735/1635/1442 1739/1639/1446
f 1740/1640/1447 1741/1641/1448 1739/1639/1446
f 1740/1640/1447 1739/1639/1446 1738/1638/1445
f 1742/1642/1449 729/658/609 1739/1639/1446
f 1742/1642/1449 1739/1639/1446 1741/1641/1448
f 1743/1643/1450 1744/1644/1451 1742/1642/1449
f 1743/1643/1450 1742/1642/1449 1741/1641/1448
f 1745/1645/1452 1747/1646/1453 1742/1642/1449
f 1745/1645/1452 1742/1642/1449 1744/1644/1451
f 724/659/610 729/658/609 1742/1642/1449
f 724/659/610 1742/1642/1449 1747/1646/1453
f 1749/1647/1454 1750/1648/1455 1748/1649/1456
f 1749/1647/1454 1748/1649/1456 1746/1650/1457
f 719/650/602 725/653/605 1748/1649/1456
f 719/650/602 1748/1649/1456 1750/1648/1455
f 1751/1651/1458 719/650/602 1750/1648/1455
f 1751/1651/1458 1750/1648/1455 1752/1652/1459
f 1753/1653/1460 1752/1652/1459 1750/1648/1455
f 1753/1653/1460 1750/1648/1455 1749/1647/1454
f 1754/1654/1461 1752/1652/1459 1753/1653/1460
f 1754/1654/1461 1753/1653/1460 1755/1655/1462
f 1756/1656/1463 1757/1657/1464 1753/1653/1460
f 1756/1656/1463 1753/1653/1460 1749/1647/1454
f 1758/1658/1465 1755/1655/1462 1753/1653/1460
f 1758/1658/1465 1753/1653/1460 1757/1657/1464
f 1759/1659/1466 1755/1655/1462 1758/1658/1465
f 1759/1659/1466 1758/1658/1465 1760/1660/1467
f 1761/1661/1468 1762/1662/1469 1758/1658/1465
f 1761/1661/1468 1758/1658/1465 1757/1657/1464
f 1763/1663/1470 1760/1660/1467 1758/1658/1465
f 1763/1663/1470 1758/1658/1465 1762/1662/1469
f 1764/1664/1471 1760/1660/1467 1763/1663/1470
f 1764/1664/1471 1763/1663/1470 1765/1665/1472
f 1766/1666/1473 1767/1667/1474 1763/1663/1470
f 1766/1666/1473 1763/1663/1470 1762/1662/1469
f 1768/1668/1475 1765/1665/1472 1763/1663/1470
f 1768/1668/1475 1763/1663/1470 1767/1667/1474
f 1769/1669/1476 1765/1665/1472 1768/1668/1475
f 1769/1669/1476 1768/1668/1475 1770/1670/1477
f 706/639/591 707/640/592 1768/1668/1475
f 706/639/591 1768/1668/1475 1767/1667/1474
f 1771/1671/1478 1770/1670/1477 1768/1668/1475
f 1771/1671/1478 1768/1668/1475 707/640/592
f 1772/1672/1479 1770/1670/1477 1771/1671/1478
f 1772/1672/1479 1771/1671/1478 1773/1673/1480
f 708/641/593 1774/1674/1481 707/640/592
f 1774/1674/1481 1771/1671/1478 707/640/592
f 1775/1675/1482 1773/1673/1480 1771/1671/1478
f 1775/1675/1482 1771/1671/1478 1774/1674/1481
f 1776/1676/1483 1773/1673/1480 1775/1675/1482
f 1776/1676/1483 1775/1675/1482 1777/1677/1484
f 1778/1678/1485 1780/1679/1486 1775/1675/1482
f 1778/1678/1485 1775/1675/1482 1774/1674/1481
f 1782/1680/1487 1777/1677/1484 1775/1675/1482
f 1782/1680/1487 1775/1675/1482 1780/1679/1486
f 1784/1681/1488 1777/1677/1484 1782/1680/1487
f 1784/1681/1488 1782/1680/1487 1786/1682/1489
f 1788/1683/1490 1789/1684/1491 1783/1685/1492
f 1788/1683/1490 1783/1685/1492 1781/1686/1486
f 1790/1687/1493 1787/1688/1489 1783/1685/1492
f 1790/1687/1493 1783/1685/1492 1789/1684/1491
f 1791/1689/1494 1787/1688/1489 1790/1687/1493
f 1791/1689/1494 1790/1687/1493 1792/1690/1495
f 1793/1691/1496 1794/1692/1497 1790/1687/1493
f 1793/1691/1496 1790/1687/1493 1789/1684/1491
f 1795/1693/1498 1792/1690/1495 1790/1687/1493
f 1795/1693/1498 1790/1687/1493 1794/1692/1497
f 1796/1694/1499 1792/1690/1495 1795/1693/1498
f 1796/1694/1499 1795/1693/1498 1797/1695/1500
f 1798/1696/1501 1799/1697/1502 1795/1693/1498
f 1798/1696/1501 1795/1693/1498 1794/1692/1497
f 1800/1698/1503 1797/1695/1500 1795/1693/1498
f 1800/1698/1503 1795/1693/1498 1799/1697/1502
f 1801/1699/1504 1797/1695/1500 1800/1698/1503
f 1801/1699/1504 1800/1698/1503 1802/1700/1505
f 1803/1701/1506 1804/1702/1507 1800/1698/1503
f 1803/1701/1506 1800/1698/1503 1799/1697/1502
f 1805/1703/1508 1802/1700/1505 1800/1698/1503
f 1805/1703/1508 1800/1698/1503 1804/1702/1507
f 294/255/245 1802/1700/1505 1805/1703/1508
f 294/255/245 1805/1703/1508 293/254/244
f 28/19/19 25/16/16 1805/1703/1508
f 28/19/19 1805/1703/1508 1804/1702/1507
f 289/251/241 293/254/244 1805/1703/1508
f 289/251/241 1805/1703/1508 25/16/16
f 30/21/21 28/19/19 1804/1702/1507
f 30/21/21 1804/1702/1507 1803/1701/1506
f 1798/1696/1501 1806/1704/1509 1803/1701/1506
f 1798/1696/1501 1803/1701/1506 1799/1697/1502
f 1807/1705/1510 30/21/21 1803/1701/1506
f 1807/1705/1510 1803/1701/1506 1806/1704/1509
f 1808/1706/1511 1809/1707/1512 1807/1705/1510
f 1808/1706/1511 1807/1705/1510 1806/1704/1509
f 1810/1708/1513 1811/1709/1514 1807/1705/1510
f 1810/1708/1513 1807/1705/1510 1809/1707/1512
f 31/22/22 30/21/21 1807/1705/1510
f 31/22/22 1807/1705/1510 1811/1709/1514
f 1812/1710/1515 1813/1711/1516 1815/1712/1517
f 1812/1710/1515 1815/1712/1517 1817/1713/1518
f 1819/1714/1519 1820/1715/1520 1816/1716/1517
f 1819/1714/1519 1816/1716/1517 1814/1717/1516
f 1821/1718/1521 1822/1719/1522 1818/1720/1519
f 1821/1718/1521 1818/1720/1519 1813/1711/1516
f 1824/1721/1523 1825/1722/1524 1819/1714/1519
f 1824/1721/1523 1819/1714/1519 1823/1723/1522
f 1826/1724/1525 1820/1715/1520 1819/1714/1519
f 1826/1724/1525 1819/1714/1519 1825/1722/1524
f 583/521/492 1827/1725/1526 1826/1724/1525
f 583/521/492 1826/1724/1525 1825/1722/1524
f 1828/1726/1527 1829/1727/1528 1830/1728/1529
f 1828/1726/1527 1830/1728/1529 1831/1729/1530
f 628/564/527 627/563/526 1830/1728/1529
f 628/564/527 1830/1728/1529 1829/1727/1528
f 1832/1730/1531 1833/1731/1532 1829/1727/1528
f 1832/1730/1531 1829/1727/1528 1828/1726/1527
f 1834/1732/1533 628/564/527 1829/1727/1528
f 1834/1732/1533 1829/1727/1528 1833/1731/1532
f 32/565/23 628/564/527 1834/1732/1533
f 32/565/23 1834/1732/1533 1835/1733/1534
f 1836/1734/1535 1837/1735/1536 1834/1732/1533
f 1836/1734/1535 1834/1732/1533 1833/1731/1532
f 1838/1736/1537 1835/1733/1534 1834/1732/1533
f 1838/1736/1537 1834/1732/1533 1837/1735/1536
f 611/545/513 1835/1733/1534 1838/1736/1537
f 611/545/513 1838/1736/1537 297/259/248
f 1839/1737/1538 1840/1738/1539 1838/1736/1537
f 1839/1737/1538 1838/1736/1537 1837/1735/1536
f 296/257/247 297/259/248 1838/1736/1537
f 296/257/247 1838/1736/1537 1840/1738/1539
f 1841/1739/1540 1842/1740/1541 1840/1738/1539
f 1841/1739/1540 1840/1738/1539 1839/1737/1538
f 1843/1741/1542 296/257/247 1840/1738/1539
f 1843/1741/1542 1840/1738/1539 1842/1740/1541
f 287/248/238 296/257/247 1843/1741/1542
f 287/248/238 1843/1741/1542 1844/1742/1543
f 1845/1743/1544 1846/1744/1545 1843/1741/1542
f 1845/1743/1544 1843/1741/1542 1842/1740/1541
f 1847/1745/1546 1844/1742/1543 1843/1741/1542
f 1847/1745/1546 1843/1741/1542 1846/1744/1545
f 108/85/78 1844/1742/1543 1847/1745/1546
f 108/85/78 1847/1745/1546 1848/1746/1547
f 1849/1747/1548 1850/1748/1549 1847/1745/1546
f 1849/1747/1548 1847/1745/1546 1846/1744/1545
f 1851/1749/1550 1848/1746/1547 1847/1745/1546
f 1851/1749/1550 1847/1745/1546 1850/1748/1549
f 1852/1750/1551 1848/1746/1547 1851/1749/1550
f 1852/1750/1551 1851/1749/1550 1853/1751/1552
f 1854/1752/1553 1855/1753/1554 1851/1749/1550
f 1854/1752/1553 1851/1749/1550 1850/1748/1549
f 1856/1754/1555 1853/1751/1552 1851/1749/1550
f 1856/1754/1555 1851/1749/1550 1855/1753/1554
f 99/77/71 1853/1751/1552 1856/1754/1555
f 99/77/71 1856/1754/1555 1857/1755/1556
f 1858/1756/1557 1860/1757/1558 1856/1754/1555
f 1858/1756/1557 1856/1754/1555 1855/1753/1554
f 1862/1758/1559 1857/1755/1556 1856/1754/1555
f 1862/1758/1559 1856/1754/1555 1860/1757/1558
f 64/48/46 1857/1755/1556 1862/1758/1559
f 64/48/46 1862/1758/1559 65/49/47
f 1865/1759/1560 1866/1760/1561 1863/1761/1559
f 1865/1759/1560 1863/1761/1559 1861/1762/1558
f 1867/1763/1562 66/1764/47 1863/1761/1559
f 1867/1763/1562 1863/1761/1559 1866/1760/1561
f 1868/1765/1563 82/62/58 1866/1760/1561
f 1868/1765/1563 1866/1760/1561 1865/1759/1560
f 54/40/40 1867/1763/1562 1866/1760/1561
f 54/40/40 1866/1760/1561 82/62/58
f 1870/1766/1564 1871/1767/1565 1868/1765/1563
f 1870/1766/1564 1868/1765/1563 1865/1759/1560
f 1872/1768/1566 1873/1769/1567 1868/1765/1563
f 1872/1768/1566 1868/1765/1563 1871/1767/1565
f 83/63/59 82/62/58 1868/1765/1563
f 83/63/59 1868/1765/1563 1873/1769/1567
f 100/78/72 104/81/75 1873/1769/1567
f 100/78/72 1873/1769/1567 1872/1768/1566
f 84/64/60 83/63/59 1873/1769/1567
f 84/64/60 1873/1769/1567 104/81/75
f 1874/1770/1568 1875/1771/1569 1872/1768/1566
f 1874/1770/1568 1872/1768/1566 1871/1767/1565
f 1876/1772/1570 100/78/72 1872/1768/1566
f 1876/1772/1570 1872/1768/1566 1875/1771/1569
f 1877/1773/1571 1878/1774/1572 1876/1772/1570
f 1877/1773/1571 1876/1772/1570 1875/1771/1569
f 294/255/245 295/256/246 1876/1772/1570
f 294/255/245 1876/1772/1570 1878/1774/1572
f 101/79/73 100/78/72 1876/1772/1570
f 101/79/73 1876/1772/1570 295/256/246
f 1879/1775/1573 1801/1699/1504 1878/1774/1572
f 1879/1775/1573 1878/1774/1572 1877/1773/1571
f 1802/1700/1505 294/255/245 1878/1774/1572
f 1802/1700/1505 1878/1774/1572 1801/1699/1504
f 1880/1776/1574 1881/1777/1575 1879/1775/1573
f 1880/1776/1574 1879/1775/1573 1877/1773/1571
f 1882/1778/1576 1796/1694/1499 1879/1775/1573
f 1882/1778/1576 1879/1775/1573 1881/1777/1575
f 1797/1695/1500 1801/1699/1504 1879/1775/1573
f 1797/1695/1500 1879/1775/1573 1796/1694/1499
f 1884/1779/1577 1886/1780/1578 1882/1778/1576
f 1884/1779/1577 1882/1778/1576 1881/1777/1575
f 1888/1781/1579 1791/1689/1494 1882/1778/1576
f 1888/1781/1579 1882/1778/1576 1886/1780/1578
f 1792/1690/1495 1796/1694/1499 1882/1778/1576
f 1792/1690/1495 1882/1778/1576 1791/1689/1494
f 1889/1782/1580 1890/1783/1581 1887/1784/1579
f 1889/1782/1580 1887/1784/1579 1885/1785/1582
f 1891/1786/1583 1784/1681/1488 1887/1784/1579
f 1891/1786/1583 1887/1784/1579 1890/1783/1581
f 1787/1688/1489 1791/1689/1494 1888/1781/1579
f 1787/1688/1489 1888/1781/1579 1785/1787/1488
f 1892/1788/1584 1893/1789/1585 1891/1786/1583
f 1892/1788/1584 1891/1786/1583 1890/1783/1581
f 1894/1790/1586 1776/1676/1483 1891/1786/1583
f 1894/1790/1586 1891/1786/1583 1893/1789/1585
f 1777/1677/1484 1784/1681/1488 1891/1786/1583
f 1777/1677/1484 1891/1786/1583 1776/1676/1483
f 1895/1791/1587 1896/1792/1588 1894/1790/1586
f 1895/1791/1587 1894/1790/1586 1893/1789/1585
f 1897/1793/1589 1772/1672/1479 1894/1790/1586
f 1897/1793/1589 1894/1790/1586 1896/1792/1588
f 1773/1673/1480 1776/1676/1483 1894/1790/1586
f 1773/1673/1480 1894/1790/1586 1772/1672/1479
f 1898/1794/1590 1899/1795/1591 1897/1793/1589
f 1898/1794/1590 1897/1793/1589 1896/1792/1588
f 1900/1796/1592 1769/1669/1476 1897/1793/1589
f 1900/1796/1592 1897/1793/1589 1899/1795/1591
f 1770/1670/1477 1772/1672/1479 1897/1793/1589
f 1770/1670/1477 1897/1793/1589 1769/1669/1476
f 1901/1797/1593 1902/1798/1594 1900/1796/1592
f 1901/1797/1593 1900/1796/1592 1899/1795/1591
f 1903/1799/1595 1764/1664/1471 1900/1796/1592
f 1903/1799/1595 1900/1796/1592 1902/1798/1594
f 1765/1665/1472 1769/1669/1476 1900/1796/1592
f 1765/1665/1472 1900/1796/1592 1764/1664/1471
f 1904/1800/1596 1905/1801/1597 1903/1799/1595
f 1904/1800/1596 1903/1799/1595 1902/1798/1594
f 1906/1802/1598 1759/1659/1466 1903/1799/1595
f 1906/1802/1598 1903/1799/1595 1905/1801/1597
f 1760/1660/1467 1764/1664/1471 1903/1799/1595
f 1760/1660/1467 1903/1799/1595 1759/1659/1466
f 1907/1803/1599 1908/1804/1600 1906/1802/1598
f 1907/1803/1599 1906/1802/1598 1905/1801/1597
f 1909/1805/1601 1754/1654/1461 1906/1802/1598
f 1909/1805/1601 1906/1802/1598 1908/1804/1600
f 1755/1655/1462 1759/1659/1466 1906/1802/1598
f 1755/1655/1462 1906/1802/1598 1754/1654/1461
f 1910/1806/1602 1911/1807/1603 1909/1805/1601
f 1910/1806/1602 1909/1805/1601 1908/1804/1600
f 1912/1808/1604 1751/1651/1458 1909/1805/1601
f 1912/1808/1604 1909/1805/1601 1911/1807/1603
f 1752/1652/1459 1754/1654/1461 1909/1805/1601
f 1752/1652/1459 1909/1805/1601 1751/1651/1458
f 1913/1809/1605 1914/1810/1606 1912/1808/1604
f 1913/1809/1605 1912/1808/1604 1911/1807/1603
f 731/1811/611 721/651/603 1912/1808/1604
f 731/1811/611 1912/1808/1604 1914/1810/1606
f 719/650/602 1751/1651/1458 1912/1808/1604
f 719/650/602 1912/1808/1604 721/651/603
f 1915/1812/1607 1916/1813/1608 1914/1810/1606
f 1915/1812/1607 1914/1810/1606 1913/1809/1605
f 1918/1814/1609 731/1811/611 1914/1810/1606
f 1918/1814/1609 1914/1810/1606 1916/1813/1608
f 728/657/608 730/660/611 1917/1815/1609
f 728/657/608 1917/1815/1609 1733/1633/1440
f 1919/1816/1610 1920/1817/1611 1921/1818/1612
f 1919/1816/1610 1921/1818/1612 1922/1819/1613
f 1828/1726/1527 1831/1729/1530 1921/1818/1612
f 1828/1726/1527 1921/1818/1612 1920/1817/1611
f 1923/1820/1614 1924/1821/1615 1920/1817/1611
f 1923/1820/1614 1920/1817/1611 1919/1816/1610
f 1832/1730/1531 1828/1726/1527 1920/1817/1611
f 1832/1730/1531 1920/1817/1611 1924/1821/1615
f 1925/1822/1616 1926/1823/1617 1924/1821/1615
f 1925/1822/1616 1924/1821/1615 1923/1820/1614
f 1927/1824/1618 1832/1730/1531 1924/1821/1615
f 1927/1824/1618 1924/1821/1615 1926/1823/1617
f 1833/1731/1532 1832/1730/1531 1927/1824/1618
f 1833/1731/1532 1927/1824/1618 1836/1734/1535
f 1928/1825/1619 1929/1826/1620 1927/1824/1618
f 1928/1825/1619 1927/1824/1618 1926/1823/1617
f 1930/1827/1621 1836/1734/1535 1927/1824/1618
f 1930/1827/1621 1927/1824/1618 1929/1826/1620
f 1837/1735/1536 1836/1734/1535 1930/1827/1621
f 1837/1735/1536 1930/1827/1621 1839/1737/1538
f 1931/1828/1622 1932/1829/1623 1930/1827/1621
f 1931/1828/1622 1930/1827/1621 1929/1826/1620
f 1841/1739/1540 1839/1737/1538 1930/1827/1621
f 1841/1739/1540 1930/1827/1621 1932/1829/1623
f 1933/1830/1624 1934/1831/1625 1932/1829/1623
f 1933/1830/1624 1932/1829/1623 1931/1828/1622
f 1935/1832/1626 1841/1739/1540 1932/1829/1623
f 1935/1832/1626 1932/1829/1623 1934/1831/1625
f 1842/1740/1541 1841/1739/1540 1935/1832/1626
f 1842/1740/1541 1935/1832/1626 1845/1743/1544
f 1936/1833/1627 1937/1834/1628 1935/1832/1626
f 1936/1833/1627 1935/1832/1626 1934/1831/1625
f 1938/1835/1629 1845/1743/1544 1935/1832/1626
f 1938/1835/1629 1935/1832/1626 1937/1834/1628
f 1846/1744/1545 1845/1743/1544 1938/1835/1629
f 1846/1744/1545 1938/1835/1629 1849/1747/1548
f 1939/1836/1630 1940/1837/1631 1938/1835/1629
f 1939/1836/1630 1938/1835/1629 1937/1834/1628
f 1941/1838/1632 1849/1747/1548 1938/1835/1629
f 1941/1838/1632 1938/1835/1629 1940/1837/1631
f 1850/1748/1549 1849/1747/1548 1941/1838/1632
f 1850/1748/1549 1941/1838/1632 1854/1752/1553
f 1942/1839/1633 1943/1840/1634 1941/1838/1632
f 1942/1839/1633 1941/1838/1632 1940/1837/1631
f 1945/1841/1635 1854/1752/1553 1941/1838/1632
f 1945/1841/1635 1941/1838/1632 1943/1840/1634
f 1855/1753/1554 1854/1752/1553 1945/1841/1635
f 1855/1753/1554 1945/1841/1635 1858/1756/1557
f 1948/1842/1636 1949/1843/1637 1946/1844/1638
f 1948/1842/1636 1946/1844/1638 1944/1845/1634
f 1870/1766/1564 1859/1846/1639 1946/1844/1638
f 1870/1766/1564 1946/1844/1638 1949/1843/1637
f 1880/1776/1574 1874/1770/1568 1949/1843/1637
f 1880/1776/1574 1949/1843/1637 1948/1842/1636
f 1871/1767/1565 1870/1766/1564 1949/1843/1637
f 1871/1767/1565 1949/1843/1637 1874/1770/1568
f 1942/1839/1633 1883/1847/1640 1947/1848/1641
f 1942/1839/1633 1947/1848/1641 1943/1840/1634
f 1881/1777/1575 1880/1776/1574 1948/1842/1636
f 1881/1777/1575 1948/1842/1636 1884/1779/1577
f 1939/1836/1630 1889/1782/1580 1942/1839/1633
f 1939/1836/1630 1942/1839/1633 1940/1837/1631
f 1885/1785/1582 1883/1847/1640 1942/1839/1633
f 1885/1785/1582 1942/1839/1633 1889/1782/1580
f 1936/1833/1627 1892/1788/1584 1939/1836/1630
f 1936/1833/1627 1939/1836/1630 1937/1834/1628
f 1890/1783/1581 1889/1782/1580 1939/1836/1630
f 1890/1783/1581 1939/1836/1630 1892/1788/1584
f 1933/1830/1624 1895/1791/1587 1936/1833/1627
f 1933/1830/1624 1936/1833/1627 1934/1831/1625
f 1893/1789/1585 1892/1788/1584 1936/1833/1627
f 1893/1789/1585 1936/1833/1627 1895/1791/1587
f 1950/1849/1642 1898/1794/1590 1933/1830/1624
f 1950/1849/1642 1933/1830/1624 1931/1828/1622
f 1896/1792/1588 1895/1791/1587 1933/1830/1624
f 1896/1792/1588 1933/1830/1624 1898/1794/1590
f 1929/1826/1620 1928/1825/1619 1950/1849/1642
f 1929/1826/1620 1950/1849/1642 1931/1828/1622
f 1951/1850/1643 1901/1797/1593 1950/1849/1642
f 1951/1850/1643 1950/1849/1642 1928/1825/1619
f 1899/1795/1591 1898/1794/1590 1950/1849/1642
f 1899/1795/1591 1950/1849/1642 1901/1797/1593
f 1926/1823/1617 1925/1822/1616 1951/1850/1643
f 1926/1823/1617 1951/1850/1643 1928/1825/1619
f 1952/1851/1644 1904/1800/1596 1951/1850/1643
f 1952/1851/1644 1951/1850/1643 1925/1822/1616
f 1902/1798/1594 1901/1797/1593 1951/1850/1643
f 1902/1798/1594 1951/1850/1643 1904/1800/1596
f 1923/1820/1614 1953/1852/1645 1952/1851/1644
f 1923/1820/1614 1952/1851/1644 1925/1822/1616
f 1954/1853/1646 1907/1803/1599 1952/1851/1644
f 1954/1853/1646 1952/1851/1644 1953/1852/1645
f 1905/1801/1597 1904/1800/1596 1952/1851/1644
f 1905/1801/1597 1952/1851/1644 1907/1803/1599
f 1955/1854/1647 1956/1855/1648 1954/1853/1646
f 1955/1854/1647 1954/1853/1646 1953/1852/1645
f 1957/1856/1649 1910/1806/1602 1954/1853/1646
f 1957/1856/1649 1954/1853/1646 1956/1855/1648
f 1908/1804/1600 1907/1803/1599 1954/1853/1646
f 1908/1804/1600 1954/1853/1646 1910/1806/1602
f 1958/1857/1650 1959/1858/1651 1957/1856/1649
f 1958/1857/1650 1957/1856/1649 1956/1855/1648
f 1915/1812/1607 1913/1809/1605 1957/1856/1649
f 1915/1812/1607 1957/1856/1649 1959/1858/1651
f 1911/1807/1603 1910/1806/1602 1957/1856/1649
f 1911/1807/1603 1957/1856/1649 1913/1809/1605
f 1956/1855/1648 1955/1854/1647 1960/1859/1652
f 1956/1855/1648 1960/1859/1652 1958/1857/1650
f 1919/1816/1610 1922/1819/1613 1960/1859/1652
f 1919/1816/1610 1960/1859/1652 1955/1854/1647
f 1923/1820/1614 1919/1816/1610 1955/1854/1647
f 1923/1820/1614 1955/1854/1647 1953/1852/1645
f 1875/1771/1569 1874/1770/1568 1880/1776/1574
f 1875/1771/1569 1880/1776/1574 1877/1773/1571
f 1860/1757/1558 1858/1756/1557 1869/1860/1653
f 1860/1757/1558 1869/1860/1653 1864/1861/1654
f 95/73/68 99/77/71 1857/1755/1556
f 95/73/68 1857/1755/1556 64/48/46
f 96/74/69 106/86/79 1852/1750/1551
f 96/74/69 1852/1750/1551 98/75/70
f 108/85/78 1848/1746/1547 1852/1750/1551
f 108/85/78 1852/1750/1551 106/86/79
f 99/77/71 98/75/70 1852/1750/1551
f 99/77/71 1852/1750/1551 1853/1751/1552
f 109/88/81 287/248/238 1844/1742/1543
f 109/88/81 1844/1742/1543 108/85/78
f 609/543/512 32/565/23 1835/1733/1534
f 609/543/512 1835/1733/1534 611/545/513
f 581/519/490 1961/1862/1655 1827/1725/1526
f 581/519/490 1827/1725/1526 583/521/492
f 580/518/489 1962/1863/1656 1961/1862/1655
f 580/518/489 1961/1862/1655 581/519/490
f 1963/1864/1657 1964/1865/1658 1962/1863/1656
f 1963/1864/1657 1962/1863/1656 580/518/489
f 1963/1864/1657 1965/1866/1659 1966/1867/1660
f 1963/1864/1657 1966/1867/1660 1964/1865/1658
f 1967/1868/1661 1968/1869/1662 1966/1867/1660
f 1967/1868/1661 1966/1867/1660 1965/1866/1659
f 1969/1870/1663 1970/1871/1664 1967/1868/1661
f 1969/1870/1663 1967/1868/1661 1965/1866/1659
f 1971/1872/1665 1972/1873/1666 1967/1868/1661
f 1971/1872/1665 1967/1868/1661 1970/1871/1664
f 1973/1874/1667 1968/1869/1662 1967/1868/1661
f 1973/1874/1667 1967/1868/1661 1972/1873/1666
f 417/370/351 423/375/356 1973/1874/1667
f 417/370/351 1973/1874/1667 1972/1873/1666
f 416/368/349 417/370/351 1972/1873/1666
f 416/368/349 1972/1873/1666 1971/1872/1665
f 1974/1875/1668 1975/1876/1669 1971/1872/1665
f 1974/1875/1668 1971/1872/1665 1970/1871/1664
f 1976/1877/1670 416/368/349 1971/1872/1665
f 1976/1877/1670 1971/1872/1665 1975/1876/1669
f 1977/1878/1671 1978/1879/1672 1976/1877/1670
f 1977/1878/1671 1976/1877/1670 1975/1876/1669
f 1979/1880/1673 1980/1881/1674 1976/1877/1670
f 1979/1880/1673 1976/1877/1670 1978/1879/1672
f 414/369/350 416/368/349 1976/1877/1670
f 414/369/350 1976/1877/1670 1980/1881/1674
f 430/380/361 398/1882/1675 1980/1881/1674
f 430/380/361 1980/1881/1674 1979/1880/1673
f 402/1883/1676 414/369/350 1980/1881/1674
f 402/1883/1676 1980/1881/1674 398/1882/1675
f 1981/1884/1677 1982/1885/1678 1979/1880/1673
f 1981/1884/1677 1979/1880/1673 1978/1879/1672
f 429/379/360 430/380/361 1979/1880/1673
f 429/379/360 1979/1880/1673 1982/1885/1678
f 1983/1886/1679 1984/1887/1680 1982/1885/1678
f 1983/1886/1679 1982/1885/1678 1981/1884/1677
f 424/376/357 429/379/360 1982/1885/1678
f 424/376/357 1982/1885/1678 1984/1887/1680
f 1985/1888/1681 1986/1889/1682 1984/1887/1680
f 1985/1888/1681 1984/1887/1680 1983/1886/1679
f 1987/1890/1683 424/376/357 1984/1887/1680
f 1987/1890/1683 1984/1887/1680 1986/1889/1682
f 425/377/358 424/376/357 1987/1890/1683
f 425/377/358 1987/1890/1683 442/393/372
f 1988/1891/1684 1989/1892/1685 1987/1890/1683
f 1988/1891/1684 1987/1890/1683 1986/1889/1682
f 439/390/369 442/393/372 1987/1890/1683
f 439/390/369 1987/1890/1683 1989/1892/1685
f 1990/1893/1686 1991/1894/1687 1989/1892/1685
f 1990/1893/1686 1989/1892/1685 1988/1891/1684
f 1992/1895/1688 439/390/369 1989/1892/1685
f 1992/1895/1688 1989/1892/1685 1991/1894/1687
f 440/391/370 439/390/369 1992/1895/1688
f 440/391/370 1992/1895/1688 1993/1896/1689
f 1994/1897/1690 1995/1898/1691 1992/1895/1688
f 1994/1897/1690 1992/1895/1688 1991/1894/1687
f 585/523/494 1993/1896/1689 1992/1895/1688
f 585/523/494 1992/1895/1688 1995/1898/1691
f 1969/1870/1663 1996/1899/1692 1995/1898/1691
f 1969/1870/1663 1995/1898/1691 1994/1897/1690
f 582/520/491 585/523/494 1995/1898/1691
f 582/520/491 1995/1898/1691 1996/1899/1692
f 1965/1866/1659 1963/1864/1657 1996/1899/1692
f 1965/1866/1659 1996/1899/1692 1969/1870/1663
f 580/518/489 582/520/491 1996/1899/1692
f 580/518/489 1996/1899/1692 1963/1864/1657
f 1990/1893/1686 1974/1875/1668 1994/1897/1690
f 1990/1893/1686 1994/1897/1690 1991/1894/1687
f 1970/1871/1664 1969/1870/1663 1994/1897/1690
f 1970/1871/1664 1994/1897/1690 1974/1875/1668
f 450/402/380 440/391/370 1993/1896/1689
f 450/402/380 1993/1896/1689 451/403/381
f 452/404/382 451/403/381 1993/1896/1689
f 452/404/382 1993/1896/1689 585/523/494
f 1997/1900/1693 1977/1878/1671 1990/1893/1686
f 1997/1900/1693 1990/1893/1686 1988/1891/1684
f 1975/1876/1669 1974/1875/1668 1990/1893/1686
f 1975/1876/1669 1990/1893/1686 1977/1878/1671
f 1986/1889/1682 1985/1888/1681 1997/1900/1693
f 1986/1889/1682 1997/1900/1693 1988/1891/1684
f 1983/1886/1679 1981/1884/1677 1997/1900/1693
f 1983/1886/1679 1997/1900/1693 1985/1888/1681
f 1978/1879/1672 1977/1878/1671 1997/1900/1693
f 1978/1879/1672 1997/1900/1693 1981/1884/1677
f 584/522/493 583/521/492 1825/1722/1524
f 584/522/493 1825/1722/1524 1824/1721/1523
f 1999/1901/1694 2000/1902/1695 1824/1721/1523
f 1999/1901/1694 1824/1721/1523 1823/1723/1522
f 593/534/503 584/522/493 1824/1721/1523
f 593/534/503 1824/1721/1523 2000/1902/1695
f 2002/1903/1696 2004/1904/1697 2000/1902/1695
f 2002/1903/1696 2000/1902/1695 1999/1901/1694
f 2005/1905/1698 593/534/503 2000/1902/1695
f 2005/1905/1698 2000/1902/1695 2004/1904/1697
f 626/1906/1699 624/1907/1700 2005/1905/1698
f 626/1906/1699 2005/1905/1698 2004/1904/1697
f 621/1908/1701 2006/1909/1702 2005/1905/1698
f 621/1908/1701 2005/1905/1698 624/1907/1700
f 592/533/502 593/534/503 2005/1905/1698
f 592/533/502 2005/1905/1698 2006/1909/1702
f 552/492/466 567/506/479 2006/1909/1702
f 552/492/466 2006/1909/1702 621/1908/1701
f 2007/1910/1703 592/533/502 2006/1909/1702
f 2007/1910/1703 2006/1909/1702 567/506/479
f 568/507/480 444/396/374 2007/1910/1703
f 568/507/480 2007/1910/1703 567/506/479
f 447/399/377 454/406/384 2007/1910/1703
f 447/399/377 2007/1910/1703 444/396/374
f 555/497/470 592/533/502 2007/1910/1703
f 555/497/470 2007/1910/1703 454/406/384
f 636/575/534 625/558/523 2003/1911/1704
f 636/575/534 2003/1911/1704 2001/1912/1696
f 739/1913/618 636/575/534 2001/1912/1696
f 739/1913/618 2001/1912/1696 2008/1914/1705
f 2009/1915/1706 2008/1914/1705 2001/1912/1696
f 2009/1915/1706 2001/1912/1696 1998/1916/1694
f 2010/1917/1707 2008/1914/1705 2009/1915/1706
f 2010/1917/1707 2009/1915/1706 2011/1918/1708
f 1822/1719/1522 1821/1718/1521 2009/1915/1706
f 1822/1719/1522 2009/1915/1706 1998/1916/1694
f 2012/1919/1709 2011/1918/1708 2009/1915/1706
f 2012/1919/1709 2009/1915/1706 1821/1718/1521
f 2013/1920/1710 2011/1918/1708 2012/1919/1709
f 2013/1920/1710 2012/1919/1709 2014/1921/1711
f 1813/1711/1516 1812/1710/1515 2012/1919/1709
f 1813/1711/1516 2012/1919/1709 1821/1718/1521
f 2015/1922/1712 2014/1921/1711 2012/1919/1709
f 2015/1922/1712 2012/1919/1709 1812/1710/1515
f 2016/1923/1713 2014/1921/1711 2015/1922/1712
f 2016/1923/1713 2015/1922/1712 2017/1924/1714
f 1817/1713/1518 2018/1925/1715 2015/1922/1712
f 1817/1713/1518 2015/1922/1712 1812/1710/1515
f 2019/1926/1716 2017/1924/1714 2015/1922/1712
f 2019/1926/1716 2015/1922/1712 2018/1925/1715
f 1809/1707/1512 2017/1924/1714 2019/1926/1716
f 1809/1707/1512 2019/1926/1716 1810/1708/1513
f 2020/1927/1717 2021/1928/1718 2016/1923/1713
f 2020/1927/1717 2016/1923/1713 1808/1706/1511
f 2013/1920/1710 2014/1921/1711 2016/1923/1713
f 2013/1920/1710 2016/1923/1713 2021/1928/1718
f 1809/1707/1512 1808/1706/1511 2016/1923/1713
f 1809/1707/1512 2016/1923/1713 2017/1924/1714
f 1793/1691/1496 2022/1929/1719 2021/1928/1718
f 1793/1691/1496 2021/1928/1718 2020/1927/1717
f 2023/1930/1720 2013/1920/1710 2021/1928/1718
f 2023/1930/1720 2021/1928/1718 2022/1929/1719
f 1788/1683/1490 2025/1931/1721 2023/1930/1720
f 1788/1683/1490 2023/1930/1720 2022/1929/1719
f 741/1932/619 2010/1917/1707 2023/1930/1720
f 741/1932/619 2023/1930/1720 2025/1931/1721
f 2011/1918/1708 2013/1920/1710 2023/1930/1720
f 2011/1918/1708 2023/1930/1720 2010/1917/1707
f 1781/1686/1486 1779/1933/1485 2025/1931/1721
f 1781/1686/1486 2025/1931/1721 1788/1683/1490
f 709/642/594 740/669/619 2024/1934/1722
f 709/642/594 2024/1934/1722 1778/1678/1485
f 1789/1684/1491 1788/1683/1490 2022/1929/1719
f 1789/1684/1491 2022/1929/1719 1793/1691/1496
f 1794/1692/1497 1793/1691/1496 2020/1927/1717
f 1794/1692/1497 2020/1927/1717 1798/1696/1501
f 1806/1704/1509 1798/1696/1501 2020/1927/1717
f 1806/1704/1509 2020/1927/1717 1808/1706/1511
f 739/1913/618 2008/1914/1705 2010/1917/1707
f 739/1913/618 2010/1917/1707 741/1932/619
f 708/641/593 709/642/594 1778/1678/1485
f 708/641/593 1778/1678/1485 1774/1674/1481
f 701/636/588 706/639/591 1767/1667/1474
f 701/636/588 1767/1667/1474 1766/1666/1473
f 1761/1661/1468 2026/1935/1723 1766/1666/1473
f 1761/1661/1468 1766/1666/1473 1762/1662/1469
f 2027/1936/1724 701/636/588 1766/1666/1473
f 2027/1936/1724 1766/1666/1473 2026/1935/1723
f 693/626/581 692/625/580 2027/1936/1724
f 693/626/581 2027/1936/1724 2026/1935/1723
f 690/624/579 2028/1937/1725 2027/1936/1724
f 690/624/579 2027/1936/1724 692/625/580
f 702/637/589 701/636/588 2027/1936/1724
f 702/637/589 2027/1936/1724 2028/1937/1725
f 689/629/578 2030/1938/1726 2029/1939/1725
f 689/629/578 2029/1939/1725 691/1940/1727
f 2031/1941/1728 703/1942/1729 2029/1939/1725
f 2031/1941/1728 2029/1939/1725 2030/1938/1726
f 705/1943/590 703/1942/1729 2031/1941/1728
f 705/1943/590 2031/1941/1728 2032/1944/1730
f 2033/1945/1731 2034/1946/1732 2031/1941/1728
f 2033/1945/1731 2031/1941/1728 2030/1938/1726
f 2035/1947/1733 2032/1944/1730 2031/1941/1728
f 2035/1947/1733 2031/1941/1728 2034/1946/1732
f 2036/1948/1734 2032/1944/1730 2035/1947/1733
f 2036/1948/1734 2035/1947/1733 2037/1949/1735
f 2038/1950/1736 2039/1951/1737 2035/1947/1733
f 2038/1950/1736 2035/1947/1733 2034/1946/1732
f 2040/1952/1738 2037/1949/1735 2035/1947/1733
f 2040/1952/1738 2035/1947/1733 2039/1951/1737
f 2041/1953/1739 2037/1949/1735 2040/1952/1738
f 2041/1953/1739 2040/1952/1738 2042/1954/1740
f 2044/1955/1741 801/720/668 2040/1952/1738
f 2044/1955/1741 2040/1952/1738 2039/1951/1737
f 800/719/667 2042/1954/1740 2040/1952/1738
f 800/719/667 2040/1952/1738 801/720/668
f 2038/1950/1736 2046/1956/1742 2044/1955/1741
f 2038/1950/1736 2044/1955/1741 2039/1951/1737
f 2047/1957/1743 2048/1958/1744 2043/1959/1741
f 2047/1957/1743 2043/1959/1741 2045/1960/1745
f 803/721/669 801/720/668 2044/1955/1741
f 803/721/669 2044/1955/1741 2049/1961/1746
f 1740/1640/1447 2050/1962/1747 2048/1958/1744
f 1740/1640/1447 2048/1958/1744 2047/1957/1743
f 817/732/678 802/731/677 2048/1958/1744
f 817/732/678 2048/1958/1744 2050/1962/1747
f 1738/1638/1445 2051/1963/1748 2050/1962/1747
f 1738/1638/1445 2050/1962/1747 1740/1640/1447
f 2052/1964/1749 817/732/678 2050/1962/1747
f 2052/1964/1749 2050/1962/1747 2051/1963/1748
f 815/729/675 817/732/678 2052/1964/1749
f 815/729/675 2052/1964/1749 2053/1965/1750
f 2055/1966/1751 2056/1967/1752 2052/1964/1749
f 2055/1966/1751 2052/1964/1749 2051/1963/1748
f 2057/1968/1753 2053/1965/1750 2052/1964/1749
f 2057/1968/1753 2052/1964/1749 2056/1967/1752
f 2058/1969/1754 2053/1965/1750 2057/1968/1753
f 2058/1969/1754 2057/1968/1753 2061/1970/1755
f 2063/1971/1756 2064/1972/1757 2057/1968/1753
f 2063/1971/1756 2057/1968/1753 2056/1967/1752
f 827/1973/686 2061/1970/1755 2057/1968/1753
f 827/1973/686 2057/1968/1753 2064/1972/1757
f 2065/1974/1758 2066/1975/1759 2064/1972/1757
f 2065/1974/1758 2064/1972/1757 2063/1971/1756
f 829/1976/687 827/1973/686 2064/1972/1757
f 829/1976/687 2064/1972/1757 2066/1975/1759
f 2063/1971/1756 2067/1977/1760 2068/1978/1761
f 2063/1971/1756 2068/1978/1761 2065/1974/1758
f 1736/1636/1443 1737/1637/1444 2068/1978/1761
f 1736/1636/1443 2068/1978/1761 2067/1977/1760
f 2056/1967/1752 2055/1966/1751 2067/1977/1760
f 2056/1967/1752 2067/1977/1760 2063/1971/1756
f 1734/1634/1441 1736/1636/1443 2067/1977/1760
f 1734/1634/1441 2067/1977/1760 2055/1966/1751
f 2069/1979/1762 823/737/683 2059/1980/1763
f 2069/1979/1762 2059/1980/1763 2071/1981/1764
f 816/738/675 2054/1982/1750 2059/1980/1763
f 816/738/675 2059/1980/1763 823/737/683
f 2075/1983/1765 2072/1984/1764 2062/1985/1755
f 2072/1984/1764 2060/1986/1754 2062/1985/1755
f 883/794/731 2072/1984/1764 2075/1983/1765
f 883/794/731 2075/1983/1765 2077/1987/1766
f 827/1973/686 832/1988/688 2073/1989/1767
f 827/1973/686 2073/1989/1767 2061/1970/1755
f 2078/1990/1768 2076/1991/1769 2074/1992/1767
f 2078/1990/1768 2074/1992/1767 833/743/688
f 889/1993/1770 2076/1991/1769 2078/1990/1768
f 889/1993/1770 2078/1990/1768 874/787/726
f 821/735/681 822/736/682 2078/1990/1768
f 821/735/681 2078/1990/1768 833/743/688
f 870/783/722 874/787/726 2078/1990/1768
f 870/783/722 2078/1990/1768 822/736/682
f 884/795/732 883/794/731 2077/1987/1766
f 884/795/732 2077/1987/1766 890/799/736
f 2079/1994/1771 2081/1995/1772 881/1996/730
f 2081/1995/1772 2069/1979/1762 881/1996/730
f 818/733/679 823/737/683 2069/1979/1762
f 818/733/679 2069/1979/1762 2081/1995/1772
f 883/794/731 882/793/730 2070/1997/1762
f 883/794/731 2070/1997/1762 2072/1984/1764
f 2082/1998/1773 2083/1999/1774 2081/1995/1772
f 2082/1998/1773 2081/1995/1772 2079/1994/1771
f 797/716/664 818/733/679 2081/1995/1772
f 797/716/664 2081/1995/1772 2083/1999/1774
f 2084/2000/1775 2085/2001/1776 2083/1999/1774
f 2084/2000/1775 2083/1999/1774 2082/1998/1773
f 777/700/648 797/716/664 2083/1999/1774
f 777/700/648 2083/1999/1774 2085/2001/1776
f 2086/2002/1777 2087/2003/1778 2085/2001/1776
f 2086/2002/1777 2085/2001/1776 2084/2000/1775
f 778/701/649 777/700/648 2085/2001/1776
f 778/701/649 2085/2001/1776 2087/2003/1778
f 2088/2004/1779 838/748/693 2087/2003/1778
f 2088/2004/1779 2087/2003/1778 2086/2002/1777
f 839/749/694 778/701/649 2087/2003/1778
f 839/749/694 2087/2003/1778 838/748/693
f 2089/2005/1780 852/767/707 2088/2004/1779
f 2089/2005/1780 2088/2004/1779 2090/2006/1781
f 837/747/692 838/748/693 2088/2004/1779
f 837/747/692 2088/2004/1779 852/767/707
f 2091/2007/1782 2090/2006/1781 2088/2004/1779
f 2091/2007/1782 2088/2004/1779 2086/2002/1777
f 2092/2008/1783 2090/2006/1781 2091/2007/1782
f 2092/2008/1783 2091/2007/1782 2093/2009/1784
f 2084/2000/1775 2094/2010/1785 2091/2007/1782
f 2084/2000/1775 2091/2007/1782 2086/2002/1777
f 2095/2011/1786 2093/2009/1784 2091/2007/1782
f 2095/2011/1786 2091/2007/1782 2094/2010/1785
f 932/834/767 2093/2009/1784 2095/2011/1786
f 932/834/767 2095/2011/1786 901/807/744
f 2096/2012/1787 2097/2013/1788 2095/2011/1786
f 2096/2012/1787 2095/2011/1786 2094/2010/1785
f 900/806/743 901/807/744 2095/2011/1786
f 900/806/743 2095/2011/1786 2097/2013/1788
f 2098/2014/1789 2100/2015/1790 2097/2013/1788
f 2098/2014/1789 2097/2013/1788 2096/2012/1787
f 894/803/740 900/806/743 2097/2013/1788
f 894/803/740 2097/2013/1788 2100/2015/1790
f 885/796/733 893/802/739 2101/2016/1791
f 885/796/733 2101/2016/1791 2099/2017/1789
f 2102/2018/1792 895/2019/740 2101/2016/1791
f 2102/2018/1792 2101/2016/1791 893/802/739
f 897/2020/1793 895/2019/740 2102/2018/1792
f 897/2020/1793 2102/2018/1792 2103/2021/1794
f 892/801/738 907/811/748 2102/2018/1792
f 892/801/738 2102/2018/1792 893/802/739
f 910/814/751 2103/2021/1794 2102/2018/1792
f 910/814/751 2102/2018/1792 907/811/748
f 2082/1998/1773 2079/1994/1771 2098/2014/1789
f 2082/1998/1773 2098/2014/1789 2096/2012/1787
f 882/793/730 885/796/733 2099/2017/1789
f 882/793/730 2099/2017/1789 2080/2022/1795
f 2084/2000/1775 2082/1998/1773 2096/2012/1787
f 2084/2000/1775 2096/2012/1787 2094/2010/1785
f 934/836/769 2104/2023/1796 2092/2008/1783
f 934/836/769 2092/2008/1783 933/835/768
f 2089/2005/1780 2090/2006/1781 2092/2008/1783
f 2089/2005/1780 2092/2008/1783 2104/2023/1796
f 932/834/767 933/835/768 2092/2008/1783
f 932/834/767 2092/2008/1783 2093/2009/1784
f 935/837/770 2105/2024/1797 2104/2023/1796
f 935/837/770 2104/2023/1796 934/836/769
f 2108/2025/1798 2089/2005/1780 2104/2023/1796
f 2108/2025/1798 2104/2023/1796 2105/2024/1797
f 2110/2026/1799 2111/2027/1800 2106/2028/1797
f 2110/2026/1799 2106/2028/1797 936/2029/770
f 2112/2030/1801 2109/2031/1798 2106/2028/1797
f 2112/2030/1801 2106/2028/1797 2111/2027/1800
f 911/815/752 2113/2032/1802 2111/2027/1800
f 911/815/752 2111/2027/1800 2110/2026/1799
f 2114/2033/1803 2112/2030/1801 2111/2027/1800
f 2114/2033/1803 2111/2027/1800 2113/2032/1802
f 891/800/737 888/798/735 2114/2033/1803
f 891/800/737 2114/2033/1803 2113/2032/1802
f 887/797/734 2116/2034/1804 2114/2033/1803
f 887/797/734 2114/2033/1803 888/798/735
f 2118/2035/1805 2112/2030/1801 2114/2033/1803
f 2118/2035/1805 2114/2033/1803 2116/2034/1804
f 873/786/725 872/785/724 2115/2036/1806
f 873/786/725 2115/2036/1806 886/2037/734
f 879/2038/1807 2117/2039/1805 2115/2036/1806
f 879/2038/1807 2115/2036/1806 872/785/724
f 908/812/749 891/800/737 2113/2032/1802
f 908/812/749 2113/2032/1802 911/815/752
f 912/816/753 911/815/752 2110/2026/1799
f 912/816/753 2110/2026/1799 2119/2040/1808
f 938/840/773 2119/2040/1808 2110/2026/1799
f 938/840/773 2110/2026/1799 936/2029/770
f 924/827/762 912/816/753 2119/2040/1808
f 924/827/762 2119/2040/1808 2120/2041/1809
f 939/839/772 2120/2041/1809 2119/2040/1808
f 939/839/772 2119/2040/1808 938/840/773
f 1429/2042/1810 924/827/762 2120/2041/1809
f 1429/2042/1810 2120/2041/1809 1432/2043/1158
f 2122/2044/1811 1432/2043/1158 2120/2041/1809
f 2122/2044/1811 2120/2041/1809 939/839/772
f 1433/1319/1159 1431/1318/1158 2121/2045/1811
f 1433/1319/1159 2121/2045/1811 1436/1321/1161
f 940/842/775 2123/2046/1812 2122/2044/1811
f 940/842/775 2122/2044/1811 939/839/772
f 1441/2047/1163 1437/2048/1161 2122/2044/1811
f 1441/2047/1163 2122/2044/1811 2123/2046/1812
f 941/843/776 2124/2049/1813 2123/2046/1812
f 941/843/776 2123/2046/1812 940/842/775
f 1444/2050/1814 1441/2047/1163 2123/2046/1812
f 1444/2050/1814 2123/2046/1812 2124/2049/1813
f 1454/1340/1173 1452/1336/1171 2124/2049/1813
f 1454/1340/1173 2124/2049/1813 941/843/776
f 1447/1339/1167 1444/2050/1814 2124/2049/1813
f 1447/1339/1167 2124/2049/1813 1452/1336/1171
f 854/768/708 852/767/707 2089/2005/1780
f 854/768/708 2089/2005/1780 2108/2025/1798
f 1738/1638/1445 1734/1634/1441 2055/1966/1751
f 1738/1638/1445 2055/1966/1751 2051/1963/1748
f 2125/2051/1815 1743/1643/1450 2047/1957/1743
f 2125/2051/1815 2047/1957/1743 2045/1960/1745
f 1741/1641/1448 1740/1640/1447 2047/1957/1743
f 1741/1641/1448 2047/1957/1743 1743/1643/1450
f 2038/1950/1736 2127/2052/1816 2126/2053/1815
f 2038/1950/1736 2126/2053/1815 2046/1956/1742
f 2128/2054/1817 2130/2055/1818 2126/2053/1815
f 2128/2054/1817 2126/2053/1815 2127/2052/1816
f 1744/1644/1451 1743/1643/1450 2125/2051/1815
f 1744/1644/1451 2125/2051/1815 2129/2056/1818
f 2132/2057/1819 2135/2058/1820 2130/2055/1818
f 2132/2057/1819 2130/2055/1818 2128/2054/1817
f 1745/1645/1452 1744/1644/1451 2129/2056/1818
f 1745/1645/1452 2129/2056/1818 2133/2059/1821
f 2136/2060/1822 1756/1656/1463 2134/2061/1821
f 2136/2060/1822 2134/2061/1821 2131/2062/1823
f 1749/1647/1454 1746/1650/1457 2134/2061/1821
f 1749/1647/1454 2134/2061/1821 1756/1656/1463
f 1757/1657/1464 1756/1656/1463 2136/2060/1822
f 1757/1657/1464 2136/2060/1822 1761/1661/1468
f 694/627/582 693/626/581 2136/2060/1822
f 694/627/582 2136/2060/1822 2131/2062/1823
f 2026/1935/1723 1761/1661/1468 2136/2060/1822
f 2026/1935/1723 2136/2060/1822 693/626/581
f 696/628/583 695/631/582 2132/2057/1819
f 696/628/583 2132/2057/1819 2128/2054/1817
f 2033/1945/1731 696/628/583 2128/2054/1817
f 2033/1945/1731 2128/2054/1817 2127/2052/1816
f 2034/1946/1732 2033/1945/1731 2127/2052/1816
f 2034/1946/1732 2127/2052/1816 2038/1950/1736
f 1516/1402/1232 2137/2063/1824 2041/1953/1739
f 1516/1402/1232 2041/1953/1739 1523/1410/1239
f 2036/1948/1734 2037/1949/1735 2041/1953/1739
f 2036/1948/1734 2041/1953/1739 2137/2063/1824
f 1524/1411/1240 1523/1410/1239 2041/1953/1739
f 1524/1411/1240 2041/1953/1739 2042/1954/1740
f 1514/1400/1230 745/671/621 2137/2063/1824
f 1514/1400/1230 2137/2063/1824 1516/1402/1232
f 712/674/595 2036/1948/1734 2137/2063/1824
f 712/674/595 2137/2063/1824 745/671/621
f 1525/1412/1241 1524/1411/1240 2042/1954/1740
f 1525/1412/1241 2042/1954/1740 800/719/667
f 705/1943/590 2032/1944/1730 2036/1948/1734
f 705/1943/590 2036/1948/1734 712/674/595
f 689/629/578 696/628/583 2033/1945/1731
f 689/629/578 2033/1945/1731 2030/1938/1726
f 2138/2064/1825 734/664/614 2139/2065/1826
f 2138/2064/1825 2139/2065/1826 2140/2066/1827
f 681/617/572 680/616/571 2139/2065/1826
f 681/617/572 2139/2065/1826 734/664/614
f 2141/2067/1828 2142/2068/1829 2138/2064/1825
f 2141/2067/1828 2138/2064/1825 2140/2066/1827
f 1720/1620/1427 2143/2069/1830 2138/2064/1825
f 1720/1620/1427 2138/2064/1825 2142/2068/1829
f 735/665/615 734/664/614 2138/2064/1825
f 735/665/615 2138/2064/1825 2143/2069/1830
f 1718/1618/1425 1717/1617/1424 2143/2069/1830
f 1718/1618/1425 2143/2069/1830 1720/1620/1427
f 736/666/616 735/665/615 2143/2069/1830
f 736/666/616 2143/2069/1830 1717/1617/1424
f 2144/2070/1831 2145/2071/1832 2142/2068/1829
f 2144/2070/1831 2142/2068/1829 2141/2067/1828
f 1721/1621/1428 1720/1620/1427 2142/2068/1829
f 1721/1621/1428 2142/2068/1829 2145/2071/1832
f 1727/1627/1434 1725/1625/1432 2145/2071/1832
f 1727/1627/1434 2145/2071/1832 2144/2070/1831
f 1722/1622/1429 1721/1621/1428 2145/2071/1832
f 1722/1622/1429 2145/2071/1832 1725/1625/1432
f 2146/2072/1833 736/666/616 1717/1617/1424
f 2146/2072/1833 1717/1617/1424 1715/1615/1422
f 737/667/617 736/666/616 2146/2072/1833
f 737/667/617 2146/2072/1833 2147/2073/1834
f 1713/1613/1420 1712/1612/1419 2146/2072/1833
f 1713/1613/1420 2146/2072/1833 1715/1615/1422
f 2148/2074/1835 2147/2073/1834 2146/2072/1833
f 2148/2074/1835 2146/2072/1833 1712/1612/1419
f 2149/2075/1836 2147/2073/1834 2148/2074/1835
f 2149/2075/1836 2148/2074/1835 855/769/709
f 1709/1609/1416 2150/2076/1837 2148/2074/1835
f 1709/1609/1416 2148/2074/1835 1712/1612/1419
f 835/745/690 855/769/709 2148/2074/1835
f 835/745/690 2148/2074/1835 2150/2076/1837
f 1711/1611/1418 2151/2077/1838 2150/2076/1837
f 1711/1611/1418 2150/2076/1837 1709/1609/1416
f 836/746/691 835/745/690 2150/2076/1837
f 836/746/691 2150/2076/1837 2151/2077/1838
f 781/704/652 782/705/653 2151/2077/1838
f 781/704/652 2151/2077/1838 1711/1611/1418
f 839/749/694 836/746/691 2151/2077/1838
f 839/749/694 2151/2077/1838 782/705/653
f 776/699/647 774/698/646 2149/2075/1836
f 776/699/647 2149/2075/1836 2153/2078/1839
f 737/667/617 2147/2073/1834 2149/2075/1836
f 737/667/617 2149/2075/1836 774/698/646
f 856/770/710 2153/2078/1839 2149/2075/1836
f 856/770/710 2149/2075/1836 855/769/709
f 840/751/696 775/750/695 2152/2079/1839
f 840/751/696 2152/2079/1839 875/788/727
f 858/771/711 876/2080/1840 2153/2078/1839
f 858/771/711 2153/2078/1839 856/770/710
f 780/703/651 781/704/652 1705/1605/1412
f 780/703/651 1705/1605/1412 799/718/666
f 812/725/673 814/727/674 1602/1493/1316
f 812/725/673 1602/1493/1316 1598/1496/1314
f 809/2081/1841 811/1490/1313 1596/1488/1311
f 809/2081/1841 1596/1488/1311 2154/2082/1842
f 2155/2083/1843 2154/2082/1842 1596/1488/1311
f 2155/2083/1843 1596/1488/1311 1593/1485/1308
f 2156/2084/1844 2154/2082/1842 2155/2083/1843
f 2156/2084/1844 2155/2083/1843 1540/1430/1255
f 1595/1487/1310 2157/2085/1845 2155/2083/1843
f 1595/1487/1310 2155/2083/1843 1593/1485/1308
f 1541/1431/1256 1540/1430/1255 2155/2083/1843
f 1541/1431/1256 2155/2083/1843 2157/2085/1845
f 718/649/601 717/648/600 2157/2085/1845
f 718/649/601 2157/2085/1845 1595/1487/1310
f 1542/1432/1257 1541/1431/1256 2157/2085/1845
f 1542/1432/1257 2157/2085/1845 717/648/600
f 1530/1422/1250 807/2086/671 2156/2084/1844
f 1530/1422/1250 2156/2084/1844 1533/1419/1247
f 809/2081/1841 2154/2082/1842 2156/2084/1844
f 809/2081/1841 2156/2084/1844 807/2086/671
f 1538/1428/1253 1533/1419/1247 2156/2084/1844
f 1538/1428/1253 2156/2084/1844 1540/1430/1255
f 715/646/598 718/649/601 1589/1481/1304
f 715/646/598 1589/1481/1304 1591/1483/1306
f 716/647/599 715/646/598 1591/1483/1306
f 716/647/599 1591/1483/1306 1585/1476/1300
f 1565/1455/1280 716/647/599 1585/1476/1300
f 1565/1455/1280 1585/1476/1300 1567/1457/1282
f 677/613/568 714/645/597 1562/1452/1277
f 677/613/568 1562/1452/1277 1561/1451/1276
f 1554/1444/1269 2158/2087/1846 1561/1451/1276
f 1554/1444/1269 1561/1451/1276 1559/1449/1274
f 678/614/569 677/613/568 1561/1451/1276
f 678/614/569 1561/1451/1276 2158/2087/1846
f 1552/1442/1267 1551/1441/1266 2158/2087/1846
f 1552/1442/1267 2158/2087/1846 1554/1444/1269
f 679/615/570 678/614/569 2158/2087/1846
f 679/615/570 2158/2087/1846 1551/1441/1266
f 700/635/587 679/615/570 1551/1441/1266
f 700/635/587 1551/1441/1266 1549/1439/1264
f 676/612/567 699/634/586 1542/1432/1257
f 676/612/567 1542/1432/1257 717/648/600
f 805/722/670 806/723/671 1529/1416/1245
f 805/722/670 1529/1416/1245 1527/1414/1243
f 800/719/667 805/722/670 1527/1414/1243
f 800/719/667 1527/1414/1243 1525/1412/1241
f 1517/1403/1233 1516/1402/1232 1523/1410/1239
f 1517/1403/1233 1523/1410/1239 1519/1405/1235
f 927/828/763 924/827/762 1429/2042/1810
f 927/828/763 1429/2042/1810 1426/2088/1154
f 928/2089/764 925/2090/763 1425/1314/1154
f 928/2089/764 1425/1314/1154 1423/1312/1152
f 1419/1308/1149 928/2089/764 1423/1312/1152
f 1419/1308/1149 1423/1312/1152 1421/1309/1150
f 1187/1062/959 1048/928/849 1368/1251/1100
f 1187/1062/959 1368/1251/1100 1188/1065/960
f 1047/925/847 1364/1247/1096 1368/1251/1100
f 1047/925/847 1368/1251/1100 1048/928/849
f 1191/1068/962 1188/1065/960 1368/1251/1100
f 1191/1068/962 1368/1251/1100 1369/1252/1101
f 2159/2091/1847 1003/886/815 1279/1156/1035
f 2159/2091/1847 1279/1156/1035 2160/2092/1848
f 2161/2093/1849 2160/2092/1848 1279/1156/1035
f 2161/2093/1849 1279/1156/1035 988/875/805
f 2162/2094/1850 2160/2092/1848 2161/2093/1849
f 2162/2094/1850 2161/2093/1849 2163/2095/1851
f 992/878/808 2165/2096/1852 2161/2093/1849
f 992/878/808 2161/2093/1849 988/875/805
f 2168/2097/1853 2163/2095/1851 2161/2093/1849
f 2168/2097/1853 2161/2093/1849 2165/2096/1852
f 2170/2098/1854 2163/2095/1851 2168/2097/1853
f 2170/2098/1854 2168/2097/1853 2172/2099/1855
f 2159/2091/1847 2174/2100/1856 2167/2101/1857
f 2159/2091/1847 2167/2101/1857 2164/2102/1858
f 2175/2103/1859 2171/2104/1855 2166/2105/1860
f 2175/2103/1859 2166/2105/1860 2173/2106/1861
f 2160/2092/1848 2162/2094/1850 2174/2100/1856
f 2160/2092/1848 2174/2100/1856 2159/2091/1847
f 2178/2107/1862 2176/2108/1859 2174/2100/1856
f 2178/2107/1862 2174/2100/1856 2162/2094/1850
f 1003/886/815 2159/2091/1847 2164/2102/1858
f 1003/886/815 2164/2102/1858 991/887/808
f 2170/2098/1854 2178/2107/1862 2162/2094/1850
f 2170/2098/1854 2162/2094/1850 2163/2095/1851
f 1026/909/834 1027/910/835 1259/1134/1016
f 1026/909/834 1259/1134/1016 1260/1135/1017
f 1224/1096/985 1223/1093/983 1230/1106/991
f 1224/1096/985 1230/1106/991 1227/1101/988
f 1049/929/850 1048/928/849 1187/1062/959
f 1049/929/850 1187/1062/959 1185/1061/958
f 1072/965/869 1074/1038/870 1160/1039/941
f 1072/965/869 1160/1039/941 1093/966/881
f 1129/1005/912 1128/1004/911 1151/1028/932
f 1129/1005/912 1151/1028/932 1132/1008/915
f 965/2109/793 962/2110/791 1014/896/821
f 965/2109/793 1014/896/821 1018/899/824
f 2179/2111/1863 993/879/809 1001/1170/814
f 2179/2111/1863 1001/1170/814 972/2112/1864
f 980/869/801 978/868/800 993/879/809
f 980/869/801 993/879/809 2179/2111/1863
f 902/808/745 916/820/756 932/834/767
f 902/808/745 932/834/767 901/807/744
f 892/801/738 891/800/737 908/812/749
f 892/801/738 908/812/749 907/811/748
f 906/2113/747 2103/2021/1794 910/814/751
f 906/2113/747 910/814/751 904/817/754
f 874/787/726 873/786/725 886/2037/734
f 874/787/726 886/2037/734 889/1993/1770
f 853/2114/708 2107/2115/1865 878/792/729
f 853/2114/708 878/792/729 857/791/711
f 2109/2031/1798 2112/2030/1801 880/2116/1807
f 2112/2030/1801 2118/2035/1805 880/2116/1807
f 863/777/716 865/778/717 879/2038/1807
f 863/777/716 879/2038/1807 872/785/724
f 859/772/712 861/774/714 871/784/723
f 859/772/712 871/784/723 2180/2117/1866
f 2181/2118/1867 2182/2119/1868 871/784/723
f 2181/2118/1867 871/784/723 869/782/721
f 2183/2120/1869 2180/2117/1866 871/784/723
f 2183/2120/1869 871/784/723 2182/2119/1868
f 2184/2121/1870 2180/2117/1866 2183/2120/1869
f 2184/2121/1870 2183/2120/1869 2185/2122/1871
f 2186/2123/1872 2187/2124/1873 2183/2120/1869
f 2186/2123/1872 2183/2120/1869 2182/2119/1868
f 2188/2125/1874 2185/2122/1871 2183/2120/1869
f 2188/2125/1874 2183/2120/1869 2187/2124/1873
f 2189/2126/1875 2185/2122/1871 2188/2125/1874
f 2189/2126/1875 2188/2125/1874 2190/2127/1876
f 2191/2128/1877 2192/2129/1878 2188/2125/1874
f 2191/2128/1877 2188/2125/1874 2187/2124/1873
f 125/102/94 2190/2127/1876 2188/2125/1874
f 125/102/94 2188/2125/1874 2192/2129/1878
f 2193/2130/1879 2194/2131/1880 2192/2129/1878
f 2193/2130/1879 2192/2129/1878 2191/2128/1877
f 124/101/93 125/102/94 2192/2129/1878
f 124/101/93 2192/2129/1878 2194/2131/1880
f 150/127/119 136/113/105 2194/2131/1880
f 150/127/119 2194/2131/1880 2193/2130/1879
f 123/100/92 124/101/93 2194/2131/1880
f 123/100/92 2194/2131/1880 136/113/105
f 2195/2132/1881 2196/2133/1882 2193/2130/1879
f 2195/2132/1881 2193/2130/1879 2191/2128/1877
f 148/125/117 150/127/119 2193/2130/1879
f 148/125/117 2193/2130/1879 2196/2133/1882
f 2197/2134/1883 2198/2135/1884 2196/2133/1882
f 2197/2134/1883 2196/2133/1882 2195/2132/1881
f 2199/2136/1885 148/125/117 2196/2133/1882
f 2199/2136/1885 2196/2133/1882 2198/2135/1884
f 2200/2137/1886 2201/2138/1887 2199/2136/1885
f 2200/2137/1886 2199/2136/1885 2198/2135/1884
f 2202/2139/1888 2203/2140/1889 2199/2136/1885
f 2202/2139/1888 2199/2136/1885 2201/2138/1887
f 149/126/118 148/125/117 2199/2136/1885
f 149/126/118 2199/2136/1885 2203/2140/1889
f 2204/2141/1890 2205/2142/1891 2203/2140/1889
f 2204/2141/1890 2203/2140/1889 2202/2139/1888
f 151/128/120 149/126/118 2203/2140/1889
f 151/128/120 2203/2140/1889 2205/2142/1891
f 770/764/644 850/763/705 2205/2142/1891
f 770/764/644 2205/2142/1891 2204/2141/1890
f 2206/2143/1892 151/128/120 2205/2142/1891
f 2206/2143/1892 2205/2142/1891 850/763/705
f 152/129/121 151/128/120 2206/2143/1892
f 152/129/121 2206/2143/1892 758/684/633
f 842/755/699 866/779/718 2206/2143/1892
f 842/755/699 2206/2143/1892 850/763/705
f 760/686/635 758/684/633 2206/2143/1892
f 760/686/635 2206/2143/1892 866/779/718
f 41/29/29 39/28/28 2204/2141/1890
f 41/29/29 2204/2141/1890 2202/2139/1888
f 765/2144/639 770/764/644 2204/2141/1890
f 765/2144/639 2204/2141/1890 39/28/28
f 46/32/32 41/29/29 2202/2139/1888
f 46/32/32 2202/2139/1888 2201/2138/1887
f 2207/2145/1893 46/32/32 2201/2138/1887
f 2207/2145/1893 2201/2138/1887 2200/2137/1886
f 2208/2146/1894 2209/2147/1895 2207/2145/1893
f 2208/2146/1894 2207/2145/1893 2200/2137/1886
f 2210/2148/1896 2211/2149/1897 2207/2145/1893
f 2210/2148/1896 2207/2145/1893 2209/2147/1895
f 47/33/33 46/32/32 2207/2145/1893
f 47/33/33 2207/2145/1893 2211/2149/1897
f 2212/2150/1898 2214/2151/1899 2211/2149/1897
f 2212/2150/1898 2211/2149/1897 2210/2148/1896
f 2216/2152/1900 47/33/33 2211/2149/1897
f 2216/2152/1900 2211/2149/1897 2214/2151/1899
f 789/711/659 793/713/661 2218/2153/1901
f 789/711/659 2218/2153/1901 2220/2154/1902
f 2210/2148/1896 2220/2154/1902 2218/2153/1901
f 2210/2148/1896 2218/2153/1901 2212/2150/1898
f 786/708/656 789/711/659 2220/2154/1902
f 786/708/656 2220/2154/1902 2221/2155/1903
f 2209/2147/1895 2221/2155/1903 2220/2154/1902
f 2209/2147/1895 2220/2154/1902 2210/2148/1896
f 2222/2156/1904 786/708/656 2221/2155/1903
f 2222/2156/1904 2221/2155/1903 2223/2157/1905
f 2208/2146/1894 2223/2157/1905 2221/2155/1903
f 2208/2146/1894 2221/2155/1903 2209/2147/1895
f 869/782/721 868/781/720 2222/2156/1904
f 869/782/721 2222/2156/1904 2181/2118/1867
f 787/709/657 786/708/656 2222/2156/1904
f 787/709/657 2222/2156/1904 868/781/720
f 2224/2158/1906 2181/2118/1867 2222/2156/1904
f 2224/2158/1906 2222/2156/1904 2223/2157/1905
f 2182/2119/1868 2181/2118/1867 2224/2158/1906
f 2182/2119/1868 2224/2158/1906 2186/2123/1872
f 2208/2146/1894 2197/2134/1883 2224/2158/1906
f 2208/2146/1894 2224/2158/1906 2223/2157/1905
f 2195/2132/1881 2186/2123/1872 2224/2158/1906
f 2195/2132/1881 2224/2158/1906 2197/2134/1883
f 2198/2135/1884 2197/2134/1883 2208/2146/1894
f 2198/2135/1884 2208/2146/1894 2200/2137/1886
f 2187/2124/1873 2186/2123/1872 2195/2132/1881
f 2187/2124/1873 2195/2132/1881 2191/2128/1877
f 2225/2159/1907 2226/2160/1908 2189/2126/1875
f 2225/2159/1907 2189/2126/1875 2227/2161/1909
f 2184/2121/1870 2185/2122/1871 2189/2126/1875
f 2184/2121/1870 2189/2126/1875 2226/2160/1908
f 169/146/138 2227/2161/1909 2189/2126/1875
f 169/146/138 2189/2126/1875 2190/2127/1876
f 2228/2162/1910 2229/2163/1911 2226/2160/1908
f 2228/2162/1910 2226/2160/1908 2225/2159/1907
f 2230/2164/1912 2184/2121/1870 2226/2160/1908
f 2230/2164/1912 2226/2160/1908 2229/2163/1911
f 2231/2165/1913 2232/2166/1914 2230/2164/1912
f 2231/2165/1913 2230/2164/1912 2229/2163/1911
f 860/773/713 859/772/712 2230/2164/1912
f 860/773/713 2230/2164/1912 2232/2166/1914
f 2180/2117/1866 2184/2121/1870 2230/2164/1912
f 2180/2117/1866 2230/2164/1912 859/772/712
f 2234/2167/1915 757/2168/632 2232/2166/1914
f 2234/2167/1915 2232/2166/1914 2231/2165/1913
f 755/775/631 860/773/713 2232/2166/1914
f 755/775/631 2232/2166/1914 757/2168/632
f 2235/2169/1916 2236/2170/1917 2233/2171/1915
f 2235/2169/1916 2233/2171/1915 2237/2172/1918
f 751/679/628 756/683/632 2233/2171/1915
f 751/679/628 2233/2171/1915 2236/2170/1917
f 2239/2173/1919 2238/2174/1920 2234/2167/1915
f 2239/2173/1919 2234/2167/1915 2231/2165/1913
f 2241/2175/1921 2238/2174/1920 2239/2173/1919
f 2241/2175/1921 2239/2173/1919 2242/2176/1922
f 2229/2163/1911 2228/2162/1910 2239/2173/1919
f 2229/2163/1911 2239/2173/1919 2231/2165/1913
f 286/247/237 2242/2176/1922 2239/2173/1919
f 286/247/237 2239/2173/1919 2228/2162/1910
f 2243/2177/1923 2244/2178/1924 2240/2179/1921
f 2243/2177/1923 2240/2179/1921 2245/2180/1925
f 2235/2169/1916 2237/2172/1918 2240/2179/1921
f 2235/2169/1916 2240/2179/1921 2244/2178/1924
f 2247/2181/1926 2246/2182/1925 2241/2175/1921
f 2247/2181/1926 2241/2175/1921 2242/2176/1922
f 2248/2183/1927 2249/2184/1928 2244/2178/1924
f 2248/2183/1927 2244/2178/1924 2243/2177/1923
f 2250/2185/1929 2235/2169/1916 2244/2178/1924
f 2250/2185/1929 2244/2178/1924 2249/2184/1928
f 2251/2186/1930 2252/2187/1931 2250/2185/1929
f 2251/2186/1930 2250/2185/1929 2249/2184/1928
f 2253/2188/1932 2254/2189/1933 2250/2185/1929
f 2253/2188/1932 2250/2185/1929 2252/2187/1931
f 2236/2170/1917 2235/2169/1916 2250/2185/1929
f 2236/2170/1917 2250/2185/1929 2254/2189/1933
f 166/143/135 167/144/136 2254/2189/1933
f 166/143/135 2254/2189/1933 2253/2188/1932
f 751/679/628 2236/2170/1917 2254/2189/1933
f 751/679/628 2254/2189/1933 167/144/136
f 2255/2190/1934 2256/2191/1935 2253/2188/1932
f 2255/2190/1934 2253/2188/1932 2252/2187/1931
f 165/142/134 166/143/135 2253/2188/1932
f 165/142/134 2253/2188/1932 2256/2191/1935
f 2257/2192/1936 2258/2193/1937 2256/2191/1935
f 2257/2192/1936 2256/2191/1935 2255/2190/1934
f 139/116/108 165/142/134 2256/2191/1935
f 139/116/108 2256/2191/1935 2258/2193/1937
f 2259/2194/1938 2260/2195/1939 2258/2193/1937
f 2259/2194/1938 2258/2193/1937 2257/2192/1936
f 140/117/109 139/116/108 2258/2193/1937
f 140/117/109 2258/2193/1937 2260/2195/1939
f 2261/2196/1940 122/99/91 2260/2195/1939
f 2261/2196/1940 2260/2195/1939 2259/2194/1938
f 121/98/90 140/117/109 2260/2195/1939
f 121/98/90 2260/2195/1939 122/99/91
f 129/106/98 120/97/89 2261/2196/1940
f 129/106/98 2261/2196/1940 2262/2197/1941
f 119/96/88 122/99/91 2261/2196/1940
f 119/96/88 2261/2196/1940 120/97/89
f 2263/2198/1942 2262/2197/1941 2261/2196/1940
f 2263/2198/1942 2261/2196/1940 2259/2194/1938
f 157/134/126 2262/2197/1941 2263/2198/1942
f 157/134/126 2263/2198/1942 154/131/123
f 2257/2192/1936 2264/2199/1943 2263/2198/1942
f 2257/2192/1936 2263/2198/1942 2259/2194/1938
f 2265/2200/1944 154/131/123 2263/2198/1942
f 2265/2200/1944 2263/2198/1942 2264/2199/1943
f 155/132/124 154/131/123 2265/2200/1944
f 155/132/124 2265/2200/1944 2266/2201/1945
f 2267/2202/1946 2268/2203/1947 2265/2200/1944
f 2267/2202/1946 2265/2200/1944 2264/2199/1943
f 2269/2204/1948 2266/2201/1945 2265/2200/1944
f 2269/2204/1948 2265/2200/1944 2268/2203/1947
f 2251/2186/1930 2270/2205/1949 2268/2203/1947
f 2251/2186/1930 2268/2203/1947 2267/2202/1946
f 2271/2206/1950 2269/2204/1948 2268/2203/1947
f 2271/2206/1950 2268/2203/1947 2270/2205/1949
f 2272/2207/1951 2269/2204/1948 2271/2206/1950
f 2272/2207/1951 2271/2206/1950 2273/2208/1952
f 2248/2183/1927 2274/2209/1953 2271/2206/1950
f 2248/2183/1927 2271/2206/1950 2270/2205/1949
f 2275/2210/1954 2273/2208/1952 2271/2206/1950
f 2275/2210/1954 2271/2206/1950 2274/2209/1953
f 2276/2211/1955 2273/2208/1952 2275/2210/1954
f 2276/2211/1955 2275/2210/1954 2278/2212/1956
f 2280/2213/1957 2281/2214/1958 2275/2210/1954
f 2280/2213/1957 2275/2210/1954 2274/2209/1953
f 2282/2215/1959 2278/2212/1956 2275/2210/1954
f 2282/2215/1959 2275/2210/1954 2281/2214/1958
f 2284/2216/1960 2279/2217/1956 2283/2218/1959
f 2284/2216/1960 2283/2218/1959 2285/2219/1961
f 2286/2220/1962 2288/2221/1963 2282/2215/1959
f 2286/2220/1962 2282/2215/1959 2281/2214/1958
f 2292/2222/1964 2285/2219/1961 2283/2218/1959
f 2292/2222/1964 2283/2218/1959 2290/2223/1963
f 249/217/207 2285/2219/1961 2292/2222/1964
f 249/217/207 2292/2222/1964 250/218/208
f 2294/2224/1965 2295/2225/1966 2291/2226/1967
f 2294/2224/1965 2291/2226/1967 2289/2227/1963
f 2297/2228/1968 251/2229/208 2293/2230/1969
f 2297/2228/1968 2293/2230/1969 2296/2231/1966
f 242/215/201 251/2229/208 2297/2228/1968
f 242/215/201 2297/2228/1968 248/216/206
f 2299/2232/1970 2300/2233/1971 2297/2228/1968
f 2299/2232/1970 2297/2228/1968 2296/2231/1966
f 2301/2234/1972 248/216/206 2297/2228/1968
f 2301/2234/1972 2297/2228/1968 2300/2233/1971
f 247/213/205 248/216/206 2301/2234/1972
f 247/213/205 2301/2234/1972 2302/2235/1973
f 265/229/219 264/228/218 2301/2234/1972
f 265/229/219 2301/2234/1972 2300/2233/1971
f 2303/2236/1974 2302/2235/1973 2301/2234/1972
f 2303/2236/1974 2301/2234/1972 264/228/218
f 2304/2237/1975 2302/2235/1973 2303/2236/1974
f 2304/2237/1975 2303/2236/1974 2305/2238/1976
f 267/231/221 2306/2239/1977 2303/2236/1974
f 267/231/221 2303/2236/1974 264/228/218
f 2307/2240/1978 2305/2238/1976 2303/2236/1974
f 2307/2240/1978 2303/2236/1974 2306/2239/1977
f 215/186/178 2305/2238/1976 2307/2240/1978
f 215/186/178 2307/2240/1978 216/187/179
f 2308/2241/1979 2309/2242/1980 2307/2240/1978
f 2308/2241/1979 2307/2240/1978 2306/2239/1977
f 219/190/182 216/187/179 2307/2240/1978
f 219/190/182 2307/2240/1978 2309/2242/1980
f 2310/2243/1981 2311/2244/1982 2309/2242/1980
f 2310/2243/1981 2309/2242/1980 2308/2241/1979
f 2312/2245/1983 219/190/182 2309/2242/1980
f 2312/2245/1983 2309/2242/1980 2311/2244/1982
f 218/189/181 219/190/182 2312/2245/1983
f 218/189/181 2312/2245/1983 2313/2246/1984
f 2315/2247/1985 2316/2248/1986 2312/2245/1983
f 2315/2247/1985 2312/2245/1983 2311/2244/1982
f 2317/2249/1987 2313/2246/1984 2312/2245/1983
f 2317/2249/1987 2312/2245/1983 2316/2248/1986
f 200/175/167 2313/2246/1984 2317/2249/1987
f 200/175/167 2317/2249/1987 2318/2250/1988
f 2320/2251/1989 2322/2252/1990 2317/2249/1987
f 2320/2251/1989 2317/2249/1987 2316/2248/1986
f 2324/2253/1991 2318/2250/1988 2317/2249/1987
f 2324/2253/1991 2317/2249/1987 2322/2252/1990
f 208/181/173 2318/2250/1988 2324/2253/1991
f 208/181/173 2324/2253/1991 204/178/170
f 2325/2254/1992 2326/2255/1993 2323/2256/1991
f 2325/2254/1992 2323/2256/1991 2321/2257/1990
f 2327/2258/1994 203/2259/170 2323/2256/1991
f 2327/2258/1994 2323/2256/1991 2326/2255/1993
f 205/2260/171 203/2259/170 2327/2258/1994
f 205/2260/171 2327/2258/1994 2328/2261/1995
f 2329/2262/1996 2330/2263/1997 2327/2258/1994
f 2329/2262/1996 2327/2258/1994 2326/2255/1993
f 2331/2264/1998 2328/2261/1995 2327/2258/1994
f 2331/2264/1998 2327/2258/1994 2330/2263/1997
f 2332/2265/1999 2328/2261/1995 2331/2264/1998
f 2332/2265/1999 2331/2264/1998 2334/2266/2000
f 174/151/143 2336/2267/2001 2331/2264/1998
f 174/151/143 2331/2264/1998 2330/2263/1997
f 2337/2268/2002 2334/2266/2000 2331/2264/1998
f 2337/2268/2002 2331/2264/1998 2336/2267/2001
f 2339/2269/2003 2335/2270/2004 2338/2271/2005
f 2339/2269/2003 2338/2271/2005 2340/2272/2006
f 2341/2273/2007 2342/2274/2008 2337/2268/2002
f 2341/2273/2007 2337/2268/2002 2336/2267/2001
f 2344/2275/2009 2340/2272/2006 2338/2271/2005
f 2344/2275/2009 2338/2271/2005 2343/2276/2010
f 2345/2277/2011 2340/2272/2006 2344/2275/2009
f 2345/2277/2011 2344/2275/2009 2346/2278/2012
f 2348/2279/2013 2349/2280/2014 2344/2275/2009
f 2348/2279/2013 2344/2275/2009 2343/2276/2010
f 184/159/151 2346/2278/2012 2344/2275/2009
f 184/159/151 2344/2275/2009 2349/2280/2014
f 2351/2281/2015 2352/2282/2016 2349/2280/2014
f 2351/2281/2015 2349/2280/2014 2348/2279/2013
f 185/160/152 184/159/151 2349/2280/2014
f 185/160/152 2349/2280/2014 2352/2282/2016
f 2353/2283/2017 2354/2284/2018 2352/2282/2016
f 2353/2283/2017 2352/2282/2016 2351/2281/2015
f 188/163/155 185/160/152 2352/2282/2016
f 188/163/155 2352/2282/2016 2354/2284/2018
f 2355/2285/2019 2356/2286/2020 2354/2284/2018
f 2355/2285/2019 2354/2284/2018 2353/2283/2017
f 2357/2287/2021 188/163/155 2354/2284/2018
f 2357/2287/2021 2354/2284/2018 2356/2286/2020
f 224/195/187 225/196/188 2357/2287/2021
f 224/195/187 2357/2287/2021 2356/2286/2020
f 228/199/191 2358/2288/2022 2357/2287/2021
f 228/199/191 2357/2287/2021 225/196/188
f 189/164/156 188/163/155 2357/2287/2021
f 189/164/156 2357/2287/2021 2358/2288/2022
f 2359/2289/2023 195/170/162 2358/2288/2022
f 2359/2289/2023 2358/2288/2022 228/199/191
f 190/165/157 189/164/156 2358/2288/2022
f 190/165/157 2358/2288/2022 195/170/162
f 227/198/190 2360/2290/2024 2359/2289/2023
f 227/198/190 2359/2289/2023 228/199/191
f 2361/2291/2025 2362/2292/2026 2359/2289/2023
f 2361/2291/2025 2359/2289/2023 2360/2290/2024
f 194/169/161 195/170/162 2359/2289/2023
f 194/169/161 2359/2289/2023 2362/2292/2026
f 239/207/199 2363/2293/2027 2362/2292/2026
f 239/207/199 2362/2292/2026 2361/2291/2025
f 193/168/160 194/169/161 2362/2292/2026
f 193/168/160 2362/2292/2026 2363/2293/2027
f 243/210/202 2364/2294/2028 2363/2293/2027
f 243/210/202 2363/2293/2027 239/207/199
f 2345/2277/2011 193/168/160 2363/2293/2027
f 2345/2277/2011 2363/2293/2027 2364/2294/2028
f 244/211/203 2339/2269/2003 2364/2294/2028
f 244/211/203 2364/2294/2028 243/210/202
f 2340/2272/2006 2345/2277/2011 2364/2294/2028
f 2340/2272/2006 2364/2294/2028 2339/2269/2003
f 253/220/210 2365/2295/2029 2361/2291/2025
f 253/220/210 2361/2291/2025 2360/2290/2024
f 240/208/200 239/207/199 2361/2291/2025
f 240/208/200 2361/2291/2025 2365/2295/2029
f 252/219/209 2366/2296/2030 2365/2295/2029
f 252/219/209 2365/2295/2029 253/220/210
f 249/217/207 240/208/200 2365/2295/2029
f 249/217/207 2365/2295/2029 2366/2296/2030
f 2367/2297/2031 2284/2216/1960 2366/2296/2030
f 2367/2297/2031 2366/2296/2030 252/219/209
f 2285/2219/1961 249/217/207 2366/2296/2030
f 2285/2219/1961 2366/2296/2030 2284/2216/1960
f 255/222/212 263/227/217 2367/2297/2031
f 255/222/212 2367/2297/2031 252/219/209
f 2369/2298/2032 2277/2299/1955 2367/2297/2031
f 2369/2298/2032 2367/2297/2031 263/227/217
f 2279/2217/1956 2284/2216/1960 2367/2297/2031
f 2279/2217/1956 2367/2297/2031 2277/2299/1955
f 260/2300/216 2370/2301/2033 2368/2302/2032
f 260/2300/216 2368/2302/2032 262/2303/2034
f 2371/2304/2035 2272/2207/1951 2368/2302/2032
f 2371/2304/2035 2368/2302/2032 2370/2301/2033
f 2273/2208/1952 2276/2211/1955 2368/2302/2032
f 2273/2208/1952 2368/2302/2032 2272/2207/1951
f 258/2305/2036 2372/2306/2037 2370/2301/2033
f 258/2305/2036 2370/2301/2033 260/2300/216
f 2373/2307/2038 2371/2304/2035 2370/2301/2033
f 2373/2307/2038 2370/2301/2033 2372/2306/2037
f 2374/2308/2039 2376/2309/2040 2372/2306/2037
f 2374/2308/2039 2372/2306/2037 258/2305/2036
f 2377/2310/2041 2373/2307/2038 2372/2306/2037
f 2377/2310/2041 2372/2306/2037 2376/2309/2040
f 2378/2311/2042 2379/2312/2043 2377/2310/2041
f 2378/2311/2042 2377/2310/2041 2376/2309/2040
f 160/137/129 161/138/130 2377/2310/2041
f 160/137/129 2377/2310/2041 2379/2312/2043
f 2380/2313/2044 2373/2307/2038 2377/2310/2041
f 2380/2313/2044 2377/2310/2041 161/138/130
f 2381/2314/2045 277/238/228 2379/2312/2043
f 2381/2314/2045 2379/2312/2043 2378/2311/2042
f 158/135/127 160/137/129 2379/2312/2043
f 158/135/127 2379/2312/2043 277/238/228
f 2382/2315/2046 2384/2316/2047 2381/2314/2045
f 2382/2315/2046 2381/2314/2045 2385/2317/2048
f 278/239/229 277/238/228 2381/2314/2045
f 278/239/229 2381/2314/2045 2384/2316/2047
f 2388/2318/2049 2385/2317/2048 2381/2314/2045
f 2388/2318/2049 2381/2314/2045 2378/2311/2042
f 235/204/196 2386/2319/2050 2389/2320/2049
f 235/204/196 2389/2320/2049 237/205/197
f 2376/2309/2040 2374/2308/2039 2388/2318/2049
f 2376/2309/2040 2388/2318/2049 2378/2311/2042
f 238/206/198 237/205/197 2389/2320/2049
f 238/206/198 2389/2320/2049 2375/2321/2051
f 274/2322/2052 2390/2323/2053 2384/2316/2047
f 274/2322/2052 2384/2316/2047 2382/2315/2046
f 279/240/230 278/239/229 2384/2316/2047
f 279/240/230 2384/2316/2047 2390/2323/2053
f 272/2324/2054 2391/2325/2055 2390/2323/2053
f 272/2324/2054 2390/2323/2053 274/2322/2052
f 2392/2326/2056 279/240/230 2390/2323/2053
f 2392/2326/2056 2390/2323/2053 2391/2325/2055
f 2393/2327/2057 2394/2328/2058 2392/2326/2056
f 2393/2327/2057 2392/2326/2056 2391/2325/2055
f 2395/2329/2059 2396/2330/2060 2392/2326/2056
f 2395/2329/2059 2392/2326/2056 2394/2328/2058
f 280/241/231 279/240/230 2392/2326/2056
f 280/241/231 2392/2326/2056 2396/2330/2060
f 2397/2331/2061 168/145/137 2396/2330/2060
f 2397/2331/2061 2396/2330/2060 2395/2329/2059
f 162/139/131 280/241/231 2396/2330/2060
f 162/139/131 2396/2330/2060 168/145/137
f 284/245/235 285/246/236 2397/2331/2061
f 284/245/235 2397/2331/2061 2395/2329/2059
f 2225/2159/1907 2227/2161/1909 2397/2331/2061
f 2225/2159/1907 2397/2331/2061 285/246/236
f 169/146/138 168/145/137 2397/2331/2061
f 169/146/138 2397/2331/2061 2227/2161/1909
f 281/242/232 284/245/235 2395/2329/2059
f 281/242/232 2395/2329/2059 2394/2328/2058
f 2398/2332/2062 281/242/232 2394/2328/2058
f 2398/2332/2062 2394/2328/2058 2393/2327/2057
f 2295/2225/1966 2294/2224/1965 2398/2332/2062
f 2295/2225/1966 2398/2332/2062 2298/2333/2063
f 282/243/233 281/242/232 2398/2332/2062
f 282/243/233 2398/2332/2062 2294/2224/1965
f 270/2334/2064 2298/2333/2063 2398/2332/2062
f 270/2334/2064 2398/2332/2062 2393/2327/2057
f 272/2324/2054 270/2334/2064 2393/2327/2057
f 272/2324/2054 2393/2327/2057 2391/2325/2055
f 269/233/223 275/236/226 2383/2335/2046
f 269/233/223 2383/2335/2046 2399/2336/2065
f 236/2337/2066 2399/2336/2065 2383/2335/2046
f 236/2337/2066 2383/2335/2046 2387/2338/2067
f 268/232/222 269/233/223 2399/2336/2065
f 268/232/222 2399/2336/2065 2400/2339/2068
f 234/2340/2069 2400/2339/2068 2399/2336/2065
f 234/2340/2069 2399/2336/2065 236/2337/2066
f 2308/2241/1979 268/232/222 2400/2339/2068
f 2308/2241/1979 2400/2339/2068 2310/2243/1981
f 232/2341/194 2310/2243/1981 2400/2339/2068
f 232/2341/194 2400/2339/2068 234/2340/2069
f 256/223/213 238/206/198 2375/2321/2051
f 256/223/213 2375/2321/2051 259/225/215
f 226/197/189 253/220/210 2360/2290/2024
f 226/197/189 2360/2290/2024 227/198/190
f 2401/2342/2070 224/195/187 2356/2286/2020
f 2401/2342/2070 2356/2286/2020 2355/2285/2019
f 2403/2343/2071 229/200/192 2401/2342/2070
f 2403/2343/2071 2401/2342/2070 2405/2344/2072
f 223/194/186 224/195/187 2401/2342/2070
f 223/194/186 2401/2342/2070 229/200/192
f 2407/2345/2073 2405/2344/2072 2401/2342/2070
f 2407/2345/2073 2401/2342/2070 2355/2285/2019
f 2408/2346/2074 2404/2347/2072 2406/2348/2075
f 2408/2346/2074 2406/2348/2075 2409/2349/2076
f 2353/2283/2017 178/2350/146 2407/2345/2073
f 2353/2283/2017 2407/2345/2073 2355/2285/2019
f 182/157/149 2409/2349/2076 2406/2348/2075
f 182/157/149 2406/2348/2075 177/154/146
f 2325/2254/1992 2410/2351/2077 2408/2346/2074
f 2325/2254/1992 2408/2346/2074 2411/2352/2078
f 2402/2353/2071 2404/2347/2072 2408/2346/2074
f 2402/2353/2071 2408/2346/2074 2410/2351/2077
f 176/153/145 2411/2352/2078 2408/2346/2074
f 176/153/145 2408/2346/2074 2409/2349/2076
f 2321/2257/1990 2319/2354/2079 2410/2351/2077
f 2321/2257/1990 2410/2351/2077 2325/2254/1992
f 2412/2355/2080 2402/2353/2071 2410/2351/2077
f 2412/2355/2080 2410/2351/2077 2319/2354/2079
f 2316/2248/1986 2315/2247/1985 2414/2356/2080
f 2316/2248/1986 2414/2356/2080 2320/2251/1989
f 231/202/194 230/201/193 2413/2357/2080
f 231/202/194 2413/2357/2080 2314/2358/1985
f 229/200/192 2403/2343/2071 2413/2357/2080
f 229/200/192 2413/2357/2080 230/201/193
f 2326/2255/1993 2325/2254/1992 2411/2352/2078
f 2326/2255/1993 2411/2352/2078 2329/2262/1996
f 175/152/144 2329/2262/1996 2411/2352/2078
f 175/152/144 2411/2352/2078 176/153/145
f 173/150/142 176/153/145 2409/2349/2076
f 173/150/142 2409/2349/2076 182/157/149
f 180/2359/2081 178/2350/146 2353/2283/2017
f 180/2359/2081 2353/2283/2017 2351/2281/2015
f 183/158/150 179/155/147 2350/2360/2015
f 183/158/150 2350/2360/2015 2347/2361/2082
f 2341/2273/2007 183/158/150 2347/2361/2082
f 2341/2273/2007 2347/2361/2082 2342/2274/2008
f 192/167/159 193/168/160 2345/2277/2011
f 192/167/159 2345/2277/2011 2346/2278/2012
f 187/162/154 192/167/159 2346/2278/2012
f 187/162/154 2346/2278/2012 184/159/151
f 174/151/143 171/148/140 2341/2273/2007
f 174/151/143 2341/2273/2007 2336/2267/2001
f 170/147/139 183/158/150 2341/2273/2007
f 170/147/139 2341/2273/2007 171/148/140
f 2333/2362/1999 2335/2270/2004 2339/2269/2003
f 2333/2362/1999 2339/2269/2003 244/211/203
f 245/212/204 212/2363/2083 2333/2362/1999
f 245/212/204 2333/2362/1999 244/211/203
f 205/2260/171 2328/2261/1995 2332/2265/1999
f 205/2260/171 2332/2265/1999 211/2364/2083
f 175/152/144 174/151/143 2330/2263/1997
f 175/152/144 2330/2263/1997 2329/2262/1996
f 199/174/166 200/175/167 2318/2250/1988
f 199/174/166 2318/2250/1988 208/181/173
f 2310/2243/1981 232/2341/194 2315/2247/1985
f 2310/2243/1981 2315/2247/1985 2311/2244/1982
f 201/176/168 218/189/181 2313/2246/1984
f 201/176/168 2313/2246/1984 200/175/167
f 267/231/221 268/232/222 2308/2241/1979
f 267/231/221 2308/2241/1979 2306/2239/1977
f 209/182/174 214/185/177 2304/2237/1975
f 209/182/174 2304/2237/1975 2415/2365/2084
f 247/213/205 2302/2235/1973 2304/2237/1975
f 247/213/205 2304/2237/1975 214/185/177
f 215/186/178 2415/2365/2084 2304/2237/1975
f 215/186/178 2304/2237/1975 2305/2238/1976
f 196/171/163 209/182/174 2415/2365/2084
f 196/171/163 2415/2365/2084 197/172/164
f 202/177/169 197/172/164 2415/2365/2084
f 202/177/169 2415/2365/2084 215/186/178
f 271/234/224 265/229/219 2300/2233/1971
f 271/234/224 2300/2233/1971 2299/2232/1970
f 2287/2366/1962 282/243/233 2294/2224/1965
f 2287/2366/1962 2294/2224/1965 2289/2227/1963
f 2280/2213/1957 2416/2367/2085 2286/2220/1962
f 2280/2213/1957 2286/2220/1962 2281/2214/1958
f 283/244/234 282/243/233 2287/2366/1962
f 283/244/234 2287/2366/1962 2417/2368/2086
f 2243/2177/1923 2245/2180/1925 2416/2367/2085
f 2243/2177/1923 2416/2367/2085 2280/2213/1957
f 2247/2181/1926 283/244/234 2417/2368/2086
f 2247/2181/1926 2417/2368/2086 2246/2182/1925
f 2248/2183/1927 2243/2177/1923 2280/2213/1957
f 2248/2183/1927 2280/2213/1957 2274/2209/1953
f 2249/2184/1928 2248/2183/1927 2270/2205/1949
f 2249/2184/1928 2270/2205/1949 2251/2186/1930
f 2257/2192/1936 2255/2190/1934 2267/2202/1946
f 2257/2192/1936 2267/2202/1946 2264/2199/1943
f 2252/2187/1931 2251/2186/1930 2267/2202/1946
f 2252/2187/1931 2267/2202/1946 2255/2190/1934
f 141/118/110 129/106/98 2262/2197/1941
f 141/118/110 2262/2197/1941 157/134/126
f 283/244/234 2247/2181/1926 2242/2176/1922
f 283/244/234 2242/2176/1922 286/247/237
f 285/246/236 286/247/237 2228/2162/1910
f 285/246/236 2228/2162/1910 2225/2159/1907
f 126/103/95 169/146/138 2190/2127/1876
f 126/103/95 2190/2127/1876 125/102/94
f 822/736/682 787/709/657 868/781/720
f 822/736/682 868/781/720 870/783/722
f 785/707/655 760/686/635 866/779/718
f 785/707/655 866/779/718 848/761/703
f 779/702/650 778/701/649 839/749/694
f 779/702/650 839/749/694 782/705/653
f 732/662/612 737/667/617 774/698/646
f 732/662/612 774/698/646 769/695/643
f 733/663/613 732/662/612 769/695/643
f 733/663/613 769/695/643 749/677/626
f 145/122/114 153/130/122 762/688/637
f 145/122/114 762/688/637 146/123/115
f 163/140/132 146/123/115 762/688/637
f 163/140/132 762/688/637 750/678/627
f 682/618/573 733/663/613 749/677/626
f 682/618/573 749/677/626 685/621/576
f 634/576/533 636/575/534 739/1913/618
f 634/576/533 739/1913/618 743/2369/620
f 652/590/546 663/604/560 668/603/559
f 652/590/546 668/603/559 649/587/544
f 606/541/510 607/542/511 643/586/543
f 606/541/510 643/586/543 604/539/508
f 548/489/463 552/492/466 621/1908/1701
f 548/489/463 621/1908/1701 565/2370/477
f 303/2371/2087 310/268/256 611/545/513
f 303/2371/2087 611/545/513 297/259/248
f 540/484/458 566/505/478 602/555/507
f 540/484/458 602/555/507 542/486/460
f 551/491/465 546/488/462 591/529/499
f 551/491/465 591/529/499 568/507/480
f 457/409/387 445/397/375 591/529/499
f 457/409/387 591/529/499 577/528/486
f 444/396/374 568/507/480 591/529/499
f 444/396/374 591/529/499 445/397/375
f 549/494/468 562/2372/476 588/2373/497
f 549/494/468 588/2373/497 543/2374/501
f 539/483/457 1698/1598/1405 566/505/478
f 539/483/457 566/505/478 540/484/458
f 549/494/468 553/493/467 560/1552/475
f 549/494/468 560/1552/475 562/2372/476
f 525/469/443 523/467/441 533/1593/452
f 525/469/443 533/1593/452 529/2375/447
f 475/422/398 525/469/443 529/2375/447
f 475/422/398 529/2375/447 471/423/399
f 477/425/401 498/445/420 526/470/444
f 477/425/401 526/470/444 519/463/437
f 476/424/400 521/465/439 525/469/443
f 476/424/400 525/469/443 475/422/398
f 478/426/402 477/425/401 519/463/437
f 478/426/402 519/463/437 518/462/436
f 476/424/400 513/458/433 518/462/436
f 476/424/400 518/462/436 521/465/439
f 495/441/417 478/426/402 518/462/436
f 495/441/417 518/462/436 513/458/433
f 502/448/423 506/452/427 510/456/431
f 502/448/423 510/456/431 501/446/421
f 484/430/406 483/429/405 508/454/429
f 484/430/406 508/454/429 490/437/413
f 468/420/394 474/419/397 470/2376/395
f 474/419/397 512/2377/2088 470/2376/395
f 18/9/9 2418/2378/2089 437/388/367
f 18/9/9 437/388/367 19/10/10
f 410/362/344 411/363/345 437/388/367
f 410/362/344 437/388/367 2418/2378/2089
f 2419/2379/2090 2420/2380/2091 2418/2378/2089
f 2419/2379/2090 2418/2378/2089 18/9/9
f 409/361/343 410/362/344 2418/2378/2089
f 409/361/343 2418/2378/2089 2420/2380/2091
f 2421/2381/2092 2422/2382/2093 2420/2380/2091
f 2421/2381/2092 2420/2380/2091 2419/2379/2090
f 2423/2383/2094 409/361/343 2420/2380/2091
f 2423/2383/2094 2420/2380/2091 2422/2382/2093
f 2424/2384/2095 2425/2385/2096 2423/2383/2094
f 2424/2384/2095 2423/2383/2094 2422/2382/2093
f 2426/2386/2097 2427/2387/2098 2423/2383/2094
f 2426/2386/2097 2423/2383/2094 2425/2385/2096
f 408/360/342 409/361/343 2423/2383/2094
f 408/360/342 2423/2383/2094 2427/2387/2098
f 389/2388/329 393/2389/332 2427/2387/2098
f 389/2388/329 2427/2387/2098 2426/2386/2097
f 407/359/341 408/360/342 2427/2387/2098
f 407/359/341 2427/2387/2098 393/2389/332
f 2428/2390/2099 2429/2391/2100 2426/2386/2097
f 2428/2390/2099 2426/2386/2097 2425/2385/2096
f 397/2392/334 389/2388/329 2426/2386/2097
f 397/2392/334 2426/2386/2097 2429/2391/2100
f 2430/2393/2101 2431/2394/2102 2429/2391/2100
f 2430/2393/2101 2429/2391/2100 2428/2390/2099
f 381/341/323 397/2392/334 2429/2391/2100
f 381/341/323 2429/2391/2100 2431/2394/2102
f 2432/2395/2103 2433/2396/2104 2431/2394/2102
f 2432/2395/2103 2431/2394/2102 2430/2393/2101
f 382/342/324 381/341/323 2431/2394/2102
f 382/342/324 2431/2394/2102 2433/2396/2104
f 2434/2397/2105 367/326/309 2433/2396/2104
f 2434/2397/2105 2433/2396/2104 2432/2395/2103
f 366/325/308 382/342/324 2433/2396/2104
f 366/325/308 2433/2396/2104 367/326/309
f 2435/2398/2106 347/305/289 2434/2397/2105
f 2435/2398/2106 2434/2397/2105 2432/2395/2103
f 346/304/288 2436/2399/2107 2434/2397/2105
f 346/304/288 2434/2397/2105 347/305/289
f 368/327/310 367/326/309 2434/2397/2105
f 368/327/310 2434/2397/2105 2436/2399/2107
f 330/285/271 349/307/291 2436/2399/2107
f 330/285/271 2436/2399/2107 346/304/288
f 350/310/294 368/327/310 2436/2399/2107
f 350/310/294 2436/2399/2107 349/307/291
f 375/335/317 2437/2400/2108 2435/2398/2106
f 375/335/317 2435/2398/2106 376/336/318
f 345/303/287 347/305/289 2435/2398/2106
f 345/303/287 2435/2398/2106 2437/2400/2108
f 2430/2393/2101 376/336/318 2435/2398/2106
f 2430/2393/2101 2435/2398/2106 2432/2395/2103
f 378/338/320 2438/2401/2109 2437/2400/2108
f 378/338/320 2437/2400/2108 375/335/317
f 344/302/286 345/303/287 2437/2400/2108
f 344/302/286 2437/2400/2108 2438/2401/2109
f 2439/2402/2110 2440/2403/2111 2438/2401/2109
f 2439/2402/2110 2438/2401/2109 378/338/320
f 2441/2404/2112 344/302/286 2438/2401/2109
f 2441/2404/2112 2438/2401/2109 2440/2403/2111
f 343/301/285 344/302/286 2441/2404/2112
f 343/301/285 2441/2404/2112 2442/2405/2113
f 340/298/282 343/301/285 2442/2405/2113
f 340/298/282 2442/2405/2113 2443/2406/2114
f 2421/2381/2092 2419/2379/2090 2444/2407/2115
f 2421/2381/2092 2444/2407/2115 2445/2408/2116
f 18/9/9 21/12/12 2444/2407/2115
f 18/9/9 2444/2407/2115 2419/2379/2090
f 2446/2409/2117 2421/2381/2092 2445/2408/2116
f 2446/2409/2117 2445/2408/2116 2447/2410/2118
f 380/340/322 374/334/316 2446/2409/2117
f 380/340/322 2446/2409/2117 2447/2410/2118
f 373/333/315 2424/2384/2095 2446/2409/2117
f 373/333/315 2446/2409/2117 374/334/316
f 2422/2382/2093 2421/2381/2092 2446/2409/2117
f 2422/2382/2093 2446/2409/2117 2424/2384/2095
f 373/333/315 376/336/318 2430/2393/2101
f 373/333/315 2430/2393/2101 2428/2390/2099
f 2424/2384/2095 373/333/315 2428/2390/2099
f 2424/2384/2095 2428/2390/2099 2425/2385/2096
f 400/354/336 399/353/335 431/2411/2119
f 400/354/336 431/2411/2119 420/372/353
f 387/346/328 2448/2412/2120 421/373/354
f 387/346/328 421/373/354 391/349/331
f 386/345/327 2449/2413/2121 2448/2412/2120
f 386/345/327 2448/2412/2120 387/346/328
f 372/331/313 371/330/312 2449/2413/2121
f 372/331/313 2449/2413/2121 386/345/327
f 381/341/323 385/344/326 395/2414/2122
f 381/341/323 395/2414/2122 397/2392/334
f 313/2415/259 2450/2416/2123 394/351/333
f 313/2415/259 394/351/333 384/2417/326
f 2451/2418/2124 390/348/330 394/351/333
f 2451/2418/2124 394/351/333 2450/2416/2123
f 360/319/303 359/318/302 2451/2418/2124
f 360/319/303 2451/2418/2124 2450/2416/2123
f 357/317/301 372/331/313 2451/2418/2124
f 357/317/301 2451/2418/2124 359/318/302
f 386/345/327 390/348/330 2451/2418/2124
f 386/345/327 2451/2418/2124 372/331/313
f 317/324/262 360/319/303 2450/2416/2123
f 317/324/262 2450/2416/2123 313/2415/259
f 315/273/260 383/343/325 382/342/324
f 315/273/260 382/342/324 366/325/308
f 315/273/260 314/272/259 385/344/326
f 315/273/260 385/344/326 383/343/325
f 351/311/295 363/321/305 368/327/310
f 351/311/295 368/327/310 350/310/294
f 332/289/274 331/288/273 354/314/298
f 332/289/274 354/314/298 353/313/297
f 333/291/276 332/289/274 353/313/297
f 333/291/276 353/313/297 364/323/307
f 329/284/270 336/308/292 349/307/291
f 329/284/270 349/307/291 330/285/271
f 326/282/268 330/285/271 346/304/288
f 326/282/268 346/304/288 348/306/290
f 2452/2419/2125 326/282/268 348/306/290
f 2452/2419/2125 348/306/290 341/299/283
f 340/298/282 2453/2420/2126 2452/2419/2125
f 340/298/282 2452/2419/2125 341/299/283
f 327/283/269 326/282/268 2452/2419/2125
f 327/283/269 2452/2419/2125 2454/2421/2127
f 2456/2422/2128 323/286/264 327/283/269
f 2456/2422/2128 327/283/269 2454/2421/2127
f 24/15/15 34/24/24 307/264/253
f 24/15/15 307/264/253 305/263/252
f 290/252/242 289/251/241 305/263/252
f 290/252/242 305/263/252 300/260/249
f 25/16/16 24/15/15 305/263/252
f 25/16/16 305/263/252 289/251/241
f 161/138/130 155/132/124 2266/2201/1945
f 161/138/130 2266/2201/1945 2380/2313/2044
f 221/192/184 238/206/198 256/223/213
f 221/192/184 256/223/213 226/197/189
f 213/184/176 246/214/204 247/213/205
f 213/184/176 247/213/205 214/185/177
f 137/114/106 147/124/116 165/142/134
f 137/114/106 165/142/134 139/116/108
f 132/109/101 138/115/107 140/117/109
f 132/109/101 140/117/109 121/98/90
f 86/65/61 84/64/60 105/82/76
f 86/65/61 105/82/76 2457/2423/2129
f 94/2424/66 2457/2423/2129 105/82/76
f 94/2424/66 105/82/76 97/83/69
f 88/2425/62 86/65/61 2457/2423/2129
f 88/2425/62 2457/2423/2129 2458/2426/2130
f 91/2427/65 2458/2426/2130 2457/2423/2129
f 91/2427/65 2457/2423/2129 94/2424/66
f 2460/2428/2131 88/2425/62 2458/2426/2130
f 2460/2428/2131 2458/2426/2130 2463/2429/2132
f 2465/2430/2133 2463/2429/2132 2458/2426/2130
f 2465/2430/2133 2458/2426/2130 91/2427/65
f 2466/2431/2134 2461/2432/2132 2464/2433/2135
f 2466/2431/2134 2464/2433/2135 2468/2434/2136
f 89/67/63 2469/2435/2137 2464/2433/2135
f 89/67/63 2464/2433/2135 90/70/65
f 2470/2436/2138 2468/2434/2136 2464/2433/2135
f 2470/2436/2138 2464/2433/2135 2469/2435/2137
f 79/57/54 2468/2434/2136 2470/2436/2138
f 79/57/54 2470/2436/2138 76/60/52
f 2459/2437/2139 2471/2438/2140 2470/2436/2138
f 2459/2437/2139 2470/2436/2138 2469/2435/2137
f 74/2439/2141 76/60/52 2470/2436/2138
f 74/2439/2141 2470/2436/2138 2471/2438/2140
f 2462/2440/2132 2467/2441/2142 2471/2438/2140
f 2462/2440/2132 2471/2438/2140 2459/2437/2139
f 69/2442/48 74/2439/2141 2471/2438/2140
f 69/2442/48 2471/2438/2140 2467/2441/2142
f 87/66/62 2459/2437/2139 2469/2435/2137
f 87/66/62 2469/2435/2137 89/67/63
f 79/57/54 68/56/48 2466/2431/2134
f 79/57/54 2466/2431/2134 2468/2434/2136
f 62/44/44 63/47/45 95/73/68
f 62/44/44 95/73/68 64/48/46
f 698/633/585 53/39/39 50/36/36
f 698/633/585 50/36/36 49/35/35
f 80/2443/2143 77/55/53 70/51/49
f 77/55/53 72/52/50 70/51/49
f 116/93/85 111/89/82 288/2444/2144
f 111/89/82 292/253/243 288/2444/2144
f 362/320/304 352/312/296 334/309/293
f 362/320/304 334/309/293 365/2445/2145
f 1698/1598/1405 1651/1547/1362 554/496/469
f 1698/1598/1405 554/496/469 566/505/478
f 976/870/799 980/869/801 970/2446/2146
f 976/870/799 970/2446/2146 968/2447/795
f 1082/958/874 1065/942/861 1068/945/864
f 1082/958/874 1068/945/864 1073/952/869
f 1138/1013/920 1139/1015/921 1143/1019/923
f 1138/1013/920 1143/1019/923 1148/1026/930
f 1867/1763/1562 54/40/40 61/43/43
f 1867/1763/1562 61/43/43 66/1764/47
f 2171/2104/1855 2175/2103/1859 2177/2448/1862
f 2171/2104/1855 2177/2448/1862 2169/2449/2147
f 304/262/251 298/2450/2148 290/252/242
f 298/2450/2148 292/253/243 290/252/242
f 2103/2021/1794 906/2113/747 899/2451/2149
f 2103/2021/1794 899/2451/2149 897/2020/1793
f 2179/2111/1863 972/2112/1864 970/2446/2146
f 2179/2111/1863 970/2446/2146 980/869/801
f 2452/2419/2125 2453/2420/2126 2472/2452/2150
f 2452/2419/2125 2472/2452/2150 2454/2421/2127
f 2455/2453/2151 325/281/267 17/8/8
f 2455/2453/2151 17/8/8 322/2454/2152
f 909/813/750 912/816/753 915/818/755
f 912/816/753 923/829/761 915/818/755
f 2266/2201/1945 2269/2204/1948 2272/2207/1951
f 2266/2201/1945 2272/2207/1951 2380/2313/2044
f 2373/2307/2038 2380/2313/2044 2272/2207/1951
f 2373/2307/2038 2272/2207/1951 2371/2304/2035
f 492/439/415 486/433/409 484/430/406
f 517/475/449 489/436/412 488/435/411
f 517/475/449 488/435/411 496/2455/417
f 1028/911/836 1023/908/833 1016/898/823
f 1028/911/836 1016/898/823 1015/897/822
f 1095/970/883 1103/978/890 1089/979/891
f 1103/978/890 1087/2456/2153 1089/979/891
f 2475/2457/2154 6/2458/2155 4/2459/2156
f 2475/2457/2154 4/2459/2156 2476/2460/2157
f 2478/2461/2158 4/2459/2156 2474/2462/2159
f 4/2459/2156 12/2463/6 2474/2462/2159
f 2476/2460/2157 4/2459/2156 2478/2461/2158
f 2476/2460/2157 2478/2461/2158 2480/2464/2160
f 21/12/12 20/11/11 2481/2465/2161
f 21/12/12 2481/2465/2161 2482/2466/2162
f 2481/2465/2161 20/11/11 23/14/14
f 2481/2465/2161 23/14/14 2483/2467/2163
f 27/18/18 2484/2468/2164 2485/2469/2165
f 27/18/18 2485/2469/2165 2486/2470/2166
f 2484/2468/2164 29/20/20 2488/2471/2167
f 2484/2468/2164 2488/2471/2167 2485/2469/2165
f 2488/2471/2167 29/20/20 31/22/22
f 2488/2471/2167 31/22/22 2489/2472/2168
f 37/25/25 35/26/26 2493/2473/2169
f 35/26/26 2490/2474/2170 2493/2473/2169
f 38/27/27 27/18/18 2486/2470/2166
f 38/27/27 2486/2470/2166 2490/2474/2170
f 44/31/31 42/30/30 2495/2475/2171
f 44/31/31 2495/2475/2171 2497/2476/2172
f 2496/2477/2171 43/2478/30 2500/2479/2173
f 2496/2477/2171 2500/2479/2173 2501/2480/2174
f 2502/2481/2175 2503/2482/2176 2504/2483/2177
f 2502/2481/2175 2504/2483/2177 2505/2484/2178
f 2506/2485/2179 2503/2482/2176 2502/2481/2175
f 2506/2485/2179 2502/2481/2175 2507/2486/2180
f 2509/2487/2181 2510/2488/2182 2512/2489/2183
f 2509/2487/2181 2512/2489/2183 2514/2490/2184
f 2515/2491/2185 2510/2488/2182 2509/2487/2181
f 2515/2491/2185 2509/2487/2181 2516/2492/2186
f 2516/2492/2186 2509/2487/2181 2518/2493/2187
f 2516/2492/2186 2518/2493/2187 2520/2494/2188
f 2521/2495/2189 2522/2496/2190 2523/2497/2191
f 2521/2495/2189 2523/2497/2191 2524/2498/2192
f 2526/2499/2193 2522/2496/2190 2521/2495/2189
f 2526/2499/2193 2521/2495/2189 2528/2500/2194
f 2523/2497/2191 2530/2501/2195 2532/2502/2196
f 2523/2497/2191 2532/2502/2196 2524/2498/2192
f 2533/2503/2196 2531/2504/2195 2527/2505/2197
f 2533/2503/2196 2527/2505/2197 2529/2506/2198
f 2513/2507/2199 2511/2508/2200 2534/2509/2201
f 2513/2507/2199 2534/2509/2201 2535/2510/2202
f 2534/2509/2201 2511/2508/2200 2536/2511/2203
f 2534/2509/2201 2536/2511/2203 2537/2512/2204
f 2536/2511/2203 2511/2508/2200 2538/2513/2205
f 2536/2511/2203 2538/2513/2205 2540/2514/2206
f 2539/2515/2207 2512/2489/2183 2541/2516/2208
f 2539/2515/2207 2541/2516/2208 2542/2517/2209
f 2543/2518/2210 2512/2489/2183 2510/2488/2182
f 2543/2518/2210 2510/2488/2182 2515/2491/2185
f 2541/2516/2208 2512/2489/2183 2545/2519/2211
f 2541/2516/2208 2545/2519/2211 2548/2520/2212
f 2545/2519/2211 2512/2489/2183 2543/2518/2210
f 2545/2519/2211 2543/2518/2210 2550/2521/2213
f 2551/2522/2214 2552/2523/2215 2554/2524/2216
f 2551/2522/2214 2554/2524/2216 2556/2525/2217
f 2558/2526/2218 2552/2523/2215 2551/2522/2214
f 2558/2526/2218 2551/2522/2214 2537/2512/2204
f 2561/2527/2219 2552/2523/2215 2558/2526/2218
f 2561/2527/2219 2558/2526/2218 2547/2528/2220
f 2563/2529/2221 2553/2530/2215 2562/2531/2222
f 2563/2529/2221 2562/2531/2222 2565/2532/2223
f 2553/2530/2215 2566/2533/2224 2567/2534/2225
f 2553/2530/2215 2567/2534/2225 2555/2535/2216
f 2568/2536/2226 2566/2533/2224 2553/2530/2215
f 2568/2536/2226 2553/2530/2215 2563/2529/2221
f 2567/2534/2225 2566/2533/2224 2568/2536/2226
f 2567/2534/2225 2568/2536/2226 2569/2537/2227
f 2570/2538/2228 2571/2539/2229 2572/2540/2230
f 2570/2538/2228 2572/2540/2230 2573/2541/2231
f 2572/2540/2230 2571/2539/2229 2574/2542/2232
f 2572/2540/2230 2574/2542/2232 2575/2543/2233
f 2576/2544/2234 2573/2541/2231 2572/2540/2230
f 2576/2544/2234 2572/2540/2230 2577/2545/2235
f 2578/2546/2236 2573/2541/2231 2576/2544/2234
f 2578/2546/2236 2576/2544/2234 2579/2547/2237
f 2580/2548/2238 2573/2541/2231 2578/2546/2236
f 2580/2548/2238 2578/2546/2236 2581/2549/2239
f 2570/2538/2228 2573/2541/2231 2580/2548/2238
f 2570/2538/2228 2580/2548/2238 2582/2550/2240
f 2577/2545/2235 2572/2540/2230 2583/2551/2241
f 2577/2545/2235 2583/2551/2241 2584/2552/2242
f 2583/2551/2241 2572/2540/2230 2575/2543/2233
f 2583/2551/2241 2575/2543/2233 2585/2553/2243
f 2584/2552/2242 2583/2551/2241 2586/2554/2244
f 2584/2552/2242 2586/2554/2244 2587/2555/2245
f 2586/2554/2244 2583/2551/2241 2585/2553/2243
f 2586/2554/2244 2585/2553/2243 2588/2556/2246
f 2577/2545/2235 2584/2552/2242 2587/2555/2245
f 2577/2545/2235 2587/2555/2245 2589/2557/2247
f 2585/2553/2243 2590/2558/2248 2591/2559/2249
f 2585/2553/2243 2591/2559/2249 2588/2556/2246
f 2591/2559/2249 2590/2558/2248 2592/2560/2250
f 2591/2559/2249 2592/2560/2250 2593/2561/2251
f 2582/2550/2240 2580/2548/2238 2594/2562/2252
f 2582/2550/2240 2594/2562/2252 2595/2563/2253
f 2594/2562/2252 2580/2548/2238 2581/2549/2239
f 2594/2562/2252 2581/2549/2239 2596/2564/2254
f 2587/2555/2245 2586/2554/2244 2597/2565/2255
f 2587/2555/2245 2597/2565/2255 2598/2566/2256
f 2599/2567/2257 2600/2568/2258 2588/2556/2246
f 2599/2567/2257 2588/2556/2246 2591/2559/2249
f 2597/2565/2255 2586/2554/2244 2588/2556/2246
f 2597/2565/2255 2588/2556/2246 2600/2568/2258
f 2601/2569/2259 2598/2566/2256 2602/2570/2260
f 2601/2569/2259 2602/2570/2260 2603/2571/2261
f 2602/2570/2260 2598/2566/2256 2604/2572/2262
f 2602/2570/2260 2604/2572/2262 2605/2573/2263
f 2604/2572/2262 2598/2566/2256 2597/2565/2255
f 2604/2572/2262 2597/2565/2255 2606/2574/2264
f 2587/2555/2245 2598/2566/2256 2601/2569/2259
f 2587/2555/2245 2601/2569/2259 2589/2557/2247
f 2607/2575/2265 2608/2576/2266 2609/2577/2267
f 2607/2575/2265 2609/2577/2267 2610/2578/2268
f 2611/2579/2269 2608/2576/2266 2612/2580/2270
f 2611/2579/2269 2612/2580/2270 2613/2581/2271
f 2609/2577/2267 2608/2576/2266 2611/2579/2269
f 2609/2577/2267 2611/2579/2269 2614/2582/2272
f 2612/2580/2270 2608/2576/2266 2607/2575/2265
f 2612/2580/2270 2607/2575/2265 2595/2563/2253
f 2596/2564/2254 2581/2549/2239 2578/2546/2236
f 2596/2564/2254 2578/2546/2236 2615/2583/2273
f 2599/2567/2257 2616/2584/2274 2617/2585/2275
f 2599/2567/2257 2617/2585/2275 2600/2568/2258
f 2618/2586/2276 2616/2584/2274 2599/2567/2257
f 2618/2586/2276 2599/2567/2257 2619/2587/2277
f 2617/2585/2275 2616/2584/2274 2618/2586/2276
f 2617/2585/2275 2618/2586/2276 2620/2588/2278
f 2615/2583/2273 2578/2546/2236 2621/2589/2279
f 2615/2583/2273 2621/2589/2279 2622/2590/2280
f 2623/2591/2281 2624/2592/2282 2625/2593/2283
f 2623/2591/2281 2625/2593/2283 2626/2594/2284
f 2625/2593/2283 2624/2592/2282 2627/2595/2285
f 2625/2593/2283 2627/2595/2285 2628/2596/2286
f 2627/2595/2285 2624/2592/2282 2623/2591/2281
f 2627/2595/2285 2623/2591/2281 2629/2597/2287
f 2630/2598/2288 2631/2599/2289 2633/2600/2290
f 2630/2598/2288 2633/2600/2290 2635/2601/2291
f 2633/2600/2290 2631/2599/2289 2626/2594/2284
f 2633/2600/2290 2626/2594/2284 2637/2602/2292
f 2626/2594/2284 2631/2599/2289 2630/2598/2288
f 2626/2594/2284 2630/2598/2288 2623/2591/2281
f 2638/2603/2293 2639/2604/2294 2640/2605/2295
f 2638/2603/2293 2640/2605/2295 2641/2606/2296
f 2640/2605/2295 2639/2604/2294 2642/2607/2297
f 2640/2605/2295 2642/2607/2297 2643/2608/2298
f 2642/2607/2297 2639/2604/2294 2638/2603/2293
f 2642/2607/2297 2638/2603/2293 2644/2609/2299
f 2645/2610/2300 2646/2611/2301 2644/2609/2299
f 2645/2610/2300 2644/2609/2299 2638/2603/2293
f 2647/2612/2302 2646/2611/2301 2645/2610/2300
f 2647/2612/2302 2645/2610/2300 2648/2613/2303
f 2644/2609/2299 2646/2611/2301 2647/2612/2302
f 2644/2609/2299 2647/2612/2302 2649/2614/2304
f 2650/2615/2305 2651/2616/2306 2652/2617/2307
f 2650/2615/2305 2652/2617/2307 2653/2618/2308
f 2654/2619/2309 2651/2616/2306 2650/2615/2305
f 2654/2619/2309 2650/2615/2305 2655/2620/2310
f 2652/2617/2307 2651/2616/2306 2654/2619/2309
f 2652/2617/2307 2654/2619/2309 2656/2621/2311
f 2657/2622/2312 2658/2623/2313 2659/2624/2314
f 2657/2622/2312 2659/2624/2314 2660/2625/2315
f 2653/2618/2308 2658/2623/2313 2657/2622/2312
f 2653/2618/2308 2657/2622/2312 2650/2615/2305
f 2661/2626/2316 2663/2627/2317 2664/2628/2318
f 2661/2626/2316 2664/2628/2318 2665/2629/2319
f 2659/2624/2314 2658/2623/2313 2664/2628/2318
f 2659/2624/2314 2664/2628/2318 2663/2627/2317
f 2664/2628/2318 2658/2623/2313 2653/2618/2308
f 2664/2628/2318 2653/2618/2308 2665/2629/2319
f 2656/2621/2311 2666/2630/2320 2667/2631/2321
f 2656/2621/2311 2667/2631/2321 2668/2632/2322
f 2669/2633/2323 2666/2630/2320 2656/2621/2311
f 2669/2633/2323 2656/2621/2311 2654/2619/2309
f 2667/2631/2321 2666/2630/2320 2670/2634/2324
f 2666/2630/2320 2669/2633/2323 2670/2634/2324
f 2671/2635/2325 2672/2636/2326 2673/2637/2327
f 2671/2635/2325 2673/2637/2327 2674/2638/2328
f 2676/2639/2329 2672/2636/2326 2671/2635/2325
f 2676/2639/2329 2671/2635/2325 2677/2640/2330
f 2673/2637/2327 2672/2636/2326 2678/2641/2331
f 2673/2637/2327 2678/2641/2331 2679/2642/2332
f 2678/2641/2331 2672/2636/2326 2676/2639/2329
f 2678/2641/2331 2676/2639/2329 2680/2643/2333
f 2671/2635/2325 2674/2638/2328 2681/2644/2334
f 2671/2635/2325 2681/2644/2334 2683/2645/2335
f 2681/2644/2334 2674/2638/2328 2684/2646/2336
f 2681/2644/2334 2684/2646/2336 2686/2647/2337
f 2685/2648/2338 2675/2649/2328 2689/2650/2339
f 2685/2648/2338 2689/2650/2339 2690/2651/2340
f 2688/2652/2341 2674/2638/2328 2673/2637/2327
f 2688/2652/2341 2673/2637/2327 2691/2653/2342
f 2692/2654/2343 2693/2655/2344 2695/2656/2345
f 2692/2654/2343 2695/2656/2345 2696/2657/2346
f 2697/2658/2347 2693/2655/2344 2692/2654/2343
f 2697/2658/2347 2692/2654/2343 2699/2659/2348
f 2700/2660/2349 2694/2661/2344 2698/2662/2347
f 2700/2660/2349 2698/2662/2347 2701/2663/2350
f 2695/2656/2345 2693/2655/2344 2702/2664/2351
f 2695/2656/2345 2702/2664/2351 2704/2665/2352
f 2705/2666/2353 2706/2667/2354 2707/2668/2355
f 2705/2666/2353 2707/2668/2355 2708/2669/2356
f 2709/2670/2357 2710/2671/2358 2706/2667/2354
f 2709/2670/2357 2706/2667/2354 2705/2666/2353
f 2707/2668/2355 2706/2667/2354 2710/2671/2358
f 2707/2668/2355 2710/2671/2358 2679/2642/2332
f 2710/2671/2358 2709/2670/2357 2711/2672/2359
f 2710/2671/2358 2711/2672/2359 2712/2673/2360
f 2711/2672/2359 2709/2670/2357 2705/2666/2353
f 2711/2672/2359 2705/2666/2353 2713/2674/2361
f 2714/2675/2362 2715/2676/2363 2716/2677/2364
f 2714/2675/2362 2716/2677/2364 2717/2678/2365
f 2718/2679/2366 2715/2676/2363 2714/2675/2362
f 2718/2679/2366 2714/2675/2362 2719/2680/2367
f 2716/2677/2364 2715/2676/2363 2720/2681/2368
f 2716/2677/2364 2720/2681/2368 2721/2682/2369
f 2720/2681/2368 2715/2676/2363 2718/2679/2366
f 2720/2681/2368 2718/2679/2366 2722/2683/2370
f 2613/2581/2271 2612/2580/2270 2595/2563/2253
f 2613/2581/2271 2595/2563/2253 2594/2562/2252
f 2723/2684/2371 2613/2581/2271 2594/2562/2252
f 2723/2684/2371 2594/2562/2252 2596/2564/2254
f 2613/2581/2271 2723/2684/2371 2724/2685/2372
f 2613/2581/2271 2724/2685/2372 2725/2686/2373
f 2724/2685/2372 2723/2684/2371 2726/2687/2374
f 2724/2685/2372 2726/2687/2374 2727/2688/2375
f 2726/2687/2374 2723/2684/2371 2596/2564/2254
f 2726/2687/2374 2596/2564/2254 2615/2583/2273
f 2728/2689/2376 2729/2690/2377 2730/2691/2378
f 2728/2689/2376 2730/2691/2378 2731/2692/2379
f 2732/2693/2380 2729/2690/2377 2728/2689/2376
f 2732/2693/2380 2728/2689/2376 2733/2694/2381
f 2569/2537/2227 2568/2536/2226 2563/2529/2221
f 2569/2537/2227 2563/2529/2221 2734/2695/2382
f 2736/2696/2383 2738/2697/2384 2741/2698/2385
f 2736/2696/2383 2741/2698/2385 2742/2699/2386
f 2744/2700/2387 2737/2701/2388 2735/2702/2383
f 2744/2700/2387 2735/2702/2383 2746/2703/2389
f 2567/2534/2225 2739/2704/2390 2745/2705/2387
f 2567/2534/2225 2745/2705/2387 2555/2535/2216
f 2750/2706/2391 2739/2704/2390 2751/2707/2392
f 2739/2704/2390 2734/2695/2382 2751/2707/2392
f 2740/2708/2385 2752/2709/2393 2754/2710/2394
f 2740/2708/2385 2754/2710/2394 2755/2711/2395
f 2755/2711/2395 2756/2712/2396 2757/2713/2397
f 2755/2711/2395 2757/2713/2397 2759/2714/2398
f 2760/2715/2399 2761/2716/2400 2755/2711/2395
f 2760/2715/2399 2755/2711/2395 2754/2710/2394
f 2762/2717/2401 2756/2712/2396 2755/2711/2395
f 2762/2717/2401 2755/2711/2395 2761/2716/2400
f 2764/2718/2402 2765/2719/2403 2766/2720/2404
f 2764/2718/2402 2766/2720/2404 2768/2721/2405
f 2476/2460/2157 2480/2464/2160 2770/2722/2406
f 2476/2460/2157 2770/2722/2406 2771/2723/2407
f 325/281/267 2479/2724/2408 2477/2725/2409
f 325/281/267 2477/2725/2409 324/280/266
f 2772/2726/2410 2773/2727/2411 2774/2728/2412
f 2772/2726/2410 2774/2728/2412 2775/2729/2413
f 2774/2728/2412 2773/2727/2411 2771/2723/2407
f 2774/2728/2412 2771/2723/2407 2770/2722/2406
f 2771/2723/2407 2773/2727/2411 2777/2730/2414
f 2771/2723/2407 2777/2730/2414 2779/2731/2415
f 2777/2730/2414 2773/2727/2411 2780/2732/2416
f 2777/2730/2414 2780/2732/2416 2781/2733/2417
f 2782/2734/2418 2477/2725/2409 2778/2735/2415
f 2477/2725/2409 2473/2736/2154 2778/2735/2415
f 2771/2723/2407 2779/2731/2415 2475/2457/2154
f 2771/2723/2407 2475/2457/2154 2476/2460/2157
f 324/280/266 2477/2725/2409 2782/2734/2418
f 324/280/266 2782/2734/2418 339/296/280
f 2783/2737/2419 2784/2738/2420 2785/2739/2421
f 2783/2737/2419 2785/2739/2421 2786/2740/2422
f 2787/2741/2423 2784/2738/2420 2783/2737/2419
f 2787/2741/2423 2783/2737/2419 2788/2742/2424
f 2789/2743/2425 2787/2741/2423 2790/2744/2426
f 2789/2743/2425 2790/2744/2426 2791/2745/2427
f 2784/2738/2420 2787/2741/2423 2789/2743/2425
f 2784/2738/2420 2789/2743/2425 2785/2739/2421
f 2792/2746/2428 2781/2733/2417 2780/2732/2416
f 2792/2746/2428 2780/2732/2416 2793/2747/2429
f 2794/2748/2430 2781/2733/2417 2792/2746/2428
f 2794/2748/2430 2792/2746/2428 2795/2749/2431
f 2796/2750/2432 2798/2751/2433 2799/2752/2434
f 2796/2750/2432 2799/2752/2434 2801/2753/2435
f 2799/2752/2434 2798/2751/2433 2804/2754/2436
f 2799/2752/2434 2804/2754/2436 2805/2755/2437
f 2804/2754/2436 2798/2751/2433 2796/2750/2432
f 2804/2754/2436 2796/2750/2432 2807/2756/2438
f 2800/2757/2434 2806/2758/2437 2782/2734/2418
f 2800/2757/2434 2782/2734/2418 2778/2735/2415
f 2809/2759/2439 2810/2760/2440 2794/2748/2430
f 2809/2759/2439 2794/2748/2430 2795/2749/2431
f 2811/2761/2441 2810/2760/2440 2797/2762/2432
f 2811/2761/2441 2797/2762/2432 2803/2763/2442
f 2797/2762/2432 2810/2760/2440 2764/2718/2402
f 2797/2762/2432 2764/2718/2402 2808/2764/2438
f 2765/2719/2403 2809/2759/2439 2812/2765/2443
f 2765/2719/2403 2812/2765/2443 2766/2720/2404
f 2812/2765/2443 2809/2759/2439 2813/2766/2444
f 2812/2765/2443 2813/2766/2444 2814/2767/2445
f 2810/2760/2440 2809/2759/2439 2765/2719/2403
f 2810/2760/2440 2765/2719/2403 2764/2718/2402
f 2782/2734/2418 2806/2758/2437 370/328/311
f 2782/2734/2418 370/328/311 339/296/280
f 369/332/314 2805/2755/2437 2815/2768/2446
f 369/332/314 2815/2768/2446 371/330/312
f 2816/2769/2447 2817/2770/2448 2818/2771/2449
f 2816/2769/2447 2818/2771/2449 2819/2772/2450
f 379/339/321 2817/2770/2448 2820/2773/2451
f 379/339/321 2820/2773/2451 377/337/319
f 2818/2771/2449 2817/2770/2448 379/339/321
f 2818/2771/2449 379/339/321 380/340/322
f 2822/2774/2452 2823/2775/2453 2824/2776/2454
f 2822/2774/2452 2824/2776/2454 2826/2777/2455
f 2827/2778/2456 2828/2779/2457 2830/2780/2458
f 2827/2778/2456 2830/2780/2458 2831/2781/2459
f 2830/2780/2458 2828/2779/2457 2832/2782/2460
f 2830/2780/2458 2832/2782/2460 2834/2783/2461
f 2835/2784/2462 2828/2779/2457 2827/2778/2456
f 2835/2784/2462 2827/2778/2456 2837/2785/2463
f 2839/2786/2464 2840/2787/2465 2841/2788/2466
f 2839/2786/2464 2841/2788/2466 2842/2789/2467
f 2841/2788/2466 2840/2787/2465 2843/2790/2468
f 2841/2788/2466 2843/2790/2468 2844/2791/2469
f 2845/2792/2470 2840/2787/2465 2839/2786/2464
f 2845/2792/2470 2839/2786/2464 2847/2793/2471
f 2848/2794/2472 2840/2787/2465 2845/2792/2470
f 2848/2794/2472 2845/2792/2470 2849/2795/2473
f 2843/2790/2468 2840/2787/2465 2848/2794/2472
f 2843/2790/2468 2848/2794/2472 2850/2796/2474
f 2846/2797/2475 2851/2798/2476 2834/2783/2461
f 2846/2797/2475 2834/2783/2461 2832/2782/2460
f 2852/2799/2477 2851/2798/2476 2846/2797/2475
f 2852/2799/2477 2846/2797/2475 2838/2800/2478
f 2854/2801/2479 2851/2798/2476 2852/2799/2477
f 2854/2801/2479 2852/2799/2477 2855/2802/2480
f 2844/2791/2469 2843/2790/2468 2850/2796/2474
f 2844/2791/2469 2850/2796/2474 2856/2803/2481
f 2841/2788/2466 2844/2791/2469 2856/2803/2481
f 2841/2788/2466 2856/2803/2481 2857/2804/2482
f 2834/2783/2461 2851/2798/2476 422/374/355
f 2834/2783/2461 422/374/355 421/373/354
f 422/374/355 2851/2798/2476 2854/2801/2479
f 422/374/355 2854/2801/2479 423/375/356
f 2858/2805/2483 2859/2806/2484 2861/2807/2485
f 2858/2805/2483 2861/2807/2485 2863/2808/2486
f 2857/2804/2482 2859/2806/2484 2858/2805/2483
f 2857/2804/2482 2858/2805/2483 2864/2809/2487
f 2865/2810/2488 2859/2806/2484 2866/2811/2489
f 2865/2810/2488 2866/2811/2489 2867/2812/2490
f 2866/2811/2489 2859/2806/2484 2857/2804/2482
f 2866/2811/2489 2857/2804/2482 2856/2803/2481
f 2861/2807/2485 2859/2806/2484 2865/2810/2488
f 2861/2807/2485 2865/2810/2488 2869/2813/2491
f 2870/2814/2492 2866/2811/2489 2856/2803/2481
f 2870/2814/2492 2856/2803/2481 2850/2796/2474
f 2867/2812/2490 2866/2811/2489 2483/2467/2163
f 2867/2812/2490 2483/2467/2163 2871/2815/2493
f 2483/2467/2163 2866/2811/2489 2870/2814/2492
f 2483/2467/2163 2870/2814/2492 2481/2465/2161
f 2872/2816/2494 2873/2817/2495 2874/2818/2496
f 2872/2816/2494 2874/2818/2496 2875/2819/2497
f 2860/2820/2498 2868/2821/2491 2873/2817/2495
f 2860/2820/2498 2873/2817/2495 2872/2816/2494
f 2874/2818/2496 2873/2817/2495 2868/2821/2491
f 2874/2818/2496 2868/2821/2491 2876/2822/2499
f 2878/2823/2500 2879/2824/2501 2881/2825/2502
f 2878/2823/2500 2881/2825/2502 2883/2826/2503
f 2884/2827/2504 2879/2824/2501 2878/2823/2500
f 2884/2827/2504 2878/2823/2500 2885/2828/2505
f 2884/2827/2504 2885/2828/2505 2886/2829/2506
f 2884/2827/2504 2886/2829/2506 2887/2830/2507
f 2886/2829/2506 2885/2828/2505 2888/2831/2508
f 2886/2829/2506 2888/2831/2508 2889/2832/2509
f 2890/2833/2510 2885/2828/2505 2878/2823/2500
f 2890/2833/2510 2878/2823/2500 2891/2834/2511
f 2888/2831/2508 2885/2828/2505 2890/2833/2510
f 2888/2831/2508 2890/2833/2510 2892/2835/2512
f 2882/2836/2502 2880/2837/2501 2894/2838/2513
f 2882/2836/2502 2894/2838/2513 2895/2839/2514
f 2893/2840/2515 2879/2824/2501 2884/2827/2504
f 2893/2840/2515 2884/2827/2504 2896/2841/2516
f 2897/2842/2516 2899/2843/2517 2877/2844/2499
f 2897/2842/2516 2877/2844/2499 2900/2845/2518
f 2887/2830/2507 2898/2846/2519 2896/2841/2516
f 2887/2830/2507 2896/2841/2516 2884/2827/2504
f 2876/2822/2499 2898/2846/2519 2887/2830/2507
f 2876/2822/2499 2887/2830/2507 2874/2818/2496
f 2902/2847/2520 2904/2848/2521 2906/2849/2522
f 2902/2847/2520 2906/2849/2522 2907/2850/2523
f 2905/2851/2524 2903/2852/2525 2908/2853/2526
f 2905/2851/2524 2908/2853/2526 2909/2854/2527
f 2907/2850/2523 2906/2849/2522 2910/2855/2527
f 2907/2850/2523 2910/2855/2527 2911/2856/2528
f 2902/2847/2520 2907/2850/2523 2911/2856/2528
f 2902/2847/2520 2911/2856/2528 2913/2857/2529
f 2914/2858/2530 2915/2859/2531 2916/2860/2532
f 2914/2858/2530 2916/2860/2532 2917/2861/2533
f 2918/2862/2534 2915/2859/2531 2920/2863/2535
f 2915/2859/2531 2919/2864/2536 2920/2863/2535
f 2919/2864/2536 2915/2859/2531 2914/2858/2530
f 2919/2864/2536 2914/2858/2530 2921/2865/2537
f 2915/2859/2531 2918/2862/2534 2923/2866/2538
f 2915/2859/2531 2923/2866/2538 2924/2867/2539
f 2925/2868/2540 2921/2865/2537 2926/2869/2541
f 2925/2868/2540 2926/2869/2541 2927/2870/2542
f 2926/2869/2541 2921/2865/2537 2914/2858/2530
f 2926/2869/2541 2914/2858/2530 2928/2871/2543
f 2915/2859/2531 2924/2867/2539 2930/2872/2544
f 2915/2859/2531 2930/2872/2544 2916/2860/2532
f 2927/2870/2542 2919/2864/2536 2931/2873/2545
f 2927/2870/2542 2931/2873/2545 2925/2868/2540
f 2932/2874/2546 2928/2871/2543 2914/2858/2530
f 2932/2874/2546 2914/2858/2530 2917/2861/2533
f 2933/2875/2547 2928/2871/2543 2932/2874/2546
f 2933/2875/2547 2932/2874/2546 2934/2876/2548
f 2923/2866/2538 2918/2862/2534 2937/2877/2549
f 2923/2866/2538 2937/2877/2549 2939/2878/2550
f 2937/2877/2549 2918/2862/2534 2920/2863/2535
f 2937/2877/2549 2920/2863/2535 2941/2879/2551
f 2926/2869/2541 2928/2871/2543 2943/2880/2552
f 2928/2871/2543 2942/2881/2553 2943/2880/2552
f 2927/2870/2542 2926/2869/2541 2944/2882/2554
f 2927/2870/2542 2944/2882/2554 2945/2883/2555
f 2944/2882/2554 2926/2869/2541 2943/2880/2552
f 2944/2882/2554 2943/2880/2552 2946/2884/2556
f 2947/2885/2557 2949/2886/2558 2901/2887/2559
f 2947/2885/2557 2901/2887/2559 2912/2888/2529
f 2950/2889/2560 2952/2890/2561 2947/2885/2557
f 2950/2889/2560 2947/2885/2557 2929/2891/2544
f 2908/2853/2526 2949/2886/2558 2947/2885/2557
f 2908/2853/2526 2947/2885/2557 2952/2890/2561
f 2953/2892/2562 2955/2893/2563 2956/2894/2564
f 2953/2892/2562 2956/2894/2564 2958/2895/2565
f 2961/2896/2566 2955/2893/2563 2962/2897/2567
f 2961/2896/2566 2962/2897/2567 2964/2898/2568
f 2962/2897/2567 2955/2893/2563 2953/2892/2562
f 2962/2897/2567 2953/2892/2562 2965/2899/2569
f 2956/2894/2564 2955/2893/2563 2967/2900/2570
f 2956/2894/2564 2967/2900/2570 2969/2901/2571
f 2967/2900/2570 2955/2893/2563 2961/2896/2566
f 2967/2900/2570 2961/2896/2566 2972/2902/2572
f 2908/2853/2526 2952/2890/2561 2975/2903/2573
f 2908/2853/2526 2975/2903/2573 2909/2854/2527
f 2938/2904/2574 2952/2890/2561 2950/2889/2560
f 2938/2904/2574 2950/2889/2560 2922/2905/2538
f 2977/2906/2575 2952/2890/2561 2938/2904/2574
f 2977/2906/2575 2938/2904/2574 2979/2907/2576
f 2975/2903/2573 2952/2890/2561 2977/2906/2575
f 2975/2903/2573 2977/2906/2575 2982/2908/2577
f 2983/2909/2578 2984/2910/2579 2985/2911/2580
f 2983/2909/2578 2985/2911/2580 2986/2912/2581
f 2987/2913/2582 2988/2914/2583 2984/2910/2579
f 2987/2913/2582 2984/2910/2579 2983/2909/2578
f 2985/2911/2580 2984/2910/2579 2988/2914/2583
f 2985/2911/2580 2988/2914/2583 2989/2915/2584
f 2987/2913/2582 2983/2909/2578 2986/2912/2581
f 2987/2913/2582 2986/2912/2581 2990/2916/2585
f 2991/2917/2586 2993/2918/2587 2995/2919/2588
f 2991/2917/2586 2995/2919/2588 2997/2920/2589
f 2996/2921/2588 2994/2922/2587 2998/2923/2590
f 2996/2921/2588 2998/2923/2590 2999/2924/2591
f 3000/2925/2592 2994/2922/2587 2992/2926/2593
f 3000/2925/2592 2992/2926/2593 3002/2927/2594
f 2892/2835/2512 2890/2833/2510 2891/2834/2511
f 2892/2835/2512 2891/2834/2511 3003/2928/2595
f 2895/2839/2514 2894/2838/2513 2897/2842/2516
f 2895/2839/2514 2897/2842/2516 2900/2845/2518
f 3004/2929/2596 3005/2930/2597 3007/2931/2598
f 3004/2929/2596 3007/2931/2598 3009/2932/2599
f 3010/2933/2600 3005/2930/2597 3004/2929/2596
f 3010/2933/2600 3004/2929/2596 3011/2934/2601
f 2994/2922/2587 3000/2925/2592 3012/2935/2602
f 2994/2922/2587 3012/2935/2602 3013/2936/2603
f 3014/2937/2604 2999/2924/2591 2998/2923/2590
f 3014/2937/2604 2998/2923/2590 3015/2938/2605
f 2889/2832/2509 2888/2831/2508 2892/2835/2512
f 2889/2832/2509 2892/2835/2512 3016/2939/2606
f 2869/2813/2491 3017/2940/2607 2900/2845/2518
f 2869/2813/2491 2900/2845/2518 2877/2844/2499
f 3019/2941/2608 2895/2839/2514 3020/2942/2609
f 3019/2941/2608 3020/2942/2609 3022/2943/2610
f 2900/2845/2518 3017/2940/2607 3020/2942/2609
f 2900/2845/2518 3020/2942/2609 2895/2839/2514
f 3020/2942/2609 3017/2940/2607 3023/2944/2611
f 3020/2942/2609 3023/2944/2611 3024/2945/2612
f 3023/2944/2611 3017/2940/2607 2869/2813/2491
f 3023/2944/2611 2869/2813/2491 2865/2810/2488
f 3025/2946/2613 3016/2939/2606 3026/2947/2614
f 3025/2946/2613 3026/2947/2614 3027/2948/2615
f 3026/2947/2614 3016/2939/2606 3028/2949/2616
f 3026/2947/2614 3028/2949/2616 3029/2950/2617
f 2889/2832/2509 3016/2939/2606 3025/2946/2613
f 2889/2832/2509 3025/2946/2613 3030/2951/2618
f 3007/2931/2598 3005/2930/2597 3032/2952/2619
f 3007/2931/2598 3032/2952/2619 3034/2953/2620
f 3032/2952/2619 3005/2930/2597 3010/2933/2600
f 3032/2952/2619 3010/2933/2600 3035/2954/2621
f 3022/2943/2610 3020/2942/2609 3024/2945/2612
f 3022/2943/2610 3024/2945/2612 3036/2955/2622
f 3037/2956/2623 3018/2957/2624 2997/2920/2589
f 3037/2956/2623 2997/2920/2589 2995/2919/2588
f 2997/2920/2589 3018/2957/2624 3021/2958/2610
f 2997/2920/2589 3021/2958/2610 3035/2954/2621
f 3003/2928/2595 3028/2949/2616 3016/2939/2606
f 3003/2928/2595 3016/2939/2606 2892/2835/2512
f 3040/2959/2625 3028/2949/2616 3003/2928/2595
f 3040/2959/2625 3003/2928/2595 3041/2960/2626
f 3042/2961/2627 3044/2962/2628 3046/2963/2629
f 3042/2961/2627 3046/2963/2629 3047/2964/2630
f 3048/2965/2631 3043/2966/2632 3049/2967/2633
f 3048/2965/2631 3049/2967/2633 3050/2968/2634
f 3045/2969/2635 3043/2966/2632 3048/2965/2631
f 3045/2969/2635 3048/2965/2631 3051/2970/2636
f 2757/2713/2397 2756/2712/2396 2762/2717/2401
f 2757/2713/2397 2762/2717/2401 3052/2971/2637
f 3052/2971/2637 2762/2717/2401 2761/2716/2400
f 3052/2971/2637 2761/2716/2400 3053/2972/2638
f 3054/2973/2639 3055/2974/2640 3056/2975/2641
f 3054/2973/2639 3056/2975/2641 3057/2976/2642
f 3056/2975/2641 3055/2974/2640 3036/2955/2622
f 3056/2975/2641 3036/2955/2622 3024/2945/2612
f 3036/2955/2622 3055/2974/2640 3054/2973/2639
f 3036/2955/2622 3054/2973/2639 3059/2977/2643
f 3022/2943/2610 3036/2955/2622 3061/2978/2644
f 3022/2943/2610 3061/2978/2644 3064/2979/2645
f 3035/2954/2621 3021/2958/2610 3063/2980/2645
f 3035/2954/2621 3063/2980/2645 3032/2952/2619
f 3042/2961/2627 3047/2964/2630 3013/2936/2603
f 3042/2961/2627 3013/2936/2603 3012/2935/2602
f 3013/2936/2603 3047/2964/2630 3065/2981/2646
f 3013/2936/2603 3065/2981/2646 3066/2982/2647
f 3065/2981/2646 3047/2964/2630 3046/2963/2629
f 3065/2981/2646 3046/2963/2629 3067/2983/2648
f 3052/2971/2637 2494/2984/2649 2757/2713/2397
f 2494/2984/2649 2491/2985/2650 2757/2713/2397
f 36/566/25 2492/2986/2651 3068/2987/2652
f 36/566/25 3068/2987/2652 627/563/526
f 3069/2988/2653 3070/2989/2654 3071/2990/2655
f 3069/2988/2653 3071/2990/2655 3072/2991/2656
f 3073/2992/2657 3045/2969/2635 3051/2970/2636
f 3073/2992/2657 3051/2970/2636 3075/2993/2658
f 3067/2983/2648 3046/2963/2629 3074/2994/2657
f 3067/2983/2648 3074/2994/2657 3077/2995/2659
f 3078/2996/2660 3079/2997/2661 3080/2998/2662
f 3078/2996/2660 3080/2998/2662 3081/2999/2663
f 3072/2991/2656 3082/3000/2664 3079/2997/2661
f 3072/2991/2656 3079/2997/2661 3078/2996/2660
f 3080/2998/2662 3079/2997/2661 3083/3001/2665
f 3080/2998/2662 3083/3001/2665 3084/3002/2666
f 3083/3001/2665 3079/2997/2661 3082/3000/2664
f 3083/3001/2665 3082/3000/2664 3050/2968/2634
f 3085/3003/2667 3084/3002/2666 3086/3004/2668
f 3085/3003/2667 3086/3004/2668 3087/3005/2669
f 3086/3004/2668 3084/3002/2666 3088/3006/2670
f 3086/3004/2668 3088/3006/2670 3089/3007/2671
f 3088/3006/2670 3084/3002/2666 3083/3001/2665
f 3088/3006/2670 3083/3001/2665 3090/3008/2672
f 3081/2999/2663 3080/2998/2662 3084/3002/2666
f 3081/2999/2663 3084/3002/2666 3091/3009/2673
f 3092/3010/2674 3093/3011/2675 3094/3012/2676
f 3092/3010/2674 3094/3012/2676 3095/3013/2677
f 3094/3012/2676 3093/3011/2675 3096/3014/2678
f 3094/3012/2676 3096/3014/2678 3097/3015/2679
f 3096/3014/2678 3093/3011/2675 3092/3010/2674
f 3096/3014/2678 3092/3010/2674 3098/3016/2680
f 3099/3017/2681 3100/3018/2682 3097/3015/2679
f 3099/3017/2681 3097/3015/2679 3096/3014/2678
f 3097/3015/2679 3100/3018/2682 3101/3019/2683
f 3097/3015/2679 3101/3019/2683 3102/3020/2684
f 3101/3019/2683 3100/3018/2682 3099/3017/2681
f 3101/3019/2683 3099/3017/2681 3103/3021/2685
f 3104/3022/2686 3106/3023/2687 3108/3024/2688
f 3104/3022/2686 3108/3024/2688 3111/3025/2689
f 683/619/574 3112/3026/2690 3113/3027/2691
f 683/619/574 3113/3027/2691 680/616/571
f 3114/3028/2692 3112/3026/2690 683/619/574
f 3114/3028/2692 683/619/574 684/620/575
f 3115/3029/2693 3117/3030/2694 3119/3031/2695
f 3115/3029/2693 3119/3031/2695 3120/3032/2696
f 3116/3033/2697 3121/3034/2696 3123/3035/2698
f 3116/3033/2697 3123/3035/2698 3124/3036/2699
f 3122/3037/2700 3120/3032/2696 3119/3031/2695
f 3122/3037/2700 3119/3031/2695 3125/3038/2701
f 2504/2483/2177 3127/3039/2702 3129/3040/2703
f 2504/2483/2177 3129/3040/2703 2505/2484/2178
f 3128/3041/2703 3126/3042/2702 3109/3043/2704
f 3128/3041/2703 3109/3043/2704 3130/3044/2705
f 3132/3045/2706 3127/3039/2702 2506/2485/2179
f 3132/3045/2706 2506/2485/2179 2507/2486/2180
f 3111/3025/2689 3127/3039/2702 3132/3045/2706
f 3111/3025/2689 3132/3045/2706 3104/3022/2686
f 3133/3046/2707 3135/3047/2708 3137/3048/2709
f 3133/3046/2707 3137/3048/2709 3138/3049/2710
f 3139/3050/2711 3135/3047/2708 3133/3046/2707
f 3139/3050/2711 3133/3046/2707 3140/3051/2712
f 3143/3052/2713 3135/3047/2708 3145/3053/2714
f 3135/3047/2708 3139/3050/2711 3145/3053/2714
f 3146/3054/2715 3147/3055/2716 3148/3056/2717
f 3146/3054/2715 3148/3056/2717 3149/3057/2718
f 3148/3056/2717 3147/3055/2716 3110/3058/2689
f 3148/3056/2717 3110/3058/2689 3107/3059/2688
f 3110/3058/2689 3147/3055/2716 3150/3060/2719
f 3110/3058/2689 3150/3060/2719 3152/3061/2720
f 3153/3062/2721 3154/3063/2722 3155/3064/2723
f 3153/3062/2721 3155/3064/2723 3157/3065/2724
f 3159/3066/2725 3154/3063/2722 3160/3067/2726
f 3159/3066/2725 3160/3067/2726 3161/3068/2727
f 3160/3067/2726 3154/3063/2722 3153/3062/2721
f 3160/3067/2726 3153/3062/2721 3162/3069/2728
f 3155/3064/2723 3154/3063/2722 3159/3066/2725
f 3155/3064/2723 3159/3066/2725 3163/3070/2729
f 3112/3026/2690 3165/3071/2730 3166/3072/2731
f 3112/3026/2690 3166/3072/2731 3113/3027/2691
f 3113/3027/2691 3166/3072/2731 3167/3073/2732
f 3113/3027/2691 3167/3073/2732 3168/3074/2733
f 3167/3073/2732 3166/3072/2731 3169/3075/2734
f 3167/3073/2732 3169/3075/2734 3170/3076/2735
f 3171/3077/2736 3144/3078/2737 3175/3079/2738
f 3144/3078/2737 3172/3080/2739 3175/3079/2738
f 3142/3081/2713 3144/3078/2737 3177/3082/2740
f 3142/3081/2713 3177/3082/2740 3179/3083/2741
f 3180/3084/2742 3114/3028/2692 3181/3085/2743
f 3180/3084/2742 3181/3085/2743 3182/3086/2744
f 2620/2588/2278 3183/3087/2745 3184/3088/2746
f 2620/2588/2278 3184/3088/2746 2617/2585/2275
f 3184/3088/2746 3183/3087/2745 3185/3089/2747
f 3184/3088/2746 3185/3089/2747 3186/3090/2748
f 3185/3089/2747 3183/3087/2745 3188/3091/2749
f 3185/3089/2747 3188/3091/2749 3190/3092/2750
f 2606/2574/2264 3191/3093/2751 3192/3094/2752
f 2606/2574/2264 3192/3094/2752 2604/2572/2262
f 3192/3094/2752 3191/3093/2751 3193/3095/2753
f 3192/3094/2752 3193/3095/2753 3194/3096/2754
f 3193/3095/2753 3191/3093/2751 2606/2574/2264
f 3193/3095/2753 2606/2574/2264 3195/3097/2755
f 3182/3086/2744 3181/3085/2743 3197/3098/2756
f 3182/3086/2744 3197/3098/2756 3199/3099/2757
f 3197/3098/2756 3181/3085/2743 768/692/641
f 3197/3098/2756 768/692/641 767/691/640
f 768/692/641 3181/3085/2743 3114/3028/2692
f 768/692/641 3114/3028/2692 684/620/575
f 2499/3100/2172 3197/3098/2756 767/691/640
f 2499/3100/2172 767/691/640 45/693/642
f 3180/3084/2742 3182/3086/2744 3199/3099/2757
f 3180/3084/2742 3199/3099/2757 3200/3101/2758
f 3201/3102/2759 3198/3103/2757 3196/3104/2760
f 3201/3102/2759 3196/3104/2760 3202/3105/2761
f 3200/3101/2758 3199/3099/2757 3205/3106/2762
f 3200/3101/2758 3205/3106/2762 3207/3107/2763
f 3208/3108/2764 3209/3109/2765 3210/3110/2766
f 3208/3108/2764 3210/3110/2766 3211/3111/2767
f 3212/3112/2768 3209/3109/2765 3208/3108/2764
f 3212/3112/2768 3208/3108/2764 3213/3113/2769
f 3186/3090/2748 3185/3089/2747 3190/3092/2750
f 3186/3090/2748 3190/3092/2750 3215/3114/2770
f 3184/3088/2746 3186/3090/2748 3193/3095/2753
f 3184/3088/2746 3193/3095/2753 3195/3097/2755
f 3193/3095/2753 3186/3090/2748 3216/3115/2771
f 3193/3095/2753 3216/3115/2771 3194/3096/2754
f 3217/3116/2772 3218/3117/2773 3219/3118/2774
f 3217/3116/2772 3219/3118/2774 3221/3119/2775
f 794/3120/661 791/3121/2776 3218/3117/2773
f 794/3120/661 3218/3117/2773 3217/3116/2772
f 3219/3118/2774 3218/3117/2773 791/3121/2776
f 3219/3118/2774 791/3121/2776 3222/3122/2777
f 3224/3123/2778 3211/3111/2767 3225/3124/2779
f 3224/3123/2778 3225/3124/2779 3226/3125/2780
f 3208/3108/2764 3211/3111/2767 3224/3123/2778
f 3208/3108/2764 3224/3123/2778 3227/3126/2781
f 3228/3127/2782 3230/3128/2783 3232/3129/2784
f 3228/3127/2782 3232/3129/2784 3233/3130/2785
f 3234/3131/2786 3231/3132/2783 3229/3133/2782
f 3234/3131/2786 3229/3133/2782 3235/3134/2787
f 3236/3135/2788 3231/3132/2783 3234/3131/2786
f 3236/3135/2788 3234/3131/2786 3237/3136/2789
f 3239/3137/2790 3231/3132/2783 3241/3138/2791
f 3231/3132/2783 3236/3135/2788 3241/3138/2791
f 3242/3139/2792 3236/3135/2788 3226/3125/2780
f 3242/3139/2792 3226/3125/2780 3225/3124/2779
f 3243/3140/2793 3223/3141/2777 792/3142/2794
f 3243/3140/2793 792/3142/2794 820/3143/680
f 3220/3144/2774 3223/3141/2777 3243/3140/2793
f 3220/3144/2774 3243/3140/2793 3245/3145/2795
f 3241/3138/2791 3236/3135/2788 3242/3139/2792
f 3241/3138/2791 3242/3139/2792 3247/3146/2796
f 826/3147/685 3248/3148/2797 3243/3140/2793
f 826/3147/685 3243/3140/2793 820/3143/680
f 831/3149/687 3250/3150/2798 3248/3148/2797
f 831/3149/687 3248/3148/2797 826/3147/685
f 3243/3140/2793 3248/3148/2797 3250/3150/2798
f 3243/3140/2793 3250/3150/2798 3251/3151/2799
f 3252/3152/2800 3253/3153/2801 3254/3154/2802
f 3252/3152/2800 3254/3154/2802 3255/3155/2803
f 3256/3156/2804 3253/3153/2801 3252/3152/2800
f 3256/3156/2804 3252/3152/2800 3257/3157/2805
f 3198/3103/2757 3201/3102/2759 3259/3158/2806
f 3198/3103/2757 3259/3158/2806 3203/3159/2762
f 3259/3158/2806 3201/3102/2759 3261/3160/2807
f 3259/3158/2806 3261/3160/2807 3262/3161/2808
f 3215/3114/2770 3264/3162/2809 3216/3115/2771
f 3215/3114/2770 3216/3115/2771 3186/3090/2748
f 3265/3163/2810 3263/3164/2811 3214/3165/2770
f 3265/3163/2810 3214/3165/2770 3267/3166/2812
f 3216/3115/2771 3264/3162/2809 3268/3167/2813
f 3216/3115/2771 3268/3167/2813 3269/3168/2814
f 3261/3160/2807 3201/3102/2759 3202/3105/2761
f 3261/3160/2807 3202/3105/2761 3270/3169/2815
f 3268/3167/2813 3264/3162/2809 3266/3170/2816
f 3268/3167/2813 3266/3170/2816 3271/3171/2817
f 3252/3152/2800 3255/3155/2803 3272/3172/2818
f 3252/3152/2800 3272/3172/2818 3273/3173/2819
f 3275/3174/2820 3255/3155/2803 3254/3154/2802
f 3275/3174/2820 3254/3154/2802 3276/3175/2821
f 3272/3172/2818 3255/3155/2803 3275/3174/2820
f 3272/3172/2818 3275/3174/2820 3277/3176/2822
f 3279/3177/2823 3267/3166/2812 3280/3178/2824
f 3279/3177/2823 3280/3178/2824 3281/3179/2825
f 3280/3178/2824 3267/3166/2812 3214/3165/2770
f 3280/3178/2824 3214/3165/2770 3189/3180/2750
f 3282/3181/2826 3267/3166/2812 3279/3177/2823
f 3282/3181/2826 3279/3177/2823 3283/3182/2827
f 3265/3163/2810 3267/3166/2812 3282/3181/2826
f 3265/3163/2810 3282/3181/2826 3284/3183/2828
f 3269/3168/2814 3262/3161/2808 3261/3160/2807
f 3269/3168/2814 3261/3160/2807 3286/3184/2829
f 3287/3185/2830 3262/3161/2808 3269/3168/2814
f 3287/3185/2830 3269/3168/2814 3268/3167/2813
f 3288/3186/2831 3283/3182/2827 3290/3187/2832
f 3288/3186/2831 3290/3187/2832 3291/3188/2833
f 3290/3187/2832 3283/3182/2827 3279/3177/2823
f 3290/3187/2832 3279/3177/2823 3292/3189/2834
f 3282/3181/2826 3283/3182/2827 3293/3190/2835
f 3282/3181/2826 3293/3190/2835 3295/3191/2836
f 3293/3190/2835 3283/3182/2827 3288/3186/2831
f 3293/3190/2835 3288/3186/2831 3297/3192/2837
f 3259/3158/2806 3262/3161/2808 3287/3185/2830
f 3259/3158/2806 3287/3185/2830 3299/3193/2838
f 3301/3194/2839 3271/3171/2817 3266/3170/2816
f 3301/3194/2839 3266/3170/2816 3285/3195/2840
f 3268/3167/2813 3271/3171/2817 3301/3194/2839
f 3268/3167/2813 3301/3194/2839 3287/3185/2830
f 3301/3194/2839 3278/3196/2822 3299/3193/2838
f 3301/3194/2839 3299/3193/2838 3287/3185/2830
f 3304/3197/2841 3278/3196/2822 3301/3194/2839
f 3304/3197/2841 3301/3194/2839 3285/3195/2840
f 3306/3198/2842 3307/3199/2843 3309/3200/2844
f 3306/3198/2842 3309/3200/2844 3311/3201/2845
f 3312/3202/2846 3307/3199/2843 3313/3203/2847
f 3312/3202/2846 3313/3203/2847 3314/3204/2848
f 3313/3203/2847 3307/3199/2843 3315/3205/2849
f 3313/3203/2847 3315/3205/2849 3316/3206/2850
f 3315/3205/2849 3307/3199/2843 3306/3198/2842
f 3315/3205/2849 3306/3198/2842 3317/3207/2851
f 3318/3208/2852 3319/3209/2853 3320/3210/2854
f 3318/3208/2852 3320/3210/2854 3321/3211/2855
f 3322/3212/2856 3319/3209/2853 3318/3208/2852
f 3322/3212/2856 3318/3208/2852 3323/3213/2857
f 3324/3214/2858 3319/3209/2853 3322/3212/2856
f 3324/3214/2858 3322/3212/2856 3325/3215/2859
f 3326/3216/2860 3327/3217/2861 3328/3218/2862
f 3326/3216/2860 3328/3218/2862 3329/3219/2863
f 3328/3218/2862 3327/3217/2861 3330/3220/2864
f 3328/3218/2862 3330/3220/2864 3331/3221/2865
f 3332/3222/2866 3327/3217/2861 3326/3216/2860
f 3332/3222/2866 3326/3216/2860 3325/3215/2859
f 3333/3223/2867 3332/3222/2866 3325/3215/2859
f 3333/3223/2867 3325/3215/2859 3322/3212/2856
f 3335/3224/2868 3332/3222/2866 3337/3225/2869
f 3332/3222/2866 3333/3223/2867 3337/3225/2869
f 3338/3226/2870 3332/3222/2866 3335/3224/2868
f 3338/3226/2870 3335/3224/2868 3341/3227/2871
f 3330/3220/2864 3338/3226/2870 3343/3228/2872
f 3330/3220/2864 3343/3228/2872 3344/3229/2873
f 3342/3230/2874 3339/3231/2875 3345/3232/2876
f 3342/3230/2874 3345/3232/2876 3346/3233/2877
f 3345/3232/2876 3339/3231/2875 3340/3234/2871
f 3345/3232/2876 3340/3234/2871 3347/3235/2878
f 3348/3236/2879 3337/3225/2869 3333/3223/2867
f 3348/3236/2879 3333/3223/2867 3349/3237/2880
f 3335/3224/2868 3337/3225/2869 3350/3238/2881
f 3337/3225/2869 3348/3236/2879 3350/3238/2881
f 3352/3239/2882 3335/3224/2868 3350/3238/2881
f 3352/3239/2882 3350/3238/2881 3354/3240/2883
f 3356/3241/2884 3335/3224/2868 3352/3239/2882
f 3356/3241/2884 3352/3239/2882 3359/3242/2885
f 3360/3243/2886 3334/3244/2868 3355/3245/2884
f 3360/3243/2886 3355/3245/2884 3361/3246/2887
f 3362/3247/2888 3365/3248/2889 3367/3249/2890
f 3362/3247/2888 3367/3249/2890 3370/3250/2891
f 3373/3251/2892 3366/3252/2893 3375/3253/2894
f 3366/3252/2893 3364/3254/2895 3375/3253/2894
f 3367/3249/2890 3365/3248/2889 3372/3255/2896
f 3367/3249/2890 3372/3255/2896 3376/3256/2897
f 3378/3257/2898 3374/3258/2894 3363/3259/2899
f 3378/3257/2898 3363/3259/2899 3381/3260/2900
f 3372/3255/2896 3374/3258/2894 3378/3257/2898
f 3372/3255/2896 3378/3257/2898 3376/3256/2897
f 3382/3261/2901 3384/3262/2902 3386/3263/2903
f 3382/3261/2901 3386/3263/2903 3388/3264/2904
f 3385/3265/2903 3383/3266/2902 3370/3250/2891
f 3385/3265/2903 3370/3250/2891 3389/3267/2905
f 3370/3250/2891 3383/3266/2902 3380/3268/2906
f 3370/3250/2891 3380/3268/2906 3362/3247/2888
f 3392/3269/2907 3393/3270/2908 3394/3271/2909
f 3392/3269/2907 3394/3271/2909 3396/3272/2910
f 3394/3271/2909 3397/3273/2911 3398/3274/2912
f 3394/3271/2909 3398/3274/2912 3396/3272/2910
f 3398/3274/2912 3397/3273/2911 3400/3275/2913
f 3398/3274/2912 3400/3275/2913 3402/3276/2914
f 3402/3276/2914 3404/3277/2915 3405/3278/2916
f 3402/3276/2914 3405/3278/2916 3398/3274/2912
f 3406/3279/2917 3403/3280/2918 3408/3281/2919
f 3406/3279/2917 3408/3281/2919 3410/3282/2920
f 3412/3283/2921 3403/3280/2918 3413/3284/2922
f 3403/3280/2918 3401/3285/2914 3413/3284/2922
f 3414/3286/2923 3395/3287/2924 3416/3288/2925
f 3414/3286/2923 3416/3288/2925 3418/3289/2926
f 3392/3269/2907 3396/3272/2910 3415/3290/2927
f 3392/3269/2907 3415/3290/2927 3422/3291/2928
f 3417/3292/2929 3396/3272/2910 3398/3274/2912
f 3417/3292/2929 3398/3274/2912 3405/3278/2916
f 3423/3293/2930 3403/3280/2918 3406/3279/2917
f 3423/3293/2930 3406/3279/2917 3425/3294/2931
f 3405/3278/2916 3404/3277/2915 3428/3295/2932
f 3405/3278/2916 3428/3295/2932 3429/3296/2933
f 3414/3286/2923 3418/3289/2926 3430/3297/2934
f 3414/3286/2923 3430/3297/2934 3432/3298/2935
f 3433/3299/2936 3434/3300/2937 3435/3301/2938
f 3433/3299/2936 3435/3301/2938 3438/3302/2939
f 3439/3303/2940 3434/3300/2937 3433/3299/2936
f 3439/3303/2940 3433/3299/2936 3442/3304/2941
f 3444/3305/2942 3434/3300/2937 3439/3303/2940
f 3444/3305/2942 3439/3303/2940 3446/3306/2943
f 3449/3307/2944 3444/3305/2942 3419/3308/2945
f 3449/3307/2944 3419/3308/2945 3451/3309/2946
f 3453/3310/2947 3443/3311/2942 3448/3312/2944
f 3453/3310/2947 3448/3312/2944 3456/3313/2948
f 3457/3314/2949 3444/3305/2942 3446/3306/2943
f 3457/3314/2949 3446/3306/2943 3459/3315/2950
f 3419/3308/2945 3444/3305/2942 3457/3314/2949
f 3419/3308/2945 3457/3314/2949 3431/3316/2934
f 3460/3317/2951 3462/3318/2952 3465/3319/2953
f 3460/3317/2951 3465/3319/2953 3467/3320/2954
f 3469/3321/2955 3464/3322/2956 3470/3323/2957
f 3469/3321/2955 3470/3323/2957 3471/3324/2958
f 3466/3325/2959 3463/3326/2952 3472/3327/2960
f 3466/3325/2959 3472/3327/2960 3473/3328/2961
f 3472/3327/2960 3463/3326/2952 3475/3329/2962
f 3472/3327/2960 3475/3329/2962 3476/3330/2963
f 3477/3331/2964 3461/3332/2952 3468/3333/2955
f 3477/3331/2964 3468/3333/2955 3478/3334/2965
f 3479/3335/2966 3480/3336/2967 3485/3337/2968
f 3479/3335/2966 3485/3337/2968 3487/3338/2969
f 3486/3339/2968 3481/3340/2967 3488/3341/2970
f 3486/3339/2968 3488/3341/2970 3490/3342/2971
f 3492/3343/2972 3483/3344/2973 3494/3345/2974
f 3492/3343/2972 3494/3345/2974 3496/3346/2975
f 3493/3347/2974 3480/3336/2967 3479/3335/2966
f 3493/3347/2974 3479/3335/2966 3497/3348/2976
f 3488/3341/2970 3481/3340/2967 3498/3349/2977
f 3488/3341/2970 3498/3349/2977 3500/3350/2978
f 3501/3351/2979 3482/3352/2967 3491/3353/2980
f 3501/3351/2979 3491/3353/2980 3502/3354/2981
f 3498/3349/2977 3481/3340/2967 3503/3355/2982
f 3498/3349/2977 3503/3355/2982 3505/3356/2983
f 3504/3357/2982 3482/3352/2967 3501/3351/2979
f 3504/3357/2982 3501/3351/2979 3507/3358/2984
f 3508/3359/2985 3509/3360/2986 3512/3361/2987
f 3508/3359/2985 3512/3361/2987 3496/3346/2975
f 3513/3362/2988 3509/3360/2986 3508/3359/2985
f 3513/3362/2988 3508/3359/2985 3515/3363/2989
f 3516/3364/2990 3510/3365/2986 3514/3366/2988
f 3516/3364/2990 3514/3366/2988 3517/3367/2991
f 3511/3368/2992 3510/3365/2986 3518/3369/2993
f 3511/3368/2992 3518/3369/2993 3502/3354/2981
f 3519/3370/2994 3520/3371/2995 3521/3372/2996
f 3519/3370/2994 3521/3372/2996 3522/3373/2997
f 3510/3365/2986 3520/3371/2995 3519/3370/2994
f 3510/3365/2986 3519/3370/2994 3518/3369/2993
f 3523/3374/2998 3524/3375/2999 3515/3363/2989
f 3524/3375/2999 3513/3362/2988 3515/3363/2989
f 3525/3376/3000 3524/3375/2999 3523/3374/2998
f 3525/3376/3000 3523/3374/2998 3527/3377/3001
f 3521/3372/2996 3520/3371/2995 3516/3364/2990
f 3521/3372/2996 3516/3364/2990 3517/3367/2991
f 3526/3378/3000 3528/3379/3002 3522/3373/2997
f 3526/3378/3000 3522/3373/2997 3521/3372/2996
f 3522/3373/2997 3528/3379/3002 3530/3380/3003
f 3522/3373/2997 3530/3380/3003 3532/3381/3004
f 3529/3382/3003 3527/3377/3001 3523/3374/2998
f 3529/3382/3003 3523/3374/2998 3533/3383/3005
f 3529/3382/3003 3533/3383/3005 3534/3384/3006
f 3529/3382/3003 3534/3384/3006 3535/3385/3007
f 3534/3384/3006 3533/3383/3005 3537/3386/3008
f 3534/3384/3006 3537/3386/3008 3539/3387/3009
f 3537/3386/3008 3533/3383/3005 3523/3374/2998
f 3537/3386/3008 3523/3374/2998 3515/3363/2989
f 3538/3388/3009 3536/3389/3008 3540/3390/3010
f 3538/3388/3009 3540/3390/3010 3542/3391/3011
f 3541/3392/3010 3537/3386/3008 3515/3363/2989
f 3541/3392/3010 3515/3363/2989 3508/3359/2985
f 3542/3391/3011 3540/3390/3010 3493/3347/2974
f 3542/3391/3011 3493/3347/2974 3497/3348/2976
f 3494/3345/2974 3541/3392/3010 3508/3359/2985
f 3494/3345/2974 3508/3359/2985 3496/3346/2975
f 3538/3388/3009 3542/3391/3011 3543/3393/3012
f 3538/3388/3009 3543/3393/3012 3544/3394/3013
f 3543/3393/3012 3542/3391/3011 3497/3348/2976
f 3543/3393/3012 3497/3348/2976 3546/3395/3014
f 3543/3393/3012 3546/3395/3014 3547/3396/3015
f 3543/3393/3012 3547/3396/3015 3549/3397/3016
f 3547/3396/3015 3546/3395/3014 3551/3398/3017
f 3547/3396/3015 3551/3398/3017 3552/3399/3018
f 3551/3398/3017 3546/3395/3014 3497/3348/2976
f 3551/3398/3017 3497/3348/2976 3479/3335/2966
f 3552/3399/3018 3551/3398/3017 3554/3400/3019
f 3552/3399/3018 3554/3400/3019 3555/3401/3020
f 3554/3400/3019 3551/3398/3017 3479/3335/2966
f 3554/3400/3019 3479/3335/2966 3487/3338/2969
f 3555/3401/3020 3554/3400/3019 3557/3402/3021
f 3555/3401/3020 3557/3402/3021 3559/3403/3022
f 3557/3402/3021 3554/3400/3019 3487/3338/2969
f 3557/3402/3021 3487/3338/2969 3561/3404/3023
f 3563/3405/3024 3561/3404/3023 3487/3338/2969
f 3563/3405/3024 3487/3338/2969 3485/3337/2968
f 3557/3402/3021 3561/3404/3023 3564/3406/3025
f 3557/3402/3021 3564/3406/3025 3565/3407/3026
f 3564/3406/3025 3561/3404/3023 3563/3405/3024
f 3564/3406/3025 3563/3405/3024 3567/3408/3027
f 3569/3409/3028 3567/3408/3027 3563/3405/3024
f 3569/3409/3028 3563/3405/3024 3571/3410/3029
f 3564/3406/3025 3567/3408/3027 3498/3349/2977
f 3564/3406/3025 3498/3349/2977 3505/3356/2983
f 3498/3349/2977 3567/3408/3027 3569/3409/3028
f 3498/3349/2977 3569/3409/3028 3500/3350/2978
f 3572/3411/3030 3570/3412/3031 3489/3413/2971
f 3572/3411/3030 3489/3413/2971 3574/3414/3032
f 3489/3413/2971 3570/3412/3031 3562/3415/3024
f 3489/3413/2971 3562/3415/3024 3484/3416/2968
f 3568/3417/3028 3570/3412/3031 3572/3411/3030
f 3568/3417/3028 3572/3411/3030 3576/3418/3033
f 3577/3419/3034 3576/3418/3033 3572/3411/3030
f 3577/3419/3034 3572/3411/3030 3578/3420/3035
f 3568/3417/3028 3576/3418/3033 3580/3421/3036
f 3568/3417/3028 3580/3421/3036 3499/3422/3037
f 3580/3421/3036 3577/3419/3034 3578/3420/3035
f 3580/3421/3036 3578/3420/3035 3582/3423/3038
f 3581/3424/3036 3583/3425/3039 3488/3341/2970
f 3581/3424/3036 3488/3341/2970 3500/3350/2978
f 3488/3341/2970 3583/3425/3039 3575/3426/3040
f 3488/3341/2970 3575/3426/3040 3490/3342/2971
f 3565/3407/3026 3564/3406/3025 3505/3356/2983
f 3565/3407/3026 3505/3356/2983 3584/3427/3041
f 3565/3407/3026 3584/3427/3041 3585/3428/3042
f 3565/3407/3026 3585/3428/3042 3587/3429/3043
f 3585/3428/3042 3584/3427/3041 3589/3430/3044
f 3585/3428/3042 3589/3430/3044 3591/3431/3045
f 3589/3430/3044 3584/3427/3041 3505/3356/2983
f 3589/3430/3044 3505/3356/2983 3503/3355/2982
f 3592/3432/3045 3590/3433/3044 3595/3434/3046
f 3592/3432/3045 3595/3434/3046 3596/3435/3047
f 3594/3436/3046 3589/3430/3044 3503/3355/2982
f 3594/3436/3046 3503/3355/2982 3506/3437/3048
f 3596/3435/3047 3595/3434/3046 3598/3438/3049
f 3596/3435/3047 3598/3438/3049 3600/3439/3050
f 3598/3438/3049 3595/3434/3046 3507/3358/2984
f 3598/3438/3049 3507/3358/2984 3602/3440/3051
f 3603/3441/3052 3602/3440/3051 3507/3358/2984
f 3603/3441/3052 3507/3358/2984 3501/3351/2979
f 3598/3438/3049 3602/3440/3051 3604/3442/3053
f 3598/3438/3049 3604/3442/3053 3605/3443/3054
f 3604/3442/3053 3602/3440/3051 3603/3441/3052
f 3604/3442/3053 3603/3441/3052 3607/3444/3055
f 3519/3370/2994 3607/3444/3055 3603/3441/3052
f 3519/3370/2994 3603/3441/3052 3518/3369/2993
f 3604/3442/3053 3607/3444/3055 3532/3381/3004
f 3604/3442/3053 3532/3381/3004 3609/3445/3056
f 3532/3381/3004 3607/3444/3055 3519/3370/2994
f 3532/3381/3004 3519/3370/2994 3522/3373/2997
f 3604/3442/3053 3609/3445/3056 3612/3446/3057
f 3604/3442/3053 3612/3446/3057 3605/3443/3054
f 3610/3447/3058 3608/3448/3056 3535/3385/3007
f 3610/3447/3058 3535/3385/3007 3613/3449/3059
f 3535/3385/3007 3608/3448/3056 3531/3450/3004
f 3535/3385/3007 3531/3450/3004 3529/3382/3003
f 3610/3447/3058 3613/3449/3059 3614/3451/3060
f 3610/3447/3058 3614/3451/3060 3616/3452/3061
f 3614/3451/3060 3613/3449/3059 3618/3453/3062
f 3614/3451/3060 3618/3453/3062 3619/3454/3063
f 3618/3453/3062 3613/3449/3059 3535/3385/3007
f 3618/3453/3062 3535/3385/3007 3534/3384/3006
f 3619/3454/3063 3618/3453/3062 3545/3455/3013
f 3619/3454/3063 3545/3455/3013 3622/3456/3064
f 3545/3455/3013 3618/3453/3062 3534/3384/3006
f 3545/3455/3013 3534/3384/3006 3539/3387/3009
f 3619/3454/3063 3622/3456/3064 3624/3457/3065
f 3619/3454/3063 3624/3457/3065 3627/3458/3066
f 3626/3459/3065 3623/3460/3064 3550/3461/3016
f 3626/3459/3065 3550/3461/3016 3629/3462/3067
f 3549/3397/3016 3621/3463/3064 3544/3394/3013
f 3549/3397/3016 3544/3394/3013 3543/3393/3012
f 3626/3459/3065 3629/3462/3067 3630/3464/3068
f 3626/3459/3065 3630/3464/3068 3632/3465/3069
f 3630/3464/3068 3629/3462/3067 3633/3466/3070
f 3630/3464/3068 3633/3466/3070 3634/3467/3071
f 3633/3466/3070 3629/3462/3067 3550/3461/3016
f 3633/3466/3070 3550/3461/3016 3548/3468/3015
f 3634/3467/3071 3633/3466/3070 3635/3469/3072
f 3634/3467/3071 3635/3469/3072 3636/3470/3073
f 3635/3469/3072 3633/3466/3070 3548/3468/3015
f 3635/3469/3072 3548/3468/3015 3553/3471/3018
f 3636/3470/3073 3635/3469/3072 3637/3472/3074
f 3636/3470/3073 3637/3472/3074 3638/3473/3075
f 3637/3472/3074 3635/3469/3072 3553/3471/3018
f 3637/3472/3074 3553/3471/3018 3556/3474/3020
f 3638/3473/3075 3637/3472/3074 3639/3475/3076
f 3638/3473/3075 3639/3475/3076 3640/3476/3077
f 3639/3475/3076 3637/3472/3074 3556/3474/3020
f 3639/3475/3076 3556/3474/3020 3560/3477/3078
f 3640/3476/3077 3639/3475/3076 3641/3478/3079
f 3640/3476/3077 3641/3478/3079 3642/3479/3080
f 3641/3478/3079 3639/3475/3076 3560/3477/3078
f 3641/3478/3079 3560/3477/3078 3588/3480/3081
f 3642/3479/3080 3641/3478/3079 3643/3481/3082
f 3642/3479/3080 3643/3481/3082 3644/3482/3083
f 3643/3481/3082 3641/3478/3079 3588/3480/3081
f 3643/3481/3082 3588/3480/3081 3586/3483/3042
f 3644/3482/3083 3643/3481/3082 3645/3484/3084
f 3644/3482/3083 3645/3484/3084 3646/3485/3085
f 3645/3484/3084 3643/3481/3082 3586/3483/3042
f 3645/3484/3084 3586/3483/3042 3593/3486/3045
f 3646/3485/3085 3645/3484/3084 3647/3487/3086
f 3646/3485/3085 3647/3487/3086 3648/3488/3087
f 3647/3487/3086 3645/3484/3084 3593/3486/3045
f 3647/3487/3086 3593/3486/3045 3597/3489/3047
f 3648/3488/3087 3647/3487/3086 3649/3490/3088
f 3648/3488/3087 3649/3490/3088 3650/3491/3089
f 3649/3490/3088 3647/3487/3086 3597/3489/3047
f 3649/3490/3088 3597/3489/3047 3601/3492/3050
f 3650/3491/3089 3649/3490/3088 3651/3493/3090
f 3650/3491/3089 3651/3493/3090 3652/3494/3091
f 3651/3493/3090 3649/3490/3088 3601/3492/3050
f 3651/3493/3090 3601/3492/3050 3653/3495/3092
f 3606/3496/3054 3653/3495/3092 3601/3492/3050
f 3606/3496/3054 3601/3492/3050 3599/3497/3049
f 3651/3493/3090 3653/3495/3092 3617/3498/3093
f 3651/3493/3090 3617/3498/3093 3654/3499/3094
f 3617/3498/3093 3653/3495/3092 3606/3496/3054
f 3617/3498/3093 3606/3496/3054 3611/3500/3095
f 3651/3493/3090 3654/3499/3094 3655/3501/3096
f 3651/3493/3090 3655/3501/3096 3652/3494/3091
f 3655/3501/3096 3654/3499/3094 3656/3502/3097
f 3655/3501/3096 3656/3502/3097 3657/3503/3098
f 3656/3502/3097 3654/3499/3094 3617/3498/3093
f 3656/3502/3097 3617/3498/3093 3615/3504/3060
f 3657/3503/3098 3656/3502/3097 3628/3505/3066
f 3657/3503/3098 3628/3505/3066 3658/3506/3099
f 3628/3505/3066 3656/3502/3097 3615/3504/3060
f 3628/3505/3066 3615/3504/3060 3620/3507/3063
f 3657/3503/3098 3658/3506/3099 3659/3508/3100
f 3657/3503/3098 3659/3508/3100 3660/3509/3101
f 3659/3508/3100 3658/3506/3099 3631/3510/3102
f 3659/3508/3100 3631/3510/3102 3474/3511/2962
f 3631/3510/3102 3658/3506/3099 3628/3505/3066
f 3631/3510/3102 3628/3505/3066 3625/3512/3065
f 3660/3509/3101 3659/3508/3100 3477/3331/2964
f 3660/3509/3101 3477/3331/2964 3661/3513/3103
f 3477/3331/2964 3659/3508/3100 3474/3511/2962
f 3477/3331/2964 3474/3511/2962 3461/3332/2952
f 3660/3509/3101 3661/3513/3103 3662/3514/3104
f 3660/3509/3101 3662/3514/3104 3663/3515/3105
f 3662/3514/3104 3661/3513/3103 3664/3516/3106
f 3662/3514/3104 3664/3516/3106 3665/3517/3107
f 3664/3516/3106 3661/3513/3103 3477/3331/2964
f 3664/3516/3106 3477/3331/2964 3478/3334/2965
f 3665/3517/3107 3664/3516/3106 3666/3518/3108
f 3665/3517/3107 3666/3518/3108 3667/3519/3109
f 3666/3518/3108 3664/3516/3106 3478/3334/2965
f 3666/3518/3108 3478/3334/2965 3668/3520/3110
f 3666/3518/3108 3668/3520/3110 3669/3521/3111
f 3666/3518/3108 3669/3521/3111 3671/3522/3112
f 3669/3521/3111 3668/3520/3110 3672/3523/3113
f 3669/3521/3111 3672/3523/3113 3674/3524/3114
f 3672/3523/3113 3668/3520/3110 3478/3334/2965
f 3672/3523/3113 3478/3334/2965 3468/3333/2955
f 3675/3525/3115 3673/3526/3113 3676/3527/3116
f 3675/3525/3115 3676/3527/3116 3677/3528/3117
f 3676/3527/3116 3673/3526/3113 3469/3321/2955
f 3676/3527/3116 3469/3321/2955 3471/3324/2958
f 3677/3528/3117 3676/3527/3116 3678/3529/3118
f 3677/3528/3117 3678/3529/3118 3679/3530/3119
f 3678/3529/3118 3676/3527/3116 3471/3324/2958
f 3678/3529/3118 3471/3324/2958 3680/3531/3120
f 3681/3532/3121 3680/3531/3120 3471/3324/2958
f 3681/3532/3121 3471/3324/2958 3470/3323/2957
f 3678/3529/3118 3680/3531/3120 3682/3533/3122
f 3678/3529/3118 3682/3533/3122 3683/3534/3123
f 3682/3533/3122 3680/3531/3120 3681/3532/3121
f 3682/3533/3122 3681/3532/3121 3684/3535/3124
f 3686/3536/3125 3684/3535/3124 3681/3532/3121
f 3686/3536/3125 3681/3532/3121 3688/3537/3126
f 3682/3533/3122 3684/3535/3124 3689/3538/3127
f 3682/3533/3122 3689/3538/3127 3690/3539/3128
f 3689/3538/3127 3684/3535/3124 3686/3536/3125
f 3689/3538/3127 3686/3536/3125 3691/3540/3129
f 3693/3541/3130 3691/3540/3129 3686/3536/3125
f 3693/3541/3130 3686/3536/3125 3695/3542/3131
f 3689/3538/3127 3691/3540/3129 3696/3543/3132
f 3689/3538/3127 3696/3543/3132 3697/3544/3133
f 3696/3543/3132 3691/3540/3129 3693/3541/3130
f 3696/3543/3132 3693/3541/3130 3698/3545/3134
f 3452/3546/3135 3698/3545/3134 3693/3541/3130
f 3452/3546/3135 3693/3541/3130 3450/3547/2944
f 3696/3543/3132 3698/3545/3134 3699/3548/3136
f 3696/3543/3132 3699/3548/3136 3700/3549/3137
f 3699/3548/3136 3698/3545/3134 3452/3546/3135
f 3699/3548/3136 3452/3546/3135 3701/3550/3138
f 3417/3292/2929 3701/3550/3138 3452/3546/3135
f 3417/3292/2929 3452/3546/3135 3420/3551/3139
f 3699/3548/3136 3701/3550/3138 3429/3296/2933
f 3699/3548/3136 3429/3296/2933 3702/3552/3140
f 3429/3296/2933 3701/3550/3138 3417/3292/2929
f 3429/3296/2933 3417/3292/2929 3405/3278/2916
f 3699/3548/3136 3702/3552/3140 3703/3553/3141
f 3699/3548/3136 3703/3553/3141 3700/3549/3137
f 3703/3553/3141 3702/3552/3140 3704/3554/3142
f 3703/3553/3141 3704/3554/3142 3705/3555/3143
f 3704/3554/3142 3702/3552/3140 3429/3296/2933
f 3704/3554/3142 3429/3296/2933 3428/3295/2932
f 3705/3555/3143 3704/3554/3142 3706/3556/3144
f 3705/3555/3143 3706/3556/3144 3707/3557/3145
f 3706/3556/3144 3704/3554/3142 3428/3295/2932
f 3706/3556/3144 3428/3295/2932 3708/3558/3146
f 3424/3559/2930 3708/3558/3146 3428/3295/2932
f 3424/3559/2930 3428/3295/2932 3404/3277/2915
f 3706/3556/3144 3708/3558/3146 3710/3560/3147
f 3706/3556/3144 3710/3560/3147 3712/3561/3148
f 3710/3560/3147 3708/3558/3146 3424/3559/2930
f 3710/3560/3147 3424/3559/2930 3714/3562/3149
f 3715/3563/3150 3714/3562/3149 3424/3559/2930
f 3715/3563/3150 3424/3559/2930 3426/3564/2931
f 3709/3565/3147 3713/3566/3151 3408/3281/2919
f 3709/3565/3147 3408/3281/2919 3716/3567/3152
f 3409/3568/3153 3714/3562/3149 3715/3563/3150
f 3409/3568/3153 3715/3563/3150 3411/3569/2920
f 3709/3565/3147 3716/3567/3152 3717/3570/3154
f 3709/3565/3147 3717/3570/3154 3711/3571/3148
f 3717/3570/3154 3716/3567/3152 3718/3572/3155
f 3717/3570/3154 3718/3572/3155 3719/3573/3156
f 3718/3572/3155 3716/3567/3152 3408/3281/2919
f 3718/3572/3155 3408/3281/2919 3403/3280/2918
f 3719/3573/3156 3718/3572/3155 3720/3574/3157
f 3719/3573/3156 3720/3574/3157 3721/3575/3158
f 3720/3574/3157 3718/3572/3155 3403/3280/2918
f 3720/3574/3157 3403/3280/2918 3412/3283/2921
f 3721/3575/3158 3720/3574/3157 3722/3576/3159
f 3721/3575/3158 3722/3576/3159 3723/3577/3160
f 3722/3576/3159 3720/3574/3157 3412/3283/2921
f 3722/3576/3159 3412/3283/2921 3724/3578/3161
f 3421/3579/2928 3724/3578/3161 3412/3283/2921
f 3421/3579/2928 3412/3283/2921 3413/3284/2922
f 3722/3576/3159 3724/3578/3161 3432/3298/2935
f 3722/3576/3159 3432/3298/2935 3725/3580/3162
f 3432/3298/2935 3724/3578/3161 3421/3579/2928
f 3432/3298/2935 3421/3579/2928 3414/3286/2923
f 3722/3576/3159 3725/3580/3162 3726/3581/3163
f 3722/3576/3159 3726/3581/3163 3723/3577/3160
f 3726/3581/3163 3725/3580/3162 3727/3582/3164
f 3726/3581/3163 3727/3582/3164 3729/3583/3165
f 3727/3582/3164 3725/3580/3162 3432/3298/2935
f 3727/3582/3164 3432/3298/2935 3430/3297/2934
f 3730/3584/3165 3728/3585/3164 3732/3586/3166
f 3730/3584/3165 3732/3586/3166 3735/3587/3167
f 3732/3586/3166 3728/3585/3164 3431/3316/2934
f 3732/3586/3166 3431/3316/2934 3457/3314/2949
f 3733/3588/3167 3731/3589/3166 3736/3590/3168
f 3733/3588/3167 3736/3590/3168 3738/3591/3169
f 3737/3592/3168 3732/3586/3166 3457/3314/2949
f 3737/3592/3168 3457/3314/2949 3459/3315/2950
f 3738/3591/3169 3736/3590/3168 3740/3593/3170
f 3738/3591/3169 3740/3593/3170 3742/3594/3171
f 3740/3593/3170 3736/3590/3168 3458/3595/2950
f 3740/3593/3170 3458/3595/2950 3745/3596/3172
f 3746/3597/3173 3745/3596/3172 3458/3595/2950
f 3746/3597/3173 3458/3595/2950 3445/3598/2943
f 3740/3593/3170 3745/3596/3172 3748/3599/3174
f 3740/3593/3170 3748/3599/3174 3749/3600/3175
f 3748/3599/3174 3745/3596/3172 3746/3597/3173
f 3748/3599/3174 3746/3597/3173 3751/3601/3176
f 3753/3602/3177 3752/3603/3176 3747/3604/3173
f 3753/3602/3177 3747/3604/3173 3754/3605/3178
f 3748/3599/3174 3751/3601/3176 3755/3606/3179
f 3748/3599/3174 3755/3606/3179 3757/3607/3180
f 3756/3608/3179 3752/3603/3176 3753/3602/3177
f 3756/3608/3179 3753/3602/3177 3758/3609/3181
f 3759/3610/3182 3758/3609/3181 3753/3602/3177
f 3759/3610/3182 3753/3602/3177 3760/3611/3183
f 3756/3608/3179 3758/3609/3181 3436/3612/2938
f 3756/3608/3179 3436/3612/2938 3455/3613/2947
f 3436/3612/2938 3758/3609/3181 3759/3610/3182
f 3436/3612/2938 3759/3610/3182 3437/3614/2939
f 3761/3615/3184 3760/3611/3183 3762/3616/3185
f 3761/3615/3184 3762/3616/3185 3763/3617/3186
f 3762/3616/3185 3760/3611/3183 3753/3602/3177
f 3762/3616/3185 3753/3602/3177 3754/3605/3178
f 3759/3610/3182 3760/3611/3183 3761/3615/3184
f 3759/3610/3182 3761/3615/3184 3388/3264/2904
f 3763/3617/3186 3762/3616/3185 3441/3618/3187
f 3763/3617/3186 3441/3618/3187 3764/3619/3188
f 3441/3618/3187 3762/3616/3185 3754/3605/3178
f 3441/3618/3187 3754/3605/3178 3440/3620/2940
f 3369/3621/3189 3765/3622/3190 3390/3623/2905
f 3369/3621/3189 3390/3623/2905 3371/3624/2891
f 3390/3623/2905 3765/3622/3190 3442/3304/2941
f 3390/3623/2905 3442/3304/2941 3433/3299/2936
f 3763/3617/3186 3764/3619/3188 3368/3625/3191
f 3763/3617/3186 3368/3625/3191 3377/3626/2897
f 3761/3615/3184 3763/3617/3186 3377/3626/2897
f 3761/3615/3184 3377/3626/2897 3379/3627/2898
f 3388/3264/2904 3761/3615/3184 3379/3627/2898
f 3388/3264/2904 3379/3627/2898 3382/3261/2901
f 3437/3614/2939 3759/3610/3182 3388/3264/2904
f 3437/3614/2939 3388/3264/2904 3386/3263/2903
f 3757/3607/3180 3755/3606/3179 3453/3310/2947
f 3757/3607/3180 3453/3310/2947 3456/3313/2948
f 3748/3599/3174 3757/3607/3180 3766/3628/3192
f 3748/3599/3174 3766/3628/3192 3749/3600/3175
f 3766/3628/3192 3757/3607/3180 3456/3313/2948
f 3766/3628/3192 3456/3313/2948 3694/3629/3131
f 3750/3630/3193 3767/3631/3192 3688/3537/3126
f 3750/3630/3193 3688/3537/3126 3768/3632/3194
f 3687/3633/3126 3766/3628/3192 3694/3629/3131
f 3687/3633/3126 3694/3629/3131 3685/3634/3125
f 3750/3630/3193 3768/3632/3194 3744/3635/3171
f 3750/3630/3193 3744/3635/3171 3741/3636/3195
f 3744/3635/3171 3768/3632/3194 3470/3323/2957
f 3744/3635/3171 3470/3323/2957 3464/3322/2956
f 3470/3323/2957 3768/3632/3194 3688/3537/3126
f 3470/3323/2957 3688/3537/3126 3681/3532/3121
f 3440/3620/2940 3754/3605/3178 3747/3604/3173
f 3440/3620/2940 3747/3604/3173 3447/3637/2943
f 3739/3638/3169 3743/3639/3196 3462/3318/2952
f 3739/3638/3169 3462/3318/2952 3460/3317/2951
f 3734/3640/3167 3739/3638/3169 3460/3317/2951
f 3734/3640/3167 3460/3317/2951 3769/3641/3197
f 3734/3640/3167 3769/3641/3197 3770/3642/3198
f 3734/3640/3167 3770/3642/3198 3729/3583/3165
f 3770/3642/3198 3769/3641/3197 3771/3643/3199
f 3770/3642/3198 3771/3643/3199 3772/3644/3200
f 3771/3643/3199 3769/3641/3197 3460/3317/2951
f 3771/3643/3199 3460/3317/2951 3467/3320/2954
f 3772/3644/3200 3771/3643/3199 3773/3645/3201
f 3772/3644/3200 3773/3645/3201 3774/3646/3202
f 3773/3645/3201 3771/3643/3199 3467/3320/2954
f 3773/3645/3201 3467/3320/2954 3775/3647/3203
f 3773/3645/3201 3775/3647/3203 3776/3648/3204
f 3773/3645/3201 3776/3648/3204 3777/3649/3205
f 3776/3648/3204 3775/3647/3203 3778/3650/3206
f 3776/3648/3204 3778/3650/3206 3780/3651/3207
f 3778/3650/3206 3775/3647/3203 3467/3320/2954
f 3778/3650/3206 3467/3320/2954 3465/3319/2953
f 3781/3652/3207 3779/3653/3206 3782/3654/3208
f 3781/3652/3207 3782/3654/3208 3783/3655/3209
f 3782/3654/3208 3779/3653/3206 3466/3325/2959
f 3782/3654/3208 3466/3325/2959 3473/3328/2961
f 3783/3655/3209 3782/3654/3208 3784/3656/3210
f 3783/3655/3209 3784/3656/3210 3785/3657/3211
f 3784/3656/3210 3782/3654/3208 3473/3328/2961
f 3784/3656/3210 3473/3328/2961 3786/3658/3212
f 3787/3659/3213 3786/3658/3212 3473/3328/2961
f 3787/3659/3213 3473/3328/2961 3472/3327/2960
f 3784/3656/3210 3786/3658/3212 3788/3660/3214
f 3784/3656/3210 3788/3660/3214 3789/3661/3215
f 3788/3660/3214 3786/3658/3212 3787/3659/3213
f 3788/3660/3214 3787/3659/3213 3790/3662/3216
f 3791/3663/3217 3790/3662/3216 3787/3659/3213
f 3791/3663/3217 3787/3659/3213 3792/3664/3218
f 3788/3660/3214 3790/3662/3216 3793/3665/3219
f 3788/3660/3214 3793/3665/3219 3794/3666/3220
f 3793/3665/3219 3790/3662/3216 3791/3663/3217
f 3793/3665/3219 3791/3663/3217 3795/3667/3221
f 3638/3473/3075 3795/3667/3221 3791/3663/3217
f 3638/3473/3075 3791/3663/3217 3636/3470/3073
f 3793/3665/3219 3795/3667/3221 3796/3668/3222
f 3793/3665/3219 3796/3668/3222 3797/3669/3223
f 3796/3668/3222 3795/3667/3221 3638/3473/3075
f 3796/3668/3222 3638/3473/3075 3640/3476/3077
f 3797/3669/3223 3796/3668/3222 3798/3670/3224
f 3797/3669/3223 3798/3670/3224 3799/3671/3225
f 3798/3670/3224 3796/3668/3222 3640/3476/3077
f 3798/3670/3224 3640/3476/3077 3642/3479/3080
f 3799/3671/3225 3798/3670/3224 3800/3672/3226
f 3799/3671/3225 3800/3672/3226 3801/3673/3227
f 3800/3672/3226 3798/3670/3224 3642/3479/3080
f 3800/3672/3226 3642/3479/3080 3644/3482/3083
f 3801/3673/3227 3800/3672/3226 3802/3674/3228
f 3801/3673/3227 3802/3674/3228 3803/3675/3229
f 3802/3674/3228 3800/3672/3226 3644/3482/3083
f 3802/3674/3228 3644/3482/3083 3646/3485/3085
f 3803/3675/3229 3802/3674/3228 3804/3676/3230
f 3803/3675/3229 3804/3676/3230 3805/3677/3231
f 3804/3676/3230 3802/3674/3228 3646/3485/3085
f 3804/3676/3230 3646/3485/3085 3648/3488/3087
f 3805/3677/3231 3804/3676/3230 3806/3678/3232
f 3805/3677/3231 3806/3678/3232 3807/3679/3233
f 3806/3678/3232 3804/3676/3230 3648/3488/3087
f 3806/3678/3232 3648/3488/3087 3650/3491/3089
f 3807/3679/3233 3806/3678/3232 3808/3680/3234
f 3807/3679/3233 3808/3680/3234 3809/3681/3235
f 3808/3680/3234 3806/3678/3232 3650/3491/3089
f 3808/3680/3234 3650/3491/3089 3652/3494/3091
f 3809/3681/3235 3808/3680/3234 3663/3515/3105
f 3809/3681/3235 3663/3515/3105 3662/3514/3104
f 3663/3515/3105 3808/3680/3234 3652/3494/3091
f 3663/3515/3105 3652/3494/3091 3655/3501/3096
f 3807/3679/3233 3809/3681/3235 3810/3682/3236
f 3807/3679/3233 3810/3682/3236 3811/3683/3237
f 3810/3682/3236 3809/3681/3235 3662/3514/3104
f 3810/3682/3236 3662/3514/3104 3665/3517/3107
f 3811/3683/3237 3810/3682/3236 3812/3684/3238
f 3811/3683/3237 3812/3684/3238 3813/3685/3239
f 3812/3684/3238 3810/3682/3236 3665/3517/3107
f 3812/3684/3238 3665/3517/3107 3667/3519/3109
f 3813/3685/3239 3812/3684/3238 3815/3686/3240
f 3813/3685/3239 3815/3686/3240 3817/3687/3241
f 3815/3686/3240 3812/3684/3238 3667/3519/3109
f 3815/3686/3240 3667/3519/3109 3819/3688/3242
f 3815/3686/3240 3819/3688/3242 3821/3689/3243
f 3815/3686/3240 3821/3689/3243 3823/3690/3244
f 3820/3691/3243 3818/3692/3242 3670/3693/3112
f 3820/3691/3243 3670/3693/3112 3824/3694/3245
f 3671/3522/3112 3819/3688/3242 3667/3519/3109
f 3671/3522/3112 3667/3519/3109 3666/3518/3108
f 3820/3691/3243 3824/3694/3245 3826/3695/3246
f 3820/3691/3243 3826/3695/3246 3827/3696/3247
f 3826/3695/3246 3824/3694/3245 3828/3697/3248
f 3826/3695/3246 3828/3697/3248 3830/3698/3249
f 3829/3699/3248 3825/3700/3250 3671/3522/3112
f 3829/3699/3248 3671/3522/3112 3669/3521/3111
f 3830/3698/3249 3828/3697/3248 3831/3701/3251
f 3830/3698/3249 3831/3701/3251 3834/3702/3252
f 3832/3703/3253 3829/3699/3248 3669/3521/3111
f 3832/3703/3253 3669/3521/3111 3674/3524/3114
f 3835/3704/3252 3833/3705/3253 3836/3706/3254
f 3835/3704/3252 3836/3706/3254 3838/3707/3255
f 3836/3706/3254 3833/3705/3253 3675/3525/3115
f 3836/3706/3254 3675/3525/3115 3677/3528/3117
f 3838/3707/3255 3836/3706/3254 3839/3708/3256
f 3838/3707/3255 3839/3708/3256 3841/3709/3257
f 3839/3708/3256 3836/3706/3254 3677/3528/3117
f 3839/3708/3256 3677/3528/3117 3679/3530/3119
f 3841/3709/3257 3839/3708/3256 3842/3710/3258
f 3841/3709/3257 3842/3710/3258 3843/3711/3259
f 3842/3710/3258 3839/3708/3256 3679/3530/3119
f 3842/3710/3258 3679/3530/3119 3844/3712/3260
f 3683/3534/3123 3844/3712/3260 3679/3530/3119
f 3683/3534/3123 3679/3530/3119 3678/3529/3118
f 3842/3710/3258 3844/3712/3260 3845/3713/3261
f 3842/3710/3258 3845/3713/3261 3846/3714/3262
f 3845/3713/3261 3844/3712/3260 3683/3534/3123
f 3845/3713/3261 3683/3534/3123 3847/3715/3263
f 3690/3539/3128 3847/3715/3263 3683/3534/3123
f 3690/3539/3128 3683/3534/3123 3682/3533/3122
f 3845/3713/3261 3847/3715/3263 3848/3716/3264
f 3845/3713/3261 3848/3716/3264 3849/3717/3265
f 3848/3716/3264 3847/3715/3263 3690/3539/3128
f 3848/3716/3264 3690/3539/3128 3850/3718/3266
f 3697/3544/3133 3850/3718/3266 3690/3539/3128
f 3697/3544/3133 3690/3539/3128 3689/3538/3127
f 3848/3716/3264 3850/3718/3266 3851/3719/3267
f 3848/3716/3264 3851/3719/3267 3852/3720/3268
f 3851/3719/3267 3850/3718/3266 3697/3544/3133
f 3851/3719/3267 3697/3544/3133 3853/3721/3269
f 3700/3549/3137 3853/3721/3269 3697/3544/3133
f 3700/3549/3137 3697/3544/3133 3696/3543/3132
f 3851/3719/3267 3853/3721/3269 3854/3722/3270
f 3851/3719/3267 3854/3722/3270 3855/3723/3271
f 3854/3722/3270 3853/3721/3269 3700/3549/3137
f 3854/3722/3270 3700/3549/3137 3703/3553/3141
f 3855/3723/3271 3854/3722/3270 3856/3724/3272
f 3855/3723/3271 3856/3724/3272 3857/3725/3273
f 3856/3724/3272 3854/3722/3270 3703/3553/3141
f 3856/3724/3272 3703/3553/3141 3705/3555/3143
f 3857/3725/3273 3856/3724/3272 3859/3726/3274
f 3857/3725/3273 3859/3726/3274 3860/3727/3275
f 3859/3726/3274 3856/3724/3272 3705/3555/3143
f 3859/3726/3274 3705/3555/3143 3707/3557/3145
f 3860/3727/3275 3859/3726/3274 3863/3728/3276
f 3860/3727/3275 3863/3728/3276 3865/3729/3277
f 3863/3728/3276 3859/3726/3274 3707/3557/3145
f 3863/3728/3276 3707/3557/3145 3868/3730/3278
f 3712/3561/3148 3868/3730/3278 3707/3557/3145
f 3712/3561/3148 3707/3557/3145 3706/3556/3144
f 3862/3731/3276 3867/3732/3278 3869/3733/3279
f 3862/3731/3276 3869/3733/3279 3870/3734/3280
f 3869/3733/3279 3867/3732/3278 3711/3571/3148
f 3869/3733/3279 3711/3571/3148 3717/3570/3154
f 3870/3734/3280 3869/3733/3279 3871/3735/3281
f 3870/3734/3280 3871/3735/3281 3872/3736/3282
f 3871/3735/3281 3869/3733/3279 3717/3570/3154
f 3871/3735/3281 3717/3570/3154 3719/3573/3156
f 3872/3736/3282 3871/3735/3281 3873/3737/3283
f 3872/3736/3282 3873/3737/3283 3874/3738/3284
f 3873/3737/3283 3871/3735/3281 3719/3573/3156
f 3873/3737/3283 3719/3573/3156 3721/3575/3158
f 3874/3738/3284 3873/3737/3283 3875/3739/3285
f 3874/3738/3284 3875/3739/3285 3876/3740/3286
f 3875/3739/3285 3873/3737/3283 3721/3575/3158
f 3875/3739/3285 3721/3575/3158 3723/3577/3160
f 3876/3740/3286 3875/3739/3285 3877/3741/3287
f 3876/3740/3286 3877/3741/3287 3878/3742/3288
f 3877/3741/3287 3875/3739/3285 3723/3577/3160
f 3877/3741/3287 3723/3577/3160 3726/3581/3163
f 3878/3742/3288 3877/3741/3287 3770/3642/3198
f 3878/3742/3288 3770/3642/3198 3772/3644/3200
f 3770/3642/3198 3877/3741/3287 3726/3581/3163
f 3770/3642/3198 3726/3581/3163 3729/3583/3165
f 3876/3740/3286 3878/3742/3288 3879/3743/3289
f 3876/3740/3286 3879/3743/3289 3880/3744/3290
f 3879/3743/3289 3878/3742/3288 3772/3644/3200
f 3879/3743/3289 3772/3644/3200 3774/3646/3202
f 3880/3744/3290 3879/3743/3289 3881/3745/3291
f 3880/3744/3290 3881/3745/3291 3882/3746/3292
f 3881/3745/3291 3879/3743/3289 3774/3646/3202
f 3881/3745/3291 3774/3646/3202 3883/3747/3293
f 3881/3745/3291 3883/3747/3293 3884/3748/3294
f 3881/3745/3291 3884/3748/3294 3885/3749/3295
f 3884/3748/3294 3883/3747/3293 3777/3649/3205
f 3884/3748/3294 3777/3649/3205 3886/3750/3296
f 3777/3649/3205 3883/3747/3293 3774/3646/3202
f 3777/3649/3205 3774/3646/3202 3773/3645/3201
f 3884/3748/3294 3886/3750/3296 3887/3751/3297
f 3884/3748/3294 3887/3751/3297 3888/3752/3298
f 3887/3751/3297 3886/3750/3296 3889/3753/3299
f 3887/3751/3297 3889/3753/3299 3890/3754/3300
f 3889/3753/3299 3886/3750/3296 3777/3649/3205
f 3889/3753/3299 3777/3649/3205 3776/3648/3204
f 3890/3754/3300 3889/3753/3299 3892/3755/3301
f 3890/3754/3300 3892/3755/3301 3894/3756/3302
f 3892/3755/3301 3889/3753/3299 3776/3648/3204
f 3892/3755/3301 3776/3648/3204 3780/3651/3207
f 3895/3757/3303 3893/3758/3301 3896/3759/3304
f 3895/3757/3303 3896/3759/3304 3897/3760/3305
f 3896/3759/3304 3893/3758/3301 3781/3652/3207
f 3896/3759/3304 3781/3652/3207 3783/3655/3209
f 3897/3760/3305 3896/3759/3304 3898/3761/3306
f 3897/3760/3305 3898/3761/3306 3899/3762/3307
f 3898/3761/3306 3896/3759/3304 3783/3655/3209
f 3898/3761/3306 3783/3655/3209 3785/3657/3211
f 3899/3762/3307 3898/3761/3306 3900/3763/3308
f 3899/3762/3307 3900/3763/3308 3901/3764/3309
f 3900/3763/3308 3898/3761/3306 3785/3657/3211
f 3900/3763/3308 3785/3657/3211 3902/3765/3310
f 3789/3661/3215 3902/3765/3310 3785/3657/3211
f 3789/3661/3215 3785/3657/3211 3784/3656/3210
f 3900/3763/3308 3902/3765/3310 3903/3766/3311
f 3900/3763/3308 3903/3766/3311 3904/3767/3312
f 3903/3766/3311 3902/3765/3310 3789/3661/3215
f 3903/3766/3311 3789/3661/3215 3905/3768/3313
f 3794/3666/3220 3905/3768/3313 3789/3661/3215
f 3794/3666/3220 3789/3661/3215 3788/3660/3214
f 3903/3766/3311 3905/3768/3313 3906/3769/3314
f 3903/3766/3311 3906/3769/3314 3907/3770/3315
f 3906/3769/3314 3905/3768/3313 3794/3666/3220
f 3906/3769/3314 3794/3666/3220 3908/3771/3316
f 3797/3669/3223 3908/3771/3316 3794/3666/3220
f 3797/3669/3223 3794/3666/3220 3793/3665/3219
f 3906/3769/3314 3908/3771/3316 3909/3772/3317
f 3906/3769/3314 3909/3772/3317 3910/3773/3318
f 3909/3772/3317 3908/3771/3316 3797/3669/3223
f 3909/3772/3317 3797/3669/3223 3799/3671/3225
f 3910/3773/3318 3909/3772/3317 3911/3774/3319
f 3910/3773/3318 3911/3774/3319 3912/3775/3320
f 3911/3774/3319 3909/3772/3317 3799/3671/3225
f 3911/3774/3319 3799/3671/3225 3801/3673/3227
f 3912/3775/3320 3911/3774/3319 3913/3776/3321
f 3912/3775/3320 3913/3776/3321 3914/3777/3322
f 3913/3776/3321 3911/3774/3319 3801/3673/3227
f 3913/3776/3321 3801/3673/3227 3803/3675/3229
f 3914/3777/3322 3913/3776/3321 3915/3778/3323
f 3914/3777/3322 3915/3778/3323 3916/3779/3324
f 3915/3778/3323 3913/3776/3321 3803/3675/3229
f 3915/3778/3323 3803/3675/3229 3805/3677/3231
f 3916/3779/3324 3915/3778/3323 3811/3683/3237
f 3916/3779/3324 3811/3683/3237 3813/3685/3239
f 3811/3683/3237 3915/3778/3323 3805/3677/3231
f 3811/3683/3237 3805/3677/3231 3807/3679/3233
f 3914/3777/3322 3916/3779/3324 3917/3780/3325
f 3914/3777/3322 3917/3780/3325 3918/3781/3326
f 3917/3780/3325 3916/3779/3324 3813/3685/3239
f 3917/3780/3325 3813/3685/3239 3817/3687/3241
f 3918/3781/3326 3917/3780/3325 3920/3782/3327
f 3918/3781/3326 3920/3782/3327 3922/3783/3328
f 3920/3782/3327 3917/3780/3325 3817/3687/3241
f 3920/3782/3327 3817/3687/3241 3924/3784/3329
f 3919/3785/3327 3923/3786/3329 3925/3787/3330
f 3919/3785/3327 3925/3787/3330 3926/3788/3331
f 3925/3787/3330 3923/3786/3329 3822/3789/3244
f 3925/3787/3330 3822/3789/3244 3927/3790/3332
f 3822/3789/3244 3923/3786/3329 3816/3791/3241
f 3822/3789/3244 3816/3791/3241 3814/3792/3333
f 3925/3787/3330 3927/3790/3332 3928/3793/3334
f 3925/3787/3330 3928/3793/3334 3929/3794/3335
f 3928/3793/3334 3927/3790/3332 3827/3696/3247
f 3928/3793/3334 3827/3696/3247 3930/3795/3336
f 3827/3696/3247 3927/3790/3332 3822/3789/3244
f 3827/3696/3247 3822/3789/3244 3820/3691/3243
f 3928/3793/3334 3930/3795/3336 3931/3796/3337
f 3928/3793/3334 3931/3796/3337 3932/3797/3338
f 3931/3796/3337 3930/3795/3336 3933/3798/3339
f 3931/3796/3337 3933/3798/3339 3934/3799/3340
f 3933/3798/3339 3930/3795/3336 3827/3696/3247
f 3933/3798/3339 3827/3696/3247 3826/3695/3246
f 3934/3799/3340 3933/3798/3339 3935/3800/3341
f 3934/3799/3340 3935/3800/3341 3936/3801/3342
f 3935/3800/3341 3933/3798/3339 3826/3695/3246
f 3935/3800/3341 3826/3695/3246 3830/3698/3249
f 3936/3801/3342 3935/3800/3341 3937/3802/3343
f 3936/3801/3342 3937/3802/3343 3938/3803/3344
f 3937/3802/3343 3935/3800/3341 3830/3698/3249
f 3937/3802/3343 3830/3698/3249 3834/3702/3252
f 3938/3803/3344 3937/3802/3343 3939/3804/3345
f 3938/3803/3344 3939/3804/3345 3940/3805/3346
f 3939/3804/3345 3937/3802/3343 3834/3702/3252
f 3939/3804/3345 3834/3702/3252 3837/3806/3347
f 3940/3805/3346 3939/3804/3345 3941/3807/3348
f 3940/3805/3346 3941/3807/3348 3943/3808/3349
f 3941/3807/3348 3939/3804/3345 3837/3806/3347
f 3941/3807/3348 3837/3806/3347 3840/3809/3350
f 3943/3808/3349 3941/3807/3348 3944/3810/3351
f 3943/3808/3349 3944/3810/3351 3177/3082/2740
f 3945/3811/3351 3942/3812/3348 3841/3709/3257
f 3945/3811/3351 3841/3709/3257 3843/3711/3259
f 3177/3082/2740 3944/3810/3351 3947/3813/3352
f 3177/3082/2740 3947/3813/3352 3179/3083/2741
f 3948/3814/3352 3945/3811/3351 3843/3711/3259
f 3948/3814/3352 3843/3711/3259 3949/3815/3353
f 3846/3714/3262 3949/3815/3353 3843/3711/3259
f 3846/3714/3262 3843/3711/3259 3842/3710/3258
f 3948/3814/3352 3949/3815/3353 3950/3816/3354
f 3948/3814/3352 3950/3816/3354 3952/3817/3355
f 3950/3816/3354 3949/3815/3353 3846/3714/3262
f 3950/3816/3354 3846/3714/3262 3953/3818/3356
f 3849/3717/3265 3953/3818/3356 3846/3714/3262
f 3849/3717/3265 3846/3714/3262 3845/3713/3261
f 3950/3816/3354 3953/3818/3356 3954/3819/3357
f 3950/3816/3354 3954/3819/3357 3955/3820/3358
f 3954/3819/3357 3953/3818/3356 3849/3717/3265
f 3954/3819/3357 3849/3717/3265 3956/3821/3359
f 3852/3720/3268 3956/3821/3359 3849/3717/3265
f 3852/3720/3268 3849/3717/3265 3848/3716/3264
f 3954/3819/3357 3956/3821/3359 3345/3232/2876
f 3954/3819/3357 3345/3232/2876 3347/3235/2878
f 3345/3232/2876 3956/3821/3359 3852/3720/3268
f 3345/3232/2876 3852/3720/3268 3346/3233/2877
f 3955/3820/3358 3954/3819/3357 3347/3235/2878
f 3955/3820/3358 3347/3235/2878 3957/3822/3360
f 3955/3820/3358 3957/3822/3360 3959/3823/3361
f 3955/3820/3358 3959/3823/3361 3961/3824/3362
f 3959/3823/3361 3957/3822/3360 3962/3825/3363
f 3959/3823/3361 3962/3825/3363 3964/3826/3364
f 3962/3825/3363 3957/3822/3360 3347/3235/2878
f 3962/3825/3363 3347/3235/2878 3340/3234/2871
f 3964/3826/3364 3962/3825/3363 3966/3827/3365
f 3964/3826/3364 3966/3827/3365 3970/3828/3366
f 3966/3827/3365 3962/3825/3363 3340/3234/2871
f 3966/3827/3365 3340/3234/2871 3336/3829/2868
f 3967/3830/3367 3965/3831/3365 3971/3832/3368
f 3967/3830/3367 3971/3832/3368 3972/3833/3369
f 3971/3832/3368 3965/3831/3365 3334/3244/2868
f 3971/3832/3368 3334/3244/2868 3360/3243/2886
f 3972/3833/3369 3971/3832/3368 3974/3834/3370
f 3972/3833/3369 3974/3834/3370 3976/3835/3371
f 3974/3834/3370 3971/3832/3368 3360/3243/2886
f 3974/3834/3370 3360/3243/2886 3978/3836/3372
f 3882/3746/3292 3978/3836/3372 3360/3243/2886
f 3882/3746/3292 3360/3243/2886 3361/3246/2887
f 3974/3834/3370 3978/3836/3372 3885/3749/3295
f 3974/3834/3370 3885/3749/3295 3979/3837/3373
f 3885/3749/3295 3978/3836/3372 3882/3746/3292
f 3885/3749/3295 3882/3746/3292 3881/3745/3291
f 3975/3838/3370 3980/3839/3373 3982/3840/3374
f 3975/3838/3370 3982/3840/3374 3977/3841/3371
f 3981/3842/3374 3979/3837/3373 3888/3752/3298
f 3981/3842/3374 3888/3752/3298 3983/3843/3375
f 3888/3752/3298 3979/3837/3373 3885/3749/3295
f 3888/3752/3298 3885/3749/3295 3884/3748/3294
f 3982/3840/3374 3984/3844/3375 3986/3845/3376
f 3982/3840/3374 3986/3845/3376 3987/3846/3377
f 3985/3847/3376 3983/3843/3375 3988/3848/3378
f 3985/3847/3376 3988/3848/3378 3989/3849/3379
f 3988/3848/3378 3983/3843/3375 3888/3752/3298
f 3988/3848/3378 3888/3752/3298 3887/3751/3297
f 3989/3849/3379 3988/3848/3378 3991/3850/3380
f 3989/3849/3379 3991/3850/3380 3130/3044/2705
f 3991/3850/3380 3988/3848/3378 3887/3751/3297
f 3991/3850/3380 3887/3751/3297 3890/3754/3300
f 3131/3851/2705 3992/3852/3380 3993/3853/3381
f 3131/3851/2705 3993/3853/3381 3129/3040/2703
f 3993/3853/3381 3992/3852/3380 3891/3854/3300
f 3993/3853/3381 3891/3854/3300 3895/3757/3303
f 3129/3040/2703 3993/3853/3381 3994/3855/3382
f 3129/3040/2703 3994/3855/3382 2505/2484/2178
f 3994/3855/3382 3993/3853/3381 3895/3757/3303
f 3994/3855/3382 3895/3757/3303 3897/3760/3305
f 2505/2484/2178 3994/3855/3382 3995/3856/3383
f 2505/2484/2178 3995/3856/3383 2502/2481/2175
f 3995/3856/3383 3994/3855/3382 3897/3760/3305
f 3995/3856/3383 3897/3760/3305 3899/3762/3307
f 2502/2481/2175 3995/3856/3383 3996/3857/3384
f 2502/2481/2175 3996/3857/3384 2507/2486/2180
f 3996/3857/3384 3995/3856/3383 3899/3762/3307
f 3996/3857/3384 3899/3762/3307 3901/3764/3309
f 2507/2486/2180 3996/3857/3384 3997/3858/3385
f 2507/2486/2180 3997/3858/3385 3132/3045/2706
f 3997/3858/3385 3996/3857/3384 3901/3764/3309
f 3997/3858/3385 3901/3764/3309 3998/3859/3386
f 3904/3767/3312 3998/3859/3386 3901/3764/3309
f 3904/3767/3312 3901/3764/3309 3900/3763/3308
f 3997/3858/3385 3998/3859/3386 3999/3860/3387
f 3997/3858/3385 3999/3860/3387 4000/3861/3388
f 3999/3860/3387 3998/3859/3386 3904/3767/3312
f 3999/3860/3387 3904/3767/3312 4001/3862/3389
f 3907/3770/3315 4001/3862/3389 3904/3767/3312
f 3907/3770/3315 3904/3767/3312 3903/3766/3311
f 3999/3860/3387 4001/3862/3389 4002/3863/3390
f 3999/3860/3387 4002/3863/3390 4004/3864/3391
f 4002/3863/3390 4001/3862/3389 3907/3770/3315
f 4002/3863/3390 3907/3770/3315 4005/3865/3392
f 3910/3773/3318 4005/3865/3392 3907/3770/3315
f 3910/3773/3318 3907/3770/3315 3906/3769/3314
f 4002/3863/3390 4005/3865/3392 4006/3866/3393
f 4002/3863/3390 4006/3866/3393 4007/3867/3394
f 4006/3866/3393 4005/3865/3392 3910/3773/3318
f 4006/3866/3393 3910/3773/3318 3912/3775/3320
f 4007/3867/3394 4006/3866/3393 3918/3781/3326
f 4007/3867/3394 3918/3781/3326 3922/3783/3328
f 3918/3781/3326 4006/3866/3393 3912/3775/3320
f 3918/3781/3326 3912/3775/3320 3914/3777/3322
f 4002/3863/3390 4007/3867/3394 4009/3868/3395
f 4002/3863/3390 4009/3868/3395 4004/3864/3391
f 4009/3868/3395 4007/3867/3394 3922/3783/3328
f 4009/3868/3395 3922/3783/3328 4011/3869/3396
f 4008/3870/3395 4010/3871/3397 4012/3872/3398
f 4008/3870/3395 4012/3872/3398 4013/3873/3399
f 4012/3872/3398 4010/3871/3397 3926/3788/3331
f 4012/3872/3398 3926/3788/3331 4014/3874/3400
f 3926/3788/3331 4010/3871/3397 3921/3875/3328
f 3926/3788/3331 3921/3875/3328 3919/3785/3327
f 4012/3872/3398 4014/3874/3400 3149/3057/2718
f 4012/3872/3398 3149/3057/2718 3148/3056/2717
f 3149/3057/2718 4014/3874/3400 3929/3794/3335
f 3149/3057/2718 3929/3794/3335 4015/3876/3401
f 3929/3794/3335 4014/3874/3400 3926/3788/3331
f 3929/3794/3335 3926/3788/3331 3925/3787/3330
f 3149/3057/2718 4015/3876/3401 4016/3877/3402
f 3149/3057/2718 4016/3877/3402 3146/3054/2715
f 4016/3877/3402 4015/3876/3401 3932/3797/3338
f 4016/3877/3402 3932/3797/3338 4017/3878/3403
f 3932/3797/3338 4015/3876/3401 3929/3794/3335
f 3932/3797/3338 3929/3794/3335 3928/3793/3334
f 4016/3877/3402 4017/3878/3403 4018/3879/3404
f 4016/3877/3402 4018/3879/3404 4019/3880/3405
f 4018/3879/3404 4017/3878/3403 4020/3881/3406
f 4018/3879/3404 4020/3881/3406 4021/3882/3407
f 4020/3881/3406 4017/3878/3403 3932/3797/3338
f 4020/3881/3406 3932/3797/3338 3931/3796/3337
f 4021/3882/3407 4020/3881/3406 4022/3883/3408
f 4021/3882/3407 4022/3883/3408 4023/3884/3409
f 4022/3883/3408 4020/3881/3406 3931/3796/3337
f 4022/3883/3408 3931/3796/3337 3934/3799/3340
f 4023/3884/3409 4022/3883/3408 4024/3885/3410
f 4023/3884/3409 4024/3885/3410 4025/3886/3411
f 4024/3885/3410 4022/3883/3408 3934/3799/3340
f 4024/3885/3410 3934/3799/3340 3936/3801/3342
f 4025/3886/3411 4024/3885/3410 4026/3887/3412
f 4025/3886/3411 4026/3887/3412 4027/3888/3413
f 4026/3887/3412 4024/3885/3410 3936/3801/3342
f 4026/3887/3412 3936/3801/3342 3938/3803/3344
f 4027/3888/3413 4026/3887/3412 4028/3889/3414
f 4027/3888/3413 4028/3889/3414 4029/3890/3415
f 4028/3889/3414 4026/3887/3412 3938/3803/3344
f 4028/3889/3414 3938/3803/3344 3940/3805/3346
f 4029/3890/3415 4028/3889/3414 4030/3891/3416
f 4029/3890/3415 4030/3891/3416 4031/3892/3417
f 4030/3891/3416 4028/3889/3414 3940/3805/3346
f 4030/3891/3416 3940/3805/3346 3943/3808/3349
f 4031/3892/3417 4030/3891/3416 3144/3078/2737
f 4031/3892/3417 3144/3078/2737 3171/3077/2736
f 3144/3078/2737 4030/3891/3416 3943/3808/3349
f 3144/3078/2737 3943/3808/3349 3177/3082/2740
f 4029/3890/3415 4031/3892/3417 3075/2993/2658
f 4029/3890/3415 3075/2993/2658 4032/3893/3418
f 3075/2993/2658 4031/3892/3417 3171/3077/2736
f 3075/2993/2658 3171/3077/2736 3073/2992/2657
f 4029/3890/3415 4032/3893/3418 3071/2990/2655
f 4029/3890/3415 3071/2990/2655 4027/3888/3413
f 3071/2990/2655 4032/3893/3418 3082/3000/2664
f 3071/2990/2655 3082/3000/2664 3072/2991/2656
f 3082/3000/2664 4032/3893/3418 3051/2970/2636
f 4032/3893/3418 3075/2993/2658 3051/2970/2636
f 4025/3886/3411 4027/3888/3413 3071/2990/2655
f 4025/3886/3411 3071/2990/2655 3070/2989/2654
f 4023/3884/3409 4025/3886/3411 3070/2989/2654
f 4023/3884/3409 3070/2989/2654 3069/2988/2653
f 4021/3882/3407 4023/3884/3409 3069/2988/2653
f 4021/3882/3407 3069/2988/2653 4033/3894/3419
f 4021/3882/3407 4033/3894/3419 4034/3895/3420
f 4021/3882/3407 4034/3895/3420 4018/3879/3404
f 4034/3895/3420 4033/3894/3419 3078/2996/2660
f 4034/3895/3420 3078/2996/2660 3081/2999/2663
f 3078/2996/2660 4033/3894/3419 3069/2988/2653
f 3078/2996/2660 3069/2988/2653 3072/2991/2656
f 4018/3879/3404 4034/3895/3420 4035/3896/3421
f 4018/3879/3404 4035/3896/3421 4019/3880/3405
f 4035/3896/3421 4034/3895/3420 3081/2999/2663
f 4035/3896/3421 3081/2999/2663 3091/3009/2673
f 4019/3880/3405 4035/3896/3421 4036/3897/3422
f 4019/3880/3405 4036/3897/3422 4037/3898/3423
f 4036/3897/3422 4035/3896/3421 3091/3009/2673
f 4036/3897/3422 3091/3009/2673 4038/3899/3424
f 4036/3897/3422 4038/3899/3424 3095/3013/2677
f 4036/3897/3422 3095/3013/2677 4039/3900/3425
f 3095/3013/2677 4038/3899/3424 3085/3003/2667
f 3095/3013/2677 3085/3003/2667 3092/3010/2674
f 3085/3003/2667 4038/3899/3424 3091/3009/2673
f 3085/3003/2667 3091/3009/2673 3084/3002/2666
f 4040/3901/3426 4039/3900/3425 4041/3902/3427
f 4040/3901/3426 4041/3902/3427 4042/3903/3428
f 4041/3902/3427 4039/3900/3425 3095/3013/2677
f 4041/3902/3427 3095/3013/2677 3094/3012/2676
f 4036/3897/3422 4039/3900/3425 4040/3901/3426
f 4036/3897/3422 4040/3901/3426 4037/3898/3423
f 4042/3903/3428 4041/3902/3427 3102/3020/2684
f 4042/3903/3428 3102/3020/2684 4043/3904/3429
f 3102/3020/2684 4041/3902/3427 3094/3012/2676
f 3102/3020/2684 3094/3012/2676 3097/3015/2679
f 4044/3905/3430 4043/3904/3429 4045/3906/3431
f 4044/3905/3430 4045/3906/3431 4046/3907/3432
f 4045/3906/3431 4043/3904/3429 3102/3020/2684
f 4045/3906/3431 3102/3020/2684 3101/3019/2683
f 4042/3903/3428 4043/3904/3429 4044/3905/3430
f 4042/3903/3428 4044/3905/3430 3150/3060/2719
f 4046/3907/3432 4045/3906/3431 4047/3908/3433
f 4046/3907/3432 4047/3908/3433 4048/3909/3434
f 4047/3908/3433 4045/3906/3431 3101/3019/2683
f 4047/3908/3433 3101/3019/2683 3103/3021/2685
f 4048/3909/3434 4047/3908/3433 4049/3910/3435
f 4048/3909/3434 4049/3910/3435 3237/3136/2789
f 4049/3910/3435 4047/3908/3433 3103/3021/2685
f 4049/3910/3435 3103/3021/2685 4050/3911/3436
f 4049/3910/3435 4050/3911/3436 4051/3912/3437
f 4049/3910/3435 4051/3912/3437 4052/3913/3438
f 4051/3912/3437 4050/3911/3436 4053/3914/3439
f 4051/3912/3437 4053/3914/3439 4054/3915/3440
f 4053/3914/3439 4050/3911/3436 3103/3021/2685
f 4053/3914/3439 3103/3021/2685 3099/3017/2681
f 4054/3915/3440 4053/3914/3439 3098/3016/2680
f 4054/3915/3440 3098/3016/2680 3087/3005/2669
f 3098/3016/2680 4053/3914/3439 3099/3017/2681
f 3098/3016/2680 3099/3017/2681 3096/3014/2678
f 4051/3912/3437 4054/3915/3440 4055/3916/3441
f 4051/3912/3437 4055/3916/3441 4056/3917/3442
f 4055/3916/3441 4054/3915/3440 3087/3005/2669
f 4055/3916/3441 3087/3005/2669 3086/3004/2668
f 4056/3917/3442 4055/3916/3441 4057/3918/3443
f 4056/3917/3442 4057/3918/3443 4058/3919/3444
f 4057/3918/3443 4055/3916/3441 3086/3004/2668
f 4057/3918/3443 3086/3004/2668 3089/3007/2671
f 4058/3919/3444 4057/3918/3443 4059/3920/3445
f 4058/3919/3444 4059/3920/3445 4060/3921/3446
f 4059/3920/3445 4057/3918/3443 3089/3007/2671
f 4059/3920/3445 3089/3007/2671 4061/3922/3447
f 4059/3920/3445 4061/3922/3447 4062/3923/3448
f 4059/3920/3445 4062/3923/3448 4063/3924/3449
f 4062/3923/3448 4061/3922/3447 4064/3925/3450
f 4062/3923/3448 4064/3925/3450 3033/3926/2620
f 4064/3925/3450 4061/3922/3447 3089/3007/2671
f 4064/3925/3450 3089/3007/2671 3088/3006/2670
f 3033/3926/2620 4064/3925/3450 4065/3927/3451
f 3033/3926/2620 4065/3927/3451 3006/3928/2598
f 4065/3927/3451 4064/3925/3450 3088/3006/2670
f 4065/3927/3451 3088/3006/2670 3090/3008/2672
f 3006/3928/2598 4065/3927/3451 4066/3929/3452
f 3006/3928/2598 4066/3929/3452 3008/3930/3453
f 4066/3929/3452 4065/3927/3451 3090/3008/2672
f 4066/3929/3452 3090/3008/2672 4068/3931/3454
f 4066/3929/3452 4068/3931/3454 4069/3932/3455
f 4066/3929/3452 4069/3932/3455 4071/3933/3456
f 4069/3932/3455 4068/3931/3454 4073/3934/3457
f 4069/3932/3455 4073/3934/3457 4074/3935/3458
f 4073/3934/3457 4068/3931/3454 3090/3008/2672
f 4073/3934/3457 3090/3008/2672 3083/3001/2665
f 4074/3935/3458 4073/3934/3457 3049/2967/2633
f 4074/3935/3458 3049/2967/2633 4076/3936/3459
f 3049/2967/2633 4073/3934/3457 3083/3001/2665
f 3049/2967/2633 3083/3001/2665 3050/2968/2634
f 4075/3937/3458 4077/3938/3459 4079/3939/3460
f 4075/3937/3458 4079/3939/3460 4081/3940/3461
f 4080/3941/3462 4078/3942/3459 4083/3943/3463
f 4080/3941/3462 4083/3943/3463 4084/3944/3464
f 4082/3945/3465 4076/3936/3459 3049/2967/2633
f 4082/3945/3465 3049/2967/2633 3043/2966/2632
f 4084/3944/3464 4083/3943/3463 2990/2916/2585
f 4084/3944/3464 2990/2916/2585 2986/2912/2581
f 2990/2916/2585 4083/3943/3463 3044/2962/2628
f 2990/2916/2585 3044/2962/2628 3042/2961/2627
f 4080/3941/3462 4084/3944/3464 4085/3946/3466
f 4080/3941/3462 4085/3946/3466 4087/3947/3467
f 4085/3946/3466 4084/3944/3464 2986/2912/2581
f 4085/3946/3466 2986/2912/2581 2985/2911/2580
f 4087/3947/3467 4085/3946/3466 4089/3948/3468
f 4087/3947/3467 4089/3948/3468 4092/3949/3469
f 4089/3948/3468 4085/3946/3466 2985/2911/2580
f 4089/3948/3468 2985/2911/2580 4093/3950/3470
f 4089/3948/3468 4093/3950/3470 4095/3951/3471
f 4089/3948/3468 4095/3951/3471 4097/3952/3472
f 4095/3951/3471 4093/3950/3470 4099/3953/3473
f 4095/3951/3471 4099/3953/3473 4101/3954/3474
f 4099/3953/3473 4093/3950/3470 2985/2911/2580
f 4099/3953/3473 2985/2911/2580 2989/2915/2584
f 4100/3955/3474 4098/3956/3473 4102/3957/3475
f 4100/3955/3474 4102/3957/3475 4104/3958/3476
f 4103/3959/3475 4099/3953/3473 2989/2915/2584
f 4103/3959/3475 2989/2915/2584 4105/3960/3477
f 4106/3961/3478 4105/3960/3477 2989/2915/2584
f 4106/3961/3478 2989/2915/2584 2988/2914/2583
f 4103/3959/3475 4105/3960/3477 4107/3962/3479
f 4103/3959/3475 4107/3962/3479 4109/3963/3480
f 4107/3962/3479 4105/3960/3477 4106/3961/3478
f 4107/3962/3479 4106/3961/3478 4111/3964/3481
f 4113/3965/3482 4111/3964/3481 4106/3961/3478
f 4113/3965/3482 4106/3961/3478 4114/3966/3483
f 4107/3962/3479 4111/3964/3481 4116/3967/3484
f 4107/3962/3479 4116/3967/3484 4118/3968/3485
f 4115/3969/3484 4110/3970/3481 4112/3971/3486
f 4115/3969/3484 4112/3971/3486 4119/3972/3487
f 3011/2934/2601 4119/3972/3487 4112/3971/3486
f 3011/2934/2601 4112/3971/3486 3001/3973/2594
f 4115/3969/3484 4119/3972/3487 4120/3974/3488
f 4115/3969/3484 4120/3974/3488 4121/3975/3489
f 4120/3974/3488 4119/3972/3487 3011/2934/2601
f 4120/3974/3488 3011/2934/2601 3004/2929/2596
f 4121/3975/3489 4120/3974/3488 4122/3976/3490
f 4121/3975/3489 4122/3976/3490 4123/3977/3491
f 4122/3976/3490 4120/3974/3488 3004/2929/2596
f 4122/3976/3490 3004/2929/2596 3009/2932/2599
f 4123/3977/3491 4122/3976/3490 4072/3978/3456
f 4123/3977/3491 4072/3978/3456 4124/3979/3492
f 4072/3978/3456 4122/3976/3490 3009/2932/2599
f 4072/3978/3456 3009/2932/2599 4067/3980/3493
f 4123/3977/3491 4124/3979/3492 4125/3981/3494
f 4123/3977/3491 4125/3981/3494 4126/3982/3495
f 4125/3981/3494 4124/3979/3492 4127/3983/3496
f 4125/3981/3494 4127/3983/3496 4128/3984/3497
f 4127/3983/3496 4124/3979/3492 4072/3978/3456
f 4127/3983/3496 4072/3978/3456 4070/3985/3455
f 4128/3984/3497 4127/3983/3496 4081/3940/3461
f 4128/3984/3497 4081/3940/3461 4129/3986/3498
f 4081/3940/3461 4127/3983/3496 4070/3985/3455
f 4081/3940/3461 4070/3985/3455 4075/3937/3458
f 4128/3984/3497 4129/3986/3498 4130/3987/3499
f 4128/3984/3497 4130/3987/3499 4131/3988/3500
f 4130/3987/3499 4129/3986/3498 4086/3989/3467
f 4130/3987/3499 4086/3989/3467 4090/3990/3501
f 4086/3989/3467 4129/3986/3498 4081/3940/3461
f 4086/3989/3467 4081/3940/3461 4079/3939/3460
f 4131/3988/3500 4130/3987/3499 4132/3991/3502
f 4131/3988/3500 4132/3991/3502 2972/2902/2572
f 4132/3991/3502 4130/3987/3499 4090/3990/3501
f 4132/3991/3502 4090/3990/3501 4134/3992/3503
f 4133/3993/3502 4135/3994/3504 4136/3995/3505
f 4133/3993/3502 4136/3995/3505 4138/3996/3506
f 4136/3995/3505 4135/3994/3504 4096/3997/3507
f 4136/3995/3505 4096/3997/3507 4140/3998/3508
f 4096/3997/3507 4135/3994/3504 4091/3999/3509
f 4096/3997/3507 4091/3999/3509 4088/4000/3468
f 4136/3995/3505 4140/3998/3508 4141/4001/3510
f 4136/3995/3505 4141/4001/3510 4143/4002/3511
f 4141/4001/3510 4140/3998/3508 4145/4003/3512
f 4141/4001/3510 4145/4003/3512 4146/4004/3513
f 4145/4003/3512 4140/3998/3508 4096/3997/3507
f 4145/4003/3512 4096/3997/3507 4094/4005/3514
f 4146/4004/3513 4145/4003/3512 4148/4006/3515
f 4146/4004/3513 4148/4006/3515 2940/4007/2551
f 4148/4006/3515 4145/4003/3512 4094/4005/3514
f 4148/4006/3515 4094/4005/3514 4100/3955/3474
f 2940/4007/2551 4148/4006/3515 4150/4008/3516
f 2940/4007/2551 4150/4008/3516 2936/4009/3517
f 4150/4008/3516 4148/4006/3515 4100/3955/3474
f 4150/4008/3516 4100/3955/3474 4104/3958/3476
f 2935/4010/2549 4149/4011/3516 2979/2907/2576
f 2935/4010/2549 2979/2907/2576 2938/2904/2574
f 2980/4012/3518 4150/4008/3516 4104/3958/3476
f 2980/4012/3518 4104/3958/3476 4151/4013/3519
f 4108/4014/3520 4151/4013/3519 4104/3958/3476
f 4108/4014/3520 4104/3958/3476 4102/3957/3475
f 2980/4012/3518 4151/4013/3519 4154/4015/3521
f 2980/4012/3518 4154/4015/3521 2978/4016/2575
f 4155/4017/3522 4152/4018/3519 4109/3963/3480
f 4155/4017/3522 4109/3963/3480 4157/4019/3523
f 4118/3968/3485 4157/4019/3523 4109/3963/3480
f 4118/3968/3485 4109/3963/3480 4107/3962/3479
f 4153/4020/3524 4156/4021/3523 4158/4022/3525
f 4153/4020/3524 4158/4022/3525 4159/4023/3526
f 4158/4022/3525 4156/4021/3523 4117/4024/3485
f 4158/4022/3525 4117/4024/3485 4160/4025/3527
f 4121/3975/3489 4160/4025/3527 4117/4024/3485
f 4121/3975/3489 4117/4024/3485 4115/3969/3484
f 4158/4022/3525 4160/4025/3527 4126/3982/3495
f 4158/4022/3525 4126/3982/3495 4161/4026/3528
f 4126/3982/3495 4160/4025/3527 4121/3975/3489
f 4126/3982/3495 4121/3975/3489 4123/3977/3491
f 4158/4022/3525 4161/4026/3528 2964/2898/2568
f 4158/4022/3525 2964/2898/2568 4159/4023/3526
f 2964/2898/2568 4161/4026/3528 4162/4027/3529
f 2964/2898/2568 4162/4027/3529 2961/2896/2566
f 4162/4027/3529 4161/4026/3528 4126/3982/3495
f 4162/4027/3529 4126/3982/3495 4125/3981/3494
f 2961/2896/2566 4162/4027/3529 4131/3988/3500
f 2961/2896/2566 4131/3988/3500 2972/2902/2572
f 4131/3988/3500 4162/4027/3529 4125/3981/3494
f 4131/3988/3500 4125/3981/3494 4128/3984/3497
f 4153/4020/3524 4159/4023/3526 2981/4028/2577
f 4153/4020/3524 2981/4028/2577 2976/4029/2575
f 2981/4028/2577 4159/4023/3526 2964/2898/2568
f 2981/4028/2577 2964/2898/2568 2962/2897/2567
f 4142/4030/3510 4147/4031/3513 2945/2883/2555
f 4142/4030/3510 2945/2883/2555 2944/2882/2554
f 2945/2883/2555 4147/4031/3513 2941/2879/2551
f 2945/2883/2555 2941/2879/2551 2920/2863/2535
f 4144/4032/3511 4142/4030/3510 2944/2882/2554
f 4144/4032/3511 2944/2882/2554 2946/2884/2556
f 4137/4033/3505 4144/4032/3511 4164/4034/3530
f 4137/4033/3505 4164/4034/3530 4139/4035/3506
f 4164/4034/3530 4144/4032/3511 2946/2884/2556
f 4164/4034/3530 2946/2884/2556 2934/2876/2548
f 4138/3996/3506 4163/4036/3530 2970/4037/3531
f 4138/3996/3506 2970/4037/3531 2968/4038/3532
f 2971/4039/3531 4164/4034/3530 2934/2876/2548
f 2971/4039/3531 2934/2876/2548 2932/2874/2546
f 4133/3993/3502 4138/3996/3506 2968/4038/3532
f 4133/3993/3502 2968/4038/3532 2973/4040/3533
f 3002/2927/2594 4113/3965/3482 4114/3966/3483
f 3002/2927/2594 4114/3966/3483 3000/2925/2592
f 4114/3966/3483 4106/3961/3478 2988/2914/2583
f 4114/3966/3483 2988/2914/2583 4165/4041/3534
f 4063/3924/3449 4062/3923/3448 3062/4042/2645
f 4063/3924/3449 3062/4042/2645 3060/4043/2644
f 3062/4042/2645 4062/3923/3448 3033/3926/2620
f 3062/4042/2645 3033/3926/2620 3031/4044/2619
f 4166/4045/3535 4063/3924/3449 3060/4043/2644
f 4166/4045/3535 3060/4043/2644 4167/4046/3536
f 4059/3920/3445 4063/3924/3449 4166/4045/3535
f 4059/3920/3445 4166/4045/3535 4060/3921/3446
f 4169/4047/3537 4167/4046/3536 3058/4048/2643
f 4169/4047/3537 3058/4048/2643 4170/4049/3538
f 3059/2977/2643 4168/4050/3536 3061/2978/2644
f 3059/2977/2643 3061/2978/2644 3036/2955/2622
f 4166/4045/3535 4167/4046/3536 4169/4047/3537
f 4166/4045/3535 4169/4047/3537 4172/4051/3539
f 4173/4052/3540 4172/4051/3539 4169/4047/3537
f 4173/4052/3540 4169/4047/3537 4174/4053/3541
f 4166/4045/3535 4172/4051/3539 4175/4054/3542
f 4166/4045/3535 4175/4054/3542 4060/3921/3446
f 4175/4054/3542 4172/4051/3539 4173/4052/3540
f 4175/4054/3542 4173/4052/3540 3227/3126/2781
f 4060/3921/3446 4175/4054/3542 4176/4055/3543
f 4060/3921/3446 4176/4055/3543 4058/3919/3444
f 4176/4055/3543 4175/4054/3542 3227/3126/2781
f 4176/4055/3543 3227/3126/2781 3224/3123/2778
f 4058/3919/3444 4176/4055/3543 4177/4056/3544
f 4058/3919/3444 4177/4056/3544 4056/3917/3442
f 4177/4056/3544 4176/4055/3543 3224/3123/2778
f 4177/4056/3544 3224/3123/2778 3226/3125/2780
f 4056/3917/3442 4177/4056/3544 4052/3913/3438
f 4056/3917/3442 4052/3913/3438 4051/3912/3437
f 4052/3913/3438 4177/4056/3544 3226/3125/2780
f 4052/3913/3438 3226/3125/2780 3236/3135/2788
f 4178/4057/3545 4174/4053/3541 4179/4058/3546
f 4178/4057/3545 4179/4058/3546 4181/4059/3547
f 4179/4058/3546 4174/4053/3541 4169/4047/3537
f 4179/4058/3546 4169/4047/3537 4170/4049/3538
f 4173/4052/3540 4174/4053/3541 4178/4057/3545
f 4173/4052/3540 4178/4057/3545 3213/3113/2769
f 4181/4059/3547 4179/4058/3546 4182/4060/3548
f 4181/4059/3547 4182/4060/3548 4184/4061/3549
f 4183/4062/3548 4180/4063/3550 4171/4064/3551
f 4183/4062/3548 4171/4064/3551 4185/4065/3552
f 4183/4062/3548 4185/4065/3552 4186/4066/3553
f 4183/4062/3548 4186/4066/3553 4188/4067/3554
f 4186/4066/3553 4185/4065/3552 3054/2973/2639
f 4186/4066/3553 3054/2973/2639 3057/2976/2642
f 3054/2973/2639 4185/4065/3552 4171/4064/3551
f 3054/2973/2639 4171/4064/3551 3059/2977/2643
f 4188/4067/3554 4186/4066/3553 4189/4068/3555
f 4188/4067/3554 4189/4068/3555 4190/4069/3556
f 4189/4068/3555 4186/4066/3553 3057/2976/2642
f 4189/4068/3555 3057/2976/2642 4191/4070/3557
f 4189/4068/3555 4191/4070/3557 4192/4071/3558
f 4189/4068/3555 4192/4071/3558 4193/4072/3559
f 4192/4071/3558 4191/4070/3557 4194/4073/3560
f 4192/4071/3558 4194/4073/3560 4195/4074/3561
f 4194/4073/3560 4191/4070/3557 3057/2976/2642
f 4194/4073/3560 3057/2976/2642 3056/2975/2641
f 4195/4074/3561 4194/4073/3560 3023/2944/2611
f 4195/4074/3561 3023/2944/2611 4196/4075/3562
f 3023/2944/2611 4194/4073/3560 3056/2975/2641
f 3023/2944/2611 3056/2975/2641 3024/2945/2612
f 4195/4074/3561 4196/4075/3562 4197/4076/3563
f 4195/4074/3561 4197/4076/3563 4198/4077/3564
f 4197/4076/3563 4196/4075/3562 2867/2812/2490
f 4197/4076/3563 2867/2812/2490 2871/2815/2493
f 2867/2812/2490 4196/4075/3562 3023/2944/2611
f 2867/2812/2490 3023/2944/2611 2865/2810/2488
f 4198/4077/3564 4197/4076/3563 1728/1628/1435
f 4198/4077/3564 1728/1628/1435 1727/1627/1434
f 1728/1628/1435 4197/4076/3563 2871/2815/2493
f 1728/1628/1435 2871/2815/2493 1729/1629/1436
f 23/14/14 1729/1629/1436 2871/2815/2493
f 23/14/14 2871/2815/2493 2483/2467/2163
f 1732/1632/1439 1731/1631/1438 3161/3068/2727
f 1732/1632/1439 3161/3068/2727 4199/4078/3565
f 3161/3068/2727 1731/1631/1438 1733/1633/1440
f 3161/3068/2727 1733/1633/1440 3159/3066/2725
f 4200/4079/3566 4199/4078/3565 4201/4080/3567
f 4200/4079/3566 4201/4080/3567 4202/4081/3568
f 4201/4080/3567 4199/4078/3565 3161/3068/2727
f 4201/4080/3567 3161/3068/2727 3160/3067/2726
f 1732/1632/1439 4199/4078/3565 4200/4079/3566
f 1732/1632/1439 4200/4079/3566 1737/1637/1444
f 4202/4081/3568 4201/4080/3567 4203/4082/3569
f 4202/4081/3568 4203/4082/3569 4204/4083/3570
f 4203/4082/3569 4201/4080/3567 3160/3067/2726
f 4203/4082/3569 3160/3067/2726 3162/3069/2728
f 4204/4083/3570 4203/4082/3569 4205/4084/3571
f 4204/4083/3570 4205/4084/3571 4206/4085/3572
f 4205/4084/3571 4203/4082/3569 3162/3069/2728
f 4205/4084/3571 3162/3069/2728 4207/4086/3573
f 4205/4084/3571 4207/4086/3573 4208/4087/3574
f 4205/4084/3571 4208/4087/3574 4209/4088/3575
f 4208/4087/3574 4207/4086/3573 4210/4089/3576
f 4208/4087/3574 4210/4089/3576 4211/4090/3577
f 4210/4089/3576 4207/4086/3573 3162/3069/2728
f 4210/4089/3576 3162/3069/2728 3153/3062/2721
f 4211/4090/3577 4210/4089/3576 4212/4091/3578
f 4211/4090/3577 4212/4091/3578 4214/4092/3579
f 4212/4091/3578 4210/4089/3576 3153/3062/2721
f 4212/4091/3578 3153/3062/2721 3157/3065/2724
f 4216/4093/3580 4213/4094/3578 3158/4095/3581
f 4216/4093/3580 3158/4095/3581 4217/4096/3582
f 4215/4097/3579 4213/4094/3578 4216/4093/3580
f 4215/4097/3579 4216/4093/3580 4218/4098/3583
f 4219/4099/3584 4218/4098/3583 4216/4093/3580
f 4219/4099/3584 4216/4093/3580 4220/4100/3585
f 4215/4097/3579 4218/4098/3583 4221/4101/3586
f 4215/4097/3579 4221/4101/3586 4223/4102/3587
f 4221/4101/3586 4218/4098/3583 4219/4099/3584
f 4221/4101/3586 4219/4099/3584 4224/4103/3588
f 4225/4104/3589 4224/4103/3588 4219/4099/3584
f 4225/4104/3589 4219/4099/3584 4226/4105/3590
f 4221/4101/3586 4224/4103/3588 4227/4106/3591
f 4221/4101/3586 4227/4106/3591 4228/4107/3592
f 4227/4106/3591 4224/4103/3588 4225/4104/3589
f 4227/4106/3591 4225/4104/3589 4229/4108/3593
f 4230/4109/3594 4229/4108/3593 4225/4104/3589
f 4230/4109/3594 4225/4104/3589 4231/4110/3595
f 4227/4106/3591 4229/4108/3593 4232/4111/3596
f 4227/4106/3591 4232/4111/3596 4233/4112/3597
f 4232/4111/3596 4229/4108/3593 4230/4109/3594
f 4232/4111/3596 4230/4109/3594 4234/4113/3598
f 4235/4114/3599 4234/4113/3598 4230/4109/3594
f 4235/4114/3599 4230/4109/3594 4236/4115/3600
f 4232/4111/3596 4234/4113/3598 3140/3051/2712
f 4232/4111/3596 3140/3051/2712 3133/3046/2707
f 3140/3051/2712 4234/4113/3598 4235/4114/3599
f 3140/3051/2712 4235/4114/3599 4237/4116/3601
f 4238/4117/3602 4237/4116/3601 4235/4114/3599
f 4238/4117/3602 4235/4114/3599 4240/4118/3603
f 3140/3051/2712 4237/4116/3601 4242/4119/3604
f 3140/3051/2712 4242/4119/3604 3139/3050/2711
f 4242/4119/3604 4237/4116/3601 4238/4117/3602
f 4242/4119/3604 4238/4117/3602 4243/4120/3605
f 4245/4121/3606 4244/4122/3605 4239/4123/3602
f 4245/4121/3606 4239/4123/3602 4246/4124/3607
f 4242/4119/3604 4243/4120/3605 4247/4125/3608
f 4242/4119/3604 4247/4125/3608 4249/4126/3609
f 4248/4127/3608 4244/4122/3605 4245/4121/3606
f 4248/4127/3608 4245/4121/3606 4250/4128/3610
f 4251/4129/3611 4250/4128/3610 4245/4121/3606
f 4251/4129/3611 4245/4121/3606 4252/4130/3612
f 4248/4127/3608 4250/4128/3610 4253/4131/3613
f 4248/4127/3608 4253/4131/3613 4255/4132/3614
f 4253/4131/3613 4250/4128/3610 4251/4129/3611
f 4253/4131/3613 4251/4129/3611 4256/4133/3615
f 4257/4134/3616 4256/4133/3615 4251/4129/3611
f 4257/4134/3616 4251/4129/3611 4258/4135/3617
f 4253/4131/3613 4256/4133/3615 4259/4136/3618
f 4253/4131/3613 4259/4136/3618 4260/4137/3619
f 4259/4136/3618 4256/4133/3615 4257/4134/3616
f 4259/4136/3618 4257/4134/3616 4261/4138/3620
f 4262/4139/3621 4261/4138/3620 4257/4134/3616
f 4262/4139/3621 4257/4134/3616 4263/4140/3622
f 4259/4136/3618 4261/4138/3620 4264/4141/3623
f 4259/4136/3618 4264/4141/3623 4265/4142/3624
f 4264/4141/3623 4261/4138/3620 4262/4139/3621
f 4264/4141/3623 4262/4139/3621 4266/4143/3625
f 4268/4144/3626 4266/4143/3625 4262/4139/3621
f 4268/4144/3626 4262/4139/3621 4270/4145/3627
f 4264/4141/3623 4266/4143/3625 4271/4146/3628
f 4264/4141/3623 4271/4146/3628 4272/4147/3629
f 4271/4146/3628 4266/4143/3625 4268/4144/3626
f 4271/4146/3628 4268/4144/3626 4273/4148/3630
f 2736/2696/2383 4273/4148/3630 4268/4144/3626
f 2736/2696/2383 4268/4144/3626 2747/4149/2389
f 4271/4146/3628 4273/4148/3630 2485/2469/2165
f 4271/4146/3628 2485/2469/2165 2488/2471/2167
f 2485/2469/2165 4273/4148/3630 2736/2696/2383
f 2485/2469/2165 2736/2696/2383 2742/2699/2386
f 4272/4147/3629 4271/4146/3628 2488/2471/2167
f 4272/4147/3629 2488/2471/2167 2489/2472/2168
f 4264/4141/3623 4272/4147/3629 4274/4150/3631
f 4264/4141/3623 4274/4150/3631 4265/4142/3624
f 4274/4150/3631 4272/4147/3629 2489/2472/2168
f 4274/4150/3631 2489/2472/2168 4275/4151/3632
f 4274/4150/3631 4275/4151/3632 4276/4152/3633
f 4274/4150/3631 4276/4152/3633 4277/4153/3634
f 4276/4152/3633 4275/4151/3632 1811/1709/1514
f 4276/4152/3633 1811/1709/1514 1810/1708/1513
f 1811/1709/1514 4275/4151/3632 2489/2472/2168
f 1811/1709/1514 2489/2472/2168 31/22/22
f 1817/1713/1518 1815/1712/1517 4278/4154/3635
f 1817/1713/1518 4278/4154/3635 4280/4155/3636
f 4279/4156/3635 1816/1716/1517 1820/1715/1520
f 4279/4156/3635 1820/1715/1520 4281/4157/3637
f 4279/4156/3635 4281/4157/3637 4282/4158/3638
f 4279/4156/3635 4282/4158/3638 4284/4159/3639
f 4282/4158/3638 4281/4157/3637 4285/4160/3640
f 4282/4158/3638 4285/4160/3640 4286/4161/3641
f 4285/4160/3640 4281/4157/3637 1820/1715/1520
f 4285/4160/3640 1820/1715/1520 1826/1724/1525
f 4285/4160/3640 1826/1724/1525 1827/1725/1526
f 4285/4160/3640 1827/1725/1526 3029/2950/2617
f 1831/1729/1530 1830/1728/1529 4287/4162/3642
f 1831/1729/1530 4287/4162/3642 4288/4163/3643
f 4287/4162/3642 1830/1728/1529 627/563/526
f 4287/4162/3642 627/563/526 3068/2987/2652
f 4288/4163/3643 4287/4162/3642 4289/4164/3644
f 4288/4163/3643 4289/4164/3644 4290/4165/3645
f 4289/4164/3644 4287/4162/3642 3068/2987/2652
f 4289/4164/3644 3068/2987/2652 4291/4166/3646
f 4292/4167/3647 4291/4166/3646 3068/2987/2652
f 4292/4167/3647 3068/2987/2652 2492/2986/2651
f 4289/4164/3644 4291/4166/3646 4294/4168/3648
f 4289/4164/3644 4294/4168/3648 4295/4169/3649
f 4294/4168/3648 4291/4166/3646 4292/4167/3647
f 4294/4168/3648 4292/4167/3647 4296/4170/3650
f 2748/4171/2391 4297/4172/3650 4293/4173/3647
f 2748/4171/2391 4293/4173/3647 3053/2972/2638
f 4294/4168/3648 4296/4170/3650 4299/4174/3651
f 4294/4168/3648 4299/4174/3651 4301/4175/3652
f 4300/4176/3651 4298/4177/3653 2750/2706/2391
f 4300/4176/3651 2750/2706/2391 2751/2707/2392
f 4301/4175/3652 4299/4174/3651 4302/4178/3654
f 4301/4175/3652 4302/4178/3654 4304/4179/3655
f 4303/4180/3656 4300/4176/3651 2751/2707/2392
f 4303/4180/3656 2751/2707/2392 4305/4181/3657
f 4306/4182/3658 4305/4181/3657 2751/2707/2392
f 4306/4182/3658 2751/2707/2392 2734/2695/2382
f 4303/4180/3656 4305/4181/3657 4307/4183/3659
f 4303/4180/3656 4307/4183/3659 4309/4184/3660
f 4307/4183/3659 4305/4181/3657 4306/4182/3658
f 4307/4183/3659 4306/4182/3658 4310/4185/3661
f 4312/4186/3662 4310/4185/3661 4306/4182/3658
f 4312/4186/3662 4306/4182/3658 2565/2532/2223
f 4307/4183/3659 4310/4185/3661 4314/4187/3663
f 4307/4183/3659 4314/4187/3663 4315/4188/3664
f 4314/4187/3663 4310/4185/3661 4312/4186/3662
f 4314/4187/3663 4312/4186/3662 4317/4189/3665
f 4318/4190/3666 4316/4191/3667 4311/4192/3662
f 4318/4190/3666 4311/4192/3662 4319/4193/3668
f 4313/4194/3663 4316/4191/3667 4320/4195/3669
f 4313/4194/3663 4320/4195/3669 4322/4196/3670
f 4320/4195/3669 4316/4191/3667 4318/4190/3666
f 4320/4195/3669 4318/4190/3666 4324/4197/3671
f 4325/4198/3672 4324/4197/3671 4318/4190/3666
f 4325/4198/3672 4318/4190/3666 2549/4199/2213
f 4320/4195/3669 4324/4197/3671 4327/4200/3673
f 4320/4195/3669 4327/4200/3673 4328/4201/3674
f 4327/4200/3673 4324/4197/3671 4325/4198/3672
f 4327/4200/3673 4325/4198/3672 4330/4202/3675
f 2517/4203/2187 4330/4202/3675 4325/4198/3672
f 2517/4203/2187 4325/4198/3672 2519/4204/2188
f 4327/4200/3673 4330/4202/3675 4331/4205/3676
f 4327/4200/3673 4331/4205/3676 4332/4206/3677
f 4331/4205/3676 4330/4202/3675 2517/4203/2187
f 4331/4205/3676 2517/4203/2187 4333/4207/3678
f 4332/4206/3677 4331/4205/3676 2535/2510/2202
f 4332/4206/3677 2535/2510/2202 4334/4208/3679
f 2535/2510/2202 4331/4205/3676 4333/4207/3678
f 2535/2510/2202 4333/4207/3678 2513/2507/2199
f 4332/4206/3677 4334/4208/3679 4335/4209/3680
f 4332/4206/3677 4335/4209/3680 4336/4210/3681
f 4335/4209/3680 4334/4208/3679 4338/4211/3682
f 4335/4209/3680 4338/4211/3682 4339/4212/3683
f 4338/4211/3682 4334/4208/3679 2535/2510/2202
f 4338/4211/3682 2535/2510/2202 2534/2509/2201
f 4339/4212/3683 4338/4211/3682 2551/2522/2214
f 4339/4212/3683 2551/2522/2214 2556/2525/2217
f 2551/2522/2214 4338/4211/3682 2534/2509/2201
f 2551/2522/2214 2534/2509/2201 2537/2512/2204
f 4335/4209/3680 4339/4212/3683 4340/4213/3684
f 4335/4209/3680 4340/4213/3684 4341/4214/3685
f 4340/4213/3684 4339/4212/3683 2556/2525/2217
f 4340/4213/3684 2556/2525/2217 4342/4215/3686
f 4340/4213/3684 4342/4215/3686 4344/4216/3687
f 4340/4213/3684 4344/4216/3687 4346/4217/3688
f 4344/4216/3687 4342/4215/3686 2744/2700/2387
f 4344/4216/3687 2744/2700/2387 2746/2703/2389
f 2745/2705/2387 4343/4218/3686 2557/4219/3689
f 2745/2705/2387 2557/4219/3689 2555/2535/2216
f 4347/4220/3688 4345/4221/3687 4270/4145/3627
f 4347/4220/3688 4270/4145/3627 4348/4222/3690
f 4269/4223/3627 4344/4216/3687 2746/2703/2389
f 4269/4223/3627 2746/2703/2389 4267/4224/3691
f 4347/4220/3688 4348/4222/3690 4350/4225/3692
f 4347/4220/3688 4350/4225/3692 4352/4226/3693
f 4350/4225/3692 4348/4222/3690 4263/4140/3622
f 4350/4225/3692 4263/4140/3622 4353/4227/3694
f 4263/4140/3622 4348/4222/3690 4270/4145/3627
f 4263/4140/3622 4270/4145/3627 4262/4139/3621
f 4350/4225/3692 4353/4227/3694 4354/4228/3695
f 4350/4225/3692 4354/4228/3695 4356/4229/3696
f 4354/4228/3695 4353/4227/3694 4258/4135/3617
f 4354/4228/3695 4258/4135/3617 4357/4230/3697
f 4258/4135/3617 4353/4227/3694 4263/4140/3622
f 4258/4135/3617 4263/4140/3622 4257/4134/3616
f 4354/4228/3695 4357/4230/3697 4358/4231/3698
f 4354/4228/3695 4358/4231/3698 4360/4232/3699
f 4358/4231/3698 4357/4230/3697 4252/4130/3612
f 4358/4231/3698 4252/4130/3612 4361/4233/3700
f 4252/4130/3612 4357/4230/3697 4258/4135/3617
f 4252/4130/3612 4258/4135/3617 4251/4129/3611
f 4358/4231/3698 4361/4233/3700 4362/4234/3701
f 4358/4231/3698 4362/4234/3701 4364/4235/3702
f 4362/4234/3701 4361/4233/3700 4246/4124/3607
f 4362/4234/3701 4246/4124/3607 4365/4236/3703
f 4246/4124/3607 4361/4233/3700 4252/4130/3612
f 4246/4124/3607 4252/4130/3612 4245/4121/3606
f 4362/4234/3701 4365/4236/3703 4367/4237/3704
f 4362/4234/3701 4367/4237/3704 4369/4238/3705
f 4367/4237/3704 4365/4236/3703 4241/4239/3603
f 4367/4237/3704 4241/4239/3603 4371/4240/3706
f 4241/4239/3603 4365/4236/3703 4246/4124/3607
f 4241/4239/3603 4246/4124/3607 4239/4123/3602
f 4366/4241/3704 4370/4242/3706 4372/4243/3707
f 4366/4241/3704 4372/4243/3707 4373/4244/3708
f 4372/4243/3707 4370/4242/3706 4236/4115/3600
f 4372/4243/3707 4236/4115/3600 4374/4245/3709
f 4236/4115/3600 4370/4242/3706 4240/4118/3603
f 4236/4115/3600 4240/4118/3603 4235/4114/3599
f 4372/4243/3707 4374/4245/3709 4375/4246/3710
f 4372/4243/3707 4375/4246/3710 4376/4247/3711
f 4375/4246/3710 4374/4245/3709 4231/4110/3595
f 4375/4246/3710 4231/4110/3595 4377/4248/3712
f 4231/4110/3595 4374/4245/3709 4236/4115/3600
f 4231/4110/3595 4236/4115/3600 4230/4109/3594
f 4375/4246/3710 4377/4248/3712 4378/4249/3713
f 4375/4246/3710 4378/4249/3713 4379/4250/3714
f 4378/4249/3713 4377/4248/3712 4226/4105/3590
f 4378/4249/3713 4226/4105/3590 4380/4251/3715
f 4226/4105/3590 4377/4248/3712 4231/4110/3595
f 4226/4105/3590 4231/4110/3595 4225/4104/3589
f 4378/4249/3713 4380/4251/3715 4381/4252/3716
f 4378/4249/3713 4381/4252/3716 4382/4253/3717
f 4381/4252/3716 4380/4251/3715 4220/4100/3585
f 4381/4252/3716 4220/4100/3585 4383/4254/3718
f 4220/4100/3585 4380/4251/3715 4226/4105/3590
f 4220/4100/3585 4226/4105/3590 4219/4099/3584
f 4381/4252/3716 4383/4254/3718 4384/4255/3719
f 4381/4252/3716 4384/4255/3719 4385/4256/3720
f 4384/4255/3719 4383/4254/3718 4217/4096/3582
f 4384/4255/3719 4217/4096/3582 4386/4257/3721
f 4217/4096/3582 4383/4254/3718 4220/4100/3585
f 4217/4096/3582 4220/4100/3585 4216/4093/3580
f 4384/4255/3719 4386/4257/3721 4387/4258/3722
f 4384/4255/3719 4387/4258/3722 4388/4259/3723
f 4387/4258/3722 4386/4257/3721 3156/4260/2723
f 4387/4258/3722 3156/4260/2723 3164/4261/2729
f 3156/4260/2723 4386/4257/3721 4217/4096/3582
f 3156/4260/2723 4217/4096/3582 3158/4095/3581
f 4388/4259/3723 4387/4258/3722 1916/1813/1608
f 4388/4259/3723 1916/1813/1608 1915/1812/1607
f 1916/1813/1608 4387/4258/3722 3164/4261/2729
f 1916/1813/1608 3164/4261/2729 1918/1814/1609
f 1733/1633/1440 1917/1815/1609 3163/3070/2729
f 1733/1633/1440 3163/3070/2729 3159/3066/2725
f 1922/1819/1613 1921/1818/1612 4389/4262/3724
f 1922/1819/1613 4389/4262/3724 4390/4263/3725
f 4389/4262/3724 1921/1818/1612 1831/1729/1530
f 4389/4262/3724 1831/1729/1530 4288/4163/3643
f 4390/4263/3725 4389/4262/3724 4391/4264/3726
f 4390/4263/3725 4391/4264/3726 4392/4265/3727
f 4391/4264/3726 4389/4262/3724 4288/4163/3643
f 4391/4264/3726 4288/4163/3643 4290/4165/3645
f 4392/4265/3727 4391/4264/3726 4393/4266/3728
f 4392/4265/3727 4393/4266/3728 4394/4267/3729
f 4393/4266/3728 4391/4264/3726 4290/4165/3645
f 4393/4266/3728 4290/4165/3645 4395/4268/3730
f 4295/4169/3649 4395/4268/3730 4290/4165/3645
f 4295/4169/3649 4290/4165/3645 4289/4164/3644
f 4393/4266/3728 4395/4268/3730 4396/4269/3731
f 4393/4266/3728 4396/4269/3731 4397/4270/3732
f 4396/4269/3731 4395/4268/3730 4295/4169/3649
f 4396/4269/3731 4295/4169/3649 4398/4271/3733
f 4301/4175/3652 4398/4271/3733 4295/4169/3649
f 4301/4175/3652 4295/4169/3649 4294/4168/3648
f 4396/4269/3731 4398/4271/3733 4399/4272/3734
f 4396/4269/3731 4399/4272/3734 4400/4273/3735
f 4399/4272/3734 4398/4271/3733 4301/4175/3652
f 4399/4272/3734 4301/4175/3652 4304/4179/3655
f 4400/4273/3735 4399/4272/3734 4401/4274/3736
f 4400/4273/3735 4401/4274/3736 4402/4275/3737
f 4401/4274/3736 4399/4272/3734 4304/4179/3655
f 4401/4274/3736 4304/4179/3655 4403/4276/3738
f 4308/4277/3739 4403/4276/3738 4304/4179/3655
f 4308/4277/3739 4304/4179/3655 4302/4178/3654
f 4401/4274/3736 4403/4276/3738 4404/4278/3740
f 4401/4274/3736 4404/4278/3740 4405/4279/3741
f 4404/4278/3740 4403/4276/3738 4308/4277/3739
f 4404/4278/3740 4308/4277/3739 4407/4280/3742
f 4315/4188/3664 4408/4281/3742 4309/4184/3660
f 4315/4188/3664 4309/4184/3660 4307/4183/3659
f 4404/4278/3740 4407/4280/3742 4409/4282/3743
f 4404/4278/3740 4409/4282/3743 4411/4283/3744
f 4410/4284/3743 4408/4281/3742 4315/4188/3664
f 4410/4284/3743 4315/4188/3664 4413/4285/3745
f 4323/4286/3670 4413/4285/3745 4315/4188/3664
f 4323/4286/3670 4315/4188/3664 4314/4187/3663
f 4410/4284/3743 4413/4285/3745 4415/4287/3746
f 4410/4284/3743 4415/4287/3746 4418/4288/3747
f 4415/4287/3746 4413/4285/3745 4323/4286/3670
f 4415/4287/3746 4323/4286/3670 4419/4289/3748
f 4329/4290/3674 4419/4289/3748 4323/4286/3670
f 4329/4290/3674 4323/4286/3670 4321/4291/3669
f 4415/4287/3746 4419/4289/3748 4421/4292/3749
f 4415/4287/3746 4421/4292/3749 4424/4293/3750
f 4421/4292/3749 4419/4289/3748 4329/4290/3674
f 4421/4292/3749 4329/4290/3674 4337/4294/3681
f 4422/4295/3750 4420/4296/3749 4341/4214/3685
f 4422/4295/3750 4341/4214/3685 4351/4297/3693
f 4341/4214/3685 4420/4296/3749 4336/4210/3681
f 4341/4214/3685 4336/4210/3681 4335/4209/3680
f 4414/4298/3751 4423/4299/3750 4356/4229/3696
f 4414/4298/3751 4356/4229/3696 4417/4300/3752
f 4355/4301/3696 4422/4295/3750 4351/4297/3693
f 4355/4301/3696 4351/4297/3693 4349/4302/3692
f 4409/4282/3743 4416/4303/3752 4359/4304/3753
f 4409/4282/3743 4359/4304/3753 4411/4283/3744
f 4360/4232/3699 4417/4300/3752 4356/4229/3696
f 4360/4232/3699 4356/4229/3696 4354/4228/3695
f 4404/4278/3740 4411/4283/3744 4363/4305/3754
f 4404/4278/3740 4363/4305/3754 4405/4279/3741
f 4364/4235/3702 4412/4306/3744 4360/4232/3699
f 4364/4235/3702 4360/4232/3699 4358/4231/3698
f 4401/4274/3736 4405/4279/3741 4368/4307/3705
f 4401/4274/3736 4368/4307/3705 4402/4275/3737
f 4369/4238/3705 4406/4308/3755 4364/4235/3702
f 4369/4238/3705 4364/4235/3702 4362/4234/3701
f 4400/4273/3735 4402/4275/3737 4373/4244/3708
f 4400/4273/3735 4373/4244/3708 4425/4309/3756
f 4373/4244/3708 4402/4275/3737 4368/4307/3705
f 4373/4244/3708 4368/4307/3705 4366/4241/3704
f 4400/4273/3735 4425/4309/3756 4397/4270/3732
f 4400/4273/3735 4397/4270/3732 4396/4269/3731
f 4397/4270/3732 4425/4309/3756 4376/4247/3711
f 4397/4270/3732 4376/4247/3711 4426/4310/3757
f 4376/4247/3711 4425/4309/3756 4373/4244/3708
f 4376/4247/3711 4373/4244/3708 4372/4243/3707
f 4397/4270/3732 4426/4310/3757 4394/4267/3729
f 4397/4270/3732 4394/4267/3729 4393/4266/3728
f 4394/4267/3729 4426/4310/3757 4379/4250/3714
f 4394/4267/3729 4379/4250/3714 4427/4311/3758
f 4379/4250/3714 4426/4310/3757 4376/4247/3711
f 4379/4250/3714 4376/4247/3711 4375/4246/3710
f 4394/4267/3729 4427/4311/3758 4428/4312/3759
f 4394/4267/3729 4428/4312/3759 4392/4265/3727
f 4428/4312/3759 4427/4311/3758 4382/4253/3717
f 4428/4312/3759 4382/4253/3717 4429/4313/3760
f 4382/4253/3717 4427/4311/3758 4379/4250/3714
f 4382/4253/3717 4379/4250/3714 4378/4249/3713
f 4428/4312/3759 4429/4313/3760 4430/4314/3761
f 4428/4312/3759 4430/4314/3761 4431/4315/3762
f 4430/4314/3761 4429/4313/3760 4385/4256/3720
f 4430/4314/3761 4385/4256/3720 4432/4316/3763
f 4385/4256/3720 4429/4313/3760 4382/4253/3717
f 4385/4256/3720 4382/4253/3717 4381/4252/3716
f 4430/4314/3761 4432/4316/3763 1959/1858/1651
f 4430/4314/3761 1959/1858/1651 1958/1857/1650
f 1959/1858/1651 4432/4316/3763 4388/4259/3723
f 1959/1858/1651 4388/4259/3723 1915/1812/1607
f 4388/4259/3723 4432/4316/3763 4385/4256/3720
f 4388/4259/3723 4385/4256/3720 4384/4255/3719
f 1958/1857/1650 1960/1859/1652 4431/4315/3762
f 1958/1857/1650 4431/4315/3762 4430/4314/3761
f 4431/4315/3762 1960/1859/1652 1922/1819/1613
f 4431/4315/3762 1922/1819/1613 4390/4263/3725
f 4428/4312/3759 4431/4315/3762 4390/4263/3725
f 4428/4312/3759 4390/4263/3725 4392/4265/3727
f 4346/4217/3688 4351/4297/3693 4341/4214/3685
f 4346/4217/3688 4341/4214/3685 4340/4213/3684
f 4332/4206/3677 4336/4210/3681 4328/4201/3674
f 4332/4206/3677 4328/4201/3674 4327/4200/3673
f 2520/2494/2188 4326/4317/3672 2550/2521/2213
f 2520/2494/2188 2550/2521/2213 2543/2518/2210
f 2544/4318/2211 4319/4193/3668 2560/4319/3764
f 2544/4318/2211 2560/4319/3764 2546/4320/2212
f 2560/4319/3764 4319/4193/3668 4311/4192/3662
f 2560/4319/3764 4311/4192/3662 2564/4321/2223
f 4318/4190/3666 4319/4193/3668 2544/4318/2211
f 4318/4190/3666 2544/4318/2211 2549/4199/2213
f 2565/2532/2223 4306/4182/3658 2734/2695/2382
f 2565/2532/2223 2734/2695/2382 2563/2529/2221
f 3053/2972/2638 4293/4173/3647 2494/2984/2649
f 3053/2972/2638 2494/2984/2649 3052/2971/2637
f 3029/2950/2617 1827/1725/1526 1961/1862/1655
f 3029/2950/2617 1961/1862/1655 3026/2947/2614
f 3026/2947/2614 1961/1862/1655 1962/1863/1656
f 3026/2947/2614 1962/1863/1656 3027/2948/2615
f 3027/2948/2615 1962/1863/1656 1964/1865/1658
f 3027/2948/2615 1964/1865/1658 4433/4322/3765
f 1964/1865/1658 1966/1867/1660 4434/4323/3766
f 1964/1865/1658 4434/4323/3766 4433/4322/3765
f 4434/4323/3766 1966/1867/1660 1968/1869/1662
f 4434/4323/3766 1968/1869/1662 4435/4324/3767
f 4434/4323/3766 4435/4324/3767 4436/4325/3768
f 4434/4323/3766 4436/4325/3768 4437/4326/3769
f 4436/4325/3768 4435/4324/3767 4438/4327/3770
f 4436/4325/3768 4438/4327/3770 4439/4328/3771
f 4438/4327/3770 4435/4324/3767 1968/1869/1662
f 4438/4327/3770 1968/1869/1662 1973/1874/1667
f 4438/4327/3770 1973/1874/1667 423/375/356
f 4438/4327/3770 423/375/356 2854/2801/2479
f 4439/4328/3771 4438/4327/3770 2854/2801/2479
f 4439/4328/3771 2854/2801/2479 2855/2802/2480
f 4436/4325/3768 4439/4328/3771 4440/4329/3772
f 4436/4325/3768 4440/4329/3772 4441/4330/3773
f 4440/4329/3772 4439/4328/3771 2855/2802/2480
f 4440/4329/3772 2855/2802/2480 4442/4331/3774
f 4440/4329/3772 4442/4331/3774 4443/4332/3775
f 4440/4329/3772 4443/4332/3775 4445/4333/3776
f 4443/4332/3775 4442/4331/3774 4446/4334/3777
f 4443/4332/3775 4446/4334/3777 4448/4335/3778
f 4446/4334/3777 4442/4331/3774 2855/2802/2480
f 4446/4334/3777 2855/2802/2480 2852/2799/2477
f 4449/4336/3778 4447/4337/3777 2842/2789/2467
f 4449/4336/3778 2842/2789/2467 2864/2809/2487
f 2842/2789/2467 4447/4337/3777 2853/4338/2477
f 2842/2789/2467 2853/4338/2477 2839/2786/2464
f 4444/4339/3775 4449/4336/3778 4450/4340/3779
f 4444/4339/3775 4450/4340/3779 4452/4341/3780
f 4450/4340/3779 4449/4336/3778 2864/2809/2487
f 4450/4340/3779 2864/2809/2487 2858/2805/2483
f 4452/4341/3780 4450/4340/3779 4454/4342/3781
f 4452/4341/3780 4454/4342/3781 4456/4343/3782
f 4454/4342/3781 4450/4340/3779 2858/2805/2483
f 4454/4342/3781 2858/2805/2483 2863/2808/2486
f 4455/4344/3783 4453/4345/3784 4457/4346/3785
f 4455/4344/3783 4457/4346/3785 4458/4347/3786
f 4457/4346/3785 4453/4345/3784 2862/4348/2486
f 4457/4346/3785 2862/4348/2486 4459/4349/3787
f 2872/2816/2494 4459/4349/3787 2862/4348/2486
f 2872/2816/2494 2862/4348/2486 2860/2820/2498
f 4457/4346/3785 4459/4349/3787 4460/4350/3788
f 4457/4346/3785 4460/4350/3788 4461/4351/3789
f 4460/4350/3788 4459/4349/3787 2872/2816/2494
f 4460/4350/3788 2872/2816/2494 2875/2819/2497
f 4461/4351/3789 4460/4350/3788 4462/4352/3790
f 4461/4351/3789 4462/4352/3790 4463/4353/3791
f 4462/4352/3790 4460/4350/3788 2875/2819/2497
f 4462/4352/3790 2875/2819/2497 4464/4354/3792
f 4465/4355/3793 4464/4354/3792 2875/2819/2497
f 4465/4355/3793 2875/2819/2497 2874/2818/2496
f 4462/4352/3790 4464/4354/3792 4466/4356/3794
f 4462/4352/3790 4466/4356/3794 4467/4357/3795
f 4466/4356/3794 4464/4354/3792 4465/4355/3793
f 4466/4356/3794 4465/4355/3793 3030/2951/2618
f 4467/4357/3795 4466/4356/3794 4468/4358/3796
f 4467/4357/3795 4468/4358/3796 4437/4326/3769
f 4468/4358/3796 4466/4356/3794 3030/2951/2618
f 4468/4358/3796 3030/2951/2618 3025/2946/2613
f 4437/4326/3769 4468/4358/3796 4433/4322/3765
f 4437/4326/3769 4433/4322/3765 4434/4323/3766
f 4433/4322/3765 4468/4358/3796 3025/2946/2613
f 4433/4322/3765 3025/2946/2613 3027/2948/2615
f 4462/4352/3790 4467/4357/3795 4441/4330/3773
f 4462/4352/3790 4441/4330/3773 4463/4353/3791
f 4441/4330/3773 4467/4357/3795 4437/4326/3769
f 4441/4330/3773 4437/4326/3769 4436/4325/3768
f 2886/2829/2506 4465/4355/3793 2874/2818/2496
f 2886/2829/2506 2874/2818/2496 2887/2830/2507
f 3030/2951/2618 4465/4355/3793 2886/2829/2506
f 3030/2951/2618 2886/2829/2506 2889/2832/2509
f 4461/4351/3789 4463/4353/3791 4445/4333/3776
f 4461/4351/3789 4445/4333/3776 4469/4359/3797
f 4445/4333/3776 4463/4353/3791 4441/4330/3773
f 4445/4333/3776 4441/4330/3773 4440/4329/3772
f 4461/4351/3789 4469/4359/3797 4458/4347/3786
f 4461/4351/3789 4458/4347/3786 4457/4346/3785
f 4458/4347/3786 4469/4359/3797 4451/4360/3798
f 4458/4347/3786 4451/4360/3798 4455/4344/3783
f 4451/4360/3798 4469/4359/3797 4445/4333/3776
f 4451/4360/3798 4445/4333/3776 4443/4332/3775
f 4286/4161/3641 4285/4160/3640 3029/2950/2617
f 4286/4161/3641 3029/2950/2617 3028/2949/2616
f 4282/4158/3638 4286/4161/3641 4470/4361/3799
f 4282/4158/3638 4470/4361/3799 4471/4362/3800
f 4470/4361/3799 4286/4161/3641 3028/2949/2616
f 4470/4361/3799 3028/2949/2616 3040/2959/2625
f 4471/4362/3800 4470/4361/3799 4472/4363/3801
f 4471/4362/3800 4472/4363/3801 4474/4364/3802
f 4472/4363/3801 4470/4361/3799 3040/2959/2625
f 4472/4363/3801 3040/2959/2625 4475/4365/3803
f 4472/4363/3801 4475/4365/3803 3065/2981/2646
f 4472/4363/3801 3065/2981/2646 3067/2983/2648
f 3065/2981/2646 4475/4365/3803 4476/4366/3804
f 3065/2981/2646 4476/4366/3804 3066/2982/2647
f 4476/4366/3804 4475/4365/3803 3040/2959/2625
f 4476/4366/3804 3040/2959/2625 3041/2960/2626
f 3066/2982/2647 4476/4366/3804 3015/2938/2605
f 3066/2982/2647 3015/2938/2605 2998/2923/2590
f 3015/2938/2605 4476/4366/3804 3041/2960/2626
f 3015/2938/2605 3041/2960/2626 4477/4367/3805
f 3015/2938/2605 4477/4367/3805 2883/2826/2503
f 3015/2938/2605 2883/2826/2503 3014/2937/2604
f 2883/2826/2503 4477/4367/3805 2891/2834/2511
f 2883/2826/2503 2891/2834/2511 2878/2823/2500
f 2891/2834/2511 4477/4367/3805 3041/2960/2626
f 2891/2834/2511 3041/2960/2626 3003/2928/2595
f 4474/4364/3802 4472/4363/3801 3067/2983/2648
f 4474/4364/3802 3067/2983/2648 3077/2995/2659
f 4478/4368/3806 4473/4369/3802 3076/4370/3807
f 4478/4368/3806 3076/4370/3807 3175/3079/2738
f 4471/4362/3800 4474/4364/3802 4480/4371/3806
f 4471/4362/3800 4480/4371/3806 4481/4372/3808
f 4483/4373/3809 4481/4372/3808 4480/4371/3806
f 4483/4373/3809 4480/4371/3806 4485/4374/3810
f 4471/4362/3800 4481/4372/3808 4284/4159/3639
f 4471/4362/3800 4284/4159/3639 4282/4158/3638
f 4284/4159/3639 4481/4372/3808 4483/4373/3809
f 4284/4159/3639 4483/4373/3809 4487/4375/3811
f 4488/4376/3812 4486/4377/3811 4482/4378/3809
f 4488/4376/3812 4482/4378/3809 4489/4379/3813
f 4283/4380/3639 4486/4377/3811 4280/4155/3636
f 4283/4380/3639 4280/4155/3636 4278/4154/3635
f 4280/4155/3636 4486/4377/3811 4488/4376/3812
f 4280/4155/3636 4488/4376/3812 4490/4381/3814
f 4491/4382/3815 4490/4381/3814 4488/4376/3812
f 4491/4382/3815 4488/4376/3812 4492/4383/3816
f 4280/4155/3636 4490/4381/3814 2018/1925/1715
f 4280/4155/3636 2018/1925/1715 1817/1713/1518
f 2018/1925/1715 4490/4381/3814 4491/4382/3815
f 2018/1925/1715 4491/4382/3815 2019/1926/1716
f 1810/1708/1513 2019/1926/1716 4491/4382/3815
f 1810/1708/1513 4491/4382/3815 4276/4152/3633
f 4277/4153/3634 4492/4383/3816 4493/4384/3817
f 4277/4153/3634 4493/4384/3817 4494/4385/3818
f 4493/4384/3817 4492/4383/3816 4488/4376/3812
f 4493/4384/3817 4488/4376/3812 4489/4379/3813
f 4491/4382/3815 4492/4383/3816 4277/4153/3634
f 4491/4382/3815 4277/4153/3634 4276/4152/3633
f 4494/4385/3818 4493/4384/3817 4495/4386/3819
f 4494/4385/3818 4495/4386/3819 4260/4137/3619
f 4495/4386/3819 4493/4384/3817 4489/4379/3813
f 4495/4386/3819 4489/4379/3813 4496/4387/3820
f 4495/4386/3819 4496/4387/3820 4498/4388/3821
f 4495/4386/3819 4498/4388/3821 4255/4132/3614
f 4498/4388/3821 4496/4387/3820 4484/4389/3822
f 4498/4388/3821 4484/4389/3822 3174/4390/2739
f 4484/4389/3822 4496/4387/3820 4489/4379/3813
f 4484/4389/3822 4489/4379/3813 4482/4378/3809
f 4254/4391/3823 4497/4392/3821 4249/4126/3609
f 4254/4391/3823 4249/4126/3609 4247/4125/3608
f 4249/4126/3609 4497/4392/3821 3173/4393/2739
f 4249/4126/3609 3173/4393/2739 3145/3053/2714
f 4260/4137/3619 4495/4386/3819 4255/4132/3614
f 4260/4137/3619 4255/4132/3614 4253/4131/3613
f 4265/4142/3624 4494/4385/3818 4260/4137/3619
f 4265/4142/3624 4260/4137/3619 4259/4136/3618
f 4277/4153/3634 4494/4385/3818 4265/4142/3624
f 4277/4153/3634 4265/4142/3624 4274/4150/3631
f 3174/4390/2739 4484/4389/3822 4479/4394/3806
f 3174/4390/2739 4479/4394/3806 3176/4395/2738
f 4242/4119/3604 4249/4126/3609 3145/3053/2714
f 4242/4119/3604 3145/3053/2714 3139/3050/2711
f 4233/4112/3597 4232/4111/3596 3133/3046/2707
f 4233/4112/3597 3133/3046/2707 3138/3049/2710
f 4227/4106/3591 4233/4112/3597 4499/4396/3824
f 4227/4106/3591 4499/4396/3824 4228/4107/3592
f 4499/4396/3824 4233/4112/3597 3138/3049/2710
f 4499/4396/3824 3138/3049/2710 4500/4397/3825
f 4499/4396/3824 4500/4397/3825 3116/3033/2697
f 4499/4396/3824 3116/3033/2697 3124/3036/2699
f 3116/3033/2697 4500/4397/3825 4502/4398/3826
f 3116/3033/2697 4502/4398/3826 3118/4399/3827
f 4502/4398/3826 4500/4397/3825 3138/3049/2710
f 4502/4398/3826 3138/3049/2710 3137/3048/2709
f 3117/3030/2694 4501/4400/3828 4503/4401/3829
f 3117/3030/2694 4503/4401/3829 3119/3031/2695
f 4503/4401/3829 4501/4400/3828 3136/4402/3830
f 4503/4401/3829 3136/4402/3830 4504/4403/3831
f 4505/4404/3832 4504/4403/3831 3136/4402/3830
f 4505/4404/3832 3136/4402/3830 3134/4405/3833
f 4503/4401/3829 4504/4403/3831 4506/4406/3834
f 4503/4401/3829 4506/4406/3834 4507/4407/3835
f 4506/4406/3834 4504/4403/3831 4505/4404/3832
f 4506/4406/3834 4505/4404/3832 4508/4408/3836
f 4509/4409/3837 4508/4408/3836 4505/4404/3832
f 4509/4409/3837 4505/4404/3832 4510/4410/3838
f 4506/4406/3834 4508/4408/3836 4511/4411/3839
f 4506/4406/3834 4511/4411/3839 4512/4412/3840
f 4511/4411/3839 4508/4408/3836 4509/4409/3837
f 4511/4411/3839 4509/4409/3837 4513/4413/3841
f 4514/4414/3842 4513/4413/3841 4509/4409/3837
f 4514/4414/3842 4509/4409/3837 4515/4415/3843
f 4511/4411/3839 4513/4413/3841 3232/3129/2784
f 4511/4411/3839 3232/3129/2784 4516/4416/3844
f 3232/3129/2784 4513/4413/3841 4514/4414/3842
f 3232/3129/2784 4514/4414/3842 3233/3130/2785
f 4511/4411/3839 4516/4416/3844 4517/4417/3845
f 4511/4411/3839 4517/4417/3845 4512/4412/3840
f 4517/4417/3845 4516/4416/3844 4518/4418/3846
f 4517/4417/3845 4518/4418/3846 4519/4419/3847
f 4518/4418/3846 4516/4416/3844 3232/3129/2784
f 4518/4418/3846 3232/3129/2784 3230/3128/2783
f 4519/4419/3847 4518/4418/3846 4520/4420/3848
f 4519/4419/3847 4520/4420/3848 4206/4085/3572
f 4520/4420/3848 4518/4418/3846 3230/3128/2783
f 4520/4420/3848 3230/3128/2783 3238/4421/2790
f 4206/4085/3572 4520/4420/3848 4521/4422/3849
f 4206/4085/3572 4521/4422/3849 4204/4083/3570
f 4521/4422/3849 4520/4420/3848 3238/4421/2790
f 4521/4422/3849 3238/4421/2790 4522/4423/3850
f 4523/4424/3851 4522/4423/3850 3238/4421/2790
f 4523/4424/3851 3238/4421/2790 3240/4425/2791
f 4521/4422/3849 4522/4423/3850 4524/4426/3852
f 4521/4422/3849 4524/4426/3852 4525/4427/3853
f 4524/4426/3852 4522/4423/3850 4523/4424/3851
f 4524/4426/3852 4523/4424/3851 4526/4428/3854
f 4527/4429/3855 4526/4428/3854 4523/4424/3851
f 4527/4429/3855 4523/4424/3851 4529/4430/3856
f 4524/4426/3852 4526/4428/3854 4530/4431/3857
f 4524/4426/3852 4530/4431/3857 4531/4432/3858
f 4530/4431/3857 4526/4428/3854 4527/4429/3855
f 4530/4431/3857 4527/4429/3855 3249/4433/2798
f 4531/4432/3858 4530/4431/3857 2066/1975/1759
f 4531/4432/3858 2066/1975/1759 2065/1974/1758
f 2066/1975/1759 4530/4431/3857 3249/4433/2798
f 2066/1975/1759 3249/4433/2798 829/1976/687
f 2065/1974/1758 2068/1978/1761 4532/4434/3859
f 2065/1974/1758 4532/4434/3859 4531/4432/3858
f 4532/4434/3859 2068/1978/1761 1737/1637/1444
f 4532/4434/3859 1737/1637/1444 4200/4079/3566
f 4531/4432/3858 4532/4434/3859 4525/4427/3853
f 4531/4432/3858 4525/4427/3853 4524/4426/3852
f 4525/4427/3853 4532/4434/3859 4200/4079/3566
f 4525/4427/3853 4200/4079/3566 4202/4081/3568
f 4533/4435/3860 4529/4430/3856 4536/4436/3861
f 4529/4430/3856 3246/4437/3862 4536/4436/3861
f 3246/4437/3862 4529/4430/3856 4523/4424/3851
f 3246/4437/3862 4523/4424/3851 3240/4425/2791
f 4527/4429/3855 4529/4430/3856 4538/4438/3863
f 4529/4430/3856 4533/4435/3860 4538/4438/3863
f 4540/4439/3864 4539/4440/3865 4535/4441/3860
f 4540/4439/3864 4535/4441/3860 3309/3200/2844
f 4528/4442/3855 4539/4440/3865 3251/3151/2799
f 4528/4442/3855 3251/3151/2799 3250/3150/2798
f 3251/3151/2799 4539/4440/3865 4540/4439/3864
f 3251/3151/2799 4540/4439/3864 4541/4443/3866
f 3298/4444/2837 4541/4443/3866 4540/4439/3864
f 3298/4444/2837 4540/4439/3864 3312/3202/2846
f 3251/3151/2799 4541/4443/3866 3245/3145/2795
f 3251/3151/2799 3245/3145/2795 3243/3140/2793
f 3245/3145/2795 4541/4443/3866 3298/4444/2837
f 3245/3145/2795 3298/4444/2837 3289/4445/2831
f 3312/3202/2846 4540/4439/3864 3309/3200/2844
f 3312/3202/2846 3309/3200/2844 3307/3199/2843
f 3310/4446/2845 4537/4447/3861 4544/4448/3867
f 4537/4447/3861 4542/4449/3868 4544/4448/3867
f 4542/4449/3868 4537/4447/3861 3247/3146/2796
f 4542/4449/3868 3247/3146/2796 3242/3139/2792
f 4534/4450/3860 4537/4447/3861 3310/4446/2845
f 4534/4450/3860 3310/4446/2845 3308/4451/3869
f 4545/4452/3867 4543/4453/3868 4547/4454/3870
f 4545/4452/3867 4547/4454/3870 4548/4455/3871
f 4546/4456/3870 4542/4449/3868 3242/3139/2792
f 4546/4456/3870 3242/3139/2792 3225/3124/2779
f 4548/4455/3871 4547/4454/3870 4550/4457/3872
f 4548/4455/3871 4550/4457/3872 4551/4458/3873
f 4549/4459/3872 4546/4456/3870 3225/3124/2779
f 4549/4459/3872 3225/3124/2779 3211/3111/2767
f 4551/4458/3873 4550/4457/3872 4553/4460/3874
f 4551/4458/3873 4553/4460/3874 4554/4461/3875
f 4552/4462/3874 4549/4459/3872 3211/3111/2767
f 4552/4462/3874 3211/3111/2767 3210/3110/2766
f 4554/4461/3875 4553/4460/3874 3258/4463/3876
f 4554/4461/3875 3258/4463/3876 4556/4464/3877
f 3257/3157/2805 4552/4462/3874 3210/3110/2766
f 3257/3157/2805 3210/3110/2766 3256/3156/2804
f 4557/4465/3878 4556/4464/3877 3274/4466/2819
f 4557/4465/3878 3274/4466/2819 4559/4467/3879
f 3273/3173/2819 4555/4468/3877 3257/3157/2805
f 3273/3173/2819 3257/3157/2805 3252/3152/2800
f 4554/4461/3875 4556/4464/3877 4557/4465/3878
f 4554/4461/3875 4557/4465/3878 4560/4469/3880
f 4561/4470/3881 4560/4469/3880 4557/4465/3878
f 4561/4470/3881 4557/4465/3878 4562/4471/3882
f 4554/4461/3875 4560/4469/3880 4563/4472/3883
f 4554/4461/3875 4563/4472/3883 4551/4458/3873
f 4563/4472/3883 4560/4469/3880 4561/4470/3881
f 4563/4472/3883 4561/4470/3881 4564/4473/3884
f 3323/3213/2857 4564/4473/3884 4561/4470/3881
f 3323/3213/2857 4561/4470/3881 3349/3237/2880
f 4563/4472/3883 4564/4473/3884 4565/4474/3885
f 4563/4472/3883 4565/4474/3885 4566/4475/3886
f 4565/4474/3885 4564/4473/3884 3323/3213/2857
f 4565/4474/3885 3323/3213/2857 3318/3208/2852
f 4566/4475/3886 4565/4474/3885 4567/4476/3887
f 4566/4475/3886 4567/4476/3887 4568/4477/3888
f 4567/4476/3887 4565/4474/3885 3318/3208/2852
f 4567/4476/3887 3318/3208/2852 3321/3211/2855
f 4568/4477/3888 4567/4476/3887 3317/3207/2851
f 4568/4477/3888 3317/3207/2851 3306/3198/2842
f 3317/3207/2851 4567/4476/3887 3321/3211/2855
f 3317/3207/2851 3321/3211/2855 4569/4478/3889
f 4570/4479/3890 4569/4478/3889 3321/3211/2855
f 4570/4479/3890 3321/3211/2855 3320/3210/2854
f 3317/3207/2851 4569/4478/3889 3329/3219/2863
f 3317/3207/2851 3329/3219/2863 3315/3205/2849
f 3329/3219/2863 4569/4478/3889 4570/4479/3890
f 3329/3219/2863 4570/4479/3890 3326/3216/2860
f 4566/4475/3886 4568/4477/3888 4545/4452/3867
f 4566/4475/3886 4545/4452/3867 4548/4455/3871
f 4545/4452/3867 4568/4477/3888 3306/3198/2842
f 4545/4452/3867 3306/3198/2842 3311/3201/2845
f 4563/4472/3883 4566/4475/3886 4548/4455/3871
f 4563/4472/3883 4548/4455/3871 4551/4458/3873
f 3348/3236/2879 4562/4471/3882 4571/4480/3891
f 3348/3236/2879 4571/4480/3891 3350/3238/2881
f 4571/4480/3891 4562/4471/3882 4557/4465/3878
f 4571/4480/3891 4557/4465/3878 4559/4467/3879
f 4561/4470/3881 4562/4471/3882 3348/3236/2879
f 4561/4470/3881 3348/3236/2879 3349/3237/2880
f 3350/3238/2881 4571/4480/3891 4573/4481/3892
f 3350/3238/2881 4573/4481/3892 3354/3240/2883
f 4573/4481/3892 4571/4480/3891 4559/4467/3879
f 4573/4481/3892 4559/4467/3879 4576/4482/3893
f 3353/4483/3894 4572/4484/3892 4577/4485/3895
f 3353/4483/3894 4577/4485/3895 4578/4486/3896
f 4577/4485/3895 4572/4484/3892 4575/4487/3897
f 4577/4485/3895 4575/4487/3897 4579/4488/3898
f 4578/4486/3896 4577/4485/3895 4580/4489/3899
f 4578/4486/3896 4580/4489/3899 3331/3221/2865
f 4580/4489/3899 4577/4485/3895 4579/4488/3898
f 4580/4489/3899 4579/4488/3898 4581/4490/3900
f 4580/4489/3899 4581/4490/3900 3313/3203/2847
f 4580/4489/3899 3313/3203/2847 3316/3206/2850
f 3313/3203/2847 4581/4490/3900 4582/4491/3901
f 3313/3203/2847 4582/4491/3901 3314/3204/2848
f 4582/4491/3901 4581/4490/3900 4579/4488/3898
f 4582/4491/3901 4579/4488/3898 4583/4492/3902
f 3314/3204/2848 4582/4491/3901 3296/4493/2836
f 3314/3204/2848 3296/4493/2836 3294/4494/3903
f 3296/4493/2836 4582/4491/3901 4583/4492/3902
f 3296/4493/2836 4583/4492/3902 3305/4495/2841
f 3331/3221/2865 4580/4489/3899 3316/3206/2850
f 3331/3221/2865 3316/3206/2850 3328/3218/2862
f 4584/4496/3904 4578/4486/3896 3331/3221/2865
f 4584/4496/3904 3331/3221/2865 3330/3220/2864
f 3353/4483/3894 4578/4486/3896 4584/4496/3904
f 3353/4483/3894 4584/4496/3904 3351/4497/3905
f 4585/4498/3906 4584/4496/3904 3330/3220/2864
f 4585/4498/3906 3330/3220/2864 3344/3229/2873
f 3351/4497/3905 4584/4496/3904 4585/4498/3906
f 3351/4497/3905 4585/4498/3906 3358/4499/2885
f 3866/4500/3907 4585/4498/3906 3344/3229/2873
f 3866/4500/3907 3344/3229/2873 3861/4501/3275
f 3358/4499/2885 4585/4498/3906 3866/4500/3907
f 3358/4499/2885 3866/4500/3907 4587/4502/3908
f 3870/3734/3280 4586/4503/3908 3864/4504/3907
f 3870/3734/3280 3864/4504/3907 3862/3731/3276
f 3357/4505/2885 4586/4503/3908 4588/4506/3909
f 3357/4505/2885 4588/4506/3909 3355/3245/2884
f 4588/4506/3909 4586/4503/3908 3870/3734/3280
f 4588/4506/3909 3870/3734/3280 3872/3736/3282
f 3355/3245/2884 4588/4506/3909 4589/4507/3910
f 3355/3245/2884 4589/4507/3910 3361/3246/2887
f 4589/4507/3910 4588/4506/3909 3872/3736/3282
f 4589/4507/3910 3872/3736/3282 3874/3738/3284
f 3361/3246/2887 4589/4507/3910 3880/3744/3290
f 3361/3246/2887 3880/3744/3290 3882/3746/3292
f 3880/3744/3290 4589/4507/3910 3874/3738/3284
f 3880/3744/3290 3874/3738/3284 3876/3740/3286
f 4574/4508/3911 4558/4509/3879 3273/3173/2819
f 4574/4508/3911 3273/3173/2819 3272/3172/2818
f 4521/4422/3849 4525/4427/3853 4202/4081/3568
f 4521/4422/3849 4202/4081/3568 4204/4083/3570
f 4517/4417/3845 4519/4419/3847 4209/4088/3575
f 4517/4417/3845 4209/4088/3575 4590/4510/3912
f 4209/4088/3575 4519/4419/3847 4206/4085/3572
f 4209/4088/3575 4206/4085/3572 4205/4084/3571
f 4517/4417/3845 4590/4510/3912 4591/4511/3913
f 4517/4417/3845 4591/4511/3913 4512/4412/3840
f 4591/4511/3913 4590/4510/3912 4592/4512/3914
f 4591/4511/3913 4592/4512/3914 4593/4513/3915
f 4592/4512/3914 4590/4510/3912 4209/4088/3575
f 4592/4512/3914 4209/4088/3575 4208/4087/3574
f 4593/4513/3915 4592/4512/3914 4594/4514/3916
f 4593/4513/3915 4594/4514/3916 4595/4515/3917
f 4594/4514/3916 4592/4512/3914 4208/4087/3574
f 4594/4514/3916 4208/4087/3574 4211/4090/3577
f 4595/4515/3917 4594/4514/3916 4222/4516/3587
f 4595/4515/3917 4222/4516/3587 4597/4517/3918
f 4222/4516/3587 4594/4514/3916 4211/4090/3577
f 4222/4516/3587 4211/4090/3577 4214/4092/3579
f 4228/4107/3592 4598/4518/3918 4223/4102/3587
f 4228/4107/3592 4223/4102/3587 4221/4101/3586
f 4596/4519/3919 4598/4518/3918 3124/3036/2699
f 4596/4519/3919 3124/3036/2699 3123/3035/2698
f 3124/3036/2699 4598/4518/3918 4228/4107/3592
f 3124/3036/2699 4228/4107/3592 4499/4396/3824
f 4593/4513/3915 4595/4515/3917 3122/3037/2700
f 4593/4513/3915 3122/3037/2700 3125/3038/2701
f 4591/4511/3913 4593/4513/3915 3125/3038/2701
f 4591/4511/3913 3125/3038/2701 4507/4407/3835
f 4512/4412/3840 4591/4511/3913 4507/4407/3835
f 4512/4412/3840 4507/4407/3835 4506/4406/3834
f 3960/4520/3362 4515/4415/3843 4599/4521/3920
f 3960/4520/3362 4599/4521/3920 3951/4522/3355
f 4599/4521/3920 4515/4415/3843 4509/4409/3837
f 4599/4521/3920 4509/4409/3837 4510/4410/3838
f 4514/4414/3842 4515/4415/3843 3960/4520/3362
f 4514/4414/3842 3960/4520/3362 3958/4523/3361
f 3951/4522/3355 4599/4521/3920 3178/4524/2741
f 3951/4522/3355 3178/4524/2741 3946/4525/3352
f 3178/4524/2741 4599/4521/3920 4510/4410/3838
f 3178/4524/2741 4510/4410/3838 3141/4526/2713
f 3233/3130/2785 4514/4414/3842 3958/4523/3361
f 3233/3130/2785 3958/4523/3361 3963/4527/3364
f 3141/4526/2713 4510/4410/3838 4505/4404/3832
f 3141/4526/2713 4505/4404/3832 3134/4405/3833
f 4503/4401/3829 4507/4407/3835 3125/3038/2701
f 4503/4401/3829 3125/3038/2701 3119/3031/2695
f 2140/2066/1827 2139/2065/1826 3168/3074/2733
f 2140/2066/1827 3168/3074/2733 4600/4528/3921
f 3168/3074/2733 2139/2065/1826 680/616/571
f 3168/3074/2733 680/616/571 3113/3027/2691
f 2140/2066/1827 4600/4528/3921 4601/4529/3922
f 2140/2066/1827 4601/4529/3922 2141/2067/1828
f 4601/4529/3922 4600/4528/3921 4602/4530/3923
f 4601/4529/3922 4602/4530/3923 4193/4072/3559
f 4602/4530/3923 4600/4528/3921 3168/3074/2733
f 4602/4530/3923 3168/3074/2733 3167/3073/2732
f 4193/4072/3559 4602/4530/3923 4190/4069/3556
f 4193/4072/3559 4190/4069/3556 4189/4068/3555
f 4190/4069/3556 4602/4530/3923 3167/3073/2732
f 4190/4069/3556 3167/3073/2732 3170/3076/2735
f 2141/2067/1828 4601/4529/3922 4603/4531/3924
f 2141/2067/1828 4603/4531/3924 2144/2070/1831
f 4603/4531/3924 4601/4529/3922 4193/4072/3559
f 4603/4531/3924 4193/4072/3559 4192/4071/3558
f 2144/2070/1831 4603/4531/3924 4198/4077/3564
f 2144/2070/1831 4198/4077/3564 1727/1627/1434
f 4198/4077/3564 4603/4531/3924 4192/4071/3558
f 4198/4077/3564 4192/4071/3558 4195/4074/3561
f 4188/4067/3554 4190/4069/3556 3170/3076/2735
f 4188/4067/3554 3170/3076/2735 4605/4532/3925
f 4607/4533/3926 4605/4532/3925 3170/3076/2735
f 4607/4533/3926 3170/3076/2735 3169/3075/2734
f 4187/4534/3554 4604/4535/3927 4184/4061/3549
f 4187/4534/3554 4184/4061/3549 4182/4060/3548
f 4184/4061/3549 4604/4535/3927 4606/4536/3926
f 4184/4061/3549 4606/4536/3926 4608/4537/3928
f 3276/3175/2821 4608/4537/3928 4606/4536/3926
f 3276/3175/2821 4606/4536/3926 4609/4538/3929
f 4184/4061/3549 4608/4537/3928 4611/4539/3930
f 4184/4061/3549 4611/4539/3930 4181/4059/3547
f 4611/4539/3930 4608/4537/3928 3276/3175/2821
f 4611/4539/3930 3276/3175/2821 3254/3154/2802
f 4181/4059/3547 4611/4539/3930 4612/4540/3931
f 4181/4059/3547 4612/4540/3931 4178/4057/3545
f 4612/4540/3931 4611/4539/3930 3254/3154/2802
f 4612/4540/3931 3254/3154/2802 3253/3153/2801
f 4178/4057/3545 4612/4540/3931 3212/3112/2768
f 4178/4057/3545 3212/3112/2768 3213/3113/2769
f 3212/3112/2768 4612/4540/3931 3253/3153/2801
f 3212/3112/2768 3253/3153/2801 3256/3156/2804
f 4613/4541/3932 4609/4538/3929 3206/4542/3933
f 4613/4541/3932 3206/4542/3933 3204/4543/2762
f 3207/3107/2763 4610/4544/3929 4607/4533/3926
f 3207/3107/2763 4607/4533/3926 3169/3075/2734
f 3276/3175/2821 4609/4538/3929 4613/4541/3932
f 3276/3175/2821 4613/4541/3932 3275/3174/2820
f 3300/4545/2838 4613/4541/3932 3204/4543/2762
f 3300/4545/2838 3204/4543/2762 3260/4546/3934
f 3275/3174/2820 4613/4541/3932 3300/4545/2838
f 3275/3174/2820 3300/4545/2838 3277/3176/2822
f 3227/3126/2781 4173/4052/3540 3213/3113/2769
f 3227/3126/2781 3213/3113/2769 3208/3108/2764
f 4049/3910/3435 4052/3913/3438 3236/3135/2788
f 4049/3910/3435 3236/3135/2788 3237/3136/2789
f 4614/4547/3935 4048/3909/3434 3237/3136/2789
f 4614/4547/3935 3237/3136/2789 3234/3131/2786
f 4046/3907/3432 4048/3909/3434 4614/4547/3935
f 4046/3907/3432 4614/4547/3935 4615/4548/3936
f 3987/3846/3377 4615/4548/3936 4614/4547/3935
f 3987/3846/3377 4614/4547/3935 4616/4549/3937
f 4046/3907/3432 4615/4548/3936 4617/4550/3938
f 4046/3907/3432 4617/4550/3938 4044/3905/3430
f 4617/4550/3938 4615/4548/3936 3987/3846/3377
f 4617/4550/3938 3987/3846/3377 3986/3845/3376
f 4044/3905/3430 4617/4550/3938 3152/3061/2720
f 4044/3905/3430 3152/3061/2720 3150/3060/2719
f 3152/3061/2720 4617/4550/3938 3986/3845/3376
f 3152/3061/2720 3986/3845/3376 3990/4551/3379
f 3977/3841/3371 4616/4549/3937 3235/3134/2787
f 3977/3841/3371 3235/3134/2787 3973/4552/3369
f 3235/3134/2787 4616/4549/3937 4614/4547/3935
f 3235/3134/2787 4614/4547/3935 3234/3131/2786
f 3987/3846/3377 4616/4549/3937 3977/3841/3371
f 3987/3846/3377 3977/3841/3371 3982/3840/3374
f 4040/3901/3426 4042/3903/3428 3150/3060/2719
f 4040/3901/3426 3150/3060/2719 3147/3055/2716
f 4037/3898/3423 4040/3901/3426 3147/3055/2716
f 4037/3898/3423 3147/3055/2716 3146/3054/2715
f 4019/3880/3405 4037/3898/3423 3146/3054/2715
f 4019/3880/3405 3146/3054/2715 4016/3877/3402
f 4013/3873/3399 4012/3872/3398 3148/3056/2717
f 4013/3873/3399 3148/3056/2717 3107/3059/2688
f 4008/3870/3395 4013/3873/3399 4618/4553/3939
f 4008/3870/3395 4618/4553/3939 4003/4554/3940
f 4618/4553/3939 4013/3873/3399 3107/3059/2688
f 4618/4553/3939 3107/3059/2688 3105/4555/2687
f 4004/3864/3391 4619/4556/3941 4000/3861/3388
f 4004/3864/3391 4000/3861/3388 3999/3860/3387
f 4000/3861/3388 4619/4556/3941 3106/3023/2687
f 4000/3861/3388 3106/3023/2687 3104/3022/2686
f 3997/3858/3385 4000/3861/3388 3104/3022/2686
f 3997/3858/3385 3104/3022/2686 3132/3045/2706
f 3151/4557/3942 3989/3849/3379 3130/3044/2705
f 3151/4557/3942 3130/3044/2705 3109/3043/2704
f 3969/4558/3943 3973/4552/3369 3235/3134/2787
f 3969/4558/3943 3235/3134/2787 3229/3133/2782
f 3963/4527/3364 3968/4559/3944 3228/3127/2782
f 3963/4527/3364 3228/3127/2782 3233/3130/2785
f 3955/3820/3358 3961/3824/3362 3952/3817/3355
f 3955/3820/3358 3952/3817/3355 3950/3816/3354
f 3858/4560/3945 3861/4501/3275 3344/3229/2873
f 3858/4560/3945 3344/3229/2873 3343/3228/2872
f 3855/3723/3271 3857/3725/3273 3342/3230/2874
f 3855/3723/3271 3342/3230/2874 3346/3233/2877
f 3851/3719/3267 3855/3723/3271 3346/3233/2877
f 3851/3719/3267 3346/3233/2877 3852/3720/3268
f 3634/3467/3071 3792/3664/3218 3476/3330/2963
f 3634/3467/3071 3476/3330/2963 3630/3464/3068
f 3476/3330/2963 3792/3664/3218 3787/3659/3213
f 3476/3330/2963 3787/3659/3213 3472/3327/2960
f 3791/3663/3217 3792/3664/3218 3634/3467/3071
f 3791/3663/3217 3634/3467/3071 3636/3470/3073
f 4621/4561/3946 3715/3563/3150 3426/3564/2931
f 4621/4561/3946 3426/3564/2931 4623/4562/3947
f 3411/3569/2920 3715/3563/3150 4621/4561/3946
f 3411/3569/2920 4621/4561/3946 4625/4563/3948
f 4626/4564/3949 4625/4563/3948 4621/4561/3946
f 4626/4564/3949 4621/4561/3946 4628/4565/3950
f 3411/3569/2920 4625/4563/3948 4629/4566/3951
f 3411/3569/2920 4629/4566/3951 3407/4567/2917
f 4629/4566/3951 4625/4563/3948 4626/4564/3949
f 4629/4566/3951 4626/4564/3949 4631/4568/3952
f 4633/4569/3953 4631/4568/3952 4626/4564/3949
f 4633/4569/3953 4626/4564/3949 4635/4570/3954
f 4629/4566/3951 4631/4568/3952 4637/4571/3955
f 4629/4566/3951 4637/4571/3955 4624/4572/3956
f 4636/4573/3957 4630/4574/3958 4632/4575/3959
f 4636/4573/3957 4632/4575/3959 4638/4576/3960
f 4622/4577/3956 4636/4573/3957 4627/4578/3961
f 4622/4577/3956 4627/4578/3961 4620/4579/3946
f 4627/4578/3961 4636/4573/3957 4638/4576/3960
f 4627/4578/3961 4638/4576/3960 4639/4580/3962
f 3407/4567/2917 4629/4566/3951 4624/4572/3956
f 3407/4567/2917 4624/4572/3956 3427/4581/2931
f 4626/4564/3949 4628/4565/3950 4640/4582/3962
f 4626/4564/3949 4640/4582/3962 4635/4570/3954
f 3692/4583/3130 3694/3629/3131 3456/3313/2948
f 3692/4583/3130 3456/3313/2948 3448/3312/2944
f 3660/3509/3101 3663/3515/3105 3655/3501/3096
f 3660/3509/3101 3655/3501/3096 3657/3503/3098
f 3632/3465/3069 3630/3464/3068 3476/3330/2963
f 3632/3465/3069 3476/3330/2963 3475/3329/2962
f 3518/3369/2993 3603/3441/3052 3501/3351/2979
f 3518/3369/2993 3501/3351/2979 3502/3354/2981
f 3566/4584/3026 3588/3480/3081 3560/3477/3078
f 3566/4584/3026 3560/3477/3078 3558/4585/3021
f 3433/3299/2936 3438/3302/2939 3387/4586/2903
f 3433/3299/2936 3387/4586/2903 3390/3623/2905
f 3391/4587/2907 3421/3579/2928 3413/3284/2922
f 3391/4587/2907 3413/3284/2922 4641/4588/3963
f 4641/4588/3963 3413/3284/2922 3401/3285/2914
f 4641/4588/3963 3401/3285/2914 3399/4589/3964
f 3323/3213/2857 3349/3237/2880 3333/3223/2867
f 3323/3213/2857 3333/3223/2867 3322/3212/2856
f 3329/3219/2863 3328/3218/2862 3316/3206/2850
f 3329/3219/2863 3316/3206/2850 3315/3205/2849
f 3325/3215/2859 3326/3216/2860 4570/4479/3890
f 3325/3215/2859 4570/4479/3890 3324/3214/2858
f 3312/3202/2846 3314/3204/2848 3294/4494/3903
f 3312/3202/2846 3294/4494/3903 3298/4444/2837
f 3277/3176/2822 3303/4590/3965 4574/4508/3911
f 3277/3176/2822 4574/4508/3911 3272/3172/2818
f 3305/4495/2841 4583/4492/3902 4575/4487/3897
f 4583/4492/3902 4579/4488/3898 4575/4487/3897
f 3295/3191/2836 3302/4591/3966 3284/3183/2828
f 3295/3191/2836 3284/3183/2828 3282/3181/2826
f 4643/4592/3967 3292/3189/2834 3279/3177/2823
f 4643/4592/3967 3279/3177/2823 3281/3179/2825
f 3290/3187/2832 3292/3189/2834 4644/4593/3968
f 3290/3187/2832 4644/4593/3968 4645/4594/3969
f 4644/4593/3968 3292/3189/2834 4643/4592/3967
f 4644/4593/3968 4643/4592/3967 4646/4595/3970
f 4647/4596/3971 4646/4595/3970 4643/4592/3967
f 4647/4596/3971 4643/4592/3967 4648/4597/3972
f 4644/4593/3968 4646/4595/3970 4649/4598/3973
f 4644/4593/3968 4649/4598/3973 4650/4599/3974
f 4649/4598/3973 4646/4595/3970 4647/4596/3971
f 4649/4598/3973 4647/4596/3971 4651/4600/3975
f 4652/4601/3976 4651/4600/3975 4647/4596/3971
f 4652/4601/3976 4647/4596/3971 4653/4602/3977
f 4649/4598/3973 4651/4600/3975 4654/4603/3978
f 4649/4598/3973 4654/4603/3978 4655/4604/3979
f 4654/4603/3978 4651/4600/3975 4652/4601/3976
f 4654/4603/3978 4652/4601/3976 2579/2547/2237
f 4655/4604/3979 4654/4603/3978 4656/4605/3980
f 4655/4604/3979 4656/4605/3980 4657/4606/3981
f 4656/4605/3980 4654/4603/3978 2579/2547/2237
f 4656/4605/3980 2579/2547/2237 2576/2544/2234
f 4657/4606/3981 4656/4605/3980 2589/2557/2247
f 4657/4606/3981 2589/2557/2247 2601/2569/2259
f 2589/2557/2247 4656/4605/3980 2576/2544/2234
f 2589/2557/2247 2576/2544/2234 2577/2545/2235
f 4655/4604/3979 4657/4606/3981 4658/4607/3982
f 4655/4604/3979 4658/4607/3982 4659/4608/3983
f 4658/4607/3982 4657/4606/3981 2601/2569/2259
f 4658/4607/3982 2601/2569/2259 2603/2571/2261
f 4659/4608/3983 4658/4607/3982 4660/4609/3984
f 4659/4608/3983 4660/4609/3984 4661/4610/3985
f 4660/4609/3984 4658/4607/3982 2603/2571/2261
f 4660/4609/3984 2603/2571/2261 4662/4611/3986
f 4660/4609/3984 4662/4611/3986 4663/4612/3987
f 4660/4609/3984 4663/4612/3987 4664/4613/3988
f 4663/4612/3987 4662/4611/3986 4665/4614/3989
f 4663/4612/3987 4665/4614/3989 4666/4615/3990
f 4665/4614/3989 4662/4611/3986 2603/2571/2261
f 4665/4614/3989 2603/2571/2261 2602/2570/2260
f 4666/4615/3990 4665/4614/3989 4667/4616/3991
f 4666/4615/3990 4667/4616/3991 4668/4617/3992
f 4667/4616/3991 4665/4614/3989 2602/2570/2260
f 4667/4616/3991 2602/2570/2260 2605/2573/2263
f 4668/4617/3992 4667/4616/3991 3270/3169/2815
f 4668/4617/3992 3270/3169/2815 3202/3105/2761
f 3270/3169/2815 4667/4616/3991 2605/2573/2263
f 3270/3169/2815 2605/2573/2263 4669/4618/3993
f 3192/3094/2752 4669/4618/3993 2605/2573/2263
f 3192/3094/2752 2605/2573/2263 2604/2572/2262
f 3270/3169/2815 4669/4618/3993 3286/3184/2829
f 3270/3169/2815 3286/3184/2829 3261/3160/2807
f 3286/3184/2829 4669/4618/3993 3192/3094/2752
f 3286/3184/2829 3192/3094/2752 3194/3096/2754
f 4666/4615/3990 4668/4617/3992 2498/4619/2172
f 4666/4615/3990 2498/4619/2172 2496/2477/2171
f 2498/4619/2172 4668/4617/3992 3202/3105/2761
f 2498/4619/2172 3202/3105/2761 3196/3104/2760
f 4663/4612/3987 4666/4615/3990 2496/2477/2171
f 4663/4612/3987 2496/2477/2171 2501/2480/2174
f 4664/4613/3988 4663/4612/3987 2501/2480/2174
f 4664/4613/3988 2501/2480/2174 4670/4620/3994
f 4664/4613/3988 4670/4620/3994 4671/4621/3995
f 4664/4613/3988 4671/4621/3995 4672/4622/3996
f 4671/4621/3995 4670/4620/3994 4673/4623/3997
f 4671/4621/3995 4673/4623/3997 4674/4624/3998
f 4673/4623/3997 4670/4620/3994 2501/2480/2174
f 4673/4623/3997 2501/2480/2174 2500/2479/2173
f 4674/4624/3998 4673/4623/3997 2215/4625/3999
f 4674/4624/3998 2215/4625/3999 2213/4626/1898
f 2215/4625/3999 4673/4623/3997 2500/2479/2173
f 2215/4625/3999 2500/2479/2173 2217/4627/1900
f 4675/4628/4000 2219/4629/1901 794/3120/661
f 4675/4628/4000 794/3120/661 3217/3116/2772
f 2213/4626/1898 2219/4629/1901 4675/4628/4000
f 2213/4626/1898 4675/4628/4000 4674/4624/3998
f 4676/4630/4001 4675/4628/4000 3217/3116/2772
f 4676/4630/4001 3217/3116/2772 3221/3119/2775
f 4674/4624/3998 4675/4628/4000 4676/4630/4001
f 4674/4624/3998 4676/4630/4001 4671/4621/3995
f 4677/4631/4002 4676/4630/4001 3221/3119/2775
f 4677/4631/4002 3221/3119/2775 4678/4632/4003
f 4671/4621/3995 4676/4630/4001 4677/4631/4002
f 4671/4621/3995 4677/4631/4002 4672/4622/3996
f 4645/4594/3969 4678/4632/4003 3291/3188/2833
f 4645/4594/3969 3291/3188/2833 3290/3187/2832
f 3291/3188/2833 4678/4632/4003 3221/3119/2775
f 3291/3188/2833 3221/3119/2775 3219/3118/2774
f 4677/4631/4002 4678/4632/4003 4645/4594/3969
f 4677/4631/4002 4645/4594/3969 4679/4633/4004
f 4650/4599/3974 4679/4633/4004 4645/4594/3969
f 4650/4599/3974 4645/4594/3969 4644/4593/3968
f 4677/4631/4002 4679/4633/4004 4661/4610/3985
f 4677/4631/4002 4661/4610/3985 4672/4622/3996
f 4661/4610/3985 4679/4633/4004 4650/4599/3974
f 4661/4610/3985 4650/4599/3974 4659/4608/3983
f 4664/4613/3988 4672/4622/3996 4661/4610/3985
f 4664/4613/3988 4661/4610/3985 4660/4609/3984
f 4655/4604/3979 4659/4608/3983 4650/4599/3974
f 4655/4604/3979 4650/4599/3974 4649/4598/3973
f 4680/4634/4005 4653/4602/3977 4681/4635/4006
f 4680/4634/4005 4681/4635/4006 4682/4636/4007
f 4681/4635/4006 4653/4602/3977 4647/4596/3971
f 4681/4635/4006 4647/4596/3971 4648/4597/3972
f 4652/4601/3976 4653/4602/3977 4680/4634/4005
f 4652/4601/3976 4680/4634/4005 2621/2589/2279
f 4682/4636/4007 4681/4635/4006 4683/4637/4008
f 4682/4636/4007 4683/4637/4008 4684/4638/4009
f 4683/4637/4008 4681/4635/4006 4648/4597/3972
f 4683/4637/4008 4648/4597/3972 4685/4639/4010
f 4683/4637/4008 4685/4639/4010 4686/4640/4011
f 4683/4637/4008 4686/4640/4011 4687/4641/4012
f 4686/4640/4011 4685/4639/4010 3281/3179/2825
f 4686/4640/4011 3281/3179/2825 3280/3178/2824
f 3281/3179/2825 4685/4639/4010 4648/4597/3972
f 3281/3179/2825 4648/4597/3972 4643/4592/3967
f 4687/4641/4012 4686/4640/4011 3187/4642/4013
f 4687/4641/4012 3187/4642/4013 4688/4643/4014
f 3187/4642/4013 4686/4640/4011 3280/3178/2824
f 3187/4642/4013 3280/3178/2824 3189/3180/2750
f 4691/4644/4015 4689/4645/4014 4692/4646/4016
f 4691/4644/4015 4692/4646/4016 4693/4647/4017
f 4692/4646/4016 4689/4645/4014 3188/3091/2749
f 4692/4646/4016 3188/3091/2749 3183/3087/2745
f 4687/4641/4012 4688/4643/4014 4690/4648/4015
f 4687/4641/4012 4690/4648/4015 4694/4649/4018
f 4695/4650/4019 4694/4649/4018 4690/4648/4015
f 4695/4650/4019 4690/4648/4015 4696/4651/4020
f 4687/4641/4012 4694/4649/4018 4684/4638/4009
f 4687/4641/4012 4684/4638/4009 4683/4637/4008
f 4684/4638/4009 4694/4649/4018 4695/4650/4019
f 4684/4638/4009 4695/4650/4019 2732/2693/2380
f 4699/4652/4021 4697/4653/4020 4700/4654/4022
f 4699/4652/4021 4700/4654/4022 4701/4655/4023
f 4700/4654/4022 4697/4653/4020 4691/4644/4015
f 4700/4654/4022 4691/4644/4015 4693/4647/4017
f 4695/4650/4019 4696/4651/4020 4698/4656/4024
f 4695/4650/4019 4698/4656/4024 4702/4657/4025
f 4701/4655/4023 4700/4654/4022 4703/4658/4026
f 4701/4655/4023 4703/4658/4026 4704/4659/4027
f 4703/4658/4026 4700/4654/4022 4693/4647/4017
f 4703/4658/4026 4693/4647/4017 4705/4660/4028
f 4703/4658/4026 4705/4660/4028 4706/4661/4029
f 4703/4658/4026 4706/4661/4029 4707/4662/4030
f 4706/4661/4029 4705/4660/4028 4708/4663/4031
f 4706/4661/4029 4708/4663/4031 4709/4664/4032
f 4708/4663/4031 4705/4660/4028 4693/4647/4017
f 4708/4663/4031 4693/4647/4017 4692/4646/4016
f 4709/4664/4032 4708/4663/4031 2620/2588/2278
f 4709/4664/4032 2620/2588/2278 2618/2586/2276
f 2620/2588/2278 4708/4663/4031 4692/4646/4016
f 2620/2588/2278 4692/4646/4016 3183/3087/2745
f 4706/4661/4029 4709/4664/4032 4710/4665/4033
f 4706/4661/4029 4710/4665/4033 4711/4666/4034
f 4710/4665/4033 4709/4664/4032 2618/2586/2276
f 4710/4665/4033 2618/2586/2276 2619/2587/2277
f 4711/4666/4034 4710/4665/4033 4712/4667/4035
f 4711/4666/4034 4712/4667/4035 4713/4668/4036
f 4712/4667/4035 4710/4665/4033 2619/2587/2277
f 4712/4667/4035 2619/2587/2277 2593/2561/2251
f 4713/4668/4036 4712/4667/4035 4714/4669/4037
f 4713/4668/4036 4714/4669/4037 4715/4670/4038
f 4714/4669/4037 4712/4667/4035 2593/2561/2251
f 4714/4669/4037 2593/2561/2251 2592/2560/2250
f 4715/4670/4038 4714/4669/4037 2574/2542/2232
f 4715/4670/4038 2574/2542/2232 4716/4671/4039
f 2574/2542/2232 4714/4669/4037 2592/2560/2250
f 2574/2542/2232 2592/2560/2250 2575/2543/2233
f 4717/4672/4040 4716/4671/4039 2570/2538/2228
f 4717/4672/4040 2570/2538/2228 2582/2550/2240
f 2570/2538/2228 4716/4671/4039 2574/2542/2232
f 2570/2538/2228 2574/2542/2232 2571/2539/2229
f 4715/4670/4038 4716/4671/4039 4717/4672/4040
f 4715/4670/4038 4717/4672/4040 4718/4673/4041
f 2610/2578/2268 4718/4673/4041 4717/4672/4040
f 2610/2578/2268 4717/4672/4040 2607/2575/2265
f 4715/4670/4038 4718/4673/4041 4719/4674/4042
f 4715/4670/4038 4719/4674/4042 4713/4668/4036
f 4719/4674/4042 4718/4673/4041 2610/2578/2268
f 4719/4674/4042 2610/2578/2268 4720/4675/4043
f 4721/4676/4044 4720/4675/4043 2610/2578/2268
f 4721/4676/4044 2610/2578/2268 2609/2577/2267
f 4719/4674/4042 4720/4675/4043 4722/4677/4045
f 4719/4674/4042 4722/4677/4045 4723/4678/4046
f 4722/4677/4045 4720/4675/4043 4721/4676/4044
f 4722/4677/4045 4721/4676/4044 4724/4679/4047
f 4723/4678/4046 4722/4677/4045 4725/4680/4048
f 4723/4678/4046 4725/4680/4048 4707/4662/4030
f 4725/4680/4048 4722/4677/4045 4724/4679/4047
f 4725/4680/4048 4724/4679/4047 4726/4681/4049
f 4727/4682/4050 4726/4681/4049 4724/4679/4047
f 4727/4682/4050 4724/4679/4047 4728/4683/4051
f 4725/4680/4048 4726/4681/4049 4729/4684/4052
f 4725/4680/4048 4729/4684/4052 4704/4659/4027
f 4729/4684/4052 4726/4681/4049 4727/4682/4050
f 4729/4684/4052 4727/4682/4050 4730/4685/4053
f 4732/4686/4054 4730/4685/4053 4727/4682/4050
f 4732/4686/4054 4727/4682/4050 4734/4687/4055
f 4729/4684/4052 4730/4685/4053 4735/4688/4056
f 4729/4684/4052 4735/4688/4056 4736/4689/4057
f 4735/4688/4056 4730/4685/4053 4732/4686/4054
f 4735/4688/4056 4732/4686/4054 4738/4690/4058
f 4739/4691/4059 4737/4692/4058 4731/4693/4054
f 4739/4691/4059 4731/4693/4054 4740/4694/4060
f 4735/4688/4056 4738/4690/4058 4743/4695/4061
f 4735/4688/4056 4743/4695/4061 4745/4696/4062
f 4741/4697/4063 4737/4692/4058 4739/4691/4059
f 4741/4697/4063 4739/4691/4059 4746/4698/4064
f 2702/2664/2351 4746/4698/4064 4739/4691/4059
f 2702/2664/2351 4739/4691/4059 2704/2665/2352
f 4742/4699/4063 4747/4700/4065 4748/4701/4066
f 4742/4699/4063 4748/4701/4066 4749/4702/4067
f 4748/4701/4066 4747/4700/4065 2703/4703/2351
f 4748/4701/4066 2703/4703/2351 4750/4704/4068
f 2700/2660/2349 4750/4704/4068 2703/4703/2351
f 2700/2660/2349 2703/4703/2351 2694/2661/2344
f 4748/4701/4066 4750/4704/4068 4751/4705/4069
f 4748/4701/4066 4751/4705/4069 4752/4706/4070
f 4751/4705/4069 4750/4704/4068 2700/2660/2349
f 4751/4705/4069 2700/2660/2349 4753/4707/4071
f 4754/4708/4072 4753/4707/4071 2700/2660/2349
f 4754/4708/4072 2700/2660/2349 2701/2663/2350
f 4751/4705/4069 4753/4707/4071 2717/2678/2365
f 4751/4705/4069 2717/2678/2365 2716/2677/2364
f 2717/2678/2365 4753/4707/4071 4754/4708/4072
f 2717/2678/2365 4754/4708/4072 4755/4709/4073
f 4756/4710/4074 4755/4709/4073 4754/4708/4072
f 4756/4710/4074 4754/4708/4072 4757/4711/4075
f 2717/2678/2365 4755/4709/4073 4758/4712/4076
f 2717/2678/2365 4758/4712/4076 2714/2675/2362
f 4758/4712/4076 4755/4709/4073 4756/4710/4074
f 4758/4712/4076 4756/4710/4074 4759/4713/4077
f 2667/2631/2321 4759/4713/4077 4756/4710/4074
f 2667/2631/2321 4756/4710/4074 2668/2632/2322
f 4758/4712/4076 4759/4713/4077 4760/4714/4078
f 4758/4712/4076 4760/4714/4078 4761/4715/4079
f 4760/4714/4078 4759/4713/4077 2667/2631/2321
f 4760/4714/4078 2667/2631/2321 2670/2634/2324
f 4761/4715/4079 4760/4714/4078 4762/4716/4080
f 4761/4715/4079 4762/4716/4080 4763/4717/4081
f 4762/4716/4080 4760/4714/4078 2670/2634/2324
f 4762/4716/4080 2670/2634/2324 4764/4718/4082
f 4765/4719/4083 4764/4718/4082 2670/2634/2324
f 4765/4719/4083 2670/2634/2324 2669/2633/2323
f 4762/4716/4080 4764/4718/4082 4767/4720/4084
f 4762/4716/4080 4767/4720/4084 4769/4721/4085
f 4767/4720/4084 4764/4718/4082 4765/4719/4083
f 4767/4720/4084 4765/4719/4083 4770/4722/4086
f 4771/4723/4087 4770/4722/4086 4765/4719/4083
f 4771/4723/4087 4765/4719/4083 2655/2620/2310
f 4767/4720/4084 4770/4722/4086 4772/4724/4088
f 4767/4720/4084 4772/4724/4088 4774/4725/4089
f 4772/4724/4088 4770/4722/4086 4771/4723/4087
f 4772/4724/4088 4771/4723/4087 4775/4726/4090
f 2660/2625/2315 4775/4726/4090 4771/4723/4087
f 2660/2625/2315 4771/4723/4087 2657/2622/2312
f 4772/4724/4088 4775/4726/4090 4776/4727/4091
f 4772/4724/4088 4776/4727/4091 4777/4728/4092
f 4776/4727/4091 4775/4726/4090 2660/2625/2315
f 4776/4727/4091 2660/2625/2315 4778/4729/4093
f 4779/4730/4094 4778/4729/4093 2660/2625/2315
f 4779/4730/4094 2660/2625/2315 2659/2624/2314
f 4776/4727/4091 4778/4729/4093 4780/4731/4095
f 4776/4727/4091 4780/4731/4095 4781/4732/4096
f 4780/4731/4095 4778/4729/4093 4779/4730/4094
f 4780/4731/4095 4779/4730/4094 4782/4733/4097
f 4784/4734/4098 4782/4733/4097 4779/4730/4094
f 4784/4734/4098 4779/4730/4094 4786/4735/4099
f 4780/4731/4095 4782/4733/4097 4787/4736/4100
f 4780/4731/4095 4787/4736/4100 2628/2596/2286
f 4787/4736/4100 4782/4733/4097 4784/4734/4098
f 4787/4736/4100 4784/4734/4098 4789/4737/4101
f 4790/4738/4102 4788/4739/4101 4783/4740/4098
f 4790/4738/4102 4783/4740/4098 4791/4741/4103
f 4787/4736/4100 4789/4737/4101 4793/4742/4104
f 4787/4736/4100 4793/4742/4104 4794/4743/4105
f 4792/4744/4106 4788/4739/4101 4790/4738/4102
f 4792/4744/4106 4790/4738/4102 4795/4745/4107
f 4796/4746/4108 4795/4745/4107 4790/4738/4102
f 4796/4746/4108 4790/4738/4102 4797/4747/4109
f 4792/4744/4106 4795/4745/4107 4798/4748/4110
f 4792/4744/4106 4798/4748/4110 4799/4749/4111
f 4798/4748/4110 4795/4745/4107 4796/4746/4108
f 4798/4748/4110 4796/4746/4108 2641/2606/2296
f 4799/4749/4111 4798/4748/4110 4801/4750/4112
f 4799/4749/4111 4801/4750/4112 4802/4751/4113
f 4801/4750/4112 4798/4748/4110 2641/2606/2296
f 4801/4750/4112 2641/2606/2296 2640/2605/2295
f 4802/4751/4113 4801/4750/4112 4803/4752/4114
f 4802/4751/4113 4803/4752/4114 4804/4753/4115
f 4803/4752/4114 4801/4750/4112 2640/2605/2295
f 4803/4752/4114 2640/2605/2295 2643/2608/2298
f 4804/4753/4115 4803/4752/4114 4805/4754/4116
f 4804/4753/4115 4805/4754/4116 4806/4755/4117
f 4805/4754/4116 4803/4752/4114 2643/2608/2298
f 4805/4754/4116 2643/2608/2298 4807/4756/4118
f 4805/4754/4116 4807/4756/4118 2676/2639/2329
f 4805/4754/4116 2676/2639/2329 2677/2640/2330
f 2676/2639/2329 4807/4756/4118 4808/4757/4119
f 2676/2639/2329 4808/4757/4119 2680/2643/2333
f 4808/4757/4119 4807/4756/4118 2643/2608/2298
f 4808/4757/4119 2643/2608/2298 2642/2607/2297
f 2680/2643/2333 4808/4757/4119 2649/2614/2304
f 2680/2643/2333 2649/2614/2304 4809/4758/4120
f 2649/2614/2304 4808/4757/4119 2642/2607/2297
f 2649/2614/2304 2642/2607/2297 2644/2609/2299
f 2680/2643/2333 4809/4758/4120 4810/4759/4121
f 2680/2643/2333 4810/4759/4121 2678/2641/2331
f 4810/4759/4121 4809/4758/4120 4811/4760/4122
f 4810/4759/4121 4811/4760/4122 4812/4761/4123
f 4811/4760/4122 4809/4758/4120 2649/2614/2304
f 4811/4760/4122 2649/2614/2304 2647/2612/2302
f 4812/4761/4123 4811/4760/4122 4813/4762/4124
f 4812/4761/4123 4813/4762/4124 2696/2657/2346
f 4813/4762/4124 4811/4760/4122 2647/2612/2302
f 4813/4762/4124 2647/2612/2302 2648/2613/2303
f 2696/2657/2346 4813/4762/4124 4814/4763/4125
f 2696/2657/2346 4814/4763/4125 2692/2654/2343
f 4814/4763/4125 4813/4762/4124 2648/2613/2303
f 4814/4763/4125 2648/2613/2303 4797/4747/4109
f 2692/2654/2343 4814/4763/4125 4791/4741/4103
f 2692/2654/2343 4791/4741/4103 2699/2659/2348
f 4791/4741/4103 4814/4763/4125 4797/4747/4109
f 4791/4741/4103 4797/4747/4109 4790/4738/4102
f 4810/4759/4121 4812/4761/4123 4815/4764/4126
f 4810/4759/4121 4815/4764/4126 2707/2668/2355
f 4815/4764/4126 4812/4761/4123 2696/2657/2346
f 4815/4764/4126 2696/2657/2346 2695/2656/2345
f 2707/2668/2355 4815/4764/4126 4816/4765/4127
f 2707/2668/2355 4816/4765/4127 2708/2669/2356
f 4816/4765/4127 4815/4764/4126 2695/2656/2345
f 4816/4765/4127 2695/2656/2345 2704/2665/2352
f 2708/2669/2356 4816/4765/4127 4740/4694/4060
f 2708/2669/2356 4740/4694/4060 4817/4766/4128
f 4740/4694/4060 4816/4765/4127 2704/2665/2352
f 4740/4694/4060 2704/2665/2352 4739/4691/4059
f 2708/2669/2356 4817/4766/4128 2713/2674/2361
f 2708/2669/2356 2713/2674/2361 2705/2666/2353
f 2713/2674/2361 4817/4766/4128 4733/4767/4055
f 2713/2674/2361 4733/4767/4055 4818/4768/4129
f 4733/4767/4055 4817/4766/4128 4740/4694/4060
f 4733/4767/4055 4740/4694/4060 4731/4693/4054
f 2713/2674/2361 4818/4768/4129 4820/4769/4130
f 2713/2674/2361 4820/4769/4130 2711/2672/2359
f 4821/4770/4130 4819/4771/4129 4728/4683/4051
f 4821/4770/4130 4728/4683/4051 4822/4772/4131
f 4728/4683/4051 4819/4771/4129 4734/4687/4055
f 4728/4683/4051 4734/4687/4055 4727/4682/4050
f 2711/2672/2359 4820/4769/4130 4823/4773/4132
f 2711/2672/2359 4823/4773/4132 2712/2673/2360
f 4824/4774/4132 4821/4770/4130 4822/4772/4131
f 4824/4774/4132 4822/4772/4131 4825/4775/4133
f 2712/2673/2360 4823/4773/4132 4826/4776/4134
f 2712/2673/2360 4826/4776/4134 4828/4777/4135
f 4827/4778/4134 4824/4774/4132 4825/4775/4133
f 4827/4778/4134 4825/4775/4133 4829/4779/4136
f 4827/4778/4134 4829/4779/4136 4830/4780/4137
f 4827/4778/4134 4830/4780/4137 4832/4781/4138
f 4830/4780/4137 4829/4779/4136 2614/2582/2272
f 4830/4780/4137 2614/2582/2272 2611/2579/2269
f 2614/2582/2272 4829/4779/4136 4825/4775/4133
f 2614/2582/2272 4825/4775/4133 4833/4782/4139
f 4832/4781/4138 4830/4780/4137 2725/2686/2373
f 4832/4781/4138 2725/2686/2373 4834/4783/4140
f 2725/2686/2373 4830/4780/4137 2611/2579/2269
f 2725/2686/2373 2611/2579/2269 2613/2581/2271
f 4835/4784/4141 4834/4783/4140 4836/4785/4142
f 4835/4784/4141 4836/4785/4142 4837/4786/4143
f 4836/4785/4142 4834/4783/4140 2725/2686/2373
f 4836/4785/4142 2725/2686/2373 2724/2685/2372
f 4832/4781/4138 4834/4783/4140 4835/4784/4141
f 4832/4781/4138 4835/4784/4141 4839/4787/4144
f 2689/2650/2339 4839/4787/4144 4835/4784/4141
f 2689/2650/2339 4835/4784/4141 2690/2651/2340
f 4831/4788/4145 4838/4789/4146 4828/4777/4135
f 4831/4788/4145 4828/4777/4135 4826/4776/4134
f 4828/4777/4135 4838/4789/4146 2688/2652/2341
f 4828/4777/4135 2688/2652/2341 2691/2653/2342
f 4837/4786/4143 4836/4785/4142 4840/4790/4147
f 4837/4786/4143 4840/4790/4147 2722/2683/2370
f 4840/4790/4147 4836/4785/4142 2724/2685/2372
f 4840/4790/4147 2724/2685/2372 2727/2688/2375
f 2722/2683/2370 4840/4790/4147 4841/4791/4148
f 2722/2683/2370 4841/4791/4148 2720/2681/2368
f 4841/4791/4148 4840/4790/4147 2727/2688/2375
f 4841/4791/4148 2727/2688/2375 4842/4792/4149
f 4841/4791/4148 4842/4792/4149 4843/4793/4150
f 4841/4791/4148 4843/4793/4150 4844/4794/4151
f 4843/4793/4150 4842/4792/4149 4845/4795/4152
f 4843/4793/4150 4845/4795/4152 4846/4796/4153
f 4845/4795/4152 4842/4792/4149 2727/2688/2375
f 4845/4795/4152 2727/2688/2375 2726/2687/2374
f 4846/4796/4153 4845/4795/4152 2622/2590/2280
f 4846/4796/4153 2622/2590/2280 4847/4797/4154
f 2622/2590/2280 4845/4795/4152 2726/2687/2374
f 2622/2590/2280 2726/2687/2374 2615/2583/2273
f 4846/4796/4153 4847/4797/4154 2733/2694/2381
f 4846/4796/4153 2733/2694/2381 2728/2689/2376
f 2733/2694/2381 4847/4797/4154 4680/4634/4005
f 2733/2694/2381 4680/4634/4005 4682/4636/4007
f 4680/4634/4005 4847/4797/4154 2622/2590/2280
f 4680/4634/4005 2622/2590/2280 2621/2589/2279
f 4843/4793/4150 4846/4796/4153 2728/2689/2376
f 4843/4793/4150 2728/2689/2376 2731/2692/2379
f 4844/4794/4151 4843/4793/4150 2731/2692/2379
f 4844/4794/4151 2731/2692/2379 4848/4798/4155
f 4752/4706/4070 4848/4798/4155 4749/4702/4067
f 4752/4706/4070 4749/4702/4067 4748/4701/4066
f 4749/4702/4067 4848/4798/4155 2731/2692/2379
f 4749/4702/4067 2731/2692/2379 2730/2691/2378
f 4844/4794/4151 4848/4798/4155 4752/4706/4070
f 4844/4794/4151 4752/4706/4070 2721/2682/2369
f 4841/4791/4148 4844/4794/4151 2721/2682/2369
f 4841/4791/4148 2721/2682/2369 2720/2681/2368
f 4849/4799/4156 4837/4786/4143 2722/2683/2370
f 4849/4799/4156 2722/2683/2370 2718/2679/2366
f 4835/4784/4141 4837/4786/4143 4849/4799/4156
f 4835/4784/4141 4849/4799/4156 2690/2651/2340
f 4850/4800/4157 4849/4799/4156 2718/2679/2366
f 4850/4800/4157 2718/2679/2366 2719/2680/2367
f 2690/2651/2340 4849/4799/4156 4850/4800/4157
f 2690/2651/2340 4850/4800/4157 2685/2648/2338
f 4763/4717/4081 4850/4800/4157 2719/2680/2367
f 4763/4717/4081 2719/2680/2367 4761/4715/4079
f 2685/2648/2338 4850/4800/4157 4763/4717/4081
f 2685/2648/2338 4763/4717/4081 2687/4801/2337
f 2712/2673/2360 4828/4777/4135 2691/2653/2342
f 2712/2673/2360 2691/2653/2342 2710/2671/2358
f 2678/2641/2331 4810/4759/4121 2707/2668/2355
f 2678/2641/2331 2707/2668/2355 2679/2642/2332
f 4806/4755/4117 4805/4754/4116 2677/2640/2330
f 4806/4755/4117 2677/2640/2330 4851/4802/4158
f 4852/4803/4159 4851/4802/4158 2683/2645/2335
f 4852/4803/4159 2683/2645/2335 4854/4804/4160
f 2683/2645/2335 4851/4802/4158 2677/2640/2330
f 2683/2645/2335 2677/2640/2330 2671/2635/2325
f 4806/4755/4117 4851/4802/4158 4852/4803/4159
f 4806/4755/4117 4852/4803/4159 4855/4805/4161
f 4857/4806/4162 4856/4807/4161 4853/4808/4159
f 4857/4806/4162 4853/4808/4159 4859/4809/4163
f 4806/4755/4117 4855/4805/4161 2634/4810/2291
f 4806/4755/4117 2634/4810/2291 4804/4753/4115
f 2635/2601/2291 4856/4807/4161 4857/4806/4162
f 2635/2601/2291 4857/4806/4162 2630/2598/2288
f 4860/4811/4164 4859/4809/4163 4862/4812/4165
f 4860/4811/4164 4862/4812/4165 4777/4728/4092
f 4861/4813/4165 4858/4814/4166 4852/4803/4159
f 4861/4813/4165 4852/4803/4159 4854/4804/4160
f 4857/4806/4162 4859/4809/4163 4860/4811/4164
f 4857/4806/4162 4860/4811/4164 2629/2597/2287
f 4777/4728/4092 4862/4812/4165 4774/4725/4089
f 4777/4728/4092 4774/4725/4089 4772/4724/4088
f 4773/4815/4089 4861/4813/4165 4854/4804/4160
f 4773/4815/4089 4854/4804/4160 4863/4816/4167
f 4773/4815/4089 4863/4816/4167 4768/4817/4168
f 4773/4815/4089 4768/4817/4168 4766/4818/4084
f 4769/4721/4085 4864/4819/4167 2682/4820/2334
f 4769/4721/4085 2682/4820/2334 2687/4801/2337
f 2681/2644/2334 4863/4816/4167 4854/4804/4160
f 2681/2644/2334 4854/4804/4160 2683/2645/2335
f 4781/4732/4096 4860/4811/4164 4777/4728/4092
f 4781/4732/4096 4777/4728/4092 4776/4727/4091
f 2629/2597/2287 4860/4811/4164 4781/4732/4096
f 2629/2597/2287 4781/4732/4096 2627/2595/2285
f 2630/2598/2288 4857/4806/4162 2629/2597/2287
f 2630/2598/2288 2629/2597/2287 2623/2591/2281
f 4802/4751/4113 4804/4753/4115 2634/4810/2291
f 4802/4751/4113 2634/4810/2291 2632/4821/4169
f 4799/4749/4111 4802/4751/4113 2632/4821/4169
f 4799/4749/4111 2632/4821/4169 2636/4822/2292
f 4793/4742/4104 4800/4823/4170 2637/2602/2292
f 4793/4742/4104 2637/2602/2292 4794/4743/4105
f 4796/4746/4108 4797/4747/4109 2648/2613/2303
f 4796/4746/4108 2648/2613/2303 2645/2610/2300
f 2641/2606/2296 4796/4746/4108 2645/2610/2300
f 2641/2606/2296 2645/2610/2300 2638/2603/2293
f 4787/4736/4100 4794/4743/4105 2625/2593/2283
f 4787/4736/4100 2625/2593/2283 2628/2596/2286
f 2625/2593/2283 4794/4743/4105 2637/2602/2292
f 2625/2593/2283 2637/2602/2292 2626/2594/2284
f 2699/2659/2348 4791/4741/4103 4783/4740/4098
f 2699/2659/2348 4783/4740/4098 4785/4824/4099
f 2699/2659/2348 4785/4824/4099 2662/4825/4171
f 2699/2659/2348 2662/4825/4171 2697/2658/2347
f 2663/2627/2317 4786/4735/4099 4779/4730/4094
f 2663/2627/2317 4779/4730/4094 2659/2624/2314
f 4781/4732/4096 4780/4731/4095 2628/2596/2286
f 4781/4732/4096 2628/2596/2286 2627/2595/2285
f 2657/2622/2312 4771/4723/4087 2655/2620/2310
f 2657/2622/2312 2655/2620/2310 2650/2615/2305
f 4762/4716/4080 4769/4721/4085 2687/4801/2337
f 4762/4716/4080 2687/4801/2337 4763/4717/4081
f 2655/2620/2310 4765/4719/4083 2669/2633/2323
f 2655/2620/2310 2669/2633/2323 2654/2619/2309
f 4758/4712/4076 4761/4715/4079 2719/2680/2367
f 4758/4712/4076 2719/2680/2367 2714/2675/2362
f 4865/4826/4172 4757/4711/4075 2661/2626/2316
f 4865/4826/4172 2661/2626/2316 2665/2629/2319
f 2661/2626/2316 4757/4711/4075 4754/4708/4072
f 2661/2626/2316 4754/4708/4072 2701/2663/2350
f 4756/4710/4074 4757/4711/4075 4865/4826/4172
f 4756/4710/4074 4865/4826/4172 2668/2632/2322
f 2652/2617/2307 4865/4826/4172 2665/2629/2319
f 2652/2617/2307 2665/2629/2319 2653/2618/2308
f 2668/2632/2322 4865/4826/4172 2652/2617/2307
f 2668/2632/2322 2652/2617/2307 2656/2621/2311
f 4752/4706/4070 4751/4705/4069 2716/2677/2364
f 4752/4706/4070 2716/2677/2364 2721/2682/2369
f 4742/4699/4063 4749/4702/4067 2730/2691/2378
f 4742/4699/4063 2730/2691/2378 4744/4827/4173
f 4735/4688/4056 4745/4696/4062 4867/4828/4174
f 4735/4688/4056 4867/4828/4174 4736/4689/4057
f 4866/4829/4174 4744/4827/4173 2730/2691/2378
f 4866/4829/4174 2730/2691/2378 2729/2690/2377
f 4736/4689/4057 4867/4828/4174 4699/4652/4021
f 4736/4689/4057 4699/4652/4021 4701/4655/4023
f 4698/4656/4024 4866/4829/4174 2729/2690/2377
f 4698/4656/4024 2729/2690/2377 4702/4657/4025
f 4729/4684/4052 4736/4689/4057 4701/4655/4023
f 4729/4684/4052 4701/4655/4023 4704/4659/4027
f 4707/4662/4030 4725/4680/4048 4704/4659/4027
f 4707/4662/4030 4704/4659/4027 4703/4658/4026
f 4719/4674/4042 4723/4678/4046 4711/4666/4034
f 4719/4674/4042 4711/4666/4034 4713/4668/4036
f 4711/4666/4034 4723/4678/4046 4707/4662/4030
f 4711/4666/4034 4707/4662/4030 4706/4661/4029
f 2607/2575/2265 4717/4672/4040 2582/2550/2240
f 2607/2575/2265 2582/2550/2240 2595/2563/2253
f 2732/2693/2380 4695/4650/4019 4702/4657/4025
f 2732/2693/2380 4702/4657/4025 2729/2690/2377
f 4682/4636/4007 4684/4638/4009 2732/2693/2380
f 4682/4636/4007 2732/2693/2380 2733/2694/2381
f 2579/2547/2237 4652/4601/3976 2621/2589/2279
f 2579/2547/2237 2621/2589/2279 2578/2546/2236
f 3288/3186/2831 3291/3188/2833 3219/3118/2774
f 3288/3186/2831 3219/3118/2774 3244/4830/2795
f 3269/3168/2814 3286/3184/2829 3194/3096/2754
f 3269/3168/2814 3194/3096/2754 3216/3115/2771
f 3212/3112/2768 3256/3156/2804 3210/3110/2766
f 3212/3112/2768 3210/3110/2766 3209/3109/2765
f 3200/3101/2758 3207/3107/2763 3169/3075/2734
f 3200/3101/2758 3169/3075/2734 3166/3072/2731
f 3180/3084/2742 3200/3101/2758 3166/3072/2731
f 3180/3084/2742 3166/3072/2731 3165/3071/2730
f 2600/2568/2258 3195/3097/2755 2606/2574/2264
f 2600/2568/2258 2606/2574/2264 2597/2565/2255
f 3184/3088/2746 3195/3097/2755 2600/2568/2258
f 3184/3088/2746 2600/2568/2258 2617/2585/2275
f 3114/3028/2692 3180/3084/2742 3165/3071/2730
f 3114/3028/2692 3165/3071/2730 3112/3026/2690
f 3171/3077/2736 3175/3079/2738 3076/4370/3807
f 3171/3077/2736 3076/4370/3807 3073/2992/2657
f 3087/3005/2669 3098/3016/2680 3092/3010/2674
f 3087/3005/2669 3092/3010/2674 3085/3003/2667
f 3050/2968/2634 3082/3000/2664 3051/2970/2636
f 3050/2968/2634 3051/2970/2636 3048/2965/2631
f 3013/2936/2603 3066/2982/2647 2998/2923/2590
f 3013/2936/2603 2998/2923/2590 2994/2922/2587
f 2748/4171/2391 3053/2972/2638 2761/2716/2400
f 2748/4171/2391 2761/2716/2400 2752/2709/2393
f 2990/2916/2585 3042/2961/2627 3012/2935/2602
f 2990/2916/2585 3012/2935/2602 2987/2913/2582
f 3014/2937/2604 3038/4831/4175 2996/2921/2588
f 3014/2937/2604 2996/2921/2588 2999/2924/2591
f 3019/2941/2608 3039/4832/2623 2882/2836/2502
f 3019/2941/2608 2882/2836/2502 2895/2839/2514
f 2881/2825/2502 3038/4831/4175 3014/2937/2604
f 2881/2825/2502 3014/2937/2604 2883/2826/2503
f 2997/2920/2589 3035/2954/2621 3010/2933/2600
f 2997/2920/2589 3010/2933/2600 2991/2917/2586
f 2987/2913/2582 3012/2935/2602 4165/4041/3534
f 2987/2913/2582 4165/4041/3534 2988/2914/2583
f 3010/2933/2600 3011/2934/2601 3001/3973/2594
f 3010/2933/2600 3001/3973/2594 2991/2917/2586
f 2975/2903/2573 2982/2908/2577 2963/4833/2567
f 2975/2903/2573 2963/4833/2567 2966/4834/2569
f 2910/2855/2527 2974/4835/2573 2965/2899/2569
f 2910/2855/2527 2965/2899/2569 2911/2856/2528
f 2957/4836/2564 2971/4039/3531 2932/2874/2546
f 2957/4836/2564 2932/2874/2546 2917/2861/2533
f 2911/2856/2528 2965/2899/2569 2953/2892/2562
f 2911/2856/2528 2953/2892/2562 2913/2857/2529
f 2960/4837/2565 2957/4836/2564 2917/2861/2533
f 2960/4837/2565 2917/2861/2533 2916/2860/2532
f 2954/4838/2562 2959/4839/4176 2947/2885/2557
f 2954/4838/2562 2947/2885/2557 2912/2888/2529
f 2948/4840/4177 2960/4837/2565 2916/2860/2532
f 2948/4840/4177 2916/2860/2532 2930/2872/2544
f 2934/2876/2548 2946/2884/2556 2943/2880/2552
f 2934/2876/2548 2943/2880/2552 2933/2875/2547
f 2927/2870/2542 2945/2883/2555 2920/2863/2535
f 2927/2870/2542 2920/2863/2535 2919/2864/2536
f 2901/2887/2559 2949/2886/2558 2908/2853/2526
f 2901/2887/2559 2908/2853/2526 2903/2852/2525
f 2481/2465/2161 2870/2814/2492 4868/4841/4178
f 2481/2465/2161 4868/4841/4178 2482/2466/2162
f 4868/4841/4178 2870/2814/2492 2850/2796/2474
f 4868/4841/4178 2850/2796/2474 2848/2794/2472
f 2482/2466/2162 4868/4841/4178 4869/4842/4179
f 2482/2466/2162 4869/4842/4179 4870/4843/4180
f 4869/4842/4179 4868/4841/4178 2848/2794/2472
f 4869/4842/4179 2848/2794/2472 2849/2795/2473
f 4870/4843/4180 4869/4842/4179 4871/4844/4181
f 4870/4843/4180 4871/4844/4181 4872/4845/4182
f 4871/4844/4181 4869/4842/4179 2849/2795/2473
f 4871/4844/4181 2849/2795/2473 4873/4846/4183
f 4871/4844/4181 4873/4846/4183 4874/4847/4184
f 4871/4844/4181 4874/4847/4184 4875/4848/4185
f 4874/4847/4184 4873/4846/4183 4876/4849/4186
f 4874/4847/4184 4876/4849/4186 4877/4850/4187
f 4876/4849/4186 4873/4846/4183 2849/2795/2473
f 4876/4849/4186 2849/2795/2473 2845/2792/2470
f 4877/4850/4187 4876/4849/4186 2833/4851/2460
f 4877/4850/4187 2833/4851/2460 2829/4852/2457
f 2833/4851/2460 4876/4849/4186 2845/2792/2470
f 2833/4851/2460 2845/2792/2470 2847/2793/2471
f 4874/4847/4184 4877/4850/4187 4878/4853/4188
f 4874/4847/4184 4878/4853/4188 4879/4854/4189
f 4878/4853/4188 4877/4850/4187 2829/4852/2457
f 4878/4853/4188 2829/4852/2457 2836/4855/2462
f 4879/4854/4189 4878/4853/4188 4880/4856/4190
f 4879/4854/4189 4880/4856/4190 4881/4857/4191
f 4880/4856/4190 4878/4853/4188 2836/4855/2462
f 4880/4856/4190 2836/4855/2462 2826/2777/2455
f 4881/4857/4191 4880/4856/4190 4882/4858/4192
f 4881/4857/4191 4882/4858/4192 4883/4859/4193
f 4882/4858/4192 4880/4856/4190 2826/2777/2455
f 4882/4858/4192 2826/2777/2455 2824/2776/2454
f 4883/4859/4193 4882/4858/4192 2814/2767/2445
f 4883/4859/4193 2814/2767/2445 4884/4860/4194
f 2814/2767/2445 4882/4858/4192 2824/2776/2454
f 2814/2767/2445 2824/2776/2454 2812/2765/2443
f 4883/4859/4193 4884/4860/4194 2790/2744/2426
f 4883/4859/4193 2790/2744/2426 4885/4861/4195
f 2790/2744/2426 4884/4860/4194 4886/4862/4196
f 2790/2744/2426 4886/4862/4196 2791/2745/2427
f 4886/4862/4196 4884/4860/4194 2814/2767/2445
f 4886/4862/4196 2814/2767/2445 2813/2766/2444
f 2791/2745/2427 4886/4862/4196 2793/2747/2429
f 2791/2745/2427 2793/2747/2429 2772/2726/2410
f 2793/2747/2429 4886/4862/4196 2813/2766/2444
f 2793/2747/2429 2813/2766/2444 2792/2746/2428
f 2816/2769/2447 4885/4861/4195 4887/4863/4197
f 2816/2769/2447 4887/4863/4197 2817/2770/2448
f 4887/4863/4197 4885/4861/4195 2790/2744/2426
f 4887/4863/4197 2790/2744/2426 2787/2741/2423
f 4883/4859/4193 4885/4861/4195 2816/2769/2447
f 4883/4859/4193 2816/2769/2447 4881/4857/4191
f 2817/2770/2448 4887/4863/4197 4888/4864/4198
f 2817/2770/2448 4888/4864/4198 2820/2773/2451
f 4888/4864/4198 4887/4863/4197 2787/2741/2423
f 4888/4864/4198 2787/2741/2423 2788/2742/2424
f 2820/2773/2451 4888/4864/4198 2440/2403/2111
f 2820/2773/2451 2440/2403/2111 2439/2402/2110
f 2440/2403/2111 4888/4864/4198 2788/2742/2424
f 2440/2403/2111 2788/2742/2424 2441/2404/2112
f 2442/2405/2113 2441/2404/2112 2788/2742/2424
f 2442/2405/2113 2788/2742/2424 2783/2737/2419
f 2443/2406/2114 2442/2405/2113 2783/2737/2419
f 2443/2406/2114 2783/2737/2419 2786/2740/2422
f 2445/2408/2116 2444/2407/2115 4870/4843/4180
f 2445/2408/2116 4870/4843/4180 4872/4845/4182
f 4870/4843/4180 2444/2407/2115 21/12/12
f 4870/4843/4180 21/12/12 2482/2466/2162
f 2447/2410/2118 2445/2408/2116 4872/4845/4182
f 2447/2410/2118 4872/4845/4182 4889/4865/4199
f 2447/2410/2118 4889/4865/4199 2818/2771/2449
f 2447/2410/2118 2818/2771/2449 380/340/322
f 2818/2771/2449 4889/4865/4199 4875/4848/4185
f 2818/2771/2449 4875/4848/4185 2819/2772/2450
f 4875/4848/4185 4889/4865/4199 4872/4845/4182
f 4875/4848/4185 4872/4845/4182 4871/4844/4181
f 4879/4854/4189 4881/4857/4191 2816/2769/2447
f 4879/4854/4189 2816/2769/2447 2819/2772/2450
f 4874/4847/4184 4879/4854/4189 2819/2772/2450
f 4874/4847/4184 2819/2772/2450 4875/4848/4185
f 2857/2804/2482 2864/2809/2487 2842/2789/2467
f 2857/2804/2482 2842/2789/2467 2841/2788/2466
f 2834/2783/2461 421/373/354 2448/2412/2120
f 2834/2783/2461 2448/2412/2120 2830/2780/2458
f 2830/2780/2458 2448/2412/2120 2449/2413/2121
f 2830/2780/2458 2449/2413/2121 2831/2781/2459
f 2831/2781/2459 2449/2413/2121 371/330/312
f 2831/2781/2459 371/330/312 2815/2768/2446
f 2835/2784/2462 2837/2785/2463 2821/4866/4200
f 2835/2784/2462 2821/4866/4200 2825/4867/4201
f 2821/4866/4200 2837/2785/2463 4890/4868/4202
f 2821/4866/4200 4890/4868/4202 2767/4869/2405
f 4890/4868/4202 2837/2785/2463 2827/2778/2456
f 4890/4868/4202 2827/2778/2456 4891/4870/4203
f 4890/4868/4202 4891/4870/4203 2804/2754/2436
f 4890/4868/4202 2804/2754/2436 2807/2756/2438
f 2804/2754/2436 4891/4870/4203 2815/2768/2446
f 2804/2754/2436 2815/2768/2446 2805/2755/2437
f 2815/2768/2446 4891/4870/4203 2827/2778/2456
f 2815/2768/2446 2827/2778/2456 2831/2781/2459
f 2767/4869/2405 4890/4868/4202 2807/2756/2438
f 2767/4869/2405 2807/2756/2438 2763/4871/2402
f 2812/2765/2443 2824/2776/2454 2823/2775/2453
f 2812/2765/2443 2823/2775/2453 2766/2720/2404
f 2823/2775/2453 2822/2774/2452 2768/2721/2405
f 2823/2775/2453 2768/2721/2405 2766/2720/2404
f 2792/2746/2428 2813/2766/2444 2809/2759/2439
f 2792/2746/2428 2809/2759/2439 2795/2749/2431
f 2802/4872/4204 2800/2757/2434 2778/2735/2415
f 2802/4872/4204 2778/2735/2415 2776/4873/4205
f 2811/2761/2441 2803/2763/2442 2777/2730/2414
f 2811/2761/2441 2777/2730/2414 2781/2733/2417
f 2772/2726/2410 2793/2747/2429 2780/2732/2416
f 2772/2726/2410 2780/2732/2416 2773/2727/2411
f 2789/2743/2425 2791/2745/2427 2772/2726/2410
f 2789/2743/2425 2772/2726/2410 2775/2729/2413
f 2785/2739/2421 2789/2743/2425 2775/2729/2413
f 2785/2739/2421 2775/2729/2413 4892/4874/4206
f 2785/2739/2421 4892/4874/4206 2453/2420/2126
f 2785/2739/2421 2453/2420/2126 2786/2740/2422
f 4893/4875/4207 4892/4874/4206 2775/2729/2413
f 4893/4875/4207 2775/2729/2413 2774/2728/2412
f 4893/4875/4207 2774/2728/2412 2770/2722/2406
f 4893/4875/4207 2770/2722/2406 2456/2422/2128
f 2759/2714/2398 2757/2713/2397 2491/2985/2650
f 2759/2714/2398 2491/2985/2650 2487/4876/2166
f 2755/2711/2395 2759/2714/2398 2743/4877/2386
f 2755/2711/2395 2743/4877/2386 2740/2708/2385
f 2742/2699/2386 2758/4878/4208 2486/2470/2166
f 2742/2699/2386 2486/2470/2166 2485/2469/2165
f 4833/4782/4139 4721/4676/4044 2609/2577/2267
f 4833/4782/4139 2609/2577/2267 2614/2582/2272
f 2679/2642/2332 2710/2671/2358 2691/2653/2342
f 2679/2642/2332 2691/2653/2342 2673/2637/2327
f 2661/2626/2316 2701/2663/2350 2698/2662/2347
f 2661/2626/2316 2698/2662/2347 2663/2627/2317
f 2593/2561/2251 2619/2587/2277 2599/2567/2257
f 2593/2561/2251 2599/2567/2257 2591/2559/2249
f 2575/2543/2233 2592/2560/2250 2590/2558/2248
f 2575/2543/2233 2590/2558/2248 2585/2553/2243
f 4894/4879/4209 2558/2526/2218 2537/2512/2204
f 4894/4879/4209 2537/2512/2204 2536/2511/2203
f 2548/2520/2212 2559/4880/4210 4895/4881/4211
f 2548/2520/2212 4895/4881/4211 2541/2516/2208
f 4896/4882/4212 4894/4879/4209 2536/2511/2203
f 4896/4882/4212 2536/2511/2203 2540/2514/2206
f 2541/2516/2208 4895/4881/4211 4897/4883/4213
f 2541/2516/2208 4897/4883/4213 2542/2517/2209
f 4898/4884/4214 4896/4882/4212 2540/2514/2206
f 4898/4884/4214 2540/2514/2206 4900/4885/4215
f 2542/2517/2209 4897/4883/4213 4899/4886/4214
f 2542/2517/2209 4899/4886/4214 4901/4887/4216
f 4902/4888/4217 4901/4887/4216 4899/4886/4214
f 4902/4888/4217 4899/4886/4214 4904/4889/4218
f 2542/2517/2209 4901/4887/4216 4906/4890/4219
f 2542/2517/2209 4906/4890/4219 2539/2515/2207
f 4906/4890/4219 4901/4887/4216 4902/4888/4217
f 4906/4890/4219 4902/4888/4217 4908/4891/4220
f 2529/2506/2198 4908/4891/4220 4902/4888/4217
f 2529/2506/2198 4902/4888/4217 2533/2503/2196
f 4905/4892/4221 4907/4893/4222 4909/4894/4223
f 4905/4892/4221 4909/4894/4223 4900/4885/4215
f 4909/4894/4223 4907/4893/4222 2528/2500/2194
f 4909/4894/4223 2528/2500/2194 2521/2495/2189
f 4900/4885/4215 4909/4894/4223 4903/4895/4224
f 4900/4885/4215 4903/4895/4224 4898/4884/4214
f 4903/4895/4224 4909/4894/4223 2521/2495/2189
f 4903/4895/4224 2521/2495/2189 2524/2498/2192
f 2538/2513/2205 4905/4892/4221 4900/4885/4215
f 2538/2513/2205 4900/4885/4215 2540/2514/2206
f 4902/4888/4217 4904/4889/4218 2525/4896/2192
f 4902/4888/4217 2525/4896/2192 2533/2503/2196
f 2520/2494/2188 2543/2518/2210 2515/2491/2185
f 2520/2494/2188 2515/2491/2185 2516/2492/2186
f 2504/2483/2177 2503/2482/2176 2506/2485/2179
f 2504/2483/2177 2506/2485/2179 3127/3039/2702
f 2523/2497/2191 2522/2496/2190 2526/2499/2193
f 2523/2497/2191 2526/2499/2193 2530/2501/2195
f 2734/2695/2382 2739/2704/2390 2567/2534/2225
f 2734/2695/2382 2567/2534/2225 2569/2537/2227
f 2811/2761/2441 2781/2733/2417 2794/2748/2430
f 2811/2761/2441 2794/2748/2430 2810/2760/2440
f 3012/2935/2602 3000/2925/2592 4114/3966/3483
f 3012/2935/2602 4114/3966/3483 4165/4041/3534
f 3394/3271/2909 3393/3270/2908 3400/3275/2913
f 3394/3271/2909 3400/3275/2913 3397/3273/2911
f 3502/3354/2981 3491/3353/2980 3495/4897/4225
f 3502/3354/2981 3495/4897/4225 3511/3368/2992
f 3583/3425/3039 3579/4898/4226 3573/4899/3030
f 3583/3425/3039 3573/4899/3030 3575/3426/3040
f 2517/4203/2187 2508/4900/4227 2513/2507/2199
f 2517/4203/2187 2513/2507/2199 4333/4207/3678
f 4634/4901/3954 4639/4580/3962 4638/4576/3960
f 4634/4901/3954 4638/4576/3960 4632/4575/3959
f 2741/2698/2385 2738/2697/2384 2753/4902/4228
f 2738/2697/2384 2749/4903/2391 2753/4902/4228
f 3320/3210/2854 3319/3209/2853 3324/3214/2858
f 3320/3210/2854 3324/3214/2858 4570/4479/3890
f 3400/3275/2913 3393/3270/2908 4642/4904/3963
f 3393/3270/2908 3392/3269/2907 4642/4904/3963
f 4893/4875/4207 2472/2452/2150 2453/2420/2126
f 4893/4875/4207 2453/2420/2126 4892/4874/4206
f 2769/4905/2406 2479/2724/2408 325/281/267
f 2769/4905/2406 325/281/267 2455/2453/2151
f 3332/3222/2866 3338/3226/2870 3330/3220/2864
f 3332/3222/2866 3330/3220/2864 3327/3217/2861
f 4833/4782/4139 4728/4683/4051 4724/4679/4047
f 4833/4782/4139 4724/4679/4047 4721/4676/4044
f 4822/4772/4131 4728/4683/4051 4833/4782/4139
f 4822/4772/4131 4833/4782/4139 4825/4775/4133
f 2919/2864/2536 2921/2865/2537 2931/2873/2545
f 2921/2865/2537 2925/2868/2540 2931/2873/2545
f 2930/2872/2544 2924/2867/2539 2923/2866/2538
f 2930/2872/2544 2923/2866/2538 2951/4906/2560
f 3435/3301/2938 3434/3300/2937 3444/3305/2942
f 3435/3301/2938 3444/3305/2942 3454/4907/2947
f 3517/3367/2991 3514/3366/2988 3526/3378/3000
f 3517/3367/2991 3526/3378/3000 3521/3372/2996
f 29/20/20 27/18/18 26/17/17
f 1083/967/875 1096/971/884 1091/980/892
f 1087/2456/2153 1103/978/890 1098/977/886
f 1142/1017/922 1147/1022/926 1146/1025/929
f 2456/2422/2128 2454/2421/2127 2472/2452/2150
f 377/337/319 2439/2402/2110 378/338/320
f 42/30/30 47/33/33 2216/2152/1900
f 2453/2420/2126 340/298/282 2443/2406/2114
f 5/3/3 11/4908/4229 9/4/4
f 35/26/26 34/24/24 38/27/27
f 2484/2468/2164 27/18/18 29/20/20
f 3516/3364/2990 3520/3371/2995 3510/3365/2986
f 3524/3375/2999 3525/3376/3000 3513/3362/2988
f 3577/3419/3034 3580/3421/3036 3576/3418/3033
f 2472/2452/2150 4893/4875/4207 2456/2422/2128
f 2820/2773/2451 2439/2402/2110 377/337/319
f 2217/4627/1900 2500/2479/2173 43/2478/30
f 2443/2406/2114 2786/2740/2422 2453/2420/2126
f 2475/2457/2154 13/4909/4229 6/2458/2155
f 38/27/27 2490/2474/2170 35/26/26
f 303/2371/2087 311/269/257 310/268/256
f 303/2371/2087 301/266/250 311/269/257
f 4910/4910/4230 4912/4911/4230 4911/4912/4230
f 4913/4913/4231 4914/4914/4232 4915/4915/4233
f 2942/2881/2553 2933/2875/2547 2943/2880/2552
f 2933/2875/2547 2942/2881/2553 2928/2871/2543
f 4916/4916/4234 4917/4917/4235 4918/4918/4236
f 502/448/423 507/453/428 506/452/427
f 507/453/428 502/448/423 494/440/416
f 4919/4919/4237 4920/4920/4237 4921/4921/4237
f 2760/2715/2399 2752/2709/2393 2761/2716/2400
f 2760/2715/2399 2754/2710/2394 2752/2709/2393
